시군명,농장명,축종명,상세구분,사육두수(마리),소재지지번주소,WGS84위도,WGS84경도,조사날짜,감염날짜
김포시,가현농장,닭,산란계,9700.0,경기도 김포시 통진읍 가현리 607번지,,,2020-11-30,2020-12-13
김포시,가현농장,닭,산란계,8000.0,경기도 김포시 통진읍 가현리 산 50번지,37.6782104088,126.5840366219,2020-11-30,2020-12-13
김포시,갈산농장,닭,육계,260.0,경기도 김포시 월곶면 갈산리 440번지 1호,37.7059418899,126.5613487353,2021-04-30,2021-01-09
김포시,대곶농장,닭,육계,300.0,경기도 김포시 대곶면 율생리 570번지,37.6509045,126.5766937,2020-06-30,2020-12-13
김포시,대곶농장,닭,육계,300.0,경기도 김포시 대곶면 율생리 570번지,37.6508217219,126.5766436748,2020-07-31,2020-12-13
김포시,대명농장,닭,육계,20000.0,경기도 김포시 대곶면 대명리 57번지,37.6534223,126.559194,2020-06-30,2020-12-13
김포시,대명농장,닭,육계,20000.0,경기도 김포시 대곶면 대명리 57번지,37.6534145431,126.5591989649,2020-07-31,2020-12-13
김포시,도수농장,닭,산란계,20000.0,경기도 김포시 통진읍 마송리 399번지 3호,37.684421941,126.5893489103,2020-11-30,2020-12-13
김포시,말무리농장,닭,산란계,5000.0,경기도 김포시 통진읍 귀전리 84번지,37.7326313145,126.6068254671,2021-04-30,2021-01-09
김포시,밤농장,닭,육계,150.0,경기도 김포시 양촌읍 구래리 산 118번지,,,2021-04-30,2020-12-13
김포시,봉림농장,닭,산란계,40000.0,경기도 김포시 통진읍 가현리 810번지,37.6674447459,126.5828213367,2021-04-30,2021-01-09
김포시,수현농장,닭,육계,25000.0,경기도 김포시 월곶면 포내리 251번지 6호,37.724247969,126.5291529365,2021-04-30,2021-01-09
김포시,연주농장,닭,육계,2500.0,경기도 김포시 양촌읍 학운리 815번지 1호,37.6232433961,126.6014502273,2020-11-30,2020-12-13
김포시,영철농장,닭,육계,25000.0,경기도 김포시 양촌읍 구래리 652번지 1호,,,2021-04-30,2020-12-13
김포시,옥화농장,닭,산란계,20.0,경기도 김포시 하성면 마조리 209번지 17호,37.7510897284,126.6357194931,2020-07-31,2020-12-13
김포시,우정농장,닭,산란계,18000.0,경기도 김포시 대곶면 석정리 산 44번지,37.6701211714,126.5597582902,2020-11-30,2020-12-13
김포시,유성농장,닭,산란계,32000.0,경기도 김포시 대곶면 석정리 46번지 2호,37.6757943978,126.574043648,2020-11-30,2020-12-13
김포시,은상농장,닭,산란계,70000.0,경기도 김포시 대곶면 거물대리 77번지,37.6705973825,126.6036689221,2020-07-31,2020-12-13
김포시,인천농장,닭,육계,7000.0,경기도 김포시 월곶면 조강리 79번지,37.7492197,126.5863882,2020-06-30,2020-12-13
김포시,장락농장,닭,산란계,50000.0,경기도 김포시 대곶면 쇄암리 445-4번지,37.6708688,126.5499024,2020-06-30,2020-12-13
김포시,종훈농장,닭,산란계,10000.0,경기도 김포시 통진읍 옹정리 산 58번지,,,2021-04-30,2020-12-13
김포시,주일농장,닭,산란계,12000.0,경기도 김포시 양촌읍 학운리 산 20번지,,,2020-07-31,2020-12-13
김포시,천풍농장,닭,산란계,12000.0,경기도 김포시 대곶면 대벽리 1039번지,37.6176925548,126.5679208467,2021-04-30,2021-01-09
김포시,청솔산업,닭,육계,100.0,경기도 김포시 통진읍 귀전리 1008번지,37.7070605,126.6104822,2020-06-30,2020-12-13
김포시,초롱농장,닭,산란계,3000.0,경기도 김포시 대곶면 송마리 178번지,37.6632084,126.5711662,2020-06-30,2020-12-13
김포시,초롱농장,닭,산란계,3000.0,경기도 김포시 대곶면 송마리 178번지,,,2020-11-30,2020-12-13
김포시,태경농장,닭,산란계,40000.0,경기도 김포시 월곶면 군하리 323번지 30호,37.7058863162,126.5521491939,2020-07-31,2020-12-13
김포시,풍진농장,닭,산란계,15000.0,경기도 김포시 대곶면 약암리 808번지,37.6217415118,126.5603174525,2021-04-30,2021-01-09
김포시,하나농장,닭,육계,38000.0,경기도 김포시 대곶면 대명리 208번지,37.653290478,126.5477331705,2020-07-31,2020-12-13
김포시,하늘농장,닭,산란계,2500.0,경기도 김포시 하성면 양택리 104번지,37.7355028154,126.617107103,2020-07-31,2020-12-13
김포시,하성농장,닭,산란계,15000.0,경기도 김포시 하성면 봉성리 65번지 3호,37.6921844112,126.6375947615,2021-04-30,2021-01-09
김포시,학운농장,닭,육계,25000.0,경기도 김포시 양촌읍 학운리 399번지,37.6259933084,126.6030093086,2020-07-31,2020-12-13
김포시,호은농장,닭,육계,35000.0,경기도 김포시 하성면 마조리 325번지,37.7498061,126.6284293,2020-06-30,2020-12-13
김포시,효운농장,닭,육계,35000.0,경기도 김포시 양촌읍 유현리 444번지 1호,37.6347788,126.6155215,2020-06-30,2020-12-13
김포시,가현농장,닭,산란계,9700.0,경기도 김포시 통진읍 가현리 607번지,,,2020-11-30,2020-12-30
김포시,거목농장,닭,육계,60000.0,경기도 김포시 통진읍 귀전리 712번지 2호,37.7082536404,126.619154891,2021-06-30,2021-01-09
김포시,금산농장,닭,산란계,45000.0,경기도 김포시 양촌읍 누산리 1036번지 111호,37.6748584657,126.6596922374,2021-06-30,2021-01-09
김포시,깻잎농원,닭,육계,100.0,경기도 김포시 고촌읍 풍곡리 75번지 34호,37.6176310179,126.7674827936,2021-06-30,2020-12-30
김포시,드림농장,닭,산란계,1000.0,경기도 김포시 월곶면 갈산리 200번지,37.7133934557,126.566745942,2021-06-30,2021-01-09
김포시,무량농장,닭,육계,20000.0,경기도 김포시 양촌읍 구래리 295번지 23호,,,2021-06-30,2020-12-30
김포시,민호농장,닭,산란계,10000.0,경기도 김포시 통진읍 가현리 665번지,37.6751302882,126.5848018911,2021-06-30,2021-01-09
김포시,밤농장,닭,육계,150.0,경기도 김포시 양촌읍 구래리 산 118번지,,,2021-04-30,2020-12-30
김포시,백산농원,닭,육계,10000.0,경기도 김포시 양촌읍 구래리 산 37번지,,,2021-06-30,2020-12-30
김포시,약산농장,닭,산란계,12000.0,경기도 김포시 대곶면 약암리 산 47번지 1호,37.6344641782,126.5699667364,2021-06-30,2021-01-09
김포시,영철농장,닭,육계,25000.0,경기도 김포시 양촌읍 구래리 652번지 1호,,,2021-04-30,2020-12-30
김포시,젖가락이 행복한 농장,닭,산란계,100.0,경기도 김포시 대곶면 대벽리 174번지 1호,37.6354276917,126.579044281,2021-06-30,2021-01-09
김포시,종훈농장,닭,산란계,10000.0,경기도 김포시 통진읍 옹정리 산 58번지,,,2021-04-30,2020-12-30
김포시,주일농장,닭,산란계,12000.0,경기도 김포시 양촌읍 학운리 산 20번지,,,2020-07-31,2020-12-30
김포시,초롱농장,닭,산란계,3000.0,경기도 김포시 대곶면 송마리 178번지,,,2020-11-30,2020-12-30
김포시,코코스가든,닭,산란계,1200.0,경기도 김포시 고촌읍 태리 190번지,37.6058394423,126.7456763438,2021-06-30,2020-12-30
김포시,태원농장,닭,육계,35000.0,경기도 김포시 양촌읍 석모리 131번지 2호,37.6586021398,126.6538667914,2021-06-30,2021-01-09
김포시,가현농장,닭,산란계,9700.0,경기도 김포시 통진읍 가현리 607번지,,,2020-11-30,2021-01-01
김포시,깻잎농원,닭,육계,100.0,경기도 김포시 고촌읍 풍곡리 75번지 34호,37.6176310179,126.7674827936,2021-06-30,2021-01-01
김포시,무량농장,닭,육계,20000.0,경기도 김포시 양촌읍 구래리 295번지 23호,,,2021-06-30,2021-01-01
김포시,밤농장,닭,육계,150.0,경기도 김포시 양촌읍 구래리 산 118번지,,,2021-04-30,2021-01-01
김포시,백산농원,닭,육계,10000.0,경기도 김포시 양촌읍 구래리 산 37번지,,,2021-06-30,2021-01-01
김포시,영철농장,닭,육계,25000.0,경기도 김포시 양촌읍 구래리 652번지 1호,,,2021-04-30,2021-01-01
김포시,종훈농장,닭,산란계,10000.0,경기도 김포시 통진읍 옹정리 산 58번지,,,2021-04-30,2021-01-01
김포시,주일농장,닭,산란계,12000.0,경기도 김포시 양촌읍 학운리 산 20번지,,,2020-07-31,2021-01-01
김포시,초롱농장,닭,산란계,3000.0,경기도 김포시 대곶면 송마리 178번지,,,2020-11-30,2021-01-01
김포시,코코스가든,닭,산란계,1200.0,경기도 김포시 고촌읍 태리 190번지,37.6058394423,126.7456763438,2021-06-30,2021-01-01
김포시,가현농장,닭,산란계,9700.0,경기도 김포시 통진읍 가현리 607번지,,,2020-11-30,2021-01-09
김포시,깻잎농원,닭,육계,100.0,경기도 김포시 고촌읍 풍곡리 75번지 34호,37.6176310179,126.7674827936,2021-06-30,2021-01-09
김포시,무량농장,닭,육계,20000.0,경기도 김포시 양촌읍 구래리 295번지 23호,,,2021-06-30,2021-01-09
김포시,밤농장,닭,육계,150.0,경기도 김포시 양촌읍 구래리 산 118번지,,,2021-04-30,2021-01-09
김포시,백산농원,닭,육계,10000.0,경기도 김포시 양촌읍 구래리 산 37번지,,,2021-06-30,2021-01-09
김포시,영철농장,닭,육계,25000.0,경기도 김포시 양촌읍 구래리 652번지 1호,,,2021-04-30,2021-01-09
김포시,종훈농장,닭,산란계,10000.0,경기도 김포시 통진읍 옹정리 산 58번지,,,2021-04-30,2021-01-09
김포시,주일농장,닭,산란계,12000.0,경기도 김포시 양촌읍 학운리 산 20번지,,,2020-07-31,2021-01-09
김포시,초롱농장,닭,산란계,3000.0,경기도 김포시 대곶면 송마리 178번지,,,2020-11-30,2021-01-09
김포시,코코스가든,닭,산란계,1200.0,경기도 김포시 고촌읍 태리 190번지,37.6058394423,126.7456763438,2021-06-30,2021-01-09
김포시,농업회사법인 (주)제일영농,닭,육계,1000.0,경기도 김포시 하성면 석탄리 734번지 7호,37.7204533762,126.6521694527,2025-05-31,2025-09-13
김포시,담안에 농원,닭,육계,300.0,경기도 김포시 하성면 시암리 140번지 2호,37.766751828,126.6453469576,2025-04-30,2024-12-20
김포시,미화농장,닭,산란계,12000.0,경기도 김포시 통진읍 가현리 625번지 8호,37.6779556025,126.5858630985,2025-05-31,2024-12-20
김포시,방씨농장,닭,육계,200.0,경기도 김포시 대곶면 대벽리 803번지,37.6055575133,126.5618186536,2025-05-31,2021-01-09
김포시,병기농장,닭,육계,30000.0,경기도 김포시 대곶면 석정리 238번지,37.6788760714,126.5568816275,2025-04-30,2024-12-20
김포시,봉성농장,닭,산란계,30000.0,경기도 김포시 통진읍 동을산리 496번지,37.6932678933,126.6195590551,2025-05-31,2024-12-20
김포시,석정농장,닭,육계,45000.0,경기도 김포시 대곶면 석정리 237번지,37.679432377,126.5565683967,2025-04-30,2024-12-20
김포시,써니농장,닭,산란계,22000.0,경기도 김포시 통진읍 가현리 162번지 3호,37.6724170856,126.5882596686,2025-04-30,2024-12-20
김포시,안골농원,닭,산란계,6000.0,경기도 김포시 월곶면 조강리 107번지 109호,37.7473935506,126.586256668,2025-04-30,2024-12-20
김포시,용농장,닭,육계,0.0,경기도 김포시 고촌읍 향산리 906번지 1호,37.6214110326,126.7348248313,2025-04-30,2023-01-08
김포시,우리집토종닭,닭,육계,300.0,경기도 김포시 하성면 석탄리 491번지 32호,37.7252300328,126.6320813425,2025-05-31,2025-09-13
김포시,일진농장,닭,산란계,2000.0,경기도 김포시 통진읍 가현리 324번지,37.678868833,126.5962436164,2025-04-30,2024-12-20
김포시,장락농장,닭,산란계,24000.0,경기도 김포시 대곶면 쇄암리 447번지,37.6706239727,126.5498148989,2025-04-30,2024-12-20
김포시,청솔산업,닭,육계,100.0,경기도 김포시 통진읍 귀전리 1008번지,37.7070618688,126.6104790761,2025-05-31,2024-12-20
김포시,한우리농장,닭,산란계,140000.0,경기도 김포시 통진읍 가현리 798번지 1호,37.6757060463,126.6010673597,2025-05-31,2024-12-20
김포시,향산리농장,닭,산란계,520.0,경기도 김포시 고촌읍 향산리 810번지,37.6257487313,126.7357067746,2025-04-30,2023-01-08
김포시,호은농장,닭,육계,35000.0,경기도 김포시 하성면 마조리 325번지,37.7498006773,126.6284358809,2025-05-31,2025-09-13
남양주시,고센영농조합법인,닭,육계,20000.0,"경기도 남양주시 와부읍 월문리 83번지 3호 ,83-13",37.6158690873,127.2791873369,2020-07-31,2021-01-12
남양주시,그린농장,닭,산란계,116000.0,경기도 남양주시 진건읍 진관리 689번지,37.6514699841,127.1593390579,2020-07-31,2021-01-12
남양주시,내곡농장,닭,육계,20000.0,"경기도 남양주시 진접읍 내곡리 468번지 7호 (,468-11)",37.6756241259,127.1574841572,2021-06-30,2015-04-20
남양주시,다산농장,닭,산란계,500.0,경기도 남양주시 진건읍 배양리 915번지 1호,37.6328924174,127.1520382823,2020-07-31,2021-01-12
남양주시,밤골농원,닭,육계,30000.0,경기도 남양주시 수동면 내방리 64번지 1호,37.7384915723,127.2935966976,2021-04-30,2021-01-12
남양주시,세원농장,닭,산란계,500.0,경기도 남양주시 이패동 562번지 8호,37.6075355572,127.1864497601,2020-11-30,2021-01-12
남양주시,시골닭집,닭,육계,70.0,경기도 남양주시 별내면 용암리 산 2번지 10호,37.7386860156,127.1265878742,2020-07-31,2015-04-20
남양주시,유인농장,닭,산란계,19000.0,경기도 남양주시 화도읍 차산리 850번지,37.6245033151,127.2893008529,2020-11-30,2021-01-12
남양주시,유정농장,닭,육계,50.0,"경기도 남양주시 별내면 광전리 573번지 5호 ,7",37.6767977162,127.136063619,2021-04-30,2015-04-20
남양주시,육덕농장,닭,육계,1000.0,경기도 남양주시 화도읍 묵현리 산 157번지 4호,37.6709126306,127.307104485,2021-04-30,2021-01-12
남양주시,태양농원,닭,산란계,12000.0,경기도 남양주시 화도읍 차산리 183번지 13호,37.6312788455,127.3036915474,2021-04-30,2021-01-12
남양주시,평화농장,닭,육계,,경기도 남양주시 진건읍 배양리 555번지,37.6311924557,127.1700587482,2021-04-30,2021-01-12
남양주시,현대농장,닭,산란계,9162.0,경기도 남양주시 화도읍 답내리 475번지 5호,37.6596094058,127.3406265394,2021-06-30,2021-01-12
남양주시,화도농장,닭,육계,45.0,경기도 남양주시 화도읍 차산리 730번지,37.6325864345,127.2924133108,2021-04-30,2021-01-12
안성시,NES농장,닭,산란계,100000.0,경기도 안성시 일죽면 능국리 7번지 1호,37.1112428218,127.5016995946,2021-06-30,2021-02-23
안성시,NES농장2,닭,산란계,110000.0,경기도 안성시 일죽면 능국리 4번지 외 1필지(4-2),37.1110957,127.5001055,2021-04-30,2021-02-23
안성시,가족농장,오리,,3000.0,경기도 안성시 미양면 고지리 574번지 2호,36.9584163,127.2047427,2021-04-30,2021-01-29
안성시,경기농장,닭,산란계,30000.0,경기도 안성시 원곡면 반제리 430번지 외1필지,37.0158883157,127.1597708929,2021-06-30,2021-01-29
안성시,경남축산,닭,육계,54000.0,경기도 안성시 원곡면 외가천리 142번지 25호,37.0413265,127.1394754,2020-11-30,2021-01-04
안성시,경훈농장,닭,산란계,10000.0,경기도 안성시 미양면 고지리 520번지,36.9624672354,127.2100760502,2021-06-30,2021-01-29
안성시,계림농원,닭,육계,50000.0,경기도 안성시 서운면 현매리 628번지 1호,36.9304724856,127.2128135576,2021-06-30,2021-01-29
안성시,나루농장,닭,육계,55000.0,경기도 안성시 보개면 적가리 199번지,37.0527134,127.2842037,2020-07-31,2021-01-13
안성시,남풍농원,닭,육계,500.0,경기도 안성시 보개면 남풍리 944번지 1호,37.0789337075,127.3081433447,2021-06-30,2021-01-28
안성시,노동 농장,오리,,6000.0,경기도 안성시 일죽면 능국리 678번지 3호,37.1134623,127.4878237,2020-11-30,2021-01-06
안성시,농업회사법인 선유팜 주식회사,닭,산란계,30000.0,경기도 안성시 일죽면 신흥리 899번지 2호,37.1237916,127.4620764,2020-11-30,2021-01-06
안성시,대현농장,오리,,10000.0,경기도 안성시 서운면 신촌리 260번지 1호,36.9383407,127.2562697,2020-11-30,2021-01-14
안성시,대현농장,오리,,10000.0,경기도 안성시 서운면 신촌리 260번지 1호,36.9383407064,127.2562697723,2021-06-30,2021-01-28
안성시,대화 오리농장DHD,오리,,5500.0,경기도 안성시 일죽면 화곡리 637번지 1호 외1필지,37.106059157,127.4525617725,2021-06-30,2021-02-02
안성시,도란도란,닭,산란계,80000.0,경기도 안성시 보개면 남풍리 732번지,37.0640146,127.3123435,2020-11-30,2021-01-13
안성시,동신농장,닭,육계,71400.0,경기도 안성시 보개면 동신리 655번지 외 3필지,36.9999189782,127.2950239002,2021-06-30,2021-01-29
안성시,동신농장,닭,산란계,40000.0,경기도 안성시 보개면 동신리 655번지,36.9996672,127.2956244,2020-11-30,2021-01-13
안성시,두교농장,닭,육계,40000.0,경기도 안성시 죽산면 두교리 103번지,37.0153631,127.446827,2021-04-30,2021-01-27
안성시,둥지농장,오리,,17000.0,"경기도 안성시 보개면 내방리 228번지 4호 외 4필지(228-5,-6,229,52)",37.0203578,127.3125372,2020-11-30,2021-01-13
안성시,드림팜,닭,육계,90000.0,"경기도 안성시 미양면 법전리 55번지 외 2필지(52번지, 52-1번지)",36.9466133,127.2144673,2021-04-30,2021-01-29
안성시,만우농장,닭,육계,30000.0,경기도 안성시 보개면 적가리 194번지,37.0527134,127.2842037,2020-07-31,2021-01-13
안성시,명근농장,닭,산란계,35000.0,경기도 안성시 양성면 장서리 407번지 9호,37.094719654,127.2039239949,2021-06-30,2021-01-29
안성시,부원농장,닭,육계,50000.0,경기도 안성시 서운면 양촌리 120번지,36.9451181769,127.2788747833,2021-06-30,2021-01-28
안성시,북좌농장,닭,육계,20000.0,경기도 안성시 보개면 북좌리 50번지,37.0419676,127.3349822,2020-07-31,2021-01-13
안성시,사오농장,닭,육계,100000.0,경기도 안성시 보개면 남풍리 243번지,37.0669972457,127.3246304634,2021-06-30,2021-01-28
안성시,삼학농장,닭,산란계,45000.0,경기도 안성시 일죽면 화봉리 191번지,37.0639636,127.4821902,2020-11-30,2020-12-08
안성시,상록농장,닭,육계,66500.0,"경기도 안성시 금광면 현곡리 137번지 외 2필지(141, 142)",36.9815578,127.3484781,2021-04-30,2021-01-28
안성시,상록농장,닭,육계,66500.0,"경기도 안성시 금광면 현곡리 137번지 외 2필지(141, 142)",36.9816912774,127.3487484619,2021-06-30,2021-01-28
안성시,상수리숲농장,닭,산란계,1500.0,경기도 안성시 양성면 방신리 68번지 2호,37.0356464205,127.1753796345,2021-06-30,2021-01-29
안성시,서부농장,닭,육계,14500.0,경기도 안성시 원곡면 성주리 321번지 1호,37.0889457894,127.1523558141,2021-06-30,2021-01-29
안성시,서운농장,닭,산란계,250000.0,경기도 안성시 서운면 신촌리 280번지 2호 외 1필지,36.9342969441,127.2628706116,2021-06-30,2021-01-28
안성시,석우농장,닭,육계,73000.0,경기도 안성시 보개면 양복리 696번지 외2필지,37.0121069931,127.3114250981,2021-06-30,2021-01-28
안성시,석찬 농장,닭,육계,50000.0,경기도 안성시 고삼면 신창리 362번지,37.0749075,127.2426554,2020-11-30,2021-01-28
안성시,선일농장,닭,육계,80000.0,경기도 안성시 금광면 사흥리 131번지 1호,37.0010372595,127.3726494768,2021-06-30,2021-01-28
안성시,성공농장,닭,육계,40000.0,경기도 안성시 서운면 현매리 116번지 2호,36.9405289,127.2302449,2020-07-31,2020-12-15
안성시,성은농장,닭,육계,4000.0,경기도 안성시 서운면 송산리 211번지 1호,36.9418056,127.2363218,2020-11-30,2020-12-15
안성시,세원농장,닭,산란계,3000.0,경기도 안성시 공도읍 용두리 378번지 2호,37.0156586,127.165386,2020-07-31,2020-12-15
안성시,세원농장,닭,산란계,3000.0,경기도 안성시 공도읍 용두리 378번지 2호,37.0156586334,127.1653860886,2021-06-30,2021-01-29
안성시,수지 토종농장,닭,육계,1000.0,경기도 안성시 일죽면 신흥리 산 11번지 1호,37.1225944,127.484495,2021-04-30,2021-02-02
안성시,수지농장,닭,육계,130000.0,경기도 안성시 미양면 정동리 504번지 4호 외 1필지(504-5),36.9767503,127.1956042,2020-11-30,2020-12-15
안성시,스마일2 농장,오리,,12000.0,경기도 안성시 미양면 고지리 426번지,36.9638616,127.2083503,2020-11-30,2020-12-15
안성시,스마일2 농장,오리,,12000.0,경기도 안성시 미양면 고지리 426번지,36.9640675842,127.2083512331,2021-06-30,2021-01-29
안성시,승애농장,닭,산란계,50000.0,경기도 안성시 공도읍 용두리 399번지 1호,37.0110963963,127.164243514,2021-06-30,2021-01-29
안성시,승일농장,닭,육계,25000.0,경기도 안성시 일죽면 능국리 674번지 (외 2필지),37.1128017285,127.4883504568,2021-06-30,2021-02-23
안성시,승희농장,닭,육계,100000.0,경기도 안성시 보개면 기좌리 150번지 2호 외 4필지,37.0333009149,127.2908077212,2021-06-30,2021-01-29
안성시,아리농장,닭,육계,85000.0,경기도 안성시 서운면 신기리 236번지,36.9542239,127.2738486,2020-07-31,2021-01-14
안성시,안성농장,닭,육계,70000.0,경기도 안성시 중리동 79번지 8호,36.979491102,127.2892023108,2021-06-30,2021-01-29
안성시,안성마춤육계,닭,육계,40000.0,경기도 안성시 대덕면 진현리 378번지 2호,37.0537162,127.2591485,2020-11-30,2021-01-13
안성시,야곱농장,닭,육계,100.0,경기도 안성시 대덕면 진현리 6번지 2호,37.0599867,127.2677594,2020-07-31,2021-01-13
안성시,양호농장,오리,,30000.0,경기도 안성시 서운면 신흥리 산 51번지,36.9286198,127.2424098,2020-07-31,2020-12-15
안성시,영윤농장,닭,육계,1000.0,경기도 안성시 양성면 장서리 320번지,37.1064018,127.2128747,2020-07-31,2020-12-23
안성시,오두리 농장,닭,육계,45000.0,경기도 안성시 보개면 오두리 255번지 5호,37.0430500587,127.315318223,2021-06-30,2021-01-28
안성시,오두리 농장,닭,육계,45000.0,경기도 안성시 보개면 오두리 255번지 5호,37.0430507,127.3143716,2020-07-31,2021-01-13
안성시,오성농장,닭,산란계,8000.0,경기도 안성시 원곡면 지문리 24번지 1호,37.047269,127.1433868,2021-04-30,2021-01-29
안성시,완기농장,닭,산란계,46.0,경기도 안성시 양성면 삼암리 474번지 6호,37.028893396,127.2060123317,2021-06-30,2021-01-29
안성시,용마농장,닭,육계,350.0,경기도 안성시 서운면 신기리 산 43번지,36.9571732,127.2726239,2021-04-30,2021-01-29
안성시,용성농장,오리,,6000.0,경기도 안성시 일죽면 신흥리 958번지 4호,37.1184038,127.4757372,2021-04-30,2021-02-02
안성시,우리농장,오리,,8000.0,경기도 안성시 보개면 내방리 19번지 외6필지,37.0268802,127.3130132,2021-04-30,2021-01-28
안성시,육계농장,닭,육계,50000.0,경기도 안성시 보개면 상삼리 54번지 2호,37.0223004904,127.3306713014,2021-06-30,2021-01-28
안성시,인주종계장,닭,산란계,182500.0,경기도 안성시 공도읍 진사리 376번지,36.990882035,127.1503303642,2021-06-30,2021-02-16
안성시,일월농장,닭,육계,41000.0,경기도 안성시 일죽면 월정리 1423번지,37.090909989,127.4437468178,2021-06-30,2021-02-01
안성시,일죽 농장,닭,산란계,30000.0,경기도 안성시 일죽면 장암리 35번지 3호,37.0809048,127.4682392,2020-07-31,2021-01-06
안성시,장수농장,닭,산란계,16000.0,경기도 안성시 원곡면 성주리 123번지,37.0860082,127.1691576,2020-11-30,2021-01-29
안성시,장수농장,닭,산란계,51700.0,경기도 안성시 미양면 고지리 69번지 4호,36.9550611,127.2217999,2020-07-31,2020-12-15
안성시,정기농장,닭,육계,2000.0,경기도 안성시 보개면 신안리 92번지 2호,37.0536333,127.3162361,2020-11-30,2021-01-13
안성시,정기농장,닭,육계,2000.0,경기도 안성시 보개면 신안리 92번지 2호,37.0537062475,127.3161134252,2021-06-30,2021-01-28
안성시,제일농장,닭,육계,30000.0,경기도 안성시 미양면 정동리 504번지 15호,36.9770186592,127.1964932492,2021-06-30,2021-01-29
안성시,준 농장,닭,육계,61400.0,경기도 안성시 미양면 강덕리 154번지 2호,36.9495113123,127.2362272079,2021-06-30,2021-01-29
안성시,진촌 농장,닭,산란계,13500.0,경기도 안성시 공도읍 진사리 112번지 4호,36.9869412,127.1368059,2020-07-31,2020-12-15
안성시,청산농장,닭,산란계,100000.0,경기도 안성시 공도읍 마정리 433번지 2호,37.0153418419,127.1941376365,2021-06-30,2021-01-29
안성시,큰오리농장,오리,,5000.0,"경기도 안성시 일죽면 능국리 674번지 , 659-1번지, 659-5번지",37.1127393,127.4883479,2020-07-31,2021-01-06
안성시,큰오리농장,오리,,6000.0,"경기도 안성시 일죽면 산북리 607번지 1호 , 607-2번지",37.0812442,127.502216,2020-07-31,2021-01-06
안성시,큰오리농장,오리,,12000.0,"경기도 안성시 일죽면 월정리 1727번지 , 1728번지, 1728-1번지, 1729번지, 1730번지",37.0806274,127.4584646,2020-07-31,2021-01-06
안성시,텃골축산,닭,산란계,150000.0,경기도 안성시 일죽면 장암리 411번지 27호 외 3필지,37.0809048,127.4682392,2021-04-30,2021-02-02
안성시,팔봉농장,닭,육계,40000.0,경기도 안성시 일죽면 장암리 438번지 3호,37.0756653049,127.4588132872,2021-06-30,2021-02-01
안성시,팔상농장,닭,육계,30000.0,경기도 안성시 일죽면 신흥리 540번지,37.114567,127.4753195,2021-04-30,2021-02-02
안성시,평안농장,오리,,20000.0,경기도 안성시 보개면 신안리 87번지 6호,37.053217,127.3134801,2020-07-31,2021-01-13
안성시,한성농장,오리,,9690.0,경기도 안성시 일죽면 산북리 125번지 1호 외 1필지,37.0812154769,127.5132146292,2021-06-30,2021-02-23
안성시,한신농장,닭,육계,53000.0,경기도 안성시 일죽면 죽림리 739번지,37.0790175,127.4409452,2021-04-30,2021-02-01
안성시,한신농장,닭,육계,53000.0,경기도 안성시 일죽면 죽림리 739번지,37.0791192722,127.4409903989,2021-06-30,2021-02-01
안성시,해샘찬농장,닭,산란계,20000.0,경기도 안성시 원곡면 반제리 150번지,37.0319131086,127.165152581,2021-06-30,2021-01-29
안성시,헌식농장,닭,육계,36500.0,경기도 안성시 미양면 구수리 45번지 3호 (외1필지),36.973164669,127.2574632716,2021-06-30,2021-01-29
안성시,현수농장,닭,육계,65000.0,경기도 안성시 현수동 291번지,36.9936362519,127.2900510814,2021-06-30,2021-01-29
안성시,호야2농장,닭,육계,30000.0,경기도 안성시 고삼면 대갈리 293번지 2호,37.0720687,127.2473244,2020-07-31,2021-01-28
안성시,호야농장,닭,육계,70000.0,경기도 안성시 고삼면 대갈리 648번지 4호,37.0694329,127.2496211,2020-11-30,2021-01-28
안성시,황아농장,오리,,25337.0,경기도 안성시 미양면 강덕리 74번지,36.9557834274,127.227376879,2021-06-30,2021-01-29
안성시,희영농장,오리,,6000.0,경기도 안성시 삼죽면 기솔리 440번지 1호 외 1필지(440-2),37.0409937,127.341621,2020-11-30,2021-01-13
안성시,희영농장,오리,,6000.0,경기도 안성시 삼죽면 기솔리 436번지 외 1필지(437),37.0407736,127.3429801,2020-07-31,2021-01-13
안성시,희영농장,오리,,5000.0,경기도 안성시 보개면 상삼리 871번지 6호,37.0285767,127.3289001,2020-07-31,2021-01-13
안성시,강덕농장,닭,육계,45500.0,경기도 안성시 미양면 강덕리 101번지 6호 외1필지(101-4),36.9509465581,127.2251590035,2021-07-31,2021-01-29
안성시,경운농장,닭,육계,27000.0,경기도 안성시 일죽면 장암리 237번지 5호,37.0736115185,127.4633143302,2021-07-31,2021-02-01
안성시,금평농장,닭,육계,8000.0,경기도 안성시 일죽면 금산리 산 14번지 1호,37.0768893332,127.5036113811,2021-07-31,2021-02-23
안성시,농업회사법인(주)알로팜 명당지점,닭,산란계,450000.0,경기도 안성시 대덕면 명당리 173번지 1호,37.0445048594,127.2128118927,2021-07-31,2021-01-29
안성시,대박농장,닭,육계,40000.0,경기도 안성시 공도읍 중복리 259번지 1호,36.9733912908,127.1315243587,2021-07-31,2021-02-16
안성시,대율,오리,,8568.0,경기도 안성시 서운면 현매리 188번지 5호,36.9333276767,127.2270863156,2021-07-31,2021-01-29
안성시,두메농장,닭,산란계,310000.0,경기도 안성시 일죽면 산북리 104번지 1호 외 9필지,37.0856870573,127.5126597683,2021-07-31,2021-02-23
안성시,드림팜,닭,육계,90000.0,"경기도 안성시 미양면 법전리 55번지 외 2필지(52번지, 52-1번지)",36.9463865225,127.2142475645,2021-07-31,2021-01-29
안성시,만우농장,닭,육계,30000.0,경기도 안성시 보개면 적가리 194번지,37.0526887688,127.2846475481,2021-07-31,2021-01-29
안성시,보광농원,닭,산란계,12000.0,경기도 안성시 일죽면 죽림리 880번지 외 1필지,37.0724331872,127.4463279167,2021-07-31,2021-02-01
안성시,봄양계장,닭,산란계,14000.0,경기도 안성시 금광면 삼흥리 405번지,37.0172737274,127.3658437544,2021-07-31,2022-01-22
안성시,삼학농장,닭,산란계,45000.0,경기도 안성시 일죽면 화봉리 191번지,37.0642770115,127.4821712321,2021-07-31,2021-11-10
안성시,선암농장,닭,육계,10000.0,경기도 안성시 금광면 개산리 10번지 1호 외 1필지(11),36.9889863774,127.2909403737,2021-07-31,2021-01-29
안성시,승일농장,닭,육계,65000.0,경기도 안성시 보개면 기좌리 124번지 1호 (외4필지),37.0352134339,127.291645786,2021-07-31,2021-01-29
안성시,에코필드,닭,육계,70000.0,경기도 안성시 서운면 송산리 114번지 3호 외 1필지,36.9411889137,127.2435331327,2021-07-31,2021-01-29
안성시,영화농장,닭,산란계,10760.0,경기도 안성시 일죽면 장암리 162번지 1호 외 1필지(162-3),37.0743234104,127.4625489917,2021-07-31,2021-02-02
안성시,오성농장,닭,산란계,8000.0,경기도 안성시 원곡면 지문리 24번지 1호,37.0472690165,127.1433868157,2021-07-31,2021-01-29
안성시,용마농장,닭,육계,350.0,경기도 안성시 서운면 신기리 산 43번지,36.9567813661,127.2732696975,2021-07-31,2021-01-29
안성시,은영농장,닭,육계,90000.0,경기도 안성시 미양면 강덕리 12번지,36.9601013699,127.231337995,2021-07-31,2021-01-29
안성시,일죽 농장,닭,산란계,30000.0,경기도 안성시 일죽면 장암리 35번지 3호,37.0807076854,127.4700951915,2021-07-31,2021-02-02
안성시,장수농장,닭,산란계,51700.0,경기도 안성시 미양면 고지리 69번지 4호,36.9556448836,127.2220532058,2021-07-31,2021-01-29
안성시,정훈축산,닭,산란계,55000.0,경기도 안성시 서운면 신흥리 산 25번지,36.9259914028,127.2398226429,2021-07-31,2021-01-28
안성시,중영농장,오리,,20000.0,경기도 안성시 미양면 고지리 210번지 1호,36.9569289121,127.2123660326,2021-07-31,2021-01-29
안성시,지현농장,닭,산란계,300.0,경기도 안성시 금광면 내우리 103번지 2호,36.9974923418,127.3046731232,2021-07-31,2021-01-28
안성시,천호농장,닭,육계,30000.0,경기도 안성시 보개면 구사리 산 35번지 1호,37.0272473845,127.3037762251,2021-07-31,2021-01-29
안성시,청원농장,닭,산란계,15000.0,경기도 안성시 보개면 북좌리 11번지,37.0466702514,127.3375199869,2021-07-31,2021-01-28
안성시,초원농장,닭,육계,50000.0,경기도 안성시 보개면 내방리 271번지 4호,37.0181705018,127.3096789431,2021-07-31,2021-01-28
안성시,평안농장,오리,,20000.0,경기도 안성시 보개면 신안리 87번지 6호,37.0532170546,127.3134801121,2021-07-31,2021-01-28
안성시,하늘농장,닭,육계,60000.0,경기도 안성시 보개면 상삼리 872번지 4호 외 1필지,37.0276031833,127.3298816182,2021-07-31,2021-01-28
안성시,한울농장,닭,육계,35000.0,경기도 안성시 보개면 신안리 336번지 2호 외 1(보개면 오두리 86),37.0515123048,127.3082348856,2021-07-31,2021-01-28
안성시,혜성농장,닭,육계,30000.0,경기도 안성시 보개면 적가리 173번지,37.0536326326,127.288187642,2021-07-31,2021-01-29
안성시,호반농장,오리,,10500.0,경기도 안성시 미양면 정동리 506번지 17호 외1필지(506-18),36.9782308769,127.1981737946,2021-07-31,2021-01-29
안성시,호야2농장,닭,육계,30000.0,경기도 안성시 고삼면 대갈리 293번지 2호,37.072230475,127.2474123711,2021-07-31,2021-01-29
안성시,효성농장,닭,육계,47000.0,경기도 안성시 보개면 이전리 416번지 1호,37.0574342628,127.2868386321,2021-07-31,2021-01-29
안성시,NES농장,닭,산란계,100000.0,경기도 안성시 일죽면 국동길 78-86,37.1118797316,127.5022371094,2025-07-31,2024-01-09
안성시,강덕농장,닭,종계,48950.0,경기도 안성시 미양면 강덕3길 23,36.9509465581,127.2251590035,2026-01-31,2025-12-24
안성시,경기농장,닭,산란계,27800.0,경기도 안성시 원곡면 기업단지로 237-30,37.0158883157,127.1597708929,2026-02-26,2025-12-10
안성시,경운농장,닭,종계,27000.0,경기도 안성시 일죽면 장암리 237번지 5호,,,2026-01-31,2025-12-10
안성시,계림농원,닭,육계,50000.0,경기도 안성시 서운면 서미로 141-107,36.9312256739,127.2129095868,2026-02-26,2025-12-24
안성시,구오농장,닭,육계,55000.0,경기도 안성시 서운면 신동촌길 68-21,,,2026-01-31,2025-12-10
안성시,금강농장,닭,육계,45000.0,경기도 안성시 원곡면 천덕산로 524,,,2025-07-31,2025-12-10
안성시,꼬꼬농장,닭,육계,69664.0,경기도 안성시 보개면 내방길 55-36,37.0204198687,127.31268618,2026-02-26,2021-01-28
안성시,나루농장,닭,육계,55000.0,경기도 안성시 보개면 한사울길 212,37.0526887688,127.2846475481,2026-02-26,2021-01-29
안성시,노동 농장,오리,,6000.0,경기도 안성시 일죽면 능국리 678번지 3호,,,2025-07-31,2025-12-10
안성시,노동 농장,오리,,6000.0,경기도 안성시 일죽면 능국리 678번지 3호,,,2025-07-31,2025-12-10
안성시,농부마을,닭,산란계,0.0,경기도 안성시 삼죽면 월앙길 50-40,37.0802716314,127.398776458,2025-07-31,2024-01-09
안성시,농업회사법인 골드아이(유),닭,산란계,570960.0,경기도 안성시 일죽면 서동대로 7626-29,,,2025-08-31,2025-12-10
안성시,농업회사법인 선유팜 주식회사,닭,산란계,40000.0,경기도 안성시 일죽면 선유동길 23-68,37.1233727928,127.4632104225,2026-02-26,2024-01-09
안성시,농업회사법인 티지에프(주),닭,산란계,783000.0,"경기도 안성시 금광면 조령길 73-105, (외10필지)",37.0277185476,127.3633406736,2025-08-31,2022-11-16
안성시,다모아부화장,오리,,7560.0,경기도 안성시 미양면 신고지길 125,36.9640675842,127.2083512331,2025-08-31,2025-12-10
안성시,대박농장,오리,,6000.0,경기도 안성시 일죽면 지내동길 21-33 (외 1필지),37.111467098,127.4839047669,2025-08-31,2024-01-09
안성시,대성농장,닭,육계,60000.0,경기도 안성시 일죽면 율동길 53-17,37.0731842881,127.5071661322,2026-02-26,2024-11-08
안성시,대율농장,오리,,0.0,경기도 안성시 서운면 송죽길 70,36.9333182751,127.226917912,2026-01-31,2025-12-24
안성시,대현농장,오리,,10000.0,경기도 안성시 서운면 신촌리 260번지 1호,36.9383954885,127.2559331963,2026-01-31,2025-12-24
안성시,도란도란,닭,산란계,138000.0,경기도 안성시 보개면 가재울길 100-23,37.0639861701,127.3126466066,2026-02-26,2022-11-16
안성시,동신농장,닭,육계,71400.0,경기도 안성시 보개면 동문이길 57,36.9999189782,127.2950239002,2025-07-31,2025-12-16
안성시,두교농장,닭,육계,40000.0,경기도 안성시 죽산면 용대길 70-5,37.0152821969,127.4464693067,2025-07-31,2024-12-31
안성시,두평마을회,닭,육계,37000.0,"경기도 안성시 죽산면 두평길 47-32, 외 2필지",37.0645201556,127.4055014876,2025-08-31,2024-01-09
안성시,드림팜,닭,육계,90000.0,"경기도 안성시 미양면 서미로 257 (외 2필지(52번지, 52-1번지))",36.9468196999,127.2144481068,2025-07-31,2025-12-10
안성시,명근농장,닭,산란계,35000.0,경기도 안성시 양성면 양성로 519-65,,,2026-02-26,2025-12-10
안성시,병일농장,닭,육계,45000.0,경기도 안성시 보개면 복평리 75번지 2호,,,2026-01-31,2025-12-10
안성시,봄양계장,닭,산란계,14000.0,경기도 안성시 금광면 조령길 25,37.0172737274,127.3658437544,2025-08-31,2022-01-22
안성시,북좌농장,닭,육계,20000.0,경기도 안성시 보개면 보개산로 276,37.0419522204,127.3349661486,2025-08-31,2022-11-16
안성시,사오농장,닭,육계,100000.0,경기도 안성시 보개면 남풍길 223,37.0669972457,127.3246304634,2025-08-31,2022-11-16
안성시,삼학농장,닭,산란계,45000.0,경기도 안성시 일죽면 금일로 140-64,37.0638025992,127.4819081911,2025-07-31,2024-11-08
안성시,삼한농장,닭,육계,85000.0,경기도 안성시 양성면 정자말길 65-75,,,2026-01-31,2025-12-10
안성시,상록농장,닭,육계,66500.0,경기도 안성시 금광면 현곡길 67-9,36.9816912774,127.3487484619,2025-08-31,2025-12-16
안성시,상수리숲농장,닭,산란계,1500.0,경기도 안성시 양성면 성하길 60-7,37.0348535695,127.176520307,2025-07-31,2025-12-10
안성시,서부농장,닭,종계,14500.0,경기도 안성시 원곡면 천덕산로 531-21,37.0889457894,127.1523558141,2026-01-31,2025-12-10
안성시,서운농장,닭,산란계,276683.0,경기도 안성시 서운면 서운로 229 (외 1필지),36.9342969441,127.2628706116,2025-07-31,2025-12-10
안성시,서윤농장,닭,육계,50000.0,경기도 안성시 보개면 내방리 38번지 2호 (외 4필지),37.0225472195,127.3126584728,2025-07-31,2021-01-28
안성시,서현농장,닭,육계,32000.0,경기도 안성시 샛터1길 41-34 (중리동),36.9863361931,127.274681313,2026-02-26,2025-12-24
안성시,석찬 농장,닭,육계,0.0,경기도 안성시 고삼면 범골길 67-22,37.0751492104,127.2423401777,2025-07-31,2025-12-10
안성시,선암농장,닭,육계,10000.0,경기도 안성시 금광면 배티로 1009-92,36.9889863774,127.2909403737,2025-07-31,2025-12-16
안성시,선유 칠면조 농장,칠면조,,1500.0,경기도 안성시 일죽면 선유동길 23-87,37.1227482974,127.4631217751,2025-08-31,2024-01-09
안성시,선일농장,닭,육계,80000.0,경기도 안성시 금광면 사흥길 169-44,37.001137927,127.3724511795,2026-02-26,2024-12-31
안성시,성공농장,닭,육계,42000.0,"경기도 안성시 서운면 매향길 122, (외1필지)",36.9407279369,127.2307546723,2026-01-31,2025-12-24
안성시,성욱농장,오리,,9000.0,경기도 안성시 대덕면 무능로 177-13,37.0480948655,127.2252027356,2025-08-31,2025-12-10
안성시,세진농장,닭,육계,35000.0,경기도 안성시 보개면 남사당로 340-56,,,2026-02-26,2025-12-10
안성시,송숙농장,닭,육계,40000.0,경기도 안성시 대덕면 삼한리 499번지 1호,,,2026-02-26,2025-12-10
안성시,수정농장,오리,,15000.0,경기도 안성시 일죽면 서동대로 7594-85,,,2026-02-26,2025-12-10
안성시,수정농장,오리,,15000.0,경기도 안성시 일죽면 능국리 261번지 1호,37.0987210269,127.4847064651,2025-08-31,2024-01-09
안성시,수지농장,닭,종계,9900.0,경기도 안성시 대덕면 김중만장군길 157-39,37.0540200515,127.2475700915,2025-07-31,2025-12-10
안성시,스마일2 농장,오리,,12000.0,경기도 안성시 미양면 신고지길 125,36.9640675842,127.2083512331,2025-08-31,2025-12-10
안성시,승희농장,닭,육계,100000.0,경기도 안성시 보개면 보개원삼로 342-34,37.0333009149,127.2908077212,2026-01-31,2021-01-29
안성시,신기리농장,오리,,9000.0,"경기도 안성시 서운면 신기리 17번지 1호 외 2필지(17-2,16-2)",36.9648302271,127.263483677,2025-08-31,2025-12-10
안성시,신기리농장,오리,,9000.0,경기도 안성시 서운면 서운로 592,36.9644745248,127.2633745158,2025-08-31,2025-12-10
안성시,아리농장,닭,육계,85000.0,경기도 안성시 서운면 신기리 236번지,36.9542239058,127.273848606,2025-08-31,2025-12-10
안성시,안성마춤육계,닭,육계,40000.0,경기도 안성시 대덕면 안성맞춤대로 1594,,,2026-01-31,2025-12-10
안성시,야곱농장,닭,육계,100.0,경기도 안성시 대덕면 미륵로 137,37.0603471772,127.2677606831,2025-07-31,2021-01-29
안성시,에코필드,닭,육계,70000.0,"경기도 안성시 서운면 솔뫼로 141-45, 외 1필지",36.9411889137,127.2435331327,2025-07-31,2025-12-10
안성시,영양축산,닭,산란계,0.0,경기도 안성시 일죽면 선유동길 23-33,37.1226585066,127.4642700413,2026-01-31,2024-01-09
안성시,영윤농장,닭,육계,1000.0,경기도 안성시 양성면 양성로 614,37.1065773568,127.2128703233,2025-08-31,2020-12-23
안성시,오림농장,닭,산란계,100000.0,경기도 안성시 보개면 보개원삼로 575-12,37.054927098,127.2912432422,2026-02-26,2021-01-29
안성시,완기농장,닭,산란계,46.0,경기도 안성시 양성면 삼암리 474번지 6호,,,2025-08-31,2025-12-10
안성시,용성농장,오리,,6000.0,경기도 안성시 일죽면 일죽신흥로 172-35,,,2025-08-31,2025-12-10
안성시,육계농장,닭,육계,50000.0,경기도 안성시 보개면 상삼리 54번지 2호,37.0220493436,127.3302544343,2026-02-26,2021-01-28
안성시,은영농장,닭,육계,90000.0,경기도 안성시 미양면 양변길 149,36.9601013699,127.231337995,2025-07-31,2025-12-10
안성시,이삼농장,닭,산란계,58000.0,경기도 안성시 삼죽면 품곡길 158-14,37.0927657175,127.3579471154,2026-01-31,2022-11-30
안성시,인주종계장,닭,종계,182500.0,경기도 안성시 공도읍 진사2길 34-32,36.990882035,127.1503303642,2026-02-26,2026-01-17
안성시,일월농장,닭,육계,41000.0,경기도 안성시 일죽면 월정리 1423번지,37.0909099054,127.4437693126,2025-08-31,2024-01-09
안성시,일죽 농장,닭,산란계,30000.0,경기도 안성시 일죽면 장암로 24-72,,,2026-02-26,2025-12-10
안성시,장수농장,닭,육계,0.0,경기도 안성시 미양면 고지1길 131-52,36.9554434034,127.2197127171,2025-08-31,2025-12-10
안성시,정훈농장,닭,산란계,126000.0,경기도 안성시 서운면 사갑1길 245,,,2026-02-26,2025-12-10
안성시,제2대화 오리농장 DHD,오리,,20000.0,"경기도 안성시 일죽면 화곡리 611번지 ,612-1외 1필지",37.1051952607,127.4564000956,2025-07-31,2024-01-09
안성시,제일농장,닭,육계,30000.0,경기도 안성시 미양면 중앙배수1길 148-24,,,2026-02-26,2025-12-10
안성시,주안농장,닭,육계,0.0,경기도 안성시 보개면 이전봉산길 31-87,37.0569077806,127.2861192576,2025-08-31,2021-01-29
안성시,준 농장,닭,육계,61400.0,경기도 안성시 미양면 서변1길 55-24,,,2026-01-31,2025-12-10
안성시,지현농장,닭,산란계,300.0,경기도 안성시 금광면 구송동길 54,,,2026-02-26,2025-12-10
안성시,천호농장,닭,육계,30000.0,경기도 안성시 보개면 남사당로 106-31,37.0272473845,127.3037762251,2025-07-31,2021-01-29
안성시,큰오리농장1,오리,,9000.0,경기도 안성시 일죽면 산북1길 45-27,37.0807666313,127.5022354165,2026-02-26,2024-01-09
안성시,큰오리농장3,오리,,14000.0,"경기도 안성시 일죽면 월정리 1727번지 , 1728번지, 1728-1번지, 1729번지, 1730번지",37.0806544924,127.4584648325,2026-01-31,2024-01-09
안성시,텃골축산,닭,산란계,150000.0,경기도 안성시 일죽면 장암로 24-72 (외 3필지),37.0807076854,127.4700951915,2026-01-31,2024-01-09
안성시,팔봉농장,닭,육계,40000.0,경기도 안성시 일죽면 장암초교길 123-14,,,2025-07-31,2025-12-10
안성시,하나둘셋영농조합법인,닭,산란계,9588.0,경기도 안성시 금광면 금광모산길 42-233,37.0168905259,127.3542994537,2025-07-31,2022-01-22
안성시,하늘농장,닭,육계,60000.0,경기도 안성시 보개면 내방상삼로 168-32,37.0276031833,127.3298816182,2026-01-31,2021-01-28
안성시,한다리농장,닭,육계,71000.0,경기도 안성시 일죽면 한다리길 94-16,,,2026-01-31,2025-12-10
안성시,한신농장,닭,육계,53000.0,경기도 안성시 일죽면 용설로 17-35,37.0791192722,127.4409903989,2025-08-31,2024-01-09
안성시,한울농장,닭,육계,35000.0,경기도 안성시 보개면 남사당로 429-57 (외 1(보개면 오두리 86)),37.0515123048,127.3082348856,2025-08-31,2021-01-28
안성시,해샘찬농장,닭,산란계,20000.0,경기도 안성시 원곡면 원당로 243-40,37.0319131086,127.165152581,2026-01-31,2025-12-10
안성시,형은농장,닭,종계,24200.0,경기도 안성시 대덕면 능말길 43-98,37.0491066559,127.2146726667,2025-07-31,2025-12-10
안성시,혜성농장,닭,육계,30000.0,경기도 안성시 보개면 이전봉산길 29-46,37.0536326326,127.288187642,2025-08-31,2021-01-29
안성시,호야2농장,닭,육계,30000.0,경기도 안성시 고삼면 윗갈미길 65,,,2026-01-31,2025-12-10
안성시,호야농장,닭,육계,70000.0,경기도 안성시 고삼면 신창길 229-11,,,2025-07-31,2025-12-10
안성시,호일농장,닭,종계,30900.0,경기도 안성시 미양면 계륵리 산 28번지,36.985446317,127.2574367934,2026-02-26,2025-12-24
안성시,효원농장,닭,육계,140000.0,경기도 안성시 미양면 협동단지길 158-68,36.9649307817,127.2383646103,2025-07-31,2025-12-10
안성시,효원농장,닭,육계,140000.0,경기도 안성시 미양면 협동단지길 158-68,,,2025-07-31,2025-12-10
안성시,희영농장,오리,,6000.0,경기도 안성시 삼죽면 기솔리 436번지 외 1필지(437),37.0407737381,127.3429463956,2026-02-26,2022-11-16
안성시,희영농장,오리,,6000.0,경기도 안성시 삼죽면 기솔리 436번지 외 1필지(437),37.0407737381,127.3429463956,2026-02-26,2022-11-16
안성시,희영농장,오리,,7500.0,경기도 안성시 보개면 가래미길 92-6,,,2026-02-26,2025-12-10
안성시,희영농장,오리,,7500.0,경기도 안성시 보개면 상삼리 871번지 6호,37.0285932416,127.3288225519,2026-01-31,2021-01-28
안성시,경운농장,닭,종계,27000.0,경기도 안성시 일죽면 장암리 237번지 5호,,,2026-01-31,2025-12-16
안성시,구오농장,닭,육계,55000.0,경기도 안성시 서운면 신동촌길 68-21,,,2026-01-31,2025-12-16
안성시,금강농장,닭,육계,45000.0,경기도 안성시 원곡면 천덕산로 524,,,2025-07-31,2025-12-16
안성시,노동 농장,오리,,6000.0,경기도 안성시 일죽면 능국리 678번지 3호,,,2025-07-31,2025-12-16
안성시,노동 농장,오리,,6000.0,경기도 안성시 일죽면 능국리 678번지 3호,,,2025-07-31,2025-12-16
안성시,농업회사법인 골드아이(유),닭,산란계,570960.0,경기도 안성시 일죽면 서동대로 7626-29,,,2025-08-31,2025-12-16
안성시,명근농장,닭,산란계,35000.0,경기도 안성시 양성면 양성로 519-65,,,2026-02-26,2025-12-16
안성시,병일농장,닭,육계,45000.0,경기도 안성시 보개면 복평리 75번지 2호,,,2026-01-31,2025-12-16
안성시,삼한농장,닭,육계,85000.0,경기도 안성시 양성면 정자말길 65-75,,,2026-01-31,2025-12-16
안성시,세진농장,닭,육계,35000.0,경기도 안성시 보개면 남사당로 340-56,,,2026-02-26,2025-12-16
안성시,송숙농장,닭,육계,40000.0,경기도 안성시 대덕면 삼한리 499번지 1호,,,2026-02-26,2025-12-16
안성시,수정농장,오리,,15000.0,경기도 안성시 일죽면 서동대로 7594-85,,,2026-02-26,2025-12-16
안성시,안성마춤육계,닭,육계,40000.0,경기도 안성시 대덕면 안성맞춤대로 1594,,,2026-01-31,2025-12-16
안성시,완기농장,닭,산란계,46.0,경기도 안성시 양성면 삼암리 474번지 6호,,,2025-08-31,2025-12-16
안성시,용성농장,오리,,6000.0,경기도 안성시 일죽면 일죽신흥로 172-35,,,2025-08-31,2025-12-16
안성시,일죽 농장,닭,산란계,30000.0,경기도 안성시 일죽면 장암로 24-72,,,2026-02-26,2025-12-16
안성시,정훈농장,닭,산란계,126000.0,경기도 안성시 서운면 사갑1길 245,,,2026-02-26,2025-12-16
안성시,제일농장,닭,육계,30000.0,경기도 안성시 미양면 중앙배수1길 148-24,,,2026-02-26,2025-12-16
안성시,준 농장,닭,육계,61400.0,경기도 안성시 미양면 서변1길 55-24,,,2026-01-31,2025-12-16
안성시,지현농장,닭,산란계,300.0,경기도 안성시 금광면 구송동길 54,,,2026-02-26,2025-12-16
안성시,팔봉농장,닭,육계,40000.0,경기도 안성시 일죽면 장암초교길 123-14,,,2025-07-31,2025-12-16
안성시,한다리농장,닭,육계,71000.0,경기도 안성시 일죽면 한다리길 94-16,,,2026-01-31,2025-12-16
안성시,호야2농장,닭,육계,30000.0,경기도 안성시 고삼면 윗갈미길 65,,,2026-01-31,2025-12-16
안성시,호야농장,닭,육계,70000.0,경기도 안성시 고삼면 신창길 229-11,,,2025-07-31,2025-12-16
안성시,효원농장,닭,육계,140000.0,경기도 안성시 미양면 협동단지길 158-68,,,2025-07-31,2025-12-16
안성시,희영농장,오리,,7500.0,경기도 안성시 보개면 가래미길 92-6,,,2026-02-26,2025-12-16
안성시,경운농장,닭,종계,27000.0,경기도 안성시 일죽면 장암리 237번지 5호,,,2026-01-31,2025-12-24
안성시,구오농장,닭,육계,55000.0,경기도 안성시 서운면 신동촌길 68-21,,,2026-01-31,2025-12-24
안성시,금강농장,닭,육계,45000.0,경기도 안성시 원곡면 천덕산로 524,,,2025-07-31,2025-12-24
안성시,노동 농장,오리,,6000.0,경기도 안성시 일죽면 능국리 678번지 3호,,,2025-07-31,2025-12-24
안성시,노동 농장,오리,,6000.0,경기도 안성시 일죽면 능국리 678번지 3호,,,2025-07-31,2025-12-24
안성시,농업회사법인 골드아이(유),닭,산란계,570960.0,경기도 안성시 일죽면 서동대로 7626-29,,,2025-08-31,2025-12-24
안성시,명근농장,닭,산란계,35000.0,경기도 안성시 양성면 양성로 519-65,,,2026-02-26,2025-12-24
안성시,병일농장,닭,육계,45000.0,경기도 안성시 보개면 복평리 75번지 2호,,,2026-01-31,2025-12-24
안성시,삼한농장,닭,육계,85000.0,경기도 안성시 양성면 정자말길 65-75,,,2026-01-31,2025-12-24
안성시,세진농장,닭,육계,35000.0,경기도 안성시 보개면 남사당로 340-56,,,2026-02-26,2025-12-24
안성시,송숙농장,닭,육계,40000.0,경기도 안성시 대덕면 삼한리 499번지 1호,,,2026-02-26,2025-12-24
안성시,수정농장,오리,,15000.0,경기도 안성시 일죽면 서동대로 7594-85,,,2026-02-26,2025-12-24
안성시,안성마춤육계,닭,육계,40000.0,경기도 안성시 대덕면 안성맞춤대로 1594,,,2026-01-31,2025-12-24
안성시,완기농장,닭,산란계,46.0,경기도 안성시 양성면 삼암리 474번지 6호,,,2025-08-31,2025-12-24
안성시,용성농장,오리,,6000.0,경기도 안성시 일죽면 일죽신흥로 172-35,,,2025-08-31,2025-12-24
안성시,일죽 농장,닭,산란계,30000.0,경기도 안성시 일죽면 장암로 24-72,,,2026-02-26,2025-12-24
안성시,정훈농장,닭,산란계,126000.0,경기도 안성시 서운면 사갑1길 245,,,2026-02-26,2025-12-24
안성시,제일농장,닭,육계,30000.0,경기도 안성시 미양면 중앙배수1길 148-24,,,2026-02-26,2025-12-24
안성시,준 농장,닭,육계,61400.0,경기도 안성시 미양면 서변1길 55-24,,,2026-01-31,2025-12-24
안성시,지현농장,닭,산란계,300.0,경기도 안성시 금광면 구송동길 54,,,2026-02-26,2025-12-24
안성시,팔봉농장,닭,육계,40000.0,경기도 안성시 일죽면 장암초교길 123-14,,,2025-07-31,2025-12-24
안성시,한다리농장,닭,육계,71000.0,경기도 안성시 일죽면 한다리길 94-16,,,2026-01-31,2025-12-24
안성시,호야2농장,닭,육계,30000.0,경기도 안성시 고삼면 윗갈미길 65,,,2026-01-31,2025-12-24
안성시,호야농장,닭,육계,70000.0,경기도 안성시 고삼면 신창길 229-11,,,2025-07-31,2025-12-24
안성시,효원농장,닭,육계,140000.0,경기도 안성시 미양면 협동단지길 158-68,,,2025-07-31,2025-12-24
안성시,희영농장,오리,,7500.0,경기도 안성시 보개면 가래미길 92-6,,,2026-02-26,2025-12-24
양주시,경희농장,닭,육계,30000.0,경기도 양주시 백석읍 복지리 286번지 1호,126.9850479,37.7844278,2018-03-14,2017-01-11
양주시,곡산농장,닭,육계,70000.0,경기도 양주시 은현면 선암리 76번지 1호,127.0293491,37.8641056,2018-08-31,2017-01-11
양주시,관우농장,닭,육계,50000.0,경기도 양주시 백석읍 가업리 24번지 1호,126.9793243,37.791283,2018-08-31,2017-01-11
양주시,관우제2농장,닭,육계,20000.0,경기도 양주시 백석읍 가업리 235번지 1호,126.9760782,37.7887867,2018-04-30,2017-01-11
양주시,광승농장,닭,육계,100.0,경기도 양주시 남면 상수리 524번지,126.9795159,37.8676109,2018-04-30,2017-01-11
양주시,금성농장,닭,육계,81000.0,경기도 양주시 만송동 58번지 21호,127.0991752,37.7888405,2018-04-30,2018-03-18
양주시,금성농장,닭,산란계,40000.0,경기도 양주시 은현면 봉암리 84번지,127.0101582,37.8966862,2018-04-30,2017-01-11
양주시,나리농장,닭,육계,35000.0,경기도 양주시 은현면 하패리 686번지 1호,127.0239245,37.8905762,2018-04-30,2017-01-11
양주시,나사로농장,닭,육계,700.0,경기도 양주시 광적면 효촌리 425번지 3호,126.9536599,37.8866307,2018-04-30,2017-01-11
양주시,대연농장,닭,육계,33000.0,경기도 양주시 율정동 78번지 2호,127.1053452,37.8174494,2018-03-14,2018-03-18
양주시,대풍농장,닭,산란계,50.0,경기도 양주시 남면 경신리 243번지 1호,126.9776799,37.8527811,2018-04-30,2017-01-11
양주시,도하 2농장,닭,산란계,30000.0,경기도 양주시 은현면 도하리 250번지,127.0110734,37.8451436,2018-08-31,2017-01-11
양주시,도하농장,닭,산란계,40000.0,경기도 양주시 은현면 도하리 206번지,127.0119824,37.8460264,2018-04-30,2017-01-11
양주시,두꺼비농장,닭,육계,400.0,경기도 양주시 광사동 533번지 1호,127.0662634,37.7750423,2018-04-30,2018-03-18
양주시,두리농장,닭,산란계,20000.0,경기도 양주시 은현면 봉암리 42번지 2호,127.0075656,37.8913528,2018-04-30,2017-01-11
양주시,두영농장,닭,산란계,15000.0,경기도 양주시 은현면 봉암리 449번지,127.0059287,37.8942178,2018-03-14,2017-01-11
양주시,만송농장,닭,육계,30000.0,경기도 양주시 만송동 210번지,127.0938138,37.795674,2018-08-31,2018-03-18
양주시,무궁화농장,닭,산란계,70000.0,경기도 양주시 은현면 선암리 367번지,127.0282964,37.8762775,2018-04-30,2017-01-11
양주시,백산농장,닭,육계,15000.0,경기도 양주시 광적면 비암리 96번지,126.9332775,37.8022023,2018-08-31,2017-01-11
양주시,백석농장,닭,육계,40000.0,경기도 양주시 백석읍 오산리 211번지 2호,126.9858831,37.8054471,2018-08-31,2017-01-11
양주시,백석농장,닭,육계,28000.0,경기도 양주시 백석읍 방성리 123번지,126.9984307,37.8043941,2018-03-14,2017-01-11
양주시,부영농장,닭,산란계,60000.0,경기도 양주시 은현면 운암리 440번지 1호,127.0103721,37.8761629,2018-04-30,2017-01-11
양주시,살구골농장,닭,육계,500.0,경기도 양주시 은현면 도하리 623번지,126.9973487,37.8475312,2018-08-31,2017-01-11
양주시,삼형농장,닭,산란계,38000.0,경기도 양주시 남면 한산리 26번지 3호,127.0035755,37.9052452,2018-08-31,2017-01-11
양주시,서울농장,닭,산란계,39000.0,경기도 양주시 은현면 하패리 625번지,127.0254341,37.8826117,2018-08-31,2017-01-11
양주시,선암농장,닭,산란계,100000.0,경기도 양주시 은현면 선암리 366번지,127.0274326,37.8764669,2018-03-14,2017-01-11
양주시,선태제2농장,닭,육계,20000.0,경기도 양주시 백석읍 가업리 355번지 3호,126.9711024,37.7966147,2018-04-30,2017-01-11
양주시,성익목장,닭,육계,7844.0,경기도 양주시 봉양동 633번지,127.0744768,37.8528071,2018-03-14,2018-03-18
양주시,세바환경,닭,산란계,8000.0,경기도 양주시 남면 경신리 산 39번지,126.9848572,37.8682335,2018-08-31,2017-01-11
양주시,세인농장,닭,산란계,20000.0,경기도 양주시 은현면 도하리 655번지 2호 외 2번지,127.0008255,37.8431708,2018-08-31,2017-01-11
양주시,수원농장,닭,산란계,26000.0,경기도 양주시 은현면 봉암리 87번지,127.0086574,37.8970737,2018-04-30,2017-01-11
양주시,승천농장,닭,산란계,60000.0,경기도 양주시 은현면 봉암리 11번지,127.015764,37.9014696,2018-04-30,2017-01-11
양주시,신선 제2농장,닭,산란계,27000.0,경기도 양주시 은현면 하패리 888번지 5호,127.0212871,37.8904145,2018-08-31,2017-01-11
양주시,신춘추농장,닭,산란계,150000.0,경기도 양주시 백석읍 가업리 13번지 1호,126.9803226,37.7938149,2018-03-14,2017-01-11
양주시,쌍알농장,닭,산란계,20000.0,경기도 양주시 은현면 봉암리 62번지,127.0073159,37.8969926,2018-03-14,2017-01-11
양주시,씨알농장,닭,산란계,8000.0,경기도 양주시 백석읍 오산리 산 8번지,126.9857012,37.806411,2018-03-14,2017-01-11
양주시,아태농장,닭,산란계,80.0,경기도 양주시 광적면 우고리 332번지,126.959628,37.8281712,2018-08-31,2017-01-11
양주시,애정농장,닭,육계,25000.0,경기도 양주시 남면 입암리 229번지,126.9949357,37.8880822,2018-03-14,2017-01-11
양주시,양주바이오텍,닭,산란계,60000.0,경기도 양주시 은현면 도하리 691번지,126.9928502,37.8425037,2018-04-30,2017-01-11
양주시,양주육계농장,닭,육계,57000.0,경기도 양주시 남면 구암리 2번지 1호,126.9839888,37.8867746,2018-03-14,2017-01-11
양주시,에그콜,닭,산란계,80000.0,경기도 양주시 남면 한산리 578번지 2호,127.0032115,37.8928574,2018-04-30,2017-01-11
양주시,에그트리,닭,산란계,70000.0,경기도 양주시 광적면 석우리 6번지 3호,126.9906576,37.842026,2018-04-30,2017-01-11
양주시,영광농장,닭,산란계,21000.0,경기도 양주시 백석읍 가업리 346번지 1호,126.972656,37.8013091,2018-08-31,2017-01-11
양주시,영우농장,닭,산란계,25000.0,경기도 양주시 남면 경신리 293번지 3호,126.9766323,37.8591956,2018-03-14,2017-01-11
양주시,영훈목장,닭,육계,30050.0,경기도 양주시 은현면 운암리 386번지,127.0097364,37.8845506,2018-03-14,2017-01-11
양주시,영흥농장,닭,산란계,48000.0,경기도 양주시 남면 한산리 25번지 1호,127.0024611,37.9047407,2018-04-30,2017-01-11
양주시,영흥제1농장,닭,산란계,40000.0,경기도 양주시 회암동 161번지 1호,127.0980028,37.8483668,2018-04-30,2018-03-18
양주시,월암농장,닭,육계,50000.0,경기도 양주시 백석읍 오산리 704번지 1호,126.9695542,37.8057229,2018-03-14,2017-01-11
양주시,유천1농장,닭,산란계,65000.0,경기도 양주시 은현면 도하리 243번지,127.0105393,37.8448373,2018-04-30,2017-01-11
양주시,유한농장,닭,산란계,30000.0,경기도 양주시 은현면 용암리 850번지,127.0274814,37.8522497,2018-04-30,2017-01-11
양주시,은혜2농장,닭,육계,30000.0,경기도 양주시 은현면 하패리 243번지 1호,127.0376193,37.8821312,2018-08-31,2017-01-11
양주시,은혜농장,닭,육계,10000.0,경기도 양주시 은현면 운암리 516번지 2호,127.0120187,37.8644686,2018-04-30,2017-01-11
양주시,이강농장,닭,육계,30.0,경기도 양주시 광사동 182번지,127.0748947,37.7917319,2018-08-31,2018-03-18
양주시,이레농장,닭,산란계,35000.0,경기도 양주시 남면 한산리 517번지,126.99357,37.9003528,2018-04-30,2017-01-11
양주시,이천농장,닭,산란계,30000.0,경기도 양주시 백석읍 홍죽리 340번지 18호,126.9660737,37.7943969,2018-04-30,2017-01-11
양주시,장수축산농장,닭,산란계,60000.0,경기도 양주시 남면 경신리 206번지,126.9790429,37.8542229,2018-03-14,2017-01-11
양주시,정현농장,닭,육계,15000.0,경기도 양주시 은현면 하패리 1021번지,127.0155463,37.8914153,2018-04-30,2017-01-11
양주시,종인농장,닭,육계,20000.0,경기도 양주시 삼숭동 572번지 1호,127.0938461,37.8034761,2018-08-31,2018-03-18
양주시,주식회사 해원,닭,산란계,14000.0,경기도 양주시 백석읍 오산리 422번지 1호,126.9804339,37.8010315,2018-04-30,2017-01-11
양주시,준준농장,닭,육계,27000.0,경기도 양주시 은현면 선암리 342번지 32호,127.0219883,37.876576,2018-03-14,2017-01-11
양주시,진흥농장,닭,육계,45000.0,경기도 양주시 백석읍 복지리 188번지 2호,126.9943216,37.792114,2018-04-30,2017-01-11
양주시,춘추농장,닭,산란계,54000.0,경기도 양주시 백석읍 가업리 13번지 3호,126.9807425,37.7942564,2018-08-31,2017-01-11
양주시,태양농장,닭,산란계,67000.0,경기도 양주시 은현면 하패리 804번지 1호,127.0211526,37.8981895,2018-08-31,2017-01-11
양주시,평촌농장,닭,산란계,120.0,경기도 양주시 장흥면 일영리 317번지,126.9376362,37.7133798,2018-04-30,2017-03-07
양주시,한산농장,닭,산란계,28000.0,경기도 양주시 남면 신산리 141번지 2호,126.9837707,37.8947478,2018-03-14,2017-01-11
양주시,한영농장,닭,육계,25000.0,경기도 양주시 은현면 용암리 769번지,127.0348424,37.8480315,2018-08-31,2017-01-11
양주시,홍일농장,닭,육계,50000.0,경기도 양주시 백석읍 가업리 258번지,126.975102,37.7884531,2018-08-31,2017-01-11
양주시,훈종농장,닭,육계,18000.0,경기도 양주시 은현면 하패리 546번지,127.0345985,37.8885557,2018-08-31,2017-01-11
양주시,희철농장,닭,육계,17000.0,경기도 양주시 회암동 475번지,127.0850604,37.8471964,2018-04-30,2018-03-18
여주시,***,닭,토종닭,,경기도 여주시 강천면 걸은리 산144번지,37.2985535,127.7018556,2021-04-30,2020-12-07
여주시,***,닭,토종닭,7.0,경기도 여주시 가남읍 화평리 113-1번지,37.2430589,127.5650645,2021-04-30,2021-02-14
여주시,***,닭,토종닭,7.0,경기도 여주시 가남읍 대신리 447-1번지,37.190094,127.5262898,2021-04-30,2021-02-14
여주시,***,닭,토종닭,3.0,경기도 여주시 가남읍 안금리 58-2번지,37.2279496,127.6105084,2021-04-30,2021-02-14
여주시,***,닭,토종닭,25.0,경기도 여주시 가남읍 은봉리 595-2번지,37.1834231,127.5410974,2021-04-30,2021-02-14
여주시,***,닭,토종닭,10.0,경기도 여주시 가남읍 대신리 342-1번지,37.1885594,127.5310093,2021-04-30,2021-02-14
여주시,***,닭,토종닭,20.0,경기도 여주시 가남읍 정단리 277-5번지,37.2478921,127.5546749,2021-04-30,2021-02-14
여주시,***,닭,토종닭,18.0,경기도 여주시 가남읍 심석리 209-5번지,37.2015883,127.5624027,2021-04-30,2021-02-14
여주시,***,닭,토종닭,13.0,경기도 여주시 가남읍 본두리 447번지,37.2374442,127.5840004,2021-04-30,2021-02-14
여주시,***,닭,토종닭,5.0,경기도 여주시 가남읍 금당리 653번지,37.1979833,127.6066414,2021-04-30,2021-02-14
여주시,***,닭,토종닭,7.0,경기도 여주시 가남읍 삼군리 376-2번지,37.2203403,127.5601526,2021-04-30,2021-02-14
여주시,***,닭,토종닭,7.0,경기도 여주시 가남읍 오산리 280-1번지,37.24122,127.5595061,2021-04-30,2021-02-14
여주시,***,오리,,1.0,경기도 여주시 매룡동 91-1번지,37.2887195,127.6584726,2021-04-30,2020-12-29
여주시,***,닭,토종닭,8.0,경기도 여주시 가남읍 신해리 118-1번지,37.2242821,127.5475959,2021-04-30,2021-02-14
여주시,***,닭,토종닭,3.0,경기도 여주시 가남읍 심석리 산47번지,37.1960619,127.5630602,2021-04-30,2021-02-14
여주시,***,닭,토종닭,8.0,경기도 여주시 가남읍 본두리 404-17번지,37.237617,127.581838,2021-04-30,2021-02-14
여주시,***,닭,토종닭,7.0,경기도 여주시 가남읍 안금리 456-11번지,37.2268614,127.5976658,2021-04-30,2021-02-14
여주시,***,닭,토종닭,2.0,경기도 여주시 가남읍 삼승리 191-3번지,37.1729262,127.6341971,2021-04-30,2021-02-23
여주시,***,닭,토종닭,9.0,경기도 여주시 연라동 244-1번지,37.2716402,127.599833,2021-04-30,2021-02-14
여주시,***,닭,토종닭,10.0,경기도 여주시 가업동 45번지,37.2786049,127.6157187,2021-04-30,2021-02-14
여주시,***,닭,토종닭,4.0,경기도 여주시 교동 272-3번지,37.2904677,127.6267538,2021-04-30,2020-12-29
여주시,***,닭,토종닭,15.0,경기도 여주시 가남읍 양귀리 201-5번지,37.2136122,127.5876479,2021-04-30,2021-02-14
여주시,***,닭,토종닭,6.0,경기도 여주시 가남읍 금당리 655-2번지,37.1970334,127.6073884,2021-04-30,2021-02-14
여주시,***,닭,토종닭,10.0,경기도 여주시 가남읍 금당리 602-6번지,37.2016169,127.600813,2021-04-30,2021-02-14
여주시,***,닭,토종닭,4.0,경기도 여주시 가남읍 삼군리 364-7번지,37.2211104,127.5611497,2021-04-30,2021-02-14
여주시,***,닭,토종닭,2.0,경기도 여주시 가남읍 은봉리 산103-1번지,37.1782566,127.5555981,2021-04-30,2021-02-23
여주시,***,닭,토종닭,15.0,경기도 여주시 가남읍 신해리 112-1번지,37.2233955,127.548367,2021-04-30,2021-02-14
여주시,***,닭,토종닭,14.0,경기도 여주시 가남읍 금당리 685번지,37.1970636,127.6067579,2021-04-30,2021-02-14
여주시,***,닭,토종닭,14.0,경기도 여주시 가남읍 심석리 9-3번지,37.1974244,127.5702338,2021-04-30,2021-02-14
여주시,***,닭,토종닭,15.0,경기도 여주시 흥천면 대당리 112번지,37.3229618,127.5435914,2021-04-30,2021-02-14
여주시,***,닭,토종닭,18.0,경기도 여주시 흥천면 신근리 915번지,37.298827,127.5545843,2021-04-30,2021-02-14
여주시,***,닭,토종닭,8.0,경기도 여주시 흥천면 하다리 83번지,37.3429018,127.5294475,2021-04-30,2021-02-14
여주시,***,닭,토종닭,27.0,경기도 여주시 흥천면 복대리 341-1번지,37.3645951,127.5301183,2021-04-30,2021-02-14
여주시,***,닭,토종닭,10.0,경기도 여주시 대신면 천남리 324-3번지,37.3307673,127.6220771,2021-04-30,2020-12-29
여주시,***,닭,토종닭,13.0,경기도 여주시 대신면 천서리 109-3번지,37.3973976,127.5621384,2021-04-30,2020-12-07
여주시,***,닭,토종닭,5.0,경기도 여주시 매룡동 253-4번지,37.282025,127.6519196,2021-04-30,2020-12-29
여주시,***,닭,토종닭,10.0,경기도 여주시 북내면 석우리 87-2번지,37.3892912,127.691439,2021-04-30,2020-12-07
여주시,***,닭,토종닭,10.0,경기도 여주시 북내면 중암리 426-1번지,37.35074,127.7138735,2021-04-30,2020-12-07
여주시,***,닭,토종닭,15.0,경기도 여주시 산북면 상품리 586-5번지,37.3971484,127.4295429,2021-04-30,2021-02-14
여주시,***,닭,토종닭,11.0,경기도 여주시 우만동 90-1번지,37.2568034,127.6796919,2021-04-30,2020-12-22
여주시,***,닭,토종닭,11.0,경기도 여주시 능현동 334-9번지,37.2702236,127.6581318,2021-04-30,2020-12-29
여주시,***,닭,토종닭,2.0,경기도 여주시 점봉동 389-1번지,37.2607799,127.6468336,2021-04-30,2021-01-22
여주시,***,닭,토종닭,5.0,경기도 여주시 점봉동 77-4번지,37.2561089,127.6541094,2021-04-30,2021-01-22
여주시,***,닭,토종닭,20.0,경기도 여주시 연양동 190-3번지,37.2833274,127.6672776,2021-04-30,2020-12-29
여주시,***,닭,토종닭,4.0,경기도 여주시 멱곡동 302번지,37.2561646,127.6651903,2021-04-30,2020-12-29
여주시,***,닭,토종닭,11.0,경기도 여주시 삼교동 472-1번지,37.2421123,127.6482188,2021-04-30,2021-01-22
여주시,***,닭,토종닭,36.0,경기도 여주시 강천면 강천리 487번지,37.2378339,127.7125526,2021-04-30,2020-12-22
여주시,***,닭,토종닭,19.0,경기도 여주시 강천면 적금리 144-2번지,37.2549186,127.7077757,2021-04-30,2020-12-22
여주시,***,닭,토종닭,25.0,경기도 여주시 강천면 도전리 459-1번지,37.3552099,127.7402139,2021-04-30,2020-12-07
여주시,***,닭,토종닭,3.0,경기도 여주시 흥천면 신근리 312-1번지,37.3099069,127.5531988,2021-04-30,2021-02-14
여주시,***,닭,토종닭,26.0,경기도 여주시 가남읍 삼군리 66번지,37.2317261,127.5569798,2021-04-30,2021-02-14
여주시,***,닭,토종닭,8.0,경기도 여주시 가남읍 안금리 99-1번지,37.228697,127.6052861,2021-04-30,2021-02-14
여주시,***,닭,토종닭,5.0,경기도 여주시 가남읍 태평리 329번지,37.2061964,127.5381726,2021-04-30,2021-02-14
여주시,***,닭,토종닭,3.0,경기도 여주시 가남읍 건장리 74-9번지,37.1888977,127.5497856,2021-04-30,2021-02-14
여주시,***,닭,토종닭,3.0,경기도 여주시 가남읍 대신리 229-6번지,37.1769773,127.5338676,2021-04-30,2021-02-14
여주시,***,닭,토종닭,11.0,경기도 여주시 가남읍 본두리 446번지,37.2377236,127.58398,2021-04-30,2021-02-14
여주시,***,닭,토종닭,18.0,경기도 여주시 가남읍 양귀리 479번지,37.2079223,127.5903639,2021-04-30,2021-02-14
여주시,***,닭,토종닭,1.0,경기도 여주시 가남읍 건장리 86-1번지,37.1901483,127.5482291,2021-04-30,2021-02-14
여주시,***,닭,토종닭,18.0,경기도 여주시 가남읍 금당리 127-2번지,37.2027811,127.62495,2021-04-30,2021-01-27
여주시,***,닭,토종닭,5.0,경기도 여주시 흥천면 신근리 996번지,37.301301,127.5515345,2021-04-30,2021-02-14
여주시,***,닭,토종닭,7.0,경기도 여주시 흥천면 율극리 131-1번지,37.3330216,127.5695819,2021-04-30,2021-02-14
여주시,***,닭,토종닭,24.0,경기도 여주시 연라동 1-13번지,37.2501709,127.6188021,2021-04-30,2021-02-14
여주시,***,닭,토종닭,20.0,경기도 여주시 교동 220번지,37.2870532,127.6266918,2021-04-30,2020-12-29
여주시,***,닭,토종닭,12.0,경기도 여주시 교동 295번지,37.2881917,127.6260809,2021-04-30,2020-12-29
여주시,***,닭,토종닭,10.0,경기도 여주시 교동 273-4번지,37.2901638,127.6262776,2021-04-30,2020-12-29
여주시,***,닭,토종닭,7.0,경기도 여주시 가업동 129번지,37.2710235,127.6216665,2021-04-30,2021-02-14
여주시,***,닭,토종닭,9.0,경기도 여주시 가업동 49-44번지,37.276806,127.6168655,2021-04-30,2021-02-14
여주시,***,닭,토종닭,30.0,경기도 여주시 가업동 72-4번지,37.2730007,127.6191684,2021-04-30,2021-02-14
여주시,***,닭,토종닭,11.0,경기도 여주시 가업동 49-1번지,37.2777777,127.615385,2021-04-30,2021-02-14
여주시,***,닭,토종닭,30.0,경기도 여주시 상동 485-5번지,37.288223,127.648804,2021-04-30,2020-12-29
여주시,***,닭,토종닭,23.0,경기도 여주시 가남읍 태평리 414-2번지,37.2021737,127.5370966,2021-04-30,2021-02-14
여주시,***,닭,토종닭,11.0,경기도 여주시 가남읍 본두리 405-2번지,37.2382822,127.5821473,2021-04-30,2021-02-14
여주시,***,닭,토종닭,1.0,경기도 여주시 가남읍 연대리 산17번지,37.1930941,127.6095082,2021-04-30,2021-02-02
여주시,***,닭,토종닭,4.0,경기도 여주시 가남읍 정단리 304-3번지,37.247779,127.5557561,2021-04-30,2021-02-14
여주시,***,닭,토종닭,10.0,경기도 여주시 가남읍 안금리 77-1번지,37.2295557,127.6118059,2021-04-30,2021-02-14
여주시,경진농장,닭,육계,50000.0,경기도 여주시 북내면 석우리 13-3번지,37.3876774,127.6900692,2020-07-31,2020-12-07
여주시,기민농장,닭,육계,23000.0,경기도 여주시 대신면 초현리 111번지,37.3830695,127.6030298,2020-06-30,2020-12-07
여주시,농업회사법인조인주식회사,닭,산란계,388000.0,경기도 여주시 가남읍 하귀리 2-2번지,37.2176663,127.5785647,2021-04-30,2021-02-14
여주시,누리농장,닭,육계,,경기도 여주시 북내면 장암리268,37.3391282,127.6859931,2020-06-30,2020-12-07
여주시,다산농장,닭,산란계,1800.0,경기도 여주시 강천면 이호리 380번지,37.2922204,127.686268,2021-04-30,2020-12-07
여주시,대한농장,닭,종계,12000.0,경기도 여주시 흥천면 대당리 66번지,37.316657,127.543095,2021-04-30,2021-02-14
여주시,명성농장,닭,육계,,경기도 여주시 대신면 상구리 94번지,37.3849273,127.640577,2020-07-31,2020-12-07
여주시,불노농장,닭,육계,30000.0,경기도 여주시 신진동 63-2,37.2770005,127.6691951,2021-04-30,2020-12-29
여주시,상활농장,닭,육계,44000.0,경기도 여주시 가남읍 신해리 498-5,37.232695,127.5342919,2020-07-31,2020-12-09
여주시,성산농장,닭,육계,57000.0,경기도 여주시 능서면 마래리 산 18번지 1호,37.2714134,127.5651738,2020-06-30,2020-12-09
여주시,솔미농장,닭,육계,30000.0,경기도 여주시 대신면 초현리 381,37.3685964,127.5982748,2020-06-30,2020-12-07
여주시,아리농장,오리,,10000.0,경기도 여주시 가남읍 신해리 219-5번지,37.2332236,127.5429274,2020-11-30,2020-12-09
여주시,알로1농장,메추리,,170000.0,경기도 여주시 능서면 오계1리336-2,37.2651907,127.5922853,2020-07-31,2020-12-09
여주시,양계농장,닭,산란계,63000.0,경기도 여주시 매룡동 161-5번지,37.2819657,127.6594176,2020-07-31,2020-12-29
여주시,여주자영농고,닭,산란계,,경기도 여주시 능서면 왕대리 산136-72번지,37.2939123,127.6106438,2021-04-30,2021-02-14
여주시,왕실토종닭농장,닭,산란계,2000.0,경기도 여주시 가남읍 안금리 634번지 2호,37.2247565,127.5879255,2021-04-30,2021-02-14
여주시,왕터청계농원,닭,토종닭,150.0,경기도 여주시 능서면 왕대리 45번지,37.3184337,127.5972471,2020-11-30,2020-12-29
여주시,요엘농장,메추리,,50000.0,경기도 여주시 산북면 상품리 321-1번지,37.3952318,127.4362965,2020-06-30,2021-02-14
여주시,우리농장,닭,산란계,,경기도 여주시 대신면 옥촌리 324번지,37.3963165,127.620075,2021-04-30,2020-12-07
여주시,우리농장,오리,,5000.0,경기도 여주시 오금동 157,37.3438266,127.6532749,2021-04-30,2020-12-07
여주시,율극농장,닭,산란계,100000.0,경기도 여주시 흥천면 율극리 262-1번지,37.3402402,127.5673679,2021-04-30,2021-02-14
여주시,은혜농장,메추리,,150000.0,경기도 여주시 산북면 상품리445-1,37.3923669,127.4386514,2020-06-30,2021-02-14
여주시,이**농장,닭,육계,30000.0,경기도 여주시 북내면 운촌리 623-18번지,37.3319392,127.7058205,2020-06-30,2020-12-07
여주시,장**농장,닭,육계,,경기도 여주시 능서면 매류리 178번지 1호,37.2815797,127.5683616,2020-07-31,2020-12-09
여주시,정훈양계장,닭,육계,33000.0,경기도 여주시 현암동 110번지,37.3173295,127.6414382,2020-11-30,2020-12-29
여주시,중앙농원,닭,종계,57000.0,경기도 여주시 북내면 운촌리 482-1번지,37.3304117,127.7081532,2021-04-30,2020-12-07
여주시,창대메추리농장,메추리,,50000.0,경기도 여주시 능서면 매류1리94,37.2791614,127.572865,2020-11-30,2020-12-09
여주시,청운농장,닭,육계,31000.0,경기도 여주시 흥천면 율극리 237-2번지,37.3266555,127.5649533,2020-06-30,2020-12-07
여주시,태린농장,닭,종계,57000.0,경기도 여주시 능서면 광대리 산15-4번지,37.2716901,127.5695052,2021-04-30,2021-02-14
여주시,햇빛농장,오리,,10000.0,경기도 여주시 가남읍 정단리 584번지,37.2364137,127.5506695,2020-07-31,2020-12-09
여주시,행복짓는 농장,닭,산란계,3000.0,경기도 여주시 점동면 처리289,37.2293643,127.6754915,2020-11-30,2020-12-22
여주시,후포농장,닭,육계,56000.0,경기도 여주시 대신면 후포리 223번지,37.3658767,127.6174098,2020-07-31,2020-12-07
여주시,***,닭,토종닭,,경기도 여주시 강천면 걸은리 산144번지,37.2985535,127.7018556,2021-04-30,2020-12-09
여주시,***,닭,토종닭,10.0,경기도 여주시 북내면 중암리 426-1번지,37.35074,127.7138735,2021-04-30,2020-12-09
여주시,***,닭,토종닭,25.0,경기도 여주시 강천면 도전리 459-1번지,37.3552099,127.7402139,2021-04-30,2020-12-09
여주시,누리농장,닭,육계,,경기도 여주시 북내면 장암리268,37.3391282,127.6859931,2020-06-30,2020-12-09
여주시,다산농장,닭,산란계,1800.0,경기도 여주시 강천면 이호리 380번지,37.2922204,127.686268,2021-04-30,2020-12-09
여주시,이**농장,닭,육계,30000.0,경기도 여주시 북내면 운촌리 623-18번지,37.3319392,127.7058205,2020-06-30,2020-12-09
여주시,중앙농원,닭,종계,57000.0,경기도 여주시 북내면 운촌리 482-1번지,37.3304117,127.7081532,2021-04-30,2020-12-09
여주시,***,닭,토종닭,,경기도 여주시 강천면 걸은리 산144번지,37.2985535,127.7018556,2021-04-30,2020-12-22
여주시,***,닭,토종닭,10.0,경기도 여주시 북내면 중암리 426-1번지,37.35074,127.7138735,2021-04-30,2020-12-22
여주시,***,닭,토종닭,25.0,경기도 여주시 강천면 도전리 459-1번지,37.3552099,127.7402139,2021-04-30,2020-12-22
여주시,누리농장,닭,육계,,경기도 여주시 북내면 장암리268,37.3391282,127.6859931,2020-06-30,2020-12-22
여주시,다산농장,닭,산란계,1800.0,경기도 여주시 강천면 이호리 380번지,37.2922204,127.686268,2021-04-30,2020-12-22
여주시,이**농장,닭,육계,30000.0,경기도 여주시 북내면 운촌리 623-18번지,37.3319392,127.7058205,2020-06-30,2020-12-22
여주시,중앙농원,닭,종계,57000.0,경기도 여주시 북내면 운촌리 482-1번지,37.3304117,127.7081532,2021-04-30,2020-12-22
여주시,***,닭,토종닭,,경기도 여주시 강천면 걸은리 산144번지,37.2985535,127.7018556,2021-04-30,2020-12-29
여주시,***,닭,토종닭,10.0,경기도 여주시 북내면 중암리 426-1번지,37.35074,127.7138735,2021-04-30,2020-12-29
여주시,***,닭,토종닭,25.0,경기도 여주시 강천면 도전리 459-1번지,37.3552099,127.7402139,2021-04-30,2020-12-29
여주시,누리농장,닭,육계,,경기도 여주시 북내면 장암리268,37.3391282,127.6859931,2020-06-30,2020-12-29
여주시,다산농장,닭,산란계,1800.0,경기도 여주시 강천면 이호리 380번지,37.2922204,127.686268,2021-04-30,2020-12-29
여주시,이**농장,닭,육계,30000.0,경기도 여주시 북내면 운촌리 623-18번지,37.3319392,127.7058205,2020-06-30,2020-12-29
여주시,중앙농원,닭,종계,57000.0,경기도 여주시 북내면 운촌리 482-1번지,37.3304117,127.7081532,2021-04-30,2020-12-29
여주시,김영오농장,닭,육계,30000.0,경기도 여주시 북내면 신남리 18,37.3307934365,127.6704949024,2025-04-30,2025-01-04
여주시,남산농장,닭,육계,15000.0,경기도 여주시 흥천면 하다리 112,37.3427558061,127.533542191,2025-04-30,2025-01-04
여주시,농업회사법인 세양(주) 누리지점,닭,산란계,389587.0,경기도 여주시 가남읍 하귀리 2,37.2176923552,127.5784249716,2025-05-31,2021-02-14
여주시,농업회사법인 유한회사 함일,닭,산란계,260000.0,경기도 여주시 세종대왕면 마래리 449,37.2591119335,127.5634577304,2025-05-31,2025-01-04
여주시,농업회사법인 주식회사 닭터,닭,산란계,100000.0,경기도 여주시 흥천면 율극리 294,37.3357844151,127.564176924,2025-04-30,2025-01-04
여주시,누리농장,닭,육계,72160.0,경기도 여주시 북내면 장암리 268,37.3393596682,127.686420934,2025-04-30,2024-12-26
여주시,다산농장,닭,산란계,200.0,경기도 여주시 강천면 이호리 384,37.2917575953,127.6860890555,2025-04-30,2024-12-26
여주시,대복농장,닭,산란계,25000.0,경기도 여주시 세종대왕면 용은리 466,37.2883569747,127.5349762909,2025-05-31,2025-01-04
여주시,도리양계장,닭,육계,40000.0,경기도 여주시 점동면 도리 293,37.2160152081,127.6957198287,2025-05-31,2020-12-22
여주시,민주농장,닭,육계,75000.0,경기도 여주시 흥천면 복대리 96,37.3568327565,127.54215293,2025-04-30,2025-01-04
여주시,부용농장,닭,육계,50000.0,경기도 여주시 연라동 100,37.2645445896,127.6150147855,2025-04-30,2025-01-04
여주시,상대농장,닭,육계,90000.0,경기도 여주시 흥천면 상대리 332,37.3453834973,127.505103223,2025-04-30,2025-01-04
여주시,상활농장,닭,육계,45000.0,경기도 여주시 가남읍 신해리 498,37.2328659138,127.5346997072,2025-05-31,2021-02-14
여주시,솔미농장,닭,육계,6000.0,경기도 여주시 대신면 초현리 382,37.3684460574,127.597442096,2025-05-31,2025-01-04
여주시,승화축산,닭,산란계,100000.0,경기도 여주시 흥천면 다대리 474,37.3388824446,127.5224769784,2025-05-31,2025-01-04
여주시,실로암농장,메추리,,85000.0,경기도 여주시 대신면 천서리 51,37.4041468819,127.5616928953,2025-04-30,2025-01-04
여주시,알로1농장,메추리,,160000.0,경기도 여주시 세종대왕면 오계리 336,37.2650692262,127.5923463148,2025-04-30,2025-01-04
여주시,여주서진농장,닭,육계,7000.0,경기도 여주시 강천면 가야리 66,37.2648024553,127.7044851079,2025-05-31,2024-12-26
여주시,여주자영농업고등학교,닭,산란계,30000.0,경기도 여주시 세종대왕면 왕대리 산 136,37.2920988094,127.6070914309,2025-04-30,2025-01-04
여주시,우솔농장,닭,산란계,17000.0,경기도 여주시 흥천면 상대리 69,37.349132405,127.515265206,2025-05-31,2025-01-04
여주시,원농장,닭,육계,40000.0,경기도 여주시 대신면 장풍리 594,37.3727053785,127.6123787192,2025-05-31,2025-01-04
여주시,유성농장,메추리,,100000.0,경기도 여주시 대신면 송촌리 198,37.3979018812,127.5746015276,2025-05-31,2025-01-04
여주시,율극농장,닭,산란계,200000.0,경기도 여주시 흥천면 율극리 264,37.3403353633,127.5661338783,2025-04-30,2025-01-04
여주시,이항모농장,닭,육계,40000.0,경기도 여주시 강천면 가야리 산 41,37.2611345885,127.6932539368,2025-04-30,2020-12-22
여주시,장호농장,닭,육계,25000.0,경기도 여주시 강천면 도전리 558,37.3487898086,127.7404817198,2025-04-30,2024-12-26
여주시,정원농장,닭,육계,45000.0,경기도 여주시 가남읍 은봉리 274,37.1805851717,127.5554496825,2025-05-31,2021-02-23
여주시,제일농장,메추리,,50000.0,경기도 여주시 대신면 후포리 156,37.3681020366,127.6187979377,2025-05-31,2025-01-04
여주시,조현농장,닭,육계,130000.0,경기도 여주시 대신면 무촌리 431,37.3934518377,127.5838949199,2025-04-30,2025-01-04
여주시,중앙농원,닭,육계,45000.0,경기도 여주시 북내면 운촌리 482,37.3305439701,127.708105993,2025-05-31,2024-12-26
여주시,창대메추리농장,메추리,,50000.0,경기도 여주시 세종대왕면 매류리 94,37.2791615535,127.5728424706,2025-05-31,2025-01-04
여주시,털보농장,닭,육계,30000.0,경기도 여주시 대신면 송촌리 172,37.4000273031,127.5774621394,2025-04-30,2025-01-04
여주시,누리농장,닭,육계,72160.0,경기도 여주시 북내면 장암리 268,37.3393596682,127.686420934,2025-04-30,2025-01-04
여주시,다산농장,닭,산란계,200.0,경기도 여주시 강천면 이호리 384,37.2917575953,127.6860890555,2025-04-30,2025-01-04
여주시,여주서진농장,닭,육계,7000.0,경기도 여주시 강천면 가야리 66,37.2648024553,127.7044851079,2025-05-31,2025-01-04
여주시,장호농장,닭,육계,25000.0,경기도 여주시 강천면 도전리 558,37.3487898086,127.7404817198,2025-04-30,2025-01-04
여주시,중앙농원,닭,육계,45000.0,경기도 여주시 북내면 운촌리 482,37.3305439701,127.708105993,2025-05-31,2025-01-04
용인시,계성농장,닭,육계,55000.0,경기도 용인시 처인구 백암면 백암리 72번지,37.1776169,127.3784438,2020-06-30,2020-12-23
용인시,금수농장,닭,육계,41000.0,경기도 용인시 처인구 이동읍 시미리 86-1번지,37.1618931,127.2101572,2020-11-30,2020-12-23
용인시,놀부농장,닭,육계,35000.0,경기도 용인시 처인구 백암면 용천리 382-3번지,37.1297304,127.3714775,2021-04-30,2021-02-01
용인시,늘푸른유정란농장,닭,산란계,20000.0,경기도 용인시 처인구 남사면 봉명리 617번지,37.1176494,127.1194719,2020-06-30,2022-02-08
용인시,도승농장,닭,육계,59500.0,경기도 용인시 처인구 백암면 박곡리 288-1번지,37.1637807,127.3967153,2020-07-31,2020-12-23
용인시,뿌리농장,닭,육계,50000.0,경기도 용인시 처인구 백암면 박곡리 175번지,37.170839,127.3984746,2020-06-30,2020-12-23
용인시,삼원농장,닭,육계,25000.0,경기도 용인시 처인구 백암면 고안리 531-2번지,37.135124,127.4084737,2020-11-30,2021-01-19
용인시,새한농원,닭,육계,50000.0,경기도 용인시 처인구 백암면 가창리 185-1번지,37.1967789,127.3678835,2020-11-30,2020-12-23
용인시,새한농원,닭,육계,50000.0,경기도 용인시 처인구 백암면 가창리 185-1번지 홍성산업,37.1967789,127.3678835,2020-11-30,2020-12-23
용인시,선진농장,닭,산란계,15000.0,경기도 용인시 처인구 남사면 봉명리 617번지,37.1176494,127.1194719,2020-06-30,2022-02-08
용인시,설해농장,닭,육계,42000.0,경기도 용인시 처인구 원삼면 미평리 77-1번지,37.1819738,127.3280266,2020-06-30,2020-12-23
용인시,세례농장,닭,산란계,109800.0,경기도 용인시 처인구 백암면 석천리 170번지,37.1082622,127.3788886,2020-11-30,2020-12-23
용인시,세례유정란농장,닭,산란계,13500.0,경기도 용인시 처인구 원삼면 문촌리 367번지 외1필지,37.1662255,127.2888684,2021-04-30,2020-12-23
용인시,스마일농장,닭,육계,57473.0,경기도 용인시 처인구 이동읍 서리 859번지,37.2138327,127.1610446,2020-11-30,2020-12-23
용인시,싱글벙글농장,닭,육계,85000.0,경기도 용인시 처인구 이동읍 서리 862번지,37.2142723,127.1624312,2020-11-30,2020-12-23
용인시,양지단비사슴농장,닭,육계,80.0,경기도 용인시 처인구 양지면 평창리 552-2번지,37.2219678,127.3191394,2020-11-30,2020-12-23
용인시,우진양계장,닭,육계,40000.0,경기도 용인시 처인구 남사면 창리 559번지,37.1385079,127.1723787,2020-11-30,2020-12-23
용인시,재영농장,닭,산란계,8000.0,경기도 용인시 처인구 포곡읍 삼계리 217-3번지,37.2921828,127.2296747,2021-04-30,2020-12-23
용인시,천하축산,닭,육계,15000.0,경기도 용인시 처인구 백암면 박곡리 288-2번지,37.1629527,127.3964408,2020-07-31,2020-12-23
용인시,한창농장,닭,육계,54000.0,경기도 용인시 처인구 백암면 근삼리 227-2번지,37.1434265,127.3771716,2020-07-31,2020-12-23
용인시,혜민농장,닭,육계,27000.0,경기도 용인시 처인구 백암면 가좌리 356-5번지,37.1784232,127.341085,2020-06-30,2020-12-23
용인시,대부농장,닭,육계,50000.0,경기도 용인시 처인구 이동읍 묘봉리 326번지,37.1313939,127.2291828,2021-06-30,2020-12-23
용인시,스마일농장,닭,육계,57473.0,경기도 용인시 처인구 이동읍 서리 859번지,37.2138327,127.1610446,2020-11-30,2021-01-19
용인시,싱글벙글농장,닭,육계,85000.0,경기도 용인시 처인구 이동읍 서리 862번지,37.2142723,127.1624312,2020-11-30,2021-01-19
용인시,용인농장,닭,육계,40000.0,경기도 용인시 처인구 백암면 고안리 589번지,37.1393986,127.4126608,2021-06-30,2021-02-01
용인시,우진양계장,닭,육계,40000.0,경기도 용인시 처인구 남사면 창리 559번지,37.1385079,127.1723787,2020-11-30,2021-01-19
용인시,재영농장,닭,산란계,8000.0,경기도 용인시 처인구 포곡읍 삼계리 217-3번지,37.2921828,127.2296747,2021-04-30,2021-01-19
용인시,황새울농장,닭,육계,50000.0,경기도 용인시 처인구 남사면 창리 549번지,37.1390661,127.1727401,2021-06-30,2021-01-19
이천시,계림농장,닭,산란계,41700.0,경기도 이천시 백사면 도립리 261번지,37.340612344,127.4737744414,2020-11-30,2021-02-14
이천시,농업회사법인(주)에버그린팜,닭,육계,61800.0,경기도 이천시 설성면 제요리 437-1번지,37.1211548205,127.5548884906,2021-04-30,2021-02-23
이천시,늘푸른농장,닭,산란계,83000.0,경기도 이천시 율면 본죽리 115-1번지,37.0738483826,127.5274722033,2021-04-30,2021-02-23
이천시,대인농장,닭,산란계,30000.0,경기도 이천시 부발읍 가산리 427-38번지,37.2509801686,127.5042736902,2021-04-30,2021-02-14
이천시,대풍농장,메추리,,160000.0,경기도 이천시 장호원읍 선읍리 748번지,37.139443185,127.5742118629,2021-06-30,2021-02-23
이천시,대흥농장,닭,육계,82000.0,경기도 이천시 대월면 대흥리 182,37.2291196749,127.4813659401,2021-04-30,2021-02-14
이천시,도춘농장,닭,육계,10000.0,경기도 이천시 장호원읍 어석리 산18번지,37.088574135,127.6008295685,2020-07-31,2020-12-23
이천시,명성농장,닭,육계,65000.0,경기도 이천시 호법면 동산리 527-2번지,37.1938655934,127.4058250366,2021-04-30,2021-01-19
이천시,미래농장,닭,육계,10000.0,경기도 이천시 장호원읍 대서리 543-1,37.1159030541,127.5656567713,2020-11-30,2020-12-09
이천시,미래양계장,닭,육계,30000.0,경기도 이천시 설성면 제요리 713-10번지,37.1180758976,127.5455659639,2020-07-31,2020-12-09
이천시,부일농장,닭,산란계,22140.0,경기도 이천시 장호원읍 와현리 52-5번지,37.1683907081,127.6059141372,2020-07-31,2020-12-09
이천시,산성농장,닭,육계,30000.0,경기도 이천시 율면 산성리 178번지 3호,37.0515265612,127.5533737813,2020-11-30,2020-12-08
이천시,상봉농장,닭,종계,16200.0,경기도 이천시 설성면 상봉리 481-1번지,37.15795454,127.4987724375,2020-07-31,2020-12-09
이천시,상진농장,닭,종계,20550.0,경기도 이천시 장호원읍 선읍리 481-2번지,37.1358800684,127.578104011,2021-06-30,2021-02-23
이천시,서울종계장,닭,종계,23350.0,경기도 이천시 장호원읍 와현리 417번지 20호,37.1460471774,127.6029214494,2021-06-30,2021-02-23
이천시,선미농장,닭,육계,33000.0,경기도 이천시 설성면 수산리 275-1,37.1497876838,127.4993919303,2020-11-30,2020-12-09
이천시,설성양계,닭,산란계,104000.0,경기도 이천시 설성면 장천리 188번지,37.1408032934,127.5384634155,2021-04-30,2021-02-23
이천시,성대농장,오리,,6000.0,경기도 이천시 대월면 대대리 242번지,37.2159412653,127.4826202551,2020-11-30,2020-12-09
이천시,성재농장,오리,,10000.0,경기도 이천시 모가면 원두리 165-1번지,37.1839557666,127.4667760773,2021-06-30,2021-02-14
이천시,성지농장,닭,육계,42000.0,경기도 이천시 백사면 송말리 468번지,37.3441984745,127.4680604183,2020-07-31,2021-02-14
이천시,솔잎농장,오리,,22000.0,경기도 이천시 마장면 이치리 172-6번지,37.2626326004,127.3750862056,2020-11-30,2022-11-27
이천시,송이농장(2),닭,육계,16200.0,경기도 이천시 백사면 신대리 586번지,37.3204599012,127.4532738401,2021-04-30,2021-02-14
이천시,송정농장,닭,육계,33000.0,경기도 이천시 송정동 39번지,37.2993471123,127.4482206738,2021-04-30,2021-02-14
이천시,수광농장,닭,육계,200.0,경기도 이천시 백사면 현방리 393-1번지,37.3343324156,127.4943218672,2020-07-31,2021-02-14
이천시,신화농장,닭,육계,40000.0,경기도 이천시 신둔면 수하리 309번지,37.3161584137,127.4170262737,2020-11-30,2021-02-14
이천시,연암종계,닭,종계,12200.0,경기도 이천시 대월면 부필리 424-1번지,37.224704093,127.5058954088,2021-06-30,2021-02-14
이천시,오뚜기농장,닭,육계,25000.0,경기도 이천시 백사면 도립리 8번지,37.3339257379,127.4832365574,2021-06-30,2021-02-14
이천시,오성꿩농장,꿩,꿩,15000.0,경기도 이천시 장호원읍 와현리 42-20번지,37.1683563178,127.6040330255,2021-06-30,2021-02-23
이천시,온누리농장,닭,육계,30000.0,경기도 이천시 설성면 신필리 257번지,37.1331927835,127.5455412507,2020-07-31,2020-12-09
이천시,용수농장(2),닭,육계,35000.0,경기도 이천시 설성면 장천리 178번지 10호,37.1460946202,127.5408216092,2021-06-30,2021-02-23
이천시,용진농장,오리,,65000.0,경기도 이천시 설성면 신필리 375-1번지,37.1403432204,127.5395215948,2020-11-30,2020-12-09
이천시,우화농장,닭,산란계,7000.0,경기도 이천시 장호원읍 진암리 산39번지,37.1091351411,127.6207220319,2021-06-30,2021-02-23
이천시,원호농장(2),닭,육계,46000.0,경기도 이천시 율면 오성리 840번지,37.070750646,127.5462238494,2021-06-30,2021-02-23
이천시,유경농장,닭,육계,28000.0,경기도 이천시 장호원읍 선읍리 750번지,37.1371179534,127.5735115198,2021-04-30,2021-02-23
이천시,이동종계장,닭,종계,15000.0,경기도 이천시 백사면 신대리 422-2번지,37.3207938441,127.4543684305,2021-06-30,2021-02-14
이천시,이천농장,닭,산란계,44000.0,경기도 이천시 대월면 대대리 268-2번지,37.2153006581,127.4788897556,2021-04-30,2021-02-14
이천시,인광농장,닭,육계,25000.0,경기도 이천시 대월면 도리리 345번지,37.2082337404,127.4797031488,2021-04-30,2021-02-14
이천시,장군농장,닭,육계,40000.0,경기도 이천시 설성면 제요리 29번지,37.1192349709,127.5659817696,2021-06-30,2021-02-23
이천시,장평농장,닭,육계,20000.0,경기도 이천시 대월면 장평리 277번지,37.2107920928,127.5283557643,2020-07-31,2020-12-09
이천시,정성농장,닭,육계,27000.0,경기도 이천시 부발읍 대관리 32-3번지,37.3033338687,127.545496955,2021-06-30,2021-02-14
이천시,천왕농원,닭,산란계,36000.0,경기도 이천시 율면 산성리 474번지,37.0502689445,127.5490342678,2020-07-31,2020-12-08
이천시,천하축산,닭,종계,70000.0,경기도 이천시 장호원읍 와현리 388-13번지,37.1478578388,127.6042864615,2020-07-31,2020-12-09
이천시,풍한농장,닭,산란계,360000.0,경기도 이천시 대월면 초지리 59-5번지,37.2362961269,127.5071815429,2021-06-30,2021-02-14
이천시,한마음농장,닭,산란계,13500.0,경기도 이천시 설성면 신필리 83번지,37.1245185293,127.5517838881,2021-06-30,2021-02-23
이천시,한신종계장,닭,종계,25000.0,경기도 이천시 백사면 도립리 244번지,37.3417560845,127.4694952452,2020-11-30,2021-02-14
이천시,광림농원,닭,산란계,600.0,경기도 이천시 장호원읍 선읍리 산 131,37.1386228146,127.5740374341,2021-07-31,2021-02-23
이천시,농업회사법인 골드아이 유한회사,닭,산란계,90000.0,경기도 이천시 설성면 행죽리 779-1번지,37.1158978491,127.5356367928,2021-07-31,2021-02-23
이천시,농업회사법인 나래 주식회사,닭,산란계,250000.0,경기도 이천시 장호원읍 나래리 553-2번지,37.1847030202,127.5879221251,2021-07-31,2021-02-23
이천시,봉하농장,닭,육계,12000.0,경기도 이천시 백사면 송말리 624-2번지,37.3460482102,127.476041911,2021-07-31,2021-02-14
이천시,서경농장,닭,육계,73300.0,경기도 이천시 모가면 서경리 347번지 26호,37.1576523379,127.4826572419,2021-07-31,2021-02-02
이천시,승일농장,닭,육계,35000.0,경기도 이천시 마장면 이치리 298-3번지,37.2550890294,127.3851462491,2021-07-31,2022-11-27
이천시,오천농장,닭,산란계,35000.0,경기도 이천시 마장면 오천리 213번지,37.2427030209,127.3520168217,2021-07-31,2022-11-27
이천시,온새미로농원,닭,산란계,25.0,경기도 이천시 장호원읍 선읍리 산142-18번지,37.1326508677,127.5812418309,2021-07-31,2021-02-23
이천시,우리축산,닭,산란계,90000.0,경기도 이천시 백사면 도립리 278-2번지,37.3401343224,127.4725214772,2021-07-31,2021-02-14
이천시,원호농장(1),닭,육계,45000.0,경기도 이천시 율면 석산리 866번지,37.0575560302,127.5396923175,2021-07-31,2021-11-10
이천시,정기농장,닭,산란계,36190.0,경기도 이천시 율면 신추리 840-1번지,37.0917888319,127.5168450489,2021-07-31,2021-02-23
이천시,창대농장,닭,종계,17500.0,경기도 이천시 장호원읍 풍계리 862-2번지,37.1455536618,127.6104202553,2021-07-31,2021-02-23
이천시,호현농장,닭,종계,20000.0,경기도 이천시 장호원읍 와현리 388-4번지,37.1482079544,127.605908507,2021-07-31,2021-02-23
파주시,JC농장,닭,기타,110.0,경기도 파주시  법원읍 법원리 396-1,37.8492548703,126.8883071836,2021-04-30,2017-06-06
파주시,가월농장,닭,산란계,48000.0,경기도 파주시 적성면 가월리 198,37.9614981045,126.9105432587,2021-04-30,2021-01-27
파주시,강현농장,닭,육계,18500.0,경기도 파주시 적성면 답곡리 506,37.9493303692,126.855472526,2020-11-30,2021-01-27
파주시,고창농장,닭,토종닭,700.0,경기도 파주시 조리읍 뇌조리 132-8,37.7510878443,126.8146482492,2020-11-30,2016-12-30
파주시,구구농장,닭,산란계,15000.0,경기도 파주시 적성면 장현1리  42-2,37.9878394862,126.9847294385,2020-11-30,2021-01-27
파주시,구구파평농장,닭,산란계,65000.0,경기도 파주시 파평면 덕천리  491-1,37.9377478173,126.8536390751,2021-04-30,2021-01-27
파주시,궂모닝농장,닭,토종닭,1500.0,경기도 파주시 법원읍 동문리 216,37.8725652378,126.860007725,2021-04-30,2017-06-06
파주시,꼬끼촌,닭,육계,20000.0,경기도 파주시 적성면 장현리 227번지,37.9772883,126.9724587,2020-07-31,2021-01-27
파주시,꼬끼촌,닭,토종닭,24000.0,경기도 파주시 적성면 장현2리 227,37.977393399,126.9724825489,2021-06-30,2021-01-27
파주시,노재영부곡양계장,닭,산란계,30000.0,경기도 파주시 파주읍 부곡3리 120-1,37.8079318569,126.8290302902,2021-06-30,2017-06-06
파주시,늘푸른청계농원,닭,토종닭,400.0,경기도 파주시 탄현면 갈현리 347-1,37.7706710447,126.7185446773,2021-04-30,2023-01-03
파주시,담안농장,닭,육계,16000.0,경기도 파주시 적성면 장현2리 420,37.9780076341,126.9672684092,2020-11-30,2021-01-27
파주시,당하리농장,닭,육계,50000.0,경기도 파주시 당하동 240-144,37.7436151396,126.7458552664,2020-11-30,2023-01-03
파주시,대능축산,닭,육계,18000.0,경기도 파주시 법원읍 대능리 10-5,37.8421171917,126.8815241816,2021-04-30,2017-06-06
파주시,대명농장,닭,육계,300.0,경기도 파주시 법원읍 금곡리 102,37.8794139252,126.8851582043,2021-04-30,2017-06-06
파주시,대한농원,닭,토종닭,6500.0,경기도 파주시 문산읍 선유리 349-3,37.8781757903,126.8005917648,2021-04-30,2021-01-27
파주시,대한농장,닭,육계,91000.0,경기도 파주시 파평면 마산리  333-7,37.8831662934,126.8521036521,2021-04-30,2017-06-06
파주시,덕동양계,닭,산란계,20000.0,경기도 파주시 광탄면 용미리 159-12,37.7447881191,126.8817299945,2021-04-30,2016-12-30
파주시,덕일농장,닭,산란계,22000.0,경기도 파주시 파평면 덕천리 1-2,37.9360613354,126.904681002,2021-06-30,2021-01-27
파주시,두리농장,닭,육계,73000.0,경기도 파주시 탄현면 오금리 522-1,37.81523081,126.7123188917,2021-04-30,2017-01-25
파주시,문산농장,닭,토종닭,2000.0,경기도 파주시 문산읍 당동1리 산102-1,37.871464204,126.7612473938,2021-06-30,2021-01-27
파주시,미성농장,닭,토종닭,500.0,경기도 파주시 광탄면 마장리 산50-10,37.7851504977,126.8688368849,2021-04-30,2017-06-06
파주시,백운농장,닭,육계,28000.0,경기도 파주시 적성면 객현리 70,37.9605167947,126.9559660868,2021-04-30,2021-01-27
파주시,삼도농장,닭,육계,70000.0,경기도 파주시 문산읍 마정리 52-2,37.8999051262,126.7692345351,2020-11-30,2021-01-27
파주시,삼도농장,닭,육계,70000.0,경기도 파주시 문산읍 마정리 455-2,37.8957374527,126.7577308673,2020-11-30,2021-01-27
파주시,삼성농장,닭,토종닭,100.0,경기도 파주시 법원읍 법원2리 513,37.8579871327,126.8811528759,2021-06-30,2017-06-06
파주시,상훈농장,닭,산란계,25000.0,경기도 파주시 적성면 어유지리 458,38.0049870862,126.977740969,2021-04-30,2021-01-27
파주시,새말농장,닭,산란계,23000.0,경기도 파주시 탄현면 갈현리 821-97,37.7699591251,126.7151156514,2021-06-30,2023-01-03
파주시,샘골농원,닭,토종닭,5000.0,경기도 파주시 광탄면 마장리 298,37.7868409799,126.8700592633,2021-04-30,2017-06-06
파주시,성구농장,닭,토종닭,1000.0,경기도 파주시 광탄면 마장리 산50-10,37.7851504977,126.8688368849,2020-11-30,2017-06-06
파주시,성수농장,닭,육계,30000.0,경기도 파주시 광탄면 분수리 89-1,37.7572934243,126.8794837753,2020-11-30,2016-12-30
파주시,성원농장,닭,육계,15000.0,경기도 파주시 월롱면 덕은리 23-1,37.803335235,126.7890353935,2021-06-30,2025-09-13
파주시,소래축산,닭,토종닭,20000.0,경기도 파주시 광탄면 용미리 146,37.7462232501,126.8842527047,2021-04-30,2016-12-30
파주시,소래축산,닭,토종닭,90000.0,경기도 파주시 광탄면 용미리  133-11,37.7471265942,126.8829171723,2021-04-30,2016-12-30
파주시,소래축산,닭,토종닭,80000.0,경기도 파주시 광탄면 용미리  120-2,37.747827866,126.8825821717,2020-11-30,2016-12-30
파주시,소래축산,닭,종계,35000.0,경기도 파주시 파평면 덕천리 52-1,37.9399883435,126.8918349434,2020-11-30,2021-01-27
파주시,수영농장,닭,육계,40000.0,경기도 파주시 법원읍 직천리 850-1,37.9062135172,126.9088346486,2021-04-30,2018-03-18
파주시,수영농장,닭,육계,2000.0,경기도 파주시  연다산동 407,37.7388949683,126.7022670276,2020-11-30,2021-01-01
파주시,신한농장,닭,산란계,90000.0,경기도 파주시 적성면 어유지1리 339,37.9946282873,126.9811172159,2021-04-30,2021-01-27
파주시,쌀굴양계장,닭,토종닭,60.0,경기도 파주시  광탄면 창만리 505-1,37.8001359089,126.8549082876,2021-06-30,2017-06-06
파주시,아람농장,닭,육계,25000.0,경기도 파주시 문산읍 장산리 104,37.8891294723,126.7742858033,2021-06-30,2021-01-27
파주시,양지농장,닭,육계,13000.0,경기도 파주시 법원읍 삼방리 171,37.8346167954,126.8846665117,2021-06-30,2017-06-06
파주시,양호농장,닭,육계,50000.0,경기도 파주시 광탄면 마장리  242-2,37.7872355598,126.8710905433,2021-06-30,2017-06-06
파주시,억수농장,닭,육계,20000.0,경기도 파주시 파주읍 봉서리 439,37.8467917224,126.7958872452,2020-11-30,2011-01-18
파주시,영광농장,닭,육계,2600.0,경기도 파주시 광탄면 마장리 267번지 3호,37.7922857,126.8727515,2020-07-31,2017-06-06
파주시,영광농장,닭,육계,15000.0,경기도 파주시 광탄면 신산리 262번지 2호,37.7999236,126.8418656,2020-07-31,2017-06-06
파주시,영광농장,닭,토종닭,4000.0,경기도 파주시 광탄면 신산리  262-2,37.7999643299,126.8418129701,2021-06-30,2017-06-06
파주시,영광타조농장,타조,,11.0,경기도 파주시 동패동 1344번지,37.7053759,126.7286826,2020-07-31,2021-01-01
파주시,오복농장,닭,산란계,4000.0,경기도 파주시 광탄면 마장리  249-13,37.7889739872,126.8725749636,2021-06-30,2017-06-06
파주시,온누리농장,닭,토종닭,150.0,경기도 파주시 검산동 20-3,37.7851479124,126.7499900191,2021-06-30,2025-09-13
파주시,우농타조농장,타조,,100.0,경기도 파주시  동패동 616-3,37.7054691341,126.7135614141,2021-06-30,2021-01-01
파주시,우리농장,닭,육계,700.0,경기도 파주시 파주읍 백석리 396번지 2호,37.812032,126.80609,2020-07-31,2025-09-13
파주시,우리농장,닭,토종닭,2000.0,경기도 파주시 문산읍 사목리 692,37.8788630194,126.7497229506,2021-04-30,2021-01-27
파주시,원흥농원,닭,토종닭,300.0,경기도 파주시 광탄면 용미리 산 85,37.7312524152,126.8859881719,2021-06-30,2016-12-30
파주시,월롱축산,닭,산란계,30000.0,경기도 파주시 월롱면 도내리 731-2,37.7988174989,126.8083944653,2020-11-30,2016-12-30
파주시,은진목장,닭,토종닭,200.0,경기도 파주시 법원읍 직천리 440-1,37.8991027532,126.9258302249,2021-06-30,2018-03-18
파주시,은행농장,닭,토종닭,500.0,경기도 파주시 파주읍 봉암리 산8-11,,,2021-06-30,2021-01-27
파주시,이천농장,닭,육계,40000.0,"경기도 파주시 문산읍 이천리 178-1, 23-1",37.8711928956,126.838869377,2020-11-30,2017-06-06
파주시,인왕축산,닭,육계,27000.0,경기도 파주시 파주읍 연풍리 52,37.8208574614,126.8388899611,2021-04-30,2017-06-06
파주시,자연농장,닭,토종닭,2000.0,경기도 파주시 광탄면 창만리 302-2,37.7997288979,126.866005402,2021-06-30,2017-06-06
파주시,장산농장,닭,육계,60000.0,"경기도 파주시 문산읍 장산리 157,129-4",37.8987109177,126.7806191831,2021-06-30,2021-01-27
파주시,장산농장Ⅰ,닭,육계,30000.0,경기도 파주시 문산읍 장산리 149번지 12호,37.8974582,126.7803955,2020-07-31,2021-01-27
파주시,장지동농장,닭,토종닭,100.0,경기도 파주시 문산읍 마정리 233-2,37.8968498977,126.7642076301,2021-04-30,2021-01-27
파주시,조산농장,닭,육계,20000.0,경기도 파주시 조리읍 뇌조리 124-4,37.7532569875,126.8208970309,2021-06-30,2025-09-13
파주시,주신농장,닭,육계,12000.0,경기도 파주시 적성면 어유지리  315-17,37.993567472,126.98377827,2021-06-30,2021-01-27
파주시,준수네농장,닭,토종닭,100.0,경기도 파주시 파주읍 봉암3리 305,37.8303607821,126.7988615781,2021-04-30,2011-01-18
파주시,진미농장,닭,육계,19000.0,경기도 파주시  교하동 520,37.751520061,126.7415208854,2021-04-30,2023-01-03
파주시,진흥농장,닭,육계,40000.0,경기도 파주시 상지석동 712,37.7355065323,126.7793061836,2021-06-30,2023-01-08
파주시,진흥농장,닭,육계,40000.0,경기도 파주시 상지석동 712번지 진흥농장,37.7352858,126.7789872,2020-07-31,2023-01-08
파주시,채니농장,닭,육계,100000.0,경기도 파주시 문산읍 사목리 93,37.8784775553,126.7628943531,2021-06-30,2021-01-27
파주시,천마농장,닭,토종닭,200.0,경기도 파주시 적성면 답곡리 396,37.9482327893,126.8534771747,2020-11-30,2021-01-27
파주시,청암농장,닭,육계,30000.0,경기도 파주시 문산읍 장산리 105,37.8900337906,126.7747773245,2021-06-30,2021-01-27
파주시,청운농장,닭,육계,25000.0,경기도 파주시 적성면 객현리 118,37.9681987884,126.9602299567,2020-11-30,2021-01-27
파주시,청원농장,닭,육계,37100.0,경기도 파주시 적성면 답곡리 261,37.9517259848,126.8551442751,2021-06-30,2021-01-27
파주시,청풍농장,닭,토종닭,8000.0,경기도 파주시 광탄면 창만리  428-9,37.7866552888,126.8637362085,2020-11-30,2017-06-06
파주시,충남농장,닭,토종닭,700.0,경기도 파주시 파주읍 연풍리 335-6,37.8234568299,126.8394000596,2021-06-30,2017-06-06
파주시,친환경우리농장,닭,토종닭,1000.0,경기도 파주시 광탄면 영장리 193,37.7686656188,126.9052421176,2021-06-30,2017-06-06
파주시,칠성농장,닭,육계,20000.0,경기도 파주시 문산읍 마정리 90,,,2021-06-30,2021-01-27
파주시,탄현농장,닭,육계,60000.0,경기도 파주시 탄현면 금산리 산60-1,37.8005398544,126.7096579276,2021-04-30,2023-01-03
파주시,통일로금촌농장,닭,기타,55.0,경기도 파주시 아동동50-30,,,2021-06-30,2021-01-27
파주시,파랑새농장,닭,토종닭,2000.0,경기도 파주시 군내면 읍내리 822,37.9358709829,126.7318213921,2021-06-30,2021-01-27
파주시,파주농장,닭,육계,15000.0,경기도 파주시 문산읍 이천2리 61,37.8765126358,126.8468291041,2021-04-30,2017-06-06
파주시,파주정수농장,닭,토종닭,300.0,경기도 파주시  광탄면 분수리 299,37.761813569,126.8601117321,2021-06-30,2016-12-30
파주시,파주종계장,닭,육용종계,40000.0,경기도 파주시 적성면 장현2리 146,37.9811986376,126.9789571983,2021-04-30,2021-01-27
파주시,파평산토종닭농장,닭,육계,1500.0,경기도 파주시 파평면 덕천리 산 259번지 9호,37.9300197,126.8986929,2020-07-31,2018-03-18
파주시,파평산토종닭농장,닭,토종닭,300.0,경기도 파주시 파평면 눌노리  11-5,37.9303193962,126.8658091409,2021-06-30,2017-06-06
파주시,풍원농장,닭,육계,25000.0,경기도 파주시 문산읍 사목리 93-1,37.8784775553,126.7628943531,2021-06-30,2021-01-27
파주시,하마농장,닭,토종닭,120.0,경기도 파주시 적성면 자장리 148,37.9611597654,126.8696215322,2021-04-30,2021-01-27
파주시,해이리농장,닭,토종닭,250.0,경기도 파주시 탄현면 법흥2리 398,37.786725618,126.7110474133,2021-06-30,2023-01-03
파주시,해피농장,닭,토종닭,2500.0,경기도 파주시  하지석동 450-1,37.7545847956,126.7359839323,2021-04-30,2023-01-03
파주시,해피농장,닭,토종닭,2500.0,경기도 파주시  하지석동 447-2,37.7549802482,126.7355464983,2021-06-30,2023-01-03
파주시,행복목장,닭,육계,30000.0,경기도 파주시 문산읍 장산리 153,37.8979628922,126.7804849997,2021-04-30,2021-01-27
파주시,현인농?,닭,토종닭,1000.0,경기도 파주시 파주읍 향양2리 320-1,37.8446500937,126.8117173308,2021-06-30,2017-06-06
파주시,형제농장,닭,육계,45000.0,경기도 파주시  맥금동 533-1,37.7919056099,126.7287284354,2021-06-30,2023-01-03
파주시,환희농장,닭,육계,27000.0,경기도 파주시 문산읍 장산리 107-9,37.8898783115,126.7740976857,2021-06-30,2021-01-27
파주시,황토속,닭,육계,150.0,경기도 파주시 광탄면 창만리 1160번지 1호,37.8054789,126.8528341,2020-07-31,2017-06-06
파주시,희망농장,닭,육계,15000.0,경기도 파주시 월롱면 위전리 521-1,37.7887270338,126.7954050869,2020-11-30,2016-12-30
파주시,희망농장,닭,토종닭/산란계,3000.0,경기도 파주시 광탄면 창만리 248-5,37.7956154074,126.8706560452,2021-04-30,2017-06-06
파주시,DMZ황금알농장,닭,산란계,,경기도 파주시 진동면 하포리 623번지,37.9238797729,126.8129430157,2026-01-31,2025-09-13
파주시,가월농장,닭,산란계,,경기도 파주시 적성면 가월리 198번지 등2(1526),37.9619558663,126.9105266913,2025-07-31,2021-01-27
파주시,가월농장,닭,산란계,42000.0,경기도 파주시 적성면 가월리  1526,37.9619850524,126.9100497922,2025-04-30,2021-01-27
파주시,강현농장,닭,육계,,경기도 파주시 적성면 답곡리 506번지,37.9493300575,126.8554156194,2026-02-26,2025-09-13
파주시,고창농장,닭,산란계,600.0,경기도 파주시 조리읍 뇌조리  132-8,37.7510878443,126.8146482492,2025-05-31,2025-09-13
파주시,고창농장,닭,육계,,경기도 파주시 조리읍 뇌조리 132-8,37.7512117875,126.8146871176,2025-07-31,2025-09-13
파주시,구구농장,닭,산란계,,경기도 파주시 적성면 장현리 44-1,37.9873893574,126.9848464647,2026-01-31,2021-01-27
파주시,구구농장,닭,산란계,19000.0,경기도 파주시 적성면 장현리 42-2,37.9878394862,126.9847294385,2025-04-30,2021-01-27
파주시,굿모닝농장,닭,육계,,경기도 파주시 법원읍 동문리 214-1,37.8725193229,126.8603425945,2025-07-31,2017-06-06
파주시,굿모닝농장,닭,육계,4000.0,경기도 파주시 법원읍 동문리  214-1,37.8723830486,126.8603361088,2025-05-31,2017-06-06
파주시,꼬끼촌,닭,육계,,경기도 파주시 적성면 장현리 226,37.9771037715,126.9722113528,2026-02-26,2021-01-27
파주시,농업회사법인 더 팸팜,닭,산란계,,경기도 파주시 야동동 803번지,37.7717365528,126.7542585591,2025-08-31,2025-09-13
파주시,느림보농장,닭,산란계,,경기도 파주시 적성면 구읍리 628-10,37.9523363522,126.9272057648,2025-08-31,2021-01-27
파주시,늘푸른청계농원,닭,산란계,,경기도 파주시 탄현면 갈현리 347-1,37.770763303,126.7186244825,2025-08-31,2025-09-13
파주시,담안농장,닭,육계,,경기도 파주시 적성면 장현리 419,37.9782730836,126.9671357898,2026-01-31,2021-01-27
파주시,담안농장,닭,육계,15000.0,경기도 파주시 적성면 장현리 417,37.9787201278,126.9668936873,2025-04-30,2021-01-27
파주시,당하리농장,닭,육계,,경기도 파주시 당하동 240-144,37.7439145849,126.7459797089,2025-08-31,2025-09-13
파주시,당하리농장,닭,육계,56000.0,경기도 파주시 당하동   240-144,37.7439145849,126.7459797089,2025-04-30,2025-09-13
파주시,대능축산,닭,육계,,경기도 파주시 법원읍 대능리 10-5,37.8421171917,126.8815241816,2025-07-31,2017-06-06
파주시,대능축산,닭,육계,17500.0,경기도 파주시 법원읍 대능리 10-5,37.8421171917,126.8815241816,2025-05-31,2017-06-06
파주시,대림2농장,닭,육계,,경기도 파주시 광탄면 마장리 242-2,37.7873346993,126.8710897031,2025-08-31,2017-06-06
파주시,대원농장,닭,육계,,경기도 파주시 조리읍 대원리 1137번지,37.7280753202,126.8202748664,2025-08-31,2025-09-13
파주시,대한농장,닭,육계,88000.0,경기도 파주시 파평면 마산리 334-3,37.8830521961,126.8526618627,2025-05-31,2017-06-06
파주시,대한농장,닭,육계,,경기도 파주시 파평면 마산리 334-3,37.8830521961,126.8526618627,2025-07-31,2017-06-06
파주시,덕동양계,닭,산란계,,경기도 파주시 광탄면 용미리 159-11,37.7449104348,126.8814032563,2026-02-26,2016-12-30
파주시,덕동양계,닭,산란계,9700.0,경기도 파주시 광탄면 용미리 159-11,37.7449013029,126.8813806313,2025-04-30,2016-12-30
파주시,덕일농장,닭,산란계,,경기도 파주시 파평면 덕천리 1-2,37.9360522078,126.9046583159,2026-02-26,2021-01-27
파주시,덕일농장,닭,산란계,67200.0,경기도 파주시 파평면 덕천리 1-2,37.9360522078,126.9046583159,2025-04-30,2021-01-27
파주시,만년농장,닭,산란계,,경기도 파주시 야동동 750번지,37.7730562703,126.7530641756,2025-07-31,2025-09-13
파주시,백운농장,닭,육계,,경기도 파주시 적성면 객현리 70번지,37.9604734991,126.95604041,2025-08-31,2021-01-27
파주시,백운농장,닭,육계,36500.0,경기도 파주시 적성면 객현리  70,37.9604734991,126.95604041,2025-05-31,2021-01-27
파주시,산석진농장,닭,산란계,,경기도 파주시 아동동 127-2,37.7688963633,126.7897295722,2026-01-31,2025-09-13
파주시,삼도농장,닭,육계,,경기도 파주시 문산읍 마정리 455-2,37.8958276124,126.7577628991,2025-08-31,2025-09-13
파주시,삼도농장,닭,육계,65000.0,경기도 파주시 문산읍 마정리  455-2,37.8957374527,126.7577308673,2025-04-30,2025-09-13
파주시,상훈농장,닭,산란계,,경기도 파주시 적성면 어유지리 458,38.0049870862,126.977740969,2025-07-31,2023-01-03
파주시,상훈농장,닭,산란계,15000.0,경기도 파주시 적성면 어유지리 458,38.0049870862,126.977740969,2025-04-30,2023-01-03
파주시,새말농장,닭,산란계,19920.0,경기도 파주시 탄현면 갈현리 821-130,37.7699591251,126.7151156514,2025-04-30,2025-09-13
파주시,새말농장,닭,산란계,,경기도 파주시 탄현면 갈현리 814-8,37.7699591251,126.7151156514,2025-07-31,2025-09-13
파주시,샘골농원,닭,육계,,경기도 파주시 광탄면 마장리 298번지,37.7869169511,126.8700181524,2026-02-26,2017-06-06
파주시,선화농장,닭,육계,,경기도 파주시 문산읍 장산리 164번지,37.9011647632,126.7793966476,2025-07-31,2025-09-13
파주시,선화농장,닭,육계,17000.0,경기도 파주시 문산읍 장산리  164,37.9011049231,126.7793158182,2025-04-30,2025-09-13
파주시,성수농장,닭,육계,,경기도 파주시 광탄면 분수리 98-17,37.7556795885,126.8759780917,2025-08-31,2016-12-30
파주시,성수농장,닭,육계,33500.0,경기도 파주시 광탄면 분수리 98-17,37.7560384147,126.8756572162,2025-04-30,2016-12-30
파주시,성원농장,닭,육계,,경기도 파주시 월롱면 덕은리 435번지,37.8016336849,126.7893984671,2026-02-26,2025-09-13
파주시,성원농장,닭,육계,15000.0,경기도 파주시 월롱면 덕은리 435,37.8016336849,126.7893984671,2025-05-31,2025-09-13
파주시,소래축산,닭,육계,,경기도 파주시 광탄면 용미리 120-2,37.747827866,126.8825821717,2026-01-31,2016-12-30
파주시,소래축산,닭,육계,,경기도 파주시 광탄면 용미리 133-11,37.7471265942,126.8829171723,2025-08-31,2016-12-30
파주시,수영농장,닭,육계,22000.0,경기도 파주시 연다산동 407,37.7388949683,126.7022670276,2025-04-30,2024-12-20
파주시,수영농장,닭,육계,38000.0,경기도 파주시 법원읍 직천리  850,37.9067659945,126.9084135978,2025-04-30,2018-03-18
파주시,수영농장,닭,육계,,경기도 파주시 법원읍 직천리 850번지,37.9068296986,126.9085082135,2025-07-31,2018-03-18
파주시,수영농장,닭,육계,,경기도 파주시 연다산동 407번지,37.7388949683,126.7022670276,2025-07-31,2025-09-13
파주시,신한농장,닭,산란계,120000.0,경기도 파주시 적성면 어유지리 339,37.9946282873,126.9811172159,2025-05-31,2021-01-27
파주시,신한농장,닭,산란계,,경기도 파주시 적성면 어유지리 339번지,37.9946282873,126.9811172159,2026-01-31,2021-01-27
파주시,아람농장,닭,육계,26000.0,경기도 파주시 문산읍 장산리 104,37.8891294723,126.7742858033,2025-04-30,2025-09-13
파주시,아람농장,닭,육계,,경기도 파주시 문산읍 장산리 104번지,37.8891294723,126.7742858033,2026-01-31,2025-09-13
파주시,양지농장,닭,육계,9300.0,경기도 파주시 법원읍 삼방리 171-1,37.8346167954,126.8846665117,2025-05-31,2017-06-06
파주시,양지농장,닭,육계,,경기도 파주시 법원읍 삼방리 171번지,37.8346167954,126.8846665117,2025-08-31,2017-06-06
파주시,양호농장,닭,육계,47600.0,경기도 파주시 광탄면 마장리 242-2,37.7873347599,126.8711010595,2025-05-31,2017-06-06
파주시,억수농장,닭,육계,,경기도 파주시 파주읍 봉서리 439번지,37.8467917224,126.7958872452,2026-02-26,2011-01-18
파주시,억수농장,닭,육계,17800.0,경기도 파주시 파주읍 봉서리 439,37.8467917224,126.7958872452,2025-05-31,2011-01-18
파주시,연수농장,닭,산란계,,경기도 파주시 적성면 객현리 347-1,37.9700941533,126.9457790462,2025-08-31,2021-01-27
파주시,영광타조농장,타조,,,경기도 파주시 동패동 1344번지,37.7055431732,126.7288642148,2025-07-31,2025-09-13
파주시,오서방네 농장,닭,육계,,경기도 파주시 탄현면 금산리 92,37.7943470818,126.7104907424,2026-02-26,2025-09-13
파주시,온정농원,닭,산란계,,경기도 파주시 서패동 437번지,37.7122231845,126.7023413431,2026-01-31,2025-09-13
파주시,우농타조,타조,,40.0,경기도 파주시 동패동 616-3,37.7054691341,126.7135614141,2025-04-30,2024-12-20
파주시,우농타조농장,타조,,,경기도 파주시 동패동 614-2,37.7056223303,126.7149097787,2025-08-31,2025-09-13
파주시,우리농장,닭,육계,,경기도 파주시 문산읍 사목리 692번지,37.8788630194,126.7497229506,2025-07-31,2025-09-13
파주시,웅담2농장,닭,육계,,경기도 파주시 법원읍 웅담리 268-1,37.9018146748,126.8875766549,2025-07-31,2017-06-06
파주시,원이농장,닭,육계,,경기도 파주시 탄현면 갈현리 1443번지,37.7593348975,126.721145302,2025-08-31,2025-09-13
파주시,월롱축산,닭,산란계,,경기도 파주시 월롱면 도내리 731-2,37.7988174989,126.8083944653,2026-02-26,2025-09-13
파주시,유니온,닭,육계,,경기도 파주시 연다산동 916번지,37.7578986245,126.7092237451,2026-01-31,2025-09-13
파주시,이천농장,닭,육계,,경기도 파주시 문산읍 이천리 23-1,37.8720960049,126.8419221665,2025-07-31,2017-06-06
파주시,이천농장,닭,육계,,경기도 파주시 문산읍 이천리 178-1,37.8711998793,126.8390322047,2025-07-31,2017-06-06
파주시,이천농장1,닭,육계,17000.0,경기도 파주시 문산읍 이천리  178-3,37.87102194,126.8390288696,2025-05-31,2017-06-06
파주시,이천농장2,닭,육계,17000.0,경기도 파주시 문산읍 이천리 23-1,37.8725191475,126.8418388123,2025-04-30,2017-06-06
파주시,인왕축산,닭,육계,,경기도 파주시 파주읍 연풍리 52-1,37.8203960839,126.8384502064,2025-08-31,2017-06-06
파주시,인왕축산,닭,육계,20000.0,경기도 파주시 파주읍 연풍리 52-1,37.8203960839,126.8384502064,2025-05-31,2017-06-06
파주시,장산농장1,닭,육계,15000.0,경기도 파주시 문산읍 장산리  149-12,37.8978016286,126.7804449199,2025-05-31,2025-09-13
파주시,장산농장2,닭,육계,10000.0,경기도 파주시 문산읍 장산리  157,37.8987380098,126.7806532101,2025-04-30,2025-09-13
파주시,장산농장Ⅰ,닭,육계,,경기도 파주시 문산읍 장산리 149=12,37.8978016286,126.7804449199,2025-07-31,2025-09-13
파주시,장산농장Ⅱ,닭,육계,,경기도 파주시 문산읍 장산리 157번지,37.8988457358,126.7807472178,2026-02-26,2025-09-13
파주시,재창농장,닭,육계,,경기도 파주시 파평면 마산리 273번지,37.8887722425,126.8504510032,2026-01-31,2017-06-06
파주시,조산농장,닭,육계,19500.0,경기도 파주시 조리읍 뇌조리 124-4,37.7532569875,126.8208970309,2025-04-30,2025-09-13
파주시,조산농장,닭,육계,,경기도 파주시 조리읍 뇌조리 124-4,37.7532569875,126.8208970309,2025-07-31,2025-09-13
파주시,조은농장,닭,육계,,경기도 파주시 법원읍 갈곡리 2번지,37.852441698,126.9344307915,2026-02-26,2018-03-18
파주시,지원농장,메추리,,,경기도 파주시 광탄면 발랑리 217-1,37.7985258413,126.8998686422,2025-08-31,2017-06-06
파주시,지원농장,메추리,,360000.0,경기도 파주시 광탄면 발랑리 217-1,37.7987678535,126.8996054331,2025-05-31,2017-06-06
파주시,진미농장,닭,육계,,경기도 파주시 교하동 520번지,37.751520061,126.7415208854,2025-08-31,2025-09-13
파주시,진미농장,닭,육계,18000.0,경기도 파주시 교하동 520,37.751520061,126.7415208854,2025-05-31,2025-09-13
파주시,진흥농장,닭,육계,40500.0,경기도 파주시 상지석동 712,37.7355065323,126.7793061836,2025-05-31,2025-09-13
파주시,진흥농장,닭,육계,,경기도 파주시 상지석동 712번지 진흥농장,37.7355065323,126.7793061836,2026-02-26,2025-09-13
파주시,채니농장,닭,육계,,경기도 파주시 문산읍 사목리 94-2,37.8784775553,126.7628943531,2026-01-31,2025-09-13
파주시,채니농장,닭,육계,37000.0,경기도 파주시 문산읍 사목리 94-2,37.8784775553,126.7628943531,2025-05-31,2025-09-13
파주시,청암농장,닭,육계,20000.0,경기도 파주시 문산읍 장산리 105,37.8900337906,126.7747773245,2025-05-31,2025-09-13
파주시,청암농장,닭,육계,,경기도 파주시 문산읍 장산리 105번지,37.8900337906,126.7747773245,2025-07-31,2025-09-13
파주시,청운농장,닭,육계,22000.0,경기도 파주시 적성면 객현리 117-4,37.9681987884,126.9602299567,2025-05-31,2021-01-27
파주시,청운농장,닭,육계,,경기도 파주시 적성면 객현리 117-4,37.9681083495,126.9601623099,2026-01-31,2021-01-27
파주시,청원농장,닭,육계,37800.0,경기도 파주시 적성면 답곡리 261,37.9517259848,126.8551442751,2025-05-31,2025-09-13
파주시,청원농장,닭,육계,,경기도 파주시 적성면 답곡리 261번지,37.9517259848,126.8551442751,2026-02-26,2025-09-13
파주시,충청농장,닭,육계,,경기도 파주시 적성면 율포리 148-1,37.9850659932,126.9611426693,2026-01-31,2021-01-27
파주시,충청농장,닭,육계,92500.0,경기도 파주시 적성면 율포리  148-1,37.9853071393,126.9606626318,2025-04-30,2021-01-27
파주시,친환경우리농장,닭,육계,,경기도 파주시 광탄면 영장리 193번지,37.7686656188,126.9052421176,2025-07-31,2017-06-06
파주시,타조하니생태농장,타조,,11.0,경기도 파주시 조리읍 장곡리  251-1,37.759421565,126.8452898671,2025-05-31,2016-12-30
파주시,탄현농장,닭,육계,,경기도 파주시 탄현면 금산리 76,37.8007994697,126.7120859743,2026-02-26,2025-09-13
파주시,탄현농장,닭,육계,54800.0,경기도 파주시 탄현면 금산리  76-8,37.8012136787,126.7133765006,2025-04-30,2025-09-13
파주시,탄현농장,닭,육계,32000.0,경기도 파주시 탄현면 금산리 102-1,37.8005398544,126.7096579276,2025-04-30,2025-09-13
파주시,통일로 금촌농장,닭,육계,,경기도 파주시 아동동 5-30,37.761873163,126.7966886443,2025-07-31,2025-09-13
파주시,파랑새농장,닭,육계,,경기도 파주시 군내면 읍내리 822번지,37.9360070113,126.7319632608,2025-08-31,2025-09-13
파주시,파주농장,닭,육계,,경기도 파주시 문산읍 이천리 61번지,37.876353131,126.8470498592,2026-01-31,2017-06-06
파주시,파주정수농장,닭,산란계,,경기도 파주시 광탄면 분수리 299번지,37.761813569,126.8601117321,2025-07-31,2016-12-30
파주시,해피농장,닭,육계,,경기도 파주시 하지석동 447-2,37.7551053061,126.7355689206,2025-08-31,2025-09-13
파주시,행복목장,닭,육계,26000.0,경기도 파주시 문산읍 장산리  153,37.8979899629,126.780507657,2025-05-31,2025-09-13
파주시,행복목장,닭,육계,,경기도 파주시 문산읍 장산리 153번지,37.8980713888,126.7805397438,2025-07-31,2025-09-13
파주시,헤이리농장,닭,육계,,경기도 파주시 탄현면 법흥리 399-2,37.7867015173,126.7104980996,2026-02-26,2025-09-13
파주시,현인농원,닭,산란계,800.0,경기도 파주시 파평면 율곡리 491-12,37.8872000415,126.81015009,2025-04-30,2025-09-13
파주시,현인농원,닭,산란계,,경기도 파주시 파평면 율곡리 491-12,37.8872000415,126.81015009,2026-01-31,2025-09-13
파주시,형제농장,닭,육계,,경기도 파주시 맥금동 533-1,37.7919056099,126.7287284354,2025-08-31,2025-09-13
파주시,형제농장,닭,육계,51000.0,경기도 파주시 맥금동 533-1,37.7919056099,126.7287284354,2025-05-31,2025-09-13
파주시,환희농장,닭,육계,,경기도 파주시 문산읍 장산리 107-9,37.8899282106,126.7741318134,2026-01-31,2025-09-13
파주시,환희농장,닭,육계,18000.0,경기도 파주시 문산읍 장산리  107-9,37.8898783115,126.7740976857,2025-04-30,2025-09-13
파주시,희망농장,닭,육계,18000.0,경기도 파주시 월롱면 위전리 521-1,37.7887270338,126.7954050869,2025-05-31,2025-09-13
파주시,희망농장,닭,육계,,경기도 파주시 월롱면 위전리 522-1,37.7890811708,126.795844655,2026-01-31,2025-09-13
평택시,고덕농장,닭,육계,700.0,경기도 평택시 고덕면 좌교리 374번지,127.0200125,37.0421247,2018-03-14,2018-01-28
평택시,노다지양계장,닭,육계,2178.0,경기도 평택시 청북읍 고렴리 산 141번지 4호,126.9183376,37.0663074,2018-04-30,2014-02-17
평택시,농업회사법인 양지부화장㈜,닭,산란계,384000.0,경기도 평택시 오성면 죽리 148-16번지,126.9658501,37.007267,2018-04-30,2018-01-28
평택시,농업회사법인 주식회사 해오름양계,닭,육계,3232.0,경기도 평택시 오성면 양교리 281-3번지,126.981428,37.0272114,2018-04-30,2018-01-28
평택시,당거농장,닭,육계,2411.0,경기도 평택시 오성면 당거리 18번지,127.0061282,36.9884403,2018-04-30,2018-01-28
평택시,대길농장,닭,육계,2160.0,경기도 평택시 고덕면 방축리 271번지,127.0453706,37.0209343,2018-04-30,2018-01-28
평택시,도일농장,닭,육계,2765.0,경기도 평택시 도일동 산 13번지 3호,127.0965903,37.0480811,2018-04-30,2018-01-28
평택시,동순농장,닭,육계,330.0,경기도 평택시 오성면 숙성리 51-5번지,126.9846231,37.0127408,2018-03-14,2018-01-28
평택시,두곡농장,닭,육계,3257.0,경기도 평택시 서탄면 마두리 432-15번지,127.0112293,37.1051457,2018-03-14,2018-01-28
평택시,매치농장,닭,육계,940.0,경기도 평택시 팽성읍 석근리 산 12번지,127.0432475,36.9373245,2018-04-30,2018-01-28
평택시,미하농장,닭,육계,2100.0,경기도 평택시 서탄면 마두리 425-25번지,127.0076182,37.106092,2018-04-30,2018-01-28
평택시,버들농장,닭,육계,1968.0,경기도 평택시 합정동 242-1번지,127.1022018,36.9805775,2018-03-14,2018-01-28
평택시,서탄농장,닭,육계,1622.0,경기도 평택시 서탄면 수월암리 302번지,127.0326133,37.128894,2018-04-30,2018-01-28
평택시,성산농장,닭,육계,1408.0,경기도 평택시 서탄면 수월암리 941번지 1호,127.0259498,37.1238947,2018-03-14,2018-01-28
평택시,세진농장,닭,육계,1965.0,경기도 평택시 도일동 산152-1번지,127.0947492,37.0594899,2018-04-30,2018-01-28
평택시,야막농장,닭,육계,2240.0,경기도 평택시 진위면 야막리 118-3번지,127.0608132,37.1275861,2018-03-14,2018-01-28
평택시,여두선농장,닭,육계,2248.0,경기도 평택시 고덕면 방축리 388번지,127.0412591,37.023684,2018-04-30,2018-01-28
평택시,영계마을 2농장,닭,육계,2584.0,경기도 평택시 청북읍 어연리 548-3번지,126.9866283,37.0412058,2018-03-14,2018-01-28
평택시,오성농원,닭,육계,249.0,경기도 평택시 안중읍 삼정리 384-8번지,126.9729086,36.9717487,2018-04-30,2018-01-28
평택시,우성농장,닭,육계,844.0,경기도 평택시 포승읍 희곡리 450번지,126.8767513,36.9609087,2018-03-14,2018-01-28
평택시,원범농장,닭,육계,968.0,경기도 평택시 서탄면 마두리 53번지,127.0252819,37.110316,2018-04-30,2018-01-28
평택시,은혜농장,닭,육계,2096.0,경기도 평택시 현덕면 화양리 산 179번지 2호,126.9220666,36.9745814,2018-04-30,2018-01-28
평택시,이조농원,닭,육계,926.0,경기도 평택시 포승읍 희곡리 46-4번지,126.8709657,36.9691022,2018-04-30,2018-01-28
평택시,일진농장,닭,육계,2700.0,경기도 평택시 청북읍 삼계리 산 32번지 4호,126.9200255,37.0444668,2018-03-14,2014-02-17
평택시,장게농장,닭,육계,3420.0,경기도 평택시 청북읍 율북리 160-1번지 (외3필지),126.9904568,37.0689319,2018-04-30,2018-01-28
평택시,창내농장,닭,육계,4375.0,경기도 평택시 오성면 창내리 133-35번지 (외 2필지),127.0138676,36.9890796,2018-03-14,2018-01-28
평택시,태평농장,닭,육계,787.0,경기도 평택시 고덕면 궁리 360-2번지,127.0245691,37.0174078,2018-04-30,2018-01-28
평택시,한솔농장,닭,육계,1899.0,경기도 평택시 도일동 산 2번지 1호,127.0965903,37.0480811,2018-03-14,2018-01-28
평택시,현덕농장,닭,육계,1368.0,경기도 평택시 현덕면 도대리 산 3번지,126.9122794,36.9506778,2018-04-30,2018-01-28
평택시,효진농장,닭,육계,2590.0,경기도 평택시 포승읍 석정리 465번지,126.885242,37.003493,2018-04-30,2018-01-28
평택시,검은들농장,닭,육계,1848.0,경기도 평택시 포승읍 석정리 477-2번지 (등 2필지(477-2)),126.8838547,36.9997702,2018-08-31,2018-03-18
평택시,고덕농장,닭,육계,700.0,경기도 평택시 고덕면 좌교리 374번지,127.0200125,37.0421247,2018-03-14,2018-03-18
평택시,군문주말농장,닭,육계,87.0,경기도 평택시 군문동 151번지 3호,127.0891119,36.985859,2018-08-31,2018-03-18
평택시,길음농장,닭,육계,2610.0,경기도 평택시 오성면 길음리 206번지,126.9652115,36.9807483,2018-08-31,2018-03-18
평택시,농업회사법인 양지부화장㈜,닭,산란계,384000.0,경기도 평택시 오성면 죽리 148-16번지,126.9658501,37.007267,2018-04-30,2018-03-18
평택시,농업회사법인 조인㈜,닭,산란계,499200.0,경기도 평택시 오성면 양교리 301-1번지,126.9827109,37.0204897,2018-08-31,2018-03-18
평택시,농업회사법인 주식회사 해오름양계,닭,육계,3232.0,경기도 평택시 오성면 양교리 281-3번지,126.981428,37.0272114,2018-04-30,2018-03-18
평택시,당거농장,닭,육계,2411.0,경기도 평택시 오성면 당거리 18번지,127.0061282,36.9884403,2018-04-30,2018-03-18
평택시,대길농장,닭,육계,2160.0,경기도 평택시 고덕면 방축리 271번지,127.0453706,37.0209343,2018-04-30,2018-03-18
평택시,대복농장,닭,육계,2923.0,경기도 평택시 포승읍 희곡리 479-1번지,126.8773357,36.9606029,2018-08-31,2018-03-18
평택시,대영농장,닭,육계,4648.0,경기도 평택시 포승읍 홍원리 333-8번지 (374-75),126.8793602,37.0071544,2018-08-31,2018-03-18
평택시,대한농장,닭,육계,1400.0,경기도 평택시 고덕면 궁리 518-8번지,127.028984,37.0137125,2018-08-31,2018-03-18
평택시,도일농장,닭,육계,2765.0,경기도 평택시 도일동 산 13번지 3호,127.0965903,37.0480811,2018-04-30,2018-03-18
평택시,동순농장,닭,육계,330.0,경기도 평택시 오성면 숙성리 51-5번지,126.9846231,37.0127408,2018-03-14,2018-03-18
평택시,두곡농장,닭,육계,3257.0,경기도 평택시 서탄면 마두리 432-15번지,127.0112293,37.1051457,2018-03-14,2018-03-18
평택시,둥지농장,닭,육계,1680.0,경기도 평택시 서탄면 수월암리 698번지,127.0247348,37.1247869,2018-08-31,2018-03-18
평택시,마두양계장,닭,육계,1467.0,경기도 평택시 서탄면 마두리 109-2번지,127.0124227,37.1126694,2018-08-31,2018-03-18
평택시,매치농장,닭,육계,940.0,경기도 평택시 팽성읍 석근리 산 12번지,127.0432475,36.9373245,2018-04-30,2018-03-18
평택시,미하농장,닭,육계,2100.0,경기도 평택시 서탄면 마두리 425-25번지,127.0076182,37.106092,2018-04-30,2018-03-18
평택시,버들농장,닭,육계,1968.0,경기도 평택시 합정동 242-1번지,127.1022018,36.9805775,2018-03-14,2018-03-18
평택시,서탄농장,닭,육계,1622.0,경기도 평택시 서탄면 수월암리 302번지,127.0326133,37.128894,2018-04-30,2018-03-18
평택시,성산농장,닭,육계,1408.0,경기도 평택시 서탄면 수월암리 941번지 1호,127.0259498,37.1238947,2018-03-14,2018-03-18
평택시,세진농장,닭,육계,1965.0,경기도 평택시 도일동 산152-1번지,127.0947492,37.0594899,2018-04-30,2018-03-18
평택시,수일농장,닭,육계,1200.0,경기도 평택시 팽성읍 대사리 212-10번지,127.0586986,36.944635,2018-08-31,2018-03-18
평택시,신명농장,닭,육계,2750.0,경기도 평택시 서탄면 사리 736번지 (외1필지),127.0444796,37.1178976,2018-08-31,2018-03-18
평택시,야막농장,닭,육계,2240.0,경기도 평택시 진위면 야막리 118-3번지,127.0608132,37.1275861,2018-03-14,2018-03-18
평택시,여두선농장,닭,육계,2248.0,경기도 평택시 고덕면 방축리 388번지,127.0412591,37.023684,2018-04-30,2018-03-18
평택시,영계마을 2농장,닭,육계,2584.0,경기도 평택시 청북읍 어연리 548-3번지,126.9866283,37.0412058,2018-03-14,2018-03-18
평택시,오성농원,닭,육계,249.0,경기도 평택시 안중읍 삼정리 384-8번지,126.9729086,36.9717487,2018-04-30,2018-03-18
평택시,우성농장,닭,육계,844.0,경기도 평택시 포승읍 희곡리 450번지,126.8767513,36.9609087,2018-03-14,2018-03-18
평택시,운봉농장,닭,육계,1862.0,경기도 평택시 장안동 609-1번지,127.0867786,37.0601536,2018-08-31,2018-03-18
평택시,원범농장,닭,육계,968.0,경기도 평택시 서탄면 마두리 53번지,127.0252819,37.110316,2018-04-30,2018-03-18
평택시,은혜농장,닭,육계,2096.0,경기도 평택시 현덕면 화양리 산 179번지 2호,126.9220666,36.9745814,2018-04-30,2018-03-18
평택시,이조농원,닭,육계,926.0,경기도 평택시 포승읍 희곡리 46-4번지,126.8709657,36.9691022,2018-04-30,2018-03-18
평택시,장게농장,닭,육계,3420.0,경기도 평택시 청북읍 율북리 160-1번지 (외3필지),126.9904568,37.0689319,2018-04-30,2018-03-18
평택시,재래토종닭 농장,닭,육계,100.0,경기도 평택시 청룡동 44번지 6호,127.1293337,37.0328227,2018-08-31,2018-03-18
평택시,조현일농장,닭,육계,1926.0,경기도 평택시 고덕면 궁리 34-1번지,127.038921,37.0223511,2018-08-31,2018-03-18
평택시,창내농장,닭,육계,4375.0,경기도 평택시 오성면 창내리 133-35번지 (외 2필지),127.0138676,36.9890796,2018-03-14,2018-03-18
평택시,태평농장,닭,육계,787.0,경기도 평택시 고덕면 궁리 360-2번지,127.0245691,37.0174078,2018-04-30,2018-03-18
평택시,한국축산영농조합법인 부화장,닭,산란계,68000.0,경기도 평택시 청북읍 고잔리 574-4번지,126.9008268,37.0522911,2018-08-31,2017-01-05
평택시,한솔농장,닭,육계,1899.0,경기도 평택시 도일동 산 2번지 1호,127.0965903,37.0480811,2018-03-14,2018-03-18
평택시,현덕농장,닭,육계,1368.0,경기도 평택시 현덕면 도대리 산 3번지,126.9122794,36.9506778,2018-04-30,2018-03-18
평택시,효진농장,닭,육계,2590.0,경기도 평택시 포승읍 석정리 465번지,126.885242,37.003493,2018-04-30,2018-03-18
평택시,김동철,닭,육계,45000.0,경기도 평택시 포승읍 희곡리 479-1,36.9606029,126.8773357,2021-04-30,2022-11-18
평택시,김오동,닭,산란계,100000.0,경기도 평택시 청북읍 고잔리 1661-12번지,37.0629842,126.8979117,2020-07-31,2020-12-23
평택시,김종선,닭,육계,48000.0,경기도 평택시 오성면 창내리 165-2번지,36.981383,127.0247386,2020-11-30,2021-01-04
평택시,김찬주,닭,육계,60000.0,경기도 평택시 오성면 당거리 18번지,36.9884403,127.0061282,2020-11-30,2021-01-04
평택시,김태한,닭,산란계,25000.0,경기도 평택시 청북읍 삼계리 62-4번지,37.0464256,126.9250481,2021-04-30,2021-01-24
평택시,농업회사법인(주)양지바른,닭,산란계,660000.0,경기도 평택시 고덕면 동고리 505-3번지,36.9949123,127.0428735,2020-07-31,2021-01-04
평택시,농업회사법인(주)해오름양계,닭,산란계,120000.0,경기도 평택시 오성면 양교리 280-2,37.0278782,126.9814615,2020-07-31,2020-12-29
평택시,농업회사법인조인(주),닭,산란계,720000.0,경기도 평택시 청북읍 고잔리 1496-3번지,37.0323156,126.8827137,2020-06-30,2020-12-23
평택시,박미애,닭,산란계,40000.0,경기도 평택시 청북읍 삼계리 산 32번지 4호,37.0458179,126.9072991,2021-04-30,2021-01-24
평택시,박용선,닭,,20000.0,경기도 평택시 진위면 가곡리 140-2번지,37.1095907,127.0791153,2020-07-31,2022-02-08
평택시,백형삼,닭,육계,65000.0,경기도 평택시 포승읍 희곡리 7-2번지,36.9652407,126.8747229,2020-11-30,2022-11-18
평택시,안도원,닭,산란계,60000.0,경기도 평택시 팽성읍 대사리 산 10번지,36.9434702,127.0791964,2020-11-30,2020-12-15
평택시,안서운,닭,육계,50000.0,경기도 평택시 포승읍 석정리 580-1번지,36.9974329,126.8894416,2020-11-30,2020-12-23
평택시,오인근,닭,토종닭,1000.0,경기도 평택시 안중읍 삼정리 384-8번지,36.9717487,126.9729086,2020-06-30,2021-02-16
평택시,원유용,닭,육계,20000.0,경기도 평택시 고덕면 궁리 518-8번지,37.0137125,127.028984,2021-04-30,2021-02-16
평택시,윤경숙,닭,육계,40000.0,경기도 평택시 합정동 242-1번지,36.9805775,127.1022018,2021-04-30,2021-02-16
평택시,이명숙,닭,산란계,55000.0,경기도 평택시 안중읍 성해리 80번지,,,2020-11-30,2020-12-29
평택시,이명옥,오리,,10000.0,경기도 평택시 포승읍 석정리 산 165번지 4호,36.9951252,126.8884115,2021-04-30,2020-12-29
평택시,이수원,닭,육계,50000.0,경기도 평택시 오성면 양교리 814-1번지,37.0249888,126.9595145,2020-07-31,2020-12-23
평택시,이윤갑,닭,산란계,18000.0,경기도 평택시 오성면 숙성리 715-20번지,36.9987166,126.968483,2020-11-30,2020-12-29
평택시,임강빈,닭,산란계,58000.0,경기도 평택시 포승읍 석정리 465번지,37.003493,126.885242,2020-06-30,2020-12-23
평택시,정재엽,닭,육계,70000.0,경기도 평택시 오성면 창내리 367-4번지,36.9867999,127.0138448,2020-07-31,2021-01-04
평택시,정찬붕,닭,육계,90000.0,경기도 평택시 오성면 창내리 133-35번지,36.9890796,127.0138676,2021-04-30,2021-02-16
평택시,정학재,닭,산란계,35000.0,경기도 평택시 오성면 길음리 280-14번지,36.9894894,126.9677346,2020-07-31,2020-12-29
평택시,정회정,닭,육계,35000.0,경기도 평택시 진위면 야막리 118-3번지,37.1275861,127.0608132,2020-06-30,2021-01-24
평택시,조동현,닭,육계,60000.0,경기도 평택시 오성면 길음리 206,36.9807483,126.9652115,2021-04-30,2021-02-16
평택시,황중식,닭,산란계,44800.0,경기도 평택시 청북읍 고잔리 103-6번지,37.0577749,126.8966821,2021-04-30,2021-01-24
평택시,김애자,꿩,,4000.0,경기도 평택시 팽성읍 두정리 288번지,36.9402522,127.0457299,2021-07-31,2021-02-16
평택시,김영수,닭,육계,60000.0,경기도 평택시 서탄면 마두리 432-15,37.1051457,127.0112293,2021-06-30,2021-01-24
평택시,김중기,닭,산란계,60000.0,경기도 평택시 청북읍 고잔리 103-1번지,37.0575403,126.896244,2021-07-31,2022-01-23
평택시,김희태,닭,산란계,240000.0,경기도 평택시 오성면 양교리 281-2,37.0274637,126.9814616,2021-06-30,2021-02-16
평택시,노병길,닭,육계,32000.0,경기도 평택시 포승읍 희곡리 7-2번지,36.9652407,126.8747229,2021-06-30,2022-11-18
평택시,노지영,닭,산란계,360000.0,경기도 평택시 오성면 양교리 281-3,37.0272114,126.981428,2021-07-31,2021-02-16
평택시,이명숙,닭,산란계,55000.0,경기도 평택시 안중읍 성해리 80번지,,,2020-11-30,2021-02-11
평택시,조이종,닭,육계,40000.0,경기도 평택시 고덕면 방축리 271번지,37.0209343,127.0453706,2021-07-31,2021-02-16
평택시,최칠용,닭,육계,30000.0,경기도 평택시 서탄면 수월암리 302번지,37.128894,127.0326133,2021-07-31,2021-01-24
평택시,이명숙,닭,산란계,55000.0,경기도 평택시 안중읍 성해리 80번지,,,2020-11-30,2021-02-16
평택시,김승민,닭,육계,20000.0,경기도 평택시 포승읍 희곡리 450,36.9609087,126.8767513,2021-09-30,2022-11-18
평택시,김인순,닭,산란계,32000.0,경기도 평택시 청북읍 고잔리 135-1번지,37.0579845,126.8993014,2021-11-30,2022-01-23
평택시,김학주,닭,,120000.0,경기도 평택시 서탄면 회화리 266-2번지,37.095757,127.0064252,2021-09-30,2022-02-08
평택시,박흥수,닭,육계,50000.0,경기도 평택시 오성면 창내리 367-3번지,36.9872415,127.0138448,2021-11-30,2022-02-03
평택시,송근섭,닭,산란계,60000.0,경기도 평택시 현덕면 화양리 45-7,36.9705498,126.9166917,2021-11-30,2020-12-29
평택시,신상우,닭,,24000.0,경기도 평택시 포승읍 석정리 592번지,36.9961832,126.8923867,2021-11-30,2020-12-29
평택시,이종삼,닭,산란계,100000.0,경기도 평택시 청북읍 고잔리 1659-4,37.0638465,126.8949421,2021-09-30,2022-01-23
평택시,이종원,닭,산란계,50000.0,경기도 평택시 서탄면 수월암리 산49-6,37.128025,127.035388,2021-09-30,2022-02-08
평택시,정규경,닭,육계,80000.0,경기도 평택시 청북읍 율북리 160-1번지,37.0689319,126.9904568,2021-11-30,2022-01-23
평택시,허근무,닭,육계,15000.0,경기도 평택시 서탄면 마두리 53번지,37.110316,127.0252819,2021-11-30,2022-02-08
평택시,황승준,닭,산란계,150000.0,경기도 평택시 청북읍 고잔리 1661-4번지,37.0647855,126.8970434,2021-09-30,2022-01-23
평택시,(주)성주농업회사,닭,종계/산란계,325000.0,경기도 평택시 팽성읍 대사리 2번지 11호,36.9465965987,127.083275877,2025-05-31,2025-04-20
평택시,(주)성주농업회사,닭,산란계,,경기도 평택시 팽성읍 대사리 2번지 11호,36.9465965987,127.083275877,2025-07-31,2025-04-20
평택시,거창농장,닭,산란계,,경기도 평택시 청북읍 고잔1길 35-20,37.0585124575,126.8994486173,2026-01-31,2025-12-02
평택시,거창농장,닭,종계/산란계,25644.0,경기도 평택시 청북면 고잔리 135번지 1호,37.0585124575,126.8994486173,2025-05-31,2025-11-10
평택시,검은들농장,닭,육계,,경기도 평택시 포승읍 석정로 218-17 (등 2필지(477-2)),36.9995796038,126.8840658093,2026-01-31,2025-11-16
평택시,검은들농장,닭,육계,40000.0,경기도 평택시 포승읍 석정리 477번지 등 2필지(477-2),36.9995796038,126.8840658093,2025-05-31,2025-11-10
평택시,구구청북농장,닭,종계/산란계,23000.0,경기도 평택시 청북면 삼계리 62번지 3호,37.046607808,126.9255649256,2025-05-31,2025-11-10
평택시,군문주말농장,닭,육계,,경기도 평택시 군문동 151번지 3호,36.9859793653,127.088808603,2025-08-31,2025-12-10
평택시,길음농장,닭,육계,,경기도 평택시 오성면 길음3길 73-32,36.9807450452,126.9651392373,2026-02-26,2025-12-25
평택시,길음농장,닭,산란계,,"경기도 평택시 오성면 길음리 280번지 16호 , -43, -58",36.9895996562,126.9677067752,2025-07-31,2025-12-02
평택시,길음농장,닭,종계/산란계,30000.0,"경기도 평택시 오성면 길음리 280번지 43호 , -16",36.9895996562,126.9677067752,2025-05-31,2025-12-02
평택시,내기농장,닭,육계,,경기도 평택시 포승읍 석정로 58-52,36.9871541051,126.8821157847,2025-07-31,2025-11-10
평택시,내기농장,닭,육계,35000.0,경기도 평택시 포승읍 석정리 1205번지 3호,36.9876822509,126.8826222817,2025-05-31,2025-11-10
평택시,농업회사법인 인천축산(주),닭,육계,,경기도 평택시 오성면 오성북로 301,37.0279415061,126.9823843164,2026-01-31,2025-12-25
평택시,농업회사법인 인천축산(주),닭,육계,40000.0,"경기도 평택시 오성면 양교리 278번지 외 2필지(278-1, 278-5)",37.0279415061,126.9823843164,2025-05-31,2025-11-10
평택시,농업회사법인 조인팜스(주) 청북지점,닭,산란계,,경기도 평택시 청북읍 고잔7길 69-94,37.0321690721,126.8828919949,2025-08-31,2025-11-10
평택시,농업회사법인 주식회사 장연양계,닭,산란계,,경기도 평택시 오성면 오성북로 277-26,37.0279895343,126.9814927186,2026-02-26,2025-12-25
평택시,농업회사법인 주식회사 장연양계,닭,산란중추,120000.0,경기도 평택시 오성면 양교리 280번지 1호 280-2,37.0279895343,126.9814927186,2025-05-31,2025-11-10
평택시,농업회사법인 히즈팜 주식회사,닭,종계/산란계,67608.0,경기도 평택시 청북읍 고잔리 1647번지,37.069970321,126.9013943755,2025-05-31,2025-11-10
평택시,농업회사법인 히즈팜 주식회사,닭,산란계,,경기도 평택시 청북읍 청북중앙로 669-64,37.069970321,126.9013943755,2025-08-31,2025-11-10
평택시,농업회사법인 히즈팜(주) 고덕지점,닭,산란계,,경기도 평택시 고덕면 고덕로 36-55,37.0251566922,127.0239526547,2025-08-31,2025-12-02
평택시,농업회사법인(주)양지바른,닭,산란계,,"경기도 평택시 고덕면 동고1길 17-114, (동고리 505-3,-4,-5,506-5)",36.995936848,127.0443846603,2025-07-31,2025-12-02
평택시,당거농장,닭,육계,,경기도 평택시 오성면 당거3길 48-12,,,2025-07-31,2025-11-15
평택시,대림농장,닭,육계,,경기도 평택시 오성면 신4리길 42-10,,,2025-07-31,2025-11-15
평택시,대복농장,닭,육계,,경기도 평택시 포승읍 이대원로 180-23,36.9600253633,126.8775365571,2026-02-26,2023-01-12
평택시,대복농장,닭,육계,43000.0,경기도 평택시 포승읍 희곡리 479번지 1호,36.9608621293,126.8769640104,2025-05-31,2023-01-12
평택시,대성농장,닭,육계,,"경기도 평택시 평남로 576-37, (합정동 242-1,243-1) (합정동)",,,2025-08-31,2025-11-15
평택시,대성농장,닭,육계,52919.0,경기도 평택시 합정동 242번지 1호,36.9807251585,127.1023875712,2025-05-31,2025-12-10
평택시,대영농장,닭,육계,,경기도 평택시 포승읍 석정로 374-77,37.0077760403,126.879346346,2025-08-31,2025-11-10
평택시,대영농장,닭,육계,100000.0,"경기도 평택시 포승읍 홍원리 333번지 7호 외 3필지(333-8, 333-15, 333-16)",37.0072533523,126.8793730753,2025-05-31,2025-11-10
평택시,대일농장,닭,육계,20000.0,경기도 평택시 팽성읍 대사리 산 10번지,,,2025-05-31,2025-11-15
평택시,대한농장,닭,육계,,경기도 평택시 고덕면 효학길 131-35,37.0135340108,127.0299266131,2026-01-31,2025-12-25
평택시,덕수농장,닭,산란계,,경기도 평택시 서탄면 마두길 59-248,37.1061793328,127.0091190306,2026-02-26,2025-12-02
평택시,도곡농장2,닭,산란계,,경기도 평택시 포승읍 한유지길 71-9,36.991287052,126.8731633655,2026-02-26,2025-11-15
평택시,동순농장,닭,육계,,경기도 평택시 오성면 청오로 33-24,,,2025-07-31,2025-11-15
평택시,동순농장,닭,육계,250.0,경기도 평택시 오성면 숙성리 51번지 5호,,,2025-05-31,2025-11-15
평택시,두곡농장,닭,육계,,경기도 평택시 서탄면 마두길 59-360,37.1052940688,127.010846667,2026-01-31,2025-12-02
평택시,드림팜,닭,산란계,,경기도 평택시 고덕면 문곡3길 71-32,37.0628076435,127.001313517,2025-08-31,2025-11-15
평택시,드림팜,닭,산란중추,36000.0,경기도 평택시 고덕면 문곡리 770번지 10호,37.0627206505,127.0023466256,2025-05-31,2025-11-15
평택시,들길농장,닭,육계,,경기도 평택시 오성면 숙성뜰길 97-27,37.0037758805,126.9874342631,2025-08-31,2025-12-02
평택시,들길농장,닭,육계,57000.0,경기도 평택시 오성면 숙성리 358번지,37.0037758805,126.9874342631,2025-05-31,2025-12-02
평택시,마두양계장,닭,육계,30000.0,경기도 평택시 서탄면 마두리 109번지 2호,37.1127377961,127.0125546495,2025-05-31,2025-12-02
평택시,마두양계장,닭,육계,,경기도 평택시 서탄면 서탄1로 261,37.1128095373,127.0124641455,2026-01-31,2025-12-02
평택시,무지개농원,닭,육계,,경기도 평택시 오성면 양교길 148-24,,,2025-07-31,2025-11-15
평택시,미하농장,닭,육계,35000.0,경기도 평택시 서탄면 마두리 425-25번지,37.10602867,127.0075668805,2025-05-31,2025-12-02
평택시,미하농장,닭,육계,,경기도 평택시 서탄면 마두길 59-234,37.1064804881,127.0078340653,2026-01-31,2025-12-02
평택시,믿음농산,닭,산란계,,경기도 평택시 안중읍 안중6길 33,,,2026-02-26,2025-11-15
평택시,봉화농장,닭,산란계,,경기도 평택시 청북읍 원목길 52,37.0577773112,126.8966875703,2025-07-31,2025-11-10
평택시,사향오리농원,오리+산양,,,경기도 평택시 청북읍 고잔리 318번지 19호,37.0597591639,126.904695403,2025-08-31,2025-11-10
평택시,삼현농원,닭,육계,45000.0,경기도 평택시 청북면 한산리 228번지 13호,,,2025-05-31,2025-11-15
평택시,삼화농장,닭,육계,,경기도 평택시 장안동 102번지 7호,,,2026-01-31,2025-11-15
평택시,삼화농장,닭,육계,48000.0,경기도 평택시 장안동 102번지 7호,,,2025-05-31,2025-11-15
평택시,선천축산,닭,육계,,"경기도 평택시 포승읍 곡교길 125-35 (,1068-6번지)",37.003327831,126.8515877802,2025-08-31,2025-11-10
평택시,선천축산,닭,육계,55000.0,"경기도 평택시 포승읍 도곡리 1068번지 5호 ,1068-6번지",37.003327831,126.8515877802,2025-05-31,2025-11-10
평택시,성재농장,닭,종계/산란계,147000.0,경기도 평택시 청북읍 고잔리 1661번지 4호 외 1필지(1661-5),37.0644869785,126.8972980865,2025-05-31,2025-11-10
평택시,성재농장,닭,산란계,,경기도 평택시 청북읍 청북중앙로 681-25,37.0647658357,126.8971833967,2025-08-31,2025-11-10
평택시,소망농장,닭,종계/산란계,77350.0,경기도 평택시 포승읍 홍원리 82번지 8호 외 1필지,37.0189482407,126.8887096597,2025-05-31,2025-11-10
평택시,소망농장,닭,육계,50000.0,경기도 평택시 오성면 창내리 133번지 40호,36.9874725806,127.0140180791,2025-05-31,2025-12-02
평택시,소망농장,닭,육계,,경기도 평택시 오성면 창내뜰길 184-4,,,2026-01-31,2025-11-15
평택시,소망농장,닭,산란계,,경기도 평택시 포승읍 외원길 33-93,,,2025-08-31,2025-11-15
평택시,소망농장 제2농장,닭,산란계,,경기도 평택시 포승읍 외원길 33-87,,,2025-08-31,2025-11-15
평택시,수일농장,닭,육계,25000.0,경기도 평택시 팽성읍 대사리 212번지 10호,36.9433461147,127.0595852499,2025-05-31,2025-04-20
평택시,신리농장,닭,육계,75000.0,경기도 평택시 오성면 신리 68번지 7호,37.0048774015,127.0224381549,2025-05-31,2025-12-02
평택시,신명농장,닭,육계,,경기도 평택시 서탄면 서탄2로 206-46 (외1필지),37.1179408464,127.0447705435,2026-01-31,2025-12-02
평택시,신명농장,닭,육계,30000.0,경기도 평택시 서탄면 사리 736번지 외1필지,37.1179408464,127.0447705435,2025-05-31,2025-12-02
평택시,쌍용농장,닭,종계/산란계,35000.0,"경기도 평택시 월곡동 273번지 1호 ,273-2, 273-3, 272-10, 272-12",37.0197031388,127.1419805656,2025-05-31,2025-12-10
평택시,쌍용농장,닭,산란계,,경기도 평택시 월곡길 104-45 (월곡동),37.0197031388,127.1419805656,2026-01-31,2025-12-25
평택시,야막농장,닭,육계,,경기도 평택시 진위면 야막길 46-62,,,2026-02-26,2025-11-15
평택시,야막농장,닭,육계,30000.0,경기도 평택시 진위면 야막리 118번지 1호,37.1281070596,127.0610334674,2025-05-31,2022-02-08
평택시,에이원축산,닭,육계,,경기도 평택시 포승읍 원석정용소길 98-19,36.9964874046,126.8927554654,2025-08-31,2025-11-10
평택시,에이원축산,닭,육계,72000.0,경기도 평택시 포승읍 석정리 591번지,36.9964874046,126.8927554654,2025-05-31,2025-11-10
평택시,영계마을,닭,육계,90000.0,"경기도 평택시 청북읍 백봉리 97번지 ,98,99,100-1",37.0393329417,126.986430704,2025-05-31,2025-11-10
평택시,영계마을,닭,육계,,경기도 평택시 청북읍 어연길 111-52,37.0395040618,126.9863958175,2025-08-31,2025-11-10
평택시,영계마을2,닭,육계,,경기도 평택시 청북읍 어연길 111-33,,,2026-01-31,2025-11-15
평택시,영신농장,닭,산란계,,경기도 평택시 청북읍 백봉길 372-52,,,2025-08-31,2025-11-15
평택시,오성농원,닭,육계,,경기도 평택시 안중읍 삼정길 134-345,36.9714796963,126.9691447568,2026-02-26,2025-12-25
평택시,오성축산,닭,육계,,경기도 평택시 청북읍 청북중앙로 681-1,37.0656775979,126.896709104,2025-07-31,2025-11-10
평택시,오성축산,닭,육계,60000.0,경기도 평택시 청북면 고잔리 1661번지 12호,37.06294904,126.8979851387,2025-05-31,2025-11-10
평택시,우성농장,닭,육계,19000.0,경기도 평택시 포승읍 희곡리 450번지 1호,36.9610054095,126.8767831141,2025-05-31,2023-01-12
평택시,우성농장,닭,육계,,경기도 평택시 포승읍 이대원로 180-21,36.9610054095,126.8767831141,2026-01-31,2023-01-12
평택시,일진농장,닭,육계,,경기도 평택시 청북읍 삼계리 산 32번지 4호,37.0461223804,126.9075081305,2026-02-26,2025-12-02
평택시,일진농장,닭,육계,30000.0,경기도 평택시 청북면 삼계리 산 32번지 4호,37.0461223804,126.9075081305,2025-05-31,2025-11-10
평택시,장계농장,닭,육계,,경기도 평택시 청북읍 율북로 232-31 (외3필지),37.0690169803,126.9906402433,2025-08-31,2025-11-10
평택시,재엽농장,닭,육계,,경기도 평택시 오성면 창내뜰길 184-5,,,2026-02-26,2025-11-15
평택시,재엽농장,닭,육계,76600.0,경기도 평택시 오성면 창내리 367번지 4호,36.9870215524,127.0139422896,2025-05-31,2025-12-02
평택시,정원오리농장,오리,,,경기도 평택시 고덕면 용소금각로 364 (외 2필지),37.072011378,127.0016447026,2026-02-26,2025-12-25
평택시,제암농장,닭,산란계,,경기도 평택시 청북읍 고잔길 21-24,37.0543207611,126.9102111135,2026-01-31,2025-12-02
평택시,제일농원,닭,산란계,,경기도 평택시 청북읍 현곡길 79-54,37.046607808,126.9255649256,2025-08-31,2025-11-10
평택시,주도농장,닭,산란계,,경기도 평택시 청북읍 고잔리 103-1번지,,,2026-01-31,2025-11-15
평택시,주도농장,닭,종계/산란계,35616.0,경기도 평택시 청북면 고잔리 103번지 1호,37.0577773112,126.8966875703,2025-05-31,2025-11-10
평택시,준현농장,닭,육계,,"경기도 평택시 포승읍 이대원로 231 (,233)",36.9652757547,126.8746026725,2025-07-31,2023-01-12
평택시,준현농장(3),닭,육계,,경기도 평택시 포승읍 이대원로 231,36.9668246904,126.8747789347,2025-07-31,2023-01-12
평택시,준현농장(3),닭,육계,15000.0,경기도 평택시 포승읍 희곡리 7번지 3호,36.9652667408,126.8746027462,2025-05-31,2023-01-12
평택시,중원축산,닭,산란계,,경기도 평택시 포승읍 석정로 218-33,36.9999700581,126.8846133606,2026-02-26,2025-11-16
평택시,중원축산,닭,종계/산란계,40000.0,경기도 평택시 포승읍 석정리 478번지,36.9999700581,126.8846133606,2025-05-31,2025-11-10
평택시,창내농장,닭,육계,,경기도 평택시 오성면 창내뜰길 184,36.9890049814,127.0140083303,2025-08-31,2025-12-02
평택시,창내농장,닭,육계,90000.0,경기도 평택시 오성면 창내리 133번지 35호 외 2필지,36.9890049814,127.0140083303,2025-05-31,2025-12-02
평택시,청남농원,닭,산란계,,경기도 평택시 청북읍 청북중앙로 721-19,37.0662495373,126.9018060677,2025-07-31,2025-11-10
평택시,청남농원,닭,종계/산란계,115200.0,경기도 평택시 청북읍 고잔리 1665번지,37.0662486863,126.9016373457,2025-05-31,2025-11-10
평택시,청남축산,닭,산란계,,경기도 평택시 청북읍 고잔1길 35-40,37.0568881428,126.8991015091,2025-07-31,2025-11-10
평택시,청남축산,닭,종계/산란계,30000.0,경기도 평택시 청북읍 고잔리 182번지 7호,37.0568881428,126.8991015091,2025-05-31,2025-11-10
평택시,청운축산,닭,산란계,,경기도 평택시 청북읍 청북중앙로 661-23,37.065115738,126.8944136688,2025-08-31,2025-11-10
평택시,태성농장,닭,산란계,,경기도 평택시 오성면 숙성3길 28-66,,,2026-02-26,2025-11-15
평택시,해오름양계,닭,산란중추,251590.0,"경기도 평택시 오성면 양교리 281번지 1호 , 281-2",37.0277370927,126.9814831916,2025-05-31,2025-11-10
평택시,호빈조류새농장,닭,육계,0.0,경기도 평택시 오성면 죽리 317번지 2호 외2필지,37.0109206576,126.9601956316,2025-05-31,2025-11-10
평택시,호성축산,닭,산란계,,경기도 평택시 현덕면 대안1길 61-41,36.9472369716,126.9453793247,2025-07-31,2024-02-09
평택시,효진농장,닭,육계,,경기도 평택시 포승읍 새원길 99,37.0038027157,126.8849196501,2025-07-31,2025-11-10
평택시,효진농장,닭,육계,60000.0,경기도 평택시 포승읍 석정리 465번지,37.0038027157,126.8849196501,2025-05-31,2025-11-10
평택시,당거농장,닭,육계,,경기도 평택시 오성면 당거3길 48-12,,,2025-07-31,2025-12-02
평택시,대림농장,닭,육계,,경기도 평택시 오성면 신4리길 42-10,,,2025-07-31,2025-12-02
평택시,대성농장,닭,육계,,"경기도 평택시 평남로 576-37, (합정동 242-1,243-1) (합정동)",,,2025-08-31,2025-12-02
평택시,동순농장,닭,육계,,경기도 평택시 오성면 청오로 33-24,,,2025-07-31,2025-12-02
평택시,무지개농원,닭,육계,,경기도 평택시 오성면 양교길 148-24,,,2025-07-31,2025-12-02
평택시,믿음농산,닭,산란계,,경기도 평택시 안중읍 안중6길 33,,,2026-02-26,2025-12-02
평택시,삼화농장,닭,육계,,경기도 평택시 장안동 102번지 7호,,,2026-01-31,2025-12-02
평택시,소망농장,닭,육계,,경기도 평택시 오성면 창내뜰길 184-4,,,2026-01-31,2025-12-02
평택시,소망농장,닭,산란계,,경기도 평택시 포승읍 외원길 33-93,,,2025-08-31,2025-12-02
평택시,소망농장 제2농장,닭,산란계,,경기도 평택시 포승읍 외원길 33-87,,,2025-08-31,2025-12-02
평택시,야막농장,닭,육계,,경기도 평택시 진위면 야막길 46-62,,,2026-02-26,2025-12-02
평택시,영계마을2,닭,육계,,경기도 평택시 청북읍 어연길 111-33,,,2026-01-31,2025-12-02
평택시,영신농장,닭,산란계,,경기도 평택시 청북읍 백봉길 372-52,,,2025-08-31,2025-12-02
평택시,재엽농장,닭,육계,,경기도 평택시 오성면 창내뜰길 184-5,,,2026-02-26,2025-12-02
평택시,주도농장,닭,산란계,,경기도 평택시 청북읍 고잔리 103-1번지,,,2026-01-31,2025-12-02
평택시,태성농장,닭,산란계,,경기도 평택시 오성면 숙성3길 28-66,,,2026-02-26,2025-12-02
평택시,당거농장,닭,육계,,경기도 평택시 오성면 당거3길 48-12,,,2025-07-31,2025-12-25
평택시,대림농장,닭,육계,,경기도 평택시 오성면 신4리길 42-10,,,2025-07-31,2025-12-25
평택시,대성농장,닭,육계,,"경기도 평택시 평남로 576-37, (합정동 242-1,243-1) (합정동)",,,2025-08-31,2025-12-25
평택시,동순농장,닭,육계,,경기도 평택시 오성면 청오로 33-24,,,2025-07-31,2025-12-25
평택시,무지개농원,닭,육계,,경기도 평택시 오성면 양교길 148-24,,,2025-07-31,2025-12-25
평택시,믿음농산,닭,산란계,,경기도 평택시 안중읍 안중6길 33,,,2026-02-26,2025-12-25
평택시,삼화농장,닭,육계,,경기도 평택시 장안동 102번지 7호,,,2026-01-31,2025-12-25
평택시,소망농장,닭,육계,,경기도 평택시 오성면 창내뜰길 184-4,,,2026-01-31,2025-12-25
평택시,소망농장,닭,산란계,,경기도 평택시 포승읍 외원길 33-93,,,2025-08-31,2025-12-25
평택시,소망농장 제2농장,닭,산란계,,경기도 평택시 포승읍 외원길 33-87,,,2025-08-31,2025-12-25
평택시,야막농장,닭,육계,,경기도 평택시 진위면 야막길 46-62,,,2026-02-26,2025-12-25
평택시,영계마을2,닭,육계,,경기도 평택시 청북읍 어연길 111-33,,,2026-01-31,2025-12-25
평택시,영신농장,닭,산란계,,경기도 평택시 청북읍 백봉길 372-52,,,2025-08-31,2025-12-25
평택시,재엽농장,닭,육계,,경기도 평택시 오성면 창내뜰길 184-5,,,2026-02-26,2025-12-25
평택시,주도농장,닭,산란계,,경기도 평택시 청북읍 고잔리 103-1번지,,,2026-01-31,2025-12-25
평택시,태성농장,닭,산란계,,경기도 평택시 오성면 숙성3길 28-66,,,2026-02-26,2025-12-25
포천시,-,닭,산란계,,경기도 포천시 영중면 성동리 372번지 13호,127.262427,38.038259,2018-03-14,2018-01-04
포천시,-,닭,산란계,,경기도 포천시 영중면 성동리 382번지,127.2626195,38.0347,2018-04-30,2018-01-04
포천시,-,닭,산란계,,경기도 포천시 일동면 사직리 154번지 1호 외1필지(164-5),127.355955,38.0042403,2018-04-30,2018-01-04
포천시,-,닭,산란계,,경기도 포천시 영북면 자일리,127.28652,38.1034287,2018-04-30,2018-01-04
포천시,153농장,닭,육계,25000.0,경기도 포천시 이동면 장암리 375번지,127.3614173,38.0247104,2018-03-14,2018-01-04
포천시,LA농장,닭,육계,1000.0,경기도 포천시 내촌면 내리 산 6번지,127.2294482,37.7892387,2018-03-14,2018-01-04
포천시,가농바이오(주),닭,산란계,,경기도 포천시 가산면 우금리 618번지 6호,127.2092415,37.8386205,2018-04-30,2018-01-04
포천시,가람농장,닭,육계,35000.0,경기도 포천시 가산면 정교리 381번지,127.1721376,37.8181742,2018-04-30,2018-01-04
포천시,가온농장,닭,산란계,,경기도 포천시 창수면 주원리 65번지 5호,127.1902961,38.0147652,2018-03-14,2018-01-04
포천시,거사리농장,닭,육계,0.0,경기도 포천시 영중면 거사리 400번지 2호,127.2357693,37.9978188,2018-04-30,2018-01-04
포천시,경란농장,닭,육계,3500.0,경기도 포천시 신북면 심곡리 350번지 1호,127.1857985,37.9369689,2018-03-14,2018-01-04
포천시,경복농장,닭,육계,25000.0,경기도 포천시 영중면 거사리 366번지,127.2381029,37.9941565,2018-04-30,2018-01-04
포천시,경환농장,닭,육계,45000.0,"경기도 포천시 일동면 사직리 656번지 7호 외2필지(-8,-10)",127.3389762,37.9961818,2018-04-30,2018-01-04
포천시,계림농장,닭,육계,70000.0,경기도 포천시 창수면 주원리 94번지,127.191662,38.0100963,2018-04-30,2018-01-04
포천시,곽○○,닭,육계,11000.0,경기도 포천시 영중면 영송리 324번지,127.2268515,38.0116201,2018-03-14,2018-01-04
포천시,광원농장,닭,산란계,,경기도 포천시 창수면 주원리 488번지,127.1810235,38.0134553,2018-03-14,2018-01-04
포천시,군내농장,닭,육계,60000.0,경기도 포천시 군내면 구읍리 282번지 1호,127.2170181,37.8800316,2018-03-14,2018-01-04
포천시,근상농장,닭,산란계,,경기도 포천시 창수면 주원리 27번지,127.1959366,38.0075127,2018-04-30,2018-01-04
포천시,금동농장,닭,육계,40000.0,경기도 포천시 신북면 삼성당리 472번지 10호,127.1938327,37.9645695,2018-03-14,2018-01-04
포천시,금성농장,닭,산란계,,경기도 포천시 선단동 9번지 4호,127.1716921,37.8569153,2018-04-30,2018-01-04
포천시,김○○,닭,육계,30000.0,경기도 포천시 신북면 계류리 305번지,127.1786627,37.9451061,2018-04-30,2018-01-04
포천시,김○○,닭,육계,25000.0,경기도 포천시 가산면 마산리 308번지,127.1821121,37.8381693,2018-04-30,2018-01-04
포천시,나○○,닭,육계,200.0,경기도 포천시 신북면 삼성당리 27번지,127.2148855,37.9607676,2018-03-14,2018-01-04
포천시,남매농장,닭,육계,20000.0,경기도 포천시 군내면 하성북리 38번지 3호,127.2345474,37.9060534,2018-04-30,2018-01-04
포천시,남송농장,닭,육계,10000.0,경기도 포천시 창수면 추동리 662번지,127.1639653,37.9977589,2018-04-30,2018-01-04
포천시,노적농장,닭,육계,70000.0,경기도 포천시 신북면 금동리 127번지 1호,127.12892,37.9361066,2018-03-14,2018-01-04
포천시,농업회사법인 인천축산 주식회사,닭,육계,16000.0,경기도 포천시 영중면 영송리 84번지,127.2292062,38.0145706,2018-03-14,2018-01-04
포천시,농업회사법인(주)에스앤마니커 일동지점,닭,육계,70000.0,경기도 포천시 일동면 길명리 239번지,127.290182,37.9377154,2018-04-30,2018-01-04
포천시,늘푸른농장,닭,산란계,,"경기도 포천시 일동면 사직리 353번지 3호 , 8, 9호",127.3511181,37.9806057,2018-03-14,2018-01-04
포천시,능원농장,닭,육계,4000.0,경기도 포천시 영중면 양문리 504번지,127.2501303,38.0026274,2018-03-14,2018-01-04
포천시,다랑골농장,닭,산란계,,경기도 포천시 영북면 자일리 494번지,127.2843693,38.101533,2018-04-30,2018-01-04
포천시,대붕농장,닭,산란계,,경기도 포천시 군내면 상성북리 242번지 1호,127.2384869,37.8970002,2018-04-30,2018-01-04
포천시,대성농장,닭,육계,50000.0,경기도 포천시 신북면 심곡리,127.1978166,37.9434453,2018-04-30,2018-01-04
포천시,대성농장,닭,산란계,,경기도 포천시 영북면 자일리 51번지,127.3033945,38.1091975,2018-04-30,2018-01-04
포천시,대성농장,닭,산란계,,경기도 포천시 영중면 거사리,127.2444063,37.975738,2018-04-30,2018-01-04
포천시,대성농장,닭,산란계,,경기도 포천시 영북면 야미리 725번지,127.2606009,38.0469838,2018-04-30,2018-01-04
포천시,대진농장,닭,산란계,,경기도 포천시 영북면 자일리 447번지 6호,127.2854506,38.1040259,2018-03-14,2018-01-04
포천시,덕기농장,닭,육계,52.0,경기도 포천시 내촌면 신팔리 170번지,127.2738456,37.8474539,2018-04-30,2018-01-04
포천시,류씨농장,닭,산란계,,경기도 포천시 영북면 자일리 447번지 1호,127.2863984,38.10442,2018-03-14,2018-01-04
포천시,명산농장,닭,육계,25000.0,경기도 포천시 군내면 명산리 137번지,127.2295465,37.8622508,2018-04-30,2018-01-04
포천시,무진축산,닭,육계,35000.0,경기도 포천시 창수면 추동리 552번지,127.1663902,37.9977376,2018-04-30,2018-01-04
포천시,문암농장,닭,육계,30000.0,경기도 포천시 영북면 문암리 404번지 1호,127.2672117,38.0700593,2018-04-30,2018-01-04
포천시,민농장,닭,산란계,,경기도 포천시 영중면 양문리 672번지,127.2468727,37.9884899,2018-03-14,2018-01-04
포천시,믿음농장,닭,산란계,,경기도 포천시 관인면 냉정리 929번지 4호,127.270873,38.1333571,2018-03-14,2018-01-04
포천시,백로주농장,닭,육계,6000.0,경기도 포천시 영중면 금주리 697번지,127.242709,37.9822911,2018-03-14,2018-01-04
포천시,범수농장,닭,육계,20000.0,경기도 포천시 영북면 자일리 480번지 41호,127.2811763,38.0983334,2018-03-14,2018-01-04
포천시,복골농장,닭,육계,3500.0,경기도 포천시 일동면 사직리 365번지 1호 외1필지(365-2),127.3417873,37.9811555,2018-04-30,2018-01-04
포천시,봄율농장,닭,육계,80000.0,경기도 포천시 창수면 가양리 253번지 1호,127.1999329,37.9946501,2018-04-30,2018-01-04
포천시,부엉농산,닭,육계,80000.0,"경기도 포천시 영중면 영송리 80번지 외2필지(82,84)",127.2294012,38.0150117,2018-04-30,2018-01-04
포천시,산마루농장,닭,육계,20000.0,경기도 포천시 군내면 상성북리 532번지,127.2308542,37.8957179,2018-03-14,2018-01-04
포천시,삼삼농장,닭,산란계,,경기도 포천시 이동면 노곡리,127.3608667,38.0192076,2018-03-14,2018-01-04
포천시,삼우농장,닭,산란계,,경기도 포천시 창수면 추동리 734번지 1호 외1필지(736-1),127.166687,37.9929533,2018-04-30,2018-01-04
포천시,상우축산,닭,육계,30000.0,경기도 포천시 창수면 가양리 252번지 1호,127.2013205,37.9941522,2018-03-14,2018-01-04
포천시,상지농장,닭,육계,2000.0,경기도 포천시 내촌면 내리 429번지,127.2234095,37.7818984,2018-03-14,2018-01-04
포천시,새청농원,닭,육계,300.0,경기도 포천시 관인면 사정리 299번지 1호,127.2522603,38.1304702,2018-03-14,2018-01-04
포천시,생수농장,닭,육계,50000.0,경기도 포천시 신북면 덕둔리 544번지,127.1140032,37.9638251,2018-04-30,2018-01-04
포천시,서부농장,닭,산란계,,경기도 포천시 영북면 자일리 539번지 2호,127.2855383,38.1060887,2018-04-30,2018-01-04
포천시,서부축산,닭,산란계,,경기도 포천시 영북면 야미리 416번지 1호 외 6필지,127.2689324,38.0417039,2018-04-30,2018-01-04
포천시,선달농원,닭,육계,4000.0,경기도 포천시 선단동 339번지 1호,127.164556,37.8621147,2018-03-14,2018-01-04
포천시,선돌농장,닭,육계,0.0,경기도 포천시 군내면 상성북리 328번지,127.2348298,37.8909442,2018-03-14,2018-01-04
포천시,송도농장,닭,육계,20000.0,경기도 포천시 영북면 대회산리 67번지,127.2345375,38.0658399,2018-04-30,2018-01-04
포천시,송이축산,닭,산란계,,경기도 포천시 일동면 사직리 865번지 1호 외2필지,127.3341141,37.99852,2018-03-14,2018-01-04
포천시,송일양계,닭,산란계,,경기도 포천시 선단동 825번지,127.1480541,37.8613343,2018-03-14,2018-01-04
포천시,승진농장,닭,육계,8000.0,"경기도 포천시 이동면 노곡리 1374번지 , 1375번지",127.355422,38.0094581,2018-03-14,2018-01-04
포천시,승천농장,닭,산란계,,경기도 포천시 창수면 주원리 488번지,127.1810235,38.0134553,2018-04-30,2018-01-04
포천시,승호농장,닭,산란계,,"경기도 포천시 창수면 주원리 488번지 외2(489, 489-1)",127.1810235,38.0134553,2018-03-14,2018-01-04
포천시,시온농장,닭,육계,54.0,경기도 포천시 관인면 냉정리 968번지 3호,127.2679239,38.1316071,2018-04-30,2018-01-04
포천시,신진농장,닭,산란계,,경기도 포천시 일동면 길명리 665번지,127.2726218,37.9231349,2018-04-30,2018-01-04
포천시,신호농장,닭,산란계,,경기도 포천시 창수면 운산리 36번지,127.2153278,38.0510383,2018-04-30,2018-01-04
포천시,약수농장,닭,육계,20000.0,경기도 포천시 영북면 자일리 477번지,127.2832364,38.0974456,2018-03-14,2018-01-04
포천시,엄마축산,닭,육계,20000.0,경기도 포천시 영북면 문암리 17번지 2호,127.2758762,38.0740846,2018-03-14,2018-01-04
포천시,에그존,닭,산란계,,"경기도 포천시 소흘읍 고모리 77번지 1호 외2필지(78,79-2)",127.1747188,37.8048185,2018-03-14,2018-01-04
포천시,여주농장,닭,산란계,,경기도 포천시 창수면 주원리 140번지 3호,127.1947196,38.0036768,2018-04-30,2018-01-04
포천시,연화농장,닭,육계,35000.0,경기도 포천시 영북면 자일리 480번지 42호,127.2814827,38.0979453,2018-03-14,2018-01-04
포천시,영재농장,닭,육계,40000.0,경기도 포천시 영중면 거사리 503번지,127.2302719,38.0056495,2018-04-30,2018-01-04
포천시,영화농장,닭,육계,900.0,경기도 포천시 소흘읍 무봉리 21번지,127.1441938,37.8095079,2018-03-14,2018-01-04
포천시,영화농장,닭,육계,40000.0,경기도 포천시 창수면 가양리 251번지 1호,127.2012742,37.993873,2018-04-30,2018-01-04
포천시,영훈농장,닭,육계,25000.0,경기도 포천시 가산면 가산리 22번지,127.1824964,37.8233122,2018-04-30,2018-01-04
포천시,예린농장,닭,육계,15000.0,경기도 포천시 일동면 사직리 산 24번지,127.3275639,37.9924571,2018-03-14,2018-01-04
포천시,예선농장,닭,산란계,,경기도 포천시 영북면 자일리 490번지 3호,127.2832359,38.1003105,2018-04-30,2018-01-04
포천시,예천농장,닭,육계,30.0,경기도 포천시 창수면 오가리 360번지 4호,127.1928507,38.0339235,2018-04-30,2018-01-04
포천시,오뚜기농장,닭,육계,80.0,경기도 포천시 관인면 중리 176번지 1호,127.2068244,38.1110805,2018-03-14,2018-01-04
포천시,오성농장,닭,산란계,,경기도 포천시 영북면 야미리 277번지 4호,127.2715165,38.0536981,2018-04-30,2018-01-04
포천시,우리사료부속농장,닭,산란계,,경기도 포천시 창수면 추동리 216번지 3호,127.1844963,37.98099,2018-03-14,2018-01-04
포천시,욱별농장,닭,육계,2000.0,경기도 포천시 일동면 화대리 329번지,127.3330945,37.9666034,2018-03-14,2018-01-04
포천시,원일농장,닭,육계,50000.0,경기도 포천시 가산면 우금리 460번지,127.2109087,37.8335903,2018-03-14,2018-01-04
포천시,원천농장,닭,산란계,,경기도 포천시 신북면 삼정리 228번지,127.1468065,37.9676274,2018-04-30,2018-01-04
포천시,유진농장,닭,육계,22000.0,경기도 포천시 소흘읍 이곡리 311번지 1통,127.1508329,37.7789757,2018-04-30,2018-01-04
포천시,육계농장,닭,육계,65000.0,경기도 포천시 창수면 추동리 2통 1반,127.1885161,37.9908037,2018-04-30,2018-01-04
포천시,윤○○,닭,육계,20000.0,경기도 포천시 이동면 연곡리 798번지 2호,127.3687489,38.0103724,2018-03-14,2018-01-04
포천시,은현농장,닭,육계,70000.0,경기도 포천시 영중면 거사리 410번지 5호,127.2342891,38.0013714,2018-04-30,2018-01-04
포천시,임○○,닭,육계,5000.0,경기도 포천시 영중면 영송리 165번지 1호,127.2231598,38.0032396,2018-03-14,2018-01-04
포천시,임○○,닭,육계,34.0,경기도 포천시 일동면 길명리 691번지 1호,127.2716015,37.9302996,2018-04-30,2018-01-04
포천시,자산도농장,닭,육계,30000.0,경기도 포천시 이동면 연곡리 1014번지,127.3635035,38.0088481,2018-03-14,2018-01-04
포천시,자일농장,닭,육계,100.0,경기도 포천시 영북면 자일리 1176번지,127.278265,38.1123852,2018-04-30,2018-01-04
포천시,정○○,닭,육계,10000.0,경기도 포천시 창수면 추동리 564번지,127.1664367,37.9981519,2018-04-30,2018-01-04
포천시,정축산,닭,육계,0.0,경기도 포천시 일동면 수입리 150번지 2호,127.3215642,37.9660496,2018-04-30,2018-01-04
포천시,제일농장,닭,산란계,,경기도 포천시 영북면 문암리 338번지,127.265795,38.0754229,2018-04-30,2018-01-04
포천시,제일농장2,닭,산란계,,경기도 포천시 영북면 문암리 324번지 4호,127.2655977,38.0776125,2018-03-14,2018-01-04
포천시,제주농장,닭,산란계,,경기도 포천시 창수면 추동리 216번지 3호,127.1844963,37.98099,2018-03-14,2018-01-04
포천시,조○○,닭,육계,60.0,경기도 포천시 소흘읍 무봉리 206번지,127.1383136,37.81065,2018-04-30,2018-01-04
포천시,조대박농장,닭,육계,300.0,경기도 포천시 가산면 마산리 524번지,127.1756384,37.8486119,2018-03-14,2018-01-04
포천시,종복농장,닭,산란계,,경기도 포천시 소흘읍 고모리 79번지 3호,127.1751383,37.8045656,2018-04-30,2018-01-04
포천시,주은농장,닭,육계,50000.0,경기도 포천시 영중면 거사리 197번지 4호 외1필지(197-5),127.2387398,37.9797406,2018-04-30,2018-01-04
포천시,중앙농장,닭,산란계,,경기도 포천시 영북면 야미리,127.2672894,38.0473293,2018-03-14,2018-01-04
포천시,지원농장,닭,산란계,,경기도 포천시 창수면 주원리 27번지 3호,127.1955261,38.0072882,2018-04-30,2018-01-04
포천시,청계농장,닭,육계,140000.0,경기도 포천시 신북면 덕둔리 505번지,127.1196704,37.9567383,2018-03-14,2018-01-04
포천시,초원농장,닭,육계,10000.0,경기도 포천시 신북면 계류리 135번지,127.1855201,37.953213,2018-04-30,2018-01-04
포천시,최○○,닭,육계,30000.0,경기도 포천시 가산면 가산리 681번지,127.1650297,37.8293108,2018-03-14,2018-01-04
포천시,칠곡농장,닭,산란계,,경기도 포천시 가산면 마산리 72번지 3호,127.1868084,37.84,2018-03-14,2018-01-04
포천시,파주농장,닭,육계,30000.0,경기도 포천시 신북면 기지리 402번지,127.2311842,37.9105285,2018-04-30,2018-01-04
포천시,푸른농장,닭,육계,20000.0,경기도 포천시 신북면 심곡리 254번지,127.1926005,37.9412105,2018-03-14,2018-01-04
포천시,하성양계장,닭,산란계,,경기도 포천시 영북면 야미리 452번지,127.26346,38.0436712,2018-03-14,2018-01-04
포천시,학선농장,닭,육계,60000.0,경기도 포천시 가산면 마산리 577번지 2호,127.1819709,37.8502512,2018-03-14,2018-01-04
포천시,한미농장,닭,육계,35000.0,경기도 포천시 영북면 야미리 454번지,127.2631802,38.0450682,2018-04-30,2018-01-04
포천시,한빛농장,닭,산란계,,경기도 포천시 신북면 만세교리 61번지 4호,127.2467925,37.9642373,2018-04-30,2018-01-04
포천시,한일농장,닭,육계,120000.0,"경기도 포천시 신북면 고일리 343번지 외2필지(343-2,-3)",127.1710219,37.9769559,2018-04-30,2018-01-04
포천시,햇빛농장,닭,산란계,,경기도 포천시 신북면 금동리 455번지 4호,127.1256173,37.9474618,2018-03-14,2018-01-04
포천시,햇빛농장,닭,육계,5000.0,경기도 포천시 신북면 만세교리 354번지,127.2376278,37.9522107,2018-04-30,2018-01-04
포천시,혜옥농장,닭,육계,10000.0,경기도 포천시 화현면 명덕리 469번지 2호,127.2763259,37.8975851,2018-04-30,2018-01-04
포천시,홍문화농장,닭,육계,60.0,경기도 포천시 영중면 거사리 180번지 1호,127.2386559,37.9784344,2018-03-14,2018-01-04
포천시,화현농장,닭,육계,25000.0,경기도 포천시 일동면 길명리 81번지 3호 외1필지(82),127.2862067,37.9215264,2018-03-14,2018-01-04
포천시,화현농장,닭,육계,30000.0,경기도 포천시 일동면 길명리,127.2875895,37.93801,2018-03-14,2018-01-04
포천시,화현농장,닭,육계,1200.0,경기도 포천시 화현면 화현리 282번지,127.2944823,37.9118843,2018-03-14,2018-01-04
포천시,가농바이오(주),닭,산란계,246230.0,경기도 포천시 가산면 우금리 618-6번지,37.8386205,127.2092415,2020-11-30,2021-01-13
포천시,가온농장,닭,산란계,270000.0,경기도 포천시 창수면 주원리 61-1번지,38.0143757,127.1916274,2021-04-30,2021-02-27
포천시,가온농장,닭,산란계,264600.0,경기도 포천시 창수면 주원리 64번지,38.0141259,127.1901008,2021-04-30,2021-02-27
포천시,강포농장,닭,산란계,51700.0,경기도 포천시 영북면 자일리 341번지 1호,38.1151141,127.289929,2020-11-30,2018-01-04
포천시,거사리농장,닭,육계,0.0,경기도 포천시 영중면 거사리 400번지 2호,37.9978188,127.2357693,2021-04-30,2021-02-27
포천시,경복농장,닭,육계,25000.0,경기도 포천시 영중면 거사리 366번지,37.9941565,127.2381029,2021-04-30,2021-02-27
포천시,경원농장,닭,육계,24000.0,경기도 포천시 영북면 자일리 671번지,38.1162813,127.2803094,2020-11-30,2018-01-04
포천시,관인양계장,닭,산란계,12000.0,경기도 포천시 관인면 초과리 143번지 2호,38.1503018,127.2465437,2020-11-30,2018-01-04
포천시,군내농장,닭,육계,60000.0,경기도 포천시 군내면 구읍리 282-1번지,37.8800316,127.2170181,2020-11-30,2021-01-13
포천시,농업회사법인 (주)서림축산,닭,산란계,180000.0,경기도 포천시 관인면 탄동리 392번지,38.1547722,127.2624515,2021-06-30,2018-01-04
포천시,다랑골농장,닭,산란계,50000.0,경기도 포천시 영북면 자일리 494-2번지,38.1017841,127.2848377,2021-04-30,2018-01-04
포천시,덕기농장,닭,육계,52.0,경기도 포천시 내촌면 신팔리 170번지,37.8474539,127.2738456,2021-04-30,2017-02-02
포천시,맑은햇살농장,닭,산란계,40000.0,경기도 포천시 영중면 거사리 509번지,38.0039252,127.2321338,2021-04-30,2021-02-27
포천시,봄율농장,닭,육계,80000.0,경기도 포천시 창수면 가양리 253-1번지,37.9946501,127.1999329,2020-11-30,2021-01-27
포천시,선돌농장,닭,육계,75000.0,경기도 포천시 군내면 상성북리 327-1번지,37.8904203,127.2355216,2021-04-30,2021-01-27
포천시,승천농장,닭,산란계,170000.0,경기도 포천시 창수면 주원리 488번지,38.0134553,127.1810235,2020-11-30,2021-01-27
포천시,신진농장,닭,산란계,44700.0,경기도 포천시 일동면 길명리 666번지,37.9234687,127.2724297,2020-07-31,2021-01-27
포천시,영재농장,닭,육계,40000.0,경기도 포천시 영중면 거사리 482-3번지,38.0060371,127.2301592,2020-11-30,2021-01-27
포천시,영흥농장2,닭,산란계,20000.0,경기도 포천시 영북면 자일리 341-5번지,38.114637,127.2897561,2020-07-31,2018-01-04
포천시,우농타조농장,타조,육계,6.0,경기도 포천시 관인면 중리 694-1번지,38.0866165,127.2042716,2020-11-30,2021-02-08
포천시,우리농장,닭,육계,25500.0,경기도 포천시 신북면 덕둔리 394번지,37.962958,127.1163119,2020-07-31,2021-01-27
포천시,원천농장,닭,산란계,100000.0,경기도 포천시 신북면 삼정리 228번지,37.9676274,127.1468065,2020-07-31,2021-01-27
포천시,은현농장,닭,육계,70000.0,경기도 포천시 영중면 거사리 410-5번지,38.0013714,127.2342891,2020-11-30,2021-01-27
포천시,초가농장,닭,육계,30000.0,경기도 포천시 소흘읍 고모리 450번지,37.8103114,127.1766393,2020-07-31,2021-01-13
포천시,초원농장,닭,육계,10000.0,경기도 포천시 신북면 계류리 135번지,37.953213,127.1855201,2021-04-30,2021-02-27
포천시,포천농장,닭,산란계,95000.0,경기도 포천시 영중면 거사리 509번지,38.0039252,127.2321338,2020-11-30,2021-01-27
포천시,하성양계장,닭,산란계,25000.0,경기도 포천시 영북면 야미리 452번지,38.0436712,127.26346,2021-04-30,2021-02-27
포천시,한일농장,닭,육계,120000.0,"경기도 포천시 신북면 고일리 343번지 (외2필지(343-2,-3))",37.9769559,127.1710219,2020-11-30,2021-01-27
포천시,-,닭,육계,5000.0,경기도 포천시 영중면 영송리 165번지 1호,38.0032307,127.2231256,2021-07-31,2021-02-27
포천시,광원농장,닭,산란계,30000.0,경기도 포천시 창수면 주원리 488번지,38.0134553,127.1810235,2021-07-31,2021-02-27
포천시,대명농장,닭,육계,70000.0,경기도 포천시 창수면 가양리 422-1번지,37.9735738,127.1967695,2021-07-31,2021-02-27
포천시,신호농장,닭,산란계,17000.0,경기도 포천시 창수면 운산리 36번지,38.0510383,127.2153278,2021-07-31,2021-02-27
포천시,양문농장,닭,산란계,50000.0,경기도 포천시 영중면 거사리 936번지,37.9983753,127.2275967,2021-07-31,2021-02-27
포천시,연화농장,닭,육계,35000.0,경기도 포천시 영북면 자일리 480-42번지,38.0979453,127.2814827,2021-07-31,2018-01-04
포천시,영농조합법인 자연농산,닭,산란계,308000.0,경기도 포천시 영북면 문암리 359-1번지 (외1필지(359-5)),38.0741756,127.2635682,2021-07-31,2021-02-27
포천시,예산농장,닭,산란계,52500.0,경기도 포천시 선단동 10번지,37.8566453,127.1714983,2021-07-31,2021-01-13
포천시,욱별농장,닭,육계,2000.0,경기도 포천시 일동면 화대리 329번지,37.9666034,127.3330945,2021-07-31,2021-02-27
포천시,햇빛농장,닭,산란계,15000.0,경기도 포천시 신북면 금동리 455-4번지,37.9474618,127.1256173,2021-07-31,2021-02-08
포천시,햇빛농장,닭,육계,5000.0,경기도 포천시 신북면 만세교리 354번지,37.9522107,127.2376278,2021-07-31,2021-02-27
포천시,153농장,닭,육계,25000.0,경기도 포천시 이동면 장암리 375번지,38.0247130532,127.361692027,2026-02-26,2026-02-25
포천시,LA농장,닭,육계,1000.0,경기도 포천시 내촌면 내리 산 6번지,37.7812314629,127.2377966014,2026-02-26,2026-02-17
포천시,거사리농장,닭,육계,0.0,경기도 포천시 영중면 거사리 400번지 2호,,,2026-02-26,2026-02-17
포천시,경호농장,닭,종계/산란계,18000.0,경기도 포천시 영북면 자일리 344번지 1호,38.1155803446,127.2891612623,2026-02-26,2026-03-13
포천시,고센농장,닭,육계,11000.0,경기도 포천시 영중면 영송리 202번지,38.0053444705,127.2198803335,2026-02-26,2026-02-17
포천시,금동농장,닭,육계,60000.0,경기도 포천시 신북면 삼성당리 472번지 10호,37.9646484655,127.1934638907,2026-02-26,2026-03-07
포천시,낙영농장,닭,육계,11000.0,경기도 포천시 가산면 정교리 133번지,37.8224377998,127.1821110412,2026-02-26,2021-01-13
포천시,남송농장,닭,육계,250.0,경기도 포천시 창수면 추동리 662번지,37.997655818,127.1645226095,2025-08-31,2026-02-17
포천시,농업회사법인 (주)서림축산,닭,종계/산란계,180000.0,경기도 포천시 관인면 탄동리 392번지,38.1552927632,127.2621899323,2025-08-31,2018-01-04
포천시,농업회사법인 지니팜(주),닭,육계,50000.0,경기도 포천시 소흘읍 이동교리 442번지,37.7871572596,127.1286909297,2026-01-31,2021-01-13
포천시,농업회사법인 최연축산(주),닭,종계/산란계,100000.0,경기도 포천시 창수면 주원리 136번지 1호,38.008832281,127.1944760819,2026-01-31,2026-02-17
포천시,늘푸른농장,닭,종계/산란계,20000.0,"경기도 포천시 일동면 사직리 353번지 3호  , 8, 9호",,,2025-08-31,2026-02-17
포천시,늘푸른농장,닭,종계/산란계,17000.0,경기도 포천시 창수면 주원리 55번지 8호,38.0143156414,127.1953509396,2025-08-31,2026-02-17
포천시,대붕농장,닭,종계/산란계,70000.0,경기도 포천시 군내면 상성북리 242번지 1호,37.897160353,127.2387394045,2026-01-31,2021-01-27
포천시,대성농장,닭,종계/산란계,60000.0,경기도 포천시 영북면 야미리 725번지,38.0470100495,127.2603067911,2025-08-31,2026-02-17
포천시,대성농장,닭,육계,50000.0,경기도 포천시 신북면 심곡리 272번지,37.9441115023,127.1913640347,2026-02-26,2026-03-07
포천시,대성농장,닭,육계,65000.0,경기도 포천시 영중면 거사리 483번지,38.0063460438,127.2319735717,2026-02-26,2026-02-25
포천시,대성농장,닭,육계,10000.0,경기도 포천시 이동면 노곡리 1049번지,38.0187839202,127.3284932619,2026-02-26,2026-02-25
포천시,대흥농장,닭,육계,12000.0,경기도 포천시 영북면 야미리 130번지,38.054722378,127.2772993342,2026-01-31,2026-02-17
포천시,대흥농장,닭,종계/산란계,45000.0,경기도 포천시 영북면 야미리 127번지,38.0556320603,127.2769774208,2026-01-31,2026-02-17
포천시,덕기농장,닭,육계,400.0,경기도 포천시 내촌면 신팔리 170번지 2호,37.8473554184,127.2742417587,2026-02-26,2017-02-02
포천시,만세농장,닭,종계/산란계,39750.0,경기도 포천시 신북면 만세교리 61번지 4호,37.9644150305,127.2468915496,2026-02-26,2026-02-25
포천시,맑은햇살농장,닭,종계/산란계,40000.0,경기도 포천시 영중면 거사리 497번지 3호,38.0047089519,127.233403352,2025-08-31,2026-02-17
포천시,명진농장,닭,육계,35000.0,경기도 포천시 관인면 냉정리 795번지 1호,38.1473890662,127.2668833983,2025-08-31,2018-01-04
포천시,무진축산,닭,육계,35000.0,경기도 포천시 창수면 추동리 552번지,37.9977786523,127.1665152085,2026-02-26,2026-03-07
포천시,믿음농장,닭,종계/산란계,30045.0,경기도 포천시 관인면 냉정리 929번지 4호,38.1335894709,127.2708525376,2025-08-31,2026-03-13
포천시,바람직한농장,닭,육계,1000.0,경기도 포천시 이동면 도평리 374번지 2호,38.0559475355,127.3741830445,2025-08-31,2026-02-25
포천시,버들농장,닭,종계/산란계,27000.0,경기도 포천시 영북면 자일리 447번지 1호,38.1044175089,127.2863418361,2026-02-26,2026-03-13
포천시,보결농장,닭,종계/산란계,0.0,"경기도 포천시 영북면 자일리 538번지 3호 ,446,-1,537,539-2,538-7,536-10,-9,-15",38.1057057611,127.2860301158,2025-08-31,2026-03-13
포천시,보성농장,닭,육계,8000.0,경기도 포천시 화현면 지현리 152번지 2호,,,2025-08-31,2026-02-17
포천시,봄율농장,닭,육계,80000.0,경기도 포천시 창수면 가양리 253번지 1호,37.9948406546,127.2000578089,2026-01-31,2026-02-17
포천시,부엉농산,닭,육계,80000.0,"경기도 포천시 영중면 영송리 80번지 외2필지(82,84)",38.0151724921,127.2292870534,2026-02-26,2026-02-25
포천시,산마을농장,닭,종계/산란계,24000.0,경기도 포천시 영북면 대회산리 216번지,38.0680533288,127.2304489421,2025-08-31,2026-02-17
포천시,삼오농장,닭,종계/산란계,1350.0,경기도 포천시 창수면 추동리 742번지 3호,37.99307393,127.1665137321,2026-01-31,2026-02-17
포천시,삼우농장,닭,종계/산란계,150000.0,경기도 포천시 창수면 추동리 734번지 1호 외1필지(736-1),37.99307393,127.1665137321,2026-02-26,2026-03-07
포천시,상우축산,닭,육계,30000.0,경기도 포천시 창수면 가양리 252번지 1호,37.9935297383,127.202010637,2026-01-31,2026-02-17
포천시,상주농장,닭,종계/산란계,20000.0,경기도 포천시 영북면 자일리 447번지 2호,38.1044705882,127.2857941912,2026-01-31,2026-03-13
포천시,새마을농장,닭,종계/산란계,21420.0,경기도 포천시 영중면 양문리 256번지 1호,37.9980800456,127.2519695264,2025-08-31,2026-02-17
포천시,샘터농장,닭,종계/산란계,20000.0,경기도 포천시 이동면 노곡리 725번지,38.0195517726,127.336044953,2025-08-31,2026-02-25
포천시,선돌농장,닭,육계,75000.0,경기도 포천시 군내면 상성북리 328번지,37.8911117885,127.2343480399,2025-08-31,2021-01-27
포천시,섭섭이농장,닭,육계,2000.0,경기도 포천시 관인면 초과리 235번지,38.1464973316,127.2390931698,2026-01-31,2018-01-04
포천시,성지농원,닭,종계/산란계,55000.0,경기도 포천시 영북면 자일리 496번지 외2필지,38.1020990878,127.2851623968,2025-08-31,2026-03-13
포천시,송림축산,닭,종계/산란계,6804.0,경기도 포천시 소흘읍 고모리 23번지,37.804600984,127.1755761381,2026-01-31,2021-01-13
포천시,송이축산,닭,종계/산란계,500000.0,경기도 포천시 일동면 사직리 865번지 1호 외2필지,37.9973590837,127.3339189854,2026-01-31,2026-02-25
포천시,승진농장,닭,육계,8000.0,"경기도 포천시 이동면 노곡리 1374번지 , 1375번지",38.0096996735,127.3558992533,2026-02-26,2026-02-25
포천시,애란농장,닭,종계/산란계,45000.0,경기도 포천시 창수면 주원리 20번지,38.0048776885,127.195267052,2026-01-31,2026-02-17
포천시,양문농장,닭,종계/산란계,150000.0,"경기도 포천시 영중면 거사리 936번지 ,-1, -3, 937-1, -4, -5, 578-3",37.9982334648,127.2276181169,2026-01-31,2026-02-17
포천시,엄마축산,닭,육계,20000.0,경기도 포천시 영북면 문암리 17번지 2호,,,2026-01-31,2026-02-17
포천시,에그플러스,닭,종계/산란계,204000.0,경기도 포천시 영북면 야미리 416번지 1호 외 6필지,38.0418285273,127.2697484402,2025-08-31,2026-02-17
포천시,여주농장,닭,종계/산란계,50000.0,경기도 포천시 창수면 주원리 140번지 3호,38.0038215108,127.1946221692,2026-02-26,2026-02-17
포천시,영화농장,닭,육계,40000.0,경기도 포천시 창수면 가양리 251번지 1호,37.9935297383,127.202010637,2026-02-26,2026-02-17
포천시,예산농장,닭,종계/산란계,180000.0,"경기도 포천시 선단동 10번지 1호 ,-2,-3,-4,-6,12-1",37.8561204617,127.1724858317,2026-02-26,2021-01-13
포천시,오뚜기농장,닭,육계,48.0,경기도 포천시 관인면 중리 176번지 1호,38.1111679471,127.206894658,2026-02-26,2026-03-13
포천시,오성농장,닭,종계/산란계,15100.0,경기도 포천시 영북면 야미리 277번지 4호,38.053899764,127.2713291729,2026-02-26,2026-02-25
포천시,우리농장,닭,육계,25000.0,경기도 포천시 신북면 덕둔리 394번지 1호,37.9630987849,127.1167869324,2025-08-31,2026-02-17
포천시,원일농장,닭,육계,50000.0,경기도 포천시 가산면 우금리 460번지,37.8335265454,127.2111103288,2026-02-26,2021-01-13
포천시,월산농장,닭,종계/산란계,60000.0,경기도 포천시 영중면 영송리 174번지,38.0009307498,127.2209677819,2025-08-31,2026-02-17
포천시,은현농장,닭,육계,70000.0,경기도 포천시 영중면 거사리 410번지 5호,38.0015925859,127.2343258416,2025-08-31,2026-02-17
포천시,은혜농장,닭,육계,25000.0,경기도 포천시 설운동 1통 2반,37.8537362325,127.1489320113,2026-02-26,2021-01-13
포천시,자산도농장,닭,육계,30000.0,경기도 포천시 이동면 연곡리 1014번지,38.0085552509,127.3636361069,2026-01-31,2026-02-25
포천시,재림농장,닭,종계/산란계,29000.0,경기도 포천시 영북면 야미리 452번지,38.0431327946,127.2638979393,2026-01-31,2026-02-17
포천시,조대박농장,닭,육계,300.0,경기도 포천시 가산면 마산리 524번지,37.8489101234,127.1757912912,2026-02-26,2021-01-13
포천시,종복농장,닭,종계/산란계,9000.0,경기도 포천시 소흘읍 고모리 79번지 3호,37.804600984,127.1755761381,2026-02-26,2021-01-13
포천시,죽산농장,닭,육계,30000.0,경기도 포천시 가산면 가산리 711번지,37.8266437836,127.1652510499,2026-01-31,2021-01-13
포천시,지원농장,닭,종계/산란계,10000.0,경기도 포천시 창수면 주원리 27번지 3호,38.0072309636,127.195621822,2025-08-31,2026-02-17
포천시,초가농장,닭,육계,30000.0,"경기도 포천시 소흘읍 고모리 451번지 ,452",37.8113809229,127.1763190079,2026-02-26,2021-01-13
포천시,축산(육계),닭,육계,30000.0,경기도 포천시 영중면 거사리 197번지 1호,37.9799633615,127.239117946,2025-08-31,2026-02-17
포천시,칠천농장,닭,종계/산란계,20000.0,경기도 포천시 영북면 자일리 1009번지 7호,38.1217060546,127.2777919625,2026-02-26,2026-03-13
포천시,클린환경,닭,종계/산란계,50000.0,경기도 포천시 창수면 추동리 216번지 3호,37.9814416025,127.184033969,2026-01-31,2026-02-17
포천시,푸른솔농장,닭,육계,60000.0,경기도 포천시 신북면 계류리 391번지 1호,37.9448572557,127.1770659917,2026-02-26,2026-03-07
포천시,학선농장,닭,육계,60000.0,"경기도 포천시 가산면 마산리 577번지 2호 ,3,620-9,618-14",37.8506228992,127.1825129404,2026-02-26,2021-01-13
포천시,한빛농장,닭,종계/산란계,100000.0,경기도 포천시 신북면 만세교리 61번지 4호,37.9644150305,127.2468915496,2026-02-26,2026-02-25
포천시,한일농원,닭,종계/산란계,50000.0,경기도 포천시 관인면 사정리 산 248번지,38.1178272195,127.2492491874,2026-02-26,2026-03-13
포천시,한일농장,닭,육계,120000.0,"경기도 포천시 신북면 고일리 343번지 외2필지(343-2,-3)",37.9770439568,127.1711180138,2025-08-31,2026-02-17
포천시,함양농장,닭,종계/산란계,18000.0,경기도 포천시 화현면 지현리 197번지 4호,37.9111677854,127.2741606621,2025-08-31,2021-01-27
포천시,해오름양계포천농장,닭,종계/산란계,90000.0,경기도 포천시 이동면 연곡리 77번지 외1필지(76-1),38.0140473951,127.3834708573,2026-02-26,2026-02-25
포천시,햇빛농장,닭,종계/산란계,15000.0,경기도 포천시 신북면 금동리 455번지 4호,37.9474911123,127.1260302775,2026-02-26,2026-03-07
포천시,현네축산,닭,육계,6000.0,"경기도 포천시 이동면 연곡리 1015번지 등 2필지(1018, 1019)",38.0087087994,127.3639206027,2026-01-31,2026-02-25
포천시,화순농장,닭,종계/산란계,31000.0,경기도 포천시 이동면 노곡리 1225번지 7호,38.0052541144,127.3214397871,2025-08-31,2026-02-25
포천시,황금농장,닭,육계,60000.0,경기도 포천시 관인면 탄동리 1147번지,38.1593446758,127.2647907133,2026-02-26,2018-01-04
포천시,LA농장,닭,육계,1000.0,경기도 포천시 내촌면 내리 산 6번지,37.7812314629,127.2377966014,2026-02-26,2026-02-25
포천시,거사리농장,닭,육계,0.0,경기도 포천시 영중면 거사리 400번지 2호,,,2026-02-26,2026-02-25
포천시,늘푸른농장,닭,종계/산란계,20000.0,"경기도 포천시 일동면 사직리 353번지 3호  , 8, 9호",,,2025-08-31,2026-02-25
포천시,보성농장,닭,육계,8000.0,경기도 포천시 화현면 지현리 152번지 2호,,,2025-08-31,2026-02-25
포천시,엄마축산,닭,육계,20000.0,경기도 포천시 영북면 문암리 17번지 2호,,,2026-01-31,2026-02-25
포천시,LA농장,닭,육계,1000.0,경기도 포천시 내촌면 내리 산 6번지,37.7812314629,127.2377966014,2026-02-26,2026-03-07
포천시,거사리농장,닭,육계,0.0,경기도 포천시 영중면 거사리 400번지 2호,,,2026-02-26,2026-03-07
포천시,엄마축산,닭,육계,20000.0,경기도 포천시 영북면 문암리 17번지 2호,,,2026-01-31,2026-03-07
포천시,LA농장,닭,육계,1000.0,경기도 포천시 내촌면 내리 산 6번지,37.7812314629,127.2377966014,2026-02-26,2026-03-13
포천시,거사리농장,닭,육계,0.0,경기도 포천시 영중면 거사리 400번지 2호,,,2026-02-26,2026-03-13
포천시,엄마축산,닭,육계,20000.0,경기도 포천시 영북면 문암리 17번지 2호,,,2026-01-31,2026-03-13
화성시,2000축산,닭,산란계,14000.0,경기도 화성시 장안면 독정리 767번지 11호,126.8481696,37.085312,2018-03-14,2017-01-05
화성시,K & C 농장,닭,산란계,9700.0,경기도 화성시 장안면 독정리 767번지 2호,126.8486093,37.0847809,2018-03-14,2017-01-05
화성시,계림농장,닭,육계,18000.0,경기도 화성시 장안면 독정리 1072번지 1호,126.8453596,37.0572854,2018-03-14,2017-01-05
화성시,기원농장,닭,산란계,100.0,경기도 화성시 남양읍 신남리 1274-3번지,126.7996661,37.1720819,2018-04-30,2017-01-05
화성시,길성농장,닭,육계,35000.0,경기도 화성시 양감면 사창리 293번지 1호,126.9760095,37.0954206,2018-04-30,2018-01-27
화성시,김상희농장,닭,육계,40000.0,경기도 화성시 팔탄면 지월리 102번지,126.8918068,37.1397574,2018-03-14,2017-01-05
화성시,꼬꼬마을농장,닭,산란계,500.0,경기도 화성시 장안면 노진리 12번지 4호,126.8212521,37.053872,2018-03-14,2017-01-05
화성시,남촌농장,닭,산란계,20000.0,경기도 화성시 정남면 수면리 134번지,127.0263643,37.1544762,2018-04-30,2018-01-27
화성시,다올농장,닭,산란계,50000.0,경기도 화성시 양감면 사창리 777번지,126.9597669,37.0952266,2018-04-30,2014-02-17
화성시,다원농장,닭,육계,35000.0,경기도 화성시 우정읍 화수리 964번지 17호,126.7892794,37.1098914,2018-04-30,2017-01-05
화성시,대경농장,닭,육계,100000.0,경기도 화성시 양감면 용소리 392번지 1호 외 4필지,126.9821237,37.0721746,2018-03-14,2018-01-27
화성시,대성농장,닭,육계,30000.0,경기도 화성시 남양읍 온석리 400-3번지,126.8425539,37.1669937,2018-03-14,2017-01-05
화성시,덕산농장,닭,육계,20000.0,경기도 화성시 양감면 용소리 591번지 1호,126.9850344,37.0796808,2018-03-14,2018-01-27
화성시,동현농장,닭,육계,50000.0,경기도 화성시 팔탄면 월문리 158번지 5호,126.8733234,37.1215825,2018-03-14,2017-01-05
화성시,매바위양계장,닭,육계,40000.0,경기도 화성시 남양읍 장덕리 947번지,126.7873851,37.1510569,2018-03-14,2017-01-05
화성시,모세농장,닭,육계,52000.0,경기도 화성시 정남면 금복리 91번지,126.9993469,37.1598577,2018-04-30,2018-01-27
화성시,박○혜,닭,육계,38182.0,"경기도 화성시 우정읍 원안리 426번지 , 호곡리 991번지",126.7769248,37.1066157,2018-04-30,2017-01-05
화성시,베드로목장,닭,산란계,8500.0,경기도 화성시 동탄면 장지리 390번지,127.1186412,37.1484751,2018-03-14,2018-01-27
화성시,봉황농장,닭,산란계,85000.0,경기도 화성시 남양읍 신남리 906-16번지,126.7991155,37.184245,2018-03-14,2017-01-05
화성시,부자농원,닭,육계,20000.0,경기도 화성시 장안면 사곡리 725번지 1호,126.8013881,37.0577054,2018-04-30,2017-01-05
화성시,비봉농장,닭,산란계,10000.0,경기도 화성시 비봉면 자안리 312번지 1호,126.8769862,37.2063026,2018-04-30,2017-01-05
화성시,사또농장,닭,산란계,500.0,경기도 화성시 매송면 숙곡리 289번지,126.9079007,37.2571858,2018-03-14,2017-01-05
화성시,산척양계,닭,육계,20000.0,경기도 화성시 동탄면 산척리 244번지,127.110308,37.1698647,2018-03-14,2018-01-27
화성시,삼현농원,닭,육계,29000.0,경기도 화성시 양감면 사창리 1007번지 1호,126.9680168,37.084732,2018-04-30,2018-01-27
화성시,선경2축산,닭,육계,45000.0,경기도 화성시 봉담읍 하가등리 393번지 1호,126.9331521,37.1456367,2018-04-30,2017-01-05
화성시,성일양계장,닭,육계,50000.0,경기도 화성시 마도면 청원리 576번지 5호,126.7711989,37.176634,2018-03-14,2017-01-05
화성시,연지농장,닭,육계,45000.0,경기도 화성시 팔탄면 해창리 산 35번지 1호,126.8821081,37.1094907,2018-03-14,2017-01-05
화성시,영호농장,닭,산란계,10000.0,경기도 화성시 양감면 송산리 1003번지 5호,126.9897878,37.1011987,2018-03-14,2018-01-27
화성시,예찬농장,닭,산란계,2500.0,경기도 화성시 매송면 야목리 677번지,126.8862373,37.2630682,2018-03-14,2017-01-05
화성시,유농장,닭,육계,40000.0,경기도 화성시 남양읍 활초리 산 187번지 1호,126.841715,37.1802919,2018-04-30,2017-01-05
화성시,은혜양계장,닭,육계,50000.0,경기도 화성시 남양읍 신남리 1539번지,126.8137749,37.1764392,2018-03-14,2017-01-05
화성시,자유농장,닭,산란계,4000.0,경기도 화성시 장안면 독정리 산 282번지,126.8570957,37.0638601,2018-03-14,2017-01-05
화성시,장학순건강란,닭,산란계,35000.0,경기도 화성시 장안면 장안리 279번지,126.8555863,37.0536492,2018-03-14,2017-01-05
화성시,전정식농장,닭,산란계,120.0,경기도 화성시 비봉면 삼화리 802번지 3호,126.8528526,37.2483168,2018-03-14,2017-01-05
화성시,정남농장,닭,산란계,50000.0,경기도 화성시 정남면 문학리 599번지 1호,126.9627607,37.1559765,2018-04-30,2014-02-17
화성시,정남농장,닭,산란계,20000.0,경기도 화성시 정남면 계향리 589번지 1호,126.9916716,37.142476,2018-04-30,2018-01-27
화성시,정영농장,닭,육계,20000.0,경기도 화성시 향남읍 도이리 179번지 2호,126.9184374,37.1384999,2018-04-30,2017-01-05
화성시,정인양계장,닭,육계,30000.0,경기도 화성시 팔탄면 율암리 산 56번지 79호,126.8763098,37.1660975,2018-04-30,2017-01-05
화성시,정호축산,닭,육계,25000.0,경기도 화성시 양감면 송산리 87번지,126.99118,37.1186702,2018-03-14,2018-01-27
화성시,주은농장,닭,육계,85000.0,경기도 화성시 남양읍 북양리 577번지,126.8576629,37.208461,2018-03-14,2017-01-05
화성시,진성농장,닭,육계,20000.0,경기도 화성시 송산면 지화리 574번지 3호,126.6805903,37.210184,2018-03-14,2018-01-27
화성시,진현농장,닭,산란계,75500.0,경기도 화성시 정남면 음양리 466번지,127.0225023,37.151143,2018-04-30,2018-01-27
화성시,참빛농장,닭,육계,20000.0,경기도 화성시 장안면 사랑리 248번지 2호,126.8326625,37.0691438,2018-03-14,2017-01-05
화성시,창은농장,닭,육계,40000.0,경기도 화성시 마도면 청원리 681번지,126.7739705,37.179829,2018-04-30,2017-01-05
화성시,큰양계장,닭,육계,50000.0,경기도 화성시 장안면 금의리 600번지 4호,126.8293099,37.1093891,2018-04-30,2017-01-05
화성시,태양농원,닭,산란계,2500.0,경기도 화성시 비봉면 쌍학리 826번지,126.898817,37.22302,2018-03-14,2017-01-05
화성시,태양양계농장,닭,산란계,50000.0,경기도 화성시 팔탄면 율암리 산 67번지 2호,126.8763098,37.1660975,2018-04-30,2017-01-05
화성시,현대농장,닭,육계,45000.0,경기도 화성시 마도면 청원리 574번지 10호,126.767221,37.173941,2018-04-30,2017-01-05
화성시,현대축산,닭,산란계,45000.0,경기도 화성시 우정읍 매향리 산 506번지,126.7479739,37.0407979,2018-03-14,2018-01-27
화성시,형제농장,닭,육계,52000.0,경기도 화성시 양감면 대양리 111번지 2호,126.9485198,37.093537,2018-04-30,2014-02-17
화성시,홍유웅농장,닭,육계,30000.0,경기도 화성시 서신면 홍법리 28번지,126.7273935,37.1711069,2018-03-14,2018-01-27
화성시,화성양계장,닭,육계,40000.0,경기도 화성시 장안면 독정리 222번지,126.8639662,37.0758705,2018-03-14,2017-01-05
화성시,희망축산,닭,산란계,5240.0,경기도 화성시 남양읍 온석리 492번지,126.8528847,37.1637995,2018-03-14,2017-01-05
화성시,희산농장,닭,육계,30000.0,경기도 화성시 남양읍 신남리 1552번지,126.8226887,37.1783273,2018-03-14,2017-01-05
화성시,YB팜스,닭,육계,67000.0,경기도 화성시 양감면 사창리 산120,37.0966780769,126.9632788713,2020-07-31,2020-12-23
화성시,감우농장,닭,육계,65000.0,경기도 화성시 남양읍 장덕리 1077,37.1647380646,126.8199587297,2020-11-30,2020-12-17
화성시,건국축산농원,닭,육계,60000.0,"경기도 화성시 장안면 독정리 794-2 794-4,794-5,794-12",37.0754160481,126.8469469912,2020-07-31,2020-12-23
화성시,계원농장,닭,종계,35100.0,경기도 화성시 양감면 사창리 261번지,37.0948709,126.975931,2020-06-30,2020-12-23
화성시,광민농장,닭,육계,40000.0,경기도 화성시 장안면 덕다리 산7,,,2020-07-31,2020-12-17
화성시,구마농장,오리,,42000.0,경기도 화성시 양감면 사창리 775-1,37.0942843478,126.958220765,2020-07-31,2020-12-23
화성시,궁영물닭장,닭,육계,90.0,경기도 화성시 송산면 고정리 산1-56,37.2840103291,126.7370297648,2020-07-31,2020-12-17
화성시,금송농장,닭,육계,65000.0,경기도 화성시 장안면 장안리 489,37.0448085205,126.8560369085,2020-07-31,2020-12-23
화성시,금의양계장,닭,육계,50000.0,경기도 화성시 장안면 사곡리 833-6,37.0579337147,126.8081024592,2020-07-31,2020-12-23
화성시,길성농장,닭,육계,35000.0,경기도 화성시 양감면 사창리 293-1,37.0958683693,126.9757191347,2020-07-31,2020-12-23
화성시,남양농장,닭,육계,16028.0,경기도 화성시 남양읍 안석리 75-2,37.167859201,126.8250894792,2020-11-30,2020-12-17
화성시,남양축산 안석농장,닭,육계,120000.0,경기도 화성시 남양읍 안석리 9-2,37.1666899268,126.8335023753,2021-04-30,2021-02-18
화성시,남에벤에셀,닭,육계,30000.0,경기도 화성시 장안면 사곡리 879,37.0638330537,126.8088025094,2021-04-30,2020-12-29
화성시,남촌농장,닭,산란계,20000.0,경기도 화성시 정남면 수면리 134,37.1545564166,127.0263972362,2020-07-31,2021-01-24
화성시,농업회사법인 주식회사 잘큼,닭,산란계,25000.0,경기도 화성시 팔탄면 서근리 201-1,37.124364564,126.8489244658,2021-04-30,2021-02-18
화성시,농업회사법인(주)정인,닭,육계,50000.0,경기도 화성시 우정읍 석천리 766번지,37.0453981,126.7770052,2020-06-30,2022-11-17
화성시,농업회사법인㈜정인,닭,육계,40000.0,"경기도 화성시 우정읍 석천리 766, 1037-28",,,2020-07-31,2020-12-17
화성시,다산농장,닭,종계,2400.0,경기도 화성시 양감면 용소리 190,37.0722354844,126.9865576471,2020-11-30,2020-12-23
화성시,다산양계,닭,산란계,60000.0,경기도 화성시 팔탄면 구장리 309-2번지,37.1534984,126.9019405,2020-06-30,2020-12-17
화성시,다산양계,닭,산란계,60000.0,"경기도 화성시 팔탄면 구장리 309-2,-3,-4, 310-1",37.1535241491,126.9017723849,2020-11-30,2020-12-17
화성시,달궁농장,닭,산란계,52.0,경기도 화성시 장안면 사곡리 907-3,37.0688528819,126.8195334098,2020-11-30,2020-12-23
화성시,대경농장,닭,육계,100000.0,경기도 화성시 양감면 용소리  392-2,37.0715348704,126.9822364177,2021-04-30,2021-01-24
화성시,대륭농장,닭,육계,50400.0,경기도 화성시 양감면 신왕리 1950,37.0733754906,126.9610919678,2020-11-30,2020-12-23
화성시,대산농장,닭,육계,50200.0,경기도 화성시 장안면 독정리 1779번지,37.0724806,126.8624093,2020-06-30,2020-12-23
화성시,대성농장,닭,육계,30000.0,경기도 화성시 남양읍 온석리 400-3,37.1663551768,126.8429665358,2020-07-31,2020-12-17
화성시,대양농장,닭,육계,10000.0,경기도 화성시 양감면 신왕리 1129번지,37.0729537,126.9632655,2020-06-30,2020-12-23
화성시,대양농장,닭,종계,20000.0,경기도 화성시 양감면 신왕리 1129,37.0733314553,126.9633084611,2020-11-30,2020-12-23
화성시,대양농장,닭,육계,10000.0,경기도 화성시 양감면 신왕리 1129,37.0733314553,126.9633084611,2020-07-31,2020-12-23
화성시,대영농장,닭,산란계,100.0,경기도 화성시 기안동 318,37.2280722206,126.9748132207,2021-04-30,2021-02-18
화성시,덕다양계장,닭,육계,40000.0,경기도 화성시 장안면 덕다리 산47-6,37.0635713976,126.8388036522,2020-07-31,2020-12-23
화성시,도이리목장,닭,육계,60.0,경기도 화성시 향남읍 도이리 295-1,37.1376432952,126.9371385815,2020-11-30,2020-12-23
화성시,독정양계장,닭,육계,28000.0,"경기도 화성시 장안면 독정리 733-1,-2, 1113-4",37.0853670214,126.8534099266,2021-04-30,2021-02-18
화성시,동원농장,닭,종계,5400.0,경기도 화성시 남양읍 온석리 241,37.1702161084,126.8549855222,2020-07-31,2020-12-17
화성시,동현농장,닭,육계,50000.0,경기도 화성시 팔탄면 월문리 158번지,37.1215825,126.8733234,2020-06-30,2020-12-17
화성시,두레농장,닭,종계,2200.0,경기도 화성시 양감면 사창리 257,37.0953129425,126.9744626358,2020-07-31,2020-12-23
화성시,뒷골농장,닭,육계,180.0,경기도 화성시 금곡동 608,37.164548407,127.0751045553,2020-07-31,2022-02-08
화성시,마도양계장,닭,산란계,20000.0,경기도 화성시 마도면 백곡리 336번지,37.1828231,126.7171144,2020-06-30,2020-12-17
화성시,매바위양계장,닭,육계,40000.0,경기도 화성시 남양읍 장덕리  947,37.1512148427,126.787366386,2021-04-30,2020-12-17
화성시,매바위양계장,닭,육계,40000.0,경기도 화성시 남양읍 장덕리 947번지,37.1510569,126.7873851,2020-06-30,2020-12-17
화성시,모세농장,닭,육계,52000.0,경기도 화성시 정남면 금복리 91,37.1600616705,126.9995017879,2020-11-30,2021-01-24
화성시,무지개농장,닭,육계,70000.0,경기도 화성시 송산면 고포리 605-1,37.236153493,126.6762435264,2021-04-30,2014-01-30
화성시,무지개농장,닭,육계,35000.0,경기도 화성시 팔탄면 고주리 산21번지,37.1397240638,126.8852114853,2021-04-30,2021-02-18
화성시,민서네 꿩(약초)농장,꿩,꿩,300.0,"경기도 화성시 마도면 고모리 344-1,3",37.1733663893,126.7429796072,2020-11-30,2020-12-17
화성시,백봉실크 오골계농장,닭,산란계,220.0,경기도 화성시 비봉면 남전리 109번지 1호,37.2309858,126.8428242,2020-06-30,2020-12-17
화성시,베드로목장,닭,산란계,8500.0,"경기도 화성시 장지동 389, 390",37.1482917515,127.1189437575,2021-04-30,2020-12-17
화성시,부성축산,닭,산란계,25000.0,경기도 화성시 장안면 금의리 612-6번지,37.1073908,126.8370208,2020-06-30,2020-12-17
화성시,부성축산,닭,종계,13500.0,경기도 화성시 향남읍 구문천리 784번지,37.0671444,126.8854136,2020-06-30,2020-12-23
화성시,부성축산,닭,육계,84480.0,경기도 화성시 향남읍 구문천리 784번지,37.0671444,126.8854136,2020-06-30,2020-12-23
화성시,부자농원,닭,육계,10000.0,경기도 화성시 장안면 사곡리 725-1,37.0575238089,126.8012228784,2020-11-30,2020-12-23
화성시,부흥꿩농장,꿩,꿩,5000.0,경기도 화성시 우정읍 원안리 615-2,37.1009628558,126.774209239,2021-04-30,2020-12-23
화성시,비봉농장,닭,산란계,10000.0,경기도 화성시 비봉면 자안리 312-1,37.2063901354,126.8770473812,2021-04-30,2021-02-18
화성시,삼현농원,닭,육계,29000.0,경기도 화성시 양감면 사창리 1007번지 1호,37.084732,126.9680168,2020-06-30,2020-12-23
화성시,삼현농원,닭,육계,29000.0,경기도 화성시 양감면 사창리 1007-1,37.0847320397,126.9680168615,2020-11-30,2020-12-23
화성시,상신농원,닭,산란계,43000.0,경기도 화성시 향남읍 구문천리 881,37.0850687919,126.8924771077,2021-04-30,2021-02-18
화성시,상신현대농원,닭,산란계,40000.0,경기도 화성시 향남읍 구문천리 881,37.0850687919,126.8924771077,2020-11-30,2020-12-23
화성시,서봉누리농원,닭,육계,500.0,경기도 화성시 정남면 계향리 218,37.1437666109,126.9916032489,2020-11-30,2021-01-24
화성시,선경축산,닭,육계,45000.0,경기도 화성시 정남면 문학리 42-1,37.1493642266,126.9729965272,2020-07-31,2021-01-24
화성시,성애농장,닭,육계,25000.0,경기도 화성시 봉담읍 하가등리 392-3번지,37.1456375,126.9344015,2020-06-30,2020-12-23
화성시,성애농장,닭,육계,25000.0,경기도 화성시 봉담읍 하가등리 392-3,37.1457604811,126.9342971259,2021-04-30,2021-02-18
화성시,성웅농장,닭,육계,70000.0,"경기도 화성시 마도면 고모리 347,348,512-2,3",,,2020-07-31,2020-12-17
화성시,소망농원,닭,산란계,100.0,경기도 화성시 마도면 백곡리 38번지,37.1913503,126.7339198,2020-06-30,2020-12-17
화성시,수범농장,닭,육계,18000.0,경기도 화성시 남양읍 무송리 142-3,37.1980820867,126.84580165,2020-07-31,2020-12-17
화성시,수현농장,닭,육계,40000.0,경기도 화성시 장안면 독정리 37-1번지,37.0702354,126.868778,2020-06-30,2020-12-23
화성시,수현농장,닭,육계,40000.0,"경기도 화성시 장안면 독정리 37-1, 산63",,,2020-11-30,2020-12-17
화성시,순정농장,닭,산란계,14500.0,경기도 화성시 향남읍 도이리 377,37.1357245202,126.9319007462,2020-07-31,2020-12-23
화성시,스마일농장,닭,육계,160000.0,경기도 화성시 장안면 독정리 1618,37.0607809335,126.8778575336,2020-07-31,2020-12-23
화성시,신리농장,닭,육계,250.0,"경기도 화성시 신동 89-4, 81-3",37.1860840495,127.144161571,2020-07-31,2020-12-17
화성시,신봉농장,닭,육계,35000.0,경기도 화성시 정남면 관항리 494-2,37.1848053957,126.9506912193,2021-04-30,2021-02-18
화성시,신성농장,닭,육계,55000.0,경기도 화성시 우정읍 운평리 산71-1번지,37.0889731,126.7817011,2020-06-30,2020-12-23
화성시,안골농장,닭,육계,500.0,경기도 화성시 비봉면 삼화리 575,37.2411728116,126.86141663,2021-04-30,2021-02-18
화성시,애란농장,닭,종계,4300.0,경기도 화성시 마도면 해문리 482,37.1945366651,126.7396246527,2020-07-31,2020-12-17
화성시,야곱농장,닭,종계,3700.0,경기도 화성시 양감면 사창리 338,37.0895955333,126.9759536331,2020-07-31,2020-12-23
화성시,양감(재래토종닭)농장,닭,산란계,350.0,경기도 화성시 양감면 용소리 625번지,37.0810417,126.986766,2020-06-30,2020-12-23
화성시,양지농장,닭,산란계,45000.0,경기도 화성시 양감면 용소리 111-1,37.0708266225,126.9922255413,2020-07-31,2020-12-29
화성시,양지뜰 향남농장,닭,산란계,111000.0,"경기도 화성시 향남읍 상신리 1050,1051,1052,1053",,,2020-11-30,2020-12-17
화성시,연지농장,닭,육계,45000.0,경기도 화성시 팔탄면 해창리 산35-1,37.1091468011,126.8685594896,2020-07-31,2020-12-23
화성시,영남농장,닭,육계,50000.0,경기도 화성시 장안면 독정리 864,37.0684443473,126.8430021746,2020-07-31,2020-12-23
화성시,예산농장,닭,산란계,30000.0,경기도 화성시 팔탄면 율암리 313-1,37.1694016836,126.8711672977,2020-11-30,2020-12-17
화성시,우성농장,닭,육계,700.0,경기도 화성시 남양읍 안석리 산118-1,37.16387675,126.8317587893,2020-07-31,2020-12-17
화성시,유농장,닭,육계,40000.0,경기도 화성시 남양읍 활초리 산187-1,37.1611770677,126.8373800613,2021-04-30,2021-02-18
화성시,육계농장,닭,육계,30000.0,경기도 화성시 봉담읍 하가등리 392-3,37.1457604811,126.9342971259,2020-11-30,2020-12-23
화성시,은혜양계장,닭,육계,50000.0,경기도 화성시 남양읍 신남리 1539,37.1766813905,126.8136672728,2020-07-31,2020-12-17
화성시,자유농장,닭,산란계,4000.0,경기도 화성시 장안면 독정리 산282-1,37.0647630506,126.8505478051,2021-04-30,2020-12-29
화성시,재성농장,닭,육계,40000.0,경기도 화성시 우정읍 운평리 1051번지,37.0777038,126.7691499,2020-06-30,2020-12-23
화성시,전정식농장,닭,산란계,120.0,경기도 화성시 비봉면 삼화리 802번지 3호,37.2483168,126.8528526,2020-06-30,2020-12-17
화성시,정남농장,닭,종계,1300.0,경기도 화성시 정남면 문학리 599-1,37.1561416667,126.9627011459,2021-04-30,2021-02-18
화성시,정인양계장,닭,육계,30000.0,경기도 화성시 팔탄면 율암리 산56-79,37.1685556169,126.8746844647,2020-11-30,2020-12-17
화성시,정인양계장,닭,육계,30000.0,경기도 화성시 팔탄면 율암리 산56-79,37.1690514937,126.8748309277,2020-07-31,2020-12-17
화성시,제일농장,닭,종계,4000.0,경기도 화성시 양감면 송산리 1003-5,37.1011987288,126.9897878644,2021-04-30,2021-01-24
화성시,중추농장,닭,산란계,28000.0,경기도 화성시 향남읍 동오리 622,37.1352698952,126.9617904423,2020-07-31,2020-12-23
화성시,진석농장,닭,육계,25000.0,경기도 화성시 향남읍 도이리 163,37.1413782401,126.9209419718,2020-07-31,2020-12-23
화성시,진현농장,닭,산란계,75500.0,경기도 화성시 정남면 음양리 466,37.1508610297,127.0220059091,2021-04-30,2021-01-24
화성시,질라라비농장,닭,육계,60000.0,경기도 화성시 우정읍 조암리 산 91-3,37.0838178664,126.807338466,2020-07-31,2020-12-23
화성시,청계농장,닭,육계,65000.0,경기도 화성시 우정읍 멱우리 411-4,37.1019861649,126.8253817345,2020-07-31,2020-12-17
화성시,청석골농장,닭,산란계,53000.0,경기도 화성시 양감면 사창리 660-1,37.1003675466,126.9618798991,2020-07-31,2020-12-23
화성시,초혜지농장,닭,육계,50000.0,"경기도 화성시 정남면 금복리 92, 93, 91-1",,,2020-07-31,2020-12-17
화성시,큰양계장,닭,육계,50000.0,경기도 화성시 장안면 금의리 600-4,37.1090856234,126.8295055754,2020-11-30,2020-12-17
화성시,태경농장,닭,육계,23000.0,경기도 화성시 남양읍 온석리 491-3,37.1650777567,126.8518802103,2021-04-30,2021-02-18
화성시,태양양계농장,닭,산란계,50000.0,경기도 화성시 팔탄면 율암리 산67-2,37.1669301277,126.8691490897,2020-11-30,2020-12-17
화성시,태양양계농장,닭,산란계,50000.0,경기도 화성시 팔탄면 율암리 산67-2번지,37.1663337,126.8698806,2020-06-30,2020-12-17
화성시,택호오리농장,오리,,1000.0,경기도 화성시 송산면 고정리 35-13,37.2459008623,126.7614787241,2020-07-31,2020-12-17
화성시,파머스가든,닭,산란계,570000.0,경기도 화성시 양감면 사창리 721-6번지,37.1033708,126.9562075,2020-06-30,2020-12-23
화성시,한일농장,닭,종계,1900.0,경기도 화성시 남양읍 온석리 488,37.1640640472,126.8541592891,2020-11-30,2020-12-17
화성시,해뜨는농장,닭,육계,50000.0,"경기도 화성시 마도면 고모리 1, 1-1",37.1766563891,126.7443774128,2020-07-31,2020-12-17
화성시,해창농장,꿩,꿩,150.0,경기도 화성시 팔탄면 해창리 산35-1,37.1097507799,126.86856573,2020-11-30,2020-12-23
화성시,해창농장,꿩,꿩,150.0,경기도 화성시 팔탄면 해창리 산35-1번지,37.1101426,126.8683026,2020-06-30,2020-12-23
화성시,해창농장,꿩,꿩,150.0,경기도 화성시 팔탄면 해창리 산35-1,37.1091468011,126.8685594896,2020-07-31,2020-12-23
화성시,형수농장,닭,육계,35000.0,경기도 화성시 남양읍 활초리 산187-2,37.1611770677,126.8373800613,2020-07-31,2020-12-17
화성시,형수농장,닭,육계,14000.0,경기도 화성시 남양읍 활초리 187-2,,,2020-07-31,2020-12-17
화성시,화성농장,닭,종계,25000.0,경기도 화성시 남양읍 온석리 499-4,37.1640547,126.8481669,2020-06-30,2020-12-17
화성시,화성양계장,닭,육계,40000.0,경기도 화성시 장안면 독정리 222,37.0766259462,126.8639017359,2020-07-31,2020-12-23
화성시,화현농장,닭,산란계,1500.0,경기도 화성시 남양읍 문호리 산 18번지,37.2645107,126.7948635,2020-06-30,2020-12-17
화성시,화현농장,닭,산란계,1500.0,경기도 화성시 남양읍 문호리 산18,37.2647565647,126.7952863995,2020-07-31,2020-12-17
화성시,희산농장,닭,육계,30000.0,경기도 화성시 남양읍 신남리 1552,37.1787869129,126.8224125431,2020-07-31,2020-12-17
화성시,광민농장,닭,육계,40000.0,경기도 화성시 장안면 덕다리 산7,,,2020-07-31,2020-12-23
화성시,궁영물닭장,닭,육계,90.0,경기도 화성시 송산면 고정리 산1-56,37.2840103291,126.7370297648,2020-07-31,2020-12-23
화성시,농업회사법인㈜정인,닭,육계,40000.0,"경기도 화성시 우정읍 석천리 766, 1037-28",,,2020-07-31,2020-12-23
화성시,베드로목장,닭,산란계,8500.0,"경기도 화성시 장지동 389, 390",37.1482917515,127.1189437575,2021-04-30,2020-12-23
화성시,성웅농장,닭,육계,70000.0,"경기도 화성시 마도면 고모리 347,348,512-2,3",,,2020-07-31,2020-12-23
화성시,수현농장,닭,육계,40000.0,"경기도 화성시 장안면 독정리 37-1, 산63",,,2020-11-30,2020-12-23
화성시,신리농장,닭,육계,250.0,"경기도 화성시 신동 89-4, 81-3",37.1860840495,127.144161571,2020-07-31,2020-12-23
화성시,양지뜰 향남농장,닭,산란계,111000.0,"경기도 화성시 향남읍 상신리 1050,1051,1052,1053",,,2020-11-30,2020-12-23
화성시,초혜지농장,닭,육계,50000.0,"경기도 화성시 정남면 금복리 92, 93, 91-1",,,2020-07-31,2020-12-23
화성시,형수농장,닭,육계,14000.0,경기도 화성시 남양읍 활초리 187-2,,,2020-07-31,2020-12-23
화성시,YB팜스,닭,육계,67000.0,경기도 화성시 양감면 사창리 산120,37.0963723356,126.9637033383,2021-06-30,2021-02-18
화성시,광민농장,닭,육계,40000.0,경기도 화성시 장안면 덕다리 산7,,,2020-07-31,2021-01-24
화성시,궁영물닭장,닭,육계,90.0,경기도 화성시 송산면 고정리 산1-56,37.2840103291,126.7370297648,2020-07-31,2021-01-24
화성시,농업회사법인㈜정인,닭,육계,40000.0,"경기도 화성시 우정읍 석천리 766, 1037-28",,,2020-07-31,2021-01-24
화성시,다원농장,닭,육계,32000.0,경기도 화성시 우정읍 화수리 964-17,37.1101671198,126.789236864,2021-06-30,2020-12-23
화성시,도원농장,닭,종계,2700.0,경기도 화성시 장안면 어은리 558,37.0841575742,126.8449143002,2021-06-30,2020-12-29
화성시,베드로목장,닭,산란계,8500.0,"경기도 화성시 장지동 389, 390",37.1482917515,127.1189437575,2021-04-30,2021-01-24
화성시,봉황농장,닭,산란계,85000.0,경기도 화성시 남양읍 신남리 906-16,37.1843393753,126.7991436935,2021-06-30,2021-02-18
화성시,부처물 농장,닭,육계,70000.0,경기도 화성시 마도면 고모리 578-12,37.173007478,126.7503275019,2021-06-30,2020-12-17
화성시,사또농장,닭,산란계,800.0,경기도 화성시 매송면 숙곡리 289,37.2573242052,126.907955473,2021-06-30,2021-01-24
화성시,삼화농장,닭,산란계,300.0,경기도 화성시 비봉면 삼화리 1108-1,37.2566189772,126.8524452561,2021-06-30,2020-12-17
화성시,상진농장,닭,육계,25000.0,경기도 화성시 남양읍 활초리 산187-2,37.1611770677,126.8373800613,2021-06-30,2021-02-18
화성시,성웅농장,닭,육계,70000.0,"경기도 화성시 마도면 고모리 347,348,512-2,3",,,2020-07-31,2021-01-24
화성시,소망농원,닭,산란계,100.0,경기도 화성시 마도면 백곡리 38,37.1913503106,126.7339198717,2021-06-30,2020-12-17
화성시,수현농장,닭,육계,40000.0,"경기도 화성시 장안면 독정리 37-1, 산63",,,2020-11-30,2021-01-24
화성시,신리농장,닭,육계,250.0,"경기도 화성시 신동 89-4, 81-3",37.1860840495,127.144161571,2020-07-31,2021-01-24
화성시,야곱농장,닭,육계,44500.0,경기도 화성시 양감면 사창리 359,37.0898424629,126.9732896314,2021-06-30,2021-01-24
화성시,양지뜰 향남농장,닭,산란계,111000.0,"경기도 화성시 향남읍 상신리 1050,1051,1052,1053",,,2020-11-30,2021-01-24
화성시,연수농장,닭,육계,52000.0,경기도 화성시 장안면 석포리 산122,37.1365627271,126.831492443,2021-06-30,2021-02-18
화성시,온석농장,닭,산란계,216000.0,"경기도 화성시 남양읍 온석리 230,228-3,228-4,229",,,2021-06-30,2021-01-24
화성시,재성농장,닭,육계,40000.0,"경기도 화성시 우정읍 운평리 1051, 1051-1, 1051-2",37.0778651552,126.769220624,2021-06-30,2020-12-23
화성시,초혜지농장,닭,육계,50000.0,"경기도 화성시 정남면 금복리 92, 93, 91-1",,,2020-07-31,2021-01-24
화성시,태성농장,닭,육계,61000.0,"경기도 화성시 남양읍 온석리 494-2,-3",37.1657035317,126.8506649881,2021-06-30,2021-02-18
화성시,형수농장,닭,육계,14000.0,경기도 화성시 남양읍 활초리 187-2,,,2020-07-31,2021-01-24
화성시,화성양계장,닭,종계,40000.0,경기도 화성시 장안면 독정리 222,37.0766259462,126.8639017359,2021-06-30,2021-01-24
화성시,황기농장,닭,육계,30000.0,"경기도 화성시 정남면 덕절리 96-1,97-1,97-2,116-1",,,2021-06-30,2021-01-24
화성시,경기농장,닭,육계,7000.0,경기도 화성시 팔탄면 율암리 389-1,37.1689313646,126.8725679012,2021-07-31,2021-02-18
화성시,계원농장,닭,종계,5100.0,경기도 화성시 양감면 사창리 261,37.095121558,126.976028108,2021-07-31,2021-02-18
화성시,고려꿩농장,꿩,꿩,307.0,경기도 화성시 팔탄면 기천리 산132,37.1767889325,126.9052613622,2021-07-31,2021-02-18
화성시,김포팜,닭,오리,4000.0,경기도 화성시 정남면 괘랑리 181-1,37.1818001908,126.996564489,2021-07-31,2021-02-18
화성시,덕다양계장,닭,육계,40000.0,경기도 화성시 장안면 덕다리 산47-6,37.0635728393,126.839062347,2021-07-31,2022-01-23
화성시,방울산농장,닭,산란계,150.0,경기도 화성시 향남읍 방축리 208,37.120000086,126.9300700974,2021-07-31,2021-02-18
화성시,베드로목장,닭,산란계,8500.0,"경기도 화성시 장지동 389, 390",37.1482917515,127.1189437575,2021-04-30,2021-02-18
화성시,사또농장,닭,산란계,800.0,경기도 화성시 매송면 숙곡리 289,37.2573242052,126.907955473,2021-06-30,2021-02-18
화성시,선경2축산,닭,육계,45000.0,"경기도 화성시 봉담읍 하가등리 393-7,6,392-2",37.1457270425,126.9333996819,2021-07-31,2021-02-18
화성시,세종농장,닭,산란계,263530.0,경기도 화성시 남양읍 온석리 197-1,37.1724948309,126.8546507526,2021-07-31,2021-02-18
화성시,수현농장,닭,육계,40000.0,"경기도 화성시 장안면 독정리 37-1, 산63",,,2020-11-30,2021-02-18
화성시,신성농장,닭,육계,55000.0,경기도 화성시 우정읍 운평리 산71-1,37.089155914,126.7818606086,2021-07-31,2022-01-23
화성시,양감(재래토종닭)농장,닭,산란계,350.0,경기도 화성시 양감면 용소리 625,37.0811154912,126.9867902881,2021-07-31,2022-01-23
화성시,양지뜰 향남농장,닭,산란계,111000.0,"경기도 화성시 향남읍 상신리 1050,1051,1052,1053",,,2020-11-30,2021-02-18
화성시,여흥농장,닭,육계,48000.0,"경기도 화성시 팔탄면 덕우리 250-1,-2,250",37.1247267813,126.8624975424,2021-07-31,2021-02-18
화성시,예루양계장,닭,육계,27000.0,경기도 화성시 남양읍 신남리 1532,37.177934921,126.8137685831,2021-07-31,2021-02-18
화성시,온석농장,닭,산란계,216000.0,"경기도 화성시 남양읍 온석리 230,228-3,228-4,229",,,2021-06-30,2021-02-18
화성시,유림농장,닭,종계,2200.0,경기도 화성시 양감면 사창리 113-1,37.1034199527,126.9680982937,2021-07-31,2021-02-18
화성시,임마누엘농장,닭,육계,30000.0,경기도 화성시 장안면 수촌리 산82-3,37.0853379991,126.8580232341,2021-07-31,2021-02-18
화성시,태양농원,닭,산란계,2500.0,"경기도 화성시 비봉면 쌍학리 826 , 827",37.2230200709,126.8988170579,2021-07-31,2021-02-18
화성시,해오름 조암농장,오리,산란계,44200.0,"경기도 화성시 우정읍 매향리 504-1,504,505-1,506-5",37.0469269415,126.7707843455,2021-07-31,2023-01-12
화성시,향촌농원,닭,산란계,4400.0,경기도 화성시 정남면 발산리 646-3,37.1521977299,126.9861768947,2021-07-31,2021-02-18
화성시,현대농장,닭,육계,80000.0,경기도 화성시 송산면 독지리 318,37.2473177365,126.6861119168,2021-07-31,2014-01-30
화성시,화성농장,닭,종계,2500.0,경기도 화성시 남양읍 온석리 499-4,37.1640547876,126.8481669246,2021-07-31,2021-02-18
화성시,황기농장,닭,육계,30000.0,"경기도 화성시 정남면 덕절리 96-1,97-1,97-2,116-1",,,2021-06-30,2021-02-18
화성시,가람농장,닭,산란계,65.0,경기도 화성시 봉담읍 상리 152-5,37.2346290483,126.9432011239,2021-11-30,2021-02-18
화성시,개미농장,닭,육계,13000.0,경기도 화성시 남양읍 온석리 414-1,37.169170535,126.8435053506,2021-09-30,2022-01-23
화성시,관항농장,닭,육계,26000.0,경기도 화성시 정남면 관항리 530,37.1814010322,126.9552334012,2021-09-30,2022-01-23
화성시,광도농장,닭,육계,80000.0,경기도 화성시 장안면 노진리 26-1,37.0538079578,126.8179132875,2021-09-30,2022-01-23
화성시,기러기 농장,닭,육계,400.0,경기도 화성시 우정읍 호곡리 228-39,37.1288767204,126.7826562568,2021-09-30,2022-01-23
화성시,꼬꼬마을농장,닭,산란계,500.0,경기도 화성시 장안면 노진리 12-4,37.0538720067,126.8212521024,2021-09-30,2022-01-23
화성시,낙원농장,닭,육계,33000.0,경기도 화성시 팔탄면 노하리 1040,37.1463008976,126.8456592582,2021-09-30,2022-01-23
화성시,남양양계,닭,산란계,36000.0,"경기도 화성시 남양읍 온석리 480, 480-1",37.169570316,126.8555767311,2021-11-30,2022-01-23
화성시,누리팜(헤브론농장),닭,산란계,30000.0,경기도 화성시 팔탄면 율암리 313-1,37.1694016836,126.8711672977,2021-09-30,2022-01-23
화성시,대박농장,닭,육계,53000.0,경기도 화성시 송산면 지화리 574-2,37.2108425291,126.6801251299,2021-09-30,2017-01-25
화성시,대산농장,닭,육계,50200.0,경기도 화성시 장안면 독정리 1779,37.0730943198,126.8625812881,2021-11-30,2022-01-23
화성시,대성농장,닭,종계,30000.0,경기도 화성시 남양읍 온석리 400-3,37.1663551768,126.8429665358,2021-09-30,2022-01-23
화성시,대승농장,닭,육계,85000.0,경기도 화성시 남양읍 온석리 491-2,37.1654738271,126.8515754359,2021-11-30,2022-01-23
화성시,동진목장,닭,육계,25.0,경기도 화성시 남양읍 장덕리 240-1,37.1636818683,126.8118813964,2021-11-30,2022-01-23
화성시,마도양계장,닭,육계,20000.0,경기도 화성시 마도면 석교리 108,37.1992462411,126.7777653169,2021-09-30,2022-01-23
화성시,미래농장,닭,종계,1000.0,경기도 화성시 향남읍 길성리 1,37.1233846807,126.98303788,2021-09-30,2022-01-23
화성시,미래숲,닭,산란계,19000.0,"경기도 화성시 양감면 사창리 200,201-1,-2",,,2021-09-30,2022-01-23
화성시,백봉실크 오골계농장,닭,산란계,220.0,경기도 화성시 비봉면 남전리 109-1,37.2309858535,126.8428242354,2021-09-30,2022-01-23
화성시,부성축산,닭,산란계,25000.0,경기도 화성시 장안면 금의리 612-6,37.1079024814,126.8371129227,2021-09-30,2022-01-23
화성시,삼현농장,닭,육계,26000.0,경기도 화성시 우정읍 주곡리 386-5,37.1165583758,126.8098059637,2021-11-30,2022-01-23
화성시,성일양계장,닭,육계,50000.0,경기도 화성시 마도면 청원리 576-5,37.1769973777,126.7714773308,2021-11-30,2022-01-23
화성시,소원축산,닭,종계,2000.0,경기도 화성시 우정읍 원안리 426,37.1066157442,126.7769248627,2021-11-30,2022-01-23
화성시,숙이네농장,오리,,50.0,경기도 화성시 송산면 삼존리 649-485,37.2182546143,126.7657157367,2021-11-30,2022-01-23
화성시,아침농원,꿩,산란계,200.0,경기도 화성시 안녕동 133-5,37.1972149181,127.0078379133,2021-11-30,2021-02-18
화성시,야마기시즘실현지영농조합법인,닭,산란계,50000.0,경기도 화성시 향남읍 구문천리 산141-1,,,2021-09-30,2022-01-23
화성시,연지농장,닭,육계,45000.0,경기도 화성시 팔탄면 해창리 산35-1,37.1097507799,126.86856573,2021-09-30,2022-01-23
화성시,영완농장,닭,육계,7000.0,"경기도 화성시 팔탄면 가재리 601, 602",37.1497471119,126.9162048758,2021-11-30,2022-01-23
화성시,우음도축산,닭,산란계,100.0,경기도 화성시 송산면 고정리 1263,37.2835089421,126.7384523416,2021-11-30,2022-01-23
화성시,윤호농장,닭,종계,2700.0,경기도 화성시 남양읍 활초리 685,37.1639632706,126.8375359471,2021-11-30,2022-01-23
화성시,장수농장,닭,육계,65000.0,경기도 화성시 향남읍 하길리 78-1,,,2021-11-30,2022-01-23
화성시,장학순건강란,닭,산란계,20000.0,경기도 화성시 장안면 장안리 279,37.0539481918,126.855903452,2021-11-30,2022-01-23
화성시,전정식농장,닭,산란계,120.0,경기도 화성시 비봉면 삼화리 802-3,37.2483168229,126.8528526526,2021-11-30,2022-01-23
화성시,정문농장,닭,종계,1000.0,경기도 화성시 양감면 정문리 646-1,37.0949550009,126.9832648427,2021-09-30,2022-01-23
화성시,제이피에프,닭,종계,3800.0,경기도 화성시 향남읍 구문천리 784,37.0681311168,126.8854692124,2021-11-30,2022-01-23
화성시,주은농장,닭,육계,85000.0,경기도 화성시 남양읍 북양리 577,37.2084134488,126.8575793771,2021-09-30,2022-01-23
화성시,질라라비농장,닭,육계,60000.0,경기도 화성시 우정읍 조암리 산 91-3,37.0835721318,126.8069356632,2021-09-30,2022-01-23
화성시,청신농장,닭,종계,1000.0,경기도 화성시 양감면 신왕리 1972,37.0714537978,126.9647053664,2021-09-30,2022-01-23
화성시,태행목장,닭,육계,100.0,경기도 화성시 비봉면 청요리 702-4,37.2106366685,126.8946161586,2021-11-30,2022-01-23
화성시,토종닭농장,닭,육계,1000.0,경기도 화성시 우정읍 매향리 543-1,37.0473160173,126.7750577352,2021-09-30,2023-01-12
화성시,파머스가든,닭,산란계,600000.0,경기도 화성시 양감면 사창리 721-6,37.1042791318,126.955831218,2021-11-30,2022-01-23
화성시,푸른농장,닭,육계,200.0,경기도 화성시 봉담읍 상기리 551-2,37.1968901316,126.9161237501,2021-09-30,2022-01-23
화성시,형제농장,닭,육계,52000.0,경기도 화성시 양감면 대양리 111-2,37.0943758915,126.9487452898,2021-11-30,2022-01-23
화성시,호계농장,닭,종계,1500.0,경기도 화성시 양감면 송산리 440,37.107838995,126.9858491393,2021-09-30,2022-01-23
화성시,희망축산,닭,육계,5240.0,경기도 화성시 남양읍 온석리 492,37.1642639867,126.852806021,2021-11-30,2022-01-23
화성시,건국농장,닭,육계,0.0,"경기도 화성시 장안면 독정리 794-2, 794-4, 794-5",37.0761457264,126.8468619832,2025-05-31,2024-12-22
화성시,계원농장,닭,종계,19948.0,경기도 화성시 양감면 사창리 261,37.095121558,126.976028108,2025-04-30,2025-11-10
화성시,금송농장,닭,육계,63000.0,경기도 화성시 장안면 장안리 489,37.0448085205,126.8560369085,2025-05-31,2025-11-10
화성시,남양양계,닭,산란계,46500.0,"경기도 화성시 남양읍 온석리 480, 480-1",37.169570316,126.8555767311,2025-04-30,2024-12-22
화성시,다산농장,닭,종계,14500.0,경기도 화성시 양감면 용소리 190번지,37.0722354844,126.9865576471,2025-04-30,2025-11-10
화성시,다산양계,닭,산란계,135000.0,"경기도 화성시 팔탄면 구장리 309-2,-3,-4, 310-1",37.1533055457,126.9013236488,2025-05-31,2024-12-22
화성시,다원농장,닭,육계,0.0,경기도 화성시 우정읍 화수리 964-17,37.1101671198,126.789236864,2025-05-31,2024-12-22
화성시,대박농장,닭,육계,48500.0,경기도 화성시 송산면 지화리 574-2,37.2108425291,126.6801251299,2025-04-30,2017-01-25
화성시,대산농장,닭,육계,35500.0,경기도 화성시 장안면 독정리 1779,37.0730943198,126.8625812881,2025-04-30,2024-12-22
화성시,대승농장,닭,육계,0.0,경기도 화성시 남양읍 온석리 491-2,37.1655970344,126.8509700071,2025-04-30,2024-12-22
화성시,대양농장,닭,종계,0.0,경기도 화성시 양감면 신왕리 1129,37.0733314553,126.9633084611,2025-04-30,2025-11-10
화성시,덕다양계장,닭,육계,0.0,경기도 화성시 장안면 덕다리 산 47-6,37.0635728393,126.839062347,2025-05-31,2025-11-10
화성시,도원농장,닭,종계,67700.0,"경기도 화성시 장안면 어은리 558번지,  화성시 장안면 장안로 260",37.0841575742,126.8449143002,2025-05-31,2024-12-22
화성시,두레농장,닭,산란계,0.0,경기도 화성시 양감면 사창리 257,37.0953129425,126.9744626358,2025-04-30,2025-11-10
화성시,두레농장,닭,종계,0.0,경기도 화성시 양감면 사창리 257,37.0953129425,126.9744626358,2025-04-30,2025-11-10
화성시,마도청계,닭,산란계,0.0,경기도 화성시 마도면 석교리 648,37.1990613063,126.7707055407,2025-04-30,2024-12-22
화성시,매바위양계장,닭,육계,40500.0,경기도 화성시 남양읍 장덕리  947,37.1512148427,126.787366386,2025-05-31,2024-12-22
화성시,무지개농장,닭,육계,0.0,경기도 화성시 송산면 고포리 605-1,37.236153493,126.6762435264,2025-05-31,2014-01-30
화성시,방울산농장,닭,산란계,0.0,경기도 화성시 향남읍 방축리 208,37.1200772592,126.9301037796,2025-04-30,2024-12-22
화성시,봉황농장,닭,산란계,75000.0,경기도 화성시 남양읍 신남리 906-16,37.1843393753,126.7991436935,2025-05-31,2024-12-22
화성시,부자농원,닭,육계,34000.0,경기도 화성시 장안면 사곡리 725-1,37.0578581758,126.8013660266,2025-05-31,2025-11-10
화성시,삼현농원,닭,육계,0.0,경기도 화성시 양감면 사창리 1007-1,37.0850624267,126.9680863647,2025-05-31,2025-11-10
화성시,삼현농장,닭,육계,0.0,경기도 화성시 우정읍 주곡리 386-5,37.1166660153,126.8098529819,2025-05-31,2024-12-22
화성시,선경2축산,닭,육계,68360.0,"경기도 화성시 봉담읍 하가등리 393-7,6,392-2",37.1455193971,126.9328913812,2025-05-31,2024-12-22
화성시,선경축산,닭,육계,0.0,경기도 화성시 정남면 문학리 42-1,37.1493642266,126.9729965272,2025-05-31,2022-02-08
화성시,성일양계장,닭,육계,0.0,경기도 화성시 마도면 청원리 576-5,37.1769973777,126.7714773308,2025-05-31,2024-12-22
화성시,세종농장,닭,산란계,254020.0,경기도 화성시 남양읍 온석리 197-1,37.1724948309,126.8546507526,2025-04-30,2024-12-22
화성시,소망농원,닭,산란계,0.0,경기도 화성시 마도면 백곡리 38,37.1914569325,126.7340022031,2025-05-31,2020-12-17
화성시,소원축산,닭,종계,0.0,"경기도 화성시 우정읍 원안리 426, 호곡리 991",37.10676736,126.7770687664,2025-04-30,2024-12-22
화성시,수현농장,닭,육계,0.0,"경기도 화성시 장안면 독정리 37-1, 산63",37.0705305437,126.8686210602,2025-05-31,2024-12-22
화성시,신봉농장,닭,육계,0.0,경기도 화성시 정남면 관항리 494-2,37.1848053957,126.9506912193,2025-05-31,2024-12-22
화성시,신성농장,닭,육계,0.0,경기도 화성시 우정읍 운평리 산 71-1,37.089155914,126.7818606086,2025-05-31,2024-12-22
화성시,아침농원,닭,산란계,0.0,경기도 화성시 안녕동 133-5,37.1973120594,127.0078875494,2025-04-30,2024-12-22
화성시,야마기시즘실현지영농조합법인,닭,산란계,35640.0,경기도 화성시 향남읍 구문천리 산 141-1,37.0714653505,126.8922706576,2025-05-31,2024-12-22
화성시,양감농장,닭,종계,0.0,"경기도 화성시 양감면 사창리 782-1, -2",37.0966780769,126.9632788713,2025-05-31,2025-11-10
화성시,양지뜰 향남농장,닭,산란계,0.0,"경기도 화성시 향남읍 상신리 1050,1051,1052,1053",37.086041626,126.8801489614,2025-04-30,2024-12-22
화성시,영남농장,닭,육계,74100.0,경기도 화성시 장안면 독정리 864,37.0684443473,126.8430021746,2025-05-31,2024-12-22
화성시,오늘농장,닭,산란계,11000.0,"경기도 화성시 양감면 송산리 1003-5, -6, -7",37.1016459523,126.9900729949,2025-04-30,2025-11-10
화성시,온석2농장,닭,산란계,70000.0,경기도 화성시 남양읍 온석리 276,37.1678416357,126.8477068992,2025-05-31,2024-12-22
화성시,온석농장,닭,산란계,278540.0,"경기도 화성시 남양읍 온석리 230,228-3,228-4,229",37.1700935322,126.8539953388,2025-05-31,2024-12-22
화성시,유농장,닭,육계,0.0,경기도 화성시 남양읍 활초리 산 187-1,37.1611770677,126.8373800613,2025-05-31,2024-12-22
화성시,장학순건강란,닭,산란계,0.0,경기도 화성시 장안면 장안리 279,37.0539481918,126.855903452,2025-04-30,2025-11-10
화성시,정문농장,닭,종계,0.0,경기도 화성시 양감면 정문리 646-1,37.0949550009,126.9832648427,2025-05-31,2025-11-10
화성시,제이피에프,닭,종계,0.0,"경기도 화성시 향남읍 구문천리 784, 798",37.0672392744,126.8855776461,2025-04-30,2024-12-22
화성시,주은농장,닭,육계,24000.0,경기도 화성시 남양읍 북양리 577,37.2084134488,126.8575793771,2025-04-30,2024-12-22
화성시,지엠지,닭,종계,0.0,경기도 화성시 장안면 수촌리 1417-6,37.1082910647,126.8636144955,2025-05-31,2024-12-22
화성시,청석골농장,닭,산란계,51950.0,경기도 화성시 양감면 사창리 660-1,37.1006822151,126.9616976142,2025-05-31,2025-11-10
화성시,청신농장,닭,육계,16000.0,"경기도 화성시 양감면 신왕리 1972, 1973",37.0716446127,126.9650415074,2025-04-30,2025-11-10
화성시,청신농장,닭,종계,16000.0,"경기도 화성시 양감면 신왕리 1972,1973",37.0716446127,126.9650415074,2025-04-30,2025-11-10
화성시,태경농장,닭,육계,0.0,경기도 화성시 남양읍 온석리 491-3,37.1648879197,126.8515167019,2025-04-30,2024-12-22
화성시,토종닭농장,닭,육계,0.0,경기도 화성시 우정읍 매향리 543-1,37.0473160173,126.7750577352,2025-05-31,2023-01-12
화성시,푸른농장,닭,육계,0.0,경기도 화성시 봉담읍 상기리 551-2,37.1968901316,126.9161237501,2025-04-30,2024-12-22
화성시,피엔씨코리아,닭,산란계,0.0,경기도 화성시 향남읍 구문천리 881,37.0850687919,126.8924771077,2025-05-31,2024-12-22
화성시,해뜨는농장,닭,육계,0.0,"경기도 화성시 마도면 고모리 1, 1-1",37.1766563891,126.7443774128,2025-04-30,2022-01-23
화성시,호계농장,닭,종계,0.0,"경기도 화성시 양감면 송산리 440,440-1",37.1080989329,126.9856291056,2025-04-30,2025-11-10
화성시,화성양계장,닭,종계,0.0,"경기도 화성시 장안면 독정리 221-1, -2, 222, 223, 235-2",37.0766259462,126.8639017359,2025-04-30,2024-12-22
화성시,희산농장,닭,육계,0.0,경기도 화성시 남양읍 신남리 1552,37.1787869129,126.8224125431,2025-05-31,2024-12-22
화성시,가람농장,닭,산란계,0.0,경기도 화성시 봉담읍 상리 152-5,37.234700047,126.9432852337,2025-07-31,2021-02-18
화성시,가람농장,닭,산란계,20.0,경기도 화성시 효행구 봉담읍 상리 152-5,37.2347034212,126.9432758988,2026-02-26,2021-02-18
화성시,감우농장,닭,육계,0.0,경기도 화성시 남양읍 장덕리 1077,37.1647380646,126.8199587297,2026-01-31,2024-12-22
화성시,감우농장,닭,육계,55400.0,경기도 화성시 만세구 남양읍 장덕리 1077,37.1647380646,126.8199587297,2026-02-26,2024-12-22
화성시,건국농장,닭,육계,15000.0,경기도 화성시 만세구 장안면 독정리 794-2,37.0761457264,126.8468619832,2026-02-26,2025-11-16
화성시,건국축산농원,닭,육계,0.0,"경기도 화성시 장안면 독정리 794-2 794-4,794-5,794-12",37.0761457264,126.8468619832,2025-07-31,2025-11-10
화성시,건국축산농원,닭,육계,50000.0,경기도 화성시 만세구 장안면 독정리 794-2,37.0761457264,126.8468619832,2026-02-26,2025-11-16
화성시,경기농장,닭,육계,0.0,경기도 화성시 팔탄면 율암리 389-1,37.1689313646,126.8725679012,2025-08-31,2025-11-16
화성시,경기농장,닭,육계,0.0,경기도 화성시 만세구 팔탄면 율암리 389-1,37.1689313646,126.8725679012,2026-02-26,2025-11-16
화성시,계원농장,닭,종계,19948.0,경기도 화성시 만세구 양감면 사창리 261,37.095121558,126.976028108,2026-02-26,2025-12-02
화성시,고려꿩농장,닭,꿩,20.0,경기도 화성시 만세구 팔탄면 기천리 산132,37.1767521427,126.9051152063,2026-02-26,2024-12-22
화성시,고려꿩농장,꿩,꿩,20.0,경기도 화성시 팔탄면 기천리 산132,37.1762002154,126.9047027341,2026-01-31,2024-12-22
화성시,관항농장,닭,육계,0.0,"경기도 화성시 정남면 관항리 530, 531, 537, 538, 539-2",37.1814010322,126.9552334012,2026-01-31,2024-12-22
화성시,관항농장,닭,육계,30000.0,경기도 화성시 효행구 정남면 관항리 530,37.1814010322,126.9552334012,2026-02-26,2024-12-22
화성시,광도농장,닭,육계,72500.0,경기도 화성시 장안면 노진리 26-1 외 15필지,37.0538079578,126.8179132875,2025-08-31,2025-11-10
화성시,광도농장,닭,육계,67000.0,경기도 화성시 만세구 장안면 노진리 26-1,37.0538079578,126.8179132875,2026-02-26,2025-11-16
화성시,금송농장,닭,육계,63000.0,경기도 화성시 만세구 장안면 장안리 489,37.0447171617,126.8558127728,2026-02-26,2025-11-16
화성시,금의양계장,닭,육계,44600.0,경기도 화성시 장안면 사곡리 833-6,37.0578204052,126.8087670772,2025-08-31,2025-11-10
화성시,금의양계장,닭,육계,50000.0,경기도 화성시 만세구 장안면 사곡리 833-6,37.0578204052,126.8087670772,2026-02-26,2025-11-16
화성시,김포팜,오리,,0.0,경기도 화성시 정남면 괘랑리 181-1,37.1821506759,126.9963143156,2025-08-31,2022-02-08
화성시,꼬꼬마을농장,닭,산란계,500.0,경기도 화성시 만세구 장안면 노진리 12-4,37.0539416124,126.8212881226,2026-02-26,2025-11-16
화성시,꼬꼬마을농장,닭,산란계,0.0,경기도 화성시 장안면 노진리 12-4,37.0539441383,126.8212826711,2026-01-31,2025-11-16
화성시,남양양계,닭,산란계,48400.0,경기도 화성시 만세구 남양읍 온석리 480,37.169570316,126.8555767311,2026-02-26,2025-11-16
화성시,남에벤에셀,닭,육계,49850.0,경기도 화성시 장안면 사곡리 879,37.0645813197,126.8088182167,2025-08-31,2025-11-10
화성시,남에벤에셀,닭,육계,30000.0,경기도 화성시 만세구 장안면 사곡리 879,37.0645813197,126.8088182167,2026-02-26,2025-11-16
화성시,농업회사법인㈜정인,닭,육계,0.0,"경기도 화성시 우정읍 석천리 766, 1037-28",37.0456053242,126.7768620304,2026-01-31,2025-11-10
화성시,농업회사법인㈜정인,닭,육계,40000.0,경기도 화성시 만세구 우정읍 석천리 766,37.0450764656,126.7773505982,2026-02-26,2025-11-10
화성시,다산농장,닭,종계,14500.0,경기도 화성시 만세구 양감면 용소리 190,37.0722354844,126.9865576471,2026-02-26,2025-12-25
화성시,다산양계,닭,산란계,60000.0,경기도 화성시 만세구 팔탄면 구장리 309-2,37.1533055457,126.9013236488,2026-02-26,2025-11-16
화성시,다원농장,닭,육계,50000.0,경기도 화성시 만세구 우정읍 화수리 964-17,37.1101671198,126.789236864,2026-02-26,2025-11-16
화성시,대륭농장,닭,육계,0.0,경기도 화성시 양감면 신왕리 1950,37.0733754906,126.9610919678,2025-07-31,2025-11-10
화성시,대륭농장,닭,육계,27478.0,경기도 화성시 만세구 양감면 신왕리 1950,37.0733754906,126.9610919678,2026-02-26,2025-12-02
화성시,대륭목장,닭,종계,0.0,경기도 화성시 양감면 신왕리 1950,37.0733754906,126.9610919678,2025-08-31,2025-11-10
화성시,대륭목장,닭,종계,0.0,경기도 화성시 만세구 양감면 신왕리 1950,37.0733754906,126.9610919678,2026-02-26,2025-12-02
화성시,대박농장,닭,육계,50000.0,경기도 화성시 만세구 송산면 지화리 574-2,37.2108425291,126.6801251299,2026-02-26,2017-01-25
화성시,대산농장,닭,육계,31973.0,경기도 화성시 만세구 장안면 독정리 1779,37.0730943198,126.8625812881,2026-02-26,2025-11-16
화성시,대성농장,닭,종계,9206.0,"경기도 화성시 남양읍 온석리 400-1, 400-2, 400-3, 451-1",37.1663551768,126.8429665358,2026-01-31,2025-11-16
화성시,대성농장,닭,종계,9206.0,경기도 화성시 만세구 남양읍 온석리 400-1,37.1663551768,126.8429665358,2026-02-26,2025-11-16
화성시,대양농장,닭,종계,0.0,경기도 화성시 만세구 양감면 신왕리 1129,37.0733314553,126.9633084611,2026-02-26,2025-12-02
화성시,덕다양계장,닭,육계,29340.0,경기도 화성시 만세구 장안면 덕다리 산 47-6,37.0635728393,126.839062347,2026-02-26,2025-11-16
화성시,도원농장,닭,육계,67700.0,"경기도 화성시 장안면 어은리 558, 562",37.0841575742,126.8449143002,2026-01-31,2025-11-16
화성시,도원농장,닭,종계,67700.0,경기도 화성시 만세구 장안면 어은리 558,37.0841575742,126.8449143002,2026-02-26,2025-11-16
화성시,도원농장,닭,육계,50000.0,경기도 화성시 만세구 장안면 어은리 558,37.0841575742,126.8449143002,2026-02-26,2025-11-16
화성시,동원농장,닭,육계,0.0,경기도 화성시 남양읍 온석리 241,37.1702161084,126.8549855222,2025-07-31,2025-11-16
화성시,동원농장,닭,육계,0.0,경기도 화성시 만세구 남양읍 온석리 241,37.1702161084,126.8549855222,2026-02-26,2025-11-16
화성시,동진목장,닭,육계,30.0,경기도 화성시 만세구 남양읍 장덕리 240-1,37.1636818683,126.8118813964,2026-02-26,2024-12-22
화성시,동진목장,닭,육계,0.0,경기도 화성시 남양읍 장덕리 240-1,37.1636818683,126.8118813964,2025-08-31,2024-12-22
화성시,두레농장,닭,산란계,40000.0,경기도 화성시 만세구 양감면 사창리 257,37.0953129425,126.9744626358,2026-02-26,2025-12-02
화성시,두레농장,닭,종계,0.0,경기도 화성시 만세구 양감면 사창리 257,37.0953129425,126.9744626358,2026-02-26,2025-12-02
화성시,마도청계,닭,산란계,130.0,경기도 화성시 만세구 마도면 석교리 648,37.1990601796,126.7707053681,2026-02-26,2024-12-22
화성시,매바위양계장,닭,육계,30000.0,경기도 화성시 만세구 남양읍 장덕리  947,37.1512148427,126.787366386,2026-02-26,2024-12-22
화성시,모세농장,닭,육계,53000.0,경기도 화성시 정남면 금복리 91,37.1600425962,126.9992541385,2026-01-31,2022-02-08
화성시,모세농장,닭,육계,52000.0,경기도 화성시 효행구 정남면 금복리 91,37.1600425962,126.9992541385,2026-02-26,2022-02-08
화성시,무지개농장,닭,육계,57300.0,경기도 화성시 만세구 송산면 고포리 605-1,37.236153493,126.6762435264,2026-02-26,2014-01-30
화성시,미래농장,닭,육계,55000.0,경기도 화성시 향남읍 길성리 1,37.1233846807,126.98303788,2026-01-31,2025-12-02
화성시,미래농장,닭,종계,55000.0,경기도 화성시 향남읍 길성리 1,37.1233846807,126.98303788,2026-01-31,2025-12-02
화성시,미래농장,닭,종계,55000.0,경기도 화성시 만세구 향남읍 길성리 1,37.1233846807,126.98303788,2026-02-26,2025-12-02
화성시,미래농장,닭,산란계,,경기도 화성시 만세구 향남읍 길성리 1,37.1233846807,126.98303788,2026-02-26,2025-12-02
화성시,미래농장,닭,육계,50000.0,경기도 화성시 만세구 향남읍 길성리 1,37.1233846807,126.98303788,2026-02-26,2025-12-02
화성시,민서네 꿩(약초)농장,꿩,꿩,0.0,"경기도 화성시 마도면 고모리 344-1,3",37.1733663893,126.7429796072,2025-08-31,2022-01-23
화성시,민서네 꿩(약초)농장,닭,꿩,300.0,경기도 화성시 만세구 마도면 고모리 344-1,37.1731866975,126.7430715145,2026-02-26,2022-01-23
화성시,방울산농장,닭,산란계,150.0,경기도 화성시 만세구 향남읍 방축리 208,37.1200769776,126.9301036041,2026-02-26,2025-12-02
화성시,백봉실크 오골계농장,닭,산란계,0.0,경기도 화성시 비봉면 남전리 109-1,37.2311090182,126.8429111299,2025-08-31,2024-12-22
화성시,봉황농장,닭,산란계,90000.0,경기도 화성시 만세구 남양읍 신남리 906-16,37.1843393753,126.7991436935,2026-02-26,2024-12-22
화성시,부부농장,닭,육계,0.0,경기도 화성시 정남면 계향리 218,37.1437666109,126.9916032489,2025-07-31,2022-02-08
화성시,부부농장,닭,육계,500.0,경기도 화성시 효행구 정남면 계향리 218,37.1437666109,126.9916032489,2026-02-26,2022-02-08
화성시,부자농원,닭,육계,45000.0,경기도 화성시 만세구 장안면 사곡리 725-1,37.0578581758,126.8013660266,2026-02-26,2025-11-16
화성시,부흥꿩농장,닭,꿩,5000.0,경기도 화성시 만세구 우정읍 원안리 615-2,37.1009628558,126.774209239,2026-02-26,2025-11-16
화성시,비봉농장,닭,산란계,23000.0,경기도 화성시 비봉면 자안리 312-1,37.2063901354,126.8770473812,2025-08-31,2024-12-22
화성시,비봉농장,닭,산란계,25000.0,경기도 화성시 효행구 비봉면 자안리 312-1,37.2063901354,126.8770473812,2026-02-26,2024-12-22
화성시,사또농장,닭,산란계,0.0,경기도 화성시 매송면 숙곡리 289,37.2573242052,126.907955473,2026-01-31,2025-11-10
화성시,사또농장,닭,산란계,500.0,경기도 화성시 효행구 매송면 숙곡리 289,37.2573242052,126.907955473,2026-02-26,2025-11-10
화성시,삼현농원,닭,육계,20000.0,경기도 화성시 만세구 양감면 사창리 1007-1,37.0850624267,126.9680863647,2026-02-26,2025-12-02
화성시,삼현농장,닭,육계,24200.0,경기도 화성시 만세구 우정읍 주곡리 386-5,37.1166654539,126.8098540382,2026-02-26,2025-11-16
화성시,상승농장,닭,육계,59800.0,경기도 화성시 만세구 마도면 고모리 578-12,37.173007478,126.7503275019,2026-02-26,2024-12-22
화성시,상승농장,닭,육계,0.0,경기도 화성시 마도면 고모리 578-12,37.173007478,126.7503275019,2026-01-31,2024-12-22
화성시,상신농원,닭,산란계,0.0,경기도 화성시 만세구 향남읍 구문천리 881,37.0850687919,126.8924771077,2026-02-26,2025-12-02
화성시,상신농원,닭,산란계,14000.0,경기도 화성시 향남읍 구문천리 881,37.0850687919,126.8924771077,2026-01-31,2025-12-02
화성시,상신현대농원,닭,산란계,0.0,경기도 화성시 만세구 향남읍 구문천리 881,37.0850687919,126.8924771077,2026-02-26,2025-12-02
화성시,선경2축산,닭,육계,45000.0,경기도 화성시 효행구 봉담읍 하가등리 393-7,37.145676346,126.9336671732,2026-02-26,2025-11-16
화성시,성웅농장,닭,육계,54020.0,"경기도 화성시 마도면 고모리 347,348,512-2,3",37.1730026662,126.7438956429,2025-07-31,2022-01-23
화성시,성웅농장,닭,육계,55130.0,경기도 화성시 만세구 마도면 고모리 347,37.1727446717,126.7437667399,2026-02-26,2022-01-23
화성시,성일양계장,닭,육계,6000.0,경기도 화성시 만세구 마도면 청원리 576-5,37.1769973777,126.7714773308,2026-02-26,2024-12-22
화성시,세종농장,닭,산란계,263000.0,경기도 화성시 만세구 남양읍 온석리 197-1,37.1724948309,126.8546507526,2026-02-26,2025-11-16
화성시,소원축산,닭,종계,0.0,경기도 화성시 만세구 우정읍 원안리 426,37.10676736,126.7770687664,2026-02-26,2025-11-16
화성시,수현농장,닭,육계,35000.0,경기도 화성시 만세구 장안면 독정리 37-1,37.0705305437,126.8686210602,2026-02-26,2025-11-16
화성시,스마일농장,닭,육계,159000.0,경기도 화성시 장안면 독정리 1618,37.0607393429,126.8785214904,2026-01-31,2025-11-16
화성시,스마일농장,닭,육계,184000.0,경기도 화성시 만세구 장안면 독정리 1618,37.0607393429,126.8785214904,2026-02-26,2025-11-16
화성시,신봉농장,닭,육계,35000.0,경기도 화성시 효행구 정남면 관항리 494-2,37.1848053957,126.9506912193,2026-02-26,2024-12-22
화성시,신성농장,닭,육계,44400.0,경기도 화성시 만세구 우정읍 운평리 산 71-1,,,2026-02-26,2025-11-10
화성시,아침농원,닭,산란계,200.0,경기도 화성시 병점구 안녕동 133-5,37.1973120594,127.0078875494,2026-02-26,2025-11-10
화성시,야곱농장,닭,종계,0.0,경기도 화성시 양감면 사창리 338,37.0895955333,126.9759536331,2026-01-31,2025-12-02
화성시,야곱농장,닭,종계,0.0,경기도 화성시 만세구 양감면 사창리 338,37.0895955333,126.9759536331,2026-02-26,2025-12-02
화성시,야마기시즘실현지영농조합법인,닭,산란계,0.0,경기도 화성시 만세구 향남읍 구문천리 산 141-1,,,2026-02-26,2025-11-10
화성시,양감농장,닭,종계,0.0,경기도 화성시 만세구 양감면 사창리 782-1,37.0966780769,126.9632788713,2026-02-26,2025-12-02
화성시,양지뜰 향남농장,닭,산란계,0.0,경기도 화성시 만세구 향남읍 상신리 1050,37.0864779309,126.8808430047,2026-02-26,2025-11-16
화성시,여흥농장,닭,육계,36000.0,경기도 화성시 만세구 팔탄면 덕우리 250-1,37.1247267813,126.8624975424,2026-02-26,2025-11-16
화성시,여흥농장,닭,육계,0.0,"경기도 화성시 팔탄면 덕우리 250-1,-2,250",37.1247267813,126.8624975424,2025-08-31,2025-11-10
화성시,연수농장,닭,육계,0.0,경기도 화성시 장안면 석포리 산 122,,,2026-01-31,2025-11-10
화성시,연수농장,닭,육계,43500.0,경기도 화성시 만세구 장안면 석포리 산 122,,,2026-02-26,2025-11-10
화성시,연지농장,닭,육계,0.0,경기도 화성시 팔탄면 해창리 산35-1,37.1105353925,126.8686380013,2025-07-31,2025-11-10
화성시,연지농장,닭,육계,30000.0,경기도 화성시 만세구 팔탄면 해창리 산35-1,37.1105353925,126.8686380013,2026-02-26,2025-11-16
화성시,영남농장,닭,육계,71300.0,경기도 화성시 만세구 장안면 독정리 864,37.0681119605,126.8432075204,2026-02-26,2025-11-16
화성시,영완농장,닭,육계,0.0,"경기도 화성시 팔탄면 가재리 601, 602",37.1497471119,126.9162048758,2026-01-31,2025-11-16
화성시,영완농장,닭,육계,7000.0,경기도 화성시 만세구 팔탄면 가재리 601,37.1497471119,126.9162048758,2026-02-26,2025-11-16
화성시,예산농장,닭,산란계,0.0,경기도 화성시 팔탄면 율암리 313-1,37.1694016836,126.8711672977,2025-08-31,2025-11-16
화성시,예산농장,닭,산란계,0.0,경기도 화성시 만세구 팔탄면 율암리 313-1,37.1694016836,126.8711672977,2026-02-26,2025-11-16
화성시,예찬농장,닭,산란계,0.0,경기도 화성시 매송면 야목리 677,37.2631613026,126.8859519154,2026-01-31,2025-11-10
화성시,예찬농장,닭,산란계,200.0,경기도 화성시 효행구 매송면 야목리 677,37.2631613026,126.8859519154,2026-02-26,2025-11-10
화성시,오늘농장,닭,산란계,90000.0,경기도 화성시 만세구 양감면 송산리 1003-5,,,2026-02-26,2025-11-10
화성시,온석2농장,닭,산란계,65000.0,경기도 화성시 만세구 남양읍 온석리 276,37.1678416357,126.8477068992,2026-02-26,2025-11-16
화성시,온석농장,닭,산란계,216000.0,경기도 화성시 만세구 남양읍 온석리 230,37.1707704115,126.8541472729,2026-02-26,2025-11-16
화성시,우림농원,닭,산란계,0.0,경기도 화성시 정남면 제기리 31-2,37.1420096529,127.0077481424,2026-01-31,2022-02-08
화성시,우림농원,닭,산란계,800.0,경기도 화성시 효행구 정남면 제기리 31-2,37.1420096529,127.0077481424,2026-02-26,2022-02-08
화성시,유농장,닭,육계,20000.0,경기도 화성시 만세구 남양읍 활초리 산 187-1,37.1611770677,126.8373800613,2026-02-26,2025-11-16
화성시,유림농장,닭,종계,0.0,경기도 화성시 만세구 양감면 사창리 113-1,37.1035021974,126.9681785852,2026-02-26,2025-12-02
화성시,유림농장,닭,종계,0.0,"경기도 화성시 양감면 사창리 113번지 1호 ,-2, -3",37.1035030427,126.9681806942,2026-01-31,2025-12-02
화성시,윤호농장,닭,종계,23000.0,경기도 화성시 남양읍 활초리 685,37.1639289788,126.8378516103,2025-08-31,2025-11-16
화성시,윤호농장,닭,종계,23000.0,경기도 화성시 만세구 남양읍 활초리 685,37.1639289788,126.8378516103,2026-02-26,2025-11-16
화성시,장학순건강란,닭,산란계,10.0,경기도 화성시 만세구 장안면 장안리 279,37.0539481918,126.855903452,2026-02-26,2025-11-16
화성시,재성농장,닭,육계,26500.0,경기도 화성시 만세구 우정읍 운평리 1051,37.0778651552,126.769220624,2026-02-26,2025-11-16
화성시,재성농장,닭,육계,0.0,"경기도 화성시 우정읍 운평리 1051, 1051-1, 1051-2",37.0778651552,126.769220624,2025-08-31,2025-11-16
화성시,전정식농장,닭,산란계,0.0,경기도 화성시 비봉면 삼화리 802-3,37.248405861,126.8529010826,2025-08-31,2022-01-23
화성시,전정식농장,닭,산란계,25.0,경기도 화성시 효행구 비봉면 삼화리 802-3,37.2484058615,126.8529014348,2026-02-26,2022-01-23
화성시,정남농장,닭,종계,15000.0,경기도 화성시 정남면 문학리 599-1,37.1561416667,126.9627011459,2025-07-31,2024-12-22
화성시,정남농장,닭,산란계,15000.0,경기도 화성시 정남면 음양리 466,37.1508610297,127.0220059091,2025-08-31,2022-02-08
화성시,정남농장,닭,종계,15000.0,경기도 화성시 효행구 정남면 문학리 599-1,37.1561416667,126.9627011459,2026-02-26,2024-12-22
화성시,정남농장,닭,산란계,75500.0,경기도 화성시 효행구 정남면 음양리 466,37.1508610297,127.0220059091,2026-02-26,2022-02-08
화성시,정문농장,닭,종계,0.0,경기도 화성시 만세구 양감면 정문리 646-1,37.0949550009,126.9832648427,2026-02-26,2025-12-02
화성시,정인양계장,닭,육계,0.0,경기도 화성시 팔탄면 율암리 산 56-79,37.1690514937,126.8748309277,2026-01-31,2025-11-16
화성시,정인양계장,닭,육계,17000.0,경기도 화성시 만세구 팔탄면 율암리 산 56-79,,,2026-02-26,2025-11-10
화성시,제이피에프,닭,육계,0.0,"경기도 화성시 향남읍 구문천리 784, 798",37.0672392744,126.8855776461,2026-01-31,2025-12-02
화성시,제이피에프,닭,종계,0.0,경기도 화성시 만세구 향남읍 구문천리 784,37.0681311168,126.8854692124,2026-02-26,2025-12-02
화성시,제이피에프,닭,육계,40000.0,경기도 화성시 만세구 향남읍 구문천리 784,37.0681311168,126.8854692124,2026-02-26,2025-12-02
화성시,주은농장,닭,육계,45000.0,경기도 화성시 만세구 남양읍 북양리 577,37.2084134488,126.8575793771,2026-02-26,2024-12-22
화성시,지엠지,닭,종계,0.0,경기도 화성시 만세구 장안면 수촌리 1417-6,37.1082910647,126.8636144955,2026-02-26,2025-11-16
화성시,지은농장,닭,육계,0.0,경기도 화성시 팔탄면 노하리 1040,37.1463938737,126.8457012755,2026-01-31,2025-11-16
화성시,지은농장,닭,육계,33000.0,경기도 화성시 만세구 팔탄면 노하리 1040,37.1463896531,126.8457035706,2026-02-26,2025-11-16
화성시,진석농장,닭,육계,0.0,경기도 화성시 향남읍 도이리 163,37.1413782401,126.9209419718,2026-01-31,2025-11-16
화성시,진석농장,닭,육계,0.0,경기도 화성시 만세구 향남읍 도이리 163,37.1413782401,126.9209419718,2026-02-26,2025-11-16
화성시,질라라비농장,닭,육계,0.0,경기도 화성시 우정읍 조암리 산 91-3,37.0835721318,126.8069356632,2025-07-31,2025-11-10
화성시,질라라비농장,닭,육계,37600.0,경기도 화성시 만세구 우정읍 조암리 산 91-3,,,2026-02-26,2025-11-10
화성시,천하농장,닭,산란계,0.0,"경기도 화성시 송산면 천등리 429-2, -6",37.2351677253,126.7047761773,2025-07-31,2017-01-25
화성시,천하농장,닭,산란계,306.0,경기도 화성시 만세구 송산면 천등리 429-2,37.2351677253,126.7047761773,2026-02-26,2017-01-25
화성시,청석골농장,닭,산란계,26100.0,경기도 화성시 만세구 양감면 사창리 660-1,37.1006822151,126.9616976142,2026-02-26,2025-12-02
화성시,청신농장,닭,육계,30000.0,경기도 화성시 만세구 양감면 신왕리 1972,37.0716446127,126.9650415074,2026-02-26,2025-12-02
화성시,청신농장,닭,종계,16000.0,경기도 화성시 만세구 양감면 신왕리 1972,37.0716446127,126.9650415074,2026-02-26,2025-12-02
화성시,초혜지농장,닭,육계,73500.0,"경기도 화성시 정남면 금복리 92, 93, 91-1",37.1601531878,126.9998277978,2026-01-31,2022-02-08
화성시,초혜지농장,닭,육계,50000.0,경기도 화성시 효행구 정남면 금복리 92,37.1601531878,126.9998277978,2026-02-26,2022-02-08
화성시,큰양계장,닭,육계,0.0,경기도 화성시 장안면 금의리 600-4,37.1090856234,126.8295055754,2025-07-31,2025-11-10
화성시,큰양계장,닭,육계,40000.0,경기도 화성시 만세구 장안면 금의리 600-4,37.1092394281,126.8296055135,2026-02-26,2025-11-16
화성시,태경농장,닭,육계,23000.0,경기도 화성시 만세구 남양읍 온석리 491-3,37.1648879197,126.8515167019,2026-02-26,2025-11-16
화성시,태행목장,닭,육계,100.0,경기도 화성시 효행구 비봉면 청요리 702-4,37.2106366685,126.8946161586,2026-02-26,2024-12-22
화성시,태행목장,닭,육계,0.0,경기도 화성시 비봉면 청요리 702-4,37.2106366685,126.8946161586,2026-01-31,2024-12-22
화성시,토종닭농장,닭,육계,1000.0,경기도 화성시 만세구 우정읍 매향리 543-1,37.0474077337,126.7753155144,2026-02-26,2023-01-12
화성시,파머스가든,닭,산란계,0.0,경기도 화성시 양감면 사창리 721-6,37.1040273633,126.9559680693,2025-08-31,2025-11-10
화성시,파머스가든,닭,산란계,589500.0,경기도 화성시 만세구 양감면 사창리 721-6,37.1042791318,126.955831218,2026-02-26,2025-12-02
화성시,푸른농장,닭,육계,200.0,경기도 화성시 효행구 봉담읍 상기리 551-2,37.1968901316,126.9161237501,2026-02-26,2024-12-22
화성시,한일농장,닭,종계,20060.0,경기도 화성시 남양읍 온석리 488,37.1640640472,126.8541592891,2025-08-31,2025-11-16
화성시,한일농장,닭,종계,20060.0,경기도 화성시 만세구 남양읍 온석리 488,37.1641896852,126.8540568527,2026-02-26,2025-11-16
화성시,해뜨는농장,닭,육계,40000.0,경기도 화성시 만세구 마도면 고모리 1,37.1766563891,126.7443774128,2026-02-26,2022-01-23
화성시,해오름 조암농장,닭,산란계,0.0,"경기도 화성시 우정읍 매향리 504-1,504,505-1,506-5",37.0473807947,126.7709186984,2025-08-31,2023-01-12
화성시,해오름 조암농장,닭,산란계,44200.0,경기도 화성시 만세구 우정읍 매향리 504-1,37.0469565283,126.7707949697,2026-02-26,2023-01-12
화성시,해창농장,꿩,꿩,0.0,경기도 화성시 팔탄면 해창리 산 35-1,37.1097507799,126.86856573,2026-01-31,2025-11-16
화성시,해창농장,닭,꿩,150.0,경기도 화성시 만세구 팔탄면 해창리 산 35-1,37.1097507799,126.86856573,2026-02-26,2025-11-16
화성시,향촌농원,닭,산란계,3200.0,경기도 화성시 정남면 발산리 646-3,37.1523005099,126.9862085319,2025-07-31,2022-02-08
화성시,향촌농원,닭,산란계,3000.0,경기도 화성시 효행구 정남면 발산리 646-3,37.1523005099,126.9862085319,2026-02-26,2022-02-08
화성시,현대농장,닭,육계,60000.0,경기도 화성시 만세구 송산면 독지리 318,37.2473177365,126.6861119168,2026-02-26,2014-01-30
화성시,현대농장,닭,육계,0.0,경기도 화성시 송산면 독지리 318,37.2473177365,126.6861119168,2026-01-31,2014-01-30
화성시,형제농장,닭,육계,0.0,경기도 화성시 양감면 대양리 111-2,37.0943758915,126.9487452898,2026-01-31,2025-12-02
화성시,형제농장,닭,육계,60000.0,경기도 화성시 만세구 양감면 대양리 111-2,37.0943758915,126.9487452898,2026-02-26,2025-12-02
화성시,호계농장,닭,종계,0.0,경기도 화성시 만세구 양감면 송산리 440,37.1079476939,126.9859141554,2026-02-26,2025-12-02
화성시,화성농장,닭,종계,0.0,"경기도 화성시 남양읍 온석리 499-4,-9,-10",37.1641482943,126.8481441097,2025-07-31,2025-11-16
화성시,화성농장,닭,종계,0.0,경기도 화성시 만세구 남양읍 온석리 499-4,37.1641482943,126.8481441097,2026-02-26,2025-11-16
화성시,화성양계장,닭,종계,0.0,경기도 화성시 만세구 장안면 독정리 221-1,37.0766259462,126.8639017359,2026-02-26,2025-11-16
화성시,황기농장,닭,육계,0.0,경기도 화성시 효행구 정남면 덕절리 96-1,37.1389821961,127.0292078548,2026-02-26,2022-02-08
화성시,황기농장,닭,육계,0.0,"경기도 화성시 정남면 덕절리 96-1,97-1,97-2,116-1",37.1389821961,127.0292078548,2026-01-31,2022-02-08
화성시,희망축산,닭,육계,0.0,경기도 화성시 남양읍 온석리 492,37.1642639867,126.852806021,2026-01-31,2025-11-16
화성시,희망축산,닭,육계,5240.0,경기도 화성시 만세구 남양읍 온석리 492,37.1642639867,126.852806021,2026-02-26,2025-11-16
화성시,사또농장,닭,산란계,0.0,경기도 화성시 매송면 숙곡리 289,37.2573242052,126.907955473,2026-01-31,2025-11-16
화성시,사또농장,닭,산란계,500.0,경기도 화성시 효행구 매송면 숙곡리 289,37.2573242052,126.907955473,2026-02-26,2025-11-16
화성시,신성농장,닭,육계,44400.0,경기도 화성시 만세구 우정읍 운평리 산 71-1,,,2026-02-26,2025-11-16
화성시,아침농원,닭,산란계,200.0,경기도 화성시 병점구 안녕동 133-5,37.1973120594,127.0078875494,2026-02-26,2025-11-16
화성시,야마기시즘실현지영농조합법인,닭,산란계,0.0,경기도 화성시 만세구 향남읍 구문천리 산 141-1,,,2026-02-26,2025-11-16
화성시,연수농장,닭,육계,0.0,경기도 화성시 장안면 석포리 산 122,,,2026-01-31,2025-11-16
화성시,연수농장,닭,육계,43500.0,경기도 화성시 만세구 장안면 석포리 산 122,,,2026-02-26,2025-11-16
화성시,예찬농장,닭,산란계,0.0,경기도 화성시 매송면 야목리 677,37.2631613026,126.8859519154,2026-01-31,2025-11-16
화성시,예찬농장,닭,산란계,200.0,경기도 화성시 효행구 매송면 야목리 677,37.2631613026,126.8859519154,2026-02-26,2025-11-16
화성시,오늘농장,닭,산란계,90000.0,경기도 화성시 만세구 양감면 송산리 1003-5,,,2026-02-26,2025-11-16
화성시,정인양계장,닭,육계,17000.0,경기도 화성시 만세구 팔탄면 율암리 산 56-79,,,2026-02-26,2025-11-16
화성시,질라라비농장,닭,육계,37600.0,경기도 화성시 만세구 우정읍 조암리 산 91-3,,,2026-02-26,2025-11-16
