시군명,농장명,축종명,상세구분,사육두수(마리),소재지지번주소,WGS84위도,WGS84경도,조사날짜
구례군,25시 농장,육용오리,,15000.0,전라남도 구례군 용방면 신도리 1157-19,,,2021-02-01
구례군,광의농장,육용오리,,25000.0,전라남도 구례군 용방면 용정리 765-7,,,2021-02-01
구례군,광의농장,육용오리,,18000.0,전라남도 구례군 광의면 온당리 846-1,,,2021-02-01
구례군,김동주농장,육계,,62000.0,전라남도 구례군 문척면 중산리 470-1,,,2021-02-01
구례군,김인숙 농장,육용오리,,29000.0,전라남도 구례군 광의면 수월리 896-1,,,2021-02-01
구례군,냉천오리농장,육용오리,,13000.0,전라남도 구례군 마산면 광평리 559-1,,,2021-02-01
구례군,두동농장,육용오리,,19000.0,전라남도 구례군 용방면 용강리 420-23,,,2021-02-01
구례군,드림농장,육계,,91000.0,전라남도 구례군 마산면 냉천리 743-10,,,2021-02-01
구례군,마산농장,육용오리,,10000.0,전라남도 구례군 마산면 마산리 329-2,,,2021-02-01
구례군,명인농장,육용오리,,12000.0,전라남도 구례군 용방면 용정리 767-2,,,2021-02-01
구례군,문척오산농장,육용오리,,13000.0,전라남도 구례군 문척면 월전리 948-1,,,2021-02-01
구례군,반석농장,육용오리,,16000.0,전라남도 구례군 용방면 신도리 1144-16,,,2021-02-01
구례군,벧엘농장,육계,,30000.0,전라남도 구례군 토지면 금내리 1011-1,,,2021-02-01
구례군,성지농장,육계,,70000.0,전라남도 구례군 용방면 용강리 455,,,2021-02-01
구례군,성진농장,종계,,27600.0,전라남도 구례군 구례읍 원방리 652,,,2021-02-01
구례군,신한농장,육용오리,,18000.0,전라남도 구례군 용방면 신도리 195-8,,,2021-02-01
구례군,오리천국,육용오리,,44000.0,전라남도 구례군 용방면 신도리 733-2,,,2021-02-01
구례군,온동농장,육용오리,,18000.0,전라남도 구례군 광의면 온당리 846-6,,,2021-02-01
구례군,원동양계장,육계,,45500.0,전라남도 구례군 산동면 계천리 274,,,2021-02-01
구례군,이가농장,육용오리,,15000.0,전라남도 구례군 광의면 온당리 842-7,,,2021-02-01
구례군,이평농장,육용오리,,21000.0,전라남도 구례군 용방면 중방리 686-21,,,2021-02-01
구례군,자연오리,육용오리,,10000.0,전라남도 구례군 용방면 신도리 1144-7,,,2021-02-01
구례군,자연오리,육용오리,,11000.0,전라남도 구례군 용방면 신도리 1137-5,,,2021-02-01
구례군,점임농장,육용오리,,10000.0,전라남도 구례군 용방면 용강리 413-8,,,2021-02-01
구례군,주경오리농장,육용오리,,15000.0,전라남도 구례군 용방면 중방리 687-2,,,2021-02-01
구례군,죽정리농장,육용오리,,10000.0,전라남도 구례군 용방면 신도리 1151-18,,,2021-02-01
구례군,지리산황토오리농장,육용오리,,35000.0,전라남도 구례군 광의면 방광리 897-4,,,2021-02-01
구례군,진현농장,육용오리,,19600.0,전라남도 구례군 용방면 신도리 1155-1,,,2021-02-01
구례군,푸른농장,육용오리,,18000.0,전라남도 구례군 용방면 신도리 1157-12,,,2021-02-01
구례군,한송농장,육계,,38400.0,전라남도 구례군 마산면 갑산리 141-14,,,2021-02-01
구례군,허상영농장,육계,,90000.0,전라남도 구례군 구례읍 계산리 33-1,,,2021-02-01
구례군,현수농장,육용오리,,20000.0,전라남도 구례군 용방면 신도리 736-6,,,2021-02-01
구례군,형기농장,육용오리,,10000.0,전라남도 구례군 용방면 신도리 1148-21,,,2021-02-01
나주시,○○,육우,,,전라남도 나주시 세지면 송제리,,,2023-01-20
나주시,○○,한우,,,전라남도 나주시 봉황면 만봉리,,,2023-01-20
나주시,○○,한우,,,전라남도 나주시 왕곡면 신원리,,,2023-01-20
나주시,○○,한우,,,전라남도 나주시 공산면 동촌리,,,2023-01-20
나주시,○○,한우,,,전라남도 나주시 동강면 장동리,,,2023-01-20
나주시,○○,한우,,,전라남도 나주시 문평면 오룡리,,,2023-01-20
나주시,○○,한우,,,전라남도 나주시 공산면 금곡리,,,2023-01-20
나주시,○○ 농업실습교육원,한우,,,전라남도 나주시 봉황면 황용리,,,2023-01-20
나주시,○○farm,육계,,,전라남도 나주시 왕곡면 송죽리,,,2023-01-20
나주시,○○farm,육계,,,전라남도 나주시 세지면 교산리,,,2023-01-20
나주시,○○○,한우,,,전라남도 나주시 반남면 청송리,,,2023-01-20
나주시,○○○,한우,,,전라남도 나주시 다시면 죽산리,,,2023-01-20
나주시,○○○,한우,,,전라남도 나주시 봉황면 장성리,,,2023-01-20
나주시,○○○,오리,,,전라남도 나주시 남평읍 우산리,,,2023-01-20
나주시,○○○,염소,,,전라남도 나주시 다도면 마산리,,,2023-01-20
나주시,○○○,한우,,,전라남도 나주시 봉황면 덕곡리,,,2023-01-20
나주시,○○○,한우,,,전라남도 나주시 공산면 가송리,,,2023-01-20
나주시,○○○,한우,,,전라남도 나주시 노안면 계림리,,,2023-01-20
나주시,○○○,한우,,,전라남도 나주시 노안면 도산리,,,2023-01-20
나주시,○○○,한우,,,전라남도 나주시 다도면 송학리,,,2023-01-20
나주시,○○○,한우,,,전라남도 나주시 왕곡면 신포리,,,2023-01-20
나주시,○○○,한우,,,전라남도 나주시 봉황면 만봉리,,,2023-01-20
나주시,○○○,한우,,,전라남도 나주시 동강면 진천리,,,2023-01-20
나주시,○○○,한우,,,전라남도 나주시 노안면 유곡리,,,2023-01-20
나주시,○○○,한우,,,전라남도 나주시 반남면 흥덕리,,,2023-01-20
나주시,○○○,한우,,,전라남도 나주시 노안면 금안리,,,2023-01-20
나주시,○○○,한우,,,전라남도 나주시 노안면 학산리,,,2023-01-20
나주시,○○○,한우,,,전라남도 나주시 동강면 옥정리,,,2023-01-20
나주시,○○○,한우,,,전라남도 나주시 세지면 송제리,,,2023-01-20
나주시,○○○,한우,,,전라남도 나주시 보산동,,,2023-01-20
나주시,○○○,한우,,,전라남도 나주시 세지면 내정리,,,2023-01-20
나주시,○○○,한우,,,전라남도 나주시 공산면 남창리,,,2023-01-20
나주시,○○○,한우,,,전라남도 나주시 공산면 상방리,,,2023-01-20
나주시,○○○,한우,,,전라남도 나주시 다시면 운봉리,,,2023-01-20
나주시,○○○,한우,,,전라남도 나주시 왕곡면 장산리,,,2023-01-20
나주시,○○○,한우,,,전라남도 나주시 다시면 영동리,,,2023-01-20
나주시,○○○,염소,,,전라남도 나주시 봉황면 송현리,,,2023-01-20
나주시,○○○,한우,,,전라남도 나주시 동강면 장동리,,,2023-01-20
나주시,○○○,오리,,,전라남도 나주시 공산면 동촌리,,,2023-01-20
나주시,○○○,한우,,,전라남도 나주시 반남면 성계리,,,2023-01-20
나주시,○○노장,한우,,,전라남도 나주시 반남면 청송리,,,2023-01-20
나주시,○○농산,한우,,,전라남도 나주시 동강면 대전리,,,2023-01-20
나주시,○○농산,한우,,,전라남도 나주시 관정동,,,2023-01-20
나주시,○○농산,오리,,,전라남도 나주시 봉황면 황용리,,,2023-01-20
나주시,○○농원,한우,,,전라남도 나주시 왕곡면 화정리,,,2023-01-20
나주시,○○농원,한우,,,전라남도 나주시 봉황면 신동리,,,2023-01-20
나주시,○○농원,종계/산란계,,,전라남도 나주시 봉황면 옥산리,,,2023-01-20
나주시,○○농원,한우,,,전라남도 나주시 동강면 곡천리,,,2023-01-20
나주시,○○농원,한우,,,전라남도 나주시 왕곡면 행전리,,,2023-01-20
나주시,○○농원,육계,,,전라남도 나주시 다도면 판촌리,,,2023-01-20
나주시,○○농원,한우,,,전라남도 나주시 이창동,,,2023-01-20
나주시,○○농원,오리,,,전라남도 나주시 동강면 장동리,,,2023-01-20
나주시,○○농원,오리,,,전라남도 나주시 동강면 월양리,,,2023-01-20
나주시,○○농원,한우,,,전라남도 나주시 봉황면 장성리,,,2023-01-20
나주시,○○농원,종오리업,,,전라남도 나주시 동강면 대전리,,,2023-01-20
나주시,○○농원,육계,,,전라남도 나주시 공산면 금곡리,,,2023-01-20
나주시,○○농장,한우,,,전라남도 나주시 반남면 흥덕리,,,2023-01-20
나주시,○○농장,한우,,,전라남도 나주시 다시면 송촌리,,,2023-01-20
나주시,○○농장,한우,,,전라남도 나주시 동강면 양지리,,,2023-01-20
나주시,○○농장,한우,,,전라남도 나주시 대기동,,,2023-01-20
나주시,○○농장,한우,,,전라남도 나주시 노안면 안산리,,,2023-01-20
나주시,○○농장,한우,,,전라남도 나주시 산포면 덕례리,,,2023-01-20
나주시,○○농장,한우,,,전라남도 나주시 세지면 동곡리,,,2023-01-20
나주시,○○농장,한우,,,전라남도 나주시 다도면 신동리,,,2023-01-20
나주시,○○농장,한우,,,전라남도 나주시 다시면 동곡리,,,2023-01-20
나주시,○○농장,한우,,,전라남도 나주시 동강면 대지리,,,2023-01-20
나주시,○○농장,한우,,,전라남도 나주시 노안면 도산리,,,2023-01-20
나주시,○○농장,한우,,,전라남도 나주시 왕곡면 양산리,,,2023-01-20
나주시,○○농장,한우,,,전라남도 나주시 동강면 운산리,,,2023-01-20
나주시,○○농장,한우,,,전라남도 나주시 문평면 옥당리,,,2023-01-20
나주시,○○농장,한우,,,전라남도 나주시 동강면 인동리,,,2023-01-20
나주시,○○농장,사슴,,,전라남도 나주시 세지면 송제리,,,2023-01-20
나주시,○○농장,육계,,,전라남도 나주시 반남면 덕산리,,,2023-01-20
나주시,○○농장,한우,,,전라남도 나주시 봉황면 황용리,,,2023-01-20
나주시,○○농장,한우,,,전라남도 나주시 공산면 신곡리,,,2023-01-20
나주시,○○농장,한우,,,전라남도 나주시 다시면 문동리,,,2023-01-20
나주시,○○농장,한우,,,전라남도 나주시 다도면 송학리,,,2023-01-20
나주시,○○농장,한우,,,전라남도 나주시 봉황면 옥산리,,,2023-01-20
나주시,○○농장,한우,,,전라남도 나주시 동강면 월양리,,,2023-01-20
나주시,○○농장,한우,,,전라남도 나주시 노안면 양천리,,,2023-01-20
나주시,○○농장,한우,,,전라남도 나주시 동강면 옥정리,,,2023-01-20
나주시,○○농장,한우,,,전라남도 나주시 남평읍 교원리,,,2023-01-20
나주시,○○농장,오리,,,전라남도 나주시 세지면 죽동리,,,2023-01-20
나주시,○○농장,한우,,,전라남도 나주시 반남면 청송리,,,2023-01-20
나주시,○○농장,한우,,,전라남도 나주시 다시면 월태리,,,2023-01-20
나주시,○○농장,한우,,,전라남도 나주시 봉황면 유곡리,,,2023-01-20
나주시,○○농장,한우,,,전라남도 나주시 동강면 장동리,,,2023-01-20
나주시,○○농장,한우,,,전라남도 나주시 공산면 중포리,,,2023-01-20
나주시,○○농장,한우,,,전라남도 나주시 문평면 북동리,,,2023-01-20
나주시,○○농장,육계,,,전라남도 나주시 문평면 국동리,,,2023-01-20
나주시,○○농장,한우,,,전라남도 나주시 노안면 학산리,,,2023-01-20
나주시,○○농장,육계,,,전라남도 나주시 동강면 곡천리,,,2023-01-20
나주시,○○농장,한우,,,전라남도 나주시 노안면 영평리,,,2023-01-20
나주시,○○농장,한우,,,전라남도 나주시 왕곡면 신원리,,,2023-01-20
나주시,○○농장,한우,,,전라남도 나주시 봉황면 오림리,,,2023-01-20
나주시,○○농장,한우,,,전라남도 나주시 왕곡면 월천리,,,2023-01-20
나주시,○○농장,한우,,,전라남도 나주시 금천면 죽촌리,,,2023-01-20
나주시,○○농장,한우,,,전라남도 나주시 문평면 안곡리,,,2023-01-20
나주시,○○농장,한우,,,전라남도 나주시 노안면 금안리,,,2023-01-20
나주시,○○농장,한우,,,전라남도 나주시 반남면 신촌리,,,2023-01-20
나주시,○○농장,한우,,,전라남도 나주시 동강면 대전리,,,2023-01-20
나주시,○○농장,오리,,,전라남도 나주시 남평읍 교촌리,,,2023-01-20
나주시,○○농장,한우,,,전라남도 나주시 동강면 진천리,,,2023-01-20
나주시,○○농장,한우,,,전라남도 나주시 남평읍 우산리,,,2023-01-20
나주시,○○농장,한우,,,전라남도 나주시 다도면 풍산리,,,2023-01-20
나주시,○○농장,한우,,,전라남도 나주시 왕곡면 화정리,,,2023-01-20
나주시,○○농장,한우,,,전라남도 나주시 공산면 동촌리,,,2023-01-20
나주시,○○농장,한우,,,전라남도 나주시 반남면 석천리,,,2023-01-20
나주시,○○농장,돼지,,,전라남도 나주시 봉황면 장성리,,,2023-01-20
나주시,○○농장,한우,,,전라남도 나주시 금천면 신천리,,,2023-01-20
나주시,○○농장,한우,,,전라남도 나주시 공산면 상방리,,,2023-01-20
나주시,○○농장,한우,,,전라남도 나주시 봉황면 덕곡리,,,2023-01-20
나주시,○○농장,한우,,,전라남도 나주시 공산면 백사리,,,2023-01-20
나주시,○○농장,한우,,,전라남도 나주시 다시면 영동리,,,2023-01-20
나주시,○○농장,한우,,,전라남도 나주시 봉황면 덕림리,,,2023-01-20
나주시,○○농장,한우,,,전라남도 나주시 공산면 금곡리,,,2023-01-20
나주시,○○농장,한우,,,전라남도 나주시 왕곡면 행전리,,,2023-01-20
나주시,○○농장,한우,,,전라남도 나주시 공산면 남창리,,,2023-01-20
나주시,○○농장,오리,,,전라남도 나주시 반남면 성계리,,,2023-01-20
나주시,○○농장,한우,,,전라남도 나주시 문평면 동원리,,,2023-01-20
나주시,○○농장,산양,,,전라남도 나주시 산포면 매성리,,,2023-01-20
나주시,○○농장,한우,,,전라남도 나주시 노안면 금동리,,,2023-01-20
나주시,○○농장,한우,,,전라남도 나주시 공산면 복용리,,,2023-01-20
나주시,○○농장,한우,,,전라남도 나주시 청동 170번,,,2023-01-20
나주시,○○농장,한우,,,전라남도 나주시 문평면 송산리,,,2023-01-20
나주시,○○농장,한우,,,전라남도 나주시 세지면 오봉리,,,2023-01-20
나주시,○○농장,한우,,,전라남도 나주시 봉황면 용전리,,,2023-01-20
나주시,○○농장,한우,,,전라남도 나주시 다도면 도동리,,,2023-01-20
나주시,○○농장,한우,,,전라남도 나주시 공산면 가송리,,,2023-01-20
나주시,○○농장,한우,,,전라남도 나주시 왕곡면 송죽리,,,2023-01-20
나주시,○○농장,한우,,,전라남도 나주시 문평면 학교리,,,2023-01-20
나주시,○○농장,한우,,,전라남도 나주시 청동,,,2023-01-20
나주시,○○농장,사슴,,,전라남도 나주시 반남면 대안리,,,2023-01-20
나주시,○○농장,한우,,,전라남도 나주시 다시면 신석리,,,2023-01-20
나주시,○○농장,한우,,,전라남도 나주시 다시면 가운리,,,2023-01-20
나주시,○○농장,사슴,,,전라남도 나주시 산포면 등수리,,,2023-01-20
나주시,○○농장,한우,,,전라남도 나주시 다도면 방산리,,,2023-01-20
나주시,○○농장,한우,,,전라남도 나주시 진포동,,,2023-01-20
나주시,○○농장,사슴,,,전라남도 나주시 세지면 내정리,,,2023-01-20
나주시,○○농장,한우,,,전라남도 나주시 노안면 장동리,,,2023-01-20
나주시,○○농장,한우,,,전라남도 나주시 운곡동,,,2023-01-20
나주시,○○농장,산양,,,전라남도 나주시 세지면 대산리,,,2023-01-20
나주시,○○농장,한우,,,전라남도 나주시 금천면 광암리,,,2023-01-20
나주시,○○농장,한우,,,전라남도 나주시 동수동,,,2023-01-20
나주시,○○농장,한우,,,전라남도 나주시 안창동,,,2023-01-20
나주시,○○농장,산양,,,전라남도 나주시 봉황면 욱곡리,,,2023-01-20
나주시,○○농장,한우,,,전라남도 나주시 노안면 구정리,,,2023-01-20
나주시,○○농장,한우,,,전라남도 나주시 봉황면 죽석리,,,2023-01-20
나주시,○○농장,한우,,,전라남도 나주시 왕곡면 신포리,,,2023-01-20
나주시,○○농장,한우,,,전라남도 나주시 노안면 계림리,,,2023-01-20
나주시,○○농장,한우,,,전라남도 나주시 석현동,,,2023-01-20
나주시,○○농장,돼지,,,전라남도 나주시 노안면 유곡리,,,2023-01-20
나주시,○○농장,한우,,,전라남도 나주시 관정동,,,2023-01-20
나주시,○○농장,오리,,,전라남도 나주시 산포면 내기리,,,2023-01-20
나주시,○○농장,한우,,,전라남도 나주시 노안면 용산리,,,2023-01-20
나주시,○○농장,한우,,,전라남도 나주시 다도면 암정리,,,2023-01-20
나주시,○○농장,한우,,,전라남도 나주시 문평면 학동리,,,2023-01-20
나주시,○○농장,한우,,,전라남도 나주시 용산동,,,2023-01-20
나주시,○○농장,한우,,,전라남도 나주시 다시면 복암리,,,2023-01-20
나주시,○○농장,한우,,,전라남도 나주시 부덕동,,,2023-01-20
나주시,○○농장,오리,,,전라남도 나주시 왕곡면 장산리,,,2023-01-20
나주시,○○농장,한우,,,전라남도 나주시 왕곡면 덕산리,,,2023-01-20
나주시,○○농장,오리,,,전라남도 나주시 세지면 성산리,,,2023-01-20
나주시,○○농장,한우,,,전라남도 나주시 평산동,,,2023-01-20
나주시,○○농장,한우,,,전라남도 나주시 세지면 교산리,,,2023-01-20
나주시,○○농장,오리,,,전라남도 나주시 남평읍 오계리,,,2023-01-20
나주시,○○농장,한우,,,전라남도 나주시 문평면 오룡리,,,2023-01-20
나주시,○○농장,한우,,,전라남도 나주시 왕곡면 본양리,,,2023-01-20
나주시,○○농장,한우,,,전라남도 나주시 남평읍 풍림리,,,2023-01-20
나주시,○○농장,한우,,,전라남도 나주시 남평읍 노동리,,,2023-01-20
나주시,○○농장,한우,,,전라남도 나주시 다시면 동당리,,,2023-01-20
나주시,○○농장,한우,,,전라남도 나주시 왕곡면 옥곡리,,,2023-01-20
나주시,○○농장,한우,,,전라남도 나주시 다도면 판촌리,,,2023-01-20
나주시,○○농장,한우,,,전라남도 나주시 봉황면 운곡리,,,2023-01-20
나주시,○○농장,오리,,,전라남도 나주시 봉황면 송현리,,,2023-01-20
나주시,○○농장,한우,,,전라남도 나주시 봉황면 신동리,,,2023-01-20
나주시,○○농장,한우,,,전라남도 나주시 금천면 원곡리,,,2023-01-20
나주시,○○농장,한우,,,전라남도 나주시 봉황면 철천리,,,2023-01-20
나주시,○○농장,오리,,,전라남도 나주시 영산동,,,2023-01-20
나주시,○○농장,한우,,,전라남도 나주시 금천면 월산리,,,2023-01-20
나주시,○○농장,한우,,,전라남도 나주시 공산면 화성리,,,2023-01-20
나주시,○○농장,한우,,,전라남도 나주시 봉황면 와우리,,,2023-01-20
나주시,○○농장,한우,,,전라남도 나주시 다시면 청정리,,,2023-01-20
나주시,○○농장,한우,,,전라남도 나주시 남평읍 상곡리,,,2023-01-20
나주시,○○농장,오리,,,전라남도 나주시 산포면 화지리,,,2023-01-20
나주시,○○농장,한우,,,전라남도 나주시 다도면 궁원리,,,2023-01-20
나주시,○○농장,육계,,,전라남도 나주시 남평읍 남석리,,,2023-01-20
나주시,○○농장,오리,,,전라남도 나주시 다도면 덕동리,,,2023-01-20
나주시,○○농장,한우,,,전라남도 나주시 다도면 마산리,,,2023-01-20
나주시,○○농장,기러기,,,전라남도 나주시 동수동 14번,,,2023-01-20
나주시,○○농장,한우,,,전라남도 나주시 다시면 죽산리,,,2023-01-20
나주시,○○농장,한우,,,전라남도 나주시 다시면 신광리,,,2023-01-20
나주시,○○농장,한우,,,전라남도 나주시 관정동 949,,,2023-01-20
나주시,○○농장,한우,,,전라남도 나주시 남평읍 평산리,,,2023-01-20
나주시,○○농장,한우,,,전라남도 나주시 오량동,,,2023-01-20
나주시,○○농장,한우,,,전라남도 나주시 남평읍 서산리,,,2023-01-20
나주시,○○농장,한우,,,전라남도 나주시 봉황면 각동리,,,2023-01-20
나주시,○○농장,한우,,,전라남도 나주시 다시면 회진리,,,2023-01-20
나주시,○○농장,한우,,,전라남도 나주시 노안면 오정리,,,2023-01-20
나주시,○○농장,한우,,,전라남도 나주시 금천면 고동리,,,2023-01-20
나주시,○○농장,육계,,,전라남도 나주시 산포면 산제리,,,2023-01-20
나주시,○○농장,육계,,,전라남도 나주시 세지면 벽산리,,,2023-01-20
나주시,○○농장,한우,,,전라남도 나주시 다시면 가흥리,,,2023-01-20
나주시,○○농장,한우,,,전라남도 나주시 산포면 신도리,,,2023-01-20
나주시,○○농장,육계,,,전라남도 나주시 동수동 93번,,,2023-01-20
나주시,○○농장,오리,,,전라남도 나주시 왕곡면 신가리,,,2023-01-20
나주시,○○농장,한우,,,전라남도 나주시 금천면 석전리,,,2023-01-20
나주시,○○농장,한우,,,전라남도 나주시 문평면 산호리,,,2023-01-20
나주시,○○농장,육계,,,전라남도 나주시 문평면 계로리,,,2023-01-20
나주시,○○농장,한우,,,전라남도 나주시 봉황면 만봉리,,,2023-01-20
나주시,○○농장,한우,,,전라남도 나주시 금천면 신가리,,,2023-01-20
나주시,○○농장,한우,,,전라남도 나주시 다시면 운봉리,,,2023-01-20
나주시,○○농장,한우,,,전라남도 나주시 송촌동,,,2023-01-20
나주시,○○농장,젖소,,,전라남도 나주시 남평읍 광촌리,,,2023-01-20
나주시,○○농장,돼지,,,전라남도 나주시 동강면 월송리,,,2023-01-20
나주시,○○농장,한우,,,전라남도 나주시 봉황면 용곡리,,,2023-01-20
나주시,○○농장,한우,,,전라남도 나주시 금천면 촌곡리,,,2023-01-20
나주시,○○농장,한우,,,전라남도 나주시 금천면 오강리,,,2023-01-20
나주시,○○농장,한우,,,전라남도 나주시 문평면 대도리,,,2023-01-20
나주시,○○농장,한우,,,전라남도 나주시 다도면 덕림리,,,2023-01-20
나주시,○○목장,한우,,,전라남도 나주시 남평읍 우산리,,,2023-01-20
나주시,○○목장,한우,,,전라남도 나주시 공산면 상방리,,,2023-01-20
나주시,○○목장,한우,,,전라남도 나주시 동강면 곡천리,,,2023-01-20
나주시,○○목장,한우,,,전라남도 나주시 왕곡면 신원리,,,2023-01-20
나주시,○○목장,한우,,,전라남도 나주시 문평면 학동리,,,2023-01-20
나주시,○○목장,젖소,,,전라남도 나주시 봉황면 황용리,,,2023-01-20
나주시,○○목장,한우,,,전라남도 나주시 공산면 중포리,,,2023-01-20
나주시,○○목장,한우,,,전라남도 나주시 세지면 동곡리,,,2023-01-20
나주시,○○목장,한우,,,전라남도 나주시 공산면 동촌리,,,2023-01-20
나주시,○○목장,돼지,,,전라남도 나주시 다도면 덕동리,,,2023-01-20
나주시,○○목장,산양,,,전라남도 나주시 문평면 국동리,,,2023-01-20
나주시,○○목장,한우,,,전라남도 나주시 봉황면 송현리,,,2023-01-20
나주시,○○목장,한우,,,전라남도 나주시 왕곡면 본양리,,,2023-01-20
나주시,○○목장,한우,,,전라남도 나주시 왕곡면 신포리,,,2023-01-20
나주시,○○목장,한우,,,전라남도 나주시 봉황면 만봉리,,,2023-01-20
나주시,○○목장,젖소,,,전라남도 나주시 부덕동,,,2023-01-20
나주시,○○목장,젖소,,,전라남도 나주시 봉황면 장성리,,,2023-01-20
나주시,○○목장,젖소,,,전라남도 나주시 반남면 청송리,,,2023-01-20
나주시,○○목장,한우,,,전라남도 나주시 다시면 신석리,,,2023-01-20
나주시,○○목장,젖소,,,전라남도 나주시 다시면 동곡리,,,2023-01-20
나주시,○○목장,한우,,,전라남도 나주시 다도면 암정리,,,2023-01-20
나주시,○○목장,젖소,,,전라남도 나주시 왕곡면 송죽리,,,2023-01-20
나주시,○○목장,한우,,,전라남도 나주시 동강면 월양리,,,2023-01-20
나주시,○○목장,육우,,,전라남도 나주시 왕곡면 화정리,,,2023-01-20
나주시,○○목장,한우,,,전라남도 나주시 봉황면 욱곡리,,,2023-01-20
나주시,○○목장,한우,,,전라남도 나주시 왕곡면 행전리,,,2023-01-20
나주시,○○목장,한우,,,전라남도 나주시 금천면 오강리,,,2023-01-20
나주시,○○목장,한우,,,전라남도 나주시 왕곡면 월천리,,,2023-01-20
나주시,○○목장,한우,,,전라남도 나주시 다시면 복암리,,,2023-01-20
나주시,○○목장,젖소,,,전라남도 나주시 진포동,,,2023-01-20
나주시,○○목장,한우,,,전라남도 나주시 반남면 흥덕리,,,2023-01-20
나주시,○○목장,한우,,,전라남도 나주시 다시면 송촌리,,,2023-01-20
나주시,○○목장,한우,,,전라남도 나주시 반남면 성계리,,,2023-01-20
나주시,○○목장,한우,,,전라남도 나주시 동강면 대전리,,,2023-01-20
나주시,○○목장,한우,,,전라남도 나주시 다시면 죽산리,,,2023-01-20
나주시,○○목장,젖소,,,전라남도 나주시 왕곡면 신가리,,,2023-01-20
나주시,○○목장,한우,,,전라남도 나주시 관정동,,,2023-01-20
나주시,○○목장,염소,,,전라남도 나주시 산포면 매성리,,,2023-01-20
나주시,○○목장,한우,,,전라남도 나주시 금천면 고동리,,,2023-01-20
나주시,○○목장,젖소,,,전라남도 나주시 다시면 신광리,,,2023-01-20
나주시,○○목장,한우,,,전라남도 나주시 문평면 산호리,,,2023-01-20
나주시,○○목장,한우,,,전라남도 나주시 공산면 금곡리,,,2023-01-20
나주시,○○목장,한우,,,전라남도 나주시 반남면 대안리,,,2023-01-20
나주시,○○목장,젖소,,,전라남도 나주시 왕곡면 덕산리,,,2023-01-20
나주시,○○목장,젖소,,,전라남도 나주시 오량동,,,2023-01-20
나주시,○○목장,젖소,,,전라남도 나주시 다시면 문동리,,,2023-01-20
나주시,○○목장,한우,,,전라남도 나주시 봉황면 운곡리,,,2023-01-20
나주시,○○목장,한우,,,전라남도 나주시 세지면 송제리,,,2023-01-20
나주시,○○목장,한우,,,전라남도 나주시 공산면 남창리,,,2023-01-20
나주시,○○목장,젖소,,,전라남도 나주시 왕곡면 옥곡리,,,2023-01-20
나주시,○○목장,젖소,,,전라남도 나주시 노안면 계림리,,,2023-01-20
나주시,○○목장,한우,,,전라남도 나주시 봉황면 와우리,,,2023-01-20
나주시,○○목장,한우,,,전라남도 나주시 봉황면 죽석리,,,2023-01-20
나주시,○○목장,육우,,,전라남도 나주시 봉황면 덕림리,,,2023-01-20
나주시,○○목장,한우,,,전라남도 나주시 세지면 교산리,,,2023-01-20
나주시,○○목장,사슴,,,전라남도 나주시 노안면 유곡리,,,2023-01-20
나주시,○○목장,젖소,,,전라남도 나주시 세지면 대산리,,,2023-01-20
나주시,○○목장,한우,,,전라남도 나주시 반남면 덕산리,,,2023-01-20
나주시,○○목장,한우,,,전라남도 나주시 동강면 대지리,,,2023-01-20
나주시,○○목장,한우,,,전라남도 나주시 동강면 인동리,,,2023-01-20
나주시,○○목장,젖소,,,전라남도 나주시 세지면 죽동리,,,2023-01-20
나주시,○○목장,한우,,,전라남도 나주시 금천면 광암리,,,2023-01-20
나주시,○○법인,한우,,,전라남도 나주시 동강면 진천리,,,2023-01-20
나주시,○○법인,돼지,,,전라남도 나주시 남평읍 우산리,,,2023-01-20
나주시,○○법인,산양,,,전라남도 나주시 다도면 도동리,,,2023-01-20
나주시,○○법인,한우,,,전라남도 나주시 봉황면 용전리,,,2023-01-20
나주시,○○법인,한우,,,전라남도 나주시 평산동,,,2023-01-20
나주시,○○법인,한우,,,전라남도 나주시 다시면 문동리,,,2023-01-20
나주시,○○법인,돼지,,,전라남도 나주시 노안면 유곡리,,,2023-01-20
나주시,○○법인,돼지,,,전라남도 나주시 세지면 오봉리,,,2023-01-20
나주시,○○법인,한우,,,전라남도 나주시 관정동,,,2023-01-20
나주시,○○법인,젖소,,,전라남도 나주시 반남면 청송리,,,2023-01-20
나주시,○○법인,한우,,,전라남도 나주시 왕곡면 화정리,,,2023-01-20
나주시,○○법인,돼지,,,전라남도 나주시 문평면 북동리,,,2023-01-20
나주시,○○법인,한우,,,전라남도 나주시 왕곡면 덕산리,,,2023-01-20
나주시,○○법인,한우,,,전라남도 나주시 운곡동,,,2023-01-20
나주시,○○법인,돼지,,,전라남도 나주시 봉황면 황용리,,,2023-01-20
나주시,○○양계,종계/산란계,,,전라남도 나주시 세지면 교산리,,,2023-01-20
나주시,○○양계장,종계/산란계,,,전라남도 나주시 봉황면 장성리,,,2023-01-20
나주시,○○양계장,종계/산란계,,,전라남도 나주시 공산면 복용리,,,2023-01-20
나주시,○○양돈,돼지,,,전라남도 나주시 왕곡면 신원리,,,2023-01-20
나주시,○○양돈,돼지,,,전라남도 나주시 반남면 청송리,,,2023-01-20
나주시,○○오리,오리,,,전라남도 나주시 세지면 성산리,,,2023-01-20
나주시,○○축사,한우,,,전라남도 나주시 세지면 동곡리,,,2023-01-20
나주시,○○축사,한우,,,전라남도 나주시 공산면 복용리,,,2023-01-20
나주시,○○축사,한우,,,전라남도 나주시 공산면 동촌리,,,2023-01-20
나주시,○○축사,한우,,,전라남도 나주시 세지면 대산리,,,2023-01-20
나주시,○○축사,한우,,,전라남도 나주시 세지면 죽동리,,,2023-01-20
나주시,○○축사,한우,,,전라남도 나주시 다도면 도동리,,,2023-01-20
나주시,○○축사,한우,,,전라남도 나주시 공산면 금곡리,,,2023-01-20
나주시,○○축사,한우,,,전라남도 나주시 공산면 신곡리,,,2023-01-20
나주시,○○축사,한우,,,전라남도 나주시 다시면 가운리,,,2023-01-20
나주시,○○축사,한우,,,전라남도 나주시 왕곡면 월천리,,,2023-01-20
나주시,○○축사,한우,,,전라남도 나주시 동강면 장동리,,,2023-01-20
나주시,○○축사,한우,,,전라남도 나주시 다시면 영동리,,,2023-01-20
나주시,○○축사,한우,,,전라남도 나주시 봉황면 신동리,,,2023-01-20
나주시,○○축사,한우,,,전라남도 나주시 반남면 석천리,,,2023-01-20
나주시,○○축사,한우,,,전라남도 나주시 공산면 가송리,,,2023-01-20
나주시,○○축사,한우,,,전라남도 나주시 공산면 상방리,,,2023-01-20
나주시,○○축사,한우,,,전라남도 나주시 동강면 인동리,,,2023-01-20
나주시,○○축사,한우,,,전라남도 나주시 진포동,,,2023-01-20
나주시,○○축사,한우,,,전라남도 나주시 동강면 양지리,,,2023-01-20
나주시,○○축사,한우,,,전라남도 나주시 산포면 내기리,,,2023-01-20
나주시,○○축사,한우,,,전라남도 나주시 관정동,,,2023-01-20
나주시,○○축사,한우,,,전라남도 나주시 왕곡면 본양리,,,2023-01-20
나주시,○○축사,한우,,,전라남도 나주시 반남면 대안리,,,2023-01-20
나주시,○○축사,한우,,,전라남도 나주시 봉황면 오림리,,,2023-01-20
나주시,○○축사,한우,,,전라남도 나주시 반남면 흥덕리,,,2023-01-20
나주시,○○축사,한우,,,전라남도 나주시 운곡동,,,2023-01-20
나주시,○○축사,한우,,,전라남도 나주시 세지면 교산리,,,2023-01-20
나주시,○○축사,한우,,,전라남도 나주시 세지면 내정리,,,2023-01-20
나주시,○○축산,한우,,,전라남도 나주시 왕곡면 행전리,,,2023-01-20
나주시,○○축산,한우,,,전라남도 나주시 다시면 문동리,,,2023-01-20
나주시,○○축산,젖소,,,전라남도 나주시 왕곡면 화정리,,,2023-01-20
나주시,○○축산,한우,,,전라남도 나주시 봉황면 죽석리,,,2023-01-20
나주시,○○축산,한우,,,전라남도 나주시 동강면 장동리,,,2023-01-20
나주시,○○축산,돼지,,,전라남도 나주시 다시면 죽산리,,,2023-01-20
나주시,○○축산,한우,,,전라남도 나주시 동강면 운산리,,,2023-01-20
나주시,○○축산,한우,,,전라남도 나주시 세지면 죽동리,,,2023-01-20
나주시,○○축산,한우,,,전라남도 나주시 봉황면 욱곡리,,,2023-01-20
나주시,○○축산,종계업,,,전라남도 나주시 동수동,,,2023-01-20
나주시,○○축산,한우,,,전라남도 나주시 왕곡면 송죽리,,,2023-01-20
나주시,○○축산,한우,,,전라남도 나주시 반남면 성계리,,,2023-01-20
나주시,○○축산,한우,,,전라남도 나주시 동강면 곡천리,,,2023-01-20
나주시,○○축산,한우,,,전라남도 나주시 공산면 동촌리,,,2023-01-20
나주시,○○축산,한우,,,전라남도 나주시 동강면 대전리,,,2023-01-20
나주시,○○축산,한우,,,전라남도 나주시 반남면 덕산리,,,2023-01-20
나주시,○○축산,한우,,,전라남도 나주시 왕곡면 옥곡리,,,2023-01-20
나주시,○○축산,한우,,,전라남도 나주시 동강면 월양리,,,2023-01-20
나주시,○○축산,한우,,,전라남도 나주시 봉황면 황용리,,,2023-01-20
나주시,○○축산,한우,,,전라남도 나주시 왕곡면 신원리,,,2023-01-20
나주시,○○축산,한우,,,전라남도 나주시 봉황면 운곡리,,,2023-01-20
나주시,○○축산,한우,,,전라남도 나주시 남평읍 교원리,,,2023-01-20
나주시,○○축산,한우,,,전라남도 나주시 공산면 가송리,,,2023-01-20
나주시,○○축산,돼지,,,전라남도 나주시 노안면 유곡리,,,2023-01-20
나주시,○○축산,한우,,,전라남도 나주시 다시면 동당리,,,2023-01-20
나주시,○○축산,한우,,,전라남도 나주시 노안면 안산리,,,2023-01-20
나주시,○○축산,한우,,,전라남도 나주시 반남면 대안리,,,2023-01-20
나주시,○○축산,한우,,,전라남도 나주시 남평읍 노동리,,,2023-01-20
나주시,○○축산,한우,,,전라남도 나주시 반남면 흥덕리,,,2023-01-20
나주시,○○축산,한우,,,전라남도 나주시 동강면 인동리,,,2023-01-20
나주시,○○축산,한우,,,전라남도 나주시 동강면 옥정리,,,2023-01-20
나주시,○○축산,한우,,,전라남도 나주시 봉황면 덕곡리,,,2023-01-20
나주시,○○축산,한우,,,전라남도 나주시 대기동,,,2023-01-20
나주시,○○축산,한우,,,전라남도 나주시 반남면 청송리,,,2023-01-20
나주시,○○축산,한우,,,전라남도 나주시 다시면 신석리,,,2023-01-20
나주시,○○축산,돼지,,,전라남도 나주시 왕곡면 양산리,,,2023-01-20
나주시,○○축산,한우,,,전라남도 나주시 공산면 신곡리,,,2023-01-20
나주시,○○축산,한우,,,전라남도 나주시 동강면 양지리,,,2023-01-20
나주시,○○축산,한우,,,전라남도 나주시 평산동,,,2023-01-20
나주시,○○축산,한우,,,전라남도 나주시 금천면 고동리,,,2023-01-20
나주시,○○축산,한우,,,전라남도 나주시 관정동,,,2023-01-20
나주시,○○축산,한우,,,전라남도 나주시 공산면 금곡리,,,2023-01-20
나주시,○○축산,한우,,,전라남도 나주시 동강면 진천리,,,2023-01-20
나주시,○○축산,한우,,,전라남도 나주시 노안면 금안리,,,2023-01-20
나주시,○○축산,한우,,,전라남도 나주시 영산동,,,2023-01-20
나주시,○○축산,육우,,,전라남도 나주시 다시면 송촌리,,,2023-01-20
나주시,○○축산,한우,,,전라남도 나주시 공산면 상방리,,,2023-01-20
나주시,○○축산,한우,,,전라남도 나주시 공산면 남창리,,,2023-01-20
나주시,○○축산,한우,,,전라남도 나주시 이창동,,,2023-01-20
나주시,○○축산,한우,,,전라남도 나주시 공산면 복용리,,,2023-01-20
나주시,○○축산,돼지,,,전라남도 나주시 봉황면 장성리,,,2023-01-20
나주시,○○축산,돼지,,,전라남도 나주시 봉황면 송현리,,,2023-01-20
나주시,○○축산,돼지,,,전라남도 나주시 봉황면 유곡리,,,2023-01-20
나주시,○○축산,한우,,,전라남도 나주시 세지면 대산리,,,2023-01-20
나주시,○○축산,한우,,,전라남도 나주시 봉황면 와우리,,,2023-01-20
나주시,○○축산,한우,,,전라남도 나주시 노안면 영평리,,,2023-01-20
나주시,○○축산,돼지,,,전라남도 나주시 다도면 덕동리,,,2023-01-20
나주시,○○축산,한우,,,전라남도 나주시 세지면 송제리,,,2023-01-20
나주시,○○축산,한우,,,전라남도 나주시 금천면 오강리,,,2023-01-20
나주시,○○축산,사슴,,,전라남도 나주시 다시면 가운리,,,2023-01-20
나주시,○○축산,한우,,,전라남도 나주시 금천면 광암리,,,2023-01-20
나주시,○○축산,젖소,,,전라남도 나주시 다도면 암정리,,,2023-01-20
나주시,○○축산,한우,,,전라남도 나주시 남평읍 풍림리,,,2023-01-20
나주시,○○축산,한우,,,전라남도 나주시 공산면 화성리,,,2023-01-20
나주시,○○축산,돼지,,,전라남도 나주시 다시면 월태리,,,2023-01-20
나주시,○○축산,한우,,,전라남도 나주시 산포면 내기리,,,2023-01-20
나주시,○○축산,돼지,,,전라남도 나주시 왕곡면 신포리,,,2023-01-20
나주시,○○축산,젖소,,,전라남도 나주시 부덕동,,,2023-01-20
나주시,○○축산,한우,,,전라남도 나주시 다도면 덕림리,,,2023-01-20
나주시,○○축산,육계,,,전라남도 나주시 다도면 방산리,,,2023-01-20
나주시,○○축산,한우,,,전라남도 나주시 세지면 동곡리,,,2023-01-20
나주시,○○축산,한우,,,전라남도 나주시 문평면 동원리,,,2023-01-20
나주시,○○축산,한우,,,전라남도 나주시 봉황면 오림리,,,2023-01-20
나주시,○○축산,한우,,,전라남도 나주시 산포면 매성리,,,2023-01-20
나주시,○○축산,한우,,,전라남도 나주시 문평면 안곡리,,,2023-01-20
나주시,○○축산,한우,,,전라남도 나주시 노안면 학산리,,,2023-01-20
나주시,○○축산,한우,,,전라남도 나주시 봉황면 덕림리,,,2023-01-20
나주시,○○축산,한우,,,전라남도 나주시 왕곡면 장산리,,,2023-01-20
나주시,○○축산,한우,,,전라남도 나주시 반남면 석천리,,,2023-01-20
나주시,○○축산,한우,,,전라남도 나주시 노안면 오정리,,,2023-01-20
나주시,○○축산,한우,,,전라남도 나주시 산포면 신도리,,,2023-01-20
나주시,○○축산,한우,,,전라남도 나주시 공산면 중포리,,,2023-01-20
나주시,○○축산,한우,,,전라남도 나주시 봉황면 만봉리,,,2023-01-20
나주시,○○축산,한우,,,전라남도 나주시 봉황면 용전리,,,2023-01-20
나주시,○○축산,한우,,,전라남도 나주시 금천면 죽촌리,,,2023-01-20
나주시,○○축산,오리,,,전라남도 나주시 남평읍 평산리,,,2023-01-20
나주시,○○축산,한우,,,전라남도 나주시 다시면 동곡리,,,2023-01-20
나주시,○○축산,한우,,,전라남도 나주시 공산면 백사리,,,2023-01-20
나주시,○○축산,한우,,,전라남도 나주시 문평면 송산리,,,2023-01-20
나주시,○○팜,한우,,,전라남도 나주시 세지면 교산리,,,2023-01-20
나주시,○○팜,종계/산란계,,,전라남도 나주시 공산면 복용리,,,2023-01-20
나주시,○○팜,오리,,,전라남도 나주시 노안면 오정리,,,2023-01-20
나주시,○○팜,한우,,,전라남도 나주시 봉황면 송현리,,,2023-01-20
나주시,○○팜,한우,,,전라남도 나주시 동강면 장동리,,,2023-01-20
나주시,○○팜,한우,,,전라남도 나주시 왕곡면 양산리,,,2023-01-20
나주시,○○팜,돼지,,,전라남도 나주시 동강면 곡천리,,,2023-01-20
나주시,○○팜,돼지,,,전라남도 나주시 노안면 유곡리,,,2023-01-20
나주시,○○팜,종계/산란계,,,전라남도 나주시 석현동,,,2023-01-20
나주시,○○팜,한우,,,전라남도 나주시 동강면 대전리,,,2023-01-20
나주시,○○팜,한우,,,전라남도 나주시 왕곡면 덕산리,,,2023-01-20
나주시,○○한우,한우,,,전라남도 나주시 노안면 금동리,,,2023-01-20
나주시,○○한우,한우,,,전라남도 나주시 동수동,,,2023-01-20
나주시,○○한우,한우,,,전라남도 나주시 왕곡면 신원리,,,2023-01-20
나주시,○○한우,한우,,,전라남도 나주시 공산면 중포리,,,2023-01-20
나주시,○○한우,한우,,,전라남도 나주시 노안면 유곡리,,,2023-01-20
나주시,○○한우집,한우,,,전라남도 나주시 동수동,,,2023-01-20
나주시,가송,오리,,,전라남도 나주시 공산면 가송리,,,2023-01-20
나주시,경주부화장,종오리업,,,전라남도 나주시 동강면 장동리,,,2023-01-20
나주시,관상조류마을,육계,,,전라남도 나주시 봉황면 신동리,,,2023-01-20
나주시,광동양계장,육계,,,전라남도 나주시 반남면 청송리,,,2023-01-20
나주시,꼬치피네,젖소,,,전라남도 나주시 반남면 청송리,,,2023-01-20
나주시,나주오케이흑염소,염소,,,전라남도 나주시 세지면 오봉리,,,2023-01-20
나주시,네잎클로버,한우,,,전라남도 나주시 봉황면 만봉리,,,2023-01-20
나주시,다유산방,산양,,,전라남도 나주시 다도면 덕림리,,,2023-01-20
나주시,동막골흑염소,산양,,,전라남도 나주시 문평면 국동리,,,2023-01-20
나주시,드림피그,돼지,,,전라남도 나주시 노안면 유곡리,,,2023-01-20
나주시,린흑염소,염소,,,전라남도 나주시 다도면 풍산리,,,2023-01-20
나주시,박쌍임,한우,,,전라남도 나주시 봉황면 덕림리,,,2023-01-20
나주시,석정사슴,사슴,,,전라남도 나주시 세지면 송제리,,,2023-01-20
나주시,섬성농판,한우,,,전라남도 나주시 봉황면 오림리,,,2023-01-20
나주시,성산흑염소,산양,,,전라남도 나주시 세지면 성산리,,,2023-01-20
나주시,신성바이오,육우,,,전라남도 나주시 봉황면 유곡리,,,2023-01-20
나주시,알파빅고트,산양,,,전라남도 나주시 왕곡면 화정리,,,2023-01-20
나주시,알파쓰리,오리,,,전라남도 나주시 왕곡면 화정리,,,2023-01-20
나주시,야곱 흑염소,염소,,,전라남도 나주시 왕곡면 월천리,,,2023-01-20
나주시,우락원,한우,,,전라남도 나주시 다시면 동곡리,,,2023-01-20
나주시,유기자연복합영농작목반,돼지,,,전라남도 나주시 봉황면 운곡리,,,2023-01-20
나주시,유한회사 ○○○,육계,,,전라남도 나주시 다시면 송촌리,,,2023-01-20
나주시,작땅,한우,,,전라남도 나주시 반남면 석천리,,,2023-01-20
나주시,정장원,오리,,,전라남도 나주시 동강면 양지리,,,2023-01-20
나주시,주식회사 우둥,한우,,,전라남도 나주시 관정동,,,2023-01-20
나주시,천하코리아,돼지,,,전라남도 나주시 노안면 유곡리,,,2023-01-20
나주시,청정흑염소,염소,,,전라남도 나주시 다도면 암정리,,,2023-01-20
나주시,코리아양돈,돼지,,,전라남도 나주시 봉황면 오림리,,,2023-01-20
나주시,풍산1,젖소,,,전라남도 나주시 봉황면 송현리,,,2023-01-20
나주시,한우물,한우,,,전라남도 나주시 왕곡면 신원리,,,2023-01-20
나주시,행복한 토종닭,육계,,,전라남도 나주시 다시면 가운리,,,2023-01-20
나주시,행복한농사꾼,종계/산란계,,,전라남도 나주시 노안면 양천리,,,2023-01-20
나주시,현주가소키우는집,한우,,,전라남도 나주시 공산면 중포리,,,2023-01-20
나주시,효정원,한우,,,전라남도 나주시 다시면 동당리,,,2023-01-20
무안군,S-농장,돼지,,995.0,전라남도 무안군 운남면 신월로,,,2020-08-31
무안군,ok목장,한우,,19.0,전라남도 무안군 현경면 반룡길,,,2020-08-31
무안군,가견농장,한우,,70.0,전라남도 무안군 무안읍 창포로,,,2020-08-31
무안군,가두계농장,한우,,18.0,전라남도 무안군 몽탄면 양장길,,,2020-08-31
무안군,가산농장,한우,,16.0,전라남도 무안군 무안읍 보평로,,,2020-08-31
무안군,가온농장,오리,,20600.0,전라남도 무안군 일로읍 감돈리,,,2020-08-31
무안군,가입농장,오리,,,전라남도 무안군 현경면 가입리,,,2020-08-31
무안군,가입축산,한우,,,전라남도 무안군 현경면 해운리,,,2020-08-31
무안군,가입축산,한우,,40.0,전라남도 무안군 현경면 가입길,,,2020-08-31
무안군,가정농장,한우,,,전라남도 무안군 현경면 양학리,,,2020-08-31
무안군,가족농장,염소,,,전라남도 무안군 청계면 남성길,,,2020-08-31
무안군,가호농장,한우,,,전라남도 무안군 몽탄면 사창리,,,2020-08-31
무안군,간방산농장,한우,,39.0,전라남도 무안군 현경면 장군로,,,2020-08-31
무안군,갈산농장,한우,,,전라남도 무안군 몽탄면 갈산안,,,2020-08-31
무안군,갈산농장,한우,,4.0,전라남도 무안군 몽탄면 갈산안,,,2020-08-31
무안군,감돈축산,한우,,,전라남도 무안군 일로읍 감돈길,,,2020-08-31
무안군,감돈축산,한우,,23.0,전라남도 무안군 일로읍 감돈길,,,2020-08-31
무안군,감동농장,한우,,133.0,전라남도 무안군 해제면 양매리,,,2020-08-31
무안군,갑석축산,한우,,,전라남도 무안군 무안읍 상동안,,,2020-08-31
무안군,강범농장,한우,,,전라남도 무안군 청계면 청수리,,,2020-08-31
무안군,강변농장,한우,,,전라남도 무안군 청계면 해안로,,,2020-08-31
무안군,거기한우,한우,,149.0,전라남도 무안군 몽탄면 구산리,,,2020-08-31
무안군,거북농장,한우,,16.0,전라남도 무안군 일로읍 구정길,,,2020-08-31
무안군,거성농장,한우,,61.0,전라남도 무안군 무안읍 수양길,,,2020-08-31
무안군,건국축산,한우,,76.0,전라남도 무안군 몽탄면 우명길,,,2020-08-31
무안군,건우농장,한우,,8.0,전라남도 무안군 무안읍 무안로,,,2020-08-31
무안군,건이농장,한우,,10.0,전라남도 무안군 청계면 태봉길,,,2020-08-31
무안군,걸치기농장,한우,,73.0,전라남도 무안군 해제면 참새골,,,2020-08-31
무안군,견옥축사,한우,,,전라남도 무안군 일로읍 산두안,,,2020-08-31
무안군,견우랑,한우,,44.0,전라남도 무안군 무안읍 현남길,,,2020-08-31
무안군,경남농장,한우,,8.0,전라남도 무안군 청계면 청수리,,,2020-08-31
무안군,경래농장,한우,,,전라남도 무안군 일로읍 산정리,,,2020-08-31
무안군,경삼농장,한우,,4.0,전라남도 무안군 삼향읍 용포리,,,2020-08-31
무안군,경석농장,한우,,18.0,전라남도 무안군 몽탄면 봉명리,,,2020-08-31
무안군,경선농장,한우,,5.0,전라남도 무안군 청계면 태봉리,,,2020-08-31
무안군,경수축산,한우,,27.0,전라남도 무안군 일로읍 의산리,,,2020-08-31
무안군,경신농축원,한우,,103.0,전라남도 무안군 무안읍 창포로,,,2020-08-31
무안군,경영농장,한우,,2.0,전라남도 무안군 몽탄면 덕암길,,,2020-08-31
무안군,경주농장,한우,,,전라남도 무안군 무안읍 신학리,,,2020-08-31
무안군,경호농장,한우,,12.0,전라남도 무안군 청계면 청수리,,,2020-08-31
무안군,경화축산,한우,,61.0,전라남도 무안군 운남면 하묘리,,,2020-08-31
무안군,경환농장,한우,,,전라남도 무안군 청계면 독골길,,,2020-08-31
무안군,계두한우농장,한우,,37.0,전라남도 무안군 삼향읍 용포리,,,2020-08-31
무안군,계절축산,육계,,41000.0,전라남도 무안군 일로읍 지장리,,,2020-08-31
무안군,고실농장,한우,,37.0,전라남도 무안군 현경면 고실길,,,2020-08-31
무안군,고실농장,한우,,7.0,전라남도 무안군 현경면 외반리,,,2020-08-31
무안군,고읍축산,한우,,4.0,전라남도 무안군 해제면 고읍길,,,2020-08-31
무안군,고인돌 공원 축사,한우,,93.0,전라남도 무안군 무안읍 고인돌,,,2020-08-31
무안군,고절농장,한우,,21.0,전라남도 무안군 무안읍 상고절,,,2020-08-31
무안군,고절축산,한우,,35.0,전라남도 무안군 무안읍 본고절,,,2020-08-31
무안군,고지축산,산양,,,전라남도 무안군 무안읍 황토길,,,2020-08-31
무안군,고향자녀농장,한우,,25.0,전라남도 무안군 청계면 태봉길,,,2020-08-31
무안군,곤이준이축산,한우,,3.0,전라남도 무안군 망운면 두모길,,,2020-08-31
무안군,곰솔농장,육계,,78500.0,전라남도 무안군 망운면 송현리,,,2020-08-31
무안군,공적농원,한우,,,전라남도 무안군 청계면 월선길,,,2020-08-31
무안군,관수축산,한우,,4.0,전라남도 무안군 몽탄면 청용리,,,2020-08-31
무안군,관호농장,한우,,18.0,전라남도 무안군 해제면 송석리,,,2020-08-31
무안군,광국축산,한우,,,전라남도 무안군 몽탄면 학사길,,,2020-08-31
무안군,광농장,돼지,,,전라남도 무안군 청계면 하마정,,,2020-08-31
무안군,광산농장,돼지,,,전라남도 무안군 삼향읍 곽단길,,,2020-08-31
무안군,광석농장,한우,,23.0,전라남도 무안군 해제면 만송로,,,2020-08-31
무안군,광석농장,한우,,3.0,전라남도 무안군 망운면 송현리,,,2020-08-31
무안군,광선이농장,한우,,5.0,전라남도 무안군 몽탄면 사창리,,,2020-08-31
무안군,광선축산,한우,,3.0,전라남도 무안군 일로읍 삼산로,,,2020-08-31
무안군,광수농장,한우,,24.0,전라남도 무안군 삼향읍 용포리,,,2020-08-31
무안군,광열농장,한우,,,전라남도 무안군 일로읍 복룡리,,,2020-08-31
무안군,광일농장,한우,,,전라남도 무안군 일로읍 지장리,,,2020-08-31
무안군,광진농장,한우,,6.0,전라남도 무안군 운남면 와우로,,,2020-08-31
무안군,교촌리농장,한우,,,전라남도 무안군 무안읍 교촌리,,,2020-08-31
무안군,구남농장,산양,,,전라남도 무안군 청계면 해안로,,,2020-08-31
무안군,구로농장,한우,,101.0,전라남도 무안군 청계면 해안로,,,2020-08-31
무안군,구로농장,육계,,45500.0,전라남도 무안군 청계면 해안로,,,2020-08-31
무안군,구로축산,한우,,33.0,전라남도 무안군 청계면 남성리,,,2020-08-31
무안군,구름에 달 가듯이 농장,한우,,,전라남도 무안군 현경면 공항로,,,2020-08-31
무안군,구원농장,한우,,21.0,전라남도 무안군 삼향읍 왕산로,,,2020-08-31
무안군,구정농장,한우,,14.0,전라남도 무안군 일로읍 구정리,,,2020-08-31
무안군,구정축산,한우,,4.0,전라남도 무안군 일로읍 구정리,,,2020-08-31
무안군,국민축산,오리,,30400.0,전라남도 무안군 해제면 해제지,,,2020-08-31
무안군,국사농장,한우,,,전라남도 무안군 삼향읍 장곡길,,,2020-08-31
무안군,국일농장,산양,,,전라남도 무안군 현경면 지망길,,,2020-08-31
무안군,국환농장,한우,,,전라남도 무안군 현경면 수양리,,,2020-08-31
무안군,궁뜰,육계,,29500.0,전라남도 무안군 현경면 함장로,,,2020-08-31
무안군,권종농장,한우,,,전라남도 무안군 몽탄면 노송1,,,2020-08-31
무안군,귀자농장,오리,,28000.0,전라남도 무안군 해제면 덕산리,,,2020-08-31
무안군,귀재농장,한우,,6.0,전라남도 무안군 삼향읍 남악리,,,2020-08-31
무안군,귀학농장,한우,,,전라남도 무안군 몽탄면 귀학길,,,2020-08-31
무안군,규홍농장,한우,,11.0,전라남도 무안군 청계면 상마리,,,2020-08-31
무안군,그레이트 팜,육계,,50000.0,전라남도 무안군 현경면 성자동,,,2020-08-31
무안군,그린농장,한우,,,전라남도 무안군 망운면 유종길,,,2020-08-31
무안군,그린축산,한우,,50.0,전라남도 무안군 해제면 송전길,,,2020-08-31
무안군,근배축산,한우,,,전라남도 무안군 망운면 피서리,,,2020-08-31
무안군,근성농장,한우,,,전라남도 무안군 일로읍 방매길,,,2020-08-31
무안군,근수농장,한우,,22.0,전라남도 무안군 현경면 성재길,,,2020-08-31
무안군,근순축산,한우,,3.0,전라남도 무안군 청계면 청계리,,,2020-08-31
무안군,근호 축산,한우,,130.0,전라남도 무안군 현경면 황토길,,,2020-08-31
무안군,근화농장,한우,,46.0,전라남도 무안군 삼향읍 왕산로,,,2020-08-31
무안군,금곡축산,한우,,41.0,전라남도 무안군 해제면 만송로,,,2020-08-31
무안군,금동농장,한우,,36.0,전라남도 무안군 삼향읍 왕산리,,,2020-08-31
무안군,금동축산,돼지,,1180.0,전라남도 무안군 운남면 운해로,,,2020-08-31
무안군,금산축산,돼지,,2670.0,전라남도 무안군 운남면 두곡길,,,2020-08-31
무안군,금성농장,오리,,7000.0,전라남도 무안군 일로읍 감돈리,,,2020-08-31
무안군,금성농장,한우,,36.0,전라남도 무안군 일로읍 청금성,,,2020-08-31
무안군,금성농장,육계,,78100.0,전라남도 무안군 청계면 도대로,,,2020-08-31
무안군,금성농장,오리,,11700.0,전라남도 무안군 일로읍 감돈리,,,2020-08-31
무안군,금성농장,오리,,11700.0,전라남도 무안군 일로읍 지장리,,,2020-08-31
무안군,금성사,한우,,11.0,전라남도 무안군 일로읍 청금성,,,2020-08-31
무안군,금성축산,한우,,2.0,전라남도 무안군 청계면 해안로,,,2020-08-31
무안군,금영농장,한우,,13.0,전라남도 무안군 일로읍 복룡리,,,2020-08-31
무안군,금진축산,한우,,25.0,전라남도 무안군 현경면 송정리,,,2020-08-31
무안군,금표농장,돼지,,,전라남도 무안군 청계면 월선리,,,2020-08-31
무안군,금현농장,한우,,53.0,전라남도 무안군 몽탄면 호동길,,,2020-08-31
무안군,금호농장,한우,,31.0,전라남도 무안군 일로읍 백련로,,,2020-08-31
무안군,금호농장,한우,,43.0,전라남도 무안군 몽탄면 갈산안,,,2020-08-31
무안군,기권농장,한우,,10.0,전라남도 무안군 몽탄면 사내길,,,2020-08-31
무안군,기권농장,한우,,10.0,전라남도 무안군 몽탄면 사천리,,,2020-08-31
무안군,기남농장,한우,,,전라남도 무안군 몽탄면 구산리,,,2020-08-31
무안군,기남농장,한우,,2.0,전라남도 무안군 무안읍 고절길,,,2020-08-31
무안군,기동축산,한우,,8.0,전라남도 무안군 청계면 서호리,,,2020-08-31
무안군,기량농장,한우,,46.0,전라남도 무안군 무안읍 창포로,,,2020-08-31
무안군,기러기농장,한우,,10.0,전라남도 무안군 청계면 문화로,,,2020-08-31
무안군,기만농장,한우,,,전라남도 무안군 일로읍 월암리,,,2020-08-31
무안군,기봉농장,한우,,16.0,전라남도 무안군 현경면 현화리,,,2020-08-31
무안군,기쁨농장,한우,,,전라남도 무안군 몽탄면 몽탄로,,,2020-08-31
무안군,기쁨농장,한우,,126.0,전라남도 무안군 몽탄면 갈산안,,,2020-08-31
무안군,기선농장,돼지,,1964.0,전라남도 무안군 운남면 운해로,,,2020-08-31
무안군,기순농장,한우,,5.0,전라남도 무안군 몽탄면 사천리,,,2020-08-31
무안군,기욱농장,한우,,80.0,전라남도 무안군 일로읍 갈산길,,,2020-08-31
무안군,기원농장,한우,,,전라남도 무안군 삼향읍 맥포리,,,2020-08-31
무안군,기진농장,한우,,26.0,전라남도 무안군 일로읍 상신길,,,2020-08-31
무안군,기태농장,한우,,13.0,전라남도 무안군 몽탄면 봉명리,,,2020-08-31
무안군,기택농장,한우,,5.0,전라남도 무안군 몽탄면 명산리,,,2020-08-31
무안군,기향농장,한우,,7.0,전라남도 무안군 몽탄면 노송2,,,2020-08-31
무안군,기호농장,한우,,119.0,전라남도 무안군 해제면 배나무,,,2020-08-31
무안군,기호농장,한우,,16.0,전라남도 무안군 운남면 영해로,,,2020-08-31
무안군,기환농장,한우,,14.0,전라남도 무안군 몽탄면 내리,,,2020-08-31
무안군,길례농장,한우,,,전라남도 무안군 운남면 영해로,,,2020-08-31
무안군,길순농장,한우,,15.0,전라남도 무안군 운남면 동암리,,,2020-08-31
무안군,김성배축산,한우,,,전라남도 무안군 몽탄면 우명길,,,2020-08-31
무안군,까치농장,한우,,10.0,전라남도 무안군 운남면 연리,,,2020-08-31
무안군,꼬꼬네농장,한우,,8.0,전라남도 무안군 삼향읍 맥포리,,,2020-08-31
무안군,꽃회사농장,한우,,,전라남도 무안군 망운면 운해로,,,2020-08-31
무안군,나라축산,한우,,78.0,전라남도 무안군 현경면 현남길,,,2020-08-31
무안군,나주농장,한우,,,전라남도 무안군 해제면 유월리,,,2020-08-31
무안군,나주농장,육우,,178.0,전라남도 무안군 삼향읍 수련길,,,2020-08-31
무안군,남경농장,한우,,39.0,전라남도 무안군 현경면 평산리,,,2020-08-31
무안군,남곤농장,한우,,5.0,전라남도 무안군 몽탄면 월천길,,,2020-08-31
무안군,남권축산,한우,,,전라남도 무안군 몽탄면 남천길,,,2020-08-31
무안군,남도축산,한우,,29.0,전라남도 무안군 현경면 평산리,,,2020-08-31
무안군,남매한우농장,한우,,63.0,전라남도 무안군 청계면 태봉리,,,2020-08-31
무안군,남미농장,한우,,,전라남도 무안군 일로읍 백련로,,,2020-08-31
무안군,남석농장,한우,,6.0,전라남도 무안군 일로읍 지장리,,,2020-08-31
무안군,남선축산,한우,,50.0,전라남도 무안군 망운면 운해로,,,2020-08-31
무안군,남성축산,한우,,20.0,전라남도 무안군 청계면 해안로,,,2020-08-31
무안군,남수농장,한우,,13.0,전라남도 무안군 몽탄면 내리,,,2020-08-31
무안군,남식농장,한우,,,전라남도 무안군 무안읍 면주길,,,2020-08-31
무안군,남안농장,육계,,77000.0,전라남도 무안군 청계면 상천길,,,2020-08-31
무안군,남양농장,한우,,48.0,전라남도 무안군 일로읍 감돈길,,,2020-08-31
무안군,남양농장,한우,,,전라남도 무안군 일로읍 선돌길,,,2020-08-31
무안군,남양축산,한우,,,전라남도 무안군 일로읍 감돈길,,,2020-08-31
무안군,남영축산,한우,,91.0,전라남도 무안군 일로읍 산정리,,,2020-08-31
무안군,남옥농장,한우,,16.0,전라남도 무안군 해제면 덕산리,,,2020-08-31
무안군,남윤 축산,한우,,,전라남도 무안군 청계면 예술촌,,,2020-08-31
무안군,남천축사,한우,,20.0,전라남도 무안군 몽탄면 내리,,,2020-08-31
무안군,남호축산,한우,,,전라남도 무안군 해제면 천장리,,,2020-08-31
무안군,내덕농장,한우,,1.0,전라남도 무안군 망운면 내덕길,,,2020-08-31
무안군,내덕농장,한우,,51.0,전라남도 무안군 망운면 내덕길,,,2020-08-31
무안군,내덕농장,돼지,,429.0,전라남도 무안군 망운면 서목장,,,2020-08-31
무안군,내동축산,한우,,,전라남도 무안군 운남면 내동길,,,2020-08-31
무안군,내동축산,한우,,,전라남도 무안군 일로읍 인의로,,,2020-08-31
무안군,내리농장,한우,,,전라남도 무안군 몽탄면 내리,,,2020-08-31
무안군,내리목장,한우,,24.0,전라남도 무안군 몽탄면 내리,,,2020-08-31
무안군,내분농장,한우,,18.0,전라남도 무안군 해제면 매곡내,,,2020-08-31
무안군,내철농장,한우,,1.0,전라남도 무안군 몽탄면 구산리,,,2020-08-31
무안군,내화농장,육계,,73800.0,전라남도 무안군 운남면 내화길,,,2020-08-31
무안군,내화농장,한우,,,전라남도 무안군 운남면 운해로,,,2020-08-31
무안군,내화삼계,육계,,65500.0,전라남도 무안군 운남면 운해로,,,2020-08-31
무안군,내화축산,돼지,,3697.0,전라남도 무안군 운남면 양금로,,,2020-08-31
무안군,너루네축사,한우,,30.0,전라남도 무안군 해제면 광천길,,,2020-08-31
무안군,너물농장,한우,,32.0,전라남도 무안군 현경면 가입길,,,2020-08-31
무안군,너물축산,한우,,7.0,전라남도 무안군 현경면 가입리,,,2020-08-31
무안군,네기목장,한우,,4.0,전라남도 무안군 현경면 동산리,,,2020-08-31
무안군,노두농장,한우,,,전라남도 무안군 몽탄면 갈산길,,,2020-08-31
무안군,노무내농장,한우,,5.0,전라남도 무안군 해제면 만풍리,,,2020-08-31
무안군,노정순축산,한우,,10.0,전라남도 무안군 일로읍 월암리,,,2020-08-31
무안군,노형오축산,한우,,,전라남도 무안군 몽탄면 양장리,,,2020-08-31
무안군,농업농장,한우,,24.0,전라남도 무안군 일로읍 인의로,,,2020-08-31
무안군,농업회사법인 유한회사 진성축산,돼지,,10839.0,전라남도 무안군 현경면 오류길,,,2020-08-31
무안군,농업회사법인 주식회사 진오,돼지,,,전라남도 무안군 삼향읍 덕산길,,,2020-08-31
무안군,농원축산,한우,,11.0,전라남도 무안군 망운면 피서리,,,2020-08-31
무안군,늘푸른농장,오리,,12000.0,전라남도 무안군 일로읍 지장리,,,2020-08-31
무안군,늘푸른농장,한우,,34.0,전라남도 무안군 무안읍 무안로,,,2020-08-31
무안군,능선목장,한우,,30.0,전라남도 무안군 현경면 수양리,,,2020-08-31
무안군,능선목장,젖소,,78.0,전라남도 무안군 현경면 수양리,,,2020-08-31
무안군,다산농장,한우,,28.0,전라남도 무안군 몽탄면 차뫼길,,,2020-08-31
무안군,다산농장,한우,,,전라남도 무안군 청계면 복길리,,,2020-08-31
무안군,다산농장,한우,,37.0,전라남도 무안군 몽탄면 차뫼길,,,2020-08-31
무안군,다산축산,한우,,33.0,전라남도 무안군 몽탄면 다산리,,,2020-08-31
무안군,다산축산,한우,,33.0,전라남도 무안군 몽탄면 차뫼길,,,2020-08-31
무안군,다산축산,한우,,10.0,전라남도 무안군 몽탄면 몽탄로,,,2020-08-31
무안군,다석호 농장,한우,,85.0,전라남도 무안군 현경면 함장로,,,2020-08-31
무안군,다우목장,한우,,23.0,전라남도 무안군 청계면 월선리,,,2020-08-31
무안군,다원농장,한우,,37.0,전라남도 무안군 현경면 지망길,,,2020-08-31
무안군,다홍축사,한우,,,전라남도 무안군 몽탄면 양장리,,,2020-08-31
무안군,단비농장,한우,,101.0,전라남도 무안군 몽탄면 달산리,,,2020-08-31
무안군,단일농장,한우,,12.0,전라남도 무안군 청계면 광석길,,,2020-08-31
무안군,달건너농장,한우,,29.0,전라남도 무안군 운남면 연리,,,2020-08-31
무안군,달산축산,한우,,,전라남도 무안군 몽탄면 법천길,,,2020-08-31
무안군,달성농장,돼지,,1697.0,전라남도 무안군 몽탄면 법천길,,,2020-08-31
무안군,닭사랑농장,육계,,80000.0,전라남도 무안군 현경면 동산리,,,2020-08-31
무안군,당두농장,한우,,49.0,전라남도 무안군 현경면 수양동,,,2020-08-31
무안군,당호농장,한우,,105.0,전라남도 무안군 몽탄면 갈산안,,,2020-08-31
무안군,당호축산,한우,,30.0,전라남도 무안군 몽탄면 갈산안,,,2020-08-31
무안군,당호축산,한우,,19.0,전라남도 무안군 몽탄면 당호리,,,2020-08-31
무안군,대곡농장,한우,,67.0,전라남도 무안군 청계면 무안로,,,2020-08-31
무안군,대기농장,한우,,8.0,전라남도 무안군 몽탄면 양마길,,,2020-08-31
무안군,대덕농장,한우,,21.0,전라남도 무안군 일로읍 구정리,,,2020-08-31
무안군,대림농장,한우,,7.0,전라남도 무안군 청계면 서호리,,,2020-08-31
무안군,대명농장,사슴,,,전라남도 무안군 무안읍 향교길,,,2020-08-31
무안군,대명축산,한우,,39.0,전라남도 무안군 몽탄면 신흥동,,,2020-08-31
무안군,대박축산,돼지,,2399.0,전라남도 무안군 운남면 성내리,,,2020-08-31
무안군,대선축산,한우,,16.0,전라남도 무안군 무안읍 상봉길,,,2020-08-31
무안군,대성농장,한우,,,전라남도 무안군 운남면 신흥길,,,2020-08-31
무안군,대성농장,한우,,43.0,전라남도 무안군 일로읍 죽산리,,,2020-08-31
무안군,대성농장,한우,,137.0,전라남도 무안군 청계면 송현리,,,2020-08-31
무안군,대성농장,한우,,33.0,전라남도 무안군 운남면 운해로,,,2020-08-31
무안군,대성농장,한우,,,전라남도 무안군 현경면 오류길,,,2020-08-31
무안군,대성농장,한우,,29.0,전라남도 무안군 청계면 남성리,,,2020-08-31
무안군,대성축산,한우,,39.0,전라남도 무안군 몽탄면 몽탄로,,,2020-08-31
무안군,대성축산,한우,,11.0,전라남도 무안군 청계면 영산로,,,2020-08-31
무안군,대신농장,육계,,77000.0,전라남도 무안군 운남면 양금로,,,2020-08-31
무안군,대신축산,한우,,40.0,전라남도 무안군 몽탄면 봉명양,,,2020-08-31
무안군,대연축산,한우,,24.0,전라남도 무안군 삼향읍 맥포리,,,2020-08-31
무안군,대영축산,돼지,,,전라남도 무안군 삼향읍 복룡길,,,2020-08-31
무안군,대우농장,돼지,,4040.0,전라남도 무안군 청계면 송복길,,,2020-08-31
무안군,대운축산,돼지,,,전라남도 무안군 운남면 양금로,,,2020-08-31
무안군,대지농장,한우,,,전라남도 무안군 현경면 황토길,,,2020-08-31
무안군,대진농장,염소,,,전라남도 무안군 청계면 복길로,,,2020-08-31
무안군,대진농장,한우,,27.0,전라남도 무안군 몽탄면 양장길,,,2020-08-31
무안군,대진축산,한우,,55.0,전라남도 무안군 해제면 양매리,,,2020-08-31
무안군,대창농장,오리,,,전라남도 무안군 몽탄면 오갈치,,,2020-08-31
무안군,대치농장,한우,,,전라남도 무안군 몽탄면 대치로,,,2020-08-31
무안군,대치목장,한우,,,전라남도 무안군 몽탄면 한재길,,,2020-08-31
무안군,대치축사,한우,,2.0,전라남도 무안군 몽탄면 대치리,,,2020-08-31
무안군,대치축산,한우,,2.0,전라남도 무안군 몽탄면 대치리,,,2020-08-31
무안군,대치축산,한우,,23.0,전라남도 무안군 몽탄면 대치리,,,2020-08-31
무안군,대표:박천재,돼지,,11532.0,전라남도 무안군 현경면 오류길,,,2020-08-31
무안군,대풍농장,육계,,,전라남도 무안군 일로읍 감돈길,,,2020-08-31
무안군,대풍농장,한우,,68.0,전라남도 무안군 일로읍 감돈리,,,2020-08-31
무안군,대한농장,한우,,11.0,전라남도 무안군 망운면 목서리,,,2020-08-31
무안군,대호농장,한우,,29.0,전라남도 무안군 삼향읍 유교리,,,2020-08-31
무안군,대호팜스 농업회사법인 주식회사,돼지,,4576.0,전라남도 무안군 일로읍 일로농,,,2020-08-31
무안군,대흥농장,한우,,,전라남도 무안군 몽탄면 양장길,,,2020-08-31
무안군,덕규농장,한우,,50.0,전라남도 무안군 망운면 조산길,,,2020-08-31
무안군,덕산농장,돼지,,,전라남도 무안군 삼향읍 수련길,,,2020-08-31
무안군,덕산농장,한우,,17.0,전라남도 무안군 해제면 창매로,,,2020-08-31
무안군,덕성축산,한우,,36.0,전라남도 무안군 청계면 도대로,,,2020-08-31
무안군,덕순농장,한우,,,전라남도 무안군 몽탄면 귀학리,,,2020-08-31
무안군,덕암농장,한우,,188.0,전라남도 무안군 몽탄면 사창리,,,2020-08-31
무안군,덕영농장,한우,,2.0,전라남도 무안군 몽탄면 남천안,,,2020-08-31
무안군,덕정농장,한우,,32.0,전라남도 무안군 일로읍 덕정길,,,2020-08-31
무안군,덕정농장,한우,,24.0,전라남도 무안군 일로읍 덕정길,,,2020-08-31
무안군,덕정축사,한우,,,전라남도 무안군 일로읍 지장리,,,2020-08-31
무안군,덕진농장,육계,,71800.0,전라남도 무안군 운남면 영해로,,,2020-08-31
무안군,덕현농장,한우,,1.0,전라남도 무안군 몽탄면 청용리,,,2020-08-31
무안군,덕현농장,한우,,5.0,전라남도 무안군 몽탄면 청용리,,,2020-08-31
무안군,도담농장,한우,,,전라남도 무안군 무안읍 신학리,,,2020-08-31
무안군,도대농장,한우,,107.0,전라남도 무안군 청계면 도대리,,,2020-08-31
무안군,도리포축산,한우,,34.0,전라남도 무안군 해제면 만송로,,,2020-08-31
무안군,도림축산,한우,,11.0,전라남도 무안군 몽탄면 도림산,,,2020-08-31
무안군,도성농장,한우,,25.0,전라남도 무안군 해제면 도성길,,,2020-08-31
무안군,도성축산,한우,,43.0,전라남도 무안군 해제면 용학리,,,2020-08-31
무안군,도연축산,육우,,52.0,전라남도 무안군 현경면 장군로,,,2020-08-31
무안군,도원농장,한우,,38.0,전라남도 무안군 해제면 해제지,,,2020-08-31
무안군,도원농장,돼지,,274.0,전라남도 무안군 운남면 운해로,,,2020-08-31
무안군,도원농장,한우,,,전라남도 무안군 운남면 도원길,,,2020-08-31
무안군,도원양계축산,육계,,33000.0,전라남도 무안군 망운면 피서길,,,2020-08-31
무안군,도하농장,한우,,52.0,전라남도 무안군 현경면 장군로,,,2020-08-31
무안군,돈머리축산,한우,,12.0,전라남도 무안군 몽탄면 사창리,,,2020-08-31
무안군,돈유촌농장,돼지,,892.0,전라남도 무안군 일로읍 인의로,,,2020-08-31
무안군,동강농장,돼지,,,전라남도 무안군 운남면 영해로,,,2020-08-31
무안군,동규축산,한우,,12.0,전라남도 무안군 무안읍 성동리,,,2020-08-31
무안군,동네농장,한우,,26.0,전라남도 무안군 일로읍 의산리,,,2020-08-31
무안군,동물농장,한우,,15.0,전라남도 무안군 무안읍 향교길,,,2020-08-31
무안군,동민축산,한우,,,전라남도 무안군 현경면 애북길,,,2020-08-31
무안군,동부물산,한우,,3.0,전라남도 무안군 무안읍 용월리,,,2020-08-31
무안군,동산농장,돼지,,1996.0,전라남도 무안군 현경면 동산리,,,2020-08-31
무안군,동산농장,한우,,,전라남도 무안군 현경면 수양길,,,2020-08-31
무안군,동산축사,한우,,8.0,전라남도 무안군 현경면 애북길,,,2020-08-31
무안군,동산축산,한우,,44.0,전라남도 무안군 현경면 당두길,,,2020-08-31
무안군,동산축산,한우,,42.0,전라남도 무안군 현경면 동산리,,,2020-08-31
무안군,동산축산,한우,,238.0,전라남도 무안군 해제면 배나무,,,2020-08-31
무안군,동산축산,한우,,50.0,전라남도 무안군 해제면 배나무,,,2020-08-31
무안군,동산축산,한우,,62.0,전라남도 무안군 해제면 용학리,,,2020-08-31
무안군,동산축산,한우,,73.0,전라남도 무안군 해제면 배나무,,,2020-08-31
무안군,동산축산,한우,,,전라남도 무안군 몽탄면 양지촌,,,2020-08-31
무안군,동산축산,한우,,239.0,전라남도 무안군 해제면 배나무,,,2020-08-31
무안군,동암 축사,한우,,15.0,전라남도 무안군 청계면 동암길,,,2020-08-31
무안군,동암농장,한우,,22.0,전라남도 무안군 청계면 남안리,,,2020-08-31
무안군,동암축산,한우,,47.0,전라남도 무안군 운남면 영해로,,,2020-08-31
무안군,동암축산,한우,,5.0,전라남도 무안군 운남면 용동길,,,2020-08-31
무안군,동연축산,한우,,35.0,전라남도 무안군 망운면 운해로,,,2020-08-31
무안군,동영농장,한우,,29.0,전라남도 무안군 삼향읍 왕산리,,,2020-08-31
무안군,동오축산,돼지,,457.0,전라남도 무안군 삼향읍 덕산길,,,2020-08-31
무안군,동일축산,한우,,,전라남도 무안군 일로읍 배들이,,,2020-08-31
무안군,동진축산,한우,,,전라남도 무안군 삼향읍 지산리,,,2020-08-31
무안군,동창농장,한우,,22.0,전라남도 무안군 청계면 복룡리,,,2020-08-31
무안군,동출축산,한우,,3.0,전라남도 무안군 삼향읍 용포리,,,2020-08-31
무안군,동학농장,한우,,3.0,전라남도 무안군 해제면 석룡리,,,2020-08-31
무안군,동현농장,한우,,13.0,전라남도 무안군 일로읍 용산리,,,2020-08-31
무안군,동현농장,한우,,57.0,전라남도 무안군 일로읍 일로농,,,2020-08-31
무안군,동현축산,한우,,,전라남도 무안군 해제면 백동길,,,2020-08-31
무안군,동호농장,산양,,,전라남도 무안군 망운면 피서리,,,2020-08-31
무안군,동훈농장,한우,,61.0,전라남도 무안군 해제면 광산리,,,2020-08-31
무안군,두동농장,한우,,,전라남도 무안군 현경면 팔방길,,,2020-08-31
무안군,두레농장,한우,,66.0,전라남도 무안군 몽탄면 법천길,,,2020-08-31
무안군,두레농장,한우,,157.0,전라남도 무안군 몽탄면 달산리,,,2020-08-31
무안군,두레축산,돼지,,1337.0,전라남도 무안군 현경면 원평산,,,2020-08-31
무안군,두리축산,한우,,19.0,전라남도 무안군 삼향읍 지산리,,,2020-08-31
무안군,두무동축산,한우,,9.0,전라남도 무안군 일로읍 구정길,,,2020-08-31
무안군,두안축산,한우,,6.0,전라남도 무안군 무안읍 성암리,,,2020-08-31
무안군,드림농장,한우,,45.0,전라남도 무안군 삼향읍 송죽길,,,2020-08-31
무안군,등림농장,육계,,,전라남도 무안군 일로읍 광암리,,,2020-08-31
무안군,등림축산,한우,,,전라남도 무안군 일로읍 광암리,,,2020-08-31
무안군,림축산,한우,,54.0,전라남도 무안군 삼향읍 맥포리,,,2020-08-31
무안군,림해축산,돼지,,,전라남도 무안군 청계면 해안로,,,2020-08-31
무안군,마루축산,한우,,72.0,전라남도 무안군 현경면 현화로,,,2020-08-31
무안군,마산농장,한우,,36.0,전라남도 무안군 현경면 마산길,,,2020-08-31
무안군,마산농장,한우,,32.0,전라남도 무안군 현경면 마산안,,,2020-08-31
무안군,마실농장,한우,,6.0,전라남도 무안군 해제면 해제지,,,2020-08-31
무안군,만리농장,한우,,5.0,전라남도 무안군 해제면 천장리,,,2020-08-31
무안군,만석농장,한우,,2.0,전라남도 무안군 해제면 만풍리,,,2020-08-31
무안군,만석농장,한우,,2.0,전라남도 무안군 몽탄면 사천리,,,2020-08-31
무안군,만석농장,한우,,,전라남도 무안군 망운면 압창길,,,2020-08-31
무안군,만석축산,한우,,,전라남도 무안군 몽탄면 대치로,,,2020-08-31
무안군,만수농장,한우,,,전라남도 무안군 운남면 신흥길,,,2020-08-31
무안군,만수농장,한우,,14.0,전라남도 무안군 삼향읍 용포리,,,2020-08-31
무안군,망월축사,한우,,19.0,전라남도 무안군 일로읍 망월리,,,2020-08-31
무안군,매당농장,한우,,,전라남도 무안군 해제면 창매리,,,2020-08-31
무안군,매당축산,한우,,11.0,전라남도 무안군 해제면 창매로,,,2020-08-31
무안군,매봉농장,육계,,,전라남도 무안군 일로읍 죽사동,,,2020-08-31
무안군,매봉축산,육계,,,전라남도 무안군 일로읍 죽사동,,,2020-08-31
무안군,매봉축산,한우,,120.0,전라남도 무안군 몽탄면 양장리,,,2020-08-31
무안군,매실농장,한우,,85.0,전라남도 무안군 현경면 해운리,,,2020-08-31
무안군,맥포농장,한우,,32.0,전라남도 무안군 삼향읍 죽림길,,,2020-08-31
무안군,맥포농장,한우,,291.0,전라남도 무안군 삼향읍 맥포리,,,2020-08-31
무안군,맹규농장,한우,,,전라남도 무안군 무안읍 매곡리,,,2020-08-31
무안군,명국농장,한우,,,전라남도 무안군 현경면 현화리,,,2020-08-31
무안군,명규농장,한우,,17.0,전라남도 무안군 무안읍 매곡리,,,2020-08-31
무안군,명균농장,한우,,,전라남도 무안군 청계면 남안리,,,2020-08-31
무안군,명산축산,한우,,175.0,전라남도 무안군 몽탄면 도산길,,,2020-08-31
무안군,명산축산,한우,,,전라남도 무안군 몽탄면 삼산로,,,2020-08-31
무안군,명수농장,염소,,,전라남도 무안군 운남면 내리,,,2020-08-31
무안군,명식농장,한우,,,전라남도 무안군 몽탄면 약곡리,,,2020-08-31
무안군,명심농장,한우,,6.0,전라남도 무안군 현경면 수양리,,,2020-08-31
무안군,명심축산,한우,,36.0,전라남도 무안군 망운면 송현리,,,2020-08-31
무안군,명자농장,한우,,67.0,전라남도 무안군 몽탄면 몽탄로,,,2020-08-31
무안군,명종농장,한우,,28.0,전라남도 무안군 일로읍 복룡리,,,2020-08-31
무안군,명지농장,돼지,,,전라남도 무안군 청계면 복길로,,,2020-08-31
무안군,명진축산,한우,,39.0,전라남도 무안군 해제면 용학리,,,2020-08-31
무안군,명진축산,한우,,50.0,전라남도 무안군 운남면 운남신,,,2020-08-31
무안군,명호농장,한우,,,전라남도 무안군 몽탄면 노송1,,,2020-08-31
무안군,명화축산,한우,,48.0,전라남도 무안군 몽탄면 구산리,,,2020-08-31
무안군,모노랜드,육계,,94000.0,전라남도 무안군 현경면 해운로,,,2020-08-31
무안군,모촌농장,한우,,,전라남도 무안군 현경면 모촌길,,,2020-08-31
무안군,모촌축산,한우,,49.0,전라남도 무안군 현경면 양학리,,,2020-08-31
무안군,목동축산,한우,,,전라남도 무안군 현경면 평산리,,,2020-08-31
무안군,목섬2농장,돼지,,3941.0,전라남도 무안군 운남면 화전길,,,2020-08-31
무안군,목섬농장,돼지,,1890.0,전라남도 무안군 운남면 동암리,,,2020-08-31
무안군,목포무안신안축산업협동조합,한우,,460.0,전라남도 무안군 무안읍 평월길,,,2020-08-31
무안군,목화농장,육계,,76000.0,전라남도 무안군 망운면 운해로,,,2020-08-31
무안군,몽강축산,한우,,18.0,전라남도 무안군 몽탄면 호반로,,,2020-08-31
무안군,몽길농장,한우,,233.0,전라남도 무안군 몽탄면 용뫼길,,,2020-08-31
무안군,몽길농장,한우,,165.0,전라남도 무안군 무안읍 용연길,,,2020-08-31
무안군,몽길농장,한우,,33.0,전라남도 무안군 몽탄면 몽탄로,,,2020-08-31
무안군,몽탄축산,한우,,26.0,전라남도 무안군 몽탄면 갈산안,,,2020-08-31
무안군,몽탄축산,한우,,24.0,전라남도 무안군 몽탄면 몽탄로,,,2020-08-31
무안군,몽탄축산,한우,,,전라남도 무안군 몽탄면 신창길,,,2020-08-31
무안군,무룡축산,한우,,33.0,전라남도 무안군 일로읍 무룡길,,,2020-08-31
무안군,무룡축산,한우,,86.0,전라남도 무안군 일로읍 무룡길,,,2020-08-31
무안군,무안SP센타,돼지,,90.0,전라남도 무안군 현경면 평산리,,,2020-08-31
무안군,무안사슴농장,사슴,,,전라남도 무안군 무안읍 창포로,,,2020-08-31
무안군,무안지혜팜,돼지,,3295.0,전라남도 무안군 운남면 영해로,,,2020-08-31
무안군,문간목장,한우,,45.0,전라남도 무안군 청계면 송복길,,,2020-08-31
무안군,문경목장,젖소,,132.0,전라남도 무안군 현경면 해운동,,,2020-08-31
무안군,문석농장,한우,,5.0,전라남도 무안군 무안읍 매곡리,,,2020-08-31
무안군,문성농장,한우,,,전라남도 무안군 몽탄면 봉명양,,,2020-08-31
무안군,문오농장,염소,,,전라남도 무안군 일로읍 복룡리,,,2020-08-31
무안군,문정농장,한우,,48.0,전라남도 무안군 몽탄면 몽탄로,,,2020-08-31
무안군,문주농장,한우,,29.0,전라남도 무안군 무안읍 무안로,,,2020-08-31
무안군,문헌농장,한우,,1.0,전라남도 무안군 몽탄면 양지촌,,,2020-08-31
무안군,미나축사,한우,,1.0,전라남도 무안군 몽탄면 우명길,,,2020-08-31
무안군,미래농장,한우,,27.0,전라남도 무안군 운남면 동암리,,,2020-08-31
무안군,미래농장,한우,,11.0,전라남도 무안군 청계면 서호로,,,2020-08-31
무안군,미래농장,한우,,13.0,전라남도 무안군 일로읍 등림길,,,2020-08-31
무안군,미숙농장,한우,,3.0,전라남도 무안군 무안읍 교촌리,,,2020-08-31
무안군,미아농장,한우,,6.0,전라남도 무안군 현경면 통정길,,,2020-08-31
무안군,미영농장,돼지,,1000.0,전라남도 무안군 운남면 운해로,,,2020-08-31
무안군,미영농장,한우,,31.0,전라남도 무안군 현경면 애북길,,,2020-08-31
무안군,민가농장,육계,,61000.0,전라남도 무안군 몽탄면 명산리,,,2020-08-31
무안군,민기축사,한우,,9.0,전라남도 무안군 해제면 현해로,,,2020-08-31
무안군,민서농장,한우,,,전라남도 무안군 일로읍 돈도리,,,2020-08-31
무안군,민연축산,한우,,70.0,전라남도 무안군 청계면 서호리,,,2020-08-31
무안군,민우축산,한우,,160.0,전라남도 무안군 현경면 팔방길,,,2020-08-31
무안군,민주농장,한우,,141.0,전라남도 무안군 무안읍 무안로,,,2020-08-31
무안군,민지농장,한우,,31.0,전라남도 무안군 무안읍 보평로,,,2020-08-31
무안군,민지농장,한우,,8.0,전라남도 무안군 현경면 모촌동,,,2020-08-31
무안군,믿음농장,한우,,,전라남도 무안군 현경면 마산안,,,2020-08-31
무안군,믿음축산,한우,,36.0,전라남도 무안군 일로읍 복룡리,,,2020-08-31
무안군,밀양농장,한우,,126.0,전라남도 무안군 몽탄면 삼산로,,,2020-08-31
무안군,밀양농장,한우,,,전라남도 무안군 몽탄면 도산길,,,2020-08-31
무안군,바다농장,한우,,6.0,전라남도 무안군 망운면 유종길,,,2020-08-31
무안군,바다농장,한우,,10.0,전라남도 무안군 해제면 창매로,,,2020-08-31
무안군,바다축산,한우,,26.0,전라남도 무안군 운남면 와우로,,,2020-08-31
무안군,바램 농장,육계,,,전라남도 무안군 해제면 양매리,,,2020-08-31
무안군,바솜농장,오리,,,전라남도 무안군 무안읍 신학리,,,2020-08-31
무안군,바우농장,한우,,,전라남도 무안군 청계면 동암길,,,2020-08-31
무안군,바우축산,한우,,7.0,전라남도 무안군 몽탄면 대치리,,,2020-08-31
무안군,박귀재농장,한우,,2.0,전라남도 무안군 무안읍 매곡리,,,2020-08-31
무안군,박실농장,한우,,,전라남도 무안군 몽탄면 약곡길,,,2020-08-31
무안군,방뫼축사,한우,,,전라남도 무안군 일로읍 방매길,,,2020-08-31
무안군,배룡농장,한우,,24.0,전라남도 무안군 일로읍 복룡리,,,2020-08-31
무안군,배진철농장,한우,,,전라남도 무안군 청계면 태봉길,,,2020-08-31
무안군,백동농장,한우,,5.0,전라남도 무안군 해제면 현해로,,,2020-08-31
무안군,백련농장,육계,,,전라남도 무안군 청계면 복길리,,,2020-08-31
무안군,백련축산,한우,,,전라남도 무안군 일로읍 인의로,,,2020-08-31
무안군,백양축산농장,한우,,55.0,전라남도 무안군 현경면 현화리,,,2020-08-31
무안군,번성농장,한우,,,전라남도 무안군 몽탄면 귀학길,,,2020-08-31
무안군,벌포농장,한우,,12.0,전라남도 무안군 청계면 서호정,,,2020-08-31
무안군,범조농장,한우,,1.0,전라남도 무안군 일로읍 의산리,,,2020-08-31
무안군,베베농장,한우,,45.0,전라남도 무안군 삼향읍 임성로,,,2020-08-31
무안군,베스트농장,한우,,29.0,전라남도 무안군 몽탄면 다산리,,,2020-08-31
무안군,병구농장,한우,,4.0,전라남도 무안군 일로읍 의산리,,,2020-08-31
무안군,병길축산,한우,,5.0,전라남도 무안군 일로읍 국사로,,,2020-08-31
무안군,병두농장,한우,,15.0,전라남도 무안군 일로읍 의산리,,,2020-08-31
무안군,병만농장,한우,,1.0,전라남도 무안군 삼향읍 용포리,,,2020-08-31
무안군,병석축산,한우,,6.0,전라남도 무안군 몽탄면 법천길,,,2020-08-31
무안군,병섭농장,한우,,2.0,전라남도 무안군 일로읍 월암리,,,2020-08-31
무안군,병수농장,한우,,12.0,전라남도 무안군 몽탄면 양장리,,,2020-08-31
무안군,병식축산,한우,,5.0,전라남도 무안군 무안읍 평월길,,,2020-08-31
무안군,병옥농장,한우,,1.0,전라남도 무안군 삼향읍 유교리,,,2020-08-31
무안군,병일농장,한우,,5.0,전라남도 무안군 일로읍 의산리,,,2020-08-31
무안군,병조농장,한우,,,전라남도 무안군 무안읍 성암리,,,2020-08-31
무안군,병환농장,한우,,,전라남도 무안군 삼향읍 용포리,,,2020-08-31
무안군,보람농장,한우,,10.0,전라남도 무안군 몽탄면 사내길,,,2020-08-31
무안군,보람농장,한우,,13.0,전라남도 무안군 무안읍 교촌리,,,2020-08-31
무안군,보림농장,한우,,105.0,전라남도 무안군 몽탄면 신학동,,,2020-08-31
무안군,보림축산,한우,,20.0,전라남도 무안군 망운면 피서리,,,2020-08-31
무안군,보배농장,한우,,43.0,전라남도 무안군 몽탄면 명산리,,,2020-08-31
무안군,보은농장,한우,,36.0,전라남도 무안군 일로읍 청호리,,,2020-08-31
무안군,보인농장,한우,,,전라남도 무안군 일로읍 비로길,,,2020-08-31
무안군,보평농장,한우,,5.0,전라남도 무안군 무안읍 보평로,,,2020-08-31
무안군,복길 흑염소 농장,산양,,,전라남도 무안군 청계면 복길로,,,2020-08-31
무안군,복남이보리농장,한우,,58.0,전라남도 무안군 일로읍 감돈리,,,2020-08-31
무안군,복룡농장,돼지,,802.0,전라남도 무안군 삼향읍 복룡길,,,2020-08-31
무안군,복룡농장,한우,,,전라남도 무안군 청계면 복룡리,,,2020-08-31
무안군,복룡농축산,한우,,34.0,전라남도 무안군 일로읍 백련로,,,2020-08-31
무안군,복룡목장,한우,,9.0,전라남도 무안군 일로읍 백련로,,,2020-08-31
무안군,복룡축산,한우,,199.0,전라남도 무안군 청계면 복룡리,,,2020-08-31
무안군,복산위탁,한우,,,전라남도 무안군 일로읍 백련로,,,2020-08-31
무안군,복산위탁합명회사,한우,,1.0,전라남도 무안군 일로읍 복룡리,,,2020-08-31
무안군,복수농장,한우,,12.0,전라남도 무안군 무안읍 보평로,,,2020-08-31
무안군,복용농장,한우,,9.0,전라남도 무안군 일로읍 회룡길,,,2020-08-31
무안군,복용농장,한우,,,전라남도 무안군 청계면 강정길,,,2020-08-31
무안군,복용농장,한우,,31.0,전라남도 무안군 무안읍 무안복,,,2020-08-31
무안군,복용축산,한우,,199.0,전라남도 무안군 청계면 청운로,,,2020-08-31
무안군,복용축산,한우,,,전라남도 무안군 일로읍 복룡리,,,2020-08-31
무안군,복용축산업,한우,,11.0,전라남도 무안군 삼향읍 지산리,,,2020-08-31
무안군,복현농장,한우,,2.0,전라남도 무안군 일로읍 용산리,,,2020-08-31
무안군,복희농장,한우,,47.0,전라남도 무안군 몽탄면 당호리,,,2020-08-31
무안군,복희농장,한우,,43.0,전라남도 무안군 몽탄면 사내길,,,2020-08-31
무안군,본고절농장,한우,,,전라남도 무안군 무안읍 고절길,,,2020-08-31
무안군,봉담농장,한우,,18.0,전라남도 무안군 망운면 피서리,,,2020-08-31
무안군,봉명농장,한우,,74.0,전라남도 무안군 몽탄면 봉명리,,,2020-08-31
무안군,봉명농장,한우,,43.0,전라남도 무안군 몽탄면 봉명양,,,2020-08-31
무안군,봉산농장,돼지,,1564.0,전라남도 무안군 몽탄면 봉산길,,,2020-08-31
무안군,봉산농장,한우,,14.0,전라남도 무안군 몽탄면 봉산길,,,2020-08-31
무안군,봉석농장,한우,,26.0,전라남도 무안군 망운면 용교길,,,2020-08-31
무안군,봉암농장,한우,,1.0,전라남도 무안군 몽탄면 봉암길,,,2020-08-31
무안군,봉암농장,한우,,25.0,전라남도 무안군 몽탄면 대치로,,,2020-08-31
무안군,봉암축산,한우,,3.0,전라남도 무안군 몽탄면 봉암길,,,2020-08-31
무안군,봉축산,한우,,45.0,전라남도 무안군 일로읍 인동길,,,2020-08-31
무안군,부부농장,육계,,70400.0,전라남도 무안군 일로읍 인의로,,,2020-08-31
무안군,부부농장,한우,,29.0,전라남도 무안군 무안읍 교촌길,,,2020-08-31
무안군,부영농장,돼지,,6828.0,전라남도 무안군 망운면 동목장,,,2020-08-31
무안군,부영축산,한우,,12.0,전라남도 무안군 몽탄면 양장길,,,2020-08-31
무안군,부자농장,한우,,55.0,전라남도 무안군 몽탄면 대치로,,,2020-08-31
무안군,부흥농장,한우,,,전라남도 무안군 일로읍 월암리,,,2020-08-31
무안군,부흥농장,한우,,11.0,전라남도 무안군 일로읍 문화로,,,2020-08-31
무안군,분무골농장,한우,,6.0,전라남도 무안군 청계면 상마리,,,2020-08-31
무안군,분이농장,돼지,,1321.0,전라남도 무안군 운남면 저동길,,,2020-08-31
무안군,비로촌농장,한우,,14.0,전라남도 무안군 일로읍 비로길,,,2020-08-31
무안군,빛과 한우,한우,,80.0,전라남도 무안군 일로읍 청포로,,,2020-08-31
무안군,뿌리농장,한우,,,전라남도 무안군 해제면 석룡리,,,2020-08-31
무안군,사계절농장,육계,,,전라남도 무안군 삼향읍 오룡산,,,2020-08-31
무안군,사계절농장,한우,,113.0,전라남도 무안군 몽탄면 옥반길,,,2020-08-31
무안군,사교축산,한우,,5.0,전라남도 무안군 일로읍 백련로,,,2020-08-31
무안군,사내농장,한우,,,전라남도 무안군 몽탄면 노송1,,,2020-08-31
무안군,사내농장,한우,,2.0,전라남도 무안군 몽탄면 사내길,,,2020-08-31
무안군,사또테마 흑염소농장,염소,,,전라남도 무안군 일로읍 구정길,,,2020-08-31
무안군,사랑 농장,한우,,4.0,전라남도 무안군 망운면 조금나,,,2020-08-31
무안군,사창축산,한우,,15.0,전라남도 무안군 몽탄면 우명길,,,2020-08-31
무안군,사천농장,한우,,7.0,전라남도 무안군 몽탄면 몽탄로,,,2020-08-31
무안군,사천농장,한우,,74.0,전라남도 무안군 몽탄면 사내길,,,2020-08-31
무안군,사천농장,한우,,24.0,전라남도 무안군 몽탄면 사내길,,,2020-08-31
무안군,사천농장,한우,,5.0,전라남도 무안군 몽탄면 사내길,,,2020-08-31
무안군,사천리축산,한우,,31.0,전라남도 무안군 몽탄면 사내길,,,2020-08-31
무안군,사천축산,한우,,23.0,전라남도 무안군 몽탄면 사내길,,,2020-08-31
무안군,산내골농장,돼지,,2838.0,전라남도 무안군 삼향읍 송죽길,,,2020-08-31
무안군,산수농장,육우,,,전라남도 무안군 일로읍 삼일로,,,2020-08-31
무안군,산수농장,한우,,26.0,전라남도 무안군 몽탄면 법천길,,,2020-08-31
무안군,산옥농장,한우,,13.0,전라남도 무안군 삼향읍 맥포리,,,2020-08-31
무안군,산울농원,오리,,22000.0,전라남도 무안군 현경면 황토길,,,2020-08-31
무안군,산음농장,한우,,,전라남도 무안군 몽탄면 학사길,,,2020-08-31
무안군,산정농장,한우,,,전라남도 무안군 일로읍 백련로,,,2020-08-31
무안군,삼민농장,한우,,147.0,전라남도 무안군 청계면 복길리,,,2020-08-31
무안군,삼민농장,돼지,,1958.0,전라남도 무안군 몽탄면 양장길,,,2020-08-31
무안군,삼일농장,한우,,11.0,전라남도 무안군 삼향읍 용포리,,,2020-08-31
무안군,삼호농장,한우,,4.0,전라남도 무안군 현경면 외반리,,,2020-08-31
무안군,삼호축산농장,돼지,,1390.0,전라남도 무안군 운남면 영해로,,,2020-08-31
무안군,상곡농장,한우,,,전라남도 무안군 청계면 상마길,,,2020-08-31
무안군,상기축산,한우,,18.0,전라남도 무안군 해제면 송석리,,,2020-08-31
무안군,상길농장,한우,,8.0,전라남도 무안군 일로읍 백련로,,,2020-08-31
무안군,상길농장,한우,,17.0,전라남도 무안군 몽탄면 학사길,,,2020-08-31
무안군,상록수농장,한우,,16.0,전라남도 무안군 해제면 창매리,,,2020-08-31
무안군,상록수농장,한우,,16.0,전라남도 무안군 해제면 매안2,,,2020-08-31
무안군,상모농장,한우,,3.0,전라남도 무안군 현경면 해운리,,,2020-08-31
무안군,상문농장,한우,,5.0,전라남도 무안군 몽탄면 신학동,,,2020-08-31
무안군,상보농장,한우,,5.0,전라남도 무안군 삼향읍 죽림길,,,2020-08-31
무안군,상봉농장,한우,,21.0,전라남도 무안군 무안읍 교촌리,,,2020-08-31
무안군,상봉한우,한우,,10.0,전라남도 무안군 무안읍 상봉길,,,2020-08-31
무안군,상빈농장,한우,,38.0,전라남도 무안군 몽탄면 양장길,,,2020-08-31
무안군,상섭농장,한우,,4.0,전라남도 무안군 몽탄면 몽탄로,,,2020-08-31
무안군,상순농장,한우,,20.0,전라남도 무안군 무안읍 용월리,,,2020-08-31
무안군,상순농장,한우,,25.0,전라남도 무안군 몽탄면 호동길,,,2020-08-31
무안군,상아농장,한우,,,전라남도 무안군 삼향읍 용포리,,,2020-08-31
무안군,상열,한우,,8.0,전라남도 무안군 일로읍 감돈리,,,2020-08-31
무안군,상용농장,한우,,23.0,전라남도 무안군 해제면 산길리,,,2020-08-31
무안군,상일축사,한우,,,전라남도 무안군 일로읍 감돈리,,,2020-08-31
무안군,상일축사,육계,,37000.0,전라남도 무안군 일로읍 감돈리,,,2020-08-31
무안군,상일축산,한우,,6.0,전라남도 무안군 몽탄면 양장리,,,2020-08-31
무안군,상임농장,한우,,35.0,전라남도 무안군 현경면 수양리,,,2020-08-31
무안군,상진농장,한우,,4.0,전라남도 무안군 해제면 광산리,,,2020-08-31
무안군,상현축산,한우,,40.0,전라남도 무안군 몽탄면 법천길,,,2020-08-31
무안군,상호농장,한우,,38.0,전라남도 무안군 현경면 현화리,,,2020-08-31
무안군,상호축산,한우,,79.0,전라남도 무안군 청계면 송복길,,,2020-08-31
무안군,상화농장,한우,,7.0,전라남도 무안군 청계면 태봉길,,,2020-08-31
무안군,상훈농장,오리,,,전라남도 무안군 현경면 장군로,,,2020-08-31
무안군,상훈농장,한우,,4.0,전라남도 무안군 청계면 청천리,,,2020-08-31
무안군,상훈축산,한우,,23.0,전라남도 무안군 몽탄면 도산길,,,2020-08-31
무안군,새린농장,한우,,38.0,전라남도 무안군 삼향읍 맥포리,,,2020-08-31
무안군,새빛목장,한우,,,전라남도 무안군 현경면 고인돌,,,2020-08-31
무안군,새순농장,돼지,,4613.0,전라남도 무안군 운남면 영해로,,,2020-08-31
무안군,새순농장,한우,,108.0,전라남도 무안군 무안읍 창포로,,,2020-08-31
무안군,새참농장,한우,,57.0,전라남도 무안군 해제면 배나무,,,2020-08-31
무안군,새참농장,한우,,57.0,전라남도 무안군 현경면 가입리,,,2020-08-31
무안군,새터축산,한우,,36.0,전라남도 무안군 일로읍 구정길,,,2020-08-31
무안군,새한농장,돼지,,4004.0,전라남도 무안군 청계면 독골길,,,2020-08-31
무안군,새희망,돼지,,5.0,전라남도 무안군 삼향읍 죽림길,,,2020-08-31
무안군,샘골농장,한우,,,전라남도 무안군 일로읍 삼일로,,,2020-08-31
무안군,샘물목장,한우,,28.0,전라남도 무안군 현경면 황토길,,,2020-08-31
무안군,샛별농장,육계,,80000.0,전라남도 무안군 삼향읍 맥포리,,,2020-08-31
무안군,샛별농장,한우,,33.0,전라남도 무안군 무안읍 교촌리,,,2020-08-31
무안군,샛별축산,한우,,2.0,전라남도 무안군 해제면 산길리,,,2020-08-31
무안군,샤론농장,한우,,55.0,전라남도 무안군 운남면 동암리,,,2020-08-31
무안군,샤론농장,한우,,13.0,전라남도 무안군 청계면 복길리,,,2020-08-31
무안군,서나라농장,한우,,58.0,전라남도 무안군 일로읍 국사로,,,2020-08-31
무안군,서남농산,한우,,1.0,전라남도 무안군 해제면 현해로,,,2020-08-31
무안군,서남농장,한우,,25.0,전라남도 무안군 무안읍 창포로,,,2020-08-31
무안군,서당농장,한우,,30.0,전라남도 무안군 일로읍 감돈길,,,2020-08-31
무안군,서당농장,돼지,,1268.0,전라남도 무안군 일로읍 감돈길,,,2020-08-31
무안군,서산팜스,한우,,75.0,전라남도 무안군 현경면 모촌동,,,2020-08-31
무안군,서산팜스,한우,,,전라남도 무안군 현경면 모촌길,,,2020-08-31
무안군,서영농장,한우,,34.0,전라남도 무안군 망운면 운해로,,,2020-08-31
무안군,서영축산,육계,,62500.0,전라남도 무안군 망운면 운해로,,,2020-08-31
무안군,서원농장,오리,,10500.0,전라남도 무안군 일로읍 복룡리,,,2020-08-31
무안군,서원농장,한우,,,전라남도 무안군 몽탄면 남천안,,,2020-08-31
무안군,서윤농장,한우,,8.0,전라남도 무안군 삼향읍 국사로,,,2020-08-31
무안군,서정길농장,한우,,7.0,전라남도 무안군 일로읍 감돈길,,,2020-08-31
무안군,서해농장,한우,,55.0,전라남도 무안군 몽탄면 사옥길,,,2020-08-31
무안군,서해안 농장,한우,,43.0,전라남도 무안군 무안읍 실학실,,,2020-08-31
무안군,서호농장,한우,,29.0,전라남도 무안군 청계면 서호리,,,2020-08-31
무안군,서호축산,한우,,,전라남도 무안군 청계면 서호정,,,2020-08-31
무안군,서희농장,한우,,7.0,전라남도 무안군 해제면 용학리,,,2020-08-31
무안군,석광농장,한우,,11.0,전라남도 무안군 현경면 가입리,,,2020-08-31
무안군,석보농장,한우,,,전라남도 무안군 청계면 태봉길,,,2020-08-31
무안군,석산농장,한우,,,전라남도 무안군 몽탄면 법천길,,,2020-08-31
무안군,석산농장,한우,,1.0,전라남도 무안군 해제면 석룡리,,,2020-08-31
무안군,석영농장,한우,,16.0,전라남도 무안군 청계면 강정길,,,2020-08-31
무안군,석윤농장,한우,,33.0,전라남도 무안군 무안읍 본고절,,,2020-08-31
무안군,석주농장,한우,,,전라남도 무안군 몽탄면 신창길,,,2020-08-31
무안군,석진농장,한우,,,전라남도 무안군 현경면 당두길,,,2020-08-31
무안군,석포축사,한우,,15.0,전라남도 무안군 해제면 봉대로,,,2020-08-31
무안군,선경농장,한우,,86.0,전라남도 무안군 현경면 현남길,,,2020-08-31
무안군,선대농장,한우,,29.0,전라남도 무안군 운남면 용동길,,,2020-08-31
무안군,선돌농장,한우,,,전라남도 무안군 해제면 만송로,,,2020-08-31
무안군,선돌축산,한우,,25.0,전라남도 무안군 일로읍 선돌길,,,2020-08-31
무안군,선우농장,한우,,94.0,전라남도 무안군 청계면 송현리,,,2020-08-31
무안군,선우농장,한우,,92.0,전라남도 무안군 청계면 도대로,,,2020-08-31
무안군,선진목장,한우,,15.0,전라남도 무안군 무안읍 본고절,,,2020-08-31
무안군,선축산,한우,,29.0,전라남도 무안군 일로읍 선돌길,,,2020-08-31
무안군,선홍농장,한우,,127.0,전라남도 무안군 무안읍 창포로,,,2020-08-31
무안군,성규축산,한우,,6.0,전라남도 무안군 몽탄면 화산길,,,2020-08-31
무안군,성기축산,한우,,,전라남도 무안군 몽탄면 구산리,,,2020-08-31
무안군,성남농장,한우,,14.0,전라남도 무안군 일로읍 덕정길,,,2020-08-31
무안군,성내농장,돼지,,1962.0,전라남도 무안군 운남면 영해로,,,2020-08-31
무안군,성덕축산,한우,,16.0,전라남도 무안군 청계면 문화로,,,2020-08-31
무안군,성돌농장,한우,,83.0,전라남도 무안군 일로읍 선돌길,,,2020-08-31
무안군,성무목장,한우,,148.0,전라남도 무안군 청계면 서호리,,,2020-08-31
무안군,성민농장,한우,,,전라남도 무안군 몽탄면 법천길,,,2020-08-31
무안군,성신농장,한우,,5.0,전라남도 무안군 일로읍 회룡길,,,2020-08-31
무안군,성실농장,한우,,9.0,전라남도 무안군 일로읍 국사로,,,2020-08-31
무안군,성아영농조합법인,돼지,,,전라남도 무안군 청계면 청운로,,,2020-08-31
무안군,성안농장,한우,,14.0,전라남도 무안군 몽탄면 청용리,,,2020-08-31
무안군,성암목장,한우,,,전라남도 무안군 무안읍 용연길,,,2020-08-31
무안군,성오축산,한우,,,전라남도 무안군 몽탄면 도산길,,,2020-08-31
무안군,성오축산영농조합법인,돼지,,3628.0,전라남도 무안군 일로읍 복룡리,,,2020-08-31
무안군,성용축산,한우,,,전라남도 무안군 현경면 오류길,,,2020-08-31
무안군,성욱목장,한우,,32.0,전라남도 무안군 무안읍 본고절,,,2020-08-31
무안군,성욱목장,한우,,159.0,전라남도 무안군 현경면 동산리,,,2020-08-31
무안군,성운농장,한우,,16.0,전라남도 무안군 청계면 청계리,,,2020-08-31
무안군,성운목장,젖소,,193.0,전라남도 무안군 현경면 윗마실,,,2020-08-31
무안군,성원축산,돼지,,3308.0,전라남도 무안군 청계면 해안로,,,2020-08-31
무안군,성인농장,한우,,32.0,전라남도 무안군 삼향읍 왕산리,,,2020-08-31
무안군,성일농장,한우,,,전라남도 무안군 몽탄면 법천길,,,2020-08-31
무안군,성일농장,한우,,2.0,전라남도 무안군 망운면 서목장,,,2020-08-31
무안군,성일농장,한우,,12.0,전라남도 무안군 현경면 조암길,,,2020-08-31
무안군,성일농장,한우,,3.0,전라남도 무안군 현경면 동산리,,,2020-08-31
무안군,성일축산 영농조합법인,돼지,,1694.0,전라남도 무안군 일로읍 백련로,,,2020-08-31
무안군,성자 농장,한우,,40.0,전라남도 무안군 현경면 수양촌,,,2020-08-31
무안군,성적골농장,한우,,30.0,전라남도 무안군 몽탄면 약곡리,,,2020-08-31
무안군,성준농장,한우,,19.0,전라남도 무안군 해제면 용학리,,,2020-08-31
무안군,성진농장,한우,,,전라남도 무안군 몽탄면 대치리,,,2020-08-31
무안군,성진농장,한우,,52.0,전라남도 무안군 망운면 목서리,,,2020-08-31
무안군,성찬농장,한우,,,전라남도 무안군 일로읍 감돈길,,,2020-08-31
무안군,성창축산,한우,,3.0,전라남도 무안군 삼향읍 왕산리,,,2020-08-31
무안군,성철농장,한우,,,전라남도 무안군 일로읍 감돈리,,,2020-08-31
무안군,성철농장,한우,,6.0,전라남도 무안군 일로읍 감돈리,,,2020-08-31
무안군,성춘농장,한우,,8.0,전라남도 무안군 일로읍 감돈리,,,2020-08-31
무안군,성포농장,한우,,48.0,전라남도 무안군 해제면 현해로,,,2020-08-31
무안군,성하농장,한우,,54.0,전라남도 무안군 무안읍 본고절,,,2020-08-31
무안군,성하농장,오리,,16300.0,전라남도 무안군 현경면 팔방길,,,2020-08-31
무안군,성한농장,한우,,43.0,전라남도 무안군 현경면 마산길,,,2020-08-31
무안군,성혁농장,돼지,,,전라남도 무안군 운남면 신월로,,,2020-08-31
무안군,성호농장,한우,,30.0,전라남도 무안군 일로읍 광암리,,,2020-08-31
무안군,성호농장,한우,,,전라남도 무안군 무안읍 상사지,,,2020-08-31
무안군,성화축산,한우,,34.0,전라남도 무안군 일로읍 국사로,,,2020-08-31
무안군,성환농장,한우,,,전라남도 무안군 청계면 청계리,,,2020-08-31
무안군,성훈농장,한우,,68.0,전라남도 무안군 청계면 상마리,,,2020-08-31
무안군,성흠농장,한우,,6.0,전라남도 무안군 망운면 목서리,,,2020-08-31
무안군,성희농장,한우,,100.0,전라남도 무안군 청계면 도대로,,,2020-08-31
무안군,세문축산,한우,,28.0,전라남도 무안군 일로읍 복룡리,,,2020-08-31
무안군,세은농장,한우,,13.0,전라남도 무안군 현경면 마산리,,,2020-08-31
무안군,세정농장,한우,,,전라남도 무안군 현경면 망운로,,,2020-08-31
무안군,세준농장,한우,,,전라남도 무안군 망운면 피서길,,,2020-08-31
무안군,소망농장,한우,,40.0,전라남도 무안군 현경면 해운동,,,2020-08-31
무안군,소연축산,한우,,3.0,전라남도 무안군 해제면 현해로,,,2020-08-31
무안군,소원농장,한우,,46.0,전라남도 무안군 무안읍 매곡리,,,2020-08-31
무안군,소지농장,돼지,,,전라남도 무안군 일로읍 일로로,,,2020-08-31
무안군,소진농장,한우,,17.0,전라남도 무안군 청계면 남성리,,,2020-08-31
무안군,소쿠리농장,한우,,31.0,전라남도 무안군 청계면 도림리,,,2020-08-31
무안군,소하천축산,한우,,20.0,전라남도 무안군 몽탄면 법천길,,,2020-08-31
무안군,솔뫼농장,한우,,,전라남도 무안군 삼향읍 송죽길,,,2020-08-31
무안군,송가네농장,한우,,11.0,전라남도 무안군 몽탄면 봉명리,,,2020-08-31
무안군,송림축산,한우,,164.0,전라남도 무안군 몽탄면 달산리,,,2020-08-31
무안군,송배농장,한우,,163.0,전라남도 무안군 일로읍 백련로,,,2020-08-31
무안군,송부농장,한우,,4.0,전라남도 무안군 청계면 청계리,,,2020-08-31
무안군,송산농장,한우,,34.0,전라남도 무안군 삼향읍 맥포리,,,2020-08-31
무안군,송산축산,한우,,64.0,전라남도 무안군 삼향읍 송산길,,,2020-08-31
무안군,송암축산,한우,,31.0,전라남도 무안군 일로읍 솔바위,,,2020-08-31
무안군,송이농장,한우,,58.0,전라남도 무안군 망운면 피서길,,,2020-08-31
무안군,송전농장,돼지,,1145.0,전라남도 무안군 삼향읍 삼일로,,,2020-08-31
무안군,송정오리농장,오리,,14400.0,전라남도 무안군 현경면 송정리,,,2020-08-31
무안군,송현농장,한우,,5.0,전라남도 무안군 망운면 송현리,,,2020-08-31
무안군,송현농장,한우,,53.0,전라남도 무안군 청계면 솔치길,,,2020-08-31
무안군,송현축사,한우,,175.0,전라남도 무안군 청계면 솔치길,,,2020-08-31
무안군,송현축산,한우,,2.0,전라남도 무안군 망운면 조금나,,,2020-08-31
무안군,송현축산,한우,,,전라남도 무안군 망운면 송현리,,,2020-08-31
무안군,송호목장,젖소,,79.0,전라남도 무안군 운남면 운해로,,,2020-08-31
무안군,송희목장,한우,,38.0,전라남도 무안군 무안읍 창포로,,,2020-08-31
무안군,쇠똥구리 농장,한우,,234.0,전라남도 무안군 몽탄면 몽탄로,,,2020-08-31
무안군,수광농장,한우,,65.0,전라남도 무안군 현경면 황토길,,,2020-08-31
무안군,수농장,한우,,62.0,전라남도 무안군 몽탄면 사내길,,,2020-08-31
무안군,수반농수산영농조합법인,한우,,,전라남도 무안군 망운면 압창길,,,2020-08-31
무안군,수반농장,오리,,14000.0,전라남도 무안군 무안읍 매곡리,,,2020-08-31
무안군,수빈은성농장,한우,,46.0,전라남도 무안군 몽탄면 법천길,,,2020-08-31
무안군,수성농장,한우,,6.0,전라남도 무안군 몽탄면 인평길,,,2020-08-31
무안군,수암농장,육계,,175500.0,전라남도 무안군 현경면 가입리,,,2020-08-31
무안군,수암농장,한우,,18.0,전라남도 무안군 해제면 현해로,,,2020-08-31
무안군,수양농장,한우,,,전라남도 무안군 현경면 수양촌,,,2020-08-31
무안군,수양촌농장,염소,,,전라남도 무안군 현경면 석북길,,,2020-08-31
무안군,수양축산,한우,,,전라남도 무안군 현경면 팔방길,,,2020-08-31
무안군,수연농장,한우,,,전라남도 무안군 몽탄면 사천리,,,2020-08-31
무안군,수영농장,염소,,,전라남도 무안군 현경면 봉월로,,,2020-08-31
무안군,수월농장,오리,,28000.0,전라남도 무안군 망운면 피서리,,,2020-08-31
무안군,수인목장,한우,,,전라남도 무안군 운남면 영해로,,,2020-08-31
무안군,수정목장,한우,,9.0,전라남도 무안군 청계면 월선안,,,2020-08-31
무안군,수정축산,한우,,50.0,전라남도 무안군 삼향읍 용포리,,,2020-08-31
무안군,수천농장,한우,,39.0,전라남도 무안군 몽탄면 다산리,,,2020-08-31
무안군,수환농장,한우,,98.0,전라남도 무안군 몽탄면 원구산,,,2020-08-31
무안군,숙경농장,한우,,12.0,전라남도 무안군 일로읍 감돈리,,,2020-08-31
무안군,숙희농장,한우,,151.0,전라남도 무안군 몽탄면 도산길,,,2020-08-31
무안군,순만농장,한우,,4.0,전라남도 무안군 청계면 월선리,,,2020-08-31
무안군,순옥농장,한우,,,전라남도 무안군 몽탄면 법천길,,,2020-08-31
무안군,순일농장,한우,,,전라남도 무안군 운남면 동암리,,,2020-08-31
무안군,순자축산,한우,,20.0,전라남도 무안군 현경면 마산길,,,2020-08-31
무안군,순정농장,한우,,12.0,전라남도 무안군 삼향읍 지산리,,,2020-08-31
무안군,순창 농장,한우,,5.0,전라남도 무안군 현경면 용정리,,,2020-08-31
무안군,순천목장,한우,,100.0,전라남도 무안군 현경면 함장로,,,2020-08-31
무안군,승관농장,한우,,,전라남도 무안군 해제면 용학리,,,2020-08-31
무안군,승남축산,한우,,,전라남도 무안군 운남면 신흥길,,,2020-08-31
무안군,승달농장,한우,,24.0,전라남도 무안군 몽탄면 죽전길,,,2020-08-31
무안군,승달농장,한우,,105.0,전라남도 무안군 몽탄면 법천길,,,2020-08-31
무안군,승달목장,한우,,73.0,전라남도 무안군 몽탄면 법천길,,,2020-08-31
무안군,승리농장,한우,,37.0,전라남도 무안군 몽탄면 약곡길,,,2020-08-31
무안군,승리농장,한우,,36.0,전라남도 무안군 몽탄면 약곡길,,,2020-08-31
무안군,승미축사,한우,,20.0,전라남도 무안군 운남면 성내리,,,2020-08-31
무안군,승민농장,한우,,32.0,전라남도 무안군 현경면 현해로,,,2020-08-31
무안군,승부축산,한우,,2.0,전라남도 무안군 몽탄면 당호리,,,2020-08-31
무안군,승용농장,한우,,,전라남도 무안군 몽탄면 봉산리,,,2020-08-31
무안군,승우농장,한우,,33.0,전라남도 무안군 무안읍 보평로,,,2020-08-31
무안군,승윤농장,한우,,,전라남도 무안군 무안읍 대곡길,,,2020-08-31
무안군,승전축산,한우,,9.0,전라남도 무안군 해제면 봉대로,,,2020-08-31
무안군,승준농장,한우,,,전라남도 무안군 무안읍 무안용,,,2020-08-31
무안군,승준축산,한우,,53.0,전라남도 무안군 운남면 영해로,,,2020-08-31
무안군,승지축산,돼지,,8878.0,전라남도 무안군 현경면 현해로,,,2020-08-31
무안군,승진농장,한우,,6.0,전라남도 무안군 일로읍 지장리,,,2020-08-31
무안군,승태농장,한우,,5.0,전라남도 무안군 몽탄면 귀학길,,,2020-08-31
무안군,승호농장,한우,,1.0,전라남도 무안군 삼향읍 진등길,,,2020-08-31
무안군,승호농장,한우,,21.0,전라남도 무안군 일로읍 감돈길,,,2020-08-31
무안군,승화농장,육계,,50000.0,전라남도 무안군 일로읍 삼일로,,,2020-08-31
무안군,승환농장,염소,,,전라남도 무안군 망운면 장재길,,,2020-08-31
무안군,시규농장,한우,,,전라남도 무안군 해제면 만풍리,,,2020-08-31
무안군,시온농장,한우,,11.0,전라남도 무안군 삼향읍 진등길,,,2020-08-31
무안군,시원축산,한우,,12.0,전라남도 무안군 망운면 서목장,,,2020-08-31
무안군,신광축산,한우,,23.0,전라남도 무안군 해제면 현해로,,,2020-08-31
무안군,신기농장,한우,,,전라남도 무안군 청계면 청계신,,,2020-08-31
무안군,신기축사,한우,,6.0,전라남도 무안군 현경면 마산길,,,2020-08-31
무안군,신록농장,한우,,,전라남도 무안군 삼향읍 지산리,,,2020-08-31
무안군,신석농장,한우,,2.0,전라남도 무안군 삼향읍 용포리,,,2020-08-31
무안군,신성농장,돼지,,1040.0,전라남도 무안군 운남면 영해로,,,2020-08-31
무안군,신성농장,한우,,28.0,전라남도 무안군 무안읍 보평로,,,2020-08-31
무안군,신안축산,한우,,28.0,전라남도 무안군 무안읍 신학리,,,2020-08-31
무안군,신월농장,돼지,,1985.0,전라남도 무안군 운남면 신월로,,,2020-08-31
무안군,신월농장,한우,,3.0,전라남도 무안군 해제면 양월리,,,2020-08-31
무안군,신일농장,육계,,70200.0,전라남도 무안군 현경면 지망길,,,2020-08-31
무안군,신재농장,오리,,,전라남도 무안군 무안읍 몽탄로,,,2020-08-31
무안군,신정농장,한우,,49.0,전라남도 무안군 해제면 신정리,,,2020-08-31
무안군,신정축산,한우,,19.0,전라남도 무안군 해제면 해제신,,,2020-08-31
무안군,신촌농장,육계,,35000.0,전라남도 무안군 망운면 신촌길,,,2020-08-31
무안군,신촌신흥농장,한우,,4.0,전라남도 무안군 해제면 해제지,,,2020-08-31
무안군,신현축산,한우,,12.0,전라남도 무안군 해제면 광산리,,,2020-08-31
무안군,신호농장,한우,,,전라남도 무안군 일로읍 용산리,,,2020-08-31
무안군,신흥농장,오리,,,전라남도 무안군 몽탄면 신흥동,,,2020-08-31
무안군,신흥농장,오리,,,전라남도 무안군 몽탄면 당호리,,,2020-08-31
무안군,신흥농장,한우,,4.0,전라남도 무안군 일로읍 백련로,,,2020-08-31
무안군,신흥목장,한우,,36.0,전라남도 무안군 몽탄면 당호리,,,2020-08-31
무안군,신흥축산,한우,,,전라남도 무안군 일로읍 상신기,,,2020-08-31
무안군,쌍둥이농장,한우,,25.0,전라남도 무안군 몽탄면 봉명리,,,2020-08-31
무안군,아람농장,한우,,,전라남도 무안군 청계면 복길1,,,2020-08-31
무안군,아름농장,한우,,8.0,전라남도 무안군 무안읍 용월리,,,2020-08-31
무안군,아름농장,한우,,20.0,전라남도 무안군 현경면 평산리,,,2020-08-31
무안군,아리농장,육계,,38500.0,전라남도 무안군 몽탄면 당호리,,,2020-08-31
무안군,아벨농장,한우,,34.0,전라남도 무안군 해제면 용학리,,,2020-08-31
무안군,아시레농장,산양,,,전라남도 무안군 해제면 동학길,,,2020-08-31
무안군,아영축산,육우,,,전라남도 무안군 현경면 외현화,,,2020-08-31
무안군,아주농장,한우,,87.0,전라남도 무안군 몽탄면 법천길,,,2020-08-31
무안군,안성농장,한우,,37.0,전라남도 무안군 현경면 마산길,,,2020-08-31
무안군,안성축산,한우,,16.0,전라남도 무안군 해제면 신정리,,,2020-08-31
무안군,압창축산,한우,,2.0,전라남도 무안군 망운면 압창길,,,2020-08-31
무안군,야곱농장,오리,,12000.0,전라남도 무안군 현경면 장군로,,,2020-08-31
무안군,야곱의목장,한우,,,전라남도 무안군 현경면 황토길,,,2020-08-31
무안군,야곱축산,돼지,,,전라남도 무안군 삼향읍 맥포리,,,2020-08-31
무안군,야무진 영농조합법인 한우농장,한우,,,전라남도 무안군 해제면 광천길,,,2020-08-31
무안군,야호축산,한우,,5.0,전라남도 무안군 현경면 현시길,,,2020-08-31
무안군,약곡농장,한우,,,전라남도 무안군 무안읍 면주길,,,2020-08-31
무안군,약곡농장,한우,,17.0,전라남도 무안군 몽탄면 약곡리,,,2020-08-31
무안군,약산흑염소농장,염소,,,전라남도 무안군 무안읍 보평로,,,2020-08-31
무안군,약실농장,한우,,13.0,전라남도 무안군 몽탄면 약곡길,,,2020-08-31
무안군,양간축산,한우,,19.0,전라남도 무안군 해제면 배나무,,,2020-08-31
무안군,양곡축산,한우,,,전라남도 무안군 운남면 양곡길,,,2020-08-31
무안군,양규축산,한우,,27.0,전라남도 무안군 현경면 마산리,,,2020-08-31
무안군,양돈 농장,돼지,,2550.0,전라남도 무안군 일로읍 인의로,,,2020-08-31
무안군,양매축산,한우,,44.0,전라남도 무안군 해제면 양매길,,,2020-08-31
무안군,양선농장,한우,,26.0,전라남도 무안군 현경면 모촌길,,,2020-08-31
무안군,양성농장,한우,,50.0,전라남도 무안군 삼향읍 극포길,,,2020-08-31
무안군,양수농장,한우,,6.0,전라남도 무안군 현경면 원평산,,,2020-08-31
무안군,양순목장,한우,,,전라남도 무안군 현경면 석북길,,,2020-08-31
무안군,양원농장,한우,,14.0,전라남도 무안군 삼향읍 송죽길,,,2020-08-31
무안군,양월농장,한우,,,전라남도 무안군 해제면 양월리,,,2020-08-31
무안군,양장농장,한우,,,전라남도 무안군 몽탄면 양지촌,,,2020-08-31
무안군,양장축산,한우,,44.0,전라남도 무안군 몽탄면 양장길,,,2020-08-31
무안군,양장축산,한우,,99.0,전라남도 무안군 몽탄면 봉명양,,,2020-08-31
무안군,양정농장,한우,,,전라남도 무안군 현경면 봉월로,,,2020-08-31
무안군,양지농장,한우,,18.0,전라남도 무안군 몽탄면 양지촌,,,2020-08-31
무안군,양지촌축산,한우,,67.0,전라남도 무안군 몽탄면 양지촌,,,2020-08-31
무안군,양축사,한우,,,전라남도 무안군 몽탄면 귀학길,,,2020-08-31
무안군,양파랑 돼지랑,돼지,,,전라남도 무안군 해제면 유월리,,,2020-08-31
무안군,양학농장,한우,,85.0,전라남도 무안군 현경면 모촌동,,,2020-08-31
무안군,양학농장,한우,,98.0,전라남도 무안군 현경면 양학길,,,2020-08-31
무안군,양학농장A,한우,,102.0,전라남도 무안군 현경면 양학리,,,2020-08-31
무안군,양학농장B,한우,,85.0,전라남도 무안군 현경면 양학길,,,2020-08-31
무안군,양학동목장,젖소,,,전라남도 무안군 현경면 양학길,,,2020-08-31
무안군,양학리태양축사,한우,,78.0,전라남도 무안군 현경면 양학길,,,2020-08-31
무안군,양호축산,한우,,23.0,전라남도 무안군 일로읍 백련로,,,2020-08-31
무안군,양호축산,한우,,,전라남도 무안군 일로읍 백련로,,,2020-08-31
무안군,어민농장,육계,,600.0,전라남도 무안군 청계면 복길로,,,2020-08-31
무안군,언창축산,한우,,8.0,전라남도 무안군 해제면 만송로,,,2020-08-31
무안군,에덴그린축산,한우,,,전라남도 무안군 청계면 복길로,,,2020-08-31
무안군,에덴농장,한우,,43.0,전라남도 무안군 청계면 복길로,,,2020-08-31
무안군,에덴농장,한우,,20.0,전라남도 무안군 삼향읍 수련길,,,2020-08-31
무안군,에덴농장,한우,,50.0,전라남도 무안군 현경면 현화리,,,2020-08-31
무안군,에벤에셀,한우,,39.0,전라남도 무안군 망운면 망운로,,,2020-08-31
무안군,에벤에셀축산,돼지,,1892.0,전라남도 무안군 청계면 해안로,,,2020-08-31
무안군,엘림농장,한우,,32.0,전라남도 무안군 무안읍 현남길,,,2020-08-31
무안군,여명농장,한우,,39.0,전라남도 무안군 일로읍 용산리,,,2020-08-31
무안군,여순농장,한우,,14.0,전라남도 무안군 해제면 신정리,,,2020-08-31
무안군,여울농장,육계,,500.0,전라남도 무안군 청계면 사마리,,,2020-08-31
무안군,연균농장,한우,,31.0,전라남도 무안군 일로읍 복룡리,,,2020-08-31
무안군,연동농장,한우,,10.0,전라남도 무안군 운남면 연리,,,2020-08-31
무안군,연동축산,한우,,29.0,전라남도 무안군 운남면 신월로,,,2020-08-31
무안군,연동축산,돼지,,2238.0,전라남도 무안군 운남면 월악길,,,2020-08-31
무안군,연수농장,한우,,14.0,전라남도 무안군 운남면 내리,,,2020-08-31
무안군,연임농장`,한우,,12.0,전라남도 무안군 일로읍 감돈리,,,2020-08-31
무안군,연홍농장,한우,,,전라남도 무안군 몽탄면 당호리,,,2020-08-31
무안군,연희농장,육계,,87000.0,전라남도 무안군 해제면 배나무,,,2020-08-31
무안군,열린미생물농장,돼지,,1020.0,전라남도 무안군 삼향읍 왕산리,,,2020-08-31
무안군,염소랜드,염소,,,전라남도 무안군 청계면 복길리,,,2020-08-31
무안군,영골농장,돼지,,,전라남도 무안군 삼향읍 송죽길,,,2020-08-31
무안군,영권축산,한우,,,전라남도 무안군 무안읍 상동길,,,2020-08-31
무안군,영기축산,한우,,18.0,전라남도 무안군 해제면 도성길,,,2020-08-31
무안군,영남농장,한우,,,전라남도 무안군 청계면 광석길,,,2020-08-31
무안군,영농장,한우,,,전라남도 무안군 몽탄면 귀학리,,,2020-08-31
무안군,영대축산,한우,,,전라남도 무안군 무안읍 상동길,,,2020-08-31
무안군,영덕농장,한우,,13.0,전라남도 무안군 일로읍 산정리,,,2020-08-31
무안군,영란농장,한우,,9.0,전라남도 무안군 청계면 월선리,,,2020-08-31
무안군,영록농장,한우,,,전라남도 무안군 무안읍 병곡안,,,2020-08-31
무안군,영무농장,한우,,7.0,전라남도 무안군 운남면 연리,,,2020-08-31
무안군,영무농장,한우,,39.0,전라남도 무안군 청계면 솔치길,,,2020-08-31
무안군,영민농장,한우,,4.0,전라남도 무안군 운남면 동암리,,,2020-08-31
무안군,영복농장,한우,,2.0,전라남도 무안군 현경면 외반리,,,2020-08-31
무안군,영산강 청둥오리,오리,,,전라남도 무안군 일로읍 구정리,,,2020-08-31
무안군,영산노 농장,한우,,42.0,전라남도 무안군 몽탄면 학사길,,,2020-08-31
무안군,영석축사,한우,,30.0,전라남도 무안군 몽탄면 우명길,,,2020-08-31
무안군,영선농장,한우,,19.0,전라남도 무안군 몽탄면 갈산안,,,2020-08-31
무안군,영선농장,한우,,2.0,전라남도 무안군 일로읍 지장리,,,2020-08-31
무안군,영성농장,한우,,16.0,전라남도 무안군 청계면 문화로,,,2020-08-31
무안군,영성농장,한우,,13.0,전라남도 무안군 몽탄면 다산리,,,2020-08-31
무안군,영수농장,한우,,3.0,전라남도 무안군 몽탄면 약곡리,,,2020-08-31
무안군,영실농장,한우,,,전라남도 무안군 삼향읍 송죽길,,,2020-08-31
무안군,영심농장,한우,,34.0,전라남도 무안군 청계면 백련동,,,2020-08-31
무안군,영우농장,한우,,4.0,전라남도 무안군 일로읍 지장리,,,2020-08-31
무안군,영일농장,한우,,11.0,전라남도 무안군 해제면 천장리,,,2020-08-31
무안군,영조농장,한우,,15.0,전라남도 무안군 일로읍 구정리,,,2020-08-31
무안군,영준 농장,한우,,27.0,전라남도 무안군 청계면 청운로,,,2020-08-31
무안군,영준농장,한우,,16.0,전라남도 무안군 무안읍 고절리,,,2020-08-31
무안군,영지축산,한우,,11.0,전라남도 무안군 무안읍 창포로,,,2020-08-31
무안군,영창농장,한우,,,전라남도 무안군 해제면 양매리,,,2020-08-31
무안군,영창농장,염소,,,전라남도 무안군 현경면 현해로,,,2020-08-31
무안군,영창축산,한우,,107.0,전라남도 무안군 현경면 송정리,,,2020-08-31
무안군,영철농장,한우,,27.0,전라남도 무안군 삼향읍 금동길,,,2020-08-31
무안군,영철농장,한우,,15.0,전라남도 무안군 무안읍 용월리,,,2020-08-31
무안군,영철농장,한우,,39.0,전라남도 무안군 무안읍 고절길,,,2020-08-31
무안군,영철축산,한우,,39.0,전라남도 무안군 무안읍 본고절,,,2020-08-31
무안군,영춘농장,한우,,4.0,전라남도 무안군 일로읍 의산리,,,2020-08-31
무안군,영태농장,한우,,,전라남도 무안군 몽탄면 구산리,,,2020-08-31
무안군,영태농장,한우,,1.0,전라남도 무안군 몽탄면 약곡리,,,2020-08-31
무안군,영표농장,한우,,48.0,전라남도 무안군 망운면 운해로,,,2020-08-31
무안군,영하농장,한우,,,전라남도 무안군 몽탄면 학산리,,,2020-08-31
무안군,영학축사,한우,,8.0,전라남도 무안군 무안읍 용월리,,,2020-08-31
무안군,영해축산,돼지,,2458.0,전라남도 무안군 운남면 영해촌,,,2020-08-31
무안군,영해축산,돼지,,,전라남도 무안군 운남면 영해촌,,,2020-08-31
무안군,영호농장,한우,,23.0,전라남도 무안군 몽탄면 법천길,,,2020-08-31
무안군,영화농장,돼지,,,전라남도 무안군 운남면 와우로,,,2020-08-31
무안군,영후 농장,한우,,14.0,전라남도 무안군 청계면 복길로,,,2020-08-31
무안군,예원축사,한우,,,전라남도 무안군 현경면 모촌길,,,2020-08-31
무안군,옛고을농장,돼지,,278.0,전라남도 무안군 현경면 지망길,,,2020-08-31
무안군,오공주농장,한우,,,전라남도 무안군 청계면 원청계,,,2020-08-31
무안군,오남농장,한우,,9.0,전라남도 무안군 현경면 마산리,,,2020-08-31
무안군,오대농장,한우,,,전라남도 무안군 현경면 마산안,,,2020-08-31
무안군,오대양축산,육우,,,전라남도 무안군 삼향읍 왕산로,,,2020-08-31
무안군,오뚜기축산,한우,,59.0,전라남도 무안군 운남면 하묘리,,,2020-08-31
무안군,오룡농장,한우,,24.0,전라남도 무안군 일로읍 일로복,,,2020-08-31
무안군,오리골농장,오리,,18700.0,전라남도 무안군 현경면 현해로,,,2020-08-31
무안군,오리농장,오리,,8000.0,전라남도 무안군 일로읍 문화로,,,2020-08-31
무안군,오성유통,한우,,2.0,전라남도 무안군 삼향읍 맥포리,,,2020-08-31
무안군,오케이농장,한우,,34.0,전라남도 무안군 몽탄면 양장리,,,2020-08-31
무안군,오현농장,한우,,1.0,전라남도 무안군 일로읍 의산리,,,2020-08-31
무안군,오현정축사,한우,,59.0,전라남도 무안군 일로읍 영친길,,,2020-08-31
무안군,옥농장,한우,,17.0,전라남도 무안군 몽탄면 덕암안,,,2020-08-31
무안군,옥환축산,한우,,,전라남도 무안군 청계면 평림길,,,2020-08-31
무안군,온누리농장,한우,,43.0,전라남도 무안군 몽탄면 갈산안,,,2020-08-31
무안군,와동축산,한우,,3.0,전라남도 무안군 삼향읍 용포리,,,2020-08-31
무안군,완석농장,한우,,14.0,전라남도 무안군 현경면 애북길,,,2020-08-31
무안군,외갓집청정농장,육계,,,전라남도 무안군 일로읍 지장리,,,2020-08-31
무안군,외덕축산,한우,,8.0,전라남도 무안군 망운면 서목장,,,2020-08-31
무안군,외덕축산,한우,,23.0,전라남도 무안군 망운면 서목장,,,2020-08-31
무안군,요안농장,오리,,17800.0,전라남도 무안군 일로읍 복룡리,,,2020-08-31
무안군,요한이네농장,한우,,,전라남도 무안군 청계면 서호리,,,2020-08-31
무안군,용계축산,한우,,5.0,전라남도 무안군 삼향읍 용계길,,,2020-08-31
무안군,용남농장,한우,,4.0,전라남도 무안군 몽탄면 다산리,,,2020-08-31
무안군,용남농장,한우,,8.0,전라남도 무안군 일로읍 월암리,,,2020-08-31
무안군,용남농장,한우,,15.0,전라남도 무안군 삼향읍 덕영길,,,2020-08-31
무안군,용동농장,한우,,7.0,전라남도 무안군 망운면 운해로,,,2020-08-31
무안군,용동농장,한우,,19.0,전라남도 무안군 운남면 용동길,,,2020-08-31
무안군,용동축산,한우,,,전라남도 무안군 운남면 동암리,,,2020-08-31
무안군,용동축산,한우,,20.0,전라남도 무안군 망운면 송현리,,,2020-08-31
무안군,용리축산,한우,,9.0,전라남도 무안군 운남면 연리,,,2020-08-31
무안군,용마농장,한우,,5.0,전라남도 무안군 청계면 상마리,,,2020-08-31
무안군,용모농장,한우,,5.0,전라남도 무안군 망운면 송현리,,,2020-08-31
무안군,용뫼농장,한우,,18.0,전라남도 무안군 몽탄면 다산리,,,2020-08-31
무안군,용문농장,한우,,28.0,전라남도 무안군 해제면 덕산리,,,2020-08-31
무안군,용민농장,한우,,18.0,전라남도 무안군 망운면 목서리,,,2020-08-31
무안군,용산농장,한우,,33.0,전라남도 무안군 몽탄면 갈산안,,,2020-08-31
무안군,용산농장,한우,,,전라남도 무안군 일로읍 용산리,,,2020-08-31
무안군,용산축사,한우,,39.0,전라남도 무안군 일로읍 용산리,,,2020-08-31
무안군,용산축산,한우,,44.0,전라남도 무안군 일로읍 솔바위,,,2020-08-31
무안군,용선축산,한우,,16.0,전라남도 무안군 삼향읍 삼향로,,,2020-08-31
무안군,용성축산,한우,,5.0,전라남도 무안군 현경면 동산리,,,2020-08-31
무안군,용순농장,한우,,,전라남도 무안군 해제면 덕산리,,,2020-08-31
무안군,용식농장,한우,,5.0,전라남도 무안군 몽탄면 청용리,,,2020-08-31
무안군,용식농장,한우,,32.0,전라남도 무안군 현경면 동산리,,,2020-08-31
무안군,용옥축산,한우,,11.0,전라남도 무안군 해제면 용학리,,,2020-08-31
무안군,용일축산,한우,,100.0,전라남도 무안군 망운면 서목장,,,2020-08-31
무안군,용정농장,한우,,93.0,전라남도 무안군 현경면 봉월로,,,2020-08-31
무안군,용진농장,한우,,8.0,전라남도 무안군 일로읍 광암리,,,2020-08-31
무안군,용포농장,한우,,130.0,전라남도 무안군 삼향읍 오룡산,,,2020-08-31
무안군,용포축산,한우,,35.0,전라남도 무안군 일로읍 복룡리,,,2020-08-31
무안군,용학농장,돼지,,,전라남도 무안군 해제면 해제장,,,2020-08-31
무안군,용학농장,한우,,5.0,전라남도 무안군 망운면 조산길,,,2020-08-31
무안군,용헌농장,염소,,,전라남도 무안군 청계면 남청길,,,2020-08-31
무안군,용현농장,한우,,145.0,전라남도 무안군 무안읍 평월길,,,2020-08-31
무안군,용호농장,돼지,,1682.0,전라남도 무안군 운남면 운해로,,,2020-08-31
무안군,용호농장,돼지,,968.0,전라남도 무안군 청계면 남성리,,,2020-08-31
무안군,용호축산,한우,,30.0,전라남도 무안군 일로읍 복룡리,,,2020-08-31
무안군,용환농장,한우,,32.0,전라남도 무안군 운남면 하묘길,,,2020-08-31
무안군,용희농장,돼지,,382.0,전라남도 무안군 삼향읍 수련길,,,2020-08-31
무안군,우돈축산,한우,,52.0,전라남도 무안군 몽탄면 사창리,,,2020-08-31
무안군,우리농장,한우,,38.0,전라남도 무안군 몽탄면 법천길,,,2020-08-31
무안군,우리농장,한우,,,전라남도 무안군 삼향읍 송죽길,,,2020-08-31
무안군,우리농장,한우,,10.0,전라남도 무안군 삼향읍 맥포리,,,2020-08-31
무안군,우리농장,한우,,,전라남도 무안군 현경면 송정리,,,2020-08-31
무안군,우리농장,한우,,,전라남도 무안군 몽탄면 우명길,,,2020-08-31
무안군,우리축산,한우,,6.0,전라남도 무안군 무안읍 신학리,,,2020-08-31
무안군,우리축산,한우,,,전라남도 무안군 망운면 압창길,,,2020-08-31
무안군,우리축산,육계,,73000.0,전라남도 무안군 현경면 현해로,,,2020-08-31
무안군,우리축산,한우,,51.0,전라남도 무안군 현경면 현해로,,,2020-08-31
무안군,우리축산,한우,,82.0,전라남도 무안군 현경면 현해로,,,2020-08-31
무안군,우리축산,한우,,25.0,전라남도 무안군 무안읍 신학리,,,2020-08-31
무안군,우리축산,한우,,47.0,전라남도 무안군 몽탄면 법천길,,,2020-08-31
무안군,우림농장,한우,,23.0,전라남도 무안군 몽탄면 법천길,,,2020-08-31
무안군,우명농장,한우,,50.0,전라남도 무안군 몽탄면 사창리,,,2020-08-31
무안군,우명축사,한우,,10.0,전라남도 무안군 몽탄면 우명길,,,2020-08-31
무안군,우영농장,한우,,14.0,전라남도 무안군 청계면 청천리,,,2020-08-31
무안군,우적농장,한우,,66.0,전라남도 무안군 몽탄면 사내길,,,2020-08-31
무안군,우정축산,육계,,61000.0,전라남도 무안군 운남면 하묘리,,,2020-08-31
무안군,우조축산,한우,,43.0,전라남도 무안군 몽탄면 학사길,,,2020-08-31
무안군,우종 축산,한우,,16.0,전라남도 무안군 현경면 동목장,,,2020-08-31
무안군,우진축산,한우,,42.0,전라남도 무안군 현경면 수양리,,,2020-08-31
무안군,우카축산유통,오리,,,전라남도 무안군 현경면 함장로,,,2020-08-31
무안군,우필농장,한우,,,전라남도 무안군 무안읍 수양길,,,2020-08-31
무안군,운남축산,한우,,,전라남도 무안군 운남면 신월로,,,2020-08-31
무안군,운영농장,한우,,18.0,전라남도 무안군 청계면 사마리,,,2020-08-31
무안군,운진축산,한우,,,전라남도 무안군 일로읍 산정리,,,2020-08-31
무안군,웅지농장,돼지,,364.0,전라남도 무안군 삼향읍 덕산길,,,2020-08-31
무안군,원동축산,한우,,1.0,전라남도 무안군 무안읍 몽탄로,,,2020-08-31
무안군,원동축산,한우,,5.0,전라남도 무안군 운남면 원동길,,,2020-08-31
무안군,원식농장,한우,,2.0,전라남도 무안군 삼향읍 왕산로,,,2020-08-31
무안군,원준축산,한우,,23.0,전라남도 무안군 일로읍 광암길,,,2020-08-31
무안군,원창농장,한우,,3.0,전라남도 무안군 일로읍 월암리,,,2020-08-31
무안군,원축사,한우,,16.0,전라남도 무안군 몽탄면 양장리,,,2020-08-31
무안군,원평축산,한우,,,전라남도 무안군 현경면 원평산,,,2020-08-31
무안군,원호축산,한우,,18.0,전라남도 무안군 운남면 동암리,,,2020-08-31
무안군,월계농장,한우,,10.0,전라남도 무안군 삼향읍 맥포리,,,2020-08-31
무안군,월남농장,한우,,,전라남도 무안군 무안읍 고절길,,,2020-08-31
무안군,월명농장,한우,,,전라남도 무안군 현경면 월명길,,,2020-08-31
무안군,월명촌농장,한우,,47.0,전라남도 무안군 현경면 해운리,,,2020-08-31
무안군,월산축산,한우,,12.0,전라남도 무안군 무안읍 평월길,,,2020-08-31
무안군,월선농장,한우,,,전라남도 무안군 청계면 월선안,,,2020-08-31
무안군,월선농장,한우,,13.0,전라남도 무안군 청계면 문화로,,,2020-08-31
무안군,월선축산,한우,,,전라남도 무안군 청계면 월선리,,,2020-08-31
무안군,월암축산,한우,,9.0,전라남도 무안군 일로읍 월암리,,,2020-08-31
무안군,월암축산,한우,,6.0,전라남도 무안군 일로읍 월암리,,,2020-08-31
무안군,월암춘원농장,한우,,,전라남도 무안군 해제면 현해로,,,2020-08-31
무안군,월용축산,한우,,,전라남도 무안군 망운면 목동리,,,2020-08-31
무안군,월호축산,한우,,8.0,전라남도 무안군 삼향읍 지산리,,,2020-08-31
무안군,유교축산,한우,,28.0,전라남도 무안군 삼향읍 중등포,,,2020-08-31
무안군,유금 축사,한우,,12.0,전라남도 무안군 몽탄면 양장길,,,2020-08-31
무안군,유길농장,한우,,,전라남도 무안군 망운면 용교길,,,2020-08-31
무안군,유남농장,한우,,2.0,전라남도 무안군 일로읍 선돌길,,,2020-08-31
무안군,유달축산,한우,,52.0,전라남도 무안군 청계면 용계천,,,2020-08-31
무안군,유명축산,한우,,10.0,전라남도 무안군 몽탄면 봉산리,,,2020-08-31
무안군,유빈농장,한우,,8.0,전라남도 무안군 청계면 남청길,,,2020-08-31
무안군,유석농장,한우,,,전라남도 무안군 무안읍 무안로,,,2020-08-31
무안군,유선농장,한우,,106.0,전라남도 무안군 망운면 목서리,,,2020-08-31
무안군,유성농장,한우,,10.0,전라남도 무안군 청계면 송복길,,,2020-08-31
무안군,유성농장,한우,,,전라남도 무안군 망운면 송현리,,,2020-08-31
무안군,유수농장,한우,,,전라남도 무안군 현경면 평산리,,,2020-08-31
무안군,유수농장,한우,,40.0,전라남도 무안군 무안읍 교촌길,,,2020-08-31
무안군,유수농장,한우,,15.0,전라남도 무안군 청계면 문화로,,,2020-08-31
무안군,유수정농장,한우,,13.0,전라남도 무안군 현경면 평산리,,,2020-08-31
무안군,유일농장,돼지,,6657.0,전라남도 무안군 망운면 동목장,,,2020-08-31
무안군,유정농장,육계,,,전라남도 무안군 무안읍 황토길,,,2020-08-31
무안군,유정농장,한우,,4.0,전라남도 무안군 일로읍 산정리,,,2020-08-31
무안군,유정축사,한우,,,전라남도 무안군 청계면 학유정,,,2020-08-31
무안군,유정축산,한우,,76.0,전라남도 무안군 몽탄면 갈산안,,,2020-08-31
무안군,유정축산,한우,,44.0,전라남도 무안군 해제면 현해로,,,2020-08-31
무안군,유중축산,한우,,11.0,전라남도 무안군 해제면 용학리,,,2020-08-31
무안군,유진농장,한우,,5.0,전라남도 무안군 몽탄면 명산리,,,2020-08-31
무안군,유진농장,오리,,6500.0,전라남도 무안군 현경면 오류리,,,2020-08-31
무안군,유평농장,한우,,72.0,전라남도 무안군 해제면 창매로,,,2020-08-31
무안군,유한농장,육계,,,전라남도 무안군 운남면 연리,,,2020-08-31
무안군,유한택,한우,,10.0,전라남도 무안군 일로읍 의산리,,,2020-08-31
무안군,육일농장,한우,,,전라남도 무안군 무안읍 무안발,,,2020-08-31
무안군,윤가레농장,한우,,,전라남도 무안군 현경면 가입길,,,2020-08-31
무안군,윤길농장,한우,,27.0,전라남도 무안군 청계면 월선리,,,2020-08-31
무안군,윤라문농장,한우,,,전라남도 무안군 무안읍 면주길,,,2020-08-31
무안군,윤서농장,한우,,44.0,전라남도 무안군 몽탄면 법천길,,,2020-08-31
무안군,윤식농장,한우,,117.0,전라남도 무안군 삼향읍 송죽길,,,2020-08-31
무안군,윤영농장,한우,,34.0,전라남도 무안군 몽탄면 사천리,,,2020-08-31
무안군,윤자농장,한우,,50.0,전라남도 무안군 망운면 피서리,,,2020-08-31
무안군,윤주농장,오리,,,전라남도 무안군 망운면 조산길,,,2020-08-31
무안군,으뜸농원,육계,,58800.0,전라남도 무안군 해제면 만송로,,,2020-08-31
무안군,으뜸농장,한우,,61.0,전라남도 무안군 삼향읍 삼일로,,,2020-08-31
무안군,은광 흑염소,산양,,,전라남도 무안군 삼향읍 왕산리,,,2020-08-31
무안군,은성농장,한우,,7.0,전라남도 무안군 청계면 청운로,,,2020-08-31
무안군,은성농장,한우,,25.0,전라남도 무안군 몽탄면 귀학길,,,2020-08-31
무안군,은성축산,한우,,26.0,전라남도 무안군 해제면 신정리,,,2020-08-31
무안군,은수네농장,오리,,2759.0,전라남도 무안군 현경면 해운리,,,2020-08-31
무안군,은수네농장,한우,,,전라남도 무안군 현경면 수양리,,,2020-08-31
무안군,은수농장,오리,,3996.0,전라남도 무안군 현경면 해운리,,,2020-08-31
무안군,은자 농장,한우,,5.0,전라남도 무안군 일로읍 백련로,,,2020-08-31
무안군,은지축산,한우,,85.0,전라남도 무안군 청계면 도대리,,,2020-08-31
무안군,은진축산,한우,,,전라남도 무안군 현경면 황토길,,,2020-08-31
무안군,은택농장,육계,,300.0,전라남도 무안군 무안읍 교촌리,,,2020-08-31
무안군,은평농장,한우,,37.0,전라남도 무안군 청계면 청운로,,,2020-08-31
무안군,은해축산,한우,,38.0,전라남도 무안군 현경면 현남길,,,2020-08-31
무안군,은혜농장,한우,,,전라남도 무안군 몽탄면 남천안,,,2020-08-31
무안군,은혜목장,한우,,19.0,전라남도 무안군 운남면 하묘리,,,2020-08-31
무안군,은혜축산,한우,,43.0,전라남도 무안군 현경면 양학길,,,2020-08-31
무안군,은희농장,한우,,46.0,전라남도 무안군 현경면 해운리,,,2020-08-31
무안군,의산농장,한우,,14.0,전라남도 무안군 일로읍 인의로,,,2020-08-31
무안군,의산축사,한우,,9.0,전라남도 무안군 일로읍 무룡길,,,2020-08-31
무안군,의산축산,한우,,102.0,전라남도 무안군 일로읍 산두길,,,2020-08-31
무안군,의산축산,한우,,17.0,전라남도 무안군 일로읍 인의로,,,2020-08-31
무안군,의산축산,한우,,2.0,전라남도 무안군 일로읍 의산리,,,2020-08-31
무안군,이경자,한우,,11.0,전라남도 무안군 삼향읍 유교리,,,2020-08-31
무안군,이농장,한우,,7.0,전라남도 무안군 몽탄면 귀학리,,,2020-08-31
무안군,이동축산,한우,,20.0,전라남도 무안군 삼향읍 이동길,,,2020-08-31
무안군,이레농장,돼지,,2962.0,전라남도 무안군 몽탄면 양장길,,,2020-08-31
무안군,이배축산,한우,,,전라남도 무안군 해제면 매곡내,,,2020-08-31
무안군,이성남,한우,,,전라남도 무안군 일로읍 월암리,,,2020-08-31
무안군,이오순농장,육계,,,전라남도 무안군 현경면 장군로,,,2020-08-31
무안군,이장네농장,한우,,11.0,전라남도 무안군 몽탄면 학전길,,,2020-08-31
무안군,이천 농장,돼지,,1407.0,전라남도 무안군 일로읍 감돈리,,,2020-08-31
무안군,이천농원,돼지,,100.0,전라남도 무안군 몽탄면 봉명양,,,2020-08-31
무안군,이천농원,한우,,,전라남도 무안군 몽탄면 노송2,,,2020-08-31
무안군,이천농장,한우,,20.0,전라남도 무안군 일로읍 인동길,,,2020-08-31
무안군,이천농장,한우,,27.0,전라남도 무안군 일로읍 감돈길,,,2020-08-31
무안군,이화축산,돼지,,1349.0,전라남도 무안군 운남면 월악길,,,2020-08-31
무안군,이화축산,산양,,,전라남도 무안군 운남면 내리,,,2020-08-31
무안군,이훈농장,한우,,99.0,전라남도 무안군 현경면 마산리,,,2020-08-31
무안군,익균농장,한우,,7.0,전라남도 무안군 일로읍 월암리,,,2020-08-31
무안군,인동축사,한우,,37.0,전라남도 무안군 일로읍 인동길,,,2020-08-31
무안군,인범농장,한우,,46.0,전라남도 무안군 몽탄면 사천리,,,2020-08-31
무안군,인선농장,한우,,,전라남도 무안군 청계면 서호정,,,2020-08-31
무안군,인의농장,한우,,8.0,전라남도 무안군 일로읍 인의로,,,2020-08-31
무안군,인의농장,한우,,46.0,전라남도 무안군 일로읍 의산리,,,2020-08-31
무안군,인의농장,한우,,37.0,전라남도 무안군 일로읍 인의로,,,2020-08-31
무안군,인의축산,한우,,14.0,전라남도 무안군 일로읍 인의로,,,2020-08-31
무안군,인창농장,한우,,9.0,전라남도 무안군 청계면 영산로,,,2020-08-31
무안군,인천농장,한우,,18.0,전라남도 무안군 일로읍 백련로,,,2020-08-31
무안군,인평농장,한우,,24.0,전라남도 무안군 몽탄면 다산리,,,2020-08-31
무안군,인호농장,한우,,59.0,전라남도 무안군 무안읍 고절리,,,2020-08-31
무안군,인홍축산,한우,,89.0,전라남도 무안군 현경면 평산리,,,2020-08-31
무안군,인환농장,한우,,,전라남도 무안군 삼향읍 용포리,,,2020-08-31
무안군,일광농장,육계,,14975.0,전라남도 무안군 일로읍 광암리,,,2020-08-31
무안군,일기농장,한우,,19.0,전라남도 무안군 해제면 양매리,,,2020-08-31
무안군,일남농장,한우,,13.0,전라남도 무안군 청계면 학유정,,,2020-08-31
무안군,일동농장,한우,,,전라남도 무안군 무안읍 성암리,,,2020-08-31
무안군,일로 수도사,한우,,48.0,전라남도 무안군 일로읍 용산리,,,2020-08-31
무안군,일로농장,한우,,3.0,전라남도 무안군 일로읍 월암리,,,2020-08-31
무안군,일로성실축산,돼지,,1934.0,전라남도 무안군 일로읍 백련로,,,2020-08-31
무안군,일로축산,한우,,10.0,전라남도 무안군 일로읍 구정길,,,2020-08-31
무안군,일로축산,한우,,3.0,전라남도 무안군 일로읍 월암리,,,2020-08-31
무안군,일석농장,한우,,,전라남도 무안군 무안읍 수양길,,,2020-08-31
무안군,일송농장,한우,,13.0,전라남도 무안군 일로읍 국사로,,,2020-08-31
무안군,일신축산,한우,,33.0,전라남도 무안군 일로읍 청금성,,,2020-08-31
무안군,일심 농장,돼지,,2914.0,전라남도 무안군 일로읍 감돈리,,,2020-08-31
무안군,일심농장,한우,,67.0,전라남도 무안군 몽탄면 죽전길,,,2020-08-31
무안군,일요농장,돼지,,1275.0,전라남도 무안군 일로읍 일로연,,,2020-08-31
무안군,일용농장,염소,,,전라남도 무안군 일로읍 선돌길,,,2020-08-31
무안군,일환농장,한우,,8.0,전라남도 무안군 운남면 내동길,,,2020-08-31
무안군,임마누엘승리 농장,한우,,,전라남도 무안군 청계면 서호리,,,2020-08-31
무안군,임치농장,한우,,,전라남도 무안군 해제면 임수리,,,2020-08-31
무안군,자매농장,한우,,46.0,전라남도 무안군 망운면 목동리,,,2020-08-31
무안군,자연동물농장,돼지,,,전라남도 무안군 운남면 연리,,,2020-08-31
무안군,자연축산,한우,,19.0,전라남도 무안군 현경면 현해로,,,2020-08-31
무안군,자유한우농장영농조합법인,한우,,15.0,전라남도 무안군 몽탄면 법천길,,,2020-08-31
무안군,자작농장,한우,,47.0,전라남도 무안군 운남면 신월로,,,2020-08-31
무안군,장곡농장,한우,,6.0,전라남도 무안군 삼향읍 장곡길,,,2020-08-31
무안군,장곡농장,한우,,19.0,전라남도 무안군 삼향읍 지산리,,,2020-08-31
무안군,장곡농장,육계,,28600.0,전라남도 무안군 삼향읍 장곡길,,,2020-08-31
무안군,장곡제일농장,오리,,12500.0,전라남도 무안군 삼향읍 장곡길,,,2020-08-31
무안군,장곡제일농장,한우,,18.0,전라남도 무안군 삼향읍 지산리,,,2020-08-31
무안군,장군농장,한우,,29.0,전라남도 무안군 현경면 해운동,,,2020-08-31
무안군,장근농장,한우,,3.0,전라남도 무안군 일로읍 삼산로,,,2020-08-31
무안군,장남농장,한우,,17.0,전라남도 무안군 망운면 목동리,,,2020-08-31
무안군,장미농장,한우,,47.0,전라남도 무안군 일로읍 광암리,,,2020-08-31
무안군,장부김해농장,한우,,14.0,전라남도 무안군 청계면 문화로,,,2020-08-31
무안군,장부농장,한우,,16.0,전라남도 무안군 청계면 청계리,,,2020-08-31
무안군,장부축산,한우,,,전라남도 무안군 청계면 문화로,,,2020-08-31
무안군,장억농장,한우,,48.0,전라남도 무안군 해제면 천장리,,,2020-08-31
무안군,장터축사,한우,,17.0,전라남도 무안군 무안읍 성남1,,,2020-08-31
무안군,장현농장,육우,,59.0,전라남도 무안군 청계면 청계리,,,2020-08-31
무안군,장호축산,한우,,25.0,전라남도 무안군 청계면 독골길,,,2020-08-31
무안군,재관농장,한우,,17.0,전라남도 무안군 현경면 현화리,,,2020-08-31
무안군,재길축산,한우,,8.0,전라남도 무안군 현경면 마산리,,,2020-08-31
무안군,재남농장,한우,,12.0,전라남도 무안군 청계면 태봉길,,,2020-08-31
무안군,재남축산,한우,,62.0,전라남도 무안군 몽탄면 양장리,,,2020-08-31
무안군,재록농장,한우,,,전라남도 무안군 몽탄면 봉명양,,,2020-08-31
무안군,재문농장,한우,,,전라남도 무안군 몽탄면 귀학리,,,2020-08-31
무안군,재섭농장,한우,,,전라남도 무안군 일로읍 산정리,,,2020-08-31
무안군,재숙농장,한우,,,전라남도 무안군 무안읍 성남리,,,2020-08-31
무안군,재웅축사,한우,,38.0,전라남도 무안군 일로읍 구정길,,,2020-08-31
무안군,재원축산,한우,,,전라남도 무안군 일로읍 산정리,,,2020-08-31
무안군,재인농장,오리,,16000.0,전라남도 무안군 일로읍 복룡리,,,2020-08-31
무안군,재진농장,한우,,47.0,전라남도 무안군 몽탄면 달산리,,,2020-08-31
무안군,재천농장,한우,,14.0,전라남도 무안군 일로읍 감돈리,,,2020-08-31
무안군,재호축산,한우,,115.0,전라남도 무안군 무안읍 중사지,,,2020-08-31
무안군,저동농장,돼지,,2870.0,전라남도 무안군 운남면 와우로,,,2020-08-31
무안군,저동농장,육계,,90000.0,전라남도 무안군 운남면 연리,,,2020-08-31
무안군,저두농장,한우,,38.0,전라남도 무안군 몽탄면 사창리,,,2020-08-31
무안군,전남양계장,육계,,77000.0,전라남도 무안군 청계면 남청길,,,2020-08-31
무안군,전원농장,한우,,104.0,전라남도 무안군 일로읍 감돈길,,,2020-08-31
무안군,전원농장,한우,,24.0,전라남도 무안군 현경면 해운리,,,2020-08-31
무안군,전주농장,한우,,26.0,전라남도 무안군 현경면 동산리,,,2020-08-31
무안군,정가네농장,한우,,41.0,전라남도 무안군 청계면 태봉길,,,2020-08-31
무안군,정구농장,한우,,52.0,전라남도 무안군 청계면 해안로,,,2020-08-31
무안군,정국축산,한우,,,전라남도 무안군 몽탄면 사내길,,,2020-08-31
무안군,정규농장,한우,,26.0,전라남도 무안군 몽탄면 양장길,,,2020-08-31
무안군,정금상축산,한우,,,전라남도 무안군 몽탄면 양장리,,,2020-08-31
무안군,정기농장,한우,,4.0,전라남도 무안군 몽탄면 호반로,,,2020-08-31
무안군,정농장,한우,,8.0,전라남도 무안군 몽탄면 귀학리,,,2020-08-31
무안군,정다운농장,한우,,47.0,전라남도 무안군 일로읍 진사길,,,2020-08-31
무안군,정덕축산,한우,,4.0,전라남도 무안군 일로읍 감돈길,,,2020-08-31
무안군,정두농장,한우,,,전라남도 무안군 망운면 목서리,,,2020-08-31
무안군,정문농장,한우,,48.0,전라남도 무안군 몽탄면 몽탄로,,,2020-08-31
무안군,정문농장,한우,,12.0,전라남도 무안군 일로읍 영화길,,,2020-08-31
무안군,정문흑염소농장,염소,,,전라남도 무안군 운남면 동암리,,,2020-08-31
무안군,정민농장,한우,,5.0,전라남도 무안군 삼향읍 용포리,,,2020-08-31
무안군,정범축산,한우,,8.0,전라남도 무안군 몽탄면 남천안,,,2020-08-31
무안군,정성농장,한우,,50.0,전라남도 무안군 몽탄면 화산길,,,2020-08-31
무안군,정수농장,한우,,45.0,전라남도 무안군 일로읍 용산리,,,2020-08-31
무안군,정수농장,한우,,11.0,전라남도 무안군 무안읍 본고절,,,2020-08-31
무안군,정수축산,한우,,8.0,전라남도 무안군 일로읍 청금성,,,2020-08-31
무안군,정순농장,한우,,,전라남도 무안군 삼향읍 맥포리,,,2020-08-31
무안군,정식축산,한우,,,전라남도 무안군 현경면 외반리,,,2020-08-31
무안군,정암축산,돼지,,2267.0,전라남도 무안군 운남면 와우로,,,2020-08-31
무안군,정애숙농장,한우,,40.0,전라남도 무안군 일로읍 삼산로,,,2020-08-31
무안군,정옥축산,한우,,33.0,전라남도 무안군 일로읍 감돈길,,,2020-08-31
무안군,정완농장,한우,,21.0,전라남도 무안군 몽탄면 법천길,,,2020-08-31
무안군,정우농장,한우,,16.0,전라남도 무안군 무안읍 중사지,,,2020-08-31
무안군,정운축산,한우,,19.0,전라남도 무안군 몽탄면 호동길,,,2020-08-31
무안군,정원농장,한우,,13.0,전라남도 무안군 몽탄면 남천길,,,2020-08-31
무안군,정원축산,한우,,24.0,전라남도 무안군 삼향읍 삼일로,,,2020-08-31
무안군,정원축산,한우,,124.0,전라남도 무안군 일로읍 인의로,,,2020-08-31
무안군,정원한우농장,한우,,26.0,전라남도 무안군 삼향읍 진등길,,,2020-08-31
무안군,정월동축산,한우,,13.0,전라남도 무안군 일로읍 일로로,,,2020-08-31
무안군,정은축산,돼지,,111.0,전라남도 무안군 몽탄면 사내길,,,2020-08-31
무안군,정일농장,한우,,3.0,전라남도 무안군 현경면 양학리,,,2020-08-31
무안군,정일농장,한우,,,전라남도 무안군 몽탄면 봉산리,,,2020-08-31
무안군,정종농장,한우,,,전라남도 무안군 일로읍 광암리,,,2020-08-31
무안군,정진축산,한우,,12.0,전라남도 무안군 몽탄면 도림산,,,2020-08-31
무안군,정착농장,한우,,11.0,전라남도 무안군 망운면 정착길,,,2020-08-31
무안군,정태농장,한우,,8.0,전라남도 무안군 일로읍 국사로,,,2020-08-31
무안군,정택농장,한우,,,전라남도 무안군 일로읍 방매길,,,2020-08-31
무안군,정택농장,한우,,14.0,전라남도 무안군 무안읍 고절리,,,2020-08-31
무안군,정택농장,한우,,19.0,전라남도 무안군 무안읍 고절리,,,2020-08-31
무안군,정택농장,한우,,19.0,전라남도 무안군 몽탄면 학사길,,,2020-08-31
무안군,정헌남축사,한우,,8.0,전라남도 무안군 운남면 연리,,,2020-08-31
무안군,정호축산,한우,,4.0,전라남도 무안군 일로읍 감돈리,,,2020-08-31
무안군,정호축산,돼지,,,전라남도 무안군 망운면 동목장,,,2020-08-31
무안군,정화농장,한우,,,전라남도 무안군 현경면 해운리,,,2020-08-31
무안군,정화농장,한우,,35.0,전라남도 무안군 현경면 시목길,,,2020-08-31
무안군,정희농장,한우,,26.0,전라남도 무안군 무안읍 현남길,,,2020-08-31
무안군,정희축산,한우,,,전라남도 무안군 몽탄면 구산리,,,2020-08-31
무안군,제성농장,한우,,31.0,전라남도 무안군 몽탄면 사창리,,,2020-08-31
무안군,제성농장,한우,,,전라남도 무안군 몽탄면 초당길,,,2020-08-31
무안군,제일축산,한우,,90.0,전라남도 무안군 해제면 현해로,,,2020-08-31
무안군,조암농장,한우,,,전라남도 무안군 현경면 조암길,,,2020-08-31
무안군,종각농장,한우,,18.0,전라남도 무안군 몽탄면 이산리,,,2020-08-31
무안군,종복농장,한우,,6.0,전라남도 무안군 몽탄면 법천길,,,2020-08-31
무안군,종삼농장,한우,,,전라남도 무안군 몽탄면 사천리,,,2020-08-31
무안군,종선축산,한우,,15.0,전라남도 무안군 몽탄면 인평길,,,2020-08-31
무안군,종섭농장,한우,,10.0,전라남도 무안군 무안읍 상봉길,,,2020-08-31
무안군,종섭농장,한우,,10.0,전라남도 무안군 몽탄면 다산리,,,2020-08-31
무안군,종성농장,한우,,,전라남도 무안군 해제면 명양길,,,2020-08-31
무안군,종수농장,한우,,,전라남도 무안군 몽탄면 학사길,,,2020-08-31
무안군,종업농장,한우,,6.0,전라남도 무안군 청계면 남안리,,,2020-08-31
무안군,종원축산,한우,,,전라남도 무안군 운남면 양금로,,,2020-08-31
무안군,종철농장,한우,,7.0,전라남도 무안군 청계면 구로리,,,2020-08-31
무안군,종태농장,한우,,20.0,전라남도 무안군 현경면 장군로,,,2020-08-31
무안군,주  행복한동행,돼지,,1450.0,전라남도 무안군 운남면 운해로,,,2020-08-31
무안군,주 승언팜스,돼지,,3500.0,전라남도 무안군 무안읍 몽탄로,,,2020-08-31
무안군,주 승언팜스,돼지,,1500.0,전라남도 무안군 무안읍 몽탄로,,,2020-08-31
무안군,주민축산,한우,,4.0,전라남도 무안군 일로읍 회룡길,,,2020-08-31
무안군,주신축산,한우,,72.0,전라남도 무안군 현경면 현남길,,,2020-08-31
무안군,주안농원,한우,,1.0,전라남도 무안군 몽탄면 내리,,,2020-08-31
무안군,주안농장,돼지,,1700.0,전라남도 무안군 청계면 남청길,,,2020-08-31
무안군,주연농장,한우,,32.0,전라남도 무안군 몽탄면 사천리,,,2020-08-31
무안군,주영농장,한우,,24.0,전라남도 무안군 현경면 수양길,,,2020-08-31
무안군,주영농장,한우,,,전라남도 무안군 청계면 해안로,,,2020-08-31
무안군,주원농장,한우,,33.0,전라남도 무안군 무안읍 고절길,,,2020-08-31
무안군,주원농장,한우,,47.0,전라남도 무안군 청계면 청운로,,,2020-08-31
무안군,주원농장,육우,,130.0,전라남도 무안군 현경면 윗마실,,,2020-08-31
무안군,주혁목장,한우,,,전라남도 무안군 현경면 윗마실,,,2020-08-31
무안군,주현농장,한우,,17.0,전라남도 무안군 청계면 송현리,,,2020-08-31
무안군,주형농장,한우,,42.0,전라남도 무안군 일로읍 인의로,,,2020-08-31
무안군,주희농장,한우,,,전라남도 무안군 현경면 봉월로,,,2020-08-31
무안군,죽림농장,한우,,9.0,전라남도 무안군 삼향읍 맥포리,,,2020-08-31
무안군,죽림농장,한우,,11.0,전라남도 무안군 삼향읍 맥포리,,,2020-08-31
무안군,죽산농장,사슴,,,전라남도 무안군 일로읍 일로로,,,2020-08-31
무안군,죽산농장,오리,,13500.0,전라남도 무안군 일로읍 죽산리,,,2020-08-31
무안군,죽산농장,한우,,,전라남도 무안군 몽탄면 봉명리,,,2020-08-31
무안군,죽산축산,한우,,85.0,전라남도 무안군 운남면 동암리,,,2020-08-31
무안군,준 농장,한우,,167.0,전라남도 무안군 몽탄면 구산리,,,2020-08-31
무안군,준기농장,한우,,,전라남도 무안군 몽탄면 대치로,,,2020-08-31
무안군,준남농장,한우,,,전라남도 무안군 삼향읍 왕산리,,,2020-08-31
무안군,준식농장,한우,,4.0,전라남도 무안군 몽탄면 신학동,,,2020-08-31
무안군,준식축산,한우,,65.0,전라남도 무안군 일로읍 국사로,,,2020-08-31
무안군,준열농장,한우,,9.0,전라남도 무안군 일로읍 감돈리,,,2020-08-31
무안군,준태농장,한우,,24.0,전라남도 무안군 일로읍 지장리,,,2020-08-31
무안군,준태농장,한우,,55.0,전라남도 무안군 청계면 청천리,,,2020-08-31
무안군,준태목장,한우,,21.0,전라남도 무안군 무안읍 고절길,,,2020-08-31
무안군,준하농장,한우,,,전라남도 무안군 청계면 솔치길,,,2020-08-31
무안군,준호농장,한우,,16.0,전라남도 무안군 몽탄면 귀학길,,,2020-08-31
무안군,준환농장,한우,,4.0,전라남도 무안군 현경면 현화리,,,2020-08-31
무안군,중규농장,한우,,21.0,전라남도 무안군 현경면 오류리,,,2020-08-31
무안군,중봉농장,한우,,,전라남도 무안군 일로읍 산두길,,,2020-08-31
무안군,중사지농장,한우,,26.0,전라남도 무안군 무안읍 교촌리,,,2020-08-31
무안군,중앙축사,한우,,6.0,전라남도 무안군 운남면 연동길,,,2020-08-31
무안군,중흥축산,한우,,,전라남도 무안군 몽탄면 양장길,,,2020-08-31
무안군,지.시온농장,한우,,50.0,전라남도 무안군 현경면 현화리,,,2020-08-31
무안군,지구촌 농장,한우,,35.0,전라남도 무안군 삼향읍 송죽길,,,2020-08-31
무안군,지구촌농장,한우,,44.0,전라남도 무안군 몽탄면 법천길,,,2020-08-31
무안군,지산축산,한우,,,전라남도 무안군 삼향읍 중산길,,,2020-08-31
무안군,지선농장,한우,,61.0,전라남도 무안군 현경면 황토길,,,2020-08-31
무안군,지성농장,한우,,,전라남도 무안군 청계면 예술촌,,,2020-08-31
무안군,지엽정축산,한우,,5.0,전라남도 무안군 현경면 모촌길,,,2020-08-31
무안군,지영농장,한우,,58.0,전라남도 무안군 일로읍 갈산길,,,2020-08-31
무안군,지장농장,한우,,13.0,전라남도 무안군 일로읍 청금성,,,2020-08-31
무안군,지정농장,한우,,1.0,전라남도 무안군 청계면 예술촌,,,2020-08-31
무안군,지한농장,한우,,5.0,전라남도 무안군 일로읍 일로중,,,2020-08-31
무안군,지현농장,한우,,25.0,전라남도 무안군 몽탄면 신학동,,,2020-08-31
무안군,진국농장,한우,,16.0,전라남도 무안군 현경면 양학리,,,2020-08-31
무안군,진규농장,한우,,5.0,전라남도 무안군 망운면 목서리,,,2020-08-31
무안군,진규농장,한우,,4.0,전라남도 무안군 몽탄면 약곡리,,,2020-08-31
무안군,진농장,한우,,52.0,전라남도 무안군 현경면 서목장,,,2020-08-31
무안군,진배농장,한우,,,전라남도 무안군 무안읍 본고절,,,2020-08-31
무안군,진봉농장,돼지,,661.0,전라남도 무안군 삼향읍 지산리,,,2020-08-31
무안군,진사골 흑염소,염소,,,전라남도 무안군 일로읍 광암리,,,2020-08-31
무안군,진사동 농장,한우,,,전라남도 무안군 일로읍 광암리,,,2020-08-31
무안군,진사동축산,한우,,,전라남도 무안군 일로읍 진사길,,,2020-08-31
무안군,진석농장,한우,,,전라남도 무안군 망운면 송현길,,,2020-08-31
무안군,진섬농장,한우,,,전라남도 무안군 일로읍 청포로,,,2020-08-31
무안군,진성농장,오리,,14000.0,전라남도 무안군 일로읍 지장리,,,2020-08-31
무안군,진성농장,한우,,,전라남도 무안군 청계면 학유정,,,2020-08-31
무안군,진수농장,한우,,23.0,전라남도 무안군 몽탄면 법천길,,,2020-08-31
무안군,진수농장,한우,,18.0,전라남도 무안군 무안읍 보평로,,,2020-08-31
무안군,진수농장,한우,,25.0,전라남도 무안군 삼향읍 지산리,,,2020-08-31
무안군,진양농장,한우,,13.0,전라남도 무안군 무안읍 고절리,,,2020-08-31
무안군,진영농장,한우,,,전라남도 무안군 무안읍 고절길,,,2020-08-31
무안군,진영축산,한우,,48.0,전라남도 무안군 운남면 두곡길,,,2020-08-31
무안군,진우농장,한우,,7.0,전라남도 무안군 운남면 동암리,,,2020-08-31
무안군,진원농장,한우,,3.0,전라남도 무안군 망운면 피서리,,,2020-08-31
무안군,진주축산,한우,,,전라남도 무안군 몽탄면 인평길,,,2020-08-31
무안군,진학농장,한우,,60.0,전라남도 무안군 일로읍 청포로,,,2020-08-31
무안군,진흥축산,한우,,73.0,전라남도 무안군 현경면 해운리,,,2020-08-31
무안군,짹별농장,육계,,30.0,전라남도 무안군 삼향읍 금동길,,,2020-08-31
무안군,차뫼농장,한우,,62.0,전라남도 무안군 몽탄면 차뫼길,,,2020-08-31
무안군,찬권농장,한우,,,전라남도 무안군 일로읍 의산리,,,2020-08-31
무안군,찬균농장,한우,,,전라남도 무안군 무안읍 오리정,,,2020-08-31
무안군,찬록농장,한우,,2.0,전라남도 무안군 해제면 만풍리,,,2020-08-31
무안군,찬열축산,한우,,82.0,전라남도 무안군 몽탄면 대치로,,,2020-08-31
무안군,찬호축산,한우,,35.0,전라남도 무안군 현경면 마산길,,,2020-08-31
무안군,참나무골농장,한우,,,전라남도 무안군 해제면 만송로,,,2020-08-31
무안군,참냉기농장,한우,,52.0,전라남도 무안군 해제면 만송로,,,2020-08-31
무안군,참좋은농장,한우,,41.0,전라남도 무안군 운남면 연리,,,2020-08-31
무안군,창근농장,한우,,,전라남도 무안군 일로읍 삼천길,,,2020-08-31
무안군,창섭농장,한우,,,전라남도 무안군 청계면 청수리,,,2020-08-31
무안군,창성목장,한우,,10.0,전라남도 무안군 몽탄면 당호리,,,2020-08-31
무안군,창승농장,한우,,58.0,전라남도 무안군 몽탄면 봉명양,,,2020-08-31
무안군,창옥농장,한우,,4.0,전라남도 무안군 몽탄면 학산리,,,2020-08-31
무안군,창우농장,한우,,7.0,전라남도 무안군 해제면 유월리,,,2020-08-31
무안군,창우농장,한우,,31.0,전라남도 무안군 몽탄면 법천길,,,2020-08-31
무안군,창원축산,돼지,,3492.0,전라남도 무안군 청계면 강정길,,,2020-08-31
무안군,창일농장,한우,,,전라남도 무안군 일로읍 의산리,,,2020-08-31
무안군,창조농장,한우,,,전라남도 무안군 삼향읍 국사로,,,2020-08-31
무안군,창포농장,한우,,68.0,전라남도 무안군 무안읍 현남길,,,2020-08-31
무안군,창포농장,한우,,8.0,전라남도 무안군 무안읍 평용리,,,2020-08-31
무안군,창혜농장,한우,,,전라남도 무안군 무안읍 실학실,,,2020-08-31
무안군,창호축산,한우,,7.0,전라남도 무안군 무안읍 성암리,,,2020-08-31
무안군,채규농장,한우,,,전라남도 무안군 몽탄면 약곡리,,,2020-08-31
무안군,채선농장,한우,,38.0,전라남도 무안군 몽탄면 오갈치,,,2020-08-31
무안군,채진농장,한우,,6.0,전라남도 무안군 해제면 유월리,,,2020-08-31
무안군,천둥축산,한우,,14.0,전라남도 무안군 현경면 원동산,,,2020-08-31
무안군,천명농장,한우,,154.0,전라남도 무안군 청계면 태봉안,,,2020-08-31
무안군,천석농장,한우,,,전라남도 무안군 무안읍 성암리,,,2020-08-31
무안군,천석축산,한우,,4.0,전라남도 무안군 무안읍 고절리,,,2020-08-31
무안군,천우농장,한우,,21.0,전라남도 무안군 운남면 양금로,,,2020-08-31
무안군,천장축산,돼지,,,전라남도 무안군 해제면 천장리,,,2020-08-31
무안군,천지영농조합법인,돼지,,30449.0,전라남도 무안군 청계면 청운로,,,2020-08-31
무안군,철규농장,한우,,,전라남도 무안군 일로읍 의산리,,,2020-08-31
무안군,철석농장,한우,,,전라남도 무안군 삼향읍 복룡길,,,2020-08-31
무안군,철수 농장,한우,,23.0,전라남도 무안군 몽탄면 삼산로,,,2020-08-31
무안군,철승농장,한우,,14.0,전라남도 무안군 몽탄면 구산리,,,2020-08-31
무안군,철종농장,한우,,,전라남도 무안군 몽탄면 대치리,,,2020-08-31
무안군,철현축산,한우,,,전라남도 무안군 무안읍 상동안,,,2020-08-31
무안군,철훈농장,한우,,3.0,전라남도 무안군 몽탄면 사천리,,,2020-08-31
무안군,청계농장,육계,,,전라남도 무안군 청계면 서호리,,,2020-08-31
무안군,청금축산,오리,,14000.0,전라남도 무안군 일로읍 지장리,,,2020-08-31
무안군,청룡농장,한우,,,전라남도 무안군 현경면 현화로,,,2020-08-31
무안군,청룡양계장,육계,,72000.0,전라남도 무안군 현경면 현화로,,,2020-08-31
무안군,청룡양계장,육계,,32000.0,전라남도 무안군 현경면 현화로,,,2020-08-31
무안군,청림농장,한우,,57.0,전라남도 무안군 무안읍 중사지,,,2020-08-31
무안군,청마농장,한우,,,전라남도 무안군 현경면 마산길,,,2020-08-31
무안군,청명축산,한우,,,전라남도 무안군 운남면 내리,,,2020-08-31
무안군,청목원농장,한우,,,전라남도 무안군 청계면 연수동,,,2020-08-31
무안군,청솔농장,돼지,,734.0,전라남도 무안군 현경면 현해로,,,2020-08-31
무안군,청송농장,한우,,6.0,전라남도 무안군 몽탄면 봉명양,,,2020-08-31
무안군,청송농장,한우,,104.0,전라남도 무안군 운남면 운남새,,,2020-08-31
무안군,청송농장,한우,,68.0,전라남도 무안군 현경면 현화리,,,2020-08-31
무안군,청수농장,한우,,,전라남도 무안군 청계면 청수길,,,2020-08-31
무안군,청수농장,한우,,,전라남도 무안군 청계면 남청길,,,2020-08-31
무안군,청실홍실,한우,,5.0,전라남도 무안군 현경면 평산리,,,2020-08-31
무안군,청암농장,한우,,30.0,전라남도 무안군 해제면 만풍리,,,2020-08-31
무안군,청용농장,염소,,,전라남도 무안군 몽탄면 사옥길,,,2020-08-31
무안군,청용농장,한우,,19.0,전라남도 무안군 몽탄면 몽탄로,,,2020-08-31
무안군,청용농장,한우,,14.0,전라남도 무안군 몽탄면 몽탄로,,,2020-08-31
무안군,청용농장,한우,,11.0,전라남도 무안군 몽탄면 청용리,,,2020-08-31
무안군,청용목장,한우,,,전라남도 무안군 운남면 운해로,,,2020-08-31
무안군,청운축산,한우,,59.0,전라남도 무안군 망운면 조산길,,,2020-08-31
무안군,청운축산,한우,,,전라남도 무안군 현경면 애북길,,,2020-08-31
무안군,청원농장,한우,,18.0,전라남도 무안군 청계면 청천리,,,2020-08-31
무안군,청원농장,한우,,,전라남도 무안군 일로읍 청금성,,,2020-08-31
무안군,청전농장,한우,,11.0,전라남도 무안군 몽탄면 호반로,,,2020-08-31
무안군,청천농장,한우,,,전라남도 무안군 무안읍 상고절,,,2020-08-31
무안군,청천농장,한우,,,전라남도 무안군 청계면 청천리,,,2020-08-31
무안군,청천축산,한우,,,전라남도 무안군 청계면 청천길,,,2020-08-31
무안군,청초,한우,,27.0,전라남도 무안군 무안읍 신학리,,,2020-08-31
무안군,청파농장,한우,,9.0,전라남도 무안군 몽탄면 대치로,,,2020-08-31
무안군,청포농장,한우,,23.0,전라남도 무안군 일로읍 죽산리,,,2020-08-31
무안군,청하농장,돼지,,490.0,전라남도 무안군 삼향읍 수련길,,,2020-08-31
무안군,청하농장,돼지,,1956.0,전라남도 무안군 삼향읍 수련길,,,2020-08-31
무안군,청하농장,한우,,75.0,전라남도 무안군 무안읍 고절리,,,2020-08-31
무안군,청호농장,한우,,25.0,전라남도 무안군 일로읍 청포로,,,2020-08-31
무안군,청호농장,한우,,,전라남도 무안군 일로읍 일로로,,,2020-08-31
무안군,청호축산,한우,,15.0,전라남도 무안군 일로읍 상사바,,,2020-08-31
무안군,체현농장,한우,,,전라남도 무안군 일로읍 무룡길,,,2020-08-31
무안군,초당농장,한우,,24.0,전라남도 무안군 몽탄면 사창리,,,2020-08-31
무안군,초당축산,한우,,67.0,전라남도 무안군 몽탄면 학사길,,,2020-08-31
무안군,초두농장,한우,,13.0,전라남도 무안군 몽탄면 덕암길,,,2020-08-31
무안군,초원농장,한우,,,전라남도 무안군 현경면 가입길,,,2020-08-31
무안군,초원축산,한우,,12.0,전라남도 무안군 해제면 사야길,,,2020-08-31
무안군,초원한우농장,한우,,3.0,전라남도 무안군 해제면 해제장,,,2020-08-31
무안군,초은농장,돼지,,274.0,전라남도 무안군 현경면 메부리,,,2020-08-31
무안군,초은농장,한우,,31.0,전라남도 무안군 현경면 메부리,,,2020-08-31
무안군,총각농장,한우,,69.0,전라남도 무안군 청계면 서호리,,,2020-08-31
무안군,최민영,한우,,7.0,전라남도 무안군 현경면 해운리,,,2020-08-31
무안군,추석농장,한우,,5.0,전라남도 무안군 일로읍 용산리,,,2020-08-31
무안군,춘배농장,한우,,2.0,전라남도 무안군 현경면 통정길,,,2020-08-31
무안군,춘석농장,한우,,,전라남도 무안군 무안읍 매곡리,,,2020-08-31
무안군,춘식농장,한우,,5.0,전라남도 무안군 일로읍 선돌길,,,2020-08-31
무안군,춘식농장,한우,,9.0,전라남도 무안군 몽탄면 호반로,,,2020-08-31
무안군,춘이농장,한우,,25.0,전라남도 무안군 현경면 평산리,,,2020-08-31
무안군,춘진농장,한우,,,전라남도 무안군 일로읍 복룡리,,,2020-08-31
무안군,충일축산,한우,,,전라남도 무안군 현경면 현시길,,,2020-08-31
무안군,치방농장,한우,,,전라남도 무안군 몽탄면 사창리,,,2020-08-31
무안군,큰골농장,한우,,,전라남도 무안군 해제면 만송로,,,2020-08-31
무안군,탁규농장,한우,,6.0,전라남도 무안군 몽탄면 양마길,,,2020-08-31
무안군,탁근농장,한우,,38.0,전라남도 무안군 몽탄면 약곡길,,,2020-08-31
무안군,탁이농장,한우,,102.0,전라남도 무안군 일로읍 문화로,,,2020-08-31
무안군,탁이농장,한우,,103.0,전라남도 무안군 일로읍 월암리,,,2020-08-31
무안군,태경농장,한우,,12.0,전라남도 무안군 몽탄면 신흥동,,,2020-08-31
무안군,태봉농장,한우,,25.0,전라남도 무안군 청계면 태봉리,,,2020-08-31
무안군,태봉목장,한우,,,전라남도 무안군 청계면 태봉리,,,2020-08-31
무안군,태봉축산,한우,,24.0,전라남도 무안군 일로읍 덕정길,,,2020-08-31
무안군,태부축산,한우,,,전라남도 무안군 몽탄면 우명길,,,2020-08-31
무안군,태산농장,한우,,,전라남도 무안군 해제면 용학리,,,2020-08-31
무안군,태선농장,한우,,36.0,전라남도 무안군 현경면 오류길,,,2020-08-31
무안군,태성농장,한우,,110.0,전라남도 무안군 청계면 월선리,,,2020-08-31
무안군,태식농장,한우,,4.0,전라남도 무안군 현경면 현화리,,,2020-08-31
무안군,태양농장,한우,,16.0,전라남도 무안군 몽탄면 몽탄로,,,2020-08-31
무안군,태양농장,한우,,2.0,전라남도 무안군 현경면 유수정,,,2020-08-31
무안군,태영농장,한우,,19.0,전라남도 무안군 일로읍 의산리,,,2020-08-31
무안군,태영농장,한우,,48.0,전라남도 무안군 삼향읍 송죽길,,,2020-08-31
무안군,태영농장,산양,,,전라남도 무안군 일로읍 영화길,,,2020-08-31
무안군,태영목장,한우,,48.0,전라남도 무안군 일로읍 국사로,,,2020-08-31
무안군,태원축산,한우,,30.0,전라남도 무안군 해제면 현해로,,,2020-08-31
무안군,태인축산,돼지,,,전라남도 무안군 운남면 연리,,,2020-08-31
무안군,태중농장,한우,,3.0,전라남도 무안군 일로읍 등림길,,,2020-08-31
무안군,태현농장,한우,,44.0,전라남도 무안군 삼향읍 지산리,,,2020-08-31
무안군,태현농장,한우,,,전라남도 무안군 일로읍 상신기,,,2020-08-31
무안군,터프카우농장,한우,,22.0,전라남도 무안군 운남면 성내리,,,2020-08-31
무안군,털보축산,한우,,3.0,전라남도 무안군 해제면 해제장,,,2020-08-31
무안군,파도농장,젖소,,71.0,전라남도 무안군 현경면 해운로,,,2020-08-31
무안군,팔구농장,한우,,,전라남도 무안군 현경면 용정리,,,2020-08-31
무안군,팔금농장,돼지,,1973.0,전라남도 무안군 삼향읍 왕산로,,,2020-08-31
무안군,팔학농장,한우,,,전라남도 무안군 운남면 연리,,,2020-08-31
무안군,평산농장,돼지,,1854.0,전라남도 무안군 삼향읍 수련길,,,2020-08-31
무안군,평산농장,한우,,41.0,전라남도 무안군 현경면 현해로,,,2020-08-31
무안군,평산농장,한우,,,전라남도 무안군 현경면 유수정,,,2020-08-31
무안군,평산오리농장,오리,,8800.0,전라남도 무안군 현경면 평산리,,,2020-08-31
무안군,평산축산,한우,,34.0,전라남도 무안군 현경면 원평산,,,2020-08-31
무안군,평용축산,한우,,47.0,전라남도 무안군 무안읍 평용리,,,2020-08-31
무안군,평월축산,한우,,84.0,전라남도 무안군 무안읍 용월리,,,2020-08-31
무안군,평월축산,한우,,2.0,전라남도 무안군 무안읍 평월길,,,2020-08-31
무안군,평호농장,한우,,3.0,전라남도 무안군 일로읍 의산리,,,2020-08-31
무안군,평화농장,돼지,,,전라남도 무안군 삼향읍 수련길,,,2020-08-31
무안군,평환농장,한우,,2.0,전라남도 무안군 몽탄면 귀학리,,,2020-08-31
무안군,푸른농장,한우,,,전라남도 무안군 몽탄면 사동길,,,2020-08-31
무안군,푸른농장,육계,,,전라남도 무안군 운남면 원성내,,,2020-08-31
무안군,푸른친환경영농조합법인,한우,,,전라남도 무안군 무안읍 성동리,,,2020-08-31
무안군,풀잎축산,한우,,109.0,전라남도 무안군 몽탄면 우명길,,,2020-08-31
무안군,풍산농산,한우,,,전라남도 무안군 해제면 현해로,,,2020-08-31
무안군,풍산농장,한우,,,전라남도 무안군 현경면 가입리,,,2020-08-31
무안군,피서농장,한우,,,전라남도 무안군 망운면 운해로,,,2020-08-31
무안군,필섭축산,한우,,,전라남도 무안군 무안읍 고절길,,,2020-08-31
무안군,하나농장,한우,,161.0,전라남도 무안군 몽탄면 법천길,,,2020-08-31
무안군,하늘농장,한우,,4.0,전라남도 무안군 망운면 목서리,,,2020-08-31
무안군,하늘축산,한우,,9.0,전라남도 무안군 삼향읍 지산길,,,2020-08-31
무안군,하묘농장,한우,,50.0,전라남도 무안군 운남면 하묘리,,,2020-08-31
무안군,하묘리농장,한우,,,전라남도 무안군 운남면 하묘리,,,2020-08-31
무안군,하전축산,한우,,,전라남도 무안군 운남면 화전길,,,2020-08-31
무안군,학골농장,돼지,,2227.0,전라남도 무안군 삼향읍 송죽길,,,2020-08-31
무안군,학산농장,한우,,5.0,전라남도 무안군 몽탄면 신학동,,,2020-08-31
무안군,학산축사,한우,,15.0,전라남도 무안군 몽탄면 학산리,,,2020-08-31
무안군,학산축산,한우,,22.0,전라남도 무안군 몽탄면 학산리,,,2020-08-31
무안군,학산축산,한우,,60.0,전라남도 무안군 몽탄면 학산리,,,2020-08-31
무안군,학암축산,한우,,,전라남도 무안군 해제면 학송리,,,2020-08-31
무안군,학전농장,한우,,29.0,전라남도 무안군 몽탄면 삼산로,,,2020-08-31
무안군,학전농장,한우,,16.0,전라남도 무안군 몽탄면 학전길,,,2020-08-31
무안군,학전축산,한우,,,전라남도 무안군 몽탄면 학전길,,,2020-08-31
무안군,한결축산,한우,,54.0,전라남도 무안군 망운면 목동리,,,2020-08-31
무안군,한골농장,한우,,58.0,전라남도 무안군 청계면 월선리,,,2020-08-31
무안군,한국 농장,오리,,,전라남도 무안군 일로읍 일로로,,,2020-08-31
무안군,한농장,한우,,1.0,전라남도 무안군 망운면 신촌길,,,2020-08-31
무안군,한마음농장,한우,,3.0,전라남도 무안군 삼향읍 유교리,,,2020-08-31
무안군,한밀알농장,염소,,,전라남도 무안군 일로읍 죽사동,,,2020-08-31
무안군,한솔 흑염소,염소,,,전라남도 무안군 현경면 장군로,,,2020-08-31
무안군,한우나라,한우,,27.0,전라남도 무안군 망운면 장재길,,,2020-08-31
무안군,한우나라 농장,한우,,29.0,전라남도 무안군 일로읍 청금성,,,2020-08-31
무안군,한우농가,한우,,,전라남도 무안군 현경면 반룡길,,,2020-08-31
무안군,한우농장,한우,,,전라남도 무안군 현경면 양학리,,,2020-08-31
무안군,한우농장,한우,,59.0,전라남도 무안군 무안읍 고절길,,,2020-08-31
무안군,한우목장,한우,,37.0,전라남도 무안군 망운면 서목장,,,2020-08-31
무안군,한우번식축산,한우,,43.0,전라남도 무안군 망운면 조산안,,,2020-08-31
무안군,한우사랑,한우,,43.0,전라남도 무안군 해제면 신등길,,,2020-08-31
무안군,한우사랑,한우,,25.0,전라남도 무안군 해제면 만송로,,,2020-08-31
무안군,한우촌목장,한우,,,전라남도 무안군 망운면 피서길,,,2020-08-31
무안군,한우축사,한우,,,전라남도 무안군 청계면 도대로,,,2020-08-31
무안군,한우축산,한우,,33.0,전라남도 무안군 청계면 월선리,,,2020-08-31
무안군,한우축산,한우,,23.0,전라남도 무안군 망운면 서목장,,,2020-08-31
무안군,한울농장,한우,,7.0,전라남도 무안군 일로읍 망월길,,,2020-08-31
무안군,한재농장,한우,,32.0,전라남도 무안군 몽탄면 한재길,,,2020-08-31
무안군,한재목장,한우,,,전라남도 무안군 몽탄면 대치로,,,2020-08-31
무안군,한조농장,한우,,,전라남도 무안군 몽탄면 노송1,,,2020-08-31
무안군,한주농장,한우,,,전라남도 무안군 몽탄면 사창리,,,2020-08-31
무안군,한주농장,한우,,53.0,전라남도 무안군 몽탄면 사창리,,,2020-08-31
무안군,항길농장,한우,,7.0,전라남도 무안군 무안읍 본고절,,,2020-08-31
무안군,해광축산,한우,,10.0,전라남도 무안군 몽탄면 화산길,,,2020-08-31
무안군,해권농장,한우,,28.0,전라남도 무안군 일로읍 삼산로,,,2020-08-31
무안군,해도농장,한우,,98.0,전라남도 무안군 몽탄면 갈산안,,,2020-08-31
무안군,해동 한우 축사,한우,,,전라남도 무안군 몽탄면 몽탄로,,,2020-08-31
무안군,해동농장,한우,,21.0,전라남도 무안군 망운면 목동리,,,2020-08-31
무안군,해동축산,돼지,,1826.0,전라남도 무안군 삼향읍 왕산리,,,2020-08-31
무안군,해변농장,한우,,52.0,전라남도 무안군 삼향읍 왕산리,,,2020-08-31
무안군,해비치축산,돼지,,6700.0,전라남도 무안군 운남면 동암리,,,2020-08-31
무안군,해성농장,한우,,58.0,전라남도 무안군 무안읍 본고절,,,2020-08-31
무안군,해수농장,한우,,,전라남도 무안군 삼향읍 지산리,,,2020-08-31
무안군,해숙농장,한우,,,전라남도 무안군 현경면 동산리,,,2020-08-31
무안군,해연축산,한우,,7.0,전라남도 무안군 몽탄면 양장리,,,2020-08-31
무안군,해운농장,한우,,34.0,전라남도 무안군 현경면 해운로,,,2020-08-31
무안군,해운양계,육계,,57800.0,전라남도 무안군 현경면 장군로,,,2020-08-31
무안군,해인농장,한우,,49.0,전라남도 무안군 삼향읍 지산리,,,2020-08-31
무안군,해일농장,한우,,,전라남도 무안군 청계면 서호리,,,2020-08-31
무안군,해주1농장,한우,,,전라남도 무안군 현경면 모촌길,,,2020-08-31
무안군,해진농장,한우,,4.0,전라남도 무안군 몽탄면 내리,,,2020-08-31
무안군,해천농장,한우,,9.0,전라남도 무안군 무안읍 백로로,,,2020-08-31
무안군,해철축산,한우,,,전라남도 무안군 몽탄면 남천길,,,2020-08-31
무안군,햇빛농장,한우,,3.0,전라남도 무안군 현경면 평산리,,,2020-08-31
무안군,햇빛촌 농원,육계,,,전라남도 무안군 운남면 신월로,,,2020-08-31
무안군,햇살농장,염소,,,전라남도 무안군 무안읍 현남길,,,2020-08-31
무안군,행남농장,한우,,3.0,전라남도 무안군 무안읍 성동리,,,2020-08-31
무안군,행복농장,한우,,27.0,전라남도 무안군 무안읍 신학리,,,2020-08-31
무안군,행복농장,염소,,,전라남도 무안군 해제면 만풍리,,,2020-08-31
무안군,행복농장,한우,,,전라남도 무안군 무안읍 고절리,,,2020-08-31
무안군,행복축산,한우,,39.0,전라남도 무안군 몽탄면 양장리,,,2020-08-31
무안군,행복한 농장,한우,,18.0,전라남도 무안군 현경면 현화로,,,2020-08-31
무안군,행순농장,한우,,4.0,전라남도 무안군 일로읍 삼천길,,,2020-08-31
무안군,행열 농장,한우,,9.0,전라남도 무안군 일로읍 영친길,,,2020-08-31
무안군,행운농장,한우,,74.0,전라남도 무안군 삼향읍 맥포리,,,2020-08-31
무안군,행천농장,한우,,,전라남도 무안군 몽탄면 법천길,,,2020-08-31
무안군,향남농장,오리,,18800.0,전라남도 무안군 현경면 마산리,,,2020-08-31
무안군,현경농장,한우,,23.0,전라남도 무안군 현경면 장군로,,,2020-08-31
무안군,현경농장,육계,,,전라남도 무안군 현경면 양학리,,,2020-08-31
무안군,현경축산,한우,,4.0,전라남도 무안군 현경면 애북길,,,2020-08-31
무안군,현서축산,한우,,18.0,전라남도 무안군 운남면 대박길,,,2020-08-31
무안군,현숙 농장,한우,,52.0,전라남도 무안군 일로읍 망월길,,,2020-08-31
무안군,현우축산,한우,,42.0,전라남도 무안군 청계면 창포로,,,2020-08-31
무안군,현웅농장,한우,,10.0,전라남도 무안군 현경면 당두길,,,2020-08-31
무안군,현이네농장,한우,,14.0,전라남도 무안군 현경면 애북길,,,2020-08-31
무안군,현이농장,한우,,,전라남도 무안군 청계면 예술촌,,,2020-08-31
무안군,현준축산,한우,,7.0,전라남도 무안군 삼향읍 송죽길,,,2020-08-31
무안군,현진농장,한우,,192.0,전라남도 무안군 몽탄면 양장리,,,2020-08-31
무안군,현철농장,한우,,25.0,전라남도 무안군 몽탄면 우명길,,,2020-08-31
무안군,현철농장,한우,,25.0,전라남도 무안군 몽탄면 사창리,,,2020-08-31
무안군,현철농장,육계,,42000.0,전라남도 무안군 일로읍 광암리,,,2020-08-31
무안군,현해농장,한우,,39.0,전라남도 무안군 해제면 임수리,,,2020-08-31
무안군,현화농장,돼지,,300.0,전라남도 무안군 현경면 백양동,,,2020-08-31
무안군,현화농장,한우,,,전라남도 무안군 현경면 현화로,,,2020-08-31
무안군,현화벌꿀농장,한우,,85.0,전라남도 무안군 현경면 외현화,,,2020-08-31
무안군,현희 농장,한우,,14.0,전라남도 무안군 현경면 평산리,,,2020-08-31
무안군,협동농장,돼지,,,전라남도 무안군 삼향읍 삼향중,,,2020-08-31
무안군,형규농장,한우,,11.0,전라남도 무안군 몽탄면 약곡길,,,2020-08-31
무안군,형근농장,한우,,29.0,전라남도 무안군 일로읍 복룡리,,,2020-08-31
무안군,형남축산,한우,,31.0,전라남도 무안군 일로읍 상신길,,,2020-08-31
무안군,형록축산,한우,,2.0,전라남도 무안군 몽탄면 내리,,,2020-08-31
무안군,형복농장,한우,,14.0,전라남도 무안군 삼향읍 맥포리,,,2020-08-31
무안군,형열축산,한우,,3.0,전라남도 무안군 무안읍 보평로,,,2020-08-31
무안군,형제농장,한우,,54.0,전라남도 무안군 현경면 외반리,,,2020-08-31
무안군,형제농장,육계,,,전라남도 무안군 청계면 복길로,,,2020-08-31
무안군,형제농장,한우,,1.0,전라남도 무안군 일로읍 망월길,,,2020-08-31
무안군,형제축산,한우,,110.0,전라남도 무안군 해제면 창매로,,,2020-08-31
무안군,형제축산,한우,,,전라남도 무안군 무안읍 무안용,,,2020-08-31
무안군,형제축산,염소,,,전라남도 무안군 해제면 땅골길,,,2020-08-31
무안군,형철농장,한우,,14.0,전라남도 무안군 몽탄면 사창리,,,2020-08-31
무안군,형축산,한우,,,전라남도 무안군 운남면 영해로,,,2020-08-31
무안군,혜리농장,한우,,,전라남도 무안군 현경면 마산리,,,2020-08-31
무안군,혜민농장,한우,,127.0,전라남도 무안군 몽탄면 달산리,,,2020-08-31
무안군,혜원축산,돼지,,,전라남도 무안군 삼향읍 왕산로,,,2020-08-31
무안군,혜일농장,한우,,,전라남도 무안군 몽탄면 우명길,,,2020-08-31
무안군,혜자농장,한우,,,전라남도 무안군 몽탄면 몽강리,,,2020-08-31
무안군,혜진축산,한우,,,전라남도 무안군 일로읍 산정길,,,2020-08-31
무안군,호근농장,한우,,1.0,전라남도 무안군 삼향읍 맥포리,,,2020-08-31
무안군,호남축산,한우,,,전라남도 무안군 해제면 양매리,,,2020-08-31
무안군,호남축산,한우,,57.0,전라남도 무안군 현경면 황토길,,,2020-08-31
무안군,호농장,한우,,27.0,전라남도 무안군 현경면 송정리,,,2020-08-31
무안군,호농장,한우,,,전라남도 무안군 현경면 가입리,,,2020-08-31
무안군,호성농장,한우,,36.0,전라남도 무안군 무안읍 보평로,,,2020-08-31
무안군,호암축산,한우,,37.0,전라남도 무안군 운남면 신월로,,,2020-08-31
무안군,호야농장,한우,,2.0,전라남도 무안군 일로읍 청금성,,,2020-08-31
무안군,호철농장,한우,,10.0,전라남도 무안군 현경면 해운리,,,2020-08-31
무안군,홍가농장,한우,,51.0,전라남도 무안군 일로읍 선돌길,,,2020-08-31
무안군,홍규농장,한우,,45.0,전라남도 무안군 해제면 도성길,,,2020-08-31
무안군,홍기농장,한우,,53.0,전라남도 무안군 몽탄면 사내길,,,2020-08-31
무안군,홍도축사,한우,,30.0,전라남도 무안군 무안읍 보평로,,,2020-08-31
무안군,홍문농장,한우,,38.0,전라남도 무안군 일로읍 감돈길,,,2020-08-31
무안군,홍문축산,한우,,,전라남도 무안군 몽탄면 도림산,,,2020-08-31
무안군,홍서농장,육계,,78200.0,전라남도 무안군 일로읍 국사로,,,2020-08-31
무안군,홍성농장,돼지,,483.0,전라남도 무안군 몽탄면 봉명리,,,2020-08-31
무안군,홍수축산,한우,,,전라남도 무안군 청계면 영산로,,,2020-08-31
무안군,홍식농장,한우,,,전라남도 무안군 청계면 남안리,,,2020-08-31
무안군,홍옥농장,한우,,,전라남도 무안군 삼향읍 유교리,,,2020-08-31
무안군,홍익농장,한우,,4.0,전라남도 무안군 일로읍 감돈리,,,2020-08-31
무안군,화산농장,한우,,25.0,전라남도 무안군 몽탄면 화산길,,,2020-08-31
무안군,화서농장,한우,,34.0,전라남도 무안군 무안읍 평용길,,,2020-08-31
무안군,화설농장,육계,,26500.0,전라남도 무안군 무안읍 창포로,,,2020-08-31
무안군,화순농장,한우,,39.0,전라남도 무안군 무안읍 신학리,,,2020-08-31
무안군,화실농장,한우,,11.0,전라남도 무안군 무안읍 황토길,,,2020-08-31
무안군,화원농장,한우,,4.0,전라남도 무안군 몽탄면 덕암길,,,2020-08-31
무안군,화정농장,한우,,40.0,전라남도 무안군 몽탄면 구산리,,,2020-08-31
무안군,환농장,한우,,27.0,전라남도 무안군 청계면 상마리,,,2020-08-31
무안군,황금농장,닭,,,전라남도 무안군 무안읍 함장로,,,2020-08-31
무안군,황금농장,한우,,37.0,전라남도 무안군 무안읍 고절리,,,2020-08-31
무안군,황우농장,한우,,,전라남도 무안군 청계면 학유정,,,2020-08-31
무안군,황토골 사슴 농장,사슴,,,전라남도 무안군 현경면 봉월로,,,2020-08-31
무안군,황토골 흑염소 농장,염소,,,전라남도 무안군 무안읍 고인돌,,,2020-08-31
무안군,회권농장,한우,,,전라남도 무안군 일로읍 구정리,,,2020-08-31
무안군,회산농장,한우,,3.0,전라남도 무안군 일로읍 회룡길,,,2020-08-31
무안군,회산축산,한우,,47.0,전라남도 무안군 일로읍 복룡리,,,2020-08-31
무안군,효성농장,돼지,,1034.0,전라남도 무안군 운남면 영해로,,,2020-08-31
무안군,효심축산,한우,,1.0,전라남도 무안군 현경면 성재길,,,2020-08-31
무안군,후동농장,한우,,7.0,전라남도 무안군 현경면 해운로,,,2020-08-31
무안군,후동목장,한우,,34.0,전라남도 무안군 현경면 해운로,,,2020-08-31
무안군,훈상농방,한우,,17.0,전라남도 무안군 무안읍 용월리,,,2020-08-31
무안군,훈호농장,한우,,76.0,전라남도 무안군 청계면 해안로,,,2020-08-31
무안군,휘네농장,한우,,78.0,전라남도 무안군 무안읍 신학리,,,2020-08-31
무안군,흥민농장,한우,,,전라남도 무안군 일로읍 지장리,,,2020-08-31
무안군,흥원목장,한우,,101.0,전라남도 무안군 운남면 내리,,,2020-08-31
무안군,희망농장,한우,,19.0,전라남도 무안군 무안읍 상고절,,,2020-08-31
무안군,희망농장,한우,,30.0,전라남도 무안군 망운면 목서리,,,2020-08-31
무안군,희망목장,젖소,,78.0,전라남도 무안군 운남면 양금로,,,2020-08-31
무안군,희망축산,한우,,,전라남도 무안군 청계면 무안로,,,2020-08-31
무안군,희망축산,한우,,,전라남도 무안군 일로읍 감돈길,,,2020-08-31
무안군,희성농장,오리,,,전라남도 무안군 삼향읍 지산리,,,2020-08-31
무안군,힘찬농장,한우,,44.0,전라남도 무안군 몽탄면 양장길,,,2020-08-31
무안군,,,,,,,,2025-11-25
무안군,S-농장,돼지,,,전라남도 무안군 운남면 내리 1,,,2025-11-25
무안군,가보영농조합법인 무안지점,돼지,,,전라남도 무안군 청계면 복룡리,,,2025-11-25
무안군,가산농장,한우,,,전라남도 무안군 무안읍 매곡리,,,2025-11-25
무안군,가입축산,한우,,,전라남도 무안군 현경면 가입리,,,2025-11-25
무안군,거기한우,한우,,,전라남도 무안군 몽탄면 구산리,,,2025-11-25
무안군,거북농장,한우,,,전라남도 무안군 일로읍 의산리,,,2025-11-25
무안군,거성농장,한우,,,전라남도 무안군 무안읍 매곡리,,,2025-11-25
무안군,건우농장,한우,,,전라남도 무안군 무안읍 성남리,,,2025-11-25
무안군,건이농장,한우,,,전라남도 무안군 청계면 태봉리,,,2025-11-25
무안군,견우랑,한우,,,전라남도 무안군 무안읍 신학리,,,2025-11-25
무안군,경담농장,한우,,,전라남도 무안군 몽탄면 내리 8,,,2025-11-25
무안군,경수축산,한우,,,전라남도 무안군 일로읍 의산리,,,2025-11-25
무안군,경식 농장,한우,,,전라남도 무안군 삼향읍 맥포리,,,2025-11-25
무안군,경영농장,한우,,,전라남도 무안군 몽탄면 사창리,,,2025-11-25
무안군,경화축산,한우,,,전라남도 무안군 운남면 하묘리,,,2025-11-25
무안군,계욱농장,한우,,,전라남도 무안군 일로읍 감돈리,,,2025-11-25
무안군,고설화농장,한우,,,전라남도 무안군 무안읍 신학리,,,2025-11-25
무안군,고운농장,한우,,,전라남도 무안군 운남면 하묘리,,,2025-11-25
무안군,고절농장,한우,,,전라남도 무안군 무안읍 고절리,,,2025-11-25
무안군,고절축산,한우,,,전라남도 무안군 무안읍 고절리,,,2025-11-25
무안군,고지축산,산양,,,전라남도 무안군 무안읍 신학리,,,2025-11-25
무안군,곤이준이축산,한우,,,전라남도 무안군 망운면 송현리,,,2025-11-25
무안군,관수축산,한우,,,전라남도 무안군 몽탄면 청용리,,,2025-11-25
무안군,관호농장,한우,,,전라남도 무안군 해제면 송석리,,,2025-11-25
무안군,광복축산,한우,,,전라남도 무안군 망운면 피서리,,,2025-11-25
무안군,광부 농장,한우,,,전라남도 무안군 현경면 현화리,,,2025-11-25
무안군,광석농장,한우,,,전라남도 무안군 망운면 송현리,,,2025-11-25
무안군,광선이농장,한우,,,전라남도 무안군 몽탄면 사창리,,,2025-11-25
무안군,광선축산,한우,,,전라남도 무안군 일로읍 용산리,,,2025-11-25
무안군,광식농장,한우,,,전라남도 무안군 망운면 목서리,,,2025-11-25
무안군,광진농장,한우,,,전라남도 무안군 운남면 연리 7,,,2025-11-25
무안군,광천들농장,한우,,,전라남도 무안군 해제면 광산리,,,2025-11-25
무안군,구남농장,산양,,,전라남도 무안군 청계면 남성리,,,2025-11-25
무안군,구정축산,한우,,,전라남도 무안군 일로읍 구정리,,,2025-11-25
무안군,국일농장,한우,,,전라남도 무안군 현경면 평산리,,,2025-11-25
무안군,규성농장,한우,,,전라남도 무안군 청계면 남성리,,,2025-11-25
무안군,그레이트 팜,육계,,,전라남도 무안군 현경면 현화리,,,2025-11-25
무안군,그린영농조합법인,종계+산란계,,,전라남도 무안군 해제면 광산리,,,2025-11-25
무안군,근순축산,한우,,,전라남도 무안군 청계면 청계리,,,2025-11-25
무안군,근화농장,한우,,,전라남도 무안군 삼향읍 왕산리,,,2025-11-25
무안군,금곡축산,한우,,,전라남도 무안군 해제면 만풍리,,,2025-11-25
무안군,금동이네,한우,,,전라남도 무안군 일로읍 복룡리,,,2025-11-25
무안군,금성농장,오리,,,전라남도 무안군 일로읍 지장리,,,2025-11-25
무안군,금성농장,오리,,,전라남도 무안군 일로읍 감돈리,,,2025-11-25
무안군,금성농장,육계,,,전라남도 무안군 청계면 서호리,,,2025-11-25
무안군,금성농장,한우,,,전라남도 무안군 청계면 남성리,,,2025-11-25
무안군,금성농장,한우,,,전라남도 무안군 무안읍 신학리,,,2025-11-25
무안군,금영농장,한우,,,전라남도 무안군 일로읍 복룡리,,,2025-11-25
무안군,금호농장,한우,,,전라남도 무안군 몽탄면 당호리,,,2025-11-25
무안군,기권농장,한우,,,전라남도 무안군 몽탄면 사천리,,,2025-11-25
무안군,기쁨농장,한우,,,전라남도 무안군 몽탄면 당호리,,,2025-11-25
무안군,기쁨농장,한우,,,전라남도 무안군 몽탄면 명산리,,,2025-11-25
무안군,기성농장,한우,,,전라남도 무안군 몽탄면 내리 1,,,2025-11-25
무안군,기운농장,한우,,,전라남도 무안군 운남면 내리 9,,,2025-11-25
무안군,기택농장,한우,,,전라남도 무안군 몽탄면 명산리,,,2025-11-25
무안군,기환농장,한우,,,전라남도 무안군 몽탄면 내리 4,,,2025-11-25
무안군,길순농장,한우,,,전라남도 무안군 운남면 동암리,,,2025-11-25
무안군,김성배축산,한우,,,전라남도 무안군 몽탄면 사창리,,,2025-11-25
무안군,김정기 농장,육계,,,전라남도 무안군 해제면 용학리,,,2025-11-25
무안군,까치농장,한우,,,전라남도 무안군 운남면 연리 1,,,2025-11-25
무안군,꽃회사농장,한우,,,전라남도 무안군 망운면 송현리,,,2025-11-25
무안군,나유농장,한우,,,전라남도 무안군 일로읍 죽산리,,,2025-11-25
무안군,남경농장,한우,,,전라남도 무안군 현경면 평산리,,,2025-11-25
무안군,남권축산,한우,,,전라남도 무안군 몽탄면 내리 6,,,2025-11-25
무안군,남도축산,한우,,,전라남도 무안군 현경면 평산리,,,2025-11-25
무안군,남석농장,한우,,,전라남도 무안군 일로읍 지장리,,,2025-11-25
무안군,남석농장,사슴,,,전라남도 무안군 현경면 동산리,,,2025-11-25
무안군,남수농장,한우,,,전라남도 무안군 몽탄면 내리 8,,,2025-11-25
무안군,남안농장,육계,,,전라남도 무안군 청계면 남안리,,,2025-11-25
무안군,남양농장,한우,,,전라남도 무안군 일로읍 감돈리,,,2025-11-25
무안군,남영축산,한우,,,전라남도 무안군 일로읍 산정리,,,2025-11-25
무안군,남옥농장,한우,,,전라남도 무안군 해제면 덕산리,,,2025-11-25
무안군,내덕농장,돼지,,,전라남도 무안군 망운면 목서리,,,2025-11-25
무안군,내동축산,한우,,,전라남도 무안군 운남면 내리 3,,,2025-11-25
무안군,내화농장,육계,,,전라남도 무안군 운남면 연리 1,,,2025-11-25
무안군,내화농장,한우,,,전라남도 무안군 운남면 연리 9,,,2025-11-25
무안군,내화삼계,육계,,,전라남도 무안군 운남면 성내리,,,2025-11-25
무안군,네기목장,한우,,,전라남도 무안군 현경면 동산리,,,2025-11-25
무안군,노두농장,한우,,,전라남도 무안군 몽탄면 당호리,,,2025-11-25
무안군,노정순축산,한우,,,전라남도 무안군 일로읍 월암리,,,2025-11-25
무안군,농업회사법인 유한회사 진성축산(대표 : 박진성),돼지,,,전라남도 무안군 현경면 오류리,,,2025-11-25
무안군,농업회사법인 유한회사 희망찬,돼지,,,전라남도 무안군 망운면 목동리,,,2025-11-25
무안군,늘푸른농장,한우,,,전라남도 무안군 무안읍 성동리,,,2025-11-25
무안군,다복하누,한우,,,전라남도 무안군 무안읍 고절리,,,2025-11-25
무안군,다복하누,한우,,,전라남도 무안군 현경면 동산리,,,2025-11-25
무안군,다산농장,한우,,,전라남도 무안군 몽탄면 다산리,,,2025-11-25
무안군,다산축산,한우,,,전라남도 무안군 몽탄면 다산리,,,2025-11-25
무안군,다온농장,육계,,,전라남도 무안군 일로읍 지장리,,,2025-11-25
무안군,다올농축산,한우,,,전라남도 무안군 무안읍 신학리,,,2025-11-25
무안군,다우목장,한우,,,전라남도 무안군 청계면 월선리,,,2025-11-25
무안군,달건너농장,한우,,,전라남도 무안군 운남면 연리 5,,,2025-11-25
무안군,달성농장,돼지,,,전라남도 무안군 몽탄면 달산리,,,2025-11-25
무안군,당호축산,한우,,,전라남도 무안군 몽탄면 당호리,,,2025-11-25
무안군,대기농장,한우,,,전라남도 무안군 몽탄면 내리 1,,,2025-11-25
무안군,대박축산,돼지,,,전라남도 무안군 운남면 성내리,,,2025-11-25
무안군,대선축산,한우,,,전라남도 무안군 무안읍 교촌리,,,2025-11-25
무안군,대성농장,한우,,,전라남도 무안군 운남면 성내리,,,2025-11-25
무안군,대성농장,한우,,,전라남도 무안군 일로읍 죽산리,,,2025-11-25
무안군,대성농장,한우,,,전라남도 무안군 무안읍 고절리,,,2025-11-25
무안군,대성축산,한우,,,전라남도 무안군 몽탄면 학산리,,,2025-11-25
무안군,대신농장,육계,,,전라남도 무안군 운남면 연리 2,,,2025-11-25
무안군,대신축산,한우,,,전라남도 무안군 몽탄면 양장리,,,2025-11-25
무안군,대연축산,한우,,,전라남도 무안군 삼향읍 맥포리,,,2025-11-25
무안군,대용 농장,한우,,,전라남도 무안군 무안읍 용월리,,,2025-11-25
무안군,대진농장,한우,,,전라남도 무안군 몽탄면 봉명리,,,2025-11-25
무안군,대풍농장,한우,,,전라남도 무안군 일로읍 감돈리,,,2025-11-25
무안군,대한농장,한우,,,전라남도 무안군 망운면 목서리,,,2025-11-25
무안군,대흥농장,한우,,,전라남도 무안군 몽탄면 봉명리,,,2025-11-25
무안군,덕성축산,한우,,,전라남도 무안군 청계면 서호리,,,2025-11-25
무안군,덕수농장,한우,,,전라남도 무안군 일로읍 용산리,,,2025-11-25
무안군,덕암농장,한우,,,전라남도 무안군 몽탄면 사창리,,,2025-11-25
무안군,덕영농장,한우,,,전라남도 무안군 몽탄면 내리 7,,,2025-11-25
무안군,덕진농장,육계,,,전라남도 무안군 운남면 동암리,,,2025-11-25
무안군,데메테르M,종계+산란계,,,전라남도 무안군 운남면 연리 1,,,2025-11-25
무안군,도담농장,종계업,,,전라남도 무안군 무안읍 매곡리,,,2025-11-25
무안군,도성농장,한우,,,전라남도 무안군 해제면 용학리,,,2025-11-25
무안군,도원농장,한우,,,전라남도 무안군 해제면 천장리,,,2025-11-25
무안군,도원농장,돼지,,,전라남도 무안군 운남면 성내리,,,2025-11-25
무안군,도율농장,종계+산란계,,,전라남도 무안군 운남면 동암리,,,2025-11-25
무안군,도하농장,한우,,,전라남도 무안군 현경면 해운리,,,2025-11-25
무안군,돈유촌농장,돼지,,,전라남도 무안군 일로읍 의산리,,,2025-11-25
무안군,동규축산,한우,,,전라남도 무안군 무안읍 성동리,,,2025-11-25
무안군,동막골 축산,한우,,,전라남도 무안군 청계면 태봉리,,,2025-11-25
무안군,동물농장,한우,,,전라남도 무안군 무안읍 교촌리,,,2025-11-25
무안군,동산농장,종돈업,,,전라남도 무안군 현경면 동산리,,,2025-11-25
무안군,동산축산,한우,,,전라남도 무안군 현경면 동산리,,,2025-11-25
무안군,동산축산,한우,,,전라남도 무안군 해제면 용학리,,,2025-11-25
무안군,동암농장,한우,,,전라남도 무안군 청계면 남안리,,,2025-11-25
무안군,동영농장,한우,,,전라남도 무안군 삼향읍 왕산리,,,2025-11-25
무안군,동학농장,한우,,,전라남도 무안군 해제면 석룡리,,,2025-11-25
무안군,두동농장,한우,,,전라남도 무안군 현경면 수양리,,,2025-11-25
무안군,두레농장,한우,,,전라남도 무안군 몽탄면 달산리,,,2025-11-25
무안군,두레축산,돼지,,,전라남도 무안군 현경면 평산리,,,2025-11-25
무안군,두안축산,한우,,,전라남도 무안군 무안읍 성암리,,,2025-11-25
무안군,뜨락한우,한우,,,전라남도 무안군 몽탄면 양장리,,,2025-11-25
무안군,라온농장,한우,,,전라남도 무안군 몽탄면 내리 5,,,2025-11-25
무안군,라원농장,한우,,,전라남도 무안군 몽탄면 당호리,,,2025-11-25
무안군,림축산,한우,,,전라남도 무안군 삼향읍 맥포리,,,2025-11-25
무안군,마굿간,한우,,,전라남도 무안군 일로읍 광암리,,,2025-11-25
무안군,마산농장,한우,,,전라남도 무안군 현경면 마산리,,,2025-11-25
무안군,마실농장,한우,,,전라남도 무안군 해제면 용학리,,,2025-11-25
무안군,만리농장,한우,,,전라남도 무안군 해제면 천장리,,,2025-11-25
무안군,만석농장,한우,,,전라남도 무안군 망운면 목동리,,,2025-11-25
무안군,만석농장,한우,,,전라남도 무안군 몽탄면 사천리,,,2025-11-25
무안군,매봉축산,한우,,,전라남도 무안군 몽탄면 양장리,,,2025-11-25
무안군,매실농장,한우,,,전라남도 무안군 현경면 해운리,,,2025-11-25
무안군,맹수 농장,한우,,,전라남도 무안군 현경면 양학리,,,2025-11-25
무안군,명규농장,한우,,,전라남도 무안군 무안읍 매곡리,,,2025-11-25
무안군,명수농장,한우,,,전라남도 무안군 청계면 상마리,,,2025-11-25
무안군,명자농장,한우,,,전라남도 무안군 몽탄면 명산리,,,2025-11-25
무안군,명진축산,한우,,,전라남도 무안군 운남면 하묘리,,,2025-11-25
무안군,명진축산,한우,,,전라남도 무안군 해제면 용학리,,,2025-11-25
무안군,명축산,한우,,,전라남도 무안군 청계면 송현리,,,2025-11-25
무안군,명호농장,한우,,,전라남도 무안군 몽탄면 봉명리,,,2025-11-25
무안군,모촌 축사,한우,,,전라남도 무안군 현경면 양학리,,,2025-11-25
무안군,목포무안신안축협 청계생축장,한우,,,전라남도 무안군 청계면 복룡리,,,2025-11-25
무안군,무동농장,한우,,,전라남도 무안군 해제면 양매리,,,2025-11-25
무안군,무룡축산,한우,,,전라남도 무안군 일로읍 의산리,,,2025-11-25
무안군,무안 흑염소,한우,,,전라남도 무안군 몽탄면 양장리,,,2025-11-25
무안군,무안 흑염소,염소,,,전라남도 무안군 망운면 피서리,,,2025-11-25
무안군,무안SP센타,돼지,,,전라남도 무안군 현경면 평산리,,,2025-11-25
무안군,무안농장,한우,,,전라남도 무안군 몽탄면 봉산리,,,2025-11-25
무안군,무안농장,육계,,,전라남도 무안군 현경면 평산리,,,2025-11-25
무안군,문경목장,젖소,,,전라남도 무안군 현경면 해운리,,,2025-11-25
무안군,문동축산,한우,,,전라남도 무안군 몽탄면 사천리,,,2025-11-25
무안군,문정농장,한우,,,전라남도 무안군 몽탄면 사천리,,,2025-11-25
무안군,문주농장,한우,,,전라남도 무안군 무안읍 성남리,,,2025-11-25
무안군,문주농장,한우,,,전라남도 무안군 현경면 양학리,,,2025-11-25
무안군,미경농장,한우,,,전라남도 무안군 몽탄면 당호리,,,2025-11-25
무안군,미래농장,한우,,,전라남도 무안군 청계면 서호리,,,2025-11-25
무안군,미선농장,한우,,,전라남도 무안군 무안읍 신학리,,,2025-11-25
무안군,미영농장,한우,,,전라남도 무안군 현경면 동산리,,,2025-11-25
무안군,민연축산,한우,,,전라남도 무안군 청계면 서호리,,,2025-11-25
무안군,민주농장,한우,,,전라남도 무안군 무안읍 성남리,,,2025-11-25
무안군,민지농장,한우,,,전라남도 무안군 무안읍 고절리,,,2025-11-25
무안군,밀양농장,한우,,,전라남도 무안군 몽탄면 명산리,,,2025-11-25
무안군,바다축산,한우,,,전라남도 무안군 운남면 연리 5,,,2025-11-25
무안군,바우축산,한우,,,전라남도 무안군 몽탄면 대치리,,,2025-11-25
무안군,배로농장,종계+산란계,,,전라남도 무안군 청계면 남성리,,,2025-11-25
무안군,백동농장,한우,,,전라남도 무안군 해제면 천장리,,,2025-11-25
무안군,백두농장,한우,,,전라남도 무안군 현경면 해운리,,,2025-11-25
무안군,백제농장,한우,,,전라남도 무안군 삼향읍 맥포리,,,2025-11-25
무안군,벌포농장,한우,,,전라남도 무안군 청계면 서호리,,,2025-11-25
무안군,범우축산,한우,,,전라남도 무안군 청계면 복룡리,,,2025-11-25
무안군,베델염소농장,염소,,,전라남도 무안군 청계면 복길리,,,2025-11-25
무안군,베베농장,한우,,,전라남도 무안군 삼향읍 맥포리,,,2025-11-25
무안군,베스트농장,한우,,,전라남도 무안군 몽탄면 다산리,,,2025-11-25
무안군,병두농장,한우,,,전라남도 무안군 일로읍 의산리,,,2025-11-25
무안군,병섭농장,한우,,,전라남도 무안군 일로읍 월암리,,,2025-11-25
무안군,병일농장,한우,,,전라남도 무안군 일로읍 의산리,,,2025-11-25
무안군,보람농장,한우,,,전라남도 무안군 무안읍 교촌리,,,2025-11-25
무안군,보람농장,한우,,,전라남도 무안군 몽탄면 사천리,,,2025-11-25
무안군,보림농장,한우,,,전라남도 무안군 몽탄면 학산리,,,2025-11-25
무안군,보배농장,한우,,,전라남도 무안군 몽탄면 명산리,,,2025-11-25
무안군,보아농장,한우,,,전라남도 무안군 일로읍 죽산리,,,2025-11-25
무안군,보은농장,한우,,,전라남도 무안군 일로읍 청호리,,,2025-11-25
무안군,보인농장,한우,,,전라남도 무안군 일로읍 망월리,,,2025-11-25
무안군,보평농장,한우,,,전라남도 무안군 무안읍 매곡리,,,2025-11-25
무안군,복길 흑염소 농장,염소,,,전라남도 무안군 청계면 복길리,,,2025-11-25
무안군,복룡농축산,한우,,,전라남도 무안군 일로읍 복룡리,,,2025-11-25
무안군,복룡축산,한우,,,전라남도 무안군 청계면 복룡리,,,2025-11-25
무안군,복산위탁합명회사,한우,,,전라남도 무안군 일로읍 복룡리,,,2025-11-25
무안군,복현농장,한우,,,전라남도 무안군 일로읍 용산리,,,2025-11-25
무안군,복희 농장,한우,,,전라남도 무안군 몽탄면 사천리,,,2025-11-25
무안군,복희농장,한우,,,전라남도 무안군 몽탄면 당호리,,,2025-11-25
무안군,봉명농장,한우,,,전라남도 무안군 몽탄면 봉명리,,,2025-11-25
무안군,봉암축산,한우,,,전라남도 무안군 몽탄면 대치리,,,2025-11-25
무안군,봉축산,한우,,,전라남도 무안군 일로읍 용산리,,,2025-11-25
무안군,부부농장,육계,,,전라남도 무안군 일로읍 의산리,,,2025-11-25
무안군,부부농장,한우,,,전라남도 무안군 무안읍 신학리,,,2025-11-25
무안군,부영농장3,돼지,,,전라남도 무안군 망운면 목동리,,,2025-11-25
무안군,부자농장,한우,,,전라남도 무안군 몽탄면 내리 1,,,2025-11-25
무안군,분무골농장,한우,,,전라남도 무안군 청계면 상마리,,,2025-11-25
무안군,분이농장,돼지,,,전라남도 무안군 운남면 연리 7,,,2025-11-25
무안군,붕어농장,한우,,,전라남도 무안군 청계면 사마리,,,2025-11-25
무안군,빅백오십삼,한우,,,전라남도 무안군 망운면 목서리,,,2025-11-25
무안군,사계절농장,한우,,,전라남도 무안군 몽탄면 봉산리,,,2025-11-25
무안군,사또테마농장,한우,,,전라남도 무안군 일로읍 구정리,,,2025-11-25
무안군,사랑 농장,한우,,,전라남도 무안군 망운면 송현리,,,2025-11-25
무안군,사랑농장,한우,,,전라남도 무안군 일로읍 광암리,,,2025-11-25
무안군,사창축산,한우,,,전라남도 무안군 몽탄면 사창리,,,2025-11-25
무안군,사천농장,한우,,,전라남도 무안군 몽탄면 사천리,,,2025-11-25
무안군,산들농장,한우,,,전라남도 무안군 몽탄면 대치리,,,2025-11-25
무안군,산수농장,한우,,,전라남도 무안군 몽탄면 달산리,,,2025-11-25
무안군,산옥농장,한우,,,전라남도 무안군 삼향읍 맥포리,,,2025-11-25
무안군,산울농원,오리,,,전라남도 무안군 현경면 양학리,,,2025-11-25
무안군,삼남매 농장,염소,,,전라남도 무안군 현경면 양학리,,,2025-11-25
무안군,삼남매 농장,한우,,,전라남도 무안군 몽탄면 달산리,,,2025-11-25
무안군,삼례농장,한우,,,전라남도 무안군 일로읍 지장리,,,2025-11-25
무안군,삼민농장,돼지,,,전라남도 무안군 몽탄면 봉명리,,,2025-11-25
무안군,삼신부화장,닭(부화업),,,전라남도 무안군 몽탄면 청용리,,,2025-11-25
무안군,삼일농장,한우,,,전라남도 무안군 삼향읍 용포리,,,2025-11-25
무안군,삼호농장,한우,,,전라남도 무안군 현경면 외반리,,,2025-11-25
무안군,삼호농장,한우,,,전라남도 무안군 삼향읍 용포리,,,2025-11-25
무안군,상기축산,한우,,,전라남도 무안군 해제면 송석리,,,2025-11-25
무안군,상길농장,한우,,,전라남도 무안군 일로읍 상신기,,,2025-11-25
무안군,상길농장,한우,,,전라남도 무안군 몽탄면 사창리,,,2025-11-25
무안군,상록수농장,한우,,,전라남도 무안군 해제면 천장리,,,2025-11-25
무안군,상봉한우,한우,,,전라남도 무안군 무안읍 교촌리,,,2025-11-25
무안군,상빈농장,한우,,,전라남도 무안군 몽탄면 양장리,,,2025-11-25
무안군,상섭농장,한우,,,전라남도 무안군 몽탄면 청용리,,,2025-11-25
무안군,상순농장,한우,,,전라남도 무안군 무안읍 용월리,,,2025-11-25
무안군,상순농장,한우,,,전라남도 무안군 몽탄면 구산리,,,2025-11-25
무안군,상호축산,한우,,,전라남도 무안군 청계면 송현리,,,2025-11-25
무안군,상훈농장,한우,,,전라남도 무안군 현경면 해운리,,,2025-11-25
무안군,상훈농장,한우,,,전라남도 무안군 청계면 청천리,,,2025-11-25
무안군,상훈축산,한우,,,전라남도 무안군 몽탄면 명산리,,,2025-11-25
무안군,새뜸농장,한우,,,전라남도 무안군 무안읍 평용리,,,2025-11-25
무안군,새린농장,한우,,,전라남도 무안군 삼향읍 맥포리,,,2025-11-25
무안군,새참농장,한우,,,전라남도 무안군 해제면 양매리,,,2025-11-25
무안군,새터축산,한우,,,전라남도 무안군 일로읍 구정리,,,2025-11-25
무안군,새한농장,돼지,,,전라남도 무안군 청계면 월선리,,,2025-11-25
무안군,샘골농장,한우,,,전라남도 무안군 일로읍 산정리,,,2025-11-25
무안군,샛별농장,한우,,,전라남도 무안군 무안읍 교촌리,,,2025-11-25
무안군,샛별농장,육계,,,전라남도 무안군 삼향읍 맥포리,,,2025-11-25
무안군,샛별축산,한우,,,전라남도 무안군 해제면 산길리,,,2025-11-25
무안군,샤론농장,한우,,,전라남도 무안군 청계면 복길리,,,2025-11-25
무안군,서나라농장,한우,,,전라남도 무안군 일로읍 감돈리,,,2025-11-25
무안군,서당농장,돼지,,,전라남도 무안군 일로읍 감돈리,,,2025-11-25
무안군,서부농장,한우,,,전라남도 무안군 몽탄면 당호리,,,2025-11-25
무안군,서산팜스,한우,,,전라남도 무안군 현경면 양학리,,,2025-11-25
무안군,서영축산,육계,,,전라남도 무안군 망운면 피서리,,,2025-11-25
무안군,서원농장,한우,,,전라남도 무안군 해제면 천장리,,,2025-11-25
무안군,서해안 농장,한우,,,전라남도 무안군 무안읍 성동리,,,2025-11-25
무안군,석광농장,한우,,,전라남도 무안군 현경면 가입리,,,2025-11-25
무안군,석진 농장,한우,,,전라남도 무안군 해제면 산길리,,,2025-11-25
무안군,석포축사,한우,,,전라남도 무안군 해제면 임수리,,,2025-11-25
무안군,선경농장,한우,,,전라남도 무안군 현경면 동산리,,,2025-11-25
무안군,선기축산,한우,,,전라남도 무안군 해제면 양매리,,,2025-11-25
무안군,선대농장,한우,,,전라남도 무안군 운남면 동암리,,,2025-11-25
무안군,선축산,한우,,,전라남도 무안군 일로읍 감돈리,,,2025-11-25
무안군,선홍농장,한우,,,전라남도 무안군 무안읍 신학리,,,2025-11-25
무안군,선화농장,한우,,,전라남도 무안군 일로읍 의산리,,,2025-11-25
무안군,설화농장,한우,,,전라남도 무안군 무안읍 신학리,,,2025-11-25
무안군,성돌농장,한우,,,전라남도 무안군 일로읍 감돈리,,,2025-11-25
무안군,성무목장,한우,,,전라남도 무안군 청계면 서호리,,,2025-11-25
무안군,성민 농장,한우,,,전라남도 무안군 청계면 남성리,,,2025-11-25
무안군,성신농장,한우,,,전라남도 무안군 일로읍 복룡리,,,2025-11-25
무안군,성아영농조합법인,돼지,,,전라남도 무안군 청계면 서호리,,,2025-11-25
무안군,성안농장,한우,,,전라남도 무안군 몽탄면 청용리,,,2025-11-25
무안군,성오축산,한우,,,전라남도 무안군 몽탄면 명산리,,,2025-11-25
무안군,성오축산영농조합법인,돼지,,,전라남도 무안군 일로읍 복룡리,,,2025-11-25
무안군,성우농장,한우,,,전라남도 무안군 몽탄면 봉명리,,,2025-11-25
무안군,성욱목장,한우,,,전라남도 무안군 현경면 동산리,,,2025-11-25
무안군,성운농장,한우,,,전라남도 무안군 청계면 청계리,,,2025-11-25
무안군,성운목장,젖소,,,전라남도 무안군 현경면 동산리,,,2025-11-25
무안군,성원축산,돼지,,,전라남도 무안군 청계면 도대리,,,2025-11-25
무안군,성인농장,한우,,,전라남도 무안군 삼향읍 왕산리,,,2025-11-25
무안군,성일농장,한우,,,전라남도 무안군 몽탄면 달산리,,,2025-11-25
무안군,성일축사,한우,,,전라남도 무안군 삼향읍 맥포리,,,2025-11-25
무안군,성일축산,한우,,,전라남도 무안군 망운면 피서리,,,2025-11-25
무안군,성일축산 영농조합법인,돼지,,,전라남도 무안군 일로읍 복룡리,,,2025-11-25
무안군,성주농장,한우,,,전라남도 무안군 해제면 용학리,,,2025-11-25
무안군,성창축산,한우,,,전라남도 무안군 삼향읍 왕산리,,,2025-11-25
무안군,성포농장,한우,,,전라남도 무안군 해제면 광산리,,,2025-11-25
무안군,성하농장,한우,,,전라남도 무안군 무안읍 고절리,,,2025-11-25
무안군,성하농장,오리,,,전라남도 무안군 현경면 수양리,,,2025-11-25
무안군,성하농장,한우,,,전라남도 무안군 일로읍 감돈리,,,2025-11-25
무안군,성혁농장,돼지,,,전라남도 무안군 운남면 연리 1,,,2025-11-25
무안군,성훈농장,한우,,,전라남도 무안군 청계면 상마리,,,2025-11-25
무안군,성희농장,한우,,,전라남도 무안군 청계면 서호리,,,2025-11-25
무안군,세강축산,한우,,,전라남도 무안군 일로읍 복룡리,,,2025-11-25
무안군,세원축산,한우,,,전라남도 무안군 일로읍 복룡리,,,2025-11-25
무안군,세은축사,한우,,,전라남도 무안군 현경면 양학리,,,2025-11-25
무안군,세진농장,한우,,,전라남도 무안군 무안읍 용월리,,,2025-11-25
무안군,소드리목장,한우,,,전라남도 무안군 일로읍 복룡리,,,2025-11-25
무안군,소망농장,한우,,,전라남도 무안군 현경면 해운리,,,2025-11-25
무안군,소사랑농장,한우,,,전라남도 무안군 현경면 동산리,,,2025-11-25
무안군,소진농장,한우,,,전라남도 무안군 청계면 남성리,,,2025-11-25
무안군,소쿠리농장,한우,,,전라남도 무안군 청계면 도림리,,,2025-11-25
무안군,송계농장,한우,,,전라남도 무안군 해제면 송석리,,,2025-11-25
무안군,송림축산,한우,,,전라남도 무안군 몽탄면 달산리,,,2025-11-25
무안군,송배농장,한우,,,전라남도 무안군 일로읍 상신기,,,2025-11-25
무안군,송산축산,한우,,,전라남도 무안군 삼향읍 맥포리,,,2025-11-25
무안군,송이농장,한우,,,전라남도 무안군 망운면 피서리,,,2025-11-25
무안군,송전농장,돼지,,,전라남도 무안군 삼향읍 맥포리,,,2025-11-25
무안군,송정오리농장,오리,,,전라남도 무안군 현경면 송정리,,,2025-11-25
무안군,송진농장,한우,,,전라남도 무안군 해제면 임수리,,,2025-11-25
무안군,송현축사,한우,,,전라남도 무안군 청계면 복룡리,,,2025-11-25
무안군,쇠똥구리 농장,한우,,,전라남도 무안군 몽탄면 명산리,,,2025-11-25
무안군,수경농장,한우,,,전라남도 무안군 몽탄면 양장리,,,2025-11-25
무안군,수광농장,한우,,,전라남도 무안군 현경면 동산리,,,2025-11-25
무안군,수빈은성농장,한우,,,전라남도 무안군 몽탄면 달산리,,,2025-11-25
무안군,수암농장,한우,,,전라남도 무안군 해제면 유월리,,,2025-11-25
무안군,수암농장,육계,,,전라남도 무안군 현경면 가입리,,,2025-11-25
무안군,수양촌농장,염소,,,전라남도 무안군 현경면 수양리,,,2025-11-25
무안군,수영농장,오리,,,전라남도 무안군 현경면 마산리,,,2025-11-25
무안군,수영농장,염소,,,전라남도 무안군 현경면 용정리,,,2025-11-25
무안군,수정목장,한우,,,전라남도 무안군 청계면 월선리,,,2025-11-25
무안군,수정축산,한우,,,전라남도 무안군 삼향읍 용포리,,,2025-11-25
무안군,수화농장,한우,,,전라남도 무안군 삼향읍 유교리,,,2025-11-25
무안군,숙경농장,한우,,,전라남도 무안군 일로읍 감돈리,,,2025-11-25
무안군,순길농장,한우,,,전라남도 무안군 일로읍 감돈리,,,2025-11-25
무안군,순만농장,한우,,,전라남도 무안군 청계면 월선리,,,2025-11-25
무안군,순이농장,한우,,,전라남도 무안군 현경면 해운리,,,2025-11-25
무안군,순자축산,한우,,,전라남도 무안군 현경면 마산리,,,2025-11-25
무안군,순천목장,한우,,,전라남도 무안군 현경면 평산리,,,2025-11-25
무안군,순학농장,한우,,,전라남도 무안군 몽탄면 사천리,,,2025-11-25
무안군,슬산오리농장,종오리업,,,전라남도 무안군 해제면 덕산리,,,2025-11-25
무안군,승달농장,한우,,,전라남도 무안군 몽탄면 달산리,,,2025-11-25
무안군,승달목장,한우,,,전라남도 무안군 몽탄면 달산리,,,2025-11-25
무안군,승미축사,한우,,,전라남도 무안군 운남면 성내리,,,2025-11-25
무안군,승민농장,한우,,,전라남도 무안군 현경면 송정리,,,2025-11-25
무안군,승봉축사,한우,,,전라남도 무안군 운남면 동암리,,,2025-11-25
무안군,승재 농장,한우,,,전라남도 무안군 현경면 평산리,,,2025-11-25
무안군,승전축산,한우,,,전라남도 무안군 해제면 학송리,,,2025-11-25
무안군,승준축산,한우,,,전라남도 무안군 운남면 동암리,,,2025-11-25
무안군,승진농장,한우,,,전라남도 무안군 일로읍 지장리,,,2025-11-25
무안군,승환농장,염소,,,전라남도 무안군 망운면 목서리,,,2025-11-25
무안군,시골농장,산양,,,전라남도 무안군 현경면 평산리,,,2025-11-25
무안군,시원축산,한우,,,전라남도 무안군 망운면 목서리,,,2025-11-25
무안군,신광축산,한우,,,전라남도 무안군 해제면 천장리,,,2025-11-25
무안군,신선목장,한우,,,전라남도 무안군 해제면 유월리,,,2025-11-25
무안군,신성농장,한우,,,전라남도 무안군 무안읍 고절리,,,2025-11-25
무안군,신성농장,돼지,,,전라남도 무안군 운남면 성내리,,,2025-11-25
무안군,신안축산,한우,,,전라남도 무안군 무안읍 신학리,,,2025-11-25
무안군,신월농장,한우,,,전라남도 무안군 해제면 양월리,,,2025-11-25
무안군,신월농장,돼지,,,전라남도 무안군 운남면 내리 1,,,2025-11-25
무안군,신촌농장,육계,,,전라남도 무안군 망운면 목동리,,,2025-11-25
무안군,신촌신흥농장,한우,,,전라남도 무안군 해제면 양월리,,,2025-11-25
무안군,신현축산,한우,,,전라남도 무안군 해제면 광산리,,,2025-11-25
무안군,신흥목장,한우,,,전라남도 무안군 몽탄면 당호리,,,2025-11-25
무안군,아름농장,한우,,,전라남도 무안군 현경면 평산리,,,2025-11-25
무안군,아시레농장,산양,,,전라남도 무안군 해제면 석룡리,,,2025-11-25
무안군,아주농장,한우,,,전라남도 무안군 몽탄면 달산리,,,2025-11-25
무안군,안성축산,한우,,,전라남도 무안군 해제면 신정리,,,2025-11-25
무안군,안중농장,한우,,,전라남도 무안군 일로읍 구정리,,,2025-11-25
무안군,압창축산,한우,,,전라남도 무안군 망운면 목동리,,,2025-11-25
무안군,약실농장,한우,,,전라남도 무안군 몽탄면 약곡리,,,2025-11-25
무안군,양돈 농장,돼지,,,전라남도 무안군 일로읍 의산리,,,2025-11-25
무안군,양또농장,오리,,,전라남도 무안군 망운면 피서리,,,2025-11-25
무안군,양마농장,한우,,,전라남도 무안군 몽탄면 내리 1,,,2025-11-25
무안군,양매축산,한우,,,전라남도 무안군 해제면 양매리,,,2025-11-25
무안군,양배축산,한우,,,전라남도 무안군 일로읍 월암리,,,2025-11-25
무안군,양선농장,한우,,,전라남도 무안군 현경면 양학리,,,2025-11-25
무안군,양순농장,한우,,,전라남도 무안군 몽탄면 사창리,,,2025-11-25
무안군,양장축산,한우,,,전라남도 무안군 몽탄면 양장리,,,2025-11-25
무안군,양지농장,한우,,,전라남도 무안군 몽탄면 양장리,,,2025-11-25
무안군,양학농장B,한우,,,전라남도 무안군 현경면 양학리,,,2025-11-25
무안군,양학농장C,한우,,,전라남도 무안군 현경면 양학리,,,2025-11-25
무안군,양호축산,한우,,,전라남도 무안군 일로읍 복룡리,,,2025-11-25
무안군,어민농장,육계,,,전라남도 무안군 청계면 복길리,,,2025-11-25
무안군,언창축산,한우,,,전라남도 무안군 해제면 유월리,,,2025-11-25
무안군,에덴그린축산,한우,,,전라남도 무안군 청계면 복길리,,,2025-11-25
무안군,에바다1농장,한우,,,전라남도 무안군 현경면 해운리,,,2025-11-25
무안군,에바다2농장,한우,,,전라남도 무안군 현경면 해운리,,,2025-11-25
무안군,에벤에셀농장,한우,,,전라남도 무안군 일로읍 복룡리,,,2025-11-25
무안군,엘림농장,한우,,,전라남도 무안군 무안읍 신학리,,,2025-11-25
무안군,엘림농장,한우,,,전라남도 무안군 해제면 학송리,,,2025-11-25
무안군,여순농장,한우,,,전라남도 무안군 해제면 신정리,,,2025-11-25
무안군,연근염소,염소,,,전라남도 무안군 몽탄면 당호리,,,2025-11-25
무안군,연동농장,한우,,,전라남도 무안군 운남면 연리 3,,,2025-11-25
무안군,연동축산,한우,,,전라남도 무안군 운남면 연리 7,,,2025-11-25
무안군,연동축산,돼지,,,전라남도 무안군 운남면 연리 1,,,2025-11-25
무안군,연수농장,한우,,,전라남도 무안군 운남면 내리 9,,,2025-11-25
무안군,연우농장,한우,,,전라남도 무안군 몽탄면 달산리,,,2025-11-25
무안군,연임농장`,한우,,,전라남도 무안군 일로읍 감돈리,,,2025-11-25
무안군,연희농장,육계,,,전라남도 무안군 해제면 양매리,,,2025-11-25
무안군,영무농장,한우,,,전라남도 무안군 청계면 송현리,,,2025-11-25
무안군,영무농장,한우,,,전라남도 무안군 운남면 연리 7,,,2025-11-25
무안군,영산노 농장,한우,,,전라남도 무안군 몽탄면 학산리,,,2025-11-25
무안군,영석축사,한우,,,전라남도 무안군 몽탄면 사창리,,,2025-11-25
무안군,영성농장,한우,,,전라남도 무안군 청계면 청계리,,,2025-11-25
무안군,영수농장,한우,,,전라남도 무안군 몽탄면 약곡리,,,2025-11-25
무안군,영실농장,한우,,,전라남도 무안군 삼향읍 맥포리,,,2025-11-25
무안군,영일농장,한우,,,전라남도 무안군 해제면 천장리,,,2025-11-25
무안군,영조농장,한우,,,전라남도 무안군 일로읍 구정리,,,2025-11-25
무안군,영준 농장,한우,,,전라남도 무안군 청계면 상마리,,,2025-11-25
무안군,영지축산,한우,,,전라남도 무안군 무안읍 평용리,,,2025-11-25
무안군,영철농장,한우,,,전라남도 무안군 삼향읍 왕산리,,,2025-11-25
무안군,영철농장,한우,,,전라남도 무안군 무안읍 고절리,,,2025-11-25
무안군,영친축산,한우,,,전라남도 무안군 일로읍 죽산리,,,2025-11-25
무안군,영해축산A,돼지,,,전라남도 무안군 운남면 동암리,,,2025-11-25
무안군,영해축산B,돼지,,,전라남도 무안군 운남면 동암리,,,2025-11-25
무안군,영호 농장,한우,,,전라남도 무안군 해제면 창매리,,,2025-11-25
무안군,영호농장,한우,,,전라남도 무안군 몽탄면 달산리,,,2025-11-25
무안군,영환농장,한우,,,전라남도 무안군 몽탄면 대치리,,,2025-11-25
무안군,옛고을농장,돼지,,,전라남도 무안군 현경면 평산리,,,2025-11-25
무안군,오뚜기 농장,한우,,,전라남도 무안군 운남면 하묘리,,,2025-11-25
무안군,오뚜기축산,한우,,,전라남도 무안군 운남면 하묘리,,,2025-11-25
무안군,오룡농장,한우,,,전라남도 무안군 일로읍 복룡리,,,2025-11-25
무안군,오류농장,한우,,,전라남도 무안군 현경면 오류리,,,2025-11-25
무안군,오류축사,한우,,,전라남도 무안군 현경면 오류리,,,2025-11-25
무안군,오리농장,오리,,,전라남도 무안군 일로읍 지장리,,,2025-11-25
무안군,오선농장,돼지,,,전라남도 무안군 운남면 성내리,,,2025-11-25
무안군,오성농장,한우,,,전라남도 무안군 몽탄면 사창리,,,2025-11-25
무안군,오케이목장,한우,,,전라남도 무안군 몽탄면 양장리,,,2025-11-25
무안군,오현농장,한우,,,전라남도 무안군 일로읍 의산리,,,2025-11-25
무안군,온유축산,돼지,,,전라남도 무안군 운남면 연리 4,,,2025-11-25
무안군,외덕축산,한우,,,전라남도 무안군 망운면 목서리,,,2025-11-25
무안군,용남농장,한우,,,전라남도 무안군 일로읍 월암리,,,2025-11-25
무안군,용동농장,한우,,,전라남도 무안군 운남면 동암리,,,2025-11-25
무안군,용동농장,한우,,,전라남도 무안군 망운면 송현리,,,2025-11-25
무안군,용동축산,한우,,,전라남도 무안군 망운면 송현리,,,2025-11-25
무안군,용등농장,한우,,,전라남도 무안군 현경면 동산리,,,2025-11-25
무안군,용리축산,한우,,,전라남도 무안군 운남면 연리 1,,,2025-11-25
무안군,용마농장,한우,,,전라남도 무안군 청계면 상마리,,,2025-11-25
무안군,용만농장,한우,,,전라남도 무안군 몽탄면 명산리,,,2025-11-25
무안군,용뫼농장,한우,,,전라남도 무안군 몽탄면 다산리,,,2025-11-25
무안군,용민농장,한우,,,전라남도 무안군 망운면 목서리,,,2025-11-25
무안군,용산농장,한우,,,전라남도 무안군 몽탄면 당호리,,,2025-11-25
무안군,용산축산,한우,,,전라남도 무안군 일로읍 용산리,,,2025-11-25
무안군,용성축산,한우,,,전라남도 무안군 현경면 동산리,,,2025-11-25
무안군,용옥축산,한우,,,전라남도 무안군 해제면 용학리,,,2025-11-25
무안군,용일축산,한우,,,전라남도 무안군 망운면 목서리,,,2025-11-25
무안군,용포축산,한우,,,전라남도 무안군 일로읍 복룡리,,,2025-11-25
무안군,용학농장,한우,,,전라남도 무안군 망운면 피서리,,,2025-11-25
무안군,용현 농장,한우,,,전라남도 무안군 무안읍 매곡리,,,2025-11-25
무안군,용호농장,돼지,,,전라남도 무안군 청계면 남성리,,,2025-11-25
무안군,우돈 축산,한우,,,전라남도 무안군 몽탄면 사창리,,,2025-11-25
무안군,우리농장,한우,,,전라남도 무안군 삼향읍 맥포리,,,2025-11-25
무안군,우리농장,한우,,,전라남도 무안군 몽탄면 달산리,,,2025-11-25
무안군,우리목장,한우,,,전라남도 무안군 해제면 만풍리,,,2025-11-25
무안군,우리축산,한우,,,전라남도 무안군 무안읍 신학리,,,2025-11-25
무안군,우리축산,한우,,,전라남도 무안군 몽탄면 달산리,,,2025-11-25
무안군,우리한우,한우,,,전라남도 무안군 무안읍 신학리,,,2025-11-25
무안군,우림농장,한우,,,전라남도 무안군 몽탄면 달산리,,,2025-11-25
무안군,우명농장,한우,,,전라남도 무안군 몽탄면 사창리,,,2025-11-25
무안군,우보농장,한우,,,전라남도 무안군 운남면 연리 2,,,2025-11-25
무안군,우성농장,한우,,,전라남도 무안군 현경면 평산리,,,2025-11-25
무안군,우성축산,한우,,,전라남도 무안군 운남면 내리 7,,,2025-11-25
무안군,우영농장,한우,,,전라남도 무안군 청계면 청천리,,,2025-11-25
무안군,우일농장,종계+산란계,,,전라남도 무안군 청계면 강정리,,,2025-11-25
무안군,우정축산,육계,,,전라남도 무안군 운남면 하묘리,,,2025-11-25
무안군,우조축산,한우,,,전라남도 무안군 몽탄면 학산리,,,2025-11-25
무안군,우종 축산,한우,,,전라남도 무안군 현경면 동산리,,,2025-11-25
무안군,우필농장,한우,,,전라남도 무안군 무안읍 고절리,,,2025-11-25
무안군,운남농장,종계+산란계,,,전라남도 무안군 운남면 하묘리,,,2025-11-25
무안군,운남신개발흑염소농장,염소,,,전라남도 무안군 운남면 성내리,,,2025-11-25
무안군,운영농장,한우,,,전라남도 무안군 청계면 사마리,,,2025-11-25
무안군,웅이네 농장,한우,,,전라남도 무안군 망운면 피서리,,,2025-11-25
무안군,웅지농장,돼지,,,전라남도 무안군 삼향읍 왕산리,,,2025-11-25
무안군,워낭소리,한우,,,전라남도 무안군 해제면 양매리,,,2025-11-25
무안군,원동축산,한우,,,전라남도 무안군 무안읍 성동리,,,2025-11-25
무안군,원동축산,한우,,,전라남도 무안군 운남면 내리 8,,,2025-11-25
무안군,원이네축산,한우,,,전라남도 무안군 현경면 용정리,,,2025-11-25
무안군,원준축산,한우,,,전라남도 무안군 일로읍 광암리,,,2025-11-25
무안군,월명촌농장,한우,,,전라남도 무안군 현경면 해운리,,,2025-11-25
무안군,월선농장,한우,,,전라남도 무안군 청계면 청계리,,,2025-11-25
무안군,월암축산,한우,,,전라남도 무안군 일로읍 월암리,,,2025-11-25
무안군,월호축산,한우,,,전라남도 무안군 삼향읍 지산리,,,2025-11-25
무안군,유금 축사,한우,,,전라남도 무안군 몽탄면 양장리,,,2025-11-25
무안군,유니 축사,한우,,,전라남도 무안군 운남면 연리 1,,,2025-11-25
무안군,유빈농장,한우,,,전라남도 무안군 청계면 청수리,,,2025-11-25
무안군,유선농장,한우,,,전라남도 무안군 망운면 목서리,,,2025-11-25
무안군,유원농장,한우,,,전라남도 무안군 현경면 평산리,,,2025-11-25
무안군,유정농장,육계,,,전라남도 무안군 무안읍 신학리,,,2025-11-25
무안군,유진농장,오리,,,전라남도 무안군 현경면 오류리,,,2025-11-25
무안군,유평농장,한우,,,전라남도 무안군 해제면 창매리,,,2025-11-25
무안군,유한농장,육계,,,전라남도 무안군 운남면 연리 1,,,2025-11-25
무안군,유한회사 승지,돼지,,,전라남도 무안군 현경면 용정리,,,2025-11-25
무안군,윤's 팜,한우,,,전라남도 무안군 해제면 석룡리,,,2025-11-25
무안군,윤가레농장,한우,,,전라남도 무안군 현경면 수양리,,,2025-11-25
무안군,윤서농장,한우,,,전라남도 무안군 몽탄면 달산리,,,2025-11-25
무안군,윤식농장,한우,,,전라남도 무안군 해제면 창매리,,,2025-11-25
무안군,윤영농장,한우,,,전라남도 무안군 몽탄면 사천리,,,2025-11-25
무안군,윤자농장,한우,,,전라남도 무안군 망운면 피서리,,,2025-11-25
무안군,으뜸농장,한우,,,전라남도 무안군 삼향읍 맥포리,,,2025-11-25
무안군,으뜸농장,한우,,,전라남도 무안군 일로읍 의산리,,,2025-11-25
무안군,은성농장,한우,,,전라남도 무안군 몽탄면 귀학리,,,2025-11-25
무안군,은수네농장,종오리업,,,전라남도 무안군 몽탄면 해운리,,,2025-11-25
무안군,은수네농장,종오리업,,,전라남도 무안군 현경면 해운리,,,2025-11-25
무안군,은수농장,종오리업,,,전라남도 무안군 현경면 해운리,,,2025-11-25
무안군,은아 농장,한우,,,전라남도 무안군 운남면 연리 8,,,2025-11-25
무안군,은자 농장,한우,,,전라남도 무안군 일로읍 복룡리,,,2025-11-25
무안군,은지축산,한우,,,전라남도 무안군 청계면 도대리,,,2025-11-25
무안군,은평농장,한우,,,전라남도 무안군 청계면 송현리,,,2025-11-25
무안군,은평농장,한우,,,전라남도 무안군 청계면 상마리,,,2025-11-25
무안군,은해축산,한우,,,전라남도 무안군 현경면 동산리,,,2025-11-25
무안군,은혜 농장,한우,,,전라남도 무안군 현경면 수양리,,,2025-11-25
무안군,은혜농장,육용오리,,,전라남도 무안군 일로읍 광암리,,,2025-11-25
무안군,은혜목장,한우,,,전라남도 무안군 운남면 하묘리,,,2025-11-25
무안군,을연농장,육계,,,전라남도 무안군 운남면 연리 7,,,2025-11-25
무안군,의산농장,한우,,,전라남도 무안군 일로읍 의산리,,,2025-11-25
무안군,이농장,한우,,,전라남도 무안군 몽탄면 귀학리,,,2025-11-25
무안군,이동축산,한우,,,전라남도 무안군 삼향읍 용포리,,,2025-11-25
무안군,이레농장,돼지,,,전라남도 무안군 몽탄면 봉명리,,,2025-11-25
무안군,이루다농장,한우,,,전라남도 무안군 일로읍 의산리,,,2025-11-25
무안군,이배축산,한우,,,전라남도 무안군 해제면 양매리,,,2025-11-25
무안군,이안축산,한우,,,전라남도 무안군 해제면 송석리,,,2025-11-25
무안군,이천농원,돼지,,,전라남도 무안군 몽탄면 봉명리,,,2025-11-25
무안군,이천농장,한우,,,전라남도 무안군 일로읍 감돈리,,,2025-11-25
무안군,이천농장,한우,,,전라남도 무안군 일로읍 용산리,,,2025-11-25
무안군,이천축산,한우,,,전라남도 무안군 몽탄면 봉명리,,,2025-11-25
무안군,이화축산,돼지,,,전라남도 무안군 운남면 연리 1,,,2025-11-25
무안군,이화축산,산양,,,전라남도 무안군 운남면 내리 3,,,2025-11-25
무안군,인동축산,한우,,,전라남도 무안군 일로읍 용산리,,,2025-11-25
무안군,인선농장,한우,,,전라남도 무안군 청계면 서호리,,,2025-11-25
무안군,인의농장,한우,,,전라남도 무안군 일로읍 의산리,,,2025-11-25
무안군,인의축산,한우,,,전라남도 무안군 일로읍 의산리,,,2025-11-25
무안군,인창농장,한우,,,전라남도 무안군 청계면 송현리,,,2025-11-25
무안군,인천농장,한우,,,전라남도 무안군 일로읍 복룡리,,,2025-11-25
무안군,인호농장,한우,,,전라남도 무안군 무안읍 고절리,,,2025-11-25
무안군,인홍축산,한우,,,전라남도 무안군 현경면 평산리,,,2025-11-25
무안군,일 농장,한우,,,전라남도 무안군 청계면 복길리,,,2025-11-25
무안군,일광 흑염소 농장,염소,,,전라남도 무안군 삼향읍 지산리,,,2025-11-25
무안군,일광농장,육계,,,전라남도 무안군 일로읍 광암리,,,2025-11-25
무안군,일로 수도사,한우,,,전라남도 무안군 일로읍 용산리,,,2025-11-25
무안군,일로성실축산,돼지,,,전라남도 무안군 일로읍 복룡리,,,2025-11-25
무안군,일석농장,한우,,,전라남도 무안군 무안읍 매곡리,,,2025-11-25
무안군,일성농장,한우,,,전라남도 무안군 몽탄면 사창리,,,2025-11-25
무안군,일신축산,한우,,,전라남도 무안군 일로읍 지장리,,,2025-11-25
무안군,일심농장,한우,,,전라남도 무안군 몽탄면 달산리,,,2025-11-25
무안군,일심제2농장,돼지,,,전라남도 무안군 일로읍 감돈리,,,2025-11-25
무안군,일요농장,돼지,,,전라남도 무안군 일로읍 월암리,,,2025-11-25
무안군,일출농장,한우,,,전라남도 무안군 일로읍 의산리,,,2025-11-25
무안군,자유한우농장영농조합법인,한우,,,전라남도 무안군 몽탄면 달산리,,,2025-11-25
무안군,장곡제일농장,오리,,,전라남도 무안군 삼향읍 지산리,,,2025-11-25
무안군,장군농장,한우,,,전라남도 무안군 현경면 해운리,,,2025-11-25
무안군,장복축산,한우,,,전라남도 무안군 일로읍 구정리,,,2025-11-25
무안군,장부김해농장,한우,,,전라남도 무안군 청계면 청계리,,,2025-11-25
무안군,장부농장,한우,,,전라남도 무안군 청계면 청계리,,,2025-11-25
무안군,장현농장,육우,,,전라남도 무안군 청계면 청계리,,,2025-11-25
무안군,장호축산,한우,,,전라남도 무안군 청계면 청계리,,,2025-11-25
무안군,재관농장,한우,,,전라남도 무안군 현경면 현화리,,,2025-11-25
무안군,재길축산,한우,,,전라남도 무안군 현경면 마산리,,,2025-11-25
무안군,재남농장,한우,,,전라남도 무안군 청계면 태봉리,,,2025-11-25
무안군,재남축산,한우,,,전라남도 무안군 몽탄면 양장리,,,2025-11-25
무안군,재진농장,한우,,,전라남도 무안군 몽탄면 달산리,,,2025-11-25
무안군,재천농장,한우,,,전라남도 무안군 일로읍 감돈리,,,2025-11-25
무안군,저동농장,육계,,,전라남도 무안군 운남면 연리 7,,,2025-11-25
무안군,저동농장,돼지,,,전라남도 무안군 운남면 연리 1,,,2025-11-25
무안군,전남양계장,육계,,,전라남도 무안군 청계면 청수리,,,2025-11-25
무안군,전우성농장,한우,,,전라남도 무안군 해제면 석룡리,,,2025-11-25
무안군,전원농장,한우,,,전라남도 무안군 일로읍 감돈리,,,2025-11-25
무안군,전원농장,한우,,,전라남도 무안군 현경면 해운리,,,2025-11-25
무안군,정가네 농장,염소,,,전라남도 무안군 몽탄면 양장리,,,2025-11-25
무안군,정가네농장,한우,,,전라남도 무안군 청계면 태봉리,,,2025-11-25
무안군,정규농장,한우,,,전라남도 무안군 몽탄면 양장리,,,2025-11-25
무안군,정기농장,한우,,,전라남도 무안군 몽탄면 몽강리,,,2025-11-25
무안군,정농장,한우,,,전라남도 무안군 몽탄면 귀학리,,,2025-11-25
무안군,정덕축산,한우,,,전라남도 무안군 일로읍 감돈리,,,2025-11-25
무안군,정문농장,한우,,,전라남도 무안군 일로읍 월암리,,,2025-11-25
무안군,정문농장,한우,,,전라남도 무안군 몽탄면 사천리,,,2025-11-25
무안군,정미 축산,한우,,,전라남도 무안군 청계면 송현리,,,2025-11-25
무안군,정범축산,한우,,,전라남도 무안군 몽탄면 내리 8,,,2025-11-25
무안군,정성농장,한우,,,전라남도 무안군 몽탄면 내리 3,,,2025-11-25
무안군,정수농장,한우,,,전라남도 무안군 무안읍 고절리,,,2025-11-25
무안군,정암축산,돼지,,,전라남도 무안군 운남면 연리 1,,,2025-11-25
무안군,정애숙농장,한우,,,전라남도 무안군 일로읍 산정리,,,2025-11-25
무안군,정옥축산,한우,,,전라남도 무안군 일로읍 감돈리,,,2025-11-25
무안군,정완농장,한우,,,전라남도 무안군 몽탄면 달산리,,,2025-11-25
무안군,정원농장,한우,,,전라남도 무안군 몽탄면 내리 6,,,2025-11-25
무안군,정원축산,한우,,,전라남도 무안군 삼향읍 맥포리,,,2025-11-25
무안군,정원한우농장,한우,,,전라남도 무안군 삼향읍 지산리,,,2025-11-25
무안군,정월동축산,한우,,,전라남도 무안군 일로읍 죽산리,,,2025-11-25
무안군,정은축산,돼지,,,전라남도 무안군 몽탄면 사천리,,,2025-11-25
무안군,정일농장,한우,,,전라남도 무안군 몽탄면 달산리,,,2025-11-25
무안군,정진축산,한우,,,전라남도 무안군 몽탄면 양장리,,,2025-11-25
무안군,정태농장,한우,,,전라남도 무안군 일로읍 감돈리,,,2025-11-25
무안군,정택농장,한우,,,전라남도 무안군 몽탄면 사창리,,,2025-11-25
무안군,정헌남축사,한우,,,전라남도 무안군 운남면 연리 3,,,2025-11-25
무안군,정훈 농장,한우,,,전라남도 무안군 현경면 수양리,,,2025-11-25
무안군,정훈 농장,한우,,,전라남도 무안군 해제면 용학리,,,2025-11-25
무안군,정훈농장,한우,,,전라남도 무안군 해제면 용학리,,,2025-11-25
무안군,제성농장,한우,,,전라남도 무안군 몽탄면 사창리,,,2025-11-25
무안군,제이엔티,오리(부화업),,,전라남도 무안군 청계면 청수리,,,2025-11-25
무안군,제일농장,한우,,,전라남도 무안군 해제면 천장리,,,2025-11-25
무안군,제일축산,한우,,,전라남도 무안군 해제면 양매리,,,2025-11-25
무안군,조은 농장,한우,,,전라남도 무안군 일로읍 의산리,,,2025-11-25
무안군,종구 농장,한우,,,전라남도 무안군 현경면 수양리,,,2025-11-25
무안군,종근농장,한우,,,전라남도 무안군 현경면 송정리,,,2025-11-25
무안군,종복농장,한우,,,전라남도 무안군 몽탄면 달산리,,,2025-11-25
무안군,종수 농장,한우,,,전라남도 무안군 몽탄면 다산리,,,2025-11-25
무안군,종업농장,한우,,,전라남도 무안군 청계면 남안리,,,2025-11-25
무안군,종원축산,염소,,,전라남도 무안군 운남면 연리 2,,,2025-11-25
무안군,종철농장,한우,,,전라남도 무안군 청계면 구로리,,,2025-11-25
무안군,종태농장,한우,,,전라남도 무안군 현경면 해운리,,,2025-11-25
무안군,주안농원,한우,,,전라남도 무안군 몽탄면 내리 1,,,2025-11-25
무안군,주원농장,한우,,,전라남도 무안군 무안읍 고절리,,,2025-11-25
무안군,주주농장,한우,,,전라남도 무안군 몽탄면 사천리,,,2025-11-25
무안군,주혁목장,한우,,,전라남도 무안군 현경면 동산리,,,2025-11-25
무안군,주희농장,한우,,,전라남도 무안군 현경면 용정리,,,2025-11-25
무안군,죽산농장,사슴,,,전라남도 무안군 일로읍 죽산리,,,2025-11-25
무안군,죽산축산,한우,,,전라남도 무안군 운남면 동암리,,,2025-11-25
무안군,준 농장,한우,,,전라남도 무안군 몽탄면 구산리,,,2025-11-25
무안군,준농장,한우,,,전라남도 무안군 청계면 남성리,,,2025-11-25
무안군,준열농장,한우,,,전라남도 무안군 일로읍 감돈리,,,2025-11-25
무안군,중규농장,한우,,,전라남도 무안군 현경면 오류리,,,2025-11-25
무안군,중사지농장,한우,,,전라남도 무안군 무안읍 교촌리,,,2025-11-25
무안군,중앙축사,한우,,,전라남도 무안군 운남면 연리 8,,,2025-11-25
무안군,중흥축산,한우,,,전라남도 무안군 몽탄면 봉명리,,,2025-11-25
무안군,지.시온농장,한우,,,전라남도 무안군 현경면 현화리,,,2025-11-25
무안군,지선농장,한우,,,전라남도 무안군 현경면 동산리,,,2025-11-25
무안군,지장농장,한우,,,전라남도 무안군 일로읍 지장리,,,2025-11-25
무안군,지호농장,한우,,,전라남도 무안군 운남면 연리 1,,,2025-11-25
무안군,진규농장,한우,,,전라남도 무안군 망운면 목서리,,,2025-11-25
무안군,진농장,한우,,,전라남도 무안군 현경면 송정리,,,2025-11-25
무안군,진농장,한우,,,전라남도 무안군 현경면 해운리,,,2025-11-25
무안군,진사 축산,한우,,,전라남도 무안군 일로읍 광암리,,,2025-11-25
무안군,진섬농장,한우,,,전라남도 무안군 일로읍 망월리,,,2025-11-25
무안군,진수농장,한우,,,전라남도 무안군 몽탄면 달산리,,,2025-11-25
무안군,진양농장,한우,,,전라남도 무안군 무안읍 고절리,,,2025-11-25
무안군,진영축산,한우,,,전라남도 무안군 운남면 하묘리,,,2025-11-25
무안군,진우농장,한우,,,전라남도 무안군 운남면 동암리,,,2025-11-25
무안군,진원농장,한우,,,전라남도 무안군 망운면 피서리,,,2025-11-25
무안군,진학농장,한우,,,전라남도 무안군 일로읍 죽산리,,,2025-11-25
무안군,진환 농장,한우,,,전라남도 무안군 무안읍 고절리,,,2025-11-25
무안군,짱구농장,한우,,,전라남도 무안군 일로읍 의산리,,,2025-11-25
무안군,차뫼농장,한우,,,전라남도 무안군 몽탄면 다산리,,,2025-11-25
무안군,찬열축산,한우,,,전라남도 무안군 몽탄면 내리 4,,,2025-11-25
무안군,찬호축산,한우,,,전라남도 무안군 현경면 마산리,,,2025-11-25
무안군,참냉기농장,한우,,,전라남도 무안군 해제면 만풍리,,,2025-11-25
무안군,참좋은농장,한우,,,전라남도 무안군 운남면 연리 3,,,2025-11-25
무안군,창구농장,육계,,,전라남도 무안군 운남면 동암리,,,2025-11-25
무안군,창근농장,한우,,,전라남도 무안군 일로읍 죽산리,,,2025-11-25
무안군,창등축산,한우,,,전라남도 무안군 해제면 유월리,,,2025-11-25
무안군,창성목장,한우,,,전라남도 무안군 일로읍 의산리,,,2025-11-25
무안군,창원축산,돼지,,,전라남도 무안군 청계면 복룡리,,,2025-11-25
무안군,창포농장,한우,,,전라남도 무안군 무안읍 신학리,,,2025-11-25
무안군,창포농장,한우,,,전라남도 무안군 현경면 양학리,,,2025-11-25
무안군,채진농장,한우,,,전라남도 무안군 해제면 유월리,,,2025-11-25
무안군,천우농장,한우,,,전라남도 무안군 운남면 동암리,,,2025-11-25
무안군,철수 농장,한우,,,전라남도 무안군 몽탄면 명산리,,,2025-11-25
무안군,철승농장,한우,,,전라남도 무안군 몽탄면 구산리,,,2025-11-25
무안군,철암농장,한우,,,전라남도 무안군 일로읍 감돈리,,,2025-11-25
무안군,철훈농장,한우,,,전라남도 무안군 몽탄면 다산리,,,2025-11-25
무안군,청계목장,한우,,,전라남도 무안군 청계면 복룡리,,,2025-11-25
무안군,청룡양계 1농장,육계,,,전라남도 무안군 현경면 현화리,,,2025-11-25
무안군,청룡양계 2농장,육계,,,전라남도 무안군 현경면 현화리,,,2025-11-25
무안군,청수농장,한우,,,전라남도 무안군 청계면 청수리,,,2025-11-25
무안군,청암농장,한우,,,전라남도 무안군 해제면 만풍리,,,2025-11-25
무안군,청영 농장,한우,,,전라남도 무안군 무안읍 평용리,,,2025-11-25
무안군,청용농장,한우,,,전라남도 무안군 몽탄면 청용리,,,2025-11-25
무안군,청원농장,한우,,,전라남도 무안군 청계면 청천리,,,2025-11-25
무안군,청파농장,한우,,,전라남도 무안군 몽탄면 내리 1,,,2025-11-25
무안군,청하농장,돼지,,,전라남도 무안군 삼향읍 지산리,,,2025-11-25
무안군,청호농장,한우,,,전라남도 무안군 일로읍 청호리,,,2025-11-25
무안군,초두농장,한우,,,전라남도 무안군 몽탄면 사창리,,,2025-11-25
무안군,초원축산,한우,,,전라남도 무안군 해제면 덕산리,,,2025-11-25
무안군,초은농장,돼지,,,전라남도 무안군 현경면 평산리,,,2025-11-25
무안군,최민영,한우,,,전라남도 무안군 현경면 해운리,,,2025-11-25
무안군,추억농장,육계,,,전라남도 무안군 해제면 산길리,,,2025-11-25
무안군,춘식농장,한우,,,전라남도 무안군 일로읍 감돈리,,,2025-11-25
무안군,춘이농장,한우,,,전라남도 무안군 현경면 평산리,,,2025-11-25
무안군,친환경양계영농조합법인,오리(부화업),,,전라남도 무안군 망운면 목동리,,,2025-11-25
무안군,카라,한우,,,전라남도 무안군 운남면 하묘리,,,2025-11-25
무안군,카우보이,한우,,,전라남도 무안군 운남면 내리 3,,,2025-11-25
무안군,쾌청농장,육계,,,전라남도 무안군 몽탄면 당호리,,,2025-11-25
무안군,탁규농장,한우,,,전라남도 무안군 몽탄면 내리 9,,,2025-11-25
무안군,탁근농장,한우,,,전라남도 무안군 몽탄면 약곡리,,,2025-11-25
무안군,태경농장,한우,,,전라남도 무안군 몽탄면 당호리,,,2025-11-25
무안군,태두농장,오리,,,전라남도 무안군 일로읍 지장리,,,2025-11-25
무안군,태성농장,한우,,,전라남도 무안군 청계면 월선리,,,2025-11-25
무안군,태양농장,한우,,,전라남도 무안군 현경면 동산리,,,2025-11-25
무안군,태영농장,산양,,,전라남도 무안군 일로읍 죽산리,,,2025-11-25
무안군,태영목장,염소,,,전라남도 무안군 일로읍 감돈리,,,2025-11-25
무안군,태원축산,한우,,,전라남도 무안군 해제면 산길리,,,2025-11-25
무안군,태중농장,한우,,,전라남도 무안군 일로읍 광암리,,,2025-11-25
무안군,태현농장,한우,,,전라남도 무안군 삼향읍 지산리,,,2025-11-25
무안군,터프카우농장,한우,,,전라남도 무안군 운남면 성내리,,,2025-11-25
무안군,튼튼농장,한우,,,전라남도 무안군 무안읍 고절리,,,2025-11-25
무안군,파도농장,젖소,,,전라남도 무안군 현경면 해운리,,,2025-11-25
무안군,팔금농장,돼지,,,전라남도 무안군 삼향읍 왕산리,,,2025-11-25
무안군,평산농장,한우,,,전라남도 무안군 현경면 평산리,,,2025-11-25
무안군,평산축산,한우,,,전라남도 무안군 현경면 평산리,,,2025-11-25
무안군,평환농장,한우,,,전라남도 무안군 몽탄면 귀학리,,,2025-11-25
무안군,표준축산,한우,,,전라남도 무안군 삼향읍 왕산리,,,2025-11-25
무안군,푸른농장,한우,,,전라남도 무안군 몽탄면 사창리,,,2025-11-25
무안군,푸름농장,한우,,,전라남도 무안군 청계면 송현리,,,2025-11-25
무안군,풀잎농장,한우,,,전라남도 무안군 몽탄면 봉산리,,,2025-11-25
무안군,하나농장,한우,,,전라남도 무안군 몽탄면 사창리,,,2025-11-25
무안군,하늘농장,한우,,,전라남도 무안군 망운면 목서리,,,2025-11-25
무안군,하늘팜,돼지,,,전라남도 무안군 운남면 하묘리,,,2025-11-25
무안군,하은이네 농장,한우,,,전라남도 무안군 몽탄면 양장리,,,2025-11-25
무안군,학골농장,오리,,,전라남도 무안군 망운면 피서리,,,2025-11-25
무안군,학동농장,한우,,,전라남도 무안군 몽탄면 봉산리,,,2025-11-25
무안군,학동농장,한우,,,전라남도 무안군 운남면 연리 3,,,2025-11-25
무안군,학동농장,염소,,,전라남도 무안군 무안읍 신학리,,,2025-11-25
무안군,한국양계축협(무안유통센터),계란집하업,,,전라남도 무안군 청계면 송현리,,,2025-11-25
무안군,한림농장,한우,,,전라남도 무안군 청계면 도대리,,,2025-11-25
무안군,한미농장,한우,,,전라남도 무안군 현경면 해운리,,,2025-11-25
무안군,한밀알농장,염소,,,전라남도 무안군 일로읍 지장리,,,2025-11-25
무안군,한솔 흑염소,염소,,,전라남도 무안군 현경면 해운리,,,2025-11-25
무안군,한우나라,한우,,,전라남도 무안군 망운면 목서리,,,2025-11-25
무안군,한우목장,한우,,,전라남도 무안군 망운면 목서리,,,2025-11-25
무안군,한우번식축산,한우,,,전라남도 무안군 망운면 피서리,,,2025-11-25
무안군,한우축산,한우,,,전라남도 무안군 망운면 목서리,,,2025-11-25
무안군,한울농장,한우,,,전라남도 무안군 일로읍 망월리,,,2025-11-25
무안군,항길농장,한우,,,전라남도 무안군 무안읍 고절리,,,2025-11-25
무안군,해광축산,한우,,,전라남도 무안군 몽탄면 내리 3,,,2025-11-25
무안군,해동 한우 축사,한우,,,전라남도 무안군 몽탄면 청용리,,,2025-11-25
무안군,해동농장,한우,,,전라남도 무안군 망운면 목동리,,,2025-11-25
무안군,해성농장,한우,,,전라남도 무안군 무안읍 고절리,,,2025-11-25
무안군,해연축산,한우,,,전라남도 무안군 몽탄면 양장리,,,2025-11-25
무안군,해운양계,육계,,,전라남도 무안군 현경면 해운리,,,2025-11-25
무안군,해인농장,한우,,,전라남도 무안군 삼향읍 지산리,,,2025-11-25
무안군,해제청보리한우영농조합법인,한우,,,전라남도 무안군 해제면 임수리,,,2025-11-25
무안군,해철축산,한우,,,전라남도 무안군 몽탄면 내리 7,,,2025-11-25
무안군,햇빛촌 농원,육계,,,전라남도 무안군 운남면 연리 1,,,2025-11-25
무안군,햇살농장,염소,,,전라남도 무안군 무안읍 신학리,,,2025-11-25
무안군,행남농장,한우,,,전라남도 무안군 무안읍 성동리,,,2025-11-25
무안군,행복한 농장,한우,,,전라남도 무안군 현경면 현화리,,,2025-11-25
무안군,행순농장,한우,,,전라남도 무안군 일로읍 죽산리,,,2025-11-25
무안군,향긋농장,한우,,,전라남도 무안군 현경면 해운리,,,2025-11-25
무안군,현경농장,한우,,,전라남도 무안군 현경면 평산리,,,2025-11-25
무안군,현서축사,한우,,,전라남도 무안군 현경면 현화리,,,2025-11-25
무안군,현서축산,한우,,,전라남도 무안군 운남면 성내리,,,2025-11-25
무안군,현우축산,한우,,,전라남도 무안군 청계면 청천리,,,2025-11-25
무안군,현이네농장,한우,,,전라남도 무안군 현경면 동산리,,,2025-11-25
무안군,현이농장,한우,,,전라남도 무안군 청계면 월선리,,,2025-11-25
무안군,현진농장,한우,,,전라남도 무안군 몽탄면 양장리,,,2025-11-25
무안군,현철농장,한우,,,전라남도 무안군 몽탄면 사창리,,,2025-11-25
무안군,현해농장,한우,,,전라남도 무안군 해제면 임수리,,,2025-11-25
무안군,현화벌꿀농장,한우,,,전라남도 무안군 현경면 현화리,,,2025-11-25
무안군,현희 농장,한우,,,전라남도 무안군 현경면 평산리,,,2025-11-25
무안군,형규농장,한우,,,전라남도 무안군 몽탄면 약곡리,,,2025-11-25
무안군,형근농장,한우,,,전라남도 무안군 일로읍 복룡리,,,2025-11-25
무안군,형식농장,한우,,,전라남도 무안군 청계면 태봉리,,,2025-11-25
무안군,형연농장,한우,,,전라남도 무안군 일로읍 감돈리,,,2025-11-25
무안군,형열축산,한우,,,전라남도 무안군 무안읍 매곡리,,,2025-11-25
무안군,형제 농장,한우,,,전라남도 무안군 망운면 피서리,,,2025-11-25
무안군,형제농원,한우,,,전라남도 무안군 일로읍 용산리,,,2025-11-25
무안군,형제농장,한우,,,전라남도 무안군 일로읍 망월리,,,2025-11-25
무안군,형제농장,한우,,,전라남도 무안군 현경면 외반리,,,2025-11-25
무안군,형제농장,한우,,,전라남도 무안군 삼향읍 지산리,,,2025-11-25
무안군,형축산,한우,,,전라남도 무안군 운남면 동암리,,,2025-11-25
무안군,혜숙농장,한우,,,전라남도 무안군 운남면 하묘리,,,2025-11-25
무안군,호근농장,한우,,,전라남도 무안군 삼향읍 맥포리,,,2025-11-25
무안군,호남축산,한우,,,전라남도 무안군 현경면 평산리,,,2025-11-25
무안군,호성농장,한우,,,전라남도 무안군 무안읍 고절리,,,2025-11-25
무안군,호암축산,한우,,,전라남도 무안군 운남면 내리 7,,,2025-11-25
무안군,호철농장,한우,,,전라남도 무안군 현경면 해운리,,,2025-11-25
무안군,홍규농장,한우,,,전라남도 무안군 해제면 용학리,,,2025-11-25
무안군,홍도축사,한우,,,전라남도 무안군 무안읍 고절리,,,2025-11-25
무안군,홍문농장,한우,,,전라남도 무안군 일로읍 감돈리,,,2025-11-25
무안군,홍서농장,육계,,,전라남도 무안군 일로읍 감돈리,,,2025-11-25
무안군,홍익농장,한우,,,전라남도 무안군 일로읍 감돈리,,,2025-11-25
무안군,화산농장,한우,,,전라남도 무안군 몽탄면 내리 3,,,2025-11-25
무안군,화설농장,육계,,,전라남도 무안군 무안읍 신학리,,,2025-11-25
무안군,화원농장,한우,,,전라남도 무안군 몽탄면 사창리,,,2025-11-25
무안군,황우축산,한우,,,전라남도 무안군 현경면 평산리,,,2025-11-25
무안군,황토골 사슴 농장,사슴,,,전라남도 무안군 현경면 용정리,,,2025-11-25
무안군,회산축산,한우,,,전라남도 무안군 일로읍 복룡리,,,2025-11-25
무안군,효심축산,한우,,,전라남도 무안군 현경면 용정리,,,2025-11-25
무안군,훈상농방,한우,,,전라남도 무안군 무안읍 용월리,,,2025-11-25
무안군,휘네농장,한우,,,전라남도 무안군 무안읍 신학리,,,2025-11-25
무안군,휘네축산,한우,,,전라남도 무안군 무안읍 신학리,,,2025-11-25
무안군,흥원목장,한우,,,전라남도 무안군 운남면 내리 3,,,2025-11-25
무안군,희망농장,한우,,,전라남도 무안군 망운면 목서리,,,2025-11-25
무안군,희망목장,한우,,,전라남도 무안군 운남면 연리 3,,,2025-11-25
무안군,희승농장,산양,,,전라남도 무안군 해제면 광산리,,,2025-11-25
무안군,힘찬농장,한우,,,전라남도 무안군 몽탄면 양장리,,,2025-11-25
보성군,가○길농장,육용오리,,10000.0,전라남도 보성군 노동면 갱맹골길 45-85,,,2021-02-05
보성군,가○팜,산란계,,850.0,전라남도 보성군 노동면 거석길 230-53,,,2021-02-05
보성군,김○숙농장,육용오리,,16000.0,전라남도 보성군 웅치면 일림로 790-32,,,2021-02-05
보성군,낙○농장,종오리,,0.0,전라남도 보성군 겸백면 수남리 833,,,2021-02-05
보성군,녹○골농장,육용오리,,0.0,전라남도 보성군 보성읍 봉산리1424-2,,,2021-02-05
보성군,누○팜,육계,,142000.0,전라남도 보성군 보성읍 재궁해경길 81-22,,,2021-02-05
보성군,대○농장,육용오리,,0.0,전라남도 보성군 조성면 조성수촌길 14,,,2021-02-05
보성군,대○농장,종오리,,5300.0,전라남도 보성군 웅치면 대산길 118-46,,,2021-02-05
보성군,바○팜,산란계,,50000.0,전라남도 보성군 미력면 미력리 619-1,,,2021-02-05
보성군,박○경농장,육계,,120000.0,전라남도 보성군 보성읍 쾌상리 1118-5,,,2021-02-05
보성군,봉○농장,육계,,0.0,전라남도 보성군 회천면 충의로 792,,,2021-02-05
보성군,샘○오리농장,육용오리,,0.0,전라남도 보성군 조성면 동촌리 273,,,2021-02-05
보성군,소○농장,육용오리,,30000.0,전라남도 보성군 노동면 대련리 565-1,,,2021-02-05
보성군,송○수농장,종오리,,3500.0,전라남도 보성군 웅치면 유봉길 176-34,,,2021-02-05
보성군,수농장,육용오리,,0.0,전라남도 보성군 겸백면 수남리 837-1,,,2021-02-05
보성군,연○농장,산란계,,22000.0,전라남도 보성군  노동면 대련로 333,,,2021-02-05
보성군,영○농장,육계,,0.0,전라남도 보성군 벌교읍 남하로 392,,,2021-02-05
보성군,을○농장,산란계,,24000.0,전라남도 보성군 미력면 송재로 939-73,,,2021-02-05
보성군,이○님농장,육용오리,,0.0,전라남도 보성군 조성면 용전리 598-2,,,2021-02-05
보성군,일○농장,육계,,150000.0,전라남도 보성군 벌교읍 영등길 230-27,,,2021-02-05
보성군,자○농장1,산란계,,4400.0,전라남도 보성군 노동면  대련로 333,,,2021-02-05
보성군,자○농장2,산란계,,60000.0,전라남도 보성군  미력면 용산길 168-30,,,2021-02-05
보성군,장○추농장,육용오리,,0.0,전라남도 보성군 득량면 비봉리 378,,,2021-02-05
보성군,정○원,산란계,,8000.0,전라남도 보성군 벌교읍 월정길 158-21,,,2021-02-05
보성군,제2죽○농장,육용오리,,0.0,전라남도 보성군 득량면 마천길 214-14,,,2021-02-05
보성군,제○농장,육용오리,,0.0,전라남도 보성군 웅치면 대산길  118-42,,,2021-02-05
보성군,제○디팜 보성농장,종오리,,22000.0,전라남도 보성군 노동면 평동로 1388-187,,,2021-02-05
보성군,조○농장,육용오리,,0.0,전라남도 보성군 조성면 조성리 542-3,,,2021-02-05
보성군,죽○농장,육용오리,,0.0,전라남도 보성군 득량면 정흥리 550-27,,,2021-02-05
보성군,즐○운농장,육용오리,,0.0,전라남도 보성군 웅치면 해룡길 28-61,,,2021-02-05
보성군,푸○메농장,육용오리,,40000.0,전라남도 보성군 득량면 도촌길 234-281,,,2021-02-05
보성군,하○농장 1,육계,,93000.0,전라남도 보성군 복내면 한치길 314-57,,,2021-02-05
보성군,하○농장 2,육계,,64000.0,전라남도 보성군 복내면 한치길 314-57,,,2021-02-05
보성군,해○농장,육용오리,,15500.0,전라남도 보성군 웅치면 대산리 71-5,,,2021-02-05
보성군,혜○농장,육용오리,,12500.0,전라남도 보성군 보성읍 쾌상리207-7,,,2021-02-05
보성군,가○길농장,육용오리,,11000.0,전라남도 보성군 노동면 대련리 568,,,2023-02-02
보성군,가○팜,산란계,,850.0,"전라남도 보성군 노동면 거석리 486, 487",,,2023-02-02
보성군,건○농장,육용오리,,0.0,"전라남도 보성군 웅치면 대산리 71, 71-7, 71-8",,,2023-02-02
보성군,구○수농장,산란계,,0.0,"전라남도 보성군 미력면 미력리 627, 628",,,2023-02-02
보성군,김○숙농장,육용오리,,17000.0,"전라남도 보성군 웅치면 용반리 709, 709-8",,,2023-02-02
보성군,낙○농장,육용오리,,20500.0,"전라남도 보성군 겸백면 수남리 833, 833-3",,,2023-02-02
보성군,낙○축산,육계,,700.0,"전라남도 보성군 조성면 은곡리 66-2, 67",,,2023-02-02
보성군,녹○골농장,육용오리,,4380.0,"전라남도 보성군 보성읍 봉산리 1424-2, 1424-3",,,2023-02-02
보성군,누○팜,육계,,149700.0,전라남도 보성군 보성읍 옥암리 85,,,2023-02-02
보성군,대○농장,육용오리,,10800.0,전라남도 보성군 조성면 동촌리 480-22,,,2023-02-02
보성군,박○경농장,육계,,113100.0,전라남도 보성군 보성읍 쾌상리 1118-5,,,2023-02-02
보성군,봉○농장,육계,,0.0,전라남도 보성군 회천면 화죽리 417,,,2023-02-02
보성군,부○농장,종오리,,5000.0,"전라남도 보성군 득량면 비봉리 296, 297, 300, 378, 830-1",,,2023-02-02
보성군,샘○오리농장,육용오리,,22000.0,전라남도 보성군 조성면 동촌리 273,,,2023-02-02
보성군,소○농장,육용오리,,32000.0,전라남도 보성군 노동면 대련리 565,,,2023-02-02
보성군,송○수농장,종오리,,4000.0,전라남도 보성군 웅치면 유산리 1082,,,2023-02-02
보성군,수농장,육용오리,,8000.0,전라남도 보성군 겸백면 수남리 837,,,2023-02-02
보성군,신○보성종축장,종계,,18000.0,전라남도 보성군 보성읍 옥암리 709,,,2023-02-02
보성군,연○농장,산란계,,17290.0,전라남도 보성군 노동면 대련리 307,,,2023-02-02
보성군,영○농장,육계,,7000.0,"전라남도 보성군 벌교읍 영등리 984-24, 984-31",,,2023-02-02
보성군,용○농장,육용오리,,8000.0,전라남도 보성군 벌교읍 칠동리 1248-6,,,2023-02-02
보성군,월○유기농장(정심원),산란계,,6600.0,"전라남도 보성군 벌교읍 마동리 128-1, 130, 131, 131-2, 135",,,2023-02-02
보성군,이○님농장,육용오리,,10500.0,"전라남도 보성군 조성면 용전리 598-2, 598-3, 598-4",,,2023-02-02
보성군,일○농장,육계,,150100.0,전라남도 보성군 벌교읍 영등리 131,,,2023-02-02
보성군,자○농장,산란계,,4300.0,"전라남도 보성군 노동면 대련리 307, 307-2",,,2023-02-02
보성군,자○농장,산란계,,116700.0,"전라남도 보성군 미력면 화방리 798, 798-2, 산224-2",,,2023-02-02
보성군,제2죽○농장,육용오리,,5000.0,"전라남도 보성군 득량면 마천리 1081, 1086",,,2023-02-02
보성군,제○농장,육용오리,,13900.0,전라남도 보성군 웅치면 대산리 43,,,2023-02-02
보성군,제○농장,종오리,,6300.0,전라남도 보성군 웅치면 대산리 48,,,2023-02-02
보성군,제○디팜 보성농장,종오리,,12000.0,"전라남도 보성군 노동면 대련리 23, 24, 24-2, 25",,,2023-02-02
보성군,조○농장,육용오리,,17000.0,전라남도 보성군 조성면 조성리 542,,,2023-02-02
보성군,죽○농장,육용오리,,14000.0,전라남도 보성군 득량면 정흥리 550,,,2023-02-02
보성군,즐○운 농장,육용오리,,8000.0,전라남도 보성군 웅치면 대산리 79,,,2023-02-02
보성군,푸○메농장,육용오리,,40000.0,전라남도 보성군 득량면 도촌리 806,,,2023-02-02
보성군,하○농장1,육계,,101700.0,전라남도 보성군 복내면 동교리 169,,,2023-02-02
보성군,하○농장2,육계,,64500.0,전라남도 보성군 복내면 동교리 174,,,2023-02-02
보성군,혜○농장,육용오리,,13600.0,"전라남도 보성군 보성읍 쾌상리 207-7, 207-8, 207-9",,,2023-02-02
영암군,      -,한우,,20.0,전라남도 영암군 서호면 성재리,,,2015-07-02
영암군,-,한우,,8.0,전라남도 영암군 영암읍 춘양리,,,2015-07-02
영암군,.,한우,,1.0,전라남도 영암군 학산면 독천리,,,2015-07-02
영암군,.,한우,,26.0,전라남도 영암군 서호면 성재리,,,2015-07-02
영암군,.,한우,,50.0,전라남도 영암군 영암읍 망호리,,,2015-07-02
영암군,.,한우,,7.0,전라남도 영암군 학산면 묵동리,,,2015-07-02
영암군,.,한우,,45.0,전라남도 영암군 도포면 원항리,,,2015-07-02
영암군,.,한우,,5.0,전라남도 영암군 학산면 용산리,,,2015-07-02
영암군,153농장,육계,,9300.0,전라남도 영암군 영암읍 농덕리,,,2015-07-02
영암군,A1 믿음,한우,,22.0,전라남도 영암군 덕진면 백계리,,,2015-07-02
영암군,BK농장,한우,,10.0,전라남도 영암군 덕진면 금강리,,,2015-07-02
영암군,OS Family,돼지,,500.0,전라남도 영암군 도포면 영호리,,,2015-07-02
영암군,가나농장,한우,,20.0,전라남도 영암군 미암면 선황리,,,2015-07-02
영암군,가람농장,한우,,43.0,전라남도 영암군 학산면 용산리,,,2015-07-02
영암군,갈곡농장,육계,,35000.0,전라남도 영암군 신북면 갈곡리,,,2015-07-02
영암군,감치농장,한우,,3.0,전라남도 영암군 삼호읍 동호리,,,2015-07-02
영암군,갑연목장,한우,,108.0,전라남도 영암군 신북면 용산리,,,2015-07-02
영암군,강경농장,한우,,60.0,전라남도 영암군 도포면 영호리,,,2015-07-02
영암군,거분농장,한우,,2.0,전라남도 영암군 학산면 용산리,,,2015-07-02
영암군,거용농장,한우,,30.0,전라남도 영암군 서호면 쌍풍리,,,2015-07-02
영암군,건숙농장,오리,,17000.0,전라남도 영암군 금정면 안노리,,,2015-07-02
영암군,건태농장,한우,,9.0,전라남도 영암군 학산면 신덕리,,,2015-07-02
영암군,건향오리,오리,,52000.0,전라남도 영암군 신북면 행정리,,,2015-07-02
영암군,경곤축산,한우,,3.0,전라남도 영암군 서호면 화송리,,,2015-07-02
영암군,경관농장,한우,,19.0,전라남도 영암군 금정면 와운리,,,2015-07-02
영암군,경남농장,한우,,10.0,전라남도 영암군 시종면 와우리,,,2015-07-02
영암군,경석농장,한우,,10.0,전라남도 영암군 덕진면 노송리,,,2015-07-02
영암군,경섭축산,한우,,17.0,전라남도 영암군 서호면 소산리,,,2015-07-02
영암군,경순농장,한우,,78.0,전라남도 영암군 도포면 구학리,,,2015-07-02
영암군,경용농장,한우,,8.0,전라남도 영암군 시종면 옥야리,,,2015-07-02
영암군,경주농장,한우,,4.0,전라남도 영암군 신북면 장산리,,,2015-07-02
영암군,경표농장,한우,,10.0,전라남도 영암군 시종면 금지리,,,2015-07-02
영암군,경호축산,한우,,215.0,전라남도 영암군 덕진면 장선리,,,2015-07-02
영암군,고광율농장,한우,,2.0,전라남도 영암군 학산면 용산리,,,2015-07-02
영암군,고산농장,육계,,37000.0,전라남도 영암군 서호면 성재리,,,2015-07-02
영암군,고인돌농장,한우,,30.0,전라남도 영암군 신북면 장산리,,,2015-07-02
영암군,고찬영농조합법인,한우,,128.0,전라남도 영암군 도포면 구학리,,,2015-07-02
영암군,고찬영농조합법인,한우,,64.0,전라남도 영암군 시종면 만수리,,,2015-07-02
영암군,고향농장,한우,,5.0,전라남도 영암군 삼호읍 망산리,,,2015-07-02
영암군,관용축산,한우,,52.0,전라남도 영암군 도포면 덕화리,,,2015-07-02
영암군,광민농장,한우,,20.0,전라남도 영암군 학산면 상월리,,,2015-07-02
영암군,광산농장,한우,,4.0,전라남도 영암군 학산면 독천리,,,2015-07-02
영암군,광산농장,젖소,,70.0,전라남도 영암군 학산면 독천리,,,2015-07-02
영암군,광암농장,한우,,120.0,전라남도 영암군 서호면 화송리,,,2015-07-02
영암군,광암축산,한우,,27.0,전라남도 영암군 학산면 학계리,,,2015-07-02
영암군,광암축산,한우,,420.0,전라남도 영암군 신북면 행정리,,,2015-07-02
영암군,광염농장,한우,,30.0,전라남도 영암군 도포면 구학리,,,2015-07-02
영암군,광주농장,한우,,41.0,전라남도 영암군 시종면 구산리,,,2015-07-02
영암군,광주농장,한우,,4.0,전라남도 영암군 삼호읍 서창리,,,2015-07-02
영암군,광주농장,한우,,52.0,전라남도 영암군 시종면 신연리,,,2015-07-02
영암군,광주농장,오리,,7000.0,전라남도 영암군 영암읍 망호리,,,2015-07-02
영암군,광철농장,한우,,48.0,전라남도 영암군 시종면 금지리,,,2015-07-02
영암군,광태농장,한우,,7.0,전라남도 영암군 학산면 용산리,,,2015-07-02
영암군,광현농장,한우,,12.0,전라남도 영암군 서호면 소산리,,,2015-07-02
영암군,광호농장,한우,,4.0,전라남도 영암군 학산면 독천리,,,2015-07-02
영암군,괴음축산,한우,,16.0,전라남도 영암군 서호면 장천리,,,2015-07-02
영암군,구룡농장,한우,,3.0,전라남도 영암군 영암읍 회문리,,,2015-07-02
영암군,구산농장,한우,,100.0,전라남도 영암군 시종면 구산리,,,2015-07-02
영암군,구시월드 구시GGP,돼지,,9000.0,전라남도 영암군 도포면 수산리,,,2015-07-02
영암군,구시월드 대양축산,돼지,,2900.0,전라남도 영암군 신북면 장산리,,,2015-07-02
영암군,구시월드 캐슬GGP,돼지,,7000.0,전라남도 영암군 도포면 수산리,,,2015-07-02
영암군,구씨농장,한우,,50.0,전라남도 영암군 도포면 영호리,,,2015-07-02
영암군,국군농장,한우,,16.0,전라남도 영암군 시종면 신연리,,,2015-07-02
영암군,군서농장,한우,,10.0,전라남도 영암군 군서면 마산리,,,2015-07-02
영암군,군서농장,한우,,13.0,전라남도 영암군 군서면 도장리,,,2015-07-02
영암군,귀봉농장,육계,,80000.0,전라남도 영암군 서호면 성재리,,,2015-07-02
영암군,귀운축산,한우,,12.0,전라남도 영암군 금정면 연소리,,,2015-07-02
영암군,규운농장,한우,,3.0,전라남도 영암군 군서면 동구림리,,,2015-07-02
영암군,그린농장,오리,,20000.0,전라남도 영암군 덕진면 장선리,,,2015-07-02
영암군,그린농장,육계,,120000.0,전라남도 영암군 덕진면 노송리,,,2015-07-02
영암군,금강농장,육계,,15000.0,전라남도 영암군 덕진면 금강리,,,2015-07-02
영암군,금강농장,한우,,15.0,전라남도 영암군 서호면 금강리,,,2015-07-02
영암군,금강축산,한우,,22.0,전라남도 영암군 서호면 금강리,,,2015-07-02
영암군,금남농장,한우,,55.0,전라남도 영암군 도포면 영호리,,,2015-07-02
영암군,금명축산,한우,,3.0,전라남도 영암군 신북면 양계리,,,2015-07-02
영암군,금문축산,한우,,10.0,전라남도 영암군 금정면 와운리,,,2015-07-02
영암군,금성농장,한우,,45.0,전라남도 영암군 도포면 영호리,,,2015-07-02
영암군,금성농장,한우,,800.0,전라남도 영암군 도포면 영호리,,,2015-07-02
영암군,금성축산,한우,,16.0,전라남도 영암군 학산면 용산리,,,2015-07-02
영암군,금옥농장,한우,,36.0,전라남도 영암군 미암면 채지리,,,2015-07-02
영암군,금옥농장,한우,,20.0,전라남도 영암군 덕진면 백계리,,,2015-07-02
영암군,금정농장,산란계,,54000.0,전라남도 영암군 도포면 덕화리,,,2015-07-02
영암군,금지오리,오리,,12000.0,전라남도 영암군 시종면 금지리,,,2015-07-02
영암군,금호농장,한우,,30.0,전라남도 영암군 도포면 덕화리,,,2015-07-02
영암군,금호축산,한우,,230.0,전라남도 영암군 덕진면 금강리,,,2015-07-02
영암군,금호축산,한우,,500.0,전라남도 영암군 덕진면 금강리,,,2015-07-02
영암군,금호축산,한우,,50.0,전라남도 영암군 덕진면 금강리,,,2015-07-02
영암군,기남축산,한우,,0.0,전라남도 영암군 금정면 월평리,,,2015-07-02
영암군,기동축산,한우,,11.0,전라남도 영암군 군서면 모정리,,,2015-07-02
영암군,기범농장,한우,,2.0,전라남도 영암군 시종면 신연리,,,2015-07-02
영암군,기영농장,육계,,35000.0,전라남도 영암군 시종면 신학리,,,2015-07-02
영암군,기용축산,한우,,7.0,전라남도 영암군 덕진면 노송리,,,2015-07-02
영암군,기증축산,한우,,32.0,전라남도 영암군 학산면 독천리,,,2015-07-02
영암군,기찬한우영농조합법인,한우,,200.0,전라남도 영암군 덕진면 영등리,,,2015-07-02
영암군,기찬흑염소,산양,,130.0,전라남도 영암군 군서면 마산리,,,2015-07-02
영암군,기철농장,한우,,20.0,전라남도 영암군 도포면 원항리,,,2015-07-02
영암군,기호농장,한우,,4.0,전라남도 영암군 시종면 만수리,,,2015-07-02
영암군,길농장,한우,,6.0,전라남도 영암군 시종면 와우리,,,2015-07-02
영암군,길석농장,한우,,13.0,전라남도 영암군 덕진면 용산리,,,2015-07-02
영암군,길주축산,한우,,10.0,전라남도 영암군 군서면 동호리,,,2015-07-02
영암군,김두장,오리,,9000.0,전라남도 영암군 시종면 신학리,,,2015-07-02
영암군,꿀벌농장,한우,,4.0,전라남도 영암군 삼호읍 망산리,,,2015-07-02
영암군,꿀산농장,한우,,150.0,전라남도 영암군 덕진면 금강리,,,2015-07-02
영암군,나영농장,오리,,12900.0,전라남도 영암군 시종면 신흥리,,,2015-07-02
영암군,나주농장,돼지,,230.0,전라남도 영암군 신북면 월지리,,,2015-07-02
영암군,나주뜰오리,오리,,30000.0,전라남도 영암군 신북면 월지리,,,2015-07-02
영암군,낙안농장,한우,,11.0,전라남도 영암군 군서면 마산리,,,2015-07-02
영암군,남경축산,오리,,22000.0,전라남도 영암군 신북면 갈곡리,,,2015-07-02
영암군,남렬축산,한우,,8.0,전라남도 영암군 삼호읍 난전리,,,2015-07-02
영암군,남송농장,육계,,50000.0,전라남도 영암군 금정면 남송리,,,2015-07-02
영암군,남철축산,한우,,40.0,전라남도 영암군 서호면 화송리,,,2015-07-02
영암군,낭주농장,육계,,58000.0,전라남도 영암군 영암읍 송평리,,,2015-07-02
영암군,낭주오리농장,오리,,15000.0,전라남도 영암군 도포면 원항리,,,2015-07-02
영암군,녹암축산,한우,,17.0,전라남도 영암군 영암읍 회문리,,,2015-07-02
영암군,농계농장,오리,,6500.0,전라남도 영암군 영암읍 송평리,,,2015-07-02
영암군,농민축산,한우,,50.0,전라남도 영암군 도포면 수산리,,,2015-07-02
영암군,농업회사법인(유)대성축산,돼지,,4917.0,전라남도 영암군 시종면 봉소리,,,2015-07-02
영암군,농업회사법인팜스텍(주),돼지,,10453.0,전라남도 영암군 시종면 와우리,,,2015-07-02
영암군,늘푸른태승농장,한우,,55.0,전라남도 영암군 삼호읍 동호리,,,2015-07-02
영암군,늘행복한농장,돼지,,700.0,전라남도 영암군 신북면 갈곡리,,,2015-07-02
영암군,다만축산,한우,,11.0,전라남도 영암군 서호면 쌍풍리,,,2015-07-02
영암군,다솔,오리,,50000.0,전라남도 영암군 시종면 옥야리,,,2015-07-02
영암군,다시농장,한우,,13.0,전라남도 영암군 도포면 봉호리,,,2015-07-02
영암군,달농장,육계,,45000.0,전라남도 영암군 도포면 원항리,,,2015-07-02
영암군,달농장,육계,,85000.0,전라남도 영암군 도포면 원항리,,,2015-07-02
영암군,달맞이목장,한우,,57.0,전라남도 영암군 서호면 소산리,,,2015-07-02
영암군,달무리농장,한우,,60.0,전라남도 영암군 영암읍 망호리,,,2015-07-02
영암군,달보는한우농장,한우,,11.0,전라남도 영암군 시종면 월롱리,,,2015-07-02
영암군,닭실털보농장,오리,,63000.0,전라남도 영암군 신북면 유곡리,,,2015-07-02
영암군,담쟁이농장,한우,,53.0,전라남도 영암군 도포면 수산리,,,2015-07-02
영암군,담희농장,한우,,47.0,전라남도 영암군 신북면 유곡리,,,2015-07-02
영암군,대광축산,한우,,150.0,전라남도 영암군 도포면 성산리,,,2015-07-02
영암군,대복농장,돼지,,2200.0,전라남도 영암군 미암면 춘동리,,,2015-07-02
영암군,대불농장,한우,,16.0,전라남도 영암군 덕진면 금강리,,,2015-07-02
영암군,대불농장,한우,,25.0,전라남도 영암군 덕진면 금강리,,,2015-07-02
영암군,대성농장,한우,,40.0,전라남도 영암군 서호면 성재리,,,2015-07-02
영암군,대성농장,한우,,80.0,전라남도 영암군 신북면 학동리,,,2015-07-02
영암군,대성목장,육우,,5.0,전라남도 영암군 서호면 몽해리,,,2015-07-02
영암군,대성축산,한우,,100.0,전라남도 영암군 도포면 영호리,,,2015-07-02
영암군,대승농장,한우,,30.0,전라남도 영암군 삼호읍호리,,,2015-07-02
영암군,대아관광농원,돼지,,116.0,전라남도 영암군 미암면 호포리,,,2015-07-02
영암군,대연축산,한우,,10.0,전라남도 영암군 신북면 이천리,,,2015-07-02
영암군,대원농장,한우,,15.0,전라남도 영암군 영암읍 망호리,,,2015-07-02
영암군,대원목장,젖소,,167.0,전라남도 영암군 학산면 용산리,,,2015-07-02
영암군,대진농장,한우,,11.0,전라남도 영암군 영암읍 망호리,,,2015-07-02
영암군,대천농장,한우,,25.0,전라남도 영암군 시종면 신연리,,,2015-07-02
영암군,대행목장,젖소,,120.0,전라남도 영암군 미암면 두억리,,,2015-07-02
영암군,덕남축산,한우,,10.0,전라남도 영암군 도포면 성산리,,,2015-07-02
영암군,덕림농장,한우,,14.0,전라남도 영암군 신북면 월지리,,,2015-07-02
영암군,덕신영농조합법인,오리,,14400.0,전라남도 영암군 덕진면 장선리,,,2015-07-02
영암군,덕실농장,한우,,40.0,전라남도 영암군 도포면 영호리,,,2015-07-02
영암군,덕실축산,돼지,,1000.0,전라남도 영암군 군서면 마산리,,,2015-07-02
영암군,덕암농장,육계,,40000.0,전라남도 영암군 영암읍 장암리,,,2015-07-02
영암군,덕영축산,한우,,30.0,전라남도 영암군 영암읍 춘양리,,,2015-07-02
영암군,덕진농장,한우,,26.0,전라남도 영암군 덕진면 백계리,,,2015-07-02
영암군,덕진농장,한우,,43.0,전라남도 영암군 덕진면 금강리,,,2015-07-02
영암군,덕화농장,한우,,5.0,전라남도 영암군 학산면 독천리,,,2015-07-02
영암군,도향축산,한우,,6.0,전라남도 영암군 미암면 채지리,,,2015-07-02
영암군,돈호농장,한우,,25.0,전라남도 영암군 미암면 선황리,,,2015-07-02
영암군,동계축사,한우,,6.0,전라남도 영암군 군서면 동구림리,,,2015-07-02
영암군,동래농장,돼지,,100.0,전라남도 영암군 금정면 안노리,,,2015-07-02
영암군,동산농장,오리,,11500.0,전라남도 영암군 영암읍 송평리,,,2015-07-02
영암군,동산축사,한우,,5.0,전라남도 영암군 군서면 모정리,,,2015-07-02
영암군,동실농장,한우,,30.0,전라남도 영암군 학산면 용소리,,,2015-07-02
영암군,동암농장,한우,,23.0,전라남도 영암군 영암읍 망호리,,,2015-07-02
영암군,동용축산,한우,,33.0,전라남도 영암군 미암면 두억리,,,2015-07-02
영암군,동일목장,한우,,15.0,전라남도 영암군 신북면 양계리,,,2015-07-02
영암군,동주농장,한우,,26.0,전라남도 영암군 삼호읍 동호리,,,2015-07-02
영암군,동준축산,한우,,24.0,전라남도 영암군 도포면 원항리,,,2015-07-02
영암군,동진농장,한우,,15.0,전라남도 영암군 신북면 금수리,,,2015-07-02
영암군,동진농장,한우,,21.0,전라남도 영암군 서호면 쌍풍리,,,2015-07-02
영암군,동호농장,한우,,26.0,전라남도 영암군 군서면 동호리,,,2015-07-02
영암군,동호축산,한우,,13.0,전라남도 영암군 미암면 신포리,,,2015-07-02
영암군,두영농장,한우,,14.0,전라남도 영암군 학산면 용산리,,,2015-07-02
영암군,두일농장,돼지,,270.0,전라남도 영암군 서호면 엄길리,,,2015-07-02
영암군,등너머농장,한우,,14.0,전라남도 영암군 미암면 호포리,,,2015-07-02
영암군,로진농장,한우,,2.0,전라남도 영암군 학산면 금계리,,,2015-07-02
영암군,류홍기오농장,한우,,40.0,전라남도 영암군 도포면 성산리,,,2015-07-02
영암군,마당바우농장,한우,,10.0,전라남도 영암군 영암읍 장암리,,,2015-07-02
영암군,마산농장,한우,,20.0,전라남도 영암군 군서면 마산리,,,2015-07-02
영암군,마산축산,한우,,16.0,전라남도 영암군 군서면 마산리,,,2015-07-02
영암군,마한축사,한우,,3.0,전라남도 영암군 시종면 옥야리,,,2015-07-02
영암군,만성농장,한우,,30.0,전라남도 영암군 도포면 원항리,,,2015-07-02
영암군,만수자연농장,산란계,,1420.0,전라남도 영암군 시종면 만수리,,,2015-07-02
영암군,만옥농장,젖소,,78.0,전라남도 영암군 신북면 금수리,,,2015-07-02
영암군,만준농장,한우,,4.0,전라남도 영암군 서호면 금강리,,,2015-07-02
영암군,만철농장,한우,,13.0,전라남도 영암군 서호면 금강리,,,2015-07-02
영암군,만철축산,한우,,45.0,전라남도 영암군 도포면 원항리,,,2015-07-02
영암군,매음농장,한우,,6.0,전라남도 영암군 서호면 쌍풍리,,,2015-07-02
영암군,메밀목장,한우,,3.0,전라남도 영암군 학산면 용산리,,,2015-07-02
영암군,명당농장,한우,,50.0,전라남도 영암군 도포면 봉호리,,,2015-07-02
영암군,명동축사,한우,,7.0,전라남도 영암군 신북면 명동리,,,2015-07-02
영암군,명성농장,한우,,12.0,전라남도 영암군 미암면 신한리,,,2015-07-02
영암군,명성목장,젖소,,72.0,전라남도 영암군 서호면 쌍풍리,,,2015-07-02
영암군,명수축산,한우,,20.0,전라남도 영암군 미암면 호포리,,,2015-07-02
영암군,명식축산,한우,,18.0,전라남도 영암군 미암면 호포리,,,2015-07-02
영암군,명열농장,한우,,5.0,전라남도 영암군 학산면 용산리,,,2015-07-02
영암군,모정농장,한우,,17.0,전라남도 영암군 군서면 모정리,,,2015-07-02
영암군,목림,오리,,17000.0,전라남도 영암군 신북면 학동리,,,2015-07-02
영암군,목우천농장,한우,,20.0,전라남도 영암군 도포면 수산리,,,2015-07-02
영암군,목화정 목장,한우,,24.0,전라남도 영암군 군서면 해창리,,,2015-07-02
영암군,몽해농장,한우,,14.0,전라남도 영암군 서호면 몽해리,,,2015-07-02
영암군,문도근농장,한우,,40.0,전라남도 영암군 시종면 신연리,,,2015-07-02
영암군,문화목장,한우,,25.0,전라남도 영암군 서호면 쌍풍리,,,2015-07-02
영암군,문화목장,한우,,0.0,전라남도 영암군 서호면 쌍풍리,,,2015-07-02
영암군,미라농장,한우,,13.0,전라남도 영암군 군서면 서구림리,,,2015-07-02
영암군,미류네 농장,육계,,50000.0,전라남도 영암군 서호면 몽해리,,,2015-07-02
영암군,미암농장,육계,,3000.0,전라남도 영암군 미암면 두억리,,,2015-07-02
영암군,미암메추리농장,메추리,,150000.0,전라남도 영암군 미암면 채지리,,,2015-07-02
영암군,미암축산,돼지,,250.0,전라남도 영암군 미암면 신한리,,,2015-07-02
영암군,미주목장,한우,,73.0,전라남도 영암군 신북면 학동리,,,2015-07-02
영암군,미촌농장,한우,,3.0,전라남도 영암군 미암면 미암리,,,2015-07-02
영암군,민경축산,한우,,32.0,전라남도 영암군 서호면 청용리,,,2015-07-02
영암군,민형농장,한우,,10.0,전라남도 영암군 군서면 양장리,,,2015-07-02
영암군,민희농장,한우,,49.0,전라남도 영암군 덕진면 영등리,,,2015-07-02
영암군,믿음농장,한우,,600.0,전라남도 영암군 도포면 성산리,,,2015-07-02
영암군,믿음농장,한우,,160.0,전라남도 영암군 덕진면 백계리,,,2015-07-02
영암군,믿음농장,한우,,20.0,전라남도 영암군 덕진면 백계리,,,2015-07-02
영암군,믿음농장,한우,,100.0,전라남도 영암군 덕진면 백계리,,,2015-07-02
영암군,믿음농장,한우,,9.0,전라남도 영암군 서호면 소산리,,,2015-07-02
영암군,바우농장,돼지,,40.0,전라남도 영암군 신북면 갈곡리,,,2015-07-02
영암군,박종복농장,한우,,16.0,전라남도 영암군 영암읍 교동리,,,2015-07-02
영암군,박치완농장,육계,,50000.0,전라남도 영암군 서호면 성재리,,,2015-07-02
영암군,반석축산,육계,,100000.0,전라남도 영암군 서호면 금강리,,,2015-07-02
영암군,반석축산,한우,,50.0,전라남도 영암군 덕진면 노송리,,,2015-07-02
영암군,밤재농장,돼지,,1350.0,전라남도 영암군 학산면 묵동리,,,2015-07-02
영암군,방축농장,한우,,8.0,전라남도 영암군 군서면 모정리,,,2015-07-02
영암군,배바우농장,한우,,7.0,전라남도 영암군 금정면 안노리,,,2015-07-02
영암군,백두축산,한우,,11.0,전라남도 영암군 미암면 남산리,,,2015-07-02
영암군,백산농장,한우,,90.0,전라남도 영암군 서호면 장천리,,,2015-07-02
영암군,백순애농장,오리,,30000.0,전라남도 영암군 도포면 성산리,,,2015-07-02
영암군,백야농장,한우,,35.0,전라남도 영암군 삼호읍 동호리,,,2015-07-02
영암군,백호축산,육계,,70000.0,전라남도 영암군 시종면 신학리,,,2015-07-02
영암군,범천농장,오리,,135000.0,전라남도 영암군 도포면 영호리,,,2015-07-02
영암군,벧엘농장,육계,,65000.0,전라남도 영암군 신북면 학동리,,,2015-07-02
영암군,벧엘농장,한우,,15.0,전라남도 영암군 신북면 이천리,,,2015-07-02
영암군,벧엘농장,오리,,50000.0,전라남도 영암군 시종면 월롱리,,,2015-07-02
영암군,별빛한우농장,한우,,0.0,전라남도 영암군 군서면 모정리,,,2015-07-02
영암군,보라농장,한우,,20.0,전라남도 영암군 덕진면 노송리,,,2015-07-02
영암군,보림농장,한우,,8.0,전라남도 영암군 시종면 옥야리,,,2015-07-02
영암군,복기농장,한우,,23.0,전라남도 영암군 군서면 마산리,,,2015-07-02
영암군,복음농장,한우,,70.0,전라남도 영암군 서호면 성재리,,,2015-07-02
영암군,복음제2농장,한우,,46.0,전라남도 영암군 덕진면 백계리,,,2015-07-02
영암군,복희농장,한우,,46.0,전라남도 영암군 덕진면 영등리,,,2015-07-02
영암군,봉소목장,젖소,,80.0,전라남도 영암군 시종면 봉소리,,,2015-07-02
영암군,봉수농장,한우,,2.0,전라남도 영암군 미암면 호포리,,,2015-07-02
영암군,봉영농장,한우,,50.0,전라남도 영암군 학산면 용산리,,,2015-07-02
영암군,봉학농장,돼지,,250.0,전라남도 영암군 도포면 영호리,,,2015-07-02
영암군,봉호농장,한우,,25.0,전라남도 영암군 도포면 봉호리,,,2015-07-02
영암군,봉황농장,한우,,36.0,전라남도 영암군 금정면 세류리,,,2015-07-02
영암군,부부농장,한우,,65.0,전라남도 영암군 도포면 원항리,,,2015-07-02
영암군,부성축산,오리,,13000.0,전라남도 영암군 덕진면 노송리,,,2015-07-02
영암군,부영농장,육계,,30000.0,전라남도 영암군 금정면 연소리,,,2015-07-02
영암군,부자축산,한우,,240.0,전라남도 영암군 서호면 소산리,,,2015-07-02
영암군,부희축산,육계,,90000.0,전라남도 영암군 학산면 묵동리,,,2015-07-02
영암군,불치목장,한우,,60.0,전라남도 영암군 영암읍 학송리,,,2015-07-02
영암군,사랑농장,한우,,65.0,전라남도 영암군 삼호읍 서호리,,,2015-07-02
영암군,사랑의농장,한우,,5.0,전라남도 영암군 미암면 호포리,,,2015-07-02
영암군,사랑축산,한우,,10.0,전라남도 영암군 군서면 동호리,,,2015-07-02
영암군,산돌축산,한우,,32.0,전라남도 영암군 시종면 내동리,,,2015-07-02
영암군,산들농원,한우,,20.0,전라남도 영암군 신북면 모산리,,,2015-07-02
영암군,산소농장,한우,,16.0,전라남도 영암군 신북면 월지리,,,2015-07-02
영암군,산소농장,한우,,21.0,전라남도 영암군 신북면 월지리,,,2015-07-02
영암군,산업농장,한우,,4.0,전라남도 영암군 군서면 해창리,,,2015-07-02
영암군,산장목장,젖소,,40.0,전라남도 영암군 학산면 용산리,,,2015-07-02
영암군,산정축업,한우,,40.0,전라남도 영암군 신북면 용산리,,,2015-07-02
영암군,산호농장,육계,,20000.0,전라남도 영암군 삼호읍호리,,,2015-07-02
영암군,살롱농장,한우,,60.0,전라남도 영암군 도포면 성산리,,,2015-07-02
영암군,삼도리농장,오리,,10000.0,전라남도 영암군 신북면 월평리,,,2015-07-02
영암군,삼동농장,한우,,0.0,전라남도 영암군 도포면 원항리,,,2015-07-02
영암군,삼번농장,한우,,9.0,전라남도 영암군 영암읍 용흥리,,,2015-07-02
영암군,삼성농장,오리,,12000.0,전라남도 영암군 군서면 도장리,,,2015-07-02
영암군,삼성농장,육계,,120000.0,전라남도 영암군 군서면 도장리,,,2015-07-02
영암군,삼성농장,오리,,10000.0,전라남도 영암군 군서면 도장리,,,2015-07-02
영암군,삼성농장,한우,,50.0,전라남도 영암군 군서면 동호리,,,2015-07-02
영암군,삼영농장,육계,,11200.0,전라남도 영암군 미암면 채지리,,,2015-07-02
영암군,삼호축산,한우,,30.0,전라남도 영암군 삼호읍 서호리,,,2015-07-02
영암군,삼호축산,한우,,170.0,전라남도 영암군 미암면 신포리,,,2015-07-02
영암군,삼휘축산,한우,,30.0,전라남도 영암군 삼호읍 망산리,,,2015-07-02
영암군,상록농장,한우,,15.0,전라남도 영암군 신북면 양계리,,,2015-07-02
영암군,상록수농장,한우,,35.0,전라남도 영암군 군서면 동호리,,,2015-07-02
영암군,상월농장,한우,,1.0,전라남도 영암군 학산면 상월리,,,2015-07-02
영암군,상월농장,한우,,3.0,전라남도 영암군 학산면 상월리,,,2015-07-02
영암군,상월리 농장,한우,,2.0,전라남도 영암군 학산면 상월리,,,2015-07-02
영암군,상이농장,한우,,10.0,전라남도 영암군 영암읍 망호리,,,2015-07-02
영암군,상일농장,한우,,0.0,전라남도 영암군 서호면 장천리,,,2015-07-02
영암군,상현농장,한우,,25.0,전라남도 영암군 시종면 신흥리,,,2015-07-02
영암군,상현축산,한우,,17.0,전라남도 영암군 군서면 월곡리,,,2015-07-02
영암군,상형축산,육계,,7000.0,전라남도 영암군 서호면 소산리,,,2015-07-02
영암군,상희농장,한우,,50.0,전라남도 영암군 덕진면 운암리,,,2015-07-02
영암군,새광축산,한우,,8.0,전라남도 영암군 학산면 용산리,,,2015-07-02
영암군,샘골농장,한우,,10.0,전라남도 영암군 신북면 이천리,,,2015-07-02
영암군,샤론목장,한우,,31.0,전라남도 영암군 학산면 매월리,,,2015-07-02
영암군,서가네축산,한우,,9.0,전라남도 영암군 미암면 춘동리,,,2015-07-02
영암군,서광축산,한우,,70.0,전라남도 영암군 군서면 동호리,,,2015-07-02
영암군,서남농장,한우,,32.0,전라남도 영암군 군서면 동호리,,,2015-07-02
영암군,서남열농장,한우,,10.0,전라남도 영암군 덕진면 덕진리,,,2015-07-02
영암군,서울농장,한우,,22.0,전라남도 영암군 영암읍 망호리,,,2015-07-02
영암군,서진농장,한우,,30.0,전라남도 영암군 신북면 갈곡리,,,2015-07-02
영암군,서창농장,한우,,25.0,전라남도 영암군 삼호읍 서창리,,,2015-07-02
영암군,서현농장,한우,,10.0,전라남도 영암군 학산면 금계리,,,2015-07-02
영암군,서현농장,한우,,35.0,전라남도 영암군 도포면 성산리,,,2015-07-02
영암군,서호농장,한우,,40.0,전라남도 영암군 서호면 금강리,,,2015-07-02
영암군,서호축산,한우,,14.0,전라남도 영암군 서호면 몽해리,,,2015-07-02
영암군,서흥농장,오리,,16000.0,전라남도 영암군 시종면 신학리,,,2015-07-02
영암군,석산농장,산양,,200.0,전라남도 영암군 금정면 월평리,,,2015-07-02
영암군,석연농장,한우,,60.0,전라남도 영암군 도포면 영호리,,,2015-07-02
영암군,석원농장,한우,,3.0,전라남도 영암군 학산면 독천리,,,2015-07-02
영암군,석중농장,한우,,60.0,전라남도 영암군 도포면 덕화리,,,2015-07-02
영암군,선경축산,한우,,40.0,전라남도 영암군 도포면 덕화리,,,2015-07-02
영암군,선룡축산,한우,,20.0,전라남도 영암군 서호면 엄길리,,,2015-07-02
영암군,선아농장,한우,,12.0,전라남도 영암군 덕진면 영보리,,,2015-07-02
영암군,선이농장,한우,,4.0,전라남도 영암군 시종면 옥야리,,,2015-07-02
영암군,선일농장,오리,,14200.0,전라남도 영암군 덕진면 노송리,,,2015-07-02
영암군,선정목장,한우,,6.0,전라남도 영암군 서호면 화송리,,,2015-07-02
영암군,선해축산,한우,,35.0,전라남도 영암군 서호면 화송리,,,2015-07-02
영암군,선현농장,한우,,60.0,전라남도 영암군 덕진면 금강리,,,2015-07-02
영암군,성림농장,한우,,10.0,전라남도 영암군 덕진면 노송리,,,2015-07-02
영암군,성민농장,한우,,80.0,전라남도 영암군 도포면 영호리,,,2015-07-02
영암군,성민축산,한우,,15.0,전라남도 영암군 신북면 유곡리,,,2015-07-02
영암군,성보축산,한우,,170.0,전라남도 영암군 덕진면 영등리,,,2015-07-02
영암군,성보축산,한우,,80.0,전라남도 영암군 덕진면 영등리,,,2015-07-02
영암군,성산농장,한우,,130.0,전라남도 영암군 도포면 수산리,,,2015-07-02
영암군,성산목장,젖소,,150.0,전라남도 영암군 학산면 묵동리,,,2015-07-02
영암군,성산목장,한우,,17.0,전라남도 영암군 도포면 성산리,,,2015-07-02
영암군,성산축산,한우,,12.0,전라남도 영암군 도포면 성산리,,,2015-07-02
영암군,성술농장,한우,,10.0,전라남도 영암군 서호면 화송리,,,2015-07-02
영암군,성식농장,한우,,8.0,전라남도 영암군 서호면 화송리,,,2015-07-02
영암군,성우농장,한우,,18.0,전라남도 영암군 학산면 은곡리,,,2015-07-02
영암군,성우천목장,육우,,5.0,전라남도 영암군 학산면 용산리,,,2015-07-02
영암군,성우축산,한우,,90.0,전라남도 영암군 덕진면 노송리,,,2015-07-02
영암군,성원농장,한우,,150.0,전라남도 영암군 덕진면 노송리,,,2015-07-02
영암군,성원목장,젖소,,45.0,전라남도 영암군 학산면 용소리,,,2015-07-02
영암군,성윤농장,한우,,2.0,전라남도 영암군 시종면 봉소리,,,2015-07-02
영암군,성윤농장,오리,,13900.0,전라남도 영암군 도포면 구학리,,,2015-07-02
영암군,성은목장,젖소,,115.0,전라남도 영암군 학산면 묵동리,,,2015-07-02
영암군,성자축산,한우,,11.0,전라남도 영암군 삼호읍 동호리,,,2015-07-02
영암군,성재농장,돼지,,1233.0,전라남도 영암군 서호면 성재리,,,2015-07-02
영암군,성재축사,한우,,11.0,전라남도 영암군 서호면 성재리,,,2015-07-02
영암군,성재축산,한우,,25.0,전라남도 영암군 서호면 성재리,,,2015-07-02
영암군,성주농장,한우,,16.0,전라남도 영암군 학산면 용산리,,,2015-07-02
영암군,성지농장,한우,,1.0,전라남도 영암군 군서면 성양리,,,2015-07-02
영암군,성지축산,한우,,45.0,전라남도 영암군 미암면 채지리,,,2015-07-02
영암군,성진농장,오리,,29000.0,전라남도 영암군 시종면 봉소리,,,2015-07-02
영암군,성채축산,한우,,14.0,전라남도 영암군 도포면 수산리,,,2015-07-02
영암군,성촌축산,한우,,23.0,전라남도 영암군 영암읍 학송리,,,2015-07-02
영암군,성촌축산,한우,,36.0,전라남도 영암군 영암읍 학송리,,,2015-07-02
영암군,성화농장,한우,,2.0,전라남도 영암군 시종면 금지리,,,2015-07-02
영암군,성화농장,한우,,5.0,전라남도 영암군 시종면 태간리,,,2015-07-02
영암군,성화축산,한우,,10.0,전라남도 영암군 삼호읍 용앙리,,,2015-07-02
영암군,성환농장,육계,,27900.0,전라남도 영암군 덕진면 노송리,,,2015-07-02
영암군,성훈농장,한우,,60.0,전라남도 영암군 학산면 독천리,,,2015-07-02
영암군,성훈농장,한우,,64.0,전라남도 영암군 군서면 서구림리,,,2015-07-02
영암군,성희농장,한우,,23.0,전라남도 영암군 서호면 몽해리,,,2015-07-02
영암군,세광농장,한우,,38.0,전라남도 영암군 학산면 독천리,,,2015-07-02
영암군,세길축산,한우,,13.0,전라남도 영암군 덕진면 노송리,,,2015-07-02
영암군,세나목장,젖소,,130.0,전라남도 영암군 신북면 금수리,,,2015-07-02
영암군,세빈농장,한우,,60.0,전라남도 영암군 시종면 옥야리,,,2015-07-02
영암군,소망농장,한우,,15.0,전라남도 영암군 영암읍 교동리,,,2015-07-02
영암군,소망농장,한우,,350.0,전라남도 영암군 도포면 수산리,,,2015-07-02
영암군,소망목장,한우,,50.0,전라남도 영암군 시종면 신흥리,,,2015-07-02
영암군,소영농장,한우,,8.0,전라남도 영암군 영암읍 교동리,,,2015-07-02
영암군,손양순농장,한우,,21.0,전라남도 영암군 시종면 옥야리,,,2015-07-02
영암군,솔청농장,한우,,14.0,전라남도 영암군 학산면 독천리,,,2015-07-02
영암군,송광농장,돼지,,1800.0,전라남도 영암군 도포면 성산리,,,2015-07-02
영암군,송림축산,한우,,100.0,전라남도 영암군 덕진면 노송리,,,2015-07-02
영암군,송림축산영농법인,한우,,120.0,전라남도 영암군 덕진면 노송리,,,2015-07-02
영암군,송암농장,한우,,15.0,전라남도 영암군 군서면 서구림리,,,2015-07-02
영암군,송암축산,한우,,50.0,전라남도 영암군 신북면 행정리,,,2015-07-02
영암군,송정농장,한우,,40.0,전라남도 영암군 서호면 화송리,,,2015-07-02
영암군,송정양계장,육계,,25000.0,전라남도 영암군 서호면 화송리,,,2015-07-02
영암군,송죽축산,한우,,12.0,전라남도 영암군 삼호읍 서호리,,,2015-07-02
영암군,수 농장,한우,,100.0,전라남도 영암군 도포면 영호리,,,2015-07-02
영암군,수만농장,한우,,12.0,전라남도 영암군 미암면 신포리,,,2015-07-02
영암군,수산농장,한우,,62.0,전라남도 영암군 도포면 수산리,,,2015-07-02
영암군,수산농장,한우,,20.0,전라남도 영암군 도포면 수산리,,,2015-07-02
영암군,수성농장,한우,,90.0,전라남도 영암군 영암읍 망호리,,,2015-07-02
영암군,수암농장,한우,,70.0,전라남도 영암군 덕진면 용산리,,,2015-07-02
영암군,수영축산,한우,,26.0,전라남도 영암군 덕진면 영보리,,,2015-07-02
영암군,수용축사,한우,,15.0,전라남도 영암군 미암면 신포리,,,2015-07-02
영암군,수정농원,오리,,13000.0,전라남도 영암군 시종면 월롱리,,,2015-07-02
영암군,수정축산,한우,,80.0,전라남도 영암군 시종면 월롱리,,,2015-07-02
영암군,수지농장,오리,,15000.0,전라남도 영암군 시종면 만수리,,,2015-07-02
영암군,수채농장,한우,,100.0,전라남도 영암군 도포면 영호리,,,2015-07-02
영암군,순곤농장,한우,,14.0,전라남도 영암군 학산면 용산리,,,2015-07-02
영암군,순기농장,한우,,0.0,전라남도 영암군 시종면 월악리 -,,,2015-07-02
영암군,순민농장,한우,,50.0,전라남도 영암군 군서면 도장리,,,2015-07-02
영암군,순복농장,한우,,10.0,전라남도 영암군 덕진면 금강리,,,2015-07-02
영암군,순오농장,한우,,15.0,전라남도 영암군 서호면 금강리,,,2015-07-02
영암군,순자농장,돼지,,70.0,전라남도 영암군 도포면 영호리,,,2015-07-02
영암군,순화농장,육계,,70000.0,전라남도 영암군 시종면 신학리,,,2015-07-02
영암군,순화축산,한우,,6.0,전라남도 영암군 삼호읍 서호리,,,2015-07-02
영암군,숭의농장,한우,,30.0,전라남도 영암군 도포면 원항리,,,2015-07-02
영암군,승규농장,한우,,35.0,전라남도 영암군 도포면 구학리,,,2015-07-02
영암군,승균농장,한우,,23.0,전라남도 영암군 신북면 이천리,,,2015-07-02
영암군,승리목장,한우,,50.0,전라남도 영암군 학산면 용산리,,,2015-07-02
영암군,승승농장,오리,,8500.0,전라남도 영암군 시종면 신학리,,,2015-07-02
영암군,승재농장,한우,,100.0,전라남도 영암군 도포면 영호리,,,2015-07-02
영암군,승호축산,한우,,8.0,전라남도 영암군 도포면 구학리,,,2015-07-02
영암군,시문농장,한우,,20.0,전라남도 영암군 시종면 옥야리,,,2015-07-02
영암군,시영농장,한우,,3.0,전라남도 영암군 미암면 채지리,,,2015-07-02
영암군,신기농장,한우,,2.0,전라남도 영암군 군서면 양장리,,,2015-07-02
영암군,신덕농장,한우,,5.0,전라남도 영암군 학산면 신덕리,,,2015-07-02
영암군,신덕축산,한우,,130.0,전라남도 영암군 시종면 구산리,,,2015-07-02
영암군,신덕축산,한우,,7.0,전라남도 영암군 학산면 신덕리,,,2015-07-02
영암군,신동축산,한우,,100.0,전라남도 영암군 학산면 용산리,,,2015-07-02
영암군,신상만농장,한우,,1.0,전라남도 영암군 학산면 용산리,,,2015-07-02
영암군,신안농장,한우,,21.0,전라남도 영암군 학산면 용소리,,,2015-07-02
영암군,신안농장,한우,,15.0,전라남도 영암군 서호면 소산리,,,2015-07-02
영암군,신영농장,한우,,280.0,전라남도 영암군 덕진면 백계리,,,2015-07-02
영암군,신우축산,한우,,50.0,전라남도 영암군 시종면 봉소리,,,2015-07-02
영암군,신원목장,젖소,,60.0,전라남도 영암군 미암면 선황리,,,2015-07-02
영암군,신일목장,젖소,,70.0,전라남도 영암군 시종면 만수리,,,2015-07-02
영암군,신정농장,한우,,10.0,전라남도 영암군 덕진면 덕진리,,,2015-07-02
영암군,신정축산,한우,,20.0,전라남도 영암군 영암읍 농덕리,,,2015-07-02
영암군,신한축산,한우,,19.0,전라남도 영암군 미암면 신한리,,,2015-07-02
영암군,신흥축산,한우,,22.0,전라남도 영암군 시종면 신흥리,,,2015-07-02
영암군,씨알농장,돼지,,500.0,전라남도 영암군 시종면 신학리,,,2015-07-02
영암군,아리랑축산,한우,,70.0,전라남도 영암군 미암면 춘동리,,,2015-07-02
영암군,안기농장,한우,,30.0,전라남도 영암군 금정면 용흥리,,,2015-07-02
영암군,안노축사,한우,,30.0,전라남도 영암군 금정면 안노리,,,2015-07-02
영암군,안로축산,한우,,105.0,전라남도 영암군 금정면 안노리,,,2015-07-02
영암군,안산농장,한우,,168.0,전라남도 영암군 시종면 월악리,,,2015-07-02
영암군,안산축산,한우,,90.0,전라남도 영암군 시종면 월악리,,,2015-07-02
영암군,안수농장,한우,,4.0,전라남도 영암군 서호면 쌍풍리,,,2015-07-02
영암군,안우농장,한우,,10.0,전라남도 영암군 도포면 성산리,,,2015-07-02
영암군,안적동농장,한우,,9.0,전라남도 영암군 금정면 용흥리,,,2015-07-02
영암군,안적축산,한우,,21.0,전라남도 영암군 금정면 용흥리,,,2015-07-02
영암군,알파덕,오리,,74800.0,전라남도 영암군 신북면 양계리,,,2015-07-02
영암군,애경농장,오리,,18000.0,전라남도 영암군 신북면 장산리,,,2015-07-02
영암군,애경농장,한우,,20.0,전라남도 영암군 덕진면 노송리,,,2015-07-02
영암군,애니피아 영농조합법인,육계,,45000.0,전라남도 영암군 금정면 세류리,,,2015-07-02
영암군,야곱농장,한우,,70.0,전라남도 영암군 신북면 양계리,,,2015-07-02
영암군,양동축산,한우,,2.0,전라남도 영암군 서호면 화송리,,,2015-07-02
영암군,양빈네 농장,한우,,21.0,전라남도 영암군 서호면 소산리,,,2015-07-02
영암군,양우농장,한우,,5.0,전라남도 영암군 군서면 마산리,,,2015-07-02
영암군,양장농장,한우,,134.0,전라남도 영암군 군서면 양장리,,,2015-07-02
영암군,양정농산,한우,,7.0,전라남도 영암군 도포면 영호리,,,2015-07-02
영암군,양준농장,한우,,25.0,전라남도 영암군 시종면 옥야리,,,2015-07-02
영암군,양지촌마을 농장,한우,,13.0,전라남도 영암군 군서면 성양리,,,2015-07-02
영암군,어진농장,한우,,20.0,전라남도 영암군 신북면 이천리,,,2015-07-02
영암군,에덴농장,오리,,12000.0,전라남도 영암군 시종면 신학리,,,2015-07-02
영암군,에벤에셀축산,한우,,31.0,전라남도 영암군 도포면 수산리,,,2015-07-02
영암군,연근농장,한우,,2.0,전라남도 영암군 군서면 마산리,,,2015-07-02
영암군,연원목장,한우,,6.0,전라남도 영암군 신북면 행정리,,,2015-07-02
영암군,연지축산,한우,,21.0,전라남도 영암군 금정면 안노리,,,2015-07-02
영암군,연진농장,한우,,7.0,전라남도 영암군 군서면 동호리,,,2015-07-02
영암군,연호축산,한우,,0.0,전라남도 영암군 신북면 모산리,,,2015-07-02
영암군,연희농장,한우,,62.0,전라남도 영암군 도포면 수산리,,,2015-07-02
영암군,영길농장,한우,,40.0,전라남도 영암군 도포면 성산리,,,2015-07-02
영암군,영농축산,한우,,50.0,전라남도 영암군 도포면 영호리,,,2015-07-02
영암군,영등축산,한우,,21.0,전라남도 영암군 덕진면 영등리,,,2015-07-02
영암군,영록축산,한우,,8.0,전라남도 영암군 군서면 도장리,,,2015-07-02
영암군,영민축사,한우,,30.0,전라남도 영암군 도포면 수산리,,,2015-07-02
영암군,영범농장,한우,,3.0,전라남도 영암군 덕진면 노송리,,,2015-07-02
영암군,영보농장,한우,,8.0,전라남도 영암군 덕진면 영보리,,,2015-07-02
영암군,영생목장,젖소,,65.0,전라남도 영암군 신북면 양계리,,,2015-07-02
영암군,영서축산,한우,,22.0,전라남도 영암군 시종면 옥야리,,,2015-07-02
영암군,영성농장,육계,,150000.0,전라남도 영암군 신북면 월평리,,,2015-07-02
영암군,영수농장,한우,,8.0,전라남도 영암군 시종면 내동리,,,2015-07-02
영암군,영승농장,한우,,30.0,전라남도 영암군 영암읍 송평리,,,2015-07-02
영암군,영식농장,한우,,20.0,전라남도 영암군 도포면 봉호리,,,2015-07-02
영암군,영신농장,육계,,50000.0,전라남도 영암군 덕진면 노송리,,,2015-07-02
영암군,영신농장,육계,,45000.0,전라남도 영암군 덕진면 노송리,,,2015-07-02
영암군,영신축산한우영농조합법인,한우,,30.0,전라남도 영암군 신북면 유곡리,,,2015-07-02
영암군,영암축산,돼지,,350.0,전라남도 영암군 시종면 옥야리,,,2015-07-02
영암군,영애축산,한우,,80.0,전라남도 영암군 도포면 성산리,,,2015-07-02
영암군,영용농장,한우,,18.0,전라남도 영암군 군서면 해창리,,,2015-07-02
영암군,영원농장,한우,,30.0,전라남도 영암군 도포면 영호리,,,2015-07-02
영암군,영월목장,한우,,45.0,전라남도 영암군 덕진면 노송리,,,2015-07-02
영암군,영일농장,한우,,25.0,전라남도 영암군 도포면 영호리,,,2015-07-02
영암군,영지축산,한우,,70.0,전라남도 영암군 시종면 구산리,,,2015-07-02
영암군,영진목장,한우,,32.0,전라남도 영암군 서호면 몽해리,,,2015-07-02
영암군,영진목장,한우,,7.0,전라남도 영암군 서호면 몽해리,,,2015-07-02
영암군,영찬농장,한우,,32.0,전라남도 영암군 서호면 소산리,,,2015-07-02
영암군,영천농장,한우,,3.0,전라남도 영암군 삼호읍 서창리,,,2015-07-02
영암군,영풍농장,한우,,8.0,전라남도 영암군 서호면 쌍풍리,,,2015-07-02
영암군,영호농원,돼지,,300.0,전라남도 영암군 도포면 영호리,,,2015-07-02
영암군,영호축산,한우,,29.0,전라남도 영암군 도포면 영호리,,,2015-07-02
영암군,영흥농장,한우,,24.0,전라남도 영암군 학산면 독천리,,,2015-07-02
영암군,예은농장,한우,,46.0,전라남도 영암군 서호면 청용리,,,2015-07-02
영암군,예향축산,한우,,30.0,전라남도 영암군 시종면 태간리,,,2015-07-02
영암군,오리농장,오리,,20000.0,전라남도 영암군 신북면 학동리,,,2015-07-02
영암군,오리천국,오리,,25000.0,전라남도 영암군 시종면 신학리,,,2015-07-02
영암군,오복농장,한우,,6.0,전라남도 영암군 삼호읍 망산리,,,2015-07-02
영암군,오성농장,한우,,15.0,전라남도 영암군 학산면 용산리,,,2015-07-02
영암군,오장성농장,한우,,30.0,전라남도 영암군 신북면 유곡리,,,2015-07-02
영암군,오장성목장,한우,,30.0,전라남도 영암군 신북면 유곡리,,,2015-07-02
영암군,오진농장,한우,,18.0,전라남도 영암군 덕진면 노송리,,,2015-07-02
영암군,오현농장,오리,,45000.0,전라남도 영암군 신북면 월지리,,,2015-07-02
영암군,옥수농장,한우,,20.0,전라남도 영암군 도포면 영호리,,,2015-07-02
영암군,옥자농장,한우,,17.0,전라남도 영암군 도포면 영호리,,,2015-07-02
영암군,옥주농장,산란계,,41030.0,전라남도 영암군 삼호읍 난전리,,,2015-07-02
영암군,온누리흑염소농장,산양,,50.0,전라남도 영암군 신북면 월평리,,,2015-07-02
영암군,용기농장,한우,,10.0,전라남도 영암군 시종면 구산리,,,2015-07-02
영암군,용복축산,한우,,60.0,전라남도 영암군 덕진면 노송리,,,2015-07-02
영암군,용산농장,한우,,16.0,전라남도 영암군 덕진면 용산리,,,2015-07-02
영암군,용산미래농장,한우,,12.0,전라남도 영암군 학산면 용산리,,,2015-07-02
영암군,용산축산,한우,,20.0,전라남도 영암군 신북면 용산리,,,2015-07-02
영암군,용산축산,한우,,20.0,전라남도 영암군 학산면 용산리,,,2015-07-02
영암군,용산축산,한우,,50.0,전라남도 영암군 신북면 용산리,,,2015-07-02
영암군,용산축산,한우,,21.0,전라남도 영암군 학산면 용산리,,,2015-07-02
영암군,용산축산,한우,,2.0,전라남도 영암군 학산면 용산리,,,2015-07-02
영암군,용성농장,한우,,100.0,전라남도 영암군 군서면 월곡리,,,2015-07-02
영암군,용천목장,한우,,60.0,전라남도 영암군 금정면 용흥리,,,2015-07-02
영암군,용훈농장,한우,,35.0,전라남도 영암군 도포면 봉호리,,,2015-07-02
영암군,용흥농장,한우,,10.0,전라남도 영암군 영암읍 용흥리,,,2015-07-02
영암군,용희농장,한우,,12.0,전라남도 영암군 신북면 행정리,,,2015-07-02
영암군,우도농장,오리,,52000.0,전라남도 영암군 덕진면 용산리,,,2015-07-02
영암군,우두농장,한우,,40.0,전라남도 영암군 군서면 동호리,,,2015-07-02
영암군,우리농원,한우,,21.0,전라남도 영암군 삼호읍 난전리,,,2015-07-02
영암군,우리농장,육계,,45000.0,전라남도 영암군 도포면 구학리,,,2015-07-02
영암군,우리농장,한우,,15.0,전라남도 영암군 삼호읍 서호리,,,2015-07-02
영암군,우리농장,오리,,15000.0,전라남도 영암군 영암읍 송평리,,,2015-07-02
영암군,우리목장,한우,,5.0,전라남도 영암군 시종면 월악리,,,2015-07-02
영암군,우리목장,한우,,100.0,전라남도 영암군 서호면 장천리,,,2015-07-02
영암군,우리손 영암농장,돼지,,5500.0,전라남도 영암군 도포면 영호리,,,2015-07-02
영암군,우리축산,한우,,150.0,전라남도 영암군 신북면 이천리,,,2015-07-02
영암군,우정농축산,한우,,100.0,전라남도 영암군 신북면 갈곡리,,,2015-07-02
영암군,우정목장,한우,,100.0,전라남도 영암군 삼호읍 서창리,,,2015-07-02
영암군,우정목장,한우,,17.0,전라남도 영암군 미암면 남산리,,,2015-07-02
영암군,우정축산,한우,,18.0,전라남도 영암군 신북면 갈곡리,,,2015-07-02
영암군,우주농장,한우,,50.0,전라남도 영암군 덕진면 백계리,,,2015-07-02
영암군,우진농장,한우,,10.0,전라남도 영암군 금정면 연보리,,,2015-07-02
영암군,운산농장,한우,,28.0,전라남도 영암군 도포면 봉호리,,,2015-07-02
영암군,울타리영농조합법인,한우,,73.0,"전라남도 영암군 학산면 신덕리,",,,2015-07-02
영암군,워낭축산,한우,,37.0,전라남도 영암군 서호면 엄길리,,,2015-07-02
영암군,원광1농장,오리,,15000.0,전라남도 영암군 신북면 월지리,,,2015-07-02
영암군,원광2농장,오리,,22000.0,전라남도 영암군 신북면 월지리,,,2015-07-02
영암군,원기축산,한우,,35.0,전라남도 영암군 서호면 청용리,,,2015-07-02
영암군,원목농장,한우,,5.0,전라남도 영암군 도포면 원항리,,,2015-07-02
영암군,원일농장,한우,,10.0,전라남도 영암군 군서면 모정리,,,2015-07-02
영암군,원항농장,한우,,22.0,전라남도 영암군 도포면 원항리,,,2015-07-02
영암군,월산농장,한우,,2.0,전라남도 영암군 군서면 월곡리,,,2015-07-02
영암군,월송농장,한우,,60.0,전라남도 영암군 시종면 월송리,,,2015-07-02
영암군,월악농장,한우,,3.0,전라남도 영암군 시종면 월악리,,,2015-07-02
영암군,월악축산,한우,,67.0,전라남도 영암군 시종면 월악리,,,2015-07-02
영암군,월암농장,한우,,2.0,전라남도 영암군 군서면 월곡리,,,2015-07-02
영암군,월지농장,오리,,8500.0,전라남도 영암군 신북면 월지리,,,2015-07-02
영암군,월출산농장,한우,,50.0,전라남도 영암군 도포면 봉호리,,,2015-07-02
영암군,월출산동물농장,돼지,,40.0,전라남도 영암군 서호면 화송리,,,2015-07-02
영암군,월출패밀리축산,한우,,150.0,전라남도 영암군 군서면 마산리,,,2015-07-02
영암군,월평농장,한우,,4.0,전라남도 영암군 서호면 소산리,,,2015-07-02
영암군,월평농장,한우,,19.0,전라남도 영암군 서호면 쌍풍리,,,2015-07-02
영암군,월평농장,한우,,3.0,전라남도 영암군 서호면 쌍풍리,,,2015-07-02
영암군,유곡농장,한우,,50.0,전라남도 영암군 신북면 유곡리,,,2015-07-02
영암군,유근축산,한우,,8.0,전라남도 영암군 영암읍 장암리,,,2015-07-02
영암군,유번농장,한우,,120.0,전라남도 영암군 학산면 용산리,,,2015-07-02
영암군,유산장농원,오리,,12000.0,전라남도 영암군 미암면 채지리,,,2015-07-02
영암군,유영농장,한우,,14.0,전라남도 영암군 신북면 학동리,,,2015-07-02
영암군,유진축산,한우,,40.0,전라남도 영암군 도포면 영호리,,,2015-07-02
영암군,유천농장,한우,,21.0,전라남도 영암군 학산면 상월리,,,2015-07-02
영암군,유촌축산,한우,,10.0,전라남도 영암군 도포면 덕화리,,,2015-07-02
영암군,유호정농장,한우,,50.0,전라남도 영암군 신북면 행정리,,,2015-07-02
영암군,윤남축산,한우,,15.0,전라남도 영암군 학산면 학계리,,,2015-07-02
영암군,윤민농장,한우,,24.0,전라남도 영암군 도포면 영호리,,,2015-07-02
영암군,율태목장,한우,,12.0,전라남도 영암군 학산면 용산리,,,2015-07-02
영암군,은우농장,한우,,1.0,전라남도 영암군 서호면 엄길리,,,2015-07-02
영암군,은평농장,한우,,6.0,전라남도 영암군 서호면 금강리,,,2015-07-02
영암군,은혜농장,한우,,50.0,전라남도 영암군 덕진면 노송리,,,2015-07-02
영암군,은혜농장,한우,,30.0,전라남도 영암군 도포면 성산리,,,2015-07-02
영암군,은혜농장,한우,,24.0,전라남도 영암군 군서면 해창리,,,2015-07-02
영암군,은혜목장,젖소,,120.0,전라남도 영암군 미암면 두억리,,,2015-07-02
영암군,이남농장,한우,,30.0,전라남도 영암군 삼호읍 용앙리,,,2015-07-02
영암군,이두농장,한우,,4.0,전라남도 영암군 시종면 월악리,,,2015-07-02
영암군,이레농장,한우,,20.0,전라남도 영암군 미암면 신한리,,,2015-07-02
영암군,이레농장,한우,,8.0,전라남도 영암군 미암면 신포리,,,2015-07-02
영암군,이유농장,돼지,,2483.0,전라남도 영암군 학산면 묵동리,,,2015-07-02
영암군,이천목장,젖소,,110.0,전라남도 영암군 신북면 이천리,,,2015-07-02
영암군,익현농장,한우,,8.0,전라남도 영암군 영암읍 농덕리,,,2015-07-02
영암군,인성축산,한우,,5.0,전라남도 영암군 시종면 신흥리,,,2015-07-02
영암군,인수농장,한우,,80.0,전라남도 영암군 군서면 동호리,,,2015-07-02
영암군,인주농장,한우,,60.0,전라남도 영암군 덕진면 노송리,,,2015-07-02
영암군,일광농장,한우,,6042.0,전라남도 영암군 신북면 월지리,,,2015-07-02
영암군,일광농장,오리,,17045.0,전라남도 영암군 신북면 월지리,,,2015-07-02
영암군,일도축산,한우,,20.0,전라남도 영암군 군서면 해창리,,,2015-07-02
영암군,일동농장,한우,,20.0,전라남도 영암군 군서면 마산리,,,2015-07-02
영암군,일비농장,한우,,30.0,전라남도 영암군 미암면 신포리,,,2015-07-02
영암군,일출목장,젖소,,80.0,전라남도 영암군 도포면 구학리,,,2015-07-02
영암군,일품농장,한우,,18.0,전라남도 영암군 군서면 도갑리,,,2015-07-02
영암군,임대길농장,한우,,4.0,전라남도 영암군 미암면 신포리,,,2015-07-02
영암군,자립농장,한우,,90.0,전라남도 영암군 도포면 원항리,,,2015-07-02
영암군,자연농장,한우,,36.0,전라남도 영암군 도포면 구학리,,,2015-07-02
영암군,자연축산,한우,,132.0,전라남도 영암군 시종면 월악리,,,2015-07-02
영암군,잘크는농장,한우,,10.0,전라남도 영암군 군서면 동호리,,,2015-07-02
영암군,장구섬농장,육계,,128000.0,전라남도 영암군 시종면 신학리,,,2015-07-02
영암군,장동농장,한우,,8.0,전라남도 영암군 시종면 옥야리,,,2015-07-02
영암군,장수농장,오리,,25000.0,전라남도 영암군 도포면 구학리,,,2015-07-02
영암군,장암농장,한우,,19.0,전라남도 영암군 덕진면 노송리,,,2015-07-02
영암군,장암농장,한우,,21.0,전라남도 영암군 덕진면 영등리,,,2015-07-02
영암군,장암농장,한우,,25.0,전라남도 영암군 영암읍 장암리,,,2015-07-02
영암군,장천농장,한우,,4.0,전라남도 영암군 서호면 장천리,,,2015-07-02
영암군,장천목장,한우,,100.0,전라남도 영암군 서호면 쌍풍리,,,2015-07-02
영암군,장천목장,한우,,67.0,전라남도 영암군 서호면 몽해리,,,2015-07-02
영암군,재국농장,한우,,4.0,전라남도 영암군 서호면 성재리,,,2015-07-02
영암군,재성농장,한우,,13.0,전라남도 영암군 서호면 장천리,,,2015-07-02
영암군,재우네목장,한우,,16.0,전라남도 영암군 삼호읍 망산리,,,2015-07-02
영암군,재표농장,한우,,7.0,전라남도 영암군 군서면 양장리,,,2015-07-02
영암군,전식농장,한우,,22.0,전라남도 영암군 군서면 동호리,,,2015-07-02
영암군,전연익농장,한우,,2.0,전라남도 영암군 서호면 화송리,,,2015-07-02
영암군,전원농장,한우,,270.0,전라남도 영암군 신북면 행정리,,,2015-07-02
영암군,전일농장,한우,,8.0,전라남도 영암군 미암면 채지리,,,2015-07-02
영암군,전진축산,한우,,65.0,전라남도 영암군 군서면 도장리,,,2015-07-02
영암군,점동농장,한우,,10.0,전라남도 영암군 삼호읍 용앙리,,,2015-07-02
영암군,정관목장,한우,,27.0,전라남도 영암군 서호면 성재리,,,2015-07-02
영암군,정동농장,한우,,42.0,전라남도 영암군 시종면 신학리,,,2015-07-02
영암군,정미농장,한우,,0.0,전라남도 영암군 군서면 동호리,,,2015-07-02
영암군,정미농장,오리,,8100.0,전라남도 영암군 덕진면 노송리,,,2015-07-02
영암군,정수농장,오리,,14000.0,전라남도 영암군 영암읍 망호리,,,2015-07-02
영암군,정수농장,한우,,1000.0,전라남도 영암군 영암읍 망호리,,,2015-07-02
영암군,정수축산,한우,,3.0,전라남도 영암군 신북면 행정리,,,2015-07-02
영암군,정심축산,한우,,20.0,전라남도 영암군 덕진면 금강리,,,2015-07-02
영암군,정오농장,한우,,2.0,전라남도 영암군 학산면 용산리,,,2015-07-02
영암군,정우축산,한우,,35.0,전라남도 영암군 시종면 신학리,,,2015-07-02
영암군,정원영농조합법인,한우,,460.0,전라남도 영암군 덕진면 노송리,,,2015-07-02
영암군,정일농장,돼지,,1500.0,전라남도 영암군 학산면 묵동리,,,2015-07-02
영암군,정일축산,한우,,63.0,전라남도 영암군 군서면 마산리,,,2015-07-02
영암군,정조농장,한우,,13.0,전라남도 영암군 군서면 마산리,,,2015-07-02
영암군,정철농장,한우,,10.0,전라남도 영암군 군서면 동호리,,,2015-07-02
영암군,정현농장,한우,,30.0,전라남도 영암군 시종면 신흥리,,,2015-07-02
영암군,정현농장,한우,,150.0,전라남도 영암군 시종면 신연리,,,2015-07-02
영암군,제일축산,돼지,,800.0,전라남도 영암군 덕진면 금강리,,,2015-07-02
영암군,조귀일농장,한우,,39.0,전라남도 영암군 미암면 채지리,,,2015-07-02
영암군,조시신농장,한우,,30.0,전라남도 영암군 도포면 영호리,,,2015-07-02
영암군,조영수농장,한우,,13.0,전라남도 영암군 도포면 수산리,,,2015-07-02
영암군,조은농장,한우,,20.0,전라남도 영암군 삼호읍 용앙리,,,2015-07-02
영암군,조은목장,한우,,72.0,전라남도 영암군 서호면 장천리,,,2015-07-02
영암군,조은목장,한우,,130.0,전라남도 영암군 서호면 몽해리,,,2015-07-02
영암군,종남농장,한우,,15050.0,전라남도 영암군 신북면 갈곡리,,,2015-07-02
영암군,종남축산,한우,,60.0,전라남도 영암군 도포면 덕화리,,,2015-07-02
영암군,종만축산,한우,,34.0,전라남도 영암군 서호면 성재리,,,2015-07-02
영암군,종복농장,한우,,41.0,전라남도 영암군 시종면 신연리,,,2015-07-02
영암군,종욱농장,육계,,44900.0,전라남도 영암군 시종면 신학리,,,2015-07-02
영암군,주안농장,한우,,20035.0,전라남도 영암군 미암면 신한리,,,2015-07-02
영암군,주안농장,한우,,100.0,전라남도 영암군 삼호읍 망산리,,,2015-07-02
영암군,주이농장,한우,,9.0,전라남도 영암군 군서면 모정리,,,2015-07-02
영암군,주인농장,한우,,24.0,전라남도 영암군 서호면 쌍풍리,,,2015-07-02
영암군,주정만농장,한우,,50.0,전라남도 영암군 도포면 성산리,,,2015-07-02
영암군,주혁축산,한우,,5.0,전라남도 영암군 시종면 신학리,,,2015-07-02
영암군,주현농장,한우,,20.0,전라남도 영암군 학산면 금계리,,,2015-07-02
영암군,주형농장,한우,,5.0,전라남도 영암군 영암읍 농덕리,,,2015-07-02
영암군,준농장,한우,,10.0,전라남도 영암군 영암읍 교동리,,,2015-07-02
영암군,준평농원,한우,,1.0,전라남도 영암군 삼호읍 동호리,,,2015-07-02
영암군,준호농장,한우,,17.0,전라남도 영암군 학산면 독천리,,,2015-07-02
영암군,지남농장,한우,,56.0,전라남도 영암군 군서면 동호리,,,2015-07-02
영암군,지명농장,한우,,2.0,전라남도 영암군 신북면 학동리,,,2015-07-02
영암군,지산목장,돼지,,35.0,전라남도 영암군 서호면 청용리,,,2015-07-02
영암군,지원목장,젖소,,60.0,전라남도 영암군 서호면 몽해리,,,2015-07-02
영암군,지훈농장,오리,,10000.0,전라남도 영암군 신북면 월지리,,,2015-07-02
영암군,진서농장,한우,,30.0,전라남도 영암군 미암면 신한리,,,2015-07-02
영암군,진성축산,오리,,20065.0,전라남도 영암군 덕진면 금강리,,,2015-07-02
영암군,진양계장,육계,,60000.0,전라남도 영암군 군서면 양장리,,,2015-07-02
영암군,진주농장,한우,,25.0,전라남도 영암군 군서면 도갑리,,,2015-07-02
영암군,진중농장,한우,,9.0,전라남도 영암군 군서면 모정리,,,2015-07-02
영암군,진호농장,한우,,50.0,전라남도 영암군 도포면 봉호리,,,2015-07-02
영암군,진호농장,한우,,3.0,전라남도 영암군 삼호읍 망산리,,,2015-07-02
영암군,진흥축산,한우,,224.0,전라남도 영암군 덕진면 금강리,,,2015-07-02
영암군,찬관농장,한우,,10.0,전라남도 영암군 덕진면 운암리,,,2015-07-02
영암군,찬민농장,한우,,18.0,전라남도 영암군 군서면 해창리,,,2015-07-02
영암군,찬인농장,한우,,19.0,전라남도 영암군 서호면 쌍풍리,,,2015-07-02
영암군,창규농장,한우,,10.0,전라남도 영암군 군서면 모정리,,,2015-07-02
영암군,창록축산,한우,,5.0,전라남도 영암군 시종면 신학리,,,2015-07-02
영암군,창민농장,한우,,9.0,전라남도 영암군 덕진면 백계리,,,2015-07-02
영암군,창범농장,한우,,3.0,전라남도 영암군 미암면 두억리,,,2015-07-02
영암군,창식축산,한우,,32.0,전라남도 영암군 덕진면 운암리,,,2015-07-02
영암군,창업축산,돼지,,2000.0,전라남도 영암군 미암면 신포리,,,2015-07-02
영암군,창영농장,한우,,6.0,전라남도 영암군 신북면 월지리,,,2015-07-02
영암군,창운축산,한우,,6.0,전라남도 영암군 학산면 용산리,,,2015-07-02
영암군,창현농장,한우,,11.0,전라남도 영암군 금정면 월평리,,,2015-07-02
영암군,천수농장,한우,,100.0,전라남도 영암군 신북면 이천리,,,2015-07-02
영암군,천우농장,한우,,60.0,전라남도 영암군 덕진면 영등리,,,2015-07-02
영암군,천일농장,산란계,,28000.0,전라남도 영암군 도포면 구학리,,,2015-07-02
영암군,천일농장,한우,,2.0,전라남도 영암군 시종면 옥야리,,,2015-07-02
영암군,천해농장,한우,,14.0,전라남도 영암군 학산면 용소리,,,2015-07-02
영암군,천해농장,한우,,3.0,전라남도 영암군 학산면 용소리,,,2015-07-02
영암군,천해축산영농조합법인,한우,,40.0,전라남도 영암군 학산면 용소리,,,2015-07-02
영암군,철리축산,한우,,6.0,전라남도 영암군 신북면 이천리,,,2015-07-02
영암군,철용농장,돼지,,350.0,전라남도 영암군 신북면 금수리,,,2015-07-02
영암군,철진축산,오리,,15000.0,전라남도 영암군 덕진면 금강리,,,2015-07-02
영암군,청림농장,한우,,80.0,전라남도 영암군 덕진면 금강리,,,2015-07-02
영암군,청림농장,한우,,60.0,전라남도 영암군 덕진면 금강리,,,2015-07-02
영암군,청솔체험목장,한우,,60.0,전라남도 영암군 신북면 양계리,,,2015-07-02
영암군,청수축산,한우,,2.0,전라남도 영암군 미암면 채지리,,,2015-07-02
영암군,청용농장,한우,,35.0,전라남도 영암군 신북면 모산리,,,2015-07-02
영암군,청용축산,한우,,60.0,전라남도 영암군 서호면 청용리,,,2015-07-02
영암군,청용축산,한우,,25.0,전라남도 영암군 서호면 청용리,,,2015-07-02
영암군,청용축산,한우,,64.0,전라남도 영암군 영암읍 학송리,,,2015-07-02
영암군,청우농장,한우,,55.0,전라남도 영암군 군서면 마산리,,,2015-07-02
영암군,청우농장,한우,,23.0,전라남도 영암군 덕진면 백계리,,,2015-07-02
영암군,청우축산,한우,,0.0,전라남도 영암군 도포면 수산리,,,2015-07-02
영암군,청해목장,젖소,,126.0,전라남도 영암군 미암면 두억리,,,2015-07-02
영암군,초안농장,한우,,1.0,전라남도 영암군 학산면 금계리,,,2015-07-02
영암군,초안농장,한우,,5.0,전라남도 영암군 학산면 금계리,,,2015-07-02
영암군,초장동농장,한우,,3.0,전라남도 영암군 군서면 모정리,,,2015-07-02
영암군,최선철농장,한우,,51.0,전라남도 영암군 군서면 동호리,,,2015-07-02
영암군,최창규 농장,한우,,20.0,전라남도 영암군 도포면 성산리,,,2015-07-02
영암군,춘양농장,육계,,2500.0,전라남도 영암군 영암읍 남풍리,,,2015-07-02
영암군,춘양목장,한우,,51.0,전라남도 영암군 영암읍 춘양리,,,2015-07-02
영암군,춘옥농장,한우,,7.0,전라남도 영암군 삼호읍 동호리,,,2015-07-02
영암군,춘윤목장,한우,,7.0,전라남도 영암군 도포면 구학리,,,2015-07-02
영암군,춘재농장,한우,,3.0,전라남도 영암군 학산면 묵동리,,,2015-07-02
영암군,춘정농장,육계,,14000.0,전라남도 영암군 영암읍 장암리,,,2015-07-02
영암군,춘화농장,한우,,100.0,전라남도 영암군 덕진면 백계리,,,2015-07-02
영암군,충우농장,한우,,21.0,전라남도 영암군 서호면 금강리,,,2015-07-02
영암군,충현농장,한우,,18.0,전라남도 영암군 시종면 신연리,,,2015-07-02
영암군,카리스농장,한우,,21.0,전라남도 영암군 도포면 영호리,,,2015-07-02
영암군,코리아축산,돼지,,1000.0,전라남도 영암군 도포면 수산리,,,2015-07-02
영암군,탑동축산,한우,,0.0,전라남도 영암군 군서면 동호리,,,2015-07-02
영암군,태광농장,오리,,20000.0,전라남도 영암군 군서면 도장리,,,2015-07-02
영암군,태산농장,육계,,92000.0,전라남도 영암군 시종면 봉소리,,,2015-07-02
영암군,태석농장,오리,,13000.0,전라남도 영암군 영암읍 송평리,,,2015-07-02
영암군,태성농장,육계,,500.0,전라남도 영암군 삼호읍호리,,,2015-07-02
영암군,태양농장,산란계,,64904.0,전라남도 영암군 삼호읍 동호리,,,2015-07-02
영암군,태양농장,돼지,,5.0,전라남도 영암군 도포면 영호리,,,2015-07-02
영암군,태열축산,한우,,8.0,전라남도 영암군 시종면 금지리,,,2015-07-02
영암군,태영농장,한우,,12.0,전라남도 영암군 서호면 엄길리,,,2015-07-02
영암군,태영농장,한우,,9.0,전라남도 영암군 군서면 성양리,,,2015-07-02
영암군,태옥축산,한우,,13.0,전라남도 영암군 덕진면 노송리,,,2015-07-02
영암군,태정목장,한우,,30.0,전라남도 영암군 시종면 신연리,,,2015-07-02
영암군,태평농장,오리,,18000.0,전라남도 영암군 신북면 모산리,,,2015-07-02
영암군,태평농장,한우,,20.0,전라남도 영암군 시종면 신연리,,,2015-07-02
영암군,태평농장,오리,,20000.0,전라남도 영암군 시종면 신연리,,,2015-07-02
영암군,태환농장,한우,,60.0,전라남도 영암군 도포면 영호리,,,2015-07-02
영암군,태희농장,오리,,25000.0,전라남도 영암군 시종면 신학리,,,2015-07-02
영암군,평엽농장,오리,,12000.0,전라남도 영암군 시종면 신연리,,,2015-07-02
영암군,평일농장,한우,,32.0,전라남도 영암군 도포면 봉호리,,,2015-07-02
영암군,푸른농장,한우,,150.0,전라남도 영암군 미암면 신한리,,,2015-07-02
영암군,푸른축산영농조합법인,한우,,300.0,전라남도 영암군 신북면 금수리,,,2015-07-02
영암군,하나축산,한우,,50.0,전라남도 영암군 덕진면 금강리,,,2015-07-02
영암군,하림농장,오리,,12000.0,전라남도 영암군 신북면 갈곡리,,,2015-07-02
영암군,하우리농장,오리,,70000.0,전라남도 영암군 신북면 월지리,,,2015-07-02
영암군,하은농장,오리,,24000.0,전라남도 영암군 도포면 구학리,,,2015-07-02
영암군,하정팜(form),오리,,20000.0,전라남도 영암군 시종면 신학리,,,2015-07-02
영암군,학동농장,한우,,15.0,전라남도 영암군 신북면 학동리,,,2015-07-02
영암군,학림축산,한우,,150.0,전라남도 영암군 도포면 수산리,,,2015-07-02
영암군,학산농장,육계,,120000.0,전라남도 영암군 학산면 용산리,,,2015-07-02
영암군,학산유천낙농영농조합법인,젖소,,100.0,전라남도 영암군 학산면 상월리,,,2015-07-02
영암군,학파축산,한우,,3.0,전라남도 영암군 서호면 쌍풍리,,,2015-07-02
영암군,한길농장,한우,,30.0,전라남도 영암군 서호면 쌍풍리,,,2015-07-02
영암군,한대축산,한우,,5.0,전라남도 영암군 영암읍 한대리,,,2015-07-02
영암군,한덕축산,한우,,30.0,전라남도 영암군 도포면 수산리,,,2015-07-02
영암군,한마음농장,육계,,67147.0,전라남도 영암군 시종면 만수리,,,2015-07-02
영암군,한반동농장,한우,,20.0,전라남도 영암군 도포면 봉호리,,,2015-07-02
영암군,한사랑농장,한우,,30.0,전라남도 영암군 서호면 몽해리,,,2015-07-02
영암군,한샘농장,한우,,84.0,전라남도 영암군 학산면 용산리,,,2015-07-02
영암군,한샘목장,젖소,,98.0,전라남도 영암군 학산면 용산리,,,2015-07-02
영암군,한우리축산영농조합법인,한우,,95.0,전라남도 영암군 도포면 봉호리,,,2015-07-02
영암군,한울농장,한우,,70.0,전라남도 영암군 시종면 옥야리,,,2015-07-02
영암군,한울축산,한우,,30.0,전라남도 영암군 시종면 와우리,,,2015-07-02
영암군,한임선한우농장,한우,,100.0,전라남도 영암군 군서면 동호리,,,2015-07-02
영암군,해돋이농장,한우,,150.0,전라남도 영암군 서호면 쌍풍리,,,2015-07-02
영암군,해든누리 흑염소농장,산양,,1000.0,,,,2015-07-02
영암군,해랑농장,오리,,12000.0,전라남도 영암군 신북면 모산리,,,2015-07-02
영암군,해맑은농장,오리,,28000.0,전라남도 영암군 도포면 봉호리,,,2015-07-02
영암군,해바레축산 영농조합법인,오리,,15000.0,전라남도 영암군 덕진면 장선리,,,2015-07-02
영암군,해석농장,한우,,7.0,전라남도 영암군 군서면 모정리,,,2015-07-02
영암군,해성농원,한우,,80.0,전라남도 영암군 덕진면 금강리,,,2015-07-02
영암군,해성농원,한우,,40.0,전라남도 영암군 덕진면 금강리,,,2015-07-02
영암군,해성목장,한우,,44.0,전라남도 영암군 학산면 용산리,,,2015-07-02
영암군,해오름농장,한우,,34.0,전라남도 영암군 서호면 성재리,,,2015-07-02
영암군,해창농장,오리,,12000.0,전라남도 영암군 군서면 해창리,,,2015-07-02
영암군,해피목장영농조합법인,한우,,5.0,전라남도 영암군 금정면 용흥리,,,2015-07-02
영암군,행운축산,한우,,90.0,전라남도 영암군 신북면 행정리,,,2015-07-02
영암군,행정농장,육계,,130000.0,전라남도 영암군 신북면 행정리,,,2015-07-02
영암군,향월농장,오리,,60000.0,전라남도 영암군 덕진면 장선리,,,2015-07-02
영암군,향월농장,한우,,52.0,전라남도 영암군 덕진면 장선리,,,2015-07-02
영암군,향화농장,한우,,3.0,전라남도 영암군 서호면 화송리,,,2015-07-02
영암군,혁건농장,한우,,5.0,전라남도 영암군 시종면 신학리,,,2015-07-02
영암군,현균농장,한우,,29.0,전라남도 영암군 금정면 월평리,,,2015-07-02
영암군,현대농장,한우,,20.0,전라남도 영암군 신북면 이천리,,,2015-07-02
영암군,현덕목장,한우,,35.0,전라남도 영암군 시종면 신연리,,,2015-07-02
영암군,현수농장,한우,,100.0,전라남도 영암군 도포면 영호리,,,2015-07-02
영암군,현수농장,한우,,227.0,전라남도 영암군 도포면 영호리,,,2015-07-02
영암군,현식축산,한우,,14.0,전라남도 영암군 덕진면 백계리,,,2015-07-02
영암군,현우축산,한우,,4.0,전라남도 영암군 학산면 독천리,,,2015-07-02
영암군,현재목장,젖소,,80.0,전라남도 영암군 시종면 만수리,,,2015-07-02
영암군,현철농장,한우,,35.0,전라남도 영암군 도포면 영호리,,,2015-07-02
영암군,현춘축산,한우,,0.0,전라남도 영암군 학산면 학계리,,,2015-07-02
영암군,협업농장,한우,,55.0,전라남도 영암군 도포면 영호리,,,2015-07-02
영암군,형민농장,한우,,400.0,전라남도 영암군 영암읍 망호리,,,2015-07-02
영암군,형빈농장,한우,,230.0,전라남도 영암군 도포면 영호리,,,2015-07-02
영암군,형석농장,한우,,1.0,전라남도 영암군 학산면 금계리,,,2015-07-02
영암군,형암농장,오리,,16000.0,전라남도 영암군 시종면 봉소리,,,2015-07-02
영암군,형임농장,한우,,20.0,전라남도 영암군 서호면 몽해리,,,2015-07-02
영암군,형제축산,한우,,50.0,전라남도 영암군 삼호읍 난전리,,,2015-07-02
영암군,형제흑돼지 농장,돼지,,50.0,전라남도 영암군 금정면 연소리,,,2015-07-02
영암군,혜미농장,한우,,12.0,전라남도 영암군 서호면 성재리,,,2015-07-02
영암군,혜민농장,한우,,15.0,전라남도 영암군 도포면 영호리,,,2015-07-02
영암군,혜순농장,한우,,3.0,전라남도 영암군 시종면 와우리,,,2015-07-02
영암군,혜원농장,한우,,20.0,전라남도 영암군 학산면 용소리,,,2015-07-02
영암군,혜인농장,한우,,40.0,전라남도 영암군 덕진면 노송리,,,2015-07-02
영암군,혜진축산,한우,,7.0,전라남도 영암군 덕진면 운암리,,,2015-07-02
영암군,호산농장,한우,,33.0,전라남도 영암군 신북면 이천리,,,2015-07-02
영암군,호산농장,한우,,50.0,전라남도 영암군 미암면 호포리,,,2015-07-02
영암군,호서농장,오리,,30700.0,전라남도 영암군 시종면 봉소리,,,2015-07-02
영암군,호포농장,한우,,23.0,전라남도 영암군 미암면 호포리,,,2015-07-02
영암군,홍갑표농장,한우,,17.0,전라남도 영암군 서호면 엄길리,,,2015-07-02
영암군,홍균농장,산란계,,1500.0,전라남도 영암군 금정면 안노리,,,2015-07-02
영암군,홍기농장,한우,,20.0,전라남도 영암군 신북면 갈곡리,,,2015-07-02
영암군,홍연농장,한우,,12.0,전라남도 영암군 시종면 옥야리,,,2015-07-02
영암군,화문농장,한우,,40.0,전라남도 영암군 영암읍 망호리,,,2015-07-02
영암군,화산농장,한우,,40.0,전라남도 영암군 도포면 영호리,,,2015-07-02
영암군,화산농장,육계,,80000.0,전라남도 영암군 삼호읍 서창리,,,2015-07-02
영암군,화산목장,한우,,30.0,전라남도 영암군 삼호읍 서창리,,,2015-07-02
영암군,화수축산,한우,,2.0,전라남도 영암군 서호면 태백리,,,2015-07-02
영암군,화운목장,젖소,,85.0,전라남도 영암군 시종면 금지리,,,2015-07-02
영암군,화원농장,한우,,13.0,전라남도 영암군 신북면 이천리,,,2015-07-02
영암군,화정목장,젖소,,100.0,전라남도 영암군 신북면 금수리,,,2015-07-02
영암군,황구축산,돼지,,50.0,전라남도 영암군 신북면 이천리,,,2015-07-02
영암군,황도축산,한우,,18.0,전라남도 영암군 삼호읍 삼포리,,,2015-07-02
영암군,황두성농장,육계,,45000.0,전라남도 영암군 덕진면 노송리,,,2015-07-02
영암군,황소농장,한우,,35.0,전라남도 영암군 삼호읍호리,,,2015-07-02
영암군,황토축산,한우,,60.0,전라남도 영암군 도포면 영호리,,,2015-07-02
영암군,황토축산,한우,,100.0,전라남도 영암군 도포면 영호리,,,2015-07-02
영암군,황토축산,한우,,400.0,전라남도 영암군 도포면 영호리,,,2015-07-02
영암군,황토축산영농조합법인,한우,,150.0,전라남도 영암군 도포면 영호리,,,2015-07-02
영암군,황토한우영농조합법인,한우,,8.0,전라남도 영암군 도포면 영호리,,,2015-07-02
영암군,효산농장,오리,,15000.0,전라남도 영암군 덕진면 노송리,,,2015-07-02
영암군,효산목장,젖소,,81.0,전라남도 영암군 학산면 묵동리,,,2015-07-02
영암군,효섭축산,한우,,15.0,전라남도 영암군 미암면 채지리,,,2015-07-02
영암군,효성축산,한우,,4.0,전라남도 영암군 서호면 장천리,,,2015-07-02
영암군,효신농장,한우,,3.0,전라남도 영암군 미암면 두억리,,,2015-07-02
영암군,효진농장,한우,,7.0,전라남도 영암군 시종면 금지리,,,2015-07-02
영암군,후암농장,한우,,10.0,전라남도 영암군 도포면 덕화리,,,2015-07-02
영암군,훈이네농장,한우,,40.0,전라남도 영암군 덕진면 운암리,,,2015-07-02
영암군,흑염소농장 밤재,산양,,22.0,전라남도 영암군 학산면 묵동리,,,2015-07-02
영암군,희규축산,오리,,8000.0,전라남도 영암군 군서면 도장리,,,2015-07-02
영암군,희남농장,한우,,90.0,전라남도 영암군 도포면 수산리,,,2015-07-02
영암군,희망농장,한우,,8.0,전라남도 영암군 신북면 용산리,,,2015-07-02
영암군,희망농장,한우,,20.0,전라남도 영암군 덕진면 덕진리,,,2015-07-02
영암군,희망농장,오리,,15000.0,전라남도 영암군 도포면 원항리,,,2015-07-02
영암군,희망농장,한우,,0.0,전라남도 영암군 삼호읍 서창리,,,2015-07-02
영암군,희망농장,한우,,98.0,전라남도 영암군 덕진면 금강리,,,2015-07-02
영암군,희상농장,사슴,,6.0,전라남도 영암군 학산면 독천리,,,2015-07-02
영암군,희석농장,한우,,11.0,전라남도 영암군 학산면 용산리,,,2015-07-02
영암군,희연축산,한우,,80.0,전라남도 영암군 신북면 월평리,,,2015-07-02
영암군,희용농장,한우,,75.0,전라남도 영암군 도포면 수산리,,,2015-07-02
영암군,희호농장,한우,,83.0,전라남도 영암군 신북면 월평리,,,2015-07-02
영암군,153농장,한우,,22.0,전라남도 영암군 서호면 화송리,,,2025-05-01
영암군,2행운농장,한우,,46.0,전라남도 영암군 신북면 행정리,,,2025-05-01
영암군,JM농장,한우,,2.0,전라남도 영암군 시종면 신연리,,,2025-05-01
영암군,가나농장,한우,,170.0,전라남도 영암군 미암면 선황리,,,2025-05-01
영암군,가나안 농장,오리,,16000.0,전라남도 영암군 시종면 월롱리,,,2025-05-01
영암군,가람농장,한우,,9.0,전라남도 영암군 군서면 성양리,,,2025-05-01
영암군,가람농장,한우,,18.0,전라남도 영암군 학산면 용산리,,,2025-05-01
영암군,가온목장,한우,,12.0,전라남도 영암군 학산면 은곡리,,,2025-05-01
영암군,가온축산,한우,,130.0,전라남도 영암군 도포면 원항리,,,2025-05-01
영암군,가정축산,한우,,10.0,전라남도 영암군 신북면 학동리,,,2025-05-01
영암군,감산축산,한우,,62.0,전라남도 영암군 금정면 안노리,,,2025-05-01
영암군,갑산축산,한우,,40.0,전라남도 영암군 금정면 안노리,,,2025-05-01
영암군,강민축산,한우,,141.0,전라남도 영암군 신북면 갈곡리,,,2025-05-01
영암군,강산농장,한우,,26.0,전라남도 영암군 도포면 수산리,,,2025-05-01
영암군,강인농장,한우,,110.0,전라남도 영암군 시종면 신흥리,,,2025-05-01
영암군,강인축산,한우,,20.0,전라남도 영암군 시종면 월악리,,,2025-05-01
영암군,거대한우농장,한우,,17.0,전라남도 영암군 미암면 신한리,,,2025-05-01
영암군,거목축산,한우,,70.0,전라남도 영암군 서호면 몽해리,,,2025-05-01
영암군,건운축산,한우,,12.0,전라남도 영암군 학산면 용산리,,,2025-05-01
영암군,건운축산,한우,,60.0,전라남도 영암군 영암읍 송평리,,,2025-05-01
영암군,건태농장,한우,,30.0,전라남도 영암군 학산면 신덕리,,,2025-05-01
영암군,건흥농장,한우,,350.0,전라남도 영암군 덕진면 백계리,,,2025-05-01
영암군,겨레농장,오리,,25000.0,전라남도 영암군 군서면 도장리,,,2025-05-01
영암군,견우농장,한우,,78.0,전라남도 영암군 군서면 마산리,,,2025-05-01
영암군,경균농장,오리,,25000.0,전라남도 영암군 도포면 영호리,,,2025-05-01
영암군,경민축산,한우,,53.0,전라남도 영암군 도포면 수산리,,,2025-05-01
영암군,경순농장,한우,,51.0,전라남도 영암군 도포면 구학리,,,2025-05-01
영암군,경식농장,한우,,21.0,전라남도 영암군 시종면 월악리,,,2025-05-01
영암군,경원농장,한우,,13.0,전라남도 영암군 영암읍 송평리,,,2025-05-01
영암군,경인농장,한우,,80.0,전라남도 영암군 군서면 해창리,,,2025-05-01
영암군,경인농장2,한우,,2.0,전라남도 영암군 군서면 해창리,,,2025-05-01
영암군,경인축산,한우,,18.0,전라남도 영암군 도포면 수산리,,,2025-05-01
영암군,경진농장,한우,,20.0,전라남도 영암군 서호면 금강리,,,2025-05-01
영암군,경태농장,한우,,13.0,전라남도 영암군 영암읍 대신리,,,2025-05-01
영암군,경현농장,한우,,50.0,전라남도 영암군 영암읍 대신리,,,2025-05-01
영암군,경희농장,한우,,2.0,전라남도 영암군 미암면 채지리,,,2025-05-01
영암군,계수농장,한우,,6.0,전라남도 영암군 신북면 이천리,,,2025-05-01
영암군,고래골농장,한우,,10.0,전라남도 영암군 영암읍 송평리,,,2025-05-01
영암군,고찬농장,한우,,165.0,전라남도 영암군 시종면 만수리,,,2025-05-01
영암군,고찬농장,한우,,60.0,전라남도 영암군 도포면 구학리,,,2025-05-01
영암군,골논축산,한우,,24.0,전라남도 영암군 학산면 묵동리,,,2025-05-01
영암군,곽순자농장,한우,,13.0,전라남도 영암군 서호면 성재리,,,2025-05-01
영암군,관승농장,한우,,45.0,전라남도 영암군 도포면 영호리,,,2025-05-01
영암군,관호축산,한우,,50.0,전라남도 영암군 신북면 행정리,,,2025-05-01
영암군,광님축산,한우,,50.0,전라남도 영암군 덕진면 금강리,,,2025-05-01
영암군,광산축산,한우,,40.0,전라남도 영암군 학산면 독천리,,,2025-05-01
영암군,광암축산,한우,,8.0,전라남도 영암군 신북면 행정리,,,2025-05-01
영암군,광암축산,한우,,35.0,전라남도 영암군 학산면 학계리,,,2025-05-01
영암군,광암축산,한우,,220.0,전라남도 영암군 신북면 행정리,,,2025-05-01
영암군,광암축산2,한우,,200.0,전라남도 영암군 신북면 행정리,,,2025-05-01
영암군,광염농장,한우,,82.0,전라남도 영암군 도포면 구학리,,,2025-05-01
영암군,광인농장,한우,,1.0,전라남도 영암군 학산면 용소리,,,2025-05-01
영암군,광주농장,한우,,26.0,전라남도 영암군 신북면 이천리,,,2025-05-01
영암군,광주농장,한우,,88.0,전라남도 영암군 시종면 옥야리,,,2025-05-01
영암군,광주농장2,한우,,119.0,전라남도 영암군 시종면 신연리,,,2025-05-01
영암군,광현농장,한우,,3.0,전라남도 영암군 시종면 월롱리,,,2025-05-01
영암군,광현농장,한우,,2.0,전라남도 영암군 서호면 소산리,,,2025-05-01
영암군,광현농장2,한우,,5.0,전라남도 영암군 서호면 소산리,,,2025-05-01
영암군,광호농장,한우,,19.0,전라남도 영암군 금정면 연보리,,,2025-05-01
영암군,광훈농장,한우,,52.0,전라남도 영암군 도포면 영호리,,,2025-05-01
영암군,구구축산,한우,,130.0,전라남도 영암군 덕진면 노송리,,,2025-05-01
영암군,구름다리농장,한우,,20.0,전라남도 영암군 덕진면 노송리,,,2025-05-01
영암군,구시농장,한우,,109.0,전라남도 영암군 도포면 영호리,,,2025-05-01
영암군,구시월드 대양농장,한우,,93.0,전라남도 영암군 신북면 장산리,,,2025-05-01
영암군,구시월드 대양축산,돼지,,3800.0,전라남도 영암군 신북면 장산리,,,2025-05-01
영암군,군서농장,한우,,288.0,전라남도 영암군 군서면 성양리,,,2025-05-01
영암군,군서농장,한우,,67.0,전라남도 영암군 군서면 도갑리,,,2025-05-01
영암군,군서농장,한우,,17.0,전라남도 영암군 군서면 도장리,,,2025-05-01
영암군,군서축산,한우,,80.0,전라남도 영암군 군서면 서구림리,,,2025-05-01
영암군,군서축산,한우,,50.0,전라남도 영암군 군서면 서구림리,,,2025-05-01
영암군,귀천농장,한우,,10.0,전라남도 영암군 시종면 금지리,,,2025-05-01
영암군,규태농장,한우,,130.0,전라남도 영암군 군서면 모정리,,,2025-05-01
영암군,규행농장,한우,,2.0,전라남도 영암군 덕진면 노송리,,,2025-05-01
영암군,그린축산,오리,,30000.0,전라남도 영암군 시종면 월롱리,,,2025-05-01
영암군,그린축산,한우,,61.0,전라남도 영암군 덕진면 금강리,,,2025-05-01
영암군,그린축산,한우,,20.0,전라남도 영암군 시종면 월롱리,,,2025-05-01
영암군,그린축산2,한우,,27.0,전라남도 영암군 덕진면 금강리,,,2025-05-01
영암군,근영농장,한우,,110.0,전라남도 영암군 군서면 양장리,,,2025-05-01
영암군,금강1농장,한우,,3.0,전라남도 영암군 서호면 금강리,,,2025-05-01
영암군,금강제이농장,한우,,1.0,전라남도 영암군 서호면 금강리,,,2025-05-01
영암군,금강축산,한우,,27.0,전라남도 영암군 서호면 금강리,,,2025-05-01
영암군,금강패밀리농장,한우,,9.0,전라남도 영암군 덕진면 금강리,,,2025-05-01
영암군,금산농장,육계,,55000.0,전라남도 영암군 시종면 신학리,,,2025-05-01
영암군,금성농장,한우,,700.0,전라남도 영암군 도포면 영호리,,,2025-05-01
영암군,금수농장,한우,,70.0,전라남도 영암군 신북면 갈곡리,,,2025-05-01
영암군,금수농장,한우,,30.0,전라남도 영암군 신북면 금수리,,,2025-05-01
영암군,금오축산,한우,,34.0,전라남도 영암군 금정면 연소리,,,2025-05-01
영암군,금옥농장,한우,,6.0,전라남도 영암군 삼호읍 서호리,,,2025-05-01
영암군,금은농장,한우,,2.0,전라남도 영암군 덕진면 덕진리,,,2025-05-01
영암군,금지농장,한우,,28.0,전라남도 영암군 시종면 금지리,,,2025-05-01
영암군,금호농장,한우,,40.0,전라남도 영암군 도포면 덕화리,,,2025-05-01
영암군,금호목장,젖소,,70.0,전라남도 영암군 신북면 유곡리,,,2025-05-01
영암군,금호축산,한우,,3.0,전라남도 영암군 영암읍 용흥리,,,2025-05-01
영암군,금호축산,한우,,130.0,전라남도 영암군 덕진면 금강리,,,2025-05-01
영암군,금호축산2,한우,,127.0,전라남도 영암군 덕진면 금강리,,,2025-05-01
영암군,기를품은,육계,,120000.0,전라남도 영암군 학산면 용산리,,,2025-05-01
영암군,기선농장,한우,,10.0,전라남도 영암군 덕진면 운암리,,,2025-05-01
영암군,기용축산,한우,,28.0,전라남도 영암군 덕진면 노송리,,,2025-05-01
영암군,기증축산,한우,,45.0,전라남도 영암군 학산면 독천리,,,2025-05-01
영암군,기찬인력농장,한우,,54.0,전라남도 영암군 영암읍 송평리,,,2025-05-01
영암군,기찬정가,한우,,20.0,전라남도 영암군 영암읍 학송리,,,2025-05-01
영암군,기포농장,육계,,400.0,전라남도 영암군 학산면 묵동리,,,2025-05-01
영암군,기현농장,한우,,13.0,전라남도 영암군 서호면 소산리,,,2025-05-01
영암군,기호농장,한우,,22.0,전라남도 영암군 도포면 수산리,,,2025-05-01
영암군,길근농장,한우,,10.0,전라남도 영암군 서호면 쌍풍리,,,2025-05-01
영암군,길록양계,육계,,57700.0,전라남도 영암군 서호면 태백리,,,2025-05-01
영암군,길성농장,한우,,7.0,전라남도 영암군 덕진면 덕진리,,,2025-05-01
영암군,길손농장,한우,,20.0,전라남도 영암군 미암면 채지리,,,2025-05-01
영암군,길용농장,한우,,39.0,전라남도 영암군 신북면 월지리,,,2025-05-01
영암군,김광동농장1,돼지,,500.0,전라남도 영암군 도포면 영호리,,,2025-05-01
영암군,김광동농장2,돼지,,700.0,전라남도 영암군 도포면 영호리,,,2025-05-01
영암군,김광동농장3,돼지,,500.0,전라남도 영암군 도포면 영호리,,,2025-05-01
영암군,김요한농장,육계,,60000.0,전라남도 영암군 시종면 옥야리,,,2025-05-01
영암군,김철농장,한우,,9.0,전라남도 영암군 학산면 매월리,,,2025-05-01
영암군,꽃소야놀자 농장,한우,,4.0,전라남도 영암군 학산면 상월리,,,2025-05-01
영암군,나비농장,한우,,124.0,전라남도 영암군 군서면 동구림리,,,2025-05-01
영암군,나영농장,오리,,16807.0,전라남도 영암군 시종면 신흥리,,,2025-05-01
영암군,나주뜰오리,오리,,26000.0,전라남도 영암군 신북면 월지리,,,2025-05-01
영암군,낙안농장,한우,,130.0,전라남도 영암군 군서면 마산리,,,2025-05-01
영암군,난전농장,한우,,46.0,전라남도 영암군 미암면 두억리,,,2025-05-01
영암군,남규농장,한우,,350.0,전라남도 영암군 도포면 성산리,,,2025-05-01
영암군,남도농장,한우,,2.0,전라남도 영암군 신북면 갈곡리,,,2025-05-01
영암군,남송농장,한우,,11.0,전라남도 영암군 금정면 남송리,,,2025-05-01
영암군,남영축산,한우,,38.0,전라남도 영암군 서호면 화송리,,,2025-05-01
영암군,남해농장,한우,,22.0,전라남도 영암군 시종면 옥야리,,,2025-05-01
영암군,낭만농장,한우,,6.0,전라남도 영암군 삼호읍 망산리,,,2025-05-01
영암군,낭주농장,돼지,,5.0,전라남도 영암군 도포면 원항리,,,2025-05-01
영암군,내동목장,한우,,5.0,전라남도 영암군 시종면 내동리,,,2025-05-01
영암군,내호축산,한우,,11.0,전라남도 영암군 미암면 춘동리,,,2025-05-01
영암군,노적봉농장,한우,,53.0,전라남도 영암군 시종면 신연리,,,2025-05-01
영암군,농민축산,한우,,128.0,전라남도 영암군 도포면 수산리,,,2025-05-01
영암군,농업경영인영암군농장,한우,,47.0,전라남도 영암군 미암면 남산리,,,2025-05-01
영암군,농업회사 법인 주식회사 은강,오리,,35000.0,전라남도 영암군 군서면 양장리,,,2025-05-01
영암군,농업회사법인 새유리,돼지,,7000.0,전라남도 영암군 도포면 수산리,,,2025-05-01
영암군,농업회사법인 조인팜스㈜,산란계,,125400.0,전라남도 영암군 신북면 행정리,,,2025-05-01
영암군,농업회사법인 주식회사 올바른,돼지,,12000.0,전라남도 영암군 학산면 묵동리,,,2025-05-01
영암군,농업회사법인 주식회사 팜스,오리,,6000.0,전라남도 영암군 덕진면 금강리,,,2025-05-01
영암군,농업회사법인 팜돈(주),돼지,,10000.0,전라남도 영암군 시종면 와우리,,,2025-05-01
영암군,늘푸른 농장,한우,,40.0,전라남도 영암군 군서면 도장리,,,2025-05-01
영암군,늘푸른태승농장,한우,,75.0,전라남도 영암군 삼호읍 동호리,,,2025-05-01
영암군,늘픔농장,한우,,72.0,전라남도 영암군 삼호읍 동호리,,,2025-05-01
영암군,늘해랑농장,한우,,38.0,전라남도 영암군 서호면 금강리,,,2025-05-01
영암군,닛시농장,한우,,10.0,전라남도 영암군 시종면 신연리,,,2025-05-01
영암군,다담축산,한우,,2.0,전라남도 영암군 도포면 영호리,,,2025-05-01
영암군,다물목장,한우,,145.0,전라남도 영암군 서호면 소산리,,,2025-05-01
영암군,다미농장,산란계,,26000.0,전라남도 영암군 시종면 신학리,,,2025-05-01
영암군,다산축산,한우,,22.0,전라남도 영암군 군서면 도장리,,,2025-05-01
영암군,다올농장,한우,,72.0,전라남도 영암군 서호면 장천리,,,2025-05-01
영암군,다울농장,돼지,,1079.0,전라남도 영암군 미암면 선황리,,,2025-05-01
영암군,다움농장,한우,,8.0,전라남도 영암군 덕진면 노송리,,,2025-05-01
영암군,다원농장,한우,,90.0,전라남도 영암군 시종면 신흥리,,,2025-05-01
영암군,단비농장,한우,,83.0,전라남도 영암군 시종면 신연리,,,2025-05-01
영암군,단아농장,한우,,130.0,전라남도 영암군 시종면 금지리,,,2025-05-01
영암군,단지농장,한우,,1.0,전라남도 영암군 삼호읍 서창리,,,2025-05-01
영암군,달맞이목장,한우,,110.0,전라남도 영암군 서호면 소산리,,,2025-05-01
영암군,달빛농장,한우,,47.0,전라남도 영암군 서호면 엄길리,,,2025-05-01
영암군,달빛농장,한우,,16.0,전라남도 영암군 서호면 쌍풍리,,,2025-05-01
영암군,달지기축산,한우,,34.0,전라남도 영암군 학산면 상월리,,,2025-05-01
영암군,닭실털보농장,육계,,55000.0,전라남도 영암군 신북면 유곡리,,,2025-05-01
영암군,대광축산,한우,,6.0,전라남도 영암군 도포면 원항리,,,2025-05-01
영암군,대길농장,한우,,7.0,전라남도 영암군 도포면 영호리,,,2025-05-01
영암군,대동산업영농조합법인,한우,,455.0,전라남도 영암군 덕진면 노송리,,,2025-05-01
영암군,대림농장,한우,,22.0,전라남도 영암군 도포면 수산리,,,2025-05-01
영암군,대산축산,한우,,23.0,전라남도 영암군 서호면 소산리,,,2025-05-01
영암군,대선농장,한우,,14.0,전라남도 영암군 금정면 용흥리,,,2025-05-01
영암군,대성(垈晟)축산,한우,,50.0,전라남도 영암군 영암읍 춘양리,,,2025-05-01
영암군,대성농장,한우,,100.0,전라남도 영암군 신북면 학동리,,,2025-05-01
영암군,대성농장,한우,,198.0,전라남도 영암군 영암읍 송평리,,,2025-05-01
영암군,대성농장,한우,,70.0,전라남도 영암군 서호면 소산리,,,2025-05-01
영암군,대신축산,한우,,180.0,전라남도 영암군 덕진면 노송리,,,2025-05-01
영암군,대신축산,한우,,80.0,전라남도 영암군 영암읍 대신리,,,2025-05-01
영암군,대양농장,한우,,2.0,전라남도 영암군 덕진면 금강리,,,2025-05-01
영암군,대원농장,한우,,74.0,전라남도 영암군 영암읍 망호리,,,2025-05-01
영암군,대원농장,한우,,60.0,전라남도 영암군 군서면 성양리,,,2025-05-01
영암군,대원농장,한우,,25.0,전라남도 영암군 삼호읍 망산리,,,2025-05-01
영암군,대주축사,한우,,10.0,전라남도 영암군 도포면 원항리,,,2025-05-01
영암군,대진축산,한우,,4.0,전라남도 영암군 도포면 성산리,,,2025-05-01
영암군,대호농장,한우,,13.0,전라남도 영암군 금정면 용흥리,,,2025-05-01
영암군,대호농장,한우,,2.0,전라남도 영암군 신북면 갈곡리,,,2025-05-01
영암군,대흥농장,한우,,66.0,전라남도 영암군 금정면 용흥리,,,2025-05-01
영암군,덕인한우,한우,,205.0,전라남도 영암군 신북면 모산리,,,2025-05-01
영암군,덕진농장,오리,,16000.0,전라남도 영암군 덕진면 장선리,,,2025-05-01
영암군,덕진농장,한우,,1.0,전라남도 영암군 덕진면 백계리,,,2025-05-01
영암군,덕화농장,한우,,60.0,전라남도 영암군 도포면 덕화리,,,2025-05-01
영암군,데일리팜,한우,,230.0,전라남도 영암군 시종면 구산리,,,2025-05-01
영암군,도깨비농장,한우,,13.0,전라남도 영암군 덕진면 노송리,,,2025-05-01
영암군,도담농장,한우,,2.0,전라남도 영암군 서호면 엄길리,,,2025-05-01
영암군,도담농장,한우,,1.0,전라남도 영암군 시종면 구산리,,,2025-05-01
영암군,도룡농장,한우,,56.0,전라남도 영암군 도포면 구학리,,,2025-05-01
영암군,도윤농장,한우,,20.0,전라남도 영암군 학산면 금계리,,,2025-05-01
영암군,도화동농장,한우,,2.0,전라남도 영암군 미암면 남산리,,,2025-05-01
영암군,돈호농장,한우,,40.0,전라남도 영암군 미암면 선황리,,,2025-05-01
영암군,돈호농장,한우,,5.0,전라남도 영암군 미암면 선황리,,,2025-05-01
영암군,동산농장,오리,,8000.0,전라남도 영암군 영암읍 망호리,,,2025-05-01
영암군,동성농장,돼지,,150.0,전라남도 영암군 금정면 청용리,,,2025-05-01
영암군,동식농장,젖소,,30.0,전라남도 영암군 시종면 금지리,,,2025-05-01
영암군,동신농장,한우,,40.0,전라남도 영암군 영암읍 송평리,,,2025-05-01
영암군,동우농장,한우,,63.0,전라남도 영암군 미암면 호포리,,,2025-05-01
영암군,동주농장,한우,,5.0,전라남도 영암군 영암읍 회문리,,,2025-05-01
영암군,동준축산,한우,,32.0,전라남도 영암군 도포면 원항리,,,2025-05-01
영암군,동진축산,한우,,50.0,전라남도 영암군 삼호읍 난전리,,,2025-05-01
영암군,동춘농장,한우,,10.0,전라남도 영암군 금정면 용흥리,,,2025-05-01
영암군,동학축사,한우,,70.0,전라남도 영암군 학산면 상월리,,,2025-05-01
영암군,동현농장,한우,,8.0,전라남도 영암군 도포면 수산리,,,2025-05-01
영암군,동호농장,산양,,52.0,전라남도 영암군 시종면 내동리,,,2025-05-01
영암군,동호농장,한우,,17.0,전라남도 영암군 군서면 동호리,,,2025-05-01
영암군,동화목장,젖소,,40.0,전라남도 영암군 신북면 양계리,,,2025-05-01
영암군,두희2농장,한우,,14.0,전라남도 영암군 덕진면 영등리,,,2025-05-01
영암군,두희농장,한우,,50.0,전라남도 영암군 덕진면 영등리,,,2025-05-01
영암군,드림농장,한우,,76.0,전라남도 영암군 신북면 모산리,,,2025-05-01
영암군,든든농장,육계,,76000.0,전라남도 영암군 덕진면 노송리,,,2025-05-01
영암군,들푸른축산,한우,,80.0,전라남도 영암군 서호면 화송리,,,2025-05-01
영암군,땅골농장,한우,,11.0,전라남도 영암군 서호면 금강리,,,2025-05-01
영암군,또르래농장,산란계,,25400.0,전라남도 영암군 도포면 덕화리,,,2025-05-01
영암군,라온농장,한우,,29.0,전라남도 영암군 서호면 금강리,,,2025-05-01
영암군,마산농장,한우,,8.0,전라남도 영암군 군서면 마산리,,,2025-05-01
영암군,만수농장,한우,,9.0,전라남도 영암군 시종면 만수리,,,2025-05-01
영암군,만수축산,한우,,32.0,전라남도 영암군 도포면 영호리,,,2025-05-01
영암군,망호농장,한우,,50.0,전라남도 영암군 영암읍 망호리,,,2025-05-01
영암군,매월축산,한우,,7.0,전라남도 영암군 학산면 매월리,,,2025-05-01
영암군,매일농장,육계,,185000.0,전라남도 영암군 군서면 도장리,,,2025-05-01
영암군,매화농장,한우,,8.0,전라남도 영암군 미암면 호포리,,,2025-05-01
영암군,명가,한우,,2.0,전라남도 영암군 도포면 영호리,,,2025-05-01
영암군,명당농장,한우,,6.0,전라남도 영암군 도포면 봉호리,,,2025-05-01
영암군,명성농장,한우,,230.0,전라남도 영암군 미암면 신포리,,,2025-05-01
영암군,명수목장,젖소,,60.0,전라남도 영암군 신북면 금수리,,,2025-05-01
영암군,목동농장,한우,,39.0,전라남도 영암군 도포면 수산리,,,2025-05-01
영암군,목림농장,오리,,17000.0,전라남도 영암군 신북면 학동리,,,2025-05-01
영암군,목삼농장,한우,,30.0,전라남도 영암군 삼호읍 난전리,,,2025-05-01
영암군,목원농장,오리,,18900.0,전라남도 영암군 시종면 신학리,,,2025-05-01
영암군,몽해농장,젖소,,120.0,전라남도 영암군 학산면 용산리,,,2025-05-01
영암군,몽해축산,한우,,65.0,전라남도 영암군 서호면 몽해리,,,2025-05-01
영암군,묵동목장,젖소,,200.0,전라남도 영암군 학산면 묵동리,,,2025-05-01
영암군,문가네,한우,,31.0,전라남도 영암군 덕진면 장선리,,,2025-05-01
영암군,문성축사,한우,,5.0,전라남도 영암군 서호면 금강리,,,2025-05-01
영암군,문용농장,한우,,33.0,전라남도 영암군 미암면 춘동리,,,2025-05-01
영암군,문일농장,한우,,10.0,전라남도 영암군 신북면 이천리,,,2025-05-01
영암군,문찬농장,한우,,24.0,전라남도 영암군 군서면 해창리,,,2025-05-01
영암군,문화농장,한우,,8.0,전라남도 영암군 신북면 모산리,,,2025-05-01
영암군,미광농원,한우,,58.0,전라남도 영암군 신북면 월평리,,,2025-05-01
영암군,미담이네 농장1,육계,,50000.0,전라남도 영암군 서호면 몽해리,,,2025-05-01
영암군,미담이네농장,육계,,1650.0,전라남도 영암군 덕진면 장선리,,,2025-05-01
영암군,미암농장,한우,,3.0,전라남도 영암군 미암면 두억리,,,2025-05-01
영암군,미암농장,육계,,10000.0,전라남도 영암군 미암면 신포리,,,2025-05-01
영암군,미암농장,한우,,121.0,전라남도 영암군 미암면 미암리,,,2025-05-01
영암군,미인목장,젖소,,180.0,전라남도 영암군 미암면 미암리,,,2025-05-01
영암군,미정농장,한우,,12.0,전라남도 영암군 서호면 엄길리,,,2025-05-01
영암군,미화농장,한우,,10.0,전라남도 영암군 금정면 안노리,,,2025-05-01
영암군,민경농장,한우,,50.0,전라남도 영암군 서호면 몽해리,,,2025-05-01
영암군,민경축산,한우,,80.0,전라남도 영암군 서호면 청용리,,,2025-05-01
영암군,민구농장,한우,,11.0,전라남도 영암군 군서면 모정리,,,2025-05-01
영암군,민들레농장,한우,,14.0,전라남도 영암군 학산면 신덕리,,,2025-05-01
영암군,민석축산,한우,,6.0,전라남도 영암군 학산면 묵동리,,,2025-05-01
영암군,민성양계장,육계,,55000.0,전라남도 영암군 학산면 금계리,,,2025-05-01
영암군,민아농장,한우,,25.0,전라남도 영암군 학산면 금계리,,,2025-05-01
영암군,민영농장,한우,,50.0,전라남도 영암군 신북면 행정리,,,2025-05-01
영암군,민우농장,육계,,70000.0,전라남도 영암군 신북면 갈곡리,,,2025-05-01
영암군,민중농장,육계,,27000.0,전라남도 영암군 시종면 봉소리,,,2025-05-01
영암군,민희농장,한우,,64.0,전라남도 영암군 덕진면 영등리,,,2025-05-01
영암군,믿음농장,한우,,200.0,전라남도 영암군 덕진면 백계리,,,2025-05-01
영암군,믿음농장,한우,,105.0,전라남도 영암군 덕진면 백계리,,,2025-05-01
영암군,믿음농장,한우,,243.0,전라남도 영암군 도포면 성산리,,,2025-05-01
영암군,믿음농장,한우,,5.0,전라남도 영암군 서호면 성재리,,,2025-05-01
영암군,밀양축산,한우,,31.0,전라남도 영암군 시종면 옥야리,,,2025-05-01
영암군,박윤재,한우,,40.0,전라남도 영암군 학산면 용소리,,,2025-05-01
영암군,박종록농장,한우,,30.0,전라남도 영암군 도포면 영호리,,,2025-05-01
영암군,박학윤,한우,,6.0,전라남도 영암군 신북면 이천리,,,2025-05-01
영암군,반갑소1농장,한우,,142.0,전라남도 영암군 덕진면 장선리,,,2025-05-01
영암군,반갑소2농장,한우,,78.0,전라남도 영암군 덕진면 장선리,,,2025-05-01
영암군,반석농장,한우,,20.0,전라남도 영암군 시종면 만수리,,,2025-05-01
영암군,반석축산,한우,,20.0,전라남도 영암군 덕진면 노송리,,,2025-05-01
영암군,밤재농장,돼지,,3000.0,전라남도 영암군 학산면 묵동리,,,2025-05-01
영암군,방균농장,한우,,12.0,전라남도 영암군 덕진면 백계리,,,2025-05-01
영암군,방죽골농장,한우,,32.0,전라남도 영암군 미암면 선황리,,,2025-05-01
영암군,배바우농장,한우,,10.0,전라남도 영암군 금정면 안노리,,,2025-05-01
영암군,백산농장,한우,,190.0,전라남도 영암군 서호면 장천리,,,2025-05-01
영암군,백송농장,한우,,5.0,전라남도 영암군 미암면 채지리,,,2025-05-01
영암군,백암축산,한우,,13.0,전라남도 영암군 군서면 서구림리,,,2025-05-01
영암군,백야농장,한우,,10.0,전라남도 영암군 삼호읍 동호리,,,2025-05-01
영암군,백야축산,한우,,37.0,전라남도 영암군 삼호읍 동호리,,,2025-05-01
영암군,백야축산,한우,,23.0,전라남도 영암군 삼호읍 동호리,,,2025-05-01
영암군,백호축산,육계,,30000.0,전라남도 영암군 시종면 신학리,,,2025-05-01
영암군,버들농장,한우,,43.0,전라남도 영암군 학산면 상월리,,,2025-05-01
영암군,버들샘농장,한우,,50.0,전라남도 영암군 학산면 상월리,,,2025-05-01
영암군,범천농장,오리,,27000.0,전라남도 영암군 도포면 영호리,,,2025-05-01
영암군,베스트농장,한우,,2.0,전라남도 영암군 신북면 모산리,,,2025-05-01
영암군,벧엘농장,육계,,90000.0,전라남도 영암군 신북면 학동리,,,2025-05-01
영암군,벧엘농장,육계,,150000.0,전라남도 영암군 시종면 월롱리,,,2025-05-01
영암군,별밤농장,한우,,41.0,전라남도 영암군 덕진면 장선리,,,2025-05-01
영암군,볏짚농장,한우,,20.0,전라남도 영암군 미암면 호포리,,,2025-05-01
영암군,병호농장,한우,,12.0,전라남도 영암군 서호면 몽해리,,,2025-05-01
영암군,보림농장,젖소,,90.0,전라남도 영암군 신북면 이천리,,,2025-05-01
영암군,보림목장,젖소,,100.0,전라남도 영암군 신북면 행정리,,,2025-05-01
영암군,보은농장,한우,,21.0,전라남도 영암군 군서면 마산리,,,2025-05-01
영암군,복골농장,한우,,60.0,전라남도 영암군 서호면 성재리,,,2025-05-01
영암군,복음제2농장,한우,,40.0,전라남도 영암군 덕진면 백계리,,,2025-05-01
영암군,복현목장,젖소,,110.0,전라남도 영암군 학산면 묵동리,,,2025-05-01
영암군,봉삼약초농장,한우,,6.0,전라남도 영암군 학산면 은곡리,,,2025-05-01
영암군,봉영농장,한우,,9.0,전라남도 영암군 학산면 용산리,,,2025-05-01
영암군,봉이네농장,한우,,3.0,전라남도 영암군 학산면 용소리,,,2025-05-01
영암군,봉학농장,한우,,20.0,전라남도 영암군 도포면 영호리,,,2025-05-01
영암군,봉호농장,한우,,48.0,전라남도 영암군 도포면 봉호리,,,2025-05-01
영암군,부러나축산,한우,,14.0,전라남도 영암군 도포면 봉호리,,,2025-05-01
영암군,부부농장,한우,,70.0,전라남도 영암군 도포면 원항리,,,2025-05-01
영암군,부성축산,한우,,9.0,전라남도 영암군 덕진면 노송리,,,2025-05-01
영암군,부자축산,한우,,140.0,전라남도 영암군 서호면 소산리,,,2025-05-01
영암군,부자축산,한우,,100.0,전라남도 영암군 서호면 소산리,,,2025-05-01
영암군,부평농장,한우,,110.0,전라남도 영암군 도포면 영호리,,,2025-05-01
영암군,불치목장,한우,,120.0,전라남도 영암군 영암읍 학송리,,,2025-05-01
영암군,비손축산,한우,,37.0,전라남도 영암군 덕진면 노송리,,,2025-05-01
영암군,뿌리농장,육계,,106000.0,전라남도 영암군 시종면 옥야리,,,2025-05-01
영암군,사계절농장,한우,,17.0,전라남도 영암군 신북면 갈곡리,,,2025-05-01
영암군,사등농장,한우,,18.0,전라남도 영암군 학산면 금계리,,,2025-05-01
영암군,사랑농장,오리,,13900.0,전라남도 영암군 도포면 구학리,,,2025-05-01
영암군,사랑농장,한우,,18.0,전라남도 영암군 삼호읍 서창리,,,2025-05-01
영암군,사랑농장,한우,,61.0,전라남도 영암군 군서면 성양리,,,2025-05-01
영암군,사랑농장,한우,,3.0,전라남도 영암군 도포면 수산리,,,2025-05-01
영암군,사랑축산,한우,,48.0,전라남도 영암군 덕진면 영등리,,,2025-05-01
영암군,사부자 농장,한우,,86.0,전라남도 영암군 덕진면 영보리,,,2025-05-01
영암군,사부자2농장,한우,,116.0,전라남도 영암군 덕진면 영보리,,,2025-05-01
영암군,사부자3농장,한우,,81.0,전라남도 영암군 덕진면 영보리,,,2025-05-01
영암군,산골농장,한우,,15.0,전라남도 영암군 금정면 연소리,,,2025-05-01
영암군,산들농장,한우,,43.0,전라남도 영암군 시종면 월롱리,,,2025-05-01
영암군,산소농장,한우,,40.0,전라남도 영암군 신북면 월지리,,,2025-05-01
영암군,산소농장,한우,,19.0,전라남도 영암군 서호면 몽해리,,,2025-05-01
영암군,산아래농장,한우,,11.0,전라남도 영암군 학산면 용산리,,,2025-05-01
영암군,산업농장,한우,,22.0,전라남도 영암군 군서면 해창리,,,2025-05-01
영암군,산정축업,한우,,30.0,전라남도 영암군 신북면 용산리,,,2025-05-01
영암군,산호농장,한우,,7.0,전라남도 영암군 도포면 수산리,,,2025-05-01
영암군,산호정농장,한우,,21.0,전라남도 영암군 도포면 수산리,,,2025-05-01
영암군,삼동농장,한우,,9.0,전라남도 영암군 도포면 원항리,,,2025-05-01
영암군,삼동축산,한우,,2.0,전라남도 영암군 서호면 화송리,,,2025-05-01
영암군,삼묵농장,한우,,9.0,전라남도 영암군 영암읍 용흥리,,,2025-05-01
영암군,삼부자농장,한우,,5.0,전라남도 영암군 미암면 춘동리,,,2025-05-01
영암군,삼성농장,육계,,14036.0,전라남도 영암군 군서면 도장리,,,2025-05-01
영암군,삼성농장,오리,,14000.0,전라남도 영암군 군서면 도장리,,,2025-05-01
영암군,삼순농장,한우,,3.0,전라남도 영암군 서호면 화송리,,,2025-05-01
영암군,삼아농장,한우,,10.0,전라남도 영암군 학산면 묵동리,,,2025-05-01
영암군,삼한농장,육계,,34000.0,전라남도 영암군 신북면 월평리,,,2025-05-01
영암군,삼휘축산,한우,,130.0,전라남도 영암군 삼호읍 망산리,,,2025-05-01
영암군,삼휘축산,한우,,150.0,전라남도 영암군 삼호읍 망산리,,,2025-05-01
영암군,삼휘축산 제2농장,한우,,90.0,전라남도 영암군 서호면 몽해리,,,2025-05-01
영암군,상록농장,오리,,34000.0,전라남도 영암군 도포면 성산리,,,2025-05-01
영암군,상배농장,한우,,4.0,전라남도 영암군 신북면 행정리,,,2025-05-01
영암군,상월농장,산양,,8.0,전라남도 영암군 학산면 상월리,,,2025-05-01
영암군,상진농장,한우,,42.0,전라남도 영암군 군서면 양장리,,,2025-05-01
영암군,상현축산,한우,,24.0,전라남도 영암군 군서면 월곡리,,,2025-05-01
영암군,상희농장,한우,,44.0,전라남도 영암군 덕진면 운암리,,,2025-05-01
영암군,새광축산,한우,,16.0,전라남도 영암군 학산면 용산리,,,2025-05-01
영암군,새로나농장,오리,,40000.0,전라남도 영암군 신북면 갈곡리,,,2025-05-01
영암군,새별농장,한우,,5.0,전라남도 영암군 군서면 모정리,,,2025-05-01
영암군,새순농장,한우,,10.0,전라남도 영암군 시종면 신연리,,,2025-05-01
영암군,새터농장,한우,,32.0,전라남도 영암군 서호면 쌍풍리,,,2025-05-01
영암군,샤론목장,한우,,53.0,전라남도 영암군 학산면 신덕리,,,2025-05-01
영암군,샬롬농장,한우,,5.0,전라남도 영암군 도포면 성산리,,,2025-05-01
영암군,서울농장,한우,,10.0,전라남도 영암군 영암읍 망호리,,,2025-05-01
영암군,서울축산,한우,,63.0,전라남도 영암군 덕진면 운암리,,,2025-05-01
영암군,서율농장,한우,,90.0,전라남도 영암군 도포면 수산리,,,2025-05-01
영암군,서진농장,한우,,40.0,전라남도 영암군 서호면 쌍풍리,,,2025-05-01
영암군,서진목장,한우,,19.0,전라남도 영암군 도포면 수산리,,,2025-05-01
영암군,서해안농장,한우,,8.0,전라남도 영암군 삼호읍 용당리,,,2025-05-01
영암군,서향축산,한우,,39.0,전라남도 영암군 시종면 월악리,,,2025-05-01
영암군,서현농장,돼지,,2108.0,전라남도 영암군 학산면 묵동리,,,2025-05-01
영암군,서호금강농장,한우,,2.0,전라남도 영암군 서호면 금강리,,,2025-05-01
영암군,서호농장,한우,,9.0,전라남도 영암군 서호면 성재리,,,2025-05-01
영암군,서호목장,젖소,,28.0,전라남도 영암군 서호면 쌍풍리,,,2025-05-01
영암군,서호아라리축산영농조합법인,한우,,40.0,전라남도 영암군 서호면 엄길리,,,2025-05-01
영암군,서호축산,한우,,12.0,전라남도 영암군 서호면 쌍풍리,,,2025-05-01
영암군,석중농장,한우,,30.0,전라남도 영암군 도포면 덕화리,,,2025-05-01
영암군,석천영농조합법인,한우,,23.0,전라남도 영암군 미암면 선황리,,,2025-05-01
영암군,선경농장,한우,,2.0,전라남도 영암군 영암읍 장암리,,,2025-05-01
영암군,선경농장,한우,,600.0,전라남도 영암군 도포면 성산리,,,2025-05-01
영암군,선달농장,한우,,42.0,전라남도 영암군 시종면 금지리,,,2025-05-01
영암군,선미농장,오리,,13000.0,전라남도 영암군 덕진면 노송리,,,2025-05-01
영암군,선산농장,한우,,52.0,전라남도 영암군 신북면 행정리,,,2025-05-01
영암군,선아농장,한우,,60.0,전라남도 영암군 덕진면 운암리,,,2025-05-01
영암군,선암농장,한우,,18.0,전라남도 영암군 덕진면 운암리,,,2025-05-01
영암군,선우농장,한우,,59.0,전라남도 영암군 덕진면 운암리,,,2025-05-01
영암군,선우축산,한우,,45.0,전라남도 영암군 서호면 엄길리,,,2025-05-01
영암군,선원농장,한우,,34.0,전라남도 영암군 서호면 금강리,,,2025-05-01
영암군,선일농장,한우,,100.0,전라남도 영암군 서호면 화송리,,,2025-05-01
영암군,선재축산,한우,,35.0,전라남도 영암군 학산면 묵동리,,,2025-05-01
영암군,선정목장,한우,,22.0,전라남도 영암군 서호면 화송리,,,2025-05-01
영암군,선진축사,한우,,56.0,전라남도 영암군 미암면 선황리,,,2025-05-01
영암군,선축산,한우,,20.0,전라남도 영암군 금정면 남송리,,,2025-05-01
영암군,선해축산,한우,,63.0,전라남도 영암군 서호면 화송리,,,2025-05-01
영암군,선황농장,한우,,8.0,전라남도 영암군 미암면 채지리,,,2025-05-01
영암군,성대농장,한우,,5.0,전라남도 영암군 군서면 성양리,,,2025-05-01
영암군,성림농장,한우,,75.0,전라남도 영암군 덕진면 노송리,,,2025-05-01
영암군,성림목장,한우,,30.0,전라남도 영암군 도포면 성산리,,,2025-05-01
영암군,성민농장,한우,,3.0,전라남도 영암군 시종면 신흥리,,,2025-05-01
영암군,성민농장,육계,,80000.0,전라남도 영암군 신북면 학동리,,,2025-05-01
영암군,성산농장,한우,,20.0,전라남도 영암군 군서면 마산리,,,2025-05-01
영암군,성산목장,한우,,40.0,전라남도 영암군 도포면 성산리,,,2025-05-01
영암군,성산목장,한우,,72.0,전라남도 영암군 영암읍 농덕리,,,2025-05-01
영암군,성산축사,한우,,10.0,전라남도 영암군 도포면 성산리,,,2025-05-01
영암군,성산축산,한우,,19.0,전라남도 영암군 도포면 성산리,,,2025-05-01
영암군,성술농장,한우,,35.0,전라남도 영암군 서호면 화송리,,,2025-05-01
영암군,성술농장,한우,,20.0,전라남도 영암군 서호면 화송리,,,2025-05-01
영암군,성신농장,한우,,50.0,전라남도 영암군 도포면 수산리,,,2025-05-01
영암군,성실농장,육계,,160000.0,전라남도 영암군 도포면 구학리,,,2025-05-01
영암군,성실농장,한우,,80.0,전라남도 영암군 도포면 구학리,,,2025-05-01
영암군,성심농장,한우,,20.0,전라남도 영암군 서호면 성재리,,,2025-05-01
영암군,성심농장,한우,,1.0,전라남도 영암군 덕진면 장선리,,,2025-05-01
영암군,성심농장,한우,,57.0,전라남도 영암군 미암면 춘동리,,,2025-05-01
영암군,성용농장,육계,,60020.0,전라남도 영암군 서호면 소산리,,,2025-05-01
영암군,성우농장,한우,,4.0,전라남도 영암군 도포면 성산리,,,2025-05-01
영암군,성우농장,한우,,67.0,전라남도 영암군 학산면 은곡리,,,2025-05-01
영암군,성원농장,한우,,5.0,전라남도 영암군 서호면 쌍풍리,,,2025-05-01
영암군,성원축산,한우,,18.0,전라남도 영암군 군서면 도갑리,,,2025-05-01
영암군,성윤농장,오리,,68900.0,전라남도 영암군 시종면 봉소리,,,2025-05-01
영암군,성은농장,한우,,78.0,전라남도 영암군 군서면 도장리,,,2025-05-01
영암군,성인농장,한우,,20.0,전라남도 영암군 서호면 금강리,,,2025-05-01
영암군,성인축산,한우,,10.0,전라남도 영암군 서호면 성재리,,,2025-05-01
영암군,성일농장,한우,,120.0,전라남도 영암군 미암면 호포리,,,2025-05-01
영암군,성일농장,한우,,13.0,전라남도 영암군 미암면 호포리,,,2025-05-01
영암군,성일농장,한우,,160.0,전라남도 영암군 미암면 호포리,,,2025-05-01
영암군,성일축산영농조합법인,돼지,,1600.0,전라남도 영암군 미암면 채지리,,,2025-05-01
영암군,성자농장,한우,,13.0,전라남도 영암군 도포면 원항리,,,2025-05-01
영암군,성재축산,한우,,6.0,전라남도 영암군 서호면 성재리,,,2025-05-01
영암군,성재축산,한우,,16.0,전라남도 영암군 서호면 성재리,,,2025-05-01
영암군,성재축산,돼지,,1000.0,전라남도 영암군 서호면 성재리,,,2025-05-01
영암군,성주농장,한우,,50.0,전라남도 영암군 학산면 용산리,,,2025-05-01
영암군,성진농장,한우,,20.0,전라남도 영암군 시종면 봉소리,,,2025-05-01
영암군,성진농장,한우,,35.0,전라남도 영암군 신북면 행정리,,,2025-05-01
영암군,성진농장,오리,,16000.0,전라남도 영암군 신북면 행정리,,,2025-05-01
영암군,성진농장,오리,,30000.0,전라남도 영암군 시종면 봉소리,,,2025-05-01
영암군,성현축산,오리,,48000.0,전라남도 영암군 시종면 옥야리,,,2025-05-01
영암군,성호농장,한우,,20.0,전라남도 영암군 삼호읍 난전리,,,2025-05-01
영암군,성호농장,한우,,7.0,전라남도 영암군 영암읍 송평리,,,2025-05-01
영암군,성호축산,한우,,20.0,전라남도 영암군 학산면 용산리,,,2025-05-01
영암군,성환농장,오리,,8000.0,전라남도 영암군 덕진면 노송리,,,2025-05-01
영암군,성훈농장,한우,,42.0,전라남도 영암군 학산면 독천리,,,2025-05-01
영암군,성훈농장,한우,,152.0,전라남도 영암군 군서면 서구림리,,,2025-05-01
영암군,성희농장,한우,,16.0,전라남도 영암군 서호면 몽해리,,,2025-05-01
영암군,세빈농장,한우,,80.0,전라남도 영암군 시종면 옥야리,,,2025-05-01
영암군,세연농장,한우,,29.0,전라남도 영암군 군서면 서구림리,,,2025-05-01
영암군,세준농장,한우,,6.0,전라남도 영암군 덕진면 금강리,,,2025-05-01
영암군,세준농장,한우,,105.0,전라남도 영암군 덕진면 금강리,,,2025-05-01
영암군,세진농장,한우,,40.0,전라남도 영암군 도포면 원항리,,,2025-05-01
영암군,세진농장,한우,,71.0,전라남도 영암군 도포면 성산리,,,2025-05-01
영암군,소 잘자라는 농장,한우,,210.0,전라남도 영암군 시종면 신흥리,,,2025-05-01
영암군,소보소농장,한우,,30.0,전라남도 영암군 학산면 금계리,,,2025-05-01
영암군,소알목장,한우,,4.0,전라남도 영암군 학산면 상월리,,,2025-05-01
영암군,소야농장,한우,,8.0,전라남도 영암군 도포면 구학리,,,2025-05-01
영암군,소영농장,한우,,10.0,전라남도 영암군 도포면 성산리,,,2025-05-01
영암군,소우축산,한우,,78.0,전라남도 영암군 금정면 안노리,,,2025-05-01
영암군,솔개농장,한우,,3.0,전라남도 영암군 영암읍 장암리,,,2025-05-01
영암군,솔안축산,한우,,25.0,전라남도 영암군 덕진면 노송리,,,2025-05-01
영암군,솔청농장,한우,,29.0,전라남도 영암군 학산면 독천리,,,2025-05-01
영암군,송간목장,한우,,3.0,전라남도 영암군 시종면 태간리,,,2025-05-01
영암군,송아네농장,한우,,20.0,전라남도 영암군 덕진면 백계리,,,2025-05-01
영암군,송원농장,한우,,69.0,전라남도 영암군 덕진면 노송리,,,2025-05-01
영암군,송원농장,한우,,40.0,전라남도 영암군 시종면 구산리,,,2025-05-01
영암군,송원농장(松圓農場),한우,,100.0,전라남도 영암군 덕진면 노송리,,,2025-05-01
영암군,송정농장,한우,,7.0,전라남도 영암군 서호면 화송리,,,2025-05-01
영암군,송정농장,한우,,1.0,전라남도 영암군 서호면 쌍풍리,,,2025-05-01
영암군,송화농장,한우,,36.0,전라남도 영암군 도포면 수산리,,,2025-05-01
영암군,수농장,한우,,40.0,전라남도 영암군 도포면 봉호리,,,2025-05-01
영암군,수산농장,한우,,55.0,전라남도 영암군 도포면 수산리,,,2025-05-01
영암군,수산축산,한우,,33.0,전라남도 영암군 학산면 용산리,,,2025-05-01
영암군,수성농장,한우,,80.0,전라남도 영암군 영암읍 망호리,,,2025-05-01
영암군,수암농장,한우,,13.0,전라남도 영암군 덕진면 용산리,,,2025-05-01
영암군,수연농장,한우,,6.0,전라남도 영암군 미암면 두억리,,,2025-05-01
영암군,수영농장,한우,,22.0,전라남도 영암군 학산면 용산리,,,2025-05-01
영암군,수지농장,육계,,62000.0,전라남도 영암군 시종면 만수리,,,2025-05-01
영암군,수향농장,한우,,13.0,전라남도 영암군 신북면 월지리,,,2025-05-01
영암군,숙용농장,한우,,15.0,전라남도 영암군 시종면 월송리,,,2025-05-01
영암군,숙이농장,한우,,2.0,전라남도 영암군 미암면 채지리,,,2025-05-01
영암군,순광농장,육계,,55020.0,전라남도 영암군 서호면 쌍풍리,,,2025-05-01
영암군,순기농장,한우,,24.0,전라남도 영암군 시종면 월악리,,,2025-05-01
영암군,순수하누농장,한우,,98.0,전라남도 영암군 군서면 서구림리,,,2025-05-01
영암군,순오농장,한우,,35.0,전라남도 영암군 서호면 금강리,,,2025-05-01
영암군,순향농장,한우,,30.0,전라남도 영암군 서호면 청용리,,,2025-05-01
영암군,순호축산,한우,,15.0,전라남도 영암군 덕진면 장선리,,,2025-05-01
영암군,쉼터농장,한우,,23.0,전라남도 영암군 덕진면 영등리,,,2025-05-01
영암군,승규농장,한우,,110.0,전라남도 영암군 도포면 구학리,,,2025-05-01
영암군,승기농장,한우,,39.0,전라남도 영암군 군서면 해창리,,,2025-05-01
영암군,승승농장,오리,,9400.0,전라남도 영암군 시종면 신학리,,,2025-05-01
영암군,승주농장,한우,,64.0,전라남도 영암군 시종면 신학리,,,2025-05-01
영암군,승준농장,오리,,14000.0,전라남도 영암군 서호면 금강리,,,2025-05-01
영암군,승철농장,한우,,50.0,전라남도 영암군 시종면 금지리,,,2025-05-01
영암군,승현농장,한우,,7.0,전라남도 영암군 덕진면 백계리,,,2025-05-01
영암군,승현농장,한우,,10.0,전라남도 영암군 시종면 옥야리,,,2025-05-01
영암군,승호농장,육계,,100000.0,전라남도 영암군 시종면 옥야리,,,2025-05-01
영암군,시목농장,한우,,300.0,전라남도 영암군 학산면 묵동리,,,2025-05-01
영암군,시윤농장,한우,,14.0,전라남도 영암군 덕진면 노송리,,,2025-05-01
영암군,시종축산,한우,,150.0,전라남도 영암군 시종면 구산리,,,2025-05-01
영암군,신기농장,한우,,63.0,전라남도 영암군 도포면 수산리,,,2025-05-01
영암군,신기농장,한우,,12.0,전라남도 영암군 군서면 양장리,,,2025-05-01
영암군,신기한농장,한우,,11.0,전라남도 영암군 영암읍 망호리,,,2025-05-01
영암군,신덕농장,한우,,6.0,전라남도 영암군 군서면 해창리,,,2025-05-01
영암군,신덕축사,한우,,350.0,전라남도 영암군 삼호읍 서호리,,,2025-05-01
영암군,신덕축산,한우,,210.0,전라남도 영암군 학산면 신덕리,,,2025-05-01
영암군,신덕축산,한우,,234.0,전라남도 영암군 학산면 신덕리,,,2025-05-01
영암군,신등농장,한우,,14.0,전라남도 영암군 군서면 도갑리,,,2025-05-01
영암군,신북한우단지,한우,,600.0,전라남도 영암군 신북면 갈곡리,,,2025-05-01
영암군,신성농장,한우,,5.0,전라남도 영암군 도포면 성산리,,,2025-05-01
영암군,신성농장,한우,,18.0,전라남도 영암군 학산면 용산리,,,2025-05-01
영암군,신세계축산,한우,,20.0,전라남도 영암군 군서면 서구림리,,,2025-05-01
영암군,신애농장,젖소,,40.0,전라남도 영암군 신북면 금수리,,,2025-05-01
영암군,신연농장,오리,,10000.0,전라남도 영암군 시종면 신연리,,,2025-05-01
영암군,신연농장,한우,,62.0,전라남도 영암군 시종면 신연리,,,2025-05-01
영암군,신영축산,한우,,3.0,전라남도 영암군 학산면 매월리,,,2025-05-01
영암군,신영축산2농장,한우,,4.0,전라남도 영암군 학산면 매월리,,,2025-05-01
영암군,신우농장,한우,,160.0,전라남도 영암군 도포면 원항리,,,2025-05-01
영암군,신우축산,한우,,90.0,전라남도 영암군 시종면 봉소리,,,2025-05-01
영암군,신원농장,육계,,150000.0,전라남도 영암군 덕진면 노송리,,,2025-05-01
영암군,신원농장,한우,,30.0,전라남도 영암군 신북면 학동리,,,2025-05-01
영암군,신월축산,한우,,12.0,전라남도 영암군 미암면 신포리,,,2025-05-01
영암군,신정축산,한우,,31.0,전라남도 영암군 영암읍 농덕리,,,2025-05-01
영암군,신천농장,한우,,11.0,전라남도 영암군 서호면 화송리,,,2025-05-01
영암군,신토불이축산,한우,,15.0,전라남도 영암군 덕진면 용산리,,,2025-05-01
영암군,신포농장,한우,,12.0,전라남도 영암군 미암면 신한리,,,2025-05-01
영암군,신풍농장,한우,,18.0,전라남도 영암군 서호면 쌍풍리,,,2025-05-01
영암군,신한농장,한우,,40.0,전라남도 영암군 미암면 신한리,,,2025-05-01
영암군,신흥농장,오리,,15000.0,전라남도 영암군 시종면 신흥리,,,2025-05-01
영암군,실로암목장,한우,,130.0,전라남도 영암군 영암읍 춘양리,,,2025-05-01
영암군,쌍둥이축산,한우,,70.0,전라남도 영암군 신북면 유곡리,,,2025-05-01
영암군,쌍흥농장,한우,,4.0,전라남도 영암군 서호면 쌍풍리,,,2025-05-01
영암군,아름다운농장,한우,,150.0,전라남도 영암군 도포면 수산리,,,2025-05-01
영암군,아름축산,한우,,14.0,전라남도 영암군 도포면 성산리,,,2025-05-01
영암군,아리랑축산,한우,,52.0,전라남도 영암군 미암면 춘동리,,,2025-05-01
영암군,아린농장,한우,,160.0,전라남도 영암군 서호면 소산리,,,2025-05-01
영암군,안기농장,한우,,56.0,전라남도 영암군 금정면 용흥리,,,2025-05-01
영암군,안기농장,한우,,575.0,전라남도 영암군 금정면 용흥리,,,2025-05-01
영암군,안산농장,한우,,85.0,전라남도 영암군 시종면 월악리,,,2025-05-01
영암군,안산목장,젖소,,93.0,전라남도 영암군 신북면 금수리,,,2025-05-01
영암군,안성목장,젖소,,120.0,전라남도 영암군 덕진면 장선리,,,2025-05-01
영암군,안성축산,한우,,5.0,전라남도 영암군 시종면 와우리,,,2025-05-01
영암군,안수농장,한우,,13.0,전라남도 영암군 서호면 엄길리,,,2025-05-01
영암군,안식농장,한우,,22.0,전라남도 영암군 금정면 용흥리,,,2025-05-01
영암군,안우농장,한우,,46.0,전라남도 영암군 신북면 모산리,,,2025-05-01
영암군,안정축산,한우,,14.0,전라남도 영암군 금정면 용흥리,,,2025-05-01
영암군,알파덕,오리,,21000.0,전라남도 영암군 신북면 양계리,,,2025-05-01
영암군,애니피아,육계,,45000.0,전라남도 영암군 금정면 세류리,,,2025-05-01
영암군,애니피아,육계,,95000.0,전라남도 영암군 금정면 세류리,,,2025-05-01
영암군,야곱농장,한우,,3.0,전라남도 영암군 시종면 신연리,,,2025-05-01
영암군,야곱축사,한우,,10.0,전라남도 영암군 신북면 월지리,,,2025-05-01
영암군,약수영농조합법인,한우,,55.0,전라남도 영암군 덕진면 노송리,,,2025-05-01
영암군,양동축산,한우,,54.0,전라남도 영암군 서호면 화송리,,,2025-05-01
영암군,양완농장,한우,,1.0,전라남도 영암군 신북면 이천리,,,2025-05-01
영암군,양장농장,한우,,170.0,전라남도 영암군 군서면 양장리,,,2025-05-01
영암군,양장농장,한우,,190.0,전라남도 영암군 군서면 양장리,,,2025-05-01
영암군,양장축산,한우,,119.0,전라남도 영암군 군서면 양장리,,,2025-05-01
영암군,양지농장1,한우,,39.0,전라남도 영암군 군서면 성양리,,,2025-05-01
영암군,어찬농장,한우,,62.0,전라남도 영암군 신북면 이천리,,,2025-05-01
영암군,에덴농장,한우,,20.0,전라남도 영암군 삼호읍 망산리,,,2025-05-01
영암군,에벤에셀농장,한우,,150.0,전라남도 영암군 도포면 봉호리,,,2025-05-01
영암군,에스엘축산영농조합법인,돼지,,2200.0,전라남도 영암군 미암면 춘동리,,,2025-05-01
영암군,여지축산,한우,,14.0,전라남도 영암군 군서면 동호리,,,2025-05-01
영암군,연서목장,한우,,22.0,전라남도 영암군 서호면 몽해리,,,2025-05-01
영암군,연소목장,한우,,132.0,전라남도 영암군 시종면 신연리,,,2025-05-01
영암군,연소자연농장,한우,,70.0,전라남도 영암군 시종면 신연리,,,2025-05-01
영암군,연소자연농장,한우,,82.0,전라남도 영암군 시종면 신연리,,,2025-05-01
영암군,연우목장,한우,,20.0,전라남도 영암군 도포면 봉호리,,,2025-05-01
영암군,연우목장,한우,,28.0,전라남도 영암군 미암면 신포리,,,2025-05-01
영암군,연원목장,젖소,,70.0,전라남도 영암군 신북면 행정리,,,2025-05-01
영암군,연지농장,한우,,30.0,전라남도 영암군 서호면 쌍풍리,,,2025-05-01
영암군,연진농장,오리,,22000.0,전라남도 영암군 신북면 학동리,,,2025-05-01
영암군,연한농장,한우,,30.0,전라남도 영암군 서호면 엄길리,,,2025-05-01
영암군,영국2농장,한우,,30.0,전라남도 영암군 도포면 원항리,,,2025-05-01
영암군,영국농장,한우,,7.0,전라남도 영암군 도포면 수산리,,,2025-05-01
영암군,영금농장,한우,,19.0,전라남도 영암군 덕진면 노송리,,,2025-05-01
영암군,영민농장,오리,,8000.0,전라남도 영암군 영암읍 송평리,,,2025-05-01
영암군,영민농장2,한우,,2.0,전라남도 영암군 영암읍 송평리,,,2025-05-01
영암군,영보제일축산,한우,,9.0,전라남도 영암군 덕진면 영등리,,,2025-05-01
영암군,영섭농장,한우,,7.0,전라남도 영암군 미암면 두억리,,,2025-05-01
영암군,영승농장,한우,,40.0,전라남도 영암군 영암읍 송평리,,,2025-05-01
영암군,영식농장,한우,,150.0,전라남도 영암군 도포면 영호리,,,2025-05-01
영암군,영신농장,육계,,85000.0,전라남도 영암군 덕진면 노송리,,,2025-05-01
영암군,영신농장2,육계,,70000.0,전라남도 영암군 덕진면 노송리,,,2025-05-01
영암군,영신축산,한우,,4.0,전라남도 영암군 금정면 아천리,,,2025-05-01
영암군,영암농장,한우,,28.0,전라남도 영암군 도포면 수산리,,,2025-05-01
영암군,영암모타농장,한우,,6.0,전라남도 영암군 군서면 도장리,,,2025-05-01
영암군,영암미암한우영농조합법인,한우,,500.0,전라남도 영암군 미암면 호포리,,,2025-05-01
영암군,영암축협(은율농장),한우,,200.0,전라남도 영암군 서호면 소산리,,,2025-05-01
영암군,영암햇살농장,한우,,18.0,전라남도 영암군 서호면 태백리,,,2025-05-01
영암군,영용농장,한우,,13.0,전라남도 영암군 군서면 해창리,,,2025-05-01
영암군,영우목장,한우,,80.0,전라남도 영암군 학산면 상월리,,,2025-05-01
영암군,영월목장,젖소,,30.0,전라남도 영암군 영암읍 교동리,,,2025-05-01
영암군,영재농장,한우,,20.0,전라남도 영암군 도포면 원항리,,,2025-05-01
영암군,영주농장,한우,,13.0,전라남도 영암군 영암읍 회문리,,,2025-05-01
영암군,영지축산,한우,,115.0,전라남도 영암군 시종면 신연리,,,2025-05-01
영암군,영지축산,한우,,100.0,전라남도 영암군 시종면 신연리,,,2025-05-01
영암군,영지축산,한우,,200.0,전라남도 영암군 시종면 신연리,,,2025-05-01
영암군,영진농장,젖소,,80.0,전라남도 영암군 학산면 용산리,,,2025-05-01
영암군,영진농장,오리,,18000.0,전라남도 영암군 신북면 월지리,,,2025-05-01
영암군,영창농장,한우,,20.0,전라남도 영암군 군서면 모정리,,,2025-05-01
영암군,영호양돈축산영농조합법인,돼지,,1500.0,전라남도 영암군 도포면 영호리,,,2025-05-01
영암군,영화축산,한우,,24.0,전라남도 영암군 덕진면 장선리,,,2025-05-01
영암군,예은농장,한우,,129.0,전라남도 영암군 서호면 청용리,,,2025-05-01
영암군,예주농장,한우,,68.0,전라남도 영암군 덕진면 백계리,,,2025-05-01
영암군,예준농원,한우,,9.0,전라남도 영암군 영암읍 송평리,,,2025-05-01
영암군,오가네 농장,한우,,60.0,전라남도 영암군 군서면 양장리,,,2025-05-01
영암군,오가네농장,한우,,58.0,전라남도 영암군 학산면 상월리,,,2025-05-01
영암군,오리천국,오리,,50000.0,전라남도 영암군 시종면 신학리,,,2025-05-01
영암군,오복축산,한우,,6.0,전라남도 영암군 삼호읍 망산리,,,2025-05-01
영암군,오복한우,한우,,30.0,전라남도 영암군 삼호읍 망산리,,,2025-05-01
영암군,오산농축산,한우,,40.0,전라남도 영암군 군서면 마산리,,,2025-05-01
영암군,오선농장,돼지,,300.0,전라남도 영암군 도포면 영호리,,,2025-05-01
영암군,오순희농장,한우,,90.0,전라남도 영암군 학산면 금계리,,,2025-05-01
영암군,오장성목장,한우,,100.0,전라남도 영암군 신북면 유곡리,,,2025-05-01
영암군,옥순농장,한우,,4.0,전라남도 영암군 시종면 와우리,,,2025-05-01
영암군,옥주농장,산란계,,36000.0,전라남도 영암군 삼호읍 난전리,,,2025-05-01
영암군,와우농장,한우,,70.0,전라남도 영암군 시종면 신학리,,,2025-05-01
영암군,와우목장,한우,,17.0,전라남도 영암군 시종면 구산리,,,2025-05-01
영암군,와우축산,한우,,8.0,전라남도 영암군 시종면 와우리,,,2025-05-01
영암군,왕인농장,한우,,2.0,전라남도 영암군 학산면 학계리,,,2025-05-01
영암군,용균축산,한우,,15.0,전라남도 영암군 시종면 봉소리,,,2025-05-01
영암군,용기농장,한우,,47.0,전라남도 영암군 시종면 구산리,,,2025-05-01
영암군,용민축사,한우,,19.0,전라남도 영암군 미암면 신한리,,,2025-05-01
영암군,용산2농장,한우,,18.0,전라남도 영암군 덕진면 용산리,,,2025-05-01
영암군,용산축산,한우,,69.0,전라남도 영암군 신북면 용산리,,,2025-05-01
영암군,용소농장,한우,,5.0,전라남도 영암군 학산면 용소리,,,2025-05-01
영암군,용우농장,한우,,32.0,전라남도 영암군 도포면 봉호리,,,2025-05-01
영암군,용인농장,한우,,10.0,전라남도 영암군 시종면 신연리,,,2025-05-01
영암군,용진축산,한우,,4.0,전라남도 영암군 신북면 행정리,,,2025-05-01
영암군,용천목장,한우,,72.0,전라남도 영암군 금정면 용흥리,,,2025-05-01
영암군,용현농장,한우,,36.0,전라남도 영암군 학산면 금계리,,,2025-05-01
영암군,용현농장,오리,,18000.0,전라남도 영암군 시종면 와우리,,,2025-05-01
영암군,용호농장,한우,,70.0,전라남도 영암군 도포면 봉호리,,,2025-05-01
영암군,용흥농장,한우,,70.0,전라남도 영암군 덕진면 백계리,,,2025-05-01
영암군,용흥농축산,한우,,10.0,전라남도 영암군 금정면 용흥리,,,2025-05-01
영암군,우도농장,오리,,35000.0,전라남도 영암군 덕진면 용산리,,,2025-05-01
영암군,우리농장,육계,,80000.0,전라남도 영암군 도포면 구학리,,,2025-05-01
영암군,우리농장,한우,,5.0,전라남도 영암군 삼호읍 동호리,,,2025-05-01
영암군,우리농장,오리,,13500.0,전라남도 영암군 영암읍 송평리,,,2025-05-01
영암군,우리농장,한우,,38.0,전라남도 영암군 군서면 동호리,,,2025-05-01
영암군,우리영농조합법인 농장,오리,,10000.0,전라남도 영암군 시종면 신학리,,,2025-05-01
영암군,우림,한우,,200.0,전라남도 영암군 서호면 장천리,,,2025-05-01
영암군,우림농장,한우,,150.0,전라남도 영암군 신북면 양계리,,,2025-05-01
영암군,우성축산,돼지,,19000.0,전라남도 영암군 서호면 금강리,,,2025-05-01
영암군,우송농장,오리,,18000.0,전라남도 영암군 시종면 월롱리,,,2025-05-01
영암군,우수농장,한우,,33.0,전라남도 영암군 서호면 쌍풍리,,,2025-05-01
영암군,우영농장,한우,,27.0,전라남도 영암군 도포면 영호리,,,2025-05-01
영암군,우영농장,한우,,5.0,전라남도 영암군 군서면 해창리,,,2025-05-01
영암군,우정목장,한우,,1.0,전라남도 영암군 미암면 남산리,,,2025-05-01
영암군,우주농장,한우,,70.0,전라남도 영암군 덕진면 백계리,,,2025-05-01
영암군,우주농장,오리,,30000.0,전라남도 영암군 도포면 성산리,,,2025-05-01
영암군,우하농장,한우,,78.0,전라남도 영암군 도포면 수산리,,,2025-05-01
영암군,우현농장,한우,,10.0,전라남도 영암군 서호면 쌍풍리,,,2025-05-01
영암군,운학농장,한우,,42.0,전라남도 영암군 시종면 신연리,,,2025-05-01
영암군,울타리영농조합법인,한우,,73.0,전라남도 영암군 학산면 신덕리,,,2025-05-01
영암군,웅진축산,한우,,30.0,전라남도 영암군 군서면 마산리,,,2025-05-01
영암군,워낭축산,한우,,65.0,전라남도 영암군 서호면 엄길리,,,2025-05-01
영암군,원광2농장,오리,,26130.0,전라남도 영암군 신북면 월지리,,,2025-05-01
영암군,원앙골농장,오리,,28900.0,전라남도 영암군 신북면 학동리,,,2025-05-01
영암군,원영농장,한우,,1.0,전라남도 영암군 덕진면 노송리,,,2025-05-01
영암군,원우농장,한우,,30.0,전라남도 영암군 덕진면 장선리,,,2025-05-01
영암군,원우농장,한우,,132.0,전라남도 영암군 도포면 원항리,,,2025-05-01
영암군,원일농장,한우,,3.0,전라남도 영암군 군서면 모정리,,,2025-05-01
영암군,원중농장,한우,,2.0,전라남도 영암군 영암읍 한대리,,,2025-05-01
영암군,원철농장,한우,,1.0,전라남도 영암군 서호면 성재리,,,2025-05-01
영암군,원희농장,한우,,47.0,전라남도 영암군 미암면 신포리,,,2025-05-01
영암군,월송농장,한우,,14.0,전라남도 영암군 시종면 월송리,,,2025-05-01
영암군,월악농장,한우,,83.0,전라남도 영암군 시종면 월악리,,,2025-05-01
영암군,월출농장,육계,,20000.0,전라남도 영암군 시종면 신학리,,,2025-05-01
영암군,월출목장,한우,,110.0,전라남도 영암군 미암면 두억리,,,2025-05-01
영암군,유곡농장,한우,,14.0,전라남도 영암군 신북면 유곡리,,,2025-05-01
영암군,유명축산,한우,,90.0,전라남도 영암군 군서면 마산리,,,2025-05-01
영암군,유민축산,한우,,38.0,전라남도 영암군 신북면 월평리,,,2025-05-01
영암군,유번농장,한우,,80.0,전라남도 영암군 학산면 용산리,,,2025-05-01
영암군,유번농장,한우,,50.0,전라남도 영암군 학산면 용산리,,,2025-05-01
영암군,유순농장,한우,,30.0,전라남도 영암군 삼호읍 망산리,,,2025-05-01
영암군,유애축원,한우,,50.0,전라남도 영암군 영암읍 장암리,,,2025-05-01
영암군,유진농장,돼지,,4.0,전라남도 영암군 도포면 영호리,,,2025-05-01
영암군,유피갈곡농장,육계,,48000.0,전라남도 영암군 신북면 갈곡리,,,2025-05-01
영암군,유피월롱농장,오리,,23000.0,전라남도 영암군 시종면 월롱리,,,2025-05-01
영암군,유호정축산,한우,,12.0,전라남도 영암군 신북면 행정리,,,2025-05-01
영암군,윤남축산,한우,,240.0,전라남도 영암군 학산면 학계리,,,2025-05-01
영암군,윤민농장,한우,,30.0,전라남도 영암군 신북면 월지리,,,2025-05-01
영암군,윤원농장,한우,,20.0,전라남도 영암군 시종면 봉소리,,,2025-05-01
영암군,윤자농장,한우,,7.0,전라남도 영암군 덕진면 노송리,,,2025-05-01
영암군,으뜸농장,한우,,22.0,전라남도 영암군 삼호읍 망산리,,,2025-05-01
영암군,은빛농장,한우,,96.0,전라남도 영암군 군서면 동호리,,,2025-05-01
영암군,은서농장,한우,,32.0,전라남도 영암군 미암면 선황리,,,2025-05-01
영암군,은순농장,한우,,4.0,전라남도 영암군 학산면 묵동리,,,2025-05-01
영암군,은영목장,젖소,,60.0,전라남도 영암군 신북면 금수리,,,2025-05-01
영암군,은월농장,한우,,14.0,전라남도 영암군 서호면 쌍풍리,,,2025-05-01
영암군,은인농장,한우,,62.0,전라남도 영암군 덕진면 노송리,,,2025-05-01
영암군,은주농장,한우,,18.0,전라남도 영암군 군서면 모정리,,,2025-05-01
영암군,은준농장,한우,,60.0,전라남도 영암군 도포면 영호리,,,2025-05-01
영암군,은평농장,한우,,110.0,전라남도 영암군 서호면 금강리,,,2025-05-01
영암군,이레농장,한우,,27.0,전라남도 영암군 미암면 신포리,,,2025-05-01
영암군,이레농장,육계,,65000.0,전라남도 영암군 시종면 와우리,,,2025-05-01
영암군,이레목장,한우,,50.0,전라남도 영암군 시종면 신연리,,,2025-05-01
영암군,이레축산,한우,,213.0,전라남도 영암군 신북면 이천리,,,2025-05-01
영암군,이삭농장,한우,,80.0,전라남도 영암군 시종면 신학리,,,2025-05-01
영암군,이슬목장,한우,,74.0,전라남도 영암군 서호면 몽해리,,,2025-05-01
영암군,이유농장,돼지,,1900.0,전라남도 영암군 학산면 묵동리,,,2025-05-01
영암군,이정농장,한우,,4.0,전라남도 영암군 도포면 원항리,,,2025-05-01
영암군,이한우농장,한우,,15.0,전라남도 영암군 도포면 영호리,,,2025-05-01
영암군,인성축산,한우,,70.0,전라남도 영암군 시종면 신흥리,,,2025-05-01
영암군,인송농장,한우,,4.0,전라남도 영암군 군서면 서구림리,,,2025-05-01
영암군,인수농장,한우,,5.0,전라남도 영암군 시종면 신연리,,,2025-05-01
영암군,인주농장,한우,,40.0,전라남도 영암군 덕진면 노송리,,,2025-05-01
영암군,일광농장,오리,,35000.0,전라남도 영암군 시종면 신연리,,,2025-05-01
영암군,일광농장,오리,,11000.0,전라남도 영암군 신북면 월지리,,,2025-05-01
영암군,일동농장,한우,,140.0,전라남도 영암군 군서면 마산리,,,2025-05-01
영암군,일선목장,한우,,25.0,전라남도 영암군 서호면 성재리,,,2025-05-01
영암군,일성농장,한우,,1.0,전라남도 영암군 미암면 춘동리,,,2025-05-01
영암군,일식농장,한우,,16.0,전라남도 영암군 군서면 서구림리,,,2025-05-01
영암군,일움농장,육계,,67000.0,전라남도 영암군 시종면 금지리,,,2025-05-01
영암군,자림농장,한우,,70.0,전라남도 영암군 도포면 원항리,,,2025-05-01
영암군,자연농원,한우,,58.0,전라남도 영암군 서호면 쌍풍리,,,2025-05-01
영암군,자연농원,한우,,19.0,전라남도 영암군 서호면 소산리,,,2025-05-01
영암군,자연에축산,한우,,11.0,전라남도 영암군 학산면 용산리,,,2025-05-01
영암군,장구섬농장,육계,,140000.0,전라남도 영암군 시종면 신학리,,,2025-05-01
영암군,장군농장,한우,,110.0,전라남도 영암군 학산면 용산리,,,2025-05-01
영암군,장군농장,한우,,64.0,전라남도 영암군 학산면 용산리,,,2025-05-01
영암군,장군목장,한우,,55.0,전라남도 영암군 학산면 용산리,,,2025-05-01
영암군,장산농장,한우,,41.0,전라남도 영암군 신북면 장산리,,,2025-05-01
영암군,장성농장,한우,,111.0,전라남도 영암군 군서면 도장리,,,2025-05-01
영암군,장수농장,오리,,34000.0,전라남도 영암군 도포면 구학리,,,2025-05-01
영암군,장암농장,한우,,6.0,전라남도 영암군 덕진면 영등리,,,2025-05-01
영암군,장원축산,한우,,30.0,전라남도 영암군 금정면 용흥리,,,2025-05-01
영암군,장천양계장,육계,,70000.0,전라남도 영암군 서호면 장천리,,,2025-05-01
영암군,재관농장,한우,,60.0,전라남도 영암군 도포면 수산리,,,2025-05-01
영암군,재님농장,한우,,9.0,전라남도 영암군 군서면 해창리,,,2025-05-01
영암군,재우네목장,한우,,20.0,전라남도 영암군 삼호읍 망산리,,,2025-05-01
영암군,재출농장,한우,,25.0,전라남도 영암군 삼호읍 난전리,,,2025-05-01
영암군,재학축산,한우,,45.0,전라남도 영암군 서호면 화송리,,,2025-05-01
영암군,재환축사,한우,,3.0,전라남도 영암군 도포면 봉호리,,,2025-05-01
영암군,전일농장,돼지,,1500.0,전라남도 영암군 미암면 춘동리,,,2025-05-01
영암군,전일목장,한우,,17.0,전라남도 영암군 도포면 수산리,,,2025-05-01
영암군,전진축산,한우,,70.0,전라남도 영암군 군서면 도장리,,,2025-05-01
영암군,정관농장,한우,,30.0,전라남도 영암군 도포면 영호리,,,2025-05-01
영암군,정동축산,한우,,30.0,전라남도 영암군 시종면 신학리,,,2025-05-01
영암군,정림농장,한우,,50.0,전라남도 영암군 삼호읍 서창리,,,2025-05-01
영암군,정보농장,한우,,8.0,전라남도 영암군 도포면 영호리,,,2025-05-01
영암군,정수농장,한우,,500.0,전라남도 영암군 영암읍 망호리,,,2025-05-01
영암군,정식축사,한우,,2.0,전라남도 영암군 삼호읍 동호리,,,2025-05-01
영암군,정우농장,한우,,13.0,전라남도 영암군 군서면 모정리,,,2025-05-01
영암군,정우농장,한우,,2.0,전라남도 영암군 신북면 이천리,,,2025-05-01
영암군,정자농장,한우,,16.0,전라남도 영암군 영암읍 송평리,,,2025-05-01
영암군,정찬국농장,한우,,30.0,전라남도 영암군 시종면 옥야리,,,2025-05-01
영암군,정학축산,한우,,4.0,전라남도 영암군 서호면 소산리,,,2025-05-01
영암군,정학축산,한우,,15.0,전라남도 영암군 서호면 소산리,,,2025-05-01
영암군,정현농장,한우,,280.0,전라남도 영암군 시종면 신연리,,,2025-05-01
영암군,정호농장,한우,,15.0,전라남도 영암군 군서면 마산리,,,2025-05-01
영암군,정희농장,한우,,9.0,전라남도 영암군 신북면 이천리,,,2025-05-01
영암군,정희목장,한우,,20.0,전라남도 영암군 신북면 용산리,,,2025-05-01
영암군,정희목장2,한우,,13.0,전라남도 영암군 신북면 용산리,,,2025-05-01
영암군,정희축산,한우,,3.0,전라남도 영암군 덕진면 백계리,,,2025-05-01
영암군,제일농장,한우,,40.0,전라남도 영암군 신북면 이천리,,,2025-05-01
영암군,제일목장,젖소,,187.0,전라남도 영암군 미암면 춘동리,,,2025-05-01
영암군,제일목장,젖소,,50.0,전라남도 영암군 미암면 춘동리,,,2025-05-01
영암군,제일축산,한우,,124.0,전라남도 영암군 덕진면 덕진리,,,2025-05-01
영암군,조귀일농장,한우,,45.0,전라남도 영암군 미암면 채지리,,,2025-05-01
영암군,조은농장,한우,,30.0,전라남도 영암군 삼호읍 용앙리,,,2025-05-01
영암군,조은정원농장,한우,,10.0,전라남도 영암군 덕진면 운암리,,,2025-05-01
영암군,종남농장,한우,,50.0,전라남도 영암군 도포면 도포리,,,2025-05-01
영암군,종록농장,한우,,31.0,전라남도 영암군 도포면 원항리,,,2025-05-01
영암군,종민농장,한우,,40.0,전라남도 영암군 도포면 영호리,,,2025-05-01
영암군,종석축사,한우,,7.0,전라남도 영암군 군서면 동호리,,,2025-05-01
영암군,종일농장,한우,,52.0,전라남도 영암군 덕진면 금강리,,,2025-05-01
영암군,종일농장,한우,,118.0,전라남도 영암군 덕진면 금강리,,,2025-05-01
영암군,종호축산,한우,,10.0,전라남도 영암군 덕진면 금강리,,,2025-05-01
영암군,주안농장,한우,,140.0,전라남도 영암군 삼호읍 망산리,,,2025-05-01
영암군,주안농장,산란계,,31320.0,전라남도 영암군 미암면 신한리,,,2025-05-01
영암군,주안농장,한우,,16.0,전라남도 영암군 도포면 영호리,,,2025-05-01
영암군,주안농장,육계,,68000.0,전라남도 영암군 시종면 신학리,,,2025-05-01
영암군,주암농장,한우,,5.0,전라남도 영암군 신북면 장산리,,,2025-05-01
영암군,주원농장,한우,,2.0,전라남도 영암군 미암면 신한리,,,2025-05-01
영암군,주원농장,한우,,38.0,전라남도 영암군 군서면 월곡리,,,2025-05-01
영암군,주현농장,오리,,15000.0,전라남도 영암군 덕진면 용산리,,,2025-05-01
영암군,주호농장,한우,,8.0,전라남도 영암군 군서면 성양리,,,2025-05-01
영암군,주홍농장,한우,,10.0,전라남도 영암군 서호면 화송리,,,2025-05-01
영암군,준성농장,한우,,69.0,전라남도 영암군 시종면 와우리,,,2025-05-01
영암군,준우농장,한우,,90.0,전라남도 영암군 시종면 신학리,,,2025-05-01
영암군,준원농장,한우,,65.0,전라남도 영암군 군서면 동호리,,,2025-05-01
영암군,준평농원,한우,,5.0,전라남도 영암군 삼호읍 동호리,,,2025-05-01
영암군,준희농장,한우,,2.0,전라남도 영암군 덕진면 용산리,,,2025-05-01
영암군,증산한우농장,한우,,19.0,전라남도 영암군 영암읍 장암리,,,2025-05-01
영암군,지명농장,육계,,69000.0,전라남도 영암군 시종면 신학리,,,2025-05-01
영암군,지민농장,한우,,6.0,전라남도 영암군 미암면 선황리,,,2025-05-01
영암군,지성농장,한우,,130.0,전라남도 영암군 군서면 도갑리,,,2025-05-01
영암군,지성농장,한우,,7.0,전라남도 영암군 도포면 수산리,,,2025-05-01
영암군,지영농장,육계,,100000.0,전라남도 영암군 시종면 신학리,,,2025-05-01
영암군,지윤농장,한우,,20.0,전라남도 영암군 시종면 봉소리,,,2025-05-01
영암군,지호농장,한우,,10.0,전라남도 영암군 시종면 신흥리,,,2025-05-01
영암군,지호농장,한우,,220.0,전라남도 영암군 군서면 양장리,,,2025-05-01
영암군,지호축사,한우,,33.0,전라남도 영암군 시종면 금지리,,,2025-05-01
영암군,지훈농장,육계,,120000.0,전라남도 영암군 시종면 신학리,,,2025-05-01
영암군,진관농장,한우,,73.0,전라남도 영암군 신북면 행정리,,,2025-05-01
영암군,진덕농장,한우,,21.0,전라남도 영암군 서호면 성재리,,,2025-05-01
영암군,진열농장,한우,,37.0,전라남도 영암군 도포면 영호리,,,2025-05-01
영암군,진영축산,돼지,,530.0,전라남도 영암군 덕진면 금강리,,,2025-05-01
영암군,진우농장,한우,,31.0,전라남도 영암군 시종면 구산리,,,2025-05-01
영암군,진웅농장,오리,,45565.0,전라남도 영암군 시종면 봉소리,,,2025-05-01
영암군,진주농장,한우,,116.0,전라남도 영암군 군서면 도갑리,,,2025-05-01
영암군,진주축산,한우,,95.0,전라남도 영암군 군서면 동호리,,,2025-05-01
영암군,진호농장,한우,,65.0,전라남도 영암군 도포면 봉호리,,,2025-05-01
영암군,진흥축산,한우,,253.0,전라남도 영암군 덕진면 금강리,,,2025-05-01
영암군,찬영농장,한우,,22.0,전라남도 영암군 시종면 와우리,,,2025-05-01
영암군,찬직축산,한우,,20.0,전라남도 영암군 덕진면 백계리,,,2025-05-01
영암군,참살이농장,산란계,,92000.0,전라남도 영암군 서호면 태백리,,,2025-05-01
영암군,참샘골농장,한우,,5.0,전라남도 영암군 서호면 장천리,,,2025-05-01
영암군,창구축산,한우,,50.0,전라남도 영암군 신북면 유곡리,,,2025-05-01
영암군,창수농장,한우,,4.0,전라남도 영암군 군서면 동호리,,,2025-05-01
영암군,창업축산,돼지,,4000.0,전라남도 영암군 미암면 신포리,,,2025-05-01
영암군,창우농장,한우,,36.0,전라남도 영암군 서호면 성재리,,,2025-05-01
영암군,창원한우농장,한우,,62.0,전라남도 영암군 도포면 수산리,,,2025-05-01
영암군,창조영농조합법인,한우,,24.0,전라남도 영암군 신북면 유곡리,,,2025-05-01
영암군,창춘농장,한우,,25.0,전라남도 영암군 미암면 선황리,,,2025-05-01
영암군,천만농장,한우,,13.0,전라남도 영암군 덕진면 금강리,,,2025-05-01
영암군,천만농장2,한우,,4.0,전라남도 영암군 덕진면 금강리,,,2025-05-01
영암군,천섭농장,한우,,9.0,전라남도 영암군 학산면 학계리,,,2025-05-01
영암군,천손1목장,한우,,145.0,전라남도 영암군 서호면 쌍풍리,,,2025-05-01
영암군,천수사슴목장,사슴,,90.0,전라남도 영암군 덕진면 노송리,,,2025-05-01
영암군,천유목장,한우,,70.0,전라남도 영암군 신북면 양계리,,,2025-05-01
영암군,천인농장,한우,,19.0,전라남도 영암군 도포면 구학리,,,2025-05-01
영암군,천하농장,한우,,19.0,전라남도 영암군 미암면 춘동리,,,2025-05-01
영암군,천하농장,한우,,42.0,전라남도 영암군 미암면 춘동리,,,2025-05-01
영암군,철우농장,한우,,20.0,전라남도 영암군 군서면 마산리,,,2025-05-01
영암군,철탑목장,한우,,111.0,전라남도 영암군 도포면 구학리,,,2025-05-01
영암군,청계축산,한우,,23.0,전라남도 영암군 덕진면 백계리,,,2025-05-01
영암군,청림농장,한우,,190.0,전라남도 영암군 덕진면 금강리,,,2025-05-01
영암군,청산농장,한우,,20.0,전라남도 영암군 미암면 선황리,,,2025-05-01
영암군,청솔목장,젖소,,250.0,전라남도 영암군 서호면 몽해리,,,2025-05-01
영암군,청용축산,한우,,40.0,전라남도 영암군 영암읍 학송리,,,2025-05-01
영암군,청우농장,한우,,70.0,전라남도 영암군 덕진면 백계리,,,2025-05-01
영암군,청우축산,한우,,25.0,전라남도 영암군 도포면 수산리,,,2025-05-01
영암군,청정축산,한우,,2.0,전라남도 영암군 시종면 신연리,,,2025-05-01
영암군,청하농장,한우,,130.0,전라남도 영암군 시종면 옥야리,,,2025-05-01
영암군,초계축산,육계,,60000.0,전라남도 영암군 시종면 만수리,,,2025-05-01
영암군,초안목장,한우,,31.0,전라남도 영암군 학산면 금계리,,,2025-05-01
영암군,초원농장,한우,,46.0,전라남도 영암군 군서면 서구림리,,,2025-05-01
영암군,초원농장,한우,,50.0,전라남도 영암군 미암면 신포리,,,2025-05-01
영암군,최용출농장,한우,,15.0,전라남도 영암군 군서면 동호리,,,2025-05-01
영암군,춘양농장,한우,,25.0,전라남도 영암군 영암읍 춘양리,,,2025-05-01
영암군,춘우농장,한우,,60.0,전라남도 영암군 미암면 춘동리,,,2025-05-01
영암군,충남농장,한우,,4.0,전라남도 영암군 시종면 옥야리,,,2025-05-01
영암군,충현농장,한우,,12.0,전라남도 영암군 시종면 신연리,,,2025-05-01
영암군,취정축산,한우,,17.0,전라남도 영암군 덕진면 덕진리,,,2025-05-01
영암군,친한농장,한우,,1.0,전라남도 영암군 신북면 장산리,,,2025-05-01
영암군,친한들농장,한우,,89.0,전라남도 영암군 도포면 성산리,,,2025-05-01
영암군,칠봉농장,돼지,,2000.0,전라남도 영암군 덕진면 덕진리,,,2025-05-01
영암군,칠성목장,한우,,6.0,전라남도 영암군 신북면 행정리,,,2025-05-01
영암군,카리스농장,한우,,70.0,전라남도 영암군 도포면 영호리,,,2025-05-01
영암군,코스모스농원,오리,,10000.0,전라남도 영암군 학산면 묵동리,,,2025-05-01
영암군,코코농장 1,육계,,30000.0,전라남도 영암군 시종면 신학리,,,2025-05-01
영암군,코코농장 2,육계,,33000.0,전라남도 영암군 시종면 신학리,,,2025-05-01
영암군,크로바농장,한우,,40.0,전라남도 영암군 시종면 구산리,,,2025-05-01
영암군,태매목장,한우,,100.0,전라남도 영암군 시종면 구산리,,,2025-05-01
영암군,태산농장,육계,,80000.0,전라남도 영암군 시종면 봉소리,,,2025-05-01
영암군,태석농장,육계,,70000.0,전라남도 영암군 영암읍 송평리,,,2025-05-01
영암군,태성농장,한우,,23.0,전라남도 영암군 덕진면 백계리,,,2025-05-01
영암군,태성농장,육계,,500.0,전라남도 영암군 삼호읍 산호리,,,2025-05-01
영암군,태양축산,한우,,74.0,전라남도 영암군 시종면 만수리,,,2025-05-01
영암군,태양축산2,한우,,25.0,전라남도 영암군 시종면 만수리,,,2025-05-01
영암군,태호농장,한우,,229.0,전라남도 영암군 덕진면 노송리,,,2025-05-01
영암군,태호축산,한우,,237.0,전라남도 영암군 덕진면 노송리,,,2025-05-01
영암군,태흥농장,육계,,60000.0,전라남도 영암군 신북면 월지리,,,2025-05-01
영암군,토탈축산,한우,,2.0,전라남도 영암군 덕진면 금강리,,,2025-05-01
영암군,팜스정,한우,,3.0,전라남도 영암군 영암읍 한대리,,,2025-05-01
영암군,팜축산,한우,,145.0,전라남도 영암군 군서면 해창리,,,2025-05-01
영암군,평안농장,육계,,150.0,전라남도 영암군 삼호읍 삼포리,,,2025-05-01
영암군,평화농장,한우,,80.0,전라남도 영암군 학산면 신덕리,,,2025-05-01
영암군,푸른농원,한우,,27.0,전라남도 영암군 군서면 마산리,,,2025-05-01
영암군,푸른농장,한우,,216.0,전라남도 영암군 미암면 호포리,,,2025-05-01
영암군,푸른축산,한우,,300.0,전라남도 영암군 신북면 금수리,,,2025-05-01
영암군,푸른축산,한우,,4.0,전라남도 영암군 신북면 금수리,,,2025-05-01
영암군,푸른축산,한우,,7.0,전라남도 영암군 신북면 금수리,,,2025-05-01
영암군,풀잎목장,한우,,6.0,전라남도 영암군 삼호읍 동호리,,,2025-05-01
영암군,풍성농장,한우,,42.0,전라남도 영암군 신북면 유곡리,,,2025-05-01
영암군,풍천농장,한우,,26.0,전라남도 영암군 덕진면 용산리,,,2025-05-01
영암군,필현농장,한우,,30.0,전라남도 영암군 미암면 선황리,,,2025-05-01
영암군,하나농장,한우,,2.0,전라남도 영암군 시종면 와우리,,,2025-05-01
영암군,하농농장,한우,,47.0,전라남도 영암군 도포면 원항리,,,2025-05-01
영암군,하누농장,한우,,2.0,전라남도 영암군 서호면 화송리,,,2025-05-01
영암군,하누리농장,한우,,8.0,전라남도 영암군 시종면 만수리,,,2025-05-01
영암군,하늘농장,한우,,22.0,전라남도 영암군 서호면 화송리,,,2025-05-01
영암군,하늘농장,한우,,300.0,전라남도 영암군 군서면 모정리,,,2025-05-01
영암군,하랑농장,한우,,75.0,전라남도 영암군 서호면 소산리,,,2025-05-01
영암군,하우리농장,오리,,38000.0,전라남도 영암군 신북면 월지리,,,2025-05-01
영암군,하우리덕,오리,,30000.0,전라남도 영암군 신북면 월지리,,,2025-05-01
영암군,하은농장,오리,,25000.0,전라남도 영암군 도포면 구학리,,,2025-05-01
영암군,하정팜(farm),오리,,20000.0,전라남도 영암군 시종면 신학리,,,2025-05-01
영암군,학동농장,한우,,60.0,전라남도 영암군 신북면 학동리,,,2025-05-01
영암군,학동농장,오리,,19300.0,전라남도 영암군 신북면 학동리,,,2025-05-01
영암군,학림농장,한우,,2.0,전라남도 영암군 학산면 상월리,,,2025-05-01
영암군,학산농장,육계,,60000.0,전라남도 영암군 학산면 용산리,,,2025-05-01
영암군,학산농장,한우,,13.0,전라남도 영암군 학산면 용산리,,,2025-05-01
영암군,학산실업,한우,,89.0,전라남도 영암군 도포면 원항리,,,2025-05-01
영암군,학산창업축산,한우,,15.0,전라남도 영암군 학산면 독천리,,,2025-05-01
영암군,학송농장,한우,,17.0,전라남도 영암군 삼호읍 서창리,,,2025-05-01
영암군,한길농장,한우,,150.0,전라남도 영암군 서호면 쌍풍리,,,2025-05-01
영암군,한길농장,한우,,100.0,전라남도 영암군 서호면 쌍풍리,,,2025-05-01
영암군,한길농장,한우,,118.0,전라남도 영암군 서호면 쌍풍리,,,2025-05-01
영암군,한림목장,젖소,,112.0,전라남도 영암군 시종면 만수리,,,2025-05-01
영암군,한림목장,한우,,30.0,전라남도 영암군 시종면 만수리,,,2025-05-01
영암군,한반동농장,한우,,35.0,전라남도 영암군 도포면 봉호리,,,2025-05-01
영암군,한샘농장,한우,,140.0,전라남도 영암군 학산면 용산리,,,2025-05-01
영암군,한아름농장,한우,,45.0,전라남도 영암군 도포면 수산리,,,2025-05-01
영암군,한아름목장,한우,,35.0,전라남도 영암군 미암면 신포리,,,2025-05-01
영암군,한우리축산,한우,,100.0,전라남도 영암군 도포면 봉호리,,,2025-05-01
영암군,한우리축산,한우,,10.0,전라남도 영암군 도포면 봉호리,,,2025-05-01
영암군,한울농장,한우,,20.0,전라남도 영암군 미암면 채지리,,,2025-05-01
영암군,한울농장,한우,,23.0,전라남도 영암군 시종면 옥야리,,,2025-05-01
영암군,한임선한우농장,한우,,43.0,전라남도 영암군 군서면 동호리,,,2025-05-01
영암군,한중농장,한우,,21.0,전라남도 영암군 도포면 덕화리,,,2025-05-01
영암군,해누리팜,돼지,,2223.0,전라남도 영암군 도포면 영호리,,,2025-05-01
영암군,해돋이농장,한우,,170.0,전라남도 영암군 서호면 쌍풍리,,,2025-05-01
영암군,해맑은농장,육계,,176224.0,전라남도 영암군 도포면 봉호리,,,2025-05-01
영암군,해미축산,한우,,9.0,전라남도 영암군 학산면 신덕리,,,2025-05-01
영암군,해성농장,한우,,17.0,전라남도 영암군 미암면 미암리,,,2025-05-01
영암군,해성농장,한우,,120.0,전라남도 영암군 시종면 신흥리,,,2025-05-01
영암군,해종축산,오리,,15000.0,전라남도 영암군 도포면 원항리,,,2025-05-01
영암군,햇살농장,한우,,320.0,전라남도 영암군 군서면 동호리,,,2025-05-01
영암군,햇살농장 태양광,육계,,100000.0,전라남도 영암군 시종면 금지리,,,2025-05-01
영암군,행복농장,한우,,11.0,전라남도 영암군 군서면 동호리,,,2025-05-01
영암군,행복농장,육계,,25000.0,전라남도 영암군 시종면 와우리,,,2025-05-01
영암군,행복농장,한우,,10.0,전라남도 영암군 군서면 동호리,,,2025-05-01
영암군,행복한 한우농장,한우,,20.0,전라남도 영암군 군서면 성양리,,,2025-05-01
영암군,행운농장,한우,,18.0,전라남도 영암군 신북면 행정리,,,2025-05-01
영암군,향월농장,한우,,10.0,전라남도 영암군 덕진면 장선리,,,2025-05-01
영암군,허니농장,오리,,15500.0,전라남도 영암군 신북면 월평리,,,2025-05-01
영암군,헌호농장,한우,,30.0,전라남도 영암군 도포면 봉호리,,,2025-05-01
영암군,혁이네농장,한우,,16.0,전라남도 영암군 도포면 영호리,,,2025-05-01
영암군,현균농장,한우,,40.0,전라남도 영암군 금정면 월평리,,,2025-05-01
영암군,현민복합영농조합법인,한우,,39.0,전라남도 영암군 덕진면 노송리,,,2025-05-01
영암군,현수농장,오리,,12000.0,전라남도 영암군 덕진면 노송리,,,2025-05-01
영암군,현순농장,한우,,78.0,전라남도 영암군 금정면 와운리,,,2025-05-01
영암군,현우농장,한우,,59.0,전라남도 영암군 시종면 구산리,,,2025-05-01
영암군,현재목장,한우,,50.0,전라남도 영암군 시종면 만수리,,,2025-05-01
영암군,현주농장,한우,,2.0,전라남도 영암군 시종면 와우리,,,2025-05-01
영암군,현준목장,한우,,60.0,전라남도 영암군 미암면 선황리,,,2025-05-01
영암군,현철농장,한우,,19.0,전라남도 영암군 도포면 영호리,,,2025-05-01
영암군,형민농장,한우,,547.0,전라남도 영암군 영암읍 망호리,,,2025-05-01
영암군,형선농장,한우,,30.0,전라남도 영암군 신북면 월지리,,,2025-05-01
영암군,형심농장,한우,,7.0,전라남도 영암군 금정면 남송리,,,2025-05-01
영암군,형암농장,오리,,8000.0,전라남도 영암군 시종면 봉소리,,,2025-05-01
영암군,형제농장,한우,,30.0,전라남도 영암군 도포면 수산리,,,2025-05-01
영암군,형제농장,한우,,6.0,전라남도 영암군 삼호읍 난전리,,,2025-05-01
영암군,형제농장,육계,,200000.0,전라남도 영암군 시종면 신학리,,,2025-05-01
영암군,형제농장,육계,,110000.0,전라남도 영암군 도포면 구학리,,,2025-05-01
영암군,형제농장,한우,,18.0,전라남도 영암군 서호면 소산리,,,2025-05-01
영암군,형제농장,한우,,140.0,전라남도 영암군 덕진면 노송리,,,2025-05-01
영암군,형제목장,한우,,38.0,전라남도 영암군 시종면 구산리,,,2025-05-01
영암군,형제축산,한우,,5.0,전라남도 영암군 미암면 선황리,,,2025-05-01
영암군,형하농장,한우,,5.0,전라남도 영암군 덕진면 장선리,,,2025-05-01
영암군,혜림축산,한우,,20.0,전라남도 영암군 신북면 월지리,,,2025-05-01
영암군,혜영농장,한우,,4.0,전라남도 영암군 군서면 해창리,,,2025-05-01
영암군,혜자농장,한우,,3.0,전라남도 영암군 학산면 상월리,,,2025-05-01
영암군,혜진목장,젖소,,30.0,전라남도 영암군 신북면 갈곡리,,,2025-05-01
영암군,호범농장,한우,,23.0,전라남도 영암군 도포면 원항리,,,2025-05-01
영암군,호산농장,한우,,18.0,전라남도 영암군 미암면 신포리,,,2025-05-01
영암군,호포농장,한우,,24.0,전라남도 영암군 미암면 호포리,,,2025-05-01
영암군,홍이농장,오리,,10000.0,전라남도 영암군 신북면 월지리,,,2025-05-01
영암군,화목농장,한우,,14.0,전라남도 영암군 학산면 학계리,,,2025-05-01
영암군,화산농장,육계,,98000.0,전라남도 영암군 삼호읍 서창리,,,2025-05-01
영암군,화산농장,육계,,41000.0,전라남도 영암군 삼호읍 서창리,,,2025-05-01
영암군,화산축산,한우,,25.0,전라남도 영암군 신북면 학동리,,,2025-05-01
영암군,화성농장,한우,,17.0,전라남도 영암군 금정면 월평리,,,2025-05-01
영암군,화수농장,한우,,3.0,전라남도 영암군 시종면 신흥리,,,2025-05-01
영암군,화우농장,한우,,87.0,전라남도 영암군 덕진면 금강리,,,2025-05-01
영암군,화자농장,한우,,6.0,전라남도 영암군 학산면 상월리,,,2025-05-01
영암군,화재농장,한우,,7.0,전라남도 영암군 신북면 양계리,,,2025-05-01
영암군,화정농장,한우,,11.0,전라남도 영암군 서호면 성재리,,,2025-05-01
영암군,화헌농장,한우,,12.0,전라남도 영암군 삼호읍 서창리,,,2025-05-01
영암군,환이팜,한우,,81.0,전라남도 영암군 삼호읍 동호리,,,2025-05-01
영암군,환희농장,한우,,30.0,전라남도 영암군 영암읍 개신리,,,2025-05-01
영암군,활성산흑염소농장,한우,,18.0,전라남도 영암군 금정면 연소리,,,2025-05-01
영암군,활성산흑염소목장,산양,,300.0,전라남도 영암군 금정면 연소리,,,2025-05-01
영암군,황금농장,한우,,14.0,전라남도 영암군 도포면 성산리,,,2025-05-01
영암군,황금축산,한우,,1.0,전라남도 영암군 덕진면 운암리,,,2025-05-01
영암군,황소농장,한우,,6.0,전라남도 영암군 신북면 금수리,,,2025-05-01
영암군,황소농장,한우,,35.0,전라남도 영암군 삼호읍 산호리,,,2025-05-01
영암군,황토축산,한우,,160.0,전라남도 영암군 도포면 영호리,,,2025-05-01
영암군,황토축산,한우,,200.0,전라남도 영암군 도포면 영호리,,,2025-05-01
영암군,황토축산,한우,,150.0,전라남도 영암군 도포면 영호리,,,2025-05-01
영암군,효진농장,한우,,28.0,전라남도 영암군 신북면 행정리,,,2025-05-01
영암군,후암농장,한우,,20.0,전라남도 영암군 도포면 덕화리,,,2025-05-01
영암군,휴거리농장,한우,,2.0,전라남도 영암군 미암면 두억리,,,2025-05-01
영암군,흥록축산,한우,,20.0,전라남도 영암군 학산면 금계리,,,2025-05-01
영암군,흥부농장,한우,,70.0,전라남도 영암군 도포면 수산리,,,2025-05-01
영암군,흥우농장,한우,,70.0,전라남도 영암군 도포면 수산리,,,2025-05-01
영암군,희망농장,한우,,11.0,전라남도 영암군 덕진면 용산리,,,2025-05-01
영암군,희망농장,한우,,60.0,전라남도 영암군 덕진면 금강리,,,2025-05-01
영암군,희망농장,한우,,42.0,전라남도 영암군 삼호읍 서창리,,,2025-05-01
영암군,희망돈 농장,돼지,,1000.0,전라남도 영암군 군서면 마산리,,,2025-05-01
영암군,희망축사,오리,,20000.0,전라남도 영암군 시종면 신연리,,,2025-05-01
영암군,희연축산,한우,,200.0,전라남도 영암군 신북면 월평리,,,2025-05-01
영암군,희용농장,한우,,40.0,전라남도 영암군 도포면 수산리,,,2025-05-01
