시도명,시군명,농장명,축종명,상세구분,사육두수(마리),소재지지번주소,WGS84위도,WGS84경도,조사날짜,감염날짜
경기도,김포시,가현농장,닭,산란계,9700.0,경기도 김포시 통진읍 가현리 607번지,37.6747615335301,126.585287300047,2020-11-30,2020-12-13
경기도,김포시,가현농장,닭,산란계,8000.0,경기도 김포시 통진읍 가현리 산 50번지,37.6782104088,126.5840366219,2020-11-30,2020-12-13
경기도,김포시,갈산농장,닭,육계,260.0,경기도 김포시 월곶면 갈산리 440번지 1호,37.7059418899,126.5613487353,2021-04-30,2021-01-09
경기도,김포시,대곶농장,닭,육계,300.0,경기도 김포시 대곶면 율생리 570번지,37.6509045,126.5766937,2020-06-30,2020-12-13
경기도,김포시,대곶농장,닭,육계,300.0,경기도 김포시 대곶면 율생리 570번지,37.6508217219,126.5766436748,2020-07-31,2020-12-13
경기도,김포시,대명농장,닭,육계,20000.0,경기도 김포시 대곶면 대명리 57번지,37.6534223,126.559194,2020-06-30,2020-12-13
경기도,김포시,대명농장,닭,육계,20000.0,경기도 김포시 대곶면 대명리 57번지,37.6534145431,126.5591989649,2020-07-31,2020-12-13
경기도,김포시,도수농장,닭,산란계,20000.0,경기도 김포시 통진읍 마송리 399번지 3호,37.684421941,126.5893489103,2020-11-30,2020-12-13
경기도,김포시,말무리농장,닭,산란계,5000.0,경기도 김포시 통진읍 귀전리 84번지,37.7326313145,126.6068254671,2021-04-30,2021-01-09
경기도,김포시,밤농장,닭,육계,150.0,경기도 김포시 양촌읍 구래리 산 118번지,37.6263081477961,126.635286591147,2021-04-30,2020-12-13
경기도,김포시,봉림농장,닭,산란계,40000.0,경기도 김포시 통진읍 가현리 810번지,37.6674447459,126.5828213367,2021-04-30,2021-01-09
경기도,김포시,수현농장,닭,육계,25000.0,경기도 김포시 월곶면 포내리 251번지 6호,37.724247969,126.5291529365,2021-04-30,2021-01-09
경기도,김포시,연주농장,닭,육계,2500.0,경기도 김포시 양촌읍 학운리 815번지 1호,37.6232433961,126.6014502273,2020-11-30,2020-12-13
경기도,김포시,영철농장,닭,육계,25000.0,경기도 김포시 양촌읍 구래리 652번지 1호,37.630657620568,126.62649694566,2021-04-30,2020-12-13
경기도,김포시,옥화농장,닭,산란계,20.0,경기도 김포시 하성면 마조리 209번지 17호,37.7510897284,126.6357194931,2020-07-31,2020-12-13
경기도,김포시,우정농장,닭,산란계,18000.0,경기도 김포시 대곶면 석정리 산 44번지,37.6701211714,126.5597582902,2020-11-30,2020-12-13
경기도,김포시,유성농장,닭,산란계,32000.0,경기도 김포시 대곶면 석정리 46번지 2호,37.6757943978,126.574043648,2020-11-30,2020-12-13
경기도,김포시,은상농장,닭,산란계,70000.0,경기도 김포시 대곶면 거물대리 77번지,37.6705973825,126.6036689221,2020-07-31,2020-12-13
경기도,김포시,인천농장,닭,육계,7000.0,경기도 김포시 월곶면 조강리 79번지,37.7492197,126.5863882,2020-06-30,2020-12-13
경기도,김포시,장락농장,닭,산란계,50000.0,경기도 김포시 대곶면 쇄암리 445-4번지,37.6708688,126.5499024,2020-06-30,2020-12-13
경기도,김포시,종훈농장,닭,산란계,10000.0,경기도 김포시 통진읍 옹정리 산 58번지,37.6869526306726,126.5640641956,2021-04-30,2020-12-13
경기도,김포시,주일농장,닭,산란계,12000.0,경기도 김포시 양촌읍 학운리 산 20번지,37.62390820566341,126.61716955417984,2020-07-31,2020-12-13
경기도,김포시,천풍농장,닭,산란계,12000.0,경기도 김포시 대곶면 대벽리 1039번지,37.6176925548,126.5679208467,2021-04-30,2021-01-09
경기도,김포시,청솔산업,닭,육계,100.0,경기도 김포시 통진읍 귀전리 1008번지,37.7070605,126.6104822,2020-06-30,2020-12-13
경기도,김포시,초롱농장,닭,산란계,3000.0,경기도 김포시 대곶면 송마리 178번지,37.6632084,126.5711662,2020-06-30,2020-12-13
경기도,김포시,초롱농장,닭,산란계,3000.0,경기도 김포시 대곶면 송마리 178번지,37.6595912686155,126.560982987772,2020-11-30,2020-12-13
경기도,김포시,태경농장,닭,산란계,40000.0,경기도 김포시 월곶면 군하리 323번지 30호,37.7058863162,126.5521491939,2020-07-31,2020-12-13
경기도,김포시,풍진농장,닭,산란계,15000.0,경기도 김포시 대곶면 약암리 808번지,37.6217415118,126.5603174525,2021-04-30,2021-01-09
경기도,김포시,하나농장,닭,육계,38000.0,경기도 김포시 대곶면 대명리 208번지,37.653290478,126.5477331705,2020-07-31,2020-12-13
경기도,김포시,하늘농장,닭,산란계,2500.0,경기도 김포시 하성면 양택리 104번지,37.7355028154,126.617107103,2020-07-31,2020-12-13
경기도,김포시,하성농장,닭,산란계,15000.0,경기도 김포시 하성면 봉성리 65번지 3호,37.6921844112,126.6375947615,2021-04-30,2021-01-09
경기도,김포시,학운농장,닭,육계,25000.0,경기도 김포시 양촌읍 학운리 399번지,37.6259933084,126.6030093086,2020-07-31,2020-12-13
경기도,김포시,호은농장,닭,육계,35000.0,경기도 김포시 하성면 마조리 325번지,37.7498061,126.6284293,2020-06-30,2020-12-13
경기도,김포시,효운농장,닭,육계,35000.0,경기도 김포시 양촌읍 유현리 444번지 1호,37.6347788,126.6155215,2020-06-30,2020-12-13
경기도,김포시,거목농장,닭,육계,60000.0,경기도 김포시 통진읍 귀전리 712번지 2호,37.7082536404,126.619154891,2021-06-30,2021-01-09
경기도,김포시,금산농장,닭,산란계,45000.0,경기도 김포시 양촌읍 누산리 1036번지 111호,37.6748584657,126.6596922374,2021-06-30,2021-01-09
경기도,김포시,깻잎농원,닭,육계,100.0,경기도 김포시 고촌읍 풍곡리 75번지 34호,37.6176310179,126.7674827936,2021-06-30,2020-12-30
경기도,김포시,드림농장,닭,산란계,1000.0,경기도 김포시 월곶면 갈산리 200번지,37.7133934557,126.566745942,2021-06-30,2021-01-09
경기도,김포시,무량농장,닭,육계,20000.0,경기도 김포시 양촌읍 구래리 295번지 23호,37.630657620568,126.62649694566,2021-06-30,2020-12-30
경기도,김포시,민호농장,닭,산란계,10000.0,경기도 김포시 통진읍 가현리 665번지,37.6751302882,126.5848018911,2021-06-30,2021-01-09
경기도,김포시,밤농장,닭,육계,150.0,경기도 김포시 양촌읍 구래리 산 118번지,37.6263081477961,126.635286591147,2021-04-30,2020-12-30
경기도,김포시,백산농원,닭,육계,10000.0,경기도 김포시 양촌읍 구래리 산 37번지,37.6263081477961,126.635286591147,2021-06-30,2020-12-30
경기도,김포시,약산농장,닭,산란계,12000.0,경기도 김포시 대곶면 약암리 산 47번지 1호,37.6344641782,126.5699667364,2021-06-30,2021-01-09
경기도,김포시,영철농장,닭,육계,25000.0,경기도 김포시 양촌읍 구래리 652번지 1호,37.630657620568,126.62649694566,2021-04-30,2020-12-30
경기도,김포시,젖가락이 행복한 농장,닭,산란계,100.0,경기도 김포시 대곶면 대벽리 174번지 1호,37.6354276917,126.579044281,2021-06-30,2021-01-09
경기도,김포시,종훈농장,닭,산란계,10000.0,경기도 김포시 통진읍 옹정리 산 58번지,37.6869526306726,126.5640641956,2021-04-30,2020-12-30
경기도,김포시,주일농장,닭,산란계,12000.0,경기도 김포시 양촌읍 학운리 산 20번지,37.62390820566341,126.61716955417984,2020-07-31,2020-12-30
경기도,김포시,초롱농장,닭,산란계,3000.0,경기도 김포시 대곶면 송마리 178번지,37.6595912686155,126.560982987772,2020-11-30,2020-12-30
경기도,김포시,코코스가든,닭,산란계,1200.0,경기도 김포시 고촌읍 태리 190번지,37.6058394423,126.7456763438,2021-06-30,2020-12-30
경기도,김포시,태원농장,닭,육계,35000.0,경기도 김포시 양촌읍 석모리 131번지 2호,37.6586021398,126.6538667914,2021-06-30,2021-01-09
경기도,김포시,깻잎농원,닭,육계,100.0,경기도 김포시 고촌읍 풍곡리 75번지 34호,37.6176310179,126.7674827936,2021-06-30,2021-01-01
경기도,김포시,무량농장,닭,육계,20000.0,경기도 김포시 양촌읍 구래리 295번지 23호,37.630657620568,126.62649694566,2021-06-30,2021-01-01
경기도,김포시,밤농장,닭,육계,150.0,경기도 김포시 양촌읍 구래리 산 118번지,37.6263081477961,126.635286591147,2021-04-30,2021-01-01
경기도,김포시,백산농원,닭,육계,10000.0,경기도 김포시 양촌읍 구래리 산 37번지,37.6263081477961,126.635286591147,2021-06-30,2021-01-01
경기도,김포시,영철농장,닭,육계,25000.0,경기도 김포시 양촌읍 구래리 652번지 1호,37.630657620568,126.62649694566,2021-04-30,2021-01-01
경기도,김포시,종훈농장,닭,산란계,10000.0,경기도 김포시 통진읍 옹정리 산 58번지,37.6869526306726,126.5640641956,2021-04-30,2021-01-01
경기도,김포시,주일농장,닭,산란계,12000.0,경기도 김포시 양촌읍 학운리 산 20번지,37.62390820566341,126.61716955417984,2020-07-31,2021-01-01
경기도,김포시,초롱농장,닭,산란계,3000.0,경기도 김포시 대곶면 송마리 178번지,37.6595912686155,126.560982987772,2020-11-30,2021-01-01
경기도,김포시,코코스가든,닭,산란계,1200.0,경기도 김포시 고촌읍 태리 190번지,37.6058394423,126.7456763438,2021-06-30,2021-01-01
경기도,김포시,깻잎농원,닭,육계,100.0,경기도 김포시 고촌읍 풍곡리 75번지 34호,37.6176310179,126.7674827936,2021-06-30,2021-01-09
경기도,김포시,무량농장,닭,육계,20000.0,경기도 김포시 양촌읍 구래리 295번지 23호,37.630657620568,126.62649694566,2021-06-30,2021-01-09
경기도,김포시,밤농장,닭,육계,150.0,경기도 김포시 양촌읍 구래리 산 118번지,37.6263081477961,126.635286591147,2021-04-30,2021-01-09
경기도,김포시,백산농원,닭,육계,10000.0,경기도 김포시 양촌읍 구래리 산 37번지,37.6263081477961,126.635286591147,2021-06-30,2021-01-09
경기도,김포시,영철농장,닭,육계,25000.0,경기도 김포시 양촌읍 구래리 652번지 1호,37.630657620568,126.62649694566,2021-04-30,2021-01-09
경기도,김포시,종훈농장,닭,산란계,10000.0,경기도 김포시 통진읍 옹정리 산 58번지,37.6869526306726,126.5640641956,2021-04-30,2021-01-09
경기도,김포시,주일농장,닭,산란계,12000.0,경기도 김포시 양촌읍 학운리 산 20번지,37.62390820566341,126.61716955417984,2020-07-31,2021-01-09
경기도,김포시,초롱농장,닭,산란계,3000.0,경기도 김포시 대곶면 송마리 178번지,37.6595912686155,126.560982987772,2020-11-30,2021-01-09
경기도,김포시,코코스가든,닭,산란계,1200.0,경기도 김포시 고촌읍 태리 190번지,37.6058394423,126.7456763438,2021-06-30,2021-01-09
경기도,김포시,농업회사법인 (주)제일영농,닭,육계,1000.0,경기도 김포시 하성면 석탄리 734번지 7호,37.7204533762,126.6521694527,2025-05-31,2025-09-13
경기도,김포시,담안에 농원,닭,육계,300.0,경기도 김포시 하성면 시암리 140번지 2호,37.766751828,126.6453469576,2025-04-30,2024-12-20
경기도,김포시,미화농장,닭,산란계,12000.0,경기도 김포시 통진읍 가현리 625번지 8호,37.6779556025,126.5858630985,2025-05-31,2024-12-20
경기도,김포시,방씨농장,닭,육계,200.0,경기도 김포시 대곶면 대벽리 803번지,37.6055575133,126.5618186536,2025-05-31,2021-01-09
경기도,김포시,병기농장,닭,육계,30000.0,경기도 김포시 대곶면 석정리 238번지,37.6788760714,126.5568816275,2025-04-30,2024-12-20
경기도,김포시,봉성농장,닭,산란계,30000.0,경기도 김포시 통진읍 동을산리 496번지,37.6932678933,126.6195590551,2025-05-31,2024-12-20
경기도,김포시,석정농장,닭,육계,45000.0,경기도 김포시 대곶면 석정리 237번지,37.679432377,126.5565683967,2025-04-30,2024-12-20
경기도,김포시,써니농장,닭,산란계,22000.0,경기도 김포시 통진읍 가현리 162번지 3호,37.6724170856,126.5882596686,2025-04-30,2024-12-20
경기도,김포시,안골농원,닭,산란계,6000.0,경기도 김포시 월곶면 조강리 107번지 109호,37.7473935506,126.586256668,2025-04-30,2024-12-20
경기도,김포시,용농장,닭,육계,0.0,경기도 김포시 고촌읍 향산리 906번지 1호,37.6214110326,126.7348248313,2025-04-30,2023-01-08
경기도,김포시,우리집토종닭,닭,육계,300.0,경기도 김포시 하성면 석탄리 491번지 32호,37.7252300328,126.6320813425,2025-05-31,2025-09-13
경기도,김포시,일진농장,닭,산란계,2000.0,경기도 김포시 통진읍 가현리 324번지,37.678868833,126.5962436164,2025-04-30,2024-12-20
경기도,김포시,장락농장,닭,산란계,24000.0,경기도 김포시 대곶면 쇄암리 447번지,37.6706239727,126.5498148989,2025-04-30,2024-12-20
경기도,김포시,청솔산업,닭,육계,100.0,경기도 김포시 통진읍 귀전리 1008번지,37.7070618688,126.6104790761,2025-05-31,2024-12-20
경기도,김포시,한우리농장,닭,산란계,140000.0,경기도 김포시 통진읍 가현리 798번지 1호,37.6757060463,126.6010673597,2025-05-31,2024-12-20
경기도,김포시,향산리농장,닭,산란계,520.0,경기도 김포시 고촌읍 향산리 810번지,37.6257487313,126.7357067746,2025-04-30,2023-01-08
경기도,김포시,호은농장,닭,육계,35000.0,경기도 김포시 하성면 마조리 325번지,37.7498006773,126.6284358809,2025-05-31,2025-09-13
경기도,남양주시,고센영농조합법인,닭,육계,20000.0,"경기도 남양주시 와부읍 월문리 83번지 3호 ,83-13",37.6158690873,127.2791873369,2020-07-31,2021-01-12
경기도,남양주시,그린농장,닭,산란계,116000.0,경기도 남양주시 진건읍 진관리 689번지,37.6514699841,127.1593390579,2020-07-31,2021-01-12
경기도,남양주시,내곡농장,닭,육계,20000.0,"경기도 남양주시 진접읍 내곡리 468번지 7호 (,468-11)",37.6756241259,127.1574841572,2021-06-30,2015-04-20
경기도,남양주시,다산농장,닭,산란계,500.0,경기도 남양주시 진건읍 배양리 915번지 1호,37.6328924174,127.1520382823,2020-07-31,2021-01-12
경기도,남양주시,밤골농원,닭,육계,30000.0,경기도 남양주시 수동면 내방리 64번지 1호,37.7384915723,127.2935966976,2021-04-30,2021-01-12
경기도,남양주시,세원농장,닭,산란계,500.0,경기도 남양주시 이패동 562번지 8호,37.6075355572,127.1864497601,2020-11-30,2021-01-12
경기도,남양주시,시골닭집,닭,육계,70.0,경기도 남양주시 별내면 용암리 산 2번지 10호,37.7386860156,127.1265878742,2020-07-31,2015-04-20
경기도,남양주시,유인농장,닭,산란계,19000.0,경기도 남양주시 화도읍 차산리 850번지,37.6245033151,127.2893008529,2020-11-30,2021-01-12
경기도,남양주시,유정농장,닭,육계,50.0,"경기도 남양주시 별내면 광전리 573번지 5호 ,7",37.6767977162,127.136063619,2021-04-30,2015-04-20
경기도,남양주시,육덕농장,닭,육계,1000.0,경기도 남양주시 화도읍 묵현리 산 157번지 4호,37.6709126306,127.307104485,2021-04-30,2021-01-12
경기도,남양주시,태양농원,닭,산란계,12000.0,경기도 남양주시 화도읍 차산리 183번지 13호,37.6312788455,127.3036915474,2021-04-30,2021-01-12
경기도,남양주시,평화농장,닭,육계,,경기도 남양주시 진건읍 배양리 555번지,37.6311924557,127.1700587482,2021-04-30,2021-01-12
경기도,남양주시,현대농장,닭,산란계,9162.0,경기도 남양주시 화도읍 답내리 475번지 5호,37.6596094058,127.3406265394,2021-06-30,2021-01-12
경기도,남양주시,화도농장,닭,육계,45.0,경기도 남양주시 화도읍 차산리 730번지,37.6325864345,127.2924133108,2021-04-30,2021-01-12
경기도,안성시,NES농장,닭,산란계,100000.0,경기도 안성시 일죽면 능국리 7번지 1호,37.1112428218,127.5016995946,2021-06-30,2021-02-23
경기도,안성시,NES농장2,닭,산란계,110000.0,경기도 안성시 일죽면 능국리 4번지 외 1필지(4-2),37.1110957,127.5001055,2021-04-30,2021-02-23
경기도,안성시,가족농장,오리,,3000.0,경기도 안성시 미양면 고지리 574번지 2호,36.9584163,127.2047427,2021-04-30,2021-01-29
경기도,안성시,경기농장,닭,산란계,30000.0,경기도 안성시 원곡면 반제리 430번지 외1필지,37.0158883157,127.1597708929,2021-06-30,2021-01-29
경기도,안성시,경남축산,닭,육계,54000.0,경기도 안성시 원곡면 외가천리 142번지 25호,37.0413265,127.1394754,2020-11-30,2021-01-04
경기도,안성시,경훈농장,닭,산란계,10000.0,경기도 안성시 미양면 고지리 520번지,36.9624672354,127.2100760502,2021-06-30,2021-01-29
경기도,안성시,계림농원,닭,육계,50000.0,경기도 안성시 서운면 현매리 628번지 1호,36.9304724856,127.2128135576,2021-06-30,2021-01-29
경기도,안성시,나루농장,닭,육계,55000.0,경기도 안성시 보개면 적가리 199번지,37.0527134,127.2842037,2020-07-31,2021-01-13
경기도,안성시,남풍농원,닭,육계,500.0,경기도 안성시 보개면 남풍리 944번지 1호,37.0789337075,127.3081433447,2021-06-30,2021-01-28
경기도,안성시,노동 농장,오리,,6000.0,경기도 안성시 일죽면 능국리 678번지 3호,37.1134623,127.4878237,2020-11-30,2021-01-06
경기도,안성시,농업회사법인 선유팜 주식회사,닭,산란계,30000.0,경기도 안성시 일죽면 신흥리 899번지 2호,37.1237916,127.4620764,2020-11-30,2021-01-06
경기도,안성시,대현농장,오리,,10000.0,경기도 안성시 서운면 신촌리 260번지 1호,36.9383407,127.2562697,2020-11-30,2021-01-14
경기도,안성시,대현농장,오리,,10000.0,경기도 안성시 서운면 신촌리 260번지 1호,36.9383407064,127.2562697723,2021-06-30,2021-01-28
경기도,안성시,대화 오리농장DHD,오리,,5500.0,경기도 안성시 일죽면 화곡리 637번지 1호 외1필지,37.106059157,127.4525617725,2021-06-30,2021-02-02
경기도,안성시,도란도란,닭,산란계,80000.0,경기도 안성시 보개면 남풍리 732번지,37.0640146,127.3123435,2020-11-30,2021-01-13
경기도,안성시,동신농장,닭,육계,71400.0,경기도 안성시 보개면 동신리 655번지 외 3필지,36.9999189782,127.2950239002,2021-06-30,2021-01-29
경기도,안성시,동신농장,닭,산란계,40000.0,경기도 안성시 보개면 동신리 655번지,36.9996672,127.2956244,2020-11-30,2021-01-13
경기도,안성시,두교농장,닭,육계,40000.0,경기도 안성시 죽산면 두교리 103번지,37.0153631,127.446827,2021-04-30,2021-01-27
경기도,안성시,둥지농장,오리,,17000.0,"경기도 안성시 보개면 내방리 228번지 4호 외 4필지(228-5,-6,229,52)",37.0203578,127.3125372,2020-11-30,2021-01-13
경기도,안성시,드림팜,닭,육계,90000.0,"경기도 안성시 미양면 법전리 55번지 외 2필지(52번지, 52-1번지)",36.9466133,127.2144673,2021-04-30,2021-01-29
경기도,안성시,만우농장,닭,육계,30000.0,경기도 안성시 보개면 적가리 194번지,37.0527134,127.2842037,2020-07-31,2021-01-13
경기도,안성시,명근농장,닭,산란계,35000.0,경기도 안성시 양성면 장서리 407번지 9호,37.094719654,127.2039239949,2021-06-30,2021-01-29
경기도,안성시,부원농장,닭,육계,50000.0,경기도 안성시 서운면 양촌리 120번지,36.9451181769,127.2788747833,2021-06-30,2021-01-28
경기도,안성시,북좌농장,닭,육계,20000.0,경기도 안성시 보개면 북좌리 50번지,37.0419676,127.3349822,2020-07-31,2021-01-13
경기도,안성시,사오농장,닭,육계,100000.0,경기도 안성시 보개면 남풍리 243번지,37.0669972457,127.3246304634,2021-06-30,2021-01-28
경기도,안성시,삼학농장,닭,산란계,45000.0,경기도 안성시 일죽면 화봉리 191번지,37.0639636,127.4821902,2020-11-30,2020-12-08
경기도,안성시,상록농장,닭,육계,66500.0,"경기도 안성시 금광면 현곡리 137번지 외 2필지(141, 142)",36.9815578,127.3484781,2021-04-30,2021-01-28
경기도,안성시,상록농장,닭,육계,66500.0,"경기도 안성시 금광면 현곡리 137번지 외 2필지(141, 142)",36.9816912774,127.3487484619,2021-06-30,2021-01-28
경기도,안성시,상수리숲농장,닭,산란계,1500.0,경기도 안성시 양성면 방신리 68번지 2호,37.0356464205,127.1753796345,2021-06-30,2021-01-29
경기도,안성시,서부농장,닭,육계,14500.0,경기도 안성시 원곡면 성주리 321번지 1호,37.0889457894,127.1523558141,2021-06-30,2021-01-29
경기도,안성시,서운농장,닭,산란계,250000.0,경기도 안성시 서운면 신촌리 280번지 2호 외 1필지,36.9342969441,127.2628706116,2021-06-30,2021-01-28
경기도,안성시,석우농장,닭,육계,73000.0,경기도 안성시 보개면 양복리 696번지 외2필지,37.0121069931,127.3114250981,2021-06-30,2021-01-28
경기도,안성시,석찬 농장,닭,육계,50000.0,경기도 안성시 고삼면 신창리 362번지,37.0749075,127.2426554,2020-11-30,2021-01-28
경기도,안성시,선일농장,닭,육계,80000.0,경기도 안성시 금광면 사흥리 131번지 1호,37.0010372595,127.3726494768,2021-06-30,2021-01-28
경기도,안성시,성공농장,닭,육계,40000.0,경기도 안성시 서운면 현매리 116번지 2호,36.9405289,127.2302449,2020-07-31,2020-12-15
경기도,안성시,성은농장,닭,육계,4000.0,경기도 안성시 서운면 송산리 211번지 1호,36.9418056,127.2363218,2020-11-30,2020-12-15
경기도,안성시,세원농장,닭,산란계,3000.0,경기도 안성시 공도읍 용두리 378번지 2호,37.0156586,127.165386,2020-07-31,2020-12-15
경기도,안성시,세원농장,닭,산란계,3000.0,경기도 안성시 공도읍 용두리 378번지 2호,37.0156586334,127.1653860886,2021-06-30,2021-01-29
경기도,안성시,수지 토종농장,닭,육계,1000.0,경기도 안성시 일죽면 신흥리 산 11번지 1호,37.1225944,127.484495,2021-04-30,2021-02-02
경기도,안성시,수지농장,닭,육계,130000.0,경기도 안성시 미양면 정동리 504번지 4호 외 1필지(504-5),36.9767503,127.1956042,2020-11-30,2020-12-15
경기도,안성시,스마일2 농장,오리,,12000.0,경기도 안성시 미양면 고지리 426번지,36.9638616,127.2083503,2020-11-30,2020-12-15
경기도,안성시,스마일2 농장,오리,,12000.0,경기도 안성시 미양면 고지리 426번지,36.9640675842,127.2083512331,2021-06-30,2021-01-29
경기도,안성시,승애농장,닭,산란계,50000.0,경기도 안성시 공도읍 용두리 399번지 1호,37.0110963963,127.164243514,2021-06-30,2021-01-29
경기도,안성시,승일농장,닭,육계,25000.0,경기도 안성시 일죽면 능국리 674번지 (외 2필지),37.1128017285,127.4883504568,2021-06-30,2021-02-23
경기도,안성시,승희농장,닭,육계,100000.0,경기도 안성시 보개면 기좌리 150번지 2호 외 4필지,37.0333009149,127.2908077212,2021-06-30,2021-01-29
경기도,안성시,아리농장,닭,육계,85000.0,경기도 안성시 서운면 신기리 236번지,36.9542239,127.2738486,2020-07-31,2021-01-14
경기도,안성시,안성농장,닭,육계,70000.0,경기도 안성시 중리동 79번지 8호,36.979491102,127.2892023108,2021-06-30,2021-01-29
경기도,안성시,안성마춤육계,닭,육계,40000.0,경기도 안성시 대덕면 진현리 378번지 2호,37.0537162,127.2591485,2020-11-30,2021-01-13
경기도,안성시,야곱농장,닭,육계,100.0,경기도 안성시 대덕면 진현리 6번지 2호,37.0599867,127.2677594,2020-07-31,2021-01-13
경기도,안성시,양호농장,오리,,30000.0,경기도 안성시 서운면 신흥리 산 51번지,36.9286198,127.2424098,2020-07-31,2020-12-15
경기도,안성시,영윤농장,닭,육계,1000.0,경기도 안성시 양성면 장서리 320번지,37.1064018,127.2128747,2020-07-31,2020-12-23
경기도,안성시,오두리 농장,닭,육계,45000.0,경기도 안성시 보개면 오두리 255번지 5호,37.0430500587,127.315318223,2021-06-30,2021-01-28
경기도,안성시,오두리 농장,닭,육계,45000.0,경기도 안성시 보개면 오두리 255번지 5호,37.0430507,127.3143716,2020-07-31,2021-01-13
경기도,안성시,오성농장,닭,산란계,8000.0,경기도 안성시 원곡면 지문리 24번지 1호,37.047269,127.1433868,2021-04-30,2021-01-29
경기도,안성시,완기농장,닭,산란계,46.0,경기도 안성시 양성면 삼암리 474번지 6호,37.028893396,127.2060123317,2021-06-30,2021-01-29
경기도,안성시,용마농장,닭,육계,350.0,경기도 안성시 서운면 신기리 산 43번지,36.9571732,127.2726239,2021-04-30,2021-01-29
경기도,안성시,용성농장,오리,,6000.0,경기도 안성시 일죽면 신흥리 958번지 4호,37.1184038,127.4757372,2021-04-30,2021-02-02
경기도,안성시,우리농장,오리,,8000.0,경기도 안성시 보개면 내방리 19번지 외6필지,37.0268802,127.3130132,2021-04-30,2021-01-28
경기도,안성시,육계농장,닭,육계,50000.0,경기도 안성시 보개면 상삼리 54번지 2호,37.0223004904,127.3306713014,2021-06-30,2021-01-28
경기도,안성시,인주종계장,닭,산란계,182500.0,경기도 안성시 공도읍 진사리 376번지,36.990882035,127.1503303642,2021-06-30,2021-02-16
경기도,안성시,일월농장,닭,육계,41000.0,경기도 안성시 일죽면 월정리 1423번지,37.090909989,127.4437468178,2021-06-30,2021-02-01
경기도,안성시,일죽 농장,닭,산란계,30000.0,경기도 안성시 일죽면 장암리 35번지 3호,37.0809048,127.4682392,2020-07-31,2021-01-06
경기도,안성시,장수농장,닭,산란계,16000.0,경기도 안성시 원곡면 성주리 123번지,37.0860082,127.1691576,2020-11-30,2021-01-29
경기도,안성시,장수농장,닭,산란계,51700.0,경기도 안성시 미양면 고지리 69번지 4호,36.9550611,127.2217999,2020-07-31,2020-12-15
경기도,안성시,정기농장,닭,육계,2000.0,경기도 안성시 보개면 신안리 92번지 2호,37.0536333,127.3162361,2020-11-30,2021-01-13
경기도,안성시,정기농장,닭,육계,2000.0,경기도 안성시 보개면 신안리 92번지 2호,37.0537062475,127.3161134252,2021-06-30,2021-01-28
경기도,안성시,제일농장,닭,육계,30000.0,경기도 안성시 미양면 정동리 504번지 15호,36.9770186592,127.1964932492,2021-06-30,2021-01-29
경기도,안성시,준 농장,닭,육계,61400.0,경기도 안성시 미양면 강덕리 154번지 2호,36.9495113123,127.2362272079,2021-06-30,2021-01-29
경기도,안성시,진촌 농장,닭,산란계,13500.0,경기도 안성시 공도읍 진사리 112번지 4호,36.9869412,127.1368059,2020-07-31,2020-12-15
경기도,안성시,청산농장,닭,산란계,100000.0,경기도 안성시 공도읍 마정리 433번지 2호,37.0153418419,127.1941376365,2021-06-30,2021-01-29
경기도,안성시,큰오리농장,오리,,5000.0,"경기도 안성시 일죽면 능국리 674번지 , 659-1번지, 659-5번지",37.1127393,127.4883479,2020-07-31,2021-01-06
경기도,안성시,큰오리농장,오리,,6000.0,"경기도 안성시 일죽면 산북리 607번지 1호 , 607-2번지",37.0812442,127.502216,2020-07-31,2021-01-06
경기도,안성시,큰오리농장,오리,,12000.0,"경기도 안성시 일죽면 월정리 1727번지 , 1728번지, 1728-1번지, 1729번지, 1730번지",37.0806274,127.4584646,2020-07-31,2021-01-06
경기도,안성시,텃골축산,닭,산란계,150000.0,경기도 안성시 일죽면 장암리 411번지 27호 외 3필지,37.0809048,127.4682392,2021-04-30,2021-02-02
경기도,안성시,팔봉농장,닭,육계,40000.0,경기도 안성시 일죽면 장암리 438번지 3호,37.0756653049,127.4588132872,2021-06-30,2021-02-01
경기도,안성시,팔상농장,닭,육계,30000.0,경기도 안성시 일죽면 신흥리 540번지,37.114567,127.4753195,2021-04-30,2021-02-02
경기도,안성시,평안농장,오리,,20000.0,경기도 안성시 보개면 신안리 87번지 6호,37.053217,127.3134801,2020-07-31,2021-01-13
경기도,안성시,한성농장,오리,,9690.0,경기도 안성시 일죽면 산북리 125번지 1호 외 1필지,37.0812154769,127.5132146292,2021-06-30,2021-02-23
경기도,안성시,한신농장,닭,육계,53000.0,경기도 안성시 일죽면 죽림리 739번지,37.0790175,127.4409452,2021-04-30,2021-02-01
경기도,안성시,한신농장,닭,육계,53000.0,경기도 안성시 일죽면 죽림리 739번지,37.0791192722,127.4409903989,2021-06-30,2021-02-01
경기도,안성시,해샘찬농장,닭,산란계,20000.0,경기도 안성시 원곡면 반제리 150번지,37.0319131086,127.165152581,2021-06-30,2021-01-29
경기도,안성시,헌식농장,닭,육계,36500.0,경기도 안성시 미양면 구수리 45번지 3호 (외1필지),36.973164669,127.2574632716,2021-06-30,2021-01-29
경기도,안성시,현수농장,닭,육계,65000.0,경기도 안성시 현수동 291번지,36.9936362519,127.2900510814,2021-06-30,2021-01-29
경기도,안성시,호야2농장,닭,육계,30000.0,경기도 안성시 고삼면 대갈리 293번지 2호,37.0720687,127.2473244,2020-07-31,2021-01-28
경기도,안성시,호야농장,닭,육계,70000.0,경기도 안성시 고삼면 대갈리 648번지 4호,37.0694329,127.2496211,2020-11-30,2021-01-28
경기도,안성시,황아농장,오리,,25337.0,경기도 안성시 미양면 강덕리 74번지,36.9557834274,127.227376879,2021-06-30,2021-01-29
경기도,안성시,희영농장,오리,,6000.0,경기도 안성시 삼죽면 기솔리 440번지 1호 외 1필지(440-2),37.0409937,127.341621,2020-11-30,2021-01-13
경기도,안성시,희영농장,오리,,6000.0,경기도 안성시 삼죽면 기솔리 436번지 외 1필지(437),37.0407736,127.3429801,2020-07-31,2021-01-13
경기도,안성시,희영농장,오리,,5000.0,경기도 안성시 보개면 상삼리 871번지 6호,37.0285767,127.3289001,2020-07-31,2021-01-13
경기도,안성시,강덕농장,닭,육계,45500.0,경기도 안성시 미양면 강덕리 101번지 6호 외1필지(101-4),36.9509465581,127.2251590035,2021-07-31,2021-01-29
경기도,안성시,경운농장,닭,육계,27000.0,경기도 안성시 일죽면 장암리 237번지 5호,37.0736115185,127.4633143302,2021-07-31,2021-02-01
경기도,안성시,금평농장,닭,육계,8000.0,경기도 안성시 일죽면 금산리 산 14번지 1호,37.0768893332,127.5036113811,2021-07-31,2021-02-23
경기도,안성시,농업회사법인(주)알로팜 명당지점,닭,산란계,450000.0,경기도 안성시 대덕면 명당리 173번지 1호,37.0445048594,127.2128118927,2021-07-31,2021-01-29
경기도,안성시,대박농장,닭,육계,40000.0,경기도 안성시 공도읍 중복리 259번지 1호,36.9733912908,127.1315243587,2021-07-31,2021-02-16
경기도,안성시,대율,오리,,8568.0,경기도 안성시 서운면 현매리 188번지 5호,36.9333276767,127.2270863156,2021-07-31,2021-01-29
경기도,안성시,두메농장,닭,산란계,310000.0,경기도 안성시 일죽면 산북리 104번지 1호 외 9필지,37.0856870573,127.5126597683,2021-07-31,2021-02-23
경기도,안성시,드림팜,닭,육계,90000.0,"경기도 안성시 미양면 법전리 55번지 외 2필지(52번지, 52-1번지)",36.9463865225,127.2142475645,2021-07-31,2021-01-29
경기도,안성시,만우농장,닭,육계,30000.0,경기도 안성시 보개면 적가리 194번지,37.0526887688,127.2846475481,2021-07-31,2021-01-29
경기도,안성시,보광농원,닭,산란계,12000.0,경기도 안성시 일죽면 죽림리 880번지 외 1필지,37.0724331872,127.4463279167,2021-07-31,2021-02-01
경기도,안성시,봄양계장,닭,산란계,14000.0,경기도 안성시 금광면 삼흥리 405번지,37.0172737274,127.3658437544,2021-07-31,2022-01-22
경기도,안성시,삼학농장,닭,산란계,45000.0,경기도 안성시 일죽면 화봉리 191번지,37.0642770115,127.4821712321,2021-07-31,2021-11-10
경기도,안성시,선암농장,닭,육계,10000.0,경기도 안성시 금광면 개산리 10번지 1호 외 1필지(11),36.9889863774,127.2909403737,2021-07-31,2021-01-29
경기도,안성시,승일농장,닭,육계,65000.0,경기도 안성시 보개면 기좌리 124번지 1호 (외4필지),37.0352134339,127.291645786,2021-07-31,2021-01-29
경기도,안성시,에코필드,닭,육계,70000.0,경기도 안성시 서운면 송산리 114번지 3호 외 1필지,36.9411889137,127.2435331327,2021-07-31,2021-01-29
경기도,안성시,영화농장,닭,산란계,10760.0,경기도 안성시 일죽면 장암리 162번지 1호 외 1필지(162-3),37.0743234104,127.4625489917,2021-07-31,2021-02-02
경기도,안성시,오성농장,닭,산란계,8000.0,경기도 안성시 원곡면 지문리 24번지 1호,37.0472690165,127.1433868157,2021-07-31,2021-01-29
경기도,안성시,용마농장,닭,육계,350.0,경기도 안성시 서운면 신기리 산 43번지,36.9567813661,127.2732696975,2021-07-31,2021-01-29
경기도,안성시,은영농장,닭,육계,90000.0,경기도 안성시 미양면 강덕리 12번지,36.9601013699,127.231337995,2021-07-31,2021-01-29
경기도,안성시,일죽 농장,닭,산란계,30000.0,경기도 안성시 일죽면 장암리 35번지 3호,37.0807076854,127.4700951915,2021-07-31,2021-02-02
경기도,안성시,장수농장,닭,산란계,51700.0,경기도 안성시 미양면 고지리 69번지 4호,36.9556448836,127.2220532058,2021-07-31,2021-01-29
경기도,안성시,정훈축산,닭,산란계,55000.0,경기도 안성시 서운면 신흥리 산 25번지,36.9259914028,127.2398226429,2021-07-31,2021-01-28
경기도,안성시,중영농장,오리,,20000.0,경기도 안성시 미양면 고지리 210번지 1호,36.9569289121,127.2123660326,2021-07-31,2021-01-29
경기도,안성시,지현농장,닭,산란계,300.0,경기도 안성시 금광면 내우리 103번지 2호,36.9974923418,127.3046731232,2021-07-31,2021-01-28
경기도,안성시,천호농장,닭,육계,30000.0,경기도 안성시 보개면 구사리 산 35번지 1호,37.0272473845,127.3037762251,2021-07-31,2021-01-29
경기도,안성시,청원농장,닭,산란계,15000.0,경기도 안성시 보개면 북좌리 11번지,37.0466702514,127.3375199869,2021-07-31,2021-01-28
경기도,안성시,초원농장,닭,육계,50000.0,경기도 안성시 보개면 내방리 271번지 4호,37.0181705018,127.3096789431,2021-07-31,2021-01-28
경기도,안성시,평안농장,오리,,20000.0,경기도 안성시 보개면 신안리 87번지 6호,37.0532170546,127.3134801121,2021-07-31,2021-01-28
경기도,안성시,하늘농장,닭,육계,60000.0,경기도 안성시 보개면 상삼리 872번지 4호 외 1필지,37.0276031833,127.3298816182,2021-07-31,2021-01-28
경기도,안성시,한울농장,닭,육계,35000.0,경기도 안성시 보개면 신안리 336번지 2호 외 1(보개면 오두리 86),37.0515123048,127.3082348856,2021-07-31,2021-01-28
경기도,안성시,혜성농장,닭,육계,30000.0,경기도 안성시 보개면 적가리 173번지,37.0536326326,127.288187642,2021-07-31,2021-01-29
경기도,안성시,호반농장,오리,,10500.0,경기도 안성시 미양면 정동리 506번지 17호 외1필지(506-18),36.9782308769,127.1981737946,2021-07-31,2021-01-29
경기도,안성시,호야2농장,닭,육계,30000.0,경기도 안성시 고삼면 대갈리 293번지 2호,37.072230475,127.2474123711,2021-07-31,2021-01-29
경기도,안성시,효성농장,닭,육계,47000.0,경기도 안성시 보개면 이전리 416번지 1호,37.0574342628,127.2868386321,2021-07-31,2021-01-29
경기도,안성시,NES농장,닭,산란계,100000.0,경기도 안성시 일죽면 국동길 78-86,37.1118797316,127.5022371094,2025-07-31,2024-01-09
경기도,안성시,강덕농장,닭,종계,48950.0,경기도 안성시 미양면 강덕3길 23,36.9509465581,127.2251590035,2026-01-31,2025-12-24
경기도,안성시,경기농장,닭,산란계,27800.0,경기도 안성시 원곡면 기업단지로 237-30,37.0158883157,127.1597708929,2026-02-26,2025-12-10
경기도,안성시,경운농장,닭,종계,27000.0,경기도 안성시 일죽면 장암리 237번지 5호,37.0714123054903,127.464709743288,2026-01-31,2024-01-09
경기도,안성시,계림농원,닭,육계,50000.0,경기도 안성시 서운면 서미로 141-107,36.9312256739,127.2129095868,2026-02-26,2025-12-24
경기도,안성시,구오농장,닭,육계,55000.0,경기도 안성시 서운면 신동촌길 68-21,36.9661687822817,127.274694483757,2026-01-31,2025-12-10
경기도,안성시,금강농장,닭,육계,45000.0,경기도 안성시 원곡면 천덕산로 524,37.0878218516394,127.150373937057,2025-07-31,2025-12-10
경기도,안성시,꼬꼬농장,닭,육계,69664.0,경기도 안성시 보개면 내방길 55-36,37.0204198687,127.31268618,2026-02-26,2021-01-28
경기도,안성시,나루농장,닭,육계,55000.0,경기도 안성시 보개면 한사울길 212,37.0526887688,127.2846475481,2026-02-26,2021-01-29
경기도,안성시,노동 농장,오리,,6000.0,경기도 안성시 일죽면 능국리 678번지 3호,37.1102333444643,127.49158385138,2025-07-31,2024-01-09
경기도,안성시,농부마을,닭,산란계,0.0,경기도 안성시 삼죽면 월앙길 50-40,37.0802716314,127.398776458,2025-07-31,2024-01-09
경기도,안성시,농업회사법인 골드아이(유),닭,산란계,570960.0,경기도 안성시 일죽면 서동대로 7626-29,37.100979066167,127.488874059671,2025-08-31,2025-12-10
경기도,안성시,농업회사법인 선유팜 주식회사,닭,산란계,40000.0,경기도 안성시 일죽면 선유동길 23-68,37.1233727928,127.4632104225,2026-02-26,2024-01-09
경기도,안성시,농업회사법인 티지에프(주),닭,산란계,783000.0,"경기도 안성시 금광면 조령길 73-105, (외10필지)",37.0277185476,127.3633406736,2025-08-31,2022-11-16
경기도,안성시,다모아부화장,오리,,7560.0,경기도 안성시 미양면 신고지길 125,36.9640675842,127.2083512331,2025-08-31,2025-12-10
경기도,안성시,대박농장,오리,,6000.0,경기도 안성시 일죽면 지내동길 21-33 (외 1필지),37.111467098,127.4839047669,2025-08-31,2024-01-09
경기도,안성시,대성농장,닭,육계,60000.0,경기도 안성시 일죽면 율동길 53-17,37.0731842881,127.5071661322,2026-02-26,2024-11-08
경기도,안성시,대율농장,오리,,0.0,경기도 안성시 서운면 송죽길 70,36.9333182751,127.226917912,2026-01-31,2025-12-24
경기도,안성시,대현농장,오리,,10000.0,경기도 안성시 서운면 신촌리 260번지 1호,36.9383954885,127.2559331963,2026-01-31,2025-12-24
경기도,안성시,도란도란,닭,산란계,138000.0,경기도 안성시 보개면 가재울길 100-23,37.0639861701,127.3126466066,2026-02-26,2022-11-16
경기도,안성시,동신농장,닭,육계,71400.0,경기도 안성시 보개면 동문이길 57,36.9999189782,127.2950239002,2025-07-31,2025-12-16
경기도,안성시,두교농장,닭,육계,40000.0,경기도 안성시 죽산면 용대길 70-5,37.0152821969,127.4464693067,2025-07-31,2024-12-31
경기도,안성시,두평마을회,닭,육계,37000.0,"경기도 안성시 죽산면 두평길 47-32, 외 2필지",37.0645201556,127.4055014876,2025-08-31,2024-01-09
경기도,안성시,드림팜,닭,육계,90000.0,"경기도 안성시 미양면 서미로 257 (외 2필지(52번지, 52-1번지))",36.9468196999,127.2144481068,2025-07-31,2025-12-10
경기도,안성시,명근농장,닭,산란계,35000.0,경기도 안성시 양성면 양성로 519-65,37.0947210632019,127.203932145744,2026-02-26,2025-12-10
경기도,안성시,병일농장,닭,육계,45000.0,경기도 안성시 보개면 복평리 75번지 2호,37.0367519640359,127.310841086569,2026-01-31,2021-01-28
경기도,안성시,봄양계장,닭,산란계,14000.0,경기도 안성시 금광면 조령길 25,37.0172737274,127.3658437544,2025-08-31,2022-01-22
경기도,안성시,북좌농장,닭,육계,20000.0,경기도 안성시 보개면 보개산로 276,37.0419522204,127.3349661486,2025-08-31,2022-11-16
경기도,안성시,사오농장,닭,육계,100000.0,경기도 안성시 보개면 남풍길 223,37.0669972457,127.3246304634,2025-08-31,2022-11-16
경기도,안성시,삼학농장,닭,산란계,45000.0,경기도 안성시 일죽면 금일로 140-64,37.0638025992,127.4819081911,2025-07-31,2024-11-08
경기도,안성시,삼한농장,닭,육계,85000.0,경기도 안성시 양성면 정자말길 65-75,37.028271877241,127.210300299492,2026-01-31,2025-12-10
경기도,안성시,상록농장,닭,육계,66500.0,경기도 안성시 금광면 현곡길 67-9,36.9816912774,127.3487484619,2025-08-31,2025-12-16
경기도,안성시,상수리숲농장,닭,산란계,1500.0,경기도 안성시 양성면 성하길 60-7,37.0348535695,127.176520307,2025-07-31,2025-12-10
경기도,안성시,서부농장,닭,종계,14500.0,경기도 안성시 원곡면 천덕산로 531-21,37.0889457894,127.1523558141,2026-01-31,2025-12-10
경기도,안성시,서운농장,닭,산란계,276683.0,경기도 안성시 서운면 서운로 229 (외 1필지),36.9342969441,127.2628706116,2025-07-31,2025-12-10
경기도,안성시,서윤농장,닭,육계,50000.0,경기도 안성시 보개면 내방리 38번지 2호 (외 4필지),37.0225472195,127.3126584728,2025-07-31,2021-01-28
경기도,안성시,서현농장,닭,육계,32000.0,경기도 안성시 샛터1길 41-34 (중리동),36.9863361931,127.274681313,2026-02-26,2025-12-24
경기도,안성시,석찬 농장,닭,육계,0.0,경기도 안성시 고삼면 범골길 67-22,37.0751492104,127.2423401777,2025-07-31,2025-12-10
경기도,안성시,선암농장,닭,육계,10000.0,경기도 안성시 금광면 배티로 1009-92,36.9889863774,127.2909403737,2025-07-31,2025-12-16
경기도,안성시,선유 칠면조 농장,칠면조,,1500.0,경기도 안성시 일죽면 선유동길 23-87,37.1227482974,127.4631217751,2025-08-31,2024-01-09
경기도,안성시,선일농장,닭,육계,80000.0,경기도 안성시 금광면 사흥길 169-44,37.001137927,127.3724511795,2026-02-26,2024-12-31
경기도,안성시,성공농장,닭,육계,42000.0,"경기도 안성시 서운면 매향길 122, (외1필지)",36.9407279369,127.2307546723,2026-01-31,2025-12-24
경기도,안성시,성욱농장,오리,,9000.0,경기도 안성시 대덕면 무능로 177-13,37.0480948655,127.2252027356,2025-08-31,2025-12-10
경기도,안성시,세진농장,닭,육계,35000.0,경기도 안성시 보개면 남사당로 340-56,37.0428475327318,127.314842350793,2026-02-26,2025-12-10
경기도,안성시,송숙농장,닭,육계,40000.0,경기도 안성시 대덕면 삼한리 499번지 1호,37.0570838464151,127.275814828924,2026-02-26,2025-12-10
경기도,안성시,수정농장,오리,,15000.0,경기도 안성시 일죽면 서동대로 7594-85,37.0987234296382,127.484707923353,2026-02-26,2025-12-10
경기도,안성시,수정농장,오리,,15000.0,경기도 안성시 일죽면 능국리 261번지 1호,37.0987210269,127.4847064651,2025-08-31,2024-01-09
경기도,안성시,수지농장,닭,종계,9900.0,경기도 안성시 대덕면 김중만장군길 157-39,37.0540200515,127.2475700915,2025-07-31,2025-12-10
경기도,안성시,스마일2 농장,오리,,12000.0,경기도 안성시 미양면 신고지길 125,36.9640675842,127.2083512331,2025-08-31,2025-12-10
경기도,안성시,승희농장,닭,육계,100000.0,경기도 안성시 보개면 보개원삼로 342-34,37.0333009149,127.2908077212,2026-01-31,2021-01-29
경기도,안성시,신기리농장,오리,,9000.0,"경기도 안성시 서운면 신기리 17번지 1호 외 2필지(17-2,16-2)",36.9648302271,127.263483677,2025-08-31,2025-12-10
경기도,안성시,신기리농장,오리,,9000.0,경기도 안성시 서운면 서운로 592,36.9644745248,127.2633745158,2025-08-31,2025-12-10
경기도,안성시,아리농장,닭,육계,85000.0,경기도 안성시 서운면 신기리 236번지,36.9542239058,127.273848606,2025-08-31,2025-12-10
경기도,안성시,안성마춤육계,닭,육계,40000.0,경기도 안성시 대덕면 안성맞춤대로 1594,37.053684456902,127.259277160973,2026-01-31,2025-12-10
경기도,안성시,야곱농장,닭,육계,100.0,경기도 안성시 대덕면 미륵로 137,37.0603471772,127.2677606831,2025-07-31,2021-01-29
경기도,안성시,에코필드,닭,육계,70000.0,"경기도 안성시 서운면 솔뫼로 141-45, 외 1필지",36.9411889137,127.2435331327,2025-07-31,2025-12-10
경기도,안성시,영양축산,닭,산란계,0.0,경기도 안성시 일죽면 선유동길 23-33,37.1226585066,127.4642700413,2026-01-31,2024-01-09
경기도,안성시,영윤농장,닭,육계,1000.0,경기도 안성시 양성면 양성로 614,37.1065773568,127.2128703233,2025-08-31,2020-12-23
경기도,안성시,오림농장,닭,산란계,100000.0,경기도 안성시 보개면 보개원삼로 575-12,37.054927098,127.2912432422,2026-02-26,2021-01-29
경기도,안성시,완기농장,닭,산란계,46.0,경기도 안성시 양성면 삼암리 474번지 6호,37.0253850632433,127.204023000081,2025-08-31,2025-12-10
경기도,안성시,용성농장,오리,,6000.0,경기도 안성시 일죽면 일죽신흥로 172-35,37.1181594812976,127.475770158556,2025-08-31,2025-12-10
경기도,안성시,육계농장,닭,육계,50000.0,경기도 안성시 보개면 상삼리 54번지 2호,37.0220493436,127.3302544343,2026-02-26,2021-01-28
경기도,안성시,은영농장,닭,육계,90000.0,경기도 안성시 미양면 양변길 149,36.9601013699,127.231337995,2025-07-31,2025-12-10
경기도,안성시,이삼농장,닭,산란계,58000.0,경기도 안성시 삼죽면 품곡길 158-14,37.0927657175,127.3579471154,2026-01-31,2022-11-30
경기도,안성시,인주종계장,닭,종계,182500.0,경기도 안성시 공도읍 진사2길 34-32,36.990882035,127.1503303642,2026-02-26,2026-01-17
경기도,안성시,일월농장,닭,육계,41000.0,경기도 안성시 일죽면 월정리 1423번지,37.0909099054,127.4437693126,2025-08-31,2024-01-09
경기도,안성시,일죽 농장,닭,산란계,30000.0,경기도 안성시 일죽면 장암로 24-72,37.0807083126801,127.470079331079,2026-02-26,2025-12-10
경기도,안성시,장수농장,닭,육계,0.0,경기도 안성시 미양면 고지1길 131-52,36.9554434034,127.2197127171,2025-08-31,2025-12-10
경기도,안성시,정훈농장,닭,산란계,126000.0,경기도 안성시 서운면 사갑1길 245,36.9271803166707,127.240109728297,2026-02-26,2025-12-10
경기도,안성시,제2대화 오리농장 DHD,오리,,20000.0,"경기도 안성시 일죽면 화곡리 611번지 ,612-1외 1필지",37.1051952607,127.4564000956,2025-07-31,2024-01-09
경기도,안성시,제일농장,닭,육계,30000.0,경기도 안성시 미양면 중앙배수1길 148-24,36.9770211832769,127.196490059876,2026-02-26,2025-12-10
경기도,안성시,주안농장,닭,육계,0.0,경기도 안성시 보개면 이전봉산길 31-87,37.0569077806,127.2861192576,2025-08-31,2021-01-29
경기도,안성시,준 농장,닭,육계,61400.0,경기도 안성시 미양면 서변1길 55-24,36.949497460325,127.236181023,2026-01-31,2025-12-10
경기도,안성시,지현농장,닭,산란계,300.0,경기도 안성시 금광면 구송동길 54,36.9973340479293,127.304892789259,2026-02-26,2025-12-10
경기도,안성시,천호농장,닭,육계,30000.0,경기도 안성시 보개면 남사당로 106-31,37.0272473845,127.3037762251,2025-07-31,2021-01-29
경기도,안성시,큰오리농장1,오리,,9000.0,경기도 안성시 일죽면 산북1길 45-27,37.0807666313,127.5022354165,2026-02-26,2024-01-09
경기도,안성시,큰오리농장3,오리,,14000.0,"경기도 안성시 일죽면 월정리 1727번지 , 1728번지, 1728-1번지, 1729번지, 1730번지",37.0806544924,127.4584648325,2026-01-31,2024-01-09
경기도,안성시,텃골축산,닭,산란계,150000.0,경기도 안성시 일죽면 장암로 24-72 (외 3필지),37.0807076854,127.4700951915,2026-01-31,2024-01-09
경기도,안성시,팔봉농장,닭,육계,40000.0,경기도 안성시 일죽면 장암초교길 123-14,37.0756686540661,127.458808533036,2025-07-31,2025-12-10
경기도,안성시,하나둘셋영농조합법인,닭,산란계,9588.0,경기도 안성시 금광면 금광모산길 42-233,37.0168905259,127.3542994537,2025-07-31,2022-01-22
경기도,안성시,하늘농장,닭,육계,60000.0,경기도 안성시 보개면 내방상삼로 168-32,37.0276031833,127.3298816182,2026-01-31,2021-01-28
경기도,안성시,한다리농장,닭,육계,71000.0,경기도 안성시 일죽면 한다리길 94-16,37.119119701737,127.417540947872,2026-01-31,2025-12-10
경기도,안성시,한신농장,닭,육계,53000.0,경기도 안성시 일죽면 용설로 17-35,37.0791192722,127.4409903989,2025-08-31,2024-01-09
경기도,안성시,한울농장,닭,육계,35000.0,경기도 안성시 보개면 남사당로 429-57 (외 1(보개면 오두리 86)),37.0515123048,127.3082348856,2025-08-31,2021-01-28
경기도,안성시,해샘찬농장,닭,산란계,20000.0,경기도 안성시 원곡면 원당로 243-40,37.0319131086,127.165152581,2026-01-31,2025-12-10
경기도,안성시,형은농장,닭,종계,24200.0,경기도 안성시 대덕면 능말길 43-98,37.0491066559,127.2146726667,2025-07-31,2025-12-10
경기도,안성시,혜성농장,닭,육계,30000.0,경기도 안성시 보개면 이전봉산길 29-46,37.0536326326,127.288187642,2025-08-31,2021-01-29
경기도,안성시,호야2농장,닭,육계,30000.0,경기도 안성시 고삼면 윗갈미길 65,37.0722339201431,127.247408011186,2026-01-31,2025-12-10
경기도,안성시,호야농장,닭,육계,70000.0,경기도 안성시 고삼면 신창길 229-11,37.0695003671613,127.249805608975,2025-07-31,2025-12-10
경기도,안성시,호일농장,닭,종계,30900.0,경기도 안성시 미양면 계륵리 산 28번지,36.985446317,127.2574367934,2026-02-26,2025-12-24
경기도,안성시,효원농장,닭,육계,140000.0,경기도 안성시 미양면 협동단지길 158-68,36.9649307817,127.2383646103,2025-07-31,2025-12-10
경기도,안성시,효원농장,닭,육계,140000.0,경기도 안성시 미양면 협동단지길 158-68,36.9649308857627,127.238359672878,2025-07-31,2025-12-10
경기도,안성시,희영농장,오리,,6000.0,경기도 안성시 삼죽면 기솔리 436번지 외 1필지(437),37.0407737381,127.3429463956,2026-02-26,2022-11-16
경기도,안성시,희영농장,오리,,7500.0,경기도 안성시 보개면 가래미길 92-6,37.0285895218817,127.328818420378,2026-02-26,2025-12-10
경기도,안성시,희영농장,오리,,7500.0,경기도 안성시 보개면 상삼리 871번지 6호,37.0285932416,127.3288225519,2026-01-31,2021-01-28
경기도,안성시,구오농장,닭,육계,55000.0,경기도 안성시 서운면 신동촌길 68-21,36.9661687822817,127.274694483757,2026-01-31,2025-12-16
경기도,안성시,금강농장,닭,육계,45000.0,경기도 안성시 원곡면 천덕산로 524,37.0878218516394,127.150373937057,2025-07-31,2025-12-16
경기도,안성시,농업회사법인 골드아이(유),닭,산란계,570960.0,경기도 안성시 일죽면 서동대로 7626-29,37.100979066167,127.488874059671,2025-08-31,2025-12-16
경기도,안성시,명근농장,닭,산란계,35000.0,경기도 안성시 양성면 양성로 519-65,37.0947210632019,127.203932145744,2026-02-26,2025-12-16
경기도,안성시,삼한농장,닭,육계,85000.0,경기도 안성시 양성면 정자말길 65-75,37.028271877241,127.210300299492,2026-01-31,2025-12-16
경기도,안성시,세진농장,닭,육계,35000.0,경기도 안성시 보개면 남사당로 340-56,37.0428475327318,127.314842350793,2026-02-26,2025-12-16
경기도,안성시,송숙농장,닭,육계,40000.0,경기도 안성시 대덕면 삼한리 499번지 1호,37.0570838464151,127.275814828924,2026-02-26,2025-12-16
경기도,안성시,수정농장,오리,,15000.0,경기도 안성시 일죽면 서동대로 7594-85,37.0987234296382,127.484707923353,2026-02-26,2025-12-16
경기도,안성시,안성마춤육계,닭,육계,40000.0,경기도 안성시 대덕면 안성맞춤대로 1594,37.053684456902,127.259277160973,2026-01-31,2025-12-16
경기도,안성시,완기농장,닭,산란계,46.0,경기도 안성시 양성면 삼암리 474번지 6호,37.0253850632433,127.204023000081,2025-08-31,2025-12-16
경기도,안성시,용성농장,오리,,6000.0,경기도 안성시 일죽면 일죽신흥로 172-35,37.1181594812976,127.475770158556,2025-08-31,2025-12-16
경기도,안성시,일죽 농장,닭,산란계,30000.0,경기도 안성시 일죽면 장암로 24-72,37.0807083126801,127.470079331079,2026-02-26,2025-12-16
경기도,안성시,정훈농장,닭,산란계,126000.0,경기도 안성시 서운면 사갑1길 245,36.9271803166707,127.240109728297,2026-02-26,2025-12-16
경기도,안성시,제일농장,닭,육계,30000.0,경기도 안성시 미양면 중앙배수1길 148-24,36.9770211832769,127.196490059876,2026-02-26,2025-12-16
경기도,안성시,준 농장,닭,육계,61400.0,경기도 안성시 미양면 서변1길 55-24,36.949497460325,127.236181023,2026-01-31,2025-12-16
경기도,안성시,지현농장,닭,산란계,300.0,경기도 안성시 금광면 구송동길 54,36.9973340479293,127.304892789259,2026-02-26,2025-12-16
경기도,안성시,팔봉농장,닭,육계,40000.0,경기도 안성시 일죽면 장암초교길 123-14,37.0756686540661,127.458808533036,2025-07-31,2025-12-16
경기도,안성시,한다리농장,닭,육계,71000.0,경기도 안성시 일죽면 한다리길 94-16,37.119119701737,127.417540947872,2026-01-31,2025-12-16
경기도,안성시,호야2농장,닭,육계,30000.0,경기도 안성시 고삼면 윗갈미길 65,37.0722339201431,127.247408011186,2026-01-31,2025-12-16
경기도,안성시,호야농장,닭,육계,70000.0,경기도 안성시 고삼면 신창길 229-11,37.0695003671613,127.249805608975,2025-07-31,2025-12-16
경기도,안성시,효원농장,닭,육계,140000.0,경기도 안성시 미양면 협동단지길 158-68,36.9649308857627,127.238359672878,2025-07-31,2025-12-16
경기도,안성시,희영농장,오리,,7500.0,경기도 안성시 보개면 가래미길 92-6,37.0285895218817,127.328818420378,2026-02-26,2025-12-16
경기도,안성시,구오농장,닭,육계,55000.0,경기도 안성시 서운면 신동촌길 68-21,36.9661687822817,127.274694483757,2026-01-31,2025-12-24
경기도,안성시,금강농장,닭,육계,45000.0,경기도 안성시 원곡면 천덕산로 524,37.0878218516394,127.150373937057,2025-07-31,2025-12-24
경기도,안성시,농업회사법인 골드아이(유),닭,산란계,570960.0,경기도 안성시 일죽면 서동대로 7626-29,37.100979066167,127.488874059671,2025-08-31,2025-12-24
경기도,안성시,명근농장,닭,산란계,35000.0,경기도 안성시 양성면 양성로 519-65,37.0947210632019,127.203932145744,2026-02-26,2025-12-24
경기도,안성시,삼한농장,닭,육계,85000.0,경기도 안성시 양성면 정자말길 65-75,37.028271877241,127.210300299492,2026-01-31,2025-12-24
경기도,안성시,세진농장,닭,육계,35000.0,경기도 안성시 보개면 남사당로 340-56,37.0428475327318,127.314842350793,2026-02-26,2025-12-24
경기도,안성시,송숙농장,닭,육계,40000.0,경기도 안성시 대덕면 삼한리 499번지 1호,37.0570838464151,127.275814828924,2026-02-26,2025-12-24
경기도,안성시,수정농장,오리,,15000.0,경기도 안성시 일죽면 서동대로 7594-85,37.0987234296382,127.484707923353,2026-02-26,2025-12-24
경기도,안성시,안성마춤육계,닭,육계,40000.0,경기도 안성시 대덕면 안성맞춤대로 1594,37.053684456902,127.259277160973,2026-01-31,2025-12-24
경기도,안성시,완기농장,닭,산란계,46.0,경기도 안성시 양성면 삼암리 474번지 6호,37.0253850632433,127.204023000081,2025-08-31,2025-12-24
경기도,안성시,용성농장,오리,,6000.0,경기도 안성시 일죽면 일죽신흥로 172-35,37.1181594812976,127.475770158556,2025-08-31,2025-12-24
경기도,안성시,일죽 농장,닭,산란계,30000.0,경기도 안성시 일죽면 장암로 24-72,37.0807083126801,127.470079331079,2026-02-26,2025-12-24
경기도,안성시,정훈농장,닭,산란계,126000.0,경기도 안성시 서운면 사갑1길 245,36.9271803166707,127.240109728297,2026-02-26,2025-12-24
경기도,안성시,제일농장,닭,육계,30000.0,경기도 안성시 미양면 중앙배수1길 148-24,36.9770211832769,127.196490059876,2026-02-26,2025-12-24
경기도,안성시,준 농장,닭,육계,61400.0,경기도 안성시 미양면 서변1길 55-24,36.949497460325,127.236181023,2026-01-31,2025-12-24
경기도,안성시,지현농장,닭,산란계,300.0,경기도 안성시 금광면 구송동길 54,36.9973340479293,127.304892789259,2026-02-26,2025-12-24
경기도,안성시,팔봉농장,닭,육계,40000.0,경기도 안성시 일죽면 장암초교길 123-14,37.0756686540661,127.458808533036,2025-07-31,2025-12-24
경기도,안성시,한다리농장,닭,육계,71000.0,경기도 안성시 일죽면 한다리길 94-16,37.119119701737,127.417540947872,2026-01-31,2025-12-24
경기도,안성시,호야2농장,닭,육계,30000.0,경기도 안성시 고삼면 윗갈미길 65,37.0722339201431,127.247408011186,2026-01-31,2025-12-24
경기도,안성시,호야농장,닭,육계,70000.0,경기도 안성시 고삼면 신창길 229-11,37.0695003671613,127.249805608975,2025-07-31,2025-12-24
경기도,안성시,효원농장,닭,육계,140000.0,경기도 안성시 미양면 협동단지길 158-68,36.9649308857627,127.238359672878,2025-07-31,2025-12-24
경기도,안성시,희영농장,오리,,7500.0,경기도 안성시 보개면 가래미길 92-6,37.0285895218817,127.328818420378,2026-02-26,2025-12-24
경기도,양주시,경희농장,닭,육계,30000.0,경기도 양주시 백석읍 복지리 286번지 1호,37.7844278,126.9850479,2018-03-14,2017-01-11
경기도,양주시,곡산농장,닭,육계,70000.0,경기도 양주시 은현면 선암리 76번지 1호,37.8641056,127.0293491,2018-08-31,2017-01-11
경기도,양주시,관우농장,닭,육계,50000.0,경기도 양주시 백석읍 가업리 24번지 1호,37.791283,126.9793243,2018-08-31,2017-01-11
경기도,양주시,관우제2농장,닭,육계,20000.0,경기도 양주시 백석읍 가업리 235번지 1호,37.7887867,126.9760782,2018-04-30,2017-01-11
경기도,양주시,광승농장,닭,육계,100.0,경기도 양주시 남면 상수리 524번지,37.8676109,126.9795159,2018-04-30,2017-01-11
경기도,양주시,금성농장,닭,육계,81000.0,경기도 양주시 만송동 58번지 21호,37.7888405,127.0991752,2018-04-30,2018-03-18
경기도,양주시,금성농장,닭,산란계,40000.0,경기도 양주시 은현면 봉암리 84번지,37.8966862,127.0101582,2018-04-30,2017-01-11
경기도,양주시,나리농장,닭,육계,35000.0,경기도 양주시 은현면 하패리 686번지 1호,37.8905762,127.0239245,2018-04-30,2017-01-11
경기도,양주시,나사로농장,닭,육계,700.0,경기도 양주시 광적면 효촌리 425번지 3호,37.8866307,126.9536599,2018-04-30,2017-01-11
경기도,양주시,대연농장,닭,육계,33000.0,경기도 양주시 율정동 78번지 2호,37.8174494,127.1053452,2018-03-14,2018-03-18
경기도,양주시,대풍농장,닭,산란계,50.0,경기도 양주시 남면 경신리 243번지 1호,37.8527811,126.9776799,2018-04-30,2017-01-11
경기도,양주시,도하 2농장,닭,산란계,30000.0,경기도 양주시 은현면 도하리 250번지,37.8451436,127.0110734,2018-08-31,2017-01-11
경기도,양주시,도하농장,닭,산란계,40000.0,경기도 양주시 은현면 도하리 206번지,37.8460264,127.0119824,2018-04-30,2017-01-11
경기도,양주시,두꺼비농장,닭,육계,400.0,경기도 양주시 광사동 533번지 1호,37.7750423,127.0662634,2018-04-30,2018-03-18
경기도,양주시,두리농장,닭,산란계,20000.0,경기도 양주시 은현면 봉암리 42번지 2호,37.8913528,127.0075656,2018-04-30,2017-01-11
경기도,양주시,두영농장,닭,산란계,15000.0,경기도 양주시 은현면 봉암리 449번지,37.8942178,127.0059287,2018-03-14,2017-01-11
경기도,양주시,만송농장,닭,육계,30000.0,경기도 양주시 만송동 210번지,37.795674,127.0938138,2018-08-31,2018-03-18
경기도,양주시,무궁화농장,닭,산란계,70000.0,경기도 양주시 은현면 선암리 367번지,37.8762775,127.0282964,2018-04-30,2017-01-11
경기도,양주시,백산농장,닭,육계,15000.0,경기도 양주시 광적면 비암리 96번지,37.8022023,126.9332775,2018-08-31,2017-01-11
경기도,양주시,백석농장,닭,육계,40000.0,경기도 양주시 백석읍 오산리 211번지 2호,37.8054471,126.9858831,2018-08-31,2017-01-11
경기도,양주시,백석농장,닭,육계,28000.0,경기도 양주시 백석읍 방성리 123번지,37.8043941,126.9984307,2018-03-14,2017-01-11
경기도,양주시,부영농장,닭,산란계,60000.0,경기도 양주시 은현면 운암리 440번지 1호,37.8761629,127.0103721,2018-04-30,2017-01-11
경기도,양주시,살구골농장,닭,육계,500.0,경기도 양주시 은현면 도하리 623번지,37.8475312,126.9973487,2018-08-31,2017-01-11
경기도,양주시,삼형농장,닭,산란계,38000.0,경기도 양주시 남면 한산리 26번지 3호,37.9052452,127.0035755,2018-08-31,2017-01-11
경기도,양주시,서울농장,닭,산란계,39000.0,경기도 양주시 은현면 하패리 625번지,37.8826117,127.0254341,2018-08-31,2017-01-11
경기도,양주시,선암농장,닭,산란계,100000.0,경기도 양주시 은현면 선암리 366번지,37.8764669,127.0274326,2018-03-14,2017-01-11
경기도,양주시,선태제2농장,닭,육계,20000.0,경기도 양주시 백석읍 가업리 355번지 3호,37.7966147,126.9711024,2018-04-30,2017-01-11
경기도,양주시,성익목장,닭,육계,7844.0,경기도 양주시 봉양동 633번지,37.8528071,127.0744768,2018-03-14,2018-03-18
경기도,양주시,세바환경,닭,산란계,8000.0,경기도 양주시 남면 경신리 산 39번지,37.8682335,126.9848572,2018-08-31,2017-01-11
경기도,양주시,세인농장,닭,산란계,20000.0,경기도 양주시 은현면 도하리 655번지 2호 외 2번지,37.8431708,127.0008255,2018-08-31,2017-01-11
경기도,양주시,수원농장,닭,산란계,26000.0,경기도 양주시 은현면 봉암리 87번지,37.8970737,127.0086574,2018-04-30,2017-01-11
경기도,양주시,승천농장,닭,산란계,60000.0,경기도 양주시 은현면 봉암리 11번지,37.9014696,127.015764,2018-04-30,2017-01-11
경기도,양주시,신선 제2농장,닭,산란계,27000.0,경기도 양주시 은현면 하패리 888번지 5호,37.8904145,127.0212871,2018-08-31,2017-01-11
경기도,양주시,신춘추농장,닭,산란계,150000.0,경기도 양주시 백석읍 가업리 13번지 1호,37.7938149,126.9803226,2018-03-14,2017-01-11
경기도,양주시,쌍알농장,닭,산란계,20000.0,경기도 양주시 은현면 봉암리 62번지,37.8969926,127.0073159,2018-03-14,2017-01-11
경기도,양주시,씨알농장,닭,산란계,8000.0,경기도 양주시 백석읍 오산리 산 8번지,37.806411,126.9857012,2018-03-14,2017-01-11
경기도,양주시,아태농장,닭,산란계,80.0,경기도 양주시 광적면 우고리 332번지,37.8281712,126.959628,2018-08-31,2017-01-11
경기도,양주시,애정농장,닭,육계,25000.0,경기도 양주시 남면 입암리 229번지,37.8880822,126.9949357,2018-03-14,2017-01-11
경기도,양주시,양주바이오텍,닭,산란계,60000.0,경기도 양주시 은현면 도하리 691번지,37.8425037,126.9928502,2018-04-30,2017-01-11
경기도,양주시,양주육계농장,닭,육계,57000.0,경기도 양주시 남면 구암리 2번지 1호,37.8867746,126.9839888,2018-03-14,2017-01-11
경기도,양주시,에그콜,닭,산란계,80000.0,경기도 양주시 남면 한산리 578번지 2호,37.8928574,127.0032115,2018-04-30,2017-01-11
경기도,양주시,에그트리,닭,산란계,70000.0,경기도 양주시 광적면 석우리 6번지 3호,37.842026,126.9906576,2018-04-30,2017-01-11
경기도,양주시,영광농장,닭,산란계,21000.0,경기도 양주시 백석읍 가업리 346번지 1호,37.8013091,126.972656,2018-08-31,2017-01-11
경기도,양주시,영우농장,닭,산란계,25000.0,경기도 양주시 남면 경신리 293번지 3호,37.8591956,126.9766323,2018-03-14,2017-01-11
경기도,양주시,영훈목장,닭,육계,30050.0,경기도 양주시 은현면 운암리 386번지,37.8845506,127.0097364,2018-03-14,2017-01-11
경기도,양주시,영흥농장,닭,산란계,48000.0,경기도 양주시 남면 한산리 25번지 1호,37.9047407,127.0024611,2018-04-30,2017-01-11
경기도,양주시,영흥제1농장,닭,산란계,40000.0,경기도 양주시 회암동 161번지 1호,37.8483668,127.0980028,2018-04-30,2018-03-18
경기도,양주시,월암농장,닭,육계,50000.0,경기도 양주시 백석읍 오산리 704번지 1호,37.8057229,126.9695542,2018-03-14,2017-01-11
경기도,양주시,유천1농장,닭,산란계,65000.0,경기도 양주시 은현면 도하리 243번지,37.8448373,127.0105393,2018-04-30,2017-01-11
경기도,양주시,유한농장,닭,산란계,30000.0,경기도 양주시 은현면 용암리 850번지,37.8522497,127.0274814,2018-04-30,2017-01-11
경기도,양주시,은혜2농장,닭,육계,30000.0,경기도 양주시 은현면 하패리 243번지 1호,37.8821312,127.0376193,2018-08-31,2017-01-11
경기도,양주시,은혜농장,닭,육계,10000.0,경기도 양주시 은현면 운암리 516번지 2호,37.8644686,127.0120187,2018-04-30,2017-01-11
경기도,양주시,이강농장,닭,육계,30.0,경기도 양주시 광사동 182번지,37.7917319,127.0748947,2018-08-31,2018-03-18
경기도,양주시,이레농장,닭,산란계,35000.0,경기도 양주시 남면 한산리 517번지,37.9003528,126.99357,2018-04-30,2017-01-11
경기도,양주시,이천농장,닭,산란계,30000.0,경기도 양주시 백석읍 홍죽리 340번지 18호,37.7943969,126.9660737,2018-04-30,2017-01-11
경기도,양주시,장수축산농장,닭,산란계,60000.0,경기도 양주시 남면 경신리 206번지,37.8542229,126.9790429,2018-03-14,2017-01-11
경기도,양주시,정현농장,닭,육계,15000.0,경기도 양주시 은현면 하패리 1021번지,37.8914153,127.0155463,2018-04-30,2017-01-11
경기도,양주시,종인농장,닭,육계,20000.0,경기도 양주시 삼숭동 572번지 1호,37.8034761,127.0938461,2018-08-31,2018-03-18
경기도,양주시,주식회사 해원,닭,산란계,14000.0,경기도 양주시 백석읍 오산리 422번지 1호,37.8010315,126.9804339,2018-04-30,2017-01-11
경기도,양주시,준준농장,닭,육계,27000.0,경기도 양주시 은현면 선암리 342번지 32호,37.876576,127.0219883,2018-03-14,2017-01-11
경기도,양주시,진흥농장,닭,육계,45000.0,경기도 양주시 백석읍 복지리 188번지 2호,37.792114,126.9943216,2018-04-30,2017-01-11
경기도,양주시,춘추농장,닭,산란계,54000.0,경기도 양주시 백석읍 가업리 13번지 3호,37.7942564,126.9807425,2018-08-31,2017-01-11
경기도,양주시,태양농장,닭,산란계,67000.0,경기도 양주시 은현면 하패리 804번지 1호,37.8981895,127.0211526,2018-08-31,2017-01-11
경기도,양주시,평촌농장,닭,산란계,120.0,경기도 양주시 장흥면 일영리 317번지,37.7133798,126.9376362,2018-04-30,2017-03-07
경기도,양주시,한산농장,닭,산란계,28000.0,경기도 양주시 남면 신산리 141번지 2호,37.8947478,126.9837707,2018-03-14,2017-01-11
경기도,양주시,한영농장,닭,육계,25000.0,경기도 양주시 은현면 용암리 769번지,37.8480315,127.0348424,2018-08-31,2017-01-11
경기도,양주시,홍일농장,닭,육계,50000.0,경기도 양주시 백석읍 가업리 258번지,37.7884531,126.975102,2018-08-31,2017-01-11
경기도,양주시,훈종농장,닭,육계,18000.0,경기도 양주시 은현면 하패리 546번지,37.8885557,127.0345985,2018-08-31,2017-01-11
경기도,양주시,희철농장,닭,육계,17000.0,경기도 양주시 회암동 475번지,37.8471964,127.0850604,2018-04-30,2018-03-18
경기도,여주시,***,닭,토종닭,,경기도 여주시 강천면 걸은리 산144번지,37.2985535,127.7018556,2021-04-30,2020-12-07
경기도,여주시,***,닭,토종닭,7.0,경기도 여주시 가남읍 화평리 113-1번지,37.2430589,127.5650645,2021-04-30,2021-02-14
경기도,여주시,***,닭,토종닭,7.0,경기도 여주시 가남읍 대신리 447-1번지,37.190094,127.5262898,2021-04-30,2021-02-14
경기도,여주시,***,닭,토종닭,3.0,경기도 여주시 가남읍 안금리 58-2번지,37.2279496,127.6105084,2021-04-30,2021-02-14
경기도,여주시,***,닭,토종닭,25.0,경기도 여주시 가남읍 은봉리 595-2번지,37.1834231,127.5410974,2021-04-30,2021-02-14
경기도,여주시,***,닭,토종닭,10.0,경기도 여주시 가남읍 대신리 342-1번지,37.1885594,127.5310093,2021-04-30,2021-02-14
경기도,여주시,***,닭,토종닭,20.0,경기도 여주시 가남읍 정단리 277-5번지,37.2478921,127.5546749,2021-04-30,2021-02-14
경기도,여주시,***,닭,토종닭,18.0,경기도 여주시 가남읍 심석리 209-5번지,37.2015883,127.5624027,2021-04-30,2021-02-14
경기도,여주시,***,닭,토종닭,13.0,경기도 여주시 가남읍 본두리 447번지,37.2374442,127.5840004,2021-04-30,2021-02-14
경기도,여주시,***,닭,토종닭,5.0,경기도 여주시 가남읍 금당리 653번지,37.1979833,127.6066414,2021-04-30,2021-02-14
경기도,여주시,***,닭,토종닭,7.0,경기도 여주시 가남읍 삼군리 376-2번지,37.2203403,127.5601526,2021-04-30,2021-02-14
경기도,여주시,***,닭,토종닭,7.0,경기도 여주시 가남읍 오산리 280-1번지,37.24122,127.5595061,2021-04-30,2021-02-14
경기도,여주시,***,오리,,1.0,경기도 여주시 매룡동 91-1번지,37.2887195,127.6584726,2021-04-30,2020-12-29
경기도,여주시,***,닭,토종닭,8.0,경기도 여주시 가남읍 신해리 118-1번지,37.2242821,127.5475959,2021-04-30,2021-02-14
경기도,여주시,***,닭,토종닭,3.0,경기도 여주시 가남읍 심석리 산47번지,37.1960619,127.5630602,2021-04-30,2021-02-14
경기도,여주시,***,닭,토종닭,8.0,경기도 여주시 가남읍 본두리 404-17번지,37.237617,127.581838,2021-04-30,2021-02-14
경기도,여주시,***,닭,토종닭,7.0,경기도 여주시 가남읍 안금리 456-11번지,37.2268614,127.5976658,2021-04-30,2021-02-14
경기도,여주시,***,닭,토종닭,2.0,경기도 여주시 가남읍 삼승리 191-3번지,37.1729262,127.6341971,2021-04-30,2021-02-23
경기도,여주시,***,닭,토종닭,9.0,경기도 여주시 연라동 244-1번지,37.2716402,127.599833,2021-04-30,2021-02-14
경기도,여주시,***,닭,토종닭,10.0,경기도 여주시 가업동 45번지,37.2786049,127.6157187,2021-04-30,2021-02-14
경기도,여주시,***,닭,토종닭,4.0,경기도 여주시 교동 272-3번지,37.2904677,127.6267538,2021-04-30,2020-12-29
경기도,여주시,***,닭,토종닭,15.0,경기도 여주시 가남읍 양귀리 201-5번지,37.2136122,127.5876479,2021-04-30,2021-02-14
경기도,여주시,***,닭,토종닭,6.0,경기도 여주시 가남읍 금당리 655-2번지,37.1970334,127.6073884,2021-04-30,2021-02-14
경기도,여주시,***,닭,토종닭,10.0,경기도 여주시 가남읍 금당리 602-6번지,37.2016169,127.600813,2021-04-30,2021-02-14
경기도,여주시,***,닭,토종닭,4.0,경기도 여주시 가남읍 삼군리 364-7번지,37.2211104,127.5611497,2021-04-30,2021-02-14
경기도,여주시,***,닭,토종닭,2.0,경기도 여주시 가남읍 은봉리 산103-1번지,37.1782566,127.5555981,2021-04-30,2021-02-23
경기도,여주시,***,닭,토종닭,15.0,경기도 여주시 가남읍 신해리 112-1번지,37.2233955,127.548367,2021-04-30,2021-02-14
경기도,여주시,***,닭,토종닭,14.0,경기도 여주시 가남읍 금당리 685번지,37.1970636,127.6067579,2021-04-30,2021-02-14
경기도,여주시,***,닭,토종닭,14.0,경기도 여주시 가남읍 심석리 9-3번지,37.1974244,127.5702338,2021-04-30,2021-02-14
경기도,여주시,***,닭,토종닭,15.0,경기도 여주시 흥천면 대당리 112번지,37.3229618,127.5435914,2021-04-30,2021-02-14
경기도,여주시,***,닭,토종닭,18.0,경기도 여주시 흥천면 신근리 915번지,37.298827,127.5545843,2021-04-30,2021-02-14
경기도,여주시,***,닭,토종닭,8.0,경기도 여주시 흥천면 하다리 83번지,37.3429018,127.5294475,2021-04-30,2021-02-14
경기도,여주시,***,닭,토종닭,27.0,경기도 여주시 흥천면 복대리 341-1번지,37.3645951,127.5301183,2021-04-30,2021-02-14
경기도,여주시,***,닭,토종닭,10.0,경기도 여주시 대신면 천남리 324-3번지,37.3307673,127.6220771,2021-04-30,2020-12-29
경기도,여주시,***,닭,토종닭,13.0,경기도 여주시 대신면 천서리 109-3번지,37.3973976,127.5621384,2021-04-30,2020-12-07
경기도,여주시,***,닭,토종닭,5.0,경기도 여주시 매룡동 253-4번지,37.282025,127.6519196,2021-04-30,2020-12-29
경기도,여주시,***,닭,토종닭,10.0,경기도 여주시 북내면 석우리 87-2번지,37.3892912,127.691439,2021-04-30,2020-12-07
경기도,여주시,***,닭,토종닭,10.0,경기도 여주시 북내면 중암리 426-1번지,37.35074,127.7138735,2021-04-30,2020-12-07
경기도,여주시,***,닭,토종닭,15.0,경기도 여주시 산북면 상품리 586-5번지,37.3971484,127.4295429,2021-04-30,2021-02-14
경기도,여주시,***,닭,토종닭,11.0,경기도 여주시 우만동 90-1번지,37.2568034,127.6796919,2021-04-30,2020-12-22
경기도,여주시,***,닭,토종닭,11.0,경기도 여주시 능현동 334-9번지,37.2702236,127.6581318,2021-04-30,2020-12-29
경기도,여주시,***,닭,토종닭,2.0,경기도 여주시 점봉동 389-1번지,37.2607799,127.6468336,2021-04-30,2021-01-22
경기도,여주시,***,닭,토종닭,5.0,경기도 여주시 점봉동 77-4번지,37.2561089,127.6541094,2021-04-30,2021-01-22
경기도,여주시,***,닭,토종닭,20.0,경기도 여주시 연양동 190-3번지,37.2833274,127.6672776,2021-04-30,2020-12-29
경기도,여주시,***,닭,토종닭,4.0,경기도 여주시 멱곡동 302번지,37.2561646,127.6651903,2021-04-30,2020-12-29
경기도,여주시,***,닭,토종닭,11.0,경기도 여주시 삼교동 472-1번지,37.2421123,127.6482188,2021-04-30,2021-01-22
경기도,여주시,***,닭,토종닭,36.0,경기도 여주시 강천면 강천리 487번지,37.2378339,127.7125526,2021-04-30,2020-12-22
경기도,여주시,***,닭,토종닭,19.0,경기도 여주시 강천면 적금리 144-2번지,37.2549186,127.7077757,2021-04-30,2020-12-22
경기도,여주시,***,닭,토종닭,25.0,경기도 여주시 강천면 도전리 459-1번지,37.3552099,127.7402139,2021-04-30,2020-12-07
경기도,여주시,***,닭,토종닭,3.0,경기도 여주시 흥천면 신근리 312-1번지,37.3099069,127.5531988,2021-04-30,2021-02-14
경기도,여주시,***,닭,토종닭,26.0,경기도 여주시 가남읍 삼군리 66번지,37.2317261,127.5569798,2021-04-30,2021-02-14
경기도,여주시,***,닭,토종닭,8.0,경기도 여주시 가남읍 안금리 99-1번지,37.228697,127.6052861,2021-04-30,2021-02-14
경기도,여주시,***,닭,토종닭,5.0,경기도 여주시 가남읍 태평리 329번지,37.2061964,127.5381726,2021-04-30,2021-02-14
경기도,여주시,***,닭,토종닭,3.0,경기도 여주시 가남읍 건장리 74-9번지,37.1888977,127.5497856,2021-04-30,2021-02-14
경기도,여주시,***,닭,토종닭,3.0,경기도 여주시 가남읍 대신리 229-6번지,37.1769773,127.5338676,2021-04-30,2021-02-14
경기도,여주시,***,닭,토종닭,11.0,경기도 여주시 가남읍 본두리 446번지,37.2377236,127.58398,2021-04-30,2021-02-14
경기도,여주시,***,닭,토종닭,18.0,경기도 여주시 가남읍 양귀리 479번지,37.2079223,127.5903639,2021-04-30,2021-02-14
경기도,여주시,***,닭,토종닭,1.0,경기도 여주시 가남읍 건장리 86-1번지,37.1901483,127.5482291,2021-04-30,2021-02-14
경기도,여주시,***,닭,토종닭,18.0,경기도 여주시 가남읍 금당리 127-2번지,37.2027811,127.62495,2021-04-30,2021-01-27
경기도,여주시,***,닭,토종닭,5.0,경기도 여주시 흥천면 신근리 996번지,37.301301,127.5515345,2021-04-30,2021-02-14
경기도,여주시,***,닭,토종닭,7.0,경기도 여주시 흥천면 율극리 131-1번지,37.3330216,127.5695819,2021-04-30,2021-02-14
경기도,여주시,***,닭,토종닭,24.0,경기도 여주시 연라동 1-13번지,37.2501709,127.6188021,2021-04-30,2021-02-14
경기도,여주시,***,닭,토종닭,20.0,경기도 여주시 교동 220번지,37.2870532,127.6266918,2021-04-30,2020-12-29
경기도,여주시,***,닭,토종닭,12.0,경기도 여주시 교동 295번지,37.2881917,127.6260809,2021-04-30,2020-12-29
경기도,여주시,***,닭,토종닭,10.0,경기도 여주시 교동 273-4번지,37.2901638,127.6262776,2021-04-30,2020-12-29
경기도,여주시,***,닭,토종닭,7.0,경기도 여주시 가업동 129번지,37.2710235,127.6216665,2021-04-30,2021-02-14
경기도,여주시,***,닭,토종닭,9.0,경기도 여주시 가업동 49-44번지,37.276806,127.6168655,2021-04-30,2021-02-14
경기도,여주시,***,닭,토종닭,30.0,경기도 여주시 가업동 72-4번지,37.2730007,127.6191684,2021-04-30,2021-02-14
경기도,여주시,***,닭,토종닭,11.0,경기도 여주시 가업동 49-1번지,37.2777777,127.615385,2021-04-30,2021-02-14
경기도,여주시,***,닭,토종닭,30.0,경기도 여주시 상동 485-5번지,37.288223,127.648804,2021-04-30,2020-12-29
경기도,여주시,***,닭,토종닭,23.0,경기도 여주시 가남읍 태평리 414-2번지,37.2021737,127.5370966,2021-04-30,2021-02-14
경기도,여주시,***,닭,토종닭,11.0,경기도 여주시 가남읍 본두리 405-2번지,37.2382822,127.5821473,2021-04-30,2021-02-14
경기도,여주시,***,닭,토종닭,1.0,경기도 여주시 가남읍 연대리 산17번지,37.1930941,127.6095082,2021-04-30,2021-02-02
경기도,여주시,***,닭,토종닭,4.0,경기도 여주시 가남읍 정단리 304-3번지,37.247779,127.5557561,2021-04-30,2021-02-14
경기도,여주시,***,닭,토종닭,10.0,경기도 여주시 가남읍 안금리 77-1번지,37.2295557,127.6118059,2021-04-30,2021-02-14
경기도,여주시,경진농장,닭,육계,50000.0,경기도 여주시 북내면 석우리 13-3번지,37.3876774,127.6900692,2020-07-31,2020-12-07
경기도,여주시,기민농장,닭,육계,23000.0,경기도 여주시 대신면 초현리 111번지,37.3830695,127.6030298,2020-06-30,2020-12-07
경기도,여주시,농업회사법인조인주식회사,닭,산란계,388000.0,경기도 여주시 가남읍 하귀리 2-2번지,37.2176663,127.5785647,2021-04-30,2021-02-14
경기도,여주시,누리농장,닭,육계,,경기도 여주시 북내면 장암리268,37.3391282,127.6859931,2020-06-30,2020-12-07
경기도,여주시,다산농장,닭,산란계,1800.0,경기도 여주시 강천면 이호리 380번지,37.2922204,127.686268,2021-04-30,2020-12-07
경기도,여주시,대한농장,닭,종계,12000.0,경기도 여주시 흥천면 대당리 66번지,37.316657,127.543095,2021-04-30,2021-02-14
경기도,여주시,명성농장,닭,육계,,경기도 여주시 대신면 상구리 94번지,37.3849273,127.640577,2020-07-31,2020-12-07
경기도,여주시,불노농장,닭,육계,30000.0,경기도 여주시 신진동 63-2,37.2770005,127.6691951,2021-04-30,2020-12-29
경기도,여주시,상활농장,닭,육계,44000.0,경기도 여주시 가남읍 신해리 498-5,37.232695,127.5342919,2020-07-31,2020-12-09
경기도,여주시,성산농장,닭,육계,57000.0,경기도 여주시 능서면 마래리 산 18번지 1호,37.2714134,127.5651738,2020-06-30,2020-12-09
경기도,여주시,솔미농장,닭,육계,30000.0,경기도 여주시 대신면 초현리 381,37.3685964,127.5982748,2020-06-30,2020-12-07
경기도,여주시,아리농장,오리,,10000.0,경기도 여주시 가남읍 신해리 219-5번지,37.2332236,127.5429274,2020-11-30,2020-12-09
경기도,여주시,알로1농장,메추리,,170000.0,경기도 여주시 능서면 오계1리336-2,37.2651907,127.5922853,2020-07-31,2020-12-09
경기도,여주시,양계농장,닭,산란계,63000.0,경기도 여주시 매룡동 161-5번지,37.2819657,127.6594176,2020-07-31,2020-12-29
경기도,여주시,여주자영농고,닭,산란계,,경기도 여주시 능서면 왕대리 산136-72번지,37.2939123,127.6106438,2021-04-30,2021-02-14
경기도,여주시,왕실토종닭농장,닭,산란계,2000.0,경기도 여주시 가남읍 안금리 634번지 2호,37.2247565,127.5879255,2021-04-30,2021-02-14
경기도,여주시,왕터청계농원,닭,토종닭,150.0,경기도 여주시 능서면 왕대리 45번지,37.3184337,127.5972471,2020-11-30,2020-12-29
경기도,여주시,요엘농장,메추리,,50000.0,경기도 여주시 산북면 상품리 321-1번지,37.3952318,127.4362965,2020-06-30,2021-02-14
경기도,여주시,우리농장,닭,산란계,,경기도 여주시 대신면 옥촌리 324번지,37.3963165,127.620075,2021-04-30,2020-12-07
경기도,여주시,우리농장,오리,,5000.0,경기도 여주시 오금동 157,37.3438266,127.6532749,2021-04-30,2020-12-07
경기도,여주시,율극농장,닭,산란계,100000.0,경기도 여주시 흥천면 율극리 262-1번지,37.3402402,127.5673679,2021-04-30,2021-02-14
경기도,여주시,은혜농장,메추리,,150000.0,경기도 여주시 산북면 상품리445-1,37.3923669,127.4386514,2020-06-30,2021-02-14
경기도,여주시,이**농장,닭,육계,30000.0,경기도 여주시 북내면 운촌리 623-18번지,37.3319392,127.7058205,2020-06-30,2020-12-07
경기도,여주시,장**농장,닭,육계,,경기도 여주시 능서면 매류리 178번지 1호,37.2815797,127.5683616,2020-07-31,2020-12-09
경기도,여주시,정훈양계장,닭,육계,33000.0,경기도 여주시 현암동 110번지,37.3173295,127.6414382,2020-11-30,2020-12-29
경기도,여주시,중앙농원,닭,종계,57000.0,경기도 여주시 북내면 운촌리 482-1번지,37.3304117,127.7081532,2021-04-30,2020-12-07
경기도,여주시,창대메추리농장,메추리,,50000.0,경기도 여주시 능서면 매류1리94,37.2791614,127.572865,2020-11-30,2020-12-09
경기도,여주시,청운농장,닭,육계,31000.0,경기도 여주시 흥천면 율극리 237-2번지,37.3266555,127.5649533,2020-06-30,2020-12-07
경기도,여주시,태린농장,닭,종계,57000.0,경기도 여주시 능서면 광대리 산15-4번지,37.2716901,127.5695052,2021-04-30,2021-02-14
경기도,여주시,햇빛농장,오리,,10000.0,경기도 여주시 가남읍 정단리 584번지,37.2364137,127.5506695,2020-07-31,2020-12-09
경기도,여주시,행복짓는 농장,닭,산란계,3000.0,경기도 여주시 점동면 처리289,37.2293643,127.6754915,2020-11-30,2020-12-22
경기도,여주시,후포농장,닭,육계,56000.0,경기도 여주시 대신면 후포리 223번지,37.3658767,127.6174098,2020-07-31,2020-12-07
경기도,여주시,***,닭,토종닭,,경기도 여주시 강천면 걸은리 산144번지,37.2985535,127.7018556,2021-04-30,2020-12-09
경기도,여주시,***,닭,토종닭,10.0,경기도 여주시 북내면 중암리 426-1번지,37.35074,127.7138735,2021-04-30,2020-12-09
경기도,여주시,***,닭,토종닭,25.0,경기도 여주시 강천면 도전리 459-1번지,37.3552099,127.7402139,2021-04-30,2020-12-09
경기도,여주시,누리농장,닭,육계,,경기도 여주시 북내면 장암리268,37.3391282,127.6859931,2020-06-30,2020-12-09
경기도,여주시,다산농장,닭,산란계,1800.0,경기도 여주시 강천면 이호리 380번지,37.2922204,127.686268,2021-04-30,2020-12-09
경기도,여주시,이**농장,닭,육계,30000.0,경기도 여주시 북내면 운촌리 623-18번지,37.3319392,127.7058205,2020-06-30,2020-12-09
경기도,여주시,중앙농원,닭,종계,57000.0,경기도 여주시 북내면 운촌리 482-1번지,37.3304117,127.7081532,2021-04-30,2020-12-09
경기도,여주시,***,닭,토종닭,,경기도 여주시 강천면 걸은리 산144번지,37.2985535,127.7018556,2021-04-30,2020-12-22
경기도,여주시,***,닭,토종닭,10.0,경기도 여주시 북내면 중암리 426-1번지,37.35074,127.7138735,2021-04-30,2020-12-22
경기도,여주시,***,닭,토종닭,25.0,경기도 여주시 강천면 도전리 459-1번지,37.3552099,127.7402139,2021-04-30,2020-12-22
경기도,여주시,누리농장,닭,육계,,경기도 여주시 북내면 장암리268,37.3391282,127.6859931,2020-06-30,2020-12-22
경기도,여주시,다산농장,닭,산란계,1800.0,경기도 여주시 강천면 이호리 380번지,37.2922204,127.686268,2021-04-30,2020-12-22
경기도,여주시,이**농장,닭,육계,30000.0,경기도 여주시 북내면 운촌리 623-18번지,37.3319392,127.7058205,2020-06-30,2020-12-22
경기도,여주시,중앙농원,닭,종계,57000.0,경기도 여주시 북내면 운촌리 482-1번지,37.3304117,127.7081532,2021-04-30,2020-12-22
경기도,여주시,***,닭,토종닭,,경기도 여주시 강천면 걸은리 산144번지,37.2985535,127.7018556,2021-04-30,2020-12-29
경기도,여주시,***,닭,토종닭,10.0,경기도 여주시 북내면 중암리 426-1번지,37.35074,127.7138735,2021-04-30,2020-12-29
경기도,여주시,***,닭,토종닭,25.0,경기도 여주시 강천면 도전리 459-1번지,37.3552099,127.7402139,2021-04-30,2020-12-29
경기도,여주시,누리농장,닭,육계,,경기도 여주시 북내면 장암리268,37.3391282,127.6859931,2020-06-30,2020-12-29
경기도,여주시,다산농장,닭,산란계,1800.0,경기도 여주시 강천면 이호리 380번지,37.2922204,127.686268,2021-04-30,2020-12-29
경기도,여주시,이**농장,닭,육계,30000.0,경기도 여주시 북내면 운촌리 623-18번지,37.3319392,127.7058205,2020-06-30,2020-12-29
경기도,여주시,중앙농원,닭,종계,57000.0,경기도 여주시 북내면 운촌리 482-1번지,37.3304117,127.7081532,2021-04-30,2020-12-29
경기도,여주시,김영오농장,닭,육계,30000.0,경기도 여주시 북내면 신남리 18,37.3307934365,127.6704949024,2025-04-30,2025-01-04
경기도,여주시,남산농장,닭,육계,15000.0,경기도 여주시 흥천면 하다리 112,37.3427558061,127.533542191,2025-04-30,2025-01-04
경기도,여주시,농업회사법인 세양(주) 누리지점,닭,산란계,389587.0,경기도 여주시 가남읍 하귀리 2,37.2176923552,127.5784249716,2025-05-31,2021-02-14
경기도,여주시,농업회사법인 유한회사 함일,닭,산란계,260000.0,경기도 여주시 세종대왕면 마래리 449,37.2591119335,127.5634577304,2025-05-31,2025-01-04
경기도,여주시,농업회사법인 주식회사 닭터,닭,산란계,100000.0,경기도 여주시 흥천면 율극리 294,37.3357844151,127.564176924,2025-04-30,2025-01-04
경기도,여주시,누리농장,닭,육계,72160.0,경기도 여주시 북내면 장암리 268,37.3393596682,127.686420934,2025-04-30,2024-12-26
경기도,여주시,다산농장,닭,산란계,200.0,경기도 여주시 강천면 이호리 384,37.2917575953,127.6860890555,2025-04-30,2024-12-26
경기도,여주시,대복농장,닭,산란계,25000.0,경기도 여주시 세종대왕면 용은리 466,37.2883569747,127.5349762909,2025-05-31,2025-01-04
경기도,여주시,도리양계장,닭,육계,40000.0,경기도 여주시 점동면 도리 293,37.2160152081,127.6957198287,2025-05-31,2020-12-22
경기도,여주시,민주농장,닭,육계,75000.0,경기도 여주시 흥천면 복대리 96,37.3568327565,127.54215293,2025-04-30,2025-01-04
경기도,여주시,부용농장,닭,육계,50000.0,경기도 여주시 연라동 100,37.2645445896,127.6150147855,2025-04-30,2025-01-04
경기도,여주시,상대농장,닭,육계,90000.0,경기도 여주시 흥천면 상대리 332,37.3453834973,127.505103223,2025-04-30,2025-01-04
경기도,여주시,상활농장,닭,육계,45000.0,경기도 여주시 가남읍 신해리 498,37.2328659138,127.5346997072,2025-05-31,2021-02-14
경기도,여주시,솔미농장,닭,육계,6000.0,경기도 여주시 대신면 초현리 382,37.3684460574,127.597442096,2025-05-31,2025-01-04
경기도,여주시,승화축산,닭,산란계,100000.0,경기도 여주시 흥천면 다대리 474,37.3388824446,127.5224769784,2025-05-31,2025-01-04
경기도,여주시,실로암농장,메추리,,85000.0,경기도 여주시 대신면 천서리 51,37.4041468819,127.5616928953,2025-04-30,2025-01-04
경기도,여주시,알로1농장,메추리,,160000.0,경기도 여주시 세종대왕면 오계리 336,37.2650692262,127.5923463148,2025-04-30,2025-01-04
경기도,여주시,여주서진농장,닭,육계,7000.0,경기도 여주시 강천면 가야리 66,37.2648024553,127.7044851079,2025-05-31,2024-12-26
경기도,여주시,여주자영농업고등학교,닭,산란계,30000.0,경기도 여주시 세종대왕면 왕대리 산 136,37.2920988094,127.6070914309,2025-04-30,2025-01-04
경기도,여주시,우솔농장,닭,산란계,17000.0,경기도 여주시 흥천면 상대리 69,37.349132405,127.515265206,2025-05-31,2025-01-04
경기도,여주시,원농장,닭,육계,40000.0,경기도 여주시 대신면 장풍리 594,37.3727053785,127.6123787192,2025-05-31,2025-01-04
경기도,여주시,유성농장,메추리,,100000.0,경기도 여주시 대신면 송촌리 198,37.3979018812,127.5746015276,2025-05-31,2025-01-04
경기도,여주시,율극농장,닭,산란계,200000.0,경기도 여주시 흥천면 율극리 264,37.3403353633,127.5661338783,2025-04-30,2025-01-04
경기도,여주시,이항모농장,닭,육계,40000.0,경기도 여주시 강천면 가야리 산 41,37.2611345885,127.6932539368,2025-04-30,2020-12-22
경기도,여주시,장호농장,닭,육계,25000.0,경기도 여주시 강천면 도전리 558,37.3487898086,127.7404817198,2025-04-30,2024-12-26
경기도,여주시,정원농장,닭,육계,45000.0,경기도 여주시 가남읍 은봉리 274,37.1805851717,127.5554496825,2025-05-31,2021-02-23
경기도,여주시,제일농장,메추리,,50000.0,경기도 여주시 대신면 후포리 156,37.3681020366,127.6187979377,2025-05-31,2025-01-04
경기도,여주시,조현농장,닭,육계,130000.0,경기도 여주시 대신면 무촌리 431,37.3934518377,127.5838949199,2025-04-30,2025-01-04
경기도,여주시,중앙농원,닭,육계,45000.0,경기도 여주시 북내면 운촌리 482,37.3305439701,127.708105993,2025-05-31,2024-12-26
경기도,여주시,창대메추리농장,메추리,,50000.0,경기도 여주시 세종대왕면 매류리 94,37.2791615535,127.5728424706,2025-05-31,2025-01-04
경기도,여주시,털보농장,닭,육계,30000.0,경기도 여주시 대신면 송촌리 172,37.4000273031,127.5774621394,2025-04-30,2025-01-04
경기도,여주시,누리농장,닭,육계,72160.0,경기도 여주시 북내면 장암리 268,37.3393596682,127.686420934,2025-04-30,2025-01-04
경기도,여주시,다산농장,닭,산란계,200.0,경기도 여주시 강천면 이호리 384,37.2917575953,127.6860890555,2025-04-30,2025-01-04
경기도,여주시,여주서진농장,닭,육계,7000.0,경기도 여주시 강천면 가야리 66,37.2648024553,127.7044851079,2025-05-31,2025-01-04
경기도,여주시,장호농장,닭,육계,25000.0,경기도 여주시 강천면 도전리 558,37.3487898086,127.7404817198,2025-04-30,2025-01-04
경기도,여주시,중앙농원,닭,육계,45000.0,경기도 여주시 북내면 운촌리 482,37.3305439701,127.708105993,2025-05-31,2025-01-04
경기도,용인시,계성농장,닭,육계,55000.0,경기도 용인시 처인구 백암면 백암리 72번지,37.1776169,127.3784438,2020-06-30,2020-12-23
경기도,용인시,금수농장,닭,육계,41000.0,경기도 용인시 처인구 이동읍 시미리 86-1번지,37.1618931,127.2101572,2020-11-30,2020-12-23
경기도,용인시,놀부농장,닭,육계,35000.0,경기도 용인시 처인구 백암면 용천리 382-3번지,37.1297304,127.3714775,2021-04-30,2021-02-01
경기도,용인시,늘푸른유정란농장,닭,산란계,20000.0,경기도 용인시 처인구 남사면 봉명리 617번지,37.1176494,127.1194719,2020-06-30,2022-02-08
경기도,용인시,도승농장,닭,육계,59500.0,경기도 용인시 처인구 백암면 박곡리 288-1번지,37.1637807,127.3967153,2020-07-31,2020-12-23
경기도,용인시,뿌리농장,닭,육계,50000.0,경기도 용인시 처인구 백암면 박곡리 175번지,37.170839,127.3984746,2020-06-30,2020-12-23
경기도,용인시,삼원농장,닭,육계,25000.0,경기도 용인시 처인구 백암면 고안리 531-2번지,37.135124,127.4084737,2020-11-30,2021-01-19
경기도,용인시,새한농원,닭,육계,50000.0,경기도 용인시 처인구 백암면 가창리 185-1번지,37.1967789,127.3678835,2020-11-30,2020-12-23
경기도,용인시,새한농원,닭,육계,50000.0,경기도 용인시 처인구 백암면 가창리 185-1번지 홍성산업,37.1967789,127.3678835,2020-11-30,2020-12-23
경기도,용인시,선진농장,닭,산란계,15000.0,경기도 용인시 처인구 남사면 봉명리 617번지,37.1176494,127.1194719,2020-06-30,2022-02-08
경기도,용인시,설해농장,닭,육계,42000.0,경기도 용인시 처인구 원삼면 미평리 77-1번지,37.1819738,127.3280266,2020-06-30,2020-12-23
경기도,용인시,세례농장,닭,산란계,109800.0,경기도 용인시 처인구 백암면 석천리 170번지,37.1082622,127.3788886,2020-11-30,2020-12-23
경기도,용인시,세례유정란농장,닭,산란계,13500.0,경기도 용인시 처인구 원삼면 문촌리 367번지 외1필지,37.1662255,127.2888684,2021-04-30,2020-12-23
경기도,용인시,스마일농장,닭,육계,57473.0,경기도 용인시 처인구 이동읍 서리 859번지,37.2138327,127.1610446,2020-11-30,2020-12-23
경기도,용인시,싱글벙글농장,닭,육계,85000.0,경기도 용인시 처인구 이동읍 서리 862번지,37.2142723,127.1624312,2020-11-30,2020-12-23
경기도,용인시,양지단비사슴농장,닭,육계,80.0,경기도 용인시 처인구 양지면 평창리 552-2번지,37.2219678,127.3191394,2020-11-30,2020-12-23
경기도,용인시,우진양계장,닭,육계,40000.0,경기도 용인시 처인구 남사면 창리 559번지,37.1385079,127.1723787,2020-11-30,2020-12-23
경기도,용인시,재영농장,닭,산란계,8000.0,경기도 용인시 처인구 포곡읍 삼계리 217-3번지,37.2921828,127.2296747,2021-04-30,2020-12-23
경기도,용인시,천하축산,닭,육계,15000.0,경기도 용인시 처인구 백암면 박곡리 288-2번지,37.1629527,127.3964408,2020-07-31,2020-12-23
경기도,용인시,한창농장,닭,육계,54000.0,경기도 용인시 처인구 백암면 근삼리 227-2번지,37.1434265,127.3771716,2020-07-31,2020-12-23
경기도,용인시,혜민농장,닭,육계,27000.0,경기도 용인시 처인구 백암면 가좌리 356-5번지,37.1784232,127.341085,2020-06-30,2020-12-23
경기도,용인시,대부농장,닭,육계,50000.0,경기도 용인시 처인구 이동읍 묘봉리 326번지,37.1313939,127.2291828,2021-06-30,2020-12-23
경기도,용인시,스마일농장,닭,육계,57473.0,경기도 용인시 처인구 이동읍 서리 859번지,37.2138327,127.1610446,2020-11-30,2021-01-19
경기도,용인시,싱글벙글농장,닭,육계,85000.0,경기도 용인시 처인구 이동읍 서리 862번지,37.2142723,127.1624312,2020-11-30,2021-01-19
경기도,용인시,용인농장,닭,육계,40000.0,경기도 용인시 처인구 백암면 고안리 589번지,37.1393986,127.4126608,2021-06-30,2021-02-01
경기도,용인시,우진양계장,닭,육계,40000.0,경기도 용인시 처인구 남사면 창리 559번지,37.1385079,127.1723787,2020-11-30,2021-01-19
경기도,용인시,재영농장,닭,산란계,8000.0,경기도 용인시 처인구 포곡읍 삼계리 217-3번지,37.2921828,127.2296747,2021-04-30,2021-01-19
경기도,용인시,황새울농장,닭,육계,50000.0,경기도 용인시 처인구 남사면 창리 549번지,37.1390661,127.1727401,2021-06-30,2021-01-19
경기도,이천시,계림농장,닭,산란계,41700.0,경기도 이천시 백사면 도립리 261번지,37.340612344,127.4737744414,2020-11-30,2021-02-14
경기도,이천시,농업회사법인(주)에버그린팜,닭,육계,61800.0,경기도 이천시 설성면 제요리 437-1번지,37.1211548205,127.5548884906,2021-04-30,2021-02-23
경기도,이천시,늘푸른농장,닭,산란계,83000.0,경기도 이천시 율면 본죽리 115-1번지,37.0738483826,127.5274722033,2021-04-30,2021-02-23
경기도,이천시,대인농장,닭,산란계,30000.0,경기도 이천시 부발읍 가산리 427-38번지,37.2509801686,127.5042736902,2021-04-30,2021-02-14
경기도,이천시,대풍농장,메추리,,160000.0,경기도 이천시 장호원읍 선읍리 748번지,37.139443185,127.5742118629,2021-06-30,2021-02-23
경기도,이천시,대흥농장,닭,육계,82000.0,경기도 이천시 대월면 대흥리 182,37.2291196749,127.4813659401,2021-04-30,2021-02-14
경기도,이천시,도춘농장,닭,육계,10000.0,경기도 이천시 장호원읍 어석리 산18번지,37.088574135,127.6008295685,2020-07-31,2020-12-23
경기도,이천시,명성농장,닭,육계,65000.0,경기도 이천시 호법면 동산리 527-2번지,37.1938655934,127.4058250366,2021-04-30,2021-01-19
경기도,이천시,미래농장,닭,육계,10000.0,경기도 이천시 장호원읍 대서리 543-1,37.1159030541,127.5656567713,2020-11-30,2020-12-09
경기도,이천시,미래양계장,닭,육계,30000.0,경기도 이천시 설성면 제요리 713-10번지,37.1180758976,127.5455659639,2020-07-31,2020-12-09
경기도,이천시,부일농장,닭,산란계,22140.0,경기도 이천시 장호원읍 와현리 52-5번지,37.1683907081,127.6059141372,2020-07-31,2020-12-09
경기도,이천시,산성농장,닭,육계,30000.0,경기도 이천시 율면 산성리 178번지 3호,37.0515265612,127.5533737813,2020-11-30,2020-12-08
경기도,이천시,상봉농장,닭,종계,16200.0,경기도 이천시 설성면 상봉리 481-1번지,37.15795454,127.4987724375,2020-07-31,2020-12-09
경기도,이천시,상진농장,닭,종계,20550.0,경기도 이천시 장호원읍 선읍리 481-2번지,37.1358800684,127.578104011,2021-06-30,2021-02-23
경기도,이천시,서울종계장,닭,종계,23350.0,경기도 이천시 장호원읍 와현리 417번지 20호,37.1460471774,127.6029214494,2021-06-30,2021-02-23
경기도,이천시,선미농장,닭,육계,33000.0,경기도 이천시 설성면 수산리 275-1,37.1497876838,127.4993919303,2020-11-30,2020-12-09
경기도,이천시,설성양계,닭,산란계,104000.0,경기도 이천시 설성면 장천리 188번지,37.1408032934,127.5384634155,2021-04-30,2021-02-23
경기도,이천시,성대농장,오리,,6000.0,경기도 이천시 대월면 대대리 242번지,37.2159412653,127.4826202551,2020-11-30,2020-12-09
경기도,이천시,성재농장,오리,,10000.0,경기도 이천시 모가면 원두리 165-1번지,37.1839557666,127.4667760773,2021-06-30,2021-02-14
경기도,이천시,성지농장,닭,육계,42000.0,경기도 이천시 백사면 송말리 468번지,37.3441984745,127.4680604183,2020-07-31,2021-02-14
경기도,이천시,솔잎농장,오리,,22000.0,경기도 이천시 마장면 이치리 172-6번지,37.2626326004,127.3750862056,2020-11-30,2022-11-27
경기도,이천시,송이농장(2),닭,육계,16200.0,경기도 이천시 백사면 신대리 586번지,37.3204599012,127.4532738401,2021-04-30,2021-02-14
경기도,이천시,송정농장,닭,육계,33000.0,경기도 이천시 송정동 39번지,37.2993471123,127.4482206738,2021-04-30,2021-02-14
경기도,이천시,수광농장,닭,육계,200.0,경기도 이천시 백사면 현방리 393-1번지,37.3343324156,127.4943218672,2020-07-31,2021-02-14
경기도,이천시,신화농장,닭,육계,40000.0,경기도 이천시 신둔면 수하리 309번지,37.3161584137,127.4170262737,2020-11-30,2021-02-14
경기도,이천시,연암종계,닭,종계,12200.0,경기도 이천시 대월면 부필리 424-1번지,37.224704093,127.5058954088,2021-06-30,2021-02-14
경기도,이천시,오뚜기농장,닭,육계,25000.0,경기도 이천시 백사면 도립리 8번지,37.3339257379,127.4832365574,2021-06-30,2021-02-14
경기도,이천시,오성꿩농장,꿩,꿩,15000.0,경기도 이천시 장호원읍 와현리 42-20번지,37.1683563178,127.6040330255,2021-06-30,2021-02-23
경기도,이천시,온누리농장,닭,육계,30000.0,경기도 이천시 설성면 신필리 257번지,37.1331927835,127.5455412507,2020-07-31,2020-12-09
경기도,이천시,용수농장(2),닭,육계,35000.0,경기도 이천시 설성면 장천리 178번지 10호,37.1460946202,127.5408216092,2021-06-30,2021-02-23
경기도,이천시,용진농장,오리,,65000.0,경기도 이천시 설성면 신필리 375-1번지,37.1403432204,127.5395215948,2020-11-30,2020-12-09
경기도,이천시,우화농장,닭,산란계,7000.0,경기도 이천시 장호원읍 진암리 산39번지,37.1091351411,127.6207220319,2021-06-30,2021-02-23
경기도,이천시,원호농장(2),닭,육계,46000.0,경기도 이천시 율면 오성리 840번지,37.070750646,127.5462238494,2021-06-30,2021-02-23
경기도,이천시,유경농장,닭,육계,28000.0,경기도 이천시 장호원읍 선읍리 750번지,37.1371179534,127.5735115198,2021-04-30,2021-02-23
경기도,이천시,이동종계장,닭,종계,15000.0,경기도 이천시 백사면 신대리 422-2번지,37.3207938441,127.4543684305,2021-06-30,2021-02-14
경기도,이천시,이천농장,닭,산란계,44000.0,경기도 이천시 대월면 대대리 268-2번지,37.2153006581,127.4788897556,2021-04-30,2021-02-14
경기도,이천시,인광농장,닭,육계,25000.0,경기도 이천시 대월면 도리리 345번지,37.2082337404,127.4797031488,2021-04-30,2021-02-14
경기도,이천시,장군농장,닭,육계,40000.0,경기도 이천시 설성면 제요리 29번지,37.1192349709,127.5659817696,2021-06-30,2021-02-23
경기도,이천시,장평농장,닭,육계,20000.0,경기도 이천시 대월면 장평리 277번지,37.2107920928,127.5283557643,2020-07-31,2020-12-09
경기도,이천시,정성농장,닭,육계,27000.0,경기도 이천시 부발읍 대관리 32-3번지,37.3033338687,127.545496955,2021-06-30,2021-02-14
경기도,이천시,천왕농원,닭,산란계,36000.0,경기도 이천시 율면 산성리 474번지,37.0502689445,127.5490342678,2020-07-31,2020-12-08
경기도,이천시,천하축산,닭,종계,70000.0,경기도 이천시 장호원읍 와현리 388-13번지,37.1478578388,127.6042864615,2020-07-31,2020-12-09
경기도,이천시,풍한농장,닭,산란계,360000.0,경기도 이천시 대월면 초지리 59-5번지,37.2362961269,127.5071815429,2021-06-30,2021-02-14
경기도,이천시,한마음농장,닭,산란계,13500.0,경기도 이천시 설성면 신필리 83번지,37.1245185293,127.5517838881,2021-06-30,2021-02-23
경기도,이천시,한신종계장,닭,종계,25000.0,경기도 이천시 백사면 도립리 244번지,37.3417560845,127.4694952452,2020-11-30,2021-02-14
경기도,이천시,광림농원,닭,산란계,600.0,경기도 이천시 장호원읍 선읍리 산 131,37.1386228146,127.5740374341,2021-07-31,2021-02-23
경기도,이천시,농업회사법인 골드아이 유한회사,닭,산란계,90000.0,경기도 이천시 설성면 행죽리 779-1번지,37.1158978491,127.5356367928,2021-07-31,2021-02-23
경기도,이천시,농업회사법인 나래 주식회사,닭,산란계,250000.0,경기도 이천시 장호원읍 나래리 553-2번지,37.1847030202,127.5879221251,2021-07-31,2021-02-23
경기도,이천시,봉하농장,닭,육계,12000.0,경기도 이천시 백사면 송말리 624-2번지,37.3460482102,127.476041911,2021-07-31,2021-02-14
경기도,이천시,서경농장,닭,육계,73300.0,경기도 이천시 모가면 서경리 347번지 26호,37.1576523379,127.4826572419,2021-07-31,2021-02-02
경기도,이천시,승일농장,닭,육계,35000.0,경기도 이천시 마장면 이치리 298-3번지,37.2550890294,127.3851462491,2021-07-31,2022-11-27
경기도,이천시,오천농장,닭,산란계,35000.0,경기도 이천시 마장면 오천리 213번지,37.2427030209,127.3520168217,2021-07-31,2022-11-27
경기도,이천시,온새미로농원,닭,산란계,25.0,경기도 이천시 장호원읍 선읍리 산142-18번지,37.1326508677,127.5812418309,2021-07-31,2021-02-23
경기도,이천시,우리축산,닭,산란계,90000.0,경기도 이천시 백사면 도립리 278-2번지,37.3401343224,127.4725214772,2021-07-31,2021-02-14
경기도,이천시,원호농장(1),닭,육계,45000.0,경기도 이천시 율면 석산리 866번지,37.0575560302,127.5396923175,2021-07-31,2021-11-10
경기도,이천시,정기농장,닭,산란계,36190.0,경기도 이천시 율면 신추리 840-1번지,37.0917888319,127.5168450489,2021-07-31,2021-02-23
경기도,이천시,창대농장,닭,종계,17500.0,경기도 이천시 장호원읍 풍계리 862-2번지,37.1455536618,127.6104202553,2021-07-31,2021-02-23
경기도,이천시,호현농장,닭,종계,20000.0,경기도 이천시 장호원읍 와현리 388-4번지,37.1482079544,127.605908507,2021-07-31,2021-02-23
경기도,파주시,JC농장,닭,기타,110.0,경기도 파주시  법원읍 법원리 396-1,37.8492548703,126.8883071836,2021-04-30,2017-06-06
경기도,파주시,가월농장,닭,산란계,48000.0,경기도 파주시 적성면 가월리 198,37.9614981045,126.9105432587,2021-04-30,2021-01-27
경기도,파주시,강현농장,닭,육계,18500.0,경기도 파주시 적성면 답곡리 506,37.9493303692,126.855472526,2020-11-30,2021-01-27
경기도,파주시,고창농장,닭,토종닭,700.0,경기도 파주시 조리읍 뇌조리 132-8,37.7510878443,126.8146482492,2020-11-30,2016-12-30
경기도,파주시,구구농장,닭,산란계,15000.0,경기도 파주시 적성면 장현1리  42-2,37.9878394862,126.9847294385,2020-11-30,2021-01-27
경기도,파주시,구구파평농장,닭,산란계,65000.0,경기도 파주시 파평면 덕천리  491-1,37.9377478173,126.8536390751,2021-04-30,2021-01-27
경기도,파주시,궂모닝농장,닭,토종닭,1500.0,경기도 파주시 법원읍 동문리 216,37.8725652378,126.860007725,2021-04-30,2017-06-06
경기도,파주시,꼬끼촌,닭,육계,20000.0,경기도 파주시 적성면 장현리 227번지,37.9772883,126.9724587,2020-07-31,2021-01-27
경기도,파주시,꼬끼촌,닭,토종닭,24000.0,경기도 파주시 적성면 장현2리 227,37.977393399,126.9724825489,2021-06-30,2021-01-27
경기도,파주시,노재영부곡양계장,닭,산란계,30000.0,경기도 파주시 파주읍 부곡3리 120-1,37.8079318569,126.8290302902,2021-06-30,2017-06-06
경기도,파주시,늘푸른청계농원,닭,토종닭,400.0,경기도 파주시 탄현면 갈현리 347-1,37.7706710447,126.7185446773,2021-04-30,2023-01-03
경기도,파주시,담안농장,닭,육계,16000.0,경기도 파주시 적성면 장현2리 420,37.9780076341,126.9672684092,2020-11-30,2021-01-27
경기도,파주시,당하리농장,닭,육계,50000.0,경기도 파주시 당하동 240-144,37.7436151396,126.7458552664,2020-11-30,2023-01-03
경기도,파주시,대능축산,닭,육계,18000.0,경기도 파주시 법원읍 대능리 10-5,37.8421171917,126.8815241816,2021-04-30,2017-06-06
경기도,파주시,대명농장,닭,육계,300.0,경기도 파주시 법원읍 금곡리 102,37.8794139252,126.8851582043,2021-04-30,2017-06-06
경기도,파주시,대한농원,닭,토종닭,6500.0,경기도 파주시 문산읍 선유리 349-3,37.8781757903,126.8005917648,2021-04-30,2021-01-27
경기도,파주시,대한농장,닭,육계,91000.0,경기도 파주시 파평면 마산리  333-7,37.8831662934,126.8521036521,2021-04-30,2017-06-06
경기도,파주시,덕동양계,닭,산란계,20000.0,경기도 파주시 광탄면 용미리 159-12,37.7447881191,126.8817299945,2021-04-30,2016-12-30
경기도,파주시,덕일농장,닭,산란계,22000.0,경기도 파주시 파평면 덕천리 1-2,37.9360613354,126.904681002,2021-06-30,2021-01-27
경기도,파주시,두리농장,닭,육계,73000.0,경기도 파주시 탄현면 오금리 522-1,37.81523081,126.7123188917,2021-04-30,2017-01-25
경기도,파주시,문산농장,닭,토종닭,2000.0,경기도 파주시 문산읍 당동1리 산102-1,37.871464204,126.7612473938,2021-06-30,2021-01-27
경기도,파주시,미성농장,닭,토종닭,500.0,경기도 파주시 광탄면 마장리 산50-10,37.7851504977,126.8688368849,2021-04-30,2017-06-06
경기도,파주시,백운농장,닭,육계,28000.0,경기도 파주시 적성면 객현리 70,37.9605167947,126.9559660868,2021-04-30,2021-01-27
경기도,파주시,삼도농장,닭,육계,70000.0,경기도 파주시 문산읍 마정리 52-2,37.8999051262,126.7692345351,2020-11-30,2021-01-27
경기도,파주시,삼도농장,닭,육계,70000.0,경기도 파주시 문산읍 마정리 455-2,37.8957374527,126.7577308673,2020-11-30,2021-01-27
경기도,파주시,삼성농장,닭,토종닭,100.0,경기도 파주시 법원읍 법원2리 513,37.8579871327,126.8811528759,2021-06-30,2017-06-06
경기도,파주시,상훈농장,닭,산란계,25000.0,경기도 파주시 적성면 어유지리 458,38.0049870862,126.977740969,2021-04-30,2021-01-27
경기도,파주시,새말농장,닭,산란계,23000.0,경기도 파주시 탄현면 갈현리 821-97,37.7699591251,126.7151156514,2021-06-30,2023-01-03
경기도,파주시,샘골농원,닭,토종닭,5000.0,경기도 파주시 광탄면 마장리 298,37.7868409799,126.8700592633,2021-04-30,2017-06-06
경기도,파주시,성구농장,닭,토종닭,1000.0,경기도 파주시 광탄면 마장리 산50-10,37.7851504977,126.8688368849,2020-11-30,2017-06-06
경기도,파주시,성수농장,닭,육계,30000.0,경기도 파주시 광탄면 분수리 89-1,37.7572934243,126.8794837753,2020-11-30,2016-12-30
경기도,파주시,성원농장,닭,육계,15000.0,경기도 파주시 월롱면 덕은리 23-1,37.803335235,126.7890353935,2021-06-30,2025-09-13
경기도,파주시,소래축산,닭,토종닭,20000.0,경기도 파주시 광탄면 용미리 146,37.7462232501,126.8842527047,2021-04-30,2016-12-30
경기도,파주시,소래축산,닭,토종닭,90000.0,경기도 파주시 광탄면 용미리  133-11,37.7471265942,126.8829171723,2021-04-30,2016-12-30
경기도,파주시,소래축산,닭,토종닭,80000.0,경기도 파주시 광탄면 용미리  120-2,37.747827866,126.8825821717,2020-11-30,2016-12-30
경기도,파주시,소래축산,닭,종계,35000.0,경기도 파주시 파평면 덕천리 52-1,37.9399883435,126.8918349434,2020-11-30,2021-01-27
경기도,파주시,수영농장,닭,육계,40000.0,경기도 파주시 법원읍 직천리 850-1,37.9062135172,126.9088346486,2021-04-30,2018-03-18
경기도,파주시,수영농장,닭,육계,2000.0,경기도 파주시  연다산동 407,37.7388949683,126.7022670276,2020-11-30,2021-01-01
경기도,파주시,신한농장,닭,산란계,90000.0,경기도 파주시 적성면 어유지1리 339,37.9946282873,126.9811172159,2021-04-30,2021-01-27
경기도,파주시,쌀굴양계장,닭,토종닭,60.0,경기도 파주시  광탄면 창만리 505-1,37.8001359089,126.8549082876,2021-06-30,2017-06-06
경기도,파주시,아람농장,닭,육계,25000.0,경기도 파주시 문산읍 장산리 104,37.8891294723,126.7742858033,2021-06-30,2021-01-27
경기도,파주시,양지농장,닭,육계,13000.0,경기도 파주시 법원읍 삼방리 171,37.8346167954,126.8846665117,2021-06-30,2017-06-06
경기도,파주시,양호농장,닭,육계,50000.0,경기도 파주시 광탄면 마장리  242-2,37.7872355598,126.8710905433,2021-06-30,2017-06-06
경기도,파주시,억수농장,닭,육계,20000.0,경기도 파주시 파주읍 봉서리 439,37.8467917224,126.7958872452,2020-11-30,2011-01-18
경기도,파주시,영광농장,닭,육계,2600.0,경기도 파주시 광탄면 마장리 267번지 3호,37.7922857,126.8727515,2020-07-31,2017-06-06
경기도,파주시,영광농장,닭,육계,15000.0,경기도 파주시 광탄면 신산리 262번지 2호,37.7999236,126.8418656,2020-07-31,2017-06-06
경기도,파주시,영광농장,닭,토종닭,4000.0,경기도 파주시 광탄면 신산리  262-2,37.7999643299,126.8418129701,2021-06-30,2017-06-06
경기도,파주시,영광타조농장,타조,,11.0,경기도 파주시 동패동 1344번지,37.7053759,126.7286826,2020-07-31,2021-01-01
경기도,파주시,오복농장,닭,산란계,4000.0,경기도 파주시 광탄면 마장리  249-13,37.7889739872,126.8725749636,2021-06-30,2017-06-06
경기도,파주시,온누리농장,닭,토종닭,150.0,경기도 파주시 검산동 20-3,37.7851479124,126.7499900191,2021-06-30,2025-09-13
경기도,파주시,우농타조농장,타조,,100.0,경기도 파주시  동패동 616-3,37.7054691341,126.7135614141,2021-06-30,2021-01-01
경기도,파주시,우리농장,닭,육계,700.0,경기도 파주시 파주읍 백석리 396번지 2호,37.812032,126.80609,2020-07-31,2025-09-13
경기도,파주시,우리농장,닭,토종닭,2000.0,경기도 파주시 문산읍 사목리 692,37.8788630194,126.7497229506,2021-04-30,2021-01-27
경기도,파주시,원흥농원,닭,토종닭,300.0,경기도 파주시 광탄면 용미리 산 85,37.7312524152,126.8859881719,2021-06-30,2016-12-30
경기도,파주시,월롱축산,닭,산란계,30000.0,경기도 파주시 월롱면 도내리 731-2,37.7988174989,126.8083944653,2020-11-30,2016-12-30
경기도,파주시,은진목장,닭,토종닭,200.0,경기도 파주시 법원읍 직천리 440-1,37.8991027532,126.9258302249,2021-06-30,2018-03-18
경기도,파주시,은행농장,닭,토종닭,500.0,경기도 파주시 파주읍 봉암리 산8-11,37.8212161168917,126.795627961784,2021-06-30,2021-01-27
경기도,파주시,이천농장,닭,육계,40000.0,"경기도 파주시 문산읍 이천리 178-1, 23-1",37.8711928956,126.838869377,2020-11-30,2017-06-06
경기도,파주시,인왕축산,닭,육계,27000.0,경기도 파주시 파주읍 연풍리 52,37.8208574614,126.8388899611,2021-04-30,2017-06-06
경기도,파주시,자연농장,닭,토종닭,2000.0,경기도 파주시 광탄면 창만리 302-2,37.7997288979,126.866005402,2021-06-30,2017-06-06
경기도,파주시,장산농장,닭,육계,60000.0,"경기도 파주시 문산읍 장산리 157,129-4",37.8987109177,126.7806191831,2021-06-30,2021-01-27
경기도,파주시,장산농장Ⅰ,닭,육계,30000.0,경기도 파주시 문산읍 장산리 149번지 12호,37.8974582,126.7803955,2020-07-31,2021-01-27
경기도,파주시,장지동농장,닭,토종닭,100.0,경기도 파주시 문산읍 마정리 233-2,37.8968498977,126.7642076301,2021-04-30,2021-01-27
경기도,파주시,조산농장,닭,육계,20000.0,경기도 파주시 조리읍 뇌조리 124-4,37.7532569875,126.8208970309,2021-06-30,2025-09-13
경기도,파주시,주신농장,닭,육계,12000.0,경기도 파주시 적성면 어유지리  315-17,37.993567472,126.98377827,2021-06-30,2021-01-27
경기도,파주시,준수네농장,닭,토종닭,100.0,경기도 파주시 파주읍 봉암3리 305,37.8303607821,126.7988615781,2021-04-30,2011-01-18
경기도,파주시,진미농장,닭,육계,19000.0,경기도 파주시  교하동 520,37.751520061,126.7415208854,2021-04-30,2023-01-03
경기도,파주시,진흥농장,닭,육계,40000.0,경기도 파주시 상지석동 712,37.7355065323,126.7793061836,2021-06-30,2023-01-08
경기도,파주시,진흥농장,닭,육계,40000.0,경기도 파주시 상지석동 712번지 진흥농장,37.7352858,126.7789872,2020-07-31,2023-01-08
경기도,파주시,채니농장,닭,육계,100000.0,경기도 파주시 문산읍 사목리 93,37.8784775553,126.7628943531,2021-06-30,2021-01-27
경기도,파주시,천마농장,닭,토종닭,200.0,경기도 파주시 적성면 답곡리 396,37.9482327893,126.8534771747,2020-11-30,2021-01-27
경기도,파주시,청암농장,닭,육계,30000.0,경기도 파주시 문산읍 장산리 105,37.8900337906,126.7747773245,2021-06-30,2021-01-27
경기도,파주시,청운농장,닭,육계,25000.0,경기도 파주시 적성면 객현리 118,37.9681987884,126.9602299567,2020-11-30,2021-01-27
경기도,파주시,청원농장,닭,육계,37100.0,경기도 파주시 적성면 답곡리 261,37.9517259848,126.8551442751,2021-06-30,2021-01-27
경기도,파주시,청풍농장,닭,토종닭,8000.0,경기도 파주시 광탄면 창만리  428-9,37.7866552888,126.8637362085,2020-11-30,2017-06-06
경기도,파주시,충남농장,닭,토종닭,700.0,경기도 파주시 파주읍 연풍리 335-6,37.8234568299,126.8394000596,2021-06-30,2017-06-06
경기도,파주시,친환경우리농장,닭,토종닭,1000.0,경기도 파주시 광탄면 영장리 193,37.7686656188,126.9052421176,2021-06-30,2017-06-06
경기도,파주시,칠성농장,닭,육계,20000.0,경기도 파주시 문산읍 마정리 90,37.857286919093,126.785144622379,2021-06-30,2021-01-27
경기도,파주시,탄현농장,닭,육계,60000.0,경기도 파주시 탄현면 금산리 산60-1,37.8005398544,126.7096579276,2021-04-30,2023-01-03
경기도,파주시,통일로금촌농장,닭,기타,55.0,경기도 파주시 아동동50-30,37.7600449967302,126.779881359268,2021-06-30,2021-01-27
경기도,파주시,파랑새농장,닭,토종닭,2000.0,경기도 파주시 군내면 읍내리 822,37.9358709829,126.7318213921,2021-06-30,2021-01-27
경기도,파주시,파주농장,닭,육계,15000.0,경기도 파주시 문산읍 이천2리 61,37.8765126358,126.8468291041,2021-04-30,2017-06-06
경기도,파주시,파주정수농장,닭,토종닭,300.0,경기도 파주시  광탄면 분수리 299,37.761813569,126.8601117321,2021-06-30,2016-12-30
경기도,파주시,파주종계장,닭,육용종계,40000.0,경기도 파주시 적성면 장현2리 146,37.9811986376,126.9789571983,2021-04-30,2021-01-27
경기도,파주시,파평산토종닭농장,닭,육계,1500.0,경기도 파주시 파평면 덕천리 산 259번지 9호,37.9300197,126.8986929,2020-07-31,2018-03-18
경기도,파주시,파평산토종닭농장,닭,토종닭,300.0,경기도 파주시 파평면 눌노리  11-5,37.9303193962,126.8658091409,2021-06-30,2017-06-06
경기도,파주시,풍원농장,닭,육계,25000.0,경기도 파주시 문산읍 사목리 93-1,37.8784775553,126.7628943531,2021-06-30,2021-01-27
경기도,파주시,하마농장,닭,토종닭,120.0,경기도 파주시 적성면 자장리 148,37.9611597654,126.8696215322,2021-04-30,2021-01-27
경기도,파주시,해이리농장,닭,토종닭,250.0,경기도 파주시 탄현면 법흥2리 398,37.786725618,126.7110474133,2021-06-30,2023-01-03
경기도,파주시,해피농장,닭,토종닭,2500.0,경기도 파주시  하지석동 450-1,37.7545847956,126.7359839323,2021-04-30,2023-01-03
경기도,파주시,해피농장,닭,토종닭,2500.0,경기도 파주시  하지석동 447-2,37.7549802482,126.7355464983,2021-06-30,2023-01-03
경기도,파주시,행복목장,닭,육계,30000.0,경기도 파주시 문산읍 장산리 153,37.8979628922,126.7804849997,2021-04-30,2021-01-27
경기도,파주시,현인농?,닭,토종닭,1000.0,경기도 파주시 파주읍 향양2리 320-1,37.8446500937,126.8117173308,2021-06-30,2017-06-06
경기도,파주시,형제농장,닭,육계,45000.0,경기도 파주시  맥금동 533-1,37.7919056099,126.7287284354,2021-06-30,2023-01-03
경기도,파주시,환희농장,닭,육계,27000.0,경기도 파주시 문산읍 장산리 107-9,37.8898783115,126.7740976857,2021-06-30,2021-01-27
경기도,파주시,황토속,닭,육계,150.0,경기도 파주시 광탄면 창만리 1160번지 1호,37.8054789,126.8528341,2020-07-31,2017-06-06
경기도,파주시,희망농장,닭,육계,15000.0,경기도 파주시 월롱면 위전리 521-1,37.7887270338,126.7954050869,2020-11-30,2016-12-30
경기도,파주시,희망농장,닭,토종닭/산란계,3000.0,경기도 파주시 광탄면 창만리 248-5,37.7956154074,126.8706560452,2021-04-30,2017-06-06
경기도,파주시,DMZ황금알농장,닭,산란계,,경기도 파주시 진동면 하포리 623번지,37.9238797729,126.8129430157,2026-01-31,2025-09-13
경기도,파주시,가월농장,닭,산란계,,경기도 파주시 적성면 가월리 198번지 등2(1526),37.9619558663,126.9105266913,2025-07-31,2021-01-27
경기도,파주시,가월농장,닭,산란계,42000.0,경기도 파주시 적성면 가월리  1526,37.9619850524,126.9100497922,2025-04-30,2021-01-27
경기도,파주시,강현농장,닭,육계,,경기도 파주시 적성면 답곡리 506번지,37.9493300575,126.8554156194,2026-02-26,2025-09-13
경기도,파주시,고창농장,닭,산란계,600.0,경기도 파주시 조리읍 뇌조리  132-8,37.7510878443,126.8146482492,2025-05-31,2025-09-13
경기도,파주시,고창농장,닭,육계,,경기도 파주시 조리읍 뇌조리 132-8,37.7512117875,126.8146871176,2025-07-31,2025-09-13
경기도,파주시,구구농장,닭,산란계,,경기도 파주시 적성면 장현리 44-1,37.9873893574,126.9848464647,2026-01-31,2021-01-27
경기도,파주시,구구농장,닭,산란계,19000.0,경기도 파주시 적성면 장현리 42-2,37.9878394862,126.9847294385,2025-04-30,2021-01-27
경기도,파주시,굿모닝농장,닭,육계,,경기도 파주시 법원읍 동문리 214-1,37.8725193229,126.8603425945,2025-07-31,2017-06-06
경기도,파주시,굿모닝농장,닭,육계,4000.0,경기도 파주시 법원읍 동문리  214-1,37.8723830486,126.8603361088,2025-05-31,2017-06-06
경기도,파주시,꼬끼촌,닭,육계,,경기도 파주시 적성면 장현리 226,37.9771037715,126.9722113528,2026-02-26,2021-01-27
경기도,파주시,농업회사법인 더 팸팜,닭,산란계,,경기도 파주시 야동동 803번지,37.7717365528,126.7542585591,2025-08-31,2025-09-13
경기도,파주시,느림보농장,닭,산란계,,경기도 파주시 적성면 구읍리 628-10,37.9523363522,126.9272057648,2025-08-31,2021-01-27
경기도,파주시,늘푸른청계농원,닭,산란계,,경기도 파주시 탄현면 갈현리 347-1,37.770763303,126.7186244825,2025-08-31,2025-09-13
경기도,파주시,담안농장,닭,육계,,경기도 파주시 적성면 장현리 419,37.9782730836,126.9671357898,2026-01-31,2021-01-27
경기도,파주시,담안농장,닭,육계,15000.0,경기도 파주시 적성면 장현리 417,37.9787201278,126.9668936873,2025-04-30,2021-01-27
경기도,파주시,당하리농장,닭,육계,,경기도 파주시 당하동 240-144,37.7439145849,126.7459797089,2025-08-31,2025-09-13
경기도,파주시,당하리농장,닭,육계,56000.0,경기도 파주시 당하동   240-144,37.7439145849,126.7459797089,2025-04-30,2025-09-13
경기도,파주시,대능축산,닭,육계,,경기도 파주시 법원읍 대능리 10-5,37.8421171917,126.8815241816,2025-07-31,2017-06-06
경기도,파주시,대능축산,닭,육계,17500.0,경기도 파주시 법원읍 대능리 10-5,37.8421171917,126.8815241816,2025-05-31,2017-06-06
경기도,파주시,대림2농장,닭,육계,,경기도 파주시 광탄면 마장리 242-2,37.7873346993,126.8710897031,2025-08-31,2017-06-06
경기도,파주시,대원농장,닭,육계,,경기도 파주시 조리읍 대원리 1137번지,37.7280753202,126.8202748664,2025-08-31,2025-09-13
경기도,파주시,대한농장,닭,육계,88000.0,경기도 파주시 파평면 마산리 334-3,37.8830521961,126.8526618627,2025-05-31,2017-06-06
경기도,파주시,대한농장,닭,육계,,경기도 파주시 파평면 마산리 334-3,37.8830521961,126.8526618627,2025-07-31,2017-06-06
경기도,파주시,덕동양계,닭,산란계,,경기도 파주시 광탄면 용미리 159-11,37.7449104348,126.8814032563,2026-02-26,2016-12-30
경기도,파주시,덕동양계,닭,산란계,9700.0,경기도 파주시 광탄면 용미리 159-11,37.7449013029,126.8813806313,2025-04-30,2016-12-30
경기도,파주시,덕일농장,닭,산란계,,경기도 파주시 파평면 덕천리 1-2,37.9360522078,126.9046583159,2026-02-26,2021-01-27
경기도,파주시,덕일농장,닭,산란계,67200.0,경기도 파주시 파평면 덕천리 1-2,37.9360522078,126.9046583159,2025-04-30,2021-01-27
경기도,파주시,만년농장,닭,산란계,,경기도 파주시 야동동 750번지,37.7730562703,126.7530641756,2025-07-31,2025-09-13
경기도,파주시,백운농장,닭,육계,,경기도 파주시 적성면 객현리 70번지,37.9604734991,126.95604041,2025-08-31,2021-01-27
경기도,파주시,백운농장,닭,육계,36500.0,경기도 파주시 적성면 객현리  70,37.9604734991,126.95604041,2025-05-31,2021-01-27
경기도,파주시,산석진농장,닭,산란계,,경기도 파주시 아동동 127-2,37.7688963633,126.7897295722,2026-01-31,2025-09-13
경기도,파주시,삼도농장,닭,육계,,경기도 파주시 문산읍 마정리 455-2,37.8958276124,126.7577628991,2025-08-31,2025-09-13
경기도,파주시,삼도농장,닭,육계,65000.0,경기도 파주시 문산읍 마정리  455-2,37.8957374527,126.7577308673,2025-04-30,2025-09-13
경기도,파주시,상훈농장,닭,산란계,,경기도 파주시 적성면 어유지리 458,38.0049870862,126.977740969,2025-07-31,2023-01-03
경기도,파주시,상훈농장,닭,산란계,15000.0,경기도 파주시 적성면 어유지리 458,38.0049870862,126.977740969,2025-04-30,2023-01-03
경기도,파주시,새말농장,닭,산란계,19920.0,경기도 파주시 탄현면 갈현리 821-130,37.7699591251,126.7151156514,2025-04-30,2025-09-13
경기도,파주시,새말농장,닭,산란계,,경기도 파주시 탄현면 갈현리 814-8,37.7699591251,126.7151156514,2025-07-31,2025-09-13
경기도,파주시,샘골농원,닭,육계,,경기도 파주시 광탄면 마장리 298번지,37.7869169511,126.8700181524,2026-02-26,2017-06-06
경기도,파주시,선화농장,닭,육계,,경기도 파주시 문산읍 장산리 164번지,37.9011647632,126.7793966476,2025-07-31,2025-09-13
경기도,파주시,선화농장,닭,육계,17000.0,경기도 파주시 문산읍 장산리  164,37.9011049231,126.7793158182,2025-04-30,2025-09-13
경기도,파주시,성수농장,닭,육계,,경기도 파주시 광탄면 분수리 98-17,37.7556795885,126.8759780917,2025-08-31,2016-12-30
경기도,파주시,성수농장,닭,육계,33500.0,경기도 파주시 광탄면 분수리 98-17,37.7560384147,126.8756572162,2025-04-30,2016-12-30
경기도,파주시,성원농장,닭,육계,,경기도 파주시 월롱면 덕은리 435번지,37.8016336849,126.7893984671,2026-02-26,2025-09-13
경기도,파주시,성원농장,닭,육계,15000.0,경기도 파주시 월롱면 덕은리 435,37.8016336849,126.7893984671,2025-05-31,2025-09-13
경기도,파주시,소래축산,닭,육계,,경기도 파주시 광탄면 용미리 120-2,37.747827866,126.8825821717,2026-01-31,2016-12-30
경기도,파주시,소래축산,닭,육계,,경기도 파주시 광탄면 용미리 133-11,37.7471265942,126.8829171723,2025-08-31,2016-12-30
경기도,파주시,수영농장,닭,육계,22000.0,경기도 파주시 연다산동 407,37.7388949683,126.7022670276,2025-04-30,2024-12-20
경기도,파주시,수영농장,닭,육계,38000.0,경기도 파주시 법원읍 직천리  850,37.9067659945,126.9084135978,2025-04-30,2018-03-18
경기도,파주시,수영농장,닭,육계,,경기도 파주시 법원읍 직천리 850번지,37.9068296986,126.9085082135,2025-07-31,2018-03-18
경기도,파주시,수영농장,닭,육계,,경기도 파주시 연다산동 407번지,37.7388949683,126.7022670276,2025-07-31,2025-09-13
경기도,파주시,신한농장,닭,산란계,120000.0,경기도 파주시 적성면 어유지리 339,37.9946282873,126.9811172159,2025-05-31,2021-01-27
경기도,파주시,신한농장,닭,산란계,,경기도 파주시 적성면 어유지리 339번지,37.9946282873,126.9811172159,2026-01-31,2021-01-27
경기도,파주시,아람농장,닭,육계,26000.0,경기도 파주시 문산읍 장산리 104,37.8891294723,126.7742858033,2025-04-30,2025-09-13
경기도,파주시,아람농장,닭,육계,,경기도 파주시 문산읍 장산리 104번지,37.8891294723,126.7742858033,2026-01-31,2025-09-13
경기도,파주시,양지농장,닭,육계,9300.0,경기도 파주시 법원읍 삼방리 171-1,37.8346167954,126.8846665117,2025-05-31,2017-06-06
경기도,파주시,양지농장,닭,육계,,경기도 파주시 법원읍 삼방리 171번지,37.8346167954,126.8846665117,2025-08-31,2017-06-06
경기도,파주시,양호농장,닭,육계,47600.0,경기도 파주시 광탄면 마장리 242-2,37.7873347599,126.8711010595,2025-05-31,2017-06-06
경기도,파주시,억수농장,닭,육계,,경기도 파주시 파주읍 봉서리 439번지,37.8467917224,126.7958872452,2026-02-26,2011-01-18
경기도,파주시,억수농장,닭,육계,17800.0,경기도 파주시 파주읍 봉서리 439,37.8467917224,126.7958872452,2025-05-31,2011-01-18
경기도,파주시,연수농장,닭,산란계,,경기도 파주시 적성면 객현리 347-1,37.9700941533,126.9457790462,2025-08-31,2021-01-27
경기도,파주시,영광타조농장,타조,,,경기도 파주시 동패동 1344번지,37.7055431732,126.7288642148,2025-07-31,2025-09-13
경기도,파주시,오서방네 농장,닭,육계,,경기도 파주시 탄현면 금산리 92,37.7943470818,126.7104907424,2026-02-26,2025-09-13
경기도,파주시,온정농원,닭,산란계,,경기도 파주시 서패동 437번지,37.7122231845,126.7023413431,2026-01-31,2025-09-13
경기도,파주시,우농타조,타조,,40.0,경기도 파주시 동패동 616-3,37.7054691341,126.7135614141,2025-04-30,2024-12-20
경기도,파주시,우농타조농장,타조,,,경기도 파주시 동패동 614-2,37.7056223303,126.7149097787,2025-08-31,2025-09-13
경기도,파주시,우리농장,닭,육계,,경기도 파주시 문산읍 사목리 692번지,37.8788630194,126.7497229506,2025-07-31,2025-09-13
경기도,파주시,웅담2농장,닭,육계,,경기도 파주시 법원읍 웅담리 268-1,37.9018146748,126.8875766549,2025-07-31,2017-06-06
경기도,파주시,원이농장,닭,육계,,경기도 파주시 탄현면 갈현리 1443번지,37.7593348975,126.721145302,2025-08-31,2025-09-13
경기도,파주시,월롱축산,닭,산란계,,경기도 파주시 월롱면 도내리 731-2,37.7988174989,126.8083944653,2026-02-26,2025-09-13
경기도,파주시,유니온,닭,육계,,경기도 파주시 연다산동 916번지,37.7578986245,126.7092237451,2026-01-31,2025-09-13
경기도,파주시,이천농장,닭,육계,,경기도 파주시 문산읍 이천리 23-1,37.8720960049,126.8419221665,2025-07-31,2017-06-06
경기도,파주시,이천농장,닭,육계,,경기도 파주시 문산읍 이천리 178-1,37.8711998793,126.8390322047,2025-07-31,2017-06-06
경기도,파주시,이천농장1,닭,육계,17000.0,경기도 파주시 문산읍 이천리  178-3,37.87102194,126.8390288696,2025-05-31,2017-06-06
경기도,파주시,이천농장2,닭,육계,17000.0,경기도 파주시 문산읍 이천리 23-1,37.8725191475,126.8418388123,2025-04-30,2017-06-06
경기도,파주시,인왕축산,닭,육계,,경기도 파주시 파주읍 연풍리 52-1,37.8203960839,126.8384502064,2025-08-31,2017-06-06
경기도,파주시,인왕축산,닭,육계,20000.0,경기도 파주시 파주읍 연풍리 52-1,37.8203960839,126.8384502064,2025-05-31,2017-06-06
경기도,파주시,장산농장1,닭,육계,15000.0,경기도 파주시 문산읍 장산리  149-12,37.8978016286,126.7804449199,2025-05-31,2025-09-13
경기도,파주시,장산농장2,닭,육계,10000.0,경기도 파주시 문산읍 장산리  157,37.8987380098,126.7806532101,2025-04-30,2025-09-13
경기도,파주시,장산농장Ⅰ,닭,육계,,경기도 파주시 문산읍 장산리 149=12,37.8978016286,126.7804449199,2025-07-31,2025-09-13
경기도,파주시,장산농장Ⅱ,닭,육계,,경기도 파주시 문산읍 장산리 157번지,37.8988457358,126.7807472178,2026-02-26,2025-09-13
경기도,파주시,재창농장,닭,육계,,경기도 파주시 파평면 마산리 273번지,37.8887722425,126.8504510032,2026-01-31,2017-06-06
경기도,파주시,조산농장,닭,육계,19500.0,경기도 파주시 조리읍 뇌조리 124-4,37.7532569875,126.8208970309,2025-04-30,2025-09-13
경기도,파주시,조산농장,닭,육계,,경기도 파주시 조리읍 뇌조리 124-4,37.7532569875,126.8208970309,2025-07-31,2025-09-13
경기도,파주시,조은농장,닭,육계,,경기도 파주시 법원읍 갈곡리 2번지,37.852441698,126.9344307915,2026-02-26,2018-03-18
경기도,파주시,지원농장,메추리,,,경기도 파주시 광탄면 발랑리 217-1,37.7985258413,126.8998686422,2025-08-31,2017-06-06
경기도,파주시,지원농장,메추리,,360000.0,경기도 파주시 광탄면 발랑리 217-1,37.7987678535,126.8996054331,2025-05-31,2017-06-06
경기도,파주시,진미농장,닭,육계,,경기도 파주시 교하동 520번지,37.751520061,126.7415208854,2025-08-31,2025-09-13
경기도,파주시,진미농장,닭,육계,18000.0,경기도 파주시 교하동 520,37.751520061,126.7415208854,2025-05-31,2025-09-13
경기도,파주시,진흥농장,닭,육계,40500.0,경기도 파주시 상지석동 712,37.7355065323,126.7793061836,2025-05-31,2025-09-13
경기도,파주시,진흥농장,닭,육계,,경기도 파주시 상지석동 712번지 진흥농장,37.7355065323,126.7793061836,2026-02-26,2025-09-13
경기도,파주시,채니농장,닭,육계,,경기도 파주시 문산읍 사목리 94-2,37.8784775553,126.7628943531,2026-01-31,2025-09-13
경기도,파주시,채니농장,닭,육계,37000.0,경기도 파주시 문산읍 사목리 94-2,37.8784775553,126.7628943531,2025-05-31,2025-09-13
경기도,파주시,청암농장,닭,육계,20000.0,경기도 파주시 문산읍 장산리 105,37.8900337906,126.7747773245,2025-05-31,2025-09-13
경기도,파주시,청암농장,닭,육계,,경기도 파주시 문산읍 장산리 105번지,37.8900337906,126.7747773245,2025-07-31,2025-09-13
경기도,파주시,청운농장,닭,육계,22000.0,경기도 파주시 적성면 객현리 117-4,37.9681987884,126.9602299567,2025-05-31,2021-01-27
경기도,파주시,청운농장,닭,육계,,경기도 파주시 적성면 객현리 117-4,37.9681083495,126.9601623099,2026-01-31,2021-01-27
경기도,파주시,청원농장,닭,육계,37800.0,경기도 파주시 적성면 답곡리 261,37.9517259848,126.8551442751,2025-05-31,2025-09-13
경기도,파주시,청원농장,닭,육계,,경기도 파주시 적성면 답곡리 261번지,37.9517259848,126.8551442751,2026-02-26,2025-09-13
경기도,파주시,충청농장,닭,육계,,경기도 파주시 적성면 율포리 148-1,37.9850659932,126.9611426693,2026-01-31,2021-01-27
경기도,파주시,충청농장,닭,육계,92500.0,경기도 파주시 적성면 율포리  148-1,37.9853071393,126.9606626318,2025-04-30,2021-01-27
경기도,파주시,친환경우리농장,닭,육계,,경기도 파주시 광탄면 영장리 193번지,37.7686656188,126.9052421176,2025-07-31,2017-06-06
경기도,파주시,타조하니생태농장,타조,,11.0,경기도 파주시 조리읍 장곡리  251-1,37.759421565,126.8452898671,2025-05-31,2016-12-30
경기도,파주시,탄현농장,닭,육계,,경기도 파주시 탄현면 금산리 76,37.8007994697,126.7120859743,2026-02-26,2025-09-13
경기도,파주시,탄현농장,닭,육계,54800.0,경기도 파주시 탄현면 금산리  76-8,37.8012136787,126.7133765006,2025-04-30,2025-09-13
경기도,파주시,탄현농장,닭,육계,32000.0,경기도 파주시 탄현면 금산리 102-1,37.8005398544,126.7096579276,2025-04-30,2025-09-13
경기도,파주시,통일로 금촌농장,닭,육계,,경기도 파주시 아동동 5-30,37.761873163,126.7966886443,2025-07-31,2025-09-13
경기도,파주시,파랑새농장,닭,육계,,경기도 파주시 군내면 읍내리 822번지,37.9360070113,126.7319632608,2025-08-31,2025-09-13
경기도,파주시,파주농장,닭,육계,,경기도 파주시 문산읍 이천리 61번지,37.876353131,126.8470498592,2026-01-31,2017-06-06
경기도,파주시,파주정수농장,닭,산란계,,경기도 파주시 광탄면 분수리 299번지,37.761813569,126.8601117321,2025-07-31,2016-12-30
경기도,파주시,해피농장,닭,육계,,경기도 파주시 하지석동 447-2,37.7551053061,126.7355689206,2025-08-31,2025-09-13
경기도,파주시,행복목장,닭,육계,26000.0,경기도 파주시 문산읍 장산리  153,37.8979899629,126.780507657,2025-05-31,2025-09-13
경기도,파주시,행복목장,닭,육계,,경기도 파주시 문산읍 장산리 153번지,37.8980713888,126.7805397438,2025-07-31,2025-09-13
경기도,파주시,헤이리농장,닭,육계,,경기도 파주시 탄현면 법흥리 399-2,37.7867015173,126.7104980996,2026-02-26,2025-09-13
경기도,파주시,현인농원,닭,산란계,800.0,경기도 파주시 파평면 율곡리 491-12,37.8872000415,126.81015009,2025-04-30,2025-09-13
경기도,파주시,현인농원,닭,산란계,,경기도 파주시 파평면 율곡리 491-12,37.8872000415,126.81015009,2026-01-31,2025-09-13
경기도,파주시,형제농장,닭,육계,,경기도 파주시 맥금동 533-1,37.7919056099,126.7287284354,2025-08-31,2025-09-13
경기도,파주시,형제농장,닭,육계,51000.0,경기도 파주시 맥금동 533-1,37.7919056099,126.7287284354,2025-05-31,2025-09-13
경기도,파주시,환희농장,닭,육계,,경기도 파주시 문산읍 장산리 107-9,37.8899282106,126.7741318134,2026-01-31,2025-09-13
경기도,파주시,환희농장,닭,육계,18000.0,경기도 파주시 문산읍 장산리  107-9,37.8898783115,126.7740976857,2025-04-30,2025-09-13
경기도,파주시,희망농장,닭,육계,18000.0,경기도 파주시 월롱면 위전리 521-1,37.7887270338,126.7954050869,2025-05-31,2025-09-13
경기도,파주시,희망농장,닭,육계,,경기도 파주시 월롱면 위전리 522-1,37.7890811708,126.795844655,2026-01-31,2025-09-13
경기도,평택시,고덕농장,닭,육계,700.0,경기도 평택시 고덕면 좌교리 374번지,37.0421247,127.0200125,2018-03-14,2018-01-28
경기도,평택시,노다지양계장,닭,육계,2178.0,경기도 평택시 청북읍 고렴리 산 141번지 4호,37.0663074,126.9183376,2018-04-30,2014-02-17
경기도,평택시,농업회사법인 양지부화장㈜,닭,산란계,384000.0,경기도 평택시 오성면 죽리 148-16번지,37.007267,126.9658501,2018-04-30,2018-01-28
경기도,평택시,농업회사법인 주식회사 해오름양계,닭,육계,3232.0,경기도 평택시 오성면 양교리 281-3번지,37.0272114,126.981428,2018-04-30,2018-01-28
경기도,평택시,당거농장,닭,육계,2411.0,경기도 평택시 오성면 당거리 18번지,36.9884403,127.0061282,2018-04-30,2018-01-28
경기도,평택시,대길농장,닭,육계,2160.0,경기도 평택시 고덕면 방축리 271번지,37.0209343,127.0453706,2018-04-30,2018-01-28
경기도,평택시,도일농장,닭,육계,2765.0,경기도 평택시 도일동 산 13번지 3호,37.0480811,127.0965903,2018-04-30,2018-01-28
경기도,평택시,동순농장,닭,육계,330.0,경기도 평택시 오성면 숙성리 51-5번지,37.0127408,126.9846231,2018-03-14,2018-01-28
경기도,평택시,두곡농장,닭,육계,3257.0,경기도 평택시 서탄면 마두리 432-15번지,37.1051457,127.0112293,2018-03-14,2018-01-28
경기도,평택시,매치농장,닭,육계,940.0,경기도 평택시 팽성읍 석근리 산 12번지,36.9373245,127.0432475,2018-04-30,2018-01-28
경기도,평택시,미하농장,닭,육계,2100.0,경기도 평택시 서탄면 마두리 425-25번지,37.106092,127.0076182,2018-04-30,2018-01-28
경기도,평택시,버들농장,닭,육계,1968.0,경기도 평택시 합정동 242-1번지,36.9805775,127.1022018,2018-03-14,2018-01-28
경기도,평택시,서탄농장,닭,육계,1622.0,경기도 평택시 서탄면 수월암리 302번지,37.128894,127.0326133,2018-04-30,2018-01-28
경기도,평택시,성산농장,닭,육계,1408.0,경기도 평택시 서탄면 수월암리 941번지 1호,37.1238947,127.0259498,2018-03-14,2018-01-28
경기도,평택시,세진농장,닭,육계,1965.0,경기도 평택시 도일동 산152-1번지,37.0594899,127.0947492,2018-04-30,2018-01-28
경기도,평택시,야막농장,닭,육계,2240.0,경기도 평택시 진위면 야막리 118-3번지,37.1275861,127.0608132,2018-03-14,2018-01-28
경기도,평택시,여두선농장,닭,육계,2248.0,경기도 평택시 고덕면 방축리 388번지,37.023684,127.0412591,2018-04-30,2018-01-28
경기도,평택시,영계마을 2농장,닭,육계,2584.0,경기도 평택시 청북읍 어연리 548-3번지,37.0412058,126.9866283,2018-03-14,2018-01-28
경기도,평택시,오성농원,닭,육계,249.0,경기도 평택시 안중읍 삼정리 384-8번지,36.9717487,126.9729086,2018-04-30,2018-01-28
경기도,평택시,우성농장,닭,육계,844.0,경기도 평택시 포승읍 희곡리 450번지,36.9609087,126.8767513,2018-03-14,2018-01-28
경기도,평택시,원범농장,닭,육계,968.0,경기도 평택시 서탄면 마두리 53번지,37.110316,127.0252819,2018-04-30,2018-01-28
경기도,평택시,은혜농장,닭,육계,2096.0,경기도 평택시 현덕면 화양리 산 179번지 2호,36.9745814,126.9220666,2018-04-30,2018-01-28
경기도,평택시,이조농원,닭,육계,926.0,경기도 평택시 포승읍 희곡리 46-4번지,36.9691022,126.8709657,2018-04-30,2018-01-28
경기도,평택시,일진농장,닭,육계,2700.0,경기도 평택시 청북읍 삼계리 산 32번지 4호,37.0444668,126.9200255,2018-03-14,2014-02-17
경기도,평택시,장게농장,닭,육계,3420.0,경기도 평택시 청북읍 율북리 160-1번지 (외3필지),37.0689319,126.9904568,2018-04-30,2018-01-28
경기도,평택시,창내농장,닭,육계,4375.0,경기도 평택시 오성면 창내리 133-35번지 (외 2필지),36.9890796,127.0138676,2018-03-14,2018-01-28
경기도,평택시,태평농장,닭,육계,787.0,경기도 평택시 고덕면 궁리 360-2번지,37.0174078,127.0245691,2018-04-30,2018-01-28
경기도,평택시,한솔농장,닭,육계,1899.0,경기도 평택시 도일동 산 2번지 1호,37.0480811,127.0965903,2018-03-14,2018-01-28
경기도,평택시,현덕농장,닭,육계,1368.0,경기도 평택시 현덕면 도대리 산 3번지,36.9506778,126.9122794,2018-04-30,2018-01-28
경기도,평택시,효진농장,닭,육계,2590.0,경기도 평택시 포승읍 석정리 465번지,37.003493,126.885242,2018-04-30,2018-01-28
경기도,평택시,검은들농장,닭,육계,1848.0,경기도 평택시 포승읍 석정리 477-2번지 (등 2필지(477-2)),36.9997702,126.8838547,2018-08-31,2018-03-18
경기도,평택시,고덕농장,닭,육계,700.0,경기도 평택시 고덕면 좌교리 374번지,37.0421247,127.0200125,2018-03-14,2018-03-18
경기도,평택시,군문주말농장,닭,육계,87.0,경기도 평택시 군문동 151번지 3호,36.985859,127.0891119,2018-08-31,2018-03-18
경기도,평택시,길음농장,닭,육계,2610.0,경기도 평택시 오성면 길음리 206번지,36.9807483,126.9652115,2018-08-31,2018-03-18
경기도,평택시,농업회사법인 양지부화장㈜,닭,산란계,384000.0,경기도 평택시 오성면 죽리 148-16번지,37.007267,126.9658501,2018-04-30,2018-03-18
경기도,평택시,농업회사법인 조인㈜,닭,산란계,499200.0,경기도 평택시 오성면 양교리 301-1번지,37.0204897,126.9827109,2018-08-31,2018-03-18
경기도,평택시,농업회사법인 주식회사 해오름양계,닭,육계,3232.0,경기도 평택시 오성면 양교리 281-3번지,37.0272114,126.981428,2018-04-30,2018-03-18
경기도,평택시,당거농장,닭,육계,2411.0,경기도 평택시 오성면 당거리 18번지,36.9884403,127.0061282,2018-04-30,2018-03-18
경기도,평택시,대길농장,닭,육계,2160.0,경기도 평택시 고덕면 방축리 271번지,37.0209343,127.0453706,2018-04-30,2018-03-18
경기도,평택시,대복농장,닭,육계,2923.0,경기도 평택시 포승읍 희곡리 479-1번지,36.9606029,126.8773357,2018-08-31,2018-03-18
경기도,평택시,대영농장,닭,육계,4648.0,경기도 평택시 포승읍 홍원리 333-8번지 (374-75),37.0071544,126.8793602,2018-08-31,2018-03-18
경기도,평택시,대한농장,닭,육계,1400.0,경기도 평택시 고덕면 궁리 518-8번지,37.0137125,127.028984,2018-08-31,2018-03-18
경기도,평택시,도일농장,닭,육계,2765.0,경기도 평택시 도일동 산 13번지 3호,37.0480811,127.0965903,2018-04-30,2018-03-18
경기도,평택시,동순농장,닭,육계,330.0,경기도 평택시 오성면 숙성리 51-5번지,37.0127408,126.9846231,2018-03-14,2018-03-18
경기도,평택시,두곡농장,닭,육계,3257.0,경기도 평택시 서탄면 마두리 432-15번지,37.1051457,127.0112293,2018-03-14,2018-03-18
경기도,평택시,둥지농장,닭,육계,1680.0,경기도 평택시 서탄면 수월암리 698번지,37.1247869,127.0247348,2018-08-31,2018-03-18
경기도,평택시,마두양계장,닭,육계,1467.0,경기도 평택시 서탄면 마두리 109-2번지,37.1126694,127.0124227,2018-08-31,2018-03-18
경기도,평택시,매치농장,닭,육계,940.0,경기도 평택시 팽성읍 석근리 산 12번지,36.9373245,127.0432475,2018-04-30,2018-03-18
경기도,평택시,미하농장,닭,육계,2100.0,경기도 평택시 서탄면 마두리 425-25번지,37.106092,127.0076182,2018-04-30,2018-03-18
경기도,평택시,버들농장,닭,육계,1968.0,경기도 평택시 합정동 242-1번지,36.9805775,127.1022018,2018-03-14,2018-03-18
경기도,평택시,서탄농장,닭,육계,1622.0,경기도 평택시 서탄면 수월암리 302번지,37.128894,127.0326133,2018-04-30,2018-03-18
경기도,평택시,성산농장,닭,육계,1408.0,경기도 평택시 서탄면 수월암리 941번지 1호,37.1238947,127.0259498,2018-03-14,2018-03-18
경기도,평택시,세진농장,닭,육계,1965.0,경기도 평택시 도일동 산152-1번지,37.0594899,127.0947492,2018-04-30,2018-03-18
경기도,평택시,수일농장,닭,육계,1200.0,경기도 평택시 팽성읍 대사리 212-10번지,36.944635,127.0586986,2018-08-31,2018-03-18
경기도,평택시,신명농장,닭,육계,2750.0,경기도 평택시 서탄면 사리 736번지 (외1필지),37.1178976,127.0444796,2018-08-31,2018-03-18
경기도,평택시,야막농장,닭,육계,2240.0,경기도 평택시 진위면 야막리 118-3번지,37.1275861,127.0608132,2018-03-14,2018-03-18
경기도,평택시,여두선농장,닭,육계,2248.0,경기도 평택시 고덕면 방축리 388번지,37.023684,127.0412591,2018-04-30,2018-03-18
경기도,평택시,영계마을 2농장,닭,육계,2584.0,경기도 평택시 청북읍 어연리 548-3번지,37.0412058,126.9866283,2018-03-14,2018-03-18
경기도,평택시,오성농원,닭,육계,249.0,경기도 평택시 안중읍 삼정리 384-8번지,36.9717487,126.9729086,2018-04-30,2018-03-18
경기도,평택시,우성농장,닭,육계,844.0,경기도 평택시 포승읍 희곡리 450번지,36.9609087,126.8767513,2018-03-14,2018-03-18
경기도,평택시,운봉농장,닭,육계,1862.0,경기도 평택시 장안동 609-1번지,37.0601536,127.0867786,2018-08-31,2018-03-18
경기도,평택시,원범농장,닭,육계,968.0,경기도 평택시 서탄면 마두리 53번지,37.110316,127.0252819,2018-04-30,2018-03-18
경기도,평택시,은혜농장,닭,육계,2096.0,경기도 평택시 현덕면 화양리 산 179번지 2호,36.9745814,126.9220666,2018-04-30,2018-03-18
경기도,평택시,이조농원,닭,육계,926.0,경기도 평택시 포승읍 희곡리 46-4번지,36.9691022,126.8709657,2018-04-30,2018-03-18
경기도,평택시,장게농장,닭,육계,3420.0,경기도 평택시 청북읍 율북리 160-1번지 (외3필지),37.0689319,126.9904568,2018-04-30,2018-03-18
경기도,평택시,재래토종닭 농장,닭,육계,100.0,경기도 평택시 청룡동 44번지 6호,37.0328227,127.1293337,2018-08-31,2018-03-18
경기도,평택시,조현일농장,닭,육계,1926.0,경기도 평택시 고덕면 궁리 34-1번지,37.0223511,127.038921,2018-08-31,2018-03-18
경기도,평택시,창내농장,닭,육계,4375.0,경기도 평택시 오성면 창내리 133-35번지 (외 2필지),36.9890796,127.0138676,2018-03-14,2018-03-18
경기도,평택시,태평농장,닭,육계,787.0,경기도 평택시 고덕면 궁리 360-2번지,37.0174078,127.0245691,2018-04-30,2018-03-18
경기도,평택시,한국축산영농조합법인 부화장,닭,산란계,68000.0,경기도 평택시 청북읍 고잔리 574-4번지,37.0522911,126.9008268,2018-08-31,2017-01-05
경기도,평택시,한솔농장,닭,육계,1899.0,경기도 평택시 도일동 산 2번지 1호,37.0480811,127.0965903,2018-03-14,2018-03-18
경기도,평택시,현덕농장,닭,육계,1368.0,경기도 평택시 현덕면 도대리 산 3번지,36.9506778,126.9122794,2018-04-30,2018-03-18
경기도,평택시,효진농장,닭,육계,2590.0,경기도 평택시 포승읍 석정리 465번지,37.003493,126.885242,2018-04-30,2018-03-18
경기도,평택시,김동철,닭,육계,45000.0,경기도 평택시 포승읍 희곡리 479-1,36.9606029,126.8773357,2021-04-30,2022-11-18
경기도,평택시,김오동,닭,산란계,100000.0,경기도 평택시 청북읍 고잔리 1661-12번지,37.0629842,126.8979117,2020-07-31,2020-12-23
경기도,평택시,김종선,닭,육계,48000.0,경기도 평택시 오성면 창내리 165-2번지,36.981383,127.0247386,2020-11-30,2021-01-04
경기도,평택시,김찬주,닭,육계,60000.0,경기도 평택시 오성면 당거리 18번지,36.9884403,127.0061282,2020-11-30,2021-01-04
경기도,평택시,김태한,닭,산란계,25000.0,경기도 평택시 청북읍 삼계리 62-4번지,37.0464256,126.9250481,2021-04-30,2021-01-24
경기도,평택시,농업회사법인(주)양지바른,닭,산란계,660000.0,경기도 평택시 고덕면 동고리 505-3번지,36.9949123,127.0428735,2020-07-31,2021-01-04
경기도,평택시,농업회사법인(주)해오름양계,닭,산란계,120000.0,경기도 평택시 오성면 양교리 280-2,37.0278782,126.9814615,2020-07-31,2020-12-29
경기도,평택시,농업회사법인조인(주),닭,산란계,720000.0,경기도 평택시 청북읍 고잔리 1496-3번지,37.0323156,126.8827137,2020-06-30,2020-12-23
경기도,평택시,박미애,닭,산란계,40000.0,경기도 평택시 청북읍 삼계리 산 32번지 4호,37.0458179,126.9072991,2021-04-30,2021-01-24
경기도,평택시,박용선,닭,,20000.0,경기도 평택시 진위면 가곡리 140-2번지,37.1095907,127.0791153,2020-07-31,2022-02-08
경기도,평택시,백형삼,닭,육계,65000.0,경기도 평택시 포승읍 희곡리 7-2번지,36.9652407,126.8747229,2020-11-30,2022-11-18
경기도,평택시,안도원,닭,산란계,60000.0,경기도 평택시 팽성읍 대사리 산 10번지,36.9434702,127.0791964,2020-11-30,2020-12-15
경기도,평택시,안서운,닭,육계,50000.0,경기도 평택시 포승읍 석정리 580-1번지,36.9974329,126.8894416,2020-11-30,2020-12-23
경기도,평택시,오인근,닭,토종닭,1000.0,경기도 평택시 안중읍 삼정리 384-8번지,36.9717487,126.9729086,2020-06-30,2021-02-16
경기도,평택시,원유용,닭,육계,20000.0,경기도 평택시 고덕면 궁리 518-8번지,37.0137125,127.028984,2021-04-30,2021-02-16
경기도,평택시,윤경숙,닭,육계,40000.0,경기도 평택시 합정동 242-1번지,36.9805775,127.1022018,2021-04-30,2021-02-16
경기도,평택시,이명숙,닭,산란계,55000.0,경기도 평택시 안중읍 성해리 80번지,36.997506837567,126.906010912401,2020-11-30,2020-12-29
경기도,평택시,이명옥,오리,,10000.0,경기도 평택시 포승읍 석정리 산 165번지 4호,36.9951252,126.8884115,2021-04-30,2020-12-29
경기도,평택시,이수원,닭,육계,50000.0,경기도 평택시 오성면 양교리 814-1번지,37.0249888,126.9595145,2020-07-31,2020-12-23
경기도,평택시,이윤갑,닭,산란계,18000.0,경기도 평택시 오성면 숙성리 715-20번지,36.9987166,126.968483,2020-11-30,2020-12-29
경기도,평택시,임강빈,닭,산란계,58000.0,경기도 평택시 포승읍 석정리 465번지,37.003493,126.885242,2020-06-30,2020-12-23
경기도,평택시,정재엽,닭,육계,70000.0,경기도 평택시 오성면 창내리 367-4번지,36.9867999,127.0138448,2020-07-31,2021-01-04
경기도,평택시,정찬붕,닭,육계,90000.0,경기도 평택시 오성면 창내리 133-35번지,36.9890796,127.0138676,2021-04-30,2021-02-16
경기도,평택시,정학재,닭,산란계,35000.0,경기도 평택시 오성면 길음리 280-14번지,36.9894894,126.9677346,2020-07-31,2020-12-29
경기도,평택시,정회정,닭,육계,35000.0,경기도 평택시 진위면 야막리 118-3번지,37.1275861,127.0608132,2020-06-30,2021-01-24
경기도,평택시,조동현,닭,육계,60000.0,경기도 평택시 오성면 길음리 206,36.9807483,126.9652115,2021-04-30,2021-02-16
경기도,평택시,황중식,닭,산란계,44800.0,경기도 평택시 청북읍 고잔리 103-6번지,37.0577749,126.8966821,2021-04-30,2021-01-24
경기도,평택시,김애자,꿩,,4000.0,경기도 평택시 팽성읍 두정리 288번지,36.9402522,127.0457299,2021-07-31,2021-02-16
경기도,평택시,김영수,닭,육계,60000.0,경기도 평택시 서탄면 마두리 432-15,37.1051457,127.0112293,2021-06-30,2021-01-24
경기도,평택시,김중기,닭,산란계,60000.0,경기도 평택시 청북읍 고잔리 103-1번지,37.0575403,126.896244,2021-07-31,2022-01-23
경기도,평택시,김희태,닭,산란계,240000.0,경기도 평택시 오성면 양교리 281-2,37.0274637,126.9814616,2021-06-30,2021-02-16
경기도,평택시,노병길,닭,육계,32000.0,경기도 평택시 포승읍 희곡리 7-2번지,36.9652407,126.8747229,2021-06-30,2022-11-18
경기도,평택시,노지영,닭,산란계,360000.0,경기도 평택시 오성면 양교리 281-3,37.0272114,126.981428,2021-07-31,2021-02-16
경기도,평택시,이명숙,닭,산란계,55000.0,경기도 평택시 안중읍 성해리 80번지,36.997506837567,126.906010912401,2020-11-30,2021-02-11
경기도,평택시,조이종,닭,육계,40000.0,경기도 평택시 고덕면 방축리 271번지,37.0209343,127.0453706,2021-07-31,2021-02-16
경기도,평택시,최칠용,닭,육계,30000.0,경기도 평택시 서탄면 수월암리 302번지,37.128894,127.0326133,2021-07-31,2021-01-24
경기도,평택시,이명숙,닭,산란계,55000.0,경기도 평택시 안중읍 성해리 80번지,36.997506837567,126.906010912401,2020-11-30,2021-02-16
경기도,평택시,김승민,닭,육계,20000.0,경기도 평택시 포승읍 희곡리 450,36.9609087,126.8767513,2021-09-30,2022-11-18
경기도,평택시,김인순,닭,산란계,32000.0,경기도 평택시 청북읍 고잔리 135-1번지,37.0579845,126.8993014,2021-11-30,2022-01-23
경기도,평택시,김학주,닭,,120000.0,경기도 평택시 서탄면 회화리 266-2번지,37.095757,127.0064252,2021-09-30,2022-02-08
경기도,평택시,박흥수,닭,육계,50000.0,경기도 평택시 오성면 창내리 367-3번지,36.9872415,127.0138448,2021-11-30,2022-02-03
경기도,평택시,송근섭,닭,산란계,60000.0,경기도 평택시 현덕면 화양리 45-7,36.9705498,126.9166917,2021-11-30,2020-12-29
경기도,평택시,신상우,닭,,24000.0,경기도 평택시 포승읍 석정리 592번지,36.9961832,126.8923867,2021-11-30,2020-12-29
경기도,평택시,이종삼,닭,산란계,100000.0,경기도 평택시 청북읍 고잔리 1659-4,37.0638465,126.8949421,2021-09-30,2022-01-23
경기도,평택시,이종원,닭,산란계,50000.0,경기도 평택시 서탄면 수월암리 산49-6,37.128025,127.035388,2021-09-30,2022-02-08
경기도,평택시,정규경,닭,육계,80000.0,경기도 평택시 청북읍 율북리 160-1번지,37.0689319,126.9904568,2021-11-30,2022-01-23
경기도,평택시,허근무,닭,육계,15000.0,경기도 평택시 서탄면 마두리 53번지,37.110316,127.0252819,2021-11-30,2022-02-08
경기도,평택시,황승준,닭,산란계,150000.0,경기도 평택시 청북읍 고잔리 1661-4번지,37.0647855,126.8970434,2021-09-30,2022-01-23
경기도,평택시,(주)성주농업회사,닭,종계/산란계,325000.0,경기도 평택시 팽성읍 대사리 2번지 11호,36.9465965987,127.083275877,2025-05-31,2025-04-20
경기도,평택시,(주)성주농업회사,닭,산란계,,경기도 평택시 팽성읍 대사리 2번지 11호,36.9465965987,127.083275877,2025-07-31,2025-04-20
경기도,평택시,거창농장,닭,산란계,,경기도 평택시 청북읍 고잔1길 35-20,37.0585124575,126.8994486173,2026-01-31,2025-12-02
경기도,평택시,거창농장,닭,종계/산란계,25644.0,경기도 평택시 청북면 고잔리 135번지 1호,37.0585124575,126.8994486173,2025-05-31,2025-11-10
경기도,평택시,검은들농장,닭,육계,,경기도 평택시 포승읍 석정로 218-17 (등 2필지(477-2)),36.9995796038,126.8840658093,2026-01-31,2025-11-16
경기도,평택시,검은들농장,닭,육계,40000.0,경기도 평택시 포승읍 석정리 477번지 등 2필지(477-2),36.9995796038,126.8840658093,2025-05-31,2025-11-10
경기도,평택시,구구청북농장,닭,종계/산란계,23000.0,경기도 평택시 청북면 삼계리 62번지 3호,37.046607808,126.9255649256,2025-05-31,2025-11-10
경기도,평택시,군문주말농장,닭,육계,,경기도 평택시 군문동 151번지 3호,36.9859793653,127.088808603,2025-08-31,2025-12-10
경기도,평택시,길음농장,닭,육계,,경기도 평택시 오성면 길음3길 73-32,36.9807450452,126.9651392373,2026-02-26,2025-12-25
경기도,평택시,길음농장,닭,산란계,,"경기도 평택시 오성면 길음리 280번지 16호 , -43, -58",36.9895996562,126.9677067752,2025-07-31,2025-12-02
경기도,평택시,길음농장,닭,종계/산란계,30000.0,"경기도 평택시 오성면 길음리 280번지 43호 , -16",36.9895996562,126.9677067752,2025-05-31,2025-12-02
경기도,평택시,내기농장,닭,육계,,경기도 평택시 포승읍 석정로 58-52,36.9871541051,126.8821157847,2025-07-31,2025-11-10
경기도,평택시,내기농장,닭,육계,35000.0,경기도 평택시 포승읍 석정리 1205번지 3호,36.9876822509,126.8826222817,2025-05-31,2025-11-10
경기도,평택시,농업회사법인 인천축산(주),닭,육계,,경기도 평택시 오성면 오성북로 301,37.0279415061,126.9823843164,2026-01-31,2025-12-25
경기도,평택시,농업회사법인 인천축산(주),닭,육계,40000.0,"경기도 평택시 오성면 양교리 278번지 외 2필지(278-1, 278-5)",37.0279415061,126.9823843164,2025-05-31,2025-11-10
경기도,평택시,농업회사법인 조인팜스(주) 청북지점,닭,산란계,,경기도 평택시 청북읍 고잔7길 69-94,37.0321690721,126.8828919949,2025-08-31,2025-11-10
경기도,평택시,농업회사법인 주식회사 장연양계,닭,산란계,,경기도 평택시 오성면 오성북로 277-26,37.0279895343,126.9814927186,2026-02-26,2025-12-25
경기도,평택시,농업회사법인 주식회사 장연양계,닭,산란중추,120000.0,경기도 평택시 오성면 양교리 280번지 1호 280-2,37.0279895343,126.9814927186,2025-05-31,2025-11-10
경기도,평택시,농업회사법인 히즈팜 주식회사,닭,종계/산란계,67608.0,경기도 평택시 청북읍 고잔리 1647번지,37.069970321,126.9013943755,2025-05-31,2025-11-10
경기도,평택시,농업회사법인 히즈팜 주식회사,닭,산란계,,경기도 평택시 청북읍 청북중앙로 669-64,37.069970321,126.9013943755,2025-08-31,2025-11-10
경기도,평택시,농업회사법인 히즈팜(주) 고덕지점,닭,산란계,,경기도 평택시 고덕면 고덕로 36-55,37.0251566922,127.0239526547,2025-08-31,2025-12-02
경기도,평택시,농업회사법인(주)양지바른,닭,산란계,,"경기도 평택시 고덕면 동고1길 17-114, (동고리 505-3,-4,-5,506-5)",36.995936848,127.0443846603,2025-07-31,2025-12-02
경기도,평택시,당거농장,닭,육계,,경기도 평택시 오성면 당거3길 48-12,36.988582707376,127.006084359775,2025-07-31,2025-11-15
경기도,평택시,대림농장,닭,육계,,경기도 평택시 오성면 신4리길 42-10,37.0048796201432,127.022437030749,2025-07-31,2025-11-15
경기도,평택시,대복농장,닭,육계,,경기도 평택시 포승읍 이대원로 180-23,36.9600253633,126.8775365571,2026-02-26,2023-01-12
경기도,평택시,대복농장,닭,육계,43000.0,경기도 평택시 포승읍 희곡리 479번지 1호,36.9608621293,126.8769640104,2025-05-31,2023-01-12
경기도,평택시,대성농장,닭,육계,,"경기도 평택시 평남로 576-37, (합정동 242-1,243-1) (합정동)",36.9807247729563,127.10239172449,2025-08-31,2025-11-15
경기도,평택시,대성농장,닭,육계,52919.0,경기도 평택시 합정동 242번지 1호,36.9807251585,127.1023875712,2025-05-31,2025-12-10
경기도,평택시,대영농장,닭,육계,,경기도 평택시 포승읍 석정로 374-77,37.0077760403,126.879346346,2025-08-31,2025-11-10
경기도,평택시,대영농장,닭,육계,100000.0,"경기도 평택시 포승읍 홍원리 333번지 7호 외 3필지(333-8, 333-15, 333-16)",37.0072533523,126.8793730753,2025-05-31,2025-11-10
경기도,평택시,대일농장,닭,육계,20000.0,경기도 평택시 팽성읍 대사리 산 10번지,36.9469456472058,127.059694534093,2025-05-31,2025-11-15
경기도,평택시,대한농장,닭,육계,,경기도 평택시 고덕면 효학길 131-35,37.0135340108,127.0299266131,2026-01-31,2025-12-25
경기도,평택시,덕수농장,닭,산란계,,경기도 평택시 서탄면 마두길 59-248,37.1061793328,127.0091190306,2026-02-26,2025-12-02
경기도,평택시,도곡농장2,닭,산란계,,경기도 평택시 포승읍 한유지길 71-9,36.991287052,126.8731633655,2026-02-26,2025-11-15
경기도,평택시,동순농장,닭,육계,,경기도 평택시 오성면 청오로 33-24,37.0282355947597,126.97479341929,2025-07-31,2025-11-15
경기도,평택시,동순농장,닭,육계,250.0,경기도 평택시 오성면 숙성리 51번지 5호,37.0025881932925,126.97867173709,2025-05-31,2025-11-15
경기도,평택시,두곡농장,닭,육계,,경기도 평택시 서탄면 마두길 59-360,37.1052940688,127.010846667,2026-01-31,2025-12-02
경기도,평택시,드림팜,닭,산란계,,경기도 평택시 고덕면 문곡3길 71-32,37.0628076435,127.001313517,2025-08-31,2025-11-15
경기도,평택시,드림팜,닭,산란중추,36000.0,경기도 평택시 고덕면 문곡리 770번지 10호,37.0627206505,127.0023466256,2025-05-31,2025-11-15
경기도,평택시,들길농장,닭,육계,,경기도 평택시 오성면 숙성뜰길 97-27,37.0037758805,126.9874342631,2025-08-31,2025-12-02
경기도,평택시,들길농장,닭,육계,57000.0,경기도 평택시 오성면 숙성리 358번지,37.0037758805,126.9874342631,2025-05-31,2025-12-02
경기도,평택시,마두양계장,닭,육계,30000.0,경기도 평택시 서탄면 마두리 109번지 2호,37.1127377961,127.0125546495,2025-05-31,2025-12-02
경기도,평택시,마두양계장,닭,육계,,경기도 평택시 서탄면 서탄1로 261,37.1128095373,127.0124641455,2026-01-31,2025-12-02
경기도,평택시,무지개농원,닭,육계,,경기도 평택시 오성면 양교길 148-24,37.02468637499,126.959607290479,2025-07-31,2025-11-15
경기도,평택시,미하농장,닭,육계,35000.0,경기도 평택시 서탄면 마두리 425-25번지,37.10602867,127.0075668805,2025-05-31,2025-12-02
경기도,평택시,미하농장,닭,육계,,경기도 평택시 서탄면 마두길 59-234,37.1064804881,127.0078340653,2026-01-31,2025-12-02
경기도,평택시,믿음농산,닭,산란계,,경기도 평택시 안중읍 안중6길 33,36.9882913830123,126.942456709392,2026-02-26,2025-11-15
경기도,평택시,봉화농장,닭,산란계,,경기도 평택시 청북읍 원목길 52,37.0577773112,126.8966875703,2025-07-31,2025-11-10
경기도,평택시,사향오리농원,오리+산양,,,경기도 평택시 청북읍 고잔리 318번지 19호,37.0597591639,126.904695403,2025-08-31,2025-11-10
경기도,평택시,삼현농원,닭,육계,45000.0,경기도 평택시 청북면 한산리 228번지 13호,37.0547464128856,126.964532012898,2025-05-31,2025-11-15
경기도,평택시,삼화농장,닭,육계,,경기도 평택시 장안동 102번지 7호,37.0569272304926,127.084807199986,2026-01-31,2025-11-15
경기도,평택시,삼화농장,닭,육계,48000.0,경기도 평택시 장안동 102번지 7호,37.0569272304926,127.084807199986,2025-05-31,2025-11-15
경기도,평택시,선천축산,닭,육계,,"경기도 평택시 포승읍 곡교길 125-35 (,1068-6번지)",37.003327831,126.8515877802,2025-08-31,2025-11-10
경기도,평택시,선천축산,닭,육계,55000.0,"경기도 평택시 포승읍 도곡리 1068번지 5호 ,1068-6번지",37.003327831,126.8515877802,2025-05-31,2025-11-10
경기도,평택시,성재농장,닭,종계/산란계,147000.0,경기도 평택시 청북읍 고잔리 1661번지 4호 외 1필지(1661-5),37.0644869785,126.8972980865,2025-05-31,2025-11-10
경기도,평택시,성재농장,닭,산란계,,경기도 평택시 청북읍 청북중앙로 681-25,37.0647658357,126.8971833967,2025-08-31,2025-11-10
경기도,평택시,소망농장,닭,종계/산란계,77350.0,경기도 평택시 포승읍 홍원리 82번지 8호 외 1필지,37.0189482407,126.8887096597,2025-05-31,2025-11-10
경기도,평택시,소망농장,닭,육계,50000.0,경기도 평택시 오성면 창내리 133번지 40호,36.9874725806,127.0140180791,2025-05-31,2025-12-02
경기도,평택시,소망농장,닭,육계,,경기도 평택시 오성면 창내뜰길 184-4,36.9874696465396,127.014023500191,2026-01-31,2025-11-15
경기도,평택시,소망농장,닭,산란계,,경기도 평택시 포승읍 외원길 33-93,37.018948315764,126.888704741134,2025-08-31,2025-11-15
경기도,평택시,소망농장 제2농장,닭,산란계,,경기도 평택시 포승읍 외원길 33-87,37.0184948316417,126.887493133606,2025-08-31,2025-11-15
경기도,평택시,수일농장,닭,육계,25000.0,경기도 평택시 팽성읍 대사리 212번지 10호,36.9433461147,127.0595852499,2025-05-31,2025-04-20
경기도,평택시,신리농장,닭,육계,75000.0,경기도 평택시 오성면 신리 68번지 7호,37.0048774015,127.0224381549,2025-05-31,2025-12-02
경기도,평택시,신명농장,닭,육계,,경기도 평택시 서탄면 서탄2로 206-46 (외1필지),37.1179408464,127.0447705435,2026-01-31,2025-12-02
경기도,평택시,신명농장,닭,육계,30000.0,경기도 평택시 서탄면 사리 736번지 외1필지,37.1179408464,127.0447705435,2025-05-31,2025-12-02
경기도,평택시,쌍용농장,닭,종계/산란계,35000.0,"경기도 평택시 월곡동 273번지 1호 ,273-2, 273-3, 272-10, 272-12",37.0197031388,127.1419805656,2025-05-31,2025-12-10
경기도,평택시,쌍용농장,닭,산란계,,경기도 평택시 월곡길 104-45 (월곡동),37.0197031388,127.1419805656,2026-01-31,2025-12-25
경기도,평택시,야막농장,닭,육계,,경기도 평택시 진위면 야막길 46-62,37.1281140681624,127.061026569458,2026-02-26,2025-11-15
경기도,평택시,야막농장,닭,육계,30000.0,경기도 평택시 진위면 야막리 118번지 1호,37.1281070596,127.0610334674,2025-05-31,2022-02-08
경기도,평택시,에이원축산,닭,육계,,경기도 평택시 포승읍 원석정용소길 98-19,36.9964874046,126.8927554654,2025-08-31,2025-11-10
경기도,평택시,에이원축산,닭,육계,72000.0,경기도 평택시 포승읍 석정리 591번지,36.9964874046,126.8927554654,2025-05-31,2025-11-10
경기도,평택시,영계마을,닭,육계,90000.0,"경기도 평택시 청북읍 백봉리 97번지 ,98,99,100-1",37.0393329417,126.986430704,2025-05-31,2025-11-10
경기도,평택시,영계마을,닭,육계,,경기도 평택시 청북읍 어연길 111-52,37.0395040618,126.9863958175,2025-08-31,2025-11-10
경기도,평택시,영계마을2,닭,육계,,경기도 평택시 청북읍 어연길 111-33,37.0412824881108,126.986507279551,2026-01-31,2025-11-15
경기도,평택시,영신농장,닭,산란계,,경기도 평택시 청북읍 백봉길 372-52,37.0460152140311,126.992761640684,2025-08-31,2025-11-15
경기도,평택시,오성농원,닭,육계,,경기도 평택시 안중읍 삼정길 134-345,36.9714796963,126.9691447568,2026-02-26,2025-12-25
경기도,평택시,오성축산,닭,육계,,경기도 평택시 청북읍 청북중앙로 681-1,37.0656775979,126.896709104,2025-07-31,2025-11-10
경기도,평택시,오성축산,닭,육계,60000.0,경기도 평택시 청북면 고잔리 1661번지 12호,37.06294904,126.8979851387,2025-05-31,2025-11-10
경기도,평택시,우성농장,닭,육계,19000.0,경기도 평택시 포승읍 희곡리 450번지 1호,36.9610054095,126.8767831141,2025-05-31,2023-01-12
경기도,평택시,우성농장,닭,육계,,경기도 평택시 포승읍 이대원로 180-21,36.9610054095,126.8767831141,2026-01-31,2023-01-12
경기도,평택시,일진농장,닭,육계,,경기도 평택시 청북읍 삼계리 산 32번지 4호,37.0461223804,126.9075081305,2026-02-26,2025-12-02
경기도,평택시,일진농장,닭,육계,30000.0,경기도 평택시 청북면 삼계리 산 32번지 4호,37.0461223804,126.9075081305,2025-05-31,2025-11-10
경기도,평택시,장계농장,닭,육계,,경기도 평택시 청북읍 율북로 232-31 (외3필지),37.0690169803,126.9906402433,2025-08-31,2025-11-10
경기도,평택시,재엽농장,닭,육계,,경기도 평택시 오성면 창내뜰길 184-5,36.986843762616,127.013944869802,2026-02-26,2025-11-15
경기도,평택시,재엽농장,닭,육계,76600.0,경기도 평택시 오성면 창내리 367번지 4호,36.9870215524,127.0139422896,2025-05-31,2025-12-02
경기도,평택시,정원오리농장,오리,,,경기도 평택시 고덕면 용소금각로 364 (외 2필지),37.072011378,127.0016447026,2026-02-26,2025-12-25
경기도,평택시,제암농장,닭,산란계,,경기도 평택시 청북읍 고잔길 21-24,37.0543207611,126.9102111135,2026-01-31,2025-12-02
경기도,평택시,제일농원,닭,산란계,,경기도 평택시 청북읍 현곡길 79-54,37.046607808,126.9255649256,2025-08-31,2025-11-10
경기도,평택시,주도농장,닭,산란계,,경기도 평택시 청북읍 고잔리 103-1번지,37.0511402143019,126.886743462533,2026-01-31,2025-11-15
경기도,평택시,주도농장,닭,종계/산란계,35616.0,경기도 평택시 청북면 고잔리 103번지 1호,37.0577773112,126.8966875703,2025-05-31,2025-11-10
경기도,평택시,준현농장,닭,육계,,"경기도 평택시 포승읍 이대원로 231 (,233)",36.9652757547,126.8746026725,2025-07-31,2023-01-12
경기도,평택시,준현농장(3),닭,육계,,경기도 평택시 포승읍 이대원로 231,36.9668246904,126.8747789347,2025-07-31,2023-01-12
경기도,평택시,준현농장(3),닭,육계,15000.0,경기도 평택시 포승읍 희곡리 7번지 3호,36.9652667408,126.8746027462,2025-05-31,2023-01-12
경기도,평택시,중원축산,닭,산란계,,경기도 평택시 포승읍 석정로 218-33,36.9999700581,126.8846133606,2026-02-26,2025-11-16
경기도,평택시,중원축산,닭,종계/산란계,40000.0,경기도 평택시 포승읍 석정리 478번지,36.9999700581,126.8846133606,2025-05-31,2025-11-10
경기도,평택시,창내농장,닭,육계,,경기도 평택시 오성면 창내뜰길 184,36.9890049814,127.0140083303,2025-08-31,2025-12-02
경기도,평택시,창내농장,닭,육계,90000.0,경기도 평택시 오성면 창내리 133번지 35호 외 2필지,36.9890049814,127.0140083303,2025-05-31,2025-12-02
경기도,평택시,청남농원,닭,산란계,,경기도 평택시 청북읍 청북중앙로 721-19,37.0662495373,126.9018060677,2025-07-31,2025-11-10
경기도,평택시,청남농원,닭,종계/산란계,115200.0,경기도 평택시 청북읍 고잔리 1665번지,37.0662486863,126.9016373457,2025-05-31,2025-11-10
경기도,평택시,청남축산,닭,산란계,,경기도 평택시 청북읍 고잔1길 35-40,37.0568881428,126.8991015091,2025-07-31,2025-11-10
경기도,평택시,청남축산,닭,종계/산란계,30000.0,경기도 평택시 청북읍 고잔리 182번지 7호,37.0568881428,126.8991015091,2025-05-31,2025-11-10
경기도,평택시,청운축산,닭,산란계,,경기도 평택시 청북읍 청북중앙로 661-23,37.065115738,126.8944136688,2025-08-31,2025-11-10
경기도,평택시,태성농장,닭,산란계,,경기도 평택시 오성면 숙성3길 28-66,36.998333483956,126.968281369293,2026-02-26,2025-11-15
경기도,평택시,해오름양계,닭,산란중추,251590.0,"경기도 평택시 오성면 양교리 281번지 1호 , 281-2",37.0277370927,126.9814831916,2025-05-31,2025-11-10
경기도,평택시,호빈조류새농장,닭,육계,0.0,경기도 평택시 오성면 죽리 317번지 2호 외2필지,37.0109206576,126.9601956316,2025-05-31,2025-11-10
경기도,평택시,호성축산,닭,산란계,,경기도 평택시 현덕면 대안1길 61-41,36.9472369716,126.9453793247,2025-07-31,2024-02-09
경기도,평택시,효진농장,닭,육계,,경기도 평택시 포승읍 새원길 99,37.0038027157,126.8849196501,2025-07-31,2025-11-10
경기도,평택시,효진농장,닭,육계,60000.0,경기도 평택시 포승읍 석정리 465번지,37.0038027157,126.8849196501,2025-05-31,2025-11-10
경기도,평택시,당거농장,닭,육계,,경기도 평택시 오성면 당거3길 48-12,36.988582707376,127.006084359775,2025-07-31,2025-12-02
경기도,평택시,대림농장,닭,육계,,경기도 평택시 오성면 신4리길 42-10,37.0048796201432,127.022437030749,2025-07-31,2025-12-02
경기도,평택시,대성농장,닭,육계,,"경기도 평택시 평남로 576-37, (합정동 242-1,243-1) (합정동)",36.9807247729563,127.10239172449,2025-08-31,2025-12-02
경기도,평택시,동순농장,닭,육계,,경기도 평택시 오성면 청오로 33-24,37.0282355947597,126.97479341929,2025-07-31,2025-12-02
경기도,평택시,무지개농원,닭,육계,,경기도 평택시 오성면 양교길 148-24,37.02468637499,126.959607290479,2025-07-31,2025-12-02
경기도,평택시,믿음농산,닭,산란계,,경기도 평택시 안중읍 안중6길 33,36.9882913830123,126.942456709392,2026-02-26,2025-12-02
경기도,평택시,삼화농장,닭,육계,,경기도 평택시 장안동 102번지 7호,37.0569272304926,127.084807199986,2026-01-31,2025-12-02
경기도,평택시,소망농장,닭,육계,,경기도 평택시 오성면 창내뜰길 184-4,36.9874696465396,127.014023500191,2026-01-31,2025-12-02
경기도,평택시,소망농장,닭,산란계,,경기도 평택시 포승읍 외원길 33-93,37.018948315764,126.888704741134,2025-08-31,2025-12-02
경기도,평택시,소망농장 제2농장,닭,산란계,,경기도 평택시 포승읍 외원길 33-87,37.0184948316417,126.887493133606,2025-08-31,2025-12-02
경기도,평택시,야막농장,닭,육계,,경기도 평택시 진위면 야막길 46-62,37.1281140681624,127.061026569458,2026-02-26,2025-12-02
경기도,평택시,영계마을2,닭,육계,,경기도 평택시 청북읍 어연길 111-33,37.0412824881108,126.986507279551,2026-01-31,2025-12-02
경기도,평택시,영신농장,닭,산란계,,경기도 평택시 청북읍 백봉길 372-52,37.0460152140311,126.992761640684,2025-08-31,2025-12-02
경기도,평택시,재엽농장,닭,육계,,경기도 평택시 오성면 창내뜰길 184-5,36.986843762616,127.013944869802,2026-02-26,2025-12-02
경기도,평택시,주도농장,닭,산란계,,경기도 평택시 청북읍 고잔리 103-1번지,37.0511402143019,126.886743462533,2026-01-31,2025-12-02
경기도,평택시,태성농장,닭,산란계,,경기도 평택시 오성면 숙성3길 28-66,36.998333483956,126.968281369293,2026-02-26,2025-12-02
경기도,평택시,당거농장,닭,육계,,경기도 평택시 오성면 당거3길 48-12,36.988582707376,127.006084359775,2025-07-31,2025-12-25
경기도,평택시,대림농장,닭,육계,,경기도 평택시 오성면 신4리길 42-10,37.0048796201432,127.022437030749,2025-07-31,2025-12-25
경기도,평택시,대성농장,닭,육계,,"경기도 평택시 평남로 576-37, (합정동 242-1,243-1) (합정동)",36.9807247729563,127.10239172449,2025-08-31,2025-12-25
경기도,평택시,동순농장,닭,육계,,경기도 평택시 오성면 청오로 33-24,37.0282355947597,126.97479341929,2025-07-31,2025-12-25
경기도,평택시,무지개농원,닭,육계,,경기도 평택시 오성면 양교길 148-24,37.02468637499,126.959607290479,2025-07-31,2025-12-25
경기도,평택시,믿음농산,닭,산란계,,경기도 평택시 안중읍 안중6길 33,36.9882913830123,126.942456709392,2026-02-26,2025-12-25
경기도,평택시,삼화농장,닭,육계,,경기도 평택시 장안동 102번지 7호,37.0569272304926,127.084807199986,2026-01-31,2025-12-25
경기도,평택시,소망농장,닭,육계,,경기도 평택시 오성면 창내뜰길 184-4,36.9874696465396,127.014023500191,2026-01-31,2025-12-25
경기도,평택시,소망농장,닭,산란계,,경기도 평택시 포승읍 외원길 33-93,37.018948315764,126.888704741134,2025-08-31,2025-12-25
경기도,평택시,소망농장 제2농장,닭,산란계,,경기도 평택시 포승읍 외원길 33-87,37.0184948316417,126.887493133606,2025-08-31,2025-12-25
경기도,평택시,야막농장,닭,육계,,경기도 평택시 진위면 야막길 46-62,37.1281140681624,127.061026569458,2026-02-26,2025-12-25
경기도,평택시,영계마을2,닭,육계,,경기도 평택시 청북읍 어연길 111-33,37.0412824881108,126.986507279551,2026-01-31,2025-12-25
경기도,평택시,영신농장,닭,산란계,,경기도 평택시 청북읍 백봉길 372-52,37.0460152140311,126.992761640684,2025-08-31,2025-12-25
경기도,평택시,재엽농장,닭,육계,,경기도 평택시 오성면 창내뜰길 184-5,36.986843762616,127.013944869802,2026-02-26,2025-12-25
경기도,평택시,주도농장,닭,산란계,,경기도 평택시 청북읍 고잔리 103-1번지,37.0511402143019,126.886743462533,2026-01-31,2025-12-25
경기도,평택시,태성농장,닭,산란계,,경기도 평택시 오성면 숙성3길 28-66,36.998333483956,126.968281369293,2026-02-26,2025-12-25
경기도,포천시,-,닭,산란계,,경기도 포천시 영중면 성동리 372번지 13호,38.038259,127.262427,2018-03-14,2018-01-04
경기도,포천시,-,닭,산란계,,경기도 포천시 영중면 성동리 382번지,38.0347,127.2626195,2018-04-30,2018-01-04
경기도,포천시,-,닭,산란계,,경기도 포천시 일동면 사직리 154번지 1호 외1필지(164-5),38.0042403,127.355955,2018-04-30,2018-01-04
경기도,포천시,-,닭,산란계,,경기도 포천시 영북면 자일리,38.1034287,127.28652,2018-04-30,2018-01-04
경기도,포천시,153농장,닭,육계,25000.0,경기도 포천시 이동면 장암리 375번지,38.0247104,127.3614173,2018-03-14,2018-01-04
경기도,포천시,LA농장,닭,육계,1000.0,경기도 포천시 내촌면 내리 산 6번지,37.7892387,127.2294482,2018-03-14,2018-01-04
경기도,포천시,가농바이오(주),닭,산란계,,경기도 포천시 가산면 우금리 618번지 6호,37.8386205,127.2092415,2018-04-30,2018-01-04
경기도,포천시,가람농장,닭,육계,35000.0,경기도 포천시 가산면 정교리 381번지,37.8181742,127.1721376,2018-04-30,2018-01-04
경기도,포천시,가온농장,닭,산란계,,경기도 포천시 창수면 주원리 65번지 5호,38.0147652,127.1902961,2018-03-14,2018-01-04
경기도,포천시,거사리농장,닭,육계,0.0,경기도 포천시 영중면 거사리 400번지 2호,37.9978188,127.2357693,2018-04-30,2018-01-04
경기도,포천시,경란농장,닭,육계,3500.0,경기도 포천시 신북면 심곡리 350번지 1호,37.9369689,127.1857985,2018-03-14,2018-01-04
경기도,포천시,경복농장,닭,육계,25000.0,경기도 포천시 영중면 거사리 366번지,37.9941565,127.2381029,2018-04-30,2018-01-04
경기도,포천시,경환농장,닭,육계,45000.0,"경기도 포천시 일동면 사직리 656번지 7호 외2필지(-8,-10)",37.9961818,127.3389762,2018-04-30,2018-01-04
경기도,포천시,계림농장,닭,육계,70000.0,경기도 포천시 창수면 주원리 94번지,38.0100963,127.191662,2018-04-30,2018-01-04
경기도,포천시,곽○○,닭,육계,11000.0,경기도 포천시 영중면 영송리 324번지,38.0116201,127.2268515,2018-03-14,2018-01-04
경기도,포천시,광원농장,닭,산란계,,경기도 포천시 창수면 주원리 488번지,38.0134553,127.1810235,2018-03-14,2018-01-04
경기도,포천시,군내농장,닭,육계,60000.0,경기도 포천시 군내면 구읍리 282번지 1호,37.8800316,127.2170181,2018-03-14,2018-01-04
경기도,포천시,근상농장,닭,산란계,,경기도 포천시 창수면 주원리 27번지,38.0075127,127.1959366,2018-04-30,2018-01-04
경기도,포천시,금동농장,닭,육계,40000.0,경기도 포천시 신북면 삼성당리 472번지 10호,37.9645695,127.1938327,2018-03-14,2018-01-04
경기도,포천시,금성농장,닭,산란계,,경기도 포천시 선단동 9번지 4호,37.8569153,127.1716921,2018-04-30,2018-01-04
경기도,포천시,김○○,닭,육계,30000.0,경기도 포천시 신북면 계류리 305번지,37.9451061,127.1786627,2018-04-30,2018-01-04
경기도,포천시,김○○,닭,육계,25000.0,경기도 포천시 가산면 마산리 308번지,37.8381693,127.1821121,2018-04-30,2018-01-04
경기도,포천시,나○○,닭,육계,200.0,경기도 포천시 신북면 삼성당리 27번지,37.9607676,127.2148855,2018-03-14,2018-01-04
경기도,포천시,남매농장,닭,육계,20000.0,경기도 포천시 군내면 하성북리 38번지 3호,37.9060534,127.2345474,2018-04-30,2018-01-04
경기도,포천시,남송농장,닭,육계,10000.0,경기도 포천시 창수면 추동리 662번지,37.9977589,127.1639653,2018-04-30,2018-01-04
경기도,포천시,노적농장,닭,육계,70000.0,경기도 포천시 신북면 금동리 127번지 1호,37.9361066,127.12892,2018-03-14,2018-01-04
경기도,포천시,농업회사법인 인천축산 주식회사,닭,육계,16000.0,경기도 포천시 영중면 영송리 84번지,38.0145706,127.2292062,2018-03-14,2018-01-04
경기도,포천시,농업회사법인(주)에스앤마니커 일동지점,닭,육계,70000.0,경기도 포천시 일동면 길명리 239번지,37.9377154,127.290182,2018-04-30,2018-01-04
경기도,포천시,늘푸른농장,닭,산란계,,"경기도 포천시 일동면 사직리 353번지 3호 , 8, 9호",37.9806057,127.3511181,2018-03-14,2018-01-04
경기도,포천시,능원농장,닭,육계,4000.0,경기도 포천시 영중면 양문리 504번지,38.0026274,127.2501303,2018-03-14,2018-01-04
경기도,포천시,다랑골농장,닭,산란계,,경기도 포천시 영북면 자일리 494번지,38.101533,127.2843693,2018-04-30,2018-01-04
경기도,포천시,대붕농장,닭,산란계,,경기도 포천시 군내면 상성북리 242번지 1호,37.8970002,127.2384869,2018-04-30,2018-01-04
경기도,포천시,대성농장,닭,육계,50000.0,경기도 포천시 신북면 심곡리,37.9434453,127.1978166,2018-04-30,2018-01-04
경기도,포천시,대성농장,닭,산란계,,경기도 포천시 영북면 자일리 51번지,38.1091975,127.3033945,2018-04-30,2018-01-04
경기도,포천시,대성농장,닭,산란계,,경기도 포천시 영중면 거사리,37.975738,127.2444063,2018-04-30,2018-01-04
경기도,포천시,대성농장,닭,산란계,,경기도 포천시 영북면 야미리 725번지,38.0469838,127.2606009,2018-04-30,2018-01-04
경기도,포천시,대진농장,닭,산란계,,경기도 포천시 영북면 자일리 447번지 6호,38.1040259,127.2854506,2018-03-14,2018-01-04
경기도,포천시,덕기농장,닭,육계,52.0,경기도 포천시 내촌면 신팔리 170번지,37.8474539,127.2738456,2018-04-30,2018-01-04
경기도,포천시,류씨농장,닭,산란계,,경기도 포천시 영북면 자일리 447번지 1호,38.10442,127.2863984,2018-03-14,2018-01-04
경기도,포천시,명산농장,닭,육계,25000.0,경기도 포천시 군내면 명산리 137번지,37.8622508,127.2295465,2018-04-30,2018-01-04
경기도,포천시,무진축산,닭,육계,35000.0,경기도 포천시 창수면 추동리 552번지,37.9977376,127.1663902,2018-04-30,2018-01-04
경기도,포천시,문암농장,닭,육계,30000.0,경기도 포천시 영북면 문암리 404번지 1호,38.0700593,127.2672117,2018-04-30,2018-01-04
경기도,포천시,민농장,닭,산란계,,경기도 포천시 영중면 양문리 672번지,37.9884899,127.2468727,2018-03-14,2018-01-04
경기도,포천시,믿음농장,닭,산란계,,경기도 포천시 관인면 냉정리 929번지 4호,38.1333571,127.270873,2018-03-14,2018-01-04
경기도,포천시,백로주농장,닭,육계,6000.0,경기도 포천시 영중면 금주리 697번지,37.9822911,127.242709,2018-03-14,2018-01-04
경기도,포천시,범수농장,닭,육계,20000.0,경기도 포천시 영북면 자일리 480번지 41호,38.0983334,127.2811763,2018-03-14,2018-01-04
경기도,포천시,복골농장,닭,육계,3500.0,경기도 포천시 일동면 사직리 365번지 1호 외1필지(365-2),37.9811555,127.3417873,2018-04-30,2018-01-04
경기도,포천시,봄율농장,닭,육계,80000.0,경기도 포천시 창수면 가양리 253번지 1호,37.9946501,127.1999329,2018-04-30,2018-01-04
경기도,포천시,부엉농산,닭,육계,80000.0,"경기도 포천시 영중면 영송리 80번지 외2필지(82,84)",38.0150117,127.2294012,2018-04-30,2018-01-04
경기도,포천시,산마루농장,닭,육계,20000.0,경기도 포천시 군내면 상성북리 532번지,37.8957179,127.2308542,2018-03-14,2018-01-04
경기도,포천시,삼삼농장,닭,산란계,,경기도 포천시 이동면 노곡리,38.0192076,127.3608667,2018-03-14,2018-01-04
경기도,포천시,삼우농장,닭,산란계,,경기도 포천시 창수면 추동리 734번지 1호 외1필지(736-1),37.9929533,127.166687,2018-04-30,2018-01-04
경기도,포천시,상우축산,닭,육계,30000.0,경기도 포천시 창수면 가양리 252번지 1호,37.9941522,127.2013205,2018-03-14,2018-01-04
경기도,포천시,상지농장,닭,육계,2000.0,경기도 포천시 내촌면 내리 429번지,37.7818984,127.2234095,2018-03-14,2018-01-04
경기도,포천시,새청농원,닭,육계,300.0,경기도 포천시 관인면 사정리 299번지 1호,38.1304702,127.2522603,2018-03-14,2018-01-04
경기도,포천시,생수농장,닭,육계,50000.0,경기도 포천시 신북면 덕둔리 544번지,37.9638251,127.1140032,2018-04-30,2018-01-04
경기도,포천시,서부농장,닭,산란계,,경기도 포천시 영북면 자일리 539번지 2호,38.1060887,127.2855383,2018-04-30,2018-01-04
경기도,포천시,서부축산,닭,산란계,,경기도 포천시 영북면 야미리 416번지 1호 외 6필지,38.0417039,127.2689324,2018-04-30,2018-01-04
경기도,포천시,선달농원,닭,육계,4000.0,경기도 포천시 선단동 339번지 1호,37.8621147,127.164556,2018-03-14,2018-01-04
경기도,포천시,선돌농장,닭,육계,0.0,경기도 포천시 군내면 상성북리 328번지,37.8909442,127.2348298,2018-03-14,2018-01-04
경기도,포천시,송도농장,닭,육계,20000.0,경기도 포천시 영북면 대회산리 67번지,38.0658399,127.2345375,2018-04-30,2018-01-04
경기도,포천시,송이축산,닭,산란계,,경기도 포천시 일동면 사직리 865번지 1호 외2필지,37.99852,127.3341141,2018-03-14,2018-01-04
경기도,포천시,송일양계,닭,산란계,,경기도 포천시 선단동 825번지,37.8613343,127.1480541,2018-03-14,2018-01-04
경기도,포천시,승진농장,닭,육계,8000.0,"경기도 포천시 이동면 노곡리 1374번지 , 1375번지",38.0094581,127.355422,2018-03-14,2018-01-04
경기도,포천시,승천농장,닭,산란계,,경기도 포천시 창수면 주원리 488번지,38.0134553,127.1810235,2018-04-30,2018-01-04
경기도,포천시,승호농장,닭,산란계,,"경기도 포천시 창수면 주원리 488번지 외2(489, 489-1)",38.0134553,127.1810235,2018-03-14,2018-01-04
경기도,포천시,시온농장,닭,육계,54.0,경기도 포천시 관인면 냉정리 968번지 3호,38.1316071,127.2679239,2018-04-30,2018-01-04
경기도,포천시,신진농장,닭,산란계,,경기도 포천시 일동면 길명리 665번지,37.9231349,127.2726218,2018-04-30,2018-01-04
경기도,포천시,신호농장,닭,산란계,,경기도 포천시 창수면 운산리 36번지,38.0510383,127.2153278,2018-04-30,2018-01-04
경기도,포천시,약수농장,닭,육계,20000.0,경기도 포천시 영북면 자일리 477번지,38.0974456,127.2832364,2018-03-14,2018-01-04
경기도,포천시,엄마축산,닭,육계,20000.0,경기도 포천시 영북면 문암리 17번지 2호,38.0740846,127.2758762,2018-03-14,2018-01-04
경기도,포천시,에그존,닭,산란계,,"경기도 포천시 소흘읍 고모리 77번지 1호 외2필지(78,79-2)",37.8048185,127.1747188,2018-03-14,2018-01-04
경기도,포천시,여주농장,닭,산란계,,경기도 포천시 창수면 주원리 140번지 3호,38.0036768,127.1947196,2018-04-30,2018-01-04
경기도,포천시,연화농장,닭,육계,35000.0,경기도 포천시 영북면 자일리 480번지 42호,38.0979453,127.2814827,2018-03-14,2018-01-04
경기도,포천시,영재농장,닭,육계,40000.0,경기도 포천시 영중면 거사리 503번지,38.0056495,127.2302719,2018-04-30,2018-01-04
경기도,포천시,영화농장,닭,육계,900.0,경기도 포천시 소흘읍 무봉리 21번지,37.8095079,127.1441938,2018-03-14,2018-01-04
경기도,포천시,영화농장,닭,육계,40000.0,경기도 포천시 창수면 가양리 251번지 1호,37.993873,127.2012742,2018-04-30,2018-01-04
경기도,포천시,영훈농장,닭,육계,25000.0,경기도 포천시 가산면 가산리 22번지,37.8233122,127.1824964,2018-04-30,2018-01-04
경기도,포천시,예린농장,닭,육계,15000.0,경기도 포천시 일동면 사직리 산 24번지,37.9924571,127.3275639,2018-03-14,2018-01-04
경기도,포천시,예선농장,닭,산란계,,경기도 포천시 영북면 자일리 490번지 3호,38.1003105,127.2832359,2018-04-30,2018-01-04
경기도,포천시,예천농장,닭,육계,30.0,경기도 포천시 창수면 오가리 360번지 4호,38.0339235,127.1928507,2018-04-30,2018-01-04
경기도,포천시,오뚜기농장,닭,육계,80.0,경기도 포천시 관인면 중리 176번지 1호,38.1110805,127.2068244,2018-03-14,2018-01-04
경기도,포천시,오성농장,닭,산란계,,경기도 포천시 영북면 야미리 277번지 4호,38.0536981,127.2715165,2018-04-30,2018-01-04
경기도,포천시,우리사료부속농장,닭,산란계,,경기도 포천시 창수면 추동리 216번지 3호,37.98099,127.1844963,2018-03-14,2018-01-04
경기도,포천시,욱별농장,닭,육계,2000.0,경기도 포천시 일동면 화대리 329번지,37.9666034,127.3330945,2018-03-14,2018-01-04
경기도,포천시,원일농장,닭,육계,50000.0,경기도 포천시 가산면 우금리 460번지,37.8335903,127.2109087,2018-03-14,2018-01-04
경기도,포천시,원천농장,닭,산란계,,경기도 포천시 신북면 삼정리 228번지,37.9676274,127.1468065,2018-04-30,2018-01-04
경기도,포천시,유진농장,닭,육계,22000.0,경기도 포천시 소흘읍 이곡리 311번지 1통,37.7789757,127.1508329,2018-04-30,2018-01-04
경기도,포천시,육계농장,닭,육계,65000.0,경기도 포천시 창수면 추동리 2통 1반,37.9908037,127.1885161,2018-04-30,2018-01-04
경기도,포천시,윤○○,닭,육계,20000.0,경기도 포천시 이동면 연곡리 798번지 2호,38.0103724,127.3687489,2018-03-14,2018-01-04
경기도,포천시,은현농장,닭,육계,70000.0,경기도 포천시 영중면 거사리 410번지 5호,38.0013714,127.2342891,2018-04-30,2018-01-04
경기도,포천시,임○○,닭,육계,5000.0,경기도 포천시 영중면 영송리 165번지 1호,38.0032396,127.2231598,2018-03-14,2018-01-04
경기도,포천시,임○○,닭,육계,34.0,경기도 포천시 일동면 길명리 691번지 1호,37.9302996,127.2716015,2018-04-30,2018-01-04
경기도,포천시,자산도농장,닭,육계,30000.0,경기도 포천시 이동면 연곡리 1014번지,38.0088481,127.3635035,2018-03-14,2018-01-04
경기도,포천시,자일농장,닭,육계,100.0,경기도 포천시 영북면 자일리 1176번지,38.1123852,127.278265,2018-04-30,2018-01-04
경기도,포천시,정○○,닭,육계,10000.0,경기도 포천시 창수면 추동리 564번지,37.9981519,127.1664367,2018-04-30,2018-01-04
경기도,포천시,정축산,닭,육계,0.0,경기도 포천시 일동면 수입리 150번지 2호,37.9660496,127.3215642,2018-04-30,2018-01-04
경기도,포천시,제일농장,닭,산란계,,경기도 포천시 영북면 문암리 338번지,38.0754229,127.265795,2018-04-30,2018-01-04
경기도,포천시,제일농장2,닭,산란계,,경기도 포천시 영북면 문암리 324번지 4호,38.0776125,127.2655977,2018-03-14,2018-01-04
경기도,포천시,제주농장,닭,산란계,,경기도 포천시 창수면 추동리 216번지 3호,37.98099,127.1844963,2018-03-14,2018-01-04
경기도,포천시,조○○,닭,육계,60.0,경기도 포천시 소흘읍 무봉리 206번지,37.81065,127.1383136,2018-04-30,2018-01-04
경기도,포천시,조대박농장,닭,육계,300.0,경기도 포천시 가산면 마산리 524번지,37.8486119,127.1756384,2018-03-14,2018-01-04
경기도,포천시,종복농장,닭,산란계,,경기도 포천시 소흘읍 고모리 79번지 3호,37.8045656,127.1751383,2018-04-30,2018-01-04
경기도,포천시,주은농장,닭,육계,50000.0,경기도 포천시 영중면 거사리 197번지 4호 외1필지(197-5),37.9797406,127.2387398,2018-04-30,2018-01-04
경기도,포천시,중앙농장,닭,산란계,,경기도 포천시 영북면 야미리,38.0473293,127.2672894,2018-03-14,2018-01-04
경기도,포천시,지원농장,닭,산란계,,경기도 포천시 창수면 주원리 27번지 3호,38.0072882,127.1955261,2018-04-30,2018-01-04
경기도,포천시,청계농장,닭,육계,140000.0,경기도 포천시 신북면 덕둔리 505번지,37.9567383,127.1196704,2018-03-14,2018-01-04
경기도,포천시,초원농장,닭,육계,10000.0,경기도 포천시 신북면 계류리 135번지,37.953213,127.1855201,2018-04-30,2018-01-04
경기도,포천시,최○○,닭,육계,30000.0,경기도 포천시 가산면 가산리 681번지,37.8293108,127.1650297,2018-03-14,2018-01-04
경기도,포천시,칠곡농장,닭,산란계,,경기도 포천시 가산면 마산리 72번지 3호,37.84,127.1868084,2018-03-14,2018-01-04
경기도,포천시,파주농장,닭,육계,30000.0,경기도 포천시 신북면 기지리 402번지,37.9105285,127.2311842,2018-04-30,2018-01-04
경기도,포천시,푸른농장,닭,육계,20000.0,경기도 포천시 신북면 심곡리 254번지,37.9412105,127.1926005,2018-03-14,2018-01-04
경기도,포천시,하성양계장,닭,산란계,,경기도 포천시 영북면 야미리 452번지,38.0436712,127.26346,2018-03-14,2018-01-04
경기도,포천시,학선농장,닭,육계,60000.0,경기도 포천시 가산면 마산리 577번지 2호,37.8502512,127.1819709,2018-03-14,2018-01-04
경기도,포천시,한미농장,닭,육계,35000.0,경기도 포천시 영북면 야미리 454번지,38.0450682,127.2631802,2018-04-30,2018-01-04
경기도,포천시,한빛농장,닭,산란계,,경기도 포천시 신북면 만세교리 61번지 4호,37.9642373,127.2467925,2018-04-30,2018-01-04
경기도,포천시,한일농장,닭,육계,120000.0,"경기도 포천시 신북면 고일리 343번지 외2필지(343-2,-3)",37.9769559,127.1710219,2018-04-30,2018-01-04
경기도,포천시,햇빛농장,닭,산란계,,경기도 포천시 신북면 금동리 455번지 4호,37.9474618,127.1256173,2018-03-14,2018-01-04
경기도,포천시,햇빛농장,닭,육계,5000.0,경기도 포천시 신북면 만세교리 354번지,37.9522107,127.2376278,2018-04-30,2018-01-04
경기도,포천시,혜옥농장,닭,육계,10000.0,경기도 포천시 화현면 명덕리 469번지 2호,37.8975851,127.2763259,2018-04-30,2018-01-04
경기도,포천시,홍문화농장,닭,육계,60.0,경기도 포천시 영중면 거사리 180번지 1호,37.9784344,127.2386559,2018-03-14,2018-01-04
경기도,포천시,화현농장,닭,육계,25000.0,경기도 포천시 일동면 길명리 81번지 3호 외1필지(82),37.9215264,127.2862067,2018-03-14,2018-01-04
경기도,포천시,화현농장,닭,육계,30000.0,경기도 포천시 일동면 길명리,37.93801,127.2875895,2018-03-14,2018-01-04
경기도,포천시,화현농장,닭,육계,1200.0,경기도 포천시 화현면 화현리 282번지,37.9118843,127.2944823,2018-03-14,2018-01-04
경기도,포천시,가농바이오(주),닭,산란계,246230.0,경기도 포천시 가산면 우금리 618-6번지,37.8386205,127.2092415,2020-11-30,2021-01-13
경기도,포천시,가온농장,닭,산란계,270000.0,경기도 포천시 창수면 주원리 61-1번지,38.0143757,127.1916274,2021-04-30,2021-02-27
경기도,포천시,가온농장,닭,산란계,264600.0,경기도 포천시 창수면 주원리 64번지,38.0141259,127.1901008,2021-04-30,2021-02-27
경기도,포천시,강포농장,닭,산란계,51700.0,경기도 포천시 영북면 자일리 341번지 1호,38.1151141,127.289929,2020-11-30,2018-01-04
경기도,포천시,거사리농장,닭,육계,0.0,경기도 포천시 영중면 거사리 400번지 2호,37.9978188,127.2357693,2021-04-30,2021-02-27
경기도,포천시,경복농장,닭,육계,25000.0,경기도 포천시 영중면 거사리 366번지,37.9941565,127.2381029,2021-04-30,2021-02-27
경기도,포천시,경원농장,닭,육계,24000.0,경기도 포천시 영북면 자일리 671번지,38.1162813,127.2803094,2020-11-30,2018-01-04
경기도,포천시,관인양계장,닭,산란계,12000.0,경기도 포천시 관인면 초과리 143번지 2호,38.1503018,127.2465437,2020-11-30,2018-01-04
경기도,포천시,군내농장,닭,육계,60000.0,경기도 포천시 군내면 구읍리 282-1번지,37.8800316,127.2170181,2020-11-30,2021-01-13
경기도,포천시,농업회사법인 (주)서림축산,닭,산란계,180000.0,경기도 포천시 관인면 탄동리 392번지,38.1547722,127.2624515,2021-06-30,2018-01-04
경기도,포천시,다랑골농장,닭,산란계,50000.0,경기도 포천시 영북면 자일리 494-2번지,38.1017841,127.2848377,2021-04-30,2018-01-04
경기도,포천시,덕기농장,닭,육계,52.0,경기도 포천시 내촌면 신팔리 170번지,37.8474539,127.2738456,2021-04-30,2017-02-02
경기도,포천시,맑은햇살농장,닭,산란계,40000.0,경기도 포천시 영중면 거사리 509번지,38.0039252,127.2321338,2021-04-30,2021-02-27
경기도,포천시,봄율농장,닭,육계,80000.0,경기도 포천시 창수면 가양리 253-1번지,37.9946501,127.1999329,2020-11-30,2021-01-27
경기도,포천시,선돌농장,닭,육계,75000.0,경기도 포천시 군내면 상성북리 327-1번지,37.8904203,127.2355216,2021-04-30,2021-01-27
경기도,포천시,승천농장,닭,산란계,170000.0,경기도 포천시 창수면 주원리 488번지,38.0134553,127.1810235,2020-11-30,2021-01-27
경기도,포천시,신진농장,닭,산란계,44700.0,경기도 포천시 일동면 길명리 666번지,37.9234687,127.2724297,2020-07-31,2021-01-27
경기도,포천시,영재농장,닭,육계,40000.0,경기도 포천시 영중면 거사리 482-3번지,38.0060371,127.2301592,2020-11-30,2021-01-27
경기도,포천시,영흥농장2,닭,산란계,20000.0,경기도 포천시 영북면 자일리 341-5번지,38.114637,127.2897561,2020-07-31,2018-01-04
경기도,포천시,우농타조농장,타조,육계,6.0,경기도 포천시 관인면 중리 694-1번지,38.0866165,127.2042716,2020-11-30,2021-02-08
경기도,포천시,우리농장,닭,육계,25500.0,경기도 포천시 신북면 덕둔리 394번지,37.962958,127.1163119,2020-07-31,2021-01-27
경기도,포천시,원천농장,닭,산란계,100000.0,경기도 포천시 신북면 삼정리 228번지,37.9676274,127.1468065,2020-07-31,2021-01-27
경기도,포천시,은현농장,닭,육계,70000.0,경기도 포천시 영중면 거사리 410-5번지,38.0013714,127.2342891,2020-11-30,2021-01-27
경기도,포천시,초가농장,닭,육계,30000.0,경기도 포천시 소흘읍 고모리 450번지,37.8103114,127.1766393,2020-07-31,2021-01-13
경기도,포천시,초원농장,닭,육계,10000.0,경기도 포천시 신북면 계류리 135번지,37.953213,127.1855201,2021-04-30,2021-02-27
경기도,포천시,포천농장,닭,산란계,95000.0,경기도 포천시 영중면 거사리 509번지,38.0039252,127.2321338,2020-11-30,2021-01-27
경기도,포천시,하성양계장,닭,산란계,25000.0,경기도 포천시 영북면 야미리 452번지,38.0436712,127.26346,2021-04-30,2021-02-27
경기도,포천시,한일농장,닭,육계,120000.0,"경기도 포천시 신북면 고일리 343번지 (외2필지(343-2,-3))",37.9769559,127.1710219,2020-11-30,2021-01-27
경기도,포천시,-,닭,육계,5000.0,경기도 포천시 영중면 영송리 165번지 1호,38.0032307,127.2231256,2021-07-31,2021-02-27
경기도,포천시,광원농장,닭,산란계,30000.0,경기도 포천시 창수면 주원리 488번지,38.0134553,127.1810235,2021-07-31,2021-02-27
경기도,포천시,대명농장,닭,육계,70000.0,경기도 포천시 창수면 가양리 422-1번지,37.9735738,127.1967695,2021-07-31,2021-02-27
경기도,포천시,신호농장,닭,산란계,17000.0,경기도 포천시 창수면 운산리 36번지,38.0510383,127.2153278,2021-07-31,2021-02-27
경기도,포천시,양문농장,닭,산란계,50000.0,경기도 포천시 영중면 거사리 936번지,37.9983753,127.2275967,2021-07-31,2021-02-27
경기도,포천시,연화농장,닭,육계,35000.0,경기도 포천시 영북면 자일리 480-42번지,38.0979453,127.2814827,2021-07-31,2018-01-04
경기도,포천시,영농조합법인 자연농산,닭,산란계,308000.0,경기도 포천시 영북면 문암리 359-1번지 (외1필지(359-5)),38.0741756,127.2635682,2021-07-31,2021-02-27
경기도,포천시,예산농장,닭,산란계,52500.0,경기도 포천시 선단동 10번지,37.8566453,127.1714983,2021-07-31,2021-01-13
경기도,포천시,욱별농장,닭,육계,2000.0,경기도 포천시 일동면 화대리 329번지,37.9666034,127.3330945,2021-07-31,2021-02-27
경기도,포천시,햇빛농장,닭,산란계,15000.0,경기도 포천시 신북면 금동리 455-4번지,37.9474618,127.1256173,2021-07-31,2021-02-08
경기도,포천시,햇빛농장,닭,육계,5000.0,경기도 포천시 신북면 만세교리 354번지,37.9522107,127.2376278,2021-07-31,2021-02-27
경기도,포천시,153농장,닭,육계,25000.0,경기도 포천시 이동면 장암리 375번지,38.0247130532,127.361692027,2026-02-26,2026-02-25
경기도,포천시,LA농장,닭,육계,1000.0,경기도 포천시 내촌면 내리 산 6번지,37.7812314629,127.2377966014,2026-02-26,2026-02-17
경기도,포천시,거사리농장,닭,육계,0.0,경기도 포천시 영중면 거사리 400번지 2호,37.9906106440315,127.22070561039,2026-02-26,2026-02-25
경기도,포천시,경호농장,닭,종계/산란계,18000.0,경기도 포천시 영북면 자일리 344번지 1호,38.1155803446,127.2891612623,2026-02-26,2026-03-13
경기도,포천시,고센농장,닭,육계,11000.0,경기도 포천시 영중면 영송리 202번지,38.0053444705,127.2198803335,2026-02-26,2026-02-17
경기도,포천시,금동농장,닭,육계,60000.0,경기도 포천시 신북면 삼성당리 472번지 10호,37.9646484655,127.1934638907,2026-02-26,2026-03-07
경기도,포천시,낙영농장,닭,육계,11000.0,경기도 포천시 가산면 정교리 133번지,37.8224377998,127.1821110412,2026-02-26,2021-01-13
경기도,포천시,남송농장,닭,육계,250.0,경기도 포천시 창수면 추동리 662번지,37.997655818,127.1645226095,2025-08-31,2026-02-17
경기도,포천시,농업회사법인 (주)서림축산,닭,종계/산란계,180000.0,경기도 포천시 관인면 탄동리 392번지,38.1552927632,127.2621899323,2025-08-31,2018-01-04
경기도,포천시,농업회사법인 지니팜(주),닭,육계,50000.0,경기도 포천시 소흘읍 이동교리 442번지,37.7871572596,127.1286909297,2026-01-31,2021-01-13
경기도,포천시,농업회사법인 최연축산(주),닭,종계/산란계,100000.0,경기도 포천시 창수면 주원리 136번지 1호,38.008832281,127.1944760819,2026-01-31,2026-02-17
경기도,포천시,늘푸른농장,닭,종계/산란계,20000.0,"경기도 포천시 일동면 사직리 353번지 3호  , 8, 9호",37.9806813137697,127.351193534694,2025-08-31,2026-02-17
경기도,포천시,늘푸른농장,닭,종계/산란계,17000.0,경기도 포천시 창수면 주원리 55번지 8호,38.0143156414,127.1953509396,2025-08-31,2026-02-17
경기도,포천시,대붕농장,닭,종계/산란계,70000.0,경기도 포천시 군내면 상성북리 242번지 1호,37.897160353,127.2387394045,2026-01-31,2021-01-27
경기도,포천시,대성농장,닭,종계/산란계,60000.0,경기도 포천시 영북면 야미리 725번지,38.0470100495,127.2603067911,2025-08-31,2026-02-17
경기도,포천시,대성농장,닭,육계,50000.0,경기도 포천시 신북면 심곡리 272번지,37.9441115023,127.1913640347,2026-02-26,2026-03-07
경기도,포천시,대성농장,닭,육계,65000.0,경기도 포천시 영중면 거사리 483번지,38.0063460438,127.2319735717,2026-02-26,2026-02-25
경기도,포천시,대성농장,닭,육계,10000.0,경기도 포천시 이동면 노곡리 1049번지,38.0187839202,127.3284932619,2026-02-26,2026-02-25
경기도,포천시,대흥농장,닭,육계,12000.0,경기도 포천시 영북면 야미리 130번지,38.054722378,127.2772993342,2026-01-31,2026-02-17
경기도,포천시,대흥농장,닭,종계/산란계,45000.0,경기도 포천시 영북면 야미리 127번지,38.0556320603,127.2769774208,2026-01-31,2026-02-17
경기도,포천시,덕기농장,닭,육계,400.0,경기도 포천시 내촌면 신팔리 170번지 2호,37.8473554184,127.2742417587,2026-02-26,2017-02-02
경기도,포천시,만세농장,닭,종계/산란계,39750.0,경기도 포천시 신북면 만세교리 61번지 4호,37.9644150305,127.2468915496,2026-02-26,2026-02-25
경기도,포천시,맑은햇살농장,닭,종계/산란계,40000.0,경기도 포천시 영중면 거사리 497번지 3호,38.0047089519,127.233403352,2025-08-31,2026-02-17
경기도,포천시,명진농장,닭,육계,35000.0,경기도 포천시 관인면 냉정리 795번지 1호,38.1473890662,127.2668833983,2025-08-31,2018-01-04
경기도,포천시,무진축산,닭,육계,35000.0,경기도 포천시 창수면 추동리 552번지,37.9977786523,127.1665152085,2026-02-26,2026-03-07
경기도,포천시,믿음농장,닭,종계/산란계,30045.0,경기도 포천시 관인면 냉정리 929번지 4호,38.1335894709,127.2708525376,2025-08-31,2026-03-13
경기도,포천시,바람직한농장,닭,육계,1000.0,경기도 포천시 이동면 도평리 374번지 2호,38.0559475355,127.3741830445,2025-08-31,2026-02-25
경기도,포천시,버들농장,닭,종계/산란계,27000.0,경기도 포천시 영북면 자일리 447번지 1호,38.1044175089,127.2863418361,2026-02-26,2026-03-13
경기도,포천시,보결농장,닭,종계/산란계,0.0,"경기도 포천시 영북면 자일리 538번지 3호 ,446,-1,537,539-2,538-7,536-10,-9,-15",38.1057057611,127.2860301158,2025-08-31,2026-03-13
경기도,포천시,보성농장,닭,육계,8000.0,경기도 포천시 화현면 지현리 152번지 2호,37.9195620027556,127.26959210117,2025-08-31,2021-02-27
경기도,포천시,봄율농장,닭,육계,80000.0,경기도 포천시 창수면 가양리 253번지 1호,37.9948406546,127.2000578089,2026-01-31,2026-02-17
경기도,포천시,부엉농산,닭,육계,80000.0,"경기도 포천시 영중면 영송리 80번지 외2필지(82,84)",38.0151724921,127.2292870534,2026-02-26,2026-02-25
경기도,포천시,산마을농장,닭,종계/산란계,24000.0,경기도 포천시 영북면 대회산리 216번지,38.0680533288,127.2304489421,2025-08-31,2026-02-17
경기도,포천시,삼오농장,닭,종계/산란계,1350.0,경기도 포천시 창수면 추동리 742번지 3호,37.99307393,127.1665137321,2026-01-31,2026-02-17
경기도,포천시,삼우농장,닭,종계/산란계,150000.0,경기도 포천시 창수면 추동리 734번지 1호 외1필지(736-1),37.99307393,127.1665137321,2026-02-26,2026-03-07
경기도,포천시,상우축산,닭,육계,30000.0,경기도 포천시 창수면 가양리 252번지 1호,37.9935297383,127.202010637,2026-01-31,2026-02-17
경기도,포천시,상주농장,닭,종계/산란계,20000.0,경기도 포천시 영북면 자일리 447번지 2호,38.1044705882,127.2857941912,2026-01-31,2026-03-13
경기도,포천시,새마을농장,닭,종계/산란계,21420.0,경기도 포천시 영중면 양문리 256번지 1호,37.9980800456,127.2519695264,2025-08-31,2026-02-17
경기도,포천시,샘터농장,닭,종계/산란계,20000.0,경기도 포천시 이동면 노곡리 725번지,38.0195517726,127.336044953,2025-08-31,2026-02-25
경기도,포천시,선돌농장,닭,육계,75000.0,경기도 포천시 군내면 상성북리 328번지,37.8911117885,127.2343480399,2025-08-31,2021-01-27
경기도,포천시,섭섭이농장,닭,육계,2000.0,경기도 포천시 관인면 초과리 235번지,38.1464973316,127.2390931698,2026-01-31,2018-01-04
경기도,포천시,성지농원,닭,종계/산란계,55000.0,경기도 포천시 영북면 자일리 496번지 외2필지,38.1020990878,127.2851623968,2025-08-31,2026-03-13
경기도,포천시,송림축산,닭,종계/산란계,6804.0,경기도 포천시 소흘읍 고모리 23번지,37.804600984,127.1755761381,2026-01-31,2021-01-13
경기도,포천시,송이축산,닭,종계/산란계,500000.0,경기도 포천시 일동면 사직리 865번지 1호 외2필지,37.9973590837,127.3339189854,2026-01-31,2026-02-25
경기도,포천시,승진농장,닭,육계,8000.0,"경기도 포천시 이동면 노곡리 1374번지 , 1375번지",38.0096996735,127.3558992533,2026-02-26,2026-02-25
경기도,포천시,애란농장,닭,종계/산란계,45000.0,경기도 포천시 창수면 주원리 20번지,38.0048776885,127.195267052,2026-01-31,2026-02-17
경기도,포천시,양문농장,닭,종계/산란계,150000.0,"경기도 포천시 영중면 거사리 936번지 ,-1, -3, 937-1, -4, -5, 578-3",37.9982334648,127.2276181169,2026-01-31,2026-02-17
경기도,포천시,엄마축산,닭,육계,20000.0,경기도 포천시 영북면 문암리 17번지 2호,38.073797805005,127.274004792125,2026-01-31,2026-02-17
경기도,포천시,에그플러스,닭,종계/산란계,204000.0,경기도 포천시 영북면 야미리 416번지 1호 외 6필지,38.0418285273,127.2697484402,2025-08-31,2026-02-17
경기도,포천시,여주농장,닭,종계/산란계,50000.0,경기도 포천시 창수면 주원리 140번지 3호,38.0038215108,127.1946221692,2026-02-26,2026-02-17
경기도,포천시,영화농장,닭,육계,40000.0,경기도 포천시 창수면 가양리 251번지 1호,37.9935297383,127.202010637,2026-02-26,2026-02-17
경기도,포천시,예산농장,닭,종계/산란계,180000.0,"경기도 포천시 선단동 10번지 1호 ,-2,-3,-4,-6,12-1",37.8561204617,127.1724858317,2026-02-26,2021-01-13
경기도,포천시,오뚜기농장,닭,육계,48.0,경기도 포천시 관인면 중리 176번지 1호,38.1111679471,127.206894658,2026-02-26,2026-03-13
경기도,포천시,오성농장,닭,종계/산란계,15100.0,경기도 포천시 영북면 야미리 277번지 4호,38.053899764,127.2713291729,2026-02-26,2026-02-25
경기도,포천시,우리농장,닭,육계,25000.0,경기도 포천시 신북면 덕둔리 394번지 1호,37.9630987849,127.1167869324,2025-08-31,2026-02-17
경기도,포천시,원일농장,닭,육계,50000.0,경기도 포천시 가산면 우금리 460번지,37.8335265454,127.2111103288,2026-02-26,2021-01-13
경기도,포천시,월산농장,닭,종계/산란계,60000.0,경기도 포천시 영중면 영송리 174번지,38.0009307498,127.2209677819,2025-08-31,2026-02-17
경기도,포천시,은현농장,닭,육계,70000.0,경기도 포천시 영중면 거사리 410번지 5호,38.0015925859,127.2343258416,2025-08-31,2026-02-17
경기도,포천시,은혜농장,닭,육계,25000.0,경기도 포천시 설운동 1통 2반,37.8537362325,127.1489320113,2026-02-26,2021-01-13
경기도,포천시,자산도농장,닭,육계,30000.0,경기도 포천시 이동면 연곡리 1014번지,38.0085552509,127.3636361069,2026-01-31,2026-02-25
경기도,포천시,재림농장,닭,종계/산란계,29000.0,경기도 포천시 영북면 야미리 452번지,38.0431327946,127.2638979393,2026-01-31,2026-02-17
경기도,포천시,조대박농장,닭,육계,300.0,경기도 포천시 가산면 마산리 524번지,37.8489101234,127.1757912912,2026-02-26,2021-01-13
경기도,포천시,종복농장,닭,종계/산란계,9000.0,경기도 포천시 소흘읍 고모리 79번지 3호,37.804600984,127.1755761381,2026-02-26,2021-01-13
경기도,포천시,죽산농장,닭,육계,30000.0,경기도 포천시 가산면 가산리 711번지,37.8266437836,127.1652510499,2026-01-31,2021-01-13
경기도,포천시,지원농장,닭,종계/산란계,10000.0,경기도 포천시 창수면 주원리 27번지 3호,38.0072309636,127.195621822,2025-08-31,2026-02-17
경기도,포천시,초가농장,닭,육계,30000.0,"경기도 포천시 소흘읍 고모리 451번지 ,452",37.8113809229,127.1763190079,2026-02-26,2021-01-13
경기도,포천시,축산(육계),닭,육계,30000.0,경기도 포천시 영중면 거사리 197번지 1호,37.9799633615,127.239117946,2025-08-31,2026-02-17
경기도,포천시,칠천농장,닭,종계/산란계,20000.0,경기도 포천시 영북면 자일리 1009번지 7호,38.1217060546,127.2777919625,2026-02-26,2026-03-13
경기도,포천시,클린환경,닭,종계/산란계,50000.0,경기도 포천시 창수면 추동리 216번지 3호,37.9814416025,127.184033969,2026-01-31,2026-02-17
경기도,포천시,푸른솔농장,닭,육계,60000.0,경기도 포천시 신북면 계류리 391번지 1호,37.9448572557,127.1770659917,2026-02-26,2026-03-07
경기도,포천시,학선농장,닭,육계,60000.0,"경기도 포천시 가산면 마산리 577번지 2호 ,3,620-9,618-14",37.8506228992,127.1825129404,2026-02-26,2021-01-13
경기도,포천시,한빛농장,닭,종계/산란계,100000.0,경기도 포천시 신북면 만세교리 61번지 4호,37.9644150305,127.2468915496,2026-02-26,2026-02-25
경기도,포천시,한일농원,닭,종계/산란계,50000.0,경기도 포천시 관인면 사정리 산 248번지,38.1178272195,127.2492491874,2026-02-26,2026-03-13
경기도,포천시,한일농장,닭,육계,120000.0,"경기도 포천시 신북면 고일리 343번지 외2필지(343-2,-3)",37.9770439568,127.1711180138,2025-08-31,2026-02-17
경기도,포천시,함양농장,닭,종계/산란계,18000.0,경기도 포천시 화현면 지현리 197번지 4호,37.9111677854,127.2741606621,2025-08-31,2021-01-27
경기도,포천시,해오름양계포천농장,닭,종계/산란계,90000.0,경기도 포천시 이동면 연곡리 77번지 외1필지(76-1),38.0140473951,127.3834708573,2026-02-26,2026-02-25
경기도,포천시,햇빛농장,닭,종계/산란계,15000.0,경기도 포천시 신북면 금동리 455번지 4호,37.9474911123,127.1260302775,2026-02-26,2026-03-07
경기도,포천시,현네축산,닭,육계,6000.0,"경기도 포천시 이동면 연곡리 1015번지 등 2필지(1018, 1019)",38.0087087994,127.3639206027,2026-01-31,2026-02-25
경기도,포천시,화순농장,닭,종계/산란계,31000.0,경기도 포천시 이동면 노곡리 1225번지 7호,38.0052541144,127.3214397871,2025-08-31,2026-02-25
경기도,포천시,황금농장,닭,육계,60000.0,경기도 포천시 관인면 탄동리 1147번지,38.1593446758,127.2647907133,2026-02-26,2018-01-04
경기도,포천시,LA농장,닭,육계,1000.0,경기도 포천시 내촌면 내리 산 6번지,37.7812314629,127.2377966014,2026-02-26,2026-02-25
경기도,포천시,늘푸른농장,닭,종계/산란계,20000.0,"경기도 포천시 일동면 사직리 353번지 3호  , 8, 9호",37.9806813137697,127.351193534694,2025-08-31,2026-02-25
경기도,포천시,LA농장,닭,육계,1000.0,경기도 포천시 내촌면 내리 산 6번지,37.7812314629,127.2377966014,2026-02-26,2026-03-07
경기도,포천시,LA농장,닭,육계,1000.0,경기도 포천시 내촌면 내리 산 6번지,37.7812314629,127.2377966014,2026-02-26,2026-03-13
경기도,화성시,2000축산,닭,산란계,14000.0,경기도 화성시 장안면 독정리 767번지 11호,37.085312,126.8481696,2018-03-14,2017-01-05
경기도,화성시,K & C 농장,닭,산란계,9700.0,경기도 화성시 장안면 독정리 767번지 2호,37.0847809,126.8486093,2018-03-14,2017-01-05
경기도,화성시,계림농장,닭,육계,18000.0,경기도 화성시 장안면 독정리 1072번지 1호,37.0572854,126.8453596,2018-03-14,2017-01-05
경기도,화성시,기원농장,닭,산란계,100.0,경기도 화성시 남양읍 신남리 1274-3번지,37.1720819,126.7996661,2018-04-30,2017-01-05
경기도,화성시,길성농장,닭,육계,35000.0,경기도 화성시 양감면 사창리 293번지 1호,37.0954206,126.9760095,2018-04-30,2018-01-27
경기도,화성시,김상희농장,닭,육계,40000.0,경기도 화성시 팔탄면 지월리 102번지,37.1397574,126.8918068,2018-03-14,2017-01-05
경기도,화성시,꼬꼬마을농장,닭,산란계,500.0,경기도 화성시 장안면 노진리 12번지 4호,37.053872,126.8212521,2018-03-14,2017-01-05
경기도,화성시,남촌농장,닭,산란계,20000.0,경기도 화성시 정남면 수면리 134번지,37.1544762,127.0263643,2018-04-30,2018-01-27
경기도,화성시,다올농장,닭,산란계,50000.0,경기도 화성시 양감면 사창리 777번지,37.0952266,126.9597669,2018-04-30,2014-02-17
경기도,화성시,다원농장,닭,육계,35000.0,경기도 화성시 우정읍 화수리 964번지 17호,37.1098914,126.7892794,2018-04-30,2017-01-05
경기도,화성시,대경농장,닭,육계,100000.0,경기도 화성시 양감면 용소리 392번지 1호 외 4필지,37.0721746,126.9821237,2018-03-14,2018-01-27
경기도,화성시,대성농장,닭,육계,30000.0,경기도 화성시 남양읍 온석리 400-3번지,37.1669937,126.8425539,2018-03-14,2017-01-05
경기도,화성시,덕산농장,닭,육계,20000.0,경기도 화성시 양감면 용소리 591번지 1호,37.0796808,126.9850344,2018-03-14,2018-01-27
경기도,화성시,동현농장,닭,육계,50000.0,경기도 화성시 팔탄면 월문리 158번지 5호,37.1215825,126.8733234,2018-03-14,2017-01-05
경기도,화성시,매바위양계장,닭,육계,40000.0,경기도 화성시 남양읍 장덕리 947번지,37.1510569,126.7873851,2018-03-14,2017-01-05
경기도,화성시,모세농장,닭,육계,52000.0,경기도 화성시 정남면 금복리 91번지,37.1598577,126.9993469,2018-04-30,2018-01-27
경기도,화성시,박○혜,닭,육계,38182.0,"경기도 화성시 우정읍 원안리 426번지 , 호곡리 991번지",37.1066157,126.7769248,2018-04-30,2017-01-05
경기도,화성시,베드로목장,닭,산란계,8500.0,경기도 화성시 동탄면 장지리 390번지,37.1484751,127.1186412,2018-03-14,2018-01-27
경기도,화성시,봉황농장,닭,산란계,85000.0,경기도 화성시 남양읍 신남리 906-16번지,37.184245,126.7991155,2018-03-14,2017-01-05
경기도,화성시,부자농원,닭,육계,20000.0,경기도 화성시 장안면 사곡리 725번지 1호,37.0577054,126.8013881,2018-04-30,2017-01-05
경기도,화성시,비봉농장,닭,산란계,10000.0,경기도 화성시 비봉면 자안리 312번지 1호,37.2063026,126.8769862,2018-04-30,2017-01-05
경기도,화성시,사또농장,닭,산란계,500.0,경기도 화성시 매송면 숙곡리 289번지,37.2571858,126.9079007,2018-03-14,2017-01-05
경기도,화성시,산척양계,닭,육계,20000.0,경기도 화성시 동탄면 산척리 244번지,37.1698647,127.110308,2018-03-14,2018-01-27
경기도,화성시,삼현농원,닭,육계,29000.0,경기도 화성시 양감면 사창리 1007번지 1호,37.084732,126.9680168,2018-04-30,2018-01-27
경기도,화성시,선경2축산,닭,육계,45000.0,경기도 화성시 봉담읍 하가등리 393번지 1호,37.1456367,126.9331521,2018-04-30,2017-01-05
경기도,화성시,성일양계장,닭,육계,50000.0,경기도 화성시 마도면 청원리 576번지 5호,37.176634,126.7711989,2018-03-14,2017-01-05
경기도,화성시,연지농장,닭,육계,45000.0,경기도 화성시 팔탄면 해창리 산 35번지 1호,37.1094907,126.8821081,2018-03-14,2017-01-05
경기도,화성시,영호농장,닭,산란계,10000.0,경기도 화성시 양감면 송산리 1003번지 5호,37.1011987,126.9897878,2018-03-14,2018-01-27
경기도,화성시,예찬농장,닭,산란계,2500.0,경기도 화성시 매송면 야목리 677번지,37.2630682,126.8862373,2018-03-14,2017-01-05
경기도,화성시,유농장,닭,육계,40000.0,경기도 화성시 남양읍 활초리 산 187번지 1호,37.1802919,126.841715,2018-04-30,2017-01-05
경기도,화성시,은혜양계장,닭,육계,50000.0,경기도 화성시 남양읍 신남리 1539번지,37.1764392,126.8137749,2018-03-14,2017-01-05
경기도,화성시,자유농장,닭,산란계,4000.0,경기도 화성시 장안면 독정리 산 282번지,37.0638601,126.8570957,2018-03-14,2017-01-05
경기도,화성시,장학순건강란,닭,산란계,35000.0,경기도 화성시 장안면 장안리 279번지,37.0536492,126.8555863,2018-03-14,2017-01-05
경기도,화성시,전정식농장,닭,산란계,120.0,경기도 화성시 비봉면 삼화리 802번지 3호,37.2483168,126.8528526,2018-03-14,2017-01-05
경기도,화성시,정남농장,닭,산란계,50000.0,경기도 화성시 정남면 문학리 599번지 1호,37.1559765,126.9627607,2018-04-30,2014-02-17
경기도,화성시,정남농장,닭,산란계,20000.0,경기도 화성시 정남면 계향리 589번지 1호,37.142476,126.9916716,2018-04-30,2018-01-27
경기도,화성시,정영농장,닭,육계,20000.0,경기도 화성시 향남읍 도이리 179번지 2호,37.1384999,126.9184374,2018-04-30,2017-01-05
경기도,화성시,정인양계장,닭,육계,30000.0,경기도 화성시 팔탄면 율암리 산 56번지 79호,37.1660975,126.8763098,2018-04-30,2017-01-05
경기도,화성시,정호축산,닭,육계,25000.0,경기도 화성시 양감면 송산리 87번지,37.1186702,126.99118,2018-03-14,2018-01-27
경기도,화성시,주은농장,닭,육계,85000.0,경기도 화성시 남양읍 북양리 577번지,37.208461,126.8576629,2018-03-14,2017-01-05
경기도,화성시,진성농장,닭,육계,20000.0,경기도 화성시 송산면 지화리 574번지 3호,37.210184,126.6805903,2018-03-14,2018-01-27
경기도,화성시,진현농장,닭,산란계,75500.0,경기도 화성시 정남면 음양리 466번지,37.151143,127.0225023,2018-04-30,2018-01-27
경기도,화성시,참빛농장,닭,육계,20000.0,경기도 화성시 장안면 사랑리 248번지 2호,37.0691438,126.8326625,2018-03-14,2017-01-05
경기도,화성시,창은농장,닭,육계,40000.0,경기도 화성시 마도면 청원리 681번지,37.179829,126.7739705,2018-04-30,2017-01-05
경기도,화성시,큰양계장,닭,육계,50000.0,경기도 화성시 장안면 금의리 600번지 4호,37.1093891,126.8293099,2018-04-30,2017-01-05
경기도,화성시,태양농원,닭,산란계,2500.0,경기도 화성시 비봉면 쌍학리 826번지,37.22302,126.898817,2018-03-14,2017-01-05
경기도,화성시,태양양계농장,닭,산란계,50000.0,경기도 화성시 팔탄면 율암리 산 67번지 2호,37.1660975,126.8763098,2018-04-30,2017-01-05
경기도,화성시,현대농장,닭,육계,45000.0,경기도 화성시 마도면 청원리 574번지 10호,37.173941,126.767221,2018-04-30,2017-01-05
경기도,화성시,현대축산,닭,산란계,45000.0,경기도 화성시 우정읍 매향리 산 506번지,37.0407979,126.7479739,2018-03-14,2018-01-27
경기도,화성시,형제농장,닭,육계,52000.0,경기도 화성시 양감면 대양리 111번지 2호,37.093537,126.9485198,2018-04-30,2014-02-17
경기도,화성시,홍유웅농장,닭,육계,30000.0,경기도 화성시 서신면 홍법리 28번지,37.1711069,126.7273935,2018-03-14,2018-01-27
경기도,화성시,화성양계장,닭,육계,40000.0,경기도 화성시 장안면 독정리 222번지,37.0758705,126.8639662,2018-03-14,2017-01-05
경기도,화성시,희망축산,닭,산란계,5240.0,경기도 화성시 남양읍 온석리 492번지,37.1637995,126.8528847,2018-03-14,2017-01-05
경기도,화성시,희산농장,닭,육계,30000.0,경기도 화성시 남양읍 신남리 1552번지,37.1783273,126.8226887,2018-03-14,2017-01-05
경기도,화성시,YB팜스,닭,육계,67000.0,경기도 화성시 양감면 사창리 산120,37.0966780769,126.9632788713,2020-07-31,2020-12-23
경기도,화성시,감우농장,닭,육계,65000.0,경기도 화성시 남양읍 장덕리 1077,37.1647380646,126.8199587297,2020-11-30,2020-12-17
경기도,화성시,건국축산농원,닭,육계,60000.0,"경기도 화성시 장안면 독정리 794-2 794-4,794-5,794-12",37.0754160481,126.8469469912,2020-07-31,2020-12-23
경기도,화성시,계원농장,닭,종계,35100.0,경기도 화성시 양감면 사창리 261번지,37.0948709,126.975931,2020-06-30,2020-12-23
경기도,화성시,광민농장,닭,육계,40000.0,경기도 화성시 장안면 덕다리 산7,37.0541505694957,126.835127149617,2020-07-31,2020-12-17
경기도,화성시,구마농장,오리,,42000.0,경기도 화성시 양감면 사창리 775-1,37.0942843478,126.958220765,2020-07-31,2020-12-23
경기도,화성시,궁영물닭장,닭,육계,90.0,경기도 화성시 송산면 고정리 산1-56,37.2840103291,126.7370297648,2020-07-31,2020-12-17
경기도,화성시,금송농장,닭,육계,65000.0,경기도 화성시 장안면 장안리 489,37.0448085205,126.8560369085,2020-07-31,2020-12-23
경기도,화성시,금의양계장,닭,육계,50000.0,경기도 화성시 장안면 사곡리 833-6,37.0579337147,126.8081024592,2020-07-31,2020-12-23
경기도,화성시,길성농장,닭,육계,35000.0,경기도 화성시 양감면 사창리 293-1,37.0958683693,126.9757191347,2020-07-31,2020-12-23
경기도,화성시,남양농장,닭,육계,16028.0,경기도 화성시 남양읍 안석리 75-2,37.167859201,126.8250894792,2020-11-30,2020-12-17
경기도,화성시,남양축산 안석농장,닭,육계,120000.0,경기도 화성시 남양읍 안석리 9-2,37.1666899268,126.8335023753,2021-04-30,2021-02-18
경기도,화성시,남에벤에셀,닭,육계,30000.0,경기도 화성시 장안면 사곡리 879,37.0638330537,126.8088025094,2021-04-30,2020-12-29
경기도,화성시,남촌농장,닭,산란계,20000.0,경기도 화성시 정남면 수면리 134,37.1545564166,127.0263972362,2020-07-31,2021-01-24
경기도,화성시,농업회사법인 주식회사 잘큼,닭,산란계,25000.0,경기도 화성시 팔탄면 서근리 201-1,37.124364564,126.8489244658,2021-04-30,2021-02-18
경기도,화성시,농업회사법인(주)정인,닭,육계,50000.0,경기도 화성시 우정읍 석천리 766번지,37.0453981,126.7770052,2020-06-30,2022-11-17
경기도,화성시,농업회사법인㈜정인,닭,육계,40000.0,"경기도 화성시 우정읍 석천리 766, 1037-28",37.0454874274207,126.777049080902,2020-07-31,2020-12-17
경기도,화성시,다산농장,닭,종계,2400.0,경기도 화성시 양감면 용소리 190,37.0722354844,126.9865576471,2020-11-30,2020-12-23
경기도,화성시,다산양계,닭,산란계,60000.0,경기도 화성시 팔탄면 구장리 309-2번지,37.1534984,126.9019405,2020-06-30,2020-12-17
경기도,화성시,다산양계,닭,산란계,60000.0,"경기도 화성시 팔탄면 구장리 309-2,-3,-4, 310-1",37.1535241491,126.9017723849,2020-11-30,2020-12-17
경기도,화성시,달궁농장,닭,산란계,52.0,경기도 화성시 장안면 사곡리 907-3,37.0688528819,126.8195334098,2020-11-30,2020-12-23
경기도,화성시,대경농장,닭,육계,100000.0,경기도 화성시 양감면 용소리  392-2,37.0715348704,126.9822364177,2021-04-30,2021-01-24
경기도,화성시,대륭농장,닭,육계,50400.0,경기도 화성시 양감면 신왕리 1950,37.0733754906,126.9610919678,2020-11-30,2020-12-23
경기도,화성시,대산농장,닭,육계,50200.0,경기도 화성시 장안면 독정리 1779번지,37.0724806,126.8624093,2020-06-30,2020-12-23
경기도,화성시,대성농장,닭,육계,30000.0,경기도 화성시 남양읍 온석리 400-3,37.1663551768,126.8429665358,2020-07-31,2020-12-17
경기도,화성시,대양농장,닭,육계,10000.0,경기도 화성시 양감면 신왕리 1129번지,37.0729537,126.9632655,2020-06-30,2020-12-23
경기도,화성시,대양농장,닭,종계,20000.0,경기도 화성시 양감면 신왕리 1129,37.0733314553,126.9633084611,2020-11-30,2020-12-23
경기도,화성시,대양농장,닭,육계,10000.0,경기도 화성시 양감면 신왕리 1129,37.0733314553,126.9633084611,2020-07-31,2020-12-23
경기도,화성시,대영농장,닭,산란계,100.0,경기도 화성시 기안동 318,37.2280722206,126.9748132207,2021-04-30,2021-02-18
경기도,화성시,덕다양계장,닭,육계,40000.0,경기도 화성시 장안면 덕다리 산47-6,37.0635713976,126.8388036522,2020-07-31,2020-12-23
경기도,화성시,도이리목장,닭,육계,60.0,경기도 화성시 향남읍 도이리 295-1,37.1376432952,126.9371385815,2020-11-30,2020-12-23
경기도,화성시,독정양계장,닭,육계,28000.0,"경기도 화성시 장안면 독정리 733-1,-2, 1113-4",37.0853670214,126.8534099266,2021-04-30,2021-02-18
경기도,화성시,동원농장,닭,종계,5400.0,경기도 화성시 남양읍 온석리 241,37.1702161084,126.8549855222,2020-07-31,2020-12-17
경기도,화성시,동현농장,닭,육계,50000.0,경기도 화성시 팔탄면 월문리 158번지,37.1215825,126.8733234,2020-06-30,2020-12-17
경기도,화성시,두레농장,닭,종계,2200.0,경기도 화성시 양감면 사창리 257,37.0953129425,126.9744626358,2020-07-31,2020-12-23
경기도,화성시,뒷골농장,닭,육계,180.0,경기도 화성시 금곡동 608,37.164548407,127.0751045553,2020-07-31,2022-02-08
경기도,화성시,마도양계장,닭,산란계,20000.0,경기도 화성시 마도면 백곡리 336번지,37.1828231,126.7171144,2020-06-30,2020-12-17
경기도,화성시,매바위양계장,닭,육계,40000.0,경기도 화성시 남양읍 장덕리  947,37.1512148427,126.787366386,2021-04-30,2020-12-17
경기도,화성시,매바위양계장,닭,육계,40000.0,경기도 화성시 남양읍 장덕리 947번지,37.1510569,126.7873851,2020-06-30,2020-12-17
경기도,화성시,모세농장,닭,육계,52000.0,경기도 화성시 정남면 금복리 91,37.1600616705,126.9995017879,2020-11-30,2021-01-24
경기도,화성시,무지개농장,닭,육계,70000.0,경기도 화성시 송산면 고포리 605-1,37.236153493,126.6762435264,2021-04-30,2014-01-30
경기도,화성시,무지개농장,닭,육계,35000.0,경기도 화성시 팔탄면 고주리 산21번지,37.1397240638,126.8852114853,2021-04-30,2021-02-18
경기도,화성시,민서네 꿩(약초)농장,꿩,꿩,300.0,"경기도 화성시 마도면 고모리 344-1,3",37.1733663893,126.7429796072,2020-11-30,2020-12-17
경기도,화성시,백봉실크 오골계농장,닭,산란계,220.0,경기도 화성시 비봉면 남전리 109번지 1호,37.2309858,126.8428242,2020-06-30,2020-12-17
경기도,화성시,베드로목장,닭,산란계,8500.0,"경기도 화성시 장지동 389, 390",37.1482917515,127.1189437575,2021-04-30,2020-12-17
경기도,화성시,부성축산,닭,산란계,25000.0,경기도 화성시 장안면 금의리 612-6번지,37.1073908,126.8370208,2020-06-30,2020-12-17
경기도,화성시,부성축산,닭,종계,13500.0,경기도 화성시 향남읍 구문천리 784번지,37.0671444,126.8854136,2020-06-30,2020-12-23
경기도,화성시,부성축산,닭,육계,84480.0,경기도 화성시 향남읍 구문천리 784번지,37.0671444,126.8854136,2020-06-30,2020-12-23
경기도,화성시,부자농원,닭,육계,10000.0,경기도 화성시 장안면 사곡리 725-1,37.0575238089,126.8012228784,2020-11-30,2020-12-23
경기도,화성시,부흥꿩농장,꿩,꿩,5000.0,경기도 화성시 우정읍 원안리 615-2,37.1009628558,126.774209239,2021-04-30,2020-12-23
경기도,화성시,비봉농장,닭,산란계,10000.0,경기도 화성시 비봉면 자안리 312-1,37.2063901354,126.8770473812,2021-04-30,2021-02-18
경기도,화성시,삼현농원,닭,육계,29000.0,경기도 화성시 양감면 사창리 1007번지 1호,37.084732,126.9680168,2020-06-30,2020-12-23
경기도,화성시,삼현농원,닭,육계,29000.0,경기도 화성시 양감면 사창리 1007-1,37.0847320397,126.9680168615,2020-11-30,2020-12-23
경기도,화성시,상신농원,닭,산란계,43000.0,경기도 화성시 향남읍 구문천리 881,37.0850687919,126.8924771077,2021-04-30,2021-02-18
경기도,화성시,상신현대농원,닭,산란계,40000.0,경기도 화성시 향남읍 구문천리 881,37.0850687919,126.8924771077,2020-11-30,2020-12-23
경기도,화성시,서봉누리농원,닭,육계,500.0,경기도 화성시 정남면 계향리 218,37.1437666109,126.9916032489,2020-11-30,2021-01-24
경기도,화성시,선경축산,닭,육계,45000.0,경기도 화성시 정남면 문학리 42-1,37.1493642266,126.9729965272,2020-07-31,2021-01-24
경기도,화성시,성애농장,닭,육계,25000.0,경기도 화성시 봉담읍 하가등리 392-3번지,37.1456375,126.9344015,2020-06-30,2020-12-23
경기도,화성시,성애농장,닭,육계,25000.0,경기도 화성시 봉담읍 하가등리 392-3,37.1457604811,126.9342971259,2021-04-30,2021-02-18
경기도,화성시,성웅농장,닭,육계,70000.0,"경기도 화성시 마도면 고모리 347,348,512-2,3",37.172787017421,126.743710990748,2020-07-31,2020-12-17
경기도,화성시,소망농원,닭,산란계,100.0,경기도 화성시 마도면 백곡리 38번지,37.1913503,126.7339198,2020-06-30,2020-12-17
경기도,화성시,수범농장,닭,육계,18000.0,경기도 화성시 남양읍 무송리 142-3,37.1980820867,126.84580165,2020-07-31,2020-12-17
경기도,화성시,수현농장,닭,육계,40000.0,경기도 화성시 장안면 독정리 37-1번지,37.0702354,126.868778,2020-06-30,2020-12-23
경기도,화성시,수현농장,닭,육계,40000.0,"경기도 화성시 장안면 독정리 37-1, 산63",37.0704737659424,126.86869539257,2020-11-30,2020-12-17
경기도,화성시,순정농장,닭,산란계,14500.0,경기도 화성시 향남읍 도이리 377,37.1357245202,126.9319007462,2020-07-31,2020-12-23
경기도,화성시,스마일농장,닭,육계,160000.0,경기도 화성시 장안면 독정리 1618,37.0607809335,126.8778575336,2020-07-31,2020-12-23
경기도,화성시,신리농장,닭,육계,250.0,"경기도 화성시 신동 89-4, 81-3",37.1860840495,127.144161571,2020-07-31,2020-12-17
경기도,화성시,신봉농장,닭,육계,35000.0,경기도 화성시 정남면 관항리 494-2,37.1848053957,126.9506912193,2021-04-30,2021-02-18
경기도,화성시,신성농장,닭,육계,55000.0,경기도 화성시 우정읍 운평리 산71-1번지,37.0889731,126.7817011,2020-06-30,2020-12-23
경기도,화성시,안골농장,닭,육계,500.0,경기도 화성시 비봉면 삼화리 575,37.2411728116,126.86141663,2021-04-30,2021-02-18
경기도,화성시,애란농장,닭,종계,4300.0,경기도 화성시 마도면 해문리 482,37.1945366651,126.7396246527,2020-07-31,2020-12-17
경기도,화성시,야곱농장,닭,종계,3700.0,경기도 화성시 양감면 사창리 338,37.0895955333,126.9759536331,2020-07-31,2020-12-23
경기도,화성시,양감(재래토종닭)농장,닭,산란계,350.0,경기도 화성시 양감면 용소리 625번지,37.0810417,126.986766,2020-06-30,2020-12-23
경기도,화성시,양지농장,닭,산란계,45000.0,경기도 화성시 양감면 용소리 111-1,37.0708266225,126.9922255413,2020-07-31,2020-12-29
경기도,화성시,양지뜰 향남농장,닭,산란계,111000.0,"경기도 화성시 향남읍 상신리 1050,1051,1052,1053",37.086412078315,126.881630544969,2020-11-30,2020-12-17
경기도,화성시,연지농장,닭,육계,45000.0,경기도 화성시 팔탄면 해창리 산35-1,37.1091468011,126.8685594896,2020-07-31,2020-12-23
경기도,화성시,영남농장,닭,육계,50000.0,경기도 화성시 장안면 독정리 864,37.0684443473,126.8430021746,2020-07-31,2020-12-23
경기도,화성시,예산농장,닭,산란계,30000.0,경기도 화성시 팔탄면 율암리 313-1,37.1694016836,126.8711672977,2020-11-30,2020-12-17
경기도,화성시,우성농장,닭,육계,700.0,경기도 화성시 남양읍 안석리 산118-1,37.16387675,126.8317587893,2020-07-31,2020-12-17
경기도,화성시,유농장,닭,육계,40000.0,경기도 화성시 남양읍 활초리 산187-1,37.1611770677,126.8373800613,2021-04-30,2021-02-18
경기도,화성시,육계농장,닭,육계,30000.0,경기도 화성시 봉담읍 하가등리 392-3,37.1457604811,126.9342971259,2020-11-30,2020-12-23
경기도,화성시,은혜양계장,닭,육계,50000.0,경기도 화성시 남양읍 신남리 1539,37.1766813905,126.8136672728,2020-07-31,2020-12-17
경기도,화성시,자유농장,닭,산란계,4000.0,경기도 화성시 장안면 독정리 산282-1,37.0647630506,126.8505478051,2021-04-30,2020-12-29
경기도,화성시,재성농장,닭,육계,40000.0,경기도 화성시 우정읍 운평리 1051번지,37.0777038,126.7691499,2020-06-30,2020-12-23
경기도,화성시,전정식농장,닭,산란계,120.0,경기도 화성시 비봉면 삼화리 802번지 3호,37.2483168,126.8528526,2020-06-30,2020-12-17
경기도,화성시,정남농장,닭,종계,1300.0,경기도 화성시 정남면 문학리 599-1,37.1561416667,126.9627011459,2021-04-30,2021-02-18
경기도,화성시,정인양계장,닭,육계,30000.0,경기도 화성시 팔탄면 율암리 산56-79,37.1685556169,126.8746844647,2020-11-30,2020-12-17
경기도,화성시,정인양계장,닭,육계,30000.0,경기도 화성시 팔탄면 율암리 산56-79,37.1690514937,126.8748309277,2020-07-31,2020-12-17
경기도,화성시,제일농장,닭,종계,4000.0,경기도 화성시 양감면 송산리 1003-5,37.1011987288,126.9897878644,2021-04-30,2021-01-24
경기도,화성시,중추농장,닭,산란계,28000.0,경기도 화성시 향남읍 동오리 622,37.1352698952,126.9617904423,2020-07-31,2020-12-23
경기도,화성시,진석농장,닭,육계,25000.0,경기도 화성시 향남읍 도이리 163,37.1413782401,126.9209419718,2020-07-31,2020-12-23
경기도,화성시,진현농장,닭,산란계,75500.0,경기도 화성시 정남면 음양리 466,37.1508610297,127.0220059091,2021-04-30,2021-01-24
경기도,화성시,질라라비농장,닭,육계,60000.0,경기도 화성시 우정읍 조암리 산 91-3,37.0838178664,126.807338466,2020-07-31,2020-12-23
경기도,화성시,청계농장,닭,육계,65000.0,경기도 화성시 우정읍 멱우리 411-4,37.1019861649,126.8253817345,2020-07-31,2020-12-17
경기도,화성시,청석골농장,닭,산란계,53000.0,경기도 화성시 양감면 사창리 660-1,37.1003675466,126.9618798991,2020-07-31,2020-12-23
경기도,화성시,초혜지농장,닭,육계,50000.0,"경기도 화성시 정남면 금복리 92, 93, 91-1",37.1599955985304,126.99990351796,2020-07-31,2020-12-17
경기도,화성시,큰양계장,닭,육계,50000.0,경기도 화성시 장안면 금의리 600-4,37.1090856234,126.8295055754,2020-11-30,2020-12-17
경기도,화성시,태경농장,닭,육계,23000.0,경기도 화성시 남양읍 온석리 491-3,37.1650777567,126.8518802103,2021-04-30,2021-02-18
경기도,화성시,태양양계농장,닭,산란계,50000.0,경기도 화성시 팔탄면 율암리 산67-2,37.1669301277,126.8691490897,2020-11-30,2020-12-17
경기도,화성시,태양양계농장,닭,산란계,50000.0,경기도 화성시 팔탄면 율암리 산67-2번지,37.1663337,126.8698806,2020-06-30,2020-12-17
경기도,화성시,택호오리농장,오리,,1000.0,경기도 화성시 송산면 고정리 35-13,37.2459008623,126.7614787241,2020-07-31,2020-12-17
경기도,화성시,파머스가든,닭,산란계,570000.0,경기도 화성시 양감면 사창리 721-6번지,37.1033708,126.9562075,2020-06-30,2020-12-23
경기도,화성시,한일농장,닭,종계,1900.0,경기도 화성시 남양읍 온석리 488,37.1640640472,126.8541592891,2020-11-30,2020-12-17
경기도,화성시,해뜨는농장,닭,육계,50000.0,"경기도 화성시 마도면 고모리 1, 1-1",37.1766563891,126.7443774128,2020-07-31,2020-12-17
경기도,화성시,해창농장,꿩,꿩,150.0,경기도 화성시 팔탄면 해창리 산35-1,37.1097507799,126.86856573,2020-11-30,2020-12-23
경기도,화성시,해창농장,꿩,꿩,150.0,경기도 화성시 팔탄면 해창리 산35-1번지,37.1101426,126.8683026,2020-06-30,2020-12-23
경기도,화성시,해창농장,꿩,꿩,150.0,경기도 화성시 팔탄면 해창리 산35-1,37.1091468011,126.8685594896,2020-07-31,2020-12-23
경기도,화성시,형수농장,닭,육계,35000.0,경기도 화성시 남양읍 활초리 산187-2,37.1611770677,126.8373800613,2020-07-31,2020-12-17
경기도,화성시,형수농장,닭,육계,14000.0,경기도 화성시 남양읍 활초리 187-2,37.1716019015533,126.837313445235,2020-07-31,2020-12-17
경기도,화성시,화성농장,닭,종계,25000.0,경기도 화성시 남양읍 온석리 499-4,37.1640547,126.8481669,2020-06-30,2020-12-17
경기도,화성시,화성양계장,닭,육계,40000.0,경기도 화성시 장안면 독정리 222,37.0766259462,126.8639017359,2020-07-31,2020-12-23
경기도,화성시,화현농장,닭,산란계,1500.0,경기도 화성시 남양읍 문호리 산 18번지,37.2645107,126.7948635,2020-06-30,2020-12-17
경기도,화성시,화현농장,닭,산란계,1500.0,경기도 화성시 남양읍 문호리 산18,37.2647565647,126.7952863995,2020-07-31,2020-12-17
경기도,화성시,희산농장,닭,육계,30000.0,경기도 화성시 남양읍 신남리 1552,37.1787869129,126.8224125431,2020-07-31,2020-12-17
경기도,화성시,광민농장,닭,육계,40000.0,경기도 화성시 장안면 덕다리 산7,37.0541505694957,126.835127149617,2020-07-31,2020-12-23
경기도,화성시,궁영물닭장,닭,육계,90.0,경기도 화성시 송산면 고정리 산1-56,37.2840103291,126.7370297648,2020-07-31,2020-12-23
경기도,화성시,농업회사법인㈜정인,닭,육계,40000.0,"경기도 화성시 우정읍 석천리 766, 1037-28",37.0454874274207,126.777049080902,2020-07-31,2020-12-23
경기도,화성시,베드로목장,닭,산란계,8500.0,"경기도 화성시 장지동 389, 390",37.1482917515,127.1189437575,2021-04-30,2020-12-23
경기도,화성시,성웅농장,닭,육계,70000.0,"경기도 화성시 마도면 고모리 347,348,512-2,3",37.172787017421,126.743710990748,2020-07-31,2020-12-23
경기도,화성시,수현농장,닭,육계,40000.0,"경기도 화성시 장안면 독정리 37-1, 산63",37.0704737659424,126.86869539257,2020-11-30,2020-12-23
경기도,화성시,신리농장,닭,육계,250.0,"경기도 화성시 신동 89-4, 81-3",37.1860840495,127.144161571,2020-07-31,2020-12-23
경기도,화성시,양지뜰 향남농장,닭,산란계,111000.0,"경기도 화성시 향남읍 상신리 1050,1051,1052,1053",37.086412078315,126.881630544969,2020-11-30,2020-12-23
경기도,화성시,초혜지농장,닭,육계,50000.0,"경기도 화성시 정남면 금복리 92, 93, 91-1",37.1599955985304,126.99990351796,2020-07-31,2020-12-23
경기도,화성시,형수농장,닭,육계,14000.0,경기도 화성시 남양읍 활초리 187-2,37.1716019015533,126.837313445235,2020-07-31,2020-12-23
경기도,화성시,YB팜스,닭,육계,67000.0,경기도 화성시 양감면 사창리 산120,37.0963723356,126.9637033383,2021-06-30,2021-02-18
경기도,화성시,광민농장,닭,육계,40000.0,경기도 화성시 장안면 덕다리 산7,37.0541505694957,126.835127149617,2020-07-31,2021-01-24
경기도,화성시,궁영물닭장,닭,육계,90.0,경기도 화성시 송산면 고정리 산1-56,37.2840103291,126.7370297648,2020-07-31,2021-01-24
경기도,화성시,농업회사법인㈜정인,닭,육계,40000.0,"경기도 화성시 우정읍 석천리 766, 1037-28",37.0454874274207,126.777049080902,2020-07-31,2021-01-24
경기도,화성시,다원농장,닭,육계,32000.0,경기도 화성시 우정읍 화수리 964-17,37.1101671198,126.789236864,2021-06-30,2020-12-23
경기도,화성시,도원농장,닭,종계,2700.0,경기도 화성시 장안면 어은리 558,37.0841575742,126.8449143002,2021-06-30,2020-12-29
경기도,화성시,베드로목장,닭,산란계,8500.0,"경기도 화성시 장지동 389, 390",37.1482917515,127.1189437575,2021-04-30,2021-01-24
경기도,화성시,봉황농장,닭,산란계,85000.0,경기도 화성시 남양읍 신남리 906-16,37.1843393753,126.7991436935,2021-06-30,2021-02-18
경기도,화성시,부처물 농장,닭,육계,70000.0,경기도 화성시 마도면 고모리 578-12,37.173007478,126.7503275019,2021-06-30,2020-12-17
경기도,화성시,사또농장,닭,산란계,800.0,경기도 화성시 매송면 숙곡리 289,37.2573242052,126.907955473,2021-06-30,2021-01-24
경기도,화성시,삼화농장,닭,산란계,300.0,경기도 화성시 비봉면 삼화리 1108-1,37.2566189772,126.8524452561,2021-06-30,2020-12-17
경기도,화성시,상진농장,닭,육계,25000.0,경기도 화성시 남양읍 활초리 산187-2,37.1611770677,126.8373800613,2021-06-30,2021-02-18
경기도,화성시,성웅농장,닭,육계,70000.0,"경기도 화성시 마도면 고모리 347,348,512-2,3",37.172787017421,126.743710990748,2020-07-31,2021-01-24
경기도,화성시,소망농원,닭,산란계,100.0,경기도 화성시 마도면 백곡리 38,37.1913503106,126.7339198717,2021-06-30,2020-12-17
경기도,화성시,수현농장,닭,육계,40000.0,"경기도 화성시 장안면 독정리 37-1, 산63",37.0704737659424,126.86869539257,2020-11-30,2021-01-24
경기도,화성시,신리농장,닭,육계,250.0,"경기도 화성시 신동 89-4, 81-3",37.1860840495,127.144161571,2020-07-31,2021-01-24
경기도,화성시,야곱농장,닭,육계,44500.0,경기도 화성시 양감면 사창리 359,37.0898424629,126.9732896314,2021-06-30,2021-01-24
경기도,화성시,양지뜰 향남농장,닭,산란계,111000.0,"경기도 화성시 향남읍 상신리 1050,1051,1052,1053",37.086412078315,126.881630544969,2020-11-30,2021-01-24
경기도,화성시,연수농장,닭,육계,52000.0,경기도 화성시 장안면 석포리 산122,37.1365627271,126.831492443,2021-06-30,2021-02-18
경기도,화성시,온석농장,닭,산란계,216000.0,"경기도 화성시 남양읍 온석리 230,228-3,228-4,229",37.16980127477,126.852202440418,2021-06-30,2021-02-18
경기도,화성시,재성농장,닭,육계,40000.0,"경기도 화성시 우정읍 운평리 1051, 1051-1, 1051-2",37.0778651552,126.769220624,2021-06-30,2020-12-23
경기도,화성시,초혜지농장,닭,육계,50000.0,"경기도 화성시 정남면 금복리 92, 93, 91-1",37.1599955985304,126.99990351796,2020-07-31,2021-01-24
경기도,화성시,태성농장,닭,육계,61000.0,"경기도 화성시 남양읍 온석리 494-2,-3",37.1657035317,126.8506649881,2021-06-30,2021-02-18
경기도,화성시,형수농장,닭,육계,14000.0,경기도 화성시 남양읍 활초리 187-2,37.1716019015533,126.837313445235,2020-07-31,2021-01-24
경기도,화성시,화성양계장,닭,종계,40000.0,경기도 화성시 장안면 독정리 222,37.0766259462,126.8639017359,2021-06-30,2021-01-24
경기도,화성시,황기농장,닭,육계,30000.0,"경기도 화성시 정남면 덕절리 96-1,97-1,97-2,116-1",37.1389412548976,127.029247676602,2021-06-30,2021-01-24
경기도,화성시,경기농장,닭,육계,7000.0,경기도 화성시 팔탄면 율암리 389-1,37.1689313646,126.8725679012,2021-07-31,2021-02-18
경기도,화성시,계원농장,닭,종계,5100.0,경기도 화성시 양감면 사창리 261,37.095121558,126.976028108,2021-07-31,2021-02-18
경기도,화성시,고려꿩농장,꿩,꿩,307.0,경기도 화성시 팔탄면 기천리 산132,37.1767889325,126.9052613622,2021-07-31,2021-02-18
경기도,화성시,김포팜,닭,오리,4000.0,경기도 화성시 정남면 괘랑리 181-1,37.1818001908,126.996564489,2021-07-31,2021-02-18
경기도,화성시,덕다양계장,닭,육계,40000.0,경기도 화성시 장안면 덕다리 산47-6,37.0635728393,126.839062347,2021-07-31,2022-01-23
경기도,화성시,방울산농장,닭,산란계,150.0,경기도 화성시 향남읍 방축리 208,37.120000086,126.9300700974,2021-07-31,2021-02-18
경기도,화성시,베드로목장,닭,산란계,8500.0,"경기도 화성시 장지동 389, 390",37.1482917515,127.1189437575,2021-04-30,2021-02-18
경기도,화성시,사또농장,닭,산란계,800.0,경기도 화성시 매송면 숙곡리 289,37.2573242052,126.907955473,2021-06-30,2021-02-18
경기도,화성시,선경2축산,닭,육계,45000.0,"경기도 화성시 봉담읍 하가등리 393-7,6,392-2",37.1457270425,126.9333996819,2021-07-31,2021-02-18
경기도,화성시,세종농장,닭,산란계,263530.0,경기도 화성시 남양읍 온석리 197-1,37.1724948309,126.8546507526,2021-07-31,2021-02-18
경기도,화성시,수현농장,닭,육계,40000.0,"경기도 화성시 장안면 독정리 37-1, 산63",37.0704737659424,126.86869539257,2020-11-30,2021-02-18
경기도,화성시,신성농장,닭,육계,55000.0,경기도 화성시 우정읍 운평리 산71-1,37.089155914,126.7818606086,2021-07-31,2022-01-23
경기도,화성시,양감(재래토종닭)농장,닭,산란계,350.0,경기도 화성시 양감면 용소리 625,37.0811154912,126.9867902881,2021-07-31,2022-01-23
경기도,화성시,양지뜰 향남농장,닭,산란계,111000.0,"경기도 화성시 향남읍 상신리 1050,1051,1052,1053",37.086412078315,126.881630544969,2020-11-30,2021-02-18
경기도,화성시,여흥농장,닭,육계,48000.0,"경기도 화성시 팔탄면 덕우리 250-1,-2,250",37.1247267813,126.8624975424,2021-07-31,2021-02-18
경기도,화성시,예루양계장,닭,육계,27000.0,경기도 화성시 남양읍 신남리 1532,37.177934921,126.8137685831,2021-07-31,2021-02-18
경기도,화성시,유림농장,닭,종계,2200.0,경기도 화성시 양감면 사창리 113-1,37.1034199527,126.9680982937,2021-07-31,2021-02-18
경기도,화성시,임마누엘농장,닭,육계,30000.0,경기도 화성시 장안면 수촌리 산82-3,37.0853379991,126.8580232341,2021-07-31,2021-02-18
경기도,화성시,태양농원,닭,산란계,2500.0,"경기도 화성시 비봉면 쌍학리 826 , 827",37.2230200709,126.8988170579,2021-07-31,2021-02-18
경기도,화성시,해오름 조암농장,오리,산란계,44200.0,"경기도 화성시 우정읍 매향리 504-1,504,505-1,506-5",37.0469269415,126.7707843455,2021-07-31,2023-01-12
경기도,화성시,향촌농원,닭,산란계,4400.0,경기도 화성시 정남면 발산리 646-3,37.1521977299,126.9861768947,2021-07-31,2021-02-18
경기도,화성시,현대농장,닭,육계,80000.0,경기도 화성시 송산면 독지리 318,37.2473177365,126.6861119168,2021-07-31,2014-01-30
경기도,화성시,화성농장,닭,종계,2500.0,경기도 화성시 남양읍 온석리 499-4,37.1640547876,126.8481669246,2021-07-31,2021-02-18
경기도,화성시,황기농장,닭,육계,30000.0,"경기도 화성시 정남면 덕절리 96-1,97-1,97-2,116-1",37.1389412548976,127.029247676602,2021-06-30,2021-02-18
경기도,화성시,가람농장,닭,산란계,65.0,경기도 화성시 봉담읍 상리 152-5,37.2346290483,126.9432011239,2021-11-30,2021-02-18
경기도,화성시,개미농장,닭,육계,13000.0,경기도 화성시 남양읍 온석리 414-1,37.169170535,126.8435053506,2021-09-30,2022-01-23
경기도,화성시,관항농장,닭,육계,26000.0,경기도 화성시 정남면 관항리 530,37.1814010322,126.9552334012,2021-09-30,2022-01-23
경기도,화성시,광도농장,닭,육계,80000.0,경기도 화성시 장안면 노진리 26-1,37.0538079578,126.8179132875,2021-09-30,2022-01-23
경기도,화성시,기러기 농장,닭,육계,400.0,경기도 화성시 우정읍 호곡리 228-39,37.1288767204,126.7826562568,2021-09-30,2022-01-23
경기도,화성시,꼬꼬마을농장,닭,산란계,500.0,경기도 화성시 장안면 노진리 12-4,37.0538720067,126.8212521024,2021-09-30,2022-01-23
경기도,화성시,낙원농장,닭,육계,33000.0,경기도 화성시 팔탄면 노하리 1040,37.1463008976,126.8456592582,2021-09-30,2022-01-23
경기도,화성시,남양양계,닭,산란계,36000.0,"경기도 화성시 남양읍 온석리 480, 480-1",37.169570316,126.8555767311,2021-11-30,2022-01-23
경기도,화성시,누리팜(헤브론농장),닭,산란계,30000.0,경기도 화성시 팔탄면 율암리 313-1,37.1694016836,126.8711672977,2021-09-30,2022-01-23
경기도,화성시,대박농장,닭,육계,53000.0,경기도 화성시 송산면 지화리 574-2,37.2108425291,126.6801251299,2021-09-30,2017-01-25
경기도,화성시,대산농장,닭,육계,50200.0,경기도 화성시 장안면 독정리 1779,37.0730943198,126.8625812881,2021-11-30,2022-01-23
경기도,화성시,대성농장,닭,종계,30000.0,경기도 화성시 남양읍 온석리 400-3,37.1663551768,126.8429665358,2021-09-30,2022-01-23
경기도,화성시,대승농장,닭,육계,85000.0,경기도 화성시 남양읍 온석리 491-2,37.1654738271,126.8515754359,2021-11-30,2022-01-23
경기도,화성시,동진목장,닭,육계,25.0,경기도 화성시 남양읍 장덕리 240-1,37.1636818683,126.8118813964,2021-11-30,2022-01-23
경기도,화성시,마도양계장,닭,육계,20000.0,경기도 화성시 마도면 석교리 108,37.1992462411,126.7777653169,2021-09-30,2022-01-23
경기도,화성시,미래농장,닭,종계,1000.0,경기도 화성시 향남읍 길성리 1,37.1233846807,126.98303788,2021-09-30,2022-01-23
경기도,화성시,미래숲,닭,산란계,19000.0,"경기도 화성시 양감면 사창리 200,201-1,-2",37.0972524213249,126.966946455008,2021-09-30,2022-01-23
경기도,화성시,백봉실크 오골계농장,닭,산란계,220.0,경기도 화성시 비봉면 남전리 109-1,37.2309858535,126.8428242354,2021-09-30,2022-01-23
경기도,화성시,부성축산,닭,산란계,25000.0,경기도 화성시 장안면 금의리 612-6,37.1079024814,126.8371129227,2021-09-30,2022-01-23
경기도,화성시,삼현농장,닭,육계,26000.0,경기도 화성시 우정읍 주곡리 386-5,37.1165583758,126.8098059637,2021-11-30,2022-01-23
경기도,화성시,성일양계장,닭,육계,50000.0,경기도 화성시 마도면 청원리 576-5,37.1769973777,126.7714773308,2021-11-30,2022-01-23
경기도,화성시,소원축산,닭,종계,2000.0,경기도 화성시 우정읍 원안리 426,37.1066157442,126.7769248627,2021-11-30,2022-01-23
경기도,화성시,숙이네농장,오리,,50.0,경기도 화성시 송산면 삼존리 649-485,37.2182546143,126.7657157367,2021-11-30,2022-01-23
경기도,화성시,아침농원,꿩,산란계,200.0,경기도 화성시 안녕동 133-5,37.1972149181,127.0078379133,2021-11-30,2021-02-18
경기도,화성시,야마기시즘실현지영농조합법인,닭,산란계,50000.0,경기도 화성시 향남읍 구문천리 산141-1,37.0797401346141,126.89857695469,2021-09-30,2022-01-23
경기도,화성시,연지농장,닭,육계,45000.0,경기도 화성시 팔탄면 해창리 산35-1,37.1097507799,126.86856573,2021-09-30,2022-01-23
경기도,화성시,영완농장,닭,육계,7000.0,"경기도 화성시 팔탄면 가재리 601, 602",37.1497471119,126.9162048758,2021-11-30,2022-01-23
경기도,화성시,우음도축산,닭,산란계,100.0,경기도 화성시 송산면 고정리 1263,37.2835089421,126.7384523416,2021-11-30,2022-01-23
경기도,화성시,윤호농장,닭,종계,2700.0,경기도 화성시 남양읍 활초리 685,37.1639632706,126.8375359471,2021-11-30,2022-01-23
경기도,화성시,장수농장,닭,육계,65000.0,경기도 화성시 향남읍 하길리 78-1,37.1010806460128,126.921866241017,2021-11-30,2022-01-23
경기도,화성시,장학순건강란,닭,산란계,20000.0,경기도 화성시 장안면 장안리 279,37.0539481918,126.855903452,2021-11-30,2022-01-23
경기도,화성시,전정식농장,닭,산란계,120.0,경기도 화성시 비봉면 삼화리 802-3,37.2483168229,126.8528526526,2021-11-30,2022-01-23
경기도,화성시,정문농장,닭,종계,1000.0,경기도 화성시 양감면 정문리 646-1,37.0949550009,126.9832648427,2021-09-30,2022-01-23
경기도,화성시,제이피에프,닭,종계,3800.0,경기도 화성시 향남읍 구문천리 784,37.0681311168,126.8854692124,2021-11-30,2022-01-23
경기도,화성시,주은농장,닭,육계,85000.0,경기도 화성시 남양읍 북양리 577,37.2084134488,126.8575793771,2021-09-30,2022-01-23
경기도,화성시,질라라비농장,닭,육계,60000.0,경기도 화성시 우정읍 조암리 산 91-3,37.0835721318,126.8069356632,2021-09-30,2022-01-23
경기도,화성시,청신농장,닭,종계,1000.0,경기도 화성시 양감면 신왕리 1972,37.0714537978,126.9647053664,2021-09-30,2022-01-23
경기도,화성시,태행목장,닭,육계,100.0,경기도 화성시 비봉면 청요리 702-4,37.2106366685,126.8946161586,2021-11-30,2022-01-23
경기도,화성시,토종닭농장,닭,육계,1000.0,경기도 화성시 우정읍 매향리 543-1,37.0473160173,126.7750577352,2021-09-30,2023-01-12
경기도,화성시,파머스가든,닭,산란계,600000.0,경기도 화성시 양감면 사창리 721-6,37.1042791318,126.955831218,2021-11-30,2022-01-23
경기도,화성시,푸른농장,닭,육계,200.0,경기도 화성시 봉담읍 상기리 551-2,37.1968901316,126.9161237501,2021-09-30,2022-01-23
경기도,화성시,형제농장,닭,육계,52000.0,경기도 화성시 양감면 대양리 111-2,37.0943758915,126.9487452898,2021-11-30,2022-01-23
경기도,화성시,호계농장,닭,종계,1500.0,경기도 화성시 양감면 송산리 440,37.107838995,126.9858491393,2021-09-30,2022-01-23
경기도,화성시,희망축산,닭,육계,5240.0,경기도 화성시 남양읍 온석리 492,37.1642639867,126.852806021,2021-11-30,2022-01-23
경기도,화성시,건국농장,닭,육계,0.0,"경기도 화성시 장안면 독정리 794-2, 794-4, 794-5",37.0761457264,126.8468619832,2025-05-31,2024-12-22
경기도,화성시,계원농장,닭,종계,19948.0,경기도 화성시 양감면 사창리 261,37.095121558,126.976028108,2025-04-30,2025-11-10
경기도,화성시,금송농장,닭,육계,63000.0,경기도 화성시 장안면 장안리 489,37.0448085205,126.8560369085,2025-05-31,2025-11-10
경기도,화성시,남양양계,닭,산란계,46500.0,"경기도 화성시 남양읍 온석리 480, 480-1",37.169570316,126.8555767311,2025-04-30,2024-12-22
경기도,화성시,다산농장,닭,종계,14500.0,경기도 화성시 양감면 용소리 190번지,37.0722354844,126.9865576471,2025-04-30,2025-11-10
경기도,화성시,다산양계,닭,산란계,135000.0,"경기도 화성시 팔탄면 구장리 309-2,-3,-4, 310-1",37.1533055457,126.9013236488,2025-05-31,2024-12-22
경기도,화성시,다원농장,닭,육계,0.0,경기도 화성시 우정읍 화수리 964-17,37.1101671198,126.789236864,2025-05-31,2024-12-22
경기도,화성시,대박농장,닭,육계,48500.0,경기도 화성시 송산면 지화리 574-2,37.2108425291,126.6801251299,2025-04-30,2017-01-25
경기도,화성시,대산농장,닭,육계,35500.0,경기도 화성시 장안면 독정리 1779,37.0730943198,126.8625812881,2025-04-30,2024-12-22
경기도,화성시,대승농장,닭,육계,0.0,경기도 화성시 남양읍 온석리 491-2,37.1655970344,126.8509700071,2025-04-30,2024-12-22
경기도,화성시,대양농장,닭,종계,0.0,경기도 화성시 양감면 신왕리 1129,37.0733314553,126.9633084611,2025-04-30,2025-11-10
경기도,화성시,덕다양계장,닭,육계,0.0,경기도 화성시 장안면 덕다리 산 47-6,37.0635728393,126.839062347,2025-05-31,2025-11-10
경기도,화성시,도원농장,닭,종계,67700.0,"경기도 화성시 장안면 어은리 558번지,  화성시 장안면 장안로 260",37.0841575742,126.8449143002,2025-05-31,2024-12-22
경기도,화성시,두레농장,닭,산란계,0.0,경기도 화성시 양감면 사창리 257,37.0953129425,126.9744626358,2025-04-30,2025-11-10
경기도,화성시,두레농장,닭,종계,0.0,경기도 화성시 양감면 사창리 257,37.0953129425,126.9744626358,2025-04-30,2025-11-10
경기도,화성시,마도청계,닭,산란계,0.0,경기도 화성시 마도면 석교리 648,37.1990613063,126.7707055407,2025-04-30,2024-12-22
경기도,화성시,매바위양계장,닭,육계,40500.0,경기도 화성시 남양읍 장덕리  947,37.1512148427,126.787366386,2025-05-31,2024-12-22
경기도,화성시,무지개농장,닭,육계,0.0,경기도 화성시 송산면 고포리 605-1,37.236153493,126.6762435264,2025-05-31,2014-01-30
경기도,화성시,방울산농장,닭,산란계,0.0,경기도 화성시 향남읍 방축리 208,37.1200772592,126.9301037796,2025-04-30,2024-12-22
경기도,화성시,봉황농장,닭,산란계,75000.0,경기도 화성시 남양읍 신남리 906-16,37.1843393753,126.7991436935,2025-05-31,2024-12-22
경기도,화성시,부자농원,닭,육계,34000.0,경기도 화성시 장안면 사곡리 725-1,37.0578581758,126.8013660266,2025-05-31,2025-11-10
경기도,화성시,삼현농원,닭,육계,0.0,경기도 화성시 양감면 사창리 1007-1,37.0850624267,126.9680863647,2025-05-31,2025-11-10
경기도,화성시,삼현농장,닭,육계,0.0,경기도 화성시 우정읍 주곡리 386-5,37.1166660153,126.8098529819,2025-05-31,2024-12-22
경기도,화성시,선경2축산,닭,육계,68360.0,"경기도 화성시 봉담읍 하가등리 393-7,6,392-2",37.1455193971,126.9328913812,2025-05-31,2024-12-22
경기도,화성시,선경축산,닭,육계,0.0,경기도 화성시 정남면 문학리 42-1,37.1493642266,126.9729965272,2025-05-31,2022-02-08
경기도,화성시,성일양계장,닭,육계,0.0,경기도 화성시 마도면 청원리 576-5,37.1769973777,126.7714773308,2025-05-31,2024-12-22
경기도,화성시,세종농장,닭,산란계,254020.0,경기도 화성시 남양읍 온석리 197-1,37.1724948309,126.8546507526,2025-04-30,2024-12-22
경기도,화성시,소망농원,닭,산란계,0.0,경기도 화성시 마도면 백곡리 38,37.1914569325,126.7340022031,2025-05-31,2020-12-17
경기도,화성시,소원축산,닭,종계,0.0,"경기도 화성시 우정읍 원안리 426, 호곡리 991",37.10676736,126.7770687664,2025-04-30,2024-12-22
경기도,화성시,수현농장,닭,육계,0.0,"경기도 화성시 장안면 독정리 37-1, 산63",37.0705305437,126.8686210602,2025-05-31,2024-12-22
경기도,화성시,신봉농장,닭,육계,0.0,경기도 화성시 정남면 관항리 494-2,37.1848053957,126.9506912193,2025-05-31,2024-12-22
경기도,화성시,신성농장,닭,육계,0.0,경기도 화성시 우정읍 운평리 산 71-1,37.089155914,126.7818606086,2025-05-31,2024-12-22
경기도,화성시,아침농원,닭,산란계,0.0,경기도 화성시 안녕동 133-5,37.1973120594,127.0078875494,2025-04-30,2024-12-22
경기도,화성시,야마기시즘실현지영농조합법인,닭,산란계,35640.0,경기도 화성시 향남읍 구문천리 산 141-1,37.0714653505,126.8922706576,2025-05-31,2024-12-22
경기도,화성시,양감농장,닭,종계,0.0,"경기도 화성시 양감면 사창리 782-1, -2",37.0966780769,126.9632788713,2025-05-31,2025-11-10
경기도,화성시,양지뜰 향남농장,닭,산란계,0.0,"경기도 화성시 향남읍 상신리 1050,1051,1052,1053",37.086041626,126.8801489614,2025-04-30,2024-12-22
경기도,화성시,영남농장,닭,육계,74100.0,경기도 화성시 장안면 독정리 864,37.0684443473,126.8430021746,2025-05-31,2024-12-22
경기도,화성시,오늘농장,닭,산란계,11000.0,"경기도 화성시 양감면 송산리 1003-5, -6, -7",37.1016459523,126.9900729949,2025-04-30,2025-11-10
경기도,화성시,온석2농장,닭,산란계,70000.0,경기도 화성시 남양읍 온석리 276,37.1678416357,126.8477068992,2025-05-31,2024-12-22
경기도,화성시,온석농장,닭,산란계,278540.0,"경기도 화성시 남양읍 온석리 230,228-3,228-4,229",37.1700935322,126.8539953388,2025-05-31,2024-12-22
경기도,화성시,유농장,닭,육계,0.0,경기도 화성시 남양읍 활초리 산 187-1,37.1611770677,126.8373800613,2025-05-31,2024-12-22
경기도,화성시,장학순건강란,닭,산란계,0.0,경기도 화성시 장안면 장안리 279,37.0539481918,126.855903452,2025-04-30,2025-11-10
경기도,화성시,정문농장,닭,종계,0.0,경기도 화성시 양감면 정문리 646-1,37.0949550009,126.9832648427,2025-05-31,2025-11-10
경기도,화성시,제이피에프,닭,종계,0.0,"경기도 화성시 향남읍 구문천리 784, 798",37.0672392744,126.8855776461,2025-04-30,2024-12-22
경기도,화성시,주은농장,닭,육계,24000.0,경기도 화성시 남양읍 북양리 577,37.2084134488,126.8575793771,2025-04-30,2024-12-22
경기도,화성시,지엠지,닭,종계,0.0,경기도 화성시 장안면 수촌리 1417-6,37.1082910647,126.8636144955,2025-05-31,2024-12-22
경기도,화성시,청석골농장,닭,산란계,51950.0,경기도 화성시 양감면 사창리 660-1,37.1006822151,126.9616976142,2025-05-31,2025-11-10
경기도,화성시,청신농장,닭,육계,16000.0,"경기도 화성시 양감면 신왕리 1972, 1973",37.0716446127,126.9650415074,2025-04-30,2025-11-10
경기도,화성시,청신농장,닭,종계,16000.0,"경기도 화성시 양감면 신왕리 1972,1973",37.0716446127,126.9650415074,2025-04-30,2025-11-10
경기도,화성시,태경농장,닭,육계,0.0,경기도 화성시 남양읍 온석리 491-3,37.1648879197,126.8515167019,2025-04-30,2024-12-22
경기도,화성시,토종닭농장,닭,육계,0.0,경기도 화성시 우정읍 매향리 543-1,37.0473160173,126.7750577352,2025-05-31,2023-01-12
경기도,화성시,푸른농장,닭,육계,0.0,경기도 화성시 봉담읍 상기리 551-2,37.1968901316,126.9161237501,2025-04-30,2024-12-22
경기도,화성시,피엔씨코리아,닭,산란계,0.0,경기도 화성시 향남읍 구문천리 881,37.0850687919,126.8924771077,2025-05-31,2024-12-22
경기도,화성시,해뜨는농장,닭,육계,0.0,"경기도 화성시 마도면 고모리 1, 1-1",37.1766563891,126.7443774128,2025-04-30,2022-01-23
경기도,화성시,호계농장,닭,종계,0.0,"경기도 화성시 양감면 송산리 440,440-1",37.1080989329,126.9856291056,2025-04-30,2025-11-10
경기도,화성시,화성양계장,닭,종계,0.0,"경기도 화성시 장안면 독정리 221-1, -2, 222, 223, 235-2",37.0766259462,126.8639017359,2025-04-30,2024-12-22
경기도,화성시,희산농장,닭,육계,0.0,경기도 화성시 남양읍 신남리 1552,37.1787869129,126.8224125431,2025-05-31,2024-12-22
경기도,화성시,가람농장,닭,산란계,0.0,경기도 화성시 봉담읍 상리 152-5,37.234700047,126.9432852337,2025-07-31,2021-02-18
경기도,화성시,가람농장,닭,산란계,20.0,경기도 화성시 효행구 봉담읍 상리 152-5,37.2347034212,126.9432758988,2026-02-26,2021-02-18
경기도,화성시,감우농장,닭,육계,0.0,경기도 화성시 남양읍 장덕리 1077,37.1647380646,126.8199587297,2026-01-31,2024-12-22
경기도,화성시,감우농장,닭,육계,55400.0,경기도 화성시 만세구 남양읍 장덕리 1077,37.1647380646,126.8199587297,2026-02-26,2024-12-22
경기도,화성시,건국농장,닭,육계,15000.0,경기도 화성시 만세구 장안면 독정리 794-2,37.0761457264,126.8468619832,2026-02-26,2025-11-16
경기도,화성시,건국축산농원,닭,육계,0.0,"경기도 화성시 장안면 독정리 794-2 794-4,794-5,794-12",37.0761457264,126.8468619832,2025-07-31,2025-11-10
경기도,화성시,건국축산농원,닭,육계,50000.0,경기도 화성시 만세구 장안면 독정리 794-2,37.0761457264,126.8468619832,2026-02-26,2025-11-16
경기도,화성시,경기농장,닭,육계,0.0,경기도 화성시 팔탄면 율암리 389-1,37.1689313646,126.8725679012,2025-08-31,2025-11-16
경기도,화성시,경기농장,닭,육계,0.0,경기도 화성시 만세구 팔탄면 율암리 389-1,37.1689313646,126.8725679012,2026-02-26,2025-11-16
경기도,화성시,계원농장,닭,종계,19948.0,경기도 화성시 만세구 양감면 사창리 261,37.095121558,126.976028108,2026-02-26,2025-12-02
경기도,화성시,고려꿩농장,닭,꿩,20.0,경기도 화성시 만세구 팔탄면 기천리 산132,37.1767521427,126.9051152063,2026-02-26,2024-12-22
경기도,화성시,고려꿩농장,꿩,꿩,20.0,경기도 화성시 팔탄면 기천리 산132,37.1762002154,126.9047027341,2026-01-31,2024-12-22
경기도,화성시,관항농장,닭,육계,0.0,"경기도 화성시 정남면 관항리 530, 531, 537, 538, 539-2",37.1814010322,126.9552334012,2026-01-31,2024-12-22
경기도,화성시,관항농장,닭,육계,30000.0,경기도 화성시 효행구 정남면 관항리 530,37.1814010322,126.9552334012,2026-02-26,2024-12-22
경기도,화성시,광도농장,닭,육계,72500.0,경기도 화성시 장안면 노진리 26-1 외 15필지,37.0538079578,126.8179132875,2025-08-31,2025-11-10
경기도,화성시,광도농장,닭,육계,67000.0,경기도 화성시 만세구 장안면 노진리 26-1,37.0538079578,126.8179132875,2026-02-26,2025-11-16
경기도,화성시,금송농장,닭,육계,63000.0,경기도 화성시 만세구 장안면 장안리 489,37.0447171617,126.8558127728,2026-02-26,2025-11-16
경기도,화성시,금의양계장,닭,육계,44600.0,경기도 화성시 장안면 사곡리 833-6,37.0578204052,126.8087670772,2025-08-31,2025-11-10
경기도,화성시,금의양계장,닭,육계,50000.0,경기도 화성시 만세구 장안면 사곡리 833-6,37.0578204052,126.8087670772,2026-02-26,2025-11-16
경기도,화성시,김포팜,오리,,0.0,경기도 화성시 정남면 괘랑리 181-1,37.1821506759,126.9963143156,2025-08-31,2022-02-08
경기도,화성시,꼬꼬마을농장,닭,산란계,500.0,경기도 화성시 만세구 장안면 노진리 12-4,37.0539416124,126.8212881226,2026-02-26,2025-11-16
경기도,화성시,꼬꼬마을농장,닭,산란계,0.0,경기도 화성시 장안면 노진리 12-4,37.0539441383,126.8212826711,2026-01-31,2025-11-16
경기도,화성시,남양양계,닭,산란계,48400.0,경기도 화성시 만세구 남양읍 온석리 480,37.169570316,126.8555767311,2026-02-26,2025-11-16
경기도,화성시,남에벤에셀,닭,육계,49850.0,경기도 화성시 장안면 사곡리 879,37.0645813197,126.8088182167,2025-08-31,2025-11-10
경기도,화성시,남에벤에셀,닭,육계,30000.0,경기도 화성시 만세구 장안면 사곡리 879,37.0645813197,126.8088182167,2026-02-26,2025-11-16
경기도,화성시,농업회사법인㈜정인,닭,육계,0.0,"경기도 화성시 우정읍 석천리 766, 1037-28",37.0456053242,126.7768620304,2026-01-31,2025-11-10
경기도,화성시,농업회사법인㈜정인,닭,육계,40000.0,경기도 화성시 만세구 우정읍 석천리 766,37.0450764656,126.7773505982,2026-02-26,2025-11-10
경기도,화성시,다산농장,닭,종계,14500.0,경기도 화성시 만세구 양감면 용소리 190,37.0722354844,126.9865576471,2026-02-26,2025-12-25
경기도,화성시,다산양계,닭,산란계,60000.0,경기도 화성시 만세구 팔탄면 구장리 309-2,37.1533055457,126.9013236488,2026-02-26,2025-11-16
경기도,화성시,다원농장,닭,육계,50000.0,경기도 화성시 만세구 우정읍 화수리 964-17,37.1101671198,126.789236864,2026-02-26,2025-11-16
경기도,화성시,대륭농장,닭,육계,0.0,경기도 화성시 양감면 신왕리 1950,37.0733754906,126.9610919678,2025-07-31,2025-11-10
경기도,화성시,대륭농장,닭,육계,27478.0,경기도 화성시 만세구 양감면 신왕리 1950,37.0733754906,126.9610919678,2026-02-26,2025-12-02
경기도,화성시,대륭목장,닭,종계,0.0,경기도 화성시 양감면 신왕리 1950,37.0733754906,126.9610919678,2025-08-31,2025-11-10
경기도,화성시,대륭목장,닭,종계,0.0,경기도 화성시 만세구 양감면 신왕리 1950,37.0733754906,126.9610919678,2026-02-26,2025-12-02
경기도,화성시,대박농장,닭,육계,50000.0,경기도 화성시 만세구 송산면 지화리 574-2,37.2108425291,126.6801251299,2026-02-26,2017-01-25
경기도,화성시,대산농장,닭,육계,31973.0,경기도 화성시 만세구 장안면 독정리 1779,37.0730943198,126.8625812881,2026-02-26,2025-11-16
경기도,화성시,대성농장,닭,종계,9206.0,"경기도 화성시 남양읍 온석리 400-1, 400-2, 400-3, 451-1",37.1663551768,126.8429665358,2026-01-31,2025-11-16
경기도,화성시,대성농장,닭,종계,9206.0,경기도 화성시 만세구 남양읍 온석리 400-1,37.1663551768,126.8429665358,2026-02-26,2025-11-16
경기도,화성시,대양농장,닭,종계,0.0,경기도 화성시 만세구 양감면 신왕리 1129,37.0733314553,126.9633084611,2026-02-26,2025-12-02
경기도,화성시,덕다양계장,닭,육계,29340.0,경기도 화성시 만세구 장안면 덕다리 산 47-6,37.0635728393,126.839062347,2026-02-26,2025-11-16
경기도,화성시,도원농장,닭,육계,67700.0,"경기도 화성시 장안면 어은리 558, 562",37.0841575742,126.8449143002,2026-01-31,2025-11-16
경기도,화성시,도원농장,닭,종계,67700.0,경기도 화성시 만세구 장안면 어은리 558,37.0841575742,126.8449143002,2026-02-26,2025-11-16
경기도,화성시,도원농장,닭,육계,50000.0,경기도 화성시 만세구 장안면 어은리 558,37.0841575742,126.8449143002,2026-02-26,2025-11-16
경기도,화성시,동원농장,닭,육계,0.0,경기도 화성시 남양읍 온석리 241,37.1702161084,126.8549855222,2025-07-31,2025-11-16
경기도,화성시,동원농장,닭,육계,0.0,경기도 화성시 만세구 남양읍 온석리 241,37.1702161084,126.8549855222,2026-02-26,2025-11-16
경기도,화성시,동진목장,닭,육계,30.0,경기도 화성시 만세구 남양읍 장덕리 240-1,37.1636818683,126.8118813964,2026-02-26,2024-12-22
경기도,화성시,동진목장,닭,육계,0.0,경기도 화성시 남양읍 장덕리 240-1,37.1636818683,126.8118813964,2025-08-31,2024-12-22
경기도,화성시,두레농장,닭,산란계,40000.0,경기도 화성시 만세구 양감면 사창리 257,37.0953129425,126.9744626358,2026-02-26,2025-12-02
경기도,화성시,두레농장,닭,종계,0.0,경기도 화성시 만세구 양감면 사창리 257,37.0953129425,126.9744626358,2026-02-26,2025-12-02
경기도,화성시,마도청계,닭,산란계,130.0,경기도 화성시 만세구 마도면 석교리 648,37.1990601796,126.7707053681,2026-02-26,2024-12-22
경기도,화성시,매바위양계장,닭,육계,30000.0,경기도 화성시 만세구 남양읍 장덕리  947,37.1512148427,126.787366386,2026-02-26,2024-12-22
경기도,화성시,모세농장,닭,육계,53000.0,경기도 화성시 정남면 금복리 91,37.1600425962,126.9992541385,2026-01-31,2022-02-08
경기도,화성시,모세농장,닭,육계,52000.0,경기도 화성시 효행구 정남면 금복리 91,37.1600425962,126.9992541385,2026-02-26,2022-02-08
경기도,화성시,무지개농장,닭,육계,57300.0,경기도 화성시 만세구 송산면 고포리 605-1,37.236153493,126.6762435264,2026-02-26,2014-01-30
경기도,화성시,미래농장,닭,육계,55000.0,경기도 화성시 향남읍 길성리 1,37.1233846807,126.98303788,2026-01-31,2025-12-02
경기도,화성시,미래농장,닭,종계,55000.0,경기도 화성시 향남읍 길성리 1,37.1233846807,126.98303788,2026-01-31,2025-12-02
경기도,화성시,미래농장,닭,종계,55000.0,경기도 화성시 만세구 향남읍 길성리 1,37.1233846807,126.98303788,2026-02-26,2025-12-02
경기도,화성시,미래농장,닭,산란계,,경기도 화성시 만세구 향남읍 길성리 1,37.1233846807,126.98303788,2026-02-26,2025-12-02
경기도,화성시,미래농장,닭,육계,50000.0,경기도 화성시 만세구 향남읍 길성리 1,37.1233846807,126.98303788,2026-02-26,2025-12-02
경기도,화성시,민서네 꿩(약초)농장,꿩,꿩,0.0,"경기도 화성시 마도면 고모리 344-1,3",37.1733663893,126.7429796072,2025-08-31,2022-01-23
경기도,화성시,민서네 꿩(약초)농장,닭,꿩,300.0,경기도 화성시 만세구 마도면 고모리 344-1,37.1731866975,126.7430715145,2026-02-26,2022-01-23
경기도,화성시,방울산농장,닭,산란계,150.0,경기도 화성시 만세구 향남읍 방축리 208,37.1200769776,126.9301036041,2026-02-26,2025-12-02
경기도,화성시,백봉실크 오골계농장,닭,산란계,0.0,경기도 화성시 비봉면 남전리 109-1,37.2311090182,126.8429111299,2025-08-31,2024-12-22
경기도,화성시,봉황농장,닭,산란계,90000.0,경기도 화성시 만세구 남양읍 신남리 906-16,37.1843393753,126.7991436935,2026-02-26,2024-12-22
경기도,화성시,부부농장,닭,육계,0.0,경기도 화성시 정남면 계향리 218,37.1437666109,126.9916032489,2025-07-31,2022-02-08
경기도,화성시,부부농장,닭,육계,500.0,경기도 화성시 효행구 정남면 계향리 218,37.1437666109,126.9916032489,2026-02-26,2022-02-08
경기도,화성시,부자농원,닭,육계,45000.0,경기도 화성시 만세구 장안면 사곡리 725-1,37.0578581758,126.8013660266,2026-02-26,2025-11-16
경기도,화성시,부흥꿩농장,닭,꿩,5000.0,경기도 화성시 만세구 우정읍 원안리 615-2,37.1009628558,126.774209239,2026-02-26,2025-11-16
경기도,화성시,비봉농장,닭,산란계,23000.0,경기도 화성시 비봉면 자안리 312-1,37.2063901354,126.8770473812,2025-08-31,2024-12-22
경기도,화성시,비봉농장,닭,산란계,25000.0,경기도 화성시 효행구 비봉면 자안리 312-1,37.2063901354,126.8770473812,2026-02-26,2024-12-22
경기도,화성시,사또농장,닭,산란계,0.0,경기도 화성시 매송면 숙곡리 289,37.2573242052,126.907955473,2026-01-31,2025-11-10
경기도,화성시,사또농장,닭,산란계,500.0,경기도 화성시 효행구 매송면 숙곡리 289,37.2573242052,126.907955473,2026-02-26,2025-11-10
경기도,화성시,삼현농원,닭,육계,20000.0,경기도 화성시 만세구 양감면 사창리 1007-1,37.0850624267,126.9680863647,2026-02-26,2025-12-02
경기도,화성시,삼현농장,닭,육계,24200.0,경기도 화성시 만세구 우정읍 주곡리 386-5,37.1166654539,126.8098540382,2026-02-26,2025-11-16
경기도,화성시,상승농장,닭,육계,59800.0,경기도 화성시 만세구 마도면 고모리 578-12,37.173007478,126.7503275019,2026-02-26,2024-12-22
경기도,화성시,상승농장,닭,육계,0.0,경기도 화성시 마도면 고모리 578-12,37.173007478,126.7503275019,2026-01-31,2024-12-22
경기도,화성시,상신농원,닭,산란계,0.0,경기도 화성시 만세구 향남읍 구문천리 881,37.0850687919,126.8924771077,2026-02-26,2025-12-02
경기도,화성시,상신농원,닭,산란계,14000.0,경기도 화성시 향남읍 구문천리 881,37.0850687919,126.8924771077,2026-01-31,2025-12-02
경기도,화성시,상신현대농원,닭,산란계,0.0,경기도 화성시 만세구 향남읍 구문천리 881,37.0850687919,126.8924771077,2026-02-26,2025-12-02
경기도,화성시,선경2축산,닭,육계,45000.0,경기도 화성시 효행구 봉담읍 하가등리 393-7,37.145676346,126.9336671732,2026-02-26,2025-11-16
경기도,화성시,성웅농장,닭,육계,54020.0,"경기도 화성시 마도면 고모리 347,348,512-2,3",37.1730026662,126.7438956429,2025-07-31,2022-01-23
경기도,화성시,성웅농장,닭,육계,55130.0,경기도 화성시 만세구 마도면 고모리 347,37.1727446717,126.7437667399,2026-02-26,2022-01-23
경기도,화성시,성일양계장,닭,육계,6000.0,경기도 화성시 만세구 마도면 청원리 576-5,37.1769973777,126.7714773308,2026-02-26,2024-12-22
경기도,화성시,세종농장,닭,산란계,263000.0,경기도 화성시 만세구 남양읍 온석리 197-1,37.1724948309,126.8546507526,2026-02-26,2025-11-16
경기도,화성시,소원축산,닭,종계,0.0,경기도 화성시 만세구 우정읍 원안리 426,37.10676736,126.7770687664,2026-02-26,2025-11-16
경기도,화성시,수현농장,닭,육계,35000.0,경기도 화성시 만세구 장안면 독정리 37-1,37.0705305437,126.8686210602,2026-02-26,2025-11-16
경기도,화성시,스마일농장,닭,육계,159000.0,경기도 화성시 장안면 독정리 1618,37.0607393429,126.8785214904,2026-01-31,2025-11-16
경기도,화성시,스마일농장,닭,육계,184000.0,경기도 화성시 만세구 장안면 독정리 1618,37.0607393429,126.8785214904,2026-02-26,2025-11-16
경기도,화성시,신봉농장,닭,육계,35000.0,경기도 화성시 효행구 정남면 관항리 494-2,37.1848053957,126.9506912193,2026-02-26,2024-12-22
경기도,화성시,신성농장,닭,육계,44400.0,경기도 화성시 만세구 우정읍 운평리 산 71-1,37.0890000155419,126.781744876673,2026-02-26,2025-11-10
경기도,화성시,아침농원,닭,산란계,200.0,경기도 화성시 병점구 안녕동 133-5,37.1973120594,127.0078875494,2026-02-26,2025-11-10
경기도,화성시,야곱농장,닭,종계,0.0,경기도 화성시 양감면 사창리 338,37.0895955333,126.9759536331,2026-01-31,2025-12-02
경기도,화성시,야곱농장,닭,종계,0.0,경기도 화성시 만세구 양감면 사창리 338,37.0895955333,126.9759536331,2026-02-26,2025-12-02
경기도,화성시,야마기시즘실현지영농조합법인,닭,산란계,0.0,경기도 화성시 만세구 향남읍 구문천리 산 141-1,37.0747058610942,126.912135598454,2026-02-26,2025-11-10
경기도,화성시,양감농장,닭,종계,0.0,경기도 화성시 만세구 양감면 사창리 782-1,37.0966780769,126.9632788713,2026-02-26,2025-12-02
경기도,화성시,양지뜰 향남농장,닭,산란계,0.0,경기도 화성시 만세구 향남읍 상신리 1050,37.0864779309,126.8808430047,2026-02-26,2025-11-16
경기도,화성시,여흥농장,닭,육계,36000.0,경기도 화성시 만세구 팔탄면 덕우리 250-1,37.1247267813,126.8624975424,2026-02-26,2025-11-16
경기도,화성시,여흥농장,닭,육계,0.0,"경기도 화성시 팔탄면 덕우리 250-1,-2,250",37.1247267813,126.8624975424,2025-08-31,2025-11-10
경기도,화성시,연수농장,닭,육계,0.0,경기도 화성시 장안면 석포리 산 122,37.136433183444,126.82621970208628,2026-01-31,2025-11-10
경기도,화성시,연수농장,닭,육계,43500.0,경기도 화성시 만세구 장안면 석포리 산 122,37.136433183444,126.82621970208628,2026-02-26,2025-11-10
경기도,화성시,연지농장,닭,육계,0.0,경기도 화성시 팔탄면 해창리 산35-1,37.1105353925,126.8686380013,2025-07-31,2025-11-10
경기도,화성시,연지농장,닭,육계,30000.0,경기도 화성시 만세구 팔탄면 해창리 산35-1,37.1105353925,126.8686380013,2026-02-26,2025-11-16
경기도,화성시,영남농장,닭,육계,71300.0,경기도 화성시 만세구 장안면 독정리 864,37.0681119605,126.8432075204,2026-02-26,2025-11-16
경기도,화성시,영완농장,닭,육계,0.0,"경기도 화성시 팔탄면 가재리 601, 602",37.1497471119,126.9162048758,2026-01-31,2025-11-16
경기도,화성시,영완농장,닭,육계,7000.0,경기도 화성시 만세구 팔탄면 가재리 601,37.1497471119,126.9162048758,2026-02-26,2025-11-16
경기도,화성시,예산농장,닭,산란계,0.0,경기도 화성시 팔탄면 율암리 313-1,37.1694016836,126.8711672977,2025-08-31,2025-11-16
경기도,화성시,예산농장,닭,산란계,0.0,경기도 화성시 만세구 팔탄면 율암리 313-1,37.1694016836,126.8711672977,2026-02-26,2025-11-16
경기도,화성시,예찬농장,닭,산란계,0.0,경기도 화성시 매송면 야목리 677,37.2631613026,126.8859519154,2026-01-31,2025-11-10
경기도,화성시,예찬농장,닭,산란계,200.0,경기도 화성시 효행구 매송면 야목리 677,37.2631613026,126.8859519154,2026-02-26,2025-11-10
경기도,화성시,오늘농장,닭,산란계,90000.0,경기도 화성시 만세구 양감면 송산리 1003-5,37.1012933734739,126.989833560044,2026-02-26,2025-11-10
경기도,화성시,온석2농장,닭,산란계,65000.0,경기도 화성시 만세구 남양읍 온석리 276,37.1678416357,126.8477068992,2026-02-26,2025-11-16
경기도,화성시,온석농장,닭,산란계,216000.0,경기도 화성시 만세구 남양읍 온석리 230,37.1707704115,126.8541472729,2026-02-26,2025-11-16
경기도,화성시,우림농원,닭,산란계,0.0,경기도 화성시 정남면 제기리 31-2,37.1420096529,127.0077481424,2026-01-31,2022-02-08
경기도,화성시,우림농원,닭,산란계,800.0,경기도 화성시 효행구 정남면 제기리 31-2,37.1420096529,127.0077481424,2026-02-26,2022-02-08
경기도,화성시,유농장,닭,육계,20000.0,경기도 화성시 만세구 남양읍 활초리 산 187-1,37.1611770677,126.8373800613,2026-02-26,2025-11-16
경기도,화성시,유림농장,닭,종계,0.0,경기도 화성시 만세구 양감면 사창리 113-1,37.1035021974,126.9681785852,2026-02-26,2025-12-02
경기도,화성시,유림농장,닭,종계,0.0,"경기도 화성시 양감면 사창리 113번지 1호 ,-2, -3",37.1035030427,126.9681806942,2026-01-31,2025-12-02
경기도,화성시,윤호농장,닭,종계,23000.0,경기도 화성시 남양읍 활초리 685,37.1639289788,126.8378516103,2025-08-31,2025-11-16
경기도,화성시,윤호농장,닭,종계,23000.0,경기도 화성시 만세구 남양읍 활초리 685,37.1639289788,126.8378516103,2026-02-26,2025-11-16
경기도,화성시,장학순건강란,닭,산란계,10.0,경기도 화성시 만세구 장안면 장안리 279,37.0539481918,126.855903452,2026-02-26,2025-11-16
경기도,화성시,재성농장,닭,육계,26500.0,경기도 화성시 만세구 우정읍 운평리 1051,37.0778651552,126.769220624,2026-02-26,2025-11-16
경기도,화성시,재성농장,닭,육계,0.0,"경기도 화성시 우정읍 운평리 1051, 1051-1, 1051-2",37.0778651552,126.769220624,2025-08-31,2025-11-16
경기도,화성시,전정식농장,닭,산란계,0.0,경기도 화성시 비봉면 삼화리 802-3,37.248405861,126.8529010826,2025-08-31,2022-01-23
경기도,화성시,전정식농장,닭,산란계,25.0,경기도 화성시 효행구 비봉면 삼화리 802-3,37.2484058615,126.8529014348,2026-02-26,2022-01-23
경기도,화성시,정남농장,닭,종계,15000.0,경기도 화성시 정남면 문학리 599-1,37.1561416667,126.9627011459,2025-07-31,2024-12-22
경기도,화성시,정남농장,닭,산란계,15000.0,경기도 화성시 정남면 음양리 466,37.1508610297,127.0220059091,2025-08-31,2022-02-08
경기도,화성시,정남농장,닭,종계,15000.0,경기도 화성시 효행구 정남면 문학리 599-1,37.1561416667,126.9627011459,2026-02-26,2024-12-22
경기도,화성시,정남농장,닭,산란계,75500.0,경기도 화성시 효행구 정남면 음양리 466,37.1508610297,127.0220059091,2026-02-26,2022-02-08
경기도,화성시,정문농장,닭,종계,0.0,경기도 화성시 만세구 양감면 정문리 646-1,37.0949550009,126.9832648427,2026-02-26,2025-12-02
경기도,화성시,정인양계장,닭,육계,0.0,경기도 화성시 팔탄면 율암리 산 56-79,37.1690514937,126.8748309277,2026-01-31,2025-11-16
경기도,화성시,정인양계장,닭,육계,17000.0,경기도 화성시 만세구 팔탄면 율암리 산 56-79,37.144386088731174,126.8847226153824,2026-02-26,2025-11-10
경기도,화성시,제이피에프,닭,육계,0.0,"경기도 화성시 향남읍 구문천리 784, 798",37.0672392744,126.8855776461,2026-01-31,2025-12-02
경기도,화성시,제이피에프,닭,종계,0.0,경기도 화성시 만세구 향남읍 구문천리 784,37.0681311168,126.8854692124,2026-02-26,2025-12-02
경기도,화성시,제이피에프,닭,육계,40000.0,경기도 화성시 만세구 향남읍 구문천리 784,37.0681311168,126.8854692124,2026-02-26,2025-12-02
경기도,화성시,주은농장,닭,육계,45000.0,경기도 화성시 만세구 남양읍 북양리 577,37.2084134488,126.8575793771,2026-02-26,2024-12-22
경기도,화성시,지엠지,닭,종계,0.0,경기도 화성시 만세구 장안면 수촌리 1417-6,37.1082910647,126.8636144955,2026-02-26,2025-11-16
경기도,화성시,지은농장,닭,육계,0.0,경기도 화성시 팔탄면 노하리 1040,37.1463938737,126.8457012755,2026-01-31,2025-11-16
경기도,화성시,지은농장,닭,육계,33000.0,경기도 화성시 만세구 팔탄면 노하리 1040,37.1463896531,126.8457035706,2026-02-26,2025-11-16
경기도,화성시,진석농장,닭,육계,0.0,경기도 화성시 향남읍 도이리 163,37.1413782401,126.9209419718,2026-01-31,2025-11-16
경기도,화성시,진석농장,닭,육계,0.0,경기도 화성시 만세구 향남읍 도이리 163,37.1413782401,126.9209419718,2026-02-26,2025-11-16
경기도,화성시,질라라비농장,닭,육계,0.0,경기도 화성시 우정읍 조암리 산 91-3,37.0835721318,126.8069356632,2025-07-31,2025-11-10
경기도,화성시,질라라비농장,닭,육계,37600.0,경기도 화성시 만세구 우정읍 조암리 산 91-3,37.09247749734956,126.81899760883036,2026-02-26,2025-11-10
경기도,화성시,천하농장,닭,산란계,0.0,"경기도 화성시 송산면 천등리 429-2, -6",37.2351677253,126.7047761773,2025-07-31,2017-01-25
경기도,화성시,천하농장,닭,산란계,306.0,경기도 화성시 만세구 송산면 천등리 429-2,37.2351677253,126.7047761773,2026-02-26,2017-01-25
경기도,화성시,청석골농장,닭,산란계,26100.0,경기도 화성시 만세구 양감면 사창리 660-1,37.1006822151,126.9616976142,2026-02-26,2025-12-02
경기도,화성시,청신농장,닭,육계,30000.0,경기도 화성시 만세구 양감면 신왕리 1972,37.0716446127,126.9650415074,2026-02-26,2025-12-02
경기도,화성시,청신농장,닭,종계,16000.0,경기도 화성시 만세구 양감면 신왕리 1972,37.0716446127,126.9650415074,2026-02-26,2025-12-02
경기도,화성시,초혜지농장,닭,육계,73500.0,"경기도 화성시 정남면 금복리 92, 93, 91-1",37.1601531878,126.9998277978,2026-01-31,2022-02-08
경기도,화성시,초혜지농장,닭,육계,50000.0,경기도 화성시 효행구 정남면 금복리 92,37.1601531878,126.9998277978,2026-02-26,2022-02-08
경기도,화성시,큰양계장,닭,육계,0.0,경기도 화성시 장안면 금의리 600-4,37.1090856234,126.8295055754,2025-07-31,2025-11-10
경기도,화성시,큰양계장,닭,육계,40000.0,경기도 화성시 만세구 장안면 금의리 600-4,37.1092394281,126.8296055135,2026-02-26,2025-11-16
경기도,화성시,태경농장,닭,육계,23000.0,경기도 화성시 만세구 남양읍 온석리 491-3,37.1648879197,126.8515167019,2026-02-26,2025-11-16
경기도,화성시,태행목장,닭,육계,100.0,경기도 화성시 효행구 비봉면 청요리 702-4,37.2106366685,126.8946161586,2026-02-26,2024-12-22
경기도,화성시,태행목장,닭,육계,0.0,경기도 화성시 비봉면 청요리 702-4,37.2106366685,126.8946161586,2026-01-31,2024-12-22
경기도,화성시,토종닭농장,닭,육계,1000.0,경기도 화성시 만세구 우정읍 매향리 543-1,37.0474077337,126.7753155144,2026-02-26,2023-01-12
경기도,화성시,파머스가든,닭,산란계,0.0,경기도 화성시 양감면 사창리 721-6,37.1040273633,126.9559680693,2025-08-31,2025-11-10
경기도,화성시,파머스가든,닭,산란계,589500.0,경기도 화성시 만세구 양감면 사창리 721-6,37.1042791318,126.955831218,2026-02-26,2025-12-02
경기도,화성시,푸른농장,닭,육계,200.0,경기도 화성시 효행구 봉담읍 상기리 551-2,37.1968901316,126.9161237501,2026-02-26,2024-12-22
경기도,화성시,한일농장,닭,종계,20060.0,경기도 화성시 남양읍 온석리 488,37.1640640472,126.8541592891,2025-08-31,2025-11-16
경기도,화성시,한일농장,닭,종계,20060.0,경기도 화성시 만세구 남양읍 온석리 488,37.1641896852,126.8540568527,2026-02-26,2025-11-16
경기도,화성시,해뜨는농장,닭,육계,40000.0,경기도 화성시 만세구 마도면 고모리 1,37.1766563891,126.7443774128,2026-02-26,2022-01-23
경기도,화성시,해오름 조암농장,닭,산란계,0.0,"경기도 화성시 우정읍 매향리 504-1,504,505-1,506-5",37.0473807947,126.7709186984,2025-08-31,2023-01-12
경기도,화성시,해오름 조암농장,닭,산란계,44200.0,경기도 화성시 만세구 우정읍 매향리 504-1,37.0469565283,126.7707949697,2026-02-26,2023-01-12
경기도,화성시,해창농장,꿩,꿩,0.0,경기도 화성시 팔탄면 해창리 산 35-1,37.1097507799,126.86856573,2026-01-31,2025-11-16
경기도,화성시,해창농장,닭,꿩,150.0,경기도 화성시 만세구 팔탄면 해창리 산 35-1,37.1097507799,126.86856573,2026-02-26,2025-11-16
경기도,화성시,향촌농원,닭,산란계,3200.0,경기도 화성시 정남면 발산리 646-3,37.1523005099,126.9862085319,2025-07-31,2022-02-08
경기도,화성시,향촌농원,닭,산란계,3000.0,경기도 화성시 효행구 정남면 발산리 646-3,37.1523005099,126.9862085319,2026-02-26,2022-02-08
경기도,화성시,현대농장,닭,육계,60000.0,경기도 화성시 만세구 송산면 독지리 318,37.2473177365,126.6861119168,2026-02-26,2014-01-30
경기도,화성시,현대농장,닭,육계,0.0,경기도 화성시 송산면 독지리 318,37.2473177365,126.6861119168,2026-01-31,2014-01-30
경기도,화성시,형제농장,닭,육계,0.0,경기도 화성시 양감면 대양리 111-2,37.0943758915,126.9487452898,2026-01-31,2025-12-02
경기도,화성시,형제농장,닭,육계,60000.0,경기도 화성시 만세구 양감면 대양리 111-2,37.0943758915,126.9487452898,2026-02-26,2025-12-02
경기도,화성시,호계농장,닭,종계,0.0,경기도 화성시 만세구 양감면 송산리 440,37.1079476939,126.9859141554,2026-02-26,2025-12-02
경기도,화성시,화성농장,닭,종계,0.0,"경기도 화성시 남양읍 온석리 499-4,-9,-10",37.1641482943,126.8481441097,2025-07-31,2025-11-16
경기도,화성시,화성농장,닭,종계,0.0,경기도 화성시 만세구 남양읍 온석리 499-4,37.1641482943,126.8481441097,2026-02-26,2025-11-16
경기도,화성시,화성양계장,닭,종계,0.0,경기도 화성시 만세구 장안면 독정리 221-1,37.0766259462,126.8639017359,2026-02-26,2025-11-16
경기도,화성시,황기농장,닭,육계,0.0,경기도 화성시 효행구 정남면 덕절리 96-1,37.1389821961,127.0292078548,2026-02-26,2022-02-08
경기도,화성시,황기농장,닭,육계,0.0,"경기도 화성시 정남면 덕절리 96-1,97-1,97-2,116-1",37.1389821961,127.0292078548,2026-01-31,2022-02-08
경기도,화성시,희망축산,닭,육계,0.0,경기도 화성시 남양읍 온석리 492,37.1642639867,126.852806021,2026-01-31,2025-11-16
경기도,화성시,희망축산,닭,육계,5240.0,경기도 화성시 만세구 남양읍 온석리 492,37.1642639867,126.852806021,2026-02-26,2025-11-16
경기도,화성시,사또농장,닭,산란계,0.0,경기도 화성시 매송면 숙곡리 289,37.2573242052,126.907955473,2026-01-31,2025-11-16
경기도,화성시,사또농장,닭,산란계,500.0,경기도 화성시 효행구 매송면 숙곡리 289,37.2573242052,126.907955473,2026-02-26,2025-11-16
경기도,화성시,신성농장,닭,육계,44400.0,경기도 화성시 만세구 우정읍 운평리 산 71-1,37.0890000155419,126.781744876673,2026-02-26,2025-11-16
경기도,화성시,아침농원,닭,산란계,200.0,경기도 화성시 병점구 안녕동 133-5,37.1973120594,127.0078875494,2026-02-26,2025-11-16
경기도,화성시,야마기시즘실현지영농조합법인,닭,산란계,0.0,경기도 화성시 만세구 향남읍 구문천리 산 141-1,37.0747058610942,126.912135598454,2026-02-26,2025-11-16
경기도,화성시,연수농장,닭,육계,0.0,경기도 화성시 장안면 석포리 산 122,37.136433183444,126.82621970208628,2026-01-31,2025-11-16
경기도,화성시,연수농장,닭,육계,43500.0,경기도 화성시 만세구 장안면 석포리 산 122,37.136433183444,126.82621970208628,2026-02-26,2025-11-16
경기도,화성시,예찬농장,닭,산란계,0.0,경기도 화성시 매송면 야목리 677,37.2631613026,126.8859519154,2026-01-31,2025-11-16
경기도,화성시,예찬농장,닭,산란계,200.0,경기도 화성시 효행구 매송면 야목리 677,37.2631613026,126.8859519154,2026-02-26,2025-11-16
경기도,화성시,오늘농장,닭,산란계,90000.0,경기도 화성시 만세구 양감면 송산리 1003-5,37.1012933734739,126.989833560044,2026-02-26,2025-11-16
경기도,화성시,정인양계장,닭,육계,17000.0,경기도 화성시 만세구 팔탄면 율암리 산 56-79,37.144386088731174,126.8847226153824,2026-02-26,2025-11-16
경기도,화성시,질라라비농장,닭,육계,37600.0,경기도 화성시 만세구 우정읍 조암리 산 91-3,37.09247749734956,126.81899760883036,2026-02-26,2025-11-16
전라남도,구례군,25시 농장,오리,육용오리,15000.0,전라남도 구례군 용방면 신도리 1157-19,35.2590113698779,127.41468202844,2021-02-01,2020-12-30
전라남도,구례군,광의농장,오리,육용오리,25000.0,전라남도 구례군 용방면 용정리 765-7,35.237625318144,127.419648715609,2021-02-01,2020-12-27
전라남도,구례군,광의농장,오리,육용오리,18000.0,전라남도 구례군 광의면 온당리 846-1,35.269947214435,127.439692523694,2021-02-01,2020-12-25
전라남도,구례군,김동주농장,닭,육계,62000.0,전라남도 구례군 문척면 중산리 470-1,35.1599410006034,127.499496575892,2021-02-01,2020-12-25
전라남도,구례군,김인숙 농장,오리,육용오리,29000.0,전라남도 구례군 광의면 수월리 896-1,35.2543677642902,127.454681057143,2021-02-01,2020-12-25
전라남도,구례군,냉천오리농장,오리,육용오리,13000.0,전라남도 구례군 마산면 광평리 559-1,35.2065534581372,127.488413994725,2021-02-01,2020-12-25
전라남도,구례군,두동농장,오리,육용오리,19000.0,전라남도 구례군 용방면 용강리 420-23,35.2335901913594,127.436172140645,2021-02-01,2020-12-27
전라남도,구례군,드림농장,닭,육계,91000.0,전라남도 구례군 마산면 냉천리 743-10,35.2184958661841,127.474450961921,2021-02-01,2020-12-25
전라남도,구례군,마산농장,오리,육용오리,10000.0,전라남도 구례군 마산면 마산리 329-2,35.2264421650918,127.481392209397,2021-02-01,2020-12-25
전라남도,구례군,명인농장,오리,육용오리,12000.0,전라남도 구례군 용방면 용정리 767-2,35.237625318144,127.419648715609,2021-02-01,2020-12-27
전라남도,구례군,문척오산농장,오리,육용오리,13000.0,전라남도 구례군 문척면 월전리 948-1,35.1881840180553,127.482540310888,2021-02-01,2020-12-25
전라남도,구례군,반석농장,오리,육용오리,16000.0,전라남도 구례군 용방면 신도리 1144-16,35.2590113698779,127.41468202844,2021-02-01,2020-12-30
전라남도,구례군,벧엘농장,닭,육계,30000.0,전라남도 구례군 토지면 금내리 1011-1,35.1930375525967,127.515403689702,2021-02-01,2020-12-25
전라남도,구례군,성지농장,닭,육계,70000.0,전라남도 구례군 용방면 용강리 455,35.2335901913594,127.436172140645,2021-02-01,2020-12-27
전라남도,구례군,성진농장,닭,종계,27600.0,전라남도 구례군 구례읍 원방리 652,35.1799117531185,127.456184052107,2021-02-01,2020-12-25
전라남도,구례군,신한농장,오리,육용오리,18000.0,전라남도 구례군 용방면 신도리 195-8,35.2590113698779,127.41468202844,2021-02-01,2020-12-30
전라남도,구례군,오리천국,오리,육용오리,44000.0,전라남도 구례군 용방면 신도리 733-2,35.2590113698779,127.41468202844,2021-02-01,2020-12-30
전라남도,구례군,온동농장,오리,육용오리,18000.0,전라남도 구례군 광의면 온당리 846-6,35.2686554058604,127.439374409696,2021-02-01,2020-12-25
전라남도,구례군,원동양계장,닭,육계,45500.0,전라남도 구례군 산동면 계천리 274,35.3332810668358,127.435949916509,2021-02-01,2020-12-25
전라남도,구례군,이가농장,오리,육용오리,15000.0,전라남도 구례군 광의면 온당리 842-7,35.2716744609413,127.440727505668,2021-02-01,2020-12-25
전라남도,구례군,이평농장,오리,육용오리,21000.0,전라남도 구례군 용방면 중방리 686-21,35.2453457931378,127.409769317191,2021-02-01,2020-12-30
전라남도,구례군,자연오리,오리,육용오리,10000.0,전라남도 구례군 용방면 신도리 1144-7,35.2590113698779,127.41468202844,2021-02-01,2020-12-30
전라남도,구례군,자연오리,오리,육용오리,11000.0,전라남도 구례군 용방면 신도리 1137-5,35.2590113698779,127.41468202844,2021-02-01,2020-12-30
전라남도,구례군,점임농장,오리,육용오리,10000.0,전라남도 구례군 용방면 용강리 413-8,35.2335901913594,127.436172140645,2021-02-01,2020-12-27
전라남도,구례군,주경오리농장,오리,육용오리,15000.0,전라남도 구례군 용방면 중방리 687-2,35.2453457931378,127.409769317191,2021-02-01,2020-12-30
전라남도,구례군,죽정리농장,오리,육용오리,10000.0,전라남도 구례군 용방면 신도리 1151-18,35.2590113698779,127.41468202844,2021-02-01,2020-12-30
전라남도,구례군,지리산황토오리농장,오리,육용오리,35000.0,전라남도 구례군 광의면 방광리 897-4,35.2554720991312,127.455467185701,2021-02-01,2020-12-25
전라남도,구례군,진현농장,오리,육용오리,19600.0,전라남도 구례군 용방면 신도리 1155-1,35.2590113698779,127.41468202844,2021-02-01,2020-12-30
전라남도,구례군,푸른농장,오리,육용오리,18000.0,전라남도 구례군 용방면 신도리 1157-12,35.2590113698779,127.41468202844,2021-02-01,2020-12-30
전라남도,구례군,한송농장,닭,육계,38400.0,전라남도 구례군 마산면 갑산리 141-14,35.2275957895083,127.469481505682,2021-02-01,2020-12-25
전라남도,구례군,허상영농장,닭,육계,90000.0,전라남도 구례군 구례읍 계산리 33-1,35.1819422701677,127.431802559314,2021-02-01,2020-12-25
전라남도,구례군,현수농장,오리,육용오리,20000.0,전라남도 구례군 용방면 신도리 736-6,35.2590113698779,127.41468202844,2021-02-01,2020-12-30
전라남도,구례군,형기농장,오리,육용오리,10000.0,전라남도 구례군 용방면 신도리 1148-21,35.2590113698779,127.41468202844,2021-02-01,2020-12-30
전라남도,구례군,광의농장,오리,육용오리,18000.0,전라남도 구례군 광의면 온당리 846-1,35.269947214435,127.439692523694,2021-02-01,2020-12-27
전라남도,구례군,김동주농장,닭,육계,62000.0,전라남도 구례군 문척면 중산리 470-1,35.1599410006034,127.499496575892,2021-02-01,2020-12-27
전라남도,구례군,김인숙 농장,오리,육용오리,29000.0,전라남도 구례군 광의면 수월리 896-1,35.2543677642902,127.454681057143,2021-02-01,2020-12-27
전라남도,구례군,냉천오리농장,오리,육용오리,13000.0,전라남도 구례군 마산면 광평리 559-1,35.2065534581372,127.488413994725,2021-02-01,2020-12-27
전라남도,구례군,드림농장,닭,육계,91000.0,전라남도 구례군 마산면 냉천리 743-10,35.2184958661841,127.474450961921,2021-02-01,2020-12-27
전라남도,구례군,마산농장,오리,육용오리,10000.0,전라남도 구례군 마산면 마산리 329-2,35.2264421650918,127.481392209397,2021-02-01,2020-12-27
전라남도,구례군,문척오산농장,오리,육용오리,13000.0,전라남도 구례군 문척면 월전리 948-1,35.1881840180553,127.482540310888,2021-02-01,2020-12-27
전라남도,구례군,벧엘농장,닭,육계,30000.0,전라남도 구례군 토지면 금내리 1011-1,35.1930375525967,127.515403689702,2021-02-01,2020-12-27
전라남도,구례군,성진농장,닭,종계,27600.0,전라남도 구례군 구례읍 원방리 652,35.1799117531185,127.456184052107,2021-02-01,2020-12-27
전라남도,구례군,온동농장,오리,육용오리,18000.0,전라남도 구례군 광의면 온당리 846-6,35.2686554058604,127.439374409696,2021-02-01,2020-12-27
전라남도,구례군,원동양계장,닭,육계,45500.0,전라남도 구례군 산동면 계천리 274,35.3332810668358,127.435949916509,2021-02-01,2020-12-27
전라남도,구례군,이가농장,오리,육용오리,15000.0,전라남도 구례군 광의면 온당리 842-7,35.2716744609413,127.440727505668,2021-02-01,2020-12-27
전라남도,구례군,지리산황토오리농장,오리,육용오리,35000.0,전라남도 구례군 광의면 방광리 897-4,35.2554720991312,127.455467185701,2021-02-01,2020-12-27
전라남도,구례군,한송농장,닭,육계,38400.0,전라남도 구례군 마산면 갑산리 141-14,35.2275957895083,127.469481505682,2021-02-01,2020-12-27
전라남도,구례군,허상영농장,닭,육계,90000.0,전라남도 구례군 구례읍 계산리 33-1,35.1819422701677,127.431802559314,2021-02-01,2020-12-27
전라남도,나주시,○○farm,닭,육계,,전라남도 나주시 세지면 교산리,34.9119595949191,126.724272750918,2023-01-20,2023-01-06
전라남도,나주시,○○farm,닭,육계,,전라남도 나주시 왕곡면 송죽리,34.959174903013,126.626057022869,2023-01-20,2023-01-06
전라남도,나주시,○○○,오리,,,전라남도 나주시 공산면 동촌리,34.9442875009819,126.591313740358,2023-01-20,2023-01-06
전라남도,나주시,○○○,오리,,,전라남도 나주시 남평읍 우산리,34.9801804506626,126.87883938402,2023-01-20,2021-03-24
전라남도,나주시,○○농산,오리,,,전라남도 나주시 봉황면 황용리,34.9663169661414,126.759936021921,2023-01-20,2023-01-06
전라남도,나주시,○○농원,닭,육계,,전라남도 나주시 공산면 금곡리,34.9355649251267,126.614233434037,2023-01-20,2023-01-06
전라남도,나주시,○○농원,닭,육계,,전라남도 나주시 다도면 판촌리,34.9655107451208,126.850820943631,2023-01-20,2021-03-24
전라남도,나주시,○○농원,닭,종계/산란계,,전라남도 나주시 봉황면 옥산리,34.991730391408,126.789983120504,2023-01-20,2022-12-23
전라남도,나주시,○○농원,오리,종오리,,전라남도 나주시 동강면 장동리,34.8941250155173,126.557757284566,2023-01-20,2022-12-12
전라남도,나주시,○○농원,오리,,,전라남도 나주시 동강면 월양리,34.9328782428316,126.565977265203,2023-01-20,2022-12-12
전라남도,나주시,○○농원,오리,종오리,,전라남도 나주시 동강면 대전리,34.9133520101057,126.560346095182,2023-01-20,2022-12-12
전라남도,나주시,○○농장,닭,육계,,전라남도 나주시 관정동,34.9970642511991,126.74889236946,2023-01-20,2023-01-06
전라남도,나주시,○○농장,오리,,,전라남도 나주시 세지면 죽동리,34.9499823548507,126.717353598999,2023-01-20,2023-01-06
전라남도,나주시,○○농장,오리,,,전라남도 나주시 동강면 장동리,34.8941250155173,126.557757284566,2023-01-20,2022-12-12
전라남도,나주시,○○농장,닭,육계,,전라남도 나주시 공산면 동촌리,34.9442875009819,126.591313740358,2023-01-20,2023-01-06
전라남도,나주시,○○농장,오리,,,전라남도 나주시 동강면 진천리,34.9226518540016,126.576918134586,2023-01-20,2022-12-12
전라남도,나주시,○○농장,오리,,,전라남도 나주시 동강면 곡천리,34.9301296580558,126.54592752841,2023-01-20,2022-12-12
전라남도,나주시,○○농장,오리,,,전라남도 나주시 남평읍 교촌리,35.0369705511075,126.830263167355,2023-01-20,2021-03-24
전라남도,나주시,○○농장,닭,육계,,전라남도 나주시 문평면 옥당리,35.0317791267546,126.620273686283,2023-01-20,2022-11-29
전라남도,나주시,○○농장,닭,종계/산란계,,전라남도 나주시 봉황면 덕림리,34.9235683292703,126.766740878446,2023-01-20,2023-01-06
전라남도,나주시,○○농장,닭,육계,,전라남도 나주시 문평면 국동리,35.0736935257513,126.665856880323,2023-01-20,2021-01-25
전라남도,나주시,○○농장,오리,,,전라남도 나주시 반남면 신촌리,34.917926547006,126.660111627911,2023-01-20,2023-01-06
전라남도,나주시,○○농장,오리,,,전라남도 나주시 반남면 성계리,34.8931553705655,126.675608531047,2023-01-20,2023-01-06
전라남도,나주시,○○농장,닭,육계,,전라남도 나주시 산포면 매성리,35.0315844549141,126.797683681268,2023-01-20,2021-03-24
전라남도,나주시,○○농장,오리,,,전라남도 나주시 공산면 남창리,34.9520724813974,126.609032517719,2023-01-20,2023-01-06
전라남도,나주시,○○농장,오리,,,전라남도 나주시 왕곡면 월천리,34.9630654270088,126.65919392084,2023-01-20,2023-01-06
전라남도,나주시,○○농장,닭,육계,,전라남도 나주시 다도면 암정리,34.9179294377877,126.815065294669,2023-01-20,2022-12-23
전라남도,나주시,○○농장,오리,,,전라남도 나주시 다시면 송촌리,35.0202246042747,126.603694490753,2023-01-20,2022-12-05
전라남도,나주시,○○농장,오리,,,전라남도 나주시 반남면 대안리,34.9166820179858,126.641088773833,2023-01-20,2023-01-06
전라남도,나주시,○○농장,닭,육계,,전라남도 나주시 공산면 상방리,34.9366533978833,126.630340570579,2023-01-20,2023-01-06
전라남도,나주시,○○농장,닭,육계,,전라남도 나주시 세지면 벽산리,34.9119720349521,126.741413158175,2023-01-20,2023-01-06
전라남도,나주시,○○농장,닭,육계,,전라남도 나주시 반남면 덕산리,34.9083495846804,126.66772301164,2023-01-20,2023-01-06
전라남도,나주시,○○농장,오리,,,전라남도 나주시 남평읍 교원리,35.0313642860405,126.838405957767,2023-01-20,2021-03-24
전라남도,나주시,○○농장,오리,,,전라남도 나주시 영산동,34.9997272010708,126.713975249783,2023-01-20,2023-01-06
전라남도,나주시,○○농장,오리,,,전라남도 나주시 세지면 성산리,34.896825403658,126.739911450662,2023-01-20,2023-01-06
전라남도,나주시,○○농장,오리,종오리,,전라남도 나주시 남평읍 상곡리,34.9901470935702,126.853514510424,2023-01-20,2021-03-24
전라남도,나주시,○○농장,오리,,,전라남도 나주시 반남면 청송리,34.9375084168353,126.655030758388,2023-01-20,2023-01-06
전라남도,나주시,○○농장,오리,,,전라남도 나주시 산포면 내기리,35.0417775996835,126.791521028431,2023-01-20,2021-03-24
전라남도,나주시,○○농장,오리,,,전라남도 나주시 왕곡면 장산리,34.9750382760779,126.70415707069,2023-01-20,2023-01-06
전라남도,나주시,○○농장,닭,육계,,전라남도 나주시 반남면 흥덕리,34.8999106354098,126.641665032691,2023-01-20,2023-01-06
전라남도,나주시,○○농장,닭,종계/산란계,,전라남도 나주시 봉황면 죽석리,34.9584256630861,126.785653579367,2023-01-20,2023-01-06
전라남도,나주시,○○농장,오리,,,전라남도 나주시 세지면 송제리,34.9284318303324,126.717300567785,2023-01-20,2023-01-06
전라남도,나주시,○○농장,오리,,,전라남도 나주시 봉황면 송현리,34.9642032696931,126.812740816292,2023-01-20,2022-12-23
전라남도,나주시,○○농장,오리,,,전라남도 나주시 세지면 내정리,34.9493180064294,126.734521610314,2023-01-20,2023-01-06
전라남도,나주시,○○농장,오리,,,전라남도 나주시 노안면 유곡리,35.0936332425288,126.736717452556,2023-01-20,2017-03-16
전라남도,나주시,○○농장,오리,,,전라남도 나주시 왕곡면 신원리,34.9480626768044,126.706075647713,2023-01-20,2023-01-06
전라남도,나주시,○○농장,오리,,,전라남도 나주시 왕곡면 송죽리,34.959174903013,126.626057022869,2023-01-20,2023-01-06
전라남도,나주시,○○농장,닭,육계,,전라남도 나주시 남평읍 우산리,34.9801804506626,126.87883938402,2023-01-20,2021-03-24
전라남도,나주시,○○농장,닭,육계,,전라남도 나주시 남평읍 노동리,35.0620232074172,126.887457968967,2023-01-20,2021-03-24
전라남도,나주시,○○농장,기러기,,,전라남도 나주시 동수동 14번,34.9760568258614,126.680665535189,2023-01-20,2023-01-06
전라남도,나주시,○○농장,닭,육계,,전라남도 나주시 공산면 중포리,34.9646803344111,126.587038546334,2023-01-20,2023-01-06
전라남도,나주시,○○농장,오리,,,전라남도 나주시 공산면 가송리,34.9554824374359,126.572392076598,2023-01-20,2022-12-11
전라남도,나주시,○○농장,오리,,,전라남도 나주시 다시면 동곡리,35.0130604539804,126.624085258441,2023-01-20,2022-11-29
전라남도,나주시,○○농장,닭,육계,,전라남도 나주시 봉황면 황용리,34.9663169661414,126.759936021921,2023-01-20,2023-01-06
전라남도,나주시,○○농장,오리,,,전라남도 나주시 산포면 덕례리,35.053503055061,126.791741154414,2023-01-20,2021-03-24
전라남도,나주시,○○농장,닭,육계,,전라남도 나주시 봉황면 유곡리,34.9873138917004,126.800846243898,2023-01-20,2022-12-23
전라남도,나주시,○○농장,닭,육계,,전라남도 나주시 공산면 복용리,34.92812626585,126.636310839128,2023-01-20,2023-01-06
전라남도,나주시,○○농장,오리,,,전라남도 나주시 공산면 화성리,34.9283490607961,126.596120900731,2023-01-20,2023-01-06
전라남도,나주시,○○농장,오리,,,전라남도 나주시 노안면 도산리,35.0851631949825,126.755267862495,2023-01-20,2021-03-24
전라남도,나주시,○○농장,메추리,,,전라남도 나주시 다도면 풍산리,34.9931747443457,126.820539390907,2023-01-20,2022-12-23
전라남도,나주시,○○농장,오리,종오리,,전라남도 나주시 노안면 오정리,35.0862761784718,126.683162215514,2023-01-20,2021-01-25
전라남도,나주시,○○농장,닭,육계,,전라남도 나주시 다도면 마산리,34.9203482713137,126.840120965692,2023-01-20,2023-04-15
전라남도,나주시,○○농장,닭,육계,,전라남도 나주시 산포면 산제리,35.0142306107972,126.825204573677,2023-01-20,2021-03-24
전라남도,나주시,○○농장,닭,육계,,전라남도 나주시 남평읍 남석리,35.0214487186305,126.86786519218,2023-01-20,2021-03-24
전라남도,나주시,○○농장,오리,,,전라남도 나주시 세지면 동곡리,34.9621726216009,126.726771890102,2023-01-20,2023-01-06
전라남도,나주시,○○농장,오리,,,전라남도 나주시 봉황면 오림리,34.93476759893,126.763210961407,2023-01-20,2023-01-06
전라남도,나주시,○○농장,오리,,,전라남도 나주시 산포면 화지리,35.0171044739396,126.813277695606,2023-01-20,2022-12-23
전라남도,나주시,○○농장,오리,,,전라남도 나주시 다도면 덕동리,34.9726465698744,126.824206654735,2023-01-20,2022-12-23
전라남도,나주시,○○농장,닭,육계,,전라남도 나주시 왕곡면 화정리,34.9536505584229,126.670662697631,2023-01-20,2023-01-06
전라남도,나주시,○○농장,오리,,,전라남도 나주시 세지면 오봉리,34.9133769108948,126.758300006603,2023-01-20,2023-01-06
전라남도,나주시,○○농장,닭,종계/산란계,,전라남도 나주시 문평면 송산리,35.0685535544294,126.599645761479,2023-01-20,2022-12-19
전라남도,나주시,○○농장,닭,육계,,전라남도 나주시 봉황면 옥산리,34.991730391408,126.789983120504,2023-01-20,2022-12-23
전라남도,나주시,○○농장,닭,육계,,전라남도 나주시 다도면 신동리,34.9418756931666,126.825958118829,2023-01-20,2022-12-23
전라남도,나주시,○○농장,오리,,,전라남도 나주시 남평읍 오계리,34.9974802720625,126.859206273958,2023-01-20,2021-03-24
전라남도,나주시,○○농장,오리,,,전라남도 나주시 오량동,34.9810207187876,126.662983312311,2023-01-20,2023-01-06
전라남도,나주시,○○농장,닭,육계,,전라남도 나주시 봉황면 용전리,34.9757887265448,126.776957006827,2023-01-20,2023-01-06
전라남도,나주시,○○농장,닭,육계,,전라남도 나주시 동수동 93번,34.9760568258614,126.680665535189,2023-01-20,2023-01-06
전라남도,나주시,○○농장,오리,,,전라남도 나주시 남평읍 평산리,35.0575498394548,126.832202517828,2023-01-20,2021-03-24
전라남도,나주시,○○농장,오리,,,전라남도 나주시 왕곡면 덕산리,34.9640940575216,126.682187946022,2023-01-20,2023-01-06
전라남도,나주시,○○농장,닭,육계,,전라남도 나주시 금천면 월산리,35.0011441930288,126.781677506805,2023-01-20,2022-12-23
전라남도,나주시,○○농장,오리,,,전라남도 나주시 왕곡면 신가리,34.9565350049654,126.698434017522,2023-01-20,2023-01-06
전라남도,나주시,○○농장,오리,,,전라남도 나주시 안창동,35.0116642393304,126.68593061084,2023-01-20,2023-01-06
전라남도,나주시,○○농장,오리,,,전라남도 나주시 산포면 등수리,35.0295577935399,126.822813735409,2023-01-20,2021-03-24
전라남도,나주시,○○농장,닭,육계,,전라남도 나주시 다시면 문동리,34.9994512670859,126.615384175737,2023-01-20,2023-01-06
전라남도,나주시,○○농장,닭,종계/산란계,,전라남도 나주시 봉황면 신동리,34.9654827329517,126.74340442315,2023-01-20,2023-01-06
전라남도,나주시,○○농장,닭,종계/산란계,,전라남도 나주시 봉황면 욱곡리,34.9530434090241,126.751991419013,2023-01-20,2023-01-06
전라남도,나주시,○○농장,닭,육계,,전라남도 나주시 남평읍 풍림리,35.0422494282407,126.871702764073,2023-01-20,2021-03-24
전라남도,나주시,○○농장,닭,육계,,전라남도 나주시 봉황면 와우리,34.9470653049676,126.774122855467,2023-01-20,2023-01-06
전라남도,나주시,○○농장,닭,육계,,전라남도 나주시 금천면 죽촌리,34.9910318578061,126.76867893663,2023-01-20,2023-01-06
전라남도,나주시,○○농장,닭,육계,,전라남도 나주시 송촌동,35.0595356960847,126.726680322345,2023-01-20,2021-03-24
전라남도,나주시,○○농장,오리,,,전라남도 나주시 동강면 대전리,34.9133520101057,126.560346095182,2023-01-20,2022-12-12
전라남도,나주시,○○농장,닭,육계,,전라남도 나주시 동강면 양지리,34.9640114019611,126.557820078744,2023-01-20,2022-12-11
전라남도,나주시,○○농장,닭,육계,,전라남도 나주시 세지면 교산리,34.9119595949191,126.724272750918,2023-01-20,2023-01-06
전라남도,나주시,○○농장,닭,육계,,전라남도 나주시 동수동,34.9760568258614,126.680665535189,2023-01-20,2023-01-06
전라남도,나주시,○○농장,닭,육계,,전라남도 나주시 문평면 북동리,35.0878269535247,126.609170943056,2023-01-20,2021-01-25
전라남도,나주시,○○농장,닭,종계/산란계,,전라남도 나주시 다시면 청정리,35.0555272995675,126.646134133541,2023-01-20,2021-01-25
전라남도,나주시,○○농장,닭,육계,,전라남도 나주시 평산동,34.9842342224089,126.751638928445,2023-01-20,2023-01-06
전라남도,나주시,○○농장,닭,육계,,전라남도 나주시 문평면 학동리,35.0360350198577,126.628889729192,2023-01-20,2023-04-02
전라남도,나주시,○○농장,닭,육계,,전라남도 나주시 문평면 계로리,35.0868615604748,126.637300738939,2023-01-20,2021-01-25
전라남도,나주시,○○법인,오리,,,전라남도 나주시 다시면 문동리,34.9994512670859,126.615384175737,2023-01-20,2023-01-06
전라남도,나주시,○○양계,닭,종계/산란계,,전라남도 나주시 세지면 교산리,34.9119595949191,126.724272750918,2023-01-20,2023-01-06
전라남도,나주시,○○양계장,닭,종계/산란계,,전라남도 나주시 공산면 복용리,34.92812626585,126.636310839128,2023-01-20,2023-01-06
전라남도,나주시,○○양계장,닭,종계/산란계,,전라남도 나주시 봉황면 장성리,34.9732356230193,126.790928299599,2023-01-20,2022-12-23
전라남도,나주시,○○오리,오리,,,전라남도 나주시 세지면 성산리,34.896825403658,126.739911450662,2023-01-20,2023-01-06
전라남도,나주시,○○축산,오리,종오리,,전라남도 나주시 다시면 문동리,34.9994512670859,126.615384175737,2023-01-20,2023-01-06
전라남도,나주시,○○축산,오리,,,전라남도 나주시 남평읍 풍림리,35.0422494282407,126.871702764073,2023-01-20,2021-03-24
전라남도,나주시,○○축산,닭,육계,,전라남도 나주시 다도면 방산리,34.9264878117836,126.856867320957,2023-01-20,2023-04-15
전라남도,나주시,○○축산,닭,종계,,전라남도 나주시 동수동,34.9760568258614,126.680665535189,2023-01-20,2023-01-06
전라남도,나주시,○○축산,닭,육계,,전라남도 나주시 반남면 덕산리,34.9083495846804,126.66772301164,2023-01-20,2023-01-06
전라남도,나주시,○○축산,닭,육계,,전라남도 나주시 공산면 복용리,34.92812626585,126.636310839128,2023-01-20,2023-01-06
전라남도,나주시,○○축산,오리,,,전라남도 나주시 남평읍 평산리,35.0575498394548,126.832202517828,2023-01-20,2021-03-24
전라남도,나주시,○○팜,오리,,,전라남도 나주시 노안면 오정리,35.0862761784718,126.683162215514,2023-01-20,2021-01-25
전라남도,나주시,○○팜,닭,종계/산란계,,전라남도 나주시 공산면 복용리,34.92812626585,126.636310839128,2023-01-20,2023-01-06
전라남도,나주시,○○팜,닭,종계/산란계,,전라남도 나주시 석현동,35.0532951604016,126.736715444609,2023-01-20,2021-03-24
전라남도,나주시,가송,오리,,,전라남도 나주시 공산면 가송리,34.9554824374359,126.572392076598,2023-01-20,2022-12-11
전라남도,나주시,경주부화장,오리,종오리,,전라남도 나주시 동강면 장동리,34.8941250155173,126.557757284566,2023-01-20,2022-12-12
전라남도,나주시,관상조류마을,닭,육계,,전라남도 나주시 봉황면 신동리,34.9654827329517,126.74340442315,2023-01-20,2023-01-06
전라남도,나주시,광동양계장,닭,육계,,전라남도 나주시 반남면 청송리,34.9375084168353,126.655030758388,2023-01-20,2023-01-06
전라남도,나주시,알파쓰리,오리,,,전라남도 나주시 왕곡면 화정리,34.9536505584229,126.670662697631,2023-01-20,2023-01-06
전라남도,나주시,유한회사 ○○○,닭,육계,,전라남도 나주시 다시면 송촌리,35.0202246042747,126.603694490753,2023-01-20,2022-12-05
전라남도,나주시,정장원,오리,,,전라남도 나주시 동강면 양지리,34.9640114019611,126.557820078744,2023-01-20,2022-12-11
전라남도,나주시,행복한 토종닭,닭,육계,,전라남도 나주시 다시면 가운리,35.0172774905759,126.66030146899,2023-01-20,2023-01-06
전라남도,나주시,행복한농사꾼,닭,종계/산란계,,전라남도 나주시 노안면 양천리,35.1022988108534,126.681775304238,2023-01-20,2021-01-25
전라남도,무안군,가온농장,오리,,20600.0,전라남도 무안군 일로읍 감돈리,34.8690485326047,126.464543926433,2020-08-31,2020-12-10
전라남도,무안군,계절축산,닭,육계,41000.0,전라남도 무안군 일로읍 지장리,34.8694585749486,126.481790819522,2020-08-31,2020-12-05
전라남도,무안군,곰솔농장,닭,육계,78500.0,전라남도 무안군 망운면 송현리,34.9996689545309,126.352050468728,2020-08-31,2022-12-08
전라남도,무안군,구로농장,닭,육계,45500.0,전라남도 무안군 청계면 해안로,34.9237295750467,126.394333379924,2020-08-31,2021-01-02
전라남도,무안군,국민축산,오리,,30400.0,전라남도 무안군 해제면 해제지,35.1101647994101,126.293411041378,2020-08-31,2022-12-10
전라남도,무안군,궁뜰,닭,육계,29500.0,전라남도 무안군 현경면 함장로,35.0247742538683,126.444710192862,2020-08-31,2022-12-04
전라남도,무안군,귀자농장,오리,,28000.0,전라남도 무안군 해제면 덕산리,35.1288539130039,126.293218921586,2020-08-31,2024-01-04
전라남도,무안군,그레이트 팜,닭,육계,50000.0,전라남도 무안군 현경면 성자동,35.0389943004064,126.447699935425,2020-08-31,2022-12-04
전라남도,무안군,금동농장,닭,육계,,전라남도 무안군 삼향읍 왕산리,34.8651558281371,126.404354306048,2020-08-31,2021-01-02
전라남도,무안군,금성농장,오리,,11700.0,전라남도 무안군 일로읍 감돈리,34.8690485326047,126.464543926433,2020-08-31,2020-12-10
전라남도,무안군,금성농장,오리,,11700.0,전라남도 무안군 일로읍 지장리,34.8694585749486,126.481790819522,2020-08-31,2020-12-05
전라남도,무안군,금성농장,오리,,7000.0,전라남도 무안군 일로읍 감돈리,34.8690485326047,126.464543926433,2020-08-31,2020-12-10
전라남도,무안군,금성농장,닭,육계,78100.0,전라남도 무안군 청계면 도대로,34.9656683063847,126.427091884622,2020-08-31,2021-01-02
전라남도,무안군,남안농장,닭,육계,77000.0,전라남도 무안군 청계면 상천길,34.9604659247377,126.44019415191,2020-08-31,2021-01-02
전라남도,무안군,내화농장,닭,육계,73800.0,전라남도 무안군 운남면 내화길,34.952106786866,126.333870919366,2020-08-31,2021-01-02
전라남도,무안군,내화삼계,닭,육계,65500.0,전라남도 무안군 운남면 운해로,34.9751846053276,126.355009750466,2020-08-31,2021-01-02
전라남도,무안군,늘푸른농장,오리,,12000.0,전라남도 무안군 일로읍 지장리,34.8694585749486,126.481790819522,2020-08-31,2020-12-05
전라남도,무안군,닭사랑농장,닭,육계,80000.0,전라남도 무안군 현경면 동산리,34.9943633160777,126.411108940476,2020-08-31,2022-12-04
전라남도,무안군,대신농장,닭,육계,77000.0,전라남도 무안군 운남면 양금로,34.9460226651794,126.344181085957,2020-08-31,2021-01-02
전라남도,무안군,대창농장,오리,,,전라남도 무안군 몽탄면 오갈치,34.8983793326493,126.501775069596,2020-08-31,2020-12-10
전라남도,무안군,대풍농장,닭,육계,,전라남도 무안군 일로읍 감돈길,34.8742556648642,126.469373284183,2020-08-31,2020-12-10
전라남도,무안군,덕진농장,닭,육계,71800.0,전라남도 무안군 운남면 영해로,34.9362623569255,126.365157878952,2020-08-31,2021-01-02
전라남도,무안군,도원양계축산,닭,육계,33000.0,전라남도 무안군 망운면 피서길,34.9974061460234,126.378525760661,2020-08-31,2022-12-04
전라남도,무안군,매봉농장,닭,육계,,전라남도 무안군 일로읍 죽사동,34.851488326683,126.490296798249,2020-08-31,2020-12-05
전라남도,무안군,매봉축산,닭,육계,,전라남도 무안군 일로읍 죽사동,34.851488326683,126.490296798249,2020-08-31,2020-12-05
전라남도,무안군,모노랜드,닭,육계,94000.0,전라남도 무안군 현경면 해운로,35.065344093943,126.453236793748,2020-08-31,2022-12-04
전라남도,무안군,목화농장,닭,육계,76000.0,전라남도 무안군 망운면 운해로,34.9751846053276,126.355009750466,2020-08-31,2021-01-02
전라남도,무안군,민가농장,닭,육계,61000.0,전라남도 무안군 몽탄면 명산리,34.89087756781,126.523708474034,2020-08-31,2020-12-05
전라남도,무안군,바램 농장,닭,육계,,전라남도 무안군 해제면 양매리,35.1201876082196,126.302728077323,2020-08-31,2022-12-10
전라남도,무안군,바솜농장,오리,,,전라남도 무안군 무안읍 신학리,34.9806465514122,126.430438085074,2020-08-31,2021-01-02
전라남도,무안군,부부농장,닭,육계,70400.0,전라남도 무안군 일로읍 인의로,34.8411772502182,126.527878388681,2020-08-31,2020-12-05
전라남도,무안군,사계절농장,닭,육계,,전라남도 무안군 삼향읍 오룡산,34.82379206335169,126.46325858216802,2020-08-31,2021-01-02
전라남도,무안군,산울농원,오리,,22000.0,전라남도 무안군 현경면 황토길,34.9979662284613,126.417585118309,2020-08-31,2022-12-04
전라남도,무안군,상일축사,닭,육계,37000.0,전라남도 무안군 일로읍 감돈리,34.8690485326047,126.464543926433,2020-08-31,2020-12-10
전라남도,무안군,상훈농장,오리,,,전라남도 무안군 현경면 장군로,35.0427493170202,126.443092023257,2020-08-31,2022-12-04
전라남도,무안군,샛별농장,닭,육계,80000.0,전라남도 무안군 삼향읍 맥포리,34.8492142749334,126.465350360698,2020-08-31,2020-12-10
전라남도,무안군,서영축산,닭,육계,62500.0,전라남도 무안군 망운면 운해로,34.9751846053276,126.355009750466,2020-08-31,2021-01-02
전라남도,무안군,서원농장,오리,,10500.0,전라남도 무안군 일로읍 복룡리,34.8635526223044,126.536254443759,2020-08-31,2020-12-05
전라남도,무안군,성하농장,오리,,16300.0,전라남도 무안군 현경면 팔방길,35.0653545198558,126.395257687872,2020-08-31,2022-12-04
전라남도,무안군,송정오리농장,오리,,14400.0,전라남도 무안군 현경면 송정리,35.0328053506301,126.394386807226,2020-08-31,2022-12-04
전라남도,무안군,수반농장,오리,,14000.0,전라남도 무안군 무안읍 매곡리,35.0204991995112,126.458299116426,2020-08-31,2022-12-04
전라남도,무안군,수암농장,닭,육계,175500.0,전라남도 무안군 현경면 가입리,35.0867983009396,126.342773821832,2020-08-31,2022-12-10
전라남도,무안군,수월농장,오리,,28000.0,전라남도 무안군 망운면 피서리,34.9865837670308,126.387279822113,2020-08-31,2021-01-02
전라남도,무안군,승화농장,닭,육계,50000.0,전라남도 무안군 일로읍 삼일로,34.8518533729107,126.493009802072,2020-08-31,2020-12-05
전라남도,무안군,신일농장,닭,육계,70200.0,전라남도 무안군 현경면 지망길,35.0297082769308,126.442949388756,2020-08-31,2022-12-04
전라남도,무안군,신재농장,오리,,,전라남도 무안군 무안읍 몽탄로,34.9355814640412,126.504493926127,2020-08-31,2020-12-10
전라남도,무안군,신촌농장,닭,육계,35000.0,전라남도 무안군 망운면 신촌길,35.0141516881761,126.405092622707,2020-08-31,2022-12-04
전라남도,무안군,신흥농장,오리,,,전라남도 무안군 몽탄면 신흥동,34.8852212971491,126.52208714533,2020-08-31,2020-12-05
전라남도,무안군,신흥농장,오리,,,전라남도 무안군 몽탄면 당호리,34.8843775421719,126.528537186472,2020-08-31,2020-12-05
전라남도,무안군,아리농장,닭,육계,38500.0,전라남도 무안군 몽탄면 당호리,34.8843775421719,126.528537186472,2020-08-31,2020-12-05
전라남도,무안군,야곱농장,오리,,12000.0,전라남도 무안군 현경면 장군로,35.0427493170202,126.443092023257,2020-08-31,2022-12-04
전라남도,무안군,어민농장,닭,육계,600.0,전라남도 무안군 청계면 복길로,34.8968899722314,126.399301682088,2020-08-31,2021-01-02
전라남도,무안군,여울농장,닭,육계,500.0,전라남도 무안군 청계면 사마리,34.9632536813898,126.450792681146,2020-08-31,2021-01-02
전라남도,무안군,연희농장,닭,육계,87000.0,전라남도 무안군 해제면 배나무,35.1099689679601,126.293833931142,2020-08-31,2022-12-10
전라남도,무안군,영산강 청둥오리,오리,,,전라남도 무안군 일로읍 구정리,34.8183340254398,126.528507161937,2020-08-31,2020-12-05
전라남도,무안군,오리골농장,오리,,18700.0,전라남도 무안군 현경면 현해로,35.0816393663508,126.33827219293,2020-08-31,2022-12-10
전라남도,무안군,오리농장,오리,,8000.0,전라남도 무안군 일로읍 문화로,34.8799609346475,126.468099617638,2020-08-31,2020-12-10
전라남도,무안군,요안농장,오리,,17800.0,전라남도 무안군 일로읍 복룡리,34.8635526223044,126.536254443759,2020-08-31,2020-12-05
전라남도,무안군,우리축산,닭,육계,73000.0,전라남도 무안군 현경면 현해로,35.0816393663508,126.33827219293,2020-08-31,2022-12-10
전라남도,무안군,우정축산,닭,육계,61000.0,전라남도 무안군 운남면 하묘리,34.9754773453845,126.356993714485,2020-08-31,2021-01-02
전라남도,무안군,우카축산유통,오리,,,전라남도 무안군 현경면 함장로,35.0247742538683,126.444710192862,2020-08-31,2022-12-04
전라남도,무안군,유정농장,닭,육계,,전라남도 무안군 무안읍 황토길,34.9979662284613,126.417585118309,2020-08-31,2022-12-04
전라남도,무안군,유진농장,오리,,6500.0,전라남도 무안군 현경면 오류리,35.0534708415036,126.358443654882,2020-08-31,2022-12-04
전라남도,무안군,윤주농장,오리,,,전라남도 무안군 망운면 조산길,35.0049480831807,126.391556386539,2020-08-31,2022-12-04
전라남도,무안군,으뜸농원,닭,육계,58800.0,전라남도 무안군 해제면 만송로,35.1498968340619,126.343973771499,2020-08-31,2024-01-04
전라남도,무안군,은수네농장,오리,,2759.0,전라남도 무안군 현경면 해운리,35.0556097120475,126.459238039656,2020-08-31,2022-12-04
전라남도,무안군,은수농장,오리,,3996.0,전라남도 무안군 현경면 해운리,35.0556097120475,126.459238039656,2020-08-31,2022-12-04
전라남도,무안군,은수농장,오리,,,전라남도 무안군 현경면 현화리,35.0383848440221,126.43746808393,2020-08-31,2022-12-04
전라남도,무안군,은택농장,닭,육계,300.0,전라남도 무안군 무안읍 교촌리,34.989140451021,126.462733528459,2020-08-31,2022-12-04
전라남도,무안군,이오순농장,닭,육계,,전라남도 무안군 현경면 장군로,35.0427493170202,126.443092023257,2020-08-31,2022-12-04
전라남도,무안군,일광농장,닭,육계,14975.0,전라남도 무안군 일로읍 광암리,34.8734911308591,126.501124651417,2020-08-31,2020-12-05
전라남도,무안군,장곡농장,닭,육계,28600.0,전라남도 무안군 삼향읍 장곡길,34.8710452421241,126.445211614318,2020-08-31,2021-01-02
전라남도,무안군,장곡제일농장,오리,,12500.0,전라남도 무안군 삼향읍 장곡길,34.8710452421241,126.445211614318,2020-08-31,2021-01-02
전라남도,무안군,재인농장,오리,,16000.0,전라남도 무안군 일로읍 복룡리,34.8635526223044,126.536254443759,2020-08-31,2020-12-05
전라남도,무안군,저동농장,닭,육계,90000.0,전라남도 무안군 운남면 연리,34.9511792378007,126.337390293503,2020-08-31,2021-01-02
전라남도,무안군,전남양계장,닭,육계,77000.0,전라남도 무안군 청계면 남청길,34.9550262381878,126.433626777749,2020-08-31,2021-01-02
전라남도,무안군,죽산농장,오리,,13500.0,전라남도 무안군 일로읍 죽산리,34.8173856015668,126.500457552495,2020-08-31,2020-12-05
전라남도,무안군,진성농장,오리,,14000.0,전라남도 무안군 일로읍 지장리,34.8694585749486,126.481790819522,2020-08-31,2020-12-05
전라남도,무안군,짹별농장,닭,육계,30.0,전라남도 무안군 삼향읍 금동길,34.8704496214785,126.399214720825,2020-08-31,2021-01-02
전라남도,무안군,창구농장,닭,육계,,전라남도 무안군 운남면 동암리,34.9360671109956,126.365466844795,2020-08-31,2021-01-02
전라남도,무안군,청계농장,닭,육계,,전라남도 무안군 청계면 서호리,34.963002810725,126.423881189527,2020-08-31,2021-01-02
전라남도,무안군,청금축산,오리,,14000.0,전라남도 무안군 일로읍 지장리,34.8694585749486,126.481790819522,2020-08-31,2020-12-05
전라남도,무안군,청룡양계장,닭,육계,72000.0,전라남도 무안군 현경면 현화로,35.0442989593728,126.429497072737,2020-08-31,2022-12-04
전라남도,무안군,청룡양계장,닭,육계,32000.0,전라남도 무안군 현경면 현화로,35.0442989593728,126.429497072737,2020-08-31,2022-12-04
전라남도,무안군,청수농장,닭,육계,,전라남도 무안군 청계면 남청길,34.9550262381878,126.433626777749,2020-08-31,2021-01-02
전라남도,무안군,추억농장,닭,육계,,전라남도 무안군 해제면 산길리,35.0869356989943,126.267947464497,2020-08-31,2022-12-10
전라남도,무안군,평산오리농장,오리,,8800.0,전라남도 무안군 현경면 평산리,35.0210590262172,126.430938104686,2020-08-31,2022-12-04
전라남도,무안군,푸른농장,닭,육계,,전라남도 무안군 운남면 원성내,34.9354795864546,126.314399737674,2020-08-31,2021-01-02
전라남도,무안군,한국 농장,오리,,,전라남도 무안군 일로읍 일로로,34.8266064946523,126.504568294576,2020-08-31,2020-12-05
전라남도,무안군,해운양계,닭,육계,57800.0,전라남도 무안군 현경면 장군로,35.0427493170202,126.443092023257,2020-08-31,2022-12-04
전라남도,무안군,햇빛촌 농원,닭,육계,,전라남도 무안군 운남면 신월로,34.9722535016132,126.313457564885,2020-08-31,2022-12-10
전라남도,무안군,향남농장,오리,,18800.0,전라남도 무안군 현경면 마산리,35.0665483271235,126.355162081863,2020-08-31,2022-12-04
전라남도,무안군,현철농장,닭,육계,42000.0,전라남도 무안군 일로읍 광암리,34.8734911308591,126.501124651417,2020-08-31,2020-12-05
전라남도,무안군,형제농장,닭,육계,,전라남도 무안군 청계면 복길로,34.8968899722314,126.399301682088,2020-08-31,2021-01-02
전라남도,무안군,홍서농장,닭,육계,78200.0,전라남도 무안군 일로읍 국사로,34.8588702273136,126.475174270245,2020-08-31,2020-12-05
전라남도,무안군,화설농장,닭,육계,26500.0,전라남도 무안군 무안읍 창포로,34.9798363591169,126.448272335028,2020-08-31,2021-01-02
전라남도,무안군,황금농장,닭,,,전라남도 무안군 무안읍 함장로,35.0247742538683,126.444710192862,2020-08-31,2022-12-04
전라남도,무안군,,,,,,,,2025-11-25,2026-03-19
전라남도,무안군,가입농장,오리,,,전라남도 무안군 현경면 가입리,35.0867983009396,126.342773821832,2025-11-25,2026-03-19
전라남도,무안군,구로농장,닭,육계,,전라남도 무안군 청계면 구로리,34.9263148989229,126.3974686413,2025-11-25,2022-12-12
전라남도,무안군,국민축산,오리,,,전라남도 무안군 해제면 천장리,35.0797448116496,126.298142637942,2025-11-25,2026-03-19
전라남도,무안군,김정기 농장,닭,육계,,전라남도 무안군 해제면 용학리,35.0960513811851,126.309338286295,2025-11-25,2026-03-19
전라남도,무안군,남안농장,닭,육계,,전라남도 무안군 청계면 남안리,34.957562555565,126.437823840083,2025-11-25,2022-12-12
전라남도,무안군,내화농장,닭,육계,,전라남도 무안군 운남면 연리 1,34.9511792378007,126.337390293503,2025-11-25,2021-01-02
전라남도,무안군,내화삼계,닭,육계,,전라남도 무안군 운남면 성내리,34.9303426875922,126.331385011812,2025-11-25,2021-01-23
전라남도,무안군,다온농장,닭,육계,,전라남도 무안군 일로읍 지장리,34.8694585749486,126.481790819522,2025-11-25,2025-12-24
전라남도,무안군,대신농장,닭,육계,,전라남도 무안군 운남면 연리 2,34.9511792378007,126.337390293503,2025-11-25,2021-01-02
전라남도,무안군,덕진농장,닭,육계,,전라남도 무안군 운남면 동암리,34.9360671109956,126.365466844795,2025-11-25,2022-12-12
전라남도,무안군,데메테르M,닭,종계/산란계,,전라남도 무안군 운남면 연리 1,34.9511792378007,126.337390293503,2025-11-25,2021-01-02
전라남도,무안군,도담농장,닭,종계,,전라남도 무안군 무안읍 매곡리,35.0204991995112,126.458299116426,2025-11-25,2026-03-19
전라남도,무안군,도율농장,닭,종계/산란계,,전라남도 무안군 운남면 동암리,34.9360671109956,126.365466844795,2025-11-25,2022-12-12
전라남도,무안군,매봉농장,닭,육계,,전라남도 무안군 일로읍 지장리,34.8694585749486,126.481790819522,2025-11-25,2025-12-24
전라남도,무안군,목화농장,닭,육계,,전라남도 무안군 망운면 송현리,34.9996689545309,126.352050468728,2025-11-25,2026-03-19
전라남도,무안군,무안농장,닭,육계,,전라남도 무안군 현경면 평산리,35.0210590262172,126.430938104686,2025-11-25,2026-03-19
전라남도,무안군,백련농장,닭,육계,,전라남도 무안군 청계면 복길리,34.893068657515,126.398245355685,2025-11-25,2022-12-12
전라남도,무안군,산울농원,오리,,,전라남도 무안군 현경면 양학리,35.0009638021346,126.44138304653,2025-11-25,2026-03-19
전라남도,무안군,삼신부화장,닭,,,전라남도 무안군 몽탄면 청용리,34.895456868887,126.495180411003,2025-11-25,2025-12-24
전라남도,무안군,상일축사,닭,육계,,전라남도 무안군 일로읍 감돈리,34.8690485326047,126.464543926433,2025-11-25,2025-12-24
전라남도,무안군,송정오리농장,오리,,,전라남도 무안군 현경면 송정리,35.0328053506301,126.394386807226,2025-11-25,2026-03-19
전라남도,무안군,신일농장,닭,육계,,전라남도 무안군 현경면 평산리,35.0210590262172,126.430938104686,2025-11-25,2026-03-19
전라남도,무안군,어민농장,닭,육계,,전라남도 무안군 청계면 복길리,34.893068657515,126.398245355685,2025-11-25,2022-12-12
전라남도,무안군,연희농장,닭,육계,,전라남도 무안군 해제면 양매리,35.1201876082196,126.302728077323,2025-11-25,2024-01-04
전라남도,무안군,오리골농장,오리,,,전라남도 무안군 현경면 외반리,35.0164726530313,126.416463702009,2025-11-25,2026-03-19
전라남도,무안군,오리농장,오리,,,전라남도 무안군 일로읍 지장리,34.8694585749486,126.481790819522,2025-11-25,2025-12-24
전라남도,무안군,요안농장,오리,,,전라남도 무안군 일로읍 복룡리,34.8635526223044,126.536254443759,2025-11-25,2025-12-09
전라남도,무안군,우리축산,닭,육계,,전라남도 무안군 현경면 송정리,35.0328053506301,126.394386807226,2025-11-25,2026-03-19
전라남도,무안군,우정축산,닭,육계,,전라남도 무안군 운남면 하묘리,34.9754773453845,126.356993714485,2025-11-25,2022-12-10
전라남도,무안군,유진농장,오리,종오리,,전라남도 무안군 현경면 오류리,35.0534708415036,126.358443654882,2025-11-25,2026-03-19
전라남도,무안군,유한농장,닭,육계,,전라남도 무안군 운남면 연리 1,34.9511792378007,126.337390293503,2025-11-25,2021-01-02
전라남도,무안군,유화꼬꼬농장,닭,육계,,전라남도 무안군 무안읍 성암리,34.9690896438397,126.499713582597,2025-11-25,2025-12-24
전라남도,무안군,으뜸농원,닭,육계,,전라남도 무안군 해제면 만풍리,35.1205166306395,126.329084384383,2025-11-25,2026-03-19
전라남도,무안군,은수네농장,오리,종오리,,전라남도 무안군 현경면 해운리,35.0556097120475,126.459238039656,2025-11-25,2026-03-19
전라남도,무안군,은수네농장,오리,종오리,,전라남도 무안군 몽탄면 해운리,34.9307039683447,126.50201751663,2025-11-25,2025-12-24
전라남도,무안군,은택농장,닭,육계,,전라남도 무안군 무안읍 교촌리,34.989140451021,126.462733528459,2025-11-25,2024-01-26
전라남도,무안군,은혜농장,오리,육용오리,,전라남도 무안군 일로읍 광암리,34.8734911308591,126.501124651417,2025-11-25,2025-12-24
전라남도,무안군,을연농장,닭,육계,,전라남도 무안군 운남면 연리 7,34.9511792378007,126.337390293503,2025-11-25,2021-01-02
전라남도,무안군,장곡농장,닭,육계,,전라남도 무안군 삼향읍 지산리,34.873797488924,126.430519766377,2025-11-25,2023-12-06
전라남도,무안군,장곡제일농장,오리,,,전라남도 무안군 삼향읍 지산리,34.873797488924,126.430519766377,2025-11-25,2023-12-06
전라남도,무안군,저동농장,닭,육계,,전라남도 무안군 운남면 연리 7,34.9511792378007,126.337390293503,2025-11-25,2021-01-02
전라남도,무안군,정식 농장,오리,,,전라남도 무안군 망운면 피서리,34.9865837670308,126.387279822113,2025-11-25,2026-03-19
전라남도,무안군,제이엔티,오리,,,전라남도 무안군 청계면 청수리,34.9418327032257,126.440374450617,2025-11-25,2022-12-12
전라남도,무안군,죽산농장,오리,,,전라남도 무안군 일로읍 죽산리,34.8173856015668,126.500457552495,2025-11-25,2025-12-27
전라남도,무안군,청금축산,오리,,,전라남도 무안군 일로읍 지장리,34.8694585749486,126.481790819522,2025-11-25,2025-12-24
전라남도,무안군,청룡양계 1농장,닭,육계,,전라남도 무안군 현경면 현화리,35.0383848440221,126.43746808393,2025-11-25,2026-03-19
전라남도,무안군,청룡양계 2농장,닭,육계,,전라남도 무안군 현경면 현화리,35.0383848440221,126.43746808393,2025-11-25,2026-03-19
전라남도,무안군,친환경양계영농조합법인,오리,,,전라남도 무안군 망운면 목동리,35.0142215214521,126.398468002501,2025-11-25,2026-03-19
전라남도,무안군,태두농장,오리,,,전라남도 무안군 일로읍 지장리,34.8694585749486,126.481790819522,2025-11-25,2025-12-24
전라남도,무안군,평산농장,오리,종오리,,전라남도 무안군 현경면 평산리,35.0210590262172,126.430938104686,2025-11-25,2026-03-19
전라남도,무안군,하날농장,닭,종계/산란계,,전라남도 무안군 청계면 복길리,34.893068657515,126.398245355685,2025-11-25,2022-12-12
전라남도,무안군,학골농장,오리,,,전라남도 무안군 망운면 피서리,34.9865837670308,126.387279822113,2025-11-25,2026-03-19
전라남도,무안군,햇빛촌 농원,닭,육계,,전라남도 무안군 운남면 연리 1,34.9511792378007,126.337390293503,2025-11-25,2021-01-02
전라남도,무안군,현철농장,닭,육계,,전라남도 무안군 일로읍 광암리,34.8734911308591,126.501124651417,2025-11-25,2025-12-24
전라남도,무안군,홍서농장,닭,육계,,전라남도 무안군 일로읍 감돈리,34.8690485326047,126.464543926433,2025-11-25,2025-12-24
전라남도,무안군,화설농장,닭,육계,,전라남도 무안군 무안읍 신학리,34.9806465514122,126.430438085074,2025-11-25,2026-03-19
전라남도,무안군,희성농장,오리,,,전라남도 무안군 삼향읍 지산리,34.873797488924,126.430519766377,2025-11-25,2023-12-06
전라남도,보성군,가○길농장,오리,육용오리,10000.0,전라남도 보성군 노동면 갱맹골길 45-85,34.7744939079072,127.054990657068,2021-02-05,2021-01-16
전라남도,보성군,가○팜,닭,산란계,850.0,전라남도 보성군 노동면 거석길 230-53,34.826185521182,127.045145433998,2021-02-05,2021-01-16
전라남도,보성군,김○숙농장,오리,육용오리,16000.0,전라남도 보성군 웅치면 일림로 790-32,34.7055010845214,127.028250803103,2021-02-05,2021-01-16
전라남도,보성군,낙○농장,오리,종오리,0.0,전라남도 보성군 겸백면 수남리 833,34.8113672578106,127.18861773653,2021-02-05,2021-01-16
전라남도,보성군,녹○골농장,오리,육용오리,0.0,전라남도 보성군 보성읍 봉산리1424-2,34.7377486497436,127.096081412606,2021-02-05,2021-01-16
전라남도,보성군,누○팜,닭,육계,142000.0,전라남도 보성군 보성읍 재궁해경길 81-22,34.7400878568567,127.049860175586,2021-02-05,2021-01-16
전라남도,보성군,대○농장,오리,육용오리,0.0,전라남도 보성군 조성면 조성수촌길 14,34.7863248024294,127.208656304034,2021-02-05,2021-01-16
전라남도,보성군,대○농장,오리,종오리,5300.0,전라남도 보성군 웅치면 대산길 118-46,34.7091861282669,127.005162538592,2021-02-05,2021-01-16
전라남도,보성군,바○팜,닭,산란계,50000.0,전라남도 보성군 미력면 미력리 619-1,34.8345524943691,127.085821988279,2021-02-05,2021-01-16
전라남도,보성군,박○경농장,닭,육계,120000.0,전라남도 보성군 보성읍 쾌상리 1118-5,34.7374586689032,127.069081493883,2021-02-05,2023-01-11
전라남도,보성군,봉○농장,닭,육계,0.0,전라남도 보성군 회천면 충의로 792,34.7190611090819,127.122371937794,2021-02-05,2021-01-16
전라남도,보성군,샘○오리농장,오리,육용오리,0.0,전라남도 보성군 조성면 동촌리 273,34.782601782924,127.201269280214,2021-02-05,2021-01-16
전라남도,보성군,소○농장,오리,육용오리,30000.0,전라남도 보성군 노동면 대련리 565-1,34.7735725590769,127.053394440752,2021-02-05,2021-01-16
전라남도,보성군,송○수농장,오리,종오리,3500.0,전라남도 보성군 웅치면 유봉길 176-34,34.7139349167745,127.057855958981,2021-02-05,2021-01-16
전라남도,보성군,수농장,오리,육용오리,0.0,전라남도 보성군 겸백면 수남리 837-1,34.8113672578106,127.18861773653,2021-02-05,2021-01-16
전라남도,보성군,연○농장,닭,산란계,22000.0,전라남도 보성군  노동면 대련로 333,34.7808204495159,127.041462052692,2021-02-05,2021-01-16
전라남도,보성군,영○농장,닭,육계,0.0,전라남도 보성군 벌교읍 남하로 392,34.8137047543472,127.372030056915,2021-02-05,2021-01-16
전라남도,보성군,을○농장,닭,산란계,24000.0,전라남도 보성군 미력면 송재로 939-73,34.8318693665645,127.086200293887,2021-02-05,2021-01-16
전라남도,보성군,이○님농장,오리,육용오리,0.0,전라남도 보성군 조성면 용전리 598-2,34.7932825038333,127.223353662926,2021-02-05,2021-01-16
전라남도,보성군,일○농장,닭,육계,150000.0,전라남도 보성군 벌교읍 영등길 230-27,34.8122176331206,127.386059799606,2021-02-05,2021-01-16
전라남도,보성군,자○농장1,닭,산란계,4400.0,전라남도 보성군 노동면  대련로 333,34.7808204495159,127.041462052692,2021-02-05,2021-01-16
전라남도,보성군,자○농장2,닭,산란계,60000.0,전라남도 보성군  미력면 용산길 168-30,34.8045806643755,127.126047410012,2021-02-05,2021-01-16
전라남도,보성군,장○추농장,오리,육용오리,0.0,전라남도 보성군 득량면 비봉리 378,34.7149956252015,127.187786025152,2021-02-05,2021-01-16
전라남도,보성군,정○원,닭,산란계,8000.0,전라남도 보성군 벌교읍 월정길 158-21,34.8242361466649,127.31304644458,2021-02-05,2021-01-16
전라남도,보성군,제2죽○농장,오리,육용오리,0.0,전라남도 보성군 득량면 마천길 214-14,34.7570319948898,127.136343919929,2021-02-05,2021-01-16
전라남도,보성군,제○농장,오리,육용오리,0.0,전라남도 보성군 웅치면 대산길  118-42,34.7088923281123,127.00572653993,2021-02-05,2021-01-16
전라남도,보성군,제○디팜 보성농장,오리,종오리,22000.0,전라남도 보성군 노동면 평동로 1388-187,34.786003151661,127.05779118618,2021-02-05,2021-01-16
전라남도,보성군,조○농장,오리,육용오리,0.0,전라남도 보성군 조성면 조성리 542-3,34.8015567472004,127.247087711589,2021-02-05,2021-01-16
전라남도,보성군,죽○농장,오리,육용오리,0.0,전라남도 보성군 득량면 정흥리 550-27,34.7456800681613,127.126823551807,2021-02-05,2021-01-16
전라남도,보성군,즐○운농장,오리,육용오리,0.0,전라남도 보성군 웅치면 해룡길 28-61,34.7086790034429,127.000581483386,2021-02-05,2021-01-16
전라남도,보성군,푸○메농장,오리,육용오리,40000.0,전라남도 보성군 득량면 도촌길 234-281,34.7281695918687,127.149769068893,2021-02-05,2021-01-16
전라남도,보성군,하○농장 1,닭,육계,93000.0,전라남도 보성군 복내면 한치길 314-57,34.8911839686484,127.174045843623,2021-02-05,2021-01-16
전라남도,보성군,하○농장 2,닭,육계,64000.0,전라남도 보성군 복내면 한치길 314-57,34.8911839686484,127.174045843623,2021-02-05,2021-01-16
전라남도,보성군,해○농장,오리,육용오리,15500.0,전라남도 보성군 웅치면 대산리 71-5,34.7088572538701,127.003599484847,2021-02-05,2021-01-16
전라남도,보성군,혜○농장,오리,육용오리,12500.0,전라남도 보성군 보성읍 쾌상리207-7,34.7435435350264,127.071887521099,2021-02-05,2021-01-16
전라남도,보성군,가○길농장,오리,육용오리,11000.0,전라남도 보성군 노동면 대련리 568,34.7745705292841,127.054184374679,2023-02-02,2023-01-11
전라남도,보성군,가○팜,닭,산란계,850.0,"전라남도 보성군 노동면 거석리 486, 487",34.8264951575514,127.045381500347,2023-02-02,2023-01-11
전라남도,보성군,건○농장,오리,육용오리,0.0,"전라남도 보성군 웅치면 대산리 71, 71-7, 71-8",34.7090778757262,127.001593492625,2023-02-02,2023-01-11
전라남도,보성군,구○수농장,닭,산란계,0.0,"전라남도 보성군 미력면 미력리 627, 628",34.8321742279682,127.08568254203,2023-02-02,2023-01-11
전라남도,보성군,김○숙농장,오리,육용오리,17000.0,"전라남도 보성군 웅치면 용반리 709, 709-8",34.694149576069,127.024975295274,2023-02-02,2023-01-11
전라남도,보성군,낙○농장,오리,육용오리,20500.0,"전라남도 보성군 겸백면 수남리 833, 833-3",34.8113672578106,127.18861773653,2023-02-02,2021-01-16
전라남도,보성군,낙○축산,닭,육계,700.0,"전라남도 보성군 조성면 은곡리 66-2, 67",34.8086622911193,127.282388723473,2023-02-02,2023-01-11
전라남도,보성군,녹○골농장,오리,육용오리,4380.0,"전라남도 보성군 보성읍 봉산리 1424-2, 1424-3",34.7377486497436,127.096081412606,2023-02-02,2023-01-11
전라남도,보성군,누○팜,닭,육계,149700.0,전라남도 보성군 보성읍 옥암리 85,34.7392874458695,127.049733571086,2023-02-02,2023-01-11
전라남도,보성군,대○농장,오리,육용오리,10800.0,전라남도 보성군 조성면 동촌리 480-22,34.7864170980656,127.209134329662,2023-02-02,2023-01-11
전라남도,보성군,박○경농장,닭,육계,113100.0,전라남도 보성군 보성읍 쾌상리 1118-5,34.7374586689032,127.069081493883,2023-02-02,2023-01-11
전라남도,보성군,봉○농장,닭,육계,0.0,전라남도 보성군 회천면 화죽리 417,34.7192079991808,127.122234270586,2023-02-02,2023-01-11
전라남도,보성군,부○농장,오리,종오리,5000.0,"전라남도 보성군 득량면 비봉리 296, 297, 300, 378, 830-1",34.7151862679738,127.188317112503,2023-02-02,2023-01-11
전라남도,보성군,샘○오리농장,오리,육용오리,22000.0,전라남도 보성군 조성면 동촌리 273,34.782601782924,127.201269280214,2023-02-02,2023-01-11
전라남도,보성군,소○농장,오리,육용오리,32000.0,전라남도 보성군 노동면 대련리 565,34.77423784815,127.053500945217,2023-02-02,2023-01-11
전라남도,보성군,송○수농장,오리,종오리,4000.0,전라남도 보성군 웅치면 유산리 1082,34.7200422606159,127.048551277145,2023-02-02,2023-01-11
전라남도,보성군,수농장,오리,육용오리,8000.0,전라남도 보성군 겸백면 수남리 837,34.8113672578106,127.18861773653,2023-02-02,2021-01-16
전라남도,보성군,신○보성종축장,닭,종계,18000.0,전라남도 보성군 보성읍 옥암리 709,34.7436468432506,127.042766146739,2023-02-02,2023-01-11
전라남도,보성군,연○농장,닭,산란계,17290.0,전라남도 보성군 노동면 대련리 307,34.780873132829,127.042905635714,2023-02-02,2023-01-11
전라남도,보성군,영○농장,닭,육계,7000.0,"전라남도 보성군 벌교읍 영등리 984-24, 984-31",34.8142977922594,127.37117278114,2023-02-02,2023-01-11
전라남도,보성군,용○농장,오리,육용오리,8000.0,전라남도 보성군 벌교읍 칠동리 1248-6,34.8416087180856,127.279242653206,2023-02-02,2023-01-11
전라남도,보성군,월○유기농장(정심원),닭,산란계,6600.0,"전라남도 보성군 벌교읍 마동리 128-1, 130, 131, 131-2, 135",34.8241240167105,127.313394716904,2023-02-02,2023-01-11
전라남도,보성군,이○님농장,오리,육용오리,10500.0,"전라남도 보성군 조성면 용전리 598-2, 598-3, 598-4",34.7932825038333,127.223353662926,2023-02-02,2023-01-11
전라남도,보성군,일○농장,닭,육계,150100.0,전라남도 보성군 벌교읍 영등리 131,34.8121958873213,127.38660616428,2023-02-02,2023-01-11
전라남도,보성군,자○농장,닭,산란계,4300.0,"전라남도 보성군 노동면 대련리 307, 307-2",34.780873132829,127.042905635714,2023-02-02,2023-01-11
전라남도,보성군,자○농장,닭,산란계,116700.0,"전라남도 보성군 미력면 화방리 798, 798-2, 산224-2",34.8052054355348,127.126305617495,2023-02-02,2023-01-11
전라남도,보성군,제2죽○농장,오리,육용오리,5000.0,"전라남도 보성군 득량면 마천리 1081, 1086",34.7575919208429,127.135972393376,2023-02-02,2023-01-11
전라남도,보성군,제○농장,오리,육용오리,13900.0,전라남도 보성군 웅치면 대산리 43,34.7089821826513,127.006091571002,2023-02-02,2023-01-11
전라남도,보성군,제○농장,오리,종오리,6300.0,전라남도 보성군 웅치면 대산리 48,34.7025099401266,126.992385719935,2023-02-02,2023-01-11
전라남도,보성군,제○디팜 보성농장,오리,종오리,12000.0,"전라남도 보성군 노동면 대련리 23, 24, 24-2, 25",34.7857967431825,127.058137066221,2023-02-02,2023-01-11
전라남도,보성군,조○농장,오리,육용오리,17000.0,전라남도 보성군 조성면 조성리 542,34.8024218526731,127.250472206804,2023-02-02,2023-01-11
전라남도,보성군,죽○농장,오리,육용오리,14000.0,전라남도 보성군 득량면 정흥리 550,34.7456800681613,127.126823551807,2023-02-02,2023-01-11
전라남도,보성군,즐○운 농장,오리,육용오리,8000.0,전라남도 보성군 웅치면 대산리 79,34.7105998504565,126.998977386468,2023-02-02,2023-01-11
전라남도,보성군,푸○메농장,오리,육용오리,40000.0,전라남도 보성군 득량면 도촌리 806,34.7281026453803,127.148715112316,2023-02-02,2023-01-11
전라남도,보성군,하○농장1,닭,육계,101700.0,전라남도 보성군 복내면 동교리 169,34.8913275649507,127.17391738429,2023-02-02,2023-01-11
전라남도,보성군,하○농장2,닭,육계,64500.0,전라남도 보성군 복내면 동교리 174,34.8920895571082,127.173004737487,2023-02-02,2023-01-11
전라남도,보성군,혜○농장,오리,육용오리,13600.0,"전라남도 보성군 보성읍 쾌상리 207-7, 207-8, 207-9",34.7374586689032,127.069081493883,2023-02-02,2023-01-11
전라남도,영암군,153농장,닭,육계,9300.0,전라남도 영암군 영암읍 농덕리,34.8014156490273,126.745937727132,2015-07-02,2015-06-13
전라남도,영암군,가나안 농장,오리,,16000.0,전라남도 영암군 시종면 월롱리,34.8845154621286,126.610227858592,2015-07-02,2015-06-13
전라남도,영암군,갈곡농장,닭,육계,35000.0,전라남도 영암군 신북면 갈곡리,34.9222652128749,126.687409765426,2015-07-02,2015-06-13
전라남도,영암군,건숙농장,오리,,17000.0,전라남도 영암군 금정면 안노리,34.8841276463677,126.763404438387,2015-07-02,2015-06-13
전라남도,영암군,건향오리,오리,,52000.0,전라남도 영암군 신북면 행정리,34.8794605112525,126.66205517285,2015-07-02,2015-06-13
전라남도,영암군,고산농장,닭,육계,37000.0,전라남도 영암군 서호면 성재리,34.7995039894787,126.577146128556,2015-07-02,2015-05-20
전라남도,영암군,광주농장,오리,,7000.0,전라남도 영암군 영암읍 망호리,34.8089449259043,126.685993470297,2015-07-02,2015-06-13
전라남도,영암군,귀봉농장,닭,육계,80000.0,전라남도 영암군 서호면 성재리,34.7995039894787,126.577146128556,2015-07-02,2015-05-20
전라남도,영암군,그린농장,닭,육계,120000.0,전라남도 영암군 덕진면 노송리,34.819187537883,126.73235147469,2015-07-02,2015-06-13
전라남도,영암군,그린농장,오리,,20000.0,전라남도 영암군 덕진면 장선리,34.8345251037493,126.678440552417,2015-07-02,2015-06-13
전라남도,영암군,그린축산,오리,,30000.0,전라남도 영암군 시종면 월롱리,34.8845154621286,126.610227858592,2015-07-02,2015-06-13
전라남도,영암군,금정농장,닭,산란계,54000.0,전라남도 영암군 도포면 덕화리,34.8374269621404,126.632385221895,2015-07-02,2015-06-13
전라남도,영암군,금지오리,오리,,12000.0,전라남도 영암군 시종면 금지리,34.8934062846283,126.619165477487,2015-07-02,2015-06-13
전라남도,영암군,기영농장,닭,육계,35000.0,전라남도 영암군 시종면 신학리,34.8269111911906,126.573289463958,2015-07-02,2015-06-08
전라남도,영암군,김두장,오리,,9000.0,전라남도 영암군 시종면 신학리,34.8269111911906,126.573289463958,2015-07-02,2015-06-08
전라남도,영암군,나영농장,오리,,12900.0,전라남도 영암군 시종면 신흥리,34.914820221611,126.610224732637,2015-07-02,2015-06-08
전라남도,영암군,나주뜰오리,오리,,30000.0,전라남도 영암군 신북면 월지리,34.8804608602042,126.636367793905,2015-07-02,2015-06-13
전라남도,영암군,남경축산,오리,,22000.0,전라남도 영암군 신북면 갈곡리,34.9222652128749,126.687409765426,2015-07-02,2015-06-13
전라남도,영암군,낭주농장,닭,육계,58000.0,전라남도 영암군 영암읍 송평리,34.8064397810748,126.665968684641,2015-07-02,2015-06-13
전라남도,영암군,낭주오리농장,오리,,15000.0,전라남도 영암군 도포면 원항리,34.8237704262066,126.607475468266,2015-07-02,2015-06-13
전라남도,영암군,농계농장,오리,,6500.0,전라남도 영암군 영암읍 송평리,34.8064397810748,126.665968684641,2015-07-02,2015-06-13
전라남도,영암군,다솔,오리,,50000.0,전라남도 영암군 시종면 옥야리,34.8949040472415,126.586504075567,2015-07-02,2015-06-08
전라남도,영암군,닭실털보농장,오리,,63000.0,전라남도 영암군 신북면 유곡리,34.9053531862656,126.686664184283,2015-07-02,2015-06-13
전라남도,영암군,덕신영농조합법인,오리,,14400.0,전라남도 영암군 덕진면 장선리,34.8345251037493,126.678440552417,2015-07-02,2015-06-13
전라남도,영암군,덕암농장,닭,육계,40000.0,전라남도 영암군 영암읍 장암리,34.8098871526746,126.741684367483,2015-07-02,2015-06-13
전라남도,영암군,동산농장,오리,,11500.0,전라남도 영암군 영암읍 송평리,34.8064397810748,126.665968684641,2015-07-02,2015-06-13
전라남도,영암군,만수자연농장,닭,산란계,1420.0,전라남도 영암군 시종면 만수리,34.8701017244782,126.618616744689,2015-07-02,2015-06-13
전라남도,영암군,목림,오리,,17000.0,전라남도 영암군 신북면 학동리,34.9357378432105,126.686890183891,2015-07-02,2015-06-08
전라남도,영암군,목원농장,오리,,18900.0,전라남도 영암군 시종면 신학리,34.8269111911906,126.573289463958,2015-07-02,2015-06-08
전라남도,영암군,미류네 농장,닭,육계,50000.0,전라남도 영암군 서호면 몽해리,34.7412550773184,126.607341982398,2015-07-02,2014-06-28
전라남도,영암군,미암농장,닭,육계,3000.0,전라남도 영암군 미암면 두억리,34.6984561687485,126.604121521497,2015-07-02,2014-02-19
전라남도,영암군,미암메추리농장,메추리,,150000.0,전라남도 영암군 미암면 채지리,34.7197266673599,126.559150788509,2015-07-02,2014-06-28
전라남도,영암군,민성양계장,닭,육계,55000.0,전라남도 영암군 학산면 금계리,34.7274806411169,126.603751731566,2015-07-02,2014-06-28
전라남도,영암군,박치완농장,닭,육계,50000.0,전라남도 영암군 서호면 성재리,34.7995039894787,126.577146128556,2015-07-02,2015-05-20
전라남도,영암군,반석축산,닭,육계,100000.0,전라남도 영암군 서호면 금강리,34.8049769011219,126.56475603137,2015-07-02,2015-05-20
전라남도,영암군,백순애농장,오리,,30000.0,전라남도 영암군 도포면 성산리,34.8619602376892,126.67039432877,2015-07-02,2015-06-13
전라남도,영암군,백호축산,닭,육계,70000.0,전라남도 영암군 시종면 신학리,34.8269111911906,126.573289463958,2015-07-02,2015-06-08
전라남도,영암군,범천농장,오리,,135000.0,전라남도 영암군 도포면 영호리,34.8690776494866,126.649747755244,2015-07-02,2015-06-13
전라남도,영암군,벧엘농장,닭,육계,65000.0,전라남도 영암군 신북면 학동리,34.9357378432105,126.686890183891,2015-07-02,2015-06-08
전라남도,영암군,벧엘농장,오리,,50000.0,전라남도 영암군 시종면 월롱리,34.8845154621286,126.610227858592,2015-07-02,2015-06-13
전라남도,영암군,부성축산,오리,,13000.0,전라남도 영암군 덕진면 노송리,34.819187537883,126.73235147469,2015-07-02,2015-06-13
전라남도,영암군,부영농장,닭,육계,30000.0,전라남도 영암군 금정면 연소리,34.8218005417689,126.780437851687,2015-07-02,2015-06-13
전라남도,영암군,부희축산,닭,육계,90000.0,전라남도 영암군 학산면 묵동리,34.7060615522571,126.663224676555,2015-07-02,2015-05-13
전라남도,영암군,산호농장,닭,육계,20000.0,전라남도 영암군 삼호읍호리,34.8000591144732,126.696762590551,2015-07-02,2015-06-13
전라남도,영암군,삼도리농장,오리,,10000.0,전라남도 영암군 신북면 월평리,34.885689660395,126.681610605036,2015-07-02,2015-06-13
전라남도,영암군,삼성농장,오리,,12000.0,전라남도 영암군 군서면 도장리,34.8094154867299,126.631368674071,2015-07-02,2015-06-13
전라남도,영암군,삼성농장,닭,육계,120000.0,전라남도 영암군 군서면 도장리,34.8094154867299,126.631368674071,2015-07-02,2015-06-13
전라남도,영암군,삼성농장,오리,,10000.0,전라남도 영암군 군서면 도장리,34.8094154867299,126.631368674071,2015-07-02,2015-06-13
전라남도,영암군,삼영농장,닭,육계,11200.0,전라남도 영암군 미암면 채지리,34.7197266673599,126.559150788509,2015-07-02,2014-06-28
전라남도,영암군,상형축산,닭,육계,7000.0,전라남도 영암군 서호면 소산리,34.7785348984807,126.571310019663,2015-07-02,2015-05-20
전라남도,영암군,서흥농장,오리,,16000.0,전라남도 영암군 시종면 신학리,34.8269111911906,126.573289463958,2015-07-02,2015-06-08
전라남도,영암군,선미농장,오리,,13000.0,전라남도 영암군 덕진면 노송리,34.819187537883,126.73235147469,2015-07-02,2015-06-13
전라남도,영암군,선일농장,오리,,14200.0,전라남도 영암군 덕진면 노송리,34.819187537883,126.73235147469,2015-07-02,2015-06-13
전라남도,영암군,성용농장,닭,육계,60020.0,전라남도 영암군 서호면 소산리,34.7785348984807,126.571310019663,2015-07-02,2015-05-20
전라남도,영암군,성윤농장,오리,,13900.0,전라남도 영암군 도포면 구학리,34.8496588049377,126.638952631839,2015-07-02,2015-06-13
전라남도,영암군,성진농장,오리,,29000.0,전라남도 영암군 시종면 봉소리,34.8455258664918,126.579206944984,2015-07-02,2015-06-08
전라남도,영암군,성환농장,닭,육계,27900.0,전라남도 영암군 덕진면 노송리,34.819187537883,126.73235147469,2015-07-02,2015-06-13
전라남도,영암군,송정양계장,닭,육계,25000.0,전라남도 영암군 서호면 화송리,34.7349254557615,126.597981469971,2015-07-02,2014-06-28
전라남도,영암군,수정농원,오리,,13000.0,전라남도 영암군 시종면 월롱리,34.8845154621286,126.610227858592,2015-07-02,2015-06-13
전라남도,영암군,수지농장,오리,,15000.0,전라남도 영암군 시종면 만수리,34.8701017244782,126.618616744689,2015-07-02,2015-06-13
전라남도,영암군,승승농장,오리,,8500.0,전라남도 영암군 시종면 신학리,34.8269111911906,126.573289463958,2015-07-02,2015-06-08
전라남도,영암군,신흥농장,오리,,15000.0,전라남도 영암군 시종면 신흥리,34.914820221611,126.610224732637,2015-07-02,2015-06-08
전라남도,영암군,알파덕,오리,,74800.0,전라남도 영암군 신북면 양계리,34.9361543457876,126.669887636072,2015-07-02,2015-06-08
전라남도,영암군,애경농장,오리,,18000.0,전라남도 영암군 신북면 장산리,34.8555778202482,126.700884935914,2015-07-02,2015-06-13
전라남도,영암군,애니피아 영농조합법인,닭,육계,45000.0,전라남도 영암군 금정면 세류리,34.8665193098564,126.802577159296,2015-07-02,2015-02-12
전라남도,영암군,영성농장,닭,육계,150000.0,전라남도 영암군 신북면 월평리,34.885689660395,126.681610605036,2015-07-02,2015-06-13
전라남도,영암군,영신농장,닭,육계,45000.0,전라남도 영암군 덕진면 노송리,34.819187537883,126.73235147469,2015-07-02,2015-06-13
전라남도,영암군,영신농장,닭,육계,50000.0,전라남도 영암군 덕진면 노송리,34.819187537883,126.73235147469,2015-07-02,2015-06-13
전라남도,영암군,오리농장,오리,,20000.0,전라남도 영암군 신북면 학동리,34.9357378432105,126.686890183891,2015-07-02,2015-06-08
전라남도,영암군,오리천국,오리,,25000.0,전라남도 영암군 시종면 신학리,34.8269111911906,126.573289463958,2015-07-02,2015-06-08
전라남도,영암군,오현농장,오리,,45000.0,전라남도 영암군 신북면 월지리,34.8804608602042,126.636367793905,2015-07-02,2015-06-13
전라남도,영암군,옥주농장,닭,산란계,41030.0,전라남도 영암군 삼호읍 난전리,34.7406454684093,126.435654367723,2015-07-02,2021-12-06
전라남도,영암군,용현농장,오리,,18000.0,전라남도 영암군 시종면 와우리,34.8779116026088,126.588807415142,2015-07-02,2015-06-08
전라남도,영암군,우도농장,오리,,52000.0,전라남도 영암군 덕진면 용산리,34.8274649708085,126.654637630414,2015-07-02,2015-06-13
전라남도,영암군,우리농장,오리,,15000.0,전라남도 영암군 영암읍 송평리,34.8064397810748,126.665968684641,2015-07-02,2015-06-13
전라남도,영암군,우리농장,닭,육계,45000.0,전라남도 영암군 도포면 구학리,34.8496588049377,126.638952631839,2015-07-02,2015-06-13
전라남도,영암군,원광2농장,오리,,22000.0,전라남도 영암군 신북면 월지리,34.8804608602042,126.636367793905,2015-07-02,2015-06-13
전라남도,영암군,유산장농원,오리,,12000.0,전라남도 영암군 미암면 채지리,34.7197266673599,126.559150788509,2015-07-02,2014-06-28
전라남도,영암군,이레농장,닭,육계,65000.0,전라남도 영암군 시종면 와우리,34.8779116026088,126.588807415142,2015-07-02,2015-06-08
전라남도,영암군,일광농장,오리,,17045.0,전라남도 영암군 신북면 월지리,34.8804608602042,126.636367793905,2015-07-02,2015-06-13
전라남도,영암군,장구섬농장,닭,육계,128000.0,전라남도 영암군 시종면 신학리,34.8269111911906,126.573289463958,2015-07-02,2015-06-08
전라남도,영암군,장수농장,오리,,25000.0,전라남도 영암군 도포면 구학리,34.8496588049377,126.638952631839,2015-07-02,2015-06-13
전라남도,영암군,장천양계장,닭,육계,70000.0,전라남도 영암군 서호면 장천리,34.7522296343865,126.570703342592,2015-07-02,2015-01-21
전라남도,영암군,정미농장,오리,,8100.0,전라남도 영암군 덕진면 노송리,34.819187537883,126.73235147469,2015-07-02,2015-06-13
전라남도,영암군,정수농장,오리,,14000.0,전라남도 영암군 영암읍 망호리,34.8089449259043,126.685993470297,2015-07-02,2015-06-13
전라남도,영암군,종욱농장,닭,육계,44900.0,전라남도 영암군 시종면 신학리,34.8269111911906,126.573289463958,2015-07-02,2015-06-08
전라남도,영암군,지훈농장,오리,,10000.0,전라남도 영암군 신북면 월지리,34.8804608602042,126.636367793905,2015-07-02,2015-06-13
전라남도,영암군,진성축산,오리,,20065.0,전라남도 영암군 덕진면 금강리,34.8338853600146,126.68893796727,2015-07-02,2015-06-13
전라남도,영암군,진양계장,닭,육계,60000.0,전라남도 영암군 군서면 양장리,34.7957203218929,126.599115876312,2015-07-02,2015-06-13
전라남도,영암군,천일농장,닭,산란계,28000.0,전라남도 영암군 도포면 구학리,34.8496588049377,126.638952631839,2015-07-02,2015-06-13
전라남도,영암군,철진축산,오리,,15000.0,전라남도 영암군 덕진면 금강리,34.8338853600146,126.68893796727,2015-07-02,2015-06-13
전라남도,영암군,춘양농장,닭,육계,2500.0,전라남도 영암군 영암읍 남풍리,34.7962958883464,126.701566879133,2015-07-02,2015-06-13
전라남도,영암군,춘정농장,닭,육계,14000.0,전라남도 영암군 영암읍 장암리,34.8098871526746,126.741684367483,2015-07-02,2015-06-13
전라남도,영암군,태산농장,닭,육계,92000.0,전라남도 영암군 시종면 봉소리,34.8455258664918,126.579206944984,2015-07-02,2015-06-08
전라남도,영암군,태석농장,오리,,13000.0,전라남도 영암군 영암읍 송평리,34.8064397810748,126.665968684641,2015-07-02,2015-06-13
전라남도,영암군,태성농장,닭,육계,500.0,전라남도 영암군 삼호읍호리,34.8000591144732,126.696762590551,2015-07-02,2015-06-13
전라남도,영암군,태양농장,닭,산란계,64904.0,전라남도 영암군 삼호읍 동호리,34.753142888699,126.509848392679,2015-07-02,2015-01-21
전라남도,영암군,태흥농장,닭,육계,60000.0,전라남도 영암군 신북면 월지리,34.8804608602042,126.636367793905,2015-07-02,2015-06-13
전라남도,영암군,태희농장,오리,,25000.0,전라남도 영암군 시종면 신학리,34.8269111911906,126.573289463958,2015-07-02,2015-06-08
전라남도,영암군,평안농장,닭,육계,150.0,전라남도 영암군 삼호읍 삼포리,34.7439716019692,126.402753156765,2015-07-02,2021-12-06
전라남도,영암군,평엽농장,오리,,12000.0,전라남도 영암군 시종면 신연리,34.9058522793149,126.591285433521,2015-07-02,2015-06-08
전라남도,영암군,하림농장,오리,,12000.0,전라남도 영암군 신북면 갈곡리,34.9222652128749,126.687409765426,2015-07-02,2015-06-13
전라남도,영암군,하우리농장,오리,,70000.0,전라남도 영암군 신북면 월지리,34.8804608602042,126.636367793905,2015-07-02,2015-06-13
전라남도,영암군,하은농장,오리,,24000.0,전라남도 영암군 도포면 구학리,34.8496588049377,126.638952631839,2015-07-02,2015-06-13
전라남도,영암군,하정팜(form),오리,,20000.0,전라남도 영암군 시종면 신학리,34.8269111911906,126.573289463958,2015-07-02,2015-06-08
전라남도,영암군,학산농장,닭,육계,120000.0,전라남도 영암군 학산면 용산리,34.7357249458454,126.63189276971,2015-07-02,2014-06-28
전라남도,영암군,한마음농장,닭,육계,67147.0,전라남도 영암군 시종면 만수리,34.8701017244782,126.618616744689,2015-07-02,2015-06-13
전라남도,영암군,해맑은농장,오리,,28000.0,전라남도 영암군 도포면 봉호리,34.8436080932013,126.621004415777,2015-07-02,2015-06-13
전라남도,영암군,해바레축산 영농조합법인,오리,,15000.0,전라남도 영암군 덕진면 장선리,34.8345251037493,126.678440552417,2015-07-02,2015-06-13
전라남도,영암군,해창농장,오리,,12000.0,전라남도 영암군 군서면 해창리,34.8124693960473,126.64592173688,2015-07-02,2015-06-13
전라남도,영암군,행정농장,닭,육계,130000.0,전라남도 영암군 신북면 행정리,34.8794605112525,126.66205517285,2015-07-02,2015-06-13
전라남도,영암군,형암농장,오리,,16000.0,전라남도 영암군 시종면 봉소리,34.8455258664918,126.579206944984,2015-07-02,2015-06-08
전라남도,영암군,호서농장,오리,,30700.0,전라남도 영암군 시종면 봉소리,34.8455258664918,126.579206944984,2015-07-02,2015-06-08
전라남도,영암군,홍균농장,닭,산란계,1500.0,전라남도 영암군 금정면 안노리,34.8841276463677,126.763404438387,2015-07-02,2015-06-13
전라남도,영암군,화산농장,닭,육계,80000.0,전라남도 영암군 삼호읍 서창리,34.7247608955648,126.536043902046,2015-07-02,2014-06-28
전라남도,영암군,황두성농장,닭,육계,45000.0,전라남도 영암군 덕진면 노송리,34.819187537883,126.73235147469,2015-07-02,2015-06-13
전라남도,영암군,효산농장,오리,,15000.0,전라남도 영암군 덕진면 노송리,34.819187537883,126.73235147469,2015-07-02,2015-06-13
전라남도,영암군,희규축산,오리,,8000.0,전라남도 영암군 군서면 도장리,34.8094154867299,126.631368674071,2015-07-02,2015-06-13
전라남도,영암군,희망농장,오리,,15000.0,전라남도 영암군 도포면 원항리,34.8237704262066,126.607475468266,2015-07-02,2015-06-13
전라남도,영암군,희망축사,오리,,20000.0,전라남도 영암군 시종면 신연리,34.9058522793149,126.591285433521,2015-07-02,2015-06-08
전라남도,영암군,겨레농장,오리,,25000.0,전라남도 영암군 군서면 도장리,34.8094154867299,126.631368674071,2025-05-01,2024-11-25
전라남도,영암군,경균농장,오리,,25000.0,전라남도 영암군 도포면 영호리,34.8690776494866,126.649747755244,2025-05-01,2025-12-09
전라남도,영암군,금강농장,닭,육계,15000.0,전라남도 영암군 덕진면 금강리,34.8338853600146,126.68893796727,2025-05-01,2024-11-25
전라남도,영암군,금산농장,닭,육계,55000.0,전라남도 영암군 시종면 신학리,34.8269111911906,126.573289463958,2025-05-01,2024-11-25
전라남도,영암군,기를품은,닭,육계,120000.0,전라남도 영암군 학산면 용산리,34.7357249458454,126.63189276971,2025-05-01,2024-11-25
전라남도,영암군,기포농장,닭,육계,400.0,전라남도 영암군 학산면 묵동리,34.7060615522571,126.663224676555,2025-05-01,2024-11-25
전라남도,영암군,길록양계,닭,육계,57700.0,전라남도 영암군 서호면 태백리,34.7984191381216,126.549142353541,2025-05-01,2025-12-27
전라남도,영암군,김요한농장,닭,육계,60000.0,전라남도 영암군 시종면 옥야리,34.8949040472415,126.586504075567,2025-05-01,2025-12-09
전라남도,영암군,나영농장,오리,,16807.0,전라남도 영암군 시종면 신흥리,34.914820221611,126.610224732637,2025-05-01,2025-12-09
전라남도,영암군,나주뜰오리,오리,,26000.0,전라남도 영암군 신북면 월지리,34.8804608602042,126.636367793905,2025-05-01,2025-12-09
전라남도,영암군,남송농장,닭,육계,50000.0,전라남도 영암군 금정면 남송리,34.8433836211525,126.778346919259,2025-05-01,2025-12-29
전라남도,영암군,농업회사 법인 주식회사 은강,오리,,35000.0,전라남도 영암군 군서면 양장리,34.7957203218929,126.599115876312,2025-05-01,2024-11-25
전라남도,영암군,농업회사법인 조인팜스㈜,닭,산란계,125400.0,전라남도 영암군 신북면 행정리,34.8794605112525,126.66205517285,2025-05-01,2025-12-09
전라남도,영암군,농업회사법인 주식회사 팜스,오리,,6000.0,전라남도 영암군 덕진면 금강리,34.8338853600146,126.68893796727,2025-05-01,2024-11-25
전라남도,영암군,다미농장,닭,산란계,26000.0,전라남도 영암군 시종면 신학리,34.8269111911906,126.573289463958,2025-05-01,2024-11-25
전라남도,영암군,달농장,닭,육계,85000.0,전라남도 영암군 도포면 원항리,34.8237704262066,126.607475468266,2025-05-01,2024-11-25
전라남도,영암군,달농장,닭,육계,45000.0,전라남도 영암군 도포면 원항리,34.8237704262066,126.607475468266,2025-05-01,2024-11-25
전라남도,영암군,닭실털보농장,닭,육계,55000.0,전라남도 영암군 신북면 유곡리,34.9053531862656,126.686664184283,2025-05-01,2025-12-09
전라남도,영암군,덕진농장,오리,,16000.0,전라남도 영암군 덕진면 장선리,34.8345251037493,126.678440552417,2025-05-01,2024-11-25
전라남도,영암군,동산농장,오리,,8000.0,전라남도 영암군 영암읍 망호리,34.8089449259043,126.685993470297,2025-05-01,2024-11-25
전라남도,영암군,든든농장,닭,육계,76000.0,전라남도 영암군 덕진면 노송리,34.819187537883,126.73235147469,2025-05-01,2024-11-25
전라남도,영암군,또르래농장,닭,산란계,25400.0,전라남도 영암군 도포면 덕화리,34.8374269621404,126.632385221895,2025-05-01,2024-11-25
전라남도,영암군,매일농장,닭,육계,185000.0,전라남도 영암군 군서면 도장리,34.8094154867299,126.631368674071,2025-05-01,2024-11-25
전라남도,영암군,목림농장,오리,,17000.0,전라남도 영암군 신북면 학동리,34.9357378432105,126.686890183891,2025-05-01,2025-12-09
전라남도,영암군,미담이네 농장1,닭,육계,50000.0,전라남도 영암군 서호면 몽해리,34.7412550773184,126.607341982398,2025-05-01,2024-11-25
전라남도,영암군,미담이네농장,닭,육계,1650.0,전라남도 영암군 덕진면 장선리,34.8345251037493,126.678440552417,2025-05-01,2024-11-25
전라남도,영암군,미암농장,닭,육계,10000.0,전라남도 영암군 미암면 신포리,34.7067065791319,126.540598204055,2025-05-01,2022-12-12
전라남도,영암군,민우농장,닭,육계,70000.0,전라남도 영암군 신북면 갈곡리,34.9222652128749,126.687409765426,2025-05-01,2025-12-09
전라남도,영암군,민중농장,닭,육계,27000.0,전라남도 영암군 시종면 봉소리,34.8455258664918,126.579206944984,2025-05-01,2025-12-09
전라남도,영암군,백호축산,닭,육계,30000.0,전라남도 영암군 시종면 신학리,34.8269111911906,126.573289463958,2025-05-01,2024-11-25
전라남도,영암군,범천농장,오리,,27000.0,전라남도 영암군 도포면 영호리,34.8690776494866,126.649747755244,2025-05-01,2025-12-09
전라남도,영암군,벧엘농장,닭,육계,90000.0,전라남도 영암군 신북면 학동리,34.9357378432105,126.686890183891,2025-05-01,2025-12-09
전라남도,영암군,벧엘농장,닭,육계,150000.0,전라남도 영암군 시종면 월롱리,34.8845154621286,126.610227858592,2025-05-01,2025-12-09
전라남도,영암군,뿌리농장,닭,육계,106000.0,전라남도 영암군 시종면 옥야리,34.8949040472415,126.586504075567,2025-05-01,2025-12-09
전라남도,영암군,사랑농장,오리,,13900.0,전라남도 영암군 도포면 구학리,34.8496588049377,126.638952631839,2025-05-01,2024-11-25
전라남도,영암군,삼성농장,오리,,14000.0,전라남도 영암군 군서면 도장리,34.8094154867299,126.631368674071,2025-05-01,2024-11-25
전라남도,영암군,삼성농장,닭,육계,14036.0,전라남도 영암군 군서면 도장리,34.8094154867299,126.631368674071,2025-05-01,2024-11-25
전라남도,영암군,삼한농장,닭,육계,34000.0,전라남도 영암군 신북면 월평리,34.885689660395,126.681610605036,2025-05-01,2025-12-09
전라남도,영암군,상록농장,오리,,34000.0,전라남도 영암군 도포면 성산리,34.8619602376892,126.67039432877,2025-05-01,2024-11-25
전라남도,영암군,새로나농장,오리,,40000.0,전라남도 영암군 신북면 갈곡리,34.9222652128749,126.687409765426,2025-05-01,2025-12-09
전라남도,영암군,성민농장,닭,육계,80000.0,전라남도 영암군 신북면 학동리,34.9357378432105,126.686890183891,2025-05-01,2025-12-09
전라남도,영암군,성실농장,닭,육계,160000.0,전라남도 영암군 도포면 구학리,34.8496588049377,126.638952631839,2025-05-01,2024-11-25
전라남도,영암군,성윤농장,오리,,68900.0,전라남도 영암군 시종면 봉소리,34.8455258664918,126.579206944984,2025-05-01,2025-12-09
전라남도,영암군,성진농장,오리,,16000.0,전라남도 영암군 신북면 행정리,34.8794605112525,126.66205517285,2025-05-01,2025-12-09
전라남도,영암군,성진농장,오리,,30000.0,전라남도 영암군 시종면 봉소리,34.8455258664918,126.579206944984,2025-05-01,2025-12-09
전라남도,영암군,성현축산,오리,,48000.0,전라남도 영암군 시종면 옥야리,34.8949040472415,126.586504075567,2025-05-01,2025-12-09
전라남도,영암군,성환농장,오리,,8000.0,전라남도 영암군 덕진면 노송리,34.819187537883,126.73235147469,2025-05-01,2024-11-25
전라남도,영암군,수지농장,닭,육계,62000.0,전라남도 영암군 시종면 만수리,34.8701017244782,126.618616744689,2025-05-01,2025-12-09
전라남도,영암군,순광농장,닭,육계,55020.0,전라남도 영암군 서호면 쌍풍리,34.7685034795293,126.579423468132,2025-05-01,2024-11-25
전라남도,영암군,순화농장,닭,육계,70000.0,전라남도 영암군 시종면 신학리,34.8269111911906,126.573289463958,2025-05-01,2024-11-25
전라남도,영암군,승승농장,오리,,9400.0,전라남도 영암군 시종면 신학리,34.8269111911906,126.573289463958,2025-05-01,2024-11-25
전라남도,영암군,승준농장,오리,,14000.0,전라남도 영암군 서호면 금강리,34.8049769011219,126.56475603137,2025-05-01,2024-11-25
전라남도,영암군,승호농장,닭,육계,100000.0,전라남도 영암군 시종면 옥야리,34.8949040472415,126.586504075567,2025-05-01,2025-12-09
전라남도,영암군,신연농장,오리,,10000.0,전라남도 영암군 시종면 신연리,34.9058522793149,126.591285433521,2025-05-01,2025-12-09
전라남도,영암군,신원농장,닭,육계,150000.0,전라남도 영암군 덕진면 노송리,34.819187537883,126.73235147469,2025-05-01,2024-11-25
전라남도,영암군,알파덕,오리,,21000.0,전라남도 영암군 신북면 양계리,34.9361543457876,126.669887636072,2025-05-01,2025-12-09
전라남도,영암군,애니피아,닭,육계,95000.0,전라남도 영암군 금정면 세류리,34.8665193098564,126.802577159296,2025-05-01,2025-12-21
전라남도,영암군,애니피아,닭,육계,45000.0,전라남도 영암군 금정면 세류리,34.8665193098564,126.802577159296,2025-05-01,2025-12-21
전라남도,영암군,에덴농장,오리,,12000.0,전라남도 영암군 시종면 신학리,34.8269111911906,126.573289463958,2025-05-01,2024-11-25
전라남도,영암군,연진농장,오리,,22000.0,전라남도 영암군 신북면 학동리,34.9357378432105,126.686890183891,2025-05-01,2025-12-09
전라남도,영암군,영민농장,오리,,8000.0,전라남도 영암군 영암읍 송평리,34.8064397810748,126.665968684641,2025-05-01,2024-11-25
전라남도,영암군,영신농장,닭,육계,85000.0,전라남도 영암군 덕진면 노송리,34.819187537883,126.73235147469,2025-05-01,2024-11-25
전라남도,영암군,영신농장2,닭,육계,70000.0,전라남도 영암군 덕진면 노송리,34.819187537883,126.73235147469,2025-05-01,2024-11-25
전라남도,영암군,영진농장,오리,,18000.0,전라남도 영암군 신북면 월지리,34.8804608602042,126.636367793905,2025-05-01,2025-12-09
전라남도,영암군,오리천국,오리,,50000.0,전라남도 영암군 시종면 신학리,34.8269111911906,126.573289463958,2025-05-01,2024-11-25
전라남도,영암군,옥주농장,닭,산란계,36000.0,전라남도 영암군 삼호읍 난전리,34.7406454684093,126.435654367723,2025-05-01,2022-12-12
전라남도,영암군,우도농장,오리,,35000.0,전라남도 영암군 덕진면 용산리,34.8274649708085,126.654637630414,2025-05-01,2024-11-25
전라남도,영암군,우리농장,닭,육계,80000.0,전라남도 영암군 도포면 구학리,34.8496588049377,126.638952631839,2025-05-01,2024-11-25
전라남도,영암군,우리농장,오리,,13500.0,전라남도 영암군 영암읍 송평리,34.8064397810748,126.665968684641,2025-05-01,2024-11-25
전라남도,영암군,우리영농조합법인 농장,오리,,10000.0,전라남도 영암군 시종면 신학리,34.8269111911906,126.573289463958,2025-05-01,2024-11-25
전라남도,영암군,우송농장,오리,,18000.0,전라남도 영암군 시종면 월롱리,34.8845154621286,126.610227858592,2025-05-01,2025-12-09
전라남도,영암군,우주농장,오리,,30000.0,전라남도 영암군 도포면 성산리,34.8619602376892,126.67039432877,2025-05-01,2024-11-25
전라남도,영암군,원광1농장,오리,,15000.0,전라남도 영암군 신북면 월지리,34.8804608602042,126.636367793905,2025-05-01,2025-12-09
전라남도,영암군,원광2농장,오리,,26130.0,전라남도 영암군 신북면 월지리,34.8804608602042,126.636367793905,2025-05-01,2025-12-09
전라남도,영암군,원앙골농장,오리,,28900.0,전라남도 영암군 신북면 학동리,34.9357378432105,126.686890183891,2025-05-01,2025-12-09
전라남도,영암군,월지농장,오리,,8500.0,전라남도 영암군 신북면 월지리,34.8804608602042,126.636367793905,2025-05-01,2025-12-09
전라남도,영암군,월출농장,닭,육계,20000.0,전라남도 영암군 시종면 신학리,34.8269111911906,126.573289463958,2025-05-01,2024-11-25
전라남도,영암군,유피갈곡농장,닭,육계,48000.0,전라남도 영암군 신북면 갈곡리,34.9222652128749,126.687409765426,2025-05-01,2025-12-09
전라남도,영암군,유피월롱농장,오리,,23000.0,전라남도 영암군 시종면 월롱리,34.8845154621286,126.610227858592,2025-05-01,2025-12-09
전라남도,영암군,일광농장,오리,,35000.0,전라남도 영암군 시종면 신연리,34.9058522793149,126.591285433521,2025-05-01,2025-12-09
전라남도,영암군,일광농장,오리,,11000.0,전라남도 영암군 신북면 월지리,34.8804608602042,126.636367793905,2025-05-01,2025-12-09
전라남도,영암군,일움농장,닭,육계,67000.0,전라남도 영암군 시종면 금지리,34.8934062846283,126.619165477487,2025-05-01,2025-12-09
전라남도,영암군,장구섬농장,닭,육계,140000.0,전라남도 영암군 시종면 신학리,34.8269111911906,126.573289463958,2025-05-01,2024-11-25
전라남도,영암군,장수농장,오리,,34000.0,전라남도 영암군 도포면 구학리,34.8496588049377,126.638952631839,2025-05-01,2024-11-25
전라남도,영암군,주안농장,닭,육계,68000.0,전라남도 영암군 시종면 신학리,34.8269111911906,126.573289463958,2025-05-01,2024-11-25
전라남도,영암군,주안농장,닭,산란계,31320.0,전라남도 영암군 미암면 신한리,34.7144811592678,126.535097009332,2025-05-01,2022-12-12
전라남도,영암군,주현농장,오리,,15000.0,전라남도 영암군 덕진면 용산리,34.8274649708085,126.654637630414,2025-05-01,2024-11-25
전라남도,영암군,지명농장,닭,육계,69000.0,전라남도 영암군 시종면 신학리,34.8269111911906,126.573289463958,2025-05-01,2024-11-25
전라남도,영암군,지영농장,닭,육계,100000.0,전라남도 영암군 시종면 신학리,34.8269111911906,126.573289463958,2025-05-01,2024-11-25
전라남도,영암군,지훈농장,닭,육계,120000.0,전라남도 영암군 시종면 신학리,34.8269111911906,126.573289463958,2025-05-01,2024-11-25
전라남도,영암군,진웅농장,오리,,45565.0,전라남도 영암군 시종면 봉소리,34.8455258664918,126.579206944984,2025-05-01,2025-12-09
전라남도,영암군,참살이농장,닭,산란계,92000.0,전라남도 영암군 서호면 태백리,34.7984191381216,126.549142353541,2025-05-01,2025-12-27
전라남도,영암군,초계축산,닭,육계,60000.0,전라남도 영암군 시종면 만수리,34.8701017244782,126.618616744689,2025-05-01,2025-12-09
전라남도,영암군,코스모스농원,오리,,10000.0,전라남도 영암군 학산면 묵동리,34.7060615522571,126.663224676555,2025-05-01,2024-11-25
전라남도,영암군,코코농장 1,닭,육계,30000.0,전라남도 영암군 시종면 신학리,34.8269111911906,126.573289463958,2025-05-01,2024-11-25
전라남도,영암군,코코농장 2,닭,육계,33000.0,전라남도 영암군 시종면 신학리,34.8269111911906,126.573289463958,2025-05-01,2024-11-25
전라남도,영암군,태광농장,오리,,20000.0,전라남도 영암군 군서면 도장리,34.8094154867299,126.631368674071,2025-05-01,2024-11-25
전라남도,영암군,태산농장,닭,육계,80000.0,전라남도 영암군 시종면 봉소리,34.8455258664918,126.579206944984,2025-05-01,2025-12-09
전라남도,영암군,태석농장,닭,육계,70000.0,전라남도 영암군 영암읍 송평리,34.8064397810748,126.665968684641,2025-05-01,2024-11-25
전라남도,영암군,태성농장,닭,육계,500.0,전라남도 영암군 삼호읍 산호리,34.7652544333166,126.470300849631,2025-05-01,2022-12-12
전라남도,영암군,태평농장,오리,,18000.0,전라남도 영암군 신북면 모산리,34.8946976361538,126.706454027916,2025-05-01,2025-12-09
전라남도,영암군,태평농장,오리,,20000.0,전라남도 영암군 시종면 신연리,34.9058522793149,126.591285433521,2025-05-01,2025-12-09
전라남도,영암군,하우리농장,오리,,38000.0,전라남도 영암군 신북면 월지리,34.8804608602042,126.636367793905,2025-05-01,2025-12-09
전라남도,영암군,하우리덕,오리,,30000.0,전라남도 영암군 신북면 월지리,34.8804608602042,126.636367793905,2025-05-01,2025-12-09
전라남도,영암군,하은농장,오리,,25000.0,전라남도 영암군 도포면 구학리,34.8496588049377,126.638952631839,2025-05-01,2024-11-25
전라남도,영암군,하정팜(farm),오리,,20000.0,전라남도 영암군 시종면 신학리,34.8269111911906,126.573289463958,2025-05-01,2024-11-25
전라남도,영암군,학동농장,오리,,19300.0,전라남도 영암군 신북면 학동리,34.9357378432105,126.686890183891,2025-05-01,2025-12-09
전라남도,영암군,학산농장,닭,육계,60000.0,전라남도 영암군 학산면 용산리,34.7357249458454,126.63189276971,2025-05-01,2024-11-25
전라남도,영암군,해랑농장,오리,,12000.0,전라남도 영암군 신북면 모산리,34.8946976361538,126.706454027916,2025-05-01,2025-12-09
전라남도,영암군,해맑은농장,닭,육계,176224.0,전라남도 영암군 도포면 봉호리,34.8436080932013,126.621004415777,2025-05-01,2024-11-25
전라남도,영암군,해종축산,오리,,15000.0,전라남도 영암군 도포면 원항리,34.8237704262066,126.607475468266,2025-05-01,2024-11-25
전라남도,영암군,햇살농장 태양광,닭,육계,100000.0,전라남도 영암군 시종면 금지리,34.8934062846283,126.619165477487,2025-05-01,2025-12-09
전라남도,영암군,행복농장,닭,육계,25000.0,전라남도 영암군 시종면 와우리,34.8779116026088,126.588807415142,2025-05-01,2025-12-09
전라남도,영암군,향월농장,오리,,60000.0,전라남도 영암군 덕진면 장선리,34.8345251037493,126.678440552417,2025-05-01,2024-11-25
전라남도,영암군,허니농장,오리,,15500.0,전라남도 영암군 신북면 월평리,34.885689660395,126.681610605036,2025-05-01,2025-12-09
전라남도,영암군,현수농장,오리,,12000.0,전라남도 영암군 덕진면 노송리,34.819187537883,126.73235147469,2025-05-01,2024-11-25
전라남도,영암군,형암농장,오리,,8000.0,전라남도 영암군 시종면 봉소리,34.8455258664918,126.579206944984,2025-05-01,2025-12-09
전라남도,영암군,형제농장,닭,육계,110000.0,전라남도 영암군 도포면 구학리,34.8496588049377,126.638952631839,2025-05-01,2024-11-25
전라남도,영암군,형제농장,닭,육계,200000.0,전라남도 영암군 시종면 신학리,34.8269111911906,126.573289463958,2025-05-01,2024-11-25
전라남도,영암군,홍이농장,오리,,10000.0,전라남도 영암군 신북면 월지리,34.8804608602042,126.636367793905,2025-05-01,2025-12-09
전라남도,영암군,화산농장,닭,육계,98000.0,전라남도 영암군 삼호읍 서창리,34.7247608955648,126.536043902046,2025-05-01,2022-12-12
전라남도,영암군,화산농장,닭,육계,41000.0,전라남도 영암군 삼호읍 서창리,34.7247608955648,126.536043902046,2025-05-01,2022-12-12
전라북도,김제시,가나안농장,닭,산란계,,전북특별자치도 김제시 용지면 예촌리,35.8535479173682,126.966221669613,2025-06-24,2025-02-10
전라북도,김제시,가나안농장,닭,산란계,,전북특별자치도 김제시 용지면 용암리,35.8311908815765,126.971463814034,2025-06-24,2025-02-10
전라북도,김제시,건지농장,닭,육계,,전북특별자치도 김제시 용지면 봉의리,35.8713234705446,126.953130295678,2025-06-24,2025-02-10
전라북도,김제시,경우농장,닭,육계,,전북특별자치도 김제시 금산면 삼봉리,35.7387599215591,127.010908674661,2025-06-24,2022-12-31
전라북도,김제시,경원농장,닭,육계,,전북특별자치도 김제시 만경읍 화포리,35.881134708173,126.816263434747,2025-06-24,2025-01-06
전라북도,김제시,경은농장,닭,육계,,전북특별자치도 김제시 금구면 용지리,35.7901147122648,127.002353930372,2025-06-24,2025-02-10
전라북도,김제시,공덕농장,닭,산란계,,전북특별자치도 김제시 공덕면 제말리,35.8831267707425,126.892283818304,2025-06-24,2025-02-10
전라북도,김제시,관상농장,닭,육계,,전북특별자치도 김제시 청하면 관상리,35.8718810079096,126.850279039852,2025-06-24,2025-02-10
전라북도,김제시,구구농장,닭,육계,,전북특별자치도 김제시 상동동,35.8270886180037,126.928707478794,2025-06-24,2025-02-10
전라북도,김제시,구성양계장,닭,육계,,전북특별자치도 김제시 금산면 삼봉리,35.7387599215591,127.010908674661,2025-06-24,2022-12-31
전라북도,김제시,국민산업,닭,육계,,전북특별자치도 김제시 금구면 월전리,35.776395691083,127.020633167194,2025-06-24,2026-03-16
전라북도,김제시,권성윤농장,닭,육계,,전북특별자치도 김제시 금산면 용산리,35.748955592243,127.001963546487,2025-06-24,2023-12-14
전라북도,김제시,규석농장,닭,육계,,전북특별자치도 김제시 청하면 관상리,35.8718810079096,126.850279039852,2025-06-24,2025-02-10
전라북도,김제시,금구농장,오리,,,전북특별자치도 김제시 금구면 낙성리,35.8041671111337,127.005739822075,2025-06-24,2025-02-10
전라북도,김제시,금식농장,닭,육계,,전북특별자치도 김제시 황산면 쌍감리,35.7747585879883,126.952496912244,2025-06-24,2025-02-10
전라북도,김제시,금정농장,닭,산란계,,전북특별자치도 김제시 용지면 신정리,35.8438815148663,126.975634557327,2025-06-24,2025-02-10
전라북도,김제시,김농장,닭,산란계,,전북특별자치도 김제시 용지면 용수리,35.8424167017797,126.997051229037,2025-06-24,2025-02-10
전라북도,김제시,김제1농장,닭,육계,,전북특별자치도 김제시 금산면 용산리,35.748955592243,127.001963546487,2025-06-24,2023-12-14
전라북도,김제시,김제농장,닭,육계,,전북특별자치도 김제시 백산면 조종리,35.8632743565758,126.892700415752,2025-06-24,2025-02-10
전라북도,김제시,나주2농장,닭,산란계,,전북특별자치도 김제시 용지면 용수리,35.8424167017797,126.997051229037,2025-06-24,2025-02-10
전라북도,김제시,나주농장,닭,산란계,,전북특별자치도 김제시 용지면 용수리,35.8424167017797,126.997051229037,2025-06-24,2025-02-10
전라북도,김제시,남도축산,닭,산란계,,전북특별자치도 김제시 용지면 신정리,35.8438815148663,126.975634557327,2025-06-24,2025-02-10
전라북도,김제시,남양농장,닭,육계,,전북특별자치도 김제시 황산면 진흥리,35.7923377754394,126.965716616293,2025-06-24,2025-02-10
전라북도,김제시,농업회사법인 대지산업 유한회사,닭,육계,,전북특별자치도 김제시 상동동,35.8270886180037,126.928707478794,2025-06-24,2025-02-10
전라북도,김제시,다래농장,닭,산란계,,전북특별자치도 김제시 용지면 신정리,35.8438815148663,126.975634557327,2025-06-24,2025-02-10
전라북도,김제시,다래농장,닭,산란계,,전북특별자치도 김제시 백구면 학동리,35.8712156637547,126.980458433058,2025-06-24,2025-02-10
전라북도,김제시,다온농장,닭,산란계,,전북특별자치도 김제시 용지면 용수리,35.8424167017797,126.997051229037,2025-06-24,2025-02-10
전라북도,김제시,다온팜,닭,육계,,전북특별자치도 김제시 만경읍 송상리,35.8734946621575,126.830255536141,2025-06-24,2025-02-10
전라북도,김제시,닭스팜,닭,육계,,전북특별자치도 김제시 금구면 하신리,35.7761735391831,126.990099292457,2025-06-24,2024-12-23
전라북도,김제시,대길농장,닭,육계,,전북특별자치도 김제시 금구면 옥성리,35.7937303510834,126.992097161497,2025-06-24,2025-02-10
전라북도,김제시,대박1농장,닭,산란계,,전북특별자치도 김제시 용지면 용수리,35.8424167017797,126.997051229037,2025-06-24,2025-02-10
전라북도,김제시,대박4농장,닭,산란계,,전북특별자치도 김제시 용지면 용수리,35.8424167017797,126.997051229037,2025-06-24,2025-02-10
전라북도,김제시,대산농장,닭,육계,,전북특별자치도 김제시 금구면 하신리,35.7761735391831,126.990099292457,2025-06-24,2024-12-23
전라북도,김제시,대선팜,닭,육계,,전북특별자치도 김제시 황산면 남산리,35.7679749031852,126.96632424075,2025-06-24,2025-02-10
전라북도,김제시,대성농장,오리,,,전북특별자치도 김제시 부량면 대평리,35.7334774189888,126.840223076392,2025-06-24,2024-12-13
전라북도,김제시,대성농장,닭,산란계,,전북특별자치도 김제시 용지면 장신리,35.8613310448278,126.982630890996,2025-06-24,2025-02-10
전라북도,김제시,대성농장,닭,산란계,,전북특별자치도 김제시 용지면 용수리,35.8424167017797,126.997051229037,2025-06-24,2025-02-10
전라북도,김제시,대영농장,닭,산란계,,전북특별자치도 김제시 용지면 효정리,35.8249719553629,126.948969984743,2025-06-24,2025-02-10
전라북도,김제시,대진농장,닭,육계,,전북특별자치도 김제시 죽산면 홍산리,35.7695874773958,126.836036993629,2025-06-24,2025-01-10
전라북도,김제시,대한농장1,닭,산란계,,전북특별자치도 김제시 용지면 봉의리,35.8713234705446,126.953130295678,2025-06-24,2025-02-10
전라북도,김제시,대한농장2,닭,산란계,,전북특별자치도 김제시 용지면 예촌리,35.8535479173682,126.966221669613,2025-06-24,2025-02-10
전라북도,김제시,대행영농조합법인,닭,산란계,,전북특별자치도 김제시 용지면 장신리,35.8613310448278,126.982630890996,2025-06-24,2025-02-10
전라북도,김제시,대홍농장,닭,육계,,전북특별자치도 김제시 청하면 관상리,35.8718810079096,126.850279039852,2025-06-24,2025-02-10
전라북도,김제시,덕우농장,닭,산란계,,전북특별자치도 김제시 금구면 용지리,35.7901147122648,127.002353930372,2025-06-24,2025-02-10
전라북도,김제시,도담에그팜,닭,산란계,,전북특별자치도 김제시 용지면 용수리,35.8424167017797,126.997051229037,2025-06-24,2025-02-10
전라북도,김제시,도장농장,닭,육계,,전북특별자치도 김제시 도장동,35.7680707187503,126.943127578982,2025-06-24,2025-02-10
전라북도,김제시,동진농장,닭,육계,,전북특별자치도 김제시 만경읍 화포리,35.881134708173,126.816263434747,2025-06-24,2025-01-06
전라북도,김제시,똘똘이농장,닭,산란계,,전북특별자치도 김제시 제월동,35.7762484456404,126.892467971752,2025-06-24,2025-02-10
전라북도,김제시,만경농장,닭,육계,,전북특별자치도 김제시 성덕면 성덕리,35.8219097128037,126.793006297886,2025-06-24,2025-01-10
전라북도,김제시,만경농장1,닭,육계,,전북특별자치도 김제시 만경읍 장산리,35.8520230084598,126.840640953881,2025-06-24,2025-02-10
전라북도,김제시,만석양계장,닭,육계,,전북특별자치도 김제시 청하면 대청리,35.8884623232131,126.857779072737,2025-06-24,2025-02-10
전라북도,김제시,명진농장,닭,육계,,전북특별자치도 김제시 봉남면 평사리,35.7502042219233,126.9762159508,2025-06-24,2023-12-14
전라북도,김제시,명진농장,닭,육계,,전북특별자치도 김제시 황산면 쌍감리,35.7747585879883,126.952496912244,2025-06-24,2025-02-10
전라북도,김제시,무지개농장,닭,육계,,전북특별자치도 김제시 금구면 하신리,35.7761735391831,126.990099292457,2025-06-24,2024-12-23
전라북도,김제시,문화농장,닭,산란계,,전북특별자치도 김제시 용지면 용수리,35.8424167017797,126.997051229037,2025-06-24,2025-02-10
전라북도,김제시,미송농장,닭,산란계,,전북특별자치도 김제시 용지면 용암리,35.8311908815765,126.971463814034,2025-06-24,2025-02-10
전라북도,김제시,미송농장2,닭,산란계,,전북특별자치도 김제시 용지면 신정리,35.8438815148663,126.975634557327,2025-06-24,2025-02-10
전라북도,김제시,민가네농장,닭,산란계,,전북특별자치도 김제시 용지면 장신리,35.8613310448278,126.982630890996,2025-06-24,2025-02-10
전라북도,김제시,민재농장,닭,산란계,,전북특별자치도 김제시 용지면 신정리,35.8438815148663,126.975634557327,2025-06-24,2025-02-10
전라북도,김제시,박의사농장,오리,,,전북특별자치도 김제시 공덕면 회룡리,35.8889101810812,126.878223493116,2025-06-24,2025-02-10
전라북도,김제시,반석농장,닭,산란계,,전북특별자치도 김제시 용지면 용수리,35.8424167017797,126.997051229037,2025-06-24,2025-02-10
전라북도,김제시,백산농장,닭,육계,,전북특별자치도 김제시 백산면 수록리,35.8581049670364,126.87091939244,2025-06-24,2025-02-10
전라북도,김제시,백훈농장,닭,산란계,,전북특별자치도 김제시 백구면 학동리,35.8712156637547,126.980458433058,2025-06-24,2025-02-10
전라북도,김제시,번지농장,닭,산란계,,전북특별자치도 김제시 공덕면 동계리,35.8985388641077,126.915741248938,2025-06-24,2025-02-10
전라북도,김제시,보원농장,닭,육계,,전북특별자치도 김제시 백산면 상정리,35.8441056599133,126.919336572546,2025-06-24,2025-02-10
전라북도,김제시,복농장,닭,산란계,,전북특별자치도 김제시 용지면 장신리,35.8613310448278,126.982630890996,2025-06-24,2025-02-10
전라북도,김제시,봉황농장,닭,육계,,전북특별자치도 김제시 황산동,35.7762663318732,126.931739015379,2025-06-24,2025-02-10
전라북도,김제시,비젼통상,닭,육계,,전북특별자치도 김제시 금산면 금성리,35.6835181346999,127.034011410458,2025-06-24,2022-12-31
전라북도,김제시,사계절양계장,닭,산란계,,전북특별자치도 김제시 백산면 상리,35.8488243695767,126.924468203242,2025-06-24,2025-02-10
전라북도,김제시,사랑농장,닭,산란계,,전북특별자치도 김제시 용지면 예촌리,35.8535479173682,126.966221669613,2025-06-24,2025-02-10
전라북도,김제시,산뜰해농장,닭,육계,,전북특별자치도 김제시 백산면 수록리,35.8581049670364,126.87091939244,2025-06-24,2025-02-10
전라북도,김제시,산숙농장,닭,육계,,전북특별자치도 김제시 만경읍 몽산리,35.8629843870714,126.812173338516,2025-06-24,2024-12-06
전라북도,김제시,상명축산,닭,산란계,,전북특별자치도 김제시 용지면 용수리,35.8424167017797,126.997051229037,2025-06-24,2025-02-10
전라북도,김제시,새순1농장,닭,산란계,,전북특별자치도 김제시 용지면 장신리,35.8613310448278,126.982630890996,2025-06-24,2025-02-10
전라북도,김제시,새순2농장,닭,산란계,,전북특별자치도 김제시 용지면 신정리,35.8438815148663,126.975634557327,2025-06-24,2025-02-10
전라북도,김제시,샘물농장,닭,육계,,전북특별자치도 김제시 백학동,35.8001540230318,126.932718689822,2025-06-24,2025-02-10
전라북도,김제시,샛별농장,닭,산란계,,전북특별자치도 김제시 용지면 장신리,35.8613310448278,126.982630890996,2025-06-24,2025-02-10
전라북도,김제시,서가네알농장,닭,산란계,,전북특별자치도 김제시 공덕면 황산리,35.8690506770043,126.927970119271,2025-06-24,2025-02-10
전라북도,김제시,서영농장,닭,육계,,전북특별자치도 김제시 성덕면 묘라리,35.835469245977,126.822974150261,2025-06-24,2025-02-10
전라북도,김제시,서후남농장,오리,,,전북특별자치도 김제시 금구면 용복리,35.7643671192279,126.99285202016,2025-06-24,2023-12-15
전라북도,김제시,석농장,닭,육계,,전북특별자치도 김제시 백산면 수록리,35.8581049670364,126.87091939244,2025-06-24,2025-02-10
전라북도,김제시,석일농장,닭,산란계,,전북특별자치도 김제시 용지면 신정리,35.8438815148663,126.975634557327,2025-06-24,2025-02-10
전라북도,김제시,선숙농장,닭,육계,,전북특별자치도 김제시 황산면 봉월리,35.7867008262597,126.958604454624,2025-06-24,2025-02-10
전라북도,김제시,선주농장,오리,,,전북특별자치도 김제시 공덕면 회룡리,35.8889101810812,126.878223493116,2025-06-24,2025-02-10
전라북도,김제시,송삼3농장,닭,산란계,,전북특별자치도 김제시 용지면 용수리,35.8424167017797,126.997051229037,2025-06-24,2025-02-10
전라북도,김제시,수민농장,닭,산란계,,전북특별자치도 김제시 용지면 신정리,35.8438815148663,126.975634557327,2025-06-24,2025-02-10
전라북도,김제시,수빈농장,닭,육계,,전북특별자치도 김제시 청하면 장산리,35.8874067659293,126.841088410246,2025-06-24,2025-02-10
전라북도,김제시,수하농장,오리,,,전북특별자치도 김제시 용지면 와룡리,35.8436615586136,126.943388028935,2025-06-24,2025-02-10
전라북도,김제시,수호농장,닭,육계,,전북특별자치도 김제시 백산면 수록리,35.8581049670364,126.87091939244,2025-06-24,2025-02-10
전라북도,김제시,순홍농장,닭,산란계,,전북특별자치도 김제시 용지면 신정리,35.8438815148663,126.975634557327,2025-06-24,2025-02-10
전라북도,김제시,시온농장,닭,육계,,전북특별자치도 김제시 황산면 쌍감리,35.7747585879883,126.952496912244,2025-06-24,2025-02-10
전라북도,김제시,시후농장,닭,육계,,전북특별자치도 김제시 금구면 낙성리,35.8041671111337,127.005739822075,2025-06-24,2025-02-10
전라북도,김제시,신성농장,닭,산란계,,전북특별자치도 김제시 공덕면 공덕리,35.8743008920661,126.908697668952,2025-06-24,2025-02-10
전라북도,김제시,신안농장,닭,산란계,,전북특별자치도 김제시 백산면 조종리,35.8632743565758,126.892700415752,2025-06-24,2025-02-10
전라북도,김제시,실로암농장,닭,육계,,전북특별자치도 김제시 봉남면 행촌리,35.7284560947648,126.9668581713,2025-06-24,2022-12-31
전라북도,김제시,쌈바농장,닭,육계,,전북특별자치도 김제시 황산면 진흥리,35.7923377754394,126.965716616293,2025-06-24,2025-02-10
전라북도,김제시,써니농장,닭,육계,,전북특별자치도 김제시 금구면 용복리,35.7643671192279,126.99285202016,2025-06-24,2023-12-15
전라북도,김제시,양열농장,닭,육계,,전북특별자치도 김제시 용지면 효정리,35.8249719553629,126.948969984743,2025-06-24,2025-02-10
전라북도,김제시,억대농장,닭,산란계,,전북특별자치도 김제시 용지면 장신리,35.8613310448278,126.982630890996,2025-06-24,2025-02-10
전라북도,김제시,에이스농장,닭,육계,,전북특별자치도 김제시 백산면 상리,35.8488243695767,126.924468203242,2025-06-24,2025-02-10
전라북도,김제시,연수농장,닭,산란계,,전북특별자치도 김제시 용지면 용수리,35.8424167017797,126.997051229037,2025-06-24,2025-02-10
전라북도,김제시,연우농장,닭,산란계,,전북특별자치도 김제시 용지면 용수리,35.8424167017797,126.997051229037,2025-06-24,2025-02-10
전라북도,김제시,연희양계장,닭,육계,,전북특별자치도 김제시 금산면 삼봉리,35.7387599215591,127.010908674661,2025-06-24,2022-12-31
전라북도,김제시,영광농장,닭,산란계,,전북특별자치도 김제시 용지면 용수리,35.8424167017797,126.997051229037,2025-06-24,2025-02-10
전라북도,김제시,오리박사농원,오리,,,전북특별자치도 김제시 만경읍 대동리,35.8529614138058,126.849893941144,2025-06-24,2025-02-10
전라북도,김제시,오정농장,닭,육계,,전북특별자치도 김제시 오정동,35.774905466657,126.917442336707,2025-06-24,2025-02-10
전라북도,김제시,용성에그팜 영농조합법인,닭,산란계,,전북특별자치도 김제시 용지면 용암리,35.8311908815765,126.971463814034,2025-06-24,2025-02-10
전라북도,김제시,용호농장,닭,육계,,전북특별자치도 김제시 금산면 용호리,35.6999438557578,127.009895694968,2025-06-24,2022-12-31
전라북도,김제시,우리농장,닭,산란계,,전북특별자치도 김제시 용지면 신정리,35.8438815148663,126.975634557327,2025-06-24,2025-02-10
전라북도,김제시,우진농장,닭,산란계,,전북특별자치도 김제시 용지면 장신리,35.8613310448278,126.982630890996,2025-06-24,2025-02-10
전라북도,김제시,유진농장,닭,산란계,,전북특별자치도 김제시 황산면 진흥리,35.7923377754394,126.965716616293,2025-06-24,2025-02-10
전라북도,김제시,유황가농장,닭,육계,,전북특별자치도 김제시 용지면 반교리,35.8371057311901,126.956134422779,2025-06-24,2025-02-10
전라북도,김제시,은곡안정농원,닭,육계,,전북특별자치도 김제시 금산면 장흥리,35.7053718721613,127.035709127814,2025-06-24,2022-12-31
전라북도,김제시,은성축산,닭,산란계,,전북특별자치도 김제시 공덕면 동계리,35.8985388641077,126.915741248938,2025-06-24,2025-02-10
전라북도,김제시,이&장 목장,닭,육계,,전북특별자치도 김제시 금산면 선동리,35.6819610163617,127.014745208947,2025-06-24,2022-12-31
전라북도,김제시,이레농장,닭,육계,,전북특별자치도 김제시 금구면 용복리,35.7643671192279,126.99285202016,2025-06-24,2023-12-15
전라북도,김제시,이레농장,닭,육계,,전북특별자치도 김제시 금산면 삼봉리,35.7387599215591,127.010908674661,2025-06-24,2022-12-31
전라북도,김제시,이상농장,닭,육계,,전북특별자치도 김제시 청하면 대청리,35.8884623232131,126.857779072737,2025-06-24,2025-02-10
전라북도,김제시,이성농장,닭,산란계,,전북특별자치도 김제시 공덕면 저산리,35.9049865864985,126.887388894385,2025-06-24,2025-02-10
전라북도,김제시,인영농장,닭,산란계,,전북특별자치도 김제시 용지면 장신리,35.8613310448278,126.982630890996,2025-06-24,2025-02-10
전라북도,김제시,일심농장,닭,산란계,,전북특별자치도 김제시 용지면 용암리,35.8311908815765,126.971463814034,2025-06-24,2025-02-10
전라북도,김제시,일원농장,닭,산란계,,전북특별자치도 김제시 용지면 장신리,35.8613310448278,126.982630890996,2025-06-24,2025-02-10
전라북도,김제시,임마누엘농장,닭,육계,,전북특별자치도 김제시 봉남면 대송리,35.7578931267604,126.972741689126,2025-06-24,2023-12-15
전라북도,김제시,자연농장,닭,산란계,,전북특별자치도 김제시 용지면 용수리,35.8424167017797,126.997051229037,2025-06-24,2025-02-10
전라북도,김제시,장원농장,닭,육계,,전북특별자치도 김제시 금구면 용복리,35.7643671192279,126.99285202016,2025-06-24,2023-12-15
전라북도,김제시,재철한우,닭,산란계,,전북특별자치도 김제시 용지면 용암리,35.8311908815765,126.971463814034,2025-06-24,2025-02-10
전라북도,김제시,재현농장,닭,산란계,,전북특별자치도 김제시 용지면 예촌리,35.8535479173682,126.966221669613,2025-06-24,2025-02-10
전라북도,김제시,전북계란영농조합,닭,산란계,,전북특별자치도 김제시 용지면 장신리,35.8613310448278,126.982630890996,2025-06-24,2025-02-10
전라북도,김제시,전북계란영농조합,닭,산란계,,전북특별자치도 김제시 용지면 예촌리,35.8535479173682,126.966221669613,2025-06-24,2025-02-10
전라북도,김제시,점촌농장,닭,산란계,,전북특별자치도 김제시 상동동,35.8270886180037,126.928707478794,2025-06-24,2025-02-10
전라북도,김제시,정철환농장,오리,,,전북특별자치도 김제시 용지면 부교리,35.8237228653534,126.979412136475,2025-06-24,2025-02-10
전라북도,김제시,정훈농장,닭,산란계,,전북특별자치도 김제시 용지면 송산리,35.8637449559421,126.951186099459,2025-06-24,2025-02-10
전라북도,김제시,제일농장,닭,산란계,,전북특별자치도 김제시 용지면 장신리,35.8613310448278,126.982630890996,2025-06-24,2025-02-10
전라북도,김제시,제항양계장,닭,육계,,전북특별자치도 김제시 만경읍 송상리,35.8734946621575,126.830255536141,2025-06-24,2025-02-10
전라북도,김제시,조산농장,닭,육계,,전북특별자치도 김제시 만경읍 대동리,35.8529614138058,126.849893941144,2025-06-24,2025-02-10
전라북도,김제시,종화농장,닭,산란계,,전북특별자치도 김제시 용지면 장신리,35.8613310448278,126.982630890996,2025-06-24,2025-02-10
전라북도,김제시,주식회사 하림,닭,육계,,전북특별자치도 김제시 진봉면 가실리,35.8313613891424,126.790511509875,2025-06-24,2025-01-10
전라북도,김제시,지안농장,닭,산란계,,전북특별자치도 김제시 용지면 신정리,35.8438815148663,126.975634557327,2025-06-24,2025-02-10
전라북도,김제시,지일농장,닭,산란계,,전북특별자치도 김제시 용지면 장신리,35.8613310448278,126.982630890996,2025-06-24,2025-02-10
전라북도,김제시,지평선명품오리농장,오리,,,전북특별자치도 김제시 금산면 용산리,35.748955592243,127.001963546487,2025-06-24,2023-12-14
전라북도,김제시,진성농장,닭,산란계,,전북특별자치도 김제시 용지면 장신리,35.8613310448278,126.982630890996,2025-06-24,2025-02-10
전라북도,김제시,진축산,닭,산란계,,전북특별자치도 김제시 용지면 용수리,35.8424167017797,126.997051229037,2025-06-24,2025-02-10
전라북도,김제시,참진축산,닭,산란계,,전북특별자치도 김제시 금구면 하신리,35.7761735391831,126.990099292457,2025-06-24,2024-12-23
전라북도,김제시,창우농장,닭,산란계,,전북특별자치도 김제시 용지면 신정리,35.8438815148663,126.975634557327,2025-06-24,2025-02-10
전라북도,김제시,창훈농장,오리,,,전북특별자치도 김제시 공덕면 동계리,35.8985388641077,126.915741248938,2025-06-24,2025-02-10
전라북도,김제시,철진농장,닭,산란계,,전북특별자치도 김제시 용지면 장신리,35.8613310448278,126.982630890996,2025-06-24,2025-02-10
전라북도,김제시,청도농장,닭,육계,,전북특별자치도 김제시 금산면 청도리,35.7379529914138,127.04131723752,2025-06-24,2022-12-31
전라북도,김제시,청정오리나라,오리,,,전북특별자치도 김제시 용지면 신정리,35.8438815148663,126.975634557327,2025-06-24,2025-02-10
전라북도,김제시,청하농장,닭,육계,,전북특별자치도 김제시 청하면 동지산,35.9062910526749,126.850551014992,2025-06-24,2025-02-10
전라북도,김제시,축복농장,닭,육계,,전북특별자치도 김제시 백구면 월봉리,35.8782175128981,126.947469667812,2025-06-24,2025-02-10
전라북도,김제시,축산농장,닭,산란계,,전북특별자치도 김제시 용지면 장신리,35.8613310448278,126.982630890996,2025-06-24,2025-02-10
전라북도,김제시,코아페농장,닭,육계,,전북특별자치도 김제시 금구면 하신리,35.7761735391831,126.990099292457,2025-06-24,2024-12-23
전라북도,김제시,태성농장,닭,육계,,전북특별자치도 김제시 금구면 용지리,35.7901147122648,127.002353930372,2025-06-24,2025-02-10
전라북도,김제시,태성농장,닭,산란계,,전북특별자치도 김제시 공덕면 제말리,35.8831267707425,126.892283818304,2025-06-24,2025-02-10
전라북도,김제시,태성농장1,오리,,,전북특별자치도 김제시 금구면 산동리,35.7871728909417,127.029905317375,2025-06-24,2024-12-23
전라북도,김제시,태성농장2,닭,육계,,전북특별자치도 김제시 금구면 용지리,35.7901147122648,127.002353930372,2025-06-24,2025-02-10
전라북도,김제시,태양농장,닭,육계,,전북특별자치도 김제시 금구면 용지리,35.7901147122648,127.002353930372,2025-06-24,2025-02-10
전라북도,김제시,태영농장,닭,산란계,,전북특별자치도 김제시 용지면 신정리,35.8438815148663,126.975634557327,2025-06-24,2025-02-10
전라북도,김제시,태영농장2,닭,산란계,,전북특별자치도 김제시 용지면 신정리,35.8438815148663,126.975634557327,2025-06-24,2025-02-10
전라북도,김제시,태용농장,닭,육계,,전북특별자치도 김제시 황산면 봉월리,35.7867008262597,126.958604454624,2025-06-24,2025-02-10
전라북도,김제시,태웅농장,닭,산란계,,전북특별자치도 김제시 용지면 효정리,35.8249719553629,126.948969984743,2025-06-24,2025-02-10
전라북도,김제시,토종 닭 원조농장,닭,육계,,전북특별자치도 김제시 백산면 조종리,35.8632743565758,126.892700415752,2025-06-24,2025-02-10
전라북도,김제시,판이농장,닭,육계,,전북특별자치도 김제시 황산면 봉월리,35.7867008262597,126.958604454624,2025-06-24,2025-02-10
전라북도,김제시,평사골양계농장,닭,육계,,전북특별자치도 김제시 금산면 용산리,35.748955592243,127.001963546487,2025-06-24,2023-12-14
전라북도,김제시,푸른농장,닭,산란계,,전북특별자치도 김제시 용지면 장신리,35.8613310448278,126.982630890996,2025-06-24,2025-02-10
전라북도,김제시,풍배농장,닭,육계,,전북특별자치도 김제시 만경읍 만경리,35.8514630839262,126.819440423832,2025-06-24,2025-02-10
전라북도,김제시,하나농장,닭,산란계,,전북특별자치도 김제시 용지면 신정리,35.8438815148663,126.975634557327,2025-06-24,2025-02-10
전라북도,김제시,하늘농장,닭,육계,,전북특별자치도 김제시 금구면 용지리,35.7901147122648,127.002353930372,2025-06-24,2025-02-10
전라북도,김제시,하민농장,닭,산란계,,전북특별자치도 김제시 황산면 쌍감리,35.7747585879883,126.952496912244,2025-06-24,2025-02-10
전라북도,김제시,학동양계장,닭,육계,,전북특별자치도 김제시 백구면 석담리,35.8825962601106,126.97804138645,2025-06-24,2025-02-10
전라북도,김제시,한반농장,오리,,,전북특별자치도 김제시 청하면 장산리,35.8874067659293,126.841088410246,2025-06-24,2025-02-10
전라북도,김제시,해마루농장,닭,산란계,,전북특별자치도 김제시 용지면 용수리,35.8424167017797,126.997051229037,2025-06-24,2025-02-10
전라북도,김제시,햇살농장,닭,산란계,,전북특별자치도 김제시 금구면 하신리,35.7761735391831,126.990099292457,2025-06-24,2024-12-23
전라북도,김제시,햇살농장,닭,육계,,전북특별자치도 김제시 금구면 옥성리,35.7937303510834,126.992097161497,2025-06-24,2025-02-10
전라북도,김제시,행복농장,닭,산란계,,전북특별자치도 김제시 용지면 장신리,35.8613310448278,126.982630890996,2025-06-24,2025-02-10
전라북도,김제시,행복한농장,닭,산란계,,전북특별자치도 김제시 용지면 장신리,35.8613310448278,126.982630890996,2025-06-24,2025-02-10
전라북도,김제시,행운농장,닭,육계,,전북특별자치도 김제시 상동동,35.8270886180037,126.928707478794,2025-06-24,2025-02-10
전라북도,김제시,행운농장,닭,산란계,,전북특별자치도 김제시 용지면 용수리,35.8424167017797,126.997051229037,2025-06-24,2025-02-10
전라북도,김제시,현농장,닭,산란계,,전북특별자치도 김제시 용지면 예촌리,35.8535479173682,126.966221669613,2025-06-24,2025-02-10
전라북도,김제시,현대농장,닭,산란계,,전북특별자치도 김제시 용지면 장신리,35.8613310448278,126.982630890996,2025-06-24,2025-02-10
전라북도,김제시,현서농장,닭,산란계,,전북특별자치도 김제시 용지면 신정리,35.8438815148663,126.975634557327,2025-06-24,2025-02-10
전라북도,김제시,현아농장,닭,육계,,전북특별자치도 김제시 진봉면 가실리,35.8313613891424,126.790511509875,2025-06-24,2025-01-10
전라북도,김제시,현주농장,닭,육계,,전북특별자치도 김제시 공덕면 공덕리,35.8743008920661,126.908697668952,2025-06-24,2025-02-10
전라북도,김제시,형지농장,닭,육계,,전북특별자치도 김제시 용지면 부교리,35.8237228653534,126.979412136475,2025-06-24,2025-02-10
전라북도,김제시,혜지경농장,오리,,,전북특별자치도 김제시 공덕면 동계리,35.8985388641077,126.915741248938,2025-06-24,2025-02-10
전라북도,김제시,혜훈농장,닭,산란계,,전북특별자치도 김제시 용지면 용수리,35.8424167017797,126.997051229037,2025-06-24,2025-02-10
전라북도,김제시,호남농장,닭,산란계,,전북특별자치도 김제시 용지면 신정리,35.8438815148663,126.975634557327,2025-06-24,2025-02-10
전라북도,김제시,화원농장,닭,육계,,전북특별자치도 김제시 상동동,35.8270886180037,126.928707478794,2025-06-24,2025-02-10
전라북도,김제시,환농장,닭,산란계,,전북특별자치도 김제시 용지면 장신리,35.8613310448278,126.982630890996,2025-06-24,2025-02-10
전라북도,김제시,환순농장,닭,육계,,전북특별자치도 김제시 성덕면 묘라리,35.835469245977,126.822974150261,2025-06-24,2025-02-10
전라북도,김제시,환희농장,닭,산란계,,전북특별자치도 김제시 용지면 신정리,35.8438815148663,126.975634557327,2025-06-24,2025-02-10
전라북도,김제시,효정농장,닭,육계,,전북특별자치도 김제시 용지면 효정리,35.8249719553629,126.948969984743,2025-06-24,2025-02-10
전라북도,김제시,효창오리,오리,,,전북특별자치도 김제시 용지면 봉의리,35.8713234705446,126.953130295678,2025-06-24,2025-02-10
전라북도,김제시,효창오리,오리,,,전북특별자치도 김제시 용지면 송산리,35.8637449559421,126.951186099459,2025-06-24,2025-02-10
전라북도,김제시,후초암농장,닭,육계,,전북특별자치도 김제시 갈공동,35.8058000467381,126.864821586634,2025-06-24,2025-02-10
전라북도,김제시,희망농장,닭,육계,,전북특별자치도 김제시 금구면 용지리,35.7901147122648,127.002353930372,2025-06-24,2025-02-10
전라북도,김제시,희망농장,닭,육계,,전북특별자치도 김제시 용지면 효정리,35.8249719553629,126.948969984743,2025-06-24,2025-02-10
전라북도,부안군,SG팜,닭,육계,70000.0,전라북도 부안군 동진면 동전리 1438번지,35.7650007512342,126.756626398559,2023-12-05,2023-12-19
전라북도,부안군,가농보안농장,닭,,110000.0,전라북도 부안군 보안면 월천리 1011번지 외 2필,35.6397863705981,126.703375973,2023-12-05,2023-12-16
전라북도,부안군,가온농장,닭,육계,130000.0,전라북도 부안군 행안면 삼간리 2342번지 1호,35.733812817412,126.691936802663,2023-12-05,2023-12-16
전라북도,부안군,강산자연농장,닭,육계,70000.0,전라북도 부안군 동진면 안성리 1855번지 5호 1855-6,35.7798645389427,126.744516585718,2023-12-05,2023-12-16
전라북도,부안군,계상농장,오리,,14000.0,전라북도 부안군 행안면 대초리 875번지 1호,35.7058766838407,126.700380442013,2023-12-05,2023-12-16
전라북도,부안군,골든,닭,,20000.0,전라북도 부안군 진서면 진서리 63번지 4호,35.6020928101741,126.623205105007,2023-12-05,2023-12-16
전라북도,부안군,금복주농장,오리,육용오리,20000.0,전라북도 부안군 주산면 백석리 51번지 8호 1-7동,35.6864003977273,126.708570855698,2023-12-05,2023-12-16
전라북도,부안군,금산농장,닭,육계,120000.0,전라북도 부안군 계화면 창북리 4239번지 5호,35.7766407058579,126.682127553119,2023-12-05,2023-12-16
전라북도,부안군,금순이농장,오리,,6000.0,전라북도 부안군 줄포면 줄포리 864번지 외 3필지(863  865  866),35.5889408063492,126.675381371877,2023-12-05,2023-12-16
전라북도,부안군,금판오리 농장,오리,,62000.0,전라북도 부안군 백산면 금판리 817번지 1호 외 3필지(817-3  4  802-11),35.7374005727872,126.793402111824,2023-12-05,2023-12-16
전라북도,부안군,김산농장,닭,육계,140000.0,전라북도 부안군 주산면 돈계리 773번지 1호 773-2   773-3,35.6786380543124,126.700999261743,2023-12-05,2023-12-16
전라북도,부안군,김인수농장,오리,,10028.0,전라북도 부안군 줄포면 우포리 496번지 1호,35.5780220374525,126.679904592697,2023-12-05,2023-12-16
전라북도,부안군,김철수농장,오리,,33800.0,전라북도 부안군 동진면 동전리 1430번지 외 3필지(1431  1432  1432-1),35.7650007512342,126.756626398559,2023-12-05,2023-12-19
전라북도,부안군,나래1농장,닭,육계,64000.0,전라북도 부안군 계화면 양산리 2535번지 3호,35.7786703291592,126.715211199346,2023-12-05,2024-12-13
전라북도,부안군,나봄1농장,닭,육계,74000.0,전라북도 부안군 계화면 양산리 2535번지 1호,35.7786703291592,126.715211199346,2023-12-05,2024-12-13
전라북도,부안군,나봄2농장,닭,육계,64000.0,전라북도 부안군 계화면 양산리 2535번지 5호,35.7786703291592,126.715211199346,2023-12-05,2024-12-13
전라북도,부안군,농업회사법인 유한회사 월광,닭,,23000.0,전라북도 부안군 보안면 월천리 995번지 1호,35.6430660326868,126.694853290073,2023-12-05,2023-12-16
전라북도,부안군,농업회사법인 한스팜(주) 부안지점,닭,종계/산란계,151678.0,전라북도 부안군 주산면 백석리 424번지 15호 외 6필지(424-2 424-3 424-5 425-21 425-22 425-23),35.6763879318158,126.714671373572,2023-12-05,2023-12-16
전라북도,부안군,농업회사법인가농유한회사 계화농장,닭,육계,504000.0,전라북도 부안군 계화면 창북리 4225번지 1호 외 3필,35.79268840902063,126.68070523994184,2023-12-05,2023-12-16
전라북도,부안군,다산2농장,오리,,5500.0,전라북도 부안군 진서면 진서리 1273번지 5호,35.6039346669402,126.607529187607,2023-12-05,2023-12-16
전라북도,부안군,다산농장,닭,육계,90000.0,전라북도 부안군 보안면 상입석리 631번지 1호 631-2  631-3  632-16,35.6268209024751,126.678354596728,2023-12-05,2023-12-16
전라북도,부안군,대동농장,닭,육계,95000.0,전라북도 부안군 줄포면 대동리 659번지 3호 2필지(659-7  -8),35.6062177068607,126.695079787349,2023-12-05,2023-12-16
전라북도,부안군,대명농장,오리,,24222.0,전라북도 부안군 계화면 창북리 4466번지 14호 외 1필지(4466-13),35.7766407058579,126.682127553119,2023-12-05,2023-12-16
전라북도,부안군,대명농장2,오리,,18468.0,전라북도 부안군 계화면 창북리 4466번지 12호,35.7766407058579,126.682127553119,2023-12-05,2023-12-16
전라북도,부안군,대원농산,오리,,18000.0,전라북도 부안군 계화면 의복리 1719번지 외 1필지 (1720),35.7509136530782,126.655324031806,2023-12-05,2023-12-16
전라북도,부안군,대원농산,오리,,18000.0,전라북도 부안군 계화면 의복리 1721번지 외 1필(1721-1),35.7500907737803,126.655473188606,2023-12-05,2023-12-16
전라북도,부안군,더불어참,닭,육계,100000.0,전라북도 부안군 동진면 안성리 1853번지 1호 외 4필지(1844-10  1844-11  1844-12  1844-13),35.7798645389427,126.744516585718,2023-12-05,2023-12-16
전라북도,부안군,도담농장,오리,,24000.0,전라북도 부안군 줄포면 신리 923번지 외 4필지(923-1  -2  -3  -4),35.582888001814,126.70055239562,2023-12-05,2023-12-16
전라북도,부안군,도담농장,닭,육계,135233.0,전라북도 부안군 동진면 안성리 1852번지 3호 외 1필지(1852-2),35.7798645389427,126.744516585718,2023-12-05,2023-12-16
전라북도,부안군,동송농장,오리,,12000.0,전라북도 부안군 줄포면 장동리 575번지 3호 외 7필,35.5901088975601,126.690462434825,2023-12-05,2023-12-16
전라북도,부안군,동암농장,닭,육계,94240.0,전라북도 부안군 계화면 궁안리 2409번지 8호 외 1필지(2409-9),35.7525345367825,126.679733532738,2023-12-05,2023-12-16
전라북도,부안군,동촌 농장,닭,육계,1000.0,전라북도 부안군 하서면 청호리 657번지 1호,35.7203472318358,126.641928540376,2023-12-05,2023-12-16
전라북도,부안군,드림농장,닭,육계,75000.0,전라북도 부안군 주산면 돈계리 739번지 외 1필,35.6845788985615,126.703287149149,2023-12-05,2023-12-16
전라북도,부안군,마루농장,닭,육계,60000.0,전라북도 부안군 동진면 안성리 1852번지 8호,35.7798645389427,126.744516585718,2023-12-05,2023-12-16
전라북도,부안군,만해농장,닭,육계,25000.0,전라북도 부안군 보안면 남포리 597번지 1호,35.6318762940229,126.661606839732,2023-12-05,2023-12-16
전라북도,부안군,미소농장,닭,육계,70000.0,전라북도 부안군 보안면 하입석리 1번지 29호,35.6206307388631,126.689294017539,2023-12-05,2023-12-16
전라북도,부안군,민재농장,오리,,45000.0,전라북도 부안군 계화면 양산리 2452번지 7호 외3필지(2452-8 9  2453-9),35.7786703291592,126.715211199346,2023-12-05,2024-12-13
전라북도,부안군,반석농장,오리,,10093.0,전라북도 부안군 줄포면 우포리 8번지 10호 외 3필지(52-10  53-3  54),35.5780220374525,126.679904592697,2023-12-05,2023-12-16
전라북도,부안군,백산농장,닭,,64000.0,전라북도 부안군 백산면 하청리 483번지 6호,35.6854005235612,126.806373118754,2023-12-05,2023-12-16
전라북도,부안군,별이,닭,,22000.0,전라북도 부안군 상서면 감교리 807번지 12호,35.6588770269032,126.663582399426,2023-12-05,2023-12-16
전라북도,부안군,보경농장,닭,,28500.0,전라북도 부안군 보안면 부곡리 86번지 1호 외 6필지,35.6319660849752,126.712853302071,2023-12-05,2023-12-16
전라북도,부안군,봉황타조농장,타조,,39.0,전라북도 부안군 줄포면 파산리 446번지,35.6049329543389,126.712133244593,2023-12-05,2023-12-16
전라북도,부안군,부광농장,오리,,17000.0,전라북도 부안군 백산면 하청리 611번지 611-1 2 3,35.6867838016753,126.801281233606,2023-12-05,2023-12-16
전라북도,부안군,부안 기러기 농장,기러기,,1500.0,전라북도 부안군 행안면 삼간리 479번지 1호 외 2필지(479-20 483-4),35.733812817412,126.691936802663,2023-12-05,2023-12-16
전라북도,부안군,산지농장,닭,육계,75000.0,전라북도 부안군 보안면 월천리 993번지 11호,35.6437279227777,126.693393303472,2023-12-05,2023-12-16
전라북도,부안군,상우농장,닭,육계,80000.0,전라북도 부안군 백산면 대죽리 869번지 8호 외 1필(869-13),35.6845174226032,126.785209037575,2023-12-05,2023-12-16
전라북도,부안군,새한농장,메추리,,140000.0,전라북도 부안군 백산면 대죽리 364번지 6호 외1필지(364-18),35.680309747139,126.786955057268,2023-12-05,2023-12-16
전라북도,부안군,서원농장,닭,,29000.0,전라북도 부안군 보안면 상림리 219번지 1호 외 3필(219-2  219-3  532),35.6239686043582,126.70782616088,2023-12-05,2023-12-16
전라북도,부안군,석불산토종닭 농장,닭,육계,25000.0,전라북도 부안군 하서면 언독리 1077번지 13호,35.7222909174532,126.676795351001,2023-12-05,2023-12-16
전라북도,부안군,성실농장,오리,,19512.0,전라북도 부안군 줄포면 신리 775번지 59호 외 5필지(775-21 775-37 788-6 788-7 788-9),35.582888001814,126.70055239562,2023-12-05,2023-12-16
전라북도,부안군,성혁농장,닭,육계,80000.0,전라북도 부안군 백산면 죽림리 784번지 외 2필지(783  783-1번지),35.6813489234405,126.743423448125,2023-12-05,2023-12-16
전라북도,부안군,소금애피농장,오리,,8000.0,전라북도 부안군 줄포면 장동리 200번지 외 7필지,35.5901088975601,126.690462434825,2023-12-05,2023-12-16
전라북도,부안군,소망농장,오리,,15000.0,전라북도 부안군 주산면 사산리 1207번지 7호 1207-6 1207-5,35.658017776031,126.68998856429,2023-12-05,2023-12-16
전라북도,부안군,소망농장,오리,,15000.0,전라북도 부안군 동진면 동전리 1734번지 1735,35.7650007512342,126.756626398559,2023-12-05,2023-12-19
전라북도,부안군,승리농장,오리,,10000.0,전라북도 부안군 줄포면 장동리 61번지 12호,35.5901088975601,126.690462434825,2023-12-05,2023-12-16
전라북도,부안군,승원농장,오리,,7000.0,전라북도 부안군 줄포면 신리 727번지 외 1필지(728),35.582888001814,126.70055239562,2023-12-05,2023-12-16
전라북도,부안군,신금섭농장,오리,,10000.0,전라북도 부안군 줄포면 우포리 54번지,35.5780220374525,126.679904592697,2023-12-05,2023-12-16
전라북도,부안군,신원농장,닭,육계,90000.0,전라북도 부안군 백산면 죽림리 785번지 외 2필지(786 786-1),35.6812043600424,126.744059422715,2023-12-05,2023-12-16
전라북도,부안군,아낙네오리농장,오리,,22000.0,전라북도 부안군 주산면 사산리 1205번지 5호,35.658017776031,126.68998856429,2023-12-05,2023-12-16
전라북도,부안군,아람농장,닭,육계,40000.0,전라북도 부안군 동진면 안성리 1852번지 9호,35.7798645389427,126.744516585718,2023-12-05,2023-12-16
전라북도,부안군,연정농장,닭,육계,70000.0,전라북도 부안군 줄포면 장동리 41번지 16호 외 2필(51-35  51-54),35.5901088975601,126.690462434825,2023-12-05,2023-12-16
전라북도,부안군,예근농장,닭,육계,89981.0,전라북도 부안군 줄포면 우포리 624번지 2호 외 1필지(624-4),35.5780220374525,126.679904592697,2023-12-05,2023-12-16
전라북도,부안군,예동농장,닭,육계,70000.0,전라북도 부안군 주산면 백석리 407번지 15호 외 1필지(407-17),35.6804242456049,126.715292399416,2023-12-05,2023-12-16
전라북도,부안군,예솔농장,닭,육계,80000.0,전라북도 부안군 부안읍 외하리 574번지 외1필지(575),35.7296006156516,126.736886839406,2023-12-05,2023-12-16
전라북도,부안군,예은농장,닭,육계,112800.0,전라북도 부안군 줄포면 대동리 1209번지 2호 외3필지(1209-3  -4  -5),35.6062177068607,126.695079787349,2023-12-05,2023-12-16
전라북도,부안군,오리농장,오리,,20000.0,전라북도 부안군 줄포면 난산리 878번지,35.5879383677386,126.716762074154,2023-12-05,2023-12-16
전라북도,부안군,오리와사람들,오리,,50000.0,전라북도 부안군 계화면 양산리 2459번지 1호 외 3필지 2459-2  2458-3  -4,35.7786703291592,126.715211199346,2023-12-05,2024-12-13
전라북도,부안군,욱이농장,오리,,0.0,전라북도 부안군 계화면 창북리 4455-13,35.7918599572157,126.698649948889,2023-12-05,2023-12-16
전라북도,부안군,원농장,닭,육계,65000.0,전라북도 부안군 상서면 고잔리 515번지 4호,35.6901784536921,126.686991732609,2023-12-05,2023-12-16
전라북도,부안군,유림농장,닭,육계,60000.0,전라북도 부안군 동진면 안성리 1845번지 2호,35.7798645389427,126.744516585718,2023-12-05,2023-12-16
전라북도,부안군,유정농장,닭,육계,90000.0,전라북도 부안군 상서면 감교리 803번지,35.6588770269032,126.663582399426,2023-12-05,2023-12-16
전라북도,부안군,유정농장,닭,육계,60000.0,전라북도 부안군 동진면 안성리 1845번지 3호,35.7798645389427,126.744516585718,2023-12-05,2023-12-16
전라북도,부안군,이기석농장,닭,육계,60000.0,전라북도 부안군 행안면 대초리 1037번지 3호,35.7058766838407,126.700380442013,2023-12-05,2023-12-16
전라북도,부안군,이삭농장,닭,육계,50000.0,전라북도 부안군 부안읍 외하리 565번지,35.6820982291776,126.744602166536,2023-12-05,2023-12-16
전라북도,부안군,이현우농장,닭,육계,25000.0,전라북도 부안군 행안면 대초리 1133번지 1호,35.7058766838407,126.700380442013,2023-12-05,2023-12-16
전라북도,부안군,장등농장,오리,,10000.0,전라북도 부안군 동진면 동전리 2561번지 2562 2562-1,35.7650007512342,126.756626398559,2023-12-05,2023-12-19
전라북도,부안군,장수농장,닭,육계,45000.0,전라북도 부안군 줄포면 줄포리 40번지 30호 외 1필지(31-22),35.5889408063492,126.675381371877,2023-12-05,2023-12-16
전라북도,부안군,정숙농장,오리,,10000.0,전라북도 부안군 줄포면 파산리 810-4번지(2.3번지),35.6049329543389,126.712133244593,2023-12-05,2023-12-16
전라북도,부안군,정영농장,닭,육계,120000.0,전북특별자치도 부안군 상서면 부안로 2189-24,35.699455,126.691874,2023-12-05,2023-12-16
전라북도,부안군,제일농장,오리,,18000.0,전라북도 부안군 줄포면 파산리 234번지 233 239 240 241-1,35.6049329543389,126.712133244593,2023-12-05,2023-12-16
전라북도,부안군,종계백산,닭,종계/산란계,60000.0,전라북도 부안군 백산면 하청리 483번지 6호 외 6필지,35.6854005235612,126.806373118754,2023-12-05,2023-12-16
전라북도,부안군,줄포농장,오리,,10000.0,전라북도 부안군 줄포면 우포리 46번지,35.5780220374525,126.679904592697,2023-12-05,2023-12-16
전라북도,부안군,지영농장(2농장),닭,육계,90000.0,전라북도 부안군 동진면 동전리 1441번지 1442,35.7650007512342,126.756626398559,2023-12-05,2023-12-19
전라북도,부안군,진성농장,오리,육용오리,25000.0,전라북도 부안군 주산면 백석리 51번지 8호 8-13동,35.6864003977273,126.708570855698,2023-12-05,2023-12-16
전라북도,부안군,참 더불어,닭,육계,55986.0,전라북도 부안군 동진면 안성리 1853번지 2호 외 3필지(1853-3  1853-13  1853-14),35.7798645389427,126.744516585718,2023-12-05,2023-12-16
전라북도,부안군,창북농장,닭,육계,62863.0,전라북도 부안군 계화면 창북리 4007번지 1호,35.7766407058579,126.682127553119,2023-12-05,2023-12-16
전라북도,부안군,창북농장,닭,육계,62671.0,전라북도 부안군 계화면 창북리 4007번지 2호,35.7766407058579,126.682127553119,2023-12-05,2023-12-16
전라북도,부안군,천애농장,오리,,10000.0,전라북도 부안군 계화면 양산리 2458번지 3호,35.7786703291592,126.715211199346,2023-12-05,2024-12-13
전라북도,부안군,천우농장,오리,,34079.0,전라북도 부안군 계화면 궁안리 1064번지 1065 1065-1,35.7488647071802,126.673810534076,2023-12-05,2023-12-16
전라북도,부안군,청호축산,닭,육계,80000.0,전라북도 부안군 행안면 삼간리 2345번지 7호,35.7330464264135,126.678721677311,2023-12-05,2023-12-16
전라북도,부안군,탑농장,닭,육계,80000.0,전라북도 부안군 계화면 궁안리 2403번지 15호 외 1필지(2403-16),35.7525345367825,126.679733532738,2023-12-05,2023-12-16
전라북도,부안군,태양농장,오리,,40000.0,전라북도 부안군 줄포면 우포리 593번지 3호 외5필지(593-4 5 6 7 8),35.5780220374525,126.679904592697,2023-12-05,2023-12-16
전라북도,부안군,팜렛잇고,닭,육계,100000.0,전라북도 부안군 부안읍 내요리 194번지 1호 외 2필(191. 1943),35.6857118274357,126.733464978891,2023-12-05,2023-12-16
전라북도,부안군,평화농장,닭,육계,58000.0,전라북도 부안군 보안면 남포리 472번지,35.6328601445026,126.662992510323,2023-12-05,2023-12-16
전라북도,부안군,푸른농장,오리,,8000.0,전라북도 부안군 백산면 하청리 415번지 8호,35.6857577002731,126.802434239653,2023-12-05,2023-12-16
전라북도,부안군,해금농장,닭,육계,100000.0,전라북도 부안군 상서면 고잔리 510번지 1호   510-8,35.7019246135091,126.69217222179,2023-12-05,2023-12-16
전라북도,부안군,해바라기농장,오리,,19192.0,전라북도 부안군 줄포면 줄포리 36번지 15호 외 2필지(35  우포리 58-7),35.5889408063492,126.675381371877,2023-12-05,2023-12-16
전라북도,부안군,해오름농장,닭,육계,98000.0,전라북도 부안군 계화면 창북리 4239번지 1호,35.7766407058579,126.682127553119,2023-12-05,2023-12-16
전라북도,부안군,해와달농장,오리,,13000.0,전라북도 부안군 줄포면 대동리 517번지 2호 외 3필,35.6062177068607,126.695079787349,2023-12-05,2023-12-16
전라북도,부안군,해피덕농장,오리,,10000.0,전라북도 부안군 줄포면 신리 352번지 47호,35.582888001814,126.70055239562,2023-12-05,2023-12-16
전라북도,부안군,해피마실농장,오리,,13000.0,전라북도 부안군 동진면 동전리 2588번지 1호 외 1필지(2589),35.7650007512342,126.756626398559,2023-12-05,2023-12-19
전라북도,부안군,행복농장,오리,,0.0,전라북도 부안군 동진면 동전리 1737번지 외 2필지(1735-1  1736),35.7650007512342,126.756626398559,2023-12-05,2023-12-19
전라북도,부안군,행복농장,닭,육계,80000.0,전라북도 부안군 백산면 대죽리 862번지 15호 862-16,35.6845174226032,126.785209037575,2023-12-05,2023-12-16
전라북도,부안군,후다닭농장,닭,육계,50000.0,전라북도 부안군 계화면 궁안리 2327번지 6호 외 1필지,35.7525345367825,126.679733532738,2023-12-05,2023-12-16
전라북도,부안군,SG팜,닭,육계,70000.0,전북특별자치도 부안군 동진면 고마제로 328-7,35.7542315186516,126.771521063372,2024-11-19,2024-12-13
전라북도,부안군,가농보안농장,닭,,110000.0,전북특별자치도 부안군 보안면 선돌로 807,35.6400611813492,126.703599419717,2024-11-19,2024-12-13
전라북도,부안군,가온농장,닭,육계,130000.0,전북특별자치도 부안군 행안면 새포로 99-23,35.7363336780803,126.679383443,2024-11-19,2024-12-13
전라북도,부안군,갑도농장,닭,,51900.0,전북특별자치도 부안군 진서면 청자로 1160-38,35.6013134122242,126.624024398533,2024-11-19,2024-12-13
전라북도,부안군,강산자연농장,닭,육계,70000.0,전북특별자치도 부안군 동진면 새포로 895-110 (1855-6),35.7862940495226,126.73387234293,2024-11-19,2024-12-13
전라북도,부안군,계상농장,오리,,14000.0,전북특별자치도 부안군 행안면 봉야로 258,35.7121587975387,126.688614829163,2024-11-19,2024-12-13
전라북도,부안군,골든,닭,,20000.0,전북특별자치도 부안군 진서면 진서리 63번지 4호,35.6020928101741,126.623205105007,2024-11-19,2024-12-13
전라북도,부안군,금복주농장,오리,육용오리,20000.0,"전북특별자치도 부안군 주산면 홍해송천길 98, 1-7동",35.696470052927,126.716825839258,2024-11-19,2024-12-13
전라북도,부안군,금산농장,닭,육계,120000.0,전북특별자치도 부안군 계화면 새포로 595-247,35.7950164949032,126.69655621009,2024-11-19,2024-12-13
전라북도,부안군,금순이농장,오리,,6000.0,"전북특별자치도 부안군 줄포면 줄포리 864번지 외 3필지(863, 865, 866)",35.5950910000498,126.669993654389,2024-11-19,2024-12-13
전라북도,부안군,금판오리 농장,오리,,62000.0,"전북특별자치도 부안군 백산면 금판리 817번지 1호 외 3필지(817-3, 4, 802-11)",35.7374005727872,126.793402111824,2024-11-19,2024-12-13
전라북도,부안군,김명수농장,닭,육계,100000.0,전북특별자치도 부안군 줄포면 파산신성길 125-19,35.5993996443284,126.703940000022,2024-11-19,2024-12-13
전라북도,부안군,김산농장,닭,육계,140000.0,"전북특별자치도 부안군 주산면 만석로 234-31 (773-2,  773-3)",35.6790708614371,126.693265563538,2024-11-19,2024-12-13
전라북도,부안군,김을식양계장,닭,육계,35000.0,전북특별자치도 부안군 줄포면 장동리 산 138번지 1호 외 2필지,35.594300392841774,126.6833664708741,2024-11-19,2024-12-13
전라북도,부안군,김종열농장,닭,육계,5000.0,전북특별자치도 부안군 동진면 증산길 54-10,35.7642416862076,126.724328822966,2024-11-19,2024-12-13
전라북도,부안군,김철수농장,오리,,33800.0,"전북특별자치도 부안군 동진면 동전리 1430번지 외 3필지(1431, 1432, 1432-1)",35.75509483988,126.773377247993,2024-11-19,2024-12-13
전라북도,부안군,나래1농장,닭,육계,64000.0,전북특별자치도 부안군 계화면 새포로 683-207,35.7945783998635,126.70650761657,2024-11-19,2024-12-13
전라북도,부안군,나래농장2,닭,육계,62000.0,전북특별자치도 부안군 계화면 새포로 683-193,35.7932065594843,126.706716535416,2024-11-19,2024-12-13
전라북도,부안군,나봄1농장,닭,육계,74000.0,전북특별자치도 부안군 계화면 새포로 683-217,35.7955087962295,126.706370118724,2024-11-19,2024-12-13
전라북도,부안군,나봄2농장,닭,육계,64000.0,전북특별자치도 부안군 계화면 새포로 683-197,35.7936505358654,126.706648862954,2024-11-19,2024-12-13
전라북도,부안군,남포농장,닭,육계,75000.0,전북특별자치도 부안군 보안면 남포원천길 42-8,35.6314878105435,126.663849545228,2024-11-19,2024-12-13
전라북도,부안군,농업회사법인 유한회사 월광,닭,,23000.0,전북특별자치도 부안군 보안면 유관길 256-1,35.6425313251297,126.695005042737,2024-11-19,2024-12-13
전라북도,부안군,농업회사법인 한스팜(주) 부안지점,닭,종계/산란계,151678.0,전북특별자치도 부안군 주산면 주산북로 387,35.6767151611652,126.713863299356,2024-11-19,2024-12-13
전라북도,부안군,농업회사법인가농유한회사 계화농장,닭,육계,504000.0,전북특별자치도 부안군 계화면 간재로 564-274,35.7926459095973,126.680720343657,2024-11-19,2024-12-13
전라북도,부안군,누리농장,닭,육계,50000.0,전북특별자치도 부안군 계화면 양산리 2457번지 5호,35.7786703291592,126.715211199346,2024-11-19,2024-12-13
전라북도,부안군,누리농장,닭,육계,50000.0,전북특별자치도 부안군 계화면 양산리 2457번지 4호,35.7786703291592,126.715211199346,2024-11-19,2024-12-13
전라북도,부안군,늘봄농장,닭,육계,65000.0,전북특별자치도 부안군 상서면 부안로 2191,35.6981325413882,126.694168422896,2024-11-19,2024-12-13
전라북도,부안군,다산1농장,오리,,5500.0,전북특별자치도 부안군 진서면 청자로 736-50,35.5897895989372,126.589511647452,2024-11-19,2024-12-13
전라북도,부안군,다산2농장,오리,,5500.0,전북특별자치도 부안군 진서면 청자로 736-46,35.5902048626182,126.589470577501,2024-11-19,2024-12-13
전라북도,부안군,다산농장,닭,육계,90000.0,"전북특별자치도 부안군 보안면 부안로 1360-57 (631-2, 631-3, 632-16)",35.6255615014121,126.671527202638,2024-11-19,2024-12-13
전라북도,부안군,대동농장,닭,육계,126752.0,"전북특별자치도 부안군 줄포면 연중길 26, 28, 30",35.6017250100235,126.688125711464,2024-11-19,2024-12-13
전라북도,부안군,대명농장,오리,,24222.0,전북특별자치도 부안군 계화면 새포로 641,35.7749430247643,126.705392655823,2024-11-19,2024-12-13
전라북도,부안군,대명농장2,오리,,18468.0,전북특별자치도 부안군 계화면 새포로 651-13,35.7759565917208,126.705836834646,2024-11-19,2024-12-13
전라북도,부안군,더불어참,닭,육계,100000.0,"전북특별자치도 부안군 동진면 새포로 869-110, , 869-116",35.7879368138073,126.731333703906,2024-11-19,2024-12-13
전라북도,부안군,도담농장,닭,육계,135233.0,"전북특별자치도 부안군 동진면 새포로 869-101, 869-103",35.7871755175437,126.7299657763,2024-11-19,2024-12-13
전라북도,부안군,도담농장,오리,,24000.0,전북특별자치도 부안군 줄포면 신정로 57-79,35.580398504026,126.699487073822,2024-11-19,2024-12-13
전라북도,부안군,동산농장,닭,육계,65000.0,전북특별자치도 부안군 행안면 부안로 2255-15,35.7027249168397,126.698211491541,2024-11-19,2024-12-13
전라북도,부안군,동서농장,닭,육계,58000.0,전북특별자치도 부안군 백산면 동학로 15,35.6952006026439,126.800809574416,2024-11-19,2024-12-13
전라북도,부안군,동송농장,오리,,12000.0,전북특별자치도 부안군 줄포면 각동2길 122,35.602960924514,126.682183306667,2024-11-19,2024-12-13
전라북도,부안군,동암농장,닭,육계,94240.0,"전북특별자치도 부안군 계화면 간재로 655-121, 655-127",35.7609478818203,126.670270663187,2024-11-19,2024-12-13
전라북도,부안군,동촌 농장,닭,육계,1000.0,전북특별자치도 부안군 하서면 청호리 657번지 1호,35.7203472318358,126.641928540376,2024-11-19,2024-12-13
전라북도,부안군,드림농장,닭,육계,75000.0,전북특별자치도 부안군 주산면 주산북로 240-19,35.684686736966,126.703598388079,2024-11-19,2024-12-13
전라북도,부안군,마루농장,닭,육계,60000.0,전북특별자치도 부안군 동진면 새포로 869-79,35.7851738817553,126.729916135573,2024-11-19,2024-12-13
전라북도,부안군,마리농장,오리,,18000.0,전북특별자치도 부안군 계화면 의복리 1721번지 외 1필(1721-1),35.7500907737803,126.655473188606,2024-11-19,2024-12-13
전라북도,부안군,만해농장,닭,육계,25000.0,전북특별자치도 부안군 보안면 사창길 67,35.6386758346727,126.662888160625,2024-11-19,2024-12-13
전라북도,부안군,명진농장,오리,,30000.0,"전북특별자치도 부안군 줄포면 원장동길 133-40, 133-43",35.5981439658938,126.691541858922,2024-11-19,2024-12-13
전라북도,부안군,모리아팜,오리,,29500.0,전북특별자치도 부안군 줄포면 원장동길 150-38,35.5914476674554,126.691795846857,2024-11-19,2024-12-13
전라북도,부안군,미소농장,닭,육계,70000.0,전북특별자치도 부안군 보안면 상림로 43-25,35.6307338138643,126.698525585949,2024-11-19,2024-12-13
전라북도,부안군,미운오리농장,오리,,20000.0,전북특별자치도 부안군 줄포면 난산리 706번지 39호 외 1필(706-40),35.5930980422935,126.706573412298,2024-11-19,2024-12-13
전라북도,부안군,반석농장,오리,,10093.0,"전북특별자치도 부안군 줄포면 우포리 8번지 10호 외 3필지(52-10, 53-3, 54)",35.5780220374525,126.679904592697,2024-11-19,2024-12-13
전라북도,부안군,백산농장,닭,,64000.0,전북특별자치도 부안군 백산면 하청로 169,35.6805583032315,126.802871244351,2024-11-19,2024-12-13
전라북도,부안군,별이,닭,,22000.0,전북특별자치도 부안군 상서면 부안로 1727,35.6628230118167,126.671714595868,2024-11-19,2024-12-13
전라북도,부안군,보경농장,닭,,28500.0,전북특별자치도 부안군 보안면 보안로 527-8,35.6289623703497,126.716276878781,2024-11-19,2024-12-13
전라북도,부안군,봉황타조농장,타조,,39.0,전북특별자치도 부안군 줄포면 파산길 43,35.6079196616781,126.715135737905,2024-11-19,2024-12-13
전라북도,부안군,부광농장,오리,,17000.0,"전북특별자치도 부안군 백산면 하청로 42-51 (611-1,2,3)",35.6866747660794,126.801020012441,2024-11-19,2024-12-13
전라북도,부안군,부안 기러기 농장,기러기,,1500.0,전북특별자치도 부안군 행안면 변산로 264,35.7308750989994,126.692806637725,2024-11-19,2024-12-13
전라북도,부안군,부안 기러기 농장2,기러기,,1000.0,전북특별자치도 부안군 부안읍 내요리 55번지,35.6901414110209,126.74750564539,2024-11-19,2024-12-13
전라북도,부안군,부안농장,닭,육계,65000.0,전북특별자치도 부안군 보안면 보안남로 104-51,35.620517505753,126.676609526193,2024-11-19,2024-12-13
전라북도,부안군,뽕이랑 귀농이랑,닭,육계,1000.0,전북특별자치도 부안군 하서면 장신1길 47,35.7301284495307,126.610176197416,2024-11-19,2024-12-13
전라북도,부안군,산돌농원(제1농장),닭,육계,67000.0,전북특별자치도 부안군 주산면 종유로 271-32,35.6637137196479,126.688952138582,2024-11-19,2024-12-13
전라북도,부안군,산돌농원(제2농장),닭,육계,67000.0,전북특별자치도 부안군 주산면 종유로 271-32 (609-20),35.6637137196479,126.688952138582,2024-11-19,2024-12-13
전라북도,부안군,산지농장,닭,육계,75000.0,전북특별자치도 부안군 보안면 유관길 244-32,35.6416744128282,126.691723444523,2024-11-19,2024-12-13
전라북도,부안군,상우농장,닭,육계,80000.0,전북특별자치도 부안군 백산면 대죽리 869번지 8호 외 1필(869-13),35.6845174226032,126.785209037575,2024-11-19,2024-12-13
전라북도,부안군,상운농장,닭,육계,60000.0,전북특별자치도 부안군 보안면 종유로 140-76,35.6488341318778,126.683220656071,2024-11-19,2024-12-13
전라북도,부안군,새한농장,메추리,,140000.0,전북특별자치도 부안군 백산면 백산서로 18,35.6807162597852,126.786618824083,2024-11-19,2024-12-13
전라북도,부안군,서원농장,닭,,29000.0,전북특별자치도 부안군 보안면 상림로 135,35.6263121780124,126.708367158628,2024-11-19,2024-12-13
전라북도,부안군,석불산토종닭 농장,닭,육계,25000.0,전북특별자치도 부안군 하서면 언독리 1077번지 13호,35.7222909174532,126.676795351001,2024-11-19,2024-12-13
전라북도,부안군,선들농장,닭,육계,88000.0,전북특별자치도 부안군 보안면 보안로 68-40,35.6296884270644,126.670845522742,2024-11-19,2024-12-13
전라북도,부안군,성룡농장,닭,,6600.0,전북특별자치도 부안군 보안면 유관길 280,35.640983174915,126.69596145071,2024-11-19,2024-12-13
전라북도,부안군,성실농장,오리,,19512.0,전북특별자치도 부안군 줄포면 신리로 160-12,35.5856503797678,126.699468996652,2024-11-19,2024-12-13
전라북도,부안군,성일농장,닭,육계,0.0,전북특별자치도 부안군 행안면 새포로 99-31,35.7363861398354,126.679115941862,2024-11-19,2024-12-13
전라북도,부안군,성하농장,닭,육계,76000.0,전북특별자치도 부안군 줄포면 파산신성길 125-45,35.5972662279294,126.70263336074,2024-11-19,2024-12-13
전라북도,부안군,소금애피농장,오리,,8000.0,전북특별자치도 부안군 줄포면 장동리 200번지 외 7필지,35.5987842987669,126.689913245787,2024-11-19,2024-12-13
전라북도,부안군,소담농장,닭,육계,60000.0,전북특별자치도 부안군 동진면 새포로 869-81,35.7855616239556,126.729924557574,2024-11-19,2024-12-13
전라북도,부안군,소망농장,오리,,20231.0,전북특별자치도 부안군 주산면 사산길 97-109,35.6719117031503,126.690049609024,2024-11-19,2024-12-13
전라북도,부안군,소망농장,오리,,15000.0,전북특별자치도 부안군 동진면 동전길 51-42 (1735),35.7660275597667,126.745860526373,2024-11-19,2024-12-13
전라북도,부안군,승리농장,오리,,10000.0,전북특별자치도 부안군 줄포면 화전길 57,35.5918473119642,126.700233908088,2024-11-19,2024-12-13
전라북도,부안군,승원농장,오리,,7000.0,전북특별자치도 부안군 줄포면 신리 727번지 외 1필지(728),35.582888001814,126.70055239562,2024-11-19,2023-12-16
전라북도,부안군,신금섭농장,오리,,10000.0,전북특별자치도 부안군 줄포면 우포리 54번지,35.5754520784874,126.69169109887,2024-11-19,2024-12-13
전라북도,부안군,신성농장,닭,육계,95000.0,전북특별자치도 부안군 줄포면 파산신성길 126-6,35.6014382806505,126.705783608228,2024-11-19,2024-12-13
전라북도,부안군,신원농장,닭,육계,90000.0,전북특별자치도 부안군 백산면 외하안길 42-54,35.6811298051015,126.743838507768,2024-11-19,2024-12-13
전라북도,부안군,신정농장,오리,,14819.0,전북특별자치도 부안군 주산면 사산길 97-133,35.6747091716187,126.689975611685,2024-11-19,2024-12-13
전라북도,부안군,신지농장,오리,,40000.0,전북특별자치도 부안군 하서면 언독리 386번지 4호,35.7222909174532,126.676795351001,2024-11-19,2024-12-13
전라북도,부안군,신흥농장,닭,,22000.0,전북특별자치도 부안군 부안읍 선돌로 125-40,35.6866539355757,126.728864926922,2024-11-19,2024-12-13
전라북도,부안군,아낙네오리농장,오리,,22000.0,전북특별자치도 부안군 주산면 사산길 97-131,35.6738989813905,126.690629330314,2024-11-19,2024-12-13
전라북도,부안군,아람농장,닭,육계,40000.0,전북특별자치도 부안군 동진면 새포로 869-73,35.784760175404,126.729904261982,2024-11-19,2024-12-13
전라북도,부안군,에덴농장,닭,육계,60000.0,전북특별자치도 부안군 행안면 부안로 2255-5,35.7020689907859,126.698184129789,2024-11-19,2024-12-13
전라북도,부안군,여월지향농장,오리,,20000.0,전북특별자치도 부안군 상서면 용서리 723번지 6호 외 1필(723-5),35.7036636333249,126.688602672871,2024-11-19,2024-12-13
전라북도,부안군,연정농장,닭,육계,70000.0,전북특별자치도 부안군 줄포면 반월제길 29,35.5967872291218,126.701263483058,2024-11-19,2024-12-13
전라북도,부안군,연중농장,오리,,10000.0,전북특별자치도 부안군 줄포면 연중길 97,35.6078106846767,126.689903804373,2024-11-19,2024-12-13
전라북도,부안군,예근농장,닭,육계,89981.0,전북특별자치도 부안군 줄포면 감역길 26-70,35.570225817967,126.68699698837,2024-11-19,2024-12-13
전라북도,부안군,예동농장,닭,육계,70000.0,"전북특별자치도 부안군 주산면 예동길 45, 55-10",35.6816915787512,126.714398529587,2024-11-19,2024-12-13
전라북도,부안군,예솔농장,닭,육계,80000.0,전북특별자치도 부안군 부안읍 외하안길 42-51,35.6818043855505,126.744887113566,2024-11-19,2024-12-13
전라북도,부안군,예은농장,닭,육계,112800.0,전북특별자치도 부안군 줄포면 주을로 397-103,35.6119325930125,126.706216027959,2024-11-19,2024-12-13
전라북도,부안군,오리농장,오리,,20000.0,전북특별자치도 부안군 줄포면 난산남월길 46-46,35.5807724114109,126.710819887914,2024-11-19,2024-12-13
전라북도,부안군,오리와사람들,오리,,50000.0,"전북특별자치도 부안군 계화면 양산리 2459번지 1호 외 3필지 2459-2, 2458-3, -4",35.7786703291592,126.715211199346,2024-11-19,2024-12-13
전라북도,부안군,우슬재 황토촌,닭,육계,30000.0,전북특별자치도 부안군 상서면 용와2길 23,35.6909575837666,126.64112230521,2024-11-19,2024-12-13
전라북도,부안군,욱이농장,오리,,0.0,전북특별자치도 부안군 계화면 창북리 4455-13,35.7918599572157,126.698649948889,2024-11-19,2024-12-13
전라북도,부안군,원농장,닭,육계,65000.0,전북특별자치도 부안군 상서면 부안로 2189,35.6980013532005,126.693368319342,2024-11-19,2024-12-13
전라북도,부안군,유림농장,닭,육계,60000.0,전북특별자치도 부안군 동진면 새포로 895-167,35.7912368608885,126.732620922503,2024-11-19,2024-12-13
전라북도,부안군,유병채농장,오리,,17000.0,전북특별자치도 부안군 계화면 양산리 2563번지 7호 외 1필,35.7786703291592,126.715211199346,2024-11-19,2024-12-13
전라북도,부안군,유정농장,닭,육계,90000.0,전북특별자치도 부안군 상서면 감교리 803번지,35.6588770269032,126.663582399426,2024-11-19,2024-12-13
전라북도,부안군,유정농장,닭,육계,60000.0,전북특별자치도 부안군 동진면 새포로 895-165,35.790861456052,126.732607799715,2024-11-19,2024-12-13
전라북도,부안군,유진농장,닭,육계,80000.0,전북특별자치도 부안군 백산면 외하안길 42-56,35.681772178606,126.74296553325,2024-11-19,2024-12-13
전라북도,부안군,윤봉길양계장,닭,육계,30000.0,전북특별자치도 부안군 줄포면 신리 109번지,35.582888001814,126.70055239562,2024-11-19,2023-12-16
전라북도,부안군,은성농장,닭,육계,65000.0,전북특별자치도 부안군 주산면 종유로 401,35.6703973606976,126.703757697883,2024-11-19,2024-12-13
전라북도,부안군,이기석농장,닭,육계,60000.0,전북특별자치도 부안군 행안면 주산북로 63,35.6968215521453,126.701422406202,2024-11-19,2024-12-13
전라북도,부안군,이삭농장,닭,육계,50000.0,전북특별자치도 부안군 부안읍 외하안길 42-52,35.6822637867552,126.744556236745,2024-11-19,2024-12-13
전라북도,부안군,이현우농장,닭,육계,25000.0,전북특별자치도 부안군 행안면 봉야로 398,35.7117456046922,126.704466066242,2024-11-19,2024-12-13
전라북도,부안군,일월성농장,오리,,17000.0,전북특별자치도 부안군 줄포면 파산월평길 32-30 (외 2필지),35.6029014362067,126.708305458116,2024-11-19,2024-12-13
전라북도,부안군,자연농장,오리,,18000.0,전북특별자치도 부안군 계화면 의복리 1719번지 외 1필지 (1720),35.7509136530782,126.655324031806,2024-11-19,2024-12-13
전라북도,부안군,장수농장,닭,육계,45000.0,전북특별자치도 부안군 줄포면 점촌길 78,35.5798102820263,126.684103125554,2024-11-19,2024-12-13
전라북도,부안군,정상농장,오리,,10000.0,전북특별자치도 부안군 줄포면 신리로 299-13,35.5895623493488,126.705273488526,2024-11-19,2024-12-13
전라북도,부안군,정숙농장,오리,,10000.0,전북특별자치도 부안군 줄포면 파산신성길 125-15,35.6000642217548,126.704256587027,2024-11-19,2024-12-13
전라북도,부안군,정인농장,오리,,56000.0,전북특별자치도 부안군 줄포면 신정로 57-42 (외 6필지),35.5783337136399,126.701875260504,2024-11-19,2024-12-13
전라북도,부안군,제일농장,오리,육용오리,22862.0,전북특별자치도 부안군 줄포면 관동길 58-50,35.6014447898119,126.715399483595,2024-11-19,2024-12-13
전라북도,부안군,종계백산,닭,종계/산란계,60000.0,전북특별자치도 부안군 백산면 하청로 169 (외 6필지),35.6805583032315,126.802871244351,2024-11-19,2024-12-13
전라북도,부안군,줄포농장,오리,,10000.0,전북특별자치도 부안군 줄포면 우포리 46번지,35.5780220374525,126.679904592697,2024-11-19,2024-12-13
전라북도,부안군,줄포대성농장,닭,육계,80000.0,전북특별자치도 부안군 줄포면 덕성길 105-3,35.5836950507257,126.693678470034,2024-11-19,2024-12-13
전라북도,부안군,증산농장,닭,,31000.0,"전북특별자치도 부안군 동진면 증산길 78, 증산농장",35.7643339924075,126.727182155722,2024-11-19,2024-12-13
전라북도,부안군,지영농장(2농장),닭,육계,90000.0,전북특별자치도 부안군 동진면 고마제로 328-17 (1442),35.7542281030454,126.772858492326,2024-11-19,2024-12-13
전라북도,부안군,진서1농장,오리,,10800.0,"전북특별자치도 부안군 진서면 소운호길 29, 진서종계장 1~8동",35.5898860441561,126.557891150887,2024-11-19,2024-12-13
전라북도,부안군,진서2농장,오리,,7800.0,"전북특별자치도 부안군 진서면 소운호길 29, 진서종계장 9~11동",35.5898860441561,126.557891150887,2024-11-19,2024-12-13
전라북도,부안군,진성농장,오리,육용오리,25000.0,"전북특별자치도 부안군 주산면 홍해송천길 98, 8-13동",35.696470052927,126.716825839258,2024-11-19,2024-12-13
전라북도,부안군,참 더불어,닭,육계,55986.0,전북특별자치도 부안군 동진면 새포로 869-104,35.7875322825987,126.731354090786,2024-11-19,2024-12-13
전라북도,부안군,창북농장,닭,육계,62671.0,전북특별자치도 부안군 계화면 간재로 564-261,35.7923143713596,126.6793112709,2024-11-19,2024-12-13
전라북도,부안군,창북농장,닭,육계,62863.0,전북특별자치도 부안군 계화면 간재로 564-263,35.7927304120231,126.679250749412,2024-11-19,2024-12-13
전라북도,부안군,창북농장,오리,,16000.0,전북특별자치도 부안군 계화면 새포로 499-74 (4515-7),35.7770955111047,126.68952113023,2024-11-19,2024-12-13
전라북도,부안군,천금오리농장,오리,,27000.0,전북특별자치도 부안군 줄포면 파산길 93,35.6106693809538,126.719118810299,2024-11-19,2024-12-13
전라북도,부안군,천애농장,오리,,10000.0,전북특별자치도 부안군 계화면 양산리 2458번지 3호,35.7786703291592,126.715211199346,2024-11-19,2024-12-13
전라북도,부안군,천우농장,오리,,34079.0,"전북특별자치도 부안군 계화면 궁안리 1064번지 1065,1065-1",35.7488647071802,126.673810534076,2024-11-19,2024-12-13
전라북도,부안군,청호농장,오리,,30000.0,전북특별자치도 부안군 계화면 의복리 1732번지 외 1필지(1731-2),35.7507822609947,126.657727440981,2024-11-19,2024-12-13
전라북도,부안군,청호축산,닭,육계,80000.0,전북특별자치도 부안군 행안면 새포로 59-22,35.7330468054765,126.678728639653,2024-11-19,2024-12-13
전라북도,부안군,탑농장,닭,육계,80000.0,전북특별자치도 부안군 계화면 간재로 709-160,35.7596158569797,126.662391666272,2024-11-19,2024-12-13
전라북도,부안군,태복농장,오리,,10000.0,전북특별자치도 부안군 보안면 하입석리 475번지 1호,35.6277432103051,126.695638791853,2024-11-19,2024-12-13
전라북도,부안군,태양농장,오리,,40000.0,"전북특별자치도 부안군 줄포면 우포리 593번지 3호 외5필지(593-4,5,6,7,8)",35.5781486434518,126.691967718767,2024-11-19,2024-12-13
전라북도,부안군,팜렛잇고,닭,육계,100000.0,전북특별자치도 부안군 부안읍 순환남로 306-7,35.697578187442,126.737965478306,2024-11-19,2024-12-13
전라북도,부안군,평교 종계장,닭,,14000.0,전북특별자치도 부안군 부안읍 밖여술길 63-7,35.6900738042514,126.719103862791,2024-11-19,2024-12-13
전라북도,부안군,평화농장,닭,육계,58000.0,전북특별자치도 부안군 보안면 만회길 69-20,35.6332960015279,126.662508233082,2024-11-19,2024-12-13
전라북도,부안군,푸른농장,오리,,8000.0,전북특별자치도 부안군 백산면 하청로 112,35.6844119241564,126.80211365742,2024-11-19,2024-12-13
전라북도,부안군,한울농장,닭,육계,98000.0,전북특별자치도 부안군 동진면 새포로 869-97,35.7866262952449,126.72996896138,2024-11-19,2024-12-13
전라북도,부안군,해금농장,닭,육계,100000.0,"전북특별자치도 부안군 상서면 부안로 2213-46, 2213-48",35.7026467969736,126.69259242282,2024-11-19,2024-12-13
전라북도,부안군,해드림농장,닭,육계,80000.0,전북특별자치도 부안군 계화면 새포로 861-120,35.7897189442951,126.728792938218,2024-11-19,2024-12-13
전라북도,부안군,해바라기농장,오리,,19192.0,전북특별자치도 부안군 줄포면 점촌길 26,35.579559624805,126.688045403812,2024-11-19,2024-12-13
전라북도,부안군,해오름농장,닭,육계,108000.0,전북특별자치도 부안군 계화면 새포로 595-269,35.7973705977922,126.696453336964,2024-11-19,2024-12-13
전라북도,부안군,해와달농장,오리,,17056.0,전북특별자치도 부안군 줄포면 대연길 3-14,35.6027260516794,126.697954286955,2024-11-19,2024-12-13
전라북도,부안군,해피덕농장,오리,,10000.0,전북특별자치도 부안군 줄포면 장산로 172-14,35.5904055233019,126.704543691334,2024-11-19,2024-12-13
전라북도,부안군,해피마실농장,오리,,13000.0,전북특별자치도 부안군 동진면 동전리 2588번지 1호 외 1필지(2589),35.7600195667781,126.773339177442,2024-11-19,2024-12-13
전라북도,부안군,햇빛농장,닭,육계,46500.0,전북특별자치도 부안군 줄포면 파산신성길 93-32,35.5981488558542,126.704426291978,2024-11-19,2024-12-13
전라북도,부안군,햇살농장,닭,육계,60000.0,전북특별자치도 부안군 계화면 간재로 623-92,35.7629900787027,126.673483067224,2024-11-19,2024-12-13
전라북도,부안군,행복농장,닭,육계,80000.0,전북특별자치도 부안군 백산면 백산로 17-100 (862-16),35.6837347940194,126.77773454331,2024-11-19,2024-12-13
전라북도,부안군,행복농장,오리,,0.0,전북특별자치도 부안군 동진면 동전길 51-32,35.765010947301,126.746081385289,2024-11-19,2024-12-13
전라북도,부안군,행안농장,닭,육계,85000.0,전북특별자치도 부안군 행안면 새포로 67-21,35.7346580565769,126.679491635134,2024-11-19,2024-12-13
전라북도,부안군,현덕농장,닭,육계,20000.0,"전북특별자치도 부안군 계화면 간재로 655-101, 외 1필지",35.7626187159215,126.671053076906,2024-11-19,2024-12-13
전라북도,부안군,후다닭농장,닭,육계,50000.0,전북특별자치도 부안군 계화면 간재로 677-193,35.7552356830775,126.665804057915,2024-11-19,2024-12-13
전라북도,부안군,SG팜,닭,육계,70000.0,전북특별자치도 부안군 동진면 고마제로 328-7,35.7542315186516,126.771521063372,2024-11-19,2024-12-18
전라북도,부안군,가농보안농장,닭,,110000.0,전북특별자치도 부안군 보안면 선돌로 807,35.6400611813492,126.703599419717,2024-11-19,2024-12-18
전라북도,부안군,가온농장,닭,육계,130000.0,전북특별자치도 부안군 행안면 새포로 99-23,35.7363336780803,126.679383443,2024-11-19,2024-12-18
전라북도,부안군,갑도농장,닭,,51900.0,전북특별자치도 부안군 진서면 청자로 1160-38,35.6013134122242,126.624024398533,2024-11-19,2024-12-18
전라북도,부안군,강산자연농장,닭,육계,70000.0,전북특별자치도 부안군 동진면 새포로 895-110 (1855-6),35.7862940495226,126.73387234293,2024-11-19,2024-12-18
전라북도,부안군,계상농장,오리,,14000.0,전북특별자치도 부안군 행안면 봉야로 258,35.7121587975387,126.688614829163,2024-11-19,2024-12-18
전라북도,부안군,골든,닭,,20000.0,전북특별자치도 부안군 진서면 진서리 63번지 4호,35.6020928101741,126.623205105007,2024-11-19,2024-12-18
전라북도,부안군,금복주농장,오리,육용오리,20000.0,"전북특별자치도 부안군 주산면 홍해송천길 98, 1-7동",35.696470052927,126.716825839258,2024-11-19,2024-12-18
전라북도,부안군,금산농장,닭,육계,120000.0,전북특별자치도 부안군 계화면 새포로 595-247,35.7950164949032,126.69655621009,2024-11-19,2024-12-18
전라북도,부안군,금순이농장,오리,,6000.0,"전북특별자치도 부안군 줄포면 줄포리 864번지 외 3필지(863, 865, 866)",35.5950910000498,126.669993654389,2024-11-19,2024-12-18
전라북도,부안군,금판오리 농장,오리,,62000.0,"전북특별자치도 부안군 백산면 금판리 817번지 1호 외 3필지(817-3, 4, 802-11)",35.7374005727872,126.793402111824,2024-11-19,2024-12-18
전라북도,부안군,김명수농장,닭,육계,100000.0,전북특별자치도 부안군 줄포면 파산신성길 125-19,35.5993996443284,126.703940000022,2024-11-19,2024-12-18
전라북도,부안군,김산농장,닭,육계,140000.0,"전북특별자치도 부안군 주산면 만석로 234-31 (773-2,  773-3)",35.6790708614371,126.693265563538,2024-11-19,2024-12-18
전라북도,부안군,김을식양계장,닭,육계,35000.0,전북특별자치도 부안군 줄포면 장동리 산 138번지 1호 외 2필지,35.594300392841774,126.6833664708741,2024-11-19,2024-12-18
전라북도,부안군,김종열농장,닭,육계,5000.0,전북특별자치도 부안군 동진면 증산길 54-10,35.7642416862076,126.724328822966,2024-11-19,2024-12-18
전라북도,부안군,김철수농장,오리,,33800.0,"전북특별자치도 부안군 동진면 동전리 1430번지 외 3필지(1431, 1432, 1432-1)",35.75509483988,126.773377247993,2024-11-19,2024-12-18
전라북도,부안군,나래1농장,닭,육계,64000.0,전북특별자치도 부안군 계화면 새포로 683-207,35.7945783998635,126.70650761657,2024-11-19,2024-12-18
전라북도,부안군,나래농장2,닭,육계,62000.0,전북특별자치도 부안군 계화면 새포로 683-193,35.7932065594843,126.706716535416,2024-11-19,2024-12-18
전라북도,부안군,나봄1농장,닭,육계,74000.0,전북특별자치도 부안군 계화면 새포로 683-217,35.7955087962295,126.706370118724,2024-11-19,2024-12-18
전라북도,부안군,나봄2농장,닭,육계,64000.0,전북특별자치도 부안군 계화면 새포로 683-197,35.7936505358654,126.706648862954,2024-11-19,2024-12-18
전라북도,부안군,남포농장,닭,육계,75000.0,전북특별자치도 부안군 보안면 남포원천길 42-8,35.6314878105435,126.663849545228,2024-11-19,2024-12-18
전라북도,부안군,농업회사법인 유한회사 월광,닭,,23000.0,전북특별자치도 부안군 보안면 유관길 256-1,35.6425313251297,126.695005042737,2024-11-19,2024-12-18
전라북도,부안군,농업회사법인 한스팜(주) 부안지점,닭,종계/산란계,151678.0,전북특별자치도 부안군 주산면 주산북로 387,35.6767151611652,126.713863299356,2024-11-19,2024-12-18
전라북도,부안군,농업회사법인가농유한회사 계화농장,닭,육계,504000.0,전북특별자치도 부안군 계화면 간재로 564-274,35.7926459095973,126.680720343657,2024-11-19,2024-12-18
전라북도,부안군,누리농장,닭,육계,50000.0,전북특별자치도 부안군 계화면 양산리 2457번지 5호,35.7786703291592,126.715211199346,2024-11-19,2024-12-18
전라북도,부안군,누리농장,닭,육계,50000.0,전북특별자치도 부안군 계화면 양산리 2457번지 4호,35.7786703291592,126.715211199346,2024-11-19,2024-12-18
전라북도,부안군,늘봄농장,닭,육계,65000.0,전북특별자치도 부안군 상서면 부안로 2191,35.6981325413882,126.694168422896,2024-11-19,2024-12-18
전라북도,부안군,다산1농장,오리,,5500.0,전북특별자치도 부안군 진서면 청자로 736-50,35.5897895989372,126.589511647452,2024-11-19,2024-12-18
전라북도,부안군,다산2농장,오리,,5500.0,전북특별자치도 부안군 진서면 청자로 736-46,35.5902048626182,126.589470577501,2024-11-19,2024-12-18
전라북도,부안군,다산농장,닭,육계,90000.0,"전북특별자치도 부안군 보안면 부안로 1360-57 (631-2, 631-3, 632-16)",35.6255615014121,126.671527202638,2024-11-19,2024-12-18
전라북도,부안군,대동농장,닭,육계,126752.0,"전북특별자치도 부안군 줄포면 연중길 26, 28, 30",35.6017250100235,126.688125711464,2024-11-19,2024-12-18
전라북도,부안군,대명농장,오리,,24222.0,전북특별자치도 부안군 계화면 새포로 641,35.7749430247643,126.705392655823,2024-11-19,2024-12-18
전라북도,부안군,대명농장2,오리,,18468.0,전북특별자치도 부안군 계화면 새포로 651-13,35.7759565917208,126.705836834646,2024-11-19,2024-12-18
전라북도,부안군,더불어참,닭,육계,100000.0,"전북특별자치도 부안군 동진면 새포로 869-110, , 869-116",35.7879368138073,126.731333703906,2024-11-19,2024-12-18
전라북도,부안군,도담농장,닭,육계,135233.0,"전북특별자치도 부안군 동진면 새포로 869-101, 869-103",35.7871755175437,126.7299657763,2024-11-19,2024-12-18
전라북도,부안군,도담농장,오리,,24000.0,전북특별자치도 부안군 줄포면 신정로 57-79,35.580398504026,126.699487073822,2024-11-19,2024-12-18
전라북도,부안군,동산농장,닭,육계,65000.0,전북특별자치도 부안군 행안면 부안로 2255-15,35.7027249168397,126.698211491541,2024-11-19,2024-12-18
전라북도,부안군,동서농장,닭,육계,58000.0,전북특별자치도 부안군 백산면 동학로 15,35.6952006026439,126.800809574416,2024-11-19,2024-12-18
전라북도,부안군,동송농장,오리,,12000.0,전북특별자치도 부안군 줄포면 각동2길 122,35.602960924514,126.682183306667,2024-11-19,2024-12-18
전라북도,부안군,동암농장,닭,육계,94240.0,"전북특별자치도 부안군 계화면 간재로 655-121, 655-127",35.7609478818203,126.670270663187,2024-11-19,2024-12-18
전라북도,부안군,동촌 농장,닭,육계,1000.0,전북특별자치도 부안군 하서면 청호리 657번지 1호,35.7203472318358,126.641928540376,2024-11-19,2024-12-18
전라북도,부안군,드림농장,닭,육계,75000.0,전북특별자치도 부안군 주산면 주산북로 240-19,35.684686736966,126.703598388079,2024-11-19,2024-12-18
전라북도,부안군,마루농장,닭,육계,60000.0,전북특별자치도 부안군 동진면 새포로 869-79,35.7851738817553,126.729916135573,2024-11-19,2024-12-18
전라북도,부안군,마리농장,오리,,18000.0,전북특별자치도 부안군 계화면 의복리 1721번지 외 1필(1721-1),35.7500907737803,126.655473188606,2024-11-19,2024-12-18
전라북도,부안군,만해농장,닭,육계,25000.0,전북특별자치도 부안군 보안면 사창길 67,35.6386758346727,126.662888160625,2024-11-19,2024-12-18
전라북도,부안군,명진농장,오리,,30000.0,"전북특별자치도 부안군 줄포면 원장동길 133-40, 133-43",35.5981439658938,126.691541858922,2024-11-19,2024-12-18
전라북도,부안군,모리아팜,오리,,29500.0,전북특별자치도 부안군 줄포면 원장동길 150-38,35.5914476674554,126.691795846857,2024-11-19,2024-12-18
전라북도,부안군,미소농장,닭,육계,70000.0,전북특별자치도 부안군 보안면 상림로 43-25,35.6307338138643,126.698525585949,2024-11-19,2024-12-18
전라북도,부안군,미운오리농장,오리,,20000.0,전북특별자치도 부안군 줄포면 난산리 706번지 39호 외 1필(706-40),35.5930980422935,126.706573412298,2024-11-19,2024-12-18
전라북도,부안군,반석농장,오리,,10093.0,"전북특별자치도 부안군 줄포면 우포리 8번지 10호 외 3필지(52-10, 53-3, 54)",35.5780220374525,126.679904592697,2024-11-19,2024-12-18
전라북도,부안군,백산농장,닭,,64000.0,전북특별자치도 부안군 백산면 하청로 169,35.6805583032315,126.802871244351,2024-11-19,2024-12-18
전라북도,부안군,별이,닭,,22000.0,전북특별자치도 부안군 상서면 부안로 1727,35.6628230118167,126.671714595868,2024-11-19,2024-12-18
전라북도,부안군,보경농장,닭,,28500.0,전북특별자치도 부안군 보안면 보안로 527-8,35.6289623703497,126.716276878781,2024-11-19,2024-12-18
전라북도,부안군,봉황타조농장,타조,,39.0,전북특별자치도 부안군 줄포면 파산길 43,35.6079196616781,126.715135737905,2024-11-19,2024-12-18
전라북도,부안군,부광농장,오리,,17000.0,"전북특별자치도 부안군 백산면 하청로 42-51 (611-1,2,3)",35.6866747660794,126.801020012441,2024-11-19,2024-12-18
전라북도,부안군,부안 기러기 농장,기러기,,1500.0,전북특별자치도 부안군 행안면 변산로 264,35.7308750989994,126.692806637725,2024-11-19,2024-12-18
전라북도,부안군,부안 기러기 농장2,기러기,,1000.0,전북특별자치도 부안군 부안읍 내요리 55번지,35.6901414110209,126.74750564539,2024-11-19,2024-12-18
전라북도,부안군,부안농장,닭,육계,65000.0,전북특별자치도 부안군 보안면 보안남로 104-51,35.620517505753,126.676609526193,2024-11-19,2024-12-18
전라북도,부안군,뽕이랑 귀농이랑,닭,육계,1000.0,전북특별자치도 부안군 하서면 장신1길 47,35.7301284495307,126.610176197416,2024-11-19,2024-12-18
전라북도,부안군,산돌농원(제1농장),닭,육계,67000.0,전북특별자치도 부안군 주산면 종유로 271-32,35.6637137196479,126.688952138582,2024-11-19,2024-12-18
전라북도,부안군,산돌농원(제2농장),닭,육계,67000.0,전북특별자치도 부안군 주산면 종유로 271-32 (609-20),35.6637137196479,126.688952138582,2024-11-19,2024-12-18
전라북도,부안군,산지농장,닭,육계,75000.0,전북특별자치도 부안군 보안면 유관길 244-32,35.6416744128282,126.691723444523,2024-11-19,2024-12-18
전라북도,부안군,상우농장,닭,육계,80000.0,전북특별자치도 부안군 백산면 대죽리 869번지 8호 외 1필(869-13),35.6845174226032,126.785209037575,2024-11-19,2024-12-18
전라북도,부안군,상운농장,닭,육계,60000.0,전북특별자치도 부안군 보안면 종유로 140-76,35.6488341318778,126.683220656071,2024-11-19,2024-12-18
전라북도,부안군,새한농장,메추리,,140000.0,전북특별자치도 부안군 백산면 백산서로 18,35.6807162597852,126.786618824083,2024-11-19,2024-12-18
전라북도,부안군,서원농장,닭,,29000.0,전북특별자치도 부안군 보안면 상림로 135,35.6263121780124,126.708367158628,2024-11-19,2024-12-18
전라북도,부안군,석불산토종닭 농장,닭,육계,25000.0,전북특별자치도 부안군 하서면 언독리 1077번지 13호,35.7222909174532,126.676795351001,2024-11-19,2024-12-18
전라북도,부안군,선들농장,닭,육계,88000.0,전북특별자치도 부안군 보안면 보안로 68-40,35.6296884270644,126.670845522742,2024-11-19,2024-12-18
전라북도,부안군,성룡농장,닭,,6600.0,전북특별자치도 부안군 보안면 유관길 280,35.640983174915,126.69596145071,2024-11-19,2024-12-18
전라북도,부안군,성실농장,오리,,19512.0,전북특별자치도 부안군 줄포면 신리로 160-12,35.5856503797678,126.699468996652,2024-11-19,2024-12-18
전라북도,부안군,성일농장,닭,육계,0.0,전북특별자치도 부안군 행안면 새포로 99-31,35.7363861398354,126.679115941862,2024-11-19,2024-12-18
전라북도,부안군,성하농장,닭,육계,76000.0,전북특별자치도 부안군 줄포면 파산신성길 125-45,35.5972662279294,126.70263336074,2024-11-19,2024-12-18
전라북도,부안군,소금애피농장,오리,,8000.0,전북특별자치도 부안군 줄포면 장동리 200번지 외 7필지,35.5987842987669,126.689913245787,2024-11-19,2024-12-18
전라북도,부안군,소담농장,닭,육계,60000.0,전북특별자치도 부안군 동진면 새포로 869-81,35.7855616239556,126.729924557574,2024-11-19,2024-12-18
전라북도,부안군,소망농장,오리,,20231.0,전북특별자치도 부안군 주산면 사산길 97-109,35.6719117031503,126.690049609024,2024-11-19,2024-12-18
전라북도,부안군,소망농장,오리,,15000.0,전북특별자치도 부안군 동진면 동전길 51-42 (1735),35.7660275597667,126.745860526373,2024-11-19,2024-12-18
전라북도,부안군,승리농장,오리,,10000.0,전북특별자치도 부안군 줄포면 화전길 57,35.5918473119642,126.700233908088,2024-11-19,2024-12-18
전라북도,부안군,신금섭농장,오리,,10000.0,전북특별자치도 부안군 줄포면 우포리 54번지,35.5754520784874,126.69169109887,2024-11-19,2024-12-18
전라북도,부안군,신성농장,닭,육계,95000.0,전북특별자치도 부안군 줄포면 파산신성길 126-6,35.6014382806505,126.705783608228,2024-11-19,2024-12-18
전라북도,부안군,신원농장,닭,육계,90000.0,전북특별자치도 부안군 백산면 외하안길 42-54,35.6811298051015,126.743838507768,2024-11-19,2024-12-18
전라북도,부안군,신정농장,오리,,14819.0,전북특별자치도 부안군 주산면 사산길 97-133,35.6747091716187,126.689975611685,2024-11-19,2024-12-18
전라북도,부안군,신지농장,오리,,40000.0,전북특별자치도 부안군 하서면 언독리 386번지 4호,35.7222909174532,126.676795351001,2024-11-19,2024-12-18
전라북도,부안군,신흥농장,닭,,22000.0,전북특별자치도 부안군 부안읍 선돌로 125-40,35.6866539355757,126.728864926922,2024-11-19,2024-12-18
전라북도,부안군,아낙네오리농장,오리,,22000.0,전북특별자치도 부안군 주산면 사산길 97-131,35.6738989813905,126.690629330314,2024-11-19,2024-12-18
전라북도,부안군,아람농장,닭,육계,40000.0,전북특별자치도 부안군 동진면 새포로 869-73,35.784760175404,126.729904261982,2024-11-19,2024-12-18
전라북도,부안군,에덴농장,닭,육계,60000.0,전북특별자치도 부안군 행안면 부안로 2255-5,35.7020689907859,126.698184129789,2024-11-19,2024-12-18
전라북도,부안군,여월지향농장,오리,,20000.0,전북특별자치도 부안군 상서면 용서리 723번지 6호 외 1필(723-5),35.7036636333249,126.688602672871,2024-11-19,2024-12-18
전라북도,부안군,연정농장,닭,육계,70000.0,전북특별자치도 부안군 줄포면 반월제길 29,35.5967872291218,126.701263483058,2024-11-19,2024-12-18
전라북도,부안군,연중농장,오리,,10000.0,전북특별자치도 부안군 줄포면 연중길 97,35.6078106846767,126.689903804373,2024-11-19,2024-12-18
전라북도,부안군,예근농장,닭,육계,89981.0,전북특별자치도 부안군 줄포면 감역길 26-70,35.570225817967,126.68699698837,2024-11-19,2024-12-18
전라북도,부안군,예동농장,닭,육계,70000.0,"전북특별자치도 부안군 주산면 예동길 45, 55-10",35.6816915787512,126.714398529587,2024-11-19,2024-12-18
전라북도,부안군,예솔농장,닭,육계,80000.0,전북특별자치도 부안군 부안읍 외하안길 42-51,35.6818043855505,126.744887113566,2024-11-19,2024-12-18
전라북도,부안군,예은농장,닭,육계,112800.0,전북특별자치도 부안군 줄포면 주을로 397-103,35.6119325930125,126.706216027959,2024-11-19,2024-12-18
전라북도,부안군,오리농장,오리,,20000.0,전북특별자치도 부안군 줄포면 난산남월길 46-46,35.5807724114109,126.710819887914,2024-11-19,2024-12-18
전라북도,부안군,오리와사람들,오리,,50000.0,"전북특별자치도 부안군 계화면 양산리 2459번지 1호 외 3필지 2459-2, 2458-3, -4",35.7786703291592,126.715211199346,2024-11-19,2024-12-18
전라북도,부안군,우슬재 황토촌,닭,육계,30000.0,전북특별자치도 부안군 상서면 용와2길 23,35.6909575837666,126.64112230521,2024-11-19,2024-12-18
전라북도,부안군,욱이농장,오리,,0.0,전북특별자치도 부안군 계화면 창북리 4455-13,35.7918599572157,126.698649948889,2024-11-19,2024-12-18
전라북도,부안군,원농장,닭,육계,65000.0,전북특별자치도 부안군 상서면 부안로 2189,35.6980013532005,126.693368319342,2024-11-19,2024-12-18
전라북도,부안군,유림농장,닭,육계,60000.0,전북특별자치도 부안군 동진면 새포로 895-167,35.7912368608885,126.732620922503,2024-11-19,2024-12-18
전라북도,부안군,유병채농장,오리,,17000.0,전북특별자치도 부안군 계화면 양산리 2563번지 7호 외 1필,35.7786703291592,126.715211199346,2024-11-19,2024-12-18
전라북도,부안군,유정농장,닭,육계,90000.0,전북특별자치도 부안군 상서면 감교리 803번지,35.6588770269032,126.663582399426,2024-11-19,2024-12-18
전라북도,부안군,유정농장,닭,육계,60000.0,전북특별자치도 부안군 동진면 새포로 895-165,35.790861456052,126.732607799715,2024-11-19,2024-12-18
전라북도,부안군,유진농장,닭,육계,80000.0,전북특별자치도 부안군 백산면 외하안길 42-56,35.681772178606,126.74296553325,2024-11-19,2024-12-18
전라북도,부안군,은성농장,닭,육계,65000.0,전북특별자치도 부안군 주산면 종유로 401,35.6703973606976,126.703757697883,2024-11-19,2024-12-18
전라북도,부안군,이기석농장,닭,육계,60000.0,전북특별자치도 부안군 행안면 주산북로 63,35.6968215521453,126.701422406202,2024-11-19,2024-12-18
전라북도,부안군,이삭농장,닭,육계,50000.0,전북특별자치도 부안군 부안읍 외하안길 42-52,35.6822637867552,126.744556236745,2024-11-19,2024-12-18
전라북도,부안군,이현우농장,닭,육계,25000.0,전북특별자치도 부안군 행안면 봉야로 398,35.7117456046922,126.704466066242,2024-11-19,2024-12-18
전라북도,부안군,일월성농장,오리,,17000.0,전북특별자치도 부안군 줄포면 파산월평길 32-30 (외 2필지),35.6029014362067,126.708305458116,2024-11-19,2024-12-18
전라북도,부안군,자연농장,오리,,18000.0,전북특별자치도 부안군 계화면 의복리 1719번지 외 1필지 (1720),35.7509136530782,126.655324031806,2024-11-19,2024-12-18
전라북도,부안군,장수농장,닭,육계,45000.0,전북특별자치도 부안군 줄포면 점촌길 78,35.5798102820263,126.684103125554,2024-11-19,2024-12-18
전라북도,부안군,정상농장,오리,,10000.0,전북특별자치도 부안군 줄포면 신리로 299-13,35.5895623493488,126.705273488526,2024-11-19,2024-12-18
전라북도,부안군,정숙농장,오리,,10000.0,전북특별자치도 부안군 줄포면 파산신성길 125-15,35.6000642217548,126.704256587027,2024-11-19,2024-12-18
전라북도,부안군,정인농장,오리,,56000.0,전북특별자치도 부안군 줄포면 신정로 57-42 (외 6필지),35.5783337136399,126.701875260504,2024-11-19,2024-12-18
전라북도,부안군,제일농장,오리,육용오리,22862.0,전북특별자치도 부안군 줄포면 관동길 58-50,35.6014447898119,126.715399483595,2024-11-19,2024-12-18
전라북도,부안군,종계백산,닭,종계/산란계,60000.0,전북특별자치도 부안군 백산면 하청로 169 (외 6필지),35.6805583032315,126.802871244351,2024-11-19,2024-12-18
전라북도,부안군,줄포농장,오리,,10000.0,전북특별자치도 부안군 줄포면 우포리 46번지,35.5780220374525,126.679904592697,2024-11-19,2024-12-18
전라북도,부안군,줄포대성농장,닭,육계,80000.0,전북특별자치도 부안군 줄포면 덕성길 105-3,35.5836950507257,126.693678470034,2024-11-19,2024-12-18
전라북도,부안군,증산농장,닭,,31000.0,"전북특별자치도 부안군 동진면 증산길 78, 증산농장",35.7643339924075,126.727182155722,2024-11-19,2024-12-18
전라북도,부안군,지영농장(2농장),닭,육계,90000.0,전북특별자치도 부안군 동진면 고마제로 328-17 (1442),35.7542281030454,126.772858492326,2024-11-19,2024-12-18
전라북도,부안군,진서1농장,오리,,10800.0,"전북특별자치도 부안군 진서면 소운호길 29, 진서종계장 1~8동",35.5898860441561,126.557891150887,2024-11-19,2024-12-18
전라북도,부안군,진서2농장,오리,,7800.0,"전북특별자치도 부안군 진서면 소운호길 29, 진서종계장 9~11동",35.5898860441561,126.557891150887,2024-11-19,2024-12-18
전라북도,부안군,진성농장,오리,육용오리,25000.0,"전북특별자치도 부안군 주산면 홍해송천길 98, 8-13동",35.696470052927,126.716825839258,2024-11-19,2024-12-18
전라북도,부안군,참 더불어,닭,육계,55986.0,전북특별자치도 부안군 동진면 새포로 869-104,35.7875322825987,126.731354090786,2024-11-19,2024-12-18
전라북도,부안군,창북농장,닭,육계,62671.0,전북특별자치도 부안군 계화면 간재로 564-261,35.7923143713596,126.6793112709,2024-11-19,2024-12-18
전라북도,부안군,창북농장,닭,육계,62863.0,전북특별자치도 부안군 계화면 간재로 564-263,35.7927304120231,126.679250749412,2024-11-19,2024-12-18
전라북도,부안군,창북농장,오리,,16000.0,전북특별자치도 부안군 계화면 새포로 499-74 (4515-7),35.7770955111047,126.68952113023,2024-11-19,2024-12-18
전라북도,부안군,천금오리농장,오리,,27000.0,전북특별자치도 부안군 줄포면 파산길 93,35.6106693809538,126.719118810299,2024-11-19,2024-12-18
전라북도,부안군,천애농장,오리,,10000.0,전북특별자치도 부안군 계화면 양산리 2458번지 3호,35.7786703291592,126.715211199346,2024-11-19,2024-12-18
전라북도,부안군,천우농장,오리,,34079.0,"전북특별자치도 부안군 계화면 궁안리 1064번지 1065,1065-1",35.7488647071802,126.673810534076,2024-11-19,2024-12-18
전라북도,부안군,청호농장,오리,,30000.0,전북특별자치도 부안군 계화면 의복리 1732번지 외 1필지(1731-2),35.7507822609947,126.657727440981,2024-11-19,2024-12-18
전라북도,부안군,청호축산,닭,육계,80000.0,전북특별자치도 부안군 행안면 새포로 59-22,35.7330468054765,126.678728639653,2024-11-19,2024-12-18
전라북도,부안군,탑농장,닭,육계,80000.0,전북특별자치도 부안군 계화면 간재로 709-160,35.7596158569797,126.662391666272,2024-11-19,2024-12-18
전라북도,부안군,태복농장,오리,,10000.0,전북특별자치도 부안군 보안면 하입석리 475번지 1호,35.6277432103051,126.695638791853,2024-11-19,2024-12-18
전라북도,부안군,태양농장,오리,,40000.0,"전북특별자치도 부안군 줄포면 우포리 593번지 3호 외5필지(593-4,5,6,7,8)",35.5781486434518,126.691967718767,2024-11-19,2024-12-18
전라북도,부안군,팜렛잇고,닭,육계,100000.0,전북특별자치도 부안군 부안읍 순환남로 306-7,35.697578187442,126.737965478306,2024-11-19,2024-12-18
전라북도,부안군,평교 종계장,닭,,14000.0,전북특별자치도 부안군 부안읍 밖여술길 63-7,35.6900738042514,126.719103862791,2024-11-19,2024-12-18
전라북도,부안군,평화농장,닭,육계,58000.0,전북특별자치도 부안군 보안면 만회길 69-20,35.6332960015279,126.662508233082,2024-11-19,2024-12-18
전라북도,부안군,푸른농장,오리,,8000.0,전북특별자치도 부안군 백산면 하청로 112,35.6844119241564,126.80211365742,2024-11-19,2024-12-18
전라북도,부안군,한울농장,닭,육계,98000.0,전북특별자치도 부안군 동진면 새포로 869-97,35.7866262952449,126.72996896138,2024-11-19,2024-12-18
전라북도,부안군,해금농장,닭,육계,100000.0,"전북특별자치도 부안군 상서면 부안로 2213-46, 2213-48",35.7026467969736,126.69259242282,2024-11-19,2024-12-18
전라북도,부안군,해드림농장,닭,육계,80000.0,전북특별자치도 부안군 계화면 새포로 861-120,35.7897189442951,126.728792938218,2024-11-19,2024-12-18
전라북도,부안군,해바라기농장,오리,,19192.0,전북특별자치도 부안군 줄포면 점촌길 26,35.579559624805,126.688045403812,2024-11-19,2024-12-18
전라북도,부안군,해오름농장,닭,육계,108000.0,전북특별자치도 부안군 계화면 새포로 595-269,35.7973705977922,126.696453336964,2024-11-19,2024-12-18
전라북도,부안군,해와달농장,오리,,17056.0,전북특별자치도 부안군 줄포면 대연길 3-14,35.6027260516794,126.697954286955,2024-11-19,2024-12-18
전라북도,부안군,해피덕농장,오리,,10000.0,전북특별자치도 부안군 줄포면 장산로 172-14,35.5904055233019,126.704543691334,2024-11-19,2024-12-18
전라북도,부안군,해피마실농장,오리,,13000.0,전북특별자치도 부안군 동진면 동전리 2588번지 1호 외 1필지(2589),35.7600195667781,126.773339177442,2024-11-19,2024-12-18
전라북도,부안군,햇빛농장,닭,육계,46500.0,전북특별자치도 부안군 줄포면 파산신성길 93-32,35.5981488558542,126.704426291978,2024-11-19,2024-12-18
전라북도,부안군,햇살농장,닭,육계,60000.0,전북특별자치도 부안군 계화면 간재로 623-92,35.7629900787027,126.673483067224,2024-11-19,2024-12-18
전라북도,부안군,행복농장,닭,육계,80000.0,전북특별자치도 부안군 백산면 백산로 17-100 (862-16),35.6837347940194,126.77773454331,2024-11-19,2024-12-18
전라북도,부안군,행복농장,오리,,0.0,전북특별자치도 부안군 동진면 동전길 51-32,35.765010947301,126.746081385289,2024-11-19,2024-12-18
전라북도,부안군,행안농장,닭,육계,85000.0,전북특별자치도 부안군 행안면 새포로 67-21,35.7346580565769,126.679491635134,2024-11-19,2024-12-18
전라북도,부안군,현덕농장,닭,육계,20000.0,"전북특별자치도 부안군 계화면 간재로 655-101, 외 1필지",35.7626187159215,126.671053076906,2024-11-19,2024-12-18
전라북도,부안군,후다닭농장,닭,육계,50000.0,전북특별자치도 부안군 계화면 간재로 677-193,35.7552356830775,126.665804057915,2024-11-19,2024-12-18
전라북도,부안군,SG팜,닭,육계,70000.0,전북특별자치도 부안군 동진면 고마제로 328-7,35.7542315186516,126.771521063372,2024-11-19,2024-12-27
전라북도,부안군,가농보안농장,닭,,110000.0,전북특별자치도 부안군 보안면 선돌로 807,35.6400611813492,126.703599419717,2024-11-19,2024-12-27
전라북도,부안군,가온농장,닭,육계,130000.0,전북특별자치도 부안군 행안면 새포로 99-23,35.7363336780803,126.679383443,2024-11-19,2024-12-27
전라북도,부안군,갑도농장,닭,,51900.0,전북특별자치도 부안군 진서면 청자로 1160-38,35.6013134122242,126.624024398533,2024-11-19,2024-12-27
전라북도,부안군,강산자연농장,닭,육계,70000.0,전북특별자치도 부안군 동진면 새포로 895-110 (1855-6),35.7862940495226,126.73387234293,2024-11-19,2024-12-27
전라북도,부안군,계상농장,오리,,14000.0,전북특별자치도 부안군 행안면 봉야로 258,35.7121587975387,126.688614829163,2024-11-19,2024-12-27
전라북도,부안군,골든,닭,,20000.0,전북특별자치도 부안군 진서면 진서리 63번지 4호,35.6020928101741,126.623205105007,2024-11-19,2024-12-27
전라북도,부안군,금복주농장,오리,육용오리,20000.0,"전북특별자치도 부안군 주산면 홍해송천길 98, 1-7동",35.696470052927,126.716825839258,2024-11-19,2024-12-27
전라북도,부안군,금산농장,닭,육계,120000.0,전북특별자치도 부안군 계화면 새포로 595-247,35.7950164949032,126.69655621009,2024-11-19,2024-12-27
전라북도,부안군,금순이농장,오리,,6000.0,"전북특별자치도 부안군 줄포면 줄포리 864번지 외 3필지(863, 865, 866)",35.5950910000498,126.669993654389,2024-11-19,2024-12-27
전라북도,부안군,금판오리 농장,오리,,62000.0,"전북특별자치도 부안군 백산면 금판리 817번지 1호 외 3필지(817-3, 4, 802-11)",35.7374005727872,126.793402111824,2024-11-19,2024-12-27
전라북도,부안군,김명수농장,닭,육계,100000.0,전북특별자치도 부안군 줄포면 파산신성길 125-19,35.5993996443284,126.703940000022,2024-11-19,2024-12-27
전라북도,부안군,김산농장,닭,육계,140000.0,"전북특별자치도 부안군 주산면 만석로 234-31 (773-2,  773-3)",35.6790708614371,126.693265563538,2024-11-19,2024-12-27
전라북도,부안군,김을식양계장,닭,육계,35000.0,전북특별자치도 부안군 줄포면 장동리 산 138번지 1호 외 2필지,35.594300392841774,126.6833664708741,2024-11-19,2024-12-27
전라북도,부안군,김종열농장,닭,육계,5000.0,전북특별자치도 부안군 동진면 증산길 54-10,35.7642416862076,126.724328822966,2024-11-19,2024-12-27
전라북도,부안군,김철수농장,오리,,33800.0,"전북특별자치도 부안군 동진면 동전리 1430번지 외 3필지(1431, 1432, 1432-1)",35.75509483988,126.773377247993,2024-11-19,2024-12-27
전라북도,부안군,나래1농장,닭,육계,64000.0,전북특별자치도 부안군 계화면 새포로 683-207,35.7945783998635,126.70650761657,2024-11-19,2024-12-27
전라북도,부안군,나래농장2,닭,육계,62000.0,전북특별자치도 부안군 계화면 새포로 683-193,35.7932065594843,126.706716535416,2024-11-19,2024-12-27
전라북도,부안군,나봄1농장,닭,육계,74000.0,전북특별자치도 부안군 계화면 새포로 683-217,35.7955087962295,126.706370118724,2024-11-19,2024-12-27
전라북도,부안군,나봄2농장,닭,육계,64000.0,전북특별자치도 부안군 계화면 새포로 683-197,35.7936505358654,126.706648862954,2024-11-19,2024-12-27
전라북도,부안군,남포농장,닭,육계,75000.0,전북특별자치도 부안군 보안면 남포원천길 42-8,35.6314878105435,126.663849545228,2024-11-19,2024-12-27
전라북도,부안군,농업회사법인 유한회사 월광,닭,,23000.0,전북특별자치도 부안군 보안면 유관길 256-1,35.6425313251297,126.695005042737,2024-11-19,2024-12-27
전라북도,부안군,농업회사법인 한스팜(주) 부안지점,닭,종계/산란계,151678.0,전북특별자치도 부안군 주산면 주산북로 387,35.6767151611652,126.713863299356,2024-11-19,2024-12-27
전라북도,부안군,농업회사법인가농유한회사 계화농장,닭,육계,504000.0,전북특별자치도 부안군 계화면 간재로 564-274,35.7926459095973,126.680720343657,2024-11-19,2024-12-27
전라북도,부안군,누리농장,닭,육계,50000.0,전북특별자치도 부안군 계화면 양산리 2457번지 5호,35.7786703291592,126.715211199346,2024-11-19,2024-12-27
전라북도,부안군,누리농장,닭,육계,50000.0,전북특별자치도 부안군 계화면 양산리 2457번지 4호,35.7786703291592,126.715211199346,2024-11-19,2024-12-27
전라북도,부안군,늘봄농장,닭,육계,65000.0,전북특별자치도 부안군 상서면 부안로 2191,35.6981325413882,126.694168422896,2024-11-19,2024-12-27
전라북도,부안군,다산1농장,오리,,5500.0,전북특별자치도 부안군 진서면 청자로 736-50,35.5897895989372,126.589511647452,2024-11-19,2024-12-27
전라북도,부안군,다산2농장,오리,,5500.0,전북특별자치도 부안군 진서면 청자로 736-46,35.5902048626182,126.589470577501,2024-11-19,2024-12-27
전라북도,부안군,다산농장,닭,육계,90000.0,"전북특별자치도 부안군 보안면 부안로 1360-57 (631-2, 631-3, 632-16)",35.6255615014121,126.671527202638,2024-11-19,2024-12-27
전라북도,부안군,대동농장,닭,육계,126752.0,"전북특별자치도 부안군 줄포면 연중길 26, 28, 30",35.6017250100235,126.688125711464,2024-11-19,2024-12-27
전라북도,부안군,대명농장,오리,,24222.0,전북특별자치도 부안군 계화면 새포로 641,35.7749430247643,126.705392655823,2024-11-19,2024-12-27
전라북도,부안군,대명농장2,오리,,18468.0,전북특별자치도 부안군 계화면 새포로 651-13,35.7759565917208,126.705836834646,2024-11-19,2024-12-27
전라북도,부안군,더불어참,닭,육계,100000.0,"전북특별자치도 부안군 동진면 새포로 869-110, , 869-116",35.7879368138073,126.731333703906,2024-11-19,2024-12-27
전라북도,부안군,도담농장,닭,육계,135233.0,"전북특별자치도 부안군 동진면 새포로 869-101, 869-103",35.7871755175437,126.7299657763,2024-11-19,2024-12-27
전라북도,부안군,도담농장,오리,,24000.0,전북특별자치도 부안군 줄포면 신정로 57-79,35.580398504026,126.699487073822,2024-11-19,2024-12-27
전라북도,부안군,동산농장,닭,육계,65000.0,전북특별자치도 부안군 행안면 부안로 2255-15,35.7027249168397,126.698211491541,2024-11-19,2024-12-27
전라북도,부안군,동서농장,닭,육계,58000.0,전북특별자치도 부안군 백산면 동학로 15,35.6952006026439,126.800809574416,2024-11-19,2024-12-27
전라북도,부안군,동송농장,오리,,12000.0,전북특별자치도 부안군 줄포면 각동2길 122,35.602960924514,126.682183306667,2024-11-19,2024-12-27
전라북도,부안군,동암농장,닭,육계,94240.0,"전북특별자치도 부안군 계화면 간재로 655-121, 655-127",35.7609478818203,126.670270663187,2024-11-19,2024-12-27
전라북도,부안군,동촌 농장,닭,육계,1000.0,전북특별자치도 부안군 하서면 청호리 657번지 1호,35.7203472318358,126.641928540376,2024-11-19,2024-12-27
전라북도,부안군,드림농장,닭,육계,75000.0,전북특별자치도 부안군 주산면 주산북로 240-19,35.684686736966,126.703598388079,2024-11-19,2024-12-27
전라북도,부안군,마루농장,닭,육계,60000.0,전북특별자치도 부안군 동진면 새포로 869-79,35.7851738817553,126.729916135573,2024-11-19,2024-12-27
전라북도,부안군,마리농장,오리,,18000.0,전북특별자치도 부안군 계화면 의복리 1721번지 외 1필(1721-1),35.7500907737803,126.655473188606,2024-11-19,2024-12-27
전라북도,부안군,만해농장,닭,육계,25000.0,전북특별자치도 부안군 보안면 사창길 67,35.6386758346727,126.662888160625,2024-11-19,2024-12-27
전라북도,부안군,명진농장,오리,,30000.0,"전북특별자치도 부안군 줄포면 원장동길 133-40, 133-43",35.5981439658938,126.691541858922,2024-11-19,2024-12-27
전라북도,부안군,모리아팜,오리,,29500.0,전북특별자치도 부안군 줄포면 원장동길 150-38,35.5914476674554,126.691795846857,2024-11-19,2024-12-27
전라북도,부안군,미소농장,닭,육계,70000.0,전북특별자치도 부안군 보안면 상림로 43-25,35.6307338138643,126.698525585949,2024-11-19,2024-12-27
전라북도,부안군,미운오리농장,오리,,20000.0,전북특별자치도 부안군 줄포면 난산리 706번지 39호 외 1필(706-40),35.5930980422935,126.706573412298,2024-11-19,2024-12-27
전라북도,부안군,반석농장,오리,,10093.0,"전북특별자치도 부안군 줄포면 우포리 8번지 10호 외 3필지(52-10, 53-3, 54)",35.5780220374525,126.679904592697,2024-11-19,2024-12-27
전라북도,부안군,백산농장,닭,,64000.0,전북특별자치도 부안군 백산면 하청로 169,35.6805583032315,126.802871244351,2024-11-19,2024-12-27
전라북도,부안군,별이,닭,,22000.0,전북특별자치도 부안군 상서면 부안로 1727,35.6628230118167,126.671714595868,2024-11-19,2024-12-27
전라북도,부안군,보경농장,닭,,28500.0,전북특별자치도 부안군 보안면 보안로 527-8,35.6289623703497,126.716276878781,2024-11-19,2024-12-27
전라북도,부안군,봉황타조농장,타조,,39.0,전북특별자치도 부안군 줄포면 파산길 43,35.6079196616781,126.715135737905,2024-11-19,2024-12-27
전라북도,부안군,부광농장,오리,,17000.0,"전북특별자치도 부안군 백산면 하청로 42-51 (611-1,2,3)",35.6866747660794,126.801020012441,2024-11-19,2024-12-27
전라북도,부안군,부안 기러기 농장,기러기,,1500.0,전북특별자치도 부안군 행안면 변산로 264,35.7308750989994,126.692806637725,2024-11-19,2024-12-27
전라북도,부안군,부안 기러기 농장2,기러기,,1000.0,전북특별자치도 부안군 부안읍 내요리 55번지,35.6901414110209,126.74750564539,2024-11-19,2024-12-27
전라북도,부안군,부안농장,닭,육계,65000.0,전북특별자치도 부안군 보안면 보안남로 104-51,35.620517505753,126.676609526193,2024-11-19,2024-12-27
전라북도,부안군,뽕이랑 귀농이랑,닭,육계,1000.0,전북특별자치도 부안군 하서면 장신1길 47,35.7301284495307,126.610176197416,2024-11-19,2024-12-27
전라북도,부안군,산돌농원(제1농장),닭,육계,67000.0,전북특별자치도 부안군 주산면 종유로 271-32,35.6637137196479,126.688952138582,2024-11-19,2024-12-27
전라북도,부안군,산돌농원(제2농장),닭,육계,67000.0,전북특별자치도 부안군 주산면 종유로 271-32 (609-20),35.6637137196479,126.688952138582,2024-11-19,2024-12-27
전라북도,부안군,산지농장,닭,육계,75000.0,전북특별자치도 부안군 보안면 유관길 244-32,35.6416744128282,126.691723444523,2024-11-19,2024-12-27
전라북도,부안군,상우농장,닭,육계,80000.0,전북특별자치도 부안군 백산면 대죽리 869번지 8호 외 1필(869-13),35.6845174226032,126.785209037575,2024-11-19,2024-12-27
전라북도,부안군,상운농장,닭,육계,60000.0,전북특별자치도 부안군 보안면 종유로 140-76,35.6488341318778,126.683220656071,2024-11-19,2024-12-27
전라북도,부안군,새한농장,메추리,,140000.0,전북특별자치도 부안군 백산면 백산서로 18,35.6807162597852,126.786618824083,2024-11-19,2024-12-27
전라북도,부안군,서원농장,닭,,29000.0,전북특별자치도 부안군 보안면 상림로 135,35.6263121780124,126.708367158628,2024-11-19,2024-12-27
전라북도,부안군,석불산토종닭 농장,닭,육계,25000.0,전북특별자치도 부안군 하서면 언독리 1077번지 13호,35.7222909174532,126.676795351001,2024-11-19,2024-12-27
전라북도,부안군,선들농장,닭,육계,88000.0,전북특별자치도 부안군 보안면 보안로 68-40,35.6296884270644,126.670845522742,2024-11-19,2024-12-27
전라북도,부안군,성룡농장,닭,,6600.0,전북특별자치도 부안군 보안면 유관길 280,35.640983174915,126.69596145071,2024-11-19,2024-12-27
전라북도,부안군,성실농장,오리,,19512.0,전북특별자치도 부안군 줄포면 신리로 160-12,35.5856503797678,126.699468996652,2024-11-19,2024-12-27
전라북도,부안군,성일농장,닭,육계,0.0,전북특별자치도 부안군 행안면 새포로 99-31,35.7363861398354,126.679115941862,2024-11-19,2024-12-27
전라북도,부안군,성하농장,닭,육계,76000.0,전북특별자치도 부안군 줄포면 파산신성길 125-45,35.5972662279294,126.70263336074,2024-11-19,2024-12-27
전라북도,부안군,소금애피농장,오리,,8000.0,전북특별자치도 부안군 줄포면 장동리 200번지 외 7필지,35.5987842987669,126.689913245787,2024-11-19,2024-12-27
전라북도,부안군,소담농장,닭,육계,60000.0,전북특별자치도 부안군 동진면 새포로 869-81,35.7855616239556,126.729924557574,2024-11-19,2024-12-27
전라북도,부안군,소망농장,오리,,20231.0,전북특별자치도 부안군 주산면 사산길 97-109,35.6719117031503,126.690049609024,2024-11-19,2024-12-27
전라북도,부안군,소망농장,오리,,15000.0,전북특별자치도 부안군 동진면 동전길 51-42 (1735),35.7660275597667,126.745860526373,2024-11-19,2024-12-27
전라북도,부안군,승리농장,오리,,10000.0,전북특별자치도 부안군 줄포면 화전길 57,35.5918473119642,126.700233908088,2024-11-19,2024-12-27
전라북도,부안군,신금섭농장,오리,,10000.0,전북특별자치도 부안군 줄포면 우포리 54번지,35.5754520784874,126.69169109887,2024-11-19,2024-12-27
전라북도,부안군,신성농장,닭,육계,95000.0,전북특별자치도 부안군 줄포면 파산신성길 126-6,35.6014382806505,126.705783608228,2024-11-19,2024-12-27
전라북도,부안군,신원농장,닭,육계,90000.0,전북특별자치도 부안군 백산면 외하안길 42-54,35.6811298051015,126.743838507768,2024-11-19,2024-12-27
전라북도,부안군,신정농장,오리,,14819.0,전북특별자치도 부안군 주산면 사산길 97-133,35.6747091716187,126.689975611685,2024-11-19,2024-12-27
전라북도,부안군,신지농장,오리,,40000.0,전북특별자치도 부안군 하서면 언독리 386번지 4호,35.7222909174532,126.676795351001,2024-11-19,2024-12-27
전라북도,부안군,신흥농장,닭,,22000.0,전북특별자치도 부안군 부안읍 선돌로 125-40,35.6866539355757,126.728864926922,2024-11-19,2024-12-27
전라북도,부안군,아낙네오리농장,오리,,22000.0,전북특별자치도 부안군 주산면 사산길 97-131,35.6738989813905,126.690629330314,2024-11-19,2024-12-27
전라북도,부안군,아람농장,닭,육계,40000.0,전북특별자치도 부안군 동진면 새포로 869-73,35.784760175404,126.729904261982,2024-11-19,2024-12-27
전라북도,부안군,에덴농장,닭,육계,60000.0,전북특별자치도 부안군 행안면 부안로 2255-5,35.7020689907859,126.698184129789,2024-11-19,2024-12-27
전라북도,부안군,여월지향농장,오리,,20000.0,전북특별자치도 부안군 상서면 용서리 723번지 6호 외 1필(723-5),35.7036636333249,126.688602672871,2024-11-19,2024-12-27
전라북도,부안군,연정농장,닭,육계,70000.0,전북특별자치도 부안군 줄포면 반월제길 29,35.5967872291218,126.701263483058,2024-11-19,2024-12-27
전라북도,부안군,연중농장,오리,,10000.0,전북특별자치도 부안군 줄포면 연중길 97,35.6078106846767,126.689903804373,2024-11-19,2024-12-27
전라북도,부안군,예근농장,닭,육계,89981.0,전북특별자치도 부안군 줄포면 감역길 26-70,35.570225817967,126.68699698837,2024-11-19,2024-12-27
전라북도,부안군,예동농장,닭,육계,70000.0,"전북특별자치도 부안군 주산면 예동길 45, 55-10",35.6816915787512,126.714398529587,2024-11-19,2024-12-27
전라북도,부안군,예솔농장,닭,육계,80000.0,전북특별자치도 부안군 부안읍 외하안길 42-51,35.6818043855505,126.744887113566,2024-11-19,2024-12-27
전라북도,부안군,예은농장,닭,육계,112800.0,전북특별자치도 부안군 줄포면 주을로 397-103,35.6119325930125,126.706216027959,2024-11-19,2024-12-27
전라북도,부안군,오리농장,오리,,20000.0,전북특별자치도 부안군 줄포면 난산남월길 46-46,35.5807724114109,126.710819887914,2024-11-19,2024-12-27
전라북도,부안군,오리와사람들,오리,,50000.0,"전북특별자치도 부안군 계화면 양산리 2459번지 1호 외 3필지 2459-2, 2458-3, -4",35.7786703291592,126.715211199346,2024-11-19,2024-12-27
전라북도,부안군,우슬재 황토촌,닭,육계,30000.0,전북특별자치도 부안군 상서면 용와2길 23,35.6909575837666,126.64112230521,2024-11-19,2024-12-27
전라북도,부안군,욱이농장,오리,,0.0,전북특별자치도 부안군 계화면 창북리 4455-13,35.7918599572157,126.698649948889,2024-11-19,2024-12-27
전라북도,부안군,원농장,닭,육계,65000.0,전북특별자치도 부안군 상서면 부안로 2189,35.6980013532005,126.693368319342,2024-11-19,2024-12-27
전라북도,부안군,유림농장,닭,육계,60000.0,전북특별자치도 부안군 동진면 새포로 895-167,35.7912368608885,126.732620922503,2024-11-19,2024-12-27
전라북도,부안군,유병채농장,오리,,17000.0,전북특별자치도 부안군 계화면 양산리 2563번지 7호 외 1필,35.7786703291592,126.715211199346,2024-11-19,2024-12-27
전라북도,부안군,유정농장,닭,육계,90000.0,전북특별자치도 부안군 상서면 감교리 803번지,35.6588770269032,126.663582399426,2024-11-19,2024-12-27
전라북도,부안군,유정농장,닭,육계,60000.0,전북특별자치도 부안군 동진면 새포로 895-165,35.790861456052,126.732607799715,2024-11-19,2024-12-27
전라북도,부안군,유진농장,닭,육계,80000.0,전북특별자치도 부안군 백산면 외하안길 42-56,35.681772178606,126.74296553325,2024-11-19,2024-12-27
전라북도,부안군,은성농장,닭,육계,65000.0,전북특별자치도 부안군 주산면 종유로 401,35.6703973606976,126.703757697883,2024-11-19,2024-12-27
전라북도,부안군,이기석농장,닭,육계,60000.0,전북특별자치도 부안군 행안면 주산북로 63,35.6968215521453,126.701422406202,2024-11-19,2024-12-27
전라북도,부안군,이삭농장,닭,육계,50000.0,전북특별자치도 부안군 부안읍 외하안길 42-52,35.6822637867552,126.744556236745,2024-11-19,2024-12-27
전라북도,부안군,이현우농장,닭,육계,25000.0,전북특별자치도 부안군 행안면 봉야로 398,35.7117456046922,126.704466066242,2024-11-19,2024-12-27
전라북도,부안군,일월성농장,오리,,17000.0,전북특별자치도 부안군 줄포면 파산월평길 32-30 (외 2필지),35.6029014362067,126.708305458116,2024-11-19,2024-12-27
전라북도,부안군,자연농장,오리,,18000.0,전북특별자치도 부안군 계화면 의복리 1719번지 외 1필지 (1720),35.7509136530782,126.655324031806,2024-11-19,2024-12-27
전라북도,부안군,장수농장,닭,육계,45000.0,전북특별자치도 부안군 줄포면 점촌길 78,35.5798102820263,126.684103125554,2024-11-19,2024-12-27
전라북도,부안군,정상농장,오리,,10000.0,전북특별자치도 부안군 줄포면 신리로 299-13,35.5895623493488,126.705273488526,2024-11-19,2024-12-27
전라북도,부안군,정숙농장,오리,,10000.0,전북특별자치도 부안군 줄포면 파산신성길 125-15,35.6000642217548,126.704256587027,2024-11-19,2024-12-27
전라북도,부안군,정인농장,오리,,56000.0,전북특별자치도 부안군 줄포면 신정로 57-42 (외 6필지),35.5783337136399,126.701875260504,2024-11-19,2024-12-27
전라북도,부안군,제일농장,오리,육용오리,22862.0,전북특별자치도 부안군 줄포면 관동길 58-50,35.6014447898119,126.715399483595,2024-11-19,2024-12-27
전라북도,부안군,종계백산,닭,종계/산란계,60000.0,전북특별자치도 부안군 백산면 하청로 169 (외 6필지),35.6805583032315,126.802871244351,2024-11-19,2024-12-27
전라북도,부안군,줄포농장,오리,,10000.0,전북특별자치도 부안군 줄포면 우포리 46번지,35.5780220374525,126.679904592697,2024-11-19,2024-12-27
전라북도,부안군,줄포대성농장,닭,육계,80000.0,전북특별자치도 부안군 줄포면 덕성길 105-3,35.5836950507257,126.693678470034,2024-11-19,2024-12-27
전라북도,부안군,증산농장,닭,,31000.0,"전북특별자치도 부안군 동진면 증산길 78, 증산농장",35.7643339924075,126.727182155722,2024-11-19,2024-12-27
전라북도,부안군,지영농장(2농장),닭,육계,90000.0,전북특별자치도 부안군 동진면 고마제로 328-17 (1442),35.7542281030454,126.772858492326,2024-11-19,2024-12-27
전라북도,부안군,진서1농장,오리,,10800.0,"전북특별자치도 부안군 진서면 소운호길 29, 진서종계장 1~8동",35.5898860441561,126.557891150887,2024-11-19,2024-12-27
전라북도,부안군,진서2농장,오리,,7800.0,"전북특별자치도 부안군 진서면 소운호길 29, 진서종계장 9~11동",35.5898860441561,126.557891150887,2024-11-19,2024-12-27
전라북도,부안군,진성농장,오리,육용오리,25000.0,"전북특별자치도 부안군 주산면 홍해송천길 98, 8-13동",35.696470052927,126.716825839258,2024-11-19,2024-12-27
전라북도,부안군,참 더불어,닭,육계,55986.0,전북특별자치도 부안군 동진면 새포로 869-104,35.7875322825987,126.731354090786,2024-11-19,2024-12-27
전라북도,부안군,창북농장,닭,육계,62671.0,전북특별자치도 부안군 계화면 간재로 564-261,35.7923143713596,126.6793112709,2024-11-19,2024-12-27
전라북도,부안군,창북농장,닭,육계,62863.0,전북특별자치도 부안군 계화면 간재로 564-263,35.7927304120231,126.679250749412,2024-11-19,2024-12-27
전라북도,부안군,창북농장,오리,,16000.0,전북특별자치도 부안군 계화면 새포로 499-74 (4515-7),35.7770955111047,126.68952113023,2024-11-19,2024-12-27
전라북도,부안군,천금오리농장,오리,,27000.0,전북특별자치도 부안군 줄포면 파산길 93,35.6106693809538,126.719118810299,2024-11-19,2024-12-27
전라북도,부안군,천애농장,오리,,10000.0,전북특별자치도 부안군 계화면 양산리 2458번지 3호,35.7786703291592,126.715211199346,2024-11-19,2024-12-27
전라북도,부안군,천우농장,오리,,34079.0,"전북특별자치도 부안군 계화면 궁안리 1064번지 1065,1065-1",35.7488647071802,126.673810534076,2024-11-19,2024-12-27
전라북도,부안군,청호농장,오리,,30000.0,전북특별자치도 부안군 계화면 의복리 1732번지 외 1필지(1731-2),35.7507822609947,126.657727440981,2024-11-19,2024-12-27
전라북도,부안군,청호축산,닭,육계,80000.0,전북특별자치도 부안군 행안면 새포로 59-22,35.7330468054765,126.678728639653,2024-11-19,2024-12-27
전라북도,부안군,탑농장,닭,육계,80000.0,전북특별자치도 부안군 계화면 간재로 709-160,35.7596158569797,126.662391666272,2024-11-19,2024-12-27
전라북도,부안군,태복농장,오리,,10000.0,전북특별자치도 부안군 보안면 하입석리 475번지 1호,35.6277432103051,126.695638791853,2024-11-19,2024-12-27
전라북도,부안군,태양농장,오리,,40000.0,"전북특별자치도 부안군 줄포면 우포리 593번지 3호 외5필지(593-4,5,6,7,8)",35.5781486434518,126.691967718767,2024-11-19,2024-12-27
전라북도,부안군,팜렛잇고,닭,육계,100000.0,전북특별자치도 부안군 부안읍 순환남로 306-7,35.697578187442,126.737965478306,2024-11-19,2024-12-27
전라북도,부안군,평교 종계장,닭,,14000.0,전북특별자치도 부안군 부안읍 밖여술길 63-7,35.6900738042514,126.719103862791,2024-11-19,2024-12-27
전라북도,부안군,평화농장,닭,육계,58000.0,전북특별자치도 부안군 보안면 만회길 69-20,35.6332960015279,126.662508233082,2024-11-19,2024-12-27
전라북도,부안군,푸른농장,오리,,8000.0,전북특별자치도 부안군 백산면 하청로 112,35.6844119241564,126.80211365742,2024-11-19,2024-12-27
전라북도,부안군,한울농장,닭,육계,98000.0,전북특별자치도 부안군 동진면 새포로 869-97,35.7866262952449,126.72996896138,2024-11-19,2024-12-27
전라북도,부안군,해금농장,닭,육계,100000.0,"전북특별자치도 부안군 상서면 부안로 2213-46, 2213-48",35.7026467969736,126.69259242282,2024-11-19,2024-12-27
전라북도,부안군,해드림농장,닭,육계,80000.0,전북특별자치도 부안군 계화면 새포로 861-120,35.7897189442951,126.728792938218,2024-11-19,2024-12-27
전라북도,부안군,해바라기농장,오리,,19192.0,전북특별자치도 부안군 줄포면 점촌길 26,35.579559624805,126.688045403812,2024-11-19,2024-12-27
전라북도,부안군,해오름농장,닭,육계,108000.0,전북특별자치도 부안군 계화면 새포로 595-269,35.7973705977922,126.696453336964,2024-11-19,2024-12-27
전라북도,부안군,해와달농장,오리,,17056.0,전북특별자치도 부안군 줄포면 대연길 3-14,35.6027260516794,126.697954286955,2024-11-19,2024-12-27
전라북도,부안군,해피덕농장,오리,,10000.0,전북특별자치도 부안군 줄포면 장산로 172-14,35.5904055233019,126.704543691334,2024-11-19,2024-12-27
전라북도,부안군,해피마실농장,오리,,13000.0,전북특별자치도 부안군 동진면 동전리 2588번지 1호 외 1필지(2589),35.7600195667781,126.773339177442,2024-11-19,2024-12-27
전라북도,부안군,햇빛농장,닭,육계,46500.0,전북특별자치도 부안군 줄포면 파산신성길 93-32,35.5981488558542,126.704426291978,2024-11-19,2024-12-27
전라북도,부안군,햇살농장,닭,육계,60000.0,전북특별자치도 부안군 계화면 간재로 623-92,35.7629900787027,126.673483067224,2024-11-19,2024-12-27
전라북도,부안군,행복농장,닭,육계,80000.0,전북특별자치도 부안군 백산면 백산로 17-100 (862-16),35.6837347940194,126.77773454331,2024-11-19,2024-12-27
전라북도,부안군,행복농장,오리,,0.0,전북특별자치도 부안군 동진면 동전길 51-32,35.765010947301,126.746081385289,2024-11-19,2024-12-27
전라북도,부안군,행안농장,닭,육계,85000.0,전북특별자치도 부안군 행안면 새포로 67-21,35.7346580565769,126.679491635134,2024-11-19,2024-12-27
전라북도,부안군,현덕농장,닭,육계,20000.0,"전북특별자치도 부안군 계화면 간재로 655-101, 외 1필지",35.7626187159215,126.671053076906,2024-11-19,2024-12-27
전라북도,부안군,후다닭농장,닭,육계,50000.0,전북특별자치도 부안군 계화면 간재로 677-193,35.7552356830775,126.665804057915,2024-11-19,2024-12-27
전라북도,부안군,SG팜,닭,육계,70000.0,전북특별자치도 부안군 동진면 고마제로 328-7,35.7542315186516,126.771521063372,2024-11-19,2025-01-10
전라북도,부안군,가농보안농장,닭,,110000.0,전북특별자치도 부안군 보안면 선돌로 807,35.6400611813492,126.703599419717,2024-11-19,2025-01-10
전라북도,부안군,가온농장,닭,육계,130000.0,전북특별자치도 부안군 행안면 새포로 99-23,35.7363336780803,126.679383443,2024-11-19,2025-01-10
전라북도,부안군,갑도농장,닭,,51900.0,전북특별자치도 부안군 진서면 청자로 1160-38,35.6013134122242,126.624024398533,2024-11-19,2025-01-10
전라북도,부안군,강산자연농장,닭,육계,70000.0,전북특별자치도 부안군 동진면 새포로 895-110 (1855-6),35.7862940495226,126.73387234293,2024-11-19,2025-01-10
전라북도,부안군,계상농장,오리,,14000.0,전북특별자치도 부안군 행안면 봉야로 258,35.7121587975387,126.688614829163,2024-11-19,2025-01-10
전라북도,부안군,골든,닭,,20000.0,전북특별자치도 부안군 진서면 진서리 63번지 4호,35.6020928101741,126.623205105007,2024-11-19,2025-01-10
전라북도,부안군,금복주농장,오리,육용오리,20000.0,"전북특별자치도 부안군 주산면 홍해송천길 98, 1-7동",35.696470052927,126.716825839258,2024-11-19,2025-01-10
전라북도,부안군,금산농장,닭,육계,120000.0,전북특별자치도 부안군 계화면 새포로 595-247,35.7950164949032,126.69655621009,2024-11-19,2025-01-10
전라북도,부안군,금순이농장,오리,,6000.0,"전북특별자치도 부안군 줄포면 줄포리 864번지 외 3필지(863, 865, 866)",35.5950910000498,126.669993654389,2024-11-19,2025-01-10
전라북도,부안군,금판오리 농장,오리,,62000.0,"전북특별자치도 부안군 백산면 금판리 817번지 1호 외 3필지(817-3, 4, 802-11)",35.7374005727872,126.793402111824,2024-11-19,2025-01-10
전라북도,부안군,김명수농장,닭,육계,100000.0,전북특별자치도 부안군 줄포면 파산신성길 125-19,35.5993996443284,126.703940000022,2024-11-19,2025-01-10
전라북도,부안군,김산농장,닭,육계,140000.0,"전북특별자치도 부안군 주산면 만석로 234-31 (773-2,  773-3)",35.6790708614371,126.693265563538,2024-11-19,2025-01-10
전라북도,부안군,김을식양계장,닭,육계,35000.0,전북특별자치도 부안군 줄포면 장동리 산 138번지 1호 외 2필지,35.594300392841774,126.6833664708741,2024-11-19,2025-01-10
전라북도,부안군,김종열농장,닭,육계,5000.0,전북특별자치도 부안군 동진면 증산길 54-10,35.7642416862076,126.724328822966,2024-11-19,2025-01-10
전라북도,부안군,김철수농장,오리,,33800.0,"전북특별자치도 부안군 동진면 동전리 1430번지 외 3필지(1431, 1432, 1432-1)",35.75509483988,126.773377247993,2024-11-19,2025-01-10
전라북도,부안군,나래1농장,닭,육계,64000.0,전북특별자치도 부안군 계화면 새포로 683-207,35.7945783998635,126.70650761657,2024-11-19,2025-01-10
전라북도,부안군,나래농장2,닭,육계,62000.0,전북특별자치도 부안군 계화면 새포로 683-193,35.7932065594843,126.706716535416,2024-11-19,2025-01-10
전라북도,부안군,나봄1농장,닭,육계,74000.0,전북특별자치도 부안군 계화면 새포로 683-217,35.7955087962295,126.706370118724,2024-11-19,2025-01-10
전라북도,부안군,나봄2농장,닭,육계,64000.0,전북특별자치도 부안군 계화면 새포로 683-197,35.7936505358654,126.706648862954,2024-11-19,2025-01-10
전라북도,부안군,남포농장,닭,육계,75000.0,전북특별자치도 부안군 보안면 남포원천길 42-8,35.6314878105435,126.663849545228,2024-11-19,2025-01-10
전라북도,부안군,농업회사법인 유한회사 월광,닭,,23000.0,전북특별자치도 부안군 보안면 유관길 256-1,35.6425313251297,126.695005042737,2024-11-19,2025-01-10
전라북도,부안군,농업회사법인 한스팜(주) 부안지점,닭,종계/산란계,151678.0,전북특별자치도 부안군 주산면 주산북로 387,35.6767151611652,126.713863299356,2024-11-19,2025-01-10
전라북도,부안군,농업회사법인가농유한회사 계화농장,닭,육계,504000.0,전북특별자치도 부안군 계화면 간재로 564-274,35.7926459095973,126.680720343657,2024-11-19,2025-01-10
전라북도,부안군,누리농장,닭,육계,50000.0,전북특별자치도 부안군 계화면 양산리 2457번지 5호,35.7786703291592,126.715211199346,2024-11-19,2025-01-10
전라북도,부안군,누리농장,닭,육계,50000.0,전북특별자치도 부안군 계화면 양산리 2457번지 4호,35.7786703291592,126.715211199346,2024-11-19,2025-01-10
전라북도,부안군,늘봄농장,닭,육계,65000.0,전북특별자치도 부안군 상서면 부안로 2191,35.6981325413882,126.694168422896,2024-11-19,2025-01-10
전라북도,부안군,다산1농장,오리,,5500.0,전북특별자치도 부안군 진서면 청자로 736-50,35.5897895989372,126.589511647452,2024-11-19,2025-01-10
전라북도,부안군,다산2농장,오리,,5500.0,전북특별자치도 부안군 진서면 청자로 736-46,35.5902048626182,126.589470577501,2024-11-19,2025-01-10
전라북도,부안군,다산농장,닭,육계,90000.0,"전북특별자치도 부안군 보안면 부안로 1360-57 (631-2, 631-3, 632-16)",35.6255615014121,126.671527202638,2024-11-19,2025-01-10
전라북도,부안군,대동농장,닭,육계,126752.0,"전북특별자치도 부안군 줄포면 연중길 26, 28, 30",35.6017250100235,126.688125711464,2024-11-19,2025-01-10
전라북도,부안군,대명농장,오리,,24222.0,전북특별자치도 부안군 계화면 새포로 641,35.7749430247643,126.705392655823,2024-11-19,2025-01-10
전라북도,부안군,대명농장2,오리,,18468.0,전북특별자치도 부안군 계화면 새포로 651-13,35.7759565917208,126.705836834646,2024-11-19,2025-01-10
전라북도,부안군,더불어참,닭,육계,100000.0,"전북특별자치도 부안군 동진면 새포로 869-110, , 869-116",35.7879368138073,126.731333703906,2024-11-19,2025-01-10
전라북도,부안군,도담농장,닭,육계,135233.0,"전북특별자치도 부안군 동진면 새포로 869-101, 869-103",35.7871755175437,126.7299657763,2024-11-19,2025-01-10
전라북도,부안군,도담농장,오리,,24000.0,전북특별자치도 부안군 줄포면 신정로 57-79,35.580398504026,126.699487073822,2024-11-19,2025-01-10
전라북도,부안군,동산농장,닭,육계,65000.0,전북특별자치도 부안군 행안면 부안로 2255-15,35.7027249168397,126.698211491541,2024-11-19,2025-01-10
전라북도,부안군,동서농장,닭,육계,58000.0,전북특별자치도 부안군 백산면 동학로 15,35.6952006026439,126.800809574416,2024-11-19,2025-01-10
전라북도,부안군,동송농장,오리,,12000.0,전북특별자치도 부안군 줄포면 각동2길 122,35.602960924514,126.682183306667,2024-11-19,2025-01-10
전라북도,부안군,동암농장,닭,육계,94240.0,"전북특별자치도 부안군 계화면 간재로 655-121, 655-127",35.7609478818203,126.670270663187,2024-11-19,2025-01-10
전라북도,부안군,동촌 농장,닭,육계,1000.0,전북특별자치도 부안군 하서면 청호리 657번지 1호,35.7203472318358,126.641928540376,2024-11-19,2025-01-10
전라북도,부안군,드림농장,닭,육계,75000.0,전북특별자치도 부안군 주산면 주산북로 240-19,35.684686736966,126.703598388079,2024-11-19,2025-01-10
전라북도,부안군,마루농장,닭,육계,60000.0,전북특별자치도 부안군 동진면 새포로 869-79,35.7851738817553,126.729916135573,2024-11-19,2025-01-10
전라북도,부안군,마리농장,오리,,18000.0,전북특별자치도 부안군 계화면 의복리 1721번지 외 1필(1721-1),35.7500907737803,126.655473188606,2024-11-19,2025-01-10
전라북도,부안군,만해농장,닭,육계,25000.0,전북특별자치도 부안군 보안면 사창길 67,35.6386758346727,126.662888160625,2024-11-19,2025-01-10
전라북도,부안군,명진농장,오리,,30000.0,"전북특별자치도 부안군 줄포면 원장동길 133-40, 133-43",35.5981439658938,126.691541858922,2024-11-19,2025-01-10
전라북도,부안군,모리아팜,오리,,29500.0,전북특별자치도 부안군 줄포면 원장동길 150-38,35.5914476674554,126.691795846857,2024-11-19,2025-01-10
전라북도,부안군,미소농장,닭,육계,70000.0,전북특별자치도 부안군 보안면 상림로 43-25,35.6307338138643,126.698525585949,2024-11-19,2025-01-10
전라북도,부안군,미운오리농장,오리,,20000.0,전북특별자치도 부안군 줄포면 난산리 706번지 39호 외 1필(706-40),35.5930980422935,126.706573412298,2024-11-19,2025-01-10
전라북도,부안군,반석농장,오리,,10093.0,"전북특별자치도 부안군 줄포면 우포리 8번지 10호 외 3필지(52-10, 53-3, 54)",35.5780220374525,126.679904592697,2024-11-19,2025-01-10
전라북도,부안군,백산농장,닭,,64000.0,전북특별자치도 부안군 백산면 하청로 169,35.6805583032315,126.802871244351,2024-11-19,2025-01-10
전라북도,부안군,별이,닭,,22000.0,전북특별자치도 부안군 상서면 부안로 1727,35.6628230118167,126.671714595868,2024-11-19,2025-01-10
전라북도,부안군,보경농장,닭,,28500.0,전북특별자치도 부안군 보안면 보안로 527-8,35.6289623703497,126.716276878781,2024-11-19,2025-01-10
전라북도,부안군,봉황타조농장,타조,,39.0,전북특별자치도 부안군 줄포면 파산길 43,35.6079196616781,126.715135737905,2024-11-19,2025-01-10
전라북도,부안군,부광농장,오리,,17000.0,"전북특별자치도 부안군 백산면 하청로 42-51 (611-1,2,3)",35.6866747660794,126.801020012441,2024-11-19,2025-01-10
전라북도,부안군,부안 기러기 농장,기러기,,1500.0,전북특별자치도 부안군 행안면 변산로 264,35.7308750989994,126.692806637725,2024-11-19,2025-01-10
전라북도,부안군,부안 기러기 농장2,기러기,,1000.0,전북특별자치도 부안군 부안읍 내요리 55번지,35.6901414110209,126.74750564539,2024-11-19,2025-01-10
전라북도,부안군,부안농장,닭,육계,65000.0,전북특별자치도 부안군 보안면 보안남로 104-51,35.620517505753,126.676609526193,2024-11-19,2025-01-10
전라북도,부안군,뽕이랑 귀농이랑,닭,육계,1000.0,전북특별자치도 부안군 하서면 장신1길 47,35.7301284495307,126.610176197416,2024-11-19,2025-01-10
전라북도,부안군,산돌농원(제1농장),닭,육계,67000.0,전북특별자치도 부안군 주산면 종유로 271-32,35.6637137196479,126.688952138582,2024-11-19,2025-01-10
전라북도,부안군,산돌농원(제2농장),닭,육계,67000.0,전북특별자치도 부안군 주산면 종유로 271-32 (609-20),35.6637137196479,126.688952138582,2024-11-19,2025-01-10
전라북도,부안군,산지농장,닭,육계,75000.0,전북특별자치도 부안군 보안면 유관길 244-32,35.6416744128282,126.691723444523,2024-11-19,2025-01-10
전라북도,부안군,상우농장,닭,육계,80000.0,전북특별자치도 부안군 백산면 대죽리 869번지 8호 외 1필(869-13),35.6845174226032,126.785209037575,2024-11-19,2025-01-10
전라북도,부안군,상운농장,닭,육계,60000.0,전북특별자치도 부안군 보안면 종유로 140-76,35.6488341318778,126.683220656071,2024-11-19,2025-01-10
전라북도,부안군,새한농장,메추리,,140000.0,전북특별자치도 부안군 백산면 백산서로 18,35.6807162597852,126.786618824083,2024-11-19,2025-01-10
전라북도,부안군,서원농장,닭,,29000.0,전북특별자치도 부안군 보안면 상림로 135,35.6263121780124,126.708367158628,2024-11-19,2025-01-10
전라북도,부안군,석불산토종닭 농장,닭,육계,25000.0,전북특별자치도 부안군 하서면 언독리 1077번지 13호,35.7222909174532,126.676795351001,2024-11-19,2025-01-10
전라북도,부안군,선들농장,닭,육계,88000.0,전북특별자치도 부안군 보안면 보안로 68-40,35.6296884270644,126.670845522742,2024-11-19,2025-01-10
전라북도,부안군,성룡농장,닭,,6600.0,전북특별자치도 부안군 보안면 유관길 280,35.640983174915,126.69596145071,2024-11-19,2025-01-10
전라북도,부안군,성실농장,오리,,19512.0,전북특별자치도 부안군 줄포면 신리로 160-12,35.5856503797678,126.699468996652,2024-11-19,2025-01-10
전라북도,부안군,성일농장,닭,육계,0.0,전북특별자치도 부안군 행안면 새포로 99-31,35.7363861398354,126.679115941862,2024-11-19,2025-01-10
전라북도,부안군,성하농장,닭,육계,76000.0,전북특별자치도 부안군 줄포면 파산신성길 125-45,35.5972662279294,126.70263336074,2024-11-19,2025-01-10
전라북도,부안군,소금애피농장,오리,,8000.0,전북특별자치도 부안군 줄포면 장동리 200번지 외 7필지,35.5987842987669,126.689913245787,2024-11-19,2025-01-10
전라북도,부안군,소담농장,닭,육계,60000.0,전북특별자치도 부안군 동진면 새포로 869-81,35.7855616239556,126.729924557574,2024-11-19,2025-01-10
전라북도,부안군,소망농장,오리,,20231.0,전북특별자치도 부안군 주산면 사산길 97-109,35.6719117031503,126.690049609024,2024-11-19,2025-01-10
전라북도,부안군,소망농장,오리,,15000.0,전북특별자치도 부안군 동진면 동전길 51-42 (1735),35.7660275597667,126.745860526373,2024-11-19,2025-01-10
전라북도,부안군,승리농장,오리,,10000.0,전북특별자치도 부안군 줄포면 화전길 57,35.5918473119642,126.700233908088,2024-11-19,2025-01-10
전라북도,부안군,신금섭농장,오리,,10000.0,전북특별자치도 부안군 줄포면 우포리 54번지,35.5754520784874,126.69169109887,2024-11-19,2025-01-10
전라북도,부안군,신성농장,닭,육계,95000.0,전북특별자치도 부안군 줄포면 파산신성길 126-6,35.6014382806505,126.705783608228,2024-11-19,2025-01-10
전라북도,부안군,신원농장,닭,육계,90000.0,전북특별자치도 부안군 백산면 외하안길 42-54,35.6811298051015,126.743838507768,2024-11-19,2025-01-10
전라북도,부안군,신정농장,오리,,14819.0,전북특별자치도 부안군 주산면 사산길 97-133,35.6747091716187,126.689975611685,2024-11-19,2025-01-10
전라북도,부안군,신지농장,오리,,40000.0,전북특별자치도 부안군 하서면 언독리 386번지 4호,35.7222909174532,126.676795351001,2024-11-19,2025-01-10
전라북도,부안군,신흥농장,닭,,22000.0,전북특별자치도 부안군 부안읍 선돌로 125-40,35.6866539355757,126.728864926922,2024-11-19,2025-01-10
전라북도,부안군,아낙네오리농장,오리,,22000.0,전북특별자치도 부안군 주산면 사산길 97-131,35.6738989813905,126.690629330314,2024-11-19,2025-01-10
전라북도,부안군,아람농장,닭,육계,40000.0,전북특별자치도 부안군 동진면 새포로 869-73,35.784760175404,126.729904261982,2024-11-19,2025-01-10
전라북도,부안군,에덴농장,닭,육계,60000.0,전북특별자치도 부안군 행안면 부안로 2255-5,35.7020689907859,126.698184129789,2024-11-19,2025-01-10
전라북도,부안군,여월지향농장,오리,,20000.0,전북특별자치도 부안군 상서면 용서리 723번지 6호 외 1필(723-5),35.7036636333249,126.688602672871,2024-11-19,2025-01-10
전라북도,부안군,연정농장,닭,육계,70000.0,전북특별자치도 부안군 줄포면 반월제길 29,35.5967872291218,126.701263483058,2024-11-19,2025-01-10
전라북도,부안군,연중농장,오리,,10000.0,전북특별자치도 부안군 줄포면 연중길 97,35.6078106846767,126.689903804373,2024-11-19,2025-01-10
전라북도,부안군,예근농장,닭,육계,89981.0,전북특별자치도 부안군 줄포면 감역길 26-70,35.570225817967,126.68699698837,2024-11-19,2025-01-10
전라북도,부안군,예동농장,닭,육계,70000.0,"전북특별자치도 부안군 주산면 예동길 45, 55-10",35.6816915787512,126.714398529587,2024-11-19,2025-01-10
전라북도,부안군,예솔농장,닭,육계,80000.0,전북특별자치도 부안군 부안읍 외하안길 42-51,35.6818043855505,126.744887113566,2024-11-19,2025-01-10
전라북도,부안군,예은농장,닭,육계,112800.0,전북특별자치도 부안군 줄포면 주을로 397-103,35.6119325930125,126.706216027959,2024-11-19,2025-01-10
전라북도,부안군,오리농장,오리,,20000.0,전북특별자치도 부안군 줄포면 난산남월길 46-46,35.5807724114109,126.710819887914,2024-11-19,2025-01-10
전라북도,부안군,오리와사람들,오리,,50000.0,"전북특별자치도 부안군 계화면 양산리 2459번지 1호 외 3필지 2459-2, 2458-3, -4",35.7786703291592,126.715211199346,2024-11-19,2025-01-10
전라북도,부안군,우슬재 황토촌,닭,육계,30000.0,전북특별자치도 부안군 상서면 용와2길 23,35.6909575837666,126.64112230521,2024-11-19,2025-01-10
전라북도,부안군,욱이농장,오리,,0.0,전북특별자치도 부안군 계화면 창북리 4455-13,35.7918599572157,126.698649948889,2024-11-19,2025-01-10
전라북도,부안군,원농장,닭,육계,65000.0,전북특별자치도 부안군 상서면 부안로 2189,35.6980013532005,126.693368319342,2024-11-19,2025-01-10
전라북도,부안군,유림농장,닭,육계,60000.0,전북특별자치도 부안군 동진면 새포로 895-167,35.7912368608885,126.732620922503,2024-11-19,2025-01-10
전라북도,부안군,유병채농장,오리,,17000.0,전북특별자치도 부안군 계화면 양산리 2563번지 7호 외 1필,35.7786703291592,126.715211199346,2024-11-19,2025-01-10
전라북도,부안군,유정농장,닭,육계,90000.0,전북특별자치도 부안군 상서면 감교리 803번지,35.6588770269032,126.663582399426,2024-11-19,2025-01-10
전라북도,부안군,유정농장,닭,육계,60000.0,전북특별자치도 부안군 동진면 새포로 895-165,35.790861456052,126.732607799715,2024-11-19,2025-01-10
전라북도,부안군,유진농장,닭,육계,80000.0,전북특별자치도 부안군 백산면 외하안길 42-56,35.681772178606,126.74296553325,2024-11-19,2025-01-10
전라북도,부안군,은성농장,닭,육계,65000.0,전북특별자치도 부안군 주산면 종유로 401,35.6703973606976,126.703757697883,2024-11-19,2025-01-10
전라북도,부안군,이기석농장,닭,육계,60000.0,전북특별자치도 부안군 행안면 주산북로 63,35.6968215521453,126.701422406202,2024-11-19,2025-01-10
전라북도,부안군,이삭농장,닭,육계,50000.0,전북특별자치도 부안군 부안읍 외하안길 42-52,35.6822637867552,126.744556236745,2024-11-19,2025-01-10
전라북도,부안군,이현우농장,닭,육계,25000.0,전북특별자치도 부안군 행안면 봉야로 398,35.7117456046922,126.704466066242,2024-11-19,2025-01-10
전라북도,부안군,일월성농장,오리,,17000.0,전북특별자치도 부안군 줄포면 파산월평길 32-30 (외 2필지),35.6029014362067,126.708305458116,2024-11-19,2025-01-10
전라북도,부안군,자연농장,오리,,18000.0,전북특별자치도 부안군 계화면 의복리 1719번지 외 1필지 (1720),35.7509136530782,126.655324031806,2024-11-19,2025-01-10
전라북도,부안군,장수농장,닭,육계,45000.0,전북특별자치도 부안군 줄포면 점촌길 78,35.5798102820263,126.684103125554,2024-11-19,2025-01-10
전라북도,부안군,정상농장,오리,,10000.0,전북특별자치도 부안군 줄포면 신리로 299-13,35.5895623493488,126.705273488526,2024-11-19,2025-01-10
전라북도,부안군,정숙농장,오리,,10000.0,전북특별자치도 부안군 줄포면 파산신성길 125-15,35.6000642217548,126.704256587027,2024-11-19,2025-01-10
전라북도,부안군,정인농장,오리,,56000.0,전북특별자치도 부안군 줄포면 신정로 57-42 (외 6필지),35.5783337136399,126.701875260504,2024-11-19,2025-01-10
전라북도,부안군,제일농장,오리,육용오리,22862.0,전북특별자치도 부안군 줄포면 관동길 58-50,35.6014447898119,126.715399483595,2024-11-19,2025-01-10
전라북도,부안군,종계백산,닭,종계/산란계,60000.0,전북특별자치도 부안군 백산면 하청로 169 (외 6필지),35.6805583032315,126.802871244351,2024-11-19,2025-01-10
전라북도,부안군,줄포농장,오리,,10000.0,전북특별자치도 부안군 줄포면 우포리 46번지,35.5780220374525,126.679904592697,2024-11-19,2025-01-10
전라북도,부안군,줄포대성농장,닭,육계,80000.0,전북특별자치도 부안군 줄포면 덕성길 105-3,35.5836950507257,126.693678470034,2024-11-19,2025-01-10
전라북도,부안군,증산농장,닭,,31000.0,"전북특별자치도 부안군 동진면 증산길 78, 증산농장",35.7643339924075,126.727182155722,2024-11-19,2025-01-10
전라북도,부안군,지영농장(2농장),닭,육계,90000.0,전북특별자치도 부안군 동진면 고마제로 328-17 (1442),35.7542281030454,126.772858492326,2024-11-19,2025-01-10
전라북도,부안군,진서1농장,오리,,10800.0,"전북특별자치도 부안군 진서면 소운호길 29, 진서종계장 1~8동",35.5898860441561,126.557891150887,2024-11-19,2025-01-10
전라북도,부안군,진서2농장,오리,,7800.0,"전북특별자치도 부안군 진서면 소운호길 29, 진서종계장 9~11동",35.5898860441561,126.557891150887,2024-11-19,2025-01-10
전라북도,부안군,진성농장,오리,육용오리,25000.0,"전북특별자치도 부안군 주산면 홍해송천길 98, 8-13동",35.696470052927,126.716825839258,2024-11-19,2025-01-10
전라북도,부안군,참 더불어,닭,육계,55986.0,전북특별자치도 부안군 동진면 새포로 869-104,35.7875322825987,126.731354090786,2024-11-19,2025-01-10
전라북도,부안군,창북농장,닭,육계,62671.0,전북특별자치도 부안군 계화면 간재로 564-261,35.7923143713596,126.6793112709,2024-11-19,2025-01-10
전라북도,부안군,창북농장,닭,육계,62863.0,전북특별자치도 부안군 계화면 간재로 564-263,35.7927304120231,126.679250749412,2024-11-19,2025-01-10
전라북도,부안군,창북농장,오리,,16000.0,전북특별자치도 부안군 계화면 새포로 499-74 (4515-7),35.7770955111047,126.68952113023,2024-11-19,2025-01-10
전라북도,부안군,천금오리농장,오리,,27000.0,전북특별자치도 부안군 줄포면 파산길 93,35.6106693809538,126.719118810299,2024-11-19,2025-01-10
전라북도,부안군,천애농장,오리,,10000.0,전북특별자치도 부안군 계화면 양산리 2458번지 3호,35.7786703291592,126.715211199346,2024-11-19,2025-01-10
전라북도,부안군,천우농장,오리,,34079.0,"전북특별자치도 부안군 계화면 궁안리 1064번지 1065,1065-1",35.7488647071802,126.673810534076,2024-11-19,2025-01-10
전라북도,부안군,청호농장,오리,,30000.0,전북특별자치도 부안군 계화면 의복리 1732번지 외 1필지(1731-2),35.7507822609947,126.657727440981,2024-11-19,2025-01-10
전라북도,부안군,청호축산,닭,육계,80000.0,전북특별자치도 부안군 행안면 새포로 59-22,35.7330468054765,126.678728639653,2024-11-19,2025-01-10
전라북도,부안군,탑농장,닭,육계,80000.0,전북특별자치도 부안군 계화면 간재로 709-160,35.7596158569797,126.662391666272,2024-11-19,2025-01-10
전라북도,부안군,태복농장,오리,,10000.0,전북특별자치도 부안군 보안면 하입석리 475번지 1호,35.6277432103051,126.695638791853,2024-11-19,2025-01-10
전라북도,부안군,태양농장,오리,,40000.0,"전북특별자치도 부안군 줄포면 우포리 593번지 3호 외5필지(593-4,5,6,7,8)",35.5781486434518,126.691967718767,2024-11-19,2025-01-10
전라북도,부안군,팜렛잇고,닭,육계,100000.0,전북특별자치도 부안군 부안읍 순환남로 306-7,35.697578187442,126.737965478306,2024-11-19,2025-01-10
전라북도,부안군,평교 종계장,닭,,14000.0,전북특별자치도 부안군 부안읍 밖여술길 63-7,35.6900738042514,126.719103862791,2024-11-19,2025-01-10
전라북도,부안군,평화농장,닭,육계,58000.0,전북특별자치도 부안군 보안면 만회길 69-20,35.6332960015279,126.662508233082,2024-11-19,2025-01-10
전라북도,부안군,푸른농장,오리,,8000.0,전북특별자치도 부안군 백산면 하청로 112,35.6844119241564,126.80211365742,2024-11-19,2025-01-10
전라북도,부안군,한울농장,닭,육계,98000.0,전북특별자치도 부안군 동진면 새포로 869-97,35.7866262952449,126.72996896138,2024-11-19,2025-01-10
전라북도,부안군,해금농장,닭,육계,100000.0,"전북특별자치도 부안군 상서면 부안로 2213-46, 2213-48",35.7026467969736,126.69259242282,2024-11-19,2025-01-10
전라북도,부안군,해드림농장,닭,육계,80000.0,전북특별자치도 부안군 계화면 새포로 861-120,35.7897189442951,126.728792938218,2024-11-19,2025-01-10
전라북도,부안군,해바라기농장,오리,,19192.0,전북특별자치도 부안군 줄포면 점촌길 26,35.579559624805,126.688045403812,2024-11-19,2025-01-10
전라북도,부안군,해오름농장,닭,육계,108000.0,전북특별자치도 부안군 계화면 새포로 595-269,35.7973705977922,126.696453336964,2024-11-19,2025-01-10
전라북도,부안군,해와달농장,오리,,17056.0,전북특별자치도 부안군 줄포면 대연길 3-14,35.6027260516794,126.697954286955,2024-11-19,2025-01-10
전라북도,부안군,해피덕농장,오리,,10000.0,전북특별자치도 부안군 줄포면 장산로 172-14,35.5904055233019,126.704543691334,2024-11-19,2025-01-10
전라북도,부안군,해피마실농장,오리,,13000.0,전북특별자치도 부안군 동진면 동전리 2588번지 1호 외 1필지(2589),35.7600195667781,126.773339177442,2024-11-19,2025-01-10
전라북도,부안군,햇빛농장,닭,육계,46500.0,전북특별자치도 부안군 줄포면 파산신성길 93-32,35.5981488558542,126.704426291978,2024-11-19,2025-01-10
전라북도,부안군,햇살농장,닭,육계,60000.0,전북특별자치도 부안군 계화면 간재로 623-92,35.7629900787027,126.673483067224,2024-11-19,2025-01-10
전라북도,부안군,행복농장,닭,육계,80000.0,전북특별자치도 부안군 백산면 백산로 17-100 (862-16),35.6837347940194,126.77773454331,2024-11-19,2025-01-10
전라북도,부안군,행복농장,오리,,0.0,전북특별자치도 부안군 동진면 동전길 51-32,35.765010947301,126.746081385289,2024-11-19,2025-01-10
전라북도,부안군,행안농장,닭,육계,85000.0,전북특별자치도 부안군 행안면 새포로 67-21,35.7346580565769,126.679491635134,2024-11-19,2025-01-10
전라북도,부안군,현덕농장,닭,육계,20000.0,"전북특별자치도 부안군 계화면 간재로 655-101, 외 1필지",35.7626187159215,126.671053076906,2024-11-19,2025-01-10
전라북도,부안군,후다닭농장,닭,육계,50000.0,전북특별자치도 부안군 계화면 간재로 677-193,35.7552356830775,126.665804057915,2024-11-19,2025-01-10
전라북도,부안군,SG팜,닭,육계,70000.0,전북특별자치도 부안군 동진면 고마제로 328-7,35.7542315186516,126.771521063372,2024-11-19,2025-02-01
전라북도,부안군,가농보안농장,닭,,110000.0,전북특별자치도 부안군 보안면 선돌로 807,35.6400611813492,126.703599419717,2024-11-19,2025-02-01
전라북도,부안군,가온농장,닭,육계,130000.0,전북특별자치도 부안군 행안면 새포로 99-23,35.7363336780803,126.679383443,2024-11-19,2025-02-01
전라북도,부안군,갑도농장,닭,,51900.0,전북특별자치도 부안군 진서면 청자로 1160-38,35.6013134122242,126.624024398533,2024-11-19,2025-02-01
전라북도,부안군,강산자연농장,닭,육계,70000.0,전북특별자치도 부안군 동진면 새포로 895-110 (1855-6),35.7862940495226,126.73387234293,2024-11-19,2025-02-01
전라북도,부안군,계상농장,오리,,14000.0,전북특별자치도 부안군 행안면 봉야로 258,35.7121587975387,126.688614829163,2024-11-19,2025-02-01
전라북도,부안군,골든,닭,,20000.0,전북특별자치도 부안군 진서면 진서리 63번지 4호,35.6020928101741,126.623205105007,2024-11-19,2025-02-01
전라북도,부안군,금복주농장,오리,육용오리,20000.0,"전북특별자치도 부안군 주산면 홍해송천길 98, 1-7동",35.696470052927,126.716825839258,2024-11-19,2025-02-01
전라북도,부안군,금산농장,닭,육계,120000.0,전북특별자치도 부안군 계화면 새포로 595-247,35.7950164949032,126.69655621009,2024-11-19,2025-02-01
전라북도,부안군,금순이농장,오리,,6000.0,"전북특별자치도 부안군 줄포면 줄포리 864번지 외 3필지(863, 865, 866)",35.5950910000498,126.669993654389,2024-11-19,2025-02-01
전라북도,부안군,금판오리 농장,오리,,62000.0,"전북특별자치도 부안군 백산면 금판리 817번지 1호 외 3필지(817-3, 4, 802-11)",35.7374005727872,126.793402111824,2024-11-19,2025-02-01
전라북도,부안군,김명수농장,닭,육계,100000.0,전북특별자치도 부안군 줄포면 파산신성길 125-19,35.5993996443284,126.703940000022,2024-11-19,2025-02-01
전라북도,부안군,김산농장,닭,육계,140000.0,"전북특별자치도 부안군 주산면 만석로 234-31 (773-2,  773-3)",35.6790708614371,126.693265563538,2024-11-19,2025-02-01
전라북도,부안군,김을식양계장,닭,육계,35000.0,전북특별자치도 부안군 줄포면 장동리 산 138번지 1호 외 2필지,35.594300392841774,126.6833664708741,2024-11-19,2025-02-01
전라북도,부안군,김종열농장,닭,육계,5000.0,전북특별자치도 부안군 동진면 증산길 54-10,35.7642416862076,126.724328822966,2024-11-19,2025-02-01
전라북도,부안군,김철수농장,오리,,33800.0,"전북특별자치도 부안군 동진면 동전리 1430번지 외 3필지(1431, 1432, 1432-1)",35.75509483988,126.773377247993,2024-11-19,2025-02-01
전라북도,부안군,나래1농장,닭,육계,64000.0,전북특별자치도 부안군 계화면 새포로 683-207,35.7945783998635,126.70650761657,2024-11-19,2025-02-01
전라북도,부안군,나래농장2,닭,육계,62000.0,전북특별자치도 부안군 계화면 새포로 683-193,35.7932065594843,126.706716535416,2024-11-19,2025-02-01
전라북도,부안군,나봄1농장,닭,육계,74000.0,전북특별자치도 부안군 계화면 새포로 683-217,35.7955087962295,126.706370118724,2024-11-19,2025-02-01
전라북도,부안군,나봄2농장,닭,육계,64000.0,전북특별자치도 부안군 계화면 새포로 683-197,35.7936505358654,126.706648862954,2024-11-19,2025-02-01
전라북도,부안군,남포농장,닭,육계,75000.0,전북특별자치도 부안군 보안면 남포원천길 42-8,35.6314878105435,126.663849545228,2024-11-19,2025-02-01
전라북도,부안군,농업회사법인 유한회사 월광,닭,,23000.0,전북특별자치도 부안군 보안면 유관길 256-1,35.6425313251297,126.695005042737,2024-11-19,2025-02-01
전라북도,부안군,농업회사법인 한스팜(주) 부안지점,닭,종계/산란계,151678.0,전북특별자치도 부안군 주산면 주산북로 387,35.6767151611652,126.713863299356,2024-11-19,2025-02-01
전라북도,부안군,농업회사법인가농유한회사 계화농장,닭,육계,504000.0,전북특별자치도 부안군 계화면 간재로 564-274,35.7926459095973,126.680720343657,2024-11-19,2025-02-01
전라북도,부안군,누리농장,닭,육계,50000.0,전북특별자치도 부안군 계화면 양산리 2457번지 5호,35.7786703291592,126.715211199346,2024-11-19,2025-02-01
전라북도,부안군,누리농장,닭,육계,50000.0,전북특별자치도 부안군 계화면 양산리 2457번지 4호,35.7786703291592,126.715211199346,2024-11-19,2025-02-01
전라북도,부안군,늘봄농장,닭,육계,65000.0,전북특별자치도 부안군 상서면 부안로 2191,35.6981325413882,126.694168422896,2024-11-19,2025-02-01
전라북도,부안군,다산1농장,오리,,5500.0,전북특별자치도 부안군 진서면 청자로 736-50,35.5897895989372,126.589511647452,2024-11-19,2025-02-01
전라북도,부안군,다산2농장,오리,,5500.0,전북특별자치도 부안군 진서면 청자로 736-46,35.5902048626182,126.589470577501,2024-11-19,2025-02-01
전라북도,부안군,다산농장,닭,육계,90000.0,"전북특별자치도 부안군 보안면 부안로 1360-57 (631-2, 631-3, 632-16)",35.6255615014121,126.671527202638,2024-11-19,2025-02-01
전라북도,부안군,대동농장,닭,육계,126752.0,"전북특별자치도 부안군 줄포면 연중길 26, 28, 30",35.6017250100235,126.688125711464,2024-11-19,2025-02-01
전라북도,부안군,대명농장,오리,,24222.0,전북특별자치도 부안군 계화면 새포로 641,35.7749430247643,126.705392655823,2024-11-19,2025-02-01
전라북도,부안군,대명농장2,오리,,18468.0,전북특별자치도 부안군 계화면 새포로 651-13,35.7759565917208,126.705836834646,2024-11-19,2025-02-01
전라북도,부안군,더불어참,닭,육계,100000.0,"전북특별자치도 부안군 동진면 새포로 869-110, , 869-116",35.7879368138073,126.731333703906,2024-11-19,2025-02-01
전라북도,부안군,도담농장,닭,육계,135233.0,"전북특별자치도 부안군 동진면 새포로 869-101, 869-103",35.7871755175437,126.7299657763,2024-11-19,2025-02-01
전라북도,부안군,도담농장,오리,,24000.0,전북특별자치도 부안군 줄포면 신정로 57-79,35.580398504026,126.699487073822,2024-11-19,2025-02-01
전라북도,부안군,동산농장,닭,육계,65000.0,전북특별자치도 부안군 행안면 부안로 2255-15,35.7027249168397,126.698211491541,2024-11-19,2025-02-01
전라북도,부안군,동서농장,닭,육계,58000.0,전북특별자치도 부안군 백산면 동학로 15,35.6952006026439,126.800809574416,2024-11-19,2025-02-01
전라북도,부안군,동송농장,오리,,12000.0,전북특별자치도 부안군 줄포면 각동2길 122,35.602960924514,126.682183306667,2024-11-19,2025-02-01
전라북도,부안군,동암농장,닭,육계,94240.0,"전북특별자치도 부안군 계화면 간재로 655-121, 655-127",35.7609478818203,126.670270663187,2024-11-19,2025-02-01
전라북도,부안군,동촌 농장,닭,육계,1000.0,전북특별자치도 부안군 하서면 청호리 657번지 1호,35.7203472318358,126.641928540376,2024-11-19,2025-02-01
전라북도,부안군,드림농장,닭,육계,75000.0,전북특별자치도 부안군 주산면 주산북로 240-19,35.684686736966,126.703598388079,2024-11-19,2025-02-01
전라북도,부안군,마루농장,닭,육계,60000.0,전북특별자치도 부안군 동진면 새포로 869-79,35.7851738817553,126.729916135573,2024-11-19,2025-02-01
전라북도,부안군,마리농장,오리,,18000.0,전북특별자치도 부안군 계화면 의복리 1721번지 외 1필(1721-1),35.7500907737803,126.655473188606,2024-11-19,2025-02-01
전라북도,부안군,만해농장,닭,육계,25000.0,전북특별자치도 부안군 보안면 사창길 67,35.6386758346727,126.662888160625,2024-11-19,2025-02-01
전라북도,부안군,명진농장,오리,,30000.0,"전북특별자치도 부안군 줄포면 원장동길 133-40, 133-43",35.5981439658938,126.691541858922,2024-11-19,2025-02-01
전라북도,부안군,모리아팜,오리,,29500.0,전북특별자치도 부안군 줄포면 원장동길 150-38,35.5914476674554,126.691795846857,2024-11-19,2025-02-01
전라북도,부안군,미소농장,닭,육계,70000.0,전북특별자치도 부안군 보안면 상림로 43-25,35.6307338138643,126.698525585949,2024-11-19,2025-02-01
전라북도,부안군,미운오리농장,오리,,20000.0,전북특별자치도 부안군 줄포면 난산리 706번지 39호 외 1필(706-40),35.5930980422935,126.706573412298,2024-11-19,2025-02-01
전라북도,부안군,반석농장,오리,,10093.0,"전북특별자치도 부안군 줄포면 우포리 8번지 10호 외 3필지(52-10, 53-3, 54)",35.5780220374525,126.679904592697,2024-11-19,2025-02-01
전라북도,부안군,백산농장,닭,,64000.0,전북특별자치도 부안군 백산면 하청로 169,35.6805583032315,126.802871244351,2024-11-19,2025-02-01
전라북도,부안군,별이,닭,,22000.0,전북특별자치도 부안군 상서면 부안로 1727,35.6628230118167,126.671714595868,2024-11-19,2025-02-01
전라북도,부안군,보경농장,닭,,28500.0,전북특별자치도 부안군 보안면 보안로 527-8,35.6289623703497,126.716276878781,2024-11-19,2025-02-01
전라북도,부안군,봉황타조농장,타조,,39.0,전북특별자치도 부안군 줄포면 파산길 43,35.6079196616781,126.715135737905,2024-11-19,2025-02-01
전라북도,부안군,부광농장,오리,,17000.0,"전북특별자치도 부안군 백산면 하청로 42-51 (611-1,2,3)",35.6866747660794,126.801020012441,2024-11-19,2025-02-01
전라북도,부안군,부안 기러기 농장,기러기,,1500.0,전북특별자치도 부안군 행안면 변산로 264,35.7308750989994,126.692806637725,2024-11-19,2025-02-01
전라북도,부안군,부안 기러기 농장2,기러기,,1000.0,전북특별자치도 부안군 부안읍 내요리 55번지,35.6901414110209,126.74750564539,2024-11-19,2025-02-01
전라북도,부안군,부안농장,닭,육계,65000.0,전북특별자치도 부안군 보안면 보안남로 104-51,35.620517505753,126.676609526193,2024-11-19,2025-02-01
전라북도,부안군,뽕이랑 귀농이랑,닭,육계,1000.0,전북특별자치도 부안군 하서면 장신1길 47,35.7301284495307,126.610176197416,2024-11-19,2025-02-01
전라북도,부안군,산돌농원(제1농장),닭,육계,67000.0,전북특별자치도 부안군 주산면 종유로 271-32,35.6637137196479,126.688952138582,2024-11-19,2025-02-01
전라북도,부안군,산돌농원(제2농장),닭,육계,67000.0,전북특별자치도 부안군 주산면 종유로 271-32 (609-20),35.6637137196479,126.688952138582,2024-11-19,2025-02-01
전라북도,부안군,산지농장,닭,육계,75000.0,전북특별자치도 부안군 보안면 유관길 244-32,35.6416744128282,126.691723444523,2024-11-19,2025-02-01
전라북도,부안군,상우농장,닭,육계,80000.0,전북특별자치도 부안군 백산면 대죽리 869번지 8호 외 1필(869-13),35.6845174226032,126.785209037575,2024-11-19,2025-02-01
전라북도,부안군,상운농장,닭,육계,60000.0,전북특별자치도 부안군 보안면 종유로 140-76,35.6488341318778,126.683220656071,2024-11-19,2025-02-01
전라북도,부안군,새한농장,메추리,,140000.0,전북특별자치도 부안군 백산면 백산서로 18,35.6807162597852,126.786618824083,2024-11-19,2025-02-01
전라북도,부안군,서원농장,닭,,29000.0,전북특별자치도 부안군 보안면 상림로 135,35.6263121780124,126.708367158628,2024-11-19,2025-02-01
전라북도,부안군,석불산토종닭 농장,닭,육계,25000.0,전북특별자치도 부안군 하서면 언독리 1077번지 13호,35.7222909174532,126.676795351001,2024-11-19,2025-02-01
전라북도,부안군,선들농장,닭,육계,88000.0,전북특별자치도 부안군 보안면 보안로 68-40,35.6296884270644,126.670845522742,2024-11-19,2025-02-01
전라북도,부안군,성룡농장,닭,,6600.0,전북특별자치도 부안군 보안면 유관길 280,35.640983174915,126.69596145071,2024-11-19,2025-02-01
전라북도,부안군,성실농장,오리,,19512.0,전북특별자치도 부안군 줄포면 신리로 160-12,35.5856503797678,126.699468996652,2024-11-19,2025-02-01
전라북도,부안군,성일농장,닭,육계,0.0,전북특별자치도 부안군 행안면 새포로 99-31,35.7363861398354,126.679115941862,2024-11-19,2025-02-01
전라북도,부안군,성하농장,닭,육계,76000.0,전북특별자치도 부안군 줄포면 파산신성길 125-45,35.5972662279294,126.70263336074,2024-11-19,2025-02-01
전라북도,부안군,소금애피농장,오리,,8000.0,전북특별자치도 부안군 줄포면 장동리 200번지 외 7필지,35.5987842987669,126.689913245787,2024-11-19,2025-02-01
전라북도,부안군,소담농장,닭,육계,60000.0,전북특별자치도 부안군 동진면 새포로 869-81,35.7855616239556,126.729924557574,2024-11-19,2025-02-01
전라북도,부안군,소망농장,오리,,20231.0,전북특별자치도 부안군 주산면 사산길 97-109,35.6719117031503,126.690049609024,2024-11-19,2025-02-01
전라북도,부안군,소망농장,오리,,15000.0,전북특별자치도 부안군 동진면 동전길 51-42 (1735),35.7660275597667,126.745860526373,2024-11-19,2025-02-01
전라북도,부안군,승리농장,오리,,10000.0,전북특별자치도 부안군 줄포면 화전길 57,35.5918473119642,126.700233908088,2024-11-19,2025-02-01
전라북도,부안군,신금섭농장,오리,,10000.0,전북특별자치도 부안군 줄포면 우포리 54번지,35.5754520784874,126.69169109887,2024-11-19,2025-02-01
전라북도,부안군,신성농장,닭,육계,95000.0,전북특별자치도 부안군 줄포면 파산신성길 126-6,35.6014382806505,126.705783608228,2024-11-19,2025-02-01
전라북도,부안군,신원농장,닭,육계,90000.0,전북특별자치도 부안군 백산면 외하안길 42-54,35.6811298051015,126.743838507768,2024-11-19,2025-02-01
전라북도,부안군,신정농장,오리,,14819.0,전북특별자치도 부안군 주산면 사산길 97-133,35.6747091716187,126.689975611685,2024-11-19,2025-02-01
전라북도,부안군,신지농장,오리,,40000.0,전북특별자치도 부안군 하서면 언독리 386번지 4호,35.7222909174532,126.676795351001,2024-11-19,2025-02-01
전라북도,부안군,신흥농장,닭,,22000.0,전북특별자치도 부안군 부안읍 선돌로 125-40,35.6866539355757,126.728864926922,2024-11-19,2025-02-01
전라북도,부안군,아낙네오리농장,오리,,22000.0,전북특별자치도 부안군 주산면 사산길 97-131,35.6738989813905,126.690629330314,2024-11-19,2025-02-01
전라북도,부안군,아람농장,닭,육계,40000.0,전북특별자치도 부안군 동진면 새포로 869-73,35.784760175404,126.729904261982,2024-11-19,2025-02-01
전라북도,부안군,에덴농장,닭,육계,60000.0,전북특별자치도 부안군 행안면 부안로 2255-5,35.7020689907859,126.698184129789,2024-11-19,2025-02-01
전라북도,부안군,여월지향농장,오리,,20000.0,전북특별자치도 부안군 상서면 용서리 723번지 6호 외 1필(723-5),35.7036636333249,126.688602672871,2024-11-19,2025-02-01
전라북도,부안군,연정농장,닭,육계,70000.0,전북특별자치도 부안군 줄포면 반월제길 29,35.5967872291218,126.701263483058,2024-11-19,2025-02-01
전라북도,부안군,연중농장,오리,,10000.0,전북특별자치도 부안군 줄포면 연중길 97,35.6078106846767,126.689903804373,2024-11-19,2025-02-01
전라북도,부안군,예근농장,닭,육계,89981.0,전북특별자치도 부안군 줄포면 감역길 26-70,35.570225817967,126.68699698837,2024-11-19,2025-02-01
전라북도,부안군,예동농장,닭,육계,70000.0,"전북특별자치도 부안군 주산면 예동길 45, 55-10",35.6816915787512,126.714398529587,2024-11-19,2025-02-01
전라북도,부안군,예솔농장,닭,육계,80000.0,전북특별자치도 부안군 부안읍 외하안길 42-51,35.6818043855505,126.744887113566,2024-11-19,2025-02-01
전라북도,부안군,예은농장,닭,육계,112800.0,전북특별자치도 부안군 줄포면 주을로 397-103,35.6119325930125,126.706216027959,2024-11-19,2025-02-01
전라북도,부안군,오리농장,오리,,20000.0,전북특별자치도 부안군 줄포면 난산남월길 46-46,35.5807724114109,126.710819887914,2024-11-19,2025-02-01
전라북도,부안군,오리와사람들,오리,,50000.0,"전북특별자치도 부안군 계화면 양산리 2459번지 1호 외 3필지 2459-2, 2458-3, -4",35.7786703291592,126.715211199346,2024-11-19,2025-02-01
전라북도,부안군,우슬재 황토촌,닭,육계,30000.0,전북특별자치도 부안군 상서면 용와2길 23,35.6909575837666,126.64112230521,2024-11-19,2025-02-01
전라북도,부안군,욱이농장,오리,,0.0,전북특별자치도 부안군 계화면 창북리 4455-13,35.7918599572157,126.698649948889,2024-11-19,2025-02-01
전라북도,부안군,원농장,닭,육계,65000.0,전북특별자치도 부안군 상서면 부안로 2189,35.6980013532005,126.693368319342,2024-11-19,2025-02-01
전라북도,부안군,유림농장,닭,육계,60000.0,전북특별자치도 부안군 동진면 새포로 895-167,35.7912368608885,126.732620922503,2024-11-19,2025-02-01
전라북도,부안군,유병채농장,오리,,17000.0,전북특별자치도 부안군 계화면 양산리 2563번지 7호 외 1필,35.7786703291592,126.715211199346,2024-11-19,2025-02-01
전라북도,부안군,유정농장,닭,육계,90000.0,전북특별자치도 부안군 상서면 감교리 803번지,35.6588770269032,126.663582399426,2024-11-19,2025-02-01
전라북도,부안군,유정농장,닭,육계,60000.0,전북특별자치도 부안군 동진면 새포로 895-165,35.790861456052,126.732607799715,2024-11-19,2025-02-01
전라북도,부안군,유진농장,닭,육계,80000.0,전북특별자치도 부안군 백산면 외하안길 42-56,35.681772178606,126.74296553325,2024-11-19,2025-02-01
전라북도,부안군,은성농장,닭,육계,65000.0,전북특별자치도 부안군 주산면 종유로 401,35.6703973606976,126.703757697883,2024-11-19,2025-02-01
전라북도,부안군,이기석농장,닭,육계,60000.0,전북특별자치도 부안군 행안면 주산북로 63,35.6968215521453,126.701422406202,2024-11-19,2025-02-01
전라북도,부안군,이삭농장,닭,육계,50000.0,전북특별자치도 부안군 부안읍 외하안길 42-52,35.6822637867552,126.744556236745,2024-11-19,2025-02-01
전라북도,부안군,이현우농장,닭,육계,25000.0,전북특별자치도 부안군 행안면 봉야로 398,35.7117456046922,126.704466066242,2024-11-19,2025-02-01
전라북도,부안군,일월성농장,오리,,17000.0,전북특별자치도 부안군 줄포면 파산월평길 32-30 (외 2필지),35.6029014362067,126.708305458116,2024-11-19,2025-02-01
전라북도,부안군,자연농장,오리,,18000.0,전북특별자치도 부안군 계화면 의복리 1719번지 외 1필지 (1720),35.7509136530782,126.655324031806,2024-11-19,2025-02-01
전라북도,부안군,장수농장,닭,육계,45000.0,전북특별자치도 부안군 줄포면 점촌길 78,35.5798102820263,126.684103125554,2024-11-19,2025-02-01
전라북도,부안군,정상농장,오리,,10000.0,전북특별자치도 부안군 줄포면 신리로 299-13,35.5895623493488,126.705273488526,2024-11-19,2025-02-01
전라북도,부안군,정숙농장,오리,,10000.0,전북특별자치도 부안군 줄포면 파산신성길 125-15,35.6000642217548,126.704256587027,2024-11-19,2025-02-01
전라북도,부안군,정인농장,오리,,56000.0,전북특별자치도 부안군 줄포면 신정로 57-42 (외 6필지),35.5783337136399,126.701875260504,2024-11-19,2025-02-01
전라북도,부안군,제일농장,오리,육용오리,22862.0,전북특별자치도 부안군 줄포면 관동길 58-50,35.6014447898119,126.715399483595,2024-11-19,2025-02-01
전라북도,부안군,종계백산,닭,종계/산란계,60000.0,전북특별자치도 부안군 백산면 하청로 169 (외 6필지),35.6805583032315,126.802871244351,2024-11-19,2025-02-01
전라북도,부안군,줄포농장,오리,,10000.0,전북특별자치도 부안군 줄포면 우포리 46번지,35.5780220374525,126.679904592697,2024-11-19,2025-02-01
전라북도,부안군,줄포대성농장,닭,육계,80000.0,전북특별자치도 부안군 줄포면 덕성길 105-3,35.5836950507257,126.693678470034,2024-11-19,2025-02-01
전라북도,부안군,증산농장,닭,,31000.0,"전북특별자치도 부안군 동진면 증산길 78, 증산농장",35.7643339924075,126.727182155722,2024-11-19,2025-02-01
전라북도,부안군,지영농장(2농장),닭,육계,90000.0,전북특별자치도 부안군 동진면 고마제로 328-17 (1442),35.7542281030454,126.772858492326,2024-11-19,2025-02-01
전라북도,부안군,진서1농장,오리,,10800.0,"전북특별자치도 부안군 진서면 소운호길 29, 진서종계장 1~8동",35.5898860441561,126.557891150887,2024-11-19,2025-02-01
전라북도,부안군,진서2농장,오리,,7800.0,"전북특별자치도 부안군 진서면 소운호길 29, 진서종계장 9~11동",35.5898860441561,126.557891150887,2024-11-19,2025-02-01
전라북도,부안군,진성농장,오리,육용오리,25000.0,"전북특별자치도 부안군 주산면 홍해송천길 98, 8-13동",35.696470052927,126.716825839258,2024-11-19,2025-02-01
전라북도,부안군,참 더불어,닭,육계,55986.0,전북특별자치도 부안군 동진면 새포로 869-104,35.7875322825987,126.731354090786,2024-11-19,2025-02-01
전라북도,부안군,창북농장,닭,육계,62671.0,전북특별자치도 부안군 계화면 간재로 564-261,35.7923143713596,126.6793112709,2024-11-19,2025-02-01
전라북도,부안군,창북농장,닭,육계,62863.0,전북특별자치도 부안군 계화면 간재로 564-263,35.7927304120231,126.679250749412,2024-11-19,2025-02-01
전라북도,부안군,창북농장,오리,,16000.0,전북특별자치도 부안군 계화면 새포로 499-74 (4515-7),35.7770955111047,126.68952113023,2024-11-19,2025-02-01
전라북도,부안군,천금오리농장,오리,,27000.0,전북특별자치도 부안군 줄포면 파산길 93,35.6106693809538,126.719118810299,2024-11-19,2025-02-01
전라북도,부안군,천애농장,오리,,10000.0,전북특별자치도 부안군 계화면 양산리 2458번지 3호,35.7786703291592,126.715211199346,2024-11-19,2025-02-01
전라북도,부안군,천우농장,오리,,34079.0,"전북특별자치도 부안군 계화면 궁안리 1064번지 1065,1065-1",35.7488647071802,126.673810534076,2024-11-19,2025-02-01
전라북도,부안군,청호농장,오리,,30000.0,전북특별자치도 부안군 계화면 의복리 1732번지 외 1필지(1731-2),35.7507822609947,126.657727440981,2024-11-19,2025-02-01
전라북도,부안군,청호축산,닭,육계,80000.0,전북특별자치도 부안군 행안면 새포로 59-22,35.7330468054765,126.678728639653,2024-11-19,2025-02-01
전라북도,부안군,탑농장,닭,육계,80000.0,전북특별자치도 부안군 계화면 간재로 709-160,35.7596158569797,126.662391666272,2024-11-19,2025-02-01
전라북도,부안군,태복농장,오리,,10000.0,전북특별자치도 부안군 보안면 하입석리 475번지 1호,35.6277432103051,126.695638791853,2024-11-19,2025-02-01
전라북도,부안군,태양농장,오리,,40000.0,"전북특별자치도 부안군 줄포면 우포리 593번지 3호 외5필지(593-4,5,6,7,8)",35.5781486434518,126.691967718767,2024-11-19,2025-02-01
전라북도,부안군,팜렛잇고,닭,육계,100000.0,전북특별자치도 부안군 부안읍 순환남로 306-7,35.697578187442,126.737965478306,2024-11-19,2025-02-01
전라북도,부안군,평교 종계장,닭,,14000.0,전북특별자치도 부안군 부안읍 밖여술길 63-7,35.6900738042514,126.719103862791,2024-11-19,2025-02-01
전라북도,부안군,평화농장,닭,육계,58000.0,전북특별자치도 부안군 보안면 만회길 69-20,35.6332960015279,126.662508233082,2024-11-19,2025-02-01
전라북도,부안군,푸른농장,오리,,8000.0,전북특별자치도 부안군 백산면 하청로 112,35.6844119241564,126.80211365742,2024-11-19,2025-02-01
전라북도,부안군,한울농장,닭,육계,98000.0,전북특별자치도 부안군 동진면 새포로 869-97,35.7866262952449,126.72996896138,2024-11-19,2025-02-01
전라북도,부안군,해금농장,닭,육계,100000.0,"전북특별자치도 부안군 상서면 부안로 2213-46, 2213-48",35.7026467969736,126.69259242282,2024-11-19,2025-02-01
전라북도,부안군,해드림농장,닭,육계,80000.0,전북특별자치도 부안군 계화면 새포로 861-120,35.7897189442951,126.728792938218,2024-11-19,2025-02-01
전라북도,부안군,해바라기농장,오리,,19192.0,전북특별자치도 부안군 줄포면 점촌길 26,35.579559624805,126.688045403812,2024-11-19,2025-02-01
전라북도,부안군,해오름농장,닭,육계,108000.0,전북특별자치도 부안군 계화면 새포로 595-269,35.7973705977922,126.696453336964,2024-11-19,2025-02-01
전라북도,부안군,해와달농장,오리,,17056.0,전북특별자치도 부안군 줄포면 대연길 3-14,35.6027260516794,126.697954286955,2024-11-19,2025-02-01
전라북도,부안군,해피덕농장,오리,,10000.0,전북특별자치도 부안군 줄포면 장산로 172-14,35.5904055233019,126.704543691334,2024-11-19,2025-02-01
전라북도,부안군,해피마실농장,오리,,13000.0,전북특별자치도 부안군 동진면 동전리 2588번지 1호 외 1필지(2589),35.7600195667781,126.773339177442,2024-11-19,2025-02-01
전라북도,부안군,햇빛농장,닭,육계,46500.0,전북특별자치도 부안군 줄포면 파산신성길 93-32,35.5981488558542,126.704426291978,2024-11-19,2025-02-01
전라북도,부안군,햇살농장,닭,육계,60000.0,전북특별자치도 부안군 계화면 간재로 623-92,35.7629900787027,126.673483067224,2024-11-19,2025-02-01
전라북도,부안군,행복농장,닭,육계,80000.0,전북특별자치도 부안군 백산면 백산로 17-100 (862-16),35.6837347940194,126.77773454331,2024-11-19,2025-02-01
전라북도,부안군,행복농장,오리,,0.0,전북특별자치도 부안군 동진면 동전길 51-32,35.765010947301,126.746081385289,2024-11-19,2025-02-01
전라북도,부안군,행안농장,닭,육계,85000.0,전북특별자치도 부안군 행안면 새포로 67-21,35.7346580565769,126.679491635134,2024-11-19,2025-02-01
전라북도,부안군,현덕농장,닭,육계,20000.0,"전북특별자치도 부안군 계화면 간재로 655-101, 외 1필지",35.7626187159215,126.671053076906,2024-11-19,2025-02-01
전라북도,부안군,후다닭농장,닭,육계,50000.0,전북특별자치도 부안군 계화면 간재로 677-193,35.7552356830775,126.665804057915,2024-11-19,2025-02-01
전라북도,정읍시,㈜다농,닭,산란중추,24000.0,전라북도 정읍시 고부면,35.6185618287645,126.771689579295,2022-01-01,2022-01-07
전라북도,정읍시,㈜온누리,닭,토종닭,38000.0,전라북도 정읍시 영원면 영원로 1290,35.6729185632886,126.783088346973,2022-01-01,2022-01-07
전라북도,정읍시,가금농장,닭,토종닭,45000.0,전라북도 정읍시 소성면 애당리 434-6,35.5365973562994,126.774038096991,2022-01-01,2022-01-07
전라북도,정읍시,거래상인,닭,토종닭,20000.0,전라북도 정읍시 입암면 하부리 749-1,35.4987296184961,126.807232105121,2022-01-01,2022-02-08
전라북도,정읍시,거래상인,닭,토종닭,250.0,전라북도 정읍시 입암면 하부리 749-1,35.4987296184961,126.807232105121,2022-01-01,2022-02-08
전라북도,정읍시,경승농장,닭,육계,16000.0,전라북도 정읍시 입암면 등천리 892,35.4934987077043,126.795732963777,2022-01-01,2022-01-07
전라북도,정읍시,경임농장,닭,육계,50000.0,전라북도 정읍시 고부면 신흥리 112-1,35.6156337203487,126.72793604946,2022-01-01,2022-01-26
전라북도,정읍시,고부농장,닭,산란중추,90000.0,전라북도 정읍시 고부면 덕안리 123-1,35.5938852207532,126.781814411087,2022-01-01,2022-02-06
전라북도,정읍시,고부농장,닭,토종닭,20000.0,전라북도 정읍시 고부면 덕안리 123-1,35.5938852207532,126.781814411087,2022-01-01,2022-02-06
전라북도,정읍시,고부농장,닭,토종닭,30000.0,전라북도 정읍시 고부면 덕안리 123-1,35.5938852207532,126.781814411087,2022-01-01,2022-02-06
전라북도,정읍시,구구농장,닭,육계,50000.0,전라북도 정읍시 북면 복흥리 874,35.5840299479285,126.89443593421,2022-01-01,2022-01-07
전라북도,정읍시,금계농장,닭,육계,140000.0,전라북도 정읍시 덕천면 금계1길 127,35.6450831465837,126.835376070253,2022-01-01,2022-01-07
전라북도,정읍시,금빛농장,오리,육용오리,9000.0,전라북도 정읍시 고부면 용흥리 646,35.62841043726,126.747851906458,2022-01-01,2022-01-26
전라북도,정읍시,금호2농장,오리,육용오리,24000.0,전라북도 정읍시 영원면 앵성2길 106-16,35.6551214410607,126.785327526867,2022-01-01,2022-01-07
전라북도,정읍시,금호농장,오리,육용오리,23000.0,전라북도 정읍시 영원면 앵성2길 106-16,35.6551214410607,126.785327526867,2022-01-01,2022-01-07
전라북도,정읍시,기봉농장,오리,육용오리,20000.0,전라북도 정읍시 이평면 장내리 884,35.6750370194245,126.814006488254,2022-01-01,2022-01-07
전라북도,정읍시,내석농장,오리,육용오리,8000.0,전라북도 정읍시 신태인읍 백산리 1359,35.6852686585351,126.910188172702,2022-01-01,2022-01-07
전라북도,정읍시,농업법인 풍성한유한회사,닭,종계,50000.0,전라북도 정읍시 북면 태곡리 998-2,35.5957562550534,126.91369706381,2022-01-01,2022-01-07
전라북도,정읍시,다산농장,닭,육계,115000.0,전라북도 정읍시 소성면 고교리 664-3,35.5844438632317,126.768600043077,2022-01-01,2022-02-06
전라북도,정읍시,다원농장,닭,토종닭,80000.0,전라북도 정읍시 이평면 장내리 616-4,35.6750370194245,126.814006488254,2022-01-01,2022-01-07
전라북도,정읍시,닥터팜,닭,토종닭,70000.0,전라북도 정읍시 고부면 백운리 587-13,35.5808028406191,126.733768894452,2022-01-01,2022-02-06
전라북도,정읍시,대성농장,닭,육계,65000.0,전라북도 정읍시 덕천면 상학리 산13-1,35.6130001420988,126.821070669138,2022-01-01,2022-01-07
전라북도,정읍시,대원농장,닭,토종닭,40000.0,전라북도 정읍시 소성면 등계리 170-2,35.5687111742163,126.79957534571,2022-01-01,2022-01-07
전라북도,정읍시,대원농장,닭,육계,45000.0,전라북도 정읍시 소성면 등계리 170-2,35.5687111742163,126.79957534571,2022-01-01,2022-01-07
전라북도,정읍시,대원농장,닭,토종닭,22000.0,전라북도 정읍시 소성면 등계리 170-2,35.5687111742163,126.79957534571,2022-01-01,2022-01-07
전라북도,정읍시,대행영농,닭,종계,46000.0,전라북도 정읍시 태인면,35.6505963689284,126.932535141466,2022-01-01,2022-01-07
전라북도,정읍시,덕앤덕농장,오리,종오리,3000.0,전라북도 전라부도 정읍시 소성면 애당리 177-2,35.5197884078775,126.775039824236,2022-01-01,2022-01-07
전라북도,정읍시,도원축산,닭,육계,200000.0,전라북도 정읍시 영원면 청량길 39-45,35.6720476605588,126.784899823436,2022-01-01,2022-01-07
전라북도,정읍시,동원농장,닭,육계,25000.0,전라북도 정읍시 이평면 장내리 56-1,35.6750370194245,126.814006488254,2022-01-01,2022-01-07
전라북도,정읍시,동화농장,닭,육계,90000.0,전라북도 정읍시 태인,35.6505963689284,126.932535141466,2022-01-01,2022-01-07
전라북도,정읍시,두암농장,오리,육용오리,10000.0,전라북도 정읍시 입암면 접지리 322-13,35.525112031394,126.820875563909,2022-01-01,2022-02-08
전라북도,정읍시,마동농장,닭,육계,80000.0,전라북도 정읍시 소성면 등계리 49,35.5705101175408,126.796963260007,2022-01-01,2022-01-07
전라북도,정읍시,마정농장,닭,육계,100000.0,전라북도 정읍시 북면 마정리 1951,35.6050209067826,126.938161031294,2022-01-01,2022-01-07
전라북도,정읍시,만수양계장,닭,육계,57000.0,전라북도 정읍시 고부면 만수리 60-3,35.5890096576706,126.801349343314,2022-01-01,2022-01-07
전라북도,정읍시,만화농장,닭,육계,17500.0,전라북도 정읍시 고부면 관청리 1286,35.6175205007308,126.74671607948,2022-01-01,2022-01-26
전라북도,정읍시,만화농장,닭,육계,12000.0,전라북도 정읍시 고부면 관청리 1286,35.6175205007308,126.74671607948,2022-01-01,2022-01-26
전라북도,정읍시,매봉농장,닭,육계,75000.0,전라북도 정읍시 이평면 창동리 705-12,35.6636554978589,126.798787346046,2022-01-01,2022-01-07
전라북도,정읍시,모리아농장,닭,육계,68000.0,전라북도 정읍시 정우면 회룡리 423-2,35.6502253081406,126.898165713123,2022-01-01,2022-01-07
전라북도,정읍시,무염농장,닭,육계,74000.0,전라북도 정읍시 정우면 초강리 1146-3,35.6304661169575,126.866596710135,2022-01-01,2022-01-07
전라북도,정읍시,미소농장,닭,육계,223000.0,전라북도 정읍시 이평면 청량리 905,35.6759031609713,126.796728691221,2022-01-01,2022-01-07
전라북도,정읍시,민정농장2,닭,토종닭,65000.0,전라북도 정읍시 태인면,35.6505963689284,126.932535141466,2022-01-01,2022-01-07
전라북도,정읍시,바둑이농장,닭,육계,87000.0,전라북도 정읍시 정우면 장순리 219-12,35.6319444163409,126.891364943596,2022-01-01,2022-01-07
전라북도,정읍시,백조농장(1),오리,육용오리,20000.0,전라북도 정읍시 입암면,35.5037572915116,126.793190936821,2022-01-01,2022-02-08
전라북도,정읍시,백조농장(2),오리,육용오리,20000.0,전라북도 정읍시 입암면,35.5037572915116,126.793190936821,2022-01-01,2022-02-08
전라북도,정읍시,복도리농장,닭,육계,60000.0,전라북도 정읍시 소성면 애당리 1392-8,35.5324054292284,126.76867921575,2022-01-01,2022-01-07
전라북도,정읍시,복주농장,닭,토종닭,58000.0,전라북도 정읍시 고부면 입석리 67-8,35.6032402494797,126.781603616234,2022-01-01,2022-01-07
전라북도,정읍시,복주농장,닭,토종닭,25000.0,전라북도 정읍시 고부면 입석리 67-8,35.6032402494797,126.781603616234,2022-01-01,2022-01-07
전라북도,정읍시,본촌농장,오리,육용오리,40000.0,전라북도 정읍시 소성면 고교리 230-1,35.5844438632317,126.768600043077,2022-01-01,2022-02-06
전라북도,정읍시,북면농장,닭,토종닭,35000.0,전라북도 정읍시 북면 승부리 678,35.5838989379656,126.878318161988,2022-01-01,2022-01-07
전라북도,정읍시,북면양계,닭,육계,60000.0,전라북도 정읍시 북면 한교리 64-29,35.6107757735523,126.895600636233,2022-01-01,2022-01-07
전라북도,정읍시,삼호농장1,오리,육용오리,33500.0,전라북도 정읍시 소성면,35.5568661143895,126.783203024789,2022-01-01,2022-02-08
전라북도,정읍시,삼호농장2,오리,육용오리,39700.0,전라북도 정읍시 소성면,35.5568661143895,126.783203024789,2022-01-01,2022-02-08
전라북도,정읍시,삼호농장3,오리,육용오리,22100.0,전라북도 정읍시 소성면,35.5568661143895,126.783203024789,2022-01-01,2022-02-08
전라북도,정읍시,삼호농장4,오리,육용오리,20000.0,전라북도 정읍시 소성면,35.5568661143895,126.783203024789,2022-01-01,2022-02-08
전라북도,정읍시,상봉농장,닭,육계,50000.0,전라북도 정읍시 덕천면 도계리 958,35.6395631212389,126.827450087689,2022-01-01,2022-01-07
전라북도,정읍시,서진농장,닭,육계,100000.0,전라북도 정읍시 고부면 관청리 1024,35.6175205007308,126.74671607948,2022-01-01,2022-01-26
전라북도,정읍시,선임농장,닭,육계,90000.0,전라북도 정읍시 고부면 신흥리 1066,35.6156337203487,126.72793604946,2022-01-01,2022-01-26
전라북도,정읍시,성봉산닭,닭,토종닭,1000.0,전라북도 정읍시 고부면 영원로 292-3,35.5932268323555,126.78767144812,2022-01-01,2022-01-07
전라북도,정읍시,세연농장,닭,육계,85000.0,전라북도 정읍시 입암면 연월리 767-6,35.4846671406781,126.787279093101,2022-01-01,2022-01-07
전라북도,정읍시,세현농장,닭,육계,68000.0,전라북도 정읍시 영원면 태평길 67,35.6623430493584,126.794887015958,2022-01-01,2022-01-07
전라북도,정읍시,송내농장,닭,육계,70000.0,전라북도 정읍시 정우면 장순리 79,35.6459545404575,126.896867539016,2022-01-01,2022-01-07
전라북도,정읍시,송부자농장,닭,육계,80000.0,전라북도 정읍시 덕천면 상학리 1001,35.6204078403165,126.816928507312,2022-01-01,2022-01-07
전라북도,정읍시,숙경농장,닭,토종닭,48000.0,전라북도 정읍시 고부면 덕안리 6-35,35.5938852207532,126.781814411087,2022-01-01,2022-02-06
전라북도,정읍시,순옥양계장,닭,토종닭,25000.0,전라북도 정읍시 북면 한교리 570,35.6242540837932,126.913147848547,2022-01-01,2022-01-07
전라북도,정읍시,승승농장,닭,육계,40000.0,전라북도 정읍시 태인면 박산리 산144-2,35.6896288031096,126.925833832282,2022-01-01,2022-01-07
전라북도,정읍시,승운농장,닭,육계,70000.0,전라북도 정읍시 덕천면 도계리 131-13,35.6435916228049,126.833289644489,2022-01-01,2022-01-07
전라북도,정읍시,승주농장,닭,토종닭,42000.0,전라북도 정읍시 고부면 입석리 58-2,35.6032402494797,126.781603616234,2022-01-01,2022-01-07
전라북도,정읍시,시온종계장,닭,종계,30000.0,전라북도 정읍시 이평면 요골길 24,35.6708169411758,126.84017330835,2022-01-01,2022-01-07
전라북도,정읍시,시우농장,닭,육계,90000.0,전라북도 정읍시 고부면 영주로,35.6165538100517,126.752192401516,2022-01-01,2022-01-26
전라북도,정읍시,신답농장,오리,육용오리,10000.0,전라북도 정읍시 입암면 접지리 1188-2,35.525112031394,126.820875563909,2022-01-01,2022-02-08
전라북도,정읍시,신원농장,닭,토종닭,70000.0,전라북도 정읍시 북면 마정리 1978-4,35.6032623330185,126.940547468794,2022-01-01,2022-01-07
전라북도,정읍시,신태인농장,닭,육계,58000.0,전라북도 정읍시 신태인읍,35.6877238337461,126.8868731141,2022-01-01,2022-01-07
전라북도,정읍시,신흥양계장,닭,육계,42000.0,전라북도 정읍시 북면 태곡리 726-1,35.6003325875301,126.906350769796,2022-01-01,2022-01-07
전라북도,정읍시,안성농장,닭,육계,45000.0,전라북도 정읍시 고부면 관청리 1297,35.6175205007308,126.74671607948,2022-01-01,2022-01-26
전라북도,정읍시,양계장농장,닭,토종닭,47000.0,전라북도 정읍시 북면 태곡리 685-3,35.60163416804,126.901297330585,2022-01-01,2022-01-07
전라북도,정읍시,양지농장,닭,육계,85000.0,전라북도 정읍시 정우면 장순리 200-7,35.6338844541629,126.894114291828,2022-01-01,2022-01-07
전라북도,정읍시,에덴농장,닭,토종닭,75000.0,전라북도 정읍시 소성면 화룡리 551-1,35.5770488116164,126.753626211372,2022-01-01,2022-02-06
전라북도,정읍시,에이플농장,닭,토종닭,35000.0,전라북도 정읍시 이평면 장내리 577-4,35.6750370194245,126.814006488254,2022-01-01,2022-01-07
전라북도,정읍시,엘림타조농장,타조,,40.0,전라북도 정읍시 신태인읍 산전3길 3,35.6877238337461,126.8868731141,2022-01-01,2022-01-07
전라북도,정읍시,연월양계장,닭,토종닭,30000.0,전라북도 정읍시 입암면 연월리 100,35.4887786469154,126.786211418337,2022-01-01,2022-01-07
전라북도,정읍시,영성농장,닭,육계,70000.0,전라북도 정읍시 입암면 신면리 468-11,35.5033142731063,126.815165195394,2022-01-01,2022-01-07
전라북도,정읍시,영원농장,닭,육계,100000.0,전라북도 정읍시 태인면 고천리 758,35.6670400253185,126.953443280256,2022-01-01,2022-01-07
전라북도,정읍시,영원종계장,닭,종계,30000.0,전라북도 정읍시 영원명 앵성리 269-1,35.6578843111814,126.777767432662,2022-01-01,2022-01-07
전라북도,정읍시,영원축산,닭,토종닭,3000.0,전라북도 정읍시 영원면 앵성1길 16,35.6551214410607,126.785327526867,2022-01-01,2022-01-07
전라북도,정읍시,영춘농장,닭,육계,45000.0,전라북도 정읍시 신태인읍 백산리 832-1,35.6945822891179,126.904203812766,2022-01-01,2022-01-07
전라북도,정읍시,오복농장,닭,육계,62000.0,전라북도 정읍시 신태인읍 백산리 832-5,35.69394751687,126.904315608309,2022-01-01,2022-01-07
전라북도,정읍시,요동농장,닭,종계,100000.0,전라북도 정읍시 북면,35.6092231273671,126.892232805233,2022-01-01,2022-01-07
전라북도,정읍시,요동농장,닭,산란중추,30000.0,전라북도 정읍시 정우면 장순리 13-7,35.6398086407771,126.902911852421,2022-01-01,2022-01-07
전라북도,정읍시,용소골양계장,닭,토종닭,45000.0,전라북도 정읍시 북면 복흥리 1162,35.5857854595469,126.90410396277,2022-01-01,2022-01-07
전라북도,정읍시,용흥오리,오리,육용오리,14000.0,전라북도 정읍시 고부면 용흥리 1121,35.62841043726,126.747851906458,2022-01-01,2022-01-26
전라북도,정읍시,우리농장,닭,종계,42000.0,전라북도 정읍시 이평면 팔선리 307,35.6671201523489,126.847328584141,2022-01-01,2022-01-07
전라북도,정읍시,우일농장,오리,종오리,10000.0,전라북도 정읍시 정우면 정우남산길 56-111,35.6233685120306,126.878750608559,2022-01-01,2022-01-07
전라북도,정읍시,원아농장,닭,토종닭,65000.0,전라북도 정읍시 소성면 보화리 306-2,35.5454405455935,126.777181187602,2022-01-01,2022-01-07
전라북도,정읍시,원천농장,닭,육계,70000.0,전라북도 정읍시 입암면 지선리 123-2,35.5285492618935,126.79175773424,2022-01-01,2022-01-07
전라북도,정읍시,월천양계장,닭,토종닭,30000.0,전라북도 정읍시 북면 마정리 480-1,35.6125452694135,126.924145169753,2022-01-01,2022-01-07
전라북도,정읍시,유봉2농장,닭,육계,55000.0,전라북도 정읍시 태인면 고천리 316-3/ 315-2,35.6702127548604,126.954707210534,2022-01-01,2022-01-07
전라북도,정읍시,은선1농장,오리,육용오리,10000.0,전라북도 정읍시 영원면 영원로 960-24,35.6446630050532,126.784004125386,2022-01-01,2022-01-07
전라북도,정읍시,은선2농장,오리,육용오리,12000.0,전라북도 정읍시 영원면 영원로 960-24,35.6446630050532,126.784004125386,2022-01-01,2022-01-07
전라북도,정읍시,이수농장,닭,육계,66600.0,전라북도 정읍시 이평면 태평길 207-54,35.6710937815919,126.796217009843,2022-01-01,2022-01-07
전라북도,정읍시,이안농장,닭,육계,75000.0,전라북도 정읍시 소성면 기린리 463,35.5668838112879,126.769007942053,2022-01-01,2022-02-08
전라북도,정읍시,이안농장,닭,육계,100000.0,전라북도 정읍시 소성면 기린리 463,35.5668838112879,126.769007942053,2022-01-01,2022-02-08
전라북도,정읍시,임마누엘농장,닭,토종닭,94000.0,전라북도 정읍시 영원면,35.6551214410607,126.785327526867,2022-01-01,2022-01-07
전라북도,정읍시,임마뉴엘,오리,육용오리,14000.0,전라북도 정읍시 정우면,35.6448083489057,126.875914092482,2022-01-01,2022-01-07
전라북도,정읍시,임씨농장,오리,육용오리,10500.0,전라북도 정읍시 덕천면 하학리 556-7,35.6283064630606,126.805259571868,2022-01-01,2022-01-07
전라북도,정읍시,입암농장,닭,육계,13000.0,전라북도 정읍시 입암면 첨단과학로 30-24,35.5037728589771,126.817832529336,2022-01-01,2022-01-07
전라북도,정읍시,자연농장,닭,육계,100000.0,전라북도 정읍시 소성면 기린리 408,35.5668838112879,126.769007942053,2022-01-01,2022-02-08
전라북도,정읍시,자영농장,닭,토종닭,30000.0,전라북도 정읍시 고부면 덕안리 산39-6,35.5938852207532,126.781814411087,2022-01-01,2022-02-06
전라북도,정읍시,재남농장,오리,육용오리,8000.0,전라북도 정읍시 북면 마정리 451,35.6092508467917,126.931325366675,2022-01-01,2022-01-07
전라북도,정읍시,재업농장,닭,육계,86000.0,전라북도 정읍시 입암면 등천리 213-1,35.4917997503512,126.80064200152,2022-01-01,2022-01-07
전라북도,정읍시,재주농장,닭,육계,140000.0,전라북도 정읍시 이평면 창동리 697-3,35.6693665462624,126.805915926226,2022-01-01,2022-01-07
전라북도,정읍시,전원농장,닭,육계,70000.0,전라북도 정읍시 입암면 연월리 115,35.4864013217333,126.788134406566,2022-01-01,2022-01-07
전라북도,정읍시,정성농장,닭,육계,13000.0,전라북도 정읍시 고부면 용흥리 1058,35.62841043726,126.747851906458,2022-01-01,2022-01-26
전라북도,정읍시,조안농장,닭,산란계,50000.0,전라북도 정읍시 이평면 창동리 629-3,35.6551680894774,126.803300614932,2022-01-01,2022-01-07
전라북도,정읍시,종암오리농장,오리,육용오리,5300.0,전라북도 정읍시 소성면 화룡리 216,35.5770488116164,126.753626211372,2022-01-01,2022-02-06
전라북도,정읍시,종태농장,닭,육계,35000.0,전라북도 정읍시 영원면 신영리 249,35.6354706949396,126.761862755115,2022-01-01,2022-01-07
전라북도,정읍시,주원농장,닭,육계,95000.0,전라북도 정읍시 이평면 산매리 137,35.6455154264053,126.809927664694,2022-01-01,2022-01-07
전라북도,정읍시,준서네농장,닭,토종닭,43000.0,전라북도 정읍시 태인면 증산리 221,35.6773575890804,126.955446908932,2022-01-01,2022-01-07
전라북도,정읍시,지성농장,닭,토종닭,35000.0,전라북도 정읍시 정우면 우산리 286-28,35.625721079359,126.891635870131,2022-01-01,2022-01-07
전라북도,정읍시,진흥농장,닭,육계,16000.0,전라북도 정읍시 고부면 관청리 1278,35.6175205007308,126.74671607948,2022-01-01,2022-01-26
전라북도,정읍시,창민농장,닭,육계,63000.0,전라북도 정읍시 정우면 장순리 239-3,35.6356276841919,126.889945136281,2022-01-01,2022-01-07
전라북도,정읍시,창섭농장,닭,육계,60000.0,전라북도 정읍시 태인면 태남리 383,35.6077527298605,126.949588263477,2022-01-01,2022-01-07
전라북도,정읍시,청담농장,닭,육계,70000.0,전라북도 정읍시 고부면 입석리 726-3(구중길12-83),35.6032402494797,126.781603616234,2022-01-01,2022-01-07
전라북도,정읍시,청솔농장,닭,육계,40000.0,전라북도 정읍시 고부면 신중리 440-1,35.5987722335027,126.756512693161,2022-01-01,2022-02-06
전라북도,정읍시,청운농장,닭,육계,95000.0,전라북도 정읍시 소성면 용정리 35,35.5456881195134,126.781657874066,2022-01-01,2022-01-07
전라북도,정읍시,충환농장,닭,토종닭,40000.0,전라북도 정읍시 태인면 증산리 171,35.6797130401281,126.951137486365,2022-01-01,2022-01-07
전라북도,정읍시,태봉농장,오리,육용오리,7000.0,전라북도 정읍시 고부면 만수리 68-2,35.5908554212355,126.802778899239,2022-01-01,2022-01-07
전라북도,정읍시,태웅농장,닭,육계,15000.0,전라북도 정읍시 고부면 관청리 1295,35.6175205007308,126.74671607948,2022-01-01,2022-01-26
전라북도,정읍시,태인팜스,닭,육계,40000.0,전라북도 정읍시 태인면,35.6505963689284,126.932535141466,2022-01-01,2022-01-07
전라북도,정읍시,팔팔농장,닭,육계,75000.0,전라북도 정읍시 신태인읍 백산리 28,35.6977631138519,126.915561402237,2022-01-01,2022-01-07
전라북도,정읍시,풀꽃농장,닭,육계,58000.0,전라북도 정읍시 북면 마정리 448-3,35.6092435711145,126.932164717546,2022-01-01,2022-01-07
전라북도,정읍시,하증농장,닭,육계,45000.0,전라북도 정읍시 태인면,35.6505963689284,126.932535141466,2022-01-01,2022-01-07
전라북도,정읍시,학동농장,닭,육계,50000.0,전라북도 정읍시 북면 한교리 1120,35.6207251630227,126.908626614207,2022-01-01,2022-01-07
전라북도,정읍시,한교농장,닭,토종닭,25000.0,전라북도 정읍시 북면 한교리 1175,35.6222996417801,126.906880181969,2022-01-01,2022-01-07
전라북도,정읍시,한길타조농장,타조,,95.0,전라북도 정읍시 이평면 창동리 713-2,35.6562484655158,126.801000761032,2022-01-01,2022-01-07
전라북도,정읍시,한성농장,오리,육용오리,28000.0,전라북도 정읍시 고부면 입석리 산2,35.6032402494797,126.781603616234,2022-01-01,2022-01-07
전라북도,정읍시,한우리농장,오리,육용오리,18000.0,전라북도 정읍시 정우면 대사리 1574,35.6721031019766,126.895143857431,2022-01-01,2022-01-07
전라북도,정읍시,한울축산,닭,토종닭,52000.0,전라북도 정읍시 북면 한교리 492,35.6270867142395,126.917459897192,2022-01-01,2022-01-07
전라북도,정읍시,해성오리,오리,육용오리,35000.0,전라북도 정읍시 입암면 단곡리 1360-2,35.512865078045,126.789595962599,2022-01-01,2022-02-08
전라북도,정읍시,행복한닭농장,닭,토종닭,36000.0,전라북도 정읍시 북면 복흥리 411-8,35.5834479498772,126.904105094667,2022-01-01,2022-01-07
전라북도,정읍시,헵시바농장,닭,육계,70800.0,전라북도 정읍시 태인면 태서리 1409-2,35.6258250756276,126.924733041222,2022-01-01,2022-01-07
전라북도,정읍시,현택농산,오리,육용오리,15900.0,전라북도 정읍시 이평면 창동리 713-6,35.6570582429334,126.802408209008,2022-01-01,2022-01-07
전라북도,정읍시,형동농장,닭,육계,80000.0,전라북도 정읍시 태인면 박산리 619,35.6894903473132,126.918021626207,2022-01-01,2022-01-07
전라북도,정읍시,황금농장,닭,육계,50000.0,전라북도 정읍시 고부면 신흥리 1089,35.6156337203487,126.72793604946,2022-01-01,2022-01-26
전라북도,정읍시,희망농장,닭,육계,52000.0,전라북도 정읍시 고부면 백운리 1131-7,35.5808028406191,126.733768894452,2022-01-01,2022-02-06
전라북도,정읍시,㈜온누리,닭,토종닭,38000.0,전라북도 정읍시 영원면 영원로 1290,35.6729185632886,126.783088346973,2022-01-01,2022-02-06
전라북도,정읍시,가금농장,닭,토종닭,45000.0,전라북도 정읍시 소성면 애당리 434-6,35.5365973562994,126.774038096991,2022-01-01,2022-02-06
전라북도,정읍시,경승농장,닭,육계,16000.0,전라북도 정읍시 입암면 등천리 892,35.4934987077043,126.795732963777,2022-01-01,2022-02-06
전라북도,정읍시,구구농장,닭,육계,50000.0,전라북도 정읍시 북면 복흥리 874,35.5840299479285,126.89443593421,2022-01-01,2022-02-06
전라북도,정읍시,금계농장,닭,육계,140000.0,전라북도 정읍시 덕천면 금계1길 127,35.6450831465837,126.835376070253,2022-01-01,2022-02-06
전라북도,정읍시,내석농장,오리,육용오리,8000.0,전라북도 정읍시 신태인읍 백산리 1359,35.6852686585351,126.910188172702,2022-01-01,2022-02-06
전라북도,정읍시,농업법인 풍성한유한회사,닭,종계,50000.0,전라북도 정읍시 북면 태곡리 998-2,35.5957562550534,126.91369706381,2022-01-01,2022-02-06
전라북도,정읍시,대성농장,닭,육계,65000.0,전라북도 정읍시 덕천면 상학리 산13-1,35.6130001420988,126.821070669138,2022-01-01,2022-02-06
전라북도,정읍시,대원농장,닭,토종닭,40000.0,전라북도 정읍시 소성면 등계리 170-2,35.5687111742163,126.79957534571,2022-01-01,2022-02-06
전라북도,정읍시,대원농장,닭,육계,45000.0,전라북도 정읍시 소성면 등계리 170-2,35.5687111742163,126.79957534571,2022-01-01,2022-02-06
전라북도,정읍시,대원농장,닭,토종닭,22000.0,전라북도 정읍시 소성면 등계리 170-2,35.5687111742163,126.79957534571,2022-01-01,2022-02-06
전라북도,정읍시,덕앤덕농장,오리,종오리,3000.0,전라북도 전라부도 정읍시 소성면 애당리 177-2,35.5197884078775,126.775039824236,2022-01-01,2022-02-06
전라북도,정읍시,도원축산,닭,육계,200000.0,전라북도 정읍시 영원면 청량길 39-45,35.6720476605588,126.784899823436,2022-01-01,2022-02-06
전라북도,정읍시,마동농장,닭,육계,80000.0,전라북도 정읍시 소성면 등계리 49,35.5705101175408,126.796963260007,2022-01-01,2022-02-06
전라북도,정읍시,마정농장,닭,육계,100000.0,전라북도 정읍시 북면 마정리 1951,35.6050209067826,126.938161031294,2022-01-01,2022-02-06
전라북도,정읍시,만수양계장,닭,육계,57000.0,전라북도 정읍시 고부면 만수리 60-3,35.5890096576706,126.801349343314,2022-01-01,2022-02-06
전라북도,정읍시,매봉농장,닭,육계,75000.0,전라북도 정읍시 이평면 창동리 705-12,35.6636554978589,126.798787346046,2022-01-01,2022-02-06
전라북도,정읍시,모리아농장,닭,육계,68000.0,전라북도 정읍시 정우면 회룡리 423-2,35.6502253081406,126.898165713123,2022-01-01,2022-02-06
전라북도,정읍시,무염농장,닭,육계,74000.0,전라북도 정읍시 정우면 초강리 1146-3,35.6304661169575,126.866596710135,2022-01-01,2022-02-06
전라북도,정읍시,바둑이농장,닭,육계,87000.0,전라북도 정읍시 정우면 장순리 219-12,35.6319444163409,126.891364943596,2022-01-01,2022-02-06
전라북도,정읍시,복도리농장,닭,육계,60000.0,전라북도 정읍시 소성면 애당리 1392-8,35.5324054292284,126.76867921575,2022-01-01,2022-02-06
전라북도,정읍시,북면농장,닭,토종닭,35000.0,전라북도 정읍시 북면 승부리 678,35.5838989379656,126.878318161988,2022-01-01,2022-02-06
전라북도,정읍시,북면양계,닭,육계,60000.0,전라북도 정읍시 북면 한교리 64-29,35.6107757735523,126.895600636233,2022-01-01,2022-02-06
전라북도,정읍시,상봉농장,닭,육계,50000.0,전라북도 정읍시 덕천면 도계리 958,35.6395631212389,126.827450087689,2022-01-01,2022-02-06
전라북도,정읍시,성봉산닭,닭,토종닭,1000.0,전라북도 정읍시 고부면 영원로 292-3,35.5932268323555,126.78767144812,2022-01-01,2022-02-06
전라북도,정읍시,세연농장,닭,육계,85000.0,전라북도 정읍시 입암면 연월리 767-6,35.4846671406781,126.787279093101,2022-01-01,2022-02-06
전라북도,정읍시,세현농장,닭,육계,68000.0,전라북도 정읍시 영원면 태평길 67,35.6623430493584,126.794887015958,2022-01-01,2022-02-06
전라북도,정읍시,송내농장,닭,육계,70000.0,전라북도 정읍시 정우면 장순리 79,35.6459545404575,126.896867539016,2022-01-01,2022-02-06
전라북도,정읍시,송부자농장,닭,육계,80000.0,전라북도 정읍시 덕천면 상학리 1001,35.6204078403165,126.816928507312,2022-01-01,2022-02-06
전라북도,정읍시,순옥양계장,닭,토종닭,25000.0,전라북도 정읍시 북면 한교리 570,35.6242540837932,126.913147848547,2022-01-01,2022-02-06
전라북도,정읍시,승승농장,닭,육계,40000.0,전라북도 정읍시 태인면 박산리 산144-2,35.6896288031096,126.925833832282,2022-01-01,2022-02-06
전라북도,정읍시,승운농장,닭,육계,70000.0,전라북도 정읍시 덕천면 도계리 131-13,35.6435916228049,126.833289644489,2022-01-01,2022-02-06
전라북도,정읍시,시온종계장,닭,종계,30000.0,전라북도 정읍시 이평면 요골길 24,35.6708169411758,126.84017330835,2022-01-01,2022-02-06
전라북도,정읍시,신원농장,닭,토종닭,70000.0,전라북도 정읍시 북면 마정리 1978-4,35.6032623330185,126.940547468794,2022-01-01,2022-02-06
전라북도,정읍시,신흥양계장,닭,육계,42000.0,전라북도 정읍시 북면 태곡리 726-1,35.6003325875301,126.906350769796,2022-01-01,2022-02-06
전라북도,정읍시,양계장농장,닭,토종닭,47000.0,전라북도 정읍시 북면 태곡리 685-3,35.60163416804,126.901297330585,2022-01-01,2022-02-06
전라북도,정읍시,양지농장,닭,육계,85000.0,전라북도 정읍시 정우면 장순리 200-7,35.6338844541629,126.894114291828,2022-01-01,2022-02-06
전라북도,정읍시,연월양계장,닭,토종닭,30000.0,전라북도 정읍시 입암면 연월리 100,35.4887786469154,126.786211418337,2022-01-01,2022-02-06
전라북도,정읍시,영성농장,닭,육계,70000.0,전라북도 정읍시 입암면 신면리 468-11,35.5033142731063,126.815165195394,2022-01-01,2022-02-06
전라북도,정읍시,영원농장,닭,육계,100000.0,전라북도 정읍시 태인면 고천리 758,35.6670400253185,126.953443280256,2022-01-01,2022-02-06
전라북도,정읍시,영원종계장,닭,종계,30000.0,전라북도 정읍시 영원명 앵성리 269-1,35.6578843111814,126.777767432662,2022-01-01,2022-02-06
전라북도,정읍시,영춘농장,닭,육계,45000.0,전라북도 정읍시 신태인읍 백산리 832-1,35.6945822891179,126.904203812766,2022-01-01,2022-02-06
전라북도,정읍시,오복농장,닭,육계,62000.0,전라북도 정읍시 신태인읍 백산리 832-5,35.69394751687,126.904315608309,2022-01-01,2022-02-06
전라북도,정읍시,요동농장,닭,산란중추,30000.0,전라북도 정읍시 정우면 장순리 13-7,35.6398086407771,126.902911852421,2022-01-01,2022-02-06
전라북도,정읍시,용소골양계장,닭,토종닭,45000.0,전라북도 정읍시 북면 복흥리 1162,35.5857854595469,126.90410396277,2022-01-01,2022-02-06
전라북도,정읍시,우리농장,닭,종계,42000.0,전라북도 정읍시 이평면 팔선리 307,35.6671201523489,126.847328584141,2022-01-01,2022-02-06
전라북도,정읍시,우일농장,오리,종오리,10000.0,전라북도 정읍시 정우면 정우남산길 56-111,35.6233685120306,126.878750608559,2022-01-01,2022-02-06
전라북도,정읍시,원아농장,닭,토종닭,65000.0,전라북도 정읍시 소성면 보화리 306-2,35.5454405455935,126.777181187602,2022-01-01,2022-02-06
전라북도,정읍시,원천농장,닭,육계,70000.0,전라북도 정읍시 입암면 지선리 123-2,35.5285492618935,126.79175773424,2022-01-01,2022-02-06
전라북도,정읍시,월천양계장,닭,토종닭,30000.0,전라북도 정읍시 북면 마정리 480-1,35.6125452694135,126.924145169753,2022-01-01,2022-02-06
전라북도,정읍시,유봉2농장,닭,육계,55000.0,전라북도 정읍시 태인면 고천리 316-3/ 315-2,35.6702127548604,126.954707210534,2022-01-01,2022-02-06
전라북도,정읍시,은선1농장,오리,육용오리,10000.0,전라북도 정읍시 영원면 영원로 960-24,35.6446630050532,126.784004125386,2022-01-01,2022-02-06
전라북도,정읍시,은선2농장,오리,육용오리,12000.0,전라북도 정읍시 영원면 영원로 960-24,35.6446630050532,126.784004125386,2022-01-01,2022-02-06
전라북도,정읍시,이수농장,닭,육계,66600.0,전라북도 정읍시 이평면 태평길 207-54,35.6710937815919,126.796217009843,2022-01-01,2022-02-06
전라북도,정읍시,임씨농장,오리,육용오리,10500.0,전라북도 정읍시 덕천면 하학리 556-7,35.6283064630606,126.805259571868,2022-01-01,2022-02-06
전라북도,정읍시,입암농장,닭,육계,13000.0,전라북도 정읍시 입암면 첨단과학로 30-24,35.5037728589771,126.817832529336,2022-01-01,2022-02-06
전라북도,정읍시,재남농장,오리,육용오리,8000.0,전라북도 정읍시 북면 마정리 451,35.6092508467917,126.931325366675,2022-01-01,2022-02-06
전라북도,정읍시,재업농장,닭,육계,86000.0,전라북도 정읍시 입암면 등천리 213-1,35.4917997503512,126.80064200152,2022-01-01,2022-02-06
전라북도,정읍시,재주농장,닭,육계,140000.0,전라북도 정읍시 이평면 창동리 697-3,35.6693665462624,126.805915926226,2022-01-01,2022-02-06
전라북도,정읍시,전원농장,닭,육계,70000.0,전라북도 정읍시 입암면 연월리 115,35.4864013217333,126.788134406566,2022-01-01,2022-02-06
전라북도,정읍시,조안농장,닭,산란계,50000.0,전라북도 정읍시 이평면 창동리 629-3,35.6551680894774,126.803300614932,2022-01-01,2022-02-06
전라북도,정읍시,종태농장,닭,육계,35000.0,전라북도 정읍시 영원면 신영리 249,35.6354706949396,126.761862755115,2022-01-01,2022-02-06
전라북도,정읍시,주원농장,닭,육계,95000.0,전라북도 정읍시 이평면 산매리 137,35.6455154264053,126.809927664694,2022-01-01,2022-02-06
전라북도,정읍시,준서네농장,닭,토종닭,43000.0,전라북도 정읍시 태인면 증산리 221,35.6773575890804,126.955446908932,2022-01-01,2022-02-06
전라북도,정읍시,지성농장,닭,토종닭,35000.0,전라북도 정읍시 정우면 우산리 286-28,35.625721079359,126.891635870131,2022-01-01,2022-02-06
전라북도,정읍시,창민농장,닭,육계,63000.0,전라북도 정읍시 정우면 장순리 239-3,35.6356276841919,126.889945136281,2022-01-01,2022-02-06
전라북도,정읍시,창섭농장,닭,육계,60000.0,전라북도 정읍시 태인면 태남리 383,35.6077527298605,126.949588263477,2022-01-01,2022-02-06
전라북도,정읍시,청운농장,닭,육계,95000.0,전라북도 정읍시 소성면 용정리 35,35.5456881195134,126.781657874066,2022-01-01,2022-02-06
전라북도,정읍시,충환농장,닭,토종닭,40000.0,전라북도 정읍시 태인면 증산리 171,35.6797130401281,126.951137486365,2022-01-01,2022-02-06
전라북도,정읍시,태봉농장,오리,육용오리,7000.0,전라북도 정읍시 고부면 만수리 68-2,35.5908554212355,126.802778899239,2022-01-01,2022-02-06
전라북도,정읍시,팔팔농장,닭,육계,75000.0,전라북도 정읍시 신태인읍 백산리 28,35.6977631138519,126.915561402237,2022-01-01,2022-02-06
전라북도,정읍시,풀꽃농장,닭,육계,58000.0,전라북도 정읍시 북면 마정리 448-3,35.6092435711145,126.932164717546,2022-01-01,2022-02-06
전라북도,정읍시,학동농장,닭,육계,50000.0,전라북도 정읍시 북면 한교리 1120,35.6207251630227,126.908626614207,2022-01-01,2022-02-06
전라북도,정읍시,한교농장,닭,토종닭,25000.0,전라북도 정읍시 북면 한교리 1175,35.6222996417801,126.906880181969,2022-01-01,2022-02-06
전라북도,정읍시,한길타조농장,타조,,95.0,전라북도 정읍시 이평면 창동리 713-2,35.6562484655158,126.801000761032,2022-01-01,2022-02-06
전라북도,정읍시,한울축산,닭,토종닭,52000.0,전라북도 정읍시 북면 한교리 492,35.6270867142395,126.917459897192,2022-01-01,2022-02-06
전라북도,정읍시,행복한닭농장,닭,토종닭,36000.0,전라북도 정읍시 북면 복흥리 411-8,35.5834479498772,126.904105094667,2022-01-01,2022-02-06
전라북도,정읍시,헵시바농장,닭,육계,70800.0,전라북도 정읍시 태인면 태서리 1409-2,35.6258250756276,126.924733041222,2022-01-01,2022-02-06
전라북도,정읍시,현택농산,오리,육용오리,15900.0,전라북도 정읍시 이평면 창동리 713-6,35.6570582429334,126.802408209008,2022-01-01,2022-02-06
전라북도,정읍시,형동농장,닭,육계,80000.0,전라북도 정읍시 태인면 박산리 619,35.6894903473132,126.918021626207,2022-01-01,2022-02-06
전라북도,정읍시,㈜온누리,닭,토종닭,38000.0,전라북도 정읍시 영원면 영원로 1290,35.6729185632886,126.783088346973,2022-01-01,2022-02-08
전라북도,정읍시,가금농장,닭,토종닭,45000.0,전라북도 정읍시 소성면 애당리 434-6,35.5365973562994,126.774038096991,2022-01-01,2022-02-08
전라북도,정읍시,경승농장,닭,육계,16000.0,전라북도 정읍시 입암면 등천리 892,35.4934987077043,126.795732963777,2022-01-01,2022-02-08
전라북도,정읍시,구구농장,닭,육계,50000.0,전라북도 정읍시 북면 복흥리 874,35.5840299479285,126.89443593421,2022-01-01,2022-02-08
전라북도,정읍시,금계농장,닭,육계,140000.0,전라북도 정읍시 덕천면 금계1길 127,35.6450831465837,126.835376070253,2022-01-01,2022-02-08
전라북도,정읍시,내석농장,오리,육용오리,8000.0,전라북도 정읍시 신태인읍 백산리 1359,35.6852686585351,126.910188172702,2022-01-01,2022-02-08
전라북도,정읍시,농업법인 풍성한유한회사,닭,종계,50000.0,전라북도 정읍시 북면 태곡리 998-2,35.5957562550534,126.91369706381,2022-01-01,2022-02-08
전라북도,정읍시,대성농장,닭,육계,65000.0,전라북도 정읍시 덕천면 상학리 산13-1,35.6130001420988,126.821070669138,2022-01-01,2022-02-08
전라북도,정읍시,대원농장,닭,토종닭,40000.0,전라북도 정읍시 소성면 등계리 170-2,35.5687111742163,126.79957534571,2022-01-01,2022-02-08
전라북도,정읍시,대원농장,닭,육계,45000.0,전라북도 정읍시 소성면 등계리 170-2,35.5687111742163,126.79957534571,2022-01-01,2022-02-08
전라북도,정읍시,대원농장,닭,토종닭,22000.0,전라북도 정읍시 소성면 등계리 170-2,35.5687111742163,126.79957534571,2022-01-01,2022-02-08
전라북도,정읍시,덕앤덕농장,오리,종오리,3000.0,전라북도 전라부도 정읍시 소성면 애당리 177-2,35.5197884078775,126.775039824236,2022-01-01,2022-02-08
전라북도,정읍시,도원축산,닭,육계,200000.0,전라북도 정읍시 영원면 청량길 39-45,35.6720476605588,126.784899823436,2022-01-01,2022-02-08
전라북도,정읍시,마동농장,닭,육계,80000.0,전라북도 정읍시 소성면 등계리 49,35.5705101175408,126.796963260007,2022-01-01,2022-02-08
전라북도,정읍시,마정농장,닭,육계,100000.0,전라북도 정읍시 북면 마정리 1951,35.6050209067826,126.938161031294,2022-01-01,2022-02-08
전라북도,정읍시,만수양계장,닭,육계,57000.0,전라북도 정읍시 고부면 만수리 60-3,35.5890096576706,126.801349343314,2022-01-01,2022-02-08
전라북도,정읍시,매봉농장,닭,육계,75000.0,전라북도 정읍시 이평면 창동리 705-12,35.6636554978589,126.798787346046,2022-01-01,2022-02-08
전라북도,정읍시,모리아농장,닭,육계,68000.0,전라북도 정읍시 정우면 회룡리 423-2,35.6502253081406,126.898165713123,2022-01-01,2022-02-08
전라북도,정읍시,무염농장,닭,육계,74000.0,전라북도 정읍시 정우면 초강리 1146-3,35.6304661169575,126.866596710135,2022-01-01,2022-02-08
전라북도,정읍시,바둑이농장,닭,육계,87000.0,전라북도 정읍시 정우면 장순리 219-12,35.6319444163409,126.891364943596,2022-01-01,2022-02-08
전라북도,정읍시,복도리농장,닭,육계,60000.0,전라북도 정읍시 소성면 애당리 1392-8,35.5324054292284,126.76867921575,2022-01-01,2022-02-08
전라북도,정읍시,북면농장,닭,토종닭,35000.0,전라북도 정읍시 북면 승부리 678,35.5838989379656,126.878318161988,2022-01-01,2022-02-08
전라북도,정읍시,북면양계,닭,육계,60000.0,전라북도 정읍시 북면 한교리 64-29,35.6107757735523,126.895600636233,2022-01-01,2022-02-08
전라북도,정읍시,상봉농장,닭,육계,50000.0,전라북도 정읍시 덕천면 도계리 958,35.6395631212389,126.827450087689,2022-01-01,2022-02-08
전라북도,정읍시,성봉산닭,닭,토종닭,1000.0,전라북도 정읍시 고부면 영원로 292-3,35.5932268323555,126.78767144812,2022-01-01,2022-02-08
전라북도,정읍시,세연농장,닭,육계,85000.0,전라북도 정읍시 입암면 연월리 767-6,35.4846671406781,126.787279093101,2022-01-01,2022-02-08
전라북도,정읍시,세현농장,닭,육계,68000.0,전라북도 정읍시 영원면 태평길 67,35.6623430493584,126.794887015958,2022-01-01,2022-02-08
전라북도,정읍시,송내농장,닭,육계,70000.0,전라북도 정읍시 정우면 장순리 79,35.6459545404575,126.896867539016,2022-01-01,2022-02-08
전라북도,정읍시,송부자농장,닭,육계,80000.0,전라북도 정읍시 덕천면 상학리 1001,35.6204078403165,126.816928507312,2022-01-01,2022-02-08
전라북도,정읍시,순옥양계장,닭,토종닭,25000.0,전라북도 정읍시 북면 한교리 570,35.6242540837932,126.913147848547,2022-01-01,2022-02-08
전라북도,정읍시,승승농장,닭,육계,40000.0,전라북도 정읍시 태인면 박산리 산144-2,35.6896288031096,126.925833832282,2022-01-01,2022-02-08
전라북도,정읍시,승운농장,닭,육계,70000.0,전라북도 정읍시 덕천면 도계리 131-13,35.6435916228049,126.833289644489,2022-01-01,2022-02-08
전라북도,정읍시,시온종계장,닭,종계,30000.0,전라북도 정읍시 이평면 요골길 24,35.6708169411758,126.84017330835,2022-01-01,2022-02-08
전라북도,정읍시,신원농장,닭,토종닭,70000.0,전라북도 정읍시 북면 마정리 1978-4,35.6032623330185,126.940547468794,2022-01-01,2022-02-08
전라북도,정읍시,신흥양계장,닭,육계,42000.0,전라북도 정읍시 북면 태곡리 726-1,35.6003325875301,126.906350769796,2022-01-01,2022-02-08
전라북도,정읍시,양계장농장,닭,토종닭,47000.0,전라북도 정읍시 북면 태곡리 685-3,35.60163416804,126.901297330585,2022-01-01,2022-02-08
전라북도,정읍시,양지농장,닭,육계,85000.0,전라북도 정읍시 정우면 장순리 200-7,35.6338844541629,126.894114291828,2022-01-01,2022-02-08
전라북도,정읍시,연월양계장,닭,토종닭,30000.0,전라북도 정읍시 입암면 연월리 100,35.4887786469154,126.786211418337,2022-01-01,2022-02-08
전라북도,정읍시,영성농장,닭,육계,70000.0,전라북도 정읍시 입암면 신면리 468-11,35.5033142731063,126.815165195394,2022-01-01,2022-02-08
전라북도,정읍시,영원농장,닭,육계,100000.0,전라북도 정읍시 태인면 고천리 758,35.6670400253185,126.953443280256,2022-01-01,2022-02-08
전라북도,정읍시,영원종계장,닭,종계,30000.0,전라북도 정읍시 영원명 앵성리 269-1,35.6578843111814,126.777767432662,2022-01-01,2022-02-08
전라북도,정읍시,영춘농장,닭,육계,45000.0,전라북도 정읍시 신태인읍 백산리 832-1,35.6945822891179,126.904203812766,2022-01-01,2022-02-08
전라북도,정읍시,오복농장,닭,육계,62000.0,전라북도 정읍시 신태인읍 백산리 832-5,35.69394751687,126.904315608309,2022-01-01,2022-02-08
전라북도,정읍시,요동농장,닭,산란중추,30000.0,전라북도 정읍시 정우면 장순리 13-7,35.6398086407771,126.902911852421,2022-01-01,2022-02-08
전라북도,정읍시,용소골양계장,닭,토종닭,45000.0,전라북도 정읍시 북면 복흥리 1162,35.5857854595469,126.90410396277,2022-01-01,2022-02-08
전라북도,정읍시,우리농장,닭,종계,42000.0,전라북도 정읍시 이평면 팔선리 307,35.6671201523489,126.847328584141,2022-01-01,2022-02-08
전라북도,정읍시,우일농장,오리,종오리,10000.0,전라북도 정읍시 정우면 정우남산길 56-111,35.6233685120306,126.878750608559,2022-01-01,2022-02-08
전라북도,정읍시,원아농장,닭,토종닭,65000.0,전라북도 정읍시 소성면 보화리 306-2,35.5454405455935,126.777181187602,2022-01-01,2022-02-08
전라북도,정읍시,원천농장,닭,육계,70000.0,전라북도 정읍시 입암면 지선리 123-2,35.5285492618935,126.79175773424,2022-01-01,2022-02-08
전라북도,정읍시,월천양계장,닭,토종닭,30000.0,전라북도 정읍시 북면 마정리 480-1,35.6125452694135,126.924145169753,2022-01-01,2022-02-08
전라북도,정읍시,유봉2농장,닭,육계,55000.0,전라북도 정읍시 태인면 고천리 316-3/ 315-2,35.6702127548604,126.954707210534,2022-01-01,2022-02-08
전라북도,정읍시,은선1농장,오리,육용오리,10000.0,전라북도 정읍시 영원면 영원로 960-24,35.6446630050532,126.784004125386,2022-01-01,2022-02-08
전라북도,정읍시,은선2농장,오리,육용오리,12000.0,전라북도 정읍시 영원면 영원로 960-24,35.6446630050532,126.784004125386,2022-01-01,2022-02-08
전라북도,정읍시,이수농장,닭,육계,66600.0,전라북도 정읍시 이평면 태평길 207-54,35.6710937815919,126.796217009843,2022-01-01,2022-02-08
전라북도,정읍시,임씨농장,오리,육용오리,10500.0,전라북도 정읍시 덕천면 하학리 556-7,35.6283064630606,126.805259571868,2022-01-01,2022-02-08
전라북도,정읍시,입암농장,닭,육계,13000.0,전라북도 정읍시 입암면 첨단과학로 30-24,35.5037728589771,126.817832529336,2022-01-01,2022-02-08
전라북도,정읍시,재남농장,오리,육용오리,8000.0,전라북도 정읍시 북면 마정리 451,35.6092508467917,126.931325366675,2022-01-01,2022-02-08
전라북도,정읍시,재업농장,닭,육계,86000.0,전라북도 정읍시 입암면 등천리 213-1,35.4917997503512,126.80064200152,2022-01-01,2022-02-08
전라북도,정읍시,재주농장,닭,육계,140000.0,전라북도 정읍시 이평면 창동리 697-3,35.6693665462624,126.805915926226,2022-01-01,2022-02-08
전라북도,정읍시,전원농장,닭,육계,70000.0,전라북도 정읍시 입암면 연월리 115,35.4864013217333,126.788134406566,2022-01-01,2022-02-08
전라북도,정읍시,조안농장,닭,산란계,50000.0,전라북도 정읍시 이평면 창동리 629-3,35.6551680894774,126.803300614932,2022-01-01,2022-02-08
전라북도,정읍시,종태농장,닭,육계,35000.0,전라북도 정읍시 영원면 신영리 249,35.6354706949396,126.761862755115,2022-01-01,2022-02-08
전라북도,정읍시,주원농장,닭,육계,95000.0,전라북도 정읍시 이평면 산매리 137,35.6455154264053,126.809927664694,2022-01-01,2022-02-08
전라북도,정읍시,준서네농장,닭,토종닭,43000.0,전라북도 정읍시 태인면 증산리 221,35.6773575890804,126.955446908932,2022-01-01,2022-02-08
전라북도,정읍시,지성농장,닭,토종닭,35000.0,전라북도 정읍시 정우면 우산리 286-28,35.625721079359,126.891635870131,2022-01-01,2022-02-08
전라북도,정읍시,창민농장,닭,육계,63000.0,전라북도 정읍시 정우면 장순리 239-3,35.6356276841919,126.889945136281,2022-01-01,2022-02-08
전라북도,정읍시,창섭농장,닭,육계,60000.0,전라북도 정읍시 태인면 태남리 383,35.6077527298605,126.949588263477,2022-01-01,2022-02-08
전라북도,정읍시,청운농장,닭,육계,95000.0,전라북도 정읍시 소성면 용정리 35,35.5456881195134,126.781657874066,2022-01-01,2022-02-08
전라북도,정읍시,충환농장,닭,토종닭,40000.0,전라북도 정읍시 태인면 증산리 171,35.6797130401281,126.951137486365,2022-01-01,2022-02-08
전라북도,정읍시,태봉농장,오리,육용오리,7000.0,전라북도 정읍시 고부면 만수리 68-2,35.5908554212355,126.802778899239,2022-01-01,2022-02-08
전라북도,정읍시,팔팔농장,닭,육계,75000.0,전라북도 정읍시 신태인읍 백산리 28,35.6977631138519,126.915561402237,2022-01-01,2022-02-08
전라북도,정읍시,풀꽃농장,닭,육계,58000.0,전라북도 정읍시 북면 마정리 448-3,35.6092435711145,126.932164717546,2022-01-01,2022-02-08
전라북도,정읍시,학동농장,닭,육계,50000.0,전라북도 정읍시 북면 한교리 1120,35.6207251630227,126.908626614207,2022-01-01,2022-02-08
전라북도,정읍시,한교농장,닭,토종닭,25000.0,전라북도 정읍시 북면 한교리 1175,35.6222996417801,126.906880181969,2022-01-01,2022-02-08
전라북도,정읍시,한길타조농장,타조,,95.0,전라북도 정읍시 이평면 창동리 713-2,35.6562484655158,126.801000761032,2022-01-01,2022-02-08
전라북도,정읍시,한울축산,닭,토종닭,52000.0,전라북도 정읍시 북면 한교리 492,35.6270867142395,126.917459897192,2022-01-01,2022-02-08
전라북도,정읍시,행복한닭농장,닭,토종닭,36000.0,전라북도 정읍시 북면 복흥리 411-8,35.5834479498772,126.904105094667,2022-01-01,2022-02-08
전라북도,정읍시,헵시바농장,닭,육계,70800.0,전라북도 정읍시 태인면 태서리 1409-2,35.6258250756276,126.924733041222,2022-01-01,2022-02-08
전라북도,정읍시,현택농산,오리,육용오리,15900.0,전라북도 정읍시 이평면 창동리 713-6,35.6570582429334,126.802408209008,2022-01-01,2022-02-08
전라북도,정읍시,형동농장,닭,육계,80000.0,전라북도 정읍시 태인면 박산리 619,35.6894903473132,126.918021626207,2022-01-01,2022-02-08
충청남도,아산시,감나무집,닭,육계,50.0,충청남도 아산시 탕정면 용두리 15-1,36.8159925019379,127.047336134268,2025-05-01,2025-04-20
충청남도,아산시,거해농장,닭,육계,75000.0,충청남도 아산시 신창면 가덕리 1015,36.8193990112243,126.919274174855,2025-05-01,2025-04-05
충청남도,아산시,건강마을,닭,종계/산란계,9000.0,충청남도 아산시 둔포면 봉재리 159-14,36.8830751162149,127.034760258629,2025-05-01,2025-04-20
충청남도,아산시,고령농장,닭,육계,14338.0,충청남도 아산시 영인면 신봉리 95-12,36.8849355601517,126.998936234879,2025-05-01,2025-04-05
충청남도,아산시,곡부농장,닭,종계/산란계,8000.0,충청남도 아산시 둔포면 신양리 217,36.8870108477851,127.053258010449,2025-05-01,2025-04-05
충청남도,아산시,그린농장,닭,종계/산란계,4000.0,충청남도 아산시 음봉면 산정리 204-2 외 1필지(204-3),36.8557947710244,127.003538930521,2025-05-01,2025-04-20
충청남도,아산시,근해농장,닭,종계/산란계,9500.0,충청남도 아산시 음봉면 원남리 313-1,36.8590422744148,127.026355494473,2025-05-01,2025-04-05
충청남도,아산시,금강농장,닭,종계/산란계,21400.0,충청남도 아산시 음봉면 원남리 15-5,36.8550884332482,127.035601469805,2025-05-01,2025-04-05
충청남도,아산시,금미농장,닭,육계,14903.0,충청남도 아산시 둔포면 산전리 244-1 외 1필지(244-5),36.8980343814244,127.045123441564,2025-05-01,2025-04-05
충청남도,아산시,금반농원,오리,,8000.0,충청남도 아산시 신창면 행목리 429-3,36.7768659029036,126.952011344114,2025-05-01,2026-03-10
충청남도,아산시,금산농장,닭,종계/산란계,34000.0,충청남도 아산시 영인면 신운리 128,36.8636167896501,126.961632110442,2025-05-01,2025-04-05
충청남도,아산시,기림농장,닭,육계,50000.0,충청남도 아산시 배방읍 북수리 528-2,36.780770516997,127.070151454953,2025-05-01,2025-04-05
충청남도,아산시,남성농장,닭,육계,14715.0,충청남도 아산시 신창면 남성리 561-1 외 1필지(562),36.7912799262353,126.94724931224,2025-05-01,2025-04-05
충청남도,아산시,농업회사법인 다온앤팜,닭,종계/산란계,35000.0,충청남도 아산시 음봉면 쌍암리 147-7,36.8789114976599,127.085001305414,2025-05-01,2025-04-05
충청남도,아산시,농업회사법인 에이치비(주)예산농장,메추리,,320000.0,충청남도 아산시 도고면 효자리 13-1,36.7384695766906,126.87372869349,2025-05-01,2025-04-05
충청남도,아산시,농업회사법인 주식회사 뉴코리아,닭,육계,23000.0,충청남도 아산시 도고면 화천리 143-21,36.7114528945888,126.915318828893,2025-05-01,2025-04-05
충청남도,아산시,농업회사법인주식회사 골드마운틴,닭,종계/산란계,18000.0,충청남도 아산시 영인면 신봉리 527,36.8987077818749,126.981505135334,2025-05-01,2025-04-05
충청남도,아산시,농업회사법인주식회사계림농장,닭,종계/산란계,120000.0,충청남도 아산시 신창면 읍내리 39-3,36.7714784378039,126.932269493328,2025-05-01,2026-02-06
충청남도,아산시,대박농장,닭,육계,27000.0,충청남도 아산시 신창면 황산리 342-15,36.7585537549956,126.954310184286,2025-05-01,2025-04-05
충청남도,아산시,대한농장,닭,종계/산란계,150336.0,충청남도 아산시 둔포면 염작리 289-17,36.9139031176044,127.074665640812,2025-05-01,2025-04-20
충청남도,아산시,덕산농장,닭,육계,50000.0,충청남도 아산시 배방읍 세출리 105-1,36.7466443588285,127.083552937215,2025-05-01,2025-04-05
충청남도,아산시,도고농장,닭,육계,70000.0,충청남도 아산시 도고면 금산리 69-3,36.7410028176939,126.886720005317,2025-05-01,2025-04-05
충청남도,아산시,동준농장,닭,종계/산란계,8000.0,충청남도 아산시 인주면 해암리 11-9,36.8399913786627,126.892593830407,2025-05-01,2023-12-09
충청남도,아산시,디와이팜,닭,종계/산란계,470000.0,충청남도 아산시 신창면 오목리 143-24,36.7945001736568,126.93234783016,2025-05-01,2026-03-10
충청남도,아산시,명막골농장,닭,종계/산란계,25000.0,충청남도 아산시 배방읍 수철리 60-2,36.7115607275726,127.069105127851,2025-05-01,2025-04-05
충청남도,아산시,배미농장,닭,육계,30000.0,충청남도 아산시 신창면 남성리 69-6,36.7938042785061,126.963803725767,2025-05-01,2025-04-05
충청남도,아산시,백운농장,오리,,31980.0,충청남도 아산시 둔포면 신남리 681-10 외 2(681-11/ 678-2),36.9061025916062,127.015672175052,2025-05-01,2025-04-05
충청남도,아산시,보광농원,닭,종계/산란계,0.0,충청남도 아산시 신창면 궁화리 145,36.794303387389,126.907711835801,2025-05-01,2026-02-06
충청남도,아산시,보리원농장,닭,종계/산란계,18000.0,충청남도 아산시 인주면 모원리 189-외 3필지(189-1/190/190-1),36.8862913007684,126.932198278015,2025-05-01,2025-04-05
충청남도,아산시,부활농장,닭,종계/산란계,50000.0,충청남도 아산시 음봉면 산동리 578,36.8438524982315,127.098164248152,2025-05-01,2025-04-20
충청남도,아산시,부활농장,닭,종계/산란계,20000.0,충청남도 아산시 음봉면 산정리 27,36.8557947710244,127.003538930521,2025-05-01,2025-04-20
충청남도,아산시,산들농장,닭,육계,50000.0,충청남도 아산시 염치읍 산양리 584,36.8247485849996,126.91088874027,2025-05-01,2025-04-05
충청남도,아산시,산마루식당,닭,육계,30.0,충청남도 아산시 도고면 농은리 298,36.7031943404666,126.919475994017,2025-05-01,2025-04-05
충청남도,아산시,삼봉농장,닭,종계/산란계,30000.0,충청남도 아산시 도고면 화천리 45,36.7220545785872,126.922377909671,2025-05-01,2025-04-05
충청남도,아산시,삼진농장,닭,육계,50000.0,충청남도 아산시 인주면 도흥리 1-6,36.8441513914825,126.907912637411,2025-05-01,2025-04-05
충청남도,아산시,상미농장,닭,육계,50000.0,충청남도 아산시 도고면 금산리 69-6 외 1필지,36.7400915901064,126.886516448751,2025-05-01,2025-04-05
충청남도,아산시,상일농장,닭,육계,80000.0,충청남도 아산시 둔포면 염작리 125-1,36.9139031176044,127.074665640812,2025-05-01,2025-04-20
충청남도,아산시,서유농원,닭,종계/산란계,18000.0,충청남도 아산시 둔포면 관대리 65-3,36.911493845786,127.037455645947,2025-05-01,2025-04-05
충청남도,아산시,성내가든,닭,육계,30.0,충청남도 아산시 영인면 성내리 459-5,36.8799443650213,126.983928018433,2025-05-01,2025-04-05
충청남도,아산시,성보농원,닭,종계/산란계,80000.0,충청남도 아산시 둔포면 염작리 292-2,36.9139031176044,127.074665640812,2025-05-01,2025-04-20
충청남도,아산시,성윤농원,닭,종계/산란계,20000.0,충청남도 아산시 신창면 가내리 380-1,36.8103668577887,126.8933533522,2025-05-01,2025-04-05
충청남도,아산시,수봉농원,닭,종계/산란계,50000.0,충청남도 아산시 음봉면 동천리 85-1,36.8361346972174,127.017181615958,2025-05-01,2025-04-05
충청남도,아산시,수장농장,닭,육계,30000.0,충청남도 아산시 신창면 수장리 275-11,36.7996895881658,126.967073198368,2025-05-01,2025-04-05
충청남도,아산시,수정농장,닭,종계/산란계,13000.0,충청남도 아산시 영인면 창용리 131-2 외 1필지(131-3),36.9045351819,126.976433984161,2025-05-01,2025-04-05
충청남도,아산시,시우농장,닭,육계,153000.0,충청남도 아산시 음봉면 신정리 318-2,36.8726258234393,127.01953343887,2025-05-01,2025-04-20
충청남도,아산시,시전농장,닭,육계,38000.0,충청남도 아산시 도고면 금산리 산 28-1 도고면 금산리 69-2 69-1,36.7397221084093,126.885834010557,2025-05-01,2025-04-05
충청남도,아산시,신명축산,닭,육계,60000.0,충청남도 아산시 선장면 죽산리 121-3,36.7801537833626,126.91121764999,2025-05-01,2025-04-05
충청남도,아산시,신창농장,닭,종계/산란계,24000.0,충청남도 아산시 신창면 가내리 978,36.8060533542814,126.899700294153,2025-05-01,2025-04-05
충청남도,아산시,신창농장,닭,종계/산란계,48000.0,충청남도 아산시 신창면 궁화리 166-20,36.794303387389,126.907711835801,2025-05-01,2026-02-06
충청남도,아산시,아산농장,닭,종계/산란계,30000.0,충청남도 아산시 영인면 창용리 105-9,36.9070760159982,126.979932870988,2025-05-01,2025-04-05
충청남도,아산시,아산이레농장,닭,육계,13764.0,충청남도 아산시 음봉면 쌍룡리 107-1,36.8853034985328,127.073148191378,2025-05-01,2025-04-05
충청남도,아산시,안골농원,닭,육계,60000.0,충청남도 아산시 영인면 성내리 287-6,36.8731184824477,126.992656855793,2025-05-01,2025-04-05
충청남도,아산시,알로찬농장,닭,육계,14000.0,충청남도 아산시 신창면 오목리 236-1,36.7945001736568,126.93234783016,2025-05-01,2026-03-10
충청남도,아산시,연호농장,닭,종계/산란계,6500.0,충청남도 아산시 둔포면 신양리 76-1,36.8892806328689,127.059331905714,2025-05-01,2025-04-05
충청남도,아산시,염치농장,닭,종계/산란계,25000.0,충청남도 아산시 염치읍 쌍죽리 89,36.8303282991238,126.982678889674,2025-05-01,2025-04-20
충청남도,아산시,영남축산,닭,육계,31000.0,충청남도 아산시 둔포면 염작리 56-13,36.9139031176044,127.074665640812,2025-05-01,2025-04-20
충청남도,아산시,영월농장,닭,육계,70000.0,충청남도 아산시 배방읍 북수리 472-4,36.7833358430073,127.07131193576,2025-05-01,2025-04-05
충청남도,아산시,우림농원,닭,종계/산란계,40000.0,충청남도 아산시 선장면 죽산리 103-5,36.7748036647946,126.920634897902,2025-05-01,2025-04-05
충청남도,아산시,원농장,닭,육계,300000.0,충청남도 아산시 신창면 남성리 693,36.8047044751523,126.949410461781,2025-05-01,2025-04-05
충청남도,아산시,유아농장,닭,육계,36000.0,충청남도 아산시 둔포면 산전리 36,36.8987284478543,127.046879720498,2025-05-01,2025-04-05
충청남도,아산시,융진농장,닭,육계,110000.0,충청남도 아산시 도고면 효자리 143-21외 2필지,36.7403923978695,126.868331506694,2025-05-01,2025-04-05
충청남도,아산시,으뜸목장,닭,종계/산란계,75000.0,충청남도 아산시 인주면 해암리 11-2,36.8399913786627,126.892593830407,2025-05-01,2023-12-09
충청남도,아산시,음봉양계장,닭,종계/산란계,18000.0,충청남도 아산시 음봉면 삼거리 183-5,36.8480882427475,127.017120829202,2025-05-01,2025-04-05
충청남도,아산시,인광농장,닭,육계,25000.0,충청남도 아산시 도고면 신통리 91-1,36.7645153481432,126.903125623963,2025-05-01,2025-04-05
충청남도,아산시,인해농원,닭,종계/산란계,15000.0,충청남도 아산시 영인면 창용리 39,36.913406846005,126.981600114131,2025-05-01,2025-04-05
충청남도,아산시,인흥농장,닭,육계,80000.0,충청남도 아산시 둔포면 운교리 190,36.9103738969478,127.047699606106,2025-05-01,2025-04-20
충청남도,아산시,재연농장,닭,육계,60000.0,충청남도 아산시 염치읍 중방리 95-10,36.8157457700971,126.957915850245,2025-05-01,2025-04-05
충청남도,아산시,제일농장,닭,육계,36000.0,충청남도 아산시 음봉면 신정리 11-1,36.8726258234393,127.01953343887,2025-05-01,2025-04-20
충청남도,아산시,진수농장,닭,육계,500.0,충청남도 아산시 선장면 죽산리 331-1,36.7854722804681,126.903498304626,2025-05-01,2025-04-05
충청남도,아산시,창원농장,닭,육계,25000.0,충청남도 아산시 둔포면 신양리 218-1,36.8870959744195,127.052712878865,2025-05-01,2025-04-05
충청남도,아산시,창의농장,닭,육계,80000.0,충청남도 아산시 도고면 시전리 350-1,36.7493301646294,126.893957348921,2025-05-01,2025-04-05
충청남도,아산시,청송농원,닭,육계,40000.0,충청남도 아산시 배미동 185-1,36.7898147233005,126.973119141605,2025-05-01,2025-04-05
충청남도,아산시,초록농장,닭,종계/산란계,200.0,충청남도 아산시 선장면 군덕리 459-7,36.7943660918584,126.863321258554,2025-05-01,2025-04-05
충청남도,아산시,초원농원,닭,종계/산란계,67720.0,충청남도 아산시 음봉면 산정리 223,36.8557947710244,127.003538930521,2025-05-01,2025-04-20
충청남도,아산시,초원충남사료 영농조합법인(아산지소),닭,종계/산란계,15000.0,충청남도 아산시 둔포면 신양리 255-2,36.8905602417935,127.055114881296,2025-05-01,2025-04-05
충청남도,아산시,칠목농장,닭,육계,45000.0,충청남도 아산시 신창면 행목리 311-1 외 7필지(98/98-1/101/310/311/311-2/311-9),36.7768659029036,126.952011344114,2025-05-01,2026-03-10
충청남도,아산시,통일청란,닭,종계/산란계,12700.0,충청남도 아산시 둔포면 산전리 390-8,36.8901972336134,127.037409676676,2025-05-01,2025-04-05
충청남도,아산시,평택농장,닭,육계,23680.0,충청남도 아산시 둔포면 신양리 305-15,36.8901648552473,127.049555111941,2025-05-01,2025-04-05
충청남도,아산시,푸른초원농원,닭,종계/산란계,21000.0,충청남도 아산시 음봉면 산정리 222-1,36.8557947710244,127.003538930521,2025-05-01,2025-04-20
충청남도,아산시,한미농장,닭,종계/산란계,42406.0,충청남도 아산시 음봉면 덕지리 26-4,36.8371402853653,127.082585248526,2025-05-01,2025-04-05
충청남도,아산시,한일농장,닭,육계,24480.0,충청남도 아산시 도고면 신통리 95-1,36.765540008625,126.906275058369,2025-05-01,2025-04-05
충청남도,아산시,향원농장,닭,육계,50000.0,충청남도 아산시 신창면 남성리 675-1,36.8073306988683,126.948208990959,2025-05-01,2025-04-05
충청남도,아산시,현광1농장,닭,육계,20000.0,충청남도 아산시 초사동 261-1,36.746368900619,126.983729953966,2025-05-01,2025-04-05
충청남도,아산시,현광2농장,닭,육계,45000.0,충청남도 아산시 장존동 산38-35,36.7483260182876,126.994073513598,2025-05-01,2025-04-05
충청남도,아산시,현대농장,닭,육계,30000.0,충청남도 아산시 음봉면 신정리 11-1,36.8726258234393,127.01953343887,2025-05-01,2025-04-20
충청남도,아산시,현민농장,닭,육계,55000.0,충청남도 아산시 신창면 가덕리 44-1,36.8152482870734,126.931581816948,2025-05-01,2025-04-05
충청남도,아산시,협진농장,닭,육계,40000.0,충청남도 아산시 음봉면 원남리 180-3,36.8703019992331,127.036000732719,2025-05-01,2025-04-05
충청남도,아산시,호반 토종닭,닭,육계,50.0,충청남도 아산시 염치읍 동정리 33,36.8236891854465,127.006817216157,2025-05-01,2025-04-05
충청남도,아산시,희망농장,닭,종계/산란계,30000.0,충청남도 아산시 둔포면 산전리 364-1,36.896026828377,127.046054689348,2025-05-01,2025-04-05
충청남도,아산시,거해농장,닭,육계,75000.0,충청남도 아산시 신창면 가덕리 1015,36.8193990112243,126.919274174855,2025-05-01,2025-04-20
충청남도,아산시,고령농장,닭,육계,14338.0,충청남도 아산시 영인면 신봉리 95-12,36.8849355601517,126.998936234879,2025-05-01,2025-04-20
충청남도,아산시,곡부농장,닭,종계/산란계,8000.0,충청남도 아산시 둔포면 신양리 217,36.8870108477851,127.053258010449,2025-05-01,2025-04-20
충청남도,아산시,근해농장,닭,종계/산란계,9500.0,충청남도 아산시 음봉면 원남리 313-1,36.8590422744148,127.026355494473,2025-05-01,2025-04-20
충청남도,아산시,금강농장,닭,종계/산란계,21400.0,충청남도 아산시 음봉면 원남리 15-5,36.8550884332482,127.035601469805,2025-05-01,2025-04-20
충청남도,아산시,금미농장,닭,육계,14903.0,충청남도 아산시 둔포면 산전리 244-1 외 1필지(244-5),36.8980343814244,127.045123441564,2025-05-01,2025-04-20
충청남도,아산시,금산농장,닭,종계/산란계,34000.0,충청남도 아산시 영인면 신운리 128,36.8636167896501,126.961632110442,2025-05-01,2025-04-20
충청남도,아산시,기림농장,닭,육계,50000.0,충청남도 아산시 배방읍 북수리 528-2,36.780770516997,127.070151454953,2025-05-01,2025-04-20
충청남도,아산시,남성농장,닭,육계,14715.0,충청남도 아산시 신창면 남성리 561-1 외 1필지(562),36.7912799262353,126.94724931224,2025-05-01,2025-04-20
충청남도,아산시,농업회사법인 다온앤팜,닭,종계/산란계,35000.0,충청남도 아산시 음봉면 쌍암리 147-7,36.8789114976599,127.085001305414,2025-05-01,2025-04-20
충청남도,아산시,농업회사법인 에이치비(주)예산농장,메추리,,320000.0,충청남도 아산시 도고면 효자리 13-1,36.7384695766906,126.87372869349,2025-05-01,2025-04-20
충청남도,아산시,농업회사법인 주식회사 뉴코리아,닭,육계,23000.0,충청남도 아산시 도고면 화천리 143-21,36.7114528945888,126.915318828893,2025-05-01,2025-04-20
충청남도,아산시,농업회사법인주식회사 골드마운틴,닭,종계/산란계,18000.0,충청남도 아산시 영인면 신봉리 527,36.8987077818749,126.981505135334,2025-05-01,2025-04-20
충청남도,아산시,대박농장,닭,육계,27000.0,충청남도 아산시 신창면 황산리 342-15,36.7585537549956,126.954310184286,2025-05-01,2025-04-20
충청남도,아산시,덕산농장,닭,육계,50000.0,충청남도 아산시 배방읍 세출리 105-1,36.7466443588285,127.083552937215,2025-05-01,2025-04-20
충청남도,아산시,도고농장,닭,육계,70000.0,충청남도 아산시 도고면 금산리 69-3,36.7410028176939,126.886720005317,2025-05-01,2025-04-20
충청남도,아산시,명막골농장,닭,종계/산란계,25000.0,충청남도 아산시 배방읍 수철리 60-2,36.7115607275726,127.069105127851,2025-05-01,2025-04-20
충청남도,아산시,배미농장,닭,육계,30000.0,충청남도 아산시 신창면 남성리 69-6,36.7938042785061,126.963803725767,2025-05-01,2025-04-20
충청남도,아산시,백운농장,오리,,31980.0,충청남도 아산시 둔포면 신남리 681-10 외 2(681-11/ 678-2),36.9061025916062,127.015672175052,2025-05-01,2025-04-20
충청남도,아산시,보리원농장,닭,종계/산란계,18000.0,충청남도 아산시 인주면 모원리 189-외 3필지(189-1/190/190-1),36.8862913007684,126.932198278015,2025-05-01,2025-04-20
충청남도,아산시,산들농장,닭,육계,50000.0,충청남도 아산시 염치읍 산양리 584,36.8247485849996,126.91088874027,2025-05-01,2025-04-20
충청남도,아산시,산마루식당,닭,육계,30.0,충청남도 아산시 도고면 농은리 298,36.7031943404666,126.919475994017,2025-05-01,2025-04-20
충청남도,아산시,삼봉농장,닭,종계/산란계,30000.0,충청남도 아산시 도고면 화천리 45,36.7220545785872,126.922377909671,2025-05-01,2025-04-20
충청남도,아산시,삼진농장,닭,육계,50000.0,충청남도 아산시 인주면 도흥리 1-6,36.8441513914825,126.907912637411,2025-05-01,2025-04-20
충청남도,아산시,상미농장,닭,육계,50000.0,충청남도 아산시 도고면 금산리 69-6 외 1필지,36.7400915901064,126.886516448751,2025-05-01,2025-04-20
충청남도,아산시,서유농원,닭,종계/산란계,18000.0,충청남도 아산시 둔포면 관대리 65-3,36.911493845786,127.037455645947,2025-05-01,2025-04-20
충청남도,아산시,성내가든,닭,육계,30.0,충청남도 아산시 영인면 성내리 459-5,36.8799443650213,126.983928018433,2025-05-01,2025-04-20
충청남도,아산시,성윤농원,닭,종계/산란계,20000.0,충청남도 아산시 신창면 가내리 380-1,36.8103668577887,126.8933533522,2025-05-01,2025-04-20
충청남도,아산시,수봉농원,닭,종계/산란계,50000.0,충청남도 아산시 음봉면 동천리 85-1,36.8361346972174,127.017181615958,2025-05-01,2025-04-20
충청남도,아산시,수장농장,닭,육계,30000.0,충청남도 아산시 신창면 수장리 275-11,36.7996895881658,126.967073198368,2025-05-01,2025-04-20
충청남도,아산시,수정농장,닭,종계/산란계,13000.0,충청남도 아산시 영인면 창용리 131-2 외 1필지(131-3),36.9045351819,126.976433984161,2025-05-01,2025-04-20
충청남도,아산시,시전농장,닭,육계,38000.0,충청남도 아산시 도고면 금산리 산 28-1 도고면 금산리 69-2 69-1,36.7397221084093,126.885834010557,2025-05-01,2025-04-20
충청남도,아산시,신명축산,닭,육계,60000.0,충청남도 아산시 선장면 죽산리 121-3,36.7801537833626,126.91121764999,2025-05-01,2025-04-20
충청남도,아산시,신창농장,닭,종계/산란계,24000.0,충청남도 아산시 신창면 가내리 978,36.8060533542814,126.899700294153,2025-05-01,2025-04-20
충청남도,아산시,아산농장,닭,종계/산란계,30000.0,충청남도 아산시 영인면 창용리 105-9,36.9070760159982,126.979932870988,2025-05-01,2025-04-20
충청남도,아산시,아산이레농장,닭,육계,13764.0,충청남도 아산시 음봉면 쌍룡리 107-1,36.8853034985328,127.073148191378,2025-05-01,2025-04-20
충청남도,아산시,안골농원,닭,육계,60000.0,충청남도 아산시 영인면 성내리 287-6,36.8731184824477,126.992656855793,2025-05-01,2025-04-20
충청남도,아산시,연호농장,닭,종계/산란계,6500.0,충청남도 아산시 둔포면 신양리 76-1,36.8892806328689,127.059331905714,2025-05-01,2025-04-20
충청남도,아산시,영월농장,닭,육계,70000.0,충청남도 아산시 배방읍 북수리 472-4,36.7833358430073,127.07131193576,2025-05-01,2025-04-20
충청남도,아산시,우림농원,닭,종계/산란계,40000.0,충청남도 아산시 선장면 죽산리 103-5,36.7748036647946,126.920634897902,2025-05-01,2025-04-20
충청남도,아산시,원농장,닭,육계,300000.0,충청남도 아산시 신창면 남성리 693,36.8047044751523,126.949410461781,2025-05-01,2025-04-20
충청남도,아산시,유아농장,닭,육계,36000.0,충청남도 아산시 둔포면 산전리 36,36.8987284478543,127.046879720498,2025-05-01,2025-04-20
충청남도,아산시,융진농장,닭,육계,110000.0,충청남도 아산시 도고면 효자리 143-21외 2필지,36.7403923978695,126.868331506694,2025-05-01,2025-04-20
충청남도,아산시,음봉양계장,닭,종계/산란계,18000.0,충청남도 아산시 음봉면 삼거리 183-5,36.8480882427475,127.017120829202,2025-05-01,2025-04-20
충청남도,아산시,인광농장,닭,육계,25000.0,충청남도 아산시 도고면 신통리 91-1,36.7645153481432,126.903125623963,2025-05-01,2025-04-20
충청남도,아산시,인해농원,닭,종계/산란계,15000.0,충청남도 아산시 영인면 창용리 39,36.913406846005,126.981600114131,2025-05-01,2025-04-20
충청남도,아산시,재연농장,닭,육계,60000.0,충청남도 아산시 염치읍 중방리 95-10,36.8157457700971,126.957915850245,2025-05-01,2025-04-20
충청남도,아산시,진수농장,닭,육계,500.0,충청남도 아산시 선장면 죽산리 331-1,36.7854722804681,126.903498304626,2025-05-01,2025-04-20
충청남도,아산시,창원농장,닭,육계,25000.0,충청남도 아산시 둔포면 신양리 218-1,36.8870959744195,127.052712878865,2025-05-01,2025-04-20
충청남도,아산시,창의농장,닭,육계,80000.0,충청남도 아산시 도고면 시전리 350-1,36.7493301646294,126.893957348921,2025-05-01,2025-04-20
충청남도,아산시,청송농원,닭,육계,40000.0,충청남도 아산시 배미동 185-1,36.7898147233005,126.973119141605,2025-05-01,2025-04-20
충청남도,아산시,초록농장,닭,종계/산란계,200.0,충청남도 아산시 선장면 군덕리 459-7,36.7943660918584,126.863321258554,2025-05-01,2025-04-20
충청남도,아산시,초원충남사료 영농조합법인(아산지소),닭,종계/산란계,15000.0,충청남도 아산시 둔포면 신양리 255-2,36.8905602417935,127.055114881296,2025-05-01,2025-04-20
충청남도,아산시,통일청란,닭,종계/산란계,12700.0,충청남도 아산시 둔포면 산전리 390-8,36.8901972336134,127.037409676676,2025-05-01,2025-04-20
충청남도,아산시,평택농장,닭,육계,23680.0,충청남도 아산시 둔포면 신양리 305-15,36.8901648552473,127.049555111941,2025-05-01,2025-04-20
충청남도,아산시,한미농장,닭,종계/산란계,42406.0,충청남도 아산시 음봉면 덕지리 26-4,36.8371402853653,127.082585248526,2025-05-01,2025-04-20
충청남도,아산시,한일농장,닭,육계,24480.0,충청남도 아산시 도고면 신통리 95-1,36.765540008625,126.906275058369,2025-05-01,2025-04-20
충청남도,아산시,향원농장,닭,육계,50000.0,충청남도 아산시 신창면 남성리 675-1,36.8073306988683,126.948208990959,2025-05-01,2025-04-20
충청남도,아산시,현광1농장,닭,육계,20000.0,충청남도 아산시 초사동 261-1,36.746368900619,126.983729953966,2025-05-01,2025-04-20
충청남도,아산시,현광2농장,닭,육계,45000.0,충청남도 아산시 장존동 산38-35,36.7483260182876,126.994073513598,2025-05-01,2025-04-20
충청남도,아산시,현민농장,닭,육계,55000.0,충청남도 아산시 신창면 가덕리 44-1,36.8152482870734,126.931581816948,2025-05-01,2025-04-20
충청남도,아산시,협진농장,닭,육계,40000.0,충청남도 아산시 음봉면 원남리 180-3,36.8703019992331,127.036000732719,2025-05-01,2025-04-20
충청남도,아산시,호반 토종닭,닭,육계,50.0,충청남도 아산시 염치읍 동정리 33,36.8236891854465,127.006817216157,2025-05-01,2025-04-20
충청남도,아산시,희망농장,닭,종계/산란계,30000.0,충청남도 아산시 둔포면 산전리 364-1,36.896026828377,127.046054689348,2025-05-01,2025-04-20
충청남도,천안시,가나안농장,닭,종계/산란계,20000.0,충청남도 천안시 동남구 풍세면 보성리 ***번지,36.7294242158523,127.111747862164,2025-11-28,2025-03-26
충청남도,천안시,가덕농장,닭,육계,60192.0,충청남도 천안시 동남구 풍세면 가송리 ***번지 *호,36.729029590028,127.143607901246,2025-11-28,2025-03-26
충청남도,천안시,가송농장,닭,육계,33000.0,충청남도 천안시 동남구 풍세면 가송리 ***번지,36.729029590028,127.143607901246,2025-11-28,2025-03-26
충청남도,천안시,가송농장,닭,육계,39246.0,충청남도 천안시 동남구 풍세면 풍서리 ***번지 *호,36.7186707196143,127.123968877927,2025-11-28,2025-03-26
충청남도,천안시,가온팜 농업회사법인(주),닭,종계/산란계,145600.0,충청남도 천안시 서북구 성환읍 양령리 ***번지 *호,36.9617881669558,127.155434390192,2025-11-28,2025-12-10
충청남도,천안시,갈뫼정,닭,육계,1000.0,충청남도 천안시 동남구 목천읍 교천리 ***번지 외*필지(***-*),36.7845596283442,127.20115564017,2025-11-28,2025-12-10
충청남도,천안시,개운농장,닭,종계/산란계,4800.0,충청남도 천안시 동남구 북면 명덕리 ***번지 *호 ***번지,36.8205811887473,127.259487555278,2025-11-28,2025-12-10
충청남도,천안시,거기농장,닭,육계,2000.0,충청남도 천안시 동남구 성남면 석곡리 ***번지 *호,36.740706657722,127.223926906226,2025-11-28,2025-04-04
충청남도,천안시,경인농장,닭,종계/산란계,160000.0,충청남도 천안시 동남구 병천면 도원리 ***번지 *호,36.7840865274035,127.311896840366,2025-11-28,2025-12-30
충청남도,천안시,경치농장,닭,육계,57000.0,충청남도 천안시 동남구 풍세면 보성리 ***번지 *호 외 *필지(산*-*),36.7294242158523,127.111747862164,2025-11-28,2025-03-26
충청남도,천안시,경희농장,닭,육계,26800.0,"충청남도 천안시 동남구 성남면 대흥리 ***번지 *호 외 *필지(***, ***-*)",36.7273137270886,127.225132854502,2025-11-28,2025-04-04
충청남도,천안시,계봉농장,닭,종계/산란계,30000.0,충청남도 천안시 동남구 수신면 발산리 ***번지 *호 외 *필지,36.7155620095479,127.299262672571,2025-11-28,2025-12-10
충청남도,천안시,구성농장,닭,종계/산란계,18624.0,"충청남도 천안시 동남구 풍세면 용정리 ***번지 *호 외 *(***-*,**)",36.7425362136992,127.112944775484,2025-11-28,2025-03-26
충청남도,천안시,금버들축산,닭,육계,52800.0,"충청남도 천안시 동남구 병천면 봉항리 ***번지 *호 외 *필지(***-*, ***-*)",36.8408577181576,127.31408693266,2025-11-28,2025-12-30
충청남도,천안시,금잔디농원,닭,육계,36720.0,충청남도 천안시 동남구 병천면 병천리 ***번지 ***호,36.7786980215001,127.293422979516,2025-11-28,2025-12-10
충청남도,천안시,꼬꼬팜농장,닭,종계/산란계,77760.0,충청남도 천안시 서북구 입장면 가산리 *번지 *호 외 *,36.9400965691122,127.199273696669,2025-11-28,2025-12-10
충청남도,천안시,농업회사법인 조인팜스(주) 천안성환지점,닭,종계/산란계,400000.0,충청남도 천안시 서북구 성환읍 신가리 ***번지 *호 외*필지(***-*),36.958514287737,127.111551734369,2025-11-28,2025-12-10
충청남도,천안시,농업회사법인 주식회사 케이씨팜 성환농장,닭,종계/산란계,276480.0,충청남도 천안시 서북구 성환읍 양령리 ***번지 *호,36.9617881669558,127.155434390192,2025-11-28,2025-12-10
충청남도,천안시,농업회사법인양지팜(유),닭,종계/산란계,748224.0,충청남도 천안시 서북구 성환읍 신가리 ***번지 *호,36.958514287737,127.111551734369,2025-11-28,2025-12-10
충청남도,천안시,농업회사법인주식회사다알,닭,종계/산란계,168480.0,충청남도 천안시 서북구 성환읍 왕림리 ***번지 *호,36.9150150068401,127.092666814789,2025-11-28,2025-12-10
충청남도,천안시,능골농장,닭,종계/산란계,30000.0,충청남도 천안시 동남구 성남면 대흥리 ***번지 *호,36.7273137270886,127.225132854502,2025-11-28,2025-04-04
충청남도,천안시,다미농장,닭,종계/산란계,22377.0,충청남도 천안시 동남구 성남면 대흥리 **번지 외 *(**-*),36.7273137270886,127.225132854502,2025-11-28,2025-04-04
충청남도,천안시,다온농장,닭,육계,146600.0,"충청남도 천안시 서북구 입장면 연곡리 ***번지 *호 외 *필지(***-*, ***-*)",36.9506759048517,127.187880927937,2025-11-28,2025-12-10
충청남도,천안시,다원농장,닭,육계,86500.0,"충청남도 천안시 동남구 목천읍 운전리 **번지 *호 , **-*",36.7646143829825,127.237324427678,2025-11-28,2025-04-04
충청남도,천안시,대경농장,닭,육계,46000.0,충청남도 천안시 동남구 풍세면 보성리 **번지 *호 외 *필지(**-*),36.7294242158523,127.111747862164,2025-11-28,2025-03-26
충청남도,천안시,대운2농장,닭,육계,82000.0,"충청남도 천안시 동남구 풍세면 보성리 ***번지 외 *필지(***, ***, ***)",36.7294242158523,127.111747862164,2025-11-28,2025-03-26
충청남도,천안시,대진농장,오리,,8498.0,충청남도 천안시 동남구 병천면 매성리 ***번지 ***,36.8070848091634,127.311147389084,2025-11-28,2025-12-10
충청남도,천안시,대풍농장,닭,종계/산란계,50000.0,"충청남도 천안시 동남구 성남면 대흥리 ***번지 *호 외 *필지(***-*, ***-*, ***-*)",36.7273137270886,127.225132854502,2025-11-28,2025-04-04
충청남도,천안시,대한농장,닭,육계,30000.0,충청남도 천안시 동남구 성남면 대흥리 ***번지 *호,36.7273137270886,127.225132854502,2025-11-28,2025-04-04
충청남도,천안시,대현농장,오리,,19560.0,충청남도 천안시 동남구 병천면 매성리 **번지 외 *필지,36.8070848091634,127.311147389084,2025-11-28,2025-12-10
충청남도,천안시,대흥농장,닭,종계/산란계,19800.0,충청남도 천안시 동남구 풍세면 용정리 **번지 *호,36.7425362136992,127.112944775484,2025-11-28,2025-03-26
충청남도,천안시,덕성농장,오리,,11000.0,충청남도 천안시 동남구 병천면 도원리 ***번지 **호 외*필지,36.7840865274035,127.311896840366,2025-11-28,2025-12-30
충청남도,천안시,도원양계,닭,종계/산란계,110208.0,"충청남도 천안시 동남구 병천면 도원리 ***번지 외 *필지(***-*, ***-*)",36.7840865274035,127.311896840366,2025-11-28,2025-12-30
충청남도,천안시,독립농장,닭,종계/산란계,35000.0,충청남도 천안시 동남구 병천면 병천리 ***번지 *호,36.7786980215001,127.293422979516,2025-11-28,2025-12-10
충청남도,천안시,동행축산,닭,육계,75000.0,"충청남도 천안시 동남구 풍세면 풍서리 ***번지 외 *필지(***, ***)",36.7186707196143,127.123968877927,2025-11-28,2025-03-26
충청남도,천안시,두성오리농장,오리,,17577.0,"충청남도 천안시 동남구 성남면 대흥리 **번지 *호 외 *필지(**-*,**-*,**-*)",36.7273137270886,127.225132854502,2025-11-28,2025-04-04
충청남도,천안시,라파농장,닭,종계/산란계,172800.0,충청남도 천안시 서북구 성환읍 도하리 ***번지 *호,36.9473995992873,127.168634743986,2025-11-28,2025-12-10
충청남도,천안시,로하농장,닭,종계/산란계,36675.0,충청남도 천안시 동남구 병천면 도원리 ***번지 *호 외 ***-*,36.7840865274035,127.311896840366,2025-11-28,2025-12-30
충청남도,천안시,명섭농장,오리,,16400.0,충청남도 천안시 동남구 병천면 봉항리 ***번지 *호 외 *필지(***-*),36.8408577181576,127.31408693266,2025-11-28,2025-12-30
충청남도,천안시,명섭농장(2),오리,,4800.0,충청남도 천안시 동남구 병천면 관성리 ***번지 **호,36.8132503190067,127.336894834374,2025-11-28,2025-12-30
충청남도,천안시,모산농장,오리,,15000.0,충청남도 천안시 동남구 동면 동산리 *번지 *호 외*필지,36.7905867812459,127.358696712968,2025-11-28,2025-12-30
충청남도,천안시,목골농장,닭,종계/산란계,9880.0,충청남도 천안시 동남구 성남면 석곡리 **번지 *호,36.740706657722,127.223926906226,2025-11-28,2025-04-04
충청남도,천안시,목천농장,메추리,,70000.0,"충청남도 천안시 동남구 성남면 용원리 **번지 *호 외 *필지(**-*, **-*)",36.7554207422564,127.213792293389,2025-11-28,2025-04-04
충청남도,천안시,문화농장,닭,육계,100000.0,충청남도 천안시 동남구 성남면 석곡리 **번지 **호 외 *필지(**-**),36.740706657722,127.223926906226,2025-11-28,2025-04-04
충청남도,천안시,백운농장(1),닭,육계,160.0,충청남도 천안시 동남구 목천읍 운전리 **번지 *호,36.7646143829825,127.237324427678,2025-11-28,2025-04-04
충청남도,천안시,번영농장,닭,육계,125873.0,충청남도 천안시 서북구 성환읍 성환리 **번지 **호 외*필지,36.9235362200863,127.133776656914,2025-11-28,2025-12-10
충청남도,천안시,복농장,닭,육계,45000.0,"충청남도 천안시 동남구 성남면 신덕리 **번지 *호 외 *필지(**-*, **-*)",36.7167012104367,127.236742672804,2025-11-28,2025-12-10
충청남도,천안시,불당농장,닭,육계,2000.0,충청남도 천안시 서북구 불당동 ***번지 *호,36.8059344038178,127.113723627709,2025-11-28,2025-12-10
충청남도,천안시,산내들농축,닭,종계/산란계,55000.0,충청남도 천안시 동남구 수신면 장산리 ***번지,36.7411455983928,127.295340146954,2025-11-28,2025-12-10
충청남도,천안시,삼보농장,닭,종계/산란계,197280.0,충청남도 천안시 동남구 풍세면 가송리 ***번지,36.729029590028,127.143607901246,2025-11-28,2025-03-26
충청남도,천안시,삼봉농장,닭,육계,87000.0,충청남도 천안시 동남구 성남면 대흥리 **번지 *호,36.7273137270886,127.225132854502,2025-11-28,2025-04-04
충청남도,천안시,상만농장,닭,육계,38000.0,충청남도 천안시 동남구 광덕면 보산원리 ***번지 *호,36.691095092888,127.073089026646,2025-11-28,2025-12-10
충청남도,천안시,상봉1농장,닭,종계/산란계,3500.0,충청남도 천안시 동남구 동면 죽계리 ***번지,36.7912491024894,127.374196982963,2025-11-28,2025-12-10
충청남도,천안시,상봉2농장,닭,종계/산란계,1500.0,충청남도 천안시 동남구 동면 덕성리 ***번지,36.8111665206159,127.370954279745,2025-11-28,2025-12-10
충청남도,천안시,새터농장,닭,육계,160000.0,"충청남도 천안시 동남구 성남면 대흥리 *번지 *호 *-*, *-*",36.7273137270886,127.225132854502,2025-11-28,2025-04-04
충청남도,천안시,석곡농장,오리,,24878.0,충청남도 천안시 동남구 성남면 대흥리 **번지 *호,36.7273137270886,127.225132854502,2025-11-28,2025-04-04
충청남도,천안시,석수농장,닭,육계,30000.0,충청남도 천안시 동남구 성남면 봉양리 ***번지 *호,36.7101505702111,127.254817983882,2025-11-28,2025-04-04
충청남도,천안시,성남농장,닭,종계/산란계,187000.0,"충청남도 천안시 동남구 성남면 봉양리 ***번지 외*필지(***-*,***-*,***-*,***)",36.7101505702111,127.254817983882,2025-11-28,2025-04-04
충청남도,천안시,성록농장,닭,육계,19826.0,충청남도 천안시 동남구 성남면 신덕리 ***번지 외*필지(***),36.7167012104367,127.236742672804,2025-11-28,2025-12-10
충청남도,천안시,성록농장,닭,육계,72000.0,충청남도 천안시 동남구 성남면 신덕리 ***번지,36.7167012104367,127.236742672804,2025-11-28,2025-12-10
충청남도,천안시,성현농장,닭,종계/산란계,70000.0,충청남도 천안시 동남구 풍세면 보성리 **번지 *호,36.7294242158523,127.111747862164,2025-11-28,2025-03-26
충청남도,천안시,성환농장,닭,종계/산란계,21427.0,충청남도 천안시 서북구 성환읍 양령리 ***번지 *호,36.9617881669558,127.155434390192,2025-11-28,2025-12-10
충청남도,천안시,성환축산,닭,육계,75000.0,충청남도 천안시 서북구 성환읍 신가리 ***번지 *호,36.958514287737,127.111551734369,2025-11-28,2025-12-10
충청남도,천안시,세명농장,닭,종계/산란계,16789.0,충청남도 천안시 동남구 성남면 봉양리 ***번지 *호,36.7101505702111,127.254817983882,2025-11-28,2025-04-04
충청남도,천안시,세성농장,닭,육계,50000.0,충청남도 천안시 동남구 성남면 화성리 ***번지,36.7532891200255,127.266293329998,2025-11-28,2025-12-10
충청남도,천안시,세연농장,닭,육계,45000.0,충청남도 천안시 동남구 동면 화덕리 ***번지,36.7600270658793,127.404059412098,2025-11-28,2025-12-10
충청남도,천안시,소망농장,닭,종계/산란계,82000.0,충청남도 천안시 동남구 풍세면 용정리 ***번지 *호,36.7425362136992,127.112944775484,2025-11-28,2025-03-26
충청남도,천안시,소사농장,닭,종계/산란계,214076.0,충청남도 천안시 동남구 목천읍 소사리 ***번지,36.73389509315,127.18101914051,2025-11-28,2025-04-04
충청남도,천안시,수호농장,닭,종계/산란계,36064.0,"충청남도 천안시 동남구 풍세면 가송리 ***번지 *호 외 *(***, ***-*)",36.729029590028,127.143607901246,2025-11-28,2025-03-26
충청남도,천안시,시골축산,닭,종계/산란계,73440.0,충청남도 천안시 동남구 성남면 대흥리 ***번지,36.7273137270886,127.225132854502,2025-11-28,2025-04-04
충청남도,천안시,아빠사랑팜,닭,종계/산란계,6480.0,충청남도 천안시 동남구 목천읍 소사리 **번지,36.73389509315,127.18101914051,2025-11-28,2025-04-04
충청남도,천안시,아우내농장,오리,,12341.0,"충청남도 천안시 동남구 병천면 도원리 ***번지 외*필지(***-*,***)",36.7840865274035,127.311896840366,2025-11-28,2025-12-30
충청남도,천안시,알로큰농장,닭,종계/산란계,7128.0,충청남도 천안시 동남구 북면 연춘리 ***번지 *호,36.7719749639579,127.251236468445,2025-11-28,2025-12-10
충청남도,천안시,애그빌농장,닭,종계/산란계,0.0,"충청남도 천안시 동남구 풍세면 가송리 ***번지 *호 ***,***-*",36.729029590028,127.143607901246,2025-11-28,2025-03-26
충청남도,천안시,애플축산,닭,종계/산란계,13000.0,충청남도 천안시 서북구 성환읍 도하리 ***번지 *호,36.9473995992873,127.168634743986,2025-11-28,2025-12-10
충청남도,천안시,양지농장,닭,육계,54560.0,"충청남도 천안시 동남구 수신면 신풍리 ***번지 외 *(***, ***)",36.7385651624754,127.266152891404,2025-11-28,2025-04-04
충청남도,천안시,양천2농장,메추리,,200000.0,충청남도 천안시 동남구 성남면 용원리 **번지 *호,36.7554207422564,127.213792293389,2025-11-28,2025-04-04
충청남도,천안시,에그머니농장,닭,종계/산란계,9360.0,충청남도 천안시 동남구 성남면 신덕리 ***번지 외 *필지(***),36.7167012104367,127.236742672804,2025-11-28,2025-12-10
충청남도,천안시,연수농장,닭,육계,66013.0,"충청남도 천안시 서북구 성환읍 신방리 **번지 외 *필지(**-*,**-*)",36.9379243017062,127.088060717644,2025-11-28,2025-12-10
충청남도,천안시,연암대학교,닭,종계/산란계,33249.0,충청남도 천안시 서북구 성환읍 수향리 **번지 *호 외 **필지,36.9402309356416,127.152328226047,2025-11-28,2025-12-10
충청남도,천안시,영광농장,닭,종계/산란계,68800.0,충청남도 천안시 동남구 수신면 장산리 ***번지,36.7411455983928,127.295340146954,2025-11-28,2025-12-10
충청남도,천안시,영광농장,닭,종계/산란계,9963.0,"충청남도 천안시 동남구 성남면 신사리 **번지 *호 외 *필지(**, **, **-*, **-*)",36.7472564187983,127.23854747924,2025-11-28,2025-12-10
충청남도,천안시,영창농장,닭,종계/산란계,151200.0,충청남도 천안시 동남구 풍세면 가송리 ***번지,36.729029590028,127.143607901246,2025-11-28,2025-03-26
충청남도,천안시,영풍농장,닭,육계,80000.0,충청남도 천안시 동남구 광덕면 대평리 ***번지 *호,36.671935679197,127.139308997537,2025-11-28,2025-12-10
충청남도,천안시,예천농장,닭,육계,34955.0,"충청남도 천안시 동남구 성남면 용원리 ***번지 *호 외 *필지(***, ***, ***)",36.7554207422564,127.213792293389,2025-11-28,2025-04-04
충청남도,천안시,오성농장,닭,종계/산란계,58240.0,충청남도 천안시 동남구 풍세면 가송리 ***번지 *호,36.729029590028,127.143607901246,2025-11-28,2025-03-26
충청남도,천안시,요셉농장,닭,종계/산란계,59136.0,충청남도 천안시 동남구 풍세면 용정리 ***번지 *호,36.7425362136992,127.112944775484,2025-11-28,2025-03-26
충청남도,천안시,우민양계,닭,종계/산란계,65000.0,"충청남도 천안시 동남구 병천면 용두리 ***번지 *호 외 *필지(***-*,***-*,***-*)",36.7534230971456,127.321501819615,2025-11-28,2025-12-10
충청남도,천안시,운암농장,닭,종계/산란계,37000.0,"충청남도 천안시 동남구 병천면 관성리 ***번지 *호 ***, ***, ***-*",36.8132503190067,127.336894834374,2025-11-28,2025-12-30
충청남도,천안시,유니농장,닭,종계/산란계,43000.0,충청남도 천안시 동남구 풍세면 용정리 ***번지 **호 외 용정리 ***-**,36.7425362136992,127.112944775484,2025-11-28,2025-03-26
충청남도,천안시,유정농장(2),닭,종계/산란계,14.0,충청남도 천안시 동남구 북면 은지리 *번지 *호,36.7822803671525,127.269239055325,2025-11-28,2025-12-10
충청남도,천안시,으뜸농장,닭,종계/산란계,100000.0,충청남도 천안시 서북구 직산읍 수헐리 **번지 *호,36.8942348992541,127.141130012621,2025-11-28,2025-12-10
충청남도,천안시,은하농장,닭,산란중추,135438.0,충청남도 천안시 동남구 성남면 봉양리 ***번지 *호 외 *필지(***-*),36.7101505702111,127.254817983882,2025-11-28,2025-04-04
충청남도,천안시,이든농장,닭,종계/산란계,4320.0,충청남도 천안시 동남구 성남면 봉양리 ***번지 이든농장,36.7101505702111,127.254817983882,2025-11-28,2025-04-04
충청남도,천안시,이레농장,닭,종계/산란계,94600.0,충청남도 천안시 서북구 성환읍 도하리 ***번지 *호,36.9473995992873,127.168634743986,2025-11-28,2025-12-10
충청남도,천안시,인촌농장,닭,육계,47916.0,충청남도 천안시 동남구 병천면 관성리 ***번지 *호,36.8132503190067,127.336894834374,2025-11-28,2025-12-30
충청남도,천안시,일웅농장,닭,육계,60000.0,충청남도 천안시 동남구 풍세면 남관리 ***번지 외 *필지(***),36.7591370941172,127.118049089625,2025-11-28,2025-12-10
충청남도,천안시,자연농장,닭,육계,43000.0,"충청남도 천안시 동남구 성남면 화성리 **번지 *호 외 *필지(**-**,**-**,**-**)",36.7532891200255,127.266293329998,2025-11-28,2025-12-10
충청남도,천안시,자연알로(광덕),닭,종계/산란계,70578.0,"충청남도 천안시 동남구 광덕면 매당리 **번지 *호 외 *필지(**-*, **-**, **-**)",36.7084556116667,127.101031475681,2025-11-28,2025-03-26
충청남도,천안시,자연알로(성남),닭,종계/산란계,14625.0,충청남도 천안시 동남구 성남면 봉양리 ***번지 *호,36.7101505702111,127.254817983882,2025-11-28,2025-04-04
충청남도,천안시,자연알로(수신),닭,종계/산란계,22824.0,"충청남도 천안시 동남구 수신면 백자리 **번지 *호 , **, **-* 번지",36.7037908375681,127.281064937366,2025-11-28,2025-12-10
충청남도,천안시,장자농장,닭,육계,30000.0,충청남도 천안시 동남구 동면 화덕리 ***번지 *호,36.7600270658793,127.404059412098,2025-11-28,2025-12-10
충청남도,천안시,정필농장,닭,육계,176465.0,"충청남도 천안시 서북구 성환읍 성환리 **번지 **호 외 *(**-*,**,**)",36.9235362200863,127.133776656914,2025-11-28,2025-12-10
충청남도,천안시,주현2농장,닭,종계/산란계,129000.0,충청남도 천안시 동남구 풍세면 보성리 **번지 *호,36.7294242158523,127.111747862164,2025-11-28,2025-03-26
충청남도,천안시,주현3농장,닭,종계/산란계,40000.0,충청남도 천안시 동남구 풍세면 보성리 **번지 *호,36.7294242158523,127.111747862164,2025-11-28,2025-03-26
충청남도,천안시,직산농장,닭,종계/산란계,48000.0,충청남도 천안시 서북구 직산읍 마정리 산 **번지 *호,36.88068349556407,127.08872180889652,2025-11-28,2025-12-10
충청남도,천안시,진솔농장,닭,종계/산란계,18800.0,"충청남도 천안시 동남구 수신면 장산리 ***번지 *호 외 *필지(***, ***-*, 산**-*)",36.7411455983928,127.295340146954,2025-11-28,2025-12-10
충청남도,천안시,진우농장,닭,종계/산란계,35000.0,충청남도 천안시 동남구 풍세면 가송리 ***번지,36.729029590028,127.143607901246,2025-11-28,2025-03-26
충청남도,천안시,진우농장,오리,,20280.0,"충청남도 천안시 동남구 동면 장송리 **번지 *호 외 *필지(**-*,**-*,**-*)",36.7840310560463,127.386090634167,2025-11-28,2025-12-10
충청남도,천안시,진원농장,닭,종계/산란계,53000.0,충청남도 천안시 서북구 성환읍 와룡리 ***번지 *호,36.9467026651671,127.107807264305,2025-11-28,2025-12-10
충청남도,천안시,진원농장,닭,종계/산란계,23432.0,"충청남도 천안시 동남구 병천면 도원리 ***번지 외 *필지(***-*, ***-*, ***-*, ***, ***-*, ***-*)",36.7840865274035,127.311896840366,2025-11-28,2025-12-30
충청남도,천안시,천안메추리농장,메추리,,100000.0,충청남도 천안시 동남구 성남면 대정리 ***번지 *호,36.7329210686484,127.207984401419,2025-11-28,2025-12-10
충청남도,천안시,천안오골계농장,닭,육계,35000.0,충청남도 천안시 동남구 목천읍 석천리 ***번지 천안오골계농장,36.8373053395964,127.237234922653,2025-11-28,2025-12-10
충청남도,천안시,천안제일고 제2농장,닭,종계/산란계,3960.0,충청남도 천안시 동남구 수신면 장산리 산 **번지 *호,36.73689210019917,127.30647504706994,2025-11-28,2025-12-10
충청남도,천안시,청운농장,닭,종계/산란계,100800.0,충청남도 천안시 동남구 풍세면 용정리 ***번지 **호,36.7425362136992,127.112944775484,2025-11-28,2025-03-26
충청남도,천안시,케이앤피에그팜,닭,종계/산란계,120000.0,충청남도 천안시 동남구 동면 행암리 ***번지 외 *필지,36.8040838058038,127.353201608427,2025-11-28,2025-12-30
충청남도,천안시,키움축산,닭,육계,110000.0,충청남도 천안시 서북구 성환읍 양령리 ***번지 *호,36.9617881669558,127.155434390192,2025-11-28,2025-12-10
충청남도,천안시,태림농장,닭,육계,21000.0,충청남도 천안시 동남구 동면 수남리 ***번지 *호,36.7700572216519,127.382561759811,2025-11-28,2025-12-10
충청남도,천안시,텃골영농조합법인,닭,종계/산란계,245012.0,"충청남도 천안시 서북구 입장면 호당리 *번지 *통 *-*, *번지",36.8842100271054,127.240543277463,2025-11-28,2025-12-10
충청남도,천안시,토종꼬꼬1농장,닭,종계/산란계,10000.0,충청남도 천안시 동남구 풍세면 삼태리 ***번지 *호,36.7388119300334,127.093108437624,2025-11-28,2025-12-10
충청남도,천안시,퍼펙트농장,닭,육계,89320.0,충청남도 천안시 동남구 동면 수남리 ***번지 *호,36.7700572216519,127.382561759811,2025-11-28,2025-12-10
충청남도,천안시,풍년농장,닭,종계/산란계,45056.0,충청남도 천안시 동남구 병천면 관성리 ***번지 *호 외 *필지(***-**),36.8132503190067,127.336894834374,2025-11-28,2025-12-30
충청남도,천안시,풍세메추리농장,메추리,,80000.0,충청남도 천안시 동남구 풍세면 삼태리 **번지,36.7388119300334,127.093108437624,2025-11-28,2025-12-10
충청남도,천안시,프리팜스,닭,종계/산란계,27027.0,충청남도 천안시 서북구 직산읍 석곡리 **번지 *호,36.8874106998452,127.09947639719,2025-11-28,2025-12-10
충청남도,천안시,피덕농장,닭,육계,58000.0,충청남도 천안시 동남구 광덕면 대평리 ***번지 *통,36.671935679197,127.139308997537,2025-11-28,2025-12-10
충청남도,천안시,하마농장,닭,종계/산란계,38902.0,"충청남도 천안시 동남구 풍세면 가송리 ***번지 외*(***-*,***-*,*,*,***-*)",36.729029590028,127.143607901246,2025-11-28,2025-03-26
충청남도,천안시,한빛농장,닭,종계/산란계,360000.0,"충청남도 천안시 서북구 입장면 가산리 *번지 *호 *-*, *-*, **-**",36.9400965691122,127.199273696669,2025-11-28,2025-12-10
충청남도,천안시,한성농장,닭,종계/산란계,21000.0,충청남도 천안시 동남구 풍세면 용정리 ***번지 *호,36.7425362136992,127.112944775484,2025-11-28,2025-03-26
충청남도,천안시,한오리농장,오리,,12000.0,충청남도 천안시 동남구 동면 덕성리 ***번지 *호,36.8111665206159,127.370954279745,2025-11-28,2025-12-10
충청남도,천안시,한일농장,닭,종계/산란계,26000.0,충청남도 천안시 서북구 성환읍 양령리 **번지 *호,36.9617881669558,127.155434390192,2025-11-28,2025-12-10
충청남도,천안시,형제농장,닭,산란중추,86400.0,"충청남도 천안시 동남구 풍세면 풍서리 ***번지 *호 외*(***-*,*, ***-**,**,**)",36.7186707196143,127.123968877927,2025-11-28,2025-03-26
충청남도,천안시,호중농장,닭,종계/산란계,32000.0,충청남도 천안시 동남구 풍세면 용정리 ***번지 *호 외 *필지,36.7425362136992,127.112944775484,2025-11-28,2025-03-26
충청남도,천안시,화덕농장,닭,육계,58000.0,충청남도 천안시 동남구 동면 화덕리 **번지 *호 외 *필지,36.7600270658793,127.404059412098,2025-11-28,2025-12-10
충청남도,천안시,황금농장,닭,산란중추,73152.0,"충청남도 천안시 동남구 풍세면 보성리 ***번지 외 *필지(***, ***)",36.7294242158523,127.111747862164,2025-11-28,2025-03-26
충청남도,천안시,황금농장2,닭,종계/산란계,36000.0,충청남도 천안시 동남구 풍세면 보성리 ***번지,36.7294242158523,127.111747862164,2025-11-28,2025-03-26
충청남도,천안시,흥인농장,닭,종계/산란계,34944.0,충청남도 천안시 서북구 직산읍 판정리 ***번지 *호,36.9127102214998,127.179129145048,2025-11-28,2025-12-10
충청남도,천안시,희성농장,닭,종계/산란계,6000.0,충청남도 천안시 동남구 동면 죽계리 ***번지,36.7912491024894,127.374196982963,2025-11-28,2025-12-10
충청남도,천안시,갈뫼정,닭,육계,1000.0,충청남도 천안시 동남구 목천읍 교천리 ***번지 외*필지(***-*),36.7845596283442,127.20115564017,2025-11-28,2025-12-30
충청남도,천안시,개운농장,닭,종계/산란계,4800.0,충청남도 천안시 동남구 북면 명덕리 ***번지 *호 ***번지,36.8205811887473,127.259487555278,2025-11-28,2025-12-30
충청남도,천안시,계봉농장,닭,종계/산란계,30000.0,충청남도 천안시 동남구 수신면 발산리 ***번지 *호 외 *필지,36.7155620095479,127.299262672571,2025-11-28,2025-12-30
충청남도,천안시,금잔디농원,닭,육계,36720.0,충청남도 천안시 동남구 병천면 병천리 ***번지 ***호,36.7786980215001,127.293422979516,2025-11-28,2025-12-30
충청남도,천안시,꼬꼬팜농장,닭,종계/산란계,77760.0,충청남도 천안시 서북구 입장면 가산리 *번지 *호 외 *,36.9400965691122,127.199273696669,2025-11-28,2025-12-30
충청남도,천안시,농업회사법인주식회사다알,닭,종계/산란계,168480.0,충청남도 천안시 서북구 성환읍 왕림리 ***번지 *호,36.9150150068401,127.092666814789,2025-11-28,2025-12-30
충청남도,천안시,다온농장,닭,육계,146600.0,"충청남도 천안시 서북구 입장면 연곡리 ***번지 *호 외 *필지(***-*, ***-*)",36.9506759048517,127.187880927937,2025-11-28,2025-12-30
충청남도,천안시,대진농장,오리,,8498.0,충청남도 천안시 동남구 병천면 매성리 ***번지 ***,36.8070848091634,127.311147389084,2025-11-28,2025-12-30
충청남도,천안시,대현농장,오리,,19560.0,충청남도 천안시 동남구 병천면 매성리 **번지 외 *필지,36.8070848091634,127.311147389084,2025-11-28,2025-12-30
충청남도,천안시,독립농장,닭,종계/산란계,35000.0,충청남도 천안시 동남구 병천면 병천리 ***번지 *호,36.7786980215001,127.293422979516,2025-11-28,2025-12-30
충청남도,천안시,번영농장,닭,육계,125873.0,충청남도 천안시 서북구 성환읍 성환리 **번지 **호 외*필지,36.9235362200863,127.133776656914,2025-11-28,2025-12-30
충청남도,천안시,복농장,닭,육계,45000.0,"충청남도 천안시 동남구 성남면 신덕리 **번지 *호 외 *필지(**-*, **-*)",36.7167012104367,127.236742672804,2025-11-28,2025-12-30
충청남도,천안시,불당농장,닭,육계,2000.0,충청남도 천안시 서북구 불당동 ***번지 *호,36.8059344038178,127.113723627709,2025-11-28,2025-12-30
충청남도,천안시,산내들농축,닭,종계/산란계,55000.0,충청남도 천안시 동남구 수신면 장산리 ***번지,36.7411455983928,127.295340146954,2025-11-28,2025-12-30
충청남도,천안시,상만농장,닭,육계,38000.0,충청남도 천안시 동남구 광덕면 보산원리 ***번지 *호,36.691095092888,127.073089026646,2025-11-28,2025-12-30
충청남도,천안시,상봉1농장,닭,종계/산란계,3500.0,충청남도 천안시 동남구 동면 죽계리 ***번지,36.7912491024894,127.374196982963,2025-11-28,2025-12-30
충청남도,천안시,상봉2농장,닭,종계/산란계,1500.0,충청남도 천안시 동남구 동면 덕성리 ***번지,36.8111665206159,127.370954279745,2025-11-28,2025-12-30
충청남도,천안시,성록농장,닭,육계,19826.0,충청남도 천안시 동남구 성남면 신덕리 ***번지 외*필지(***),36.7167012104367,127.236742672804,2025-11-28,2025-12-30
충청남도,천안시,성록농장,닭,육계,72000.0,충청남도 천안시 동남구 성남면 신덕리 ***번지,36.7167012104367,127.236742672804,2025-11-28,2025-12-30
충청남도,천안시,세성농장,닭,육계,50000.0,충청남도 천안시 동남구 성남면 화성리 ***번지,36.7532891200255,127.266293329998,2025-11-28,2025-12-30
충청남도,천안시,세연농장,닭,육계,45000.0,충청남도 천안시 동남구 동면 화덕리 ***번지,36.7600270658793,127.404059412098,2025-11-28,2025-12-30
충청남도,천안시,알로큰농장,닭,종계/산란계,7128.0,충청남도 천안시 동남구 북면 연춘리 ***번지 *호,36.7719749639579,127.251236468445,2025-11-28,2025-12-30
충청남도,천안시,에그머니농장,닭,종계/산란계,9360.0,충청남도 천안시 동남구 성남면 신덕리 ***번지 외 *필지(***),36.7167012104367,127.236742672804,2025-11-28,2025-12-30
충청남도,천안시,연수농장,닭,육계,66013.0,"충청남도 천안시 서북구 성환읍 신방리 **번지 외 *필지(**-*,**-*)",36.9379243017062,127.088060717644,2025-11-28,2025-12-30
충청남도,천안시,연암대학교,닭,종계/산란계,33249.0,충청남도 천안시 서북구 성환읍 수향리 **번지 *호 외 **필지,36.9402309356416,127.152328226047,2025-11-28,2025-12-30
충청남도,천안시,영광농장,닭,종계/산란계,68800.0,충청남도 천안시 동남구 수신면 장산리 ***번지,36.7411455983928,127.295340146954,2025-11-28,2025-12-30
충청남도,천안시,영광농장,닭,종계/산란계,9963.0,"충청남도 천안시 동남구 성남면 신사리 **번지 *호 외 *필지(**, **, **-*, **-*)",36.7472564187983,127.23854747924,2025-11-28,2025-12-30
충청남도,천안시,영풍농장,닭,육계,80000.0,충청남도 천안시 동남구 광덕면 대평리 ***번지 *호,36.671935679197,127.139308997537,2025-11-28,2025-12-30
충청남도,천안시,우민양계,닭,종계/산란계,65000.0,"충청남도 천안시 동남구 병천면 용두리 ***번지 *호 외 *필지(***-*,***-*,***-*)",36.7534230971456,127.321501819615,2025-11-28,2025-12-30
충청남도,천안시,유정농장(2),닭,종계/산란계,14.0,충청남도 천안시 동남구 북면 은지리 *번지 *호,36.7822803671525,127.269239055325,2025-11-28,2025-12-30
충청남도,천안시,으뜸농장,닭,종계/산란계,100000.0,충청남도 천안시 서북구 직산읍 수헐리 **번지 *호,36.8942348992541,127.141130012621,2025-11-28,2025-12-30
충청남도,천안시,일웅농장,닭,육계,60000.0,충청남도 천안시 동남구 풍세면 남관리 ***번지 외 *필지(***),36.7591370941172,127.118049089625,2025-11-28,2025-12-30
충청남도,천안시,자연농장,닭,육계,43000.0,"충청남도 천안시 동남구 성남면 화성리 **번지 *호 외 *필지(**-**,**-**,**-**)",36.7532891200255,127.266293329998,2025-11-28,2025-12-30
충청남도,천안시,자연알로(수신),닭,종계/산란계,22824.0,"충청남도 천안시 동남구 수신면 백자리 **번지 *호 , **, **-* 번지",36.7037908375681,127.281064937366,2025-11-28,2025-12-30
충청남도,천안시,장자농장,닭,육계,30000.0,충청남도 천안시 동남구 동면 화덕리 ***번지 *호,36.7600270658793,127.404059412098,2025-11-28,2025-12-30
충청남도,천안시,정필농장,닭,육계,176465.0,"충청남도 천안시 서북구 성환읍 성환리 **번지 **호 외 *(**-*,**,**)",36.9235362200863,127.133776656914,2025-11-28,2025-12-30
충청남도,천안시,직산농장,닭,종계/산란계,48000.0,충청남도 천안시 서북구 직산읍 마정리 산 **번지 *호,36.88068349556407,127.08872180889652,2025-11-28,2025-12-30
충청남도,천안시,진솔농장,닭,종계/산란계,18800.0,"충청남도 천안시 동남구 수신면 장산리 ***번지 *호 외 *필지(***, ***-*, 산**-*)",36.7411455983928,127.295340146954,2025-11-28,2025-12-30
충청남도,천안시,진우농장,오리,,20280.0,"충청남도 천안시 동남구 동면 장송리 **번지 *호 외 *필지(**-*,**-*,**-*)",36.7840310560463,127.386090634167,2025-11-28,2025-12-30
충청남도,천안시,진원농장,닭,종계/산란계,53000.0,충청남도 천안시 서북구 성환읍 와룡리 ***번지 *호,36.9467026651671,127.107807264305,2025-11-28,2025-12-30
충청남도,천안시,천안메추리농장,메추리,,100000.0,충청남도 천안시 동남구 성남면 대정리 ***번지 *호,36.7329210686484,127.207984401419,2025-11-28,2025-12-30
충청남도,천안시,천안오골계농장,닭,육계,35000.0,충청남도 천안시 동남구 목천읍 석천리 ***번지 천안오골계농장,36.8373053395964,127.237234922653,2025-11-28,2025-12-30
충청남도,천안시,천안제일고 제2농장,닭,종계/산란계,3960.0,충청남도 천안시 동남구 수신면 장산리 산 **번지 *호,36.73689210019917,127.30647504706994,2025-11-28,2025-12-30
충청남도,천안시,태림농장,닭,육계,21000.0,충청남도 천안시 동남구 동면 수남리 ***번지 *호,36.7700572216519,127.382561759811,2025-11-28,2025-12-30
충청남도,천안시,토종꼬꼬1농장,닭,종계/산란계,10000.0,충청남도 천안시 동남구 풍세면 삼태리 ***번지 *호,36.7388119300334,127.093108437624,2025-11-28,2025-12-30
충청남도,천안시,퍼펙트농장,닭,육계,89320.0,충청남도 천안시 동남구 동면 수남리 ***번지 *호,36.7700572216519,127.382561759811,2025-11-28,2025-12-30
충청남도,천안시,풍세메추리농장,메추리,,80000.0,충청남도 천안시 동남구 풍세면 삼태리 **번지,36.7388119300334,127.093108437624,2025-11-28,2025-12-30
충청남도,천안시,피덕농장,닭,육계,58000.0,충청남도 천안시 동남구 광덕면 대평리 ***번지 *통,36.671935679197,127.139308997537,2025-11-28,2025-12-30
충청남도,천안시,한빛농장,닭,종계/산란계,360000.0,"충청남도 천안시 서북구 입장면 가산리 *번지 *호 *-*, *-*, **-**",36.9400965691122,127.199273696669,2025-11-28,2025-12-30
충청남도,천안시,한오리농장,오리,,12000.0,충청남도 천안시 동남구 동면 덕성리 ***번지 *호,36.8111665206159,127.370954279745,2025-11-28,2025-12-30
충청남도,천안시,화덕농장,닭,육계,58000.0,충청남도 천안시 동남구 동면 화덕리 **번지 *호 외 *필지,36.7600270658793,127.404059412098,2025-11-28,2025-12-30
충청남도,천안시,희성농장,닭,종계/산란계,6000.0,충청남도 천안시 동남구 동면 죽계리 ***번지,36.7912491024894,127.374196982963,2025-11-28,2025-12-30
충청남도,천안시,갈뫼정,닭,육계,1000.0,충청남도 천안시 동남구 목천읍 교천리 ***번지 외*필지(***-*),36.7845596283442,127.20115564017,2025-11-28,2026-01-17
충청남도,천안시,개운농장,닭,종계/산란계,4800.0,충청남도 천안시 동남구 북면 명덕리 ***번지 *호 ***번지,36.8205811887473,127.259487555278,2025-11-28,2026-01-17
충청남도,천안시,계봉농장,닭,종계/산란계,30000.0,충청남도 천안시 동남구 수신면 발산리 ***번지 *호 외 *필지,36.7155620095479,127.299262672571,2025-11-28,2026-01-17
충청남도,천안시,금잔디농원,닭,육계,36720.0,충청남도 천안시 동남구 병천면 병천리 ***번지 ***호,36.7786980215001,127.293422979516,2025-11-28,2026-01-17
충청남도,천안시,꼬꼬팜농장,닭,종계/산란계,77760.0,충청남도 천안시 서북구 입장면 가산리 *번지 *호 외 *,36.9400965691122,127.199273696669,2025-11-28,2026-01-17
충청남도,천안시,농업회사법인주식회사다알,닭,종계/산란계,168480.0,충청남도 천안시 서북구 성환읍 왕림리 ***번지 *호,36.9150150068401,127.092666814789,2025-11-28,2026-01-17
충청남도,천안시,다온농장,닭,육계,146600.0,"충청남도 천안시 서북구 입장면 연곡리 ***번지 *호 외 *필지(***-*, ***-*)",36.9506759048517,127.187880927937,2025-11-28,2026-01-17
충청남도,천안시,대진농장,오리,,8498.0,충청남도 천안시 동남구 병천면 매성리 ***번지 ***,36.8070848091634,127.311147389084,2025-11-28,2026-01-17
충청남도,천안시,대현농장,오리,,19560.0,충청남도 천안시 동남구 병천면 매성리 **번지 외 *필지,36.8070848091634,127.311147389084,2025-11-28,2026-01-17
충청남도,천안시,독립농장,닭,종계/산란계,35000.0,충청남도 천안시 동남구 병천면 병천리 ***번지 *호,36.7786980215001,127.293422979516,2025-11-28,2026-01-17
충청남도,천안시,번영농장,닭,육계,125873.0,충청남도 천안시 서북구 성환읍 성환리 **번지 **호 외*필지,36.9235362200863,127.133776656914,2025-11-28,2026-01-17
충청남도,천안시,복농장,닭,육계,45000.0,"충청남도 천안시 동남구 성남면 신덕리 **번지 *호 외 *필지(**-*, **-*)",36.7167012104367,127.236742672804,2025-11-28,2026-01-17
충청남도,천안시,불당농장,닭,육계,2000.0,충청남도 천안시 서북구 불당동 ***번지 *호,36.8059344038178,127.113723627709,2025-11-28,2026-01-17
충청남도,천안시,산내들농축,닭,종계/산란계,55000.0,충청남도 천안시 동남구 수신면 장산리 ***번지,36.7411455983928,127.295340146954,2025-11-28,2026-01-17
충청남도,천안시,상만농장,닭,육계,38000.0,충청남도 천안시 동남구 광덕면 보산원리 ***번지 *호,36.691095092888,127.073089026646,2025-11-28,2026-01-17
충청남도,천안시,상봉1농장,닭,종계/산란계,3500.0,충청남도 천안시 동남구 동면 죽계리 ***번지,36.7912491024894,127.374196982963,2025-11-28,2026-01-17
충청남도,천안시,상봉2농장,닭,종계/산란계,1500.0,충청남도 천안시 동남구 동면 덕성리 ***번지,36.8111665206159,127.370954279745,2025-11-28,2026-01-17
충청남도,천안시,성록농장,닭,육계,19826.0,충청남도 천안시 동남구 성남면 신덕리 ***번지 외*필지(***),36.7167012104367,127.236742672804,2025-11-28,2026-01-17
충청남도,천안시,성록농장,닭,육계,72000.0,충청남도 천안시 동남구 성남면 신덕리 ***번지,36.7167012104367,127.236742672804,2025-11-28,2026-01-17
충청남도,천안시,세성농장,닭,육계,50000.0,충청남도 천안시 동남구 성남면 화성리 ***번지,36.7532891200255,127.266293329998,2025-11-28,2026-01-17
충청남도,천안시,세연농장,닭,육계,45000.0,충청남도 천안시 동남구 동면 화덕리 ***번지,36.7600270658793,127.404059412098,2025-11-28,2026-01-17
충청남도,천안시,알로큰농장,닭,종계/산란계,7128.0,충청남도 천안시 동남구 북면 연춘리 ***번지 *호,36.7719749639579,127.251236468445,2025-11-28,2026-01-17
충청남도,천안시,에그머니농장,닭,종계/산란계,9360.0,충청남도 천안시 동남구 성남면 신덕리 ***번지 외 *필지(***),36.7167012104367,127.236742672804,2025-11-28,2026-01-17
충청남도,천안시,연수농장,닭,육계,66013.0,"충청남도 천안시 서북구 성환읍 신방리 **번지 외 *필지(**-*,**-*)",36.9379243017062,127.088060717644,2025-11-28,2026-01-17
충청남도,천안시,연암대학교,닭,종계/산란계,33249.0,충청남도 천안시 서북구 성환읍 수향리 **번지 *호 외 **필지,36.9402309356416,127.152328226047,2025-11-28,2026-01-17
충청남도,천안시,영광농장,닭,종계/산란계,68800.0,충청남도 천안시 동남구 수신면 장산리 ***번지,36.7411455983928,127.295340146954,2025-11-28,2026-01-17
충청남도,천안시,영광농장,닭,종계/산란계,9963.0,"충청남도 천안시 동남구 성남면 신사리 **번지 *호 외 *필지(**, **, **-*, **-*)",36.7472564187983,127.23854747924,2025-11-28,2026-01-17
충청남도,천안시,영풍농장,닭,육계,80000.0,충청남도 천안시 동남구 광덕면 대평리 ***번지 *호,36.671935679197,127.139308997537,2025-11-28,2026-01-17
충청남도,천안시,우민양계,닭,종계/산란계,65000.0,"충청남도 천안시 동남구 병천면 용두리 ***번지 *호 외 *필지(***-*,***-*,***-*)",36.7534230971456,127.321501819615,2025-11-28,2026-01-17
충청남도,천안시,유정농장(2),닭,종계/산란계,14.0,충청남도 천안시 동남구 북면 은지리 *번지 *호,36.7822803671525,127.269239055325,2025-11-28,2026-01-17
충청남도,천안시,으뜸농장,닭,종계/산란계,100000.0,충청남도 천안시 서북구 직산읍 수헐리 **번지 *호,36.8942348992541,127.141130012621,2025-11-28,2026-01-17
충청남도,천안시,일웅농장,닭,육계,60000.0,충청남도 천안시 동남구 풍세면 남관리 ***번지 외 *필지(***),36.7591370941172,127.118049089625,2025-11-28,2026-01-17
충청남도,천안시,자연농장,닭,육계,43000.0,"충청남도 천안시 동남구 성남면 화성리 **번지 *호 외 *필지(**-**,**-**,**-**)",36.7532891200255,127.266293329998,2025-11-28,2026-01-17
충청남도,천안시,자연알로(수신),닭,종계/산란계,22824.0,"충청남도 천안시 동남구 수신면 백자리 **번지 *호 , **, **-* 번지",36.7037908375681,127.281064937366,2025-11-28,2026-01-17
충청남도,천안시,장자농장,닭,육계,30000.0,충청남도 천안시 동남구 동면 화덕리 ***번지 *호,36.7600270658793,127.404059412098,2025-11-28,2026-01-17
충청남도,천안시,정필농장,닭,육계,176465.0,"충청남도 천안시 서북구 성환읍 성환리 **번지 **호 외 *(**-*,**,**)",36.9235362200863,127.133776656914,2025-11-28,2026-01-17
충청남도,천안시,직산농장,닭,종계/산란계,48000.0,충청남도 천안시 서북구 직산읍 마정리 산 **번지 *호,36.88068349556407,127.08872180889652,2025-11-28,2026-01-17
충청남도,천안시,진솔농장,닭,종계/산란계,18800.0,"충청남도 천안시 동남구 수신면 장산리 ***번지 *호 외 *필지(***, ***-*, 산**-*)",36.7411455983928,127.295340146954,2025-11-28,2026-01-17
충청남도,천안시,진우농장,오리,,20280.0,"충청남도 천안시 동남구 동면 장송리 **번지 *호 외 *필지(**-*,**-*,**-*)",36.7840310560463,127.386090634167,2025-11-28,2026-01-17
충청남도,천안시,진원농장,닭,종계/산란계,53000.0,충청남도 천안시 서북구 성환읍 와룡리 ***번지 *호,36.9467026651671,127.107807264305,2025-11-28,2026-01-17
충청남도,천안시,천안메추리농장,메추리,,100000.0,충청남도 천안시 동남구 성남면 대정리 ***번지 *호,36.7329210686484,127.207984401419,2025-11-28,2026-01-17
충청남도,천안시,천안오골계농장,닭,육계,35000.0,충청남도 천안시 동남구 목천읍 석천리 ***번지 천안오골계농장,36.8373053395964,127.237234922653,2025-11-28,2026-01-17
충청남도,천안시,천안제일고 제2농장,닭,종계/산란계,3960.0,충청남도 천안시 동남구 수신면 장산리 산 **번지 *호,36.73689210019917,127.30647504706994,2025-11-28,2026-01-17
충청남도,천안시,태림농장,닭,육계,21000.0,충청남도 천안시 동남구 동면 수남리 ***번지 *호,36.7700572216519,127.382561759811,2025-11-28,2026-01-17
충청남도,천안시,토종꼬꼬1농장,닭,종계/산란계,10000.0,충청남도 천안시 동남구 풍세면 삼태리 ***번지 *호,36.7388119300334,127.093108437624,2025-11-28,2026-01-17
충청남도,천안시,퍼펙트농장,닭,육계,89320.0,충청남도 천안시 동남구 동면 수남리 ***번지 *호,36.7700572216519,127.382561759811,2025-11-28,2026-01-17
충청남도,천안시,풍세메추리농장,메추리,,80000.0,충청남도 천안시 동남구 풍세면 삼태리 **번지,36.7388119300334,127.093108437624,2025-11-28,2026-01-17
충청남도,천안시,피덕농장,닭,육계,58000.0,충청남도 천안시 동남구 광덕면 대평리 ***번지 *통,36.671935679197,127.139308997537,2025-11-28,2026-01-17
충청남도,천안시,한빛농장,닭,종계/산란계,360000.0,"충청남도 천안시 서북구 입장면 가산리 *번지 *호 *-*, *-*, **-**",36.9400965691122,127.199273696669,2025-11-28,2026-01-17
충청남도,천안시,한오리농장,오리,,12000.0,충청남도 천안시 동남구 동면 덕성리 ***번지 *호,36.8111665206159,127.370954279745,2025-11-28,2026-01-17
충청남도,천안시,화덕농장,닭,육계,58000.0,충청남도 천안시 동남구 동면 화덕리 **번지 *호 외 *필지,36.7600270658793,127.404059412098,2025-11-28,2026-01-17
충청남도,천안시,희성농장,닭,종계/산란계,6000.0,충청남도 천안시 동남구 동면 죽계리 ***번지,36.7912491024894,127.374196982963,2025-11-28,2026-01-17
충청북도,음성군,-,닭,육계,55000.0,충청북도 음성군 소이면 중동리 371번지 2호,36.8924657690638,127.777687218808,2021-01-31,2020-12-08
충청북도,음성군,건영농장,오리,,12000.0,충청북도 음성군 맹동면 마산리 388번지 1호,36.9366494962001,127.554983736816,2021-01-31,2021-01-14
충청북도,음성군,기흥농장,닭,종계/산란계,21000.0,충청북도 음성군 생극면 송곡리 417번지 6호,37.0572448189202,127.590531258944,2021-01-31,2020-12-08
충청북도,음성군,낙원농장,오리,,7000.0,충청북도 음성군 대소면 수태리 125번지,36.9401623864557,127.505212643988,2021-01-31,2021-01-14
충청북도,음성군,농업회사법인 주식회사 에버그린(금왕지점),메추리,,1200000.0,충청북도 음성군 금왕읍 신평리 307번지 외 12필지,36.9918150019303,127.542151677385,2021-01-31,2021-01-19
충청북도,음성군,농업회사법인(주)동일농장 대소2지점,닭,종계/산란계,40000.0,충청북도 음성군 대소면 삼호리 394번지,36.9558649937714,127.470465006663,2021-01-31,2021-01-14
충청북도,음성군,농업회사법인주식회사 동일농장,닭,종계/산란계,41000.0,충청북도 음성군 대소면 삼호리 454번지,36.9558649937714,127.470465006663,2021-01-31,2021-01-14
충청북도,음성군,대길농장,닭,육계,100000.0,충청북도 음성군 맹동면 봉현리 681번지,36.9429594116729,127.540404321725,2021-01-31,2021-01-14
충청북도,음성군,대동농장,메추리,,40000.0,충청북도 음성군 소이면 금고리 527번지 1호,36.9189677719651,127.746408006928,2021-01-31,2020-12-08
충청북도,음성군,대박농장,닭,육계,45000.0,충청북도 음성군 맹동면 용촌리 69번지,36.9321796421993,127.522512866118,2021-01-31,2021-01-14
충청북도,음성군,대박제2농장,닭,육계,41000.0,충청북도 음성군 대소면 미곡리 401번지 1호 외1필지,36.9430762737999,127.479618635259,2021-01-31,2021-01-14
충청북도,음성군,두리농장,오리,,9000.0,충청북도 음성군 맹동면 신돈리 51번지 3호,36.9190966316526,127.526432257216,2021-01-31,2021-01-14
충청북도,음성군,류봉농장3,닭,육계,56000.0,충청북도 음성군 맹동면 봉현리 200번지 2호 외 1필지(200-1),36.9429594116729,127.540404321725,2021-01-31,2021-01-14
충청북도,음성군,만석농장,닭,종계/산란계,550.0,충청북도 음성군 원남면 보룡리 86번지,36.8863576495064,127.654918601044,2021-01-31,2021-02-10
충청북도,음성군,명성농장,오리,,17000.0,충청북도 음성군 맹동면 용촌리 604번지 1호,36.9321796421993,127.522512866118,2021-01-31,2021-01-14
충청북도,음성군,모란농장,오리,,5500.0,충청북도 음성군 삼성면 청용리 485번지,36.9988702360699,127.468078553507,2021-01-31,2021-01-27
충청북도,음성군,벧엘농장,닭,종계/산란계,5500.0,충청북도 음성군 생극면 임곡리 34번지 1호,37.0677344986038,127.586664812112,2021-01-31,2020-12-08
충청북도,음성군,복숭아농장,닭,육계,150.0,충청북도 음성군 음성읍 신천리 918번지,36.9214444930346,127.666110336083,2021-01-31,2020-12-08
충청북도,음성군,부광원,오리,,11900.0,"충청북도 음성군 맹동면 용촌리 200번지 5호 외 2필지(200-35, 200-39)",36.9321796421993,127.522512866118,2021-01-31,2021-01-14
충청북도,음성군,부윤2농장,오리,,15000.0,"충청북도 음성군 대소면 수태리 122번지 외 2필지(123, 124)",36.9401623864557,127.505212643988,2021-01-31,2021-01-14
충청북도,음성군,부윤농장,오리,,7000.0,충청북도 음성군 대소면 부윤리 산 73번지,36.9436440084619,127.51862789133,2021-01-31,2020-12-08
충청북도,음성군,삼용농장,오리,,12000.0,충청북도 음성군 원남면 삼용리 284번지,36.8890149719747,127.608188578834,2021-01-31,2020-12-08
충청북도,음성군,삼원농장 1,오리,,8800.0,충청북도 음성군 맹동면 마산리 464번지 외 1필지,36.9366494962001,127.554983736816,2021-01-31,2021-01-14
충청북도,음성군,상당농장,닭,육계,40000.0,충청북도 음성군 원남면 상당리 475번지 1호,36.8980135073222,127.671848265261,2021-01-31,2020-12-08
충청북도,음성군,상미양계장,닭,육계,50000.0,충청북도 음성군 원남면 마송리 76번지 2호,36.8874226856089,127.670821011094,2021-01-31,2020-12-08
충청북도,음성군,서원농장,닭,육계,80000.0,충청북도 음성군 금왕읍 호산리 925번지,37.0385154808169,127.555732701501,2021-01-31,2020-12-08
충청북도,음성군,석우농장,닭,종계/산란계,200000.0,충청북도 음성군 감곡면 상우리 3번지,37.1248439622571,127.681448183511,2021-01-31,2020-12-08
충청북도,음성군,수농장,오리,,12000.0,충청북도 음성군 대소면 삼정리 764번지 1호,36.9548466701215,127.493143258412,2021-01-31,2021-01-14
충청북도,음성군,아람농장,닭,육계,50000.0,충청북도 음성군 맹동면 봉현리 278번지,36.9429594116729,127.540404321725,2021-01-31,2021-01-14
충청북도,음성군,에덴농원,닭,육계,200.0,충청북도 음성군 금왕읍 오선리 390번지,36.9716799175428,127.554396386971,2021-01-31,2020-12-08
충청북도,음성군,열희농장,닭,육계,100000.0,충청북도 음성군 원남면 보천리 198번지,36.8766559022298,127.633957040025,2021-01-31,2020-12-08
충청북도,음성군,왕봉농장,오리,,5000.0,충청북도 음성군 맹동면 봉현리 193번지 5호,36.9429594116729,127.540404321725,2021-01-31,2021-01-14
충청북도,음성군,용원농장,닭,육계,70000.0,충청북도 음성군 맹동면 봉현리 353번지 외 3필지,36.9429594116729,127.540404321725,2021-01-31,2021-01-14
충청북도,음성군,우리농장,오리,,10500.0,충청북도 음성군 대소면 미곡리 374번지 3호,36.9430762737999,127.479618635259,2021-01-31,2021-01-14
충청북도,음성군,이레농장,닭,종계/산란계,8500.0,충청북도 음성군 생극면 임곡리 258번지 1호,37.0631645195913,127.579623600662,2021-01-31,2020-12-08
충청북도,음성군,일승오리농장,오리,,13000.0,충청북도 음성군 금왕읍 각회리 553번지,37.00224867317,127.570960881702,2021-01-31,2020-12-08
충청북도,음성군,자연농장,닭,종계/산란계,15000.0,충청북도 음성군 생극면 임곡리 100번지 4호 외 1필지,37.0641784339882,127.58767286491,2021-01-31,2020-12-08
충청북도,음성군,장수농장,오리,,20000.0,충청북도 음성군 삼성면 천평리 355번지,36.9841153979027,127.504739354853,2021-01-31,2021-01-14
충청북도,음성군,중원농장,닭,육계,135000.0,충청북도 음성군 금왕읍 오선리 468번지 2호,36.9771376282351,127.555843330057,2021-01-31,2020-12-08
충청북도,음성군,진영농장,닭,종계/산란계,16000.0,충청북도 음성군 삼성면 상곡리 7번지 1호,37.0114524779667,127.45613311285,2021-01-31,2020-12-08
충청북도,음성군,진영농장,닭,종계/산란계,17000.0,충청북도 음성군 삼성면 상곡리 7번지 1호,37.0114524779667,127.45613311285,2021-01-31,2020-12-08
충청북도,음성군,짱구2농장,오리,,20000.0,충청북도 음성군 맹동면 봉현리 694번지,36.9429594116729,127.540404321725,2021-01-31,2021-01-14
충청북도,음성군,청해농장,오리,,7000.0,충청북도 음성군 삼성면 용대리 155번지,37.0494453179482,127.522515243028,2021-01-31,2021-01-30
충청북도,음성군,태호농장,오리,,15000.0,충청북도 음성군 맹동면 본성리 401번지 13호 외 2필지,36.9222571041764,127.540989921453,2021-01-31,2021-01-14
충청북도,음성군,태호농장 2,오리,,9500.0,충청북도 음성군 맹동면 본성리 402번지 2호 외 1필지,36.9222571041764,127.540989921453,2021-01-31,2021-01-14
충청북도,음성군,한가람농장,닭,육계,30000.0,충청북도 음성군 맹동면 용촌리 604번지,36.9321796421993,127.522512866118,2021-01-31,2021-01-14
충청북도,음성군,한국오리,오리,,12000.0,"충청북도 음성군 원남면 하노리 208번지 외2필지(208-1,213)",36.9039609440561,127.698006354709,2021-01-31,2021-02-10
충청북도,음성군,한마음농장,오리,,16000.0,충청북도 음성군 맹동면 마산리 산 21번지 10호,36.91623920248186,127.56943118395604,2021-01-31,2020-12-08
충청북도,음성군,한삼농장,오리,,20000.0,충청북도 음성군 금왕읍 유포리 548번지,36.9627026701274,127.547739278689,2021-01-31,2020-12-08
충청북도,음성군,한솔제2농장,닭,종계/산란계,250000.0,충청북도 음성군 원남면 하노리 533번지 2호,36.9039609440561,127.698006354709,2021-01-31,2021-02-10
충청북도,음성군,한울,닭,육계,105000.0,충청북도 음성군 대소면 부윤리 238번지 외 5필지,36.9472742215967,127.52422358949,2021-01-31,2021-01-14
충청북도,음성군,해피그린농장,오리,,20000.0,충청북도 음성군 대소면 성본리 596번지 2호 외 3필지,36.966754145297,127.530218911137,2021-01-31,2021-01-14
충청북도,음성군,형제농장,닭,육계,100000.0,충청북도 음성군 소이면 비산리 963번지,36.9415090450149,127.727711408992,2021-01-31,2020-12-08
충청북도,음성군,형제메추리농장,메추리,,70000.0,충청북도 음성군 원남면 덕정리 194번지,36.8940469033698,127.63409500855,2021-01-31,2021-02-10
충청북도,음성군,호영오리,오리,,10000.0,충청북도 음성군 대소면 수태리 153번지,36.9401623864557,127.505212643988,2021-01-31,2021-01-14
충청북도,음성군,-,닭,육계,55000.0,충청북도 음성군 소이면 중동리 371번지 2호,36.8924657690638,127.777687218808,2021-01-31,2020-12-23
충청북도,음성군,기흥농장,닭,종계/산란계,21000.0,충청북도 음성군 생극면 송곡리 417번지 6호,37.0572448189202,127.590531258944,2021-01-31,2020-12-23
충청북도,음성군,대동농장,메추리,,40000.0,충청북도 음성군 소이면 금고리 527번지 1호,36.9189677719651,127.746408006928,2021-01-31,2020-12-23
충청북도,음성군,벧엘농장,닭,종계/산란계,5500.0,충청북도 음성군 생극면 임곡리 34번지 1호,37.0677344986038,127.586664812112,2021-01-31,2020-12-23
충청북도,음성군,복숭아농장,닭,육계,150.0,충청북도 음성군 음성읍 신천리 918번지,36.9214444930346,127.666110336083,2021-01-31,2020-12-23
충청북도,음성군,부윤농장,오리,,7000.0,충청북도 음성군 대소면 부윤리 산 73번지,36.9436440084619,127.51862789133,2021-01-31,2020-12-23
충청북도,음성군,삼용농장,오리,,12000.0,충청북도 음성군 원남면 삼용리 284번지,36.8890149719747,127.608188578834,2021-01-31,2020-12-23
충청북도,음성군,상당농장,닭,육계,40000.0,충청북도 음성군 원남면 상당리 475번지 1호,36.8980135073222,127.671848265261,2021-01-31,2020-12-23
충청북도,음성군,상미양계장,닭,육계,50000.0,충청북도 음성군 원남면 마송리 76번지 2호,36.8874226856089,127.670821011094,2021-01-31,2020-12-23
충청북도,음성군,서원농장,닭,육계,80000.0,충청북도 음성군 금왕읍 호산리 925번지,37.0385154808169,127.555732701501,2021-01-31,2020-12-23
충청북도,음성군,석우농장,닭,종계/산란계,200000.0,충청북도 음성군 감곡면 상우리 3번지,37.1248439622571,127.681448183511,2021-01-31,2020-12-23
충청북도,음성군,에덴농원,닭,육계,200.0,충청북도 음성군 금왕읍 오선리 390번지,36.9716799175428,127.554396386971,2021-01-31,2020-12-23
충청북도,음성군,열희농장,닭,육계,100000.0,충청북도 음성군 원남면 보천리 198번지,36.8766559022298,127.633957040025,2021-01-31,2020-12-23
충청북도,음성군,이레농장,닭,종계/산란계,8500.0,충청북도 음성군 생극면 임곡리 258번지 1호,37.0631645195913,127.579623600662,2021-01-31,2020-12-23
충청북도,음성군,일승오리농장,오리,,13000.0,충청북도 음성군 금왕읍 각회리 553번지,37.00224867317,127.570960881702,2021-01-31,2020-12-23
충청북도,음성군,자연농장,닭,종계/산란계,15000.0,충청북도 음성군 생극면 임곡리 100번지 4호 외 1필지,37.0641784339882,127.58767286491,2021-01-31,2020-12-23
충청북도,음성군,중원농장,닭,육계,135000.0,충청북도 음성군 금왕읍 오선리 468번지 2호,36.9771376282351,127.555843330057,2021-01-31,2020-12-23
충청북도,음성군,진영농장,닭,종계/산란계,16000.0,충청북도 음성군 삼성면 상곡리 7번지 1호,37.0114524779667,127.45613311285,2021-01-31,2020-12-23
충청북도,음성군,진영농장,닭,종계/산란계,17000.0,충청북도 음성군 삼성면 상곡리 7번지 1호,37.0114524779667,127.45613311285,2021-01-31,2020-12-23
충청북도,음성군,한마음농장,오리,,16000.0,충청북도 음성군 맹동면 마산리 산 21번지 10호,36.91623920248186,127.56943118395604,2021-01-31,2020-12-23
충청북도,음성군,한삼농장,오리,,20000.0,충청북도 음성군 금왕읍 유포리 548번지,36.9627026701274,127.547739278689,2021-01-31,2020-12-23
충청북도,음성군,형제농장,닭,육계,100000.0,충청북도 음성군 소이면 비산리 963번지,36.9415090450149,127.727711408992,2021-01-31,2020-12-23
충청북도,음성군,-,닭,육계,55000.0,충청북도 음성군 소이면 중동리 371번지 2호,36.8924657690638,127.777687218808,2021-01-31,2021-01-06
충청북도,음성군,기흥농장,닭,종계/산란계,21000.0,충청북도 음성군 생극면 송곡리 417번지 6호,37.0572448189202,127.590531258944,2021-01-31,2021-01-06
충청북도,음성군,대동농장,메추리,,40000.0,충청북도 음성군 소이면 금고리 527번지 1호,36.9189677719651,127.746408006928,2021-01-31,2021-01-06
충청북도,음성군,벧엘농장,닭,종계/산란계,5500.0,충청북도 음성군 생극면 임곡리 34번지 1호,37.0677344986038,127.586664812112,2021-01-31,2021-01-06
충청북도,음성군,복숭아농장,닭,육계,150.0,충청북도 음성군 음성읍 신천리 918번지,36.9214444930346,127.666110336083,2021-01-31,2021-01-06
충청북도,음성군,부윤농장,오리,,7000.0,충청북도 음성군 대소면 부윤리 산 73번지,36.9436440084619,127.51862789133,2021-01-31,2021-01-06
충청북도,음성군,삼용농장,오리,,12000.0,충청북도 음성군 원남면 삼용리 284번지,36.8890149719747,127.608188578834,2021-01-31,2021-01-06
충청북도,음성군,상당농장,닭,육계,40000.0,충청북도 음성군 원남면 상당리 475번지 1호,36.8980135073222,127.671848265261,2021-01-31,2021-01-06
충청북도,음성군,상미양계장,닭,육계,50000.0,충청북도 음성군 원남면 마송리 76번지 2호,36.8874226856089,127.670821011094,2021-01-31,2021-01-06
충청북도,음성군,서원농장,닭,육계,80000.0,충청북도 음성군 금왕읍 호산리 925번지,37.0385154808169,127.555732701501,2021-01-31,2021-01-06
충청북도,음성군,석우농장,닭,종계/산란계,200000.0,충청북도 음성군 감곡면 상우리 3번지,37.1248439622571,127.681448183511,2021-01-31,2021-01-06
충청북도,음성군,에덴농원,닭,육계,200.0,충청북도 음성군 금왕읍 오선리 390번지,36.9716799175428,127.554396386971,2021-01-31,2021-01-06
충청북도,음성군,열희농장,닭,육계,100000.0,충청북도 음성군 원남면 보천리 198번지,36.8766559022298,127.633957040025,2021-01-31,2021-01-06
충청북도,음성군,이레농장,닭,종계/산란계,8500.0,충청북도 음성군 생극면 임곡리 258번지 1호,37.0631645195913,127.579623600662,2021-01-31,2021-01-06
충청북도,음성군,일승오리농장,오리,,13000.0,충청북도 음성군 금왕읍 각회리 553번지,37.00224867317,127.570960881702,2021-01-31,2021-01-06
충청북도,음성군,자연농장,닭,종계/산란계,15000.0,충청북도 음성군 생극면 임곡리 100번지 4호 외 1필지,37.0641784339882,127.58767286491,2021-01-31,2021-01-06
충청북도,음성군,중원농장,닭,육계,135000.0,충청북도 음성군 금왕읍 오선리 468번지 2호,36.9771376282351,127.555843330057,2021-01-31,2021-01-06
충청북도,음성군,진영농장,닭,종계/산란계,16000.0,충청북도 음성군 삼성면 상곡리 7번지 1호,37.0114524779667,127.45613311285,2021-01-31,2021-01-06
충청북도,음성군,진영농장,닭,종계/산란계,17000.0,충청북도 음성군 삼성면 상곡리 7번지 1호,37.0114524779667,127.45613311285,2021-01-31,2021-01-06
충청북도,음성군,한마음농장,오리,,16000.0,충청북도 음성군 맹동면 마산리 산 21번지 10호,36.91623920248186,127.56943118395604,2021-01-31,2021-01-06
충청북도,음성군,한삼농장,오리,,20000.0,충청북도 음성군 금왕읍 유포리 548번지,36.9627026701274,127.547739278689,2021-01-31,2021-01-06
충청북도,음성군,형제농장,닭,육계,100000.0,충청북도 음성군 소이면 비산리 963번지,36.9415090450149,127.727711408992,2021-01-31,2021-01-06
충청북도,음성군,-,닭,육계,55000.0,충청북도 음성군 소이면 중동리 371번지 2호,36.8924657690638,127.777687218808,2021-01-31,2021-01-14
충청북도,음성군,기흥농장,닭,종계/산란계,21000.0,충청북도 음성군 생극면 송곡리 417번지 6호,37.0572448189202,127.590531258944,2021-01-31,2021-01-14
충청북도,음성군,대동농장,메추리,,40000.0,충청북도 음성군 소이면 금고리 527번지 1호,36.9189677719651,127.746408006928,2021-01-31,2021-01-14
충청북도,음성군,벧엘농장,닭,종계/산란계,5500.0,충청북도 음성군 생극면 임곡리 34번지 1호,37.0677344986038,127.586664812112,2021-01-31,2021-01-14
충청북도,음성군,복숭아농장,닭,육계,150.0,충청북도 음성군 음성읍 신천리 918번지,36.9214444930346,127.666110336083,2021-01-31,2021-01-14
충청북도,음성군,부윤농장,오리,,7000.0,충청북도 음성군 대소면 부윤리 산 73번지,36.9436440084619,127.51862789133,2021-01-31,2021-01-14
충청북도,음성군,삼용농장,오리,,12000.0,충청북도 음성군 원남면 삼용리 284번지,36.8890149719747,127.608188578834,2021-01-31,2021-01-14
충청북도,음성군,상당농장,닭,육계,40000.0,충청북도 음성군 원남면 상당리 475번지 1호,36.8980135073222,127.671848265261,2021-01-31,2021-01-14
충청북도,음성군,상미양계장,닭,육계,50000.0,충청북도 음성군 원남면 마송리 76번지 2호,36.8874226856089,127.670821011094,2021-01-31,2021-01-14
충청북도,음성군,서원농장,닭,육계,80000.0,충청북도 음성군 금왕읍 호산리 925번지,37.0385154808169,127.555732701501,2021-01-31,2021-01-14
충청북도,음성군,석우농장,닭,종계/산란계,200000.0,충청북도 음성군 감곡면 상우리 3번지,37.1248439622571,127.681448183511,2021-01-31,2021-01-14
충청북도,음성군,에덴농원,닭,육계,200.0,충청북도 음성군 금왕읍 오선리 390번지,36.9716799175428,127.554396386971,2021-01-31,2021-01-14
충청북도,음성군,열희농장,닭,육계,100000.0,충청북도 음성군 원남면 보천리 198번지,36.8766559022298,127.633957040025,2021-01-31,2021-01-14
충청북도,음성군,이레농장,닭,종계/산란계,8500.0,충청북도 음성군 생극면 임곡리 258번지 1호,37.0631645195913,127.579623600662,2021-01-31,2021-01-14
충청북도,음성군,일승오리농장,오리,,13000.0,충청북도 음성군 금왕읍 각회리 553번지,37.00224867317,127.570960881702,2021-01-31,2021-01-14
충청북도,음성군,자연농장,닭,종계/산란계,15000.0,충청북도 음성군 생극면 임곡리 100번지 4호 외 1필지,37.0641784339882,127.58767286491,2021-01-31,2021-01-14
충청북도,음성군,중원농장,닭,육계,135000.0,충청북도 음성군 금왕읍 오선리 468번지 2호,36.9771376282351,127.555843330057,2021-01-31,2021-01-14
충청북도,음성군,진영농장,닭,종계/산란계,16000.0,충청북도 음성군 삼성면 상곡리 7번지 1호,37.0114524779667,127.45613311285,2021-01-31,2021-01-14
충청북도,음성군,진영농장,닭,종계/산란계,17000.0,충청북도 음성군 삼성면 상곡리 7번지 1호,37.0114524779667,127.45613311285,2021-01-31,2021-01-14
충청북도,음성군,한마음농장,오리,,16000.0,충청북도 음성군 맹동면 마산리 산 21번지 10호,36.91623920248186,127.56943118395604,2021-01-31,2021-01-14
충청북도,음성군,한삼농장,오리,,20000.0,충청북도 음성군 금왕읍 유포리 548번지,36.9627026701274,127.547739278689,2021-01-31,2021-01-14
충청북도,음성군,형제농장,닭,육계,100000.0,충청북도 음성군 소이면 비산리 963번지,36.9415090450149,127.727711408992,2021-01-31,2021-01-14
충청북도,음성군,-,닭,육계,55000.0,충청북도 음성군 소이면 중동리 371번지 2호,36.8924657690638,127.777687218808,2021-01-31,2021-01-19
충청북도,음성군,기흥농장,닭,종계/산란계,21000.0,충청북도 음성군 생극면 송곡리 417번지 6호,37.0572448189202,127.590531258944,2021-01-31,2021-01-19
충청북도,음성군,대동농장,메추리,,40000.0,충청북도 음성군 소이면 금고리 527번지 1호,36.9189677719651,127.746408006928,2021-01-31,2021-01-19
충청북도,음성군,벧엘농장,닭,종계/산란계,5500.0,충청북도 음성군 생극면 임곡리 34번지 1호,37.0677344986038,127.586664812112,2021-01-31,2021-01-19
충청북도,음성군,복숭아농장,닭,육계,150.0,충청북도 음성군 음성읍 신천리 918번지,36.9214444930346,127.666110336083,2021-01-31,2021-01-19
충청북도,음성군,부윤농장,오리,,7000.0,충청북도 음성군 대소면 부윤리 산 73번지,36.9436440084619,127.51862789133,2021-01-31,2021-01-19
충청북도,음성군,삼용농장,오리,,12000.0,충청북도 음성군 원남면 삼용리 284번지,36.8890149719747,127.608188578834,2021-01-31,2021-01-19
충청북도,음성군,상당농장,닭,육계,40000.0,충청북도 음성군 원남면 상당리 475번지 1호,36.8980135073222,127.671848265261,2021-01-31,2021-01-19
충청북도,음성군,상미양계장,닭,육계,50000.0,충청북도 음성군 원남면 마송리 76번지 2호,36.8874226856089,127.670821011094,2021-01-31,2021-01-19
충청북도,음성군,서원농장,닭,육계,80000.0,충청북도 음성군 금왕읍 호산리 925번지,37.0385154808169,127.555732701501,2021-01-31,2021-01-19
충청북도,음성군,석우농장,닭,종계/산란계,200000.0,충청북도 음성군 감곡면 상우리 3번지,37.1248439622571,127.681448183511,2021-01-31,2021-01-19
충청북도,음성군,에덴농원,닭,육계,200.0,충청북도 음성군 금왕읍 오선리 390번지,36.9716799175428,127.554396386971,2021-01-31,2021-01-19
충청북도,음성군,열희농장,닭,육계,100000.0,충청북도 음성군 원남면 보천리 198번지,36.8766559022298,127.633957040025,2021-01-31,2021-01-19
충청북도,음성군,이레농장,닭,종계/산란계,8500.0,충청북도 음성군 생극면 임곡리 258번지 1호,37.0631645195913,127.579623600662,2021-01-31,2021-01-19
충청북도,음성군,일승오리농장,오리,,13000.0,충청북도 음성군 금왕읍 각회리 553번지,37.00224867317,127.570960881702,2021-01-31,2021-01-19
충청북도,음성군,자연농장,닭,종계/산란계,15000.0,충청북도 음성군 생극면 임곡리 100번지 4호 외 1필지,37.0641784339882,127.58767286491,2021-01-31,2021-01-19
충청북도,음성군,중원농장,닭,육계,135000.0,충청북도 음성군 금왕읍 오선리 468번지 2호,36.9771376282351,127.555843330057,2021-01-31,2021-01-19
충청북도,음성군,진영농장,닭,종계/산란계,16000.0,충청북도 음성군 삼성면 상곡리 7번지 1호,37.0114524779667,127.45613311285,2021-01-31,2021-01-19
충청북도,음성군,진영농장,닭,종계/산란계,17000.0,충청북도 음성군 삼성면 상곡리 7번지 1호,37.0114524779667,127.45613311285,2021-01-31,2021-01-19
충청북도,음성군,한마음농장,오리,,16000.0,충청북도 음성군 맹동면 마산리 산 21번지 10호,36.91623920248186,127.56943118395604,2021-01-31,2021-01-19
충청북도,음성군,한삼농장,오리,,20000.0,충청북도 음성군 금왕읍 유포리 548번지,36.9627026701274,127.547739278689,2021-01-31,2021-01-19
충청북도,음성군,형제농장,닭,육계,100000.0,충청북도 음성군 소이면 비산리 963번지,36.9415090450149,127.727711408992,2021-01-31,2021-01-19
충청북도,음성군,-,닭,육계,55000.0,충청북도 음성군 소이면 중동리 371번지 2호,36.8924657690638,127.777687218808,2021-01-31,2021-02-10
충청북도,음성군,기흥농장,닭,종계/산란계,21000.0,충청북도 음성군 생극면 송곡리 417번지 6호,37.0572448189202,127.590531258944,2021-01-31,2021-02-10
충청북도,음성군,대동농장,메추리,,40000.0,충청북도 음성군 소이면 금고리 527번지 1호,36.9189677719651,127.746408006928,2021-01-31,2021-02-10
충청북도,음성군,벧엘농장,닭,종계/산란계,5500.0,충청북도 음성군 생극면 임곡리 34번지 1호,37.0677344986038,127.586664812112,2021-01-31,2021-02-10
충청북도,음성군,복숭아농장,닭,육계,150.0,충청북도 음성군 음성읍 신천리 918번지,36.9214444930346,127.666110336083,2021-01-31,2021-02-10
충청북도,음성군,부윤농장,오리,,7000.0,충청북도 음성군 대소면 부윤리 산 73번지,36.9436440084619,127.51862789133,2021-01-31,2021-02-10
충청북도,음성군,삼용농장,오리,,12000.0,충청북도 음성군 원남면 삼용리 284번지,36.8890149719747,127.608188578834,2021-01-31,2021-02-10
충청북도,음성군,상당농장,닭,육계,40000.0,충청북도 음성군 원남면 상당리 475번지 1호,36.8980135073222,127.671848265261,2021-01-31,2021-02-10
충청북도,음성군,상미양계장,닭,육계,50000.0,충청북도 음성군 원남면 마송리 76번지 2호,36.8874226856089,127.670821011094,2021-01-31,2021-02-10
충청북도,음성군,서원농장,닭,육계,80000.0,충청북도 음성군 금왕읍 호산리 925번지,37.0385154808169,127.555732701501,2021-01-31,2021-02-10
충청북도,음성군,석우농장,닭,종계/산란계,200000.0,충청북도 음성군 감곡면 상우리 3번지,37.1248439622571,127.681448183511,2021-01-31,2021-02-10
충청북도,음성군,에덴농원,닭,육계,200.0,충청북도 음성군 금왕읍 오선리 390번지,36.9716799175428,127.554396386971,2021-01-31,2021-02-10
충청북도,음성군,열희농장,닭,육계,100000.0,충청북도 음성군 원남면 보천리 198번지,36.8766559022298,127.633957040025,2021-01-31,2021-02-10
충청북도,음성군,이레농장,닭,종계/산란계,8500.0,충청북도 음성군 생극면 임곡리 258번지 1호,37.0631645195913,127.579623600662,2021-01-31,2021-02-10
충청북도,음성군,일승오리농장,오리,,13000.0,충청북도 음성군 금왕읍 각회리 553번지,37.00224867317,127.570960881702,2021-01-31,2021-02-10
충청북도,음성군,자연농장,닭,종계/산란계,15000.0,충청북도 음성군 생극면 임곡리 100번지 4호 외 1필지,37.0641784339882,127.58767286491,2021-01-31,2021-02-10
충청북도,음성군,중원농장,닭,육계,135000.0,충청북도 음성군 금왕읍 오선리 468번지 2호,36.9771376282351,127.555843330057,2021-01-31,2021-02-10
충청북도,음성군,진영농장,닭,종계/산란계,16000.0,충청북도 음성군 삼성면 상곡리 7번지 1호,37.0114524779667,127.45613311285,2021-01-31,2021-02-10
충청북도,음성군,진영농장,닭,종계/산란계,17000.0,충청북도 음성군 삼성면 상곡리 7번지 1호,37.0114524779667,127.45613311285,2021-01-31,2021-02-10
충청북도,음성군,한마음농장,오리,,16000.0,충청북도 음성군 맹동면 마산리 산 21번지 10호,36.91623920248186,127.56943118395604,2021-01-31,2021-02-10
충청북도,음성군,한삼농장,오리,,20000.0,충청북도 음성군 금왕읍 유포리 548번지,36.9627026701274,127.547739278689,2021-01-31,2021-02-10
충청북도,음성군,형제농장,닭,육계,100000.0,충청북도 음성군 소이면 비산리 963번지,36.9415090450149,127.727711408992,2021-01-31,2021-02-10
충청북도,음성군,개나리농장,닭,육계,60000.0,충청북도 음성군 금왕읍 내송리 301번지,36.9935390887351,127.565071034554,2022-02-07,2021-11-22
충청북도,음성군,건영농장 2,오리,,5000.0,충청북도 음성군 맹동면 마산리 425번지,36.9366494962001,127.554983736816,2022-02-07,2022-02-08
충청북도,음성군,골든팜,닭,육계,70000.0,충청북도 음성군 맹동면 용촌리 775번지,36.9321796421993,127.522512866118,2022-02-07,2022-02-08
충청북도,음성군,기쁨농장,닭,육계,40000.0,충청북도 음성군 금왕읍 봉곡리 141번지 1호,36.9620723228754,127.577324779871,2022-02-07,2021-11-10
충청북도,음성군,남율농장,닭,육계,50000.0,충청북도 음성군 소이면 문등리 196번지 외 2필지,36.9078530716869,127.787206465525,2022-02-07,2021-11-10
충청북도,음성군,농업회사법인 (주) 조하 삼성지점,닭,종계/산란계,255381.0,충청북도 음성군 삼성면 능산리 360번지 1호,37.0362467833446,127.532185338097,2022-02-07,2021-11-22
충청북도,음성군,농업회사법인 주식회사 에버그린(금왕지점),메추리,,1084800.0,충청북도 음성군 금왕읍 신평리 307번지 외 12필지,36.9918150019303,127.542151677385,2022-02-07,2022-01-22
충청북도,음성군,농업회사법인(주)동일농장 삼성지점,닭,종계/산란계,15000.0,충청북도 음성군 삼성면 대정리 562번지,37.0287798645394,127.519734828122,2022-02-07,2021-11-22
충청북도,음성군,농업회사법인(주)동일농장 생극지점,닭,종계/산란계,30200.0,충청북도 음성군 생극면 팔성리 520번지 1호,37.043637506303,127.583872485458,2022-02-07,2021-11-10
충청북도,음성군,농업회사법인주식회사알부자,닭,종계/산란계,32000.0,충청북도 음성군 원남면 하노리 208번지 외2필지,36.9039609440561,127.698006354709,2022-02-07,2021-02-18
충청북도,음성군,대성농장,닭,육계,50000.0,충청북도 음성군 금왕읍 본대리 29번지,36.9845088550495,127.526186235014,2022-02-07,2022-01-22
충청북도,음성군,대성농장 2농장,닭,육계,70000.0,충청북도 음성군 맹동면 마산리 290번지,36.9366494962001,127.554983736816,2022-02-07,2022-02-08
충청북도,음성군,대진양계장,닭,육계,45000.0,충청북도 음성군 원남면 문암리 502번지,36.8477575566204,127.628222137602,2022-02-07,2021-11-10
충청북도,음성군,덕동오리농장,오리,,6500.0,충청북도 음성군 금왕읍 각회리 537번지,37.0034693205169,127.57006762785,2022-02-07,2021-11-10
충청북도,음성군,두재농장,오리,,18000.0,충청북도 음성군 삼성면 청용리 489번지 3호,36.9988702360699,127.468078553507,2022-02-07,2022-02-02
충청북도,음성군,류가네농장,오리,,7200.0,충청북도 음성군 맹동면 봉현리 300번지 2호,36.9429594116729,127.540404321725,2022-02-07,2022-02-08
충청북도,음성군,류봉농장,오리,,7000.0,충청북도 음성군 맹동면 봉현리 463번지 5호,36.9429594116729,127.540404321725,2022-02-07,2022-02-08
충청북도,음성군,류봉농장3,닭,육계,56000.0,충청북도 음성군 맹동면 봉현리 200번지 2호 외 1필지,36.9429594116729,127.540404321725,2022-02-07,2022-02-08
충청북도,음성군,매봉농장,오리,,20000.0,충청북도 음성군 금왕읍 본대리 산 7번지 4호,36.9863427706465,127.536083773134,2022-02-07,2021-11-10
충청북도,음성군,미곡농장,닭,육계,56000.0,충청북도 음성군 대소면 미곡리 402번지,36.9430762737999,127.479618635259,2022-02-07,2022-02-08
충청북도,음성군,민섭민준이네농장,닭,육계,55000.0,충청북도 음성군 맹동면 용촌리 604번지,36.9321796421993,127.522512866118,2022-02-07,2022-02-08
충청북도,음성군,민지농장,닭,육계,46000.0,충청북도 음성군 맹동면 봉현리 706번지 외 1필지,36.9429594116729,127.540404321725,2022-02-07,2022-02-08
충청북도,음성군,벧엘농장,닭,육계,50000.0,충청북도 음성군 삼성면 청용리 271번지,36.9988702360699,127.468078553507,2022-02-07,2022-02-02
충청북도,음성군,벧엘농장,닭,종계/산란계,27576.0,충청북도 음성군 생극면 임곡리 34번지 1호,37.0677344986038,127.586664812112,2022-02-07,2021-11-10
충청북도,음성군,보람농장,닭,육계,26000.0,충청북도 음성군 대소면 부윤리 248번지,36.9472742215967,127.52422358949,2022-02-07,2022-02-08
충청북도,음성군,부광원,오리,,11900.0,충청북도 음성군 맹동면 용촌리 200번지 5호 외 2필지,36.9321796421993,127.522512866118,2022-02-07,2022-02-08
충청북도,음성군,삼원농장,닭,종계/산란계,77000.0,충청북도 음성군 소이면 충도리 502번지,36.8849464017763,127.728416228625,2022-02-07,2021-11-10
충청북도,음성군,새봉암농장,오리,,9000.0,충청북도 음성군 맹동면 봉현리 504번지,36.9429594116729,127.540404321725,2022-02-07,2022-02-08
충청북도,음성군,서당골오리농장,오리,,24000.0,충청북도 음성군 맹동면 봉현리 471번지,36.9429594116729,127.540404321725,2022-02-07,2022-02-08
충청북도,음성군,석우농장,닭,산란중추,218016.0,충청북도 음성군 감곡면 상우리 3번지,37.1248439622571,127.681448183511,2022-02-07,2021-11-10
충청북도,음성군,성은농장,닭,육계,40000.0,충청북도 음성군 감곡면 상평리 520번지,37.0686020049075,127.630064710295,2022-02-07,2021-11-10
충청북도,음성군,세움팜스,닭,육계,130000.0,충청북도 음성군 대소면 수태리 125번지 외 8필지,36.9401623864557,127.505212643988,2022-02-07,2022-02-08
충청북도,음성군,솔그린농장,닭,육계,50000.0,충청북도 음성군 감곡면 문촌리 448번지 3호 외 4필지,37.1208514757822,127.700226789905,2022-02-07,2021-02-23
충청북도,음성군,신우농장,오리,,10000.0,충청북도 음성군 맹동면 봉현리 693번지,36.9429594116729,127.540404321725,2022-02-07,2022-02-08
충청북도,음성군,안골농장,닭,육계,85000.0,충청북도 음성군 삼성면 대정리 553번지 외 2필지,37.0287798645394,127.519734828122,2022-02-07,2021-11-22
충청북도,음성군,알부자제2농장,닭,종계/산란계,60000.0,충청북도 음성군 금왕읍 용계리 413번지,36.9779512934042,127.580398491845,2022-02-07,2021-11-10
충청북도,음성군,왕봉농장,닭,육계,20000.0,충청북도 음성군 맹동면 봉현리 193번지 5호,36.9429594116729,127.540404321725,2022-02-07,2022-02-08
충청북도,음성군,월연농장,닭,종계/산란계,350000.0,충청북도 음성군 생극면 임곡리 145번지,37.0608702896849,127.588307777765,2022-02-07,2021-11-10
충청북도,음성군,육일농장,닭,종계/산란계,50.0,충청북도 음성군 삼성면 양덕리 421번지,37.0187733023284,127.486123172486,2022-02-07,2021-11-10
충청북도,음성군,음성농장,닭,육계,12500.0,충청북도 음성군 원남면 하당리 462번지,36.903763372237,127.675870605205,2022-02-07,2021-11-10
충청북도,음성군,음성농촌관광농원,닭,육계,6.0,충청북도 음성군 원남면 구안리 168번지,36.8818800414638,127.707837169569,2022-02-07,2021-11-10
충청북도,음성군,장군농장,오리,,10000.0,충청북도 음성군 대소면 수태리 153번지 154,36.9401623864557,127.505212643988,2022-02-07,2022-02-08
충청북도,음성군,정우농장 2,닭,육계,110000.0,충청북도 음성군 삼성면 대야리 428번지,37.0396522460842,127.495143323103,2022-02-07,2021-11-10
충청북도,음성군,준희농장,닭,육계,80000.0,충청북도 음성군 맹동면 봉현리 695번지,36.9429594116729,127.540404321725,2022-02-07,2022-02-08
충청북도,음성군,중부농장,오리,,10000.0,충청북도 음성군 맹동면 마산리 530번지 2호,36.9366494962001,127.554983736816,2022-02-07,2022-02-08
충청북도,음성군,진영농장,닭,종계/산란계,48600.0,충청북도 음성군 삼성면 상곡리 7번지 1호,37.0114524779667,127.45613311285,2022-02-07,2021-11-10
충청북도,음성군,파랑새농장,닭,육계,40000.0,충청북도 음성군 대소면 미곡리 122번지 외 1필지,36.9430762737999,127.479618635259,2022-02-07,2022-02-08
충청북도,음성군,한빛타조농장,타조,,53.0,충청북도 음성군 맹동면 봉현리 300번지 외 1필지(250번지),36.9429594116729,127.540404321725,2022-02-07,2022-02-08
충청북도,음성군,한서농장,닭,육계,40000.0,충청북도 음성군 금왕읍 호산리 11번지,37.0416739653109,127.562771125582,2022-02-07,2021-11-10
충청북도,음성군,한울,닭,육계,105000.0,충청북도 음성군 대소면 부윤리 260번지,36.9472742215967,127.52422358949,2022-02-07,2022-02-08
충청북도,음성군,현일농장,오리,,4000.0,충청북도 음성군 대소면 부윤리 330번지,36.9472742215967,127.52422358949,2022-02-07,2022-02-08
충청북도,음성군,형제농장,닭,육계,100000.0,충청북도 음성군 소이면 비산리 963번지 외 4필지,36.9415090450149,127.727711408992,2022-02-07,2021-11-10
충청북도,음성군,홍백농장,닭,육계,53000.0,충청북도 음성군 금왕읍 사창리 423번지 1호,37.0093100951407,127.529399781033,2022-02-07,2021-11-10
충청북도,음성군,황금농장,닭,육계,55000.0,충청북도 음성군 소이면 중동리 371번지 2호,36.8924657690638,127.777687218808,2022-02-07,2021-11-10
충청북도,음성군,기쁨농장,닭,육계,40000.0,충청북도 음성군 금왕읍 봉곡리 141번지 1호,36.9620723228754,127.577324779871,2022-02-07,2021-11-11
충청북도,음성군,남율농장,닭,육계,50000.0,충청북도 음성군 소이면 문등리 196번지 외 2필지,36.9078530716869,127.787206465525,2022-02-07,2021-11-11
충청북도,음성군,농업회사법인(주)동일농장 생극지점,닭,종계/산란계,30200.0,충청북도 음성군 생극면 팔성리 520번지 1호,37.043637506303,127.583872485458,2022-02-07,2021-11-11
충청북도,음성군,대진양계장,닭,육계,45000.0,충청북도 음성군 원남면 문암리 502번지,36.8477575566204,127.628222137602,2022-02-07,2021-11-11
충청북도,음성군,덕동오리농장,오리,,6500.0,충청북도 음성군 금왕읍 각회리 537번지,37.0034693205169,127.57006762785,2022-02-07,2021-11-11
충청북도,음성군,매봉농장,오리,,20000.0,충청북도 음성군 금왕읍 본대리 산 7번지 4호,36.9863427706465,127.536083773134,2022-02-07,2021-11-11
충청북도,음성군,벧엘농장,닭,종계/산란계,27576.0,충청북도 음성군 생극면 임곡리 34번지 1호,37.0677344986038,127.586664812112,2022-02-07,2021-11-11
충청북도,음성군,삼원농장,닭,종계/산란계,77000.0,충청북도 음성군 소이면 충도리 502번지,36.8849464017763,127.728416228625,2022-02-07,2021-11-11
충청북도,음성군,석우농장,닭,산란중추,218016.0,충청북도 음성군 감곡면 상우리 3번지,37.1248439622571,127.681448183511,2022-02-07,2021-11-11
충청북도,음성군,성은농장,닭,육계,40000.0,충청북도 음성군 감곡면 상평리 520번지,37.0686020049075,127.630064710295,2022-02-07,2021-11-11
충청북도,음성군,알부자제2농장,닭,종계/산란계,60000.0,충청북도 음성군 금왕읍 용계리 413번지,36.9779512934042,127.580398491845,2022-02-07,2021-11-11
충청북도,음성군,월연농장,닭,종계/산란계,350000.0,충청북도 음성군 생극면 임곡리 145번지,37.0608702896849,127.588307777765,2022-02-07,2021-11-11
충청북도,음성군,육일농장,닭,종계/산란계,50.0,충청북도 음성군 삼성면 양덕리 421번지,37.0187733023284,127.486123172486,2022-02-07,2021-11-11
충청북도,음성군,음성농장,닭,육계,12500.0,충청북도 음성군 원남면 하당리 462번지,36.903763372237,127.675870605205,2022-02-07,2021-11-11
충청북도,음성군,음성농촌관광농원,닭,육계,6.0,충청북도 음성군 원남면 구안리 168번지,36.8818800414638,127.707837169569,2022-02-07,2021-11-11
충청북도,음성군,정우농장 2,닭,육계,110000.0,충청북도 음성군 삼성면 대야리 428번지,37.0396522460842,127.495143323103,2022-02-07,2021-11-11
충청북도,음성군,진영농장,닭,종계/산란계,48600.0,충청북도 음성군 삼성면 상곡리 7번지 1호,37.0114524779667,127.45613311285,2022-02-07,2021-11-11
충청북도,음성군,한서농장,닭,육계,40000.0,충청북도 음성군 금왕읍 호산리 11번지,37.0416739653109,127.562771125582,2022-02-07,2021-11-11
충청북도,음성군,형제농장,닭,육계,100000.0,충청북도 음성군 소이면 비산리 963번지 외 4필지,36.9415090450149,127.727711408992,2022-02-07,2021-11-11
충청북도,음성군,홍백농장,닭,육계,53000.0,충청북도 음성군 금왕읍 사창리 423번지 1호,37.0093100951407,127.529399781033,2022-02-07,2021-11-11
충청북도,음성군,황금농장,닭,육계,55000.0,충청북도 음성군 소이면 중동리 371번지 2호,36.8924657690638,127.777687218808,2022-02-07,2021-11-11
충청북도,음성군,기쁨농장,닭,육계,40000.0,충청북도 음성군 금왕읍 봉곡리 141번지 1호,36.9620723228754,127.577324779871,2022-02-07,2021-11-16
충청북도,음성군,남율농장,닭,육계,50000.0,충청북도 음성군 소이면 문등리 196번지 외 2필지,36.9078530716869,127.787206465525,2022-02-07,2021-11-16
충청북도,음성군,농업회사법인(주)동일농장 생극지점,닭,종계/산란계,30200.0,충청북도 음성군 생극면 팔성리 520번지 1호,37.043637506303,127.583872485458,2022-02-07,2021-11-16
충청북도,음성군,대진양계장,닭,육계,45000.0,충청북도 음성군 원남면 문암리 502번지,36.8477575566204,127.628222137602,2022-02-07,2021-11-16
충청북도,음성군,덕동오리농장,오리,,6500.0,충청북도 음성군 금왕읍 각회리 537번지,37.0034693205169,127.57006762785,2022-02-07,2021-11-16
충청북도,음성군,매봉농장,오리,,20000.0,충청북도 음성군 금왕읍 본대리 산 7번지 4호,36.9863427706465,127.536083773134,2022-02-07,2021-11-16
충청북도,음성군,벧엘농장,닭,종계/산란계,27576.0,충청북도 음성군 생극면 임곡리 34번지 1호,37.0677344986038,127.586664812112,2022-02-07,2021-11-16
충청북도,음성군,삼원농장,닭,종계/산란계,77000.0,충청북도 음성군 소이면 충도리 502번지,36.8849464017763,127.728416228625,2022-02-07,2021-11-16
충청북도,음성군,석우농장,닭,산란중추,218016.0,충청북도 음성군 감곡면 상우리 3번지,37.1248439622571,127.681448183511,2022-02-07,2021-11-16
충청북도,음성군,성은농장,닭,육계,40000.0,충청북도 음성군 감곡면 상평리 520번지,37.0686020049075,127.630064710295,2022-02-07,2021-11-16
충청북도,음성군,알부자제2농장,닭,종계/산란계,60000.0,충청북도 음성군 금왕읍 용계리 413번지,36.9779512934042,127.580398491845,2022-02-07,2021-11-16
충청북도,음성군,월연농장,닭,종계/산란계,350000.0,충청북도 음성군 생극면 임곡리 145번지,37.0608702896849,127.588307777765,2022-02-07,2021-11-16
충청북도,음성군,육일농장,닭,종계/산란계,50.0,충청북도 음성군 삼성면 양덕리 421번지,37.0187733023284,127.486123172486,2022-02-07,2021-11-16
충청북도,음성군,음성농장,닭,육계,12500.0,충청북도 음성군 원남면 하당리 462번지,36.903763372237,127.675870605205,2022-02-07,2021-11-16
충청북도,음성군,음성농촌관광농원,닭,육계,6.0,충청북도 음성군 원남면 구안리 168번지,36.8818800414638,127.707837169569,2022-02-07,2021-11-16
충청북도,음성군,정우농장 2,닭,육계,110000.0,충청북도 음성군 삼성면 대야리 428번지,37.0396522460842,127.495143323103,2022-02-07,2021-11-16
충청북도,음성군,진영농장,닭,종계/산란계,48600.0,충청북도 음성군 삼성면 상곡리 7번지 1호,37.0114524779667,127.45613311285,2022-02-07,2021-11-16
충청북도,음성군,한서농장,닭,육계,40000.0,충청북도 음성군 금왕읍 호산리 11번지,37.0416739653109,127.562771125582,2022-02-07,2021-11-16
충청북도,음성군,형제농장,닭,육계,100000.0,충청북도 음성군 소이면 비산리 963번지 외 4필지,36.9415090450149,127.727711408992,2022-02-07,2021-11-16
충청북도,음성군,홍백농장,닭,육계,53000.0,충청북도 음성군 금왕읍 사창리 423번지 1호,37.0093100951407,127.529399781033,2022-02-07,2021-11-16
충청북도,음성군,황금농장,닭,육계,55000.0,충청북도 음성군 소이면 중동리 371번지 2호,36.8924657690638,127.777687218808,2022-02-07,2021-11-16
충청북도,음성군,기쁨농장,닭,육계,40000.0,충청북도 음성군 금왕읍 봉곡리 141번지 1호,36.9620723228754,127.577324779871,2022-02-07,2021-11-22
충청북도,음성군,남율농장,닭,육계,50000.0,충청북도 음성군 소이면 문등리 196번지 외 2필지,36.9078530716869,127.787206465525,2022-02-07,2021-11-22
충청북도,음성군,농업회사법인(주)동일농장 생극지점,닭,종계/산란계,30200.0,충청북도 음성군 생극면 팔성리 520번지 1호,37.043637506303,127.583872485458,2022-02-07,2021-11-22
충청북도,음성군,대진양계장,닭,육계,45000.0,충청북도 음성군 원남면 문암리 502번지,36.8477575566204,127.628222137602,2022-02-07,2021-11-22
충청북도,음성군,덕동오리농장,오리,,6500.0,충청북도 음성군 금왕읍 각회리 537번지,37.0034693205169,127.57006762785,2022-02-07,2021-11-22
충청북도,음성군,매봉농장,오리,,20000.0,충청북도 음성군 금왕읍 본대리 산 7번지 4호,36.9863427706465,127.536083773134,2022-02-07,2021-11-22
충청북도,음성군,벧엘농장,닭,종계/산란계,27576.0,충청북도 음성군 생극면 임곡리 34번지 1호,37.0677344986038,127.586664812112,2022-02-07,2021-11-22
충청북도,음성군,삼원농장,닭,종계/산란계,77000.0,충청북도 음성군 소이면 충도리 502번지,36.8849464017763,127.728416228625,2022-02-07,2021-11-22
충청북도,음성군,석우농장,닭,산란중추,218016.0,충청북도 음성군 감곡면 상우리 3번지,37.1248439622571,127.681448183511,2022-02-07,2021-11-22
충청북도,음성군,성은농장,닭,육계,40000.0,충청북도 음성군 감곡면 상평리 520번지,37.0686020049075,127.630064710295,2022-02-07,2021-11-22
충청북도,음성군,알부자제2농장,닭,종계/산란계,60000.0,충청북도 음성군 금왕읍 용계리 413번지,36.9779512934042,127.580398491845,2022-02-07,2021-11-22
충청북도,음성군,월연농장,닭,종계/산란계,350000.0,충청북도 음성군 생극면 임곡리 145번지,37.0608702896849,127.588307777765,2022-02-07,2021-11-22
충청북도,음성군,육일농장,닭,종계/산란계,50.0,충청북도 음성군 삼성면 양덕리 421번지,37.0187733023284,127.486123172486,2022-02-07,2021-11-22
충청북도,음성군,음성농장,닭,육계,12500.0,충청북도 음성군 원남면 하당리 462번지,36.903763372237,127.675870605205,2022-02-07,2021-11-22
충청북도,음성군,음성농촌관광농원,닭,육계,6.0,충청북도 음성군 원남면 구안리 168번지,36.8818800414638,127.707837169569,2022-02-07,2021-11-22
충청북도,음성군,정우농장 2,닭,육계,110000.0,충청북도 음성군 삼성면 대야리 428번지,37.0396522460842,127.495143323103,2022-02-07,2021-11-22
충청북도,음성군,진영농장,닭,종계/산란계,48600.0,충청북도 음성군 삼성면 상곡리 7번지 1호,37.0114524779667,127.45613311285,2022-02-07,2021-11-22
충청북도,음성군,한서농장,닭,육계,40000.0,충청북도 음성군 금왕읍 호산리 11번지,37.0416739653109,127.562771125582,2022-02-07,2021-11-22
충청북도,음성군,형제농장,닭,육계,100000.0,충청북도 음성군 소이면 비산리 963번지 외 4필지,36.9415090450149,127.727711408992,2022-02-07,2021-11-22
충청북도,음성군,홍백농장,닭,육계,53000.0,충청북도 음성군 금왕읍 사창리 423번지 1호,37.0093100951407,127.529399781033,2022-02-07,2021-11-22
충청북도,음성군,황금농장,닭,육계,55000.0,충청북도 음성군 소이면 중동리 371번지 2호,36.8924657690638,127.777687218808,2022-02-07,2021-11-22
충청북도,음성군,가인농장,닭,육계,100000.0,충청북도 음성군 맹동면 봉현리 681번지,36.9429594116729,127.540404321725,2024-08-24,2024-11-08
충청북도,음성군,감곡벤처농장,오리,육용오리,13487.0,충청북도 음성군 감곡면 문촌리 983번지 4호,37.1208514757822,127.700226789905,2024-08-24,2021-02-23
충청북도,음성군,갑산농장,닭,육계,70000.0,충청북도 음성군 소이면 갑산리 264번지 1호 외 1필지(266번지),36.886576973056,127.751827098244,2024-08-24,2024-11-08
충청북도,음성군,계구쟁이농장,닭,종계/산란계,108864.0,충청북도 음성군 삼성면 능산리 122번지  122-1,37.0362467833446,127.532185338097,2024-08-24,2024-11-08
충청북도,음성군,계구쟁이농장,닭,종계/산란계,108864.0,"충청북도 음성군 삼성면 능산리 122번지 ,122-1",37.0362467833446,127.532185338097,2024-08-24,2024-11-08
충청북도,음성군,국현농장,오리,,18000.0,충청북도 음성군 맹동면 봉현리 476번지,36.9429594116729,127.540404321725,2024-08-24,2024-11-08
충청북도,음성군,남율농장,닭,육계,72767.0,충청북도 음성군 소이면 문등리 196번지,36.9078530716869,127.787206465525,2024-08-24,2024-11-08
충청북도,음성군,농업회사법인 (주) 조하 삼성지점,닭,종계/산란계,,충청북도 음성군 삼성면 능산리 360번지 1호,37.0362467833446,127.532185338097,2024-08-24,2024-11-08
충청북도,음성군,농업회사법인(주)동일농장 생극지점,닭,종계/산란계,21000.0,충청북도 음성군 생극면 팔성리 520번지 1호,37.043637506303,127.583872485458,2024-08-24,2024-11-08
충청북도,음성군,농업회사법인(주)조하,닭,종계/산란계,86175.0,충청북도 음성군 맹동면 봉현리 363번지 외 7필지,36.9429594116729,127.540404321725,2024-08-24,2024-11-08
충청북도,음성군,농업회사법인주식회사 동일농장,닭,종계/산란계,44000.0,충청북도 음성군 대소면 삼호리 454번지,36.9558649937714,127.470465006663,2024-08-24,2024-11-08
충청북도,음성군,농업회사법인주식회사알부자,닭,종계/산란계,32000.0,"충청북도 음성군 원남면 하노리 208번지 외2필지(208-1,213)",36.9039609440561,127.698006354709,2024-08-24,2025-12-17
충청북도,음성군,누리농장,닭,종계/산란계,15000.0,충청북도 음성군 소이면 중동리 1384번지,36.9067734978763,127.779787260886,2024-08-24,2024-11-08
충청북도,음성군,늘푸른농장,오리,,7800.0,충청북도 음성군 맹동면 마산리 465번지,36.9366494962001,127.554983736816,2024-08-24,2024-11-08
충청북도,음성군,대금 유정란 농장,닭,육계,50000.0,충청북도 음성군 금왕읍 본대리 29번지,36.9845088550495,127.526186235014,2024-08-24,2024-11-08
충청북도,음성군,대박농장,오리,,9500.0,충청북도 음성군 맹동면 용촌리 69번지,36.9321796421993,127.522512866118,2024-08-24,2024-11-08
충청북도,음성군,대성농장,닭,육계,119000.0,충청북도 음성군 맹동면 봉현리 258번지 외 4필지,36.9429594116729,127.540404321725,2024-08-24,2024-11-08
충청북도,음성군,대왕농장1,오리,육용오리,11840.0,충청북도 음성군 맹동면 봉현리 300번지 2호,36.9429594116729,127.540404321725,2024-08-24,2024-11-08
충청북도,음성군,류봉농장2,닭,육계,92000.0,충청북도 음성군 대소면 미곡리 산 2번지 2호,36.9558600337329,127.510916780429,2024-08-24,2024-11-08
충청북도,음성군,매봉농장,오리,,24390.0,충청북도 음성군 금왕읍 본대리 산 7번지 4호,36.9863427706465,127.536083773134,2024-08-24,2024-11-08
충청북도,음성군,무궁화농장,닭,육계,140000.0,충청북도 음성군 맹동면 봉현리 678번지,36.9429594116729,127.540404321725,2024-08-24,2024-11-08
충청북도,음성군,미곡농장,닭,육계,56000.0,"충청북도 음성군 대소면 미곡리 402번지 , 401-1, 401-2",36.9430762737999,127.479618635259,2024-08-24,2024-11-08
충청북도,음성군,민들레농장,닭,육계,148000.0,충청북도 음성군 소이면 중동리 122번지 외 4필지,36.9052029480051,127.781566744962,2024-08-24,2024-11-08
충청북도,음성군,부윤농장,오리,,9500.0,충청북도 음성군 대소면 부윤리 산 73번지,36.9436440084619,127.51862789133,2024-08-24,2024-11-08
충청북도,음성군,삼봉농장,오리,,12000.0,충청북도 음성군 금왕읍 삼봉리 601번지,36.9523470813618,127.553269800483,2024-08-24,2024-11-08
충청북도,음성군,상당농장,닭,육계,40000.0,충청북도 음성군 원남면 상당리 475번지 외 4필지,36.8980135073222,127.671848265261,2024-08-24,2024-11-08
충청북도,음성군,새시대목장,"면양, 타조, 염소",,103.0,충청북도 음성군 원남면 주봉리 464번지,36.8721403982401,127.676449657448,2024-08-24,2024-11-08
충청북도,음성군,생금,닭,육계,100000.0,충청북도 음성군 금왕읍 본대리 101번지 7호 외1필지,36.9845088550495,127.526186235014,2024-08-24,2024-11-08
충청북도,음성군,서가팜,닭,종계/산란계,35000.0,"충청북도 음성군 삼성면 대정리 552,553,554,554-1,555",37.0287798645394,127.519734828122,2024-08-24,2024-11-08
충청북도,음성군,세연농장,오리,,12500.0,충청북도 음성군 소이면 비산리 1003번지 1호,36.9390371688166,127.726425620663,2024-08-24,2024-11-08
충청북도,음성군,세움팜스,닭,육계,130000.0,"충청북도 음성군 대소면 수태리 125번지 외 8필지(122,123,124,맹동면 용촌리 379,379-1,379-2,379-3,379-4)",36.9401623864557,127.505212643988,2024-08-24,2024-11-08
충청북도,음성군,소이가든농장,"육계, 산양",,300.0,충청북도 음성군 소이면 금고리 311번지 2호,36.9178334333792,127.739387594998,2024-08-24,2024-11-08
충청북도,음성군,솔그린농장,닭,육계,60000.0,충청북도 음성군 감곡면 문촌리 448번지 3호 외 4필지,37.1208514757822,127.700226789905,2024-08-24,2021-02-23
충청북도,음성군,솔뫼비농장,닭,종계/산란계,5000.0,충청북도 음성군 삼성면 청용리 49번지 1호,36.9988702360699,127.468078553507,2024-08-24,2024-11-08
충청북도,음성군,송계농장,닭,종계/산란계,110592.0,충청북도 음성군 삼성면 상곡리 2번지,37.007652864915,127.469458751297,2024-08-24,2024-11-08
충청북도,음성군,송림농장,닭,종계/산란계,60000.0,충청북도 음성군 생극면 송곡리 191번지,37.0647094441796,127.598214810906,2024-08-24,2024-11-08
충청북도,음성군,수농장,오리,,16000.0,충청북도 음성군 대소면 삼정리 764번지 1호,36.9548466701215,127.493143258412,2024-08-24,2024-11-08
충청북도,음성군,승순농장,닭,종계/산란계,200000.0,충청북도 음성군 삼성면 대야리 80번지 9호,37.0356420920737,127.507122537906,2024-08-24,2024-11-08
충청북도,음성군,아람농장,닭,육계,35922.0,충청북도 음성군 맹동면 봉현리 278번지,36.9429594116729,127.540404321725,2024-08-24,2024-11-08
충청북도,음성군,아스타,닭,육계,70700.0,충청북도 음성군 맹동면 마산리 389번지,36.9366494962001,127.554983736816,2024-08-24,2024-11-08
충청북도,음성군,열음농장,닭,종계/산란계,2800.0,"충청북도 음성군 소이면 중동리 829번지 외 3필지(830, 831, 1195)",36.892025261548,127.769712112104,2024-08-24,2024-11-08
충청북도,음성군,원남농장,"한우, 메추리",,70002.0,충청북도 음성군 원남면 덕정리 59번지,36.8940469033698,127.63409500855,2024-08-24,2025-12-17
충청북도,음성군,윤호농장,오리,,10000.0,충청북도 음성군 맹동면 봉현리 686번지,36.9429594116729,127.540404321725,2024-08-24,2024-11-08
충청북도,음성군,이루미농장,닭,육계,41800.0,충청북도 음성군 맹동면 마산리 425번지,36.9366494962001,127.554983736816,2024-08-24,2024-11-08
충청북도,음성군,이엘농장,닭,종계/산란계,64350.0,충청북도 음성군 원남면 삼용리 688번지 5호,36.8858631468269,127.596062408518,2024-08-24,2024-11-08
충청북도,음성군,장수농장,오리,,20000.0,"충청북도 음성군 삼성면 천평리 355번지 외 4(357, 358, 359, 937)",36.9841153979027,127.504739354853,2024-08-24,2024-11-08
충청북도,음성군,장수농장,닭,종계/산란계,8920.0,충청북도 음성군 소이면 비산리 670번지 외 11필지,36.9380779301813,127.733616538214,2024-08-24,2024-11-08
충청북도,음성군,정우농장,닭,육계,60000.0,충청북도 음성군 음성읍 초천리 714번지 2호 외 1필지,36.9262240198576,127.653237779228,2024-08-24,2024-11-08
충청북도,음성군,하얀구름,닭,육계,40000.0,충청북도 음성군 맹동면 봉현리 170번지 2호 외 2필지,36.9429594116729,127.540404321725,2024-08-24,2024-11-08
충청북도,음성군,한울,닭,육계,105000.0,"충청북도 음성군 대소면 부윤리 260번지 240, 240-1, 238-4",36.9472742215967,127.52422358949,2024-08-24,2024-11-08
충청북도,음성군,해건농장,닭,육계,35000.0,충청북도 음성군 음성읍 삼생리 799번지 1호 외 2필지,36.9156545244892,127.594422576571,2024-08-24,2024-11-08
충청북도,음성군,햇살농장,닭,육계,44000.0,충청북도 음성군 맹동면 봉현리 504번지,36.9429594116729,127.540404321725,2024-08-24,2024-11-08
충청북도,음성군,행복농장,닭,육계,35000.0,충청북도 음성군 소이면 봉전리 368번지 2호,36.9046845644089,127.756438964822,2024-08-24,2024-11-08
충청북도,음성군,향촌농장,오리,,11000.0,충청북도 음성군 삼성면 천평리 727번지 3호,36.9841153979027,127.504739354853,2024-08-24,2024-11-08
충청북도,음성군,형제농장,닭,육계,100000.0,"충청북도 음성군 소이면 비산리 963번지 외 4필지(963-2, 963-3, 960, 960-3)",36.9415090450149,127.727711408992,2024-08-24,2024-11-08
충청북도,음성군,환희농장,닭,육계,81800.0,충청북도 음성군 맹동면 봉현리 693번지,36.9429594116729,127.540404321725,2024-08-24,2024-11-08
충청북도,음성군,황새농장,닭,육계,78000.0,충청북도 음성군 금왕읍 구계리 429번지 3호 외 1필지,37.0187643909912,127.534824905027,2024-08-24,2024-11-08
충청북도,음성군,갑산농장,닭,육계,70000.0,충청북도 음성군 소이면 갑산리 264번지 1호 외 1필지(266번지),36.886576973056,127.751827098244,2024-08-24,2024-12-31
충청북도,음성군,남율농장,닭,육계,72767.0,충청북도 음성군 소이면 문등리 196번지,36.9078530716869,127.787206465525,2024-08-24,2024-12-31
충청북도,음성군,농업회사법인(주)동일농장 생극지점,닭,종계/산란계,21000.0,충청북도 음성군 생극면 팔성리 520번지 1호,37.043637506303,127.583872485458,2024-08-24,2024-12-31
충청북도,음성군,누리농장,닭,종계/산란계,15000.0,충청북도 음성군 소이면 중동리 1384번지,36.9067734978763,127.779787260886,2024-08-24,2024-12-31
충청북도,음성군,류봉농장2,닭,육계,92000.0,충청북도 음성군 대소면 미곡리 산 2번지 2호,36.9558600337329,127.510916780429,2024-08-24,2024-12-31
충청북도,음성군,매봉농장,오리,,24390.0,충청북도 음성군 금왕읍 본대리 산 7번지 4호,36.9863427706465,127.536083773134,2024-08-24,2024-12-31
충청북도,음성군,민들레농장,닭,육계,148000.0,충청북도 음성군 소이면 중동리 122번지 외 4필지,36.9052029480051,127.781566744962,2024-08-24,2024-12-31
충청북도,음성군,부윤농장,오리,,9500.0,충청북도 음성군 대소면 부윤리 산 73번지,36.9436440084619,127.51862789133,2024-08-24,2024-12-31
충청북도,음성군,상당농장,닭,육계,40000.0,충청북도 음성군 원남면 상당리 475번지 외 4필지,36.8980135073222,127.671848265261,2024-08-24,2024-12-31
충청북도,음성군,새시대목장,"면양, 타조, 염소",,103.0,충청북도 음성군 원남면 주봉리 464번지,36.8721403982401,127.676449657448,2024-08-24,2024-12-31
충청북도,음성군,세연농장,오리,,12500.0,충청북도 음성군 소이면 비산리 1003번지 1호,36.9390371688166,127.726425620663,2024-08-24,2024-12-31
충청북도,음성군,소이가든농장,"육계, 산양",,300.0,충청북도 음성군 소이면 금고리 311번지 2호,36.9178334333792,127.739387594998,2024-08-24,2024-12-31
충청북도,음성군,송계농장,닭,종계/산란계,110592.0,충청북도 음성군 삼성면 상곡리 2번지,37.007652864915,127.469458751297,2024-08-24,2024-12-31
충청북도,음성군,송림농장,닭,종계/산란계,60000.0,충청북도 음성군 생극면 송곡리 191번지,37.0647094441796,127.598214810906,2024-08-24,2024-12-31
충청북도,음성군,승순농장,닭,종계/산란계,200000.0,충청북도 음성군 삼성면 대야리 80번지 9호,37.0356420920737,127.507122537906,2024-08-24,2024-12-31
충청북도,음성군,열음농장,닭,종계/산란계,2800.0,"충청북도 음성군 소이면 중동리 829번지 외 3필지(830, 831, 1195)",36.892025261548,127.769712112104,2024-08-24,2024-12-31
충청북도,음성군,이엘농장,닭,종계/산란계,64350.0,충청북도 음성군 원남면 삼용리 688번지 5호,36.8858631468269,127.596062408518,2024-08-24,2024-12-31
충청북도,음성군,장수농장,닭,종계/산란계,8920.0,충청북도 음성군 소이면 비산리 670번지 외 11필지,36.9380779301813,127.733616538214,2024-08-24,2024-12-31
충청북도,음성군,정우농장,닭,육계,60000.0,충청북도 음성군 음성읍 초천리 714번지 2호 외 1필지,36.9262240198576,127.653237779228,2024-08-24,2024-12-31
충청북도,음성군,해건농장,닭,육계,35000.0,충청북도 음성군 음성읍 삼생리 799번지 1호 외 2필지,36.9156545244892,127.594422576571,2024-08-24,2024-12-31
충청북도,음성군,행복농장,닭,육계,35000.0,충청북도 음성군 소이면 봉전리 368번지 2호,36.9046845644089,127.756438964822,2024-08-24,2024-12-31
충청북도,음성군,형제농장,닭,육계,100000.0,"충청북도 음성군 소이면 비산리 963번지 외 4필지(963-2, 963-3, 960, 960-3)",36.9415090450149,127.727711408992,2024-08-24,2024-12-31
충청북도,음성군,황새농장,닭,육계,78000.0,충청북도 음성군 금왕읍 구계리 429번지 3호 외 1필지,37.0187643909912,127.534824905027,2024-08-24,2024-12-31
충청북도,음성군,갑산농장,닭,육계,70000.0,충청북도 음성군 소이면 갑산리 264번지 1호 외 1필지(266번지),36.886576973056,127.751827098244,2024-08-24,2025-01-14
충청북도,음성군,남율농장,닭,육계,72767.0,충청북도 음성군 소이면 문등리 196번지,36.9078530716869,127.787206465525,2024-08-24,2025-01-14
충청북도,음성군,농업회사법인(주)동일농장 생극지점,닭,종계/산란계,21000.0,충청북도 음성군 생극면 팔성리 520번지 1호,37.043637506303,127.583872485458,2024-08-24,2025-01-14
충청북도,음성군,누리농장,닭,종계/산란계,15000.0,충청북도 음성군 소이면 중동리 1384번지,36.9067734978763,127.779787260886,2024-08-24,2025-01-14
충청북도,음성군,류봉농장2,닭,육계,92000.0,충청북도 음성군 대소면 미곡리 산 2번지 2호,36.9558600337329,127.510916780429,2024-08-24,2025-01-14
충청북도,음성군,매봉농장,오리,,24390.0,충청북도 음성군 금왕읍 본대리 산 7번지 4호,36.9863427706465,127.536083773134,2024-08-24,2025-01-14
충청북도,음성군,민들레농장,닭,육계,148000.0,충청북도 음성군 소이면 중동리 122번지 외 4필지,36.9052029480051,127.781566744962,2024-08-24,2025-01-14
충청북도,음성군,부윤농장,오리,,9500.0,충청북도 음성군 대소면 부윤리 산 73번지,36.9436440084619,127.51862789133,2024-08-24,2025-01-14
충청북도,음성군,상당농장,닭,육계,40000.0,충청북도 음성군 원남면 상당리 475번지 외 4필지,36.8980135073222,127.671848265261,2024-08-24,2025-01-14
충청북도,음성군,새시대목장,"면양, 타조, 염소",,103.0,충청북도 음성군 원남면 주봉리 464번지,36.8721403982401,127.676449657448,2024-08-24,2025-01-14
충청북도,음성군,세연농장,오리,,12500.0,충청북도 음성군 소이면 비산리 1003번지 1호,36.9390371688166,127.726425620663,2024-08-24,2025-01-14
충청북도,음성군,소이가든농장,"육계, 산양",,300.0,충청북도 음성군 소이면 금고리 311번지 2호,36.9178334333792,127.739387594998,2024-08-24,2025-01-14
충청북도,음성군,송계농장,닭,종계/산란계,110592.0,충청북도 음성군 삼성면 상곡리 2번지,37.007652864915,127.469458751297,2024-08-24,2025-01-14
충청북도,음성군,송림농장,닭,종계/산란계,60000.0,충청북도 음성군 생극면 송곡리 191번지,37.0647094441796,127.598214810906,2024-08-24,2025-01-14
충청북도,음성군,승순농장,닭,종계/산란계,200000.0,충청북도 음성군 삼성면 대야리 80번지 9호,37.0356420920737,127.507122537906,2024-08-24,2025-01-14
충청북도,음성군,열음농장,닭,종계/산란계,2800.0,"충청북도 음성군 소이면 중동리 829번지 외 3필지(830, 831, 1195)",36.892025261548,127.769712112104,2024-08-24,2025-01-14
충청북도,음성군,이엘농장,닭,종계/산란계,64350.0,충청북도 음성군 원남면 삼용리 688번지 5호,36.8858631468269,127.596062408518,2024-08-24,2025-01-14
충청북도,음성군,장수농장,닭,종계/산란계,8920.0,충청북도 음성군 소이면 비산리 670번지 외 11필지,36.9380779301813,127.733616538214,2024-08-24,2025-01-14
충청북도,음성군,정우농장,닭,육계,60000.0,충청북도 음성군 음성읍 초천리 714번지 2호 외 1필지,36.9262240198576,127.653237779228,2024-08-24,2025-01-14
충청북도,음성군,해건농장,닭,육계,35000.0,충청북도 음성군 음성읍 삼생리 799번지 1호 외 2필지,36.9156545244892,127.594422576571,2024-08-24,2025-01-14
충청북도,음성군,행복농장,닭,육계,35000.0,충청북도 음성군 소이면 봉전리 368번지 2호,36.9046845644089,127.756438964822,2024-08-24,2025-01-14
충청북도,음성군,형제농장,닭,육계,100000.0,"충청북도 음성군 소이면 비산리 963번지 외 4필지(963-2, 963-3, 960, 960-3)",36.9415090450149,127.727711408992,2024-08-24,2025-01-14
충청북도,음성군,황새농장,닭,육계,78000.0,충청북도 음성군 금왕읍 구계리 429번지 3호 외 1필지,37.0187643909912,127.534824905027,2024-08-24,2025-01-14
충청북도,진천군,(주)드리밍에그,닭,종계/산란계,,충청북도 진천군 문백면 계산리 519번지,36.7769488213711,127.41278253139,2026-04-07,2025-12-30
충청북도,진천군,갈미농장,닭,종계/산란계,,충청북도 진천군 이월면 중산리 549번지 1호 갈미농장,36.9107912195304,127.439823252063,2026-04-07,2025-12-30
충청북도,진천군,건농장,닭,육계,,"충청북도 진천군 덕산읍 인산리 1209번지 , 1210",36.8696542243126,127.501531212804,2026-04-07,2025-12-22
충청북도,진천군,규해농장,닭,육계,,충청북도 진천군 진천읍 행정리 357번지,36.8610478524614,127.416409435808,2026-04-07,2025-12-22
충청북도,진천군,꿀물농장,오리,,,충청북도 진천군 이월면 삼용리,36.8964064115071,127.46899134191,2026-04-07,2025-12-30
충청북도,진천군,꿀벌농장,닭,육계,,충청북도 진천군 초평면 용기리 385번지,36.783628908,127.561757939431,2026-04-07,2025-12-22
충청북도,진천군,꿍이네농장,닭,종계/산란계,,충청북도 진천군 덕산읍 한천리 495번지 3호,36.8992578407452,127.502105103275,2026-04-07,2025-12-22
충청북도,진천군,낙천그린농장,닭,육계,,충청북도 진천군 진천읍 상신리 589번지,36.8684084075933,127.477859498779,2026-04-07,2025-12-30
충청북도,진천군,농업회사법인(주)동일농장 이월지점,닭,종계/산란계,,충청북도 진천군 이월면 미잠리 250번지,36.9317409451424,127.465961652517,2026-04-07,2025-12-22
충청북도,진천군,농업회사법인(주)동일농장이월2지점,닭,종계/산란계,,충청북도 진천군 이월면 미잠리 294번지,36.9317409451424,127.465961652517,2026-04-07,2025-12-22
충청북도,진천군,농업회사법인(주)에버그린 진천지점,닭,종계/산란계,,충청북도 진천군 덕산읍 화상리 165번지 외 18필지,36.8795947682388,127.496775608509,2026-04-07,2025-12-22
충청북도,진천군,농업회사법인(주)유정마을 진천지점,닭,종계/산란계,,충청북도 진천군 진천읍 상신리 566번지 567,36.8684084075933,127.477859498779,2026-04-07,2025-12-30
충청북도,진천군,농업회사법인(주)재유농원 진천지점,닭,종계/산란계,,"충청북도 진천군 초평면 중석리 1828번지 ,1829",36.8553816586139,127.496715860659,2026-04-07,2025-12-22
충청북도,진천군,단원농장,닭,종계/산란계,,"충청북도 진천군 이월면 삼용리 1184번지 외 2필지(1185, 917)",36.8964064115071,127.46899134191,2026-04-07,2025-12-30
충청북도,진천군,대국농장,닭,종계/산란계,,충청북도 진천군 진천읍 문봉리 185번지,36.8409973817303,127.394247008461,2026-04-07,2025-12-30
충청북도,진천군,대승농장,닭,육계,,충청북도 진천군 덕산읍 구산리 501번지 9호,36.8852686731017,127.513853471073,2026-04-07,2025-12-22
충청북도,진천군,대정농장,닭,육계,,충청북도 진천군 이월면 동성리 783번지,36.8938515643768,127.451137812347,2026-04-07,2025-12-30
충청북도,진천군,대호농장,오리,,,"충청북도 진천군 이월면 삼용리 452번지 1호 , 452-2, 431-4",36.8964064115071,127.46899134191,2026-04-07,2025-12-30
충청북도,진천군,덕산농장,닭,종계/산란계,,충청북도 진천군 덕산읍 인산리 1180번지,36.867183644042,127.497836245081,2026-04-07,2025-12-22
충청북도,진천군,도날드농장,오리,,,충청북도 진천군 진천읍 행정리 387번지 1호,36.8535476875277,127.41650408961,2026-04-07,2025-12-22
충청북도,진천군,도원농장,닭,육계,,충청북도 진천군 초평면 용기리 1번지 6호,36.7863102773185,127.551347801464,2026-04-07,2025-12-22
충청북도,진천군,디딤돌농장,오리,,,충청북도 진천군 이월면 삼용리 874번지 1호,36.8964064115071,127.46899134191,2026-04-07,2025-12-30
충청북도,진천군,모래봉농장,오리,,,충청북도 진천군 덕산읍 용몽리 5번지,36.9136845360373,127.524129964447,2026-04-07,2025-12-22
충청북도,진천군,문백축산,오리,,,충청북도 진천군 문백면 봉죽리 산 18번지 1호,36.800963568278064,127.40219690323806,2026-04-07,2025-12-22
충청북도,진천군,미래축산,닭,육계,,충청북도 진천군 이월면 동성리 783번지 1호,36.8938515643768,127.451137812347,2026-04-07,2025-12-30
충청북도,진천군,미호농장,오리,,,"충청북도 진천군 덕산읍 인산리 636번지 1호 637-3,637-2,637-1,636-3,636-2",36.8674609245803,127.491881235317,2026-04-07,2025-12-22
충청북도,진천군,박** 농장,닭,육계,,충청북도 진천군 이월면 사곡리 28번지,36.8997324551789,127.43874148111,2026-04-07,2025-12-22
충청북도,진천군,백일농장,오리,,,"충청북도 진천군 진천읍 문봉리 23번지 외 5필지(21,22-1,22-3,24,424-1)",36.8409973817303,127.394247008461,2026-04-07,2025-12-30
충청북도,진천군,별이네농장,닭,종계/산란계,,충청북도 진천군 덕산읍 한천리 495번지,36.8992578407452,127.502105103275,2026-04-07,2025-12-22
충청북도,진천군,부림1농장,닭,육계,,충청북도 진천군 진천읍 상신리 592번지,36.8684084075933,127.477859498779,2026-04-07,2025-12-30
충청북도,진천군,부림2농장,닭,육계,,충청북도 진천군 진천읍 상신리 594번지,36.8684084075933,127.477859498779,2026-04-07,2025-12-30
충청북도,진천군,부성농장,오리,,,충청북도 진천군 이월면 사곡리 233번지,36.8968662117019,127.429458192365,2026-04-07,2025-12-22
충청북도,진천군,비에스에코팜,닭,종계/산란계,,충청북도 진천군 덕산읍 인산리 701번지,36.8738499292139,127.479648901594,2026-04-07,2025-12-22
충청북도,진천군,사랑오리농장,오리,,,충청북도 진천군 문백면 계산리 107번지 2호,36.7769488213711,127.41278253139,2026-04-07,2025-12-30
충청북도,진천군,샤론농장,닭,종계/산란계,,충청북도 진천군 초평면 오갑리 311번지,36.8575221932838,127.51768925627,2026-04-07,2026-01-03
충청북도,진천군,서경 농장,닭,육계,,충청북도 진천군 이월면 동성리 828번지,36.8938515643768,127.451137812347,2026-04-07,2025-12-30
충청북도,진천군,석화농원,오리,,,충청북도 진천군 이월면 삼용리 785번지 3호,36.8964064115071,127.46899134191,2026-04-07,2025-12-30
충청북도,진천군,선농장,닭,육계,,충청북도 진천군 진천읍 상신리 573번지,36.8684084075933,127.477859498779,2026-04-07,2025-12-30
충청북도,진천군,선민농장,오리,,,충청북도 진천군 진천읍 행정리 387번지 1호,36.8535476875277,127.41650408961,2026-04-07,2025-12-22
충청북도,진천군,성주농장,닭,종계/산란계,,충청북도 진천군 이월면 동성리 838번지,36.8938515643768,127.451137812347,2026-04-07,2025-12-30
충청북도,진천군,송림농장,오리,육용오리,,충청북도 진천군 이월면 송림리 89번지 3호 주식회사 주원산오리,36.9357413653463,127.424732078337,2026-04-07,2025-12-22
충청북도,진천군,송원농장,닭,육계,,충청북도 진천군 이월면 중산리 631번지 1호,36.9107912195304,127.439823252063,2026-04-07,2025-12-30
충청북도,진천군,수지농장,오리,,,충청북도 진천군 덕산읍 화상리 458번지,36.8833515244951,127.497718749389,2026-04-07,2025-12-22
충청북도,진천군,시골농장,닭,육계,,충청북도 진천군 백곡면 양백리 270번지 1호,36.9231240469741,127.329585273597,2026-04-07,2025-12-22
충청북도,진천군,신영농장,닭,육계,,충청북도 진천군 이월면 동성리 404번지 3호,36.8938515643768,127.451137812347,2026-04-07,2025-12-30
충청북도,진천군,양촌농장,닭,종계/산란계,,충청북도 진천군 덕산읍 구산리 192번지 1호,36.8721135349698,127.525502687462,2026-04-07,2025-12-22
충청북도,진천군,엄지농장,오리,,,충청북도 진천군 덕산읍 인산리 699번지,36.8749510737895,127.478931567819,2026-04-07,2025-12-22
충청북도,진천군,엄해열,닭,육계,,충청북도 진천군 이월면 신월리 산 92번지 1호,36.9695718790909,127.445317992926,2026-04-07,2025-12-22
충청북도,진천군,에그랑농장,닭,종계/산란계,,충청북도 진천군 초평면 오갑리 73번지,36.8575221932838,127.51768925627,2026-04-07,2026-01-03
충청북도,진천군,에코팜,닭,종계/산란계,,충청북도 진천군 초평면 중석리 1390번지,36.8482300391479,127.494941019943,2026-04-07,2025-12-22
충청북도,진천군,여명농장,닭,육계,,충청북도 진천군 백곡면 대문리 583번지,36.869535056203,127.32395958235,2026-04-07,2025-12-22
충청북도,진천군,영농조합법인 정원농장 진천지점,메추리,,,충청북도 진천군 초평면 오갑리 322번지 322-1 322-2 322-3,36.8575221932838,127.51768925627,2026-04-07,2026-01-03
충청북도,진천군,영민 농장,닭,육계,,충청북도 진천군 백곡면 대문리 590번지 591번지 592번지,36.869614747866,127.32506900084,2026-04-07,2025-12-22
충청북도,진천군,예민꿩농장,꿩,,,충청북도 진천군 문백면 태락리 529번지 3호,36.7943118498619,127.437996912448,2026-04-07,2025-12-22
충청북도,진천군,예서농장,닭,육계,,충청북도 진천군 덕산읍 구산리 137번지,36.8754863196754,127.528063768799,2026-04-07,2025-12-22
충청북도,진천군,오갑농장,오리,,,충청북도 진천군 초평면 오갑리 7번지,36.8575221932838,127.51768925627,2026-04-07,2026-01-03
충청북도,진천군,오창농장,닭,육계,,"충청북도 진천군 문백면 은탄리 457번지 2호 , 457-5, 산92-1",36.7726455381044,127.468687461983,2026-04-07,2025-12-22
충청북도,진천군,용몽농장,닭,육계,,충청북도 진천군 덕산읍 용몽리 276번지 양계장,36.9217584250157,127.511773406824,2026-04-07,2025-12-22
충청북도,진천군,우영농장,오리,,,충청북도 진천군 덕산읍 석장리 33번지,36.8930507086691,127.520096536678,2026-04-07,2025-12-22
충청북도,진천군,우진농장,닭,육계,,충청북도 진천군 이월면 동성리 836번지,36.8938515643768,127.451137812347,2026-04-07,2025-12-30
충청북도,진천군,우혁농장,오리,,,충청북도 진천군 덕산읍 기전리 466번지 3호,36.8867105602895,127.52711048822,2026-04-07,2025-12-22
충청북도,진천군,원천농장,닭,종계/산란계,,충청북도 진천군 문백면 계산리 169번지,36.7769488213711,127.41278253139,2026-04-07,2025-12-30
충청북도,진천군,유니농장,오리,,,"충청북도 진천군 덕산읍 화상리 156번지 외 6필지(137-1, 150, 150-1, 150-3, 150-4, 156-3)",36.8749544361457,127.502131488416,2026-04-07,2025-12-22
충청북도,진천군,윤**농장,오리,,,충청북도 진천군 이월면 삼용리 산 96번지 6호,36.8378079445623,127.42117763981383,2026-04-07,2025-12-22
충청북도,진천군,윤**농장,오리,,,"충청북도 진천군 이월면 삼용리 553번지 1호 외2(554,554-1)",36.8964064115071,127.46899134191,2026-04-07,2025-12-30
충청북도,진천군,윤일농장,닭,육계,,충청북도 진천군 덕산읍 화상리 378번지 2호,36.8865920292333,127.500784834543,2026-04-07,2025-12-22
충청북도,진천군,은영농장,오리,,,충청북도 진천군 이월면 삼용리 149번지 1호,36.8964064115071,127.46899134191,2026-04-07,2025-12-30
충청북도,진천군,은혜커농장,닭,육계,,충청북도 진천군 초평면 중석리 1707번지,36.859567280601,127.500037890548,2026-04-07,2025-12-22
충청북도,진천군,이삭농장,닭,육계,,충청북도 진천군 이월면 중산리 631번지 외 1필지,36.9107912195304,127.439823252063,2026-04-07,2025-12-30
충청북도,진천군,장곡농장,닭,육계,,충청북도 진천군 진천읍 행정리 197번지 1호,36.8535476875277,127.41650408961,2026-04-07,2025-12-22
충청북도,진천군,장원농장,닭,육계,,충청북도 진천군 진천읍 상신리 551번지,36.8684084075933,127.477859498779,2026-04-07,2025-12-30
충청북도,진천군,정연농장,오리,,,"충청북도 진천군 이월면 삼용리 1168번지 1169, 1170",36.8964064115071,127.46899134191,2026-04-07,2025-12-30
충청북도,진천군,정우농장,닭,종계/산란계,,충청북도 진천군 이월면 삼용리 164번지 1호,36.8964064115071,127.46899134191,2026-04-07,2025-12-30
충청북도,진천군,종일농장,오리,,,충청북도 진천군 덕산읍 합목리 359번지 6호,36.9050497488813,127.491897795367,2026-04-07,2025-12-22
충청북도,진천군,지암농장,닭,육계,,충청북도 진천군 진천읍 지암리 1200번지,36.8120324905263,127.419614022018,2026-04-07,2025-12-22
충청북도,진천군,진영축산,닭,육계,,충청북도 진천군 덕산읍 산수리 924번지 925 삼용리 1193 1195 1196,36.8841957068695,127.474220230006,2026-04-07,2025-12-22
충청북도,진천군,창성농장,오리,,,충청북도 진천군 덕산읍 인산리 1195번지,36.8691959011702,127.50004074769,2026-04-07,2025-12-22
충청북도,진천군,청남농장,메추리,,,충청북도 진천군 광혜원면 실원리 208번지,37.0056073989777,127.442904230424,2026-04-07,2025-12-22
충청북도,진천군,초원농장,오리,,,충청북도 진천군 이월면 동성리 881번지,36.8938515643768,127.451137812347,2026-04-07,2025-12-30
충청북도,진천군,초평농장,닭,종계/산란계,,충청북도 진천군 초평면 신통리 211번지,36.863578982484,127.555203276817,2026-04-07,2025-12-22
충청북도,진천군,친친농장,닭,육계,,충청북도 진천군 덕산읍 용몽리 978번지,36.9226932075022,127.507130636579,2026-04-07,2025-12-22
충청북도,진천군,태경농장,닭,육계,,충청북도 진천군 초평면 용산리 1010번지,36.7736299273574,127.535009949312,2026-04-07,2025-12-22
충청북도,진천군,태원농장,닭,육계,,충청북도 진천군 이월면 삼용리 1099번지,36.8964064115071,127.46899134191,2026-04-07,2025-12-30
충청북도,진천군,태진,오리,,,충청북도 진천군 이월면 신월리 685번지 4호,36.9126424184116,127.452467451186,2026-04-07,2025-12-22
충청북도,진천군,팔팔농장,닭,육계,,충청북도 진천군 이월면 동성리 884번지,36.8938515643768,127.451137812347,2026-04-07,2025-12-30
충청북도,진천군,하늘농장,닭,육계,,충청북도 진천군 초평면 용산리 1005번지 외 2필지,36.7735458698736,127.533742620163,2026-04-07,2025-12-22
충청북도,진천군,하늘샘농장,닭,산란중추,,충청북도 진천군 초평면 오갑리 81번지,36.8575221932838,127.51768925627,2026-04-07,2026-01-03
충청북도,진천군,한별농장,닭,육계,,충청북도 진천군 초평면 중석리 1717번지,36.8596542831853,127.501502529006,2026-04-07,2025-12-22
충청북도,진천군,한우리농장,닭,종계/산란계,,충청북도 진천군 문백면 계산리 산 50번지 1호,36.800963568278064,127.40219690323806,2026-04-07,2025-12-22
충청북도,진천군,한터농장,닭,육계,,충청북도 진천군 덕산읍 화상리 203번지,36.8776096018702,127.500890725842,2026-04-07,2025-12-22
충청북도,진천군,해든농장,오리,,,충청북도 진천군 초평면 용산리 819번지 외 3필지,36.7746637572472,127.532259691076,2026-04-07,2025-12-22
충청북도,진천군,햇살 농장,닭,육계,,충청북도 진천군 이월면 동성리 840번지,36.8938515643768,127.451137812347,2026-04-07,2025-12-30
충청북도,진천군,화산농장,오리,,,충청북도 진천군 이월면 신계리 362번지 2호,36.946792989425,127.397449957823,2026-04-07,2025-12-22
충청북도,진천군,황금농장,닭,종계/산란계,,"충청북도 진천군 문백면 계산리 508번지 506, 507, 509, 555, 601, 504",36.7769488213711,127.41278253139,2026-04-07,2025-12-30
충청북도,진천군,황금농장,닭,육계,,충청북도 진천군 이월면 사곡리 97번지,36.8998102443426,127.434048731665,2026-04-07,2025-12-22
충청북도,진천군,건농장,닭,육계,,"충청북도 진천군 덕산읍 인산리 1209번지 , 1210",36.8696542243126,127.501531212804,2026-04-07,2025-12-30
충청북도,진천군,규해농장,닭,육계,,충청북도 진천군 진천읍 행정리 357번지,36.8610478524614,127.416409435808,2026-04-07,2025-12-30
충청북도,진천군,꿀벌농장,닭,육계,,충청북도 진천군 초평면 용기리 385번지,36.783628908,127.561757939431,2026-04-07,2025-12-30
충청북도,진천군,꿍이네농장,닭,종계/산란계,,충청북도 진천군 덕산읍 한천리 495번지 3호,36.8992578407452,127.502105103275,2026-04-07,2025-12-30
충청북도,진천군,농업회사법인(주)에버그린 진천지점,닭,종계/산란계,,충청북도 진천군 덕산읍 화상리 165번지 외 18필지,36.8795947682388,127.496775608509,2026-04-07,2025-12-30
충청북도,진천군,농업회사법인(주)재유농원 진천지점,닭,종계/산란계,,"충청북도 진천군 초평면 중석리 1828번지 ,1829",36.8553816586139,127.496715860659,2026-04-07,2025-12-30
충청북도,진천군,대승농장,닭,육계,,충청북도 진천군 덕산읍 구산리 501번지 9호,36.8852686731017,127.513853471073,2026-04-07,2025-12-30
충청북도,진천군,덕산농장,닭,종계/산란계,,충청북도 진천군 덕산읍 인산리 1180번지,36.867183644042,127.497836245081,2026-04-07,2025-12-30
충청북도,진천군,도날드농장,오리,,,충청북도 진천군 진천읍 행정리 387번지 1호,36.8535476875277,127.41650408961,2026-04-07,2025-12-30
충청북도,진천군,도원농장,닭,육계,,충청북도 진천군 초평면 용기리 1번지 6호,36.7863102773185,127.551347801464,2026-04-07,2025-12-30
충청북도,진천군,모래봉농장,오리,,,충청북도 진천군 덕산읍 용몽리 5번지,36.9136845360373,127.524129964447,2026-04-07,2025-12-30
충청북도,진천군,문백축산,오리,,,충청북도 진천군 문백면 봉죽리 산 18번지 1호,36.800963568278064,127.40219690323806,2026-04-07,2025-12-30
충청북도,진천군,미호농장,오리,,,"충청북도 진천군 덕산읍 인산리 636번지 1호 637-3,637-2,637-1,636-3,636-2",36.8674609245803,127.491881235317,2026-04-07,2025-12-30
충청북도,진천군,박** 농장,닭,육계,,충청북도 진천군 이월면 사곡리 28번지,36.8997324551789,127.43874148111,2026-04-07,2025-12-30
충청북도,진천군,별이네농장,닭,종계/산란계,,충청북도 진천군 덕산읍 한천리 495번지,36.8992578407452,127.502105103275,2026-04-07,2025-12-30
충청북도,진천군,부성농장,오리,,,충청북도 진천군 이월면 사곡리 233번지,36.8968662117019,127.429458192365,2026-04-07,2025-12-30
충청북도,진천군,비에스에코팜,닭,종계/산란계,,충청북도 진천군 덕산읍 인산리 701번지,36.8738499292139,127.479648901594,2026-04-07,2025-12-30
충청북도,진천군,선민농장,오리,,,충청북도 진천군 진천읍 행정리 387번지 1호,36.8535476875277,127.41650408961,2026-04-07,2025-12-30
충청북도,진천군,송림농장,오리,육용오리,,충청북도 진천군 이월면 송림리 89번지 3호 주식회사 주원산오리,36.9357413653463,127.424732078337,2026-04-07,2025-12-30
충청북도,진천군,수지농장,오리,,,충청북도 진천군 덕산읍 화상리 458번지,36.8833515244951,127.497718749389,2026-04-07,2025-12-30
충청북도,진천군,시골농장,닭,육계,,충청북도 진천군 백곡면 양백리 270번지 1호,36.9231240469741,127.329585273597,2026-04-07,2025-12-30
충청북도,진천군,양촌농장,닭,종계/산란계,,충청북도 진천군 덕산읍 구산리 192번지 1호,36.8721135349698,127.525502687462,2026-04-07,2025-12-30
충청북도,진천군,엄지농장,오리,,,충청북도 진천군 덕산읍 인산리 699번지,36.8749510737895,127.478931567819,2026-04-07,2025-12-30
충청북도,진천군,엄해열,닭,육계,,충청북도 진천군 이월면 신월리 산 92번지 1호,36.9695718790909,127.445317992926,2026-04-07,2025-12-30
충청북도,진천군,에코팜,닭,종계/산란계,,충청북도 진천군 초평면 중석리 1390번지,36.8482300391479,127.494941019943,2026-04-07,2025-12-30
충청북도,진천군,여명농장,닭,육계,,충청북도 진천군 백곡면 대문리 583번지,36.869535056203,127.32395958235,2026-04-07,2025-12-30
충청북도,진천군,영민 농장,닭,육계,,충청북도 진천군 백곡면 대문리 590번지 591번지 592번지,36.869614747866,127.32506900084,2026-04-07,2025-12-30
충청북도,진천군,예민꿩농장,꿩,,,충청북도 진천군 문백면 태락리 529번지 3호,36.7943118498619,127.437996912448,2026-04-07,2025-12-30
충청북도,진천군,예서농장,닭,육계,,충청북도 진천군 덕산읍 구산리 137번지,36.8754863196754,127.528063768799,2026-04-07,2025-12-30
충청북도,진천군,오창농장,닭,육계,,"충청북도 진천군 문백면 은탄리 457번지 2호 , 457-5, 산92-1",36.7726455381044,127.468687461983,2026-04-07,2025-12-30
충청북도,진천군,용몽농장,닭,육계,,충청북도 진천군 덕산읍 용몽리 276번지 양계장,36.9217584250157,127.511773406824,2026-04-07,2025-12-30
충청북도,진천군,우영농장,오리,,,충청북도 진천군 덕산읍 석장리 33번지,36.8930507086691,127.520096536678,2026-04-07,2025-12-30
충청북도,진천군,우혁농장,오리,,,충청북도 진천군 덕산읍 기전리 466번지 3호,36.8867105602895,127.52711048822,2026-04-07,2025-12-30
충청북도,진천군,유니농장,오리,,,"충청북도 진천군 덕산읍 화상리 156번지 외 6필지(137-1, 150, 150-1, 150-3, 150-4, 156-3)",36.8749544361457,127.502131488416,2026-04-07,2025-12-30
충청북도,진천군,윤**농장,오리,,,충청북도 진천군 이월면 삼용리 산 96번지 6호,36.8378079445623,127.42117763981383,2026-04-07,2025-12-30
충청북도,진천군,윤일농장,닭,육계,,충청북도 진천군 덕산읍 화상리 378번지 2호,36.8865920292333,127.500784834543,2026-04-07,2025-12-30
충청북도,진천군,은혜커농장,닭,육계,,충청북도 진천군 초평면 중석리 1707번지,36.859567280601,127.500037890548,2026-04-07,2025-12-30
충청북도,진천군,장곡농장,닭,육계,,충청북도 진천군 진천읍 행정리 197번지 1호,36.8535476875277,127.41650408961,2026-04-07,2025-12-30
충청북도,진천군,종일농장,오리,,,충청북도 진천군 덕산읍 합목리 359번지 6호,36.9050497488813,127.491897795367,2026-04-07,2025-12-30
충청북도,진천군,지암농장,닭,육계,,충청북도 진천군 진천읍 지암리 1200번지,36.8120324905263,127.419614022018,2026-04-07,2025-12-30
충청북도,진천군,진영축산,닭,육계,,충청북도 진천군 덕산읍 산수리 924번지 925 삼용리 1193 1195 1196,36.8841957068695,127.474220230006,2026-04-07,2025-12-30
충청북도,진천군,창성농장,오리,,,충청북도 진천군 덕산읍 인산리 1195번지,36.8691959011702,127.50004074769,2026-04-07,2025-12-30
충청북도,진천군,청남농장,메추리,,,충청북도 진천군 광혜원면 실원리 208번지,37.0056073989777,127.442904230424,2026-04-07,2025-12-30
충청북도,진천군,초평농장,닭,종계/산란계,,충청북도 진천군 초평면 신통리 211번지,36.863578982484,127.555203276817,2026-04-07,2025-12-30
충청북도,진천군,친친농장,닭,육계,,충청북도 진천군 덕산읍 용몽리 978번지,36.9226932075022,127.507130636579,2026-04-07,2025-12-30
충청북도,진천군,태경농장,닭,육계,,충청북도 진천군 초평면 용산리 1010번지,36.7736299273574,127.535009949312,2026-04-07,2025-12-30
충청북도,진천군,태진,오리,,,충청북도 진천군 이월면 신월리 685번지 4호,36.9126424184116,127.452467451186,2026-04-07,2025-12-30
충청북도,진천군,하늘농장,닭,육계,,충청북도 진천군 초평면 용산리 1005번지 외 2필지,36.7735458698736,127.533742620163,2026-04-07,2025-12-30
충청북도,진천군,한별농장,닭,육계,,충청북도 진천군 초평면 중석리 1717번지,36.8596542831853,127.501502529006,2026-04-07,2025-12-30
충청북도,진천군,한우리농장,닭,종계/산란계,,충청북도 진천군 문백면 계산리 산 50번지 1호,36.800963568278064,127.40219690323806,2026-04-07,2025-12-30
충청북도,진천군,한터농장,닭,육계,,충청북도 진천군 덕산읍 화상리 203번지,36.8776096018702,127.500890725842,2026-04-07,2025-12-30
충청북도,진천군,해든농장,오리,,,충청북도 진천군 초평면 용산리 819번지 외 3필지,36.7746637572472,127.532259691076,2026-04-07,2025-12-30
충청북도,진천군,화산농장,오리,,,충청북도 진천군 이월면 신계리 362번지 2호,36.946792989425,127.397449957823,2026-04-07,2025-12-30
충청북도,진천군,황금농장,닭,육계,,충청북도 진천군 이월면 사곡리 97번지,36.8998102443426,127.434048731665,2026-04-07,2025-12-30
