시도명,시군명,농장명,축종명,상세구분,사육두수(마리),소재지지번주소,WGS84위도,WGS84경도,조사날짜
경기도,김포시,OK농장,닭,산란계,60000.0,경기도 김포시 대곶면 대벽리 1020번지,37.6172325,126.5661218,2020-01-31
경기도,김포시,가우농장,닭,산란계,16000.0,경기도 김포시 통진읍 가현리 산50-3번지,37.6775432,126.5853789,2020-01-31
경기도,김포시,가현농장,닭,산란계,9700.0,경기도 김포시 통진읍 가현리 607번지,,,2020-11-30
경기도,김포시,가현농장,닭,산란계,8000.0,경기도 김포시 통진읍 가현리 산 50번지,37.6782104088,126.5840366219,2020-11-30
경기도,김포시,가현농장,닭,산란계,40000.0,경기도 김포시 통진읍 가현리 604번지 6호 외 2필지,37.6751797644,126.588168356,2021-11-30
경기도,김포시,갈산농장,닭,육계,260.0,경기도 김포시 월곶면 갈산리 440번지 1호,37.7059418899,126.5613487353,2021-04-30
경기도,김포시,거목농장,닭,육계,60000.0,경기도 김포시 통진읍 귀전리 712번지 2호,37.7082536404,126.619154891,2021-06-30
경기도,김포시,규환농장,닭,육계,250.0,경기도 김포시 하성면 시암리 491번지,37.7644981,126.6367157,2020-04-30
경기도,김포시,규환농장,닭,육계,250.0,경기도 김포시 하성면 시암리 491번지,37.7644987125,126.6367102929,2021-11-30
경기도,김포시,금산농장,닭,산란계,45000.0,경기도 김포시 양촌읍 누산리 1036번지 111호,37.6748584657,126.6596922374,2021-06-30
경기도,김포시,금화농장,닭,산란계,227880.0,경기도 김포시 월곶면 고양리 630번지,37.6891258,126.5391846,2019-12-31
경기도,김포시,금화농장,닭,산란계,227880.0,경기도 김포시 월곶면 고양리 629번지,37.6891343701,126.5391946813,2021-07-31
경기도,김포시,기철농장,닭,육계,19000.0,경기도 김포시 양촌읍 양곡리 821번지,37.6556969,126.6330393,2020-05-31
경기도,김포시,김포 자연 농장,닭,산란계,30000.0,경기도 김포시 통진읍 수참리 114번지 1호,37.6856695827,126.6255803816,2021-07-31
경기도,김포시,김포메추리농장,메추리,산란계,260000.0,경기도 김포시 통진읍 가현리 347번지 4호,37.669235,126.5867947,2020-05-31
경기도,김포시,김포축산,닭,산란계,11000.0,경기도 김포시 양촌읍 석모리 547번지 6호,37.6546750028,126.6592735703,2021-09-30
경기도,김포시,깻잎농원,닭,육계,100.0,경기도 김포시 고촌읍 풍곡리 75번지 34호,37.6176310179,126.7674827936,2021-06-30
경기도,김포시,대곶농장,닭,육계,300.0,경기도 김포시 대곶면 율생리 570번지,37.6509045,126.5766937,2020-06-30
경기도,김포시,대곶농장,닭,육계,300.0,경기도 김포시 대곶면 율생리 570번지,37.6508217219,126.5766436748,2020-07-31
경기도,김포시,대명농장,닭,육계,20000.0,경기도 김포시 대곶면 대명리 57번지,37.6534223,126.559194,2020-06-30
경기도,김포시,대명농장,닭,육계,20000.0,경기도 김포시 대곶면 대명리 57번지,37.6534145431,126.5591989649,2020-07-31
경기도,김포시,대명농장Ⅱ,닭,육계,25000.0,경기도 김포시 대곶면 대명리 583번지,37.6550127473,126.5584305851,2021-07-31
경기도,김포시,대포농장,닭,육계,30000.0,경기도 김포시 양촌읍 대포리 261번지 18호,37.6130576,126.6272729,2020-04-30
경기도,김포시,대포농장,닭,육계,25000.0,경기도 김포시 통진읍 동을산리 159-1번지,37.703947,126.6131144,2020-04-30
경기도,김포시,도수농장,닭,산란계,20000.0,경기도 김포시 통진읍 마송리 399번지 3호,37.684421941,126.5893489103,2020-11-30
경기도,김포시,동해농장,닭,산란계,12000.0,경기도 김포시 양촌읍 구래리 742번지,37.6333211,126.6303673,2020-05-31
경기도,김포시,동해농장,닭,산란계,12000.0,경기도 김포시 양촌읍 구래리 742번지,,,2021-09-30
경기도,김포시,두우농장,닭,육계,23000.0,경기도 김포시 양촌읍 구래리 산 198번지,,,2021-07-31
경기도,김포시,드림농장,닭,산란계,1000.0,경기도 김포시 월곶면 갈산리 200번지,37.7133934557,126.566745942,2021-06-30
경기도,김포시,루디요안 농장,닭,산란계,120.0,경기도 김포시 월곶면 용강리 335번지 7호,37.7561449727,126.5535402997,2021-09-30
경기도,김포시,루디요안 농장,닭,산란계,120.0,경기도 김포시 월곶면 용강리 335-7번지,37.7561537,126.5533926,2020-01-31
경기도,김포시,말무리농장,닭,산란계,5000.0,경기도 김포시 통진읍 귀전리 84번지,37.7326325,126.6068284,2020-04-30
경기도,김포시,말무리농장,닭,산란계,5000.0,경기도 김포시 통진읍 귀전리 84번지,37.7326313145,126.6068254671,2021-04-30
경기도,김포시,명석농장,닭,육계,20000.0,경기도 김포시 월곶면 갈산리 19번지,37.7147908,126.5786946,2020-05-31
경기도,김포시,무량농장,닭,육계,20000.0,경기도 김포시 양촌읍 구래리 295번지 23호,,,2021-06-30
경기도,김포시,미혜농장,닭,산란계,1000.0,경기도 김포시 대곶면 대능리 622번지 23호,37.621319,126.5927535,2020-01-31
경기도,김포시,미화농장,닭,산란계,12000.0,경기도 김포시 통진읍 가현리 625번지 8호,37.6779818,126.5858921,2020-01-31
경기도,김포시,민호농장,닭,산란계,10000.0,경기도 김포시 통진읍 가현리 665번지,37.6751302882,126.5848018911,2021-06-30
경기도,김포시,밤농장,닭,육계,150.0,경기도 김포시 양촌읍 구래리 산 118번지,37.6279483,126.6254699,2020-01-31
경기도,김포시,밤농장,닭,육계,150.0,경기도 김포시 양촌읍 구래리 산 118번지,,,2021-04-30
경기도,김포시,방글농장,닭,산란계,12000.0,경기도 김포시 하성면 봉성리 258번지 2호,37.6932938038,126.6475807852,2021-11-30
경기도,김포시,방글농장,닭,산란계,12000.0,경기도 김포시 하성면 봉성리 258번지 2호,37.6933825,126.6476326,2020-04-30
경기도,김포시,방씨농장,닭,육계,200.0,경기도 김포시 대곶면 대벽리 803번지,37.6055214,126.5618277,2020-04-30
경기도,김포시,백산농원,닭,육계,10000.0,경기도 김포시 양촌읍 구래리 산 37번지,,,2021-06-30
경기도,김포시,백산농원,닭,육계,10000.0,경기도 김포시 양촌읍 구래리 산 37번지,37.6427418,126.632371,2020-04-30
경기도,김포시,범아농장,닭,산란계,30000.0,경기도 김포시 월곶면 포내리 산 14번지 12호,,,2021-09-30
경기도,김포시,봉룡농장,닭,산란계,14000.0,경기도 김포시 월곶면 군하리 323번지 27호,37.7064203104,126.5524260027,2021-09-30
경기도,김포시,봉림농장,닭,산란계,40000.0,경기도 김포시 통진읍 가현리 810번지,37.6674447459,126.5828213367,2021-04-30
경기도,김포시,봉성농장,닭,산란계,30000.0,경기도 김포시 통진읍 동을산리 496번지,37.6932738,126.6195606,2019-12-31
경기도,김포시,부부농장,닭,육계,40000.0,경기도 김포시 양촌읍 석모리 690번지 1호,37.6587196,126.6412232,2020-01-31
경기도,김포시,부부농장,닭,육계,35000.0,경기도 김포시 양촌읍 양곡리 183-4번지,37.6663638,126.6298516,2020-05-31
경기도,김포시,부부농장,닭,육계,35000.0,경기도 김포시 양촌읍 양곡리 183번지 4호,37.6663774628,126.6299112616,2021-09-30
경기도,김포시,산골농장,닭,산란계,15000.0,경기도 김포시 통진읍 가현리 산 50번지 3호,37.6784346127,126.584353053,2021-07-31
경기도,김포시,산천농장,닭,육계,440.0,경기도 김포시 대곶면 신안리 247번지 2호,37.6505562,126.5400531,2020-05-31
경기도,김포시,상권 농장,닭,산란계,147.0,경기도 김포시 통진읍 귀전리 103-1번지,37.7333715,126.6022767,2020-01-31
경기도,김포시,상림,닭,산란계,9000.0,경기도 김포시 통진읍 가현리 809번지 1호,37.668575,126.5835995,2020-05-31
경기도,김포시,성호농장,닭,산란계,21.0,경기도 김포시 하성면 하사리 202번지,37.697985,126.6365274,2019-12-31
경기도,김포시,성호농장,닭,산란계,21.0,경기도 김포시 하성면 하사리 202번지,37.6980362926,126.6366875789,2021-11-30
경기도,김포시,세명농장,닭,산란계,40000.0,경기도 김포시 양촌읍 학운리 253번지,,,2021-11-30
경기도,김포시,쇄암축산,메추리,산란계,70000.0,경기도 김포시 대곶면 쇄암리 56-1번지,37.6825869,126.5422829,2020-05-31
경기도,김포시,수현농장,닭,육계,25000.0,경기도 김포시 월곶면 포내리 251번지 6호,37.724247969,126.5291529365,2021-04-30
경기도,김포시,순이농장,닭,산란계,150.0,경기도 김포시 양촌읍 구래리 12-2번지,37.6547049,126.6144153,2020-05-31
경기도,김포시,시암청정농원,닭,육계,400.0,경기도 김포시 하성면 시암리 396번지,37.7614721242,126.6339432192,2021-07-31
경기도,김포시,신미농장,닭,육계,30000.0,경기도 김포시 양촌읍 석모리 142번지,37.6562586,126.6513315,2020-05-31
경기도,김포시,안골농원,닭,산란계,6000.0,경기도 김포시 월곶면 조강리 107번지 109호,37.7474354,126.5863541,2019-12-31
경기도,김포시,약산농장,닭,산란계,10000.0,경기도 김포시 대곶면 약암리 47번지 1호,,,2021-07-31
경기도,김포시,약산농장,닭,육계,20000.0,경기도 김포시 대곶면 약암리 262번지 1호,37.6356191632,126.5689889809,2021-07-31
경기도,김포시,약산농장,닭,산란계,12000.0,경기도 김포시 대곶면 약암리 산 47번지 1호,37.6344641782,126.5699667364,2021-06-30
경기도,김포시,약산동해농장,닭,산란계,12000.0,경기도 김포시 대곶면 약암리 산 47번지 1호,37.6344641782,126.5699667364,2021-07-31
경기도,김포시,연주농장,닭,육계,2500.0,경기도 김포시 양촌읍 학운리 815번지 1호,37.6232433961,126.6014502273,2020-11-30
경기도,김포시,영창농장,닭,육계,20000.0,경기도 김포시 대곶면 대벽리 185번지,37.6341724,126.578882,2020-05-31
경기도,김포시,영창농장,닭,육계,20000.0,경기도 김포시 대곶면 대벽리 185번지,37.634125647,126.578812267,2021-07-31
경기도,김포시,영철농장,닭,육계,25000.0,경기도 김포시 양촌읍 구래리 652번지 1호,37.6379168,126.6343052,2020-04-30
경기도,김포시,영철농장,닭,육계,25000.0,경기도 김포시 양촌읍 구래리 652번지 1호,,,2021-04-30
경기도,김포시,옥화농장,닭,산란계,20.0,경기도 김포시 하성면 마조리 209번지 17호,37.7510897284,126.6357194931,2020-07-31
경기도,김포시,우정농장,닭,산란계,18000.0,경기도 김포시 대곶면 석정리 산 44번지,37.6702696,126.559832,2019-12-31
경기도,김포시,우정농장,닭,산란계,18000.0,경기도 김포시 대곶면 석정리 산 44번지,37.6701211714,126.5597582902,2020-11-30
경기도,김포시,운호농장,닭,육계,80000.0,경기도 김포시 양촌읍 누산리 1089번지 75호,37.6713104,126.6612724,2019-12-31
경기도,김포시,유성농장,닭,산란계,32000.0,경기도 김포시 대곶면 석정리 46번지 2호,37.6757943978,126.574043648,2020-11-30
경기도,김포시,은상농장,닭,산란계,70000.0,경기도 김포시 대곶면 거물대리 77번지,37.6705973825,126.6036689221,2020-07-31
경기도,김포시,은상농장,닭,산란계,120000.0,경기도 김포시 대곶면 거물대리 77번지,37.670598,126.6036693,2020-04-30
경기도,김포시,은혜농장,닭,산란계,9000.0,경기도 김포시 통진읍 가현리 산 50번지 3호,37.6784346127,126.584353053,2021-11-30
경기도,김포시,이범주농장,닭,육계,15000.0,경기도 김포시 양촌읍 학운리 876번지,37.6220450978,126.6050681001,2021-09-30
경기도,김포시,이범주농장,닭,육계,15000.0,경기도 김포시 양촌읍 학운리 876번지,37.6220417,126.6050643,2020-04-30
경기도,김포시,이원행 농장,닭,육계,28000.0,경기도 김포시 양촌읍 학운리 399번지,37.6259933084,126.6030093086,2021-09-30
경기도,김포시,이원행 농장,닭,육계,28000.0,경기도 김포시 양촌읍 학운리 399번지,37.6260812,126.6030291,2020-05-31
경기도,김포시,인천농장,닭,육계,7000.0,경기도 김포시 월곶면 조강리 79번지,37.7490611953,126.5865082889,2021-09-30
경기도,김포시,인천농장,닭,육계,7000.0,경기도 김포시 월곶면 조강리 79번지,37.7492197,126.5863882,2020-06-30
경기도,김포시,인하 농장,닭,산란계,14000.0,경기도 김포시 통진읍 가현리 620번지,37.6774387865,126.5861116536,2021-07-31
경기도,김포시,장락농장,닭,산란계,50000.0,경기도 김포시 대곶면 쇄암리 445-4번지,37.6708688,126.5499024,2020-06-30
경기도,김포시,정윤농장,닭,육계,24000.0,경기도 김포시 양촌읍 누산리 1036-158번지,37.6718739,126.653781,2020-05-31
경기도,김포시,젖가락이 행복한 농장,닭,산란계,100.0,경기도 김포시 대곶면 대벽리 174번지 1호,37.6354276917,126.579044281,2021-06-30
경기도,김포시,종훈농장,닭,산란계,10000.0,경기도 김포시 통진읍 옹정리 산 58번지,,,2021-04-30
경기도,김포시,주일농장,닭,산란계,12000.0,경기도 김포시 양촌읍 학운리 산 20번지,,,2020-07-31
경기도,김포시,준희농장,닭,산란계,14500.0,경기도 김포시 통진읍 가현리 622-3번지,37.6778414,126.5869603,2020-05-31
경기도,김포시,진영농장,닭,산란계,0.0,경기도 김포시 고촌읍 향산리 341번지,37.6233666,126.7482354,2020-05-31
경기도,김포시,천풍농장,닭,산란계,12000.0,경기도 김포시 대곶면 대벽리 1039번지,37.6176925548,126.5679208467,2021-04-30
경기도,김포시,청솔산업,닭,육계,100.0,경기도 김포시 통진읍 귀전리 1008번지,37.7070605,126.6104822,2020-06-30
경기도,김포시,청암농장,메추리,산란계,120000.0,경기도 김포시 대곶면 약암리 267번지,37.6368162,126.5687595,2020-05-31
경기도,김포시,초롱농장,닭,산란계,3000.0,경기도 김포시 대곶면 송마리 178번지,37.6632084,126.5711662,2020-06-30
경기도,김포시,초롱농장,닭,산란계,3000.0,경기도 김포시 대곶면 송마리 178번지,,,2020-11-30
경기도,김포시,코코스가든,닭,산란계,1200.0,경기도 김포시 고촌읍 태리 190번지,37.6058394423,126.7456763438,2021-06-30
경기도,김포시,태경농장,닭,산란계,40000.0,경기도 김포시 월곶면 군하리 323-30번지,37.7058907,126.5521466,2020-05-31
경기도,김포시,태경농장,닭,산란계,40000.0,경기도 김포시 월곶면 군하리 323번지 30호,37.7058863162,126.5521491939,2020-07-31
경기도,김포시,태원농장,닭,육계,35000.0,경기도 김포시 양촌읍 석모리 131번지 2호,37.6586021398,126.6538667914,2021-06-30
경기도,김포시,포내농장,닭,산란계,20000.0,경기도 김포시 월곶면 포내리 106-12번지,37.7294578,126.5416943,2019-12-31
경기도,김포시,포내농장,닭,산란계,63000.0,경기도 김포시 월곶면 포내리 106번지 10호,37.7285294092,126.5424079582,2021-09-30
경기도,김포시,포내농장,닭,산란계,20000.0,경기도 김포시 월곶면 포내리 14번지 5호,,,2021-09-30
경기도,김포시,풍진농장,닭,산란계,15000.0,경기도 김포시 대곶면 약암리 808번지,37.6217415118,126.5603174525,2021-04-30
경기도,김포시,하나농장,닭,육계,38000.0,경기도 김포시 대곶면 대명리 208번지,37.653290478,126.5477331705,2020-07-31
경기도,김포시,하늘농장,닭,산란계,2500.0,경기도 김포시 하성면 양택리 104번지,37.7355028154,126.617107103,2020-07-31
경기도,김포시,하림농장,닭,산란계,40.0,경기도 김포시 대곶면 대벽리 1164번지,37.6123970804,126.5582430599,2021-07-31
경기도,김포시,하성농장,닭,산란계,15000.0,경기도 김포시 하성면 봉성리 65번지 3호,37.6921844112,126.6375947615,2021-04-30
경기도,김포시,학운농장,닭,육계,25000.0,경기도 김포시 양촌읍 학운리 399번지,37.6259933084,126.6030093086,2020-07-31
경기도,김포시,학운농장,닭,육계,25000.0,경기도 김포시 양촌읍 학운리 399번지,37.6260812,126.6030291,2019-12-31
경기도,김포시,향산리농장,닭,산란계,520.0,경기도 김포시 고촌읍 향산리 810번지,37.6257469,126.7357004,2020-01-31
경기도,김포시,호은농장,닭,육계,35000.0,경기도 김포시 하성면 마조리 325번지,37.7498061,126.6284293,2020-06-30
경기도,김포시,효운농장,닭,육계,35000.0,경기도 김포시 양촌읍 유현리 444번지 1호,37.6347379652,126.6153904973,2021-11-30
경기도,김포시,효운농장,닭,육계,35000.0,경기도 김포시 양촌읍 유현리 444번지 1호,37.6347788,126.6155215,2020-06-30
경기도,김포시,희망농장,닭,육계,20000.0,경기도 김포시 마산동 422번지,37.634436423,126.6454481124,2021-07-31
경기도,김포시,가우농장,닭,산란계,16000.0,경기도 김포시 통진읍 가현리 633번지,37.6775322074,126.5853734062,2025-08-31
경기도,김포시,공주양계장,닭,육계,12000.0,경기도 김포시 양촌읍 유현리 441번지,37.634216157,126.6156197877,2025-08-31
경기도,김포시,규은농장,닭,산란계,14.0,경기도 김포시 고촌읍 신곡리 439번지 43호,37.6087058951,126.7729972627,2025-07-31
경기도,김포시,기원농장,닭,육계,24000.0,경기도 김포시 통진읍 옹정리 294번지 3호,37.6846208467,126.5766784703,2025-07-31
경기도,김포시,기철농장,닭,육계,19000.0,경기도 김포시 양촌읍 양곡리 821번지,37.6555979844,126.6330624888,2025-08-31
경기도,김포시,농업회사법인 (주)제일영농,닭,육계,1000.0,경기도 김포시 하성면 석탄리 734번지 7호,37.7204533762,126.6521694527,2025-05-31
경기도,김포시,담안에 농원,닭,육계,300.0,경기도 김포시 하성면 시암리 140번지 2호,37.766751828,126.6453469576,2025-04-30
경기도,김포시,대성농장,닭,육계,20000.0,경기도 김포시 양촌읍 학운리 1032번지,37.6090818417,126.6002798829,2025-08-31
경기도,김포시,대포농장,닭,육계,30000.0,경기도 김포시 양촌읍 대포리 261번지 18호,,,2025-07-31
경기도,김포시,도현 농장,닭,산란계,0.0,경기도 김포시 통진읍 가현리 798번지,37.6758593416,126.6010768499,2025-08-31
경기도,김포시,두레농장,닭,육계,1300.0,경기도 김포시 대곶면 대능리 700번지,37.6259596913,126.6007035995,2025-08-31
경기도,김포시,문수골농원,닭,육계,35.0,경기도 김포시 월곶면 성동리 212번지 7호,37.7402794493,126.5343697164,2025-08-31
경기도,김포시,미혜농장,닭,산란계,1000.0,경기도 김포시 대곶면 대능리 622번지 23호,37.6212458738,126.5927044521,2025-07-31
경기도,김포시,미화농장,닭,산란계,12000.0,경기도 김포시 통진읍 가현리 625번지 8호,37.6779556025,126.5858630985,2025-05-31
경기도,김포시,방씨농장,닭,육계,200.0,경기도 김포시 대곶면 대벽리 803번지,37.6055575133,126.5618186536,2025-05-31
경기도,김포시,병기농장,닭,육계,30000.0,경기도 김포시 대곶면 석정리 238번지,37.6788760714,126.5568816275,2025-04-30
경기도,김포시,봉골농장,닭,산란계,83000.0,"경기도 김포시 월곶면 군하리 323번지 2호 ,323-70번지",37.707520252,126.5535918318,2025-07-31
경기도,김포시,봉성농장,닭,산란계,30000.0,경기도 김포시 통진읍 동을산리 496번지,37.6932678933,126.6195590551,2025-05-31
경기도,김포시,서울양계장,닭,육계,0.0,경기도 김포시 대곶면 쇄암리 391번지,37.6754348221,126.5447803995,2025-07-31
경기도,김포시,석정농장,닭,육계,45000.0,경기도 김포시 대곶면 석정리 237번지,37.679432377,126.5565683967,2025-04-30
경기도,김포시,써니농장,닭,산란계,22000.0,경기도 김포시 통진읍 가현리 162번지 3호,37.6724170856,126.5882596686,2025-04-30
경기도,김포시,안골농원,닭,산란계,6000.0,경기도 김포시 월곶면 조강리 107번지 109호,37.7473935506,126.586256668,2025-04-30
경기도,김포시,영경농장,닭,산란계,4.0,경기도 김포시 고촌읍 신곡리 183번지 3호,37.6032779975,126.7846605955,2025-07-31
경기도,김포시,용농장,닭,육계,0.0,경기도 김포시 고촌읍 향산리 906번지 1호,37.6214110326,126.7348248313,2025-04-30
경기도,김포시,우리집토종닭,닭,육계,300.0,경기도 김포시 하성면 석탄리 491번지 32호,37.7252300328,126.6320813425,2025-05-31
경기도,김포시,운호농장,닭,육계,80000.0,경기도 김포시 양촌읍 누산리 1089번지 75호,37.6712065036,126.661219717,2025-08-31
경기도,김포시,원기농장,닭,산란계,25000.0,경기도 김포시 대곶면 약암리 930번지,,,2025-08-31
경기도,김포시,일진농장,닭,산란계,2000.0,경기도 김포시 통진읍 가현리 324번지,37.678868833,126.5962436164,2025-04-30
경기도,김포시,장락농장,닭,산란계,24000.0,경기도 김포시 대곶면 쇄암리 447번지,37.6706239727,126.5498148989,2025-04-30
경기도,김포시,정윤농장,닭,육계,24000.0,경기도 김포시 양촌읍 누산리 1036번지 158호,37.6718779346,126.6537841005,2025-08-31
경기도,김포시,좋아좋아 토종닭 농장,닭,육계,300.0,경기도 김포시 하성면 시암리 218번지,37.7706970657,126.6365873022,2025-08-31
경기도,김포시,준희농장,닭,산란계,14500.0,경기도 김포시 통진읍 가현리 622번지 3호,37.6778419125,126.5869572137,2025-08-31
경기도,김포시,청솔산업,닭,육계,100.0,경기도 김포시 통진읍 귀전리 1008번지,37.7070618688,126.6104790761,2025-05-31
경기도,김포시,푸른농장,닭,산란계,12000.0,경기도 김포시 통진읍 가현리,,,2025-08-31
경기도,김포시,한우리농장,닭,산란계,140000.0,경기도 김포시 통진읍 가현리 798번지 1호,37.6757060463,126.6010673597,2025-05-31
경기도,김포시,향산리농장,닭,산란계,520.0,경기도 김포시 고촌읍 향산리 810번지,37.6257487313,126.7357067746,2025-04-30
경기도,김포시,호은농장,닭,육계,35000.0,경기도 김포시 하성면 마조리 325번지,37.7498006773,126.6284358809,2025-05-31
경기도,남양주시,가족농장,닭,육계,200.0,경기도 남양주시 와부읍 율석리 832번지 4호,37.6033708373,127.2095866254,2020-05-31
경기도,남양주시,거북농장,닭,육계,2200.0,경기도 남양주시 삼패동 산 12번지,37.5983934455,127.2118602348,2020-01-31
경기도,남양주시,경인농장,닭,산란계,150.0,경기도 남양주시 평내동 산 2번지 19호,37.6503874934,127.2174789638,2020-04-30
경기도,남양주시,경춘목장,닭,산란계,500.0,"경기도 남양주시 조안면 삼봉리 680번지 ,690",37.590760187,127.32490524,2020-05-31
경기도,남양주시,경춘목장,닭,산란계,500.0,"경기도 남양주시 조안면 삼봉리 680번지 ,690",37.5909584981,127.3248356332,2021-11-30
경기도,남양주시,고센영농조합법인,닭,육계,20000.0,"경기도 남양주시 와부읍 월문리 83번지 3호 ,83-13",37.6159492826,127.2796342657,2021-11-30
경기도,남양주시,고센영농조합법인,닭,육계,20000.0,"경기도 남양주시 와부읍 월문리 83번지 3호 ,83-13",37.6158690873,127.2791873369,2020-07-31
경기도,남양주시,그린농장,닭,산란계,116000.0,경기도 남양주시 진건읍 진관리 689번지,37.6514699841,127.1593390579,2020-07-31
경기도,남양주시,그린농장,닭,산란계,116000.0,경기도 남양주시 진건읍 진관리 689번지,37.6515731303,127.1594538201,2021-09-30
경기도,남양주시,근영농장,닭,육계,530.0,경기도 남양주시 진접읍 내각리 33번지 1호,37.7059610055,127.1780851514,2020-06-30
경기도,남양주시,내곡농장,닭,육계,20000.0,"경기도 남양주시 진접읍 내곡리 468번지 7호 (,468-11)",37.6756241259,127.1574841572,2021-06-30
경기도,남양주시,내곡농장,닭,육계,20000.0,"경기도 남양주시 진접읍 내곡리 468번지 7호 (,468-11)",37.6757172465,127.1576443004,2020-05-31
경기도,남양주시,다산농장,닭,산란계,500.0,경기도 남양주시 진건읍 배양리 915번지 1호,37.6328924174,127.1520382823,2020-07-31
경기도,남양주시,다산농장,닭,산란계,500.0,경기도 남양주시 진건읍 배양리 915번지 1호,37.6328937331,127.1520362693,2021-09-30
경기도,남양주시,밤골농원,닭,육계,30000.0,경기도 남양주시 수동면 내방리 64번지 1호,37.7384915723,127.2935966976,2021-04-30
경기도,남양주시,밤골농원,닭,육계,30000.0,경기도 남양주시 수동면 내방리 64번지 1호,37.7382222338,127.2931529125,2021-11-30
경기도,남양주시,부일농장,닭,육계,100.0,경기도 남양주시 진건읍 배양리 471번지,37.638278726,127.1667550171,2020-04-30
경기도,남양주시,부일농장,닭,육계,100.0,경기도 남양주시 진건읍 배양리 471번지,37.6382992776,127.1667797497,2021-09-30
경기도,남양주시,산과들 테마농원,닭,산란계,,경기도 남양주시 화도읍 차산리 산 67번지 31호,37.6325079996,127.298609866,2020-01-31
경기도,남양주시,산과들 테마농원,닭,산란계,,경기도 남양주시 화도읍 차산리 산 67번지 31호,37.6333101888,127.3004482547,2021-11-30
경기도,남양주시,세원농장,닭,산란계,500.0,경기도 남양주시 이패동 562번지 8호,37.6075355572,127.1864497601,2020-11-30
경기도,남양주시,세원농장,닭,산란계,500.0,경기도 남양주시 이패동 562번지 8호,37.6076896351,127.1865167892,2021-11-30
경기도,남양주시,세종농장,닭,산란계,14000.0,"경기도 남양주시 화도읍 차산리 552번지 3호 ,537-4,553",37.6177807647,127.304294105,2020-06-30
경기도,남양주시,시골닭집,닭,육계,70.0,경기도 남양주시 별내면 용암리 산 2번지 10호,37.7386860156,127.1265878742,2020-07-31
경기도,남양주시,싸리농장,닭,육계,270.0,경기도 남양주시 와부읍 월문리 256번지,37.6117847481,127.2646640401,2020-05-31
경기도,남양주시,싸리농장,닭,육계,270.0,경기도 남양주시 와부읍 월문리 256번지,37.6117742102,127.2646791601,2021-11-30
경기도,남양주시,씨앤비협동조합 남양주 실습장,닭,육계,100.0,경기도 남양주시 퇴계원읍 퇴계원리 산 4번지 3호,37.6632832158,127.1417694776,2021-09-30
경기도,남양주시,씨앤비협동조합 남양주 실습장,닭,육계,100.0,경기도 남양주시 퇴계원읍 퇴계원리 산 4번지 3호,37.6634748472,127.1417745889,2020-04-30
경기도,남양주시,유인농장,닭,산란계,19000.0,경기도 남양주시 화도읍 차산리 850번지,37.6245033151,127.2893008529,2020-11-30
경기도,남양주시,유인농장,닭,산란계,19000.0,경기도 남양주시 화도읍 차산리 850번지,37.6247017497,127.2897282096,2021-11-30
경기도,남양주시,유정농장,닭,육계,50.0,"경기도 남양주시 별내면 광전리 573번지 5호 ,7",37.6767977162,127.136063619,2021-04-30
경기도,남양주시,육덕농장,닭,육계,1000.0,경기도 남양주시 화도읍 묵현리 산 157번지 4호,37.6709126306,127.307104485,2021-04-30
경기도,남양주시,지둔농장,닭,육계,15000.0,경기도 남양주시 수동면 지둔리 315번지,37.718041535,127.2984057523,2021-07-31
경기도,남양주시,지둔농장,닭,육계,15000.0,경기도 남양주시 수동면 지둔리 315번지,37.7177747617,127.2987669768,2020-05-31
경기도,남양주시,차산농장,닭,육계,30.0,경기도 남양주시 화도읍 차산리 산 67번지 22호,37.629394949,127.2858304935,2020-04-30
경기도,남양주시,차산농장,닭,육계,30.0,경기도 남양주시 화도읍 차산리 산 67번지 22호,37.6296807755,127.2867109122,2021-09-30
경기도,남양주시,채율농장,닭,산란계,700.0,경기도 남양주시 화도읍 가곡리 74번지 1호,37.6892440593,127.3083244272,2021-09-30
경기도,남양주시,채율농장,닭,산란계,500.0,경기도 남양주시 화도읍 가곡리 74번지 1호,37.6892440593,127.3083244272,2020-05-31
경기도,남양주시,춘추농장,닭,산란계,90.0,경기도 남양주시 별내면 청학리 85번지,37.7112389216,127.1302620258,2021-11-30
경기도,남양주시,태양농원,닭,산란계,12000.0,경기도 남양주시 화도읍 차산리 183번지 13호,37.6312788455,127.3036915474,2021-04-30
경기도,남양주시,평화농장,닭,육계,,경기도 남양주시 진건읍 배양리 555번지,37.6311924557,127.1700587482,2021-04-30
경기도,남양주시,평화농장,닭,육계,,경기도 남양주시 진건읍 배양리 555번지,37.6314135862,127.1701878293,2021-11-30
경기도,남양주시,한솔농원,닭,산란계,3000.0,"경기도 남양주시 수동면 송천리 428번지 ,428-1",37.6909717858,127.3292949061,2020-06-30
경기도,남양주시,한솔농장,닭,산란계,6000.0,"경기도 남양주시 조안면 송촌리 954번지 ,산18",37.5771780581,127.3198770819,2020-01-31
경기도,남양주시,현대농장,닭,산란계,9162.0,경기도 남양주시 화도읍 답내리 475번지 5호,37.6596094058,127.3406265394,2021-06-30
경기도,남양주시,현대농장,닭,산란계,60000.0,경기도 남양주시 화도읍 답내리 475번지 5호,37.6595318495,127.34079611,2020-04-30
경기도,남양주시,화도농장,닭,육계,45.0,경기도 남양주시 화도읍 차산리 730번지,37.6325864345,127.2924133108,2021-04-30
경기도,안성시,NES농장,닭,산란계,58000.0,경기도 안성시 일죽면 능국리 7번지 1호,37.1114922,127.5022345,2020-06-30
경기도,안성시,NES농장,닭,산란계,100000.0,경기도 안성시 일죽면 능국리 7번지 1호,37.1112428218,127.5016995946,2021-06-30
경기도,안성시,NES농장2,닭,산란계,110000.0,경기도 안성시 일죽면 능국리 4번지 외 1필지(4-2),37.1110957,127.5001055,2021-04-30
경기도,안성시,NES농장2,닭,산란계,110000.0,경기도 안성시 일죽면 능국리 4번지 외 1필지(4-2),37.1110625487,127.5001463497,2021-09-30
경기도,안성시,가족농장,오리,,3000.0,경기도 안성시 미양면 고지리 574번지 2호,36.9584163,127.2047427,2021-04-30
경기도,안성시,가족농장,닭,육계,14000.0,경기도 안성시 미양면 고지리 574번지 2호 외 1필지,36.9585780201,127.2048001246,2021-11-30
경기도,안성시,강덕농장,닭,육계,45500.0,경기도 안성시 미양면 강덕리 101번지 6호 외1필지(101-4),36.9509465581,127.2251590035,2021-07-31
경기도,안성시,경기농장,닭,산란계,30000.0,경기도 안성시 원곡면 반제리 430번지 외1필지,37.0158883157,127.1597708929,2021-06-30
경기도,안성시,경남축산,닭,육계,54000.0,경기도 안성시 원곡면 외가천리 142번지 25호,37.0413265,127.1394754,2020-11-30
경기도,안성시,경운농장,닭,육계,27000.0,경기도 안성시 일죽면 장암리 237번지 5호,37.0736115185,127.4633143302,2021-07-31
경기도,안성시,경원농장,닭,산란계,5000.0,경기도 안성시 삼죽면 내장리 211번지,37.0803889995,127.3989900677,2021-09-30
경기도,안성시,경훈농장,닭,산란계,10000.0,경기도 안성시 미양면 고지리 520번지,36.9624672354,127.2100760502,2021-06-30
경기도,안성시,계림농원,닭,육계,50000.0,경기도 안성시 서운면 현매리 628번지 1호,36.9304724856,127.2128135576,2021-06-30
경기도,안성시,구수리 농장,닭,육계,140000.0,경기도 안성시 미양면 구수리 45번지 3호,36.9731646,127.2574632,2020-01-31
경기도,안성시,구오농장,닭,육계,55000.0,경기도 안성시 서운면 신능리 141번지 1호,36.9661681336,127.2746910468,2021-11-30
경기도,안성시,구칠농장,닭,육계,80000.0,경기도 안성시 미양면 고지리 69번지 4호 (위쪽축사),36.9556448836,127.2220532058,2021-09-30
경기도,안성시,금강농장,닭,육계,45000.0,경기도 안성시 원곡면 성주리 342번지 2호,37.0878221829,127.1503693643,2021-11-30
경기도,안성시,금강농장,닭,육계,45000.0,경기도 안성시 원곡면 성주리 342번지 2호,37.0872045,127.1502762,2020-05-31
경기도,안성시,금광농장,닭,산란계,50000.0,경기도 안성시 금광면 사흥리 118번지,37.0025837,127.3740085,2020-04-30
경기도,안성시,금광농장,닭,육계,15400.0,경기도 안성시 금광면 사흥리 118번지 외 1필지(119),37.0025800905,127.3739281893,2021-09-30
경기도,안성시,금평농장,닭,육계,8000.0,경기도 안성시 일죽면 금산리 50번지 8호,37.0747404,127.5102924,2020-01-31
경기도,안성시,금평농장,닭,육계,8000.0,경기도 안성시 일죽면 금산리 산 14번지 1호,37.0768893332,127.5036113811,2021-07-31
경기도,안성시,길담농장,오리,,20000.0,경기도 안성시 보개면 동평리 32번지,37.0837065,127.3277526,2020-01-31
경기도,안성시,꼬꼬농장,닭,육계,69664.0,경기도 안성시 보개면 내방리 228번지 4호 외 4필지,37.0204198687,127.31268618,2021-09-30
경기도,안성시,나루농장,닭,육계,55000.0,경기도 안성시 보개면 적가리 199번지,37.0527134,127.2842037,2020-07-31
경기도,안성시,나루농장,닭,육계,55000.0,경기도 안성시 보개면 적가리 199번지,37.0526887688,127.2846475481,2021-11-30
경기도,안성시,남풍농원,닭,육계,500.0,경기도 안성시 보개면 남풍리 944번지 1호,37.0789337075,127.3081433447,2021-06-30
경기도,안성시,노동 농장,오리,,6000.0,경기도 안성시 일죽면 능국리 678번지 3호,37.1134623,127.4878237,2020-11-30
경기도,안성시,노동 농장,오리,,6000.0,경기도 안성시 일죽면 능국리 678번지 3호,37.113462318,127.4878237822,2021-09-30
경기도,안성시,농업회사법인 골드아이(유),닭,산란계,370000.0,경기도 안성시 일죽면 능국리 310번지 1호,37.1009750602,127.4888699462,2021-11-30
경기도,안성시,농업회사법인 선유팜 주식회사,닭,산란계,30000.0,경기도 안성시 일죽면 신흥리 899번지 3호,37.1248299169,127.4610268877,2021-09-30
경기도,안성시,농업회사법인 선유팜 주식회사,닭,산란계,30000.0,경기도 안성시 일죽면 신흥리 899번지 2호,37.1237916,127.4620764,2020-11-30
경기도,안성시,농업회사법인 티지에프(주),닭,산란계,783000.0,경기도 안성시 금광면 삼흥리 647번지 1호 (외10필지),37.0277185476,127.3633406736,2021-11-30
경기도,안성시,농업회사법인(주)알로팜 명당지점,닭,산란계,450000.0,경기도 안성시 대덕면 명당리 173번지 1호,37.0445048594,127.2128118927,2021-07-31
경기도,안성시,농업회사법인(주)알로팜 명당지점,닭,산란계,450000.0,경기도 안성시 대덕면 명당리 173번지 1호,37.0440489,127.2127141,2020-06-30
경기도,안성시,다나농장,닭,산란계,40000.0,경기도 안성시 공도읍 용두리 382번지 9호,37.0158008,127.1668246,2020-06-30
경기도,안성시,다나농장,닭,산란계,40000.0,경기도 안성시 공도읍 용두리 382번지 9호,37.0163217677,127.1663901019,2021-09-30
경기도,안성시,다모아부화장,오리,,7560.0,경기도 안성시 미양면 고지리 426번지,36.9640675842,127.2083512331,2021-09-30
경기도,안성시,대박농장,닭,육계,40000.0,경기도 안성시 공도읍 중복리 259번지 1호,36.9733912908,127.1315243587,2021-07-31
경기도,안성시,대성농장,닭,육계,60000.0,경기도 안성시 일죽면 금산리 130번지,37.0731842881,127.5071661322,2021-11-30
경기도,안성시,대율,오리,,8568.0,경기도 안성시 서운면 현매리 188번지 5호 외 2필지,36.9334252,127.2271595,2020-01-31
경기도,안성시,대율,오리,,8568.0,경기도 안성시 서운면 현매리 188번지 5호,36.9333276767,127.2270863156,2021-07-31
경기도,안성시,대현농장,오리,,10000.0,경기도 안성시 서운면 신촌리 260번지 1호,36.9383407,127.2562697,2020-11-30
경기도,안성시,대현농장,오리,,10000.0,경기도 안성시 서운면 신촌리 260번지 1호,36.9383407064,127.2562697723,2021-06-30
경기도,안성시,대화 오리농장DHD,오리,,5500.0,경기도 안성시 일죽면 화곡리 637번지 1호 외1필지,37.106059157,127.4525617725,2021-06-30
경기도,안성시,도란도란,닭,산란계,80000.0,경기도 안성시 보개면 남풍리 732번지,37.0640146,127.3123435,2020-11-30
경기도,안성시,도란도란,닭,산란계,138000.0,경기도 안성시 보개면 남풍리 732번지,37.0639861701,127.3126466066,2021-11-30
경기도,안성시,동남농원,닭,육계,2000.0,"경기도 안성시 일죽면 송천리 478번지 외5필지(473,474,475,475-1,476)",37.0907909,127.470133,2020-01-31
경기도,안성시,동남농원,닭,육계,2000.0,"경기도 안성시 일죽면 송천리 478번지 외5필지(473,474,475,475-1,476)",37.0895957841,127.4700916998,2021-11-30
경기도,안성시,동신농장,닭,육계,71400.0,경기도 안성시 보개면 동신리 655번지 외 3필지,36.9999189782,127.2950239002,2021-06-30
경기도,안성시,동신농장,닭,산란계,40000.0,경기도 안성시 보개면 동신리 655번지,36.9996672,127.2956244,2020-11-30
경기도,안성시,동원축산,오리,,3000.0,"경기도 안성시 공도읍 건천리 13번지 7호 외 3필지(14-1, 15-1, 19-13번지)",36.9730246,127.1809954,2020-06-30
경기도,안성시,두교농장,닭,육계,40000.0,경기도 안성시 죽산면 두교리 103번지,37.0153631,127.446827,2021-04-30
경기도,안성시,두교농장,닭,육계,40000.0,경기도 안성시 죽산면 두교리 103번지,37.0152821969,127.4464693067,2021-09-30
경기도,안성시,두메농장,닭,산란계,310000.0,경기도 안성시 일죽면 산북리 104번지 1호 외 9필지,37.0856870573,127.5126597683,2021-07-31
경기도,안성시,두평마을회,닭,육계,37000.0,경기도 안성시 죽산면 두현리 327번지 외 2필지,37.0645201556,127.4055014876,2021-11-30
경기도,안성시,둥지농장,오리,,17000.0,"경기도 안성시 보개면 내방리 228번지 4호 외 4필지(228-5,-6,229,52)",37.0203578,127.3125372,2020-11-30
경기도,안성시,드림팜,닭,육계,90000.0,"경기도 안성시 미양면 법전리 55번지 외 2필지(52번지, 52-1번지)",36.9466133,127.2144673,2021-04-30
경기도,안성시,드림팜,닭,육계,90000.0,"경기도 안성시 미양면 법전리 55번지 외 2필지(52번지, 52-1번지)",36.9463865225,127.2142475645,2021-07-31
경기도,안성시,마전농장,오리,,15000.0,경기도 안성시 삼죽면 마전리 132번지 1호,37.0413368058,127.3465836231,2021-11-30
경기도,안성시,만우농장,닭,육계,30000.0,경기도 안성시 보개면 적가리 194번지,37.0527134,127.2842037,2020-07-31
경기도,안성시,만우농장,닭,육계,30000.0,경기도 안성시 보개면 적가리 194번지,37.0526887688,127.2846475481,2021-07-31
경기도,안성시,명근농장,닭,산란계,35000.0,경기도 안성시 양성면 장서리 407번지 9호,37.094719654,127.2039239949,2021-06-30
경기도,안성시,민호농장,닭,육계,38000.0,경기도 안성시 대덕면 삼한리 117번지,37.0567494652,127.2820379422,2021-09-30
경기도,안성시,민호농장,닭,육계,38000.0,경기도 안성시 대덕면 삼한리 117번지,37.0565754,127.2818683,2020-06-30
경기도,안성시,병일농장,닭,육계,45000.0,경기도 안성시 보개면 복평리 75번지 2호,37.0366564668,127.3131429021,2021-11-30
경기도,안성시,보광농원,닭,산란계,12000.0,경기도 안성시 일죽면 죽림리 880번지 외 1필지,37.0724331872,127.4463279167,2021-07-31
경기도,안성시,봄양계장,닭,산란계,14000.0,경기도 안성시 금광면 삼흥리 405번지,37.0172737274,127.3658437544,2021-07-31
경기도,안성시,부원농장,닭,육계,50000.0,경기도 안성시 서운면 양촌리 120번지,36.9451181769,127.2788747833,2021-06-30
경기도,안성시,부희농장,오리,,16000.0,경기도 안성시 미양면 강덕리 77번지 3호,,,2020-01-31
경기도,안성시,북좌농장,닭,육계,20000.0,경기도 안성시 보개면 북좌리 50번지,37.0419676,127.3349822,2020-07-31
경기도,안성시,북좌농장,닭,육계,20000.0,경기도 안성시 보개면 북좌리 50번지,37.0419522204,127.3349661486,2021-09-30
경기도,안성시,사오농장,닭,육계,100000.0,경기도 안성시 보개면 남풍리 243번지,37.0669972457,127.3246304634,2021-06-30
경기도,안성시,삼학농장,닭,산란계,45000.0,경기도 안성시 일죽면 화봉리 191번지,37.0639636,127.4821902,2020-11-30
경기도,안성시,삼학농장,닭,산란계,45000.0,경기도 안성시 일죽면 화봉리 191번지,37.0642770115,127.4821712321,2021-07-31
경기도,안성시,삼한농장,닭,육계,85000.0,경기도 안성시 양성면 삼암리 477번지 5호,37.028185,127.2105801,2020-01-31
경기도,안성시,삼한농장,닭,육계,85000.0,경기도 안성시 양성면 삼암리 477번지 5호,37.0282819465,127.2102983102,2021-11-30
경기도,안성시,삼흥농장,닭,산란계,54000.0,경기도 안성시 금광면 삼흥리 562번지 1호,37.0276556373,127.3715819362,2021-09-30
경기도,안성시,상록농장,닭,육계,66500.0,"경기도 안성시 금광면 현곡리 137번지 외 2필지(141, 142)",36.9815578,127.3484781,2021-04-30
경기도,안성시,상록농장,닭,육계,66500.0,"경기도 안성시 금광면 현곡리 137번지 외 2필지(141, 142)",36.9816912774,127.3487484619,2021-06-30
경기도,안성시,상수리숲농장,닭,산란계,400.0,경기도 안성시 양성면 방신리 산 36번지 2호,37.0361612,127.1757702,2020-04-30
경기도,안성시,상수리숲농장,닭,산란계,1500.0,경기도 안성시 양성면 방신리 68번지 2호,37.0356464205,127.1753796345,2021-06-30
경기도,안성시,상원농장,닭,산란계,60000.0,경기도 안성시 서운면 신촌리 11번지,,,2020-06-30
경기도,안성시,상원농장,닭,산란계,60000.0,경기도 안성시 서운면 신촌리 산 11번지,,,2021-11-30
경기도,안성시,서부농장,닭,육계,14500.0,경기도 안성시 원곡면 성주리 321번지 1호,37.0889457894,127.1523558141,2021-06-30
경기도,안성시,서운농장,닭,산란계,250000.0,경기도 안성시 서운면 신촌리 280번지 2호 외 1필지,36.9342969441,127.2628706116,2021-06-30
경기도,안성시,서윤농장,닭,육계,50000.0,경기도 안성시 보개면 내방리 38번지 2호 (외 4필지),37.0227462473,127.3123109359,2021-09-30
경기도,안성시,서현농장,닭,육계,32000.0,경기도 안성시 중리동 388번지 2호,36.986035436,127.2744077319,2021-11-30
경기도,안성시,석우농장,닭,육계,73000.0,경기도 안성시 보개면 양복리 696번지 외2필지,37.0121069931,127.3114250981,2021-06-30
경기도,안성시,석찬 농장,닭,육계,50000.0,경기도 안성시 고삼면 신창리 362번지,37.0749075,127.2426554,2020-11-30
경기도,안성시,석찬 농장,닭,육계,50000.0,경기도 안성시 고삼면 신창리 362번지,37.0751492104,127.2423401777,2021-09-30
경기도,안성시,선암농장,닭,육계,10000.0,경기도 안성시 금광면 개산리 10번지 1호 외 1필지(11),36.9889863774,127.2909403737,2021-07-31
경기도,안성시,선유 칠면조 농장,칠면조,,1500.0,경기도 안성시 일죽면 신흥리 907번지 0호,37.122708,127.4626887,2020-06-30
경기도,안성시,선일농장,닭,육계,85000.0,경기도 안성시 금광면 사흥리 131번지 1호,37.0008569,127.3729778,2020-01-31
경기도,안성시,선일농장,닭,육계,80000.0,경기도 안성시 금광면 사흥리 131번지 1호,37.0010372595,127.3726494768,2021-06-30
경기도,안성시,성공농장,닭,육계,40000.0,경기도 안성시 서운면 현매리 116번지 2호,36.9405289,127.2302449,2020-07-31
경기도,안성시,성공농장,닭,육계,42000.0,경기도 안성시 서운면 현매리 116번지 2호 (외1필지),36.9407279369,127.2307546723,2021-11-30
경기도,안성시,성욱농장,오리,,9000.0,경기도 안성시 대덕면 무능리 243번지,37.0480948655,127.2252027356,2021-09-30
경기도,안성시,성원농장,닭,산란계,50000.0,경기도 안성시 공도읍 신두리 200번지 39호,36.9951905,127.1984367,2020-06-30
경기도,안성시,성원농장,닭,산란계,50000.0,경기도 안성시 공도읍 신두리 200번지 39호,36.9954673789,127.1985439819,2021-11-30
경기도,안성시,성은농장,닭,육계,4000.0,경기도 안성시 서운면 송산리 211번지 1호,36.9418056,127.2363218,2020-11-30
경기도,안성시,세원농장,닭,산란계,3000.0,경기도 안성시 공도읍 용두리 378번지 2호,37.0156586,127.165386,2020-07-31
경기도,안성시,세원농장,닭,산란계,3000.0,경기도 안성시 공도읍 용두리 378번지 2호,37.0156586334,127.1653860886,2021-06-30
경기도,안성시,세진농장,닭,육계,35000.0,경기도 안성시 보개면 오두리 255번지 3호,37.0428510076,127.3148464036,2021-11-30
경기도,안성시,송숙농장,닭,육계,40000.0,경기도 안성시 대덕면 삼한리 499번지 1호,37.0597947977,127.2768994042,2021-09-30
경기도,안성시,송표농장,닭,육계,35000.0,경기도 안성시 서운면 양촌리 117번지,36.945782,127.2772427,2020-01-31
경기도,안성시,수리산농장,오리,,7000.0,경기도 안성시 일죽면 산북리 172번지 1호,37.0835725,127.5077646,2020-04-30
경기도,안성시,수정농장,오리,,15000.0,경기도 안성시 일죽면 능국리 261번지 1호,37.0993186,127.4849326,2020-06-30
경기도,안성시,수지 토종농장,닭,육계,1000.0,경기도 안성시 일죽면 신흥리 산 11번지 1호,37.1222662813,127.4847355009,2021-09-30
경기도,안성시,수지 토종농장,닭,육계,1000.0,경기도 안성시 일죽면 신흥리 산 11번지 1호,37.1225944,127.484495,2021-04-30
경기도,안성시,수지농장,닭,육계,130000.0,경기도 안성시 미양면 정동리 504번지 4호 외 1필지(504-5),36.9767503,127.1956042,2020-11-30
경기도,안성시,수지농장,닭,육계,130000.0,경기도 안성시 미양면 정동리 504번지 4호 외 1필지(504-5),36.9765932313,127.1958095738,2021-09-30
경기도,안성시,수지농장,닭,육계,12000.0,경기도 안성시 대덕면 보동리 684번지 2호,37.0543287098,127.2477191497,2021-09-30
경기도,안성시,수지농장,닭,육계,50000.0,경기도 안성시 대덕면 보동리 684번지,37.0542993,127.2475934,2020-05-31
경기도,안성시,수한농장,닭,육계,8000.0,경기도 안성시 양성면 장서리 55번지 1호,,,2020-05-31
경기도,안성시,스마일2 농장,오리,,12000.0,경기도 안성시 미양면 고지리 426번지,36.9638616,127.2083503,2020-11-30
경기도,안성시,스마일2 농장,오리,,12000.0,경기도 안성시 미양면 고지리 426번지,36.9640675842,127.2083512331,2021-06-30
경기도,안성시,승애농장,닭,산란계,50000.0,경기도 안성시 공도읍 용두리 399번지 1호,37.0110963963,127.164243514,2021-06-30
경기도,안성시,승애농장,닭,산란계,50000.0,경기도 안성시 공도읍 용두리 399번지 1호,37.0109386,127.1642412,2020-05-31
경기도,안성시,승일농장,닭,육계,25000.0,경기도 안성시 일죽면 능국리 674번지 (외 2필지),37.1128017285,127.4883504568,2021-06-30
경기도,안성시,승일농장,닭,육계,65000.0,경기도 안성시 보개면 기좌리 124번지 1호 (외4필지),37.0352134339,127.291645786,2021-07-31
경기도,안성시,승희농장,닭,육계,100000.0,경기도 안성시 보개면 기좌리 150번지 2호 외 4필지,37.0333009149,127.2908077212,2021-06-30
경기도,안성시,시은농장,닭,육계,40000.0,"경기도 안성시 보개면 내방리 19번지 , 22-1번지",37.0268802,127.3130132,2020-04-30
경기도,안성시,시헌농장,닭,산란계,150000.0,경기도 안성시 보개면 적가리 161번지 1호,37.0539328,127.2904814,2020-06-30
경기도,안성시,시헌농장,닭,산란계,150000.0,경기도 안성시 보개면 적가리 161번지 1호,37.0541778419,127.2906379598,2021-09-30
경기도,안성시,신안농장,오리,,46000.0,경기도 안성시 보개면 신안리 250번지,37.0543758816,127.3078974158,2021-09-30
경기도,안성시,아리농장,닭,육계,85000.0,경기도 안성시 서운면 신기리 236번지,36.9542239,127.2738486,2020-07-31
경기도,안성시,안성농장,닭,육계,70000.0,경기도 안성시 중리동 79번지 8호,36.979491102,127.2892023108,2021-06-30
경기도,안성시,안성마춤육계,닭,육계,40000.0,경기도 안성시 대덕면 진현리 378번지 2호,37.0537162,127.2591485,2020-11-30
경기도,안성시,안성마춤육계,닭,육계,40000.0,경기도 안성시 대덕면 진현리 378번지 2호,37.0536856543,127.2592718043,2021-11-30
경기도,안성시,야곱농장,닭,육계,100.0,경기도 안성시 대덕면 진현리 6번지 2호,37.0599867,127.2677594,2020-07-31
경기도,안성시,야곱농장,닭,육계,100.0,경기도 안성시 대덕면 진현리 6번지 2호,37.0600665882,127.2677099949,2021-11-30
경기도,안성시,양호농장,오리,,30000.0,경기도 안성시 서운면 신흥리 산 51번지,36.9286198,127.2424098,2020-07-31
경기도,안성시,에코필드,닭,육계,70000.0,경기도 안성시 서운면 송산리 114번지 3호 외 1필지,36.9411889137,127.2435331327,2021-07-31
경기도,안성시,영란농장,오리,,9000.0,경기도 안성시 일죽면 죽림리 881번지,37.0723842,127.4461921,2020-04-30
경기도,안성시,영심농장,닭,산란계,80000.0,경기도 안성시 삼죽면 미장리 170번지,37.0401881,127.3642551,2020-05-31
경기도,안성시,영양축산,닭,육계,22000.0,경기도 안성시 일죽면 신흥리 902번지 번지 외 2필지,37.1226585066,127.4642700413,2021-09-30
경기도,안성시,영윤농장,닭,육계,1000.0,경기도 안성시 양성면 장서리 320번지,37.1064018,127.2128747,2020-07-31
경기도,안성시,영윤농장,닭,육계,1000.0,경기도 안성시 양성면 장서리 320번지,37.1065773568,127.2128703233,2021-11-30
경기도,안성시,영화농장,닭,산란계,10760.0,경기도 안성시 일죽면 장암리 162번지 1호 외 1필지(162-3),37.0743234104,127.4625489917,2021-07-31
경기도,안성시,오두리 농장,닭,육계,45000.0,경기도 안성시 보개면 오두리 255번지 5호,37.0430500587,127.315318223,2021-06-30
경기도,안성시,오두리 농장,닭,육계,45000.0,경기도 안성시 보개면 오두리 255번지 5호,37.0430507,127.3143716,2020-07-31
경기도,안성시,오림농장,닭,산란계,100000.0,경기도 안성시 보개면 적가리 159번지,37.054927098,127.2912432422,2021-09-30
경기도,안성시,오성농장,닭,산란계,8000.0,경기도 안성시 원곡면 지문리 24번지 1호,37.047269,127.1433868,2021-04-30
경기도,안성시,오성농장,닭,산란계,8000.0,경기도 안성시 원곡면 지문리 24번지 1호,37.0472690165,127.1433868157,2021-07-31
경기도,안성시,완기농장,닭,산란계,46.0,경기도 안성시 양성면 삼암리 474번지 6호,37.028893396,127.2060123317,2021-06-30
경기도,안성시,용단농장,닭,육계,30000.0,경기도 안성시 보개면 남풍리 1223번지 2호,37.0791564,127.3037906,2020-04-30
경기도,안성시,용단농장,닭,육계,60000.0,경기도 안성시 보개면 남풍리 1223번지 2호,37.0794675145,127.3038329896,2021-11-30
경기도,안성시,용마농장,닭,육계,350.0,경기도 안성시 서운면 신기리 산 43번지,36.9571732,127.2726239,2021-04-30
경기도,안성시,용마농장,닭,육계,350.0,경기도 안성시 서운면 신기리 산 43번지,36.9567813661,127.2732696975,2021-07-31
경기도,안성시,용성농장,오리,,6000.0,경기도 안성시 일죽면 신흥리 958번지 4호,37.1184038,127.4757372,2021-04-30
경기도,안성시,우리농장,오리,,8000.0,경기도 안성시 보개면 내방리 19번지 외6필지,37.0268802,127.3130132,2021-04-30
경기도,안성시,원범농장,닭,육계,40000.0,경기도 안성시 양성면 장서리 175번지,37.1043512649,127.2167952354,2021-11-30
경기도,안성시,유원농장,닭,육계,32000.0,경기도 안성시 공도읍 승두리 7번지 1호,36.996219,127.1743317,2020-04-30
경기도,안성시,유화농장,닭,산란계,37500.0,경기도 안성시 보개면 동신리 650번지,36.9995563011,127.2938110734,2021-09-30
경기도,안성시,육계농장,닭,육계,50000.0,경기도 안성시 보개면 상삼리 54번지 2호,37.0223004904,127.3306713014,2021-06-30
경기도,안성시,은영농장,닭,육계,90000.0,경기도 안성시 미양면 강덕리 12번지,36.9598369,127.2313241,2020-04-30
경기도,안성시,은영농장,닭,육계,90000.0,경기도 안성시 미양면 강덕리 12번지,36.9601013699,127.231337995,2021-07-31
경기도,안성시,이삼농장,닭,산란계,58000.0,경기도 안성시 삼죽면 율곡리 905번지 2호,37.0990691004,127.3575183117,2021-11-30
경기도,안성시,인주종계장,닭,산란계,182500.0,경기도 안성시 공도읍 진사리 376번지,36.990882035,127.1503303642,2021-06-30
경기도,안성시,일월농장,닭,육계,41000.0,경기도 안성시 일죽면 월정리 1423번지,37.090909989,127.4437468178,2021-06-30
경기도,안성시,일월농장,닭,육계,41000.0,경기도 안성시 일죽면 월정리 1423번지,37.0909099,127.4437468,2020-06-30
경기도,안성시,일죽 농장,닭,산란계,30000.0,경기도 안성시 일죽면 장암리 35번지 3호,37.0809048,127.4682392,2020-07-31
경기도,안성시,일죽 농장,닭,산란계,30000.0,경기도 안성시 일죽면 장암리 35번지 3호,37.0807076854,127.4700951915,2021-07-31
경기도,안성시,장수농장,닭,산란계,16000.0,경기도 안성시 원곡면 성주리 123번지,37.0860082,127.1691576,2020-11-30
경기도,안성시,장수농장,닭,산란계,51700.0,경기도 안성시 미양면 고지리 69번지 4호,36.9556448836,127.2220532058,2021-07-31
경기도,안성시,장수농장,닭,산란계,51700.0,경기도 안성시 미양면 고지리 69번지 4호,36.9550611,127.2217999,2020-07-31
경기도,안성시,재성농장,닭,육계,50000.0,경기도 안성시 미양면 고지리 산 93번지 1호,,,2020-04-30
경기도,안성시,재수농장,닭,육계,30000.0,경기도 안성시 서운면 양촌리 297번지 1호,36.949163289,127.2591069203,2021-09-30
경기도,안성시,정기농장,닭,육계,2000.0,경기도 안성시 보개면 신안리 92번지 2호,37.0536333,127.3162361,2020-11-30
경기도,안성시,정기농장,닭,육계,2000.0,경기도 안성시 보개면 신안리 92번지 2호,37.0537062475,127.3161134252,2021-06-30
경기도,안성시,정훈농장,닭,산란계,55000.0,경기도 안성시 서운면 신흥리 265번지 1호,36.9278756929,127.2399397515,2021-11-30
경기도,안성시,정훈축산,닭,산란계,55000.0,경기도 안성시 서운면 신흥리 산 25번지,36.9259914028,127.2398226429,2021-07-31
경기도,안성시,제일농장,닭,육계,30000.0,경기도 안성시 미양면 정동리 504번지 15호,36.9771901,127.1966386,2020-04-30
경기도,안성시,제일농장,닭,육계,30000.0,경기도 안성시 미양면 정동리 504번지 15호,36.9770186592,127.1964932492,2021-06-30
경기도,안성시,조아라 한약닭 농장,닭,육계,20000.0,경기도 안성시 삼죽면 진촌리 511번지 2호,37.0523428297,127.3607997698,2021-09-30
경기도,안성시,주은농장,오리,,10000.0,경기도 안성시 현수동 47번지,36.9985558,127.278095,2020-06-30
경기도,안성시,준 농장,닭,육계,61400.0,경기도 안성시 미양면 강덕리 154번지 2호,36.9495113123,127.2362272079,2021-06-30
경기도,안성시,중대농장,닭,산란계,2000.0,경기도 안성시 보개면 불현리 산 119번지 1호,,,2020-06-30
경기도,안성시,중영농장,오리,,20000.0,경기도 안성시 미양면 고지리 210번지 1호,36.9565558,127.2124064,2020-01-31
경기도,안성시,중영농장,오리,,20000.0,경기도 안성시 미양면 고지리 210번지 1호,36.9569289121,127.2123660326,2021-07-31
경기도,안성시,지현농장,닭,산란계,300.0,경기도 안성시 금광면 내우리 103번지 2호,36.9972483,127.3044225,2020-04-30
경기도,안성시,지현농장,닭,산란계,300.0,경기도 안성시 금광면 내우리 103번지 2호,36.9974923418,127.3046731232,2021-07-31
경기도,안성시,진가네농장,닭,육계,40000.0,경기도 안성시 대덕면 삼한리 593번지 1호,37.0613151213,127.2747474306,2021-11-30
경기도,안성시,진가네농장,닭,육계,40000.0,경기도 안성시 대덕면 삼한리 593번지 1호,37.061241,127.2749257,2020-05-31
경기도,안성시,진촌 농장,닭,산란계,13500.0,경기도 안성시 공도읍 진사리 112번지 4호,36.9869412,127.1368059,2020-07-31
경기도,안성시,진촌 농장,닭,산란계,13500.0,경기도 안성시 공도읍 진사리 112번지 4호,36.9874255881,127.1370077874,2021-09-30
경기도,안성시,천일농장,닭,육계,30000.0,경기도 안성시 보개면 곡천리 118번지,37.0289676,127.292871,2020-06-30
경기도,안성시,천일농장,닭,육계,30000.0,경기도 안성시 보개면 곡천리 118번지,37.0289867029,127.2928995501,2021-09-30
경기도,안성시,천하오리,오리,,8500.0,경기도 안성시 일죽면 산북리 140번지,37.0807442,127.5117382,2020-05-31
경기도,안성시,천호농장,닭,육계,30000.0,경기도 안성시 보개면 구사리 산 35번지 1호,37.0272473845,127.3037762251,2021-07-31
경기도,안성시,청산농장,닭,산란계,100000.0,경기도 안성시 공도읍 마정리 433번지 2호,37.0153279,127.1938251,2020-04-30
경기도,안성시,청산농장,닭,산란계,100000.0,경기도 안성시 공도읍 마정리 433번지 2호,37.0153418419,127.1941376365,2021-06-30
경기도,안성시,청원농장,닭,산란계,15000.0,경기도 안성시 보개면 북좌리 11번지,37.0466702514,127.3375199869,2021-07-31
경기도,안성시,초원농장,닭,육계,50000.0,경기도 안성시 보개면 내방리 271번지 4호,37.0181705018,127.3096789431,2021-07-31
경기도,안성시,큰오리농장,오리,,5000.0,"경기도 안성시 일죽면 능국리 674번지 , 659-1번지, 659-5번지",37.1127393,127.4883479,2020-07-31
경기도,안성시,큰오리농장,오리,,6000.0,"경기도 안성시 일죽면 산북리 607번지 1호 , 607-2번지",37.0812442,127.502216,2020-07-31
경기도,안성시,큰오리농장,오리,,12000.0,"경기도 안성시 일죽면 월정리 1727번지 , 1728번지, 1728-1번지, 1729번지, 1730번지",37.0806274,127.4584646,2020-07-31
경기도,안성시,큰오리농장3,오리,,14000.0,"경기도 안성시 일죽면 월정리 1727번지 , 1728번지, 1728-1번지, 1729번지, 1730번지",37.0806274616,127.4584646707,2021-11-30
경기도,안성시,텃골축산,닭,산란계,150000.0,경기도 안성시 일죽면 장암리 411번지 27호 외 3필지,37.0809048,127.4682392,2021-04-30
경기도,안성시,텃골축산,닭,산란계,150000.0,경기도 안성시 일죽면 장암리 411번지 27호 외 3필지,37.0807076854,127.4700951915,2021-09-30
경기도,안성시,팔봉농장,닭,육계,40000.0,경기도 안성시 일죽면 장암리 438번지 3호,37.0756653049,127.4588132872,2021-06-30
경기도,안성시,팔상농장,닭,육계,30000.0,경기도 안성시 일죽면 신흥리 840번지,37.123389295,127.4664423361,2021-09-30
경기도,안성시,팔상농장,닭,육계,30000.0,경기도 안성시 일죽면 신흥리 540번지,37.114567,127.4753195,2021-04-30
경기도,안성시,평안농장,오리,,20000.0,경기도 안성시 보개면 신안리 87번지 6호,37.0532170546,127.3134801121,2021-07-31
경기도,안성시,평안농장,오리,,20000.0,경기도 안성시 보개면 신안리 87번지 6호,37.053217,127.3134801,2020-07-31
경기도,안성시,하나둘셋영농조합법인,닭,산란계,9588.0,"경기도 안성시 금광면 오흥리 23번지 1호 외3필지(22-2,23,24-1)",37.0168905259,127.3542994537,2021-11-30
경기도,안성시,하늘농장,닭,육계,60000.0,경기도 안성시 보개면 상삼리 872번지 4호 외 1필지,37.0276031833,127.3298816182,2021-07-31
경기도,안성시,한다리농장,닭,육계,71000.0,경기도 안성시 일죽면 방초리 1005번지 14호,37.119119663,127.417545725,2021-11-30
경기도,안성시,한성농장,오리,,13000.0,경기도 안성시 보개면 양복리 662번지,37.0133267,127.3101266,2020-05-31
경기도,안성시,한성농장,오리,,9690.0,경기도 안성시 일죽면 산북리 125번지 1호 외 1필지,37.0812154769,127.5132146292,2021-06-30
경기도,안성시,한신농장,닭,육계,53000.0,경기도 안성시 일죽면 죽림리 739번지,37.0790175,127.4409452,2021-04-30
경기도,안성시,한신농장,닭,육계,53000.0,경기도 안성시 일죽면 죽림리 739번지,37.0791192722,127.4409903989,2021-06-30
경기도,안성시,한울농장,닭,육계,35000.0,경기도 안성시 보개면 신안리 336번지 2호 외 1(보개면 오두리 86),37.0514375,127.3082341,2020-04-30
경기도,안성시,한울농장,닭,육계,35000.0,경기도 안성시 보개면 신안리 336번지 2호 외 1(보개면 오두리 86),37.0515123048,127.3082348856,2021-07-31
경기도,안성시,해샘찬농장,닭,산란계,20000.0,경기도 안성시 원곡면 반제리 150번지,37.0319131086,127.165152581,2021-06-30
경기도,안성시,헌식농장,닭,육계,36500.0,경기도 안성시 미양면 구수리 45번지 3호 (외1필지),36.973164669,127.2574632716,2021-06-30
경기도,안성시,현수농장,닭,육계,65000.0,경기도 안성시 현수동 291번지,36.9936362519,127.2900510814,2021-06-30
경기도,안성시,형은농장,닭,육계,24200.0,경기도 안성시 대덕면 무능리 309번지,37.0491066559,127.2146726667,2021-09-30
경기도,안성시,혜성농장,닭,육계,30000.0,경기도 안성시 보개면 적가리 173번지,37.0537668,127.2882885,2020-04-30
경기도,안성시,혜성농장,닭,육계,30000.0,경기도 안성시 보개면 적가리 173번지,37.0536326326,127.288187642,2021-07-31
경기도,안성시,호반농장,오리,,10500.0,경기도 안성시 미양면 정동리 506번지 17호 외1필지(506-18),36.9782308769,127.1981737946,2021-07-31
경기도,안성시,호야2농장,닭,육계,30000.0,경기도 안성시 고삼면 대갈리 293번지 2호,37.072230475,127.2474123711,2021-07-31
경기도,안성시,호야2농장,닭,육계,30000.0,경기도 안성시 고삼면 대갈리 293번지 2호,37.0720687,127.2473244,2020-07-31
경기도,안성시,호야농장,닭,육계,70000.0,경기도 안성시 고삼면 대갈리 648번지 4호,37.0694329,127.2496211,2020-11-30
경기도,안성시,호야농장,닭,육계,70000.0,경기도 안성시 고삼면 대갈리 648번지 4호,37.069495202,127.2498062711,2021-11-30
경기도,안성시,호일농장,닭,육계,30900.0,경기도 안성시 미양면 계륵리 산 28번지,36.985446317,127.2574367934,2021-09-30
경기도,안성시,황아농장,오리,,25337.0,경기도 안성시 미양면 강덕리 74번지,36.9557834274,127.227376879,2021-06-30
경기도,안성시,효성농장,닭,육계,47000.0,경기도 안성시 보개면 이전리 416번지 1호,37.0574342628,127.2868386321,2021-07-31
경기도,안성시,효원농장,닭,육계,140000.0,경기도 안성시 미양면 보체리 316번지 3호,36.9649307817,127.2383646103,2021-09-30
경기도,안성시,효원농장,닭,육계,140000.0,경기도 안성시 미양면 보체리 316번지 5호 외 7필지,36.9649307817,127.2383646103,2021-09-30
경기도,안성시,흥안농장,닭,육계,32000.0,경기도 안성시 일죽면 능국리 674번지,37.1128017285,127.4883504568,2021-09-30
경기도,안성시,희영농장,오리,,6000.0,경기도 안성시 삼죽면 기솔리 440번지 1호 외 1필지(440-2),37.0410239828,127.3417601432,2021-09-30
경기도,안성시,희영농장,오리,,6000.0,경기도 안성시 삼죽면 기솔리 440번지 1호 외 1필지(440-2),37.0409937,127.341621,2020-11-30
경기도,안성시,희영농장,오리,,6000.0,경기도 안성시 삼죽면 기솔리 436번지 외 1필지(437),37.0407736,127.3429801,2020-07-31
경기도,안성시,희영농장,오리,,5000.0,경기도 안성시 보개면 상삼리 871번지 6호,37.0285767,127.3289001,2020-07-31
경기도,안성시,희영농장,오리,,6000.0,경기도 안성시 삼죽면 기솔리 436번지 외 1필지(437),37.0407736414,127.342980116,2021-09-30
경기도,안성시,(주)한강식품 안성농장,닭,육계,70000.0,경기도 안성시 발화대길 301-52(중리동),36.9789954496,127.2892823291,2025-04-30
경기도,안성시,NES농장,닭,산란계,100000.0,경기도 안성시 일죽면 국동길 78-86,37.1118797316,127.5022371094,2025-07-31
경기도,안성시,NES농장2,닭,산란계,110000.0,경기도 안성시 일죽면 국동길 78-64,37.1109633919,127.4999775192,2025-04-30
경기도,안성시,강덕농장,닭,종계,48950.0,경기도 안성시 미양면 강덕3길 23,36.9509465581,127.2251590035,2026-01-31
경기도,안성시,경기농장,닭,산란계,27800.0,경기도 안성시 원곡면 기업단지로 237-30,37.0158883157,127.1597708929,2026-02-26
경기도,안성시,경운농장,닭,종계,27000.0,경기도 안성시 일죽면 장암리 237번지 5호,,,2026-01-31
경기도,안성시,계림농원,닭,육계,50000.0,경기도 안성시 서운면 서미로 141-107,36.9312256739,127.2129095868,2026-02-26
경기도,안성시,구오농장,닭,육계,55000.0,경기도 안성시 서운면 신동촌길 68-21,,,2026-01-31
경기도,안성시,구칠농장,닭,산란계,0.0,"경기도 안성시 미양면 고지1길 131-52, (위쪽축사)",36.9556448836,127.2220532058,2025-04-30
경기도,안성시,금강농장,닭,육계,45000.0,경기도 안성시 원곡면 천덕산로 524,,,2025-07-31
경기도,안성시,금광농장,닭,종계,22000.0,경기도 안성시 금광면 사흥길 169-66,37.0025800905,127.3739281893,2025-04-30
경기도,안성시,금평농장,닭,육계,8000.0,경기도 안성시 일죽면 율동길 73-84,37.0774355493,127.5037092397,2025-04-30
경기도,안성시,길담농장,오리,,20000.0,경기도 안성시 보개면 동평길 134-66,37.084327425,127.327830952,2025-05-31
경기도,안성시,길담농장,오리,,20000.0,경기도 안성시 보개면 동평리 32번지,37.084327425,127.327830952,2025-05-31
경기도,안성시,꼬꼬농장,닭,육계,69664.0,경기도 안성시 보개면 내방길 55-36,37.0204198687,127.31268618,2026-02-26
경기도,안성시,나루농장,닭,육계,55000.0,경기도 안성시 보개면 한사울길 212,37.0526887688,127.2846475481,2026-02-26
경기도,안성시,남풍농원,닭,육계,500.0,경기도 안성시 보개면 남풍리 944번지 1호,37.0789649289,127.3081983073,2025-05-31
경기도,안성시,노동 농장,오리,,6000.0,경기도 안성시 일죽면 능국리 678번지 3호,,,2025-07-31
경기도,안성시,노동 농장,오리,,6000.0,경기도 안성시 일죽면 능국리 678번지 3호,,,2025-07-31
경기도,안성시,농부마을,닭,산란계,0.0,경기도 안성시 삼죽면 월앙길 50-40,37.0802716314,127.398776458,2025-07-31
경기도,안성시,농업회사법인 골드아이(유),닭,산란계,570960.0,경기도 안성시 일죽면 서동대로 7626-29,,,2025-08-31
경기도,안성시,농업회사법인 선유팜 주식회사,닭,산란계,40000.0,경기도 안성시 일죽면 선유동길 23-68,37.1233727928,127.4632104225,2026-02-26
경기도,안성시,농업회사법인 주식회사 명계 안성지점,닭,산란계,27216.0,경기도 안성시 일죽면 장암로 276-35,37.0724331872,127.4463279167,2025-05-31
경기도,안성시,농업회사법인 티지에프(주),닭,산란계,783000.0,"경기도 안성시 금광면 조령길 73-105, (외10필지)",37.0277185476,127.3633406736,2025-08-31
경기도,안성시,농업회사법인(주)알로팜 명당지점,닭,산란계,330000.0,경기도 안성시 대덕면 만세로 388,37.0445048594,127.2128118927,2025-04-30
경기도,안성시,다모아부화장,오리,,7560.0,경기도 안성시 미양면 신고지길 125,36.9640675842,127.2083512331,2025-08-31
경기도,안성시,대박농장,오리,,6000.0,경기도 안성시 일죽면 능국리 884번지 5호 외 1필지,37.111467098,127.4839047669,2025-05-31
경기도,안성시,대박농장,닭,육계,40000.0,경기도 안성시 공도읍 원중복길 67,,,2025-05-31
경기도,안성시,대박농장,오리,,6000.0,경기도 안성시 일죽면 지내동길 21-33 (외 1필지),37.111467098,127.4839047669,2025-08-31
경기도,안성시,대성농장,닭,육계,60000.0,경기도 안성시 일죽면 율동길 53-17,37.0731842881,127.5071661322,2026-02-26
경기도,안성시,대율,오리,,8568.0,경기도 안성시 서운면 현매리 188번지 5호,36.9333182751,127.226917912,2025-04-30
경기도,안성시,대율농장,오리,,0.0,경기도 안성시 서운면 송죽길 70,36.9333182751,127.226917912,2026-01-31
경기도,안성시,대현농장,오리,,10000.0,경기도 안성시 서운면 신촌리 260번지 1호,36.9383954885,127.2559331963,2025-04-30
경기도,안성시,대현농장,오리,,10000.0,경기도 안성시 서운면 신촌리 260번지 1호,36.9383954885,127.2559331963,2026-01-31
경기도,안성시,대화 오리농장DHD,오리,,5500.0,경기도 안성시 일죽면 죽화로 260-19,37.106059157,127.4525617725,2025-05-31
경기도,안성시,도란도란,닭,산란계,138000.0,경기도 안성시 보개면 가재울길 100-23,37.0639861701,127.3126466066,2026-02-26
경기도,안성시,동신농장,닭,육계,71400.0,경기도 안성시 보개면 동문이길 57,36.9999189782,127.2950239002,2025-07-31
경기도,안성시,두교농장,닭,육계,40000.0,경기도 안성시 죽산면 용대길 70-5,37.0152821969,127.4464693067,2025-07-31
경기도,안성시,두메축산,닭,산란계,186400.0,경기도 안성시 일죽면 주래본죽로 398-25,37.0850737005,127.5126804986,2025-04-30
경기도,안성시,두평마을회,닭,육계,37000.0,"경기도 안성시 죽산면 두평길 47-32, 외 2필지",37.0645201556,127.4055014876,2025-08-31
경기도,안성시,드림팜,닭,육계,90000.0,"경기도 안성시 미양면 서미로 257 (외 2필지(52번지, 52-1번지))",36.9468196999,127.2144481068,2025-07-31
경기도,안성시,마전농장,오리,,15000.0,경기도 안성시 삼죽면 마전리 132번지 1호,37.0405193763,127.3467894224,2025-05-31
경기도,안성시,만우농장,닭,육계,30000.0,경기도 안성시 보개면 한사울길 212,37.0526887688,127.2846475481,2025-04-30
경기도,안성시,명근농장,닭,산란계,35000.0,경기도 안성시 양성면 양성로 519-65,,,2026-02-26
경기도,안성시,민호농장,닭,육계,38000.0,경기도 안성시 대덕면 한사울길 167,37.0567494652,127.2820379422,2025-05-31
경기도,안성시,병일농장,닭,육계,45000.0,경기도 안성시 보개면 복평리 75번지 2호,,,2026-01-31
경기도,안성시,봄양계장,닭,산란계,14000.0,경기도 안성시 금광면 조령길 25,37.0172737274,127.3658437544,2025-08-31
경기도,안성시,부희농장,오리,,16000.0,경기도 안성시 미양면 강덕리 77번지 3호,36.9564185451,127.2283272791,2025-05-31
경기도,안성시,북좌농장,닭,육계,20000.0,경기도 안성시 보개면 보개산로 276,37.0419522204,127.3349661486,2025-08-31
경기도,안성시,사오농장,닭,육계,100000.0,경기도 안성시 보개면 남풍길 223,37.0669972457,127.3246304634,2025-08-31
경기도,안성시,삼학농장,닭,산란계,45000.0,경기도 안성시 일죽면 금일로 140-64,37.0638025992,127.4819081911,2025-07-31
경기도,안성시,삼한농장,닭,육계,85000.0,경기도 안성시 양성면 정자말길 65-75,,,2026-01-31
경기도,안성시,상록농장,닭,육계,66500.0,경기도 안성시 금광면 현곡길 67-9,36.9816912774,127.3487484619,2025-08-31
경기도,안성시,상수리숲농장,닭,산란계,1500.0,경기도 안성시 양성면 성하길 60-7,37.0348535695,127.176520307,2025-07-31
경기도,안성시,서부농장,닭,종계,14500.0,경기도 안성시 원곡면 천덕산로 531-21,37.0889457894,127.1523558141,2026-01-31
경기도,안성시,서운농장,닭,산란계,276683.0,경기도 안성시 서운면 서운로 229 (외 1필지),36.9342969441,127.2628706116,2025-07-31
경기도,안성시,서윤농장,닭,육계,50000.0,경기도 안성시 보개면 내방리 38번지 2호 (외 4필지),37.0225472195,127.3126584728,2025-07-31
경기도,안성시,서현농장,닭,육계,32000.0,경기도 안성시 샛터1길 41-34 (중리동),36.9863361931,127.274681313,2026-02-26
경기도,안성시,석찬 농장,닭,육계,0.0,경기도 안성시 고삼면 범골길 67-22,37.0751492104,127.2423401777,2025-07-31
경기도,안성시,선암농장,닭,육계,10000.0,경기도 안성시 금광면 배티로 1009-92,36.9889863774,127.2909403737,2025-07-31
경기도,안성시,선유 칠면조 농장,칠면조,,1500.0,경기도 안성시 일죽면 선유동길 23-87,37.1227482974,127.4631217751,2025-08-31
경기도,안성시,선일농장,닭,육계,80000.0,경기도 안성시 금광면 사흥길 169-44,37.001137927,127.3724511795,2026-02-26
경기도,안성시,성공농장,닭,육계,42000.0,"경기도 안성시 서운면 매향길 122, (외1필지)",36.9407279369,127.2307546723,2026-01-31
경기도,안성시,성욱농장,오리,,9000.0,경기도 안성시 대덕면 무능로 177-13,37.0480948655,127.2252027356,2025-08-31
경기도,안성시,성원농장,닭,산란계,50000.0,경기도 안성시 공도읍 대신두길 69,36.9946245011,127.2003116973,2025-05-31
경기도,안성시,세원농장,닭,산란계,3000.0,경기도 안성시 공도읍 용두리 378번지 2호,37.0159645331,127.1657238397,2025-04-30
경기도,안성시,세진농장,닭,육계,35000.0,경기도 안성시 보개면 남사당로 340-56,,,2026-02-26
경기도,안성시,송숙농장,닭,육계,40000.0,경기도 안성시 대덕면 삼한리 499번지 1호,,,2026-02-26
경기도,안성시,수정농장,오리,,15000.0,경기도 안성시 일죽면 서동대로 7594-85,,,2026-02-26
경기도,안성시,수정농장,오리,,15000.0,경기도 안성시 일죽면 능국리 261번지 1호,37.0987210269,127.4847064651,2025-08-31
경기도,안성시,수지 토종농장,닭,육계,1000.0,경기도 안성시 일죽면 노성로 217,37.1227440678,127.4849830611,2025-04-30
경기도,안성시,수지농장,닭,종계,9900.0,경기도 안성시 대덕면 김중만장군길 157-39,37.0540200515,127.2475700915,2025-07-31
경기도,안성시,수한농장,닭,육계,8000.0,경기도 안성시 양성면 장서리 55번지 1호,37.0963983823,127.2237694438,2025-05-31
경기도,안성시,스마일2 농장,오리,,12000.0,경기도 안성시 미양면 신고지길 125,36.9640675842,127.2083512331,2025-08-31
경기도,안성시,승애농장,닭,산란계,50000.0,경기도 안성시 공도읍 용머리큰길 34-55,,,2025-04-30
경기도,안성시,승일농장,닭,육계,25000.0,"경기도 안성시 일죽면 노동길 73, (외 2필지)",37.1127662306,127.4883818862,2025-05-31
경기도,안성시,승일농장,닭,육계,65000.0,"경기도 안성시 보개면 보개원삼로 342-91, (외4필지)",37.035683243,127.29225169,2025-05-31
경기도,안성시,승희농장,닭,육계,100000.0,경기도 안성시 보개면 보개원삼로 342-34,37.0333009149,127.2908077212,2026-01-31
경기도,안성시,시은농장,닭,육계,40000.0,"경기도 안성시 보개면 내방리 19번지 , 22-1번지",37.0268802905,127.3130132346,2025-05-31
경기도,안성시,시헌농장,닭,산란계,0.0,경기도 안성시 보개면 이전봉산길 29-45,,,2025-04-30
경기도,안성시,신기리농장,오리,,9000.0,"경기도 안성시 서운면 신기리 17번지 1호 외 2필지(17-2,16-2)",36.9648302271,127.263483677,2025-08-31
경기도,안성시,신기리농장,오리,,9000.0,경기도 안성시 서운면 서운로 592,36.9644745248,127.2633745158,2025-08-31
경기도,안성시,신안농장,닭,육계,34000.0,경기도 안성시 보개면 남사당로 441-59,37.0543759394,127.3078749315,2025-04-30
경기도,안성시,씨제이피드앤케어 주식회사 안성시험농장,닭,육계,0.0,경기도 안성시 삼죽면 삼백로 152,37.0886055288,127.3753048703,2025-05-31
경기도,안성시,아리농장,닭,육계,85000.0,경기도 안성시 서운면 신기리 236번지,36.9542239058,127.273848606,2025-08-31
경기도,안성시,안성마춤육계,닭,육계,40000.0,경기도 안성시 대덕면 안성맞춤대로 1594,,,2026-01-31
경기도,안성시,야곱농장,닭,육계,100.0,경기도 안성시 대덕면 미륵로 137,37.0603471772,127.2677606831,2025-07-31
경기도,안성시,에코필드,닭,육계,70000.0,"경기도 안성시 서운면 솔뫼로 141-45, 외 1필지",36.9411889137,127.2435331327,2025-07-31
경기도,안성시,영양축산,닭,산란계,0.0,경기도 안성시 일죽면 선유동길 23-33,37.1226585066,127.4642700413,2026-01-31
경기도,안성시,영윤농장,닭,육계,1000.0,경기도 안성시 양성면 양성로 614,37.1065773568,127.2128703233,2025-08-31
경기도,안성시,영화농장,닭,종계,10760.0,경기도 안성시 일죽면 장암초교길 99,37.0743234104,127.4625489917,2025-04-30
경기도,안성시,오두리 농장,닭,육계,45000.0,경기도 안성시 보개면 남사당로 340-50,,,2025-04-30
경기도,안성시,오림농장,닭,산란계,100000.0,경기도 안성시 보개면 보개원삼로 575-12,37.054927098,127.2912432422,2026-02-26
경기도,안성시,오성농장,닭,산란계,8000.0,경기도 안성시 원곡면 지문리 24번지 1호,,,2025-04-30
경기도,안성시,완기농장,닭,산란계,46.0,경기도 안성시 양성면 삼암리 474번지 6호,,,2025-08-31
경기도,안성시,용단농장,닭,육계,60000.0,경기도 안성시 보개면 삼은길 316,,,2025-04-30
경기도,안성시,용마농장,닭,육계,350.0,경기도 안성시 서운면 바우덕이로 225,36.9567813661,127.2732696975,2025-04-30
경기도,안성시,용성농장,오리,,6000.0,경기도 안성시 일죽면 신흥리 958번지 4호,37.1181542929,127.4757762174,2025-04-30
경기도,안성시,용성농장,오리,,6000.0,경기도 안성시 일죽면 일죽신흥로 172-35,,,2025-08-31
경기도,안성시,유화농장,닭,산란계,37500.0,경기도 안성시 보개면 동문이길 60,36.9995563011,127.2938110734,2025-05-31
경기도,안성시,육계농장,닭,육계,50000.0,경기도 안성시 보개면 상삼리 54번지 2호,37.0220493436,127.3302544343,2026-02-26
경기도,안성시,은영농장,닭,육계,90000.0,경기도 안성시 미양면 양변길 149,36.9601013699,127.231337995,2025-07-31
경기도,안성시,이삼농장,닭,산란계,58000.0,경기도 안성시 삼죽면 품곡길 158-14,37.0927657175,127.3579471154,2026-01-31
경기도,안성시,인주종계장,닭,종계,182500.0,경기도 안성시 공도읍 진사2길 34-32,36.990882035,127.1503303642,2026-02-26
경기도,안성시,일월농장,닭,육계,41000.0,경기도 안성시 일죽면 월정리 1423번지,37.0909099054,127.4437693126,2025-08-31
경기도,안성시,일죽 농장,닭,산란계,30000.0,경기도 안성시 일죽면 장암로 24-72,,,2026-02-26
경기도,안성시,장수농장,닭,육계,0.0,경기도 안성시 미양면 고지1길 131-52,36.9554434034,127.2197127171,2025-08-31
경기도,안성시,정훈농장,닭,산란계,126000.0,경기도 안성시 서운면 사갑1길 245,,,2026-02-26
경기도,안성시,정훈축산,닭,산란계,55000.0,경기도 안성시 서운면 사갑1길 237-31,36.9262824124,127.2397089139,2025-05-31
경기도,안성시,제2대화 오리농장 DHD,오리,,20000.0,"경기도 안성시 일죽면 죽화로 278-19 (,612-1외 1필지)",37.1051952607,127.4564000956,2025-05-31
경기도,안성시,제2대화 오리농장 DHD,오리,,20000.0,"경기도 안성시 일죽면 화곡리 611번지 ,612-1외 1필지",37.1051952607,127.4564000956,2025-07-31
경기도,안성시,제일농장,닭,육계,30000.0,경기도 안성시 미양면 중앙배수1길 148-24,,,2026-02-26
경기도,안성시,조아라 한약닭 농장,닭,육계,20000.0,경기도 안성시 삼죽면 진촌진말길 29,,,2025-04-30
경기도,안성시,주안농장,닭,육계,0.0,경기도 안성시 보개면 이전봉산길 31-87,37.0569077806,127.2861192576,2025-08-31
경기도,안성시,준 농장,닭,육계,61400.0,경기도 안성시 미양면 서변1길 55-24,,,2026-01-31
경기도,안성시,중대농장,닭,산란계,2300.0,경기도 안성시 보개면 불현리 산 119번지 1호,,,2025-05-31
경기도,안성시,지현농장,닭,산란계,300.0,경기도 안성시 금광면 구송동길 54,,,2026-02-26
경기도,안성시,진가네농장,닭,육계,40000.0,경기도 안성시 대덕면 한사울길 81-34,,,2025-04-30
경기도,안성시,천호농장,닭,육계,30000.0,경기도 안성시 보개면 남사당로 106-31,37.0272473845,127.3037762251,2025-07-31
경기도,안성시,청보농장,오리,,30000.0,경기도 안성시 서운면 사갑1길 191-24,36.9287914859,127.24238445,2025-04-30
경기도,안성시,청보농장,오리,,30000.0,경기도 안성시 서운면 신흥리 248번지 외 5필지,36.9287914859,127.24238445,2025-04-30
경기도,안성시,청산농장,닭,산란계,100000.0,경기도 안성시 공도읍 문터길 87,37.0153418419,127.1941376365,2025-05-31
경기도,안성시,청원농장,닭,산란계,15000.0,경기도 안성시 보개면 보개산로 291-44,37.0466702514,127.3375199869,2025-05-31
경기도,안성시,큰오리농장1,오리,,9000.0,경기도 안성시 일죽면 산북리 607번지 2호,37.0813784922,127.5022839786,2025-04-30
경기도,안성시,큰오리농장1,오리,,9000.0,경기도 안성시 일죽면 산북1길 45-27,37.0807666313,127.5022354165,2026-02-26
경기도,안성시,큰오리농장3,오리,,14000.0,"경기도 안성시 일죽면 월정리 1727번지 , 1728번지, 1728-1번지, 1729번지, 1730번지",37.0806544924,127.4584648325,2026-01-31
경기도,안성시,큰오리농장3,오리,,14000.0,"경기도 안성시 일죽면 월정리 1727번지 , 1728번지, 1728-1번지, 1729번지, 1730번지",37.0806544924,127.4584648325,2025-05-31
경기도,안성시,텃골축산,닭,산란계,150000.0,경기도 안성시 일죽면 장암로 24-72 (외 3필지),37.0807076854,127.4700951915,2026-01-31
경기도,안성시,팔봉농장,닭,육계,40000.0,경기도 안성시 일죽면 장암초교길 123-14,,,2025-07-31
경기도,안성시,하나둘셋영농조합법인,닭,산란계,9588.0,경기도 안성시 금광면 금광모산길 42-233,37.0168905259,127.3542994537,2025-07-31
경기도,안성시,하늘농장,닭,육계,60000.0,경기도 안성시 보개면 내방상삼로 168-32,37.0276031833,127.3298816182,2026-01-31
경기도,안성시,한다리농장,닭,육계,71000.0,경기도 안성시 일죽면 한다리길 94-16,,,2026-01-31
경기도,안성시,한성농장,오리,,9690.0,경기도 안성시 일죽면 산북리 125번지 1호 외 1필지,37.0812425076,127.5132148104,2025-04-30
경기도,안성시,한성농장,오리,,9690.0,경기도 안성시 일죽면 산북리 125번지 1호 외 1필지,37.0812425076,127.5132148104,2025-04-30
경기도,안성시,한신농장,닭,육계,53000.0,경기도 안성시 일죽면 용설로 17-35,37.0791192722,127.4409903989,2025-08-31
경기도,안성시,한울농장,닭,육계,35000.0,경기도 안성시 보개면 남사당로 429-57 (외 1(보개면 오두리 86)),37.0515123048,127.3082348856,2025-08-31
경기도,안성시,해샘찬농장,닭,산란계,20000.0,경기도 안성시 원곡면 원당로 243-40,37.0319131086,127.165152581,2026-01-31
경기도,안성시,헌식농장,닭,육계,36500.0,경기도 안성시 미양면 구수리 45번지 3호 (외1필지),36.9731211193,127.2578180565,2025-04-30
경기도,안성시,현수농장,닭,육계,65000.0,경기도 안성시 배티로 1009-44 (현수동),36.9936362519,127.2900510814,2025-04-30
경기도,안성시,형은농장,닭,종계,24200.0,경기도 안성시 대덕면 능말길 43-98,37.0491066559,127.2146726667,2025-07-31
경기도,안성시,혜성농장,닭,육계,30000.0,경기도 안성시 보개면 이전봉산길 29-46,37.0536326326,127.288187642,2025-08-31
경기도,안성시,호야2농장,닭,육계,30000.0,경기도 안성시 고삼면 윗갈미길 65,,,2026-01-31
경기도,안성시,호야농장,닭,육계,70000.0,경기도 안성시 고삼면 신창길 229-11,,,2025-07-31
경기도,안성시,호일농장,닭,종계,30900.0,경기도 안성시 미양면 계륵리 산 28번지,36.985446317,127.2574367934,2026-02-26
경기도,안성시,효원농장,닭,육계,140000.0,경기도 안성시 미양면 협동단지길 158-68,36.9649307817,127.2383646103,2025-07-31
경기도,안성시,효원농장,닭,육계,140000.0,경기도 안성시 미양면 협동단지길 158-68,,,2025-07-31
경기도,안성시,희영농장,오리,,6000.0,경기도 안성시 삼죽면 기솔리 436번지 외 1필지(437),37.0407737381,127.3429463956,2026-02-26
경기도,안성시,희영농장,오리,,6000.0,경기도 안성시 삼죽면 기솔리 436번지 외 1필지(437),37.0407737381,127.3429463956,2026-02-26
경기도,안성시,희영농장,오리,,7500.0,경기도 안성시 보개면 가래미길 92-6,,,2026-02-26
경기도,안성시,희영농장,오리,,7500.0,경기도 안성시 보개면 상삼리 871번지 6호,37.0285932416,127.3288225519,2026-01-31
경기도,양주시,경희농장,닭,육계,30000.0,경기도 양주시 백석읍 복지리 286번지 1호,126.9850479,37.7844278,2018-03-14
경기도,양주시,경희농장,닭,육계,22000.0,경기도 여주시 우만동 3-1번지,37.263554,127.6761674,2019-01-31
경기도,양주시,경희농장,닭,육계,30000.0,경기도 양주시 백석읍 복지리 286번지 1호,126.9850479294,37.784427878,2018-10-31
경기도,양주시,곡산농장,닭,육계,70000.0,경기도 양주시 은현면 선암리 76번지 1호,127.0293491,37.8641056,2018-08-31
경기도,양주시,곡산농장,닭,육계,60000.0,경기도 여주시 점동면 도리 40-2번지,37.2246731,127.7135447,2019-01-31
경기도,양주시,곡산농장,닭,육계,70000.0,경기도 양주시 은현면 선암리 76번지 1호,127.0293491466,37.864105681,2018-10-31
경기도,양주시,관우농장,닭,육계,50000.0,경기도 양주시 백석읍 가업리 24번지 1호,126.9793243463,37.7912830934,2018-10-31
경기도,양주시,관우농장,닭,육계,50000.0,경기도 양주시 백석읍 가업리 24번지 1호,126.9793243,37.791283,2018-08-31
경기도,양주시,관우농장,닭,육계,26000.0,경기도 양주시 백석읍 가업리 24번지 1호,37.791283,126.9793243,2018-12-31
경기도,양주시,관우농장,닭,육계,26000.0,경기도 여주시 상거동 173-4번지,37.2503623,127.6303904,2019-01-31
경기도,양주시,관우제2농장,닭,육계,20000.0,경기도 양주시 백석읍 가업리 235번지 1호,126.9760782,37.7887867,2018-04-30
경기도,양주시,관우제2농장,닭,육계,20000.0,경기도 여주시 가남읍 본두리 447번지,37.2374442,127.5840004,2019-01-31
경기도,양주시,관우제2농장,닭,육계,20000.0,경기도 양주시 백석읍 가업리 235번지 1호,126.9760782773,37.788786772,2018-10-31
경기도,양주시,광승농장,닭,육계,100.0,경기도 양주시 남면 상수리 524번지,126.97951599,37.8676109781,2018-10-31
경기도,양주시,광승농장,닭,육계,100.0,경기도 양주시 남면 상수리 524번지,37.8676109,126.9795159,2018-12-31
경기도,양주시,광승농장,닭,육계,100.0,경기도 양주시 남면 상수리 524번지,126.9795159,37.8676109,2018-04-30
경기도,양주시,광승농장,닭,육계,100.0,경기도 여주시 상동 509번지,37.2857164,127.6474745,2019-01-31
경기도,양주시,금성농장,닭,산란계,30000.0,경기도 양주시 은현면 봉암리 84번지,127.0101582011,37.8966862259,2018-10-31
경기도,양주시,금성농장,닭,육계,81000.0,경기도 양주시 만송동 58번지 21호,127.0991752681,37.7888405782,2018-10-31
경기도,양주시,금성농장,닭,육계,81000.0,경기도 양주시 만송동 58번지 21호,127.0991752,37.7888405,2018-04-30
경기도,양주시,금성농장,닭,산란계,40000.0,경기도 양주시 은현면 봉암리 84번지,127.0101582,37.8966862,2018-04-30
경기도,양주시,금성농장,닭,육계,55000.0,경기도 여주시 우만동 19-2번지,37.2629698,127.6743247,2019-01-31
경기도,양주시,금성농장,닭,산란계,30000.0,경기도 여주시 흥천면 복대1리 435-2,37.3602066,127.5282251,2019-01-31
경기도,양주시,나리농장,닭,육계,35000.0,경기도 여주시 능현동 334-9번지,37.2702236,127.6581318,2019-01-31
경기도,양주시,나리농장,닭,육계,35000.0,경기도 양주시 은현면 하패리 686번지 1호,127.023924581,37.8905762481,2018-09-30
경기도,양주시,나리농장,닭,육계,35000.0,경기도 양주시 은현면 하패리 686번지 1호,127.0239245,37.8905762,2018-04-30
경기도,양주시,나사로농장,닭,육계,700.0,경기도 양주시 광적면 효촌리 425번지 3호,126.9536599,37.8866307,2018-04-30
경기도,양주시,대연농장,닭,육계,33000.0,경기도 양주시 율정동 78번지 2호,127.1053452,37.8174494,2018-03-14
경기도,양주시,대연농장,닭,육계,33000.0,경기도 양주시 율정동 78번지 2호,127.1053452188,37.8174494258,2018-09-30
경기도,양주시,대연농장,닭,육계,22000.0,경기도 여주시 연양동 207번지,37.2828293,127.6693254,2019-01-31
경기도,양주시,대풍농장,닭,산란계,50.0,경기도 양주시 남면 경신리 243번지 1호,126.9776799,37.8527811,2018-04-30
경기도,양주시,대풍농장,닭,산란계,50.0,경기도 양주시 남면 경신리 243번지 1호,126.9776799527,37.8527811642,2018-09-30
경기도,양주시,도하 2농장,닭,산란계,30000.0,경기도 여주시 북내면 중암리 426-1번지,37.35074,127.7138735,2019-01-31
경기도,양주시,도하 2농장,닭,산란계,30000.0,경기도 양주시 은현면 도하리 250번지,127.0110734,37.8451436,2018-08-31
경기도,양주시,도하 2농장,닭,산란계,30000.0,경기도 양주시 은현면 도하리 250번지,127.011073405,37.8451436115,2018-10-31
경기도,양주시,도하농장,닭,산란계,40000.0,경기도 양주시 은현면 도하리 206번지,37.8460264,127.0119824,2018-12-31
경기도,양주시,도하농장,닭,산란계,40000.0,경기도 양주시 은현면 도하리 206번지,127.0119824171,37.846026466,2018-10-31
경기도,양주시,도하농장,닭,산란계,40000.0,경기도 여주시 대신면 옥촌리 303-10번지,37.3957879,127.6177782,2019-01-31
경기도,양주시,도하농장,닭,산란계,40000.0,경기도 양주시 은현면 도하리 206번지,127.0119824,37.8460264,2018-04-30
경기도,양주시,두꺼비농장,닭,육계,400.0,경기도 양주시 광사동 533번지 1호,127.0662634,37.7750423,2018-04-30
경기도,양주시,두꺼비농장,닭,육계,400.0,경기도 양주시 광사동 533번지 1호,127.0662634516,37.7750423075,2018-10-31
경기도,양주시,두리농장,닭,산란계,20000.0,경기도 양주시 은현면 봉암리 42번지 2호,127.0075656,37.8913528,2018-04-30
경기도,양주시,두리농장,닭,산란계,20000.0,경기도 양주시 은현면 봉암리 42번지 2호,127.0075656829,37.8913528368,2018-10-31
경기도,양주시,두영농장,닭,산란계,15000.0,경기도 양주시 은현면 봉암리 449번지,127.0059287519,37.8942178565,2018-10-31
경기도,양주시,두영농장,닭,산란계,15000.0,경기도 양주시 은현면 봉암리 449번지,127.0059287,37.8942178,2018-03-14
경기도,양주시,만송농장,닭,육계,30000.0,경기도 양주시 만송동 210번지,127.0938138,37.795674,2018-08-31
경기도,양주시,만송농장,닭,육계,30000.0,경기도 양주시 만송동 210번지,127.0938138291,37.7956740227,2018-10-31
경기도,양주시,만송농장,닭,육계,40000.0,경기도 여주시 흥천면 다대리 405번지,37.3362938,127.5200694,2019-01-31
경기도,양주시,무궁화농장,닭,산란계,70000.0,경기도 여주시 가남읍 신해리 136-1번지,37.2253608,127.5481445,2019-01-31
경기도,양주시,무궁화농장,닭,산란계,70000.0,경기도 양주시 은현면 선암리 367번지,127.0282964,37.8762775,2018-04-30
경기도,양주시,무궁화농장,닭,산란계,70000.0,경기도 양주시 은현면 선암리 367번지,127.0282964543,37.8762775608,2018-10-31
경기도,양주시,백산농장,닭,육계,15000.0,경기도 양주시 광적면 비암리 96번지,126.9332775055,37.8022023875,2018-10-31
경기도,양주시,백산농장,닭,육계,15000.0,경기도 양주시 광적면 비암리 96번지,126.9332775,37.8022023,2018-08-31
경기도,양주시,백산농장,닭,육계,21000.0,경기도 여주시 흥천면 다대리 474-1번지,37.3391585,127.5222331,2019-01-31
경기도,양주시,백석농장,닭,육계,40000.0,경기도 양주시 백석읍 오산리 211번지 2호,126.9858831,37.8054471,2018-08-31
경기도,양주시,백석농장,닭,육계,28000.0,경기도 양주시 백석읍 방성리 123번지,126.9984307,37.8043941,2018-03-14
경기도,양주시,백석농장,닭,육계,40000.0,경기도 양주시 백석읍 오산리 211번지 2호,126.9858831597,37.8054471137,2018-09-30
경기도,양주시,백석농장,닭,육계,40000.0,경기도 여주시 흥천면 율극리 266-4번지,37.3422384,127.5659158,2019-01-31
경기도,양주시,부영농장,닭,산란계,60000.0,경기도 양주시 은현면 운암리 440번지 1호,127.0103721,37.8761629,2018-04-30
경기도,양주시,살구골농장,닭,육계,500.0,경기도 여주시 점동면 당진리 536번지,37.1764524,127.6761932,2019-01-31
경기도,양주시,살구골농장,닭,육계,500.0,경기도 양주시 은현면 도하리 623번지,37.8475312,126.9973487,2019-02-28
경기도,양주시,살구골농장,닭,육계,500.0,경기도 양주시 은현면 도하리 623번지,126.9973487,37.8475312,2018-08-31
경기도,양주시,살구골농장,닭,육계,500.0,경기도 양주시 은현면 도하리 623번지,126.9973487793,37.8475312561,2018-09-30
경기도,양주시,삼일농장,닭,산란계,60000.0,경기도 여주시 대신면 송촌리 29번지,37.4135611,127.5809415,2019-01-31
경기도,양주시,삼일농장,닭,산란계,60000.0,경기도 양주시 은현면 운암리 440번지 1호,127.0103721394,37.8761629426,2018-10-31
경기도,양주시,삼형농장,닭,산란계,38000.0,경기도 양주시 남면 한산리 26번지 3호,127.0035755053,37.9052452972,2018-10-31
경기도,양주시,삼형농장,닭,산란계,38000.0,경기도 양주시 남면 한산리 26번지 3호,127.0035755,37.9052452,2018-08-31
경기도,양주시,삼형농장,닭,산란계,38000.0,경기도 여주시 대신면 천남리 325-1번지,37.3316266,127.621441,2019-01-31
경기도,양주시,서울농장,닭,산란계,39000.0,경기도 양주시 은현면 하패리 625번지,127.025127223,37.8826117735,2018-09-30
경기도,양주시,서울농장,닭,산란계,39000.0,경기도 양주시 은현면 하패리 625번지,127.0254341,37.8826117,2018-08-31
경기도,양주시,서울농장,닭,산란계,39000.0,경기도 여주시 대신면 상구리 2번지,37.3708727,127.6470509,2019-01-31
경기도,양주시,선암농장,닭,산란계,100000.0,경기도 양주시 은현면 선암리 366번지,127.0274326,37.8764669,2018-03-14
경기도,양주시,선암농장,닭,산란계,100000.0,경기도 양주시 은현면 선암리 366번지,127.0274326953,37.8764669404,2018-09-30
경기도,양주시,선암농장,닭,산란계,100000.0,경기도 여주시 가남읍 화평리 산48-1번지,37.2428095,127.5682296,2019-01-31
경기도,양주시,선태제2농장,닭,육계,20000.0,경기도 양주시 백석읍 가업리 355번지 3호,126.9711024574,37.7966147739,2018-09-30
경기도,양주시,선태제2농장,닭,육계,20000.0,경기도 양주시 백석읍 가업리 355번지 3호,126.9711024,37.7966147,2018-04-30
경기도,양주시,성규농장,닭,산란계,27000.0,경기도 양주시 은현면 하패리 888번지 5호,127.0207869788,37.8907479442,2018-09-30
경기도,양주시,성규농장,닭,산란계,27000.0,경기도 여주시 북내면 서원리 313-8번지,37.3970958,127.6848813,2019-01-31
경기도,양주시,성익목장,닭,육계,7844.0,경기도 양주시 봉양동 633번지,127.0744768469,37.8528071518,2018-10-31
경기도,양주시,성익목장,닭,육계,7844.0,경기도 양주시 봉양동 633번지,127.0744768,37.8528071,2018-03-14
경기도,양주시,세바,닭,산란계,30000.0,경기도 양주시 남면 경신리 산 39번지,37.8559707,126.9789856,2019-02-28
경기도,양주시,세바,닭,산란계,30000.0,경기도 양주시 남면 경신리 산 39번지,126.9789856067,37.8559707592,2018-09-30
경기도,양주시,세바,닭,산란계,30000.0,경기도 여주시 대신면 송촌리 355-2번지,37.4051761,127.5709719,2019-01-31
경기도,양주시,세바환경,닭,산란계,8000.0,경기도 양주시 남면 경신리 산 39번지,126.9848572,37.8682335,2018-08-31
경기도,양주시,세인농장,닭,산란계,20000.0,경기도 양주시 은현면 도하리 655번지 2호 외 2번지,127.0008255,37.8431708,2018-08-31
경기도,양주시,세인농장,닭,산란계,20000.0,경기도 여주시 대신면 천서리 109-3번지,37.3973976,127.5621384,2019-01-31
경기도,양주시,세인농장,닭,산란계,20000.0,경기도 양주시 은현면 도하리 655번지 2호 외 2번지,127.0008255699,37.8431708186,2018-10-31
경기도,양주시,수원농장,닭,산란계,26000.0,경기도 양주시 은현면 봉암리 87번지,127.008657495,37.8970737098,2018-09-30
경기도,양주시,수원농장,닭,산란계,26000.0,경기도 양주시 은현면 봉암리 87번지,127.0086574,37.8970737,2018-04-30
경기도,양주시,승천농장,닭,산란계,60000.0,경기도 양주시 은현면 봉암리 11번지,127.015764,37.9014696,2018-04-30
경기도,양주시,승호농장,닭,산란계,28000.0,경기도 여주시 가남읍 은봉리 513번지,37.1848097,127.5511525,2019-01-31
경기도,양주시,승호농장,닭,산란계,60000.0,경기도 양주시 은현면 봉암리 11번지,127.0157640568,37.901469694,2018-10-31
경기도,양주시,신선 제2농장,닭,산란계,27000.0,경기도 양주시 은현면 하패리 888번지 5호,127.0212871,37.8904145,2018-08-31
경기도,양주시,신춘추농장,닭,산란계,150000.0,경기도 양주시 백석읍 가업리 13번지 1호,126.9803226443,37.7938149531,2018-09-30
경기도,양주시,신춘추농장,닭,산란계,150000.0,경기도 양주시 백석읍 가업리 13번지 1호,126.9803226,37.7938149,2018-03-14
경기도,양주시,신춘추농장,닭,산란계,99000.0,경기도 여주시 북내면 신남리 130-4번지,37.3238534,127.672305,2019-01-31
경기도,양주시,쌍알농장,닭,산란계,20000.0,경기도 양주시 은현면 봉암리 62-1번지,37.8975782,127.00818,2018-12-31
경기도,양주시,쌍알농장,닭,산란계,20000.0,경기도 양주시 은현면 봉암리 62번지,127.0073159,37.8969926,2018-03-14
경기도,양주시,쌍알농장,닭,산란계,20000.0,경기도 양주시 은현면 봉암리 62번지,127.0073159158,37.896992684,2018-09-30
경기도,양주시,쌍알농장,닭,산란계,20000.0,경기도 여주시 대신면 상구리 329-3번지,37.3720385,127.6397453,2019-01-31
경기도,양주시,씨알농장,닭,산란계,8000.0,경기도 양주시 백석읍 오산리 산 8번지,126.9857012,37.806411,2018-03-14
경기도,양주시,씨알농장,닭,산란계,8000.0,경기도 양주시 백석읍 오산리 산 8번지,126.9729599719,37.8078140273,2018-10-31
경기도,양주시,아태농장,닭,산란계,80.0,경기도 양주시 광적면 우고리 332번지,126.959628,37.8281712,2018-08-31
경기도,양주시,아태농장,닭,산란계,80.0,경기도 양주시 광적면 우고리 332번지,126.9596280036,37.8281712248,2018-09-30
경기도,양주시,애정농장,닭,육계,22000.0,경기도 여주시 점동면 청안리 279-1번지,37.2068132,127.6542826,2019-01-31
경기도,양주시,애정농장,닭,육계,22000.0,경기도 양주시 남면 입암리 229번지,126.9949357488,37.8880822733,2018-09-30
경기도,양주시,애정농장,닭,육계,25000.0,경기도 양주시 남면 입암리 229번지,126.9949357,37.8880822,2018-03-14
경기도,양주시,양주바이오텍,닭,산란계,60000.0,경기도 양주시 은현면 도하리 691번지,126.9928502,37.8425037,2018-04-30
경기도,양주시,양주바이오텍,닭,산란계,54007.0,경기도 양주시 은현면 도하리 691번지,126.9928502422,37.8425037128,2018-10-31
경기도,양주시,양주육계농장,닭,육계,57000.0,경기도 양주시 남면 구암리 2번지 1호,126.9839888,37.8867746,2018-03-14
경기도,양주시,양주육계농장,닭,육계,57000.0,경기도 양주시 남면 구암리 2번지 1호,126.9839888038,37.8867746711,2018-10-31
경기도,양주시,양주육계농장,닭,육계,57000.0,경기도 여주시 흥천면 율극리 262-1번지,37.3402402,127.5673679,2019-01-31
경기도,양주시,에그콜,닭,산란계,69000.0,경기도 여주시 흥천면 율극리 237-2번지,37.3266555,127.5649533,2019-01-31
경기도,양주시,에그콜,닭,산란계,45000.0,경기도 양주시 남면 한산리 578번지 2호,127.0032115945,37.892857487,2018-09-30
경기도,양주시,에그콜,닭,산란계,80000.0,경기도 양주시 남면 한산리 578번지 2호,127.0032115,37.8928574,2018-04-30
경기도,양주시,에그트리,닭,산란계,70000.0,경기도 양주시 광적면 석우리 6번지 3호,126.9906576,37.842026,2018-04-30
경기도,양주시,에그트리,닭,산란계,70000.0,경기도 양주시 광적면 석우리 6번지 3호,126.9906576689,37.842026007,2018-09-30
경기도,양주시,에그트리,닭,산란계,70000.0,경기도 여주시 산북면 후리 112번지,37.3920935,127.4562661,2019-01-31
경기도,양주시,영광농장,닭,산란계,21000.0,경기도 양주시 백석읍 가업리 346번지 1호,126.972656,37.8013091,2018-08-31
경기도,양주시,영광농장,닭,산란계,23000.0,경기도 여주시 흥천면 신근리 250-47번지,37.316885,127.556149,2019-01-31
경기도,양주시,영우농장,닭,산란계,25000.0,경기도 양주시 남면 경신리 293번지 3호,126.9766323,37.8591956,2018-03-14
경기도,양주시,영훈목장,닭,육계,30050.0,경기도 양주시 은현면 운암리 386번지,127.0097364,37.8845506,2018-03-14
경기도,양주시,영훈목장,닭,육계,35050.0,경기도 양주시 은현면 운암리 386번지,127.0097364164,37.8845506828,2018-09-30
경기도,양주시,영훈목장,닭,육계,26000.0,경기도 여주시 점봉동 39-1번지,37.2561669,127.6550229,2019-01-31
경기도,양주시,영흥농장,닭,산란계,48000.0,경기도 양주시 남면 한산리 25번지 1호,127.0024611962,37.9047407772,2018-09-30
경기도,양주시,영흥농장,닭,산란계,48000.0,경기도 양주시 남면 한산리 25번지 1호,37.9047407,127.0024611,2019-02-28
경기도,양주시,영흥농장,닭,산란계,48000.0,경기도 양주시 남면 한산리 25번지 1호,127.0024611,37.9047407,2018-04-30
경기도,양주시,영흥농장,닭,산란계,48000.0,경기도 여주시 흥천면 복대리 54번지,37.3616237,127.5377055,2019-01-31
경기도,양주시,영흥제1농장,닭,산란계,40000.0,경기도 양주시 회암동 161번지 1호,127.0980028,37.8483668,2018-04-30
경기도,양주시,월암농장,닭,육계,50000.0,경기도 양주시 백석읍 오산리 704번지 1호,126.9695542,37.8057229,2018-03-14
경기도,양주시,월암농장,닭,육계,39000.0,경기도 여주시 흥천면 대당리 산38-1번지,37.3186064,127.5404014,2019-01-31
경기도,양주시,월암농장,닭,육계,50000.0,경기도 양주시 백석읍 오산리 704번지 1호,126.9695542392,37.8057229183,2018-09-30
경기도,양주시,유천1농장,닭,산란계,65000.0,경기도 양주시 은현면 도하리 243번지,127.0105393,37.8448373,2018-04-30
경기도,양주시,유천1농장,닭,산란계,65000.0,경기도 양주시 은현면 도하리 243번지,127.0105393924,37.8448373278,2018-10-31
경기도,양주시,유천1농장,닭,산란계,65000.0,경기도 여주시 북내면 신접리 199-1번지,37.3311039,127.6853789,2019-01-31
경기도,양주시,유한농장,닭,산란계,30000.0,경기도 여주시 대신면 송촌리 29번지,37.4135611,127.5809415,2019-01-31
경기도,양주시,유한농장,닭,산란계,30000.0,경기도 양주시 은현면 용암리 850번지,127.0274814777,37.8522497412,2018-10-31
경기도,양주시,유한농장,닭,산란계,30000.0,경기도 양주시 은현면 용암리 850번지,127.0274814,37.8522497,2018-04-30
경기도,양주시,은혜2농장,닭,육계,30000.0,경기도 양주시 은현면 하패리 243번지 1호,127.0376193854,37.8821312561,2018-10-31
경기도,양주시,은혜2농장,닭,육계,30000.0,경기도 양주시 은현면 하패리 243번지 1호,127.0376193,37.8821312,2018-08-31
경기도,양주시,은혜2농장,닭,육계,30000.0,경기도 여주시 점동면 사곡리 308번지,37.2018118,127.6753821,2019-01-31
경기도,양주시,은혜농장,닭,육계,10000.0,경기도 양주시 은현면 운암리 516번지 2호,127.0120187752,37.8644686746,2018-10-31
경기도,양주시,은혜농장,닭,육계,10000.0,경기도 양주시 은현면 운암리 516번지 2호,127.0120187,37.8644686,2018-04-30
경기도,양주시,은혜농장,닭,육계,10000.0,경기도 여주시 흥천면 율극리 296-2번지,37.3358492,127.564232,2019-01-31
경기도,양주시,이강농장,닭,육계,30.0,경기도 양주시 광사동 182번지,127.0748947,37.7917319,2018-08-31
경기도,양주시,이강농장,닭,육계,30.0,경기도 양주시 광사동 182번지,127.074894715,37.7917319424,2018-10-31
경기도,양주시,이레농장,닭,산란계,35000.0,경기도 양주시 남면 한산리 517번지,126.99357,37.9003528,2018-04-30
경기도,양주시,이천농장,닭,산란계,30000.0,경기도 양주시 백석읍 홍죽리 340번지 18호,126.9660737,37.7943969,2018-04-30
경기도,양주시,이천농장,닭,산란계,35000.0,경기도 양주시 백석읍 홍죽리 340번지 18호,126.9660737975,37.7943969786,2018-10-31
경기도,양주시,이천농장,닭,산란계,35000.0,경기도 여주시 흥천면 대당리 15-1번지,37.3219396,127.5503645,2019-01-31
경기도,양주시,이화팜,닭,산란계,30000.0,경기도 양주시 남면 한산리 555번지 119호,126.9942637051,37.8995510976,2018-09-30
경기도,양주시,이화팜,닭,산란계,30000.0,경기도 여주시 산북면 상품리 586-5번지,37.3971484,127.4295429,2019-01-31
경기도,양주시,장수축산농장,닭,산란계,60000.0,경기도 양주시 남면 경신리 206번지,126.9790429,37.8542229,2018-03-14
경기도,양주시,장수축산농장,닭,산란계,88080.0,경기도 양주시 남면 경신리 205번지,126.9787360832,37.8545562349,2018-10-31
경기도,양주시,장수축산농장,닭,산란계,42000.0,경기도 여주시 북내면 신남리 130-4번지,37.3238534,127.672305,2019-01-31
경기도,양주시,정현농장,닭,육계,15000.0,경기도 양주시 은현면 하패리 1021번지,127.0155463,37.8914153,2018-04-30
경기도,양주시,종인농장,닭,육계,20000.0,경기도 여주시 멱곡동 79-1번지,37.2503898,127.6746639,2019-01-31
경기도,양주시,종인농장,닭,육계,20000.0,경기도 양주시 삼숭동 572번지 1호,127.0938461025,37.8034761971,2018-10-31
경기도,양주시,종인농장,닭,육계,20000.0,경기도 양주시 삼숭동 572번지 1호,127.0938461,37.8034761,2018-08-31
경기도,양주시,주식회사 해원,닭,산란계,14000.0,경기도 양주시 백석읍 오산리 422번지 1호,126.9804339,37.8010315,2018-04-30
경기도,양주시,주식회사 해원,닭,산란계,14000.0,경기도 양주시 백석읍 오산리 422번지 1호,126.9804339942,37.8010315632,2018-09-30
경기도,양주시,준준농장,닭,육계,27000.0,경기도 양주시 은현면 선암리 342번지 32호,127.0219883,37.876576,2018-03-14
경기도,양주시,준준농장,닭,육계,27000.0,경기도 양주시 은현면 선암리 342번지 32호,127.0219883587,37.8765760616,2018-09-30
경기도,양주시,준준농장,닭,육계,50000.0,경기도 여주시 흥천면 복대리 250번지,37.3602672,127.5348175,2019-01-31
경기도,양주시,진흥농장,닭,육계,45000.0,경기도 양주시 백석읍 복지리 188번지 2호,126.9943216235,37.7921140109,2018-09-30
경기도,양주시,진흥농장,닭,육계,45000.0,경기도 양주시 백석읍 복지리 188번지 2호,126.9943216,37.792114,2018-04-30
경기도,양주시,춘추농장,닭,산란계,54000.0,경기도 양주시 백석읍 가업리 13번지 3호,126.9807425,37.7942564,2018-08-31
경기도,양주시,춘추농장,닭,산란계,54000.0,경기도 양주시 백석읍 가업리 13번지 3호,126.9807425895,37.7942564973,2018-09-30
경기도,양주시,칠성농장,닭,산란계,22000.0,"경기도 여주시 흥천면 대당리 43-7, 43-17",37.3171288,127.5502281,2019-01-31
경기도,양주시,칠성농장,닭,산란계,22000.0,경기도 양주시 봉양동 428번지 7호,127.0784520757,37.8623365919,2018-10-31
경기도,양주시,태양농장,닭,산란계,90000.0,경기도 양주시 은현면 하패리 804번지 1호,127.0211526027,37.8981895902,2018-10-31
경기도,양주시,태양농장,닭,산란계,67000.0,경기도 양주시 은현면 하패리 804번지 1호,127.0211526,37.8981895,2018-08-31
경기도,양주시,태양농장,닭,산란계,90000.0,경기도 여주시 가남읍 태평리 319-4번지,37.2049804,127.5400677,2019-01-31
경기도,양주시,평촌농장,닭,산란계,120.0,경기도 양주시 장흥면 일영리 317번지,126.9376362,37.7133798,2018-04-30
경기도,양주시,한산농장,닭,산란계,28000.0,경기도 양주시 남면 신산리 141번지 2호,37.8947478,126.9837707,2018-12-31
경기도,양주시,한산농장,닭,산란계,28000.0,경기도 양주시 남면 신산리 141번지 2호,126.9837707,37.8947478,2018-03-14
경기도,양주시,한산농장,닭,산란계,28000.0,경기도 여주시 대신면 계림리 318-5번지,37.4077826,127.5925307,2019-01-31
경기도,양주시,한산농장,닭,산란계,28000.0,경기도 양주시 남면 신산리 141번지 2호,126.983770756,37.8947478932,2018-10-31
경기도,양주시,한영농장,닭,육계,25000.0,경기도 양주시 은현면 용암리 769번지,127.0348424843,37.8480315783,2018-10-31
경기도,양주시,한영농장,닭,육계,25000.0,경기도 양주시 은현면 용암리 769번지,127.0348424,37.8480315,2018-08-31
경기도,양주시,홍일농장,닭,육계,36000.0,경기도 여주시 흥천면 상대리 279-5번지,37.3476296,127.5072926,2019-01-31
경기도,양주시,홍일농장,닭,육계,50000.0,경기도 양주시 백석읍 가업리 258번지,126.9751020731,37.7884531948,2018-10-31
경기도,양주시,홍일농장,닭,육계,50000.0,경기도 양주시 백석읍 가업리 258번지,126.975102,37.7884531,2018-08-31
경기도,양주시,홍일농장,닭,육계,36000.0,경기도 양주시 백석읍 가업리 258번지,37.7884531,126.975102,2018-12-31
경기도,양주시,훈종농장,닭,육계,18000.0,경기도 양주시 은현면 하패리 546번지,127.0344280164,37.8885828406,2018-10-31
경기도,양주시,훈종농장,닭,육계,18000.0,경기도 양주시 은현면 하패리 546번지,127.0345985,37.8885557,2018-08-31
경기도,양주시,희철농장,닭,육계,17000.0,경기도 양주시 회암동 475번지,127.0850604,37.8471964,2018-04-30
경기도,여주시,**,닭,토종닭,1.0,경기도 여주시 강천면 부평리 501-2번지,37.2660311,127.7484638,2020-05-31
경기도,여주시,**,닭,토종닭,38.0,경기도 여주시 금사면 이포리 206-2번지,37.393707,127.5320047,2020-05-31
경기도,여주시,***,닭,토종닭,25.0,경기도 여주시 금사면 상호리 78번지,37.4031492,127.4790904,2020-04-30
경기도,여주시,***,닭,토종닭,12.0,경기도 여주시 금사면 주록리 85-3번지,37.3830688,127.4647027,2020-04-30
경기도,여주시,***,닭,토종닭,16.0,경기도 여주시 강천면 도전리 109-1번지,37.3622116,127.729875,2020-04-30
경기도,여주시,***,닭,토종닭,11.0,경기도 여주시 강천면 걸은리 788-1번지,37.2875012,127.7104364,2020-04-30
경기도,여주시,***,닭,토종닭,20.0,경기도 여주시 금사면 전북리 394번지,37.4348366,127.5053689,2020-04-30
경기도,여주시,***,닭,토종닭,8.0,경기도 여주시 강천면 걸은리 68-2번지,37.3105792,127.7114083,2020-04-30
경기도,여주시,***,닭,토종닭,30.0,경기도 여주시 강천면 걸은리 220-1번지,37.3079364,127.7103796,2020-04-30
경기도,여주시,***,닭,토종닭,10.0,경기도 여주시 능서면 매류리 352-1번지,37.2780556,127.5590894,2020-04-30
경기도,여주시,***,닭,토종닭,12.0,경기도 여주시 금사면 주록리 179번지,37.3637027,127.4609831,2020-04-30
경기도,여주시,***,닭,토종닭,10.0,경기도 여주시 능서면 구양리 300-1번지,37.3170508,127.5836086,2020-04-30
경기도,여주시,***,닭,토종닭,10.0,경기도 여주시 강천면 도전리 1264-1번지,37.3031948,127.7658731,2020-04-30
경기도,여주시,***,닭,토종닭,10.0,경기도 여주시 대신면 상구리 29-2번지,37.3739032,127.6398063,2020-04-30
경기도,여주시,***,닭,토종닭,40.0,경기도 여주시 금사면 주록리 86-2번지,37.384985,127.4631562,2020-04-30
경기도,여주시,***,닭,토종닭,10.0,경기도 여주시 대신면 상구리 354-1번지,37.3730428,127.6439648,2020-04-30
경기도,여주시,***,닭,토종닭,550.0,경기도 여주시 금사면 전북리 363번지,37.4352806,127.5090101,2020-04-30
경기도,여주시,***,닭,토종닭,10.0,경기도 여주시 금사면 소유리 110-1번지,37.4174475,127.4967918,2020-04-30
경기도,여주시,***,닭,토종닭,3.0,경기도 여주시 금사면 주록리 89번지,37.3843667,127.4622943,2020-04-30
경기도,여주시,***,타조,,1.0,경기도 여주시 능서면 매류리 352-1번지,37.2780556,127.5590894,2020-05-31
경기도,여주시,***,닭,토종닭,5.0,경기도 여주시 강천면 걸은리 508-2번지,37.2963044,127.7148834,2020-04-30
경기도,여주시,***,닭,육계,72440.0,경기도 여주시 북내면 장암리 268-37번지,37.3397116,127.6863821,2020-04-30
경기도,여주시,***,닭,산란계,800.0,경기도 여주시 점동면 처리 289-1번지,37.2298693,127.6754171,2020-04-30
경기도,여주시,***,닭,산란계,500.0,경기도 여주시 능서면 내양리 291-200,37.3401036,127.5807279,2020-04-30
경기도,여주시,***,닭,토종닭,,경기도 여주시 강천면 걸은리 산144번지,37.2985535,127.7018556,2021-04-30
경기도,여주시,***,닭,토종닭,7.0,경기도 여주시 가남읍 화평리 113-1번지,37.2430589,127.5650645,2021-04-30
경기도,여주시,***,닭,토종닭,7.0,경기도 여주시 가남읍 대신리 447-1번지,37.190094,127.5262898,2021-04-30
경기도,여주시,***,닭,토종닭,3.0,경기도 여주시 가남읍 안금리 58-2번지,37.2279496,127.6105084,2021-04-30
경기도,여주시,***,닭,토종닭,25.0,경기도 여주시 가남읍 은봉리 595-2번지,37.1834231,127.5410974,2021-04-30
경기도,여주시,***,닭,토종닭,10.0,경기도 여주시 가남읍 대신리 342-1번지,37.1885594,127.5310093,2021-04-30
경기도,여주시,***,닭,토종닭,20.0,경기도 여주시 가남읍 정단리 277-5번지,37.2478921,127.5546749,2021-04-30
경기도,여주시,***,닭,토종닭,18.0,경기도 여주시 가남읍 심석리 209-5번지,37.2015883,127.5624027,2021-04-30
경기도,여주시,***,닭,토종닭,13.0,경기도 여주시 가남읍 본두리 447번지,37.2374442,127.5840004,2021-04-30
경기도,여주시,***,닭,토종닭,5.0,경기도 여주시 가남읍 금당리 653번지,37.1979833,127.6066414,2021-04-30
경기도,여주시,***,닭,토종닭,7.0,경기도 여주시 가남읍 삼군리 376-2번지,37.2203403,127.5601526,2021-04-30
경기도,여주시,***,닭,토종닭,7.0,경기도 여주시 가남읍 오산리 280-1번지,37.24122,127.5595061,2021-04-30
경기도,여주시,***,닭,토종닭,8.0,경기도 여주시 가남읍 심석리 143번지,37.1962271,127.5624307,2020-04-30
경기도,여주시,***,닭,토종닭,11.0,경기도 여주시 가남읍 대신리 500번지,37.1901764,127.5239591,2020-04-30
경기도,여주시,***,닭,토종닭,9.0,경기도 여주시 가남읍 태평리 496-4번지,37.1981741,127.5368769,2020-04-30
경기도,여주시,***,닭,토종닭,30.0,경기도 여주시 가남읍 태평리 29번지,37.2135874,127.5474853,2020-04-30
경기도,여주시,***,닭,토종닭,5.0,경기도 여주시 강천면 강천리 160-8번지,37.2313109,127.73469,2020-04-30
경기도,여주시,***,닭,토종닭,11.0,경기도 여주시 강천면 도전리 1056-1번지,37.3168328,127.7565123,2020-04-30
경기도,여주시,***,닭,토종닭,4.0,경기도 여주시 강천면 도전리 36번지,37.3636805,127.728354,2020-04-30
경기도,여주시,***,닭,토종닭,7.0,경기도 여주시 강천면 걸은리 811-11번지,37.2905272,127.7015783,2020-04-30
경기도,여주시,***,닭,토종닭,4.0,경기도 여주시 강천면 굴암리 266번지,37.2397226,127.6994638,2020-04-30
경기도,여주시,***,닭,토종닭,13.0,경기도 여주시 강천면 도전리 1012번지,37.3200258,127.7474287,2020-04-30
경기도,여주시,***,닭,토종닭,30.0,경기도 여주시 가남읍 대신리 194-1번지,37.1766217,127.5307911,2020-04-30
경기도,여주시,***,닭,토종닭,8.0,경기도 여주시 가남읍 본두리 413-53번지,37.2391684,127.5833374,2020-04-30
경기도,여주시,***,닭,토종닭,7.0,경기도 여주시 가남읍 삼승리 215번지,37.1743977,127.6302796,2020-04-30
경기도,여주시,***,닭,토종닭,12.0,경기도 여주시 가남읍 태평리 37번지,37.2117524,127.5507278,2020-04-30
경기도,여주시,***,닭,토종닭,3.0,경기도 여주시 강천면 도전리 587-1번지,37.3489614,127.7467099,2020-04-30
경기도,여주시,***,닭,토종닭,4.0,경기도 여주시 강천면 걸은리 678-2번지,37.291638,127.7057161,2020-04-30
경기도,여주시,***,닭,토종닭,3.0,경기도 여주시 강천면 도전리 889번지,37.3241876,127.7461272,2020-04-30
경기도,여주시,***,닭,토종닭,16.0,경기도 여주시 가남읍 대신리 434-7번지,37.1926767,127.5249899,2020-04-30
경기도,여주시,***,닭,토종닭,7.0,경기도 여주시 금사면 주록리 8번지,37.3787641,127.477841,2020-04-30
경기도,여주시,***,닭,토종닭,30.0,경기도 여주시 흥천면 계신리 357-1번지,37.3711261,127.5324218,2020-04-30
경기도,여주시,***,닭,토종닭,4.0,경기도 여주시 가남읍 신해리 산50-1번지,37.2239792,127.5488106,2020-04-30
경기도,여주시,***,닭,토종닭,27.0,경기도 여주시 능서면 구양리 480-1번지,37.3146018,127.5758624,2020-04-30
경기도,여주시,***,닭,토종닭,3.0,경기도 여주시 능서면 광대리 459-2번지,37.257027,127.5702521,2020-04-30
경기도,여주시,***,닭,토종닭,36.0,경기도 여주시 금사면 주록리 88-2번지,37.3845101,127.4624871,2020-04-30
경기도,여주시,***,닭,토종닭,5.0,경기도 여주시 금사면 주록리 37-1번지,37.3762892,127.4748674,2020-04-30
경기도,여주시,***,닭,토종닭,13.0,경기도 여주시 금사면 주록리 93-11번지,37.3786203,127.4617625,2020-04-30
경기도,여주시,***,닭,토종닭,6.0,경기도 여주시 금사면 이포리 227-2번지,37.3944007,127.5300107,2020-04-30
경기도,여주시,***,닭,토종닭,25.0,경기도 여주시 가남읍 오산리 234-3번지,37.2380329,127.5589755,2020-04-30
경기도,여주시,***,닭,토종닭,20.0,경기도 여주시 금사면 이포리 256번지,37.3912621,127.5307002,2020-04-30
경기도,여주시,***,닭,토종닭,100.0,경기도 여주시 금사면 하호리 341-2번지,37.3957621,127.5007036,2020-04-30
경기도,여주시,***,닭,토종닭,8.0,경기도 여주시 흥천면 대당리 300-4번지,37.3217729,127.5375584,2020-04-30
경기도,여주시,***,닭,토종닭,20.0,경기도 여주시 금사면 상호리 131-10번지,37.408365,127.4748426,2020-04-30
경기도,여주시,***,닭,토종닭,20.0,경기도 여주시 가남읍 은봉리 532-2번지,37.1857581,127.5525896,2020-04-30
경기도,여주시,***,닭,토종닭,10.0,경기도 여주시 가남읍 송림리 27-1번지,37.1860652,127.6372007,2020-04-30
경기도,여주시,***,닭,토종닭,20.0,경기도 여주시 가남읍 상활리 390-1번지,37.235891,127.5267865,2020-04-30
경기도,여주시,***,닭,토종닭,10.0,경기도 여주시 강천면 도전리 392번지,37.353689,127.7499845,2020-04-30
경기도,여주시,***,닭,토종닭,12.0,경기도 여주시 가남읍 삼군리 69번지,37.2316673,127.5560666,2020-04-30
경기도,여주시,***,닭,토종닭,8.0,경기도 여주시 가남읍 안금리 46-1번지,37.2268936,127.6090915,2020-04-30
경기도,여주시,***,닭,토종닭,4.0,경기도 여주시 가남읍 대신리 456번지,37.1892271,127.5267343,2020-04-30
경기도,여주시,***,닭,토종닭,20.0,경기도 여주시 가남읍 태평리 324-5번지,37.2049792,127.5383442,2020-04-30
경기도,여주시,***,닭,토종닭,7.0,경기도 여주시 가남읍 금당리 416-1번지,37.1971715,127.6103405,2020-04-30
경기도,여주시,***,닭,토종닭,16.0,경기도 여주시 가남읍 심석리 56-1번지,37.1938674,127.564114,2020-04-30
경기도,여주시,***,닭,토종닭,30.0,경기도 여주시 가남읍 태평리 167번지,37.2036993,127.5424241,2020-04-30
경기도,여주시,***,닭,토종닭,2.0,경기도 여주시 강천면 강천리 51-5번지,37.2454997,127.7321335,2020-04-30
경기도,여주시,***,닭,토종닭,9.0,경기도 여주시 가남읍 금당리 164번지,37.2014827,127.6216953,2020-04-30
경기도,여주시,***,닭,토종닭,5.0,경기도 여주시 홍문동 416-5번지,37.2872729,127.6362224,2020-04-30
경기도,여주시,***,닭,토종닭,2.0,경기도 여주시 매룡동 259-2번지,37.2827223,127.6496366,2020-04-30
경기도,여주시,***,닭,토종닭,30.0,경기도 여주시 우만동 84-4번지,37.2571706,127.6785003,2020-04-30
경기도,여주시,***,닭,토종닭,18.0,경기도 여주시 연양동 204-2번지,37.2829387,127.6691121,2020-04-30
경기도,여주시,***,닭,토종닭,7.0,경기도 여주시 우만동 18번지,37.2627262,127.6728007,2020-04-30
경기도,여주시,***,닭,토종닭,20.0,경기도 여주시 오금동 281번지,37.3332106,127.6437729,2020-04-30
경기도,여주시,***,닭,토종닭,25.0,경기도 여주시 가남읍 삼승리 110-4번지,37.1742082,127.6354238,2020-04-30
경기도,여주시,***,닭,토종닭,27.0,경기도 여주시 가남읍 신해리 332-2번지,37.22295,127.5453104,2020-04-30
경기도,여주시,***,닭,토종닭,1.0,경기도 여주시 강천면 도전리 759번지,37.3344938,127.749185,2020-04-30
경기도,여주시,***,닭,토종닭,10.0,경기도 여주시 강천면 가야리 453-2번지,37.2597473,127.6910472,2020-04-30
경기도,여주시,***,닭,토종닭,13.0,경기도 여주시 금사면 소유리 103-1번지,37.417811,127.4938684,2020-04-30
경기도,여주시,***,닭,토종닭,8.0,경기도 여주시 강천면 걸은리 441번지,37.2986334,127.715661,2020-04-30
경기도,여주시,***,닭,토종닭,8.0,경기도 여주시 강천면 이호리 334-2번지,37.2947198,127.6871928,2020-04-30
경기도,여주시,***,닭,토종닭,3.0,경기도 여주시 강천면 도전리 954번지,37.3202971,127.7572351,2020-04-30
경기도,여주시,***,닭,토종닭,55.0,경기도 여주시 강천면 부평리 213-3번지,37.2848352,127.73982,2020-04-30
경기도,여주시,***,닭,토종닭,17.0,경기도 여주시 강천면 강천리 93-2번지,37.2433066,127.7356287,2020-04-30
경기도,여주시,***,닭,토종닭,8.0,경기도 여주시 강천면 도전리 152번지,37.3620712,127.7292641,2020-04-30
경기도,여주시,***,닭,토종닭,15.0,경기도 여주시 강천면 가야리 280-3번지,37.2589188,127.6940719,2020-04-30
경기도,여주시,***,닭,토종닭,7.0,경기도 여주시 강천면 걸은리 453-4번지,37.3003263,127.7203012,2020-04-30
경기도,여주시,***,닭,토종닭,50.0,경기도 여주시 강천면 이호리 53-2번지,37.2885543,127.6984702,2020-04-30
경기도,여주시,***,닭,토종닭,5.0,경기도 여주시 가남읍 오산리 468-2번지,37.2367769,127.5578169,2020-04-30
경기도,여주시,***,닭,토종닭,250.0,경기도 여주시 강천면 이호1리335,37.2959097,127.6871021,2020-04-30
경기도,여주시,***,닭,토종닭,4.0,경기도 여주시 강천면 걸은리 216번지,37.3079963,127.7109104,2020-04-30
경기도,여주시,***,닭,토종닭,10.0,경기도 여주시 강천면 이호리 427번지,37.2899117,127.6850743,2020-04-30
경기도,여주시,***,닭,토종닭,37.0,경기도 여주시 금사면 이포리 185-1번지,37.3951476,127.5362497,2020-04-30
경기도,여주시,***,닭,토종닭,50.0,경기도 여주시 금사면 외평리 196번지,37.413088,127.5298706,2020-04-30
경기도,여주시,***,닭,토종닭,10.0,경기도 여주시 흥천면 대당리 353-1번지,37.3187113,127.5411129,2020-04-30
경기도,여주시,***,닭,토종닭,15.0,경기도 여주시 금사면 궁리 23번지,37.3827319,127.5240916,2020-04-30
경기도,여주시,***,닭,토종닭,17.0,경기도 여주시 금사면 주록리 40-11번지,37.3752094,127.4745106,2020-04-30
경기도,여주시,***,닭,토종닭,63.0,경기도 여주시 금사면 하호리 226번지,37.402981,127.5045123,2020-04-30
경기도,여주시,***,닭,토종닭,8.0,경기도 여주시 금사면 상호리 28-1번지,37.4042269,127.4909788,2020-04-30
경기도,여주시,***,닭,토종닭,3.0,경기도 여주시 금사면 주록리 산44-1번지,37.3765069,127.4699575,2020-04-30
경기도,여주시,***,닭,토종닭,7.0,경기도 여주시 금사면 하호리 135-8번지,37.4044782,127.5062616,2020-04-30
경기도,여주시,***,닭,토종닭,86.0,경기도 여주시 강천면 강천리 122-8번지,37.2377667,127.7325098,2020-04-30
경기도,여주시,***,닭,토종닭,48.0,경기도 여주시 강천면 걸은리 259-3번지,37.301527,127.7199066,2020-04-30
경기도,여주시,***,닭,토종닭,9.0,경기도 여주시 강천면 걸은리 651-1번지,37.2931894,127.7008586,2020-04-30
경기도,여주시,***,닭,토종닭,9.0,경기도 여주시 강천면 걸은리 649-10번지,37.2928326,127.7002463,2020-04-30
경기도,여주시,***,닭,토종닭,10.0,경기도 여주시 강천면 이호리 427-1번지,37.2897225,127.6850726,2020-04-30
경기도,여주시,***,닭,토종닭,100.0,경기도 여주시 강천면 가야리 41번지,37.2641089,127.7032168,2020-04-30
경기도,여주시,***,닭,토종닭,70.0,경기도 여주시 강천면 도전리 953-3번지,37.3204437,127.7568417,2020-04-30
경기도,여주시,***,닭,토종닭,5.0,경기도 여주시 금사면 주록리 44-1번지,37.3761799,127.4729022,2020-04-30
경기도,여주시,***,오리,,1.0,경기도 여주시 매룡동 91-1번지,37.2887195,127.6584726,2021-04-30
경기도,여주시,***,오리,,1.0,경기도 여주시 금사면 전북리 394번지,37.4348366,127.5053689,2020-01-31
경기도,여주시,***,기러기,,5.0,경기도 여주시 금사면 외평리 196번지,37.413088,127.5298706,2020-01-31
경기도,여주시,***,칠면조,,1.0,경기도 여주시 강천면 적금리 503-2번지,37.2502541,127.6919978,2020-01-31
경기도,여주시,***,관상조,,6.0,경기도 여주시 흥천면 하다리 83번지,37.3429018,127.5294475,2020-01-31
경기도,여주시,***,관상조,,10.0,경기도 여주시 흥천면 신근리 996번지,37.301301,127.5515345,2020-01-31
경기도,여주시,***,오리,,2.0,경기도 여주시 점동면 삼합리 738-12번지,37.2041462,127.7257429,2020-01-31
경기도,여주시,***,거위,,4.0,경기도 여주시 점동면 현수리 189-3번지,37.1869551,127.6908591,2020-01-31
경기도,여주시,***,관상조,,20.0,경기도 여주시 가남읍 은봉리 595-2번지,37.1834231,127.5410974,2020-01-31
경기도,여주시,***,칠면조,,2.0,경기도 여주시 상동 84번지,37.2924967,127.6482767,2020-01-31
경기도,여주시,***,칠면조,,1.0,경기도 여주시 흥천면 상대리 280번지,37.3462385,127.5081184,2020-01-31
경기도,여주시,***,칠면조,,2.0,경기도 여주시 흥천면 신근리 996번지,37.301301,127.5515345,2020-01-31
경기도,여주시,***,관상조,,20.0,경기도 여주시 능서면 매류리 352-1번지,37.2780556,127.5590894,2020-01-31
경기도,여주시,***,칠면조,,3.0,경기도 여주시 금사면 궁리 23번지,37.3827319,127.5240916,2020-01-31
경기도,여주시,***,거위,,6.0,경기도 여주시 금사면 외평리 196번지,37.413088,127.5298706,2020-01-31
경기도,여주시,***,오리,,6.0,경기도 여주시 상동 485-5번지,37.288223,127.648804,2020-01-31
경기도,여주시,***,거위,,6.0,경기도 여주시 금사면 하호리 341-2번지,37.3957621,127.5007036,2020-01-31
경기도,여주시,***,오리,,6.0,경기도 여주시 가남읍 은봉리 595-2번지,37.1834231,127.5410974,2020-01-31
경기도,여주시,***,칠면조,,1.0,경기도 여주시 대신면 송촌리 29번지,37.4135611,127.5809415,2020-01-31
경기도,여주시,***,닭,토종닭,12.0,경기도 여주시 대신면 상구리 2번지,37.3708727,127.6470509,2021-06-30
경기도,여주시,***,닭,토종닭,11.0,경기도 여주시 북내면 신남리 130-4번지,37.3238534,127.672305,2021-06-30
경기도,여주시,***,닭,토종닭,2.0,경기도 여주시 북내면 서원리 313-8번지,37.3970958,127.6848813,2021-06-30
경기도,여주시,***,닭,토종닭,3.0,경기도 여주시 북내면 신접리 199-1번지,37.3311039,127.6853789,2021-06-30
경기도,여주시,***,닭,토종닭,70.0,경기도 여주시 산북면 후리 112번지,37.3920935,127.4562661,2021-06-30
경기도,여주시,***,닭,토종닭,13.0,경기도 여주시 점봉동 39-1번지,37.2561669,127.6550229,2021-06-30
경기도,여주시,***,닭,토종닭,4.0,경기도 여주시 우만동 3-1번지,37.263554,127.6761674,2021-06-30
경기도,여주시,***,칠면조,,2.0,경기도 여주시 가남읍 대신리 342-1번지,37.1885594,127.5310093,2020-01-31
경기도,여주시,***,닭,토종닭,15.0,경기도 여주시 멱곡동 79-1번지,37.2503898,127.6746639,2021-06-30
경기도,여주시,***,닭,토종닭,32.0,경기도 여주시 우만동 19-2번지,37.2629698,127.6743247,2021-06-30
경기도,여주시,***,닭,토종닭,5.0,경기도 여주시 연양동 207번지,37.2828293,127.6693254,2021-06-30
경기도,여주시,***,닭,토종닭,5.0,경기도 여주시 상동 509번지,37.2857164,127.6474745,2021-06-30
경기도,여주시,***,닭,토종닭,15.0,경기도 여주시 멱곡동 381-1번지,37.2483925,127.6645249,2021-06-30
경기도,여주시,***,닭,토종닭,21.0,경기도 여주시 점봉동 387번지,37.2603586,127.6480813,2021-06-30
경기도,여주시,***,칠면조,,2.0,경기도 여주시 북내면 신남리 130-4번지,37.3238534,127.672305,2020-01-31
경기도,여주시,***,칠면조,,1.0,경기도 여주시 대신면 천서리 109-3번지,37.3973976,127.5621384,2020-01-31
경기도,여주시,***,닭,토종닭,16.0,경기도 여주시 상거동 173-4번지,37.2503623,127.6303904,2021-06-30
경기도,여주시,***,오리,,17.0,경기도 여주시 금사면 하호리 341-2번지,37.3957621,127.5007036,2020-01-31
경기도,여주시,***,거위,,2.0,경기도 여주시 가남읍 금당리 602-6번지,37.2016169,127.600813,2020-01-31
경기도,여주시,***,닭,토종닭,50.0,경기도 여주시 강천면 도전리 1155번지,37.3124386,127.7446804,2020-01-31
경기도,여주시,***,닭,토종닭,40.0,경기도 여주시 강천면 도전리 713-3번지,37.3374681,127.7518775,2020-01-31
경기도,여주시,***,닭,토종닭,12.0,경기도 여주시 강천면 강천리 285-4번지,37.2457009,127.7183517,2020-01-31
경기도,여주시,***,닭,토종닭,5.0,경기도 여주시 강천면 도전리 135-1번지,37.3598526,127.729604,2020-01-31
경기도,여주시,***,닭,토종닭,7.0,경기도 여주시 강천면 강천리 51-5번지,37.2454997,127.7321335,2020-01-31
경기도,여주시,***,닭,토종닭,2.0,경기도 여주시 강천면 적금리 503-2번지,37.2502541,127.6919978,2020-01-31
경기도,여주시,***,닭,토종닭,46.0,경기도 여주시 강천면 도전리 274번지,37.3560779,127.7353803,2020-01-31
경기도,여주시,***,닭,토종닭,20.0,경기도 여주시 대신면 천남리 325-1번지,37.3316266,127.621441,2020-01-31
경기도,여주시,***,닭,토종닭,5.0,경기도 여주시 대신면 송촌리 355-2번지,37.4051761,127.5709719,2020-01-31
경기도,여주시,***,닭,토종닭,10.0,경기도 여주시 대신면 계림리 318-5번지,37.4077826,127.5925307,2020-01-31
경기도,여주시,***,닭,토종닭,10.0,경기도 여주시 대신면 옥촌리 303-10번지,37.3957879,127.6177782,2020-01-31
경기도,여주시,***,닭,토종닭,34.0,경기도 여주시 대신면 송촌리 29번지,37.4135611,127.5809415,2020-01-31
경기도,여주시,***,꿩,,4.0,경기도 여주시 삼교동 472-1번지,37.2421123,127.6482188,2020-01-31
경기도,여주시,***,칠면조,,3.0,경기도 여주시 연양동 199번지,37.2832451,127.6691036,2020-01-31
경기도,여주시,***,거위,,5.0,경기도 여주시 능현동 334-9번지,37.2702236,127.6581318,2020-01-31
경기도,여주시,***,오리,,3.0,경기도 여주시 산북면 상품리 586-5번지,37.3971484,127.4295429,2020-01-31
경기도,여주시,***,오리,,2.0,경기도 여주시 강천면 걸은리 68-2번지,37.3105792,127.7114083,2020-01-31
경기도,여주시,***,오리,,2.0,경기도 여주시 북내면 중암리 426-1번지,37.35074,127.7138735,2020-01-31
경기도,여주시,***,닭,토종닭,8.0,경기도 여주시 가남읍 신해리 118-1번지,37.2242821,127.5475959,2021-04-30
경기도,여주시,***,닭,토종닭,3.0,경기도 여주시 가남읍 심석리 산47번지,37.1960619,127.5630602,2021-04-30
경기도,여주시,***,닭,토종닭,8.0,경기도 여주시 가남읍 본두리 404-17번지,37.237617,127.581838,2021-04-30
경기도,여주시,***,닭,토종닭,10.0,경기도 여주시 가남읍 삼군리 551-1번지,37.2169476,127.5573449,2020-04-30
경기도,여주시,***,닭,토종닭,130.0,경기도 여주시 북내면 주암리 340-2번지,37.3950921,127.6776358,2021-06-30
경기도,여주시,***,닭,토종닭,8.0,경기도 여주시 가남읍 화평리 113-4번지,37.2428324,127.5653108,2021-06-30
경기도,여주시,***,닭,토종닭,20.0,경기도 여주시 가남읍 신해리 78번지,37.2280056,127.5510031,2021-06-30
경기도,여주시,***,닭,토종닭,4.0,경기도 여주시 가남읍 금당리 685번지,37.1970636,127.6067579,2021-06-30
경기도,여주시,***,닭,토종닭,20.0,경기도 여주시 가남읍 심석리 24-6번지,37.1962265,127.5644581,2021-06-30
경기도,여주시,***,닭,토종닭,20.0,경기도 여주시 가남읍 안금리 449-1번지,37.2272801,127.5968353,2021-06-30
경기도,여주시,***,닭,토종닭,5.0,경기도 여주시 가남읍 화평리 산48-1번지,37.2428095,127.5682296,2021-06-30
경기도,여주시,***,닭,토종닭,10.0,경기도 여주시 가남읍 신해리 136-1번지,37.2253608,127.5481445,2021-06-30
경기도,여주시,***,닭,토종닭,30.0,경기도 여주시 가남읍 태평리 319-4번지,37.2049804,127.5400677,2021-06-30
경기도,여주시,***,닭,토종닭,11.0,경기도 여주시 가남읍 은봉리 513번지,37.1848097,127.5511525,2021-06-30
경기도,여주시,***,닭,토종닭,23.0,경기도 여주시 대신면 상구리 329-3번지,37.3720385,127.6397453,2021-06-30
경기도,여주시,***,닭,토종닭,3.0,경기도 여주시 가남읍 신해리 582번지,37.2207795,127.5291269,2021-06-30
경기도,여주시,***,닭,토종닭,6.0,경기도 여주시 가남읍 오산리 333-10번지,37.2385007,127.5571984,2021-06-30
경기도,여주시,***,닭,토종닭,40.0,경기도 여주시 강천면 부평리 492-18번지,37.2629705,127.7494369,2021-06-30
경기도,여주시,***,닭,토종닭,3.0,경기도 여주시 강천면 강천리 51-2번지,37.2460595,127.7319361,2021-06-30
경기도,여주시,***,닭,토종닭,35.0,경기도 여주시 강천면 걸은리 722-5번지,37.2931907,127.7157675,2021-06-30
경기도,여주시,***,닭,토종닭,15.0,경기도 여주시 강천면 도전리 873번지,37.3253295,127.7450666,2021-06-30
경기도,여주시,***,닭,토종닭,6.0,경기도 여주시 강천면 적금리 산27-1번지,37.2541434,127.7078249,2021-06-30
경기도,여주시,***,닭,토종닭,3.0,경기도 여주시 가남읍 송림리 28-2번지,37.1858934,127.6373119,2020-04-30
경기도,여주시,***,닭,토종닭,7.0,경기도 여주시 삼교동 167-1번지,37.2363614,127.6633605,2020-04-30
경기도,여주시,***,닭,토종닭,15.0,경기도 여주시 가남읍 송림리 258-1번지,37.1830666,127.6368603,2020-04-30
경기도,여주시,***,닭,토종닭,7.0,경기도 여주시 가남읍 안금리 456-11번지,37.2268614,127.5976658,2021-04-30
경기도,여주시,***,닭,토종닭,2.0,경기도 여주시 가남읍 삼승리 191-3번지,37.1729262,127.6341971,2021-04-30
경기도,여주시,***,닭,토종닭,9.0,경기도 여주시 연라동 244-1번지,37.2716402,127.599833,2021-04-30
경기도,여주시,***,닭,토종닭,10.0,경기도 여주시 가업동 45번지,37.2786049,127.6157187,2021-04-30
경기도,여주시,***,닭,토종닭,4.0,경기도 여주시 교동 272-3번지,37.2904677,127.6267538,2021-04-30
경기도,여주시,***,닭,토종닭,15.0,경기도 여주시 가남읍 양귀리 201-5번지,37.2136122,127.5876479,2021-04-30
경기도,여주시,***,닭,토종닭,6.0,경기도 여주시 가남읍 금당리 655-2번지,37.1970334,127.6073884,2021-04-30
경기도,여주시,***,닭,토종닭,10.0,경기도 여주시 가남읍 금당리 602-6번지,37.2016169,127.600813,2021-04-30
경기도,여주시,***,닭,토종닭,4.0,경기도 여주시 가남읍 삼군리 364-7번지,37.2211104,127.5611497,2021-04-30
경기도,여주시,***,닭,토종닭,2.0,경기도 여주시 가남읍 은봉리 산103-1번지,37.1782566,127.5555981,2021-04-30
경기도,여주시,***,닭,토종닭,15.0,경기도 여주시 가남읍 신해리 112-1번지,37.2233955,127.548367,2021-04-30
경기도,여주시,***,닭,토종닭,14.0,경기도 여주시 가남읍 금당리 685번지,37.1970636,127.6067579,2021-04-30
경기도,여주시,***,닭,토종닭,14.0,경기도 여주시 가남읍 심석리 9-3번지,37.1974244,127.5702338,2021-04-30
경기도,여주시,***,닭,토종닭,15.0,경기도 여주시 흥천면 대당리 112번지,37.3229618,127.5435914,2021-04-30
경기도,여주시,***,닭,토종닭,18.0,경기도 여주시 흥천면 신근리 915번지,37.298827,127.5545843,2021-04-30
경기도,여주시,***,닭,토종닭,8.0,경기도 여주시 흥천면 하다리 83번지,37.3429018,127.5294475,2021-04-30
경기도,여주시,***,닭,토종닭,27.0,경기도 여주시 흥천면 복대리 341-1번지,37.3645951,127.5301183,2021-04-30
경기도,여주시,***,닭,토종닭,10.0,경기도 여주시 대신면 천남리 324-3번지,37.3307673,127.6220771,2021-04-30
경기도,여주시,***,닭,토종닭,13.0,경기도 여주시 대신면 천서리 109-3번지,37.3973976,127.5621384,2021-04-30
경기도,여주시,***,닭,토종닭,5.0,경기도 여주시 매룡동 253-4번지,37.282025,127.6519196,2021-04-30
경기도,여주시,***,닭,토종닭,10.0,경기도 여주시 북내면 석우리 87-2번지,37.3892912,127.691439,2021-04-30
경기도,여주시,***,닭,토종닭,10.0,경기도 여주시 북내면 중암리 426-1번지,37.35074,127.7138735,2021-04-30
경기도,여주시,***,닭,토종닭,15.0,경기도 여주시 산북면 상품리 586-5번지,37.3971484,127.4295429,2021-04-30
경기도,여주시,***,닭,토종닭,11.0,경기도 여주시 우만동 90-1번지,37.2568034,127.6796919,2021-04-30
경기도,여주시,***,닭,토종닭,11.0,경기도 여주시 능현동 334-9번지,37.2702236,127.6581318,2021-04-30
경기도,여주시,***,닭,토종닭,2.0,경기도 여주시 점봉동 389-1번지,37.2607799,127.6468336,2021-04-30
경기도,여주시,***,닭,토종닭,5.0,경기도 여주시 점봉동 77-4번지,37.2561089,127.6541094,2021-04-30
경기도,여주시,***,닭,토종닭,20.0,경기도 여주시 연양동 190-3번지,37.2833274,127.6672776,2021-04-30
경기도,여주시,***,닭,토종닭,4.0,경기도 여주시 멱곡동 302번지,37.2561646,127.6651903,2021-04-30
경기도,여주시,***,닭,토종닭,11.0,경기도 여주시 삼교동 472-1번지,37.2421123,127.6482188,2021-04-30
경기도,여주시,***,닭,토종닭,14.0,경기도 여주시 강천면 도전리 641-7번지,37.348296,127.7479335,2020-05-31
경기도,여주시,***,닭,토종닭,6.0,경기도 여주시 강천면 걸은리 647-9번지,37.2921931,127.7002179,2020-05-31
경기도,여주시,***,닭,토종닭,10.0,경기도 여주시 강천면 걸은리 61-6번지,37.309964,127.7088194,2020-05-31
경기도,여주시,***,닭,토종닭,14.0,경기도 여주시 가업동 130번지,37.2709751,127.6223087,2020-05-31
경기도,여주시,***,닭,토종닭,15.0,경기도 여주시 강천면 도전리 283-1번지,37.3557399,127.736122,2020-05-31
경기도,여주시,***,닭,토종닭,36.0,경기도 여주시 강천면 강천리 487번지,37.2378339,127.7125526,2021-04-30
경기도,여주시,***,닭,토종닭,19.0,경기도 여주시 강천면 적금리 144-2번지,37.2549186,127.7077757,2021-04-30
경기도,여주시,***,닭,토종닭,25.0,경기도 여주시 강천면 도전리 459-1번지,37.3552099,127.7402139,2021-04-30
경기도,여주시,***,닭,토종닭,3.0,경기도 여주시 흥천면 신근리 312-1번지,37.3099069,127.5531988,2021-04-30
경기도,여주시,***,닭,토종닭,26.0,경기도 여주시 가남읍 삼군리 66번지,37.2317261,127.5569798,2021-04-30
경기도,여주시,***,닭,토종닭,8.0,경기도 여주시 가남읍 안금리 99-1번지,37.228697,127.6052861,2021-04-30
경기도,여주시,***,닭,토종닭,5.0,경기도 여주시 가남읍 태평리 329번지,37.2061964,127.5381726,2021-04-30
경기도,여주시,***,닭,토종닭,3.0,경기도 여주시 가남읍 건장리 74-9번지,37.1888977,127.5497856,2021-04-30
경기도,여주시,***,닭,토종닭,3.0,경기도 여주시 가남읍 대신리 229-6번지,37.1769773,127.5338676,2021-04-30
경기도,여주시,***,닭,토종닭,11.0,경기도 여주시 가남읍 본두리 446번지,37.2377236,127.58398,2021-04-30
경기도,여주시,***,닭,토종닭,18.0,경기도 여주시 가남읍 양귀리 479번지,37.2079223,127.5903639,2021-04-30
경기도,여주시,***,닭,토종닭,1.0,경기도 여주시 가남읍 건장리 86-1번지,37.1901483,127.5482291,2021-04-30
경기도,여주시,***,닭,토종닭,18.0,경기도 여주시 가남읍 금당리 127-2번지,37.2027811,127.62495,2021-04-30
경기도,여주시,***,닭,토종닭,5.0,경기도 여주시 흥천면 신근리 996번지,37.301301,127.5515345,2021-04-30
경기도,여주시,***,닭,토종닭,7.0,경기도 여주시 흥천면 율극리 131-1번지,37.3330216,127.5695819,2021-04-30
경기도,여주시,***,닭,토종닭,24.0,경기도 여주시 연라동 1-13번지,37.2501709,127.6188021,2021-04-30
경기도,여주시,***,닭,토종닭,20.0,경기도 여주시 교동 220번지,37.2870532,127.6266918,2021-04-30
경기도,여주시,***,닭,토종닭,12.0,경기도 여주시 교동 295번지,37.2881917,127.6260809,2021-04-30
경기도,여주시,***,닭,토종닭,10.0,경기도 여주시 교동 273-4번지,37.2901638,127.6262776,2021-04-30
경기도,여주시,***,닭,토종닭,7.0,경기도 여주시 가업동 129번지,37.2710235,127.6216665,2021-04-30
경기도,여주시,***,닭,토종닭,9.0,경기도 여주시 가업동 49-44번지,37.276806,127.6168655,2021-04-30
경기도,여주시,***,닭,토종닭,30.0,경기도 여주시 가업동 72-4번지,37.2730007,127.6191684,2021-04-30
경기도,여주시,***,닭,토종닭,11.0,경기도 여주시 가업동 49-1번지,37.2777777,127.615385,2021-04-30
경기도,여주시,***,닭,토종닭,30.0,경기도 여주시 상동 485-5번지,37.288223,127.648804,2021-04-30
경기도,여주시,***,닭,토종닭,23.0,경기도 여주시 가남읍 태평리 414-2번지,37.2021737,127.5370966,2021-04-30
경기도,여주시,***,닭,토종닭,11.0,경기도 여주시 가남읍 본두리 405-2번지,37.2382822,127.5821473,2021-04-30
경기도,여주시,***,닭,토종닭,1.0,경기도 여주시 가남읍 연대리 산17번지,37.1930941,127.6095082,2021-04-30
경기도,여주시,***,닭,토종닭,4.0,경기도 여주시 가남읍 정단리 304-3번지,37.247779,127.5557561,2021-04-30
경기도,여주시,***,닭,토종닭,10.0,경기도 여주시 가남읍 안금리 77-1번지,37.2295557,127.6118059,2021-04-30
경기도,여주시,***,닭,토종닭,2.0,경기도 여주시 우만동 151-2번지,37.2571406,127.674273,2020-04-30
경기도,여주시,***,닭,토종닭,30.0,경기도 여주시 연양동 256-1번지,37.2882985,127.6677159,2020-04-30
경기도,여주시,***,닭,토종닭,5.0,경기도 여주시 점봉동 406번지,37.2617542,127.6449481,2020-04-30
경기도,여주시,***,닭,토종닭,7.0,경기도 여주시 우만동 153번지,37.2566978,127.6744945,2020-04-30
경기도,여주시,***,닭,토종닭,15.0,경기도 여주시 우만동 31-1번지,37.2618584,127.676468,2020-04-30
경기도,여주시,***,닭,토종닭,4.0,경기도 여주시 우만동 126-9번지,37.2568647,127.6752512,2020-04-30
경기도,여주시,***,닭,토종닭,4.0,경기도 여주시 연양동 199번지,37.2832451,127.6691036,2020-04-30
경기도,여주시,***,닭,토종닭,6.0,경기도 여주시 매룡동 223-2번지,37.2831936,127.6507795,2020-04-30
경기도,여주시,***,닭,토종닭,5.0,경기도 여주시 매룡동 49번지,37.2803892,127.6642186,2020-04-30
경기도,여주시,***,닭,토종닭,37.0,경기도 여주시 능현동 187번지,37.2565539,127.6632437,2020-04-30
경기도,여주시,***,닭,토종닭,30.0,경기도 여주시 매룡동 78-8번지,37.2836917,127.6617442,2020-04-30
경기도,여주시,***,닭,토종닭,15.0,경기도 여주시 연양동 254번지,37.287693,127.6680489,2020-04-30
경기도,여주시,***,닭,토종닭,18.0,경기도 여주시 가남읍 대신리 460-6번지,37.1894232,127.5272087,2020-04-30
경기도,여주시,***,닭,토종닭,33.0,경기도 여주시 가남읍 오산리 234-3번지,37.2380329,127.5589755,2020-04-30
경기도,여주시,***,닭,토종닭,17.0,경기도 여주시 멱곡동 303-2번지,37.2561363,127.6654155,2020-04-30
경기도,여주시,***,닭,토종닭,2.0,경기도 여주시 가남읍 삼승리 305-7번지,37.1744502,127.6254496,2020-04-30
경기도,여주시,***,닭,토종닭,3.0,경기도 여주시 상거동 189-1번지,37.2491405,127.6297266,2020-04-30
경기도,여주시,***,닭,토종닭,5.0,경기도 여주시 능현동 159-2번지,37.2605861,127.6607763,2020-04-30
경기도,여주시,***,닭,토종닭,4.0,경기도 여주시 가남읍 오산리 335-3번지,37.2391991,127.5581502,2020-04-30
경기도,여주시,***,닭,토종닭,30.0,경기도 여주시 가남읍 심석리 산27-1번지,37.199674,127.5555965,2020-04-30
경기도,여주시,***,닭,토종닭,3.0,경기도 여주시 가남읍 송림리 10번지,37.1878993,127.6379481,2020-04-30
경기도,여주시,***,닭,토종닭,20.0,경기도 여주시 가남읍 신해리 326-10번지,37.2233325,127.5463948,2020-04-30
경기도,여주시,***,닭,토종닭,10.0,경기도 여주시 가남읍 정단리 87-4번지,37.2497238,127.5502249,2020-04-30
경기도,여주시,***,닭,토종닭,45.0,경기도 여주시 가남읍 금당리 420-1번지,37.1988641,127.6088335,2020-04-30
경기도,여주시,***,닭,토종닭,17.0,경기도 여주시 가남읍 대신리 19-3번지,37.1951738,127.5368446,2020-04-30
경기도,여주시,***,닭,토종닭,5.0,경기도 여주시 가남읍 금당리 112-3번지,37.2011164,127.6228075,2020-04-30
경기도,여주시,***,닭,토종닭,10.0,경기도 여주시 가남읍 하귀리 118-1번지,37.2240013,127.5765397,2020-04-30
경기도,여주시,***,닭,토종닭,20.0,경기도 여주시 오금동 7-2번지,37.3439327,127.6569096,2020-04-30
경기도,여주시,***,닭,토종닭,8.0,경기도 여주시 가남읍 안금리 456-6번지,37.2261667,127.5978631,2020-04-30
경기도,여주시,***,닭,토종닭,10.0,경기도 여주시 상거동 146-5번지,37.2518607,127.6298844,2020-04-30
경기도,여주시,***,닭,토종닭,5.0,경기도 여주시 우만동 155-3번지,37.2555848,127.67533,2020-04-30
경기도,여주시,***,닭,토종닭,1.0,경기도 여주시 멱곡동 79번지,37.2504449,127.6744728,2020-04-30
경기도,여주시,***,닭,토종닭,5.0,경기도 여주시 상동 84번지,37.2924967,127.6482767,2020-04-30
경기도,여주시,***,닭,토종닭,7.0,경기도 여주시 단현동 243-7번지,37.2673568,127.6697189,2020-04-30
경기도,여주시,***,닭,토종닭,5.0,경기도 여주시 가남읍 금당리 산41-5번지,37.2146717,127.6186148,2020-04-30
경기도,여주시,***,닭,토종닭,11.0,경기도 여주시 가남읍 심석리 240-8번지,37.202279,127.5611462,2020-04-30
경기도,여주시,***2농장,닭,종계,500.0,경기도 여주시 흥천면 대당리 43-7번지,37.3171288,127.5502281,2021-09-30
경기도,여주시,가야농장,닭,토종닭,1000.0,경기도 여주시 강천면 가야리42,37.2640847,127.7027431,2021-11-30
경기도,여주시,경진농장,닭,육계,50000.0,경기도 여주시 북내면 석우리 13-3번지,37.3876774,127.6900692,2020-07-31
경기도,여주시,계림농장,닭,육계,57000.0,경기도 여주시 대신면 계림리360-3,37.4084851,127.5889671,2020-05-31
경기도,여주시,계림농장,닭,산란계,150000.0,경기도 여주시 가남읍 은봉리 691번지,37.1856166,127.5422054,2019-12-31
경기도,여주시,계림에그스,닭,산란계,,경기도 여주시 흥천면 다대리 405번지,37.3362938,127.5200694,2020-04-30
경기도,여주시,기민농장,닭,육계,23000.0,경기도 여주시 대신면 초현리 111번지,37.3830695,127.6030298,2020-06-30
경기도,여주시,김**농장,닭,육계,32000.0,경기도 여주시 북내면 신남리 56번지,37.3300745,127.6699681,2021-09-30
경기도,여주시,남산농장,닭,육계,15000.0,경기도 여주시 흥천면 하다리 112-2번지,37.3431817,127.5333653,2020-04-30
경기도,여주시,농업회사법인다온,닭,산란계,135000.0,경기도 여주시 점동면 당진리 536번지,37.1764524,127.6761932,2021-11-30
경기도,여주시,농업회사법인조인주식회사,닭,산란계,388000.0,경기도 여주시 가남읍 하귀리 2-2번지,37.2176663,127.5785647,2021-04-30
경기도,여주시,누리농장,닭,육계,,경기도 여주시 북내면 장암리268,37.3391282,127.6859931,2020-06-30
경기도,여주시,다산농장,닭,산란계,1800.0,경기도 여주시 강천면 이호리 380번지,37.2922204,127.686268,2021-04-30
경기도,여주시,대당농장,닭,육계,50000.0,경기도 여주시 흥천면 대당리 15-1번지,37.3219396,127.5503645,2021-07-31
경기도,여주시,대한농장,닭,종계,12000.0,경기도 여주시 흥천면 대당리 66번지,37.316657,127.543095,2021-04-30
경기도,여주시,도리농장,닭,육계,35000.0,경기도 여주시 점동면 도리 293-2,37.2159486,127.6957414,2019-12-31
경기도,여주시,두일농장,닭,육계,23000.0,경기도 여주시 북내면 석우리 56-5번지,37.3905955,127.6902653,2020-05-31
경기도,여주시,맹골농장,닭,산란계,1000.0,경기도 여주시 가남읍 하귀리 372-2,37.2265012,127.5644008,2021-06-30
경기도,여주시,명성농장,닭,육계,,경기도 여주시 대신면 상구리 94번지,37.3849273,127.640577,2020-07-31
경기도,여주시,모닝바이오텍,닭,산란계,75000.0,경기도 여주시 흥천면 율극리 296-2번지,37.3358492,127.564232,2019-12-31
경기도,여주시,민주농장,닭,토종닭,11000.0,경기도 여주시 흥천면 복대리 산86-1번지,37.3577906,127.5425318,2019-12-31
경기도,여주시,부용농장,닭,육계,,경기도 여주시 연라동 100번지,37.2644712,127.6151081,2021-06-30
경기도,여주시,분재농장,닭,육계,,경기도 여주시 점동면 당진리 300-1번지,37.1854567,127.6882216,2021-11-30
경기도,여주시,불노농장,닭,육계,30000.0,경기도 여주시 신진동 63-2,37.2770005,127.6691951,2021-04-30
경기도,여주시,산촌농장,닭,육계,75000.0,경기도 여주시 가남읍 신해리 495-1번지,37.2318652,127.5364834,2021-11-30
경기도,여주시,삼영농장,닭,육계,20300.0,경기도 여주시 능서면 양거리 555-1번지,37.2606354,127.5383659,2021-09-30
경기도,여주시,삼흥농장,닭,산란계,9500.0,경기도 여주시 강천면 간매리 37번지,37.2781973,127.7188508,2021-09-30
경기도,여주시,상활농장,닭,육계,44000.0,경기도 여주시 가남읍 신해리 498-5,37.232695,127.5342919,2020-07-31
경기도,여주시,서광농장,닭,산란계,82000.0,경기도 여주시 능서면 광대리 509-4번지,37.2583916,127.5637243,2021-07-31
경기도,여주시,석일농장,닭,육계,31500.0,경기도 여주시 능현동 113,37.262281,127.6622227,2019-12-31
경기도,여주시,선린농장,닭,산란계,62000.0,경기도 여주시 북내면 장암리 110-3번지,37.3538187,127.6883835,2021-09-30
경기도,여주시,성산농장,닭,육계,57000.0,경기도 여주시 능서면 마래리 산 18번지 1호,37.2714134,127.5651738,2020-06-30
경기도,여주시,성화농장,닭,육계,35000.0,경기도 여주시 점동면 덕평리 443번지,37.1685392,127.6523665,2020-05-31
경기도,여주시,손**농장,닭,산란계,700.0,경기도 여주시 능서면 양거리541-3,37.2588045,127.534757,2020-05-31
경기도,여주시,솔미농장,닭,육계,30000.0,경기도 여주시 대신면 초현리 381,37.3685964,127.5982748,2020-06-30
경기도,여주시,송운농장,닭,육계,,경기도 여주시 흥천면 복대1리 435-2,37.3602066,127.5282251,2020-04-30
경기도,여주시,승화축산,닭,산란계,140000.0,경기도 여주시 흥천면 다대리 474-1번지,37.3391585,127.5222331,2021-06-30
경기도,여주시,신애메추리농장,메추리,,40000.0,경기도 여주시 능서면 마래리 328번지,37.2596649,127.5573647,2019-12-31
경기도,여주시,아리농장,오리,,10000.0,경기도 여주시 가남읍 신해리 219-5번지,37.2332236,127.5429274,2020-11-30
경기도,여주시,알로1농장,메추리,,170000.0,경기도 여주시 능서면 오계1리336-2,37.2651907,127.5922853,2020-07-31
경기도,여주시,알로2농장,메추리,,170000.0,경기도 여주시 대신면 상구리 341-5,37.3737907,127.6406295,2021-06-30
경기도,여주시,양계농장,닭,육계,38000.0,경기도 여주시 북내면 석우리 90-1번지,37.3889292,127.6901597,2021-07-31
경기도,여주시,양계농장,닭,육계,,경기도 여주시 북내면 석우리 91,37.3885431,127.6899304,2021-07-31
경기도,여주시,양계농장,닭,산란계,63000.0,경기도 여주시 매룡동 161-5번지,37.2819657,127.6594176,2020-07-31
경기도,여주시,양지농장,메추리,,50000.0,경기도 여주시 가남읍 신해리 575-17,37.2198405,127.5355988,2021-09-30
경기도,여주시,에그홈,닭,산란계,30000.0,경기도 여주시 매룡동 157번지,37.2834376,127.6588327,2021-06-30
경기도,여주시,에덴3농장,오리,,18000.0,경기도 여주시 삼교동 228-5번지,37.2352558,127.6580206,2021-07-31
경기도,여주시,에덴농장,메추리,,,경기도 여주시 산북면 상품리 569-3번지,37.3939795,127.4337936,2021-09-30
경기도,여주시,여주자영농고,닭,산란계,,경기도 여주시 능서면 왕대리 산136-72번지,37.2939123,127.6106438,2021-04-30
경기도,여주시,영농장,닭,육계,50000.0,경기도 여주시 점동면 흔암리 210번지,37.2384726,127.6724958,2020-01-31
경기도,여주시,영지양계장,닭,육계,51000.0,경기도 여주시 가남읍 신해리 496-1번지,37.2350042,127.535728,2021-06-30
경기도,여주시,오**농장,닭,토종닭,5000.0,경기도 여주시 오금동 104번지,37.3394099,127.651973,2021-11-30
경기도,여주시,오금리한길오리장,오리,,5000.0,경기도 여주시 오금동 69-10,37.3338286,127.6576119,2021-07-31
경기도,여주시,왕실토종닭농장,닭,산란계,2000.0,경기도 여주시 가남읍 안금리 634번지 2호,37.2247565,127.5879255,2021-04-30
경기도,여주시,왕터청계농원,닭,토종닭,150.0,경기도 여주시 능서면 왕대리 45번지,37.3184337,127.5972471,2020-11-30
경기도,여주시,요엘농장,메추리,,50000.0,경기도 여주시 산북면 상품리 321-1번지,37.3952318,127.4362965,2020-06-30
경기도,여주시,우리농장,닭,산란계,,경기도 여주시 대신면 옥촌리 324번지,37.3963165,127.620075,2021-04-30
경기도,여주시,우리농장,오리,,5000.0,경기도 여주시 오금동 157,37.3438266,127.6532749,2021-04-30
경기도,여주시,유**농장,닭,육계,32000.0,경기도 여주시 강천면 걸은리 341-1번지,37.304747,127.6981907,2020-05-31
경기도,여주시,유성농장,메추리,,150000.0,경기도 여주시 대신면 송촌리198-5,37.3978969,127.5745308,2020-05-31
경기도,여주시,율극농장,닭,산란계,100000.0,경기도 여주시 흥천면 율극리 262-1번지,37.3402402,127.5673679,2021-04-30
경기도,여주시,율극축산,닭,육계,42000.0,경기도 여주시 흥천면 율극리 266-4번지,37.3422384,127.5659158,2021-07-31
경기도,여주시,율극축산,닭,산란계,,경기도 여주시 흥천면 율극리 264번지,37.3403816,127.56606,2021-06-30
경기도,여주시,은혜농장,메추리,,150000.0,경기도 여주시 산북면 상품리445-1,37.3923669,127.4386514,2020-06-30
경기도,여주시,이**농장,닭,육계,40000.0,경기도 여주시 강천면 가야2리 산41-6,37.2611937,127.6933261,2019-12-31
경기도,여주시,이**농장,닭,육계,30000.0,경기도 여주시 북내면 운촌리 623-18번지,37.3319392,127.7058205,2020-06-30
경기도,여주시,이**농장,닭,육계,32000.0,경기도 여주시 능서면 매화리 산 23번지 13호,37.273473,127.5347813,2019-12-31
경기도,여주시,이메코농장,메추리,,60000.0,경기도 여주시 대신면 천서1리51,37.4038696,127.5615314,2021-06-30
경기도,여주시,자연농장,닭,산란계,5000.0,경기도 여주시 삼교동 342번지,37.2303112,127.6560284,2021-09-30
경기도,여주시,장**농장,닭,육계,,경기도 여주시 능서면 매류리 178번지 1호,37.2815797,127.5683616,2020-07-31
경기도,여주시,장호농장,닭,육계,27000.0,경기도 여주시 강천면 도전리 558-1번지,37.3498007,127.7407366,2019-12-31
경기도,여주시,정훈양계장,닭,육계,33000.0,경기도 여주시 현암동 110번지,37.3173295,127.6414382,2020-11-30
경기도,여주시,제일농장,닭,육계,,경기도 여주시 흥천면 다대리 123-6번지,37.3367426,127.5265947,2021-11-30
경기도,여주시,제일농장,메추리,,70000.0,경기도 여주시 대신면 후포리156-2,37.368014,127.6187706,2021-11-30
경기도,여주시,조현농장,닭,육계,20000.0,경기도 여주시 대신면 무촌리 431-1번지,37.3931738,127.5841727,2019-12-31
경기도,여주시,중앙농원,닭,종계,57000.0,경기도 여주시 북내면 운촌리 482-1번지,37.3304117,127.7081532,2021-04-30
경기도,여주시,창대메추리농장,메추리,,50000.0,경기도 여주시 능서면 매류1리94,37.2791614,127.572865,2020-11-30
경기도,여주시,철중농장,닭,육계,55000.0,경기도 여주시 능서면 마래리 5번지,37.2696117,127.5650928,2021-09-30
경기도,여주시,청운농장,닭,육계,31000.0,경기도 여주시 흥천면 율극리 237-2번지,37.3266555,127.5649533,2020-06-30
경기도,여주시,충섭농장,닭,육계,60000.0,경기도 여주시 강천면 걸은리 671-1번지,37.2907444,127.7029336,2020-04-30
경기도,여주시,태린농장,닭,종계,57000.0,경기도 여주시 능서면 광대리 산15-4번지,37.2716901,127.5695052,2021-04-30
경기도,여주시,태원농장,닭,육계,26000.0,경기도 여주시 흥천면 상대리35-1,37.35251,127.514289,2021-09-30
경기도,여주시,태준농장,닭,토종닭,100.0,경기도 여주시 점동면 현수리 189-3번지,37.1869551,127.6908591,2021-09-30
경기도,여주시,한경농장,닭,육계,160000.0,경기도 여주시 연라동 100번지,37.2644712,127.6151081,2020-01-31
경기도,여주시,한솔농장,닭,육계,,경기도 여주시 대신면 초현리 361번지,37.3681809,127.5966911,2019-12-31
경기도,여주시,한울이네농장,닭,토종닭,500.0,경기도 여주시 대신면 계림리 223,37.4065327,127.5992186,2020-04-30
경기도,여주시,함일농장,닭,산란계,137000.0,경기도 여주시 능서면 마래리 458-6번지,37.2584169,127.5621689,2020-05-31
경기도,여주시,햇빛농장,오리,,10000.0,경기도 여주시 가남읍 정단리 584번지,37.2364137,127.5506695,2020-07-31
경기도,여주시,햇살농장,닭,산란계,6000.0,경기도 여주시 북내면 주암리 104-4번지,37.4039559,127.6826847,2021-07-31
경기도,여주시,행복짓는 농장,닭,산란계,3000.0,경기도 여주시 점동면 처리289,37.2293643,127.6754915,2020-11-30
경기도,여주시,후포농장,닭,육계,56000.0,경기도 여주시 대신면 후포리 223번지,37.3658767,127.6174098,2020-07-31
경기도,여주시,희망농장,닭,육계,48000.0,경기도 여주시 흥천면 율극1리 219-1,37.3350994,127.5646439,2019-12-31
경기도,여주시,21C고구려농장,닭,육계,100.0,경기도 여주시 금사면 하호리 333,37.3955637876,127.49893804,2025-08-31
경기도,여주시,강천농장,닭,육계,50000.0,경기도 여주시 강천면 부평리 562,37.2561952444,127.7331164507,2025-07-31
경기도,여주시,기민농장,닭,육계,30000.0,경기도 여주시 대신면 초현리 111,37.3831067225,127.6031880835,2025-07-31
경기도,여주시,김영오농장,닭,육계,30000.0,경기도 여주시 북내면 신남리 18,37.3307934365,127.6704949024,2025-04-30
경기도,여주시,남산농장,닭,육계,15000.0,경기도 여주시 흥천면 하다리 112,37.3427558061,127.533542191,2025-04-30
경기도,여주시,농업회사법인 다온농장,닭,산란계,160000.0,경기도 여주시 점동면 당진리 536,37.1766000226,127.6762309245,2025-08-31
경기도,여주시,농업회사법인 상신농장 유한회사,닭,산란계,350000.0,경기도 여주시 가남읍 금당리 606,37.1988249418,127.6031057415,2025-08-31
경기도,여주시,농업회사법인 세양(주) 누리지점,닭,산란계,389587.0,경기도 여주시 가남읍 하귀리 2,37.2176923552,127.5784249716,2025-05-31
경기도,여주시,농업회사법인 에이치비(주) 여주농장,메추리,,360000.0,경기도 여주시 흥천면 신근리 248,37.3184545276,127.5565327031,2025-07-31
경기도,여주시,농업회사법인 유한회사 함일,닭,산란계,260000.0,경기도 여주시 세종대왕면 마래리 449,37.2591119335,127.5634577304,2025-05-31
경기도,여주시,농업회사법인 주식회사 닭터,닭,산란계,100000.0,경기도 여주시 흥천면 율극리 294,37.3357844151,127.564176924,2025-04-30
경기도,여주시,누리농장,닭,육계,72160.0,경기도 여주시 북내면 장암리 268,37.3393596682,127.686420934,2025-04-30
경기도,여주시,다산농장,닭,산란계,200.0,경기도 여주시 강천면 이호리 384,37.2917575953,127.6860890555,2025-04-30
경기도,여주시,대당농장,닭,육계,0.0,경기도 여주시 흥천면 대당리 15,37.3221529486,127.5505534844,2025-08-31
경기도,여주시,대복농장,닭,산란계,25000.0,경기도 여주시 세종대왕면 용은리 466,37.2883569747,127.5349762909,2025-05-31
경기도,여주시,도리양계장,닭,육계,40000.0,경기도 여주시 점동면 도리 293,37.2160152081,127.6957198287,2025-05-31
경기도,여주시,동산농장,닭,육계,63000.0,경기도 여주시 가남읍 하귀리 342,37.2184428791,127.5747851186,2025-08-31
경기도,여주시,두일농장,닭,육계,24000.0,경기도 여주시 북내면 석우리 56,37.3912276348,127.6906840381,2025-07-31
경기도,여주시,매봉농장,닭,육계,50000.0,경기도 여주시 흥천면 복대리 208,37.3599361203,127.5341257494,2025-07-31
경기도,여주시,민주농장,닭,육계,75000.0,경기도 여주시 흥천면 복대리 96,37.3568327565,127.54215293,2025-04-30
경기도,여주시,백마농장,닭,육계,30000.0,경기도 여주시 세종대왕면 마래리 5,37.2697295872,127.5650569706,2025-08-31
경기도,여주시,벽해농장,오리,,1500.0,경기도 여주시 점동면 청안리 469,37.2055400505,127.6534326396,2025-07-31
경기도,여주시,부용농장,닭,육계,50000.0,경기도 여주시 연라동 100,37.2645445896,127.6150147855,2025-04-30
경기도,여주시,분재농장,닭,육계,20000.0,경기도 여주시 점동면 당진리 300,37.1854965581,127.6882277655,2025-08-31
경기도,여주시,삼영농장,닭,육계,25000.0,경기도 여주시 세종대왕면 양거리 555,37.2610786687,127.5386711017,2025-07-31
경기도,여주시,상대농장,닭,육계,90000.0,경기도 여주시 흥천면 상대리 332,37.3453834973,127.505103223,2025-04-30
경기도,여주시,상활농장,닭,육계,45000.0,경기도 여주시 가남읍 신해리 498,37.2328659138,127.5346997072,2025-05-31
경기도,여주시,새벗농장,닭,산란계,45000.0,경기도 여주시 매룡동 160,37.2817823645,127.6591373957,2025-08-31
경기도,여주시,선린농장,닭,산란계,100000.0,경기도 여주시 북내면 장암리 111,37.3544895523,127.6892134932,2025-07-31
경기도,여주시,성원농장,닭,산란계,60000.0,경기도 여주시 흥천면 상대리 279,37.3475917324,127.5081518289,2025-08-31
경기도,여주시,솔미농장,닭,육계,6000.0,경기도 여주시 대신면 초현리 382,37.3684460574,127.597442096,2025-05-31
경기도,여주시,승화축산,닭,산란계,100000.0,경기도 여주시 흥천면 다대리 474,37.3388824446,127.5224769784,2025-05-31
경기도,여주시,실로암농장,메추리,,85000.0,경기도 여주시 대신면 천서리 51,37.4041468819,127.5616928953,2025-04-30
경기도,여주시,아리농장,오리,,10000.0,경기도 여주시 가남읍 신해리 219,37.2329533082,127.5430646559,2025-07-31
경기도,여주시,알로1농장,메추리,,160000.0,경기도 여주시 세종대왕면 오계리 336,37.2650692262,127.5923463148,2025-04-30
경기도,여주시,알로2농장,메추리,,100000.0,경기도 여주시 대신면 상구리 341,,,2025-07-31
경기도,여주시,양지농장,메추리,,60000.0,경기도 여주시 가남읍 신해리 575,37.2196870836,127.5355052166,2025-08-31
경기도,여주시,여주서진농장,닭,육계,7000.0,경기도 여주시 강천면 가야리 66,37.2648024553,127.7044851079,2025-05-31
경기도,여주시,여주자영농업고등학교,닭,산란계,30000.0,경기도 여주시 세종대왕면 왕대리 산 136,37.2920988094,127.6070914309,2025-04-30
경기도,여주시,왕터청계농원,닭,산란계,250.0,경기도 여주시 세종대왕면 왕대리 45,37.3185002994,127.5971067124,2025-08-31
경기도,여주시,우리농장,닭,산란계,2500.0,경기도 여주시 대신면 옥촌리 324,37.3961886109,127.6193506566,2025-07-31
경기도,여주시,우솔농장,닭,산란계,17000.0,경기도 여주시 흥천면 상대리 69,37.349132405,127.515265206,2025-05-31
경기도,여주시,원농장,닭,육계,40000.0,경기도 여주시 대신면 장풍리 594,37.3727053785,127.6123787192,2025-05-31
경기도,여주시,유성농장,메추리,,100000.0,경기도 여주시 대신면 송촌리 198,37.3979018812,127.5746015276,2025-05-31
경기도,여주시,유영도농장,닭,육계,30000.0,경기도 여주시 강천면 걸은리 341,37.304682482,127.697901546,2025-08-31
경기도,여주시,율극농장,닭,산란계,200000.0,경기도 여주시 흥천면 율극리 264,37.3403353633,127.5661338783,2025-04-30
경기도,여주시,은혜농장,메추리,,150000.0,경기도 여주시 산북면 상품리 445,37.3924201231,127.4387347774,2025-07-31
경기도,여주시,이지우농장,닭,육계,30000.0,경기도 여주시 세종대왕면 매화리 산 23 1,37.2728535359,127.5322852837,2025-07-31
경기도,여주시,이항모농장,닭,육계,40000.0,경기도 여주시 강천면 가야리 산 41,37.2611345885,127.6932539368,2025-04-30
경기도,여주시,일우농장,닭,산란계,83381.0,경기도 여주시 흥천면 율극리 266,37.3424628333,127.5657970496,2025-07-31
경기도,여주시,장주원농장,닭,육계,45000.0,경기도 여주시 세종대왕면 매류리 178,37.2813560578,127.5680329507,2025-08-31
경기도,여주시,장호농장,닭,육계,25000.0,경기도 여주시 강천면 도전리 558,37.3487898086,127.7404817198,2025-04-30
경기도,여주시,정원농장,닭,육계,45000.0,경기도 여주시 가남읍 은봉리 274,37.1805851717,127.5554496825,2025-05-31
경기도,여주시,정훈양계장,닭,육계,30000.0,경기도 여주시 현암동 110,37.3174540286,127.6423060511,2025-08-31
경기도,여주시,제일농장,메추리,,50000.0,경기도 여주시 대신면 후포리 156,37.3681020366,127.6187979377,2025-05-31
경기도,여주시,조현농장,닭,육계,130000.0,경기도 여주시 대신면 무촌리 431,37.3934518377,127.5838949199,2025-04-30
경기도,여주시,중앙농원,닭,육계,45000.0,경기도 여주시 북내면 운촌리 482,37.3305439701,127.708105993,2025-05-31
경기도,여주시,창대메추리농장,메추리,,50000.0,경기도 여주시 세종대왕면 매류리 94,37.2791615535,127.5728424706,2025-05-31
경기도,여주시,창호농장,닭,육계,40000.0,경기도 여주시 흥천면 신근리 250,37.3169586731,127.5555609873,2025-08-31
경기도,여주시,청솔농장,닭,육계,70000.0,경기도 여주시 북내면 석우리 363,37.3742772477,127.682023371,2025-08-31
경기도,여주시,청춘농장,닭,육계,0.0,경기도 여주시 가남읍 정단리 584,37.2366552709,127.5502257597,2025-07-31
경기도,여주시,태원농장,닭,육계,30000.0,경기도 여주시 흥천면 상대리 35,,,2025-08-31
경기도,여주시,태준 농장,닭,산란계,30.0,경기도 여주시 점동면 현수리 189,37.1867817191,127.6906420029,2025-08-31
경기도,여주시,털보농장,닭,육계,30000.0,경기도 여주시 대신면 송촌리 172,37.4000273031,127.5774621394,2025-04-30
경기도,여주시,토끼네가축집,닭,산란계,50.0,경기도 여주시 흥천면 복대리 54,37.3616296063,127.5378192231,2025-08-31
경기도,여주시,토종닭농장,닭,육계,300.0,경기도 여주시 대신면 하림리 산 84,,,2025-07-31
경기도,여주시,한솔농장,닭,육계,70000.0,경기도 여주시 대신면 초현리 361,37.3683744659,127.5968095568,2025-07-31
경기도,여주시,한솔농장,닭,산란계,3500.0,경기도 여주시 삼교동 342,37.2305868674,127.6559860038,2025-07-31
경기도,여주시,한울이네농장,닭,산란계,80.0,경기도 여주시 대신면 계림리 223,37.406564012,127.5993106465,2025-08-31
경기도,여주시,행복짓는농장,닭,산란계,5000.0,경기도 여주시 점동면 처리 289,37.2294957853,127.6755761173,2025-08-31
경기도,용인시,강릉농장,닭,육계,30000.0,경기도 용인시 처인구 해곡동 84번지,37.1807214,127.2743176,2021-09-30
경기도,용인시,계성농장,닭,육계,55000.0,경기도 용인시 처인구 백암면 백암리 72번지,37.1776169,127.3784438,2020-06-30
경기도,용인시,권일농장,닭,육계,36650.0,경기도 용인시 처인구 남사면 방아리 169-8번지,37.1178972,127.168631,2021-11-30
경기도,용인시,금수농장,닭,육계,41000.0,경기도 용인시 처인구 이동읍 시미리 86-1번지,37.1618931,127.2101572,2020-11-30
경기도,용인시,김기범,닭,육계,4000.0,경기도 용인시 처인구 이동읍 묵리 809번지,37.1927748,127.2329024,2019-12-31
경기도,용인시,김진성,닭,육계,40000.0,경기도 용인시 처인구 남사면 봉명리 617번지,37.1176494,127.1194719,2021-09-30
경기도,용인시,꼬꼬농장,닭,육계,50000.0,경기도 용인시 처인구 원삼면 가재월리 281번지,37.1794752,127.3223967,2021-11-30
경기도,용인시,낙은농장,닭,산란계,20000.0,경기도 용인시 처인구 역북동 248번지,37.2443007,127.1948745,2019-12-31
경기도,용인시,남사농장,닭,육계,30000.0,경기도 용인시 처인구 남사면 봉무리 152-1번지,37.1325359,127.1578029,2021-07-31
경기도,용인시,남산농장,닭,육계,100000.0,경기도 용인시 처인구 이동읍 어비리 321-11번지,37.1084557,127.2027101,2021-11-30
경기도,용인시,노동오리농장,오리,육계,3000.0,경기도 용인시 처인구 백암면 근곡리 산 36번지 7호,37.1813949,127.3570889,2020-01-31
경기도,용인시,놀부농장,닭,육계,35000.0,경기도 용인시 처인구 백암면 용천리 382-3번지,37.1297304,127.3714775,2021-04-30
경기도,용인시,농업회사법인(주) 다원팜(유연지점),닭,산란계,63000.0,경기도 용인시 처인구 원삼면 독성리 50-4번지,37.1569554,127.3267599,2021-07-31
경기도,용인시,늘푸른유정란농장,닭,산란계,20000.0,경기도 용인시 처인구 남사면 봉명리 617번지,37.1176494,127.1194719,2020-06-30
경기도,용인시,대박농장,닭,육계,35000.0,경기도 용인시 처인구 원삼면 가재월리 799-2번지,37.1756449,127.3160073,2020-04-30
경기도,용인시,대부농장,닭,육계,50000.0,경기도 용인시 처인구 이동읍 묘봉리 326번지,37.1313939,127.2291828,2021-06-30
경기도,용인시,대성농장,닭,육계,68000.0,경기도 용인시 처인구 백암면 석천리 376-2번지,37.1147653,127.3739702,2019-12-31
경기도,용인시,도승농장,닭,육계,59500.0,경기도 용인시 처인구 백암면 박곡리 288-1번지,37.1637807,127.3967153,2020-07-31
경기도,용인시,돈희농장,닭,육계,79000.0,경기도 용인시 처인구 이동읍 송전리 1199번지,37.1365861,127.213352,2021-07-31
경기도,용인시,두레농장,닭,산란계,9590.0,경기도 용인시 처인구 원삼면 문촌리 361-4번지,37.1671748,127.2912589,2020-04-30
경기도,용인시,밀알농장,닭,산란계,140000.0,경기도 용인시 처인구 원삼면 고당리 150번지 6호 외 3필지,37.1728906,127.311447,2020-05-31
경기도,용인시,백암농장,닭,육계,74500.0,경기도 용인시 처인구 백암면 근곡리 542-8번지,37.1802519,127.356667,2019-12-31
경기도,용인시,보배농장,닭,육계,50000.0,경기도 용인시 처인구 남사면 창리 249번지,37.1519506,127.1851626,2020-05-31
경기도,용인시,뿌리농장,닭,육계,50000.0,경기도 용인시 처인구 백암면 박곡리 175번지,37.170839,127.3984746,2020-06-30
경기도,용인시,산에들에농장,닭,산란계,600.0,경기도 용인시 처인구 해곡동 109번지,37.186142,127.2797877,2019-12-31
경기도,용인시,삼보축산,닭,육계,30000.0,경기도 용인시 처인구 이동읍 덕성리 1046번지,37.1636186,127.2075387,2021-11-30
경기도,용인시,삼원농장,닭,육계,25000.0,경기도 용인시 처인구 백암면 고안리 531-2번지,37.135124,127.4084737,2020-11-30
경기도,용인시,새한농원,닭,육계,50000.0,경기도 용인시 처인구 백암면 가창리 185-1번지,37.1967789,127.3678835,2020-11-30
경기도,용인시,새한농원,닭,육계,50000.0,경기도 용인시 처인구 백암면 가창리 185-1번지 홍성산업,37.1967789,127.3678835,2020-11-30
경기도,용인시,샘말농장2,닭,육계,84000.0,경기도 용인시 처인구 이동읍 송전리 1223번지,37.1370363,127.2185416,2021-07-31
경기도,용인시,서리농장,닭,육계,50000.0,경기도 용인시 처인구 이동읍 서리 112번지,37.1866415,127.1786578,2021-11-30
경기도,용인시,선돌농장,닭,육계,21000.0,경기도 용인시 처인구 남사면 창리 477번지,37.1263145,127.1739382,2020-04-30
경기도,용인시,선진농장,닭,산란계,15000.0,경기도 용인시 처인구 남사면 봉명리 617번지,37.1176494,127.1194719,2020-06-30
경기도,용인시,설해농장,닭,육계,42000.0,경기도 용인시 처인구 원삼면 미평리 77-1번지,37.1819738,127.3280266,2020-06-30
경기도,용인시,성민농장,닭,육계,26000.0,경기도 용인시 처인구 백암면 박곡리 158-2번지,37.172455,127.4029081,2021-11-30
경기도,용인시,세례농장,닭,산란계,109800.0,경기도 용인시 처인구 백암면 석천리 170번지,37.1082622,127.3788886,2020-11-30
경기도,용인시,세례유정란농장,닭,산란계,13500.0,경기도 용인시 처인구 원삼면 문촌리 367번지 외1필지,37.1662255,127.2888684,2021-04-30
경기도,용인시,세진축산,닭,육계,35000.0,경기도 용인시 처인구 고림동 135-1번지,37.2588012,127.2336215,2020-01-31
경기도,용인시,소현농장,닭,산란계,40000.0,경기도 용인시 처인구 원삼면 죽능리 749-1번지,37.1415653,127.2993104,2019-12-31
경기도,용인시,송화농장,닭,육계,102.0,경기도 용인시 처인구 이동읍 화산리 501-1번지 외 1필지,37.1406202,127.2097165,2020-01-31
경기도,용인시,수원농장,닭,육계,35000.0,경기도 용인시 처인구 남사면 방아리 969-10번지,37.1013976,127.1758845,2021-09-30
경기도,용인시,스마일농장,닭,육계,57473.0,경기도 용인시 처인구 이동읍 서리 859번지,37.2138327,127.1610446,2020-11-30
경기도,용인시,싱글벙글농장,닭,육계,85000.0,경기도 용인시 처인구 이동읍 서리 862번지,37.2142723,127.1624312,2020-11-30
경기도,용인시,씨알유정란농장,닭,산란계,17000.0,경기도 용인시 처인구 원삼면 목신리 215번지,37.1244808,127.3102039,2020-05-31
경기도,용인시,알찬유정란농장,닭,산란계,15000.0,경기도 용인시 처인구 원삼면 맹리 190번지,37.1987496,127.3350595,2020-01-31
경기도,용인시,양지농원,닭,산란계,6000.0,경기도 용인시 처인구 양지면 양지리 493-34번지,37.2310525,127.2899469,2020-01-31
경기도,용인시,양지단비사슴농장,닭,육계,80.0,경기도 용인시 처인구 양지면 평창리 552-2번지,37.2219678,127.3191394,2020-11-30
경기도,용인시,예산농장,닭,산란계,15000.0,경기도 용인시 처인구 원삼면 죽능리 141번지,37.1357621,127.3030918,2021-09-30
경기도,용인시,옥산농장,닭,육계,60000.0,경기도 용인시 처인구 백암면 옥산리 925번지,37.0998499,127.3972503,2021-11-30
경기도,용인시,용인농장,닭,육계,40000.0,경기도 용인시 처인구 백암면 고안리 589번지,37.1393986,127.4126608,2021-06-30
경기도,용인시,우진양계장,닭,육계,40000.0,경기도 용인시 처인구 남사면 창리 559번지,37.1385079,127.1723787,2020-11-30
경기도,용인시,의웅농장,닭,육계,40000.0,경기도 용인시 처인구 이동읍 시미리 64-1번지,37.1619766,127.2138727,2019-12-31
경기도,용인시,재복농장,닭,육계,40000.0,경기도 용인시 처인구 원삼면 가재월리 799-5번지,37.175059,127.3160612,2020-01-31
경기도,용인시,재영농장,닭,산란계,8000.0,경기도 용인시 처인구 포곡읍 삼계리 217-3번지,37.2921828,127.2296747,2021-04-30
경기도,용인시,점터농장,닭,육계,60000.0,경기도 용인시 처인구 백암면 석천리 509-1번지,37.1106539,127.3631383,2021-11-30
경기도,용인시,정원축산,닭,산란계,200000.0,경기도 용인시 처인구 백암면 박곡리 194-2번지,37.1654503,127.4013063,2019-12-31
경기도,용인시,종근농장,오리,육계,5000.0,경기도 용인시 처인구 원삼면 미평리 280번지,37.1852019,127.3205064,2021-11-30
경기도,용인시,좋은농장,닭,육계,45000.0,경기도 용인시 처인구 남사면 봉명리 197번지,37.1192579,127.1238288,2021-11-30
경기도,용인시,중선농원,닭,육계,5000.0,경기도 용인시 수지구 고기동 203번지,37.3588356,127.0618031,2021-07-31
경기도,용인시,지성농장,오리,육계,4000.0,경기도 용인시 처인구 원삼면 맹리 659번지 10호,37.185727,127.3391918,2019-12-31
경기도,용인시,진흥농장,닭,육계,45000.0,경기도 용인시 처인구 유방동 163번지,37.2640508,127.2111471,2020-04-30
경기도,용인시,천하축산,닭,육계,15000.0,경기도 용인시 처인구 백암면 박곡리 288-2번지,37.1629527,127.3964408,2020-07-31
경기도,용인시,칠보농장,닭,육계,2000.0,경기도 용인시 처인구 남사면 통삼리 14번지 1호,37.1247289,127.1389162,2021-09-30
경기도,용인시,평창농장,닭,육계,2300.0,경기도 용인시 처인구 양지면 평창리 181-1번지,37.2345546,127.3227304,2021-09-30
경기도,용인시,평촌오리농장,오리,육계,5000.0,경기도 용인시 처인구 백암면 백봉리 1135번지 3호,37.1500643,127.380919,2021-11-30
경기도,용인시,한빛농장,닭,육계,28000.0,경기도 용인시 처인구 이동읍 어비리 828번지,37.0946542,127.1900758,2021-09-30
경기도,용인시,한정농장,닭,육계,50000.0,"경기도 용인시 처인구 이동읍 묵리 981-2번지 외 2필지(981-1,982-1)",37.1845838,127.2188794,2019-12-31
경기도,용인시,한창농장,닭,육계,54000.0,경기도 용인시 처인구 백암면 근삼리 227-2번지,37.1434265,127.3771716,2020-07-31
경기도,용인시,해동유정란농장,닭,산란계,60000.0,경기도 용인시 처인구 백암면 장평리 616-9번지 EQB,37.1215703,127.3732833,2021-07-31
경기도,용인시,현주농장,닭,육계,30000.0,경기도 용인시 처인구 남사면 창리 14번지,37.1561692,127.1954395,2021-07-31
경기도,용인시,혜민농장,닭,육계,27000.0,경기도 용인시 처인구 백암면 가좌리 356-5번지,37.1784232,127.341085,2020-06-30
경기도,용인시,황새울농장,닭,육계,50000.0,경기도 용인시 처인구 남사면 창리 549번지,37.1390661,127.1727401,2021-06-30
경기도,용인시,흰돌농장,닭,육계,20000.0,경기도 용인시 처인구 이동읍 덕성리 918번지 (외1필지(918-1)),37.1632804,127.2051285,2019-12-31
경기도,이천시,(주)이레농산,오리,,6000.0,경기도 이천시 대월면 구시리 457번지,37.2055289908,127.4968493819,2020-04-30
경기도,이천시,경기농장,닭,육계,17600.0,경기도 이천시 부발읍 아미리 산 6-2,37.264496818,127.4935365716,2020-04-30
경기도,이천시,계림농장,닭,산란계,41700.0,경기도 이천시 백사면 도립리 261번지,37.340612344,127.4737744414,2020-11-30
경기도,이천시,계림농장,닭,산란계,41700.0,경기도 이천시 백사면 도립리 261번지,37.3405692784,127.4736281811,2020-01-31
경기도,이천시,광림농원,닭,산란계,600.0,경기도 이천시 장호원읍 선읍리 산 131,37.1386228146,127.5740374341,2021-07-31
경기도,이천시,광주축산,닭,육계,25000.0,경기도 이천시 율현동 277-1,37.2546916244,127.441238849,2020-01-31
경기도,이천시,금산농장,닭,육계,20000.0,경기도 이천시 마장면 표교리 산55-1번지,37.256223451,127.3933428503,2020-06-30
경기도,이천시,금산농장,닭,육계,20000.0,경기도 이천시 마장면 표교리 산55-1번지,37.2576113736,127.3948586236,2020-01-31
경기도,이천시,금철농장,닭,육계,6000.0,경기도 이천시 설성면 장천리 77-1,37.1505661887,127.5342907843,2020-05-31
경기도,이천시,길농원,닭,육계,45000.0,경기도 이천시 호법면 동산리 378번지,37.2037421131,127.4021728436,2020-06-30
경기도,이천시,농업회사법인 골드아이 유한회사,닭,산란계,90000.0,경기도 이천시 설성면 행죽리 779-1번지,37.1158978491,127.5356367928,2021-07-31
경기도,이천시,농업회사법인 나래 주식회사,닭,산란계,250000.0,경기도 이천시 장호원읍 나래리 553-2번지,37.1850938013,127.587844689,2020-05-31
경기도,이천시,농업회사법인 나래 주식회사,닭,산란계,250000.0,경기도 이천시 장호원읍 나래리 553-2번지,37.1847030202,127.5879221251,2021-07-31
경기도,이천시,농업회사법인 한국양계티에스㈜,닭,종계,54000.0,경기도 이천시 장호원읍 어석리 77-1번지,37.1107025608,127.5917195855,2021-11-30
경기도,이천시,농업회사법인 한국양계티에스㈜,닭,종계,54000.0,경기도 이천시 장호원읍 어석리 77-1번지,37.110431789,127.5919501524,2020-05-31
경기도,이천시,농업회사법인(주)에버그린팜,닭,육계,61800.0,경기도 이천시 설성면 제요리 437-1번지,37.1211548205,127.5548884906,2021-04-30
경기도,이천시,농업회사법인(주)에버그린팜,닭,육계,61800.0,경기도 이천시 설성면 제요리 437-1번지,37.1211251988,127.5549012458,2020-05-31
경기도,이천시,농업회사법인(주)한농 이천지점,메추리,,510000.0,경기도 이천시 율면 석산리 679번지,37.0642607485,127.5451400601,2020-06-30
경기도,이천시,농업회사법인(주)한농 이천지점,메추리,,510000.0,경기도 이천시 율면 석산리 679번지,37.0638274481,127.5452098542,2020-01-31
경기도,이천시,농업회사법인조인㈜ 설성지점,닭,종계,49110.0,경기도 이천시 설성면 대죽리 776번지,37.1347653237,127.4646636814,2020-01-31
경기도,이천시,농업회사법인조인㈜ 설성지점,닭,종계,49110.0,경기도 이천시 설성면 대죽리 776번지,37.1351254007,127.4649734928,2021-09-30
경기도,이천시,늘푸른농장,닭,산란계,83000.0,경기도 이천시 율면 본죽리 115-1번지,37.0738483826,127.5274722033,2021-04-30
경기도,이천시,늘푸른농장,닭,산란계,83000.0,경기도 이천시 율면 본죽리 115-1번지,37.0734396385,127.5276236202,2020-01-31
경기도,이천시,대인농장,닭,산란계,30000.0,경기도 이천시 부발읍 가산리 427-38번지,37.2509801686,127.5042736902,2021-04-30
경기도,이천시,대일농장,닭,육계,50000.0,경기도 이천시 대월면 구시리 35번지,37.2175569842,127.5077097257,2020-01-31
경기도,이천시,대일농장,닭,육계,50000.0,경기도 이천시 대월면 구시리 35번지,37.2163208608,127.5080249729,2021-11-30
경기도,이천시,대풍농장,메추리,,160000.0,경기도 이천시 장호원읍 선읍리 748번지,37.1391256409,127.5744013647,2020-04-30
경기도,이천시,대풍농장,메추리,,160000.0,경기도 이천시 장호원읍 선읍리 748번지,37.139443185,127.5742118629,2021-06-30
경기도,이천시,대흥농장,닭,육계,82000.0,경기도 이천시 대월면 대흥리 182,37.2291196749,127.4813659401,2021-04-30
경기도,이천시,덕기농장,닭,육계,55000.0,경기도 이천시 마장면 작촌리 260-2번지,37.2452219103,127.3411650784,2020-06-30
경기도,이천시,덕기농장,닭,육계,55000.0,경기도 이천시 마장면 작촌리 260-2번지,37.2451628096,127.3410787031,2020-04-30
경기도,이천시,도봉농장,닭,산란계,28000.0,경기도 이천시 신둔면 도봉리 795번지 3호,37.3160060592,127.4509178539,2021-11-30
경기도,이천시,도봉농장,닭,산란계,28000.0,경기도 이천시 신둔면 도봉리 795번지 3호,37.3155470444,127.4507070221,2020-01-31
경기도,이천시,도춘농장,닭,육계,10000.0,경기도 이천시 장호원읍 어석리 산18번지,37.0907704113,127.6028655309,2020-05-31
경기도,이천시,도춘농장,닭,육계,10000.0,경기도 이천시 장호원읍 어석리 산18번지,37.088574135,127.6008295685,2020-07-31
경기도,이천시,동원양계장,닭,산란계,13500.0,경기도 이천시 장호원읍 와현리 473-5번지,37.1434056448,127.6017615208,2020-05-31
경기도,이천시,동원양계장,닭,산란계,13500.0,경기도 이천시 장호원읍 와현리 473-5번지,37.1432447351,127.6017916393,2020-06-30
경기도,이천시,동원종계장,닭,종계,28800.0,경기도 이천시 백사면 신대리 363-5번지,37.3192993643,127.4594030441,2021-09-30
경기도,이천시,명성농장,닭,육계,65000.0,경기도 이천시 호법면 동산리 527-2번지,37.1936735699,127.4058245438,2020-04-30
경기도,이천시,명성농장,닭,육계,65000.0,경기도 이천시 호법면 동산리 527-2번지,37.1938655934,127.4058250366,2021-04-30
경기도,이천시,미래농장,닭,육계,10000.0,경기도 이천시 장호원읍 대서리 543-1,37.1159030541,127.5656567713,2020-11-30
경기도,이천시,미래양계장,닭,육계,30000.0,경기도 이천시 설성면 제요리 713-10번지,37.1180147732,127.5455398381,2020-05-31
경기도,이천시,미래양계장,닭,육계,30000.0,경기도 이천시 설성면 제요리 713-10번지,37.1180758976,127.5455659639,2020-07-31
경기도,이천시,봉하농장,닭,육계,12000.0,경기도 이천시 백사면 송말리 624-2번지,37.3460482102,127.476041911,2021-07-31
경기도,이천시,부영농장,닭,산란계,35000.0,경기도 이천시 마장면 오천리 213번지,37.2423013304,127.3521895376,2020-05-31
경기도,이천시,부일농장,닭,산란계,22140.0,경기도 이천시 장호원읍 와현리 52-5번지,37.1683907081,127.6059141372,2020-07-31
경기도,이천시,부일농장,닭,산란계,22140.0,경기도 이천시 장호원읍 와현리 52-5번지,37.1684581598,127.6063389118,2020-01-31
경기도,이천시,비에스팜,닭,산란계,78000.0,경기도 이천시 부발읍 가산리 429번지,37.2506107964,127.5045938457,2020-06-30
경기도,이천시,산성농장,닭,육계,30000.0,경기도 이천시 율면 산성리 178번지 3호,37.0515265612,127.5533737813,2020-11-30
경기도,이천시,삼진농장,닭,산란계,20000.0,경기도 이천시 설성면 대죽리 274번지,37.1381264538,127.4871820741,2020-04-30
경기도,이천시,상봉농장,닭,종계,16200.0,경기도 이천시 설성면 상봉리 481-1번지,37.158009039,127.4988816261,2020-01-31
경기도,이천시,상봉농장,닭,종계,16200.0,경기도 이천시 설성면 상봉리 481-1번지,37.15795454,127.4987724375,2020-07-31
경기도,이천시,상지농장농업회사법인주식회사,닭,산란계,185000.0,경기도 이천시 마장면 해월리 28-6번지,37.2034289617,127.3596663416,2020-06-30
경기도,이천시,상진농장,닭,종계,20550.0,경기도 이천시 장호원읍 선읍리 481-2번지,37.1358461546,127.5780680833,2020-05-31
경기도,이천시,상진농장,닭,종계,20550.0,경기도 이천시 장호원읍 선읍리 481-2번지,37.1358800684,127.578104011,2021-06-30
경기도,이천시,상현농장(1),닭,산란계,5000.0,경기도 이천시 부발읍 가산리 427번지 54호,37.2494751583,127.5046764857,2021-11-30
경기도,이천시,서경농장,닭,육계,73300.0,경기도 이천시 모가면 서경리 347번지 26호,37.1576523379,127.4826572419,2021-07-31
경기도,이천시,서울종계장,닭,종계,23350.0,경기도 이천시 장호원읍 와현리 417번지 20호,37.1458498705,127.6030639397,2020-05-31
경기도,이천시,서울종계장,닭,종계,23350.0,경기도 이천시 장호원읍 와현리 417번지 20호,37.1460471774,127.6029214494,2021-06-30
경기도,이천시,선미농장,닭,육계,33000.0,경기도 이천시 설성면 수산리 275-1,37.1497091126,127.4992101322,2020-01-31
경기도,이천시,선미농장,닭,육계,33000.0,경기도 이천시 설성면 수산리 275-1,37.1497876838,127.4993919303,2020-11-30
경기도,이천시,설성농장,닭,육계,65000.0,경기도 이천시 설성면 장능리 170-33번지,37.1256358795,127.5253519791,2021-11-30
경기도,이천시,설성양계,닭,산란계,104000.0,경기도 이천시 설성면 장천리 188번지,37.1408032934,127.5384634155,2021-04-30
경기도,이천시,설성양계,닭,산란계,104000.0,경기도 이천시 설성면 장천리 188번지,37.1409261007,127.5380725571,2020-04-30
경기도,이천시,성대농장,오리,,6000.0,경기도 이천시 대월면 대대리 242번지,37.215696424,127.4827654173,2020-01-31
경기도,이천시,성대농장,오리,,6000.0,경기도 이천시 대월면 대대리 242번지,37.2159412653,127.4826202551,2020-11-30
경기도,이천시,성재농장,오리,,10000.0,경기도 이천시 모가면 원두리 165-1번지,37.1839557666,127.4667760773,2021-06-30
경기도,이천시,성지농장,닭,육계,42000.0,경기도 이천시 백사면 송말리 468번지,37.3441984745,127.4680604183,2020-07-31
경기도,이천시,성지농장,닭,육계,42000.0,경기도 이천시 백사면 송말리 468번지,37.344123553,127.4679851535,2020-01-31
경기도,이천시,솔잎농장,오리,,22000.0,경기도 이천시 마장면 이치리 172-6번지,37.2626326004,127.3750862056,2020-11-30
경기도,이천시,솔잎농장,오리,,22000.0,경기도 이천시 마장면 이치리 172-6번지,37.2622976425,127.3750197098,2020-05-31
경기도,이천시,송이농장(1),닭,육계,45700.0,경기도 이천시 백사면 신대리 413-3번지,37.3199464248,127.4540867818,2020-06-30
경기도,이천시,송이농장(1),닭,육계,45700.0,경기도 이천시 백사면 신대리 413-3번지,37.3197143249,127.4542403349,2020-01-31
경기도,이천시,송이농장(2),닭,육계,16200.0,경기도 이천시 백사면 신대리 586번지,37.3210992433,127.4525676212,2020-04-30
경기도,이천시,송이농장(2),닭,육계,16200.0,경기도 이천시 백사면 신대리 586번지,37.3204599012,127.4532738401,2021-04-30
경기도,이천시,송정농장,닭,육계,33000.0,경기도 이천시 송정동 39번지,37.2993471123,127.4482206738,2021-04-30
경기도,이천시,송정농장,닭,육계,33000.0,경기도 이천시 송정동 39번지,37.2985709461,127.4485762366,2020-05-31
경기도,이천시,수광농장,닭,육계,200.0,경기도 이천시 백사면 현방리 393-1번지,37.3343483404,127.4945434066,2020-01-31
경기도,이천시,수광농장,닭,육계,200.0,경기도 이천시 백사면 현방리 393-1번지,37.3343324156,127.4943218672,2020-07-31
경기도,이천시,승일농장,닭,육계,35000.0,경기도 이천시 마장면 이치리 298-3번지,37.2550890294,127.3851462491,2021-07-31
경기도,이천시,승일농장,닭,육계,35000.0,경기도 이천시 마장면 이치리 298-3번지,37.2548873572,127.3847222629,2020-05-31
경기도,이천시,승희농장,닭,육계,30000.0,경기도 이천시 율면 월포리 386-5번지,37.0947332387,127.556534864,2021-11-30
경기도,이천시,신가네농장,닭,육계,45000.0,경기도 이천시 백사면 경사리 산88번지,37.3288261992,127.4559083021,2020-05-31
경기도,이천시,신가네농장,닭,육계,45000.0,경기도 이천시 백사면 경사리 산88번지,37.3292313774,127.4556614288,2020-06-30
경기도,이천시,신영농장,닭,육계,76500.0,경기도 이천시 부발읍 고백리 210번지 1호,37.2981343466,127.5306465842,2021-11-30
경기도,이천시,신혁농장,닭,육계,65300.0,경기도 이천시 설성면 암산리 산55-12번지,37.1547930884,127.5360652065,2020-01-31
경기도,이천시,신혁농장,닭,육계,65300.0,경기도 이천시 설성면 암산리 산55-12번지,37.1547396851,127.5371077914,2021-11-30
경기도,이천시,신화농장,닭,육계,40000.0,경기도 이천시 신둔면 수하리 309번지,37.3157417162,127.4170455092,2020-05-31
경기도,이천시,신화농장,닭,육계,40000.0,경기도 이천시 신둔면 수하리 309번지,37.3161584137,127.4170262737,2020-11-30
경기도,이천시,양성농장(2),닭,산란계,7000.0,경기도 이천시 호법면 동산리 154-1번지,37.204956443,127.4103077057,2020-06-30
경기도,이천시,양성농장(2),닭,산란계,7000.0,경기도 이천시 호법면 동산리 154-1번지,37.2049478222,127.4104128197,2020-01-31
경기도,이천시,연암종계,닭,종계,12200.0,경기도 이천시 대월면 부필리 424-1번지,37.2250007337,127.5052917535,2020-04-30
경기도,이천시,연암종계,닭,종계,12200.0,경기도 이천시 대월면 부필리 424-1번지,37.224704093,127.5058954088,2021-06-30
경기도,이천시,오뚜기농장,닭,육계,25000.0,경기도 이천시 백사면 도립리 8번지,37.3339360553,127.4830425765,2020-05-31
경기도,이천시,오뚜기농장,닭,육계,25000.0,경기도 이천시 백사면 도립리 8번지,37.3339257379,127.4832365574,2021-06-30
경기도,이천시,오성꿩농장,꿩,꿩,15000.0,경기도 이천시 장호원읍 와현리 42-20번지,37.168342894,127.6041987806,2020-01-31
경기도,이천시,오성꿩농장,꿩,꿩,15000.0,경기도 이천시 장호원읍 와현리 42-20번지,37.1683563178,127.6040330255,2021-06-30
경기도,이천시,오천농장,닭,산란계,35000.0,경기도 이천시 마장면 오천리 213번지,37.2427030209,127.3520168217,2021-07-31
경기도,이천시,온누리농장,닭,육계,30000.0,경기도 이천시 설성면 신필리 257번지,37.1331927835,127.5455412507,2020-07-31
경기도,이천시,온누리농장,닭,육계,30000.0,경기도 이천시 설성면 신필리 257번지,37.1331258457,127.5454001378,2020-04-30
경기도,이천시,온새미로농원,닭,산란계,25.0,경기도 이천시 장호원읍 선읍리 산142-18번지,37.1326508677,127.5812418309,2021-07-31
경기도,이천시,온새미로농원,닭,산란계,25.0,경기도 이천시 장호원읍 선읍리 산142-18번지,37.1326229227,127.581262258,2020-04-30
경기도,이천시,용수농장(1),닭,육계,20000.0,경기도 이천시 설성면 장천리 482번지,37.1390855271,127.523307234,2021-09-30
경기도,이천시,용수농장(1),닭,육계,20000.0,경기도 이천시 설성면 장천리 482번지,37.1391001188,127.5232034524,2020-04-30
경기도,이천시,용수농장(2),닭,육계,35000.0,경기도 이천시 설성면 장천리 178번지 10호,37.1460946202,127.5408216092,2021-06-30
경기도,이천시,용진농장,오리,,65000.0,경기도 이천시 설성면 신필리 375-1번지,37.1403432204,127.5395215948,2020-11-30
경기도,이천시,용진농장,오리,,65000.0,경기도 이천시 설성면 신필리 375-1번지,37.1405146434,127.5393977409,2020-01-31
경기도,이천시,우리숲,닭,육계,30000.0,경기도 이천시 율면 산성리 474번지,37.0502756061,127.5491491511,2020-01-31
경기도,이천시,우리축산,닭,산란계,90000.0,경기도 이천시 백사면 도립리 278-2번지,37.3401343224,127.4725214772,2021-07-31
경기도,이천시,우리축산,닭,산란계,90000.0,경기도 이천시 백사면 도립리 278-2번지,37.3404858127,127.4719575188,2020-01-31
경기도,이천시,우미농장,닭,육계,71200.0,경기도 이천시 호법면 송갈리 711-1번지,37.1978247753,127.4357485477,2021-11-30
경기도,이천시,우미농장,닭,육계,703000.0,경기도 이천시 호법면 송갈리 731번지 3호,37.1920340728,127.4363488207,2021-11-30
경기도,이천시,우미농장,닭,육계,71200.0,경기도 이천시 호법면 송갈리 711-1번지,37.1973341777,127.4357934227,2020-05-31
경기도,이천시,우화농장,닭,산란계,7000.0,경기도 이천시 장호원읍 진암리 산39번지,37.1085979642,127.6229189259,2020-05-31
경기도,이천시,우화농장,닭,산란계,7000.0,경기도 이천시 장호원읍 진암리 산39번지,37.1091351411,127.6207220319,2021-06-30
경기도,이천시,원두농장,닭,육계,40000.0,경기도 이천시 모가면 원두리 94-4번지,37.1890064103,127.4785816032,2021-11-30
경기도,이천시,원두농장,닭,육계,40000.0,경기도 이천시 모가면 원두리 94-4번지,37.1889814223,127.4781590403,2020-05-31
경기도,이천시,원호농장(1),닭,육계,45000.0,경기도 이천시 율면 석산리 866번지,37.0575466307,127.5393751792,2020-04-30
경기도,이천시,원호농장(1),닭,육계,45000.0,경기도 이천시 율면 석산리 866번지,37.0575560302,127.5396923175,2021-07-31
경기도,이천시,원호농장(2),닭,육계,46000.0,경기도 이천시 율면 오성리 840번지,37.070750646,127.5462238494,2021-06-30
경기도,이천시,원호농장(2),닭,육계,46000.0,경기도 이천시 율면 오성리 840번지,37.0706079024,127.5461801844,2020-04-30
경기도,이천시,월포농장,닭,육계,40000.0,경기도 이천시 율면 월포리 749번지 7호,37.0755478642,127.565040084,2020-01-31
경기도,이천시,유경농장,닭,육계,28000.0,경기도 이천시 장호원읍 선읍리 750번지,37.1371179534,127.5735115198,2021-04-30
경기도,이천시,유경농장,닭,육계,28000.0,경기도 이천시 장호원읍 선읍리 750번지,37.137011969,127.5736201672,2020-04-30
경기도,이천시,유천농장,닭,육계,30000.0,경기도 이천시 마장면 관리 990-2번지,37.2722216951,127.3502107743,2020-06-30
경기도,이천시,유천농장,닭,육계,30000.0,경기도 이천시 마장면 관리 990-2번지,37.2722673622,127.3498362358,2020-01-31
경기도,이천시,이동종계장,닭,종계,15000.0,경기도 이천시 백사면 신대리 422-2번지,37.3207938441,127.4543684305,2021-06-30
경기도,이천시,이천농장,닭,종계,18000.0,경기도 이천시 대월면 군량리 620-5번지,37.1804358741,127.4979834781,2021-11-30
경기도,이천시,이천농장,닭,산란계,44000.0,경기도 이천시 대월면 대대리 268-2번지,37.2153815914,127.4778302735,2021-11-30
경기도,이천시,이천농장,닭,육계,19500.0,경기도 이천시 증일동 산 37번지 1통,37.2636344131,127.4276049128,2021-09-30
경기도,이천시,이천농장,닭,산란계,44000.0,경기도 이천시 대월면 대대리 268-2번지,37.2153097743,127.478098818,2020-05-31
경기도,이천시,이천농장,닭,종계,18000.0,경기도 이천시 대월면 군량리 620-5번지,37.1806151224,127.496934857,2020-05-31
경기도,이천시,이천농장,닭,산란계,44000.0,경기도 이천시 대월면 대대리 268-2번지,37.2153006581,127.4788897556,2021-04-30
경기도,이천시,인광농장,닭,육계,25000.0,경기도 이천시 대월면 도리리 345번지,37.2083108581,127.479823538,2020-05-31
경기도,이천시,인광농장,닭,육계,25000.0,경기도 이천시 대월면 도리리 345번지,37.2082337404,127.4797031488,2021-04-30
경기도,이천시,자연애팜,닭,산란계,140000.0,경기도 이천시 부발읍 가산리 426번지,37.2488858296,127.5055404487,2020-05-31
경기도,이천시,자연애팜,닭,산란계,140000.0,경기도 이천시 부발읍 가산리 426번지,37.2489519435,127.5057845389,2021-09-30
경기도,이천시,장군농장,닭,육계,40000.0,경기도 이천시 설성면 제요리 29번지,37.1192349709,127.5659817696,2021-06-30
경기도,이천시,장능농장,닭,산란계,91000.0,경기도 이천시 설성면 장능리 170-29번지,37.1259070848,127.5277042666,2020-05-31
경기도,이천시,장능농장,닭,산란계,91000.0,경기도 이천시 설성면 장능리 170-29번지,37.1255810862,127.5284702933,2021-11-30
경기도,이천시,장평농장,닭,육계,20000.0,경기도 이천시 대월면 장평리 277번지,37.2107920928,127.5283557643,2020-07-31
경기도,이천시,장평농장,닭,육계,20000.0,경기도 이천시 대월면 장평리 277번지,37.2105017026,127.5284810555,2020-04-30
경기도,이천시,정기농장,닭,산란계,36190.0,경기도 이천시 율면 신추리 840-1번지,37.091572631,127.516433424,2020-01-31
경기도,이천시,정기농장,닭,산란계,36190.0,경기도 이천시 율면 신추리 840-1번지,37.0917888319,127.5168450489,2021-07-31
경기도,이천시,정성농장,닭,육계,27000.0,경기도 이천시 부발읍 대관리 32-3번지,37.303105492,127.545141152,2020-05-31
경기도,이천시,정성농장,닭,육계,27000.0,경기도 이천시 부발읍 대관리 32-3번지,37.3033338687,127.545496955,2021-06-30
경기도,이천시,창대농장,닭,종계,17500.0,경기도 이천시 장호원읍 풍계리 862-2번지,37.1455536618,127.6104202553,2021-07-31
경기도,이천시,천왕농원,닭,산란계,36000.0,경기도 이천시 율면 산성리 474번지,37.0502689445,127.5490342678,2020-07-31
경기도,이천시,천왕농원,닭,산란계,36000.0,경기도 이천시 율면 산성리 474번지,37.0502756061,127.5491491511,2020-05-31
경기도,이천시,천하축산,닭,종계,70000.0,경기도 이천시 장호원읍 와현리 388-13번지,37.1475653572,127.6041468097,2020-04-30
경기도,이천시,천하축산,닭,종계,70000.0,경기도 이천시 장호원읍 와현리 388-13번지,37.1478933091,127.6049508986,2021-09-30
경기도,이천시,천하축산,닭,종계,70000.0,경기도 이천시 장호원읍 와현리 388-13번지,37.1478578388,127.6042864615,2020-07-31
경기도,이천시,청리농장,닭,육계,2500.0,경기도 이천시 마장면 관리 999번지,37.269513971,127.3474528076,2021-11-30
경기도,이천시,춘하농장,닭,육계,30000.0,경기도 이천시 사음동 279-4번지,37.30110623,127.418645087,2020-06-30
경기도,이천시,크로바농장,닭,산란계,25000.0,경기도 이천시 장호원읍 진암리 360-76번지,37.123784977,127.609713192,2021-11-30
경기도,이천시,크로바농장,닭,산란계,25000.0,경기도 이천시 장호원읍 진암리 360-76번지,37.1239883764,127.6088438453,2020-05-31
경기도,이천시,풍계농장,닭,육계,50000.0,경기도 이천시 장호원읍 풍계리 682번지 17호,37.1642044349,127.6065077455,2020-01-31
경기도,이천시,풍한농장,닭,산란계,360000.0,경기도 이천시 대월면 초지리 59-5번지,37.2362961269,127.5071815429,2021-06-30
경기도,이천시,풍한농장,닭,산란계,360000.0,경기도 이천시 대월면 초지리 59-5번지,37.2351438557,127.5037363146,2020-01-31
경기도,이천시,한누리농장,닭,육계,18000.0,경기도 이천시 대월면 장평리 417-6번지,37.2132368017,127.5189007061,2021-11-30
경기도,이천시,한누리농장,닭,육계,18000.0,경기도 이천시 대월면 장평리 417-6번지,37.2130845727,127.5189343803,2020-04-30
경기도,이천시,한마음농장,닭,산란계,13500.0,경기도 이천시 설성면 신필리 83번지,37.1245185293,127.5517838881,2021-06-30
경기도,이천시,한신종계장,닭,종계,25000.0,경기도 이천시 백사면 도립리 244번지,37.3417560845,127.4694952452,2020-11-30
경기도,이천시,호현농장,닭,종계,20000.0,경기도 이천시 장호원읍 와현리 388-4번지,37.1482079544,127.605908507,2021-07-31
경기도,이천시,호현농장,닭,종계,20000.0,경기도 이천시 장호원읍 와현리 388-4번지,37.1482799571,127.606032477,2020-06-30
경기도,이천시,희망축산,닭,육계,100.0,경기도 이천시 백사면 신대리 291번지,37.3163795813,127.4616053666,2020-06-30
경기도,이천시,희망축산,닭,육계,100.0,경기도 이천시 백사면 신대리 291번지,37.3163797503,127.4614854515,2020-05-31
경기도,파주시,-,닭,산란계,10000.0,경기도 파주시 광탄면 용미리 159-12,126.8817299,37.7447881,2018-03-14
경기도,파주시,강현농장,닭,육계,20000.0,경기도 파주시 적성면 답곡리 506번지,126.8551131,37.949406,2018-04-30
경기도,파주시,교하농장,닭,육계,1000.0,경기도 파주시 오도동 산 21번지,126.7187868,37.7429583,2018-03-14
경기도,파주시,금양농장,닭,육계,2000.0,경기도 파주시 파주읍 향양리 63번지 3호,126.8243093,37.8528016,2018-03-14
경기도,파주시,길농장,닭,육계,24000.0,경기도 파주시 문산읍 선유리 29번지 1호,126.8195872,37.8600829,2018-04-30
경기도,파주시,당하리농장,닭,육계,20000.0,경기도 파주시 당하동 240번지 144호,126.7458552,37.7436151,2018-04-30
경기도,파주시,대길농장,닭,육계,34000.0,경기도 파주시 적성면 객현리 118번지,126.9601036,37.968041,2018-03-14
경기도,파주시,대능축산,닭,육계,13000.0,경기도 파주시 법원읍 대능리 10번지 5호,126.8817528,37.8420274,2018-04-30
경기도,파주시,대명농장,닭,육계,20000.0,경기도 파주시 적성면 장현리 213번지,126.9757605,37.974235,2018-03-14
경기도,파주시,대성농장,닭,육계,34303.0,경기도 파주시 법원읍 삼방리 177번지,126.8825284,37.8331899,2018-03-14
경기도,파주시,두리농장,닭,육계,30000.0,경기도 파주시 탄현면 오금리 522번지 1호,126.7118773,37.8153596,2018-04-30
경기도,파주시,밤골농장,닭,산란계,3000.0,경기도 파주시 탄현면 축현리 361-1,126.7264922,37.8004482,2018-04-30
경기도,파주시,베드로농장,닭,육계,2003.0,경기도 파주시 문산읍 마정리 67번지,126.7677057,37.8979921,2018-04-30
경기도,파주시,부곡양계장,닭,산란계,30000.0,경기도 파주시 파주읍 부곡3리 120-1,126.8286753,37.8081124,2018-03-14
경기도,파주시,삼도농장,닭,육계,41413.0,경기도 파주시 문산읍 마정리 455번지 2호,126.7577308,37.8957374,2018-04-30
경기도,파주시,석태농장,닭,육계,25000.0,경기도 파주시 문산읍 사목리 93번지,126.7622561,37.8781335,2018-04-30
경기도,파주시,수영농장,닭,육계,35000.0,경기도 파주시 법원읍 직천리 850번지,126.9084363,37.906793,2018-03-14
경기도,파주시,수영농장,닭,육계,30000.0,경기도 파주시 연다산동 407번지,126.702636,37.738837,2018-04-30
경기도,파주시,신한농장,닭,산란계,90000.0,경기도 파주시 적성면 어유지1리 339,126.9806824,37.9947319,2018-03-14
경기도,파주시,양호농장,닭,육계,50000.0,경기도 파주시 광탄면 마장리 242번지 2호,126.8710578,37.7870853,2018-04-30
경기도,파주시,오복농장,닭,산란계,4000.0,경기도 파주시 광탄면 마장리 249-13,126.871338,37.7891398,2018-04-30
경기도,파주시,원투쓰리농장,닭,육계,30000.0,경기도 파주시 법원읍 금곡리 410번지,126.8793101,37.8761613,2018-03-14
경기도,파주시,월롱축산,닭,산란계,30000.0,경기도 파주시 월롱면 도내리 731-2,126.8080896,37.7987013,2018-03-14
경기도,파주시,이삭농장,닭,육계,1000.0,경기도 파주시 파주읍 향양리 127번지,126.8198117,37.8566056,2018-04-30
경기도,파주시,이천농장,닭,육계,19500.0,경기도 파주시 문산읍 이천리 23번지 1호,126.8417534,37.8724401,2018-04-30
경기도,파주시,이천농장,닭,육계,21382.0,경기도 파주시 문산읍 이천리 178번지 1호,126.8388693,37.8711928,2018-04-30
경기도,파주시,이화농장,닭,육계,20000.0,경기도 파주시 법원읍 오현리 572번지,126.9215548,37.8788288,2018-03-14
경기도,파주시,일신농장,닭,육계,16484.0,경기도 파주시 파주읍 봉암리 446번지,126.7941258,37.8222731,2018-03-14
경기도,파주시,자연농장,닭,육계,2000.0,경기도 파주시 광탄면 창만리 6번지 2호,126.8881709,37.7984732,2018-03-14
경기도,파주시,재림농장,닭,산란계,12000.0,경기도 파주시 파주읍 향양3리 135,126.822676,37.8563037,2018-03-14
경기도,파주시,정일농장,닭,육계,16000.0,경기도 파주시 신촌동 37번지,126.7051283,37.7312302,2018-03-14
경기도,파주시,청암목장,닭,육계,30000.0,경기도 파주시 문산읍 장산리 105번지,126.7747342,37.8898795,2018-04-30
경기도,파주시,칠성농장,닭,육계,20000.0,경기도 파주시 광탄면 용미리 169번지,126.8824749,37.7401489,2018-03-14
경기도,파주시,파랑새농장,닭,육계,1500.0,경기도 파주시 군내면 백연리 산 41번지,126.7323127,37.9011053,2018-04-30
경기도,파주시,하마농장,닭,육계,100.0,경기도 파주시 적성면 자장리 148번지,126.8694957,37.9610631,2018-03-14
경기도,파주시,해피농장,닭,육계,4000.0,경기도 파주시 하지석동 447번지 2호,126.7355464,37.7549802,2018-04-30
경기도,파주시,행복농장,닭,육계,36000.0,경기도 파주시 문산읍 장산리 153번지,126.7804849,37.8979628,2018-03-14
경기도,파주시,형제농장,닭,육계,24000.0,경기도 파주시 맥금동 533번지 1호,126.7283526,37.7916953,2018-03-14
경기도,파주시,환희농장,닭,육계,20000.0,경기도 파주시 문산읍 장산리 107번지 9호,126.7740976,37.8898783,2018-03-14
경기도,파주시,희망농장,닭,육계,500.0,경기도 파주시 광탄면 창만리 248번지 5호,126.8702585,37.7960038,2018-03-14
경기도,파주시,B농장,닭,육계,68500.0,경기도 파주시 문산읍 마정리 455-2,37.8957374527,126.7577308673,2021-11-30
경기도,파주시,DMZ황금알농장,닭,토종닭,500.0,경기도 파주시 진동면 하포리 623,37.9237952247,126.8128895651,2021-07-31
경기도,파주시,JC농장,닭,기타,110.0,경기도 파주시  법원읍 법원리 396-1,37.8492548703,126.8883071836,2021-04-30
경기도,파주시,가월농장,닭,산란계,48000.0,경기도 파주시 적성면 가월리 198,37.9614981045,126.9105432587,2021-04-30
경기도,파주시,가월농장,닭,산란계,39000.0,경기도 파주시 적성면 가월리 1526(칠중7길 240),37.9619580068,126.9100270677,2021-07-31
경기도,파주시,가월농장,닭,산란계,48000.0,경기도 파주시 적성면 가월리 198번지,37.961571,126.9106306,2020-01-31
경기도,파주시,갈현목장,닭,토종닭,2.0,경기도 파주시 탄현면 갈현리 1184(장릉로 157),37.7652147402,126.7065144336,2021-11-30
경기도,파주시,강치영,닭,토종닭,6.0,경기도 파주시 월롱면 덕은리 928,37.8195583569,126.7640932826,2021-07-31
경기도,파주시,강현농장,닭,육계,18350.0,경기도 파주시 적성면 답곡리 506(장마루16길 346-38),37.9493303692,126.855472526,2021-09-30
경기도,파주시,강현농장,닭,육계,20000.0,경기도 파주시 적성면 답곡리 506번지,37.949406,126.8551131,2020-04-30
경기도,파주시,강현농장,닭,육계,18500.0,경기도 파주시 적성면 답곡리 506,37.9493303692,126.855472526,2020-11-30
경기도,파주시,고령농원,닭,토종닭,50.0,경기도 파주시 광탄면 영장리 183-2(보광로666번길 34),37.7651781347,126.9053608767,2021-07-31
경기도,파주시,고창농장,닭,육계,300.0,경기도 파주시 조리읍 뇌조리 132번지 8호,37.7510878,126.8146482,2020-04-30
경기도,파주시,고창농장,닭,토종닭,700.0,경기도 파주시 조리읍 뇌조리 132-8,37.7510878443,126.8146482492,2020-11-30
경기도,파주시,구구농장,닭,산란계,10000.0,경기도 파주시 적성면 장현리 42-2(산덕골길 108),37.9878394862,126.9847294385,2021-07-31
경기도,파주시,구구농장,닭,산란계,15000.0,경기도 파주시 적성면 장현1리  42-2,37.9878394862,126.9847294385,2020-11-30
경기도,파주시,구구파평농장,닭,산란계,65000.0,경기도 파주시 파평면 덕천리  491-1,37.9377478173,126.8536390751,2021-04-30
경기도,파주시,구자화농장,닭,육계,35000.0,경기도 파주시 하지석동 174번지 1호,37.7565034,126.7480121,2020-06-30
경기도,파주시,궂모닝농장,닭,토종닭,1500.0,경기도 파주시 법원읍 동문리 216,37.8725652378,126.860007725,2021-04-30
경기도,파주시,권혁길,닭,토종닭,25.0,경기도 파주시 탄현면 낙하리 198(동오리길 234),37.8401259094,126.7343863851,2021-09-30
경기도,파주시,기선도,닭,토종닭,15.0,경기도 파주시 송촌동 524-2(소라지로 300-25),37.7487891095,126.6900493336,2021-07-31
경기도,파주시,길농장,닭,육계,24000.0,경기도 파주시 문산읍 선유리 29번지 1호,37.8601366,126.8193712,2020-06-30
경기도,파주시,김갑석,닭,토종닭,30.0,경기도 파주시 파주읍 봉서리 123(통일로 1430-75),37.8345462305,126.7964127622,2021-09-30
경기도,파주시,김강태,닭,토종닭,250.0,경기도 파주시 광탄면 창만리 428-9(소라울1길 98-67),37.7866552888,126.8637362085,2021-09-30
경기도,파주시,김경수,닭,토종닭,14.0,경기도 파주시 광탄면 용미리 250-1(혜음로454번길 18-41),37.734568493,126.8875723337,2021-09-30
경기도,파주시,김경회,닭,토종닭,14.0,경기도 파주시 적성면 적암리 26-1(율곡로 3117-9),37.9855935146,127.0117791515,2021-09-30
경기도,파주시,김관영,닭,토종닭,400.0,경기도 파주시 광탄면 용미리 산 85(혜음로 429-17),37.7333894517,126.8861634529,2021-07-31
경기도,파주시,김광연,닭,토종닭,20.0,경기도 파주시 월롱면 덕은리 709,37.8233364005,126.7643407713,2021-07-31
경기도,파주시,김광일,닭,토종닭,10.0,경기도 파주시 법원읍 웅담리 255-1(술이홀로1584번길 70-6),37.901193134,126.8893789708,2021-11-30
경기도,파주시,김광철,닭,토종닭,1.0,경기도 파주시 파평면 덕천리 203-2(듸링거리길 117-140),37.9422718959,126.8685082694,2021-07-31
경기도,파주시,김광호,타조,,4.0,경기도 파주시 동패동 1344,37.7055687267,126.728637062,2021-11-30
경기도,파주시,김광호,닭,토종닭,3.0,경기도 파주시 동패동 1344,37.7055687267,126.728637062,2021-09-30
경기도,파주시,김남철,닭,토종닭,9.0,경기도 파주시 진동면 동파리 1082-1,37.9319835499,126.7962046593,2021-09-30
경기도,파주시,김덕수,닭,토종닭,17000.0,경기도 파주시 문산읍 사목리 93-2(통일로2033번길 146),37.8784775553,126.7628943531,2021-09-30
경기도,파주시,김동련,닭,토종닭,6.0,경기도 파주시 군내면 조산리 366,37.9430906301,126.6796003112,2021-11-30
경기도,파주시,김명숙,닭,토종닭,4.0,경기도 파주시 광탄면 발랑리 산 49(바랑골길 287),37.8146447003,126.8865478597,2021-07-31
경기도,파주시,김병환,닭,육계,15000.0,경기도 파주시 문산읍 이천리 66-12(배머리길 503-21),37.8766908984,126.8471999264,2021-11-30
경기도,파주시,김복경,닭,토종닭,15.0,경기도 파주시 법원읍 금곡리 408(술이홀로1209번길 64),37.8769502255,126.8794023529,2021-11-30
경기도,파주시,김성택,닭,토종닭,4000.0,경기도 파주시 광탄면 마장리 298(심궁로 243-47),37.7868409799,126.8700592633,2021-07-31
경기도,파주시,김영순,닭,토종닭,3.0,경기도 파주시 법원읍 법원리 668-11,37.854192556,126.8755516791,2021-07-31
경기도,파주시,김영신,닭,토종닭,5.0,경기도 파주시 맥금동 373-1(방촌로 312),37.7734244386,126.7266722244,2021-07-31
경기도,파주시,김예환,닭,토종닭,60.0,경기도 파주시 산남동 485-1(산남로26번길 4),37.7033936092,126.689239015,2021-07-31
경기도,파주시,김예환,관상조류-기러기,,3.0,경기도 파주시 산남동 485-1(산남로26번길 4),37.7033936092,126.689239015,2021-07-31
경기도,파주시,김웅태,관상조류,,62.0,경기도 파주시 탄현면 성동리 246-5(요풍길 130-3),37.7848396027,126.6832850529,2021-07-31
경기도,파주시,김의수,닭,토종닭,100.0,경기도 파주시 광탄면 창만리 6-2,37.7987524255,126.8880797331,2021-11-30
경기도,파주시,김재성,거위,,2.0,경기도 파주시 파주읍 봉암리 863,37.8158337223,126.785421959,2021-09-30
경기도,파주시,김재성,닭,토종닭,20.0,경기도 파주시 파주읍 봉암리 863,37.8158337223,126.785421959,2021-09-30
경기도,파주시,김정덕,닭,토종닭,16.0,경기도 파주시 탄현면 축현리 415-2(방촌로 541-6),37.7933788061,126.7170486476,2021-09-30
경기도,파주시,김정호,관상조류,,2.0,경기도 파주시 법원읍 금곡리 420-6(술이홀로1333번길 164),37.8822984882,126.8698963456,2021-07-31
경기도,파주시,김정호,닭,토종닭,1000.0,경기도 파주시 문산읍 사목리 692,37.8788630194,126.7497229506,2021-09-30
경기도,파주시,김종만,닭,토종닭,50.0,경기도 파주시 광탄면 창만리 8(부흥로 360-75),37.8001277149,126.8888715786,2021-11-30
경기도,파주시,김주경,닭,토종닭,3.0,경기도 파주시 적성면 객현리 220-5(윗배우니길 335),37.9637951793,126.9551620955,2021-07-31
경기도,파주시,김진호,닭,토종닭,120.0,경기도 파주시 광탄면 발랑리 222-1(말구리길 113-12),37.7999146423,126.8982557982,2021-11-30
경기도,파주시,김철중,닭,토종닭,19.0,경기도 파주시 광탄면 창만리 827,37.7998644608,126.8798888554,2021-11-30
경기도,파주시,김형찬,닭,토종닭,270.0,경기도 파주시 문산읍 당동리 706-2(반구정로2번길 87-31),37.8711288193,126.7600627505,2021-07-31
경기도,파주시,김흥태,닭,토종닭,32.0,경기도 파주시 법원읍 갈곡리 149-3(칡울길 168-36),37.8523126035,126.909958701,2021-09-30
경기도,파주시,꼬꼬농장,닭,토종닭,2000.0,경기도 파주시 군내면 822,37.9673685924,126.7527929163,2021-09-30
경기도,파주시,꼬끼촌,닭,토종닭,26000.0,경기도 파주시 적성면 장현리 227(장뜰안길 58),37.977393399,126.9724825489,2021-09-30
경기도,파주시,꼬끼촌,닭,육계,20000.0,경기도 파주시 적성면 장현리 227번지,37.9772883,126.9724587,2020-07-31
경기도,파주시,꼬끼촌,닭,토종닭,24000.0,경기도 파주시 적성면 장현2리 227,37.977393399,126.9724825489,2021-06-30
경기도,파주시,나눔농장,닭,토종닭,3.0,경기도 파주시 산남동 470,37.7038156158,126.6883306034,2021-07-31
경기도,파주시,나눔농장,관상조류,,67.0,경기도 파주시 산남동 470,37.7038156158,126.6883306034,2021-11-30
경기도,파주시,남이석,타조,,50.0,경기도 파주시 동패동 618,37.7062079202,126.7148788129,2021-09-30
경기도,파주시,내순희,닭,토종닭,4.0,경기도 파주시 검산동 578-2(평화로428번길 ),37.7746724278,126.7344086642,2021-11-30
경기도,파주시,노상현,닭,토종닭,18.0,경기도 파주시 광탄면 발랑리 337-1(부흥로359번길 93-18),37.8057355028,126.8857241418,2021-11-30
경기도,파주시,노순심,닭,토종닭,16.0,경기도 파주시 탄현면 대동리 140,37.8076692059,126.6853583301,2021-11-30
경기도,파주시,노재영부곡양계장,닭,산란계,6600.0,경기도 파주시 파주읍 부곡리 120-1(여울길 147),37.8079318569,126.8290302902,2021-11-30
경기도,파주시,노재영부곡양계장,닭,산란계,30000.0,경기도 파주시 파주읍 부곡3리 120-1,37.8079318569,126.8290302902,2021-06-30
경기도,파주시,노창호,닭,토종닭,100.0,경기도 파주시 법원읍 삼방리 309,37.8342873853,126.8751687958,2021-09-30
경기도,파주시,노창호,관상조류,,6.0,경기도 파주시 법원읍 삼방리 309,37.8342873853,126.8751687958,2021-11-30
경기도,파주시,노현호,닭,토종닭,4.0,경기도 파주시 송촌동 962,37.7468673067,126.6967148749,2021-09-30
경기도,파주시,느림보농장,닭,토종닭,40.0,경기도 파주시 적성면 구읍리 628-18,37.9526476945,126.9270046579,2021-07-31
경기도,파주시,늘푸른청계농원,닭,토종닭,400.0,경기도 파주시 탄현면 갈현리 347-1,37.7706710447,126.7185446773,2021-04-30
경기도,파주시,늘푸른청계농원,닭,토종닭,330.0,경기도 파주시 탄현면 갈현리 347-2(갈현로29번길 40-22),37.7707503019,126.7188882849,2021-07-31
경기도,파주시,담안농장,닭,육계,16000.0,경기도 파주시 적성면 장현2리 420,37.9780076341,126.9672684092,2020-11-30
경기도,파주시,당하리 농장,닭,육계,56000.0,경기도 파주시 당하동 240-144(당하2길 124),37.7436151396,126.7458552664,2021-11-30
경기도,파주시,당하리농장,닭,육계,50000.0,경기도 파주시 당하동 240-144,37.7436151396,126.7458552664,2020-11-30
경기도,파주시,대능축산,닭,육계,18000.0,경기도 파주시 법원읍 대능리 10-5,37.8421171917,126.8815241816,2021-04-30
경기도,파주시,대명농장,닭,육계,300.0,경기도 파주시 법원읍 금곡리 102,37.8794139252,126.8851582043,2021-04-30
경기도,파주시,대명농장,닭,육계,8500.0,경기도 파주시 법원읍 금곡리 314번지,37.8854383,126.8768051,2020-01-31
경기도,파주시,대원농장,닭,토종닭,9.0,경기도 파주시 조리읍 대원리 1149(둑방길 53),37.7271409645,126.821600841,2021-09-30
경기도,파주시,대한농원,닭,토종닭,6500.0,경기도 파주시 문산읍 선유리 349-3,37.8781757903,126.8005917648,2021-04-30
경기도,파주시,대한농원,닭,육계,1600.0,경기도 파주시 문산읍 선유리 349-1(화석정로37번길 100),37.8781757903,126.8005917648,2021-11-30
경기도,파주시,대한농장,닭,육계,91000.0,경기도 파주시 파평면 마산리  333-7,37.8831662934,126.8521036521,2021-04-30
경기도,파주시,대한농장,닭,육계,50000.0,경기도 파주시 파평면 마산리 334-3(배머리길 751-15),37.8830521961,126.8526618627,2021-09-30
경기도,파주시,덕동양계,닭,산란계,9700.0,경기도 파주시 광탄면 용미리 159-11(양천말길 131),37.7449013029,126.8813806313,2021-09-30
경기도,파주시,덕동양계,닭,산란계,20000.0,경기도 파주시 광탄면 용미리 159-12,37.7447881191,126.8817299945,2021-04-30
경기도,파주시,덕일농장,닭,산란계,22000.0,경기도 파주시 파평면 덕천리 1-2,37.9360613354,126.904681002,2021-06-30
경기도,파주시,덕일농장,닭,산란계,22000.0,경기도 파주시 파평면 덕천리 1-2(술이홀로 1976-11),37.9360613354,126.904681002,2021-07-31
경기도,파주시,덕일농장,닭,산란계,22000.0,경기도 파주시 파평면 덕천리 1-2(술이홀로 1976-11),37.9360522078,126.9046583159,2021-11-30
경기도,파주시,동두천,닭,토종닭,4.0,경기도 파주시 적성면 객현리 108-5(아랫배우니길 53),37.9681273097,126.9564507206,2021-11-30
경기도,파주시,두리농장,닭,육계,73000.0,경기도 파주시 탄현면 오금리 522-1,37.81523081,126.7123188917,2021-04-30
경기도,파주시,마정토종닭,닭,육계,10.0,경기도 파주시 문산읍 마정리 597번지 2호,37.8979921,126.7503219,2020-04-30
경기도,파주시,만년,닭,토종닭,180.0,경기도 파주시 야동동 750-1,37.7728667472,126.7531770738,2021-11-30
경기도,파주시,맹백주,닭,토종닭,25.0,경기도 파주시 광탄면 영장리 산 33-8,37.7675354823,126.909555694,2021-07-31
경기도,파주시,목일균,닭,토종닭,56.0,경기도 파주시 법원읍 법원리 513(술이홀로994번길 17),37.8579871327,126.8811528759,2021-07-31
경기도,파주시,목진혁,관상조류-기러기,,9.0,경기도 파주시 법원읍 직천리 720-2(만월로675번길 ),37.9028959242,126.9104650272,2021-07-31
경기도,파주시,목진혁,닭,토종닭,14.0,경기도 파주시 법원읍 직천리 720-2(만월로675번길 ),37.9028959242,126.9104650272,2021-09-30
경기도,파주시,문산농장,닭,토종닭,2000.0,경기도 파주시 문산읍 당동1리 산102-1,37.871464204,126.7612473938,2021-06-30
경기도,파주시,문홍섭,닭,토종닭,11.0,경기도 파주시 법원읍 법원리 590(대경터길 40-16),37.8627046087,126.8784304541,2021-07-31
경기도,파주시,문희준,관상조류,,1.0,경기도 파주시 탄현면 축현리 349(검산로519번길 6-36),37.8015656665,126.7243229041,2021-07-31
경기도,파주시,문희준,닭,토종닭,7.0,경기도 파주시 탄현면 축현리 349(검산로519번길 6-36),37.8015656665,126.7243229041,2021-07-31
경기도,파주시,미성농장,닭,토종닭,500.0,경기도 파주시 광탄면 마장리 산50-10,37.7851504977,126.8688368849,2021-04-30
경기도,파주시,박노해,닭,토종닭,20.0,경기도 파주시 광탄면 기산리 637-3(쇠장이길 215),37.7842446534,126.9096939697,2021-07-31
경기도,파주시,박상이,닭,토종닭,10.0,경기도 파주시 적성면 장현리 404-10(장뜰길 98),37.9794087813,126.9697011872,2021-11-30
경기도,파주시,박석농장,닭,토종닭,7.0,경기도 파주시 파평면 두포리 310-1,37.9134919022,126.8327029749,2021-09-30
경기도,파주시,박연산,닭,토종닭,16.0,경기도 파주시 광탄면 영장리 32(보광로471번길 73),37.7507065298,126.9114475404,2021-09-30
경기도,파주시,박옥순,닭,토종닭,4.0,경기도 파주시 적성면 율포리 162-8(율곡로2490번길 22),37.9777151799,126.9521784718,2021-09-30
경기도,파주시,박용규,닭,토종닭,70.0,경기도 파주시 문산읍 마정리 519-1(마정로142번길 33),37.8928364481,126.7588047344,2021-07-31
경기도,파주시,박용하,닭,토종닭,5.0,경기도 파주시 문산읍 마정리 470(마정로142번길 61),37.8939429624,126.7599082203,2021-09-30
경기도,파주시,박인순,닭,토종닭,65.0,경기도 파주시 탄현면 갈현리 1732-2(갈현로 ),37.7717276341,126.720842331,2021-07-31
경기도,파주시,박정숙,닭,토종닭,7.0,경기도 파주시 적성면 장현리 510-6(율곡로 2615),37.980630906,126.964921343,2021-11-30
경기도,파주시,박준용,관상조류-기러기,,2.0,경기도 파주시 적성면 식현리 235-1,37.9412409657,126.8939104978,2021-07-31
경기도,파주시,박준용,닭,토종닭,20.0,경기도 파주시 적성면 식현리 235-1,37.9412409657,126.8939104978,2021-07-31
경기도,파주시,박준용,관상조류-기러기,,2.0,경기도 파주시 적성면 식현리 235-1,37.9410387473,126.894534871,2021-11-30
경기도,파주시,박준용,닭,토종닭,20.0,경기도 파주시 적성면 식현리 235-1,37.9410387473,126.894534871,2021-11-30
경기도,파주시,박춘간,닭,토종닭,20.0,경기도 파주시 문산읍 당동리 616-2(율곡로 23-21),37.8678524249,126.763068431,2021-11-30
경기도,파주시,박호식,닭,토종닭,4.0,경기도 파주시 탄현면 법흥리 1107(가시내길 126-104),37.7811904288,126.7220716499,2021-09-30
경기도,파주시,백사현,닭,토종닭,10.0,경기도 파주시 광탄면 마장리 7-2(보광로 804-15),37.7731723793,126.8929087414,2021-09-30
경기도,파주시,백운농장,닭,육계,28000.0,경기도 파주시 적성면 객현리 70,37.9605167947,126.9559660868,2021-04-30
경기도,파주시,백운농장,닭,육계,33500.0,경기도 파주시 적성면 객현리 70(윗배우니길 522),37.9605167947,126.9559660868,2021-07-31
경기도,파주시,백주현,닭,토종닭,5.0,경기도 파주시 광탄면 분수리 176(장지산로316번길 49),37.7592578092,126.8742791888,2021-11-30
경기도,파주시,베드로농장,닭,육계,2003.0,경기도 파주시 문산읍 마정리 67번지,37.8979921,126.7677057,2020-05-31
경기도,파주시,산석진농장,닭,토종닭,400.0,경기도 파주시 아동동 127-2,37.7688120904,126.7896796276,2021-09-30
경기도,파주시,산승,닭,토종닭,7.0,경기도 파주시 법원읍 대능리 552-3(술이홀로584번길 49),37.8308101852,126.8521526701,2021-09-30
경기도,파주시,산장가든,닭,토종닭,7.0,경기도 파주시 조리읍 뇌조리 171-3(뇌조로 42),37.7515057657,126.8080404749,2021-07-31
경기도,파주시,삼도농장,닭,육계,41413.0,경기도 파주시 문산읍 마정리 455번지 2호,37.8957374,126.7577308,2020-04-30
경기도,파주시,삼도농장,닭,육계,70000.0,경기도 파주시 문산읍 마정리 52-2,37.8999051262,126.7692345351,2020-11-30
경기도,파주시,삼도농장,닭,육계,70000.0,경기도 파주시 문산읍 마정리 455-2,37.8957374527,126.7577308673,2020-11-30
경기도,파주시,삼성농장,닭,토종닭,100.0,경기도 파주시 법원읍 법원2리 513,37.8579871327,126.8811528759,2021-06-30
경기도,파주시,삼포농장,닭,토종닭,70.0,경기도 파주시 법원읍 직천리 440-1,37.8991027532,126.9258302249,2021-07-31
경기도,파주시,상훈농장,닭,산란계,7000.0,경기도 파주시 적성면 어유지리 458,38.0049870862,126.977740969,2021-09-30
경기도,파주시,상훈농장,닭,산란계,25000.0,경기도 파주시 적성면 어유지리 458,38.0049870862,126.977740969,2021-04-30
경기도,파주시,새말농장,닭,산란계,23000.0,경기도 파주시 탄현면 갈현리 821-97,37.7699591251,126.7151156514,2021-06-30
경기도,파주시,새말농장,닭,산란계,24000.0,경기도 파주시 탄현면 갈현리 814-8(장릉로49번길 8),37.7699591251,126.7151156514,2021-07-31
경기도,파주시,새선영,닭,토종닭,11.0,경기도 파주시 파주읍 봉암리 37-1(봉암길 304),37.8285419433,126.8067762493,2021-11-30
경기도,파주시,샘골농원,닭,토종닭,5000.0,경기도 파주시 광탄면 마장리 298,37.7868409799,126.8700592633,2021-04-30
경기도,파주시,서경희,닭,토종닭,35.0,경기도 파주시 법원읍 대능리 218-23(화합로 46),37.8451415397,126.8722471289,2021-11-30
경기도,파주시,서병화,닭,토종닭,15.0,경기도 파주시 광탄면 용미리 812-2(명봉산로352번길 109),37.7428316605,126.8633964818,2021-09-30
경기도,파주시,서정민,닭,토종닭,32.0,경기도 파주시 탄현면 오금리 498-1(오금로 ),37.8251886733,126.7045695008,2021-11-30
경기도,파주시,서호진,닭,토종닭,11.0,경기도 파주시 법원읍 삼방리 327-4,37.8331621554,126.873735058,2021-11-30
경기도,파주시,석태농장,닭,육계,25000.0,경기도 파주시 문산읍 사목리 93번지,37.8781335,126.7622561,2020-05-31
경기도,파주시,선화농장,닭,육계,17000.0,경기도 파주시 문산읍 장산리 164,37.9010688213,126.7792818178,2021-07-31
경기도,파주시,성구농장,닭,토종닭,1000.0,경기도 파주시 광탄면 마장리 산50-10,37.7851504977,126.8688368849,2020-11-30
경기도,파주시,성상모,닭,토종닭,10.0,경기도 파주시 광탄면 신산리 497-8(내화산길 194-12),37.7872423882,126.8361905677,2021-09-30
경기도,파주시,성수농장,닭,육계,31000.0,경기도 파주시 광탄면 분수리 98-17(장지산로 263),37.7556795885,126.8759780917,2021-09-30
경기도,파주시,성수농장,닭,육계,30000.0,경기도 파주시 광탄면 분수리 89-1,37.7572934243,126.8794837753,2020-11-30
경기도,파주시,성연근,닭,토종닭,50.0,경기도 파주시 문산읍 당동리 658-1(율곡로123번길 28),37.8709924259,126.7723262388,2021-11-30
경기도,파주시,성원농장,닭,육계,15000.0,경기도 파주시 월롱면 덕은리 23-1,37.803335235,126.7890353935,2021-06-30
경기도,파주시,성진경,닭,토종닭,9.0,경기도 파주시 문산읍 선유리 225-1(칠정말길 22),37.8667423574,126.8166166185,2021-09-30
경기도,파주시,소래영농조합법인,닭,육계,50000.0,경기도 파주시 광탄면 용미리 133번지 11호,37.7470416,126.8828609,2020-05-31
경기도,파주시,소래영농조합법인,닭,토종닭,51000.0,경기도 파주시 광탄면 용미리 133-11(장지산로141번길 45),37.7471265942,126.8829171723,2021-07-31
경기도,파주시,소래축산,닭,육계,29666.0,경기도 파주시 광탄면 용미리 146번지,37.7462594,126.8844733,2020-01-31
경기도,파주시,소래축산,닭,육계,28000.0,경기도 파주시 광탄면 용미리 120번지 2호,37.7479788,126.8830636,2020-01-31
경기도,파주시,소래축산,닭,토종닭,20000.0,경기도 파주시 광탄면 용미리 146,37.7462232501,126.8842527047,2021-04-30
경기도,파주시,소래축산,닭,토종닭,90000.0,경기도 파주시 광탄면 용미리  133-11,37.7471265942,126.8829171723,2021-04-30
경기도,파주시,소래축산,닭,토종닭,80000.0,경기도 파주시 광탄면 용미리  120-2,37.747827866,126.8825821717,2020-11-30
경기도,파주시,소래축산,닭,종계,35000.0,경기도 파주시 파평면 덕천리 52-1,37.9399883435,126.8918349434,2020-11-30
경기도,파주시,소래축산,닭,종계,27000.0,경기도 파주시 파평면 덕천리 52-2(청송로652번길 93-150),37.9405691512,126.8908628118,2021-07-31
경기도,파주시,소래축산1,닭,토종닭,32000.0,경기도 파주시 광탄면 용미리 120-2(장지산로141번길 22),37.747827866,126.8825821717,2021-07-31
경기도,파주시,소래축산3,닭,토종닭,14000.0,경기도 파주시 광탄면 용미리 146(양천말길 185),37.7462232501,126.8842527047,2021-11-30
경기도,파주시,손승범,닭,토종닭,3.0,경기도 파주시 법원읍 웅담리 278-1(술이홀로 1586),37.9036499684,126.8904051554,2021-07-31
경기도,파주시,송경환,닭,토종닭,25.0,경기도 파주시 탄현면 갈현리 411-1(갈현로29번길 56),37.7698229264,126.7190342911,2021-09-30
경기도,파주시,송보농장,닭,육계,8000.0,경기도 파주시 파주읍 백석리 396번지 2호,37.812032,126.80609,2020-06-30
경기도,파주시,송양호,닭,토종닭,7.0,경기도 파주시 조리읍 대원리 1084-1(대원로 ),37.729046675,126.8144909322,2021-11-30
경기도,파주시,송영선,닭,토종닭,23.0,경기도 파주시 적성면 적암리 125(율곡로3064번길 25-47),37.9840170584,127.0076446219,2021-07-31
경기도,파주시,송장희,닭,토종닭,75.0,경기도 파주시 적성면 식현리 233-1,37.9417100656,126.8945809974,2021-07-31
경기도,파주시,수영농장,닭,육계,38000.0,경기도 파주시 법원읍 직천리 850(만월로 729),37.9067930406,126.9084363047,2021-09-30
경기도,파주시,수영농장,닭,육계,40000.0,경기도 파주시 법원읍 직천리 850-1,37.9062135172,126.9088346486,2021-04-30
경기도,파주시,수영농장,닭,육계,2000.0,경기도 파주시  연다산동 407,37.7388949683,126.7022670276,2020-11-30
경기도,파주시,신그린목장,닭,토종닭,9.0,경기도 파주시 광탄면 마장리 30-1(보광로 795),37.7713415823,126.8933658223,2021-07-31
경기도,파주시,신성복,닭,토종닭,50.0,경기도 파주시 법원읍 삼방리 388-19(보광로 1631),37.8219358224,126.869398644,2021-09-30
경기도,파주시,신응균,닭,육계,24500.0,경기도 파주시 맥금동 533-1(상골길 104-43),37.7919056099,126.7287284354,2021-11-30
경기도,파주시,신익현,닭,토종닭,7.0,경기도 파주시 파평면 금파리 55(청송로266번길 94-81),37.9214905923,126.8490938355,2021-11-30
경기도,파주시,신충호,닭,토종닭,10.0,경기도 파주시 조리읍 봉일천리 64-36,37.7412230881,126.8269429888,2021-11-30
경기도,파주시,신한농장,닭,산란계,90000.0,경기도 파주시 적성면 어유지1리 339,37.9946282873,126.9811172159,2021-04-30
경기도,파주시,심양보,닭,토종닭,10.0,경기도 파주시 법원읍 직천리 475-1(만월로 490-43),37.8950457867,126.9269169012,2021-07-31
경기도,파주시,심재용,닭,토종닭,40.0,경기도 파주시 산남동 507,37.7005919425,126.6889905569,2021-07-31
경기도,파주시,심재욱,닭,토종닭,50.0,경기도 파주시 문산읍 이천리 41(지내울길 277),37.8747074112,126.8431155645,2021-11-30
경기도,파주시,심현식,닭,육계,200.0,경기도 파주시 하지석동 450번지 1호,37.7544227,126.7360137,2020-04-30
경기도,파주시,심현식,닭,토종닭,5000.0,경기도 파주시 하지석동 450-1(방촌로 63),37.7545847956,126.7359839323,2021-09-30
경기도,파주시,쌀굴양계장,닭,토종닭,60.0,경기도 파주시  광탄면 창만리 505-1,37.8001359089,126.8549082876,2021-06-30
경기도,파주시,아람농장,닭,육계,25000.0,경기도 파주시 문산읍 장산리 104번지,37.8891307,126.7742023,2020-01-31
경기도,파주시,아람농장,닭,육계,25000.0,경기도 파주시 문산읍 장산리 104,37.8891294723,126.7742858033,2021-06-30
경기도,파주시,아람농장,닭,육계,20000.0,경기도 파주시 문산읍 장산리 104(장산로76번길 14-179),37.8891294723,126.7742858033,2021-09-30
경기도,파주시,안청자,거위,,1.0,경기도 파주시 산남동 564(문발로 36-51),37.6966732715,126.6871230042,2021-11-30
경기도,파주시,안청자,닭,토종닭,2.0,경기도 파주시 산남동 564(문발로 36-51),37.6966732715,126.6871230042,2021-07-31
경기도,파주시,안풍승,닭,산란계,5800.0,경기도 파주시 광탄면 창만리 248-5(만장산로 316),37.7956154074,126.8706560452,2021-07-31
경기도,파주시,안현배,닭,토종닭,7.0,경기도 파주시 월롱면 덕은리 689,37.820552645,126.7657028448,2021-11-30
경기도,파주시,양지농장,닭,육계,13000.0,경기도 파주시 법원읍 삼방리 171,37.8346167954,126.8846665117,2021-06-30
경기도,파주시,양지농장,닭,육계,9000.0,경기도 파주시 법원읍 삼방리 171-1(둔방이길 269),37.8346167954,126.8846665117,2021-07-31
경기도,파주시,양호농장,닭,육계,50000.0,경기도 파주시 광탄면 마장리 242번지 2호,37.7870853,126.8710578,2020-06-30
경기도,파주시,양호농장,닭,육계,50000.0,경기도 파주시 광탄면 마장리  242-2,37.7872355598,126.8710905433,2021-06-30
경기도,파주시,양호농장,닭,육계,43300.0,경기도 파주시 광탄면 마장리 242-2(우랑길 185),37.7874340206,126.8711229323,2021-09-30
경기도,파주시,억수농장,닭,육계,16500.0,경기도 파주시 파주읍 봉서리 439(통일로1546번길 189),37.8467917224,126.7958872452,2021-07-31
경기도,파주시,억수농장,닭,육계,20000.0,경기도 파주시 파주읍 봉서리 439,37.8467917224,126.7958872452,2020-11-30
경기도,파주시,연수농장,닭,토종닭,550.0,경기도 파주시 적성면 객현리 348-9,37.9697376137,126.9455470897,2021-07-31
경기도,파주시,영광농장,닭,육계,2600.0,경기도 파주시 광탄면 마장리 267번지 3호,37.7922857,126.8727515,2020-07-31
경기도,파주시,영광농장,닭,육계,15000.0,경기도 파주시 광탄면 신산리 262번지 2호,37.7999236,126.8418656,2020-07-31
경기도,파주시,영광농장,닭,토종닭,4000.0,경기도 파주시 광탄면 신산리  262-2,37.7999643299,126.8418129701,2021-06-30
경기도,파주시,영광타조농장,타조,,11.0,경기도 파주시 동패동 1344번지,37.7053759,126.7286826,2020-07-31
경기도,파주시,오두산전망대농장,닭,육계,400.0,경기도 파주시 탄현면 성동리 472번지,37.7837212,126.6817146,2020-01-31
경기도,파주시,오복농장,닭,산란계,1000.0,경기도 파주시 문산읍 내포리 710번지 1호,37.829772,126.7582673,2020-05-31
경기도,파주시,오복농장,닭,산란계,4000.0,경기도 파주시 광탄면 마장리  249-13,37.7889739872,126.8725749636,2021-06-30
경기도,파주시,오서방네 자연농장,닭,토종닭,3000.0,경기도 파주시 탄현면 금산리 88-1,37.7940043713,126.7106895361,2021-07-31
경기도,파주시,오성수,닭,토종닭,3.0,경기도 파주시 파주읍 연풍리 55(애룡길 23),37.8224169871,126.8395339052,2021-09-30
경기도,파주시,오형근,닭,육계,36300.0,경기도 파주시 적성면 답곡리 261,37.9517259848,126.8551442751,2021-07-31
경기도,파주시,온누리농장,닭,육계,1000.0,경기도 파주시 검산동 28번지 2호,37.7865624,126.7495663,2020-06-30
경기도,파주시,온누리농장,닭,토종닭,150.0,경기도 파주시 검산동 20-3,37.7851479124,126.7499900191,2021-06-30
경기도,파주시,온정농원,닭,토종닭,80.0,경기도 파주시 서패동 39(교하로 708-25),37.7120607718,126.7019421583,2021-09-30
경기도,파주시,옹기촌,닭,토종닭,30.0,경기도 파주시 적성면 마지리 193-5,37.960427245,126.9110531079,2021-07-31
경기도,파주시,용인농장1,닭,토종닭,500.0,경기도 파주시 광탄면 마장리 388,37.7853222201,126.8808167126,2021-11-30
경기도,파주시,우농타조,관상조류,,10.0,경기도 파주시 동패동 616-3(교하로 595-36),37.7054691341,126.7135614141,2021-07-31
경기도,파주시,우농타조,타조,,50.0,경기도 파주시 동패동 616-3(교하로 595-36),37.7054691341,126.7135614141,2021-11-30
경기도,파주시,우농타조농장,타조,,50.0,경기도 파주시 동패동 614번지 2호,37.7056758,126.714688,2020-04-30
경기도,파주시,우농타조농장,타조,,100.0,경기도 파주시  동패동 616-3,37.7054691341,126.7135614141,2021-06-30
경기도,파주시,우리농장,닭,육계,700.0,경기도 파주시 파주읍 백석리 396번지 2호,37.812032,126.80609,2020-07-31
경기도,파주시,우리농장,닭,토종닭,2000.0,경기도 파주시 문산읍 사목리 692,37.8788630194,126.7497229506,2021-04-30
경기도,파주시,우석명,닭,토종닭,21.0,경기도 파주시 탄현면 만우리 131(새오리로427번길 38-24),37.817990344,126.6978603735,2021-09-30
경기도,파주시,우성농장,닭,산란계,102.0,경기도 파주시 야동동 308번지 3호,37.7770588,126.7587589,2020-04-30
경기도,파주시,우영농장,닭,토종닭,6.0,경기도 파주시 하지석동 450-3,37.754619922,126.7355704896,2021-09-30
경기도,파주시,우원인,닭,토종닭,10.0,경기도 파주시 파주읍 봉서리 123(통일로 1430-75),37.8345462305,126.7964127622,2021-07-31
경기도,파주시,우종균,관상조류,,7.0,경기도 파주시 법원읍 법원리 128-9(초리골길 251),37.8566282519,126.8936799758,2021-07-31
경기도,파주시,우종균,닭,토종닭,29.0,경기도 파주시 법원읍 법원리 128-9(초리골길 251),37.8566282519,126.8936799758,2021-09-30
경기도,파주시,우종범,닭,토종닭,20.0,경기도 파주시 탄현면 만우리 134-1(새오리로427번길 38-22),37.8181087415,126.6980408776,2021-07-31
경기도,파주시,우종천,관상조류,,5.0,경기도 파주시 법원읍 법원리 396-1(초리골길 76-42),37.8492548703,126.8883071836,2021-07-31
경기도,파주시,원이농장,닭,토종닭,4000.0,경기도 파주시 탄현면 갈현리 1443,37.7592530775,126.7210736227,2021-11-30
경기도,파주시,원흥농원,닭,육계,300.0,경기도 파주시 광탄면 용미리 산 85번지,37.7294027,126.884693,2020-06-30
경기도,파주시,원흥농원,닭,토종닭,300.0,경기도 파주시 광탄면 용미리 산 85,37.7312524152,126.8859881719,2021-06-30
경기도,파주시,월롱축산,닭,산란계,9000.0,경기도 파주시 월롱면 도내리 731-2(정문로487번길 183),37.7988174989,126.8083944653,2021-07-31
경기도,파주시,월롱축산,닭,산란계,30000.0,경기도 파주시 월롱면 도내리 731-2,37.7988174989,126.8083944653,2020-11-30
경기도,파주시,유길종,관상조류,,50.0,경기도 파주시 월롱면 능산리 313-1(휴암로381번길 14-2),37.8262426416,126.7781064556,2021-11-30
경기도,파주시,유원권,닭,토종닭,25.0,경기도 파주시 탄현면 대동리 646(새오리로286번길 48-22),37.8062537256,126.6923301843,2021-09-30
경기도,파주시,유일자,닭,토종닭,16.0,경기도 파주시 조리읍 대원리 1457(장진천길 281-32),37.7287596515,126.8039626445,2021-07-31
경기도,파주시,윤기우,닭,토종닭,139.0,경기도 파주시 법원읍 동문리 521-3(사임당로 626-70),37.853167215,126.8497518619,2021-07-31
경기도,파주시,윤기우,거위,,1.0,경기도 파주시 법원읍 동문리 521-3(사임당로 626-70),37.853167215,126.8497518619,2021-07-31
경기도,파주시,윤기우,관상조류,,45.0,경기도 파주시 법원읍 동문리 521-3(사임당로 626-70),37.853167215,126.8497518619,2021-11-30
경기도,파주시,윤병홍,닭,토종닭,9.0,경기도 파주시 파주읍 연풍리 68-8,37.8234434709,126.8457217304,2021-07-31
경기도,파주시,윤상우,닭,토종닭,55.0,경기도 파주시 연다산동 436-2(방화리길 55-26),37.7411355271,126.7017208905,2021-11-30
경기도,파주시,윤일중,닭,토종닭,100.0,경기도 파주시 조리읍 장곡리 산 65-6(장곡로 31-1),37.7436594192,126.8450359729,2021-11-30
경기도,파주시,윤재일,닭,토종닭,25.0,경기도 파주시 법원읍 법원리 397-4(사임당로 955-22),37.8477379746,126.8877855014,2021-09-30
경기도,파주시,윤태인,닭,산란계,550.0,경기도 파주시 조리읍 뇌조리 132-8,37.7510878443,126.8146482492,2021-09-30
경기도,파주시,윤현수,닭,토종닭,50.0,경기도 파주시 광탄면 창만리 1225(혜음로 1391-82),37.8042981497,126.8447847922,2021-11-30
경기도,파주시,은진목장,닭,토종닭,200.0,경기도 파주시 법원읍 직천리 440-1,37.8991027532,126.9258302249,2021-06-30
경기도,파주시,은행농장,닭,토종닭,500.0,경기도 파주시 파주읍 봉암리 산8-11,,,2021-06-30
경기도,파주시,은행농장,닭,토종닭,130.0,경기도 파주시 파주읍 봉암리 산 18-1,37.833244017,126.8083737613,2021-11-30
경기도,파주시,이경구,닭,토종닭,22.0,경기도 파주시 문산읍 당동리 533,37.8636337407,126.7693150019,2021-09-30
경기도,파주시,이경옥,닭,토종닭,13.0,경기도 파주시 법원읍 직천리 694,37.9037176333,126.9125741964,2021-09-30
경기도,파주시,이관수,닭,토종닭,65.0,경기도 파주시 조리읍 대원리 765-4(장진천길 ),37.7319078962,126.8059418535,2021-09-30
경기도,파주시,이관수,거위,,5.0,경기도 파주시 조리읍 대원리 765-4(장진천길 ),37.7319078962,126.8059418535,2021-07-31
경기도,파주시,이금옥,닭,토종닭,2.0,경기도 파주시 적성면 자장리 564-1,37.9560421353,126.8453030831,2021-09-30
경기도,파주시,이덕규,거위,,2.0,경기도 파주시 법원읍 갈곡리 232-7( 391),37.848857216,126.9074856236,2021-09-30
경기도,파주시,이동식,닭,토종닭,7.0,경기도 파주시 적성면 객현리 130(배우니안길 115),37.9720905921,126.957890218,2021-07-31
경기도,파주시,이동현,닭,토종닭,120.0,경기도 파주시 산남동 509,37.7001761165,126.6884707118,2021-07-31
경기도,파주시,이문승,닭,토종닭,7.0,경기도 파주시 조리읍 대원리 262-7(문원길 217-8),37.7248003469,126.8127485327,2021-09-30
경기도,파주시,이병주,닭,토종닭,4.0,경기도 파주시 월롱면 능산리 288-1(국사봉길 78-16),37.8289186837,126.7692056535,2021-07-31
경기도,파주시,이상현,닭,토종닭,3000.0,경기도 파주시 법원읍 동문리 214-1(못말길 119-99),37.8724370358,126.8602791774,2021-11-30
경기도,파주시,이상훈,닭,토종닭,5.0,경기도 파주시 문산읍 당동리 159,37.8634183344,126.7674440189,2021-11-30
경기도,파주시,이시곤,관상조류-기러기,,11.0,경기도 파주시 파주읍 봉암리 209,37.8133026912,126.8009535779,2021-07-31
경기도,파주시,이시곤,닭,토종닭,30.0,경기도 파주시 파주읍 봉암리 209,37.8133026912,126.8009535779,2021-07-31
경기도,파주시,이시형,닭,토종닭,10.0,경기도 파주시 법원읍 갈곡리 232-1( 397-7),37.8487968141,126.9080203287,2021-09-30
경기도,파주시,이시형,거위,,2.0,경기도 파주시 법원읍 갈곡리 232-1( 397-7),37.8488147251,126.9079974526,2021-07-31
경기도,파주시,이시형,거위,,2.0,경기도 파주시 법원읍 갈곡리 232-1( 397-7),37.8487968141,126.9080203287,2021-11-30
경기도,파주시,이시형,닭,토종닭,10.0,경기도 파주시 법원읍 갈곡리 232-1( 397-7),37.8488147251,126.9079974526,2021-07-31
경기도,파주시,이영숙,닭,토종닭,20.0,경기도 파주시 조리읍 뇌조리 212-9(잔모래길 153),37.760171251,126.817984271,2021-09-30
경기도,파주시,이영애,닭,토종닭,1.0,경기도 파주시 광탄면 발랑리 298-3,37.803640067,126.8928071741,2021-11-30
경기도,파주시,이영해,닭,토종닭,70.0,경기도 파주시 탄현면 갈현리 454(갈현로29번길 124-5),37.7672959878,126.7185385915,2021-07-31
경기도,파주시,이용곤,닭,토종닭,8.0,경기도 파주시 조리읍 뇌조리 533-1,37.7703434916,126.816097626,2021-09-30
경기도,파주시,이욱선,닭,토종닭,9.0,경기도 파주시 하지석동 464-6(방촌로 88-28),37.7579444597,126.7356428647,2021-07-31
경기도,파주시,이윤호,닭,토종닭,3.0,경기도 파주시 적성면 마지리 288-7(청송로 841),37.9481632711,126.9006680554,2021-07-31
경기도,파주시,이은상,닭,육계,2000.0,경기도 파주시 검산동 28번지,37.786669,126.7488735,2020-05-31
경기도,파주시,이재형,닭,토종닭,13.0,경기도 파주시 탄현면 갈현리 455-9,37.7679327816,126.7180663796,2021-07-31
경기도,파주시,이재호,닭,토종닭,21.0,경기도 파주시 법원읍 웅담리 356-3(술이홀로1698번길 24),37.9121686311,126.8959319354,2021-09-30
경기도,파주시,이정임,닭,토종닭,16.0,경기도 파주시 법원읍 삼방리 330-3(둔방이길 45-18),37.8331231428,126.8731785521,2021-09-30
경기도,파주시,이주관,거위,,1.0,경기도 파주시 맥금동 136-1(평화로492번길 47),37.7750229547,126.7299144601,2021-09-30
경기도,파주시,이천농장,닭,육계,40000.0,"경기도 파주시 문산읍 이천리 178-1, 23-1",37.8711928956,126.838869377,2020-11-30
경기도,파주시,이천농장1,닭,육계,17100.0,경기도 파주시 문산읍 이천리 178-3,37.8710218293,126.838949313,2021-07-31
경기도,파주시,이천농장2,닭,육계,17100.0,경기도 파주시 문산읍 이천리 23-1(배머리길 356),37.8725191475,126.8418388123,2021-09-30
경기도,파주시,이치영,닭,토종닭,2.0,경기도 파주시 문산읍 마정리 734(사목로 168-24),37.8811689681,126.7566133095,2021-09-30
경기도,파주시,이택모,닭,토종닭,5.0,경기도 파주시 광탄면 창만리 517-1,37.7996387568,126.8584208854,2021-09-30
경기도,파주시,이필성,닭,토종닭,15.0,경기도 파주시 연다산동 610(방화리길 126),37.7414017694,126.7037723538,2021-09-30
경기도,파주시,이학근,닭,토종닭,14.0,경기도 파주시 광탄면 용미리 산 75-15(혜음로454번길 18-47),37.7361845525,126.8880924322,2021-09-30
경기도,파주시,이홍규,닭,토종닭,50.0,경기도 파주시 광탄면 발랑리 408-1,37.8135539279,126.8870233802,2021-11-30
경기도,파주시,이흥수,닭,토종닭,6.0,경기도 파주시 아동동 106-14,37.7659303719,126.7934642365,2021-07-31
경기도,파주시,이희규,닭,토종닭,18.0,경기도 파주시 월롱면 도내리 288-9,37.7894483003,126.8249501035,2021-07-31
경기도,파주시,이희찬,닭,토종닭,50.0,경기도 파주시 당하동 240-148(당하2길 116),37.7431996914,126.7455329554,2021-09-30
경기도,파주시,인왕축산,닭,육계,20069.0,경기도 파주시 파주읍 연풍리 52번지 1호,37.8197479,126.8379497,2020-05-31
경기도,파주시,인왕축산,닭,육계,27000.0,경기도 파주시 파주읍 연풍리 52,37.8208574614,126.8388899611,2021-04-30
경기도,파주시,일신농장,닭,육계,16484.0,경기도 파주시 파주읍 봉암리 446번지,37.8222731,126.7941258,2020-06-30
경기도,파주시,임성기,닭,토종닭,28.0,경기도 파주시 파주읍 봉암리 516-4(주라위길 ),37.815556831,126.7950706244,2021-11-30
경기도,파주시,임수영,닭,육계,20500.0,경기도 파주시 연다산동 407(소라지로 138-59),37.7388949683,126.7022670276,2021-07-31
경기도,파주시,임월순,닭,토종닭,120.0,경기도 파주시 탄현면 낙하리 312-5,37.8372028646,126.7298025975,2021-11-30
경기도,파주시,임의섭,닭,토종닭,35.0,경기도 파주시 검산동 446(검산로 297),37.7972835467,126.7407805952,2021-11-30
경기도,파주시,임의섭,거위,,3.0,경기도 파주시 검산동 446(검산로 297),37.7972835467,126.7407805952,2021-11-30
경기도,파주시,임정혁,닭,토종닭,30.0,경기도 파주시 광탄면 발랑리 221-9,37.7991701243,126.8989547252,2021-11-30
경기도,파주시,임정희,닭,토종닭,5.0,경기도 파주시 적성면 객현리 255(윗배우니길 485-8),37.9583683579,126.9549289895,2021-07-31
경기도,파주시,임춘혁,닭,토종닭,4.0,경기도 파주시 법원읍 웅담리 260(술이홀로1584번길 70-9),37.9008297989,126.8888360012,2021-07-31
경기도,파주시,자연농장,닭,토종닭,2000.0,경기도 파주시 광탄면 창만리 302-2,37.7997288979,126.866005402,2021-06-30
경기도,파주시,장기자,닭,토종닭,20.0,경기도 파주시 적성면 장현리 66-6(산덕골길 85-8),37.9881948638,126.9856152115,2021-07-31
경기도,파주시,장병식,닭,토종닭,10.0,경기도 파주시 광탄면 창만리 705-1(혜음로1401번길 169-22),37.8026862861,126.8385968485,2021-09-30
경기도,파주시,장병식,거위,,1.0,경기도 파주시 광탄면 창만리 705-1(혜음로1401번길 169-22),37.8026862861,126.8385968485,2021-09-30
경기도,파주시,장산농장,닭,육계,60000.0,"경기도 파주시 문산읍 장산리 157,129-4",37.8987109177,126.7806191831,2021-06-30
경기도,파주시,장산농장1,닭,육계,14000.0,경기도 파주시 문산읍 장산리 129-4(장산로 254-49),,,2021-07-31
경기도,파주시,장산농장2,닭,육계,9000.0,경기도 파주시 문산읍 장산리 157,37.8987109177,126.7806191831,2021-07-31
경기도,파주시,장산농장Ⅰ,닭,육계,30000.0,경기도 파주시 문산읍 장산리 149번지 12호,37.8974582,126.7803955,2020-07-31
경기도,파주시,장성,닭,토종닭,8.0,경기도 파주시 적성면 객현리 131-1(배우니안길 114),37.972091851,126.9581634591,2021-11-30
경기도,파주시,장승호,닭,토종닭,9.0,경기도 파주시 조리읍 능안리 1323(솔아래길 162-66),37.7409164434,126.7796396277,2021-07-31
경기도,파주시,장영해,닭,토종닭,50.0,경기도 파주시 탄현면 갈현리 1488,37.7586233991,126.7250553488,2021-11-30
경기도,파주시,장지동농장,닭,토종닭,100.0,경기도 파주시 문산읍 마정리 233-2,37.8968498977,126.7642076301,2021-04-30
경기도,파주시,재림농장,닭,산란계,12000.0,경기도 파주시 파주읍 향양리 135번지,37.8563037,126.822676,2020-01-31
경기도,파주시,전진오,닭,토종닭,2.0,경기도 파주시 광탄면 신산리 423-2,37.7967934597,126.8372977422,2021-11-30
경기도,파주시,정관영,닭,토종닭,10.0,경기도 파주시 광탄면 발랑리 342-2(부흥로359번길 107),37.8066338075,126.8851487037,2021-07-31
경기도,파주시,정성곤,닭,토종닭,15.0,경기도 파주시 조리읍 오산리 261(등원로330번길 31-20비닐하우스),37.7715277888,126.832152616,2021-11-30
경기도,파주시,정성수,닭,토종닭,18.0,경기도 파주시 맥금동 235-1(금물다리길 98-5),37.7675569845,126.7308093694,2021-07-31
경기도,파주시,정성필,닭,토종닭,280.0,경기도 파주시 탄현면 법흥리 398-3(국원말길 200),37.7866226883,126.7108396413,2021-07-31
경기도,파주시,정순남,닭,토종닭,2.0,경기도 파주시 파주읍 봉암리 219-1(주라위길 126),37.8150762775,126.7976087379,2021-11-30
경기도,파주시,정영,닭,토종닭,50.0,경기도 파주시 적성면 답곡리 643,37.9558189658,126.8610852797,2021-07-31
경기도,파주시,정영재,닭,토종닭,119.0,경기도 파주시 탄현면 축현리 498-8,37.8145822495,126.7181832908,2021-09-30
경기도,파주시,정영재,관상조류-기러기,,6.0,경기도 파주시 탄현면 축현리 498-8,37.8145822495,126.7181832908,2021-09-30
경기도,파주시,정영재,거위,,5.0,경기도 파주시 탄현면 축현리 498-8,37.8145822495,126.7181832908,2021-11-30
경기도,파주시,정태곤,닭,토종닭,8.0,경기도 파주시 연다산동 162-4(연화길 87),37.7482481369,126.7139829163,2021-11-30
경기도,파주시,정해영,닭,토종닭,13.0,경기도 파주시 야동동 308-2(풀무골로56번길 21),37.7769497456,126.7591230446,2021-07-31
경기도,파주시,제옥수,닭,토종닭,10.0,경기도 파주시 법원읍 직천리 857(만월로675번길 112-97),37.9020350959,126.9041817393,2021-07-31
경기도,파주시,제일농장,닭,육계,15700.0,경기도 파주시 문산읍 마정리 478번지,37.8934593,126.7583409,2020-04-30
경기도,파주시,제일사슴농장,닭,토종닭,21.0,경기도 파주시 탄현면 축현리 산 47-7(방촌로628번길 110-65),37.7963926825,126.7202993786,2021-09-30
경기도,파주시,조산농장,닭,육계,16000.0,경기도 파주시 조리읍 뇌조리 124-4(뇌조로178번길 46),37.7532569875,126.8208970309,2021-09-30
경기도,파주시,조산농장,닭,육계,20000.0,경기도 파주시 조리읍 뇌조리 124-4,37.7532569875,126.8208970309,2021-06-30
경기도,파주시,조상구,닭,토종닭,10.0,경기도 파주시 조리읍 뇌조리 101-1(뇌조로171번길 68-33),37.7556441552,126.8246225793,2021-07-31
경기도,파주시,조선상,닭,토종닭,95.0,경기도 파주시 산남동 543,37.6990416461,126.688747637,2021-09-30
경기도,파주시,조여일,닭,토종닭,20.0,경기도 파주시 문산읍 사목리 112-4(통일로2033번길 146),37.8797165986,126.7609779864,2021-07-31
경기도,파주시,조은농장,닭,토종닭,1300.0,경기도 파주시 법원읍 갈곡리 2,37.852441698,126.9344307915,2021-11-30
경기도,파주시,조진만,닭,토종닭,70.0,경기도 파주시 파주읍 봉암리 305(봉암안길 30),37.8303607821,126.7988615781,2021-09-30
경기도,파주시,조진수,닭,토종닭,18.0,경기도 파주시 상지석동 177-49(상지석안길 36),37.7288183601,126.7836718918,2021-07-31
경기도,파주시,주신농장,닭,육계,12000.0,경기도 파주시 적성면 어유지리  315-17,37.993567472,126.98377827,2021-06-30
경기도,파주시,주영근,닭,토종닭,3.0,경기도 파주시 탄현면 갈현리 1761(방촌로 261),37.769765505,126.7239853251,2021-07-31
경기도,파주시,주한수,닭,토종닭,5.0,경기도 파주시 월롱면 영태리 492-6,37.7715637947,126.7917941789,2021-09-30
경기도,파주시,준수네농장,닭,토종닭,100.0,경기도 파주시 파주읍 봉암3리 305,37.8303607821,126.7988615781,2021-04-30
경기도,파주시,지렁이농장,거위,,1.0,경기도 파주시 탄현면 대동리 산 25-6(새오리로 178),37.799371719,126.6889634401,2021-07-31
경기도,파주시,지렁이농장,닭,토종닭,600.0,경기도 파주시 탄현면 대동리 산 25-6(새오리로 178),37.799371719,126.6889634401,2021-07-31
경기도,파주시,지렁이농장,관상조류-기러기,,7.0,경기도 파주시 탄현면 대동리 산 25-6(새오리로 178),37.799371719,126.6889634401,2021-07-31
경기도,파주시,지원농장,메추리,,270000.0,경기도 파주시 광탄면 발랑리 217-1(말구리길 ),37.7987678535,126.8996054331,2021-11-30
경기도,파주시,지촌,닭,토종닭,20.0,경기도 파주시 법원읍 동문리 56-1(못말길 50-9),37.8681157263,126.8655376154,2021-09-30
경기도,파주시,진미농장,닭,육계,19000.0,경기도 파주시  교하동 520,37.751520061,126.7415208854,2021-04-30
경기도,파주시,진회목장,닭,토종닭,8.0,경기도 파주시 적성면 장현리 450(담안길 124-34),37.9773774189,126.9610053229,2021-07-31
경기도,파주시,진흥농장,닭,육계,40000.0,경기도 파주시 상지석동 712,37.7355065323,126.7793061836,2021-06-30
경기도,파주시,진흥농장,닭,육계,40000.0,경기도 파주시 상지석동 712번지 진흥농장,37.7352858,126.7789872,2020-07-31
경기도,파주시,진흥농장,닭,육계,35500.0,경기도 파주시 상지석동 712(솔아래길 79-6),37.7355065323,126.7793061836,2021-07-31
경기도,파주시,채니농장,닭,육계,100000.0,경기도 파주시 문산읍 사목리 93,37.8784775553,126.7628943531,2021-06-30
경기도,파주시,채니농장,닭,육계,40000.0,경기도 파주시 문산읍 사목리 94-2(통일로2033번길 146),37.8784775553,126.7628943531,2021-09-30
경기도,파주시,천마농장,닭,토종닭,200.0,경기도 파주시 적성면 답곡리 396,37.9482327893,126.8534771747,2020-11-30
경기도,파주시,청암농장,닭,육계,30000.0,경기도 파주시 문산읍 장산리 105번지,37.8898795,126.7747342,2020-01-31
경기도,파주시,청암농장,닭,육계,30000.0,경기도 파주시 문산읍 장산리 105,37.8900337906,126.7747773245,2021-06-30
경기도,파주시,청암농장,닭,육계,20000.0,경기도 파주시 문산읍 장산리 105(장산로76번길 14-175),37.8900337906,126.7747773245,2021-07-31
경기도,파주시,청운농장,닭,육계,25000.0,경기도 파주시 적성면 객현리 118,37.9681987884,126.9602299567,2020-11-30
경기도,파주시,청운농장,닭,육계,21500.0,경기도 파주시 적성면 객현리 117-4(배우니안길 38-20),37.9684491017,126.9597841142,2021-07-31
경기도,파주시,청원농장,닭,육계,37100.0,경기도 파주시 적성면 답곡리 261,37.9517259848,126.8551442751,2021-06-30
경기도,파주시,청풍농장,닭,토종닭,8000.0,경기도 파주시 광탄면 창만리  428-9,37.7866552888,126.8637362085,2020-11-30
경기도,파주시,최광국,닭,토종닭,300.0,경기도 파주시 광탄면 방축리 6-5(부흥로169번길 119),37.8089814833,126.8705994185,2021-07-31
경기도,파주시,최도순,닭,토종닭,15.0,경기도 파주시 파주읍 부곡리 80-4(여울길 77-5),37.8071293994,126.8321501873,2021-09-30
경기도,파주시,최병상,닭,토종닭,4.0,경기도 파주시 적성면 율포리 178-1(율곡로 2497),37.9790399674,126.9521572376,2021-09-30
경기도,파주시,최병주,닭,토종닭,5.0,경기도 파주시 월롱면 도내리 44,37.7980873725,126.8302211318,2021-09-30
경기도,파주시,최병태,닭,토종닭,40.0,경기도 파주시 법원읍 금곡리 217(술이홀로 1495),37.8996058144,126.883989332,2021-09-30
경기도,파주시,최봉상,관상조류-기러기,,1.0,경기도 파주시 광탄면 창만리 260(만장산로 300-47),37.7946377388,126.8681769164,2021-07-31
경기도,파주시,최봉상,닭,토종닭,30.0,경기도 파주시 광탄면 창만리 260(만장산로 300-47),37.7946377388,126.8681769164,2021-07-31
경기도,파주시,최수용,닭,토종닭,60.0,경기도 파주시 파평면 장파리 419-9(자장로17번길 138-30),37.9550902543,126.8409547236,2021-11-30
경기도,파주시,최수용,거위,,2.0,경기도 파주시 파평면 장파리 419-9(자장로17번길 138-30),37.9550902543,126.8409547236,2021-09-30
경기도,파주시,최영주,닭,토종닭,160.0,경기도 파주시 파주읍 봉암리 44(술이홀로157번길 128),37.8275263187,126.8057289828,2021-11-30
경기도,파주시,최우태,닭,토종닭,4.0,경기도 파주시 월롱면 도내리 255-3(내도감길 7),37.7884454888,126.8195756918,2021-07-31
경기도,파주시,최진섭,닭,토종닭,27.0,경기도 파주시 파주읍 백석리 446-22(아랫도장길 66-19),37.8030793207,126.7990173393,2021-07-31
경기도,파주시,최헌,닭,토종닭,100.0,경기도 파주시 파평면 금파리 126-6,37.9259304755,126.8432518562,2021-11-30
경기도,파주시,충남농장,닭,토종닭,700.0,경기도 파주시 파주읍 연풍리 335-6,37.8234568299,126.8394000596,2021-06-30
경기도,파주시,친환경우리농장,닭,육계,4000.0,경기도 파주시 광탄면 영장리 193번지,37.7685947,126.9047534,2020-06-30
경기도,파주시,친환경우리농장,닭,토종닭,1000.0,경기도 파주시 광탄면 영장리 193,37.7686656188,126.9052421176,2021-06-30
경기도,파주시,칠성농장,닭,육계,20000.0,경기도 파주시 문산읍 마정리 90,,,2021-06-30
경기도,파주시,타조하니생태농장,타조,,80.0,경기도 파주시 조리읍 장곡리 251-1,37.7594215195,126.8452558227,2021-11-30
경기도,파주시,탄현농장,닭,육계,53000.0,경기도 파주시 탄현면 금산리 102-1,37.8001481095,126.7103777088,2021-11-30
경기도,파주시,탄현농장,닭,육계,60000.0,경기도 파주시 탄현면 금산리 산60-1,37.8005398544,126.7096579276,2021-04-30
경기도,파주시,토종닭농장,닭,육계,1500.0,경기도 파주시 법원읍 오현리 71번지 6호,37.8649654,126.9394916,2020-05-31
경기도,파주시,통일로 금촌농장,닭,토종닭,40.0,경기도 파주시 아동동 5-29(통일로576번길 14),37.7617218096,126.7965695861,2021-07-31
경기도,파주시,통일로금촌농장,닭,기타,55.0,경기도 파주시 아동동50-30,,,2021-06-30
경기도,파주시,파랑새농장,닭,토종닭,2000.0,경기도 파주시 군내면 읍내리 822,37.9358709829,126.7318213921,2021-06-30
경기도,파주시,파주농장,닭,육계,15000.0,경기도 파주시 문산읍 이천2리 61,37.8765126358,126.8468291041,2021-04-30
경기도,파주시,파주정수농장,닭,산란계,0.0,경기도 파주시 광탄면 분수리 299번지,37.7618101,126.8602308,2020-06-30
경기도,파주시,파주정수농장,닭,토종닭,300.0,경기도 파주시  광탄면 분수리 299,37.761813569,126.8601117321,2021-06-30
경기도,파주시,파주정수농장,닭,토종닭,150.0,경기도 파주시 광탄면 분수리 299(혜음로 856),37.761813569,126.8601117321,2021-07-31
경기도,파주시,파주종계장,닭,육용종계,40000.0,경기도 파주시 적성면 장현2리 146,37.9811986376,126.9789571983,2021-04-30
경기도,파주시,파주종계장,닭,종계,46800.0,경기도 파주시 적성면 장현리 146(산덕골길 312),37.9811986376,126.9789571983,2021-09-30
경기도,파주시,파주팜랜드,닭,토종닭,20.0,경기도 파주시 탄현면 대동리 240-11(새오리로 318-34),37.8100305789,126.692391287,2021-07-31
경기도,파주시,파주팜랜드,타조,,2.0,경기도 파주시 탄현면 대동리 240-11(새오리로 318-34),37.8100305789,126.692391287,2021-11-30
경기도,파주시,파평산토종닭,닭,토종닭,180.0,경기도 파주시 파평면 덕천리 259-2(청송로652번길 42-171),37.9364731754,126.8746119868,2021-09-30
경기도,파주시,파평산토종닭농장,닭,육계,1500.0,경기도 파주시 파평면 덕천리 산 259번지 9호,37.9300197,126.8986929,2020-07-31
경기도,파주시,파평산토종닭농장,닭,토종닭,300.0,경기도 파주시 파평면 눌노리  11-5,37.9303193962,126.8658091409,2021-06-30
경기도,파주시,파평중학교,닭,토종닭,3.0,경기도 파주시 파평면 금파리 288,37.9200647035,126.8374560019,2021-11-30
경기도,파주시,풍산농장,닭,육계,20000.0,경기도 파주시 문산읍 사목리 93번지,37.8781335,126.7622561,2020-05-31
경기도,파주시,풍원농장,닭,육계,25000.0,경기도 파주시 문산읍 사목리 93-1,37.8784775553,126.7628943531,2021-06-30
경기도,파주시,하마농장,닭,육계,100.0,경기도 파주시 적성면 자장리 148번지,37.9610631,126.8694957,2020-01-31
경기도,파주시,하마농장,닭,토종닭,120.0,경기도 파주시 적성면 자장리 148,37.9611597654,126.8696215322,2021-04-30
경기도,파주시,하만호,닭,토종닭,350.0,경기도 파주시 법원읍 갈곡리 184(화합로466번길 32),37.8458399937,126.9151249641,2021-07-31
경기도,파주시,한일,닭,토종닭,4.0,경기도 파주시 법원읍 삼방리 178(둔방이길 256-22),37.8332513129,126.8838028238,2021-07-31
경기도,파주시,한일,관상조류,,7.0,경기도 파주시 법원읍 삼방리 178(둔방이길 256-22),37.8332513129,126.8838028238,2021-11-30
경기도,파주시,한현숙,닭,토종닭,7.0,경기도 파주시 파주읍 봉암리 425-3(샛봉우재길 39-35),37.8230482832,126.7938404076,2021-07-31
경기도,파주시,해이리농장,닭,토종닭,250.0,경기도 파주시 탄현면 법흥2리 398,37.786725618,126.7110474133,2021-06-30
경기도,파주시,해피농장,닭,토종닭,2500.0,경기도 파주시  하지석동 450-1,37.7545847956,126.7359839323,2021-04-30
경기도,파주시,해피농장,닭,토종닭,2500.0,경기도 파주시  하지석동 447-2,37.7549802482,126.7355464983,2021-06-30
경기도,파주시,행복목장,닭,육계,27000.0,경기도 파주시 문산읍 장산리 153,37.8979628922,126.7804849997,2021-09-30
경기도,파주시,행복목장,닭,육계,30000.0,경기도 파주시 문산읍 장산리 153,37.8979628922,126.7804849997,2021-04-30
경기도,파주시,현인농?,닭,토종닭,1000.0,경기도 파주시 파주읍 향양2리 320-1,37.8446500937,126.8117173308,2021-06-30
경기도,파주시,현인농원,닭,종계,2000.0,경기도 파주시 파주읍 향양리 320-1(우계로 213),37.8446500937,126.8117173308,2021-07-31
경기도,파주시,형제농장,닭,육계,45000.0,경기도 파주시  맥금동 533-1,37.7919056099,126.7287284354,2021-06-30
경기도,파주시,형제농장,닭,산란계,17055.0,경기도 파주시 동패동 57번지,37.7120994,126.7457373,2020-06-30
경기도,파주시,형제농장,닭,육계,25000.0,경기도 파주시 맥금동 533번지 1호,37.7916953,126.7283526,2020-06-30
경기도,파주시,호경농장,오리,,500.0,경기도 파주시 광탄면 창만리 302번지 2호,37.7997288,126.8660054,2020-01-31
경기도,파주시,홍승복,닭,토종닭,22.0,경기도 파주시 탄현면 법흥리 334-1(소리개길 123-105),37.7913455774,126.7095060131,2021-11-30
경기도,파주시,홍원연수원,닭,토종닭,8.0,경기도 파주시 조리읍 봉일천리 64-36,37.7412230881,126.8269429888,2021-07-31
경기도,파주시,환희농장,닭,육계,27000.0,경기도 파주시 문산읍 장산리 107-9,37.8898783115,126.7740976857,2021-06-30
경기도,파주시,환희농장,닭,육계,20000.0,경기도 파주시 문산읍 장산리 107-9(장산로76번길 14-161),37.8898783115,126.7740976857,2021-11-30
경기도,파주시,황규성,닭,토종닭,6.0,경기도 파주시 오도동 350-1,37.7429339466,126.7213031798,2021-07-31
경기도,파주시,황금농장,닭,산란계,13000.0,경기도 파주시 광탄면 창만리 247번지 1호,37.7943373,126.8704772,2020-05-31
경기도,파주시,황명구,닭,토종닭,3.0,경기도 파주시 파주읍 봉서리 213-2(봉서산로125번길 25),37.8396734529,126.7977278539,2021-07-31
경기도,파주시,황토속,닭,육계,150.0,경기도 파주시 광탄면 창만리 1160번지 1호,37.8054789,126.8528341,2020-07-31
경기도,파주시,희망농장,닭,육계,15000.0,경기도 파주시 월롱면 위전리 521-1,37.7887270338,126.7954050869,2020-11-30
경기도,파주시,희망농장,닭,토종닭/산란계,3000.0,경기도 파주시 광탄면 창만리 248-5,37.7956154074,126.8706560452,2021-04-30
경기도,파주시,DMZ황금알농장,닭,산란계,,경기도 파주시 진동면 하포리 623번지,37.9238797729,126.8129430157,2026-01-31
경기도,파주시,가월농장,닭,산란계,,경기도 파주시 적성면 가월리 198번지 등2(1526),37.9619558663,126.9105266913,2025-07-31
경기도,파주시,가월농장,닭,산란계,42000.0,경기도 파주시 적성면 가월리  1526,37.9619850524,126.9100497922,2025-04-30
경기도,파주시,강현농장,닭,육계,,경기도 파주시 적성면 답곡리 506번지,37.9493300575,126.8554156194,2026-02-26
경기도,파주시,고창농장,닭,산란계,600.0,경기도 파주시 조리읍 뇌조리  132-8,37.7510878443,126.8146482492,2025-05-31
경기도,파주시,고창농장,닭,육계,,경기도 파주시 조리읍 뇌조리 132-8,37.7512117875,126.8146871176,2025-07-31
경기도,파주시,구구농장,닭,산란계,,경기도 파주시 적성면 장현리 44-1,37.9873893574,126.9848464647,2026-01-31
경기도,파주시,구구농장,닭,산란계,19000.0,경기도 파주시 적성면 장현리 42-2,37.9878394862,126.9847294385,2025-04-30
경기도,파주시,굿모닝농장,닭,육계,,경기도 파주시 법원읍 동문리 214-1,37.8725193229,126.8603425945,2025-07-31
경기도,파주시,굿모닝농장,닭,육계,4000.0,경기도 파주시 법원읍 동문리  214-1,37.8723830486,126.8603361088,2025-05-31
경기도,파주시,꼬끼촌,닭,육계,,경기도 파주시 적성면 장현리 226,37.9771037715,126.9722113528,2026-02-26
경기도,파주시,농업회사법인 더 팸팜,닭,산란계,,경기도 파주시 야동동 803번지,37.7717365528,126.7542585591,2025-08-31
경기도,파주시,느림보농장,닭,산란계,,경기도 파주시 적성면 구읍리 628-10,37.9523363522,126.9272057648,2025-08-31
경기도,파주시,늘푸른청계농원,닭,산란계,,경기도 파주시 탄현면 갈현리 347-1,37.770763303,126.7186244825,2025-08-31
경기도,파주시,담안농장,닭,육계,,경기도 파주시 적성면 장현리 419,37.9782730836,126.9671357898,2026-01-31
경기도,파주시,담안농장,닭,육계,15000.0,경기도 파주시 적성면 장현리 417,37.9787201278,126.9668936873,2025-04-30
경기도,파주시,당하리농장,닭,육계,,경기도 파주시 당하동 240-144,37.7439145849,126.7459797089,2025-08-31
경기도,파주시,당하리농장,닭,육계,56000.0,경기도 파주시 당하동   240-144,37.7439145849,126.7459797089,2025-04-30
경기도,파주시,대능축산,닭,육계,,경기도 파주시 법원읍 대능리 10-5,37.8421171917,126.8815241816,2025-07-31
경기도,파주시,대능축산,닭,육계,17500.0,경기도 파주시 법원읍 대능리 10-5,37.8421171917,126.8815241816,2025-05-31
경기도,파주시,대림2농장,닭,육계,,경기도 파주시 광탄면 마장리 242-2,37.7873346993,126.8710897031,2025-08-31
경기도,파주시,대원농장,닭,육계,,경기도 파주시 조리읍 대원리 1137번지,37.7280753202,126.8202748664,2025-08-31
경기도,파주시,대한농장,닭,육계,88000.0,경기도 파주시 파평면 마산리 334-3,37.8830521961,126.8526618627,2025-05-31
경기도,파주시,대한농장,닭,육계,,경기도 파주시 파평면 마산리 334-3,37.8830521961,126.8526618627,2025-07-31
경기도,파주시,덕동양계,닭,산란계,,경기도 파주시 광탄면 용미리 159-11,37.7449104348,126.8814032563,2026-02-26
경기도,파주시,덕동양계,닭,산란계,9700.0,경기도 파주시 광탄면 용미리 159-11,37.7449013029,126.8813806313,2025-04-30
경기도,파주시,덕일농장,닭,산란계,,경기도 파주시 파평면 덕천리 1-2,37.9360522078,126.9046583159,2026-02-26
경기도,파주시,덕일농장,닭,산란계,67200.0,경기도 파주시 파평면 덕천리 1-2,37.9360522078,126.9046583159,2025-04-30
경기도,파주시,만년농장,닭,산란계,,경기도 파주시 야동동 750번지,37.7730562703,126.7530641756,2025-07-31
경기도,파주시,백운농장,닭,육계,,경기도 파주시 적성면 객현리 70번지,37.9604734991,126.95604041,2025-08-31
경기도,파주시,백운농장,닭,육계,36500.0,경기도 파주시 적성면 객현리  70,37.9604734991,126.95604041,2025-05-31
경기도,파주시,산석진농장,닭,산란계,,경기도 파주시 아동동 127-2,37.7688963633,126.7897295722,2026-01-31
경기도,파주시,삼도농장,닭,육계,,경기도 파주시 문산읍 마정리 455-2,37.8958276124,126.7577628991,2025-08-31
경기도,파주시,삼도농장,닭,육계,65000.0,경기도 파주시 문산읍 마정리  455-2,37.8957374527,126.7577308673,2025-04-30
경기도,파주시,상훈농장,닭,산란계,,경기도 파주시 적성면 어유지리 458,38.0049870862,126.977740969,2025-07-31
경기도,파주시,상훈농장,닭,산란계,15000.0,경기도 파주시 적성면 어유지리 458,38.0049870862,126.977740969,2025-04-30
경기도,파주시,새말농장,닭,산란계,19920.0,경기도 파주시 탄현면 갈현리 821-130,37.7699591251,126.7151156514,2025-04-30
경기도,파주시,새말농장,닭,산란계,,경기도 파주시 탄현면 갈현리 814-8,37.7699591251,126.7151156514,2025-07-31
경기도,파주시,샘골농원,닭,육계,,경기도 파주시 광탄면 마장리 298번지,37.7869169511,126.8700181524,2026-02-26
경기도,파주시,선화농장,닭,육계,,경기도 파주시 문산읍 장산리 164번지,37.9011647632,126.7793966476,2025-07-31
경기도,파주시,선화농장,닭,육계,17000.0,경기도 파주시 문산읍 장산리  164,37.9011049231,126.7793158182,2025-04-30
경기도,파주시,성수농장,닭,육계,,경기도 파주시 광탄면 분수리 98-17,37.7556795885,126.8759780917,2025-08-31
경기도,파주시,성수농장,닭,육계,33500.0,경기도 파주시 광탄면 분수리 98-17,37.7560384147,126.8756572162,2025-04-30
경기도,파주시,성원농장,닭,육계,,경기도 파주시 월롱면 덕은리 435번지,37.8016336849,126.7893984671,2026-02-26
경기도,파주시,성원농장,닭,육계,15000.0,경기도 파주시 월롱면 덕은리 435,37.8016336849,126.7893984671,2025-05-31
경기도,파주시,소래축산,닭,육계,,경기도 파주시 광탄면 용미리 120-2,37.747827866,126.8825821717,2026-01-31
경기도,파주시,소래축산,닭,육계,,경기도 파주시 광탄면 용미리 133-11,37.7471265942,126.8829171723,2025-08-31
경기도,파주시,수영농장,닭,육계,22000.0,경기도 파주시 연다산동 407,37.7388949683,126.7022670276,2025-04-30
경기도,파주시,수영농장,닭,육계,38000.0,경기도 파주시 법원읍 직천리  850,37.9067659945,126.9084135978,2025-04-30
경기도,파주시,수영농장,닭,육계,,경기도 파주시 법원읍 직천리 850번지,37.9068296986,126.9085082135,2025-07-31
경기도,파주시,수영농장,닭,육계,,경기도 파주시 연다산동 407번지,37.7388949683,126.7022670276,2025-07-31
경기도,파주시,신한농장,닭,산란계,120000.0,경기도 파주시 적성면 어유지리 339,37.9946282873,126.9811172159,2025-05-31
경기도,파주시,신한농장,닭,산란계,,경기도 파주시 적성면 어유지리 339번지,37.9946282873,126.9811172159,2026-01-31
경기도,파주시,아람농장,닭,육계,26000.0,경기도 파주시 문산읍 장산리 104,37.8891294723,126.7742858033,2025-04-30
경기도,파주시,아람농장,닭,육계,,경기도 파주시 문산읍 장산리 104번지,37.8891294723,126.7742858033,2026-01-31
경기도,파주시,양지농장,닭,육계,9300.0,경기도 파주시 법원읍 삼방리 171-1,37.8346167954,126.8846665117,2025-05-31
경기도,파주시,양지농장,닭,육계,,경기도 파주시 법원읍 삼방리 171번지,37.8346167954,126.8846665117,2025-08-31
경기도,파주시,양호농장,닭,육계,47600.0,경기도 파주시 광탄면 마장리 242-2,37.7873347599,126.8711010595,2025-05-31
경기도,파주시,억수농장,닭,육계,,경기도 파주시 파주읍 봉서리 439번지,37.8467917224,126.7958872452,2026-02-26
경기도,파주시,억수농장,닭,육계,17800.0,경기도 파주시 파주읍 봉서리 439,37.8467917224,126.7958872452,2025-05-31
경기도,파주시,연수농장,닭,산란계,,경기도 파주시 적성면 객현리 347-1,37.9700941533,126.9457790462,2025-08-31
경기도,파주시,영광타조농장,타조,,,경기도 파주시 동패동 1344번지,37.7055431732,126.7288642148,2025-07-31
경기도,파주시,오서방네 농장,닭,육계,,경기도 파주시 탄현면 금산리 92,37.7943470818,126.7104907424,2026-02-26
경기도,파주시,온정농원,닭,산란계,,경기도 파주시 서패동 437번지,37.7122231845,126.7023413431,2026-01-31
경기도,파주시,우농타조,타조,,40.0,경기도 파주시 동패동 616-3,37.7054691341,126.7135614141,2025-04-30
경기도,파주시,우농타조농장,타조,,,경기도 파주시 동패동 614-2,37.7056223303,126.7149097787,2025-08-31
경기도,파주시,우리농장,닭,육계,,경기도 파주시 문산읍 사목리 692번지,37.8788630194,126.7497229506,2025-07-31
경기도,파주시,웅담2농장,닭,육계,,경기도 파주시 법원읍 웅담리 268-1,37.9018146748,126.8875766549,2025-07-31
경기도,파주시,원이농장,닭,육계,,경기도 파주시 탄현면 갈현리 1443번지,37.7593348975,126.721145302,2025-08-31
경기도,파주시,월롱축산,닭,산란계,,경기도 파주시 월롱면 도내리 731-2,37.7988174989,126.8083944653,2026-02-26
경기도,파주시,유니온,닭,육계,,경기도 파주시 연다산동 916번지,37.7578986245,126.7092237451,2026-01-31
경기도,파주시,이천농장,닭,육계,,경기도 파주시 문산읍 이천리 23-1,37.8720960049,126.8419221665,2025-07-31
경기도,파주시,이천농장,닭,육계,,경기도 파주시 문산읍 이천리 178-1,37.8711998793,126.8390322047,2025-07-31
경기도,파주시,이천농장1,닭,육계,17000.0,경기도 파주시 문산읍 이천리  178-3,37.87102194,126.8390288696,2025-05-31
경기도,파주시,이천농장2,닭,육계,17000.0,경기도 파주시 문산읍 이천리 23-1,37.8725191475,126.8418388123,2025-04-30
경기도,파주시,인왕축산,닭,육계,,경기도 파주시 파주읍 연풍리 52-1,37.8203960839,126.8384502064,2025-08-31
경기도,파주시,인왕축산,닭,육계,20000.0,경기도 파주시 파주읍 연풍리 52-1,37.8203960839,126.8384502064,2025-05-31
경기도,파주시,장산농장1,닭,육계,15000.0,경기도 파주시 문산읍 장산리  149-12,37.8978016286,126.7804449199,2025-05-31
경기도,파주시,장산농장2,닭,육계,10000.0,경기도 파주시 문산읍 장산리  157,37.8987380098,126.7806532101,2025-04-30
경기도,파주시,장산농장Ⅰ,닭,육계,,경기도 파주시 문산읍 장산리 149=12,37.8978016286,126.7804449199,2025-07-31
경기도,파주시,장산농장Ⅱ,닭,육계,,경기도 파주시 문산읍 장산리 157번지,37.8988457358,126.7807472178,2026-02-26
경기도,파주시,재창농장,닭,육계,,경기도 파주시 파평면 마산리 273번지,37.8887722425,126.8504510032,2026-01-31
경기도,파주시,조산농장,닭,육계,19500.0,경기도 파주시 조리읍 뇌조리 124-4,37.7532569875,126.8208970309,2025-04-30
경기도,파주시,조산농장,닭,육계,,경기도 파주시 조리읍 뇌조리 124-4,37.7532569875,126.8208970309,2025-07-31
경기도,파주시,조은농장,닭,육계,,경기도 파주시 법원읍 갈곡리 2번지,37.852441698,126.9344307915,2026-02-26
경기도,파주시,지원농장,메추리,,,경기도 파주시 광탄면 발랑리 217-1,37.7985258413,126.8998686422,2025-08-31
경기도,파주시,지원농장,메추리,,360000.0,경기도 파주시 광탄면 발랑리 217-1,37.7987678535,126.8996054331,2025-05-31
경기도,파주시,진미농장,닭,육계,,경기도 파주시 교하동 520번지,37.751520061,126.7415208854,2025-08-31
경기도,파주시,진미농장,닭,육계,18000.0,경기도 파주시 교하동 520,37.751520061,126.7415208854,2025-05-31
경기도,파주시,진흥농장,닭,육계,40500.0,경기도 파주시 상지석동 712,37.7355065323,126.7793061836,2025-05-31
경기도,파주시,진흥농장,닭,육계,,경기도 파주시 상지석동 712번지 진흥농장,37.7355065323,126.7793061836,2026-02-26
경기도,파주시,채니농장,닭,육계,,경기도 파주시 문산읍 사목리 94-2,37.8784775553,126.7628943531,2026-01-31
경기도,파주시,채니농장,닭,육계,37000.0,경기도 파주시 문산읍 사목리 94-2,37.8784775553,126.7628943531,2025-05-31
경기도,파주시,청암농장,닭,육계,20000.0,경기도 파주시 문산읍 장산리 105,37.8900337906,126.7747773245,2025-05-31
경기도,파주시,청암농장,닭,육계,,경기도 파주시 문산읍 장산리 105번지,37.8900337906,126.7747773245,2025-07-31
경기도,파주시,청운농장,닭,육계,22000.0,경기도 파주시 적성면 객현리 117-4,37.9681987884,126.9602299567,2025-05-31
경기도,파주시,청운농장,닭,육계,,경기도 파주시 적성면 객현리 117-4,37.9681083495,126.9601623099,2026-01-31
경기도,파주시,청원농장,닭,육계,37800.0,경기도 파주시 적성면 답곡리 261,37.9517259848,126.8551442751,2025-05-31
경기도,파주시,청원농장,닭,육계,,경기도 파주시 적성면 답곡리 261번지,37.9517259848,126.8551442751,2026-02-26
경기도,파주시,충청농장,닭,육계,,경기도 파주시 적성면 율포리 148-1,37.9850659932,126.9611426693,2026-01-31
경기도,파주시,충청농장,닭,육계,92500.0,경기도 파주시 적성면 율포리  148-1,37.9853071393,126.9606626318,2025-04-30
경기도,파주시,친환경우리농장,닭,육계,,경기도 파주시 광탄면 영장리 193번지,37.7686656188,126.9052421176,2025-07-31
경기도,파주시,타조하니생태농장,타조,,11.0,경기도 파주시 조리읍 장곡리  251-1,37.759421565,126.8452898671,2025-05-31
경기도,파주시,탄현농장,닭,육계,,경기도 파주시 탄현면 금산리 76,37.8007994697,126.7120859743,2026-02-26
경기도,파주시,탄현농장,닭,육계,54800.0,경기도 파주시 탄현면 금산리  76-8,37.8012136787,126.7133765006,2025-04-30
경기도,파주시,탄현농장,닭,육계,32000.0,경기도 파주시 탄현면 금산리 102-1,37.8005398544,126.7096579276,2025-04-30
경기도,파주시,통일로 금촌농장,닭,육계,,경기도 파주시 아동동 5-30,37.761873163,126.7966886443,2025-07-31
경기도,파주시,파랑새농장,닭,육계,,경기도 파주시 군내면 읍내리 822번지,37.9360070113,126.7319632608,2025-08-31
경기도,파주시,파주농장,닭,육계,,경기도 파주시 문산읍 이천리 61번지,37.876353131,126.8470498592,2026-01-31
경기도,파주시,파주정수농장,닭,산란계,,경기도 파주시 광탄면 분수리 299번지,37.761813569,126.8601117321,2025-07-31
경기도,파주시,해피농장,닭,육계,,경기도 파주시 하지석동 447-2,37.7551053061,126.7355689206,2025-08-31
경기도,파주시,행복목장,닭,육계,26000.0,경기도 파주시 문산읍 장산리  153,37.8979899629,126.780507657,2025-05-31
경기도,파주시,행복목장,닭,육계,,경기도 파주시 문산읍 장산리 153번지,37.8980713888,126.7805397438,2025-07-31
경기도,파주시,헤이리농장,닭,육계,,경기도 파주시 탄현면 법흥리 399-2,37.7867015173,126.7104980996,2026-02-26
경기도,파주시,현인농원,닭,산란계,800.0,경기도 파주시 파평면 율곡리 491-12,37.8872000415,126.81015009,2025-04-30
경기도,파주시,현인농원,닭,산란계,,경기도 파주시 파평면 율곡리 491-12,37.8872000415,126.81015009,2026-01-31
경기도,파주시,형제농장,닭,육계,,경기도 파주시 맥금동 533-1,37.7919056099,126.7287284354,2025-08-31
경기도,파주시,형제농장,닭,육계,51000.0,경기도 파주시 맥금동 533-1,37.7919056099,126.7287284354,2025-05-31
경기도,파주시,환희농장,닭,육계,,경기도 파주시 문산읍 장산리 107-9,37.8899282106,126.7741318134,2026-01-31
경기도,파주시,환희농장,닭,육계,18000.0,경기도 파주시 문산읍 장산리  107-9,37.8898783115,126.7740976857,2025-04-30
경기도,파주시,희망농장,닭,육계,18000.0,경기도 파주시 월롱면 위전리 521-1,37.7887270338,126.7954050869,2025-05-31
경기도,파주시,희망농장,닭,육계,,경기도 파주시 월롱면 위전리 522-1,37.7890811708,126.795844655,2026-01-31
경기도,평택시,가을농장,닭,육계,3900.0,경기도 평택시 도일동 산13-9번지,127.1286115,37.0583235,2018-09-30
경기도,평택시,강남부화장,닭,산란계,390000.0,경기도 평택시 고덕면 율포리 184-3번지,127.0325694,37.045267,2018-10-31
경기도,평택시,검은들농장,닭,육계,1848.0,경기도 평택시 포승읍 석정리 477-2번지 (등 2필지(477-2)),126.8838547,36.9997702,2018-08-31
경기도,평택시,고덕농장,닭,육계,700.0,경기도 평택시 고덕면 좌교리 374번지,127.0200125,37.0421247,2018-03-14
경기도,평택시,광명농원,닭,육계,1380.0,경기도 평택시 포승읍 석정리 165번지 4호,126.9019652,37.0076263,2018-10-31
경기도,평택시,군문주말농장,닭,육계,87.0,경기도 평택시 군문동 151번지 3호,127.0891119,36.985859,2018-08-31
경기도,평택시,기린부화장,닭,산란계,172800.0,경기도 평택시 안중읍 덕우리 140-2번지,126.9203034,37.0058203,2018-10-31
경기도,평택시,길음농장,닭,육계,2610.0,경기도 평택시 오성면 길음리 206번지,126.9652115,36.9807483,2018-08-31
경기도,평택시,김창수,닭,산란계,60000.0,경기도 평택시 청북읍 고잔리 182-7번지,37.0572094,126.8991001,2018-12-31
경기도,평택시,내기농장,닭,육계,1463.0,경기도 평택시 포승읍 석정리 1205-4번지,126.8819416,36.9876309,2018-09-30
경기도,평택시,노다지양계장,닭,육계,2178.0,경기도 평택시 청북읍 고렴리 산 141번지 4호,126.9183376,37.0663074,2018-04-30
경기도,평택시,농업회사법인 양지부화장㈜,닭,산란계,384000.0,경기도 평택시 오성면 죽리 148-16번지,126.9658501,37.007267,2018-04-30
경기도,평택시,농업회사법인 조인㈜,닭,산란계,499200.0,경기도 평택시 오성면 양교리 301-1번지,126.9827109,37.0204897,2018-08-31
경기도,평택시,농업회사법인 주식회사 해오름양계,닭,육계,3232.0,경기도 평택시 오성면 양교리 281-3번지,126.981428,37.0272114,2018-04-30
경기도,평택시,당거농장,닭,육계,2411.0,경기도 평택시 오성면 당거리 18번지,127.0061282,36.9884403,2018-04-30
경기도,평택시,대길농장,닭,육계,2160.0,경기도 평택시 고덕면 방축리 271번지,127.0453706,37.0209343,2018-04-30
경기도,평택시,대복농장,닭,육계,2923.0,경기도 평택시 포승읍 희곡리 479-1번지,126.8773357,36.9606029,2018-08-31
경기도,평택시,대영농장,닭,육계,4648.0,경기도 평택시 포승읍 홍원리 333-8번지 (374-75),126.8793602,37.0071544,2018-08-31
경기도,평택시,대일농장,닭,육계,2055.0,경기도 평택시 팽성읍 대사리 산 10번지,127.0653911,36.9467132,2018-10-31
경기도,평택시,대한농장,닭,육계,1400.0,경기도 평택시 고덕면 궁리 518-8번지,127.028984,37.0137125,2018-08-31
경기도,평택시,도일농장,닭,육계,2765.0,경기도 평택시 도일동 산 13번지 3호,127.0965903,37.0480811,2018-04-30
경기도,평택시,동산농장,닭,육계,1623.0,경기도 평택시 고덕면 궁리 64번지,127.0361781,37.0203246,2018-09-30
경기도,평택시,동순농장,닭,육계,330.0,경기도 평택시 오성면 숙성리 51-5번지,126.9846231,37.0127408,2018-03-14
경기도,평택시,두곡농장,닭,육계,3257.0,경기도 평택시 서탄면 마두리 432-15번지,127.0112293,37.1051457,2018-03-14
경기도,평택시,둥지농장,닭,육계,1680.0,경기도 평택시 서탄면 수월암리 698번지,127.0247348,37.1247869,2018-08-31
경기도,평택시,마두양계장,닭,육계,1467.0,경기도 평택시 서탄면 마두리 109-2번지,127.0124227,37.1126694,2018-08-31
경기도,평택시,매치농장,닭,육계,940.0,경기도 평택시 팽성읍 석근리 산 12번지,127.0432475,36.9373245,2018-04-30
경기도,평택시,무지개농원,닭,육계,2340.0,경기도 평택시 오성면 양교리 814-1번지,126.9595145,37.0249888,2018-10-31
경기도,평택시,미하농장,닭,육계,2100.0,경기도 평택시 서탄면 마두리 425-25번지,127.0076182,37.106092,2018-04-30
경기도,평택시,박옥순,닭,산란계,43000.0,경기도 평택시 고덕면 문곡리 294-1번지,37.0641207,127.0095607,2018-12-31
경기도,평택시,배상기,닭,육계,50000.0,경기도 평택시 장안동 609-1번지,37.0601536,127.0867786,2018-12-31
경기도,평택시,백운농장,닭,육계,4446.0,경기도 평택시 진위면 가곡리 138-2번지,127.0804773,37.1102837,2018-10-31
경기도,평택시,버들농장,닭,육계,1968.0,경기도 평택시 합정동 242-1번지,127.1022018,36.9805775,2018-03-14
경기도,평택시,범진농장,닭,육계,1500.0,경기도 평택시 포승읍 희곡리 7-2번지,126.8747229,36.9652407,2018-10-31
경기도,평택시,부성축산,닭,육계,1800.0,경기도 평택시 청북읍 고잔리 1251번지,126.8855276,37.0661443,2018-09-30
경기도,평택시,부성팜스,닭,산란계,230400.0,경기도 평택시 안중읍 덕우리 119-7번지,126.9140463,37.0049868,2018-10-31
경기도,평택시,삼현농원,닭,육계,3178.0,경기도 평택시 청북읍 한산리 228번지 13호,126.9659,37.066566,2018-10-31
경기도,평택시,삼화농장,닭,육계,3056.0,경기도 평택시 장안동 102번지 7호,127.0899984,37.0638456,2018-09-30
경기도,평택시,서탄농장,닭,육계,1622.0,경기도 평택시 서탄면 수월암리 302번지,127.0326133,37.128894,2018-04-30
경기도,평택시,선천축산,닭,육계,2550.0,경기도 평택시 포승읍 도곡리 1068-5번지,126.8515267,37.0032656,2018-09-30
경기도,평택시,성산농장,닭,육계,1408.0,경기도 평택시 서탄면 수월암리 941번지 1호,127.0259498,37.1238947,2018-03-14
경기도,평택시,세진농장,닭,육계,1965.0,경기도 평택시 도일동 산152-1번지,127.0947492,37.0594899,2018-04-30
경기도,평택시,소망농장,닭,육계,2430.0,경기도 평택시 오성면 창내리 367-3번지,127.0138448,36.9872415,2018-10-31
경기도,평택시,수일농장,닭,육계,1200.0,경기도 평택시 팽성읍 대사리 212-10번지,127.0586986,36.944635,2018-08-31
경기도,평택시,신리농장,닭,육계,4376.0,경기도 평택시 오성면 신리 68-7번지,127.022341,37.0045499,2018-09-30
경기도,평택시,신명농장,닭,육계,2750.0,경기도 평택시 서탄면 사리 736번지 (외1필지),127.0444796,37.1178976,2018-08-31
경기도,평택시,야막농장,닭,육계,2240.0,경기도 평택시 진위면 야막리 118-3번지,127.0608132,37.1275861,2018-03-14
경기도,평택시,여두선농장,닭,육계,2248.0,경기도 평택시 고덕면 방축리 388번지,127.0412591,37.023684,2018-04-30
경기도,평택시,영계마을,닭,육계,5542.0,경기도 평택시 청북읍 율북리 883번지 (외2필지),126.978429,37.0569279,2018-09-30
경기도,평택시,영계마을 2농장,닭,육계,2584.0,경기도 평택시 청북읍 어연리 548-3번지,126.9866283,37.0412058,2018-03-14
경기도,평택시,예은농장,닭,육계,2484.0,경기도 평택시 오성면 신리 79-18번지,127.008848,37.0073537,2018-09-30
경기도,평택시,오성농원,닭,육계,249.0,경기도 평택시 안중읍 삼정리 384-8번지,126.9729086,36.9717487,2018-04-30
경기도,평택시,오성축산,닭,육계,3912.0,경기도 평택시 청북읍 고잔리 1661-12번지,126.8979117,37.0629842,2018-10-31
경기도,평택시,우석농장,닭,육계,3654.0,"경기도 평택시 오성면 양교리 278번지 외 2필지(278-1, 278-5)",126.9823156,37.0278513,2018-09-30
경기도,평택시,우성농장,닭,육계,844.0,경기도 평택시 포승읍 희곡리 450번지,126.8767513,36.9609087,2018-03-14
경기도,평택시,운봉농장,닭,육계,1862.0,경기도 평택시 장안동 609-1번지,127.0867786,37.0601536,2018-08-31
경기도,평택시,원범농장,닭,육계,968.0,경기도 평택시 서탄면 마두리 53번지,127.0252819,37.110316,2018-04-30
경기도,평택시,유안농장,닭,육계,2701.0,경기도 평택시 청북읍 한산리 228-20번지,126.9669344,37.0667015,2018-09-30
경기도,평택시,은혜농장,닭,육계,2096.0,경기도 평택시 현덕면 화양리 산 179번지 2호,126.9220666,36.9745814,2018-04-30
경기도,평택시,이범식,기러기,,1000.0,경기도 평택시 포승읍 내기리 445번지,36.9736075,126.8631079,2018-12-31
경기도,평택시,이조농원,닭,육계,926.0,경기도 평택시 포승읍 희곡리 46-4번지,126.8709657,36.9691022,2018-04-30
경기도,평택시,인주종계,닭,육계,2350.0,경기도 평택시 오성면 안화리 411-4번지,126.9922863,37.0123273,2018-09-30
경기도,평택시,일진농장,닭,육계,2700.0,경기도 평택시 청북읍 삼계리 산 32번지 4호,126.9200255,37.0444668,2018-03-14
경기도,평택시,장게농장,닭,육계,3420.0,경기도 평택시 청북읍 율북리 160-1번지 (외3필지),126.9904568,37.0689319,2018-04-30
경기도,평택시,재래토종닭 농장,닭,육계,100.0,경기도 평택시 청룡동 44번지 6호,127.1293337,37.0328227,2018-08-31
경기도,평택시,재엽농장,닭,육계,2430.0,경기도 평택시 오성면 창내리 367-4번지,127.0138448,36.9867999,2018-09-30
경기도,평택시,정봉수,닭,육계,60000.0,경기도 평택시 포승읍 석정리 1205-4번지,36.9876309,126.8819416,2018-12-31
경기도,평택시,조현일농장,닭,육계,1926.0,경기도 평택시 고덕면 궁리 34-1번지,127.038921,37.0223511,2018-08-31
경기도,평택시,준현농장,닭,육계,2610.0,경기도 평택시 포승읍 희곡리 7-2번지,126.8747229,36.9652407,2018-10-31
경기도,평택시,창내농장,닭,육계,4375.0,경기도 평택시 오성면 창내리 133-35번지 (외 2필지),127.0138676,36.9890796,2018-03-14
경기도,평택시,청운축산,닭,육계,2113.0,경기도 평택시 청북읍 고잔리 1659-4번지,126.8949421,37.0638465,2018-10-31
경기도,평택시,태정농장,닭,육계,1584.0,경기도 평택시 포승읍 석정리 592번지,126.8923867,36.9961832,2018-10-31
경기도,평택시,태평농장,닭,육계,787.0,경기도 평택시 고덕면 궁리 360-2번지,127.0245691,37.0174078,2018-04-30
경기도,평택시,토종닭농원,닭,육계,67.0,경기도 평택시 세교동 산26-13번지,127.0783352,37.0149349,2018-09-30
경기도,평택시,푸른농장,닭,육계,2187.0,경기도 평택시 오성면 창내리 165-2번지,127.0247386,36.981383,2018-09-30
경기도,평택시,한국축산영농조합법인 부화장,닭,산란계,68000.0,경기도 평택시 청북읍 고잔리 574-4번지,126.9008268,37.0522911,2018-08-31
경기도,평택시,한솔농장,닭,육계,1899.0,경기도 평택시 도일동 산 2번지 1호,127.0965903,37.0480811,2018-03-14
경기도,평택시,현덕농장,닭,육계,1368.0,경기도 평택시 현덕면 도대리 산 3번지,126.9122794,36.9506778,2018-04-30
경기도,평택시,효진농장,닭,육계,2590.0,경기도 평택시 포승읍 석정리 465번지,126.885242,37.003493,2018-04-30
경기도,평택시,김순도,닭,산란계,20000.0,경기도 평택시 청북읍 고잔리 1614번지,37.0543981,126.9100202,2019-01-31
경기도,평택시,김영남,닭,산란계,38000.0,경기도 평택시 현덕면 도대리 17-155,36.9653862,126.91608,2019-02-28
경기도,평택시,김인찬,닭,육계,50000.0,경기도 평택시 서탄면 사리 736,37.1178976,127.0444796,2019-01-31
경기도,평택시,문현명,닭,육계,40000.0,경기도 평택시 도일동 산152-1번지,37.0594899,127.0947492,2019-02-28
경기도,평택시,박주철,닭,육계,80000.0,경기도 평택시 오성면 신리 68-7,37.0045499,127.022341,2019-01-31
경기도,평택시,안병전,닭,토종닭,60000.0,경기도 평택시 청북읍 한산리 228-20,37.0667015,126.9669344,2019-02-28
경기도,평택시,임재수,닭,산란계,60000.0,경기도 평택시 포승읍 석정리 477-2번지,36.9997432,126.8838547,2019-01-31
경기도,평택시,한우진,닭,,68000.0,경기도 평택시 청북읍 고잔리 1647번지,37.0696458,126.9011859,2019-01-31
경기도,평택시,한우진,닭,산란계,68000.0,경기도 평택시 고덕면 해창리 154-1번지,37.0250489,127.0240431,2019-01-31
경기도,평택시,(주)성주농업회사,닭,산란계,325000.0,경기도 평택시 팽성읍 대사리 2번지 11호,36.94753,127.0853415,2020-05-31
경기도,평택시,㈜영진,닭,,10000.0,경기도 평택시 포승읍 석정리 583번지,36.9968481,126.8904085,2019-12-31
경기도,평택시,권영호,닭,산란계,90000.0,경기도 평택시 현덕면 대안리 434-1번지,36.9468869,126.9454358,2019-12-31
경기도,평택시,김광현,닭,산란계,42000.0,경기도 평택시 포승읍 석정리 478번지,36.999961,126.8853822,2020-04-30
경기도,평택시,김동철,닭,육계,45000.0,경기도 평택시 포승읍 희곡리 479-1,36.9606029,126.8773357,2021-04-30
경기도,평택시,김득수,닭,산란계,60000.0,경기도 평택시 오성면 숙성리 358번지,37.0035503,126.9874003,2019-12-31
경기도,평택시,김승민,닭,육계,20000.0,경기도 평택시 포승읍 희곡리 450,36.9609087,126.8767513,2021-09-30
경기도,평택시,김애자,꿩,,4000.0,경기도 평택시 팽성읍 두정리 288번지,36.9402522,127.0457299,2021-07-31
경기도,평택시,김영부,닭,산란계,115000.0,경기도 평택시 청북읍 고잔리 1665번지,37.06615,126.9014379,2020-01-31
경기도,평택시,김영수,닭,육계,60000.0,경기도 평택시 서탄면 마두리 432-15,37.1051457,127.0112293,2021-06-30
경기도,평택시,김오동,닭,산란계,100000.0,경기도 평택시 청북읍 고잔리 1661-12번지,37.0629842,126.8979117,2020-07-31
경기도,평택시,김용운,닭,,25000.0,경기도 평택시 청북읍 한산리 45-1번지,37.0655421,126.9506312,2020-04-30
경기도,평택시,김인순,닭,산란계,32000.0,경기도 평택시 청북읍 고잔리 135-1번지,37.0579845,126.8993014,2021-11-30
경기도,평택시,김종선,닭,육계,48000.0,경기도 평택시 오성면 창내리 165-2번지,36.981383,127.0247386,2020-11-30
경기도,평택시,김중기,닭,산란계,60000.0,경기도 평택시 청북읍 고잔리 103-1번지,37.0575403,126.896244,2021-07-31
경기도,평택시,김찬주,닭,육계,60000.0,경기도 평택시 오성면 당거리 18번지,36.9884403,127.0061282,2020-11-30
경기도,평택시,김태한,닭,산란계,25000.0,경기도 평택시 청북읍 삼계리 62-4번지,37.0464256,126.9250481,2021-04-30
경기도,평택시,김학주,닭,,120000.0,경기도 평택시 서탄면 회화리 266-2번지,37.095757,127.0064252,2021-09-30
경기도,평택시,김학주,닭,,90000.0,경기도 평택시 오성면 안화리 411-4번지,37.0123273,126.9922863,2020-01-31
경기도,평택시,김희태,닭,산란계,240000.0,경기도 평택시 오성면 양교리 281-2,37.0274637,126.9814616,2021-06-30
경기도,평택시,노병길,닭,육계,32000.0,경기도 평택시 포승읍 희곡리 7-2번지,36.9652407,126.8747229,2021-06-30
경기도,평택시,노지영,닭,산란계,360000.0,경기도 평택시 오성면 양교리 281-3,37.0272114,126.981428,2021-07-31
경기도,평택시,농업회사법인(주)양지바른,닭,산란계,660000.0,경기도 평택시 고덕면 동고리 505-3번지,36.9949123,127.0428735,2020-07-31
경기도,평택시,농업회사법인(주)해오름양계,닭,산란계,120000.0,경기도 평택시 오성면 양교리 280-2,37.0278782,126.9814615,2020-07-31
경기도,평택시,농업회사법인양지부화장(주),닭,,90000.0,경기도 평택시 오성면 양교리 520-4번지,37.0272077,126.9662338,2019-12-31
경기도,평택시,농업회사법인인천축산주식회사,닭,토종닭,40000.0,경기도 평택시 오성면 양교리 278번지,37.0278513,126.9823156,2020-01-31
경기도,평택시,농업회사법인조인(주),닭,산란계,720000.0,경기도 평택시 청북읍 고잔리 1496-3번지,37.0323156,126.8827137,2020-06-30
경기도,평택시,류철섭,닭,육계,37000.0,경기도 평택시 서탄면 마두리 425-25번지,37.106092,127.0076182,2019-12-31
경기도,평택시,박미애,닭,산란계,40000.0,경기도 평택시 청북읍 삼계리 산 32번지 4호,37.0458179,126.9072991,2021-04-30
경기도,평택시,박용선,닭,,20000.0,경기도 평택시 진위면 가곡리 140-2번지,37.1095907,127.0791153,2020-07-31
경기도,평택시,박종규,닭,육계,100000.0,경기도 평택시 포승읍 홍원리 333-8번지,37.0071544,126.8793602,2020-01-31
경기도,평택시,박흥수,닭,육계,50000.0,경기도 평택시 오성면 창내리 367-3번지,36.9872415,127.0138448,2021-11-30
경기도,평택시,백형삼,닭,육계,65000.0,경기도 평택시 포승읍 희곡리 7-2번지,36.9652407,126.8747229,2020-11-30
경기도,평택시,송근섭,닭,산란계,60000.0,경기도 평택시 현덕면 화양리 45-7,36.9705498,126.9166917,2021-11-30
경기도,평택시,신상우,닭,,24000.0,경기도 평택시 포승읍 석정리 592번지,36.9961832,126.8923867,2021-11-30
경기도,평택시,안도원,닭,산란계,60000.0,경기도 평택시 팽성읍 대사리 산 10번지,36.9434702,127.0791964,2020-11-30
경기도,평택시,안서운,닭,육계,50000.0,경기도 평택시 포승읍 석정리 580-1번지,36.9974329,126.8894416,2020-11-30
경기도,평택시,오인근,닭,토종닭,1000.0,경기도 평택시 안중읍 삼정리 384-8번지,36.9717487,126.9729086,2020-06-30
경기도,평택시,원유용,닭,육계,20000.0,경기도 평택시 고덕면 궁리 518-8번지,37.0137125,127.028984,2021-04-30
경기도,평택시,유귀섭,닭,육계,30000.0,경기도 평택시 서탄면 마두리 109-2번지,37.1126694,127.0124227,2020-04-30
경기도,평택시,유해정,닭,산란계,171000.0,경기도 평택시 청북읍 어연리 462-15번지,37.045928,126.9928999,2020-04-30
경기도,평택시,윤경숙,닭,육계,40000.0,경기도 평택시 합정동 242-1번지,36.9805775,127.1022018,2021-04-30
경기도,평택시,이명숙,닭,산란계,55000.0,경기도 평택시 안중읍 성해리 80번지,,,2020-11-30
경기도,평택시,이명옥,오리,,10000.0,경기도 평택시 포승읍 석정리 산 165번지 4호,36.9951252,126.8884115,2021-04-30
경기도,평택시,이수원,닭,육계,50000.0,경기도 평택시 오성면 양교리 814-1번지,37.0249888,126.9595145,2020-07-31
경기도,평택시,이윤갑,닭,산란계,18000.0,경기도 평택시 오성면 숙성리 715-20번지,36.9987166,126.968483,2020-11-30
경기도,평택시,이인자,닭,육계,3200.0,경기도 평택시 포승읍 희곡리 46-4번지,36.9691022,126.8709657,2020-01-31
경기도,평택시,이종삼,닭,산란계,100000.0,경기도 평택시 청북읍 고잔리 1659-4,37.0638465,126.8949421,2021-09-30
경기도,평택시,이종원,닭,산란계,50000.0,경기도 평택시 서탄면 수월암리 산49-6,37.128025,127.035388,2021-09-30
경기도,평택시,임강빈,닭,산란계,58000.0,경기도 평택시 포승읍 석정리 465번지,37.003493,126.885242,2020-06-30
경기도,평택시,장혁수,닭,오리,13000.0,경기도 평택시 고덕면 문곡리 822-1번지,37.0723476,127.0015888,2020-05-31
경기도,평택시,정규경,닭,육계,80000.0,경기도 평택시 청북읍 율북리 160-1번지,37.0689319,126.9904568,2021-11-30
경기도,평택시,정재엽,닭,육계,70000.0,경기도 평택시 오성면 창내리 367-4번지,36.9867999,127.0138448,2020-07-31
경기도,평택시,정찬붕,닭,육계,90000.0,경기도 평택시 오성면 창내리 133-35번지,36.9890796,127.0138676,2021-04-30
경기도,평택시,정학재,닭,산란계,35000.0,경기도 평택시 오성면 길음리 280-14번지,36.9894894,126.9677346,2020-07-31
경기도,평택시,정회정,닭,육계,35000.0,경기도 평택시 진위면 야막리 118-3번지,37.1275861,127.0608132,2020-06-30
경기도,평택시,조동현,닭,육계,60000.0,경기도 평택시 오성면 길음리 206,36.9807483,126.9652115,2021-04-30
경기도,평택시,조이종,닭,육계,40000.0,경기도 평택시 고덕면 방축리 271번지,37.0209343,127.0453706,2021-07-31
경기도,평택시,최칠용,닭,육계,30000.0,경기도 평택시 서탄면 수월암리 302번지,37.128894,127.0326133,2021-07-31
경기도,평택시,허근무,닭,육계,15000.0,경기도 평택시 서탄면 마두리 53번지,37.110316,127.0252819,2021-11-30
경기도,평택시,황승준,닭,산란계,150000.0,경기도 평택시 청북읍 고잔리 1661-4번지,37.0647855,126.8970434,2021-09-30
경기도,평택시,황중식,닭,산란계,44800.0,경기도 평택시 청북읍 고잔리 103-6번지,37.0577749,126.8966821,2021-04-30
경기도,평택시,(주)성주농업회사,닭,종계/산란계,325000.0,경기도 평택시 팽성읍 대사리 2번지 11호,36.9465965987,127.083275877,2025-05-31
경기도,평택시,(주)성주농업회사,닭,산란계,,경기도 평택시 팽성읍 대사리 2번지 11호,36.9465965987,127.083275877,2025-07-31
경기도,평택시,거창농장,닭,산란계,,경기도 평택시 청북읍 고잔1길 35-20,37.0585124575,126.8994486173,2026-01-31
경기도,평택시,거창농장,닭,종계/산란계,25644.0,경기도 평택시 청북면 고잔리 135번지 1호,37.0585124575,126.8994486173,2025-05-31
경기도,평택시,검은들농장,닭,육계,,경기도 평택시 포승읍 석정로 218-17 (등 2필지(477-2)),36.9995796038,126.8840658093,2026-01-31
경기도,평택시,검은들농장,닭,육계,40000.0,경기도 평택시 포승읍 석정리 477번지 등 2필지(477-2),36.9995796038,126.8840658093,2025-05-31
경기도,평택시,경훈종계장,닭,산란중추,23500.0,경기도 평택시 포승읍 석정리 583번지,36.9968080151,126.8902355299,2025-04-30
경기도,평택시,구구청북농장,닭,종계/산란계,23000.0,경기도 평택시 청북면 삼계리 62번지 3호,37.046607808,126.9255649256,2025-05-31
경기도,평택시,군문주말농장,닭,육계,,경기도 평택시 군문동 151번지 3호,36.9859793653,127.088808603,2025-08-31
경기도,평택시,군문주말농장,닭,육계,300.0,경기도 평택시 군문동 151번지 3호,36.9859793653,127.088808603,2025-04-30
경기도,평택시,그옛날토종닭,닭,육계,50.0,경기도 평택시 현덕면 화양리 27번지 2호,36.9687382996,126.9228702014,2025-04-30
경기도,평택시,길음농장,닭,육계,,경기도 평택시 오성면 길음3길 73-32,36.9807450452,126.9651392373,2026-02-26
경기도,평택시,길음농장,닭,산란계,,"경기도 평택시 오성면 길음리 280번지 16호 , -43, -58",36.9895996562,126.9677067752,2025-07-31
경기도,평택시,길음농장,닭,종계/산란계,30000.0,"경기도 평택시 오성면 길음리 280번지 43호 , -16",36.9895996562,126.9677067752,2025-05-31
경기도,평택시,길음농장,닭,육계,60000.0,경기도 평택시 오성면 길음리 206번지,36.9807450452,126.9651392373,2025-04-30
경기도,평택시,내기농장,닭,육계,,경기도 평택시 포승읍 석정로 58-52,36.9871541051,126.8821157847,2025-07-31
경기도,평택시,내기농장,닭,육계,35000.0,경기도 평택시 포승읍 석정리 1205번지 3호,36.9876822509,126.8826222817,2025-05-31
경기도,평택시,농업회사법인 인천축산(주),닭,육계,,경기도 평택시 오성면 오성북로 301,37.0279415061,126.9823843164,2026-01-31
경기도,평택시,농업회사법인 인천축산(주),닭,육계,40000.0,"경기도 평택시 오성면 양교리 278번지 외 2필지(278-1, 278-5)",37.0279415061,126.9823843164,2025-05-31
경기도,평택시,농업회사법인 조인팜스(주) 청북지점,닭,산란계,,경기도 평택시 청북읍 고잔7길 69-94,37.0321690721,126.8828919949,2025-08-31
경기도,평택시,농업회사법인 조인팜스(주) 청북지점,닭,종계/산란계,754240.0,경기도 평택시 청북면 고잔리 1496번지 3호 외8필지,37.0321690721,126.8828919949,2025-04-30
경기도,평택시,농업회사법인 주식회사 장연양계,닭,산란계,,경기도 평택시 오성면 오성북로 277-26,37.0279895343,126.9814927186,2026-02-26
경기도,평택시,농업회사법인 주식회사 장연양계,닭,산란중추,120000.0,경기도 평택시 오성면 양교리 280번지 1호 280-2,37.0279895343,126.9814927186,2025-05-31
경기도,평택시,농업회사법인 히즈팜 주식회사,닭,종계/산란계,67608.0,경기도 평택시 청북읍 고잔리 1647번지,37.069970321,126.9013943755,2025-05-31
경기도,평택시,농업회사법인 히즈팜 주식회사,닭,산란계,,경기도 평택시 청북읍 청북중앙로 669-64,37.069970321,126.9013943755,2025-08-31
경기도,평택시,농업회사법인 히즈팜(주) 고덕지점,닭,산란계,,경기도 평택시 고덕면 고덕로 36-55,37.0251566922,127.0239526547,2025-08-31
경기도,평택시,농업회사법인 히즈팜(주) 고덕지점,닭,종계/산란계,67142.0,경기도 평택시 고덕면 해창리 154번지 1호 외 1필지(155-3),37.0251566922,127.0239526547,2025-04-30
경기도,평택시,농업회사법인(주)양지바른,닭,종계/산란계,755774.0,경기도 평택시 고덕면 동고리 505번지 3호,36.9947800245,127.0427074137,2025-04-30
경기도,평택시,농업회사법인(주)양지바른,닭,산란계,,"경기도 평택시 고덕면 동고1길 17-114, (동고리 505-3,-4,-5,506-5)",36.995936848,127.0443846603,2025-07-31
경기도,평택시,당거농장,닭,육계,,경기도 평택시 오성면 당거3길 48-12,,,2025-07-31
경기도,평택시,당거농장,닭,육계,60000.0,경기도 평택시 오성면 당거리 437번지 4호,36.9885846777,127.0060887901,2025-04-30
경기도,평택시,대림농장,닭,육계,,경기도 평택시 오성면 신4리길 42-10,,,2025-07-31
경기도,평택시,대복농장,닭,육계,,경기도 평택시 포승읍 이대원로 180-23,36.9600253633,126.8775365571,2026-02-26
경기도,평택시,대복농장,닭,육계,43000.0,경기도 평택시 포승읍 희곡리 479번지 1호,36.9608621293,126.8769640104,2025-05-31
경기도,평택시,대성농장,닭,육계,,"경기도 평택시 평남로 576-37, (합정동 242-1,243-1) (합정동)",,,2025-08-31
경기도,평택시,대성농장,닭,육계,52919.0,경기도 평택시 합정동 242번지 1호,36.9807251585,127.1023875712,2025-05-31
경기도,평택시,대영농장,닭,육계,,경기도 평택시 포승읍 석정로 374-77,37.0077760403,126.879346346,2025-08-31
경기도,평택시,대영농장,닭,육계,100000.0,"경기도 평택시 포승읍 홍원리 333번지 7호 외 3필지(333-8, 333-15, 333-16)",37.0072533523,126.8793730753,2025-05-31
경기도,평택시,대일농장,닭,육계,20000.0,경기도 평택시 팽성읍 대사리 산 10번지,,,2025-05-31
경기도,평택시,대한농장,닭,육계,,경기도 평택시 고덕면 효학길 131-35,37.0135340108,127.0299266131,2026-01-31
경기도,평택시,대한농장,닭,육계,20000.0,경기도 평택시 고덕면 궁리 518번지 13호 외 1필지(518-17),37.0135340108,127.0299266131,2025-04-30
경기도,평택시,덕수농장,닭,종계/산란계,120556.0,경기도 평택시 서탄면 마두리 425번지 20호 외1필지(425-21),37.1061793328,127.0091190306,2025-04-30
경기도,평택시,덕수농장,닭,산란계,,경기도 평택시 서탄면 마두길 59-248,37.1061793328,127.0091190306,2026-02-26
경기도,평택시,도곡농장2,닭,종계/산란계,10000.0,경기도 평택시 포승읍 도곡리 8번지 2호,36.991835272,126.8752393297,2025-04-30
경기도,평택시,도곡농장2,닭,산란계,,경기도 평택시 포승읍 한유지길 71-9,36.991287052,126.8731633655,2026-02-26
경기도,평택시,동순농장,닭,육계,,경기도 평택시 오성면 청오로 33-24,,,2025-07-31
경기도,평택시,동순농장,닭,육계,250.0,경기도 평택시 오성면 숙성리 51번지 5호,,,2025-05-31
경기도,평택시,두곡농장,닭,육계,60000.0,"경기도 평택시 서탄면 마두리 432번지 15호 , 432-16, 432-17",37.1052940688,127.010846667,2025-04-30
경기도,평택시,두곡농장,닭,육계,,경기도 평택시 서탄면 마두길 59-360,37.1052940688,127.010846667,2026-01-31
경기도,평택시,드림팜,닭,산란계,,경기도 평택시 고덕면 문곡3길 71-32,37.0628076435,127.001313517,2025-08-31
경기도,평택시,드림팜,닭,산란중추,36000.0,경기도 평택시 고덕면 문곡리 770번지 10호,37.0627206505,127.0023466256,2025-05-31
경기도,평택시,들길농장,닭,육계,,경기도 평택시 오성면 숙성뜰길 97-27,37.0037758805,126.9874342631,2025-08-31
경기도,평택시,들길농장,닭,육계,57000.0,경기도 평택시 오성면 숙성리 358번지,37.0037758805,126.9874342631,2025-05-31
경기도,평택시,마두양계장,닭,육계,30000.0,경기도 평택시 서탄면 마두리 109번지 2호,37.1127377961,127.0125546495,2025-05-31
경기도,평택시,마두양계장,닭,육계,,경기도 평택시 서탄면 서탄1로 261,37.1128095373,127.0124641455,2026-01-31
경기도,평택시,무지개농원,닭,육계,41000.0,경기도 평택시 오성면 양교리 814번지 1호,37.0246827861,126.9596036019,2025-04-30
경기도,평택시,무지개농원,닭,육계,,경기도 평택시 오성면 양교길 148-24,,,2025-07-31
경기도,평택시,미하농장,닭,육계,35000.0,경기도 평택시 서탄면 마두리 425-25번지,37.10602867,127.0075668805,2025-05-31
경기도,평택시,미하농장,닭,육계,,경기도 평택시 서탄면 마두길 59-234,37.1064804881,127.0078340653,2026-01-31
경기도,평택시,믿음농산,닭,산란계,,경기도 평택시 안중읍 안중6길 33,,,2026-02-26
경기도,평택시,믿음농산,닭,종계/산란계,5500.0,경기도 평택시 안중읍 안중리 60번지 14호,36.988293848,126.9424548437,2025-04-30
경기도,평택시,봉화농장,닭,산란계,,경기도 평택시 청북읍 원목길 52,37.0577773112,126.8966875703,2025-07-31
경기도,평택시,사향오리농원,오리+산양,,,경기도 평택시 청북읍 고잔리 318번지 19호,37.0597591639,126.904695403,2025-08-31
경기도,평택시,삼현농원,닭,육계,45000.0,경기도 평택시 청북면 한산리 228번지 13호,,,2025-05-31
경기도,평택시,삼화농장,닭,육계,,경기도 평택시 장안동 102번지 7호,,,2026-01-31
경기도,평택시,삼화농장,닭,육계,48000.0,경기도 평택시 장안동 102번지 7호,,,2025-05-31
경기도,평택시,선천축산,닭,육계,,"경기도 평택시 포승읍 곡교길 125-35 (,1068-6번지)",37.003327831,126.8515877802,2025-08-31
경기도,평택시,선천축산,닭,육계,55000.0,"경기도 평택시 포승읍 도곡리 1068번지 5호 ,1068-6번지",37.003327831,126.8515877802,2025-05-31
경기도,평택시,성재농장,닭,종계/산란계,147000.0,경기도 평택시 청북읍 고잔리 1661번지 4호 외 1필지(1661-5),37.0644869785,126.8972980865,2025-05-31
경기도,평택시,성재농장,닭,산란계,,경기도 평택시 청북읍 청북중앙로 681-25,37.0647658357,126.8971833967,2025-08-31
경기도,평택시,소망농장,닭,종계/산란계,77350.0,경기도 평택시 포승읍 홍원리 82번지 8호 외 1필지,37.0189482407,126.8887096597,2025-05-31
경기도,평택시,소망농장,닭,육계,50000.0,경기도 평택시 오성면 창내리 133번지 40호,36.9874725806,127.0140180791,2025-05-31
경기도,평택시,소망농장,닭,육계,,경기도 평택시 오성면 창내뜰길 184-4,,,2026-01-31
경기도,평택시,소망농장,닭,산란계,,경기도 평택시 포승읍 외원길 33-93,,,2025-08-31
경기도,평택시,소망농장 제2농장,닭,산란계,,경기도 평택시 포승읍 외원길 33-87,,,2025-08-31
경기도,평택시,수일농장,닭,육계,25000.0,경기도 평택시 팽성읍 대사리 212번지 10호,36.9433461147,127.0595852499,2025-05-31
경기도,평택시,신리농장,닭,육계,75000.0,경기도 평택시 오성면 신리 68번지 7호,37.0048774015,127.0224381549,2025-05-31
경기도,평택시,신명농장,닭,육계,,경기도 평택시 서탄면 서탄2로 206-46 (외1필지),37.1179408464,127.0447705435,2026-01-31
경기도,평택시,신명농장,닭,육계,30000.0,경기도 평택시 서탄면 사리 736번지 외1필지,37.1179408464,127.0447705435,2025-05-31
경기도,평택시,쌍용농장,닭,종계/산란계,35000.0,"경기도 평택시 월곡동 273번지 1호 ,273-2, 273-3, 272-10, 272-12",37.0197031388,127.1419805656,2025-05-31
경기도,평택시,쌍용농장,닭,산란계,,경기도 평택시 월곡길 104-45 (월곡동),37.0197031388,127.1419805656,2026-01-31
경기도,평택시,야막농장,닭,육계,,경기도 평택시 진위면 야막길 46-62,,,2026-02-26
경기도,평택시,야막농장,닭,육계,30000.0,경기도 평택시 진위면 야막리 118번지 1호,37.1281070596,127.0610334674,2025-05-31
경기도,평택시,에이원축산,닭,육계,,경기도 평택시 포승읍 원석정용소길 98-19,36.9964874046,126.8927554654,2025-08-31
경기도,평택시,에이원축산,닭,육계,72000.0,경기도 평택시 포승읍 석정리 591번지,36.9964874046,126.8927554654,2025-05-31
경기도,평택시,영계마을,닭,육계,90000.0,"경기도 평택시 청북읍 백봉리 97번지 ,98,99,100-1",37.0393329417,126.986430704,2025-05-31
경기도,평택시,영계마을,닭,육계,,경기도 평택시 청북읍 어연길 111-52,37.0395040618,126.9863958175,2025-08-31
경기도,평택시,영계마을 2농장,닭,육계,60000.0,경기도 평택시 청북면 어연리 548번지 3호,37.0412816698,126.9868111507,2025-04-30
경기도,평택시,영계마을2,닭,육계,,경기도 평택시 청북읍 어연길 111-33,,,2026-01-31
경기도,평택시,영신농장,닭,산란계,,경기도 평택시 청북읍 백봉길 372-52,,,2025-08-31
경기도,평택시,영신농장,닭,종계/산란계,171000.0,경기도 평택시 청북면 어연리 462번지 15호,37.0460127063,126.9927619802,2025-04-30
경기도,평택시,오성농원,닭,육계,1000.0,경기도 평택시 안중읍 삼정리 384번지 8호,36.9718553284,126.9728522815,2025-04-30
경기도,평택시,오성농원,닭,육계,,경기도 평택시 안중읍 삼정길 134-345,36.9714796963,126.9691447568,2026-02-26
경기도,평택시,오성축산,닭,육계,,경기도 평택시 청북읍 청북중앙로 681-1,37.0656775979,126.896709104,2025-07-31
경기도,평택시,오성축산,닭,육계,60000.0,경기도 평택시 청북면 고잔리 1661번지 12호,37.06294904,126.8979851387,2025-05-31
경기도,평택시,우성농장,닭,육계,19000.0,경기도 평택시 포승읍 희곡리 450번지 1호,36.9610054095,126.8767831141,2025-05-31
경기도,평택시,우성농장,닭,육계,,경기도 평택시 포승읍 이대원로 180-21,36.9610054095,126.8767831141,2026-01-31
경기도,평택시,일진농장,닭,육계,,경기도 평택시 청북읍 삼계리 산 32번지 4호,37.0461223804,126.9075081305,2026-02-26
경기도,평택시,일진농장,닭,육계,30000.0,경기도 평택시 청북면 삼계리 산 32번지 4호,37.0461223804,126.9075081305,2025-05-31
경기도,평택시,장계농장,닭,육계,,경기도 평택시 청북읍 율북로 232-31 (외3필지),37.0690169803,126.9906402433,2025-08-31
경기도,평택시,장계농장,닭,육계,80000.0,경기도 평택시 청북면 율북리 160번지 1호 외3필지,37.0690169803,126.9906402433,2025-04-30
경기도,평택시,장연양계(평택농장),닭,산란중추,362880.0,경기도 평택시 오성면 양교리 281번지 3호 282-1,37.0271401033,126.9810150499,2025-04-30
경기도,평택시,재엽농장,닭,육계,,경기도 평택시 오성면 창내뜰길 184-5,,,2026-02-26
경기도,평택시,재엽농장,닭,육계,76600.0,경기도 평택시 오성면 창내리 367번지 4호,36.9870215524,127.0139422896,2025-05-31
경기도,평택시,정원오리농장,오리,,,경기도 평택시 고덕면 용소금각로 364 (외 2필지),37.072011378,127.0016447026,2026-02-26
경기도,평택시,제암농장,닭,산란계,,경기도 평택시 청북읍 고잔길 21-24,37.0543207611,126.9102111135,2026-01-31
경기도,평택시,제암농장,닭,종계/산란계,18516.0,"경기도 평택시 청북읍 고잔리 452번지 453, 454, 1614-6, 1614-11, 1614-12, 1615-4",37.0543207611,126.9102111135,2025-04-30
경기도,평택시,제일농원,닭,산란계,,경기도 평택시 청북읍 현곡길 79-54,37.046607808,126.9255649256,2025-08-31
경기도,평택시,주도농장,닭,산란계,,경기도 평택시 청북읍 고잔리 103-1번지,,,2026-01-31
경기도,평택시,주도농장,닭,종계/산란계,35616.0,경기도 평택시 청북면 고잔리 103번지 1호,37.0577773112,126.8966875703,2025-05-31
경기도,평택시,준현농장,닭,육계,,"경기도 평택시 포승읍 이대원로 231 (,233)",36.9652757547,126.8746026725,2025-07-31
경기도,평택시,준현농장,닭,육계,72000.0,경기도 평택시 포승읍 희곡리,36.9652667408,126.8746027462,2025-04-30
경기도,평택시,준현농장(3),닭,육계,,경기도 평택시 포승읍 이대원로 231,36.9668246904,126.8747789347,2025-07-31
경기도,평택시,준현농장(3),닭,육계,15000.0,경기도 평택시 포승읍 희곡리 7번지 3호,36.9652667408,126.8746027462,2025-05-31
경기도,평택시,중원축산,닭,산란계,,경기도 평택시 포승읍 석정로 218-33,36.9999700581,126.8846133606,2026-02-26
경기도,평택시,중원축산,닭,종계/산란계,40000.0,경기도 평택시 포승읍 석정리 478번지,36.9999700581,126.8846133606,2025-05-31
경기도,평택시,창내농장,닭,육계,,경기도 평택시 오성면 창내뜰길 184,36.9890049814,127.0140083303,2025-08-31
경기도,평택시,창내농장,닭,육계,90000.0,경기도 평택시 오성면 창내리 133번지 35호 외 2필지,36.9890049814,127.0140083303,2025-05-31
경기도,평택시,청남농원,닭,산란계,,경기도 평택시 청북읍 청북중앙로 721-19,37.0662495373,126.9018060677,2025-07-31
경기도,평택시,청남농원,닭,종계/산란계,115200.0,경기도 평택시 청북읍 고잔리 1665번지,37.0662486863,126.9016373457,2025-05-31
경기도,평택시,청남축산,닭,산란계,,경기도 평택시 청북읍 고잔1길 35-40,37.0568881428,126.8991015091,2025-07-31
경기도,평택시,청남축산,닭,종계/산란계,30000.0,경기도 평택시 청북읍 고잔리 182번지 7호,37.0568881428,126.8991015091,2025-05-31
경기도,평택시,청운축산,닭,산란계,,경기도 평택시 청북읍 청북중앙로 661-23,37.065115738,126.8944136688,2025-08-31
경기도,평택시,청운축산,닭,산란중추,232205.0,경기도 평택시 청북면 고잔리 1659번지 4호,37.0638798113,126.8948957707,2025-04-30
경기도,평택시,태성농장,닭,산란계,,경기도 평택시 오성면 숙성3길 28-66,,,2026-02-26
경기도,평택시,태성농장,닭,종계/산란계,15000.0,경기도 평택시 오성면 숙성리 715번지 20호,36.9983371407,126.9682864765,2025-04-30
경기도,평택시,해오름양계,닭,산란중추,251590.0,"경기도 평택시 오성면 양교리 281번지 1호 , 281-2",37.0277370927,126.9814831916,2025-05-31
경기도,평택시,호빈조류새농장,닭,육계,0.0,경기도 평택시 오성면 죽리 317번지 2호 외2필지,37.0109206576,126.9601956316,2025-05-31
경기도,평택시,호성축산,닭,종계/산란계,85000.0,경기도 평택시 현덕면 대안리 434번지 1호,36.9469327557,126.9456203238,2025-04-30
경기도,평택시,호성축산,닭,산란계,,경기도 평택시 현덕면 대안1길 61-41,36.9472369716,126.9453793247,2025-07-31
경기도,평택시,효진농장,닭,육계,,경기도 평택시 포승읍 새원길 99,37.0038027157,126.8849196501,2025-07-31
경기도,평택시,효진농장,닭,육계,60000.0,경기도 평택시 포승읍 석정리 465번지,37.0038027157,126.8849196501,2025-05-31
경기도,포천시,-,닭,산란계,,경기도 포천시 영중면 성동리 372번지 13호,127.262427,38.038259,2018-03-14
경기도,포천시,-,닭,산란계,,경기도 포천시 영중면 성동리 382번지,127.2626195,38.0347,2018-04-30
경기도,포천시,-,닭,산란계,,경기도 포천시 일동면 사직리 154번지 1호 외1필지(164-5),127.355955,38.0042403,2018-04-30
경기도,포천시,-,닭,산란계,,경기도 포천시 영북면 자일리,127.28652,38.1034287,2018-04-30
경기도,포천시,153농장,닭,육계,25000.0,경기도 포천시 이동면 장암리 375번지,127.3614173,38.0247104,2018-03-14
경기도,포천시,153농장,닭,육계,25000.0,경기도 광주시 곤지암읍 건업리 405,127.4095732263,37.3840101421,2018-10-31
경기도,포천시,LA농장,닭,육계,1000.0,경기도 포천시 내촌면 내리 산 6번지,127.2294482,37.7892387,2018-03-14
경기도,포천시,LA농장,닭,육계,1000.0,경기도 광주시 초월읍 신월리 409-1,127.307081605,37.4118348774,2018-10-31
경기도,포천시,가나안농장,닭,산란계,,경기도 포천시 영중면 양문리 569번지,127.2510941,38.0014542,2018-09-30
경기도,포천시,가농바이오(주),닭,산란계,,경기도 포천시 가산면 우금리 618번지 6호,127.2092415,37.8386205,2018-04-30
경기도,포천시,가람농장,닭,육계,35000.0,경기도 포천시 가산면 정교리 381번지,127.1721376,37.8181742,2018-04-30
경기도,포천시,가람농장,닭,산란계,,경기도 포천시 신북면 삼정리 226번지,127.1474999,37.9672392,2018-09-30
경기도,포천시,가람농장,닭,육계,35000.0,경기도 광명시 광명동 537번지,126.8431030039,37.461403018,2018-10-31
경기도,포천시,가온농장,닭,산란계,,경기도 포천시 창수면 주원리 65번지 5호,127.1902961,38.0147652,2018-03-14
경기도,포천시,감천종계(본농장),닭,산란계,,경기도 포천시 신북면 고일리 343번지,127.1710219,37.9769559,2018-10-31
경기도,포천시,강포농장,닭,산란계,,경기도 포천시 영북면 자일리 341번지 1호,127.289929,38.1151141,2018-09-30
경기도,포천시,거사리농장,닭,육계,0.0,경기도 포천시 영중면 거사리 400번지 2호,127.2357693,37.9978188,2018-04-30
경기도,포천시,거사리농장,닭,육계,0.0,경기도 안산시 단원구 대부남동 1178-3(한사위길 10),126.5479352134,37.2280397289,2018-10-31
경기도,포천시,경란농장,닭,육계,3500.0,경기도 포천시 신북면 심곡리 350번지 1호,127.1857985,37.9369689,2018-03-14
경기도,포천시,경란농장,닭,육계,3500.0,경기도 가평군 설악면 방일리 478-1,127.4900044315,37.6299810752,2018-09-30
경기도,포천시,경복농장,닭,육계,25000.0,경기도 포천시 영중면 거사리 366번지,127.2381029,37.9941565,2018-04-30
경기도,포천시,경복농장,닭,육계,25000.0,경기도 광주시 역동 84,127.2491194472,37.403419253,2018-08-31
경기도,포천시,경원농장,닭,육계,24000.0,경기도 포천시 영북면 자일리 671번지,127.2803094,38.1162813,2018-08-31
경기도,포천시,경원농장,닭,육계,24000.0,경기도 양주시 은현면 도하리 623번지,126.9973487793,37.8475312561,2018-10-31
경기도,포천시,경호농장,닭,산란계,,경기도 포천시 영북면 자일리 344번지 1호,127.2892802,38.1154129,2018-10-31
경기도,포천시,경환농장,닭,육계,45000.0,경기도 안산시 단원구 선부동 242(달미산길 89),126.8139139758,37.3553656066,2018-10-31
경기도,포천시,경환농장,닭,육계,45000.0,"경기도 포천시 일동면 사직리 656번지 7호 외2필지(-8,-10)",127.3389762,37.9961818,2018-04-30
경기도,포천시,계림농장,닭,산란계,,경기도 포천시 창수면 주원리 35번지 6호,127.1967997,38.0066464,2018-10-31
경기도,포천시,계림농장,닭,산란계,,경기도 포천시 신북면 삼성당리 574번지,127.1934075,37.949768,2018-10-31
경기도,포천시,계림농장,닭,육계,70000.0,경기도 과천시 주암동 산5-2,127.0358052882,37.4562446172,2018-10-31
경기도,포천시,계림농장,닭,육계,30000.0,경기도 양주시 광사동 533번지 1호,127.0662634516,37.7750423075,2018-10-31
경기도,포천시,계림농장,닭,육계,30000.0,경기도 포천시 군내면 상성북리 367번지,127.2353511,37.8868079,2018-08-31
경기도,포천시,계림농장,닭,육계,70000.0,경기도 포천시 창수면 주원리 94번지,127.191662,38.0100963,2018-04-30
경기도,포천시,곽○○,닭,육계,11000.0,경기도 포천시 영중면 영송리 324번지,127.2268515,38.0116201,2018-03-14
경기도,포천시,곽○○,닭,육계,11000.0,경기도 가평군 가평읍 마장리 208-1,127.5132943535,37.8710027056,2018-10-31
경기도,포천시,관인양계장,닭,산란계,,경기도 포천시 관인면 초과리 143번지 2호,127.2465437,38.1503018,2018-10-31
경기도,포천시,광원농장,닭,산란계,,경기도 포천시 창수면 주원리 488번지,127.1810235,38.0134553,2018-03-14
경기도,포천시,군내농장,닭,육계,60000.0,경기도 가평군 가평읍 읍내리87,127.5115514145,37.8505681735,2018-09-30
경기도,포천시,군내농장,닭,육계,60000.0,경기도 포천시 군내면 구읍리 282번지 1호,127.2170181,37.8800316,2018-03-14
경기도,포천시,근상농장,닭,산란계,,경기도 포천시 창수면 주원리 27번지,127.1959366,38.0075127,2018-04-30
경기도,포천시,금동농장,닭,육계,40000.0,경기도 포천시 신북면 삼성당리 472번지 10호,127.1938327,37.9645695,2018-03-14
경기도,포천시,금동농장,닭,육계,40000.0,경기도 과천시 과천동 233-10,127.0053906986,37.4458786559,2018-10-31
경기도,포천시,금성농장,닭,산란계,,경기도 포천시 선단동 9번지 4호,127.1716921,37.8569153,2018-04-30
경기도,포천시,기산농장,닭,산란계,,경기도 포천시 일동면 기산리 618번지 2호,127.3146486,37.9426082,2018-09-30
경기도,포천시,김○○,닭,육계,30000.0,경기도 안산시 단원구 대부북동 253-4(새방죽1길 100),126.5823521296,37.2454846698,2018-10-31
경기도,포천시,김○○,닭,육계,30000.0,경기도 포천시 창수면 주원리 363번지,127.18747,38.000346,2018-09-30
경기도,포천시,김○○,닭,육계,30000.0,경기도 과천시 주암동 104번지,127.0329459739,37.4566057788,2018-10-31
경기도,포천시,김○○,닭,육계,30000.0,경기도 포천시 신북면 계류리 305번지,127.1786627,37.9451061,2018-04-30
경기도,포천시,김○○,닭,육계,25000.0,경기도 과천시 과천동 192-4,127.0062493869,37.4422746275,2018-10-31
경기도,포천시,김○○,닭,육계,25000.0,경기도 포천시 가산면 마산리 308번지,127.1821121,37.8381693,2018-04-30
경기도,포천시,나○○,닭,육계,200.0,경기도 가평군 설악면 신천리 125-2,127.497200173,37.6764767781,2018-09-30
경기도,포천시,나○○,닭,육계,200.0,경기도 포천시 신북면 삼성당리 27번지,127.2148855,37.9607676,2018-03-14
경기도,포천시,남매농장,닭,육계,20000.0,경기도 양주시 남면 상수리 524번지,126.97951599,37.8676109781,2018-10-31
경기도,포천시,남매농장,닭,육계,20000.0,경기도 포천시 군내면 하성북리 38번지 3호,127.2345474,37.9060534,2018-04-30
경기도,포천시,남송농장,닭,육계,10000.0,경기도 포천시 창수면 추동리 662번지,37.9977589,127.1639653,2018-12-31
경기도,포천시,남송농장,닭,육계,10000.0,경기도 포천시 창수면 추동리 662번지,127.1639653,37.9977589,2018-04-30
경기도,포천시,남송농장,닭,육계,10000.0,경기도 과천시 주암동 산17,127.0305486468,37.4532186038,2018-10-31
경기도,포천시,너베기농장,닭,육계,50000.0,경기도 포천시 가산면 금현리 451번지 2호,127.1949391,37.825536,2018-08-31
경기도,포천시,너베기농장,닭,육계,50000.0,경기도 과천시 과천동 139-22,127.0083289804,37.4474372896,2018-10-31
경기도,포천시,노○○,닭,육계,20000.0,경기도 포천시 신북면 삼성당리 528번지,127.1894686,37.953351,2018-09-30
경기도,포천시,노○○,닭,육계,20000.0,경기도 과천시 문원동 214,126.9999785074,37.424714083,2018-10-31
경기도,포천시,노적농장,닭,육계,70000.0,경기도 포천시 신북면 금동리 127번지 1호,127.12892,37.9361066,2018-03-14
경기도,포천시,노적농장,닭,육계,70000.0,경기도 과천시 주암동 212-1,127.0259720155,37.4551026767,2018-10-31
경기도,포천시,농업회사법인 (주)서림축산,닭,산란계,,경기도 포천시 관인면 탄동리 392번지,127.2624515,38.1547722,2018-10-31
경기도,포천시,농업회사법인 세모에프앤씨(주),닭,육계,5000.0,경기도 포천시 이동면 도평리 374번지,127.3742241,38.0551483,2018-09-30
경기도,포천시,농업회사법인 세모에프앤씨(주),닭,육계,5000.0,경기도 안산시 단원구 대부북동 253-1(새방죽1길 100),126.5823521296,37.2454846698,2018-10-31
경기도,포천시,농업회사법인 인천축산 주식회사,닭,육계,16000.0,경기도 포천시 영중면 영송리 84번지,127.2292062,38.0145706,2018-03-14
경기도,포천시,농업회사법인 인천축산 주식회사,닭,육계,16000.0,경기도 가평군 가평읍 마장리 203,127.5156825885,37.8695868822,2018-10-31
경기도,포천시,농업회사법인 최연축산(주),닭,산란계,,경기도 포천시 창수면 주원리 136번지 1호,127.1941624,38.0083174,2018-10-31
경기도,포천시,농업회사법인 치크월드 주식회사,닭,산란계,,경기도 포천시 영북면 자일리 1009번지 7호,127.2777638,38.1216656,2018-08-31
경기도,포천시,농업회사법인(주)에스앤마니커 일동지점,닭,육계,70000.0,경기도 포천시 일동면 길명리 239번지,127.290182,37.9377154,2018-04-30
경기도,포천시,농업회사법인(주)에스앤마니커 일동지점,닭,육계,70000.0,경기도 안산시 단원구 대부동동 22(영전2길 40-22),126.6188757383,37.2441220458,2018-10-31
경기도,포천시,늘푸른농장,닭,산란계,,"경기도 포천시 일동면 사직리 353번지 3호 , 8, 9호",127.3511181,37.9806057,2018-03-14
경기도,포천시,늘푸른농장,닭,산란계,,경기도 포천시 화현면 지현리 197번지 4호,127.2739319,37.9113298,2018-09-30
경기도,포천시,늘푸른농장,닭,산란계,,경기도 포천시 창수면 주원리 55번지 8호,127.1949613,38.0133973,2018-09-30
경기도,포천시,능원농장,닭,육계,4000.0,경기도 포천시 영중면 양문리 504번지,127.2501303,38.0026274,2018-03-14
경기도,포천시,능원농장,닭,육계,4000.0,경기도 이천시 설성면 신필리 257번지,127.5454333192,37.1330446004,2018-10-31
경기도,포천시,다랑골농장,닭,산란계,,경기도 포천시 영북면 자일리 494번지,127.2843693,38.101533,2018-04-30
경기도,포천시,대명농장,닭,육계,70000.0,경기도 포천시 창수면 가양리 422번지 1호,127.1967695,37.9735738,2018-08-31
경기도,포천시,대명농장,닭,육계,70000.0,경기도 가평군 설악면 위곡리 801,127.5146897745,37.6680863455,2018-10-31
경기도,포천시,대붕농장,닭,산란계,,경기도 포천시 군내면 상성북리 242번지 1호,127.2384869,37.8970002,2018-04-30
경기도,포천시,대성농장,닭,육계,50000.0,경기도 포천시 신북면 심곡리,127.1978166,37.9434453,2018-04-30
경기도,포천시,대성농장,닭,산란계,,경기도 포천시 영북면 자일리 51번지,127.3033945,38.1091975,2018-04-30
경기도,포천시,대성농장,닭,산란계,,경기도 포천시 영중면 거사리,127.2444063,37.975738,2018-04-30
경기도,포천시,대성농장,닭,산란계,,경기도 포천시 영북면 야미리 725번지,127.2606009,38.0469838,2018-04-30
경기도,포천시,대성농장,닭,육계,50000.0,경기도 과천시 문원동 501,126.9971098064,37.4135775482,2018-10-31
경기도,포천시,대정농장,닭,육계,23000.0,경기도 포천시 관인면 초과리 496번지,127.2288135,38.1424365,2018-08-31
경기도,포천시,대정농장,닭,육계,23000.0,경기도 가평군 가평읍 마장리 220-2,127.5154123418,37.8683087419,2018-09-30
경기도,포천시,대진농장,닭,산란계,,경기도 포천시 영북면 자일리 447번지 6호,127.2854506,38.1040259,2018-03-14
경기도,포천시,대흥농장,닭,육계,12000.0,경기도 포천시 영북면 야미리 130번지,127.2769527,38.054091,2018-08-31
경기도,포천시,대흥농장,닭,육계,12000.0,경기도 양주시 광사동 182번지,127.074894715,37.7917319424,2018-10-31
경기도,포천시,대흥농장,닭,산란계,,경기도 포천시 영북면 야미리 127번지,127.2768215,38.0555868,2018-10-31
경기도,포천시,덕기농장,닭,육계,52.0,경기도 포천시 내촌면 신팔리 170번지,127.2738456,37.8474539,2018-04-30
경기도,포천시,덕기농장,닭,육계,52.0,경기도 과천시 문원동 938-1,126.9970534134,37.4124693074,2018-10-31
경기도,포천시,동우영농조합법인,닭,산란계,,경기도 포천시 영북면 자일리,127.28652,38.1034287,2018-10-31
경기도,포천시,두레,닭,산란계,,경기도 포천시 영북면 야미리 727번지,127.2603997,38.0480924,2018-08-31
경기도,포천시,류씨농장,닭,산란계,,경기도 포천시 영북면 자일리 447번지 1호,127.2863984,38.10442,2018-03-14
경기도,포천시,만세농장,닭,산란계,,경기도 포천시 신북면 만세교리 61번지 4호,127.2467925,37.9642373,2018-09-30
경기도,포천시,맑은햇살농장,닭,산란계,,경기도 포천시 영중면 거사리 497번지 3호,127.2321026,38.0048712,2018-10-31
경기도,포천시,맑음농장,닭,산란계,,경기도 포천시 이동면 도평리 374번지 2호,127.3742497,38.0557068,2018-09-30
경기도,포천시,명산농장,닭,육계,25000.0,경기도 포천시 군내면 명산리 137번지,127.2295465,37.8622508,2018-04-30
경기도,포천시,명산농장,닭,육계,25000.0,경기도 양주시 봉양동 633번지,127.0744768469,37.8528071518,2018-10-31
경기도,포천시,명진농장,닭,육계,35000.0,경기도 안산시 단원구 대부남동 964(고랫부리길 15-5),126.5648566105,37.2110380277,2018-10-31
경기도,포천시,명진농장,닭,산란계,,경기도 포천시 영북면 자일리 1010번지,127.278452,38.1227181,2018-10-31
경기도,포천시,명진농장,닭,육계,35000.0,경기도 포천시 관인면 냉정리 795번지 1호,127.2667828,38.1472762,2018-08-31
경기도,포천시,무송양계,닭,산란계,,경기도 포천시 창수면 주원리 83번지 1호,127.1918598,38.0117627,2018-08-31
경기도,포천시,무진축산,닭,육계,35000.0,경기도 포천시 창수면 추동리 552번지,127.1663902,37.9977376,2018-04-30
경기도,포천시,무진축산,닭,육계,35000.0,경기도 과천시 주암동 167-4,127.0303006264,37.454912542,2018-10-31
경기도,포천시,문암농장,닭,육계,30000.0,경기도 포천시 영북면 문암리 404번지 1호,127.2672117,38.0700593,2018-04-30
경기도,포천시,문암농장,닭,육계,30000.0,경기도 양주시 남면 입암리 229번지,126.9949357488,37.8880822733,2018-10-31
경기도,포천시,미래농장,닭,산란계,185800.0,경기도 포천시 창수면 주원리 81-1번지,38.0122901,127.1943777,2018-12-31
경기도,포천시,미래농장,닭,산란계,,경기도 포천시 창수면 주원리 81번지 1호,127.1943777,38.0122901,2018-08-31
경기도,포천시,민농장,닭,산란계,,경기도 포천시 영중면 양문리 672번지,127.2468727,37.9884899,2018-03-14
경기도,포천시,믿음농장,닭,산란계,,경기도 포천시 관인면 냉정리 929번지 4호,127.270873,38.1333571,2018-03-14
경기도,포천시,박○○,닭,육계,35000.0,경기도 안산시 단원구 대부북동 253-5(새방죽1길 100),126.5823521296,37.2454846698,2018-10-31
경기도,포천시,박○○,닭,육계,20.0,경기도 가평군 설악면 천안리 3-4,127.4888898036,37.6362563835,2018-09-30
경기도,포천시,박○○,닭,육계,35000.0,경기도 포천시 영중면 금주리 506번지 (508),127.260629,37.9704602,2018-09-30
경기도,포천시,박○○,닭,육계,20.0,경기도 포천시 영북면 자일리 5번지,127.3086772,38.10731,2018-08-31
경기도,포천시,백로주농장,닭,육계,6000.0,경기도 안산시 단원구 선감동 268-9,126.6385708223,37.2195140886,2018-10-31
경기도,포천시,백로주농장,닭,육계,6000.0,경기도 포천시 영중면 금주리 697번지,127.242709,37.9822911,2018-03-14
경기도,포천시,버들농장,닭,산란계,,경기도 포천시 영북면 자일리 447번지 1호,127.2863984,38.10442,2018-08-31
경기도,포천시,범수농장,닭,육계,20000.0,경기도 양주시 백석읍 가업리 235번지 1호,126.9760782773,37.788786772,2018-10-31
경기도,포천시,범수농장,닭,육계,20000.0,경기도 포천시 영북면 자일리 480번지 41호,127.2811763,38.0983334,2018-03-14
경기도,포천시,보성농장,닭,육계,8000.0,경기도 포천시 화현면 지현리 152번지 2호,127.2714603,37.9071101,2018-08-31
경기도,포천시,보성농장,닭,육계,8000.0,경기도 안산시 단원구 대부동동 650-12(동주길 20),126.6028202583,37.2346801899,2018-10-31
경기도,포천시,복골농장,닭,육계,3500.0,경기도 이천시 설성면 수산리 275번지,127.4987379093,37.1497921823,2018-09-30
경기도,포천시,복골농장,닭,육계,3500.0,경기도 포천시 일동면 사직리 365번지 1호 외1필지(365-2),127.3417873,37.9811555,2018-04-30
경기도,포천시,봄율농장,닭,육계,80000.0,경기도 포천시 창수면 가양리 253번지 1호,127.1999329,37.9946501,2018-04-30
경기도,포천시,봄율농장,닭,육계,80000.0,경기도 가평군 설악면 위곡리 461-2,127.5174162442,37.660785729,2018-09-30
경기도,포천시,부엉농산,닭,육계,80000.0,"경기도 포천시 영중면 영송리 80번지 외2필지(82,84)",127.2294012,38.0150117,2018-04-30
경기도,포천시,부엉농산,닭,육계,80000.0,경기도 안산시 단원구 대부북동 253-6(새방죽1길 100),126.5823521296,37.2454846698,2018-10-31
경기도,포천시,산마루농장,닭,육계,20000.0,경기도 포천시 군내면 상성북리 532번지,127.2308542,37.8957179,2018-03-14
경기도,포천시,산마루농장,닭,육계,20000.0,경기도 가평군 설악면 위곡리 636-2,127.5245589073,37.6725298795,2018-10-31
경기도,포천시,산마을농장,닭,산란계,,경기도 포천시 영북면 대회산리 216번지,127.2303165,38.0679743,2018-09-30
경기도,포천시,삼삼농장,닭,산란계,,경기도 포천시 이동면 노곡리,127.3608667,38.0192076,2018-03-14
경기도,포천시,삼성농장,닭,산란계,,경기도 포천시 영중면 양문리 603번지,127.2492984,37.9990165,2018-08-31
경기도,포천시,삼성양계,닭,산란계,,경기도 포천시 영중면 거사리 937번지 1호,127.2264013,37.9983776,2018-08-31
경기도,포천시,삼우농장,닭,산란계,,경기도 포천시 창수면 추동리 734번지 1호 외1필지(736-1),127.166687,37.9929533,2018-04-30
경기도,포천시,삼호농장,닭,육계,80000.0,경기도 포천시 창수면 가양리 217번지 1호,127.2062124,37.9847113,2018-09-30
경기도,포천시,삼호농장,닭,육계,80000.0,경기도 안산시 단원구 대부동동 914(당전길 39),126.6005175284,37.2460073089,2018-10-31
경기도,포천시,상우축산,닭,육계,30000.0,경기도 동두천시 상패동 1007,127.0123766316,37.9078576157,2018-09-30
경기도,포천시,상우축산,닭,육계,30000.0,경기도 포천시 창수면 가양리 252번지 1호,127.2013205,37.9941522,2018-03-14
경기도,포천시,상주농장,닭,산란계,,경기도 포천시 영북면 자일리 447번지 2호,127.2862263,38.1041411,2018-09-30
경기도,포천시,상지농장,닭,육계,2000.0,경기도 포천시 내촌면 내리 429번지,127.2234095,37.7818984,2018-03-14
경기도,포천시,상지농장,닭,육계,2000.0,경기도 양주시 광적면 비암리 96번지,126.9332775055,37.8022023875,2018-10-31
경기도,포천시,새마을농장,닭,산란계,,경기도 포천시 영중면 양문리 253번지,127.2513222,37.9982105,2018-08-31
경기도,포천시,새청농원,닭,육계,300.0,경기도 포천시 관인면 사정리 299번지 1호,127.2522603,38.1304702,2018-03-14
경기도,포천시,새청농원,닭,육계,300.0,경기도 가평군 가평읍 하색리 212,127.5003847255,37.8085963164,2018-09-30
경기도,포천시,샘터농장,닭,산란계,,경기도 포천시 이동면 노곡리 725번지,127.3359497,38.0192357,2018-09-30
경기도,포천시,생수농장,닭,육계,50000.0,경기도 포천시 신북면 덕둔리 544번지,127.1140032,37.9638251,2018-04-30
경기도,포천시,생수농장,닭,육계,50000.0,경기도 과천시 과천동 329-2,126.9984748217,37.4438243161,2018-10-31
경기도,포천시,서부농장,닭,산란계,,경기도 포천시 영북면 자일리 539번지 2호,127.2855383,38.1060887,2018-04-30
경기도,포천시,서부축산,닭,산란계,,경기도 포천시 영북면 야미리 416번지 1호 외 6필지,127.2689324,38.0417039,2018-04-30
경기도,포천시,서울농장,닭,산란계,,경기도 포천시 영북면 야미리 458번지,127.2644045,38.0433718,2018-10-31
경기도,포천시,석봉농원,닭,산란계,,경기도 포천시 이동면 노곡리 744번지 1호,127.3324755,38.0164887,2018-10-31
경기도,포천시,선달농원,닭,육계,4000.0,경기도 가평군 설악면 창의리 270-4,127.5038938975,37.6621683454,2018-09-30
경기도,포천시,선달농원,닭,육계,4000.0,경기도 포천시 선단동 339번지 1호,127.164556,37.8621147,2018-03-14
경기도,포천시,선돌농장,닭,육계,0.0,경기도 포천시 군내면 상성북리 328번지,127.2348298,37.8909442,2018-03-14
경기도,포천시,선돌농장,닭,육계,0.0,경기도 가평군 설악면 위곡리 376-1,127.5171965994,37.6535880187,2018-10-31
경기도,포천시,선진농장,닭,산란계,,경기도 포천시 일동면 길명리 665번지,127.2726218,37.9231349,2018-08-31
경기도,포천시,섭섭이농장,닭,육계,2000.0,경기도 이천시 부발읍 가산리 427번지 54호,127.5046764857,37.2494751583,2018-09-30
경기도,포천시,섭섭이농장,닭,육계,2000.0,경기도 포천시 관인면 초과리 235번지,127.2390932,38.1465243,2018-08-31
경기도,포천시,성구농장,닭,산란계,,경기도 포천시 영중면 성동리 372번지 2호,127.2628726,38.0386184,2018-09-30
경기도,포천시,성지농원,닭,산란계,,경기도 포천시 영북면 자일리 496번지 외2필지,127.2850331,38.102198,2018-10-31
경기도,포천시,송도농장,닭,육계,20000.0,경기도 광주시 초월읍 학동리 88,127.3403568932,37.3888951156,2018-09-30
경기도,포천시,송도농장,닭,육계,20000.0,경기도 포천시 영북면 대회산리 67번지,127.2345375,38.0658399,2018-04-30
경기도,포천시,송림축산,닭,산란계,,경기도 포천시 소흘읍 고모리 23번지,127.1755243,37.804538,2018-09-30
경기도,포천시,송이축산,닭,산란계,,경기도 포천시 일동면 사직리 865번지 1호 외2필지,127.3341141,37.99852,2018-03-14
경기도,포천시,송일농장,닭,산란계,,경기도 포천시 일동면 사직리 860번지 외6필지,127.3342903,37.9971861,2018-08-31
경기도,포천시,송일양계,닭,산란계,,경기도 포천시 선단동 825번지,127.1480541,37.8613343,2018-03-14
경기도,포천시,수용농장,닭,산란계,,경기도 포천시 영북면 자일리 448번지,127.2879763,38.1026414,2018-09-30
경기도,포천시,수원농장,닭,산란계,,경기도 포천시 영북면 자일리 357번지,127.2883965,38.1139466,2018-08-31
경기도,포천시,승일농장,닭,산란계,,경기도 포천시 일동면 화대리 46번지,127.3514191,37.9527755,2018-10-31
경기도,포천시,승진농장,닭,육계,8000.0,"경기도 포천시 이동면 노곡리 1374번지 , 1375번지",127.355422,38.0094581,2018-03-14
경기도,포천시,승진농장,닭,육계,8000.0,경기도 안산시 단원구 대부북동 253(새방죽1길 40),126.5823521296,37.2454846698,2018-10-31
경기도,포천시,승천농장,닭,산란계,,경기도 포천시 창수면 주원리 488번지,127.1810235,38.0134553,2018-04-30
경기도,포천시,승호농장,닭,산란계,,"경기도 포천시 창수면 주원리 488번지 외2(489, 489-1)",127.1810235,38.0134553,2018-03-14
경기도,포천시,시온농장,닭,육계,54.0,경기도 포천시 관인면 냉정리 968번지 3호,127.2679239,38.1316071,2018-04-30
경기도,포천시,시온농장,닭,육계,54.0,경기도 가평군 청평면 고성리 438-6,127.5008311874,37.7160224097,2018-10-31
경기도,포천시,신일농장,닭,육계,30000.0,경기도 포천시 설운동 437번지 6호,127.1482229,37.8546672,2018-09-30
경기도,포천시,신일농장,닭,육계,30000.0,경기도 과천시 주암동 59,127.0340792458,37.4639396192,2018-10-31
경기도,포천시,신진농장,닭,산란계,,경기도 포천시 일동면 길명리 665번지,127.2726218,37.9231349,2018-04-30
경기도,포천시,신촌농장,닭,산란계,,경기도 포천시 영북면 자일리 991번지 8호,127.2760929,38.1200569,2018-09-30
경기도,포천시,신호농장,닭,산란계,,경기도 포천시 창수면 운산리 36번지,127.2153278,38.0510383,2018-04-30
경기도,포천시,쌍봉농장,닭,육계,25000.0,경기도 포천시 일동면 기산리 681번지,127.3132071,37.940693,2018-08-31
경기도,포천시,아라리농장,닭,산란계,,경기도 포천시 소흘읍 고모리 910번지,127.1664405,37.804623,2018-10-31
경기도,포천시,약수농장,닭,육계,20000.0,경기도 포천시 영북면 자일리 477번지,127.2832364,38.0974456,2018-03-14
경기도,포천시,약수농장,닭,육계,20000.0,경기도 양주시 은현면 선암리 342번지 32호,127.0219883587,37.8765760616,2018-10-31
경기도,포천시,양문농장,닭,산란계,,경기도 포천시 영중면 거사리 936번지,127.2275967,37.9983753,2018-10-31
경기도,포천시,엄마축산,닭,육계,20000.0,경기도 광주시 초월읍 산이리 65-39,127.3107270485,37.3586209576,2018-09-30
경기도,포천시,엄마축산,닭,육계,20000.0,경기도 포천시 영북면 문암리 17번지 2호,127.2758762,38.0740846,2018-03-14
경기도,포천시,에그스토리,닭,산란계,,경기도 포천시 영북면 자일리 482번지,127.2811792,38.0990811,2018-08-31
경기도,포천시,에그존,닭,산란계,,"경기도 포천시 소흘읍 고모리 77번지 1호 외2필지(78,79-2)",127.1747188,37.8048185,2018-03-14
경기도,포천시,여주농장,닭,산란계,95000.0,경기도 포천시 창수면 주원리 140-3번지,38.0036768,127.1947196,2018-12-31
경기도,포천시,여주농장,닭,산란계,,경기도 포천시 창수면 주원리 140번지 3호,127.1947196,38.0036768,2018-04-30
경기도,포천시,연화농장,닭,육계,35000.0,경기도 양주시 백석읍 오산리 704번지 1호,126.9695542392,37.8057229183,2018-10-31
경기도,포천시,연화농장,닭,육계,35000.0,경기도 포천시 영북면 자일리 480번지 42호,127.2814827,38.0979453,2018-03-14
경기도,포천시,영농조합법인 자연농산,닭,산란계,,경기도 포천시 영북면 문암리 359번지 2호 외1필지(359-5),127.263955,38.0739765,2018-10-31
경기도,포천시,영재농장,닭,육계,40000.0,경기도 포천시 영중면 거사리 503번지,127.2302719,38.0056495,2018-04-30
경기도,포천시,영재농장,닭,육계,40000.0,경기도 안산시 단원구 대부남동 559-56(장불길 37),126.5592143352,37.2011237099,2018-10-31
경기도,포천시,영화농장,닭,육계,40000.0,경기도 동두천시 안흥동 49,127.0431460077,37.928049938,2018-10-31
경기도,포천시,영화농장,닭,육계,900.0,경기도 광주시 직동 56-3,127.197349146,37.4000288271,2018-10-31
경기도,포천시,영화농장,닭,육계,900.0,경기도 포천시 소흘읍 무봉리 21번지,127.1441938,37.8095079,2018-03-14
경기도,포천시,영화농장,닭,육계,40000.0,경기도 포천시 창수면 가양리 251번지 1호,127.2012742,37.993873,2018-04-30
경기도,포천시,영훈농장,닭,육계,25000.0,경기도 가평군 설악면 창의리 156-1,127.5080789886,37.6676463455,2018-09-30
경기도,포천시,영훈농장,닭,육계,60000.0,경기도 포천시 가산면 가산리 22번지,127.1824964,37.8233122,2018-09-30
경기도,포천시,영훈농장,닭,육계,60000.0,경기도 과천시 주암동 385-1,127.0202184973,37.451715899,2018-10-31
경기도,포천시,영훈농장,닭,육계,25000.0,경기도 포천시 가산면 가산리 22번지,127.1824964,37.8233122,2018-04-30
경기도,포천시,영흥농장,닭,산란계,,경기도 포천시 영북면 자일리 342번지 2호,127.2898111,38.1141143,2018-10-31
경기도,포천시,영흥농장2,닭,산란계,,경기도 포천시 영북면 자일리 342번지 3호,127.2893668,38.1142235,2018-09-30
경기도,포천시,영흥농장3,닭,산란계,,경기도 포천시 영북면 자일리 475번지 4호,127.2839296,38.0998313,2018-10-31
경기도,포천시,예린농장,닭,육계,15000.0,경기도 광주시 곤지암읍 유사리 355-4,127.4067385164,37.3733699665,2018-10-31
경기도,포천시,예린농장,닭,육계,15000.0,경기도 포천시 일동면 사직리 산 24번지,127.3275639,37.9924571,2018-03-14
경기도,포천시,예산농장,닭,산란계,,경기도 포천시 선단동 10번지,127.1714983,37.8566453,2018-10-31
경기도,포천시,예선농장,닭,산란계,,경기도 포천시 영북면 자일리 490번지 3호,127.2832359,38.1003105,2018-04-30
경기도,포천시,예천농장,닭,육계,30.0,경기도 포천시 창수면 오가리 360번지 4호,127.1928507,38.0339235,2018-04-30
경기도,포천시,예천농장,닭,육계,30.0,경기도 가평군 설악면 회곡리 16,127.469145069,37.687357462,2018-10-31
경기도,포천시,오뚜기농장,닭,육계,48.0,경기도 포천시 관인면 중리 176-1번지,38.1110805,127.2068244,2018-12-31
경기도,포천시,오뚜기농장,닭,육계,80.0,경기도 포천시 관인면 중리 176번지 1호,127.2068244,38.1110805,2018-03-14
경기도,포천시,오성농장,닭,산란계,,경기도 포천시 영북면 야미리 277번지 4호,127.2715165,38.0536981,2018-04-30
경기도,포천시,우리농장,닭,육계,25500.0,경기도 과천시 문원동 180,127.0058306375,37.4257772678,2018-10-31
경기도,포천시,우리농장,닭,육계,25500.0,경기도 포천시 신북면 덕둔리 394번지 1호,127.1167559,37.9630747,2018-09-30
경기도,포천시,우리사료부속농장,닭,산란계,,경기도 포천시 창수면 추동리 216번지 3호,127.1844963,37.98099,2018-03-14
경기도,포천시,우리영농조합법인,닭,산란계,,경기도 포천시 창수면 주원리 486번지,127.1804106,38.014258,2018-10-31
경기도,포천시,욱별농장,닭,육계,2000.0,경기도 포천시 일동면 화대리 329번지,127.3330945,37.9666034,2018-03-14
경기도,포천시,욱별농장,닭,육계,2000.0,경기도 가평군 가평읍 하색리 191-5,127.4980801325,37.8069843387,2018-10-31
경기도,포천시,원일농장,닭,육계,50000.0,경기도 포천시 가산면 우금리 460번지,127.2109087,37.8335903,2018-03-14
경기도,포천시,원일농장,닭,육계,50000.0,경기도 안산시 단원구 대부동동 596-1(솔따배기길 125-3),126.6015440622,37.2394603284,2018-10-31
경기도,포천시,원천농장,닭,산란계,,경기도 포천시 신북면 삼정리 228번지,127.1468065,37.9676274,2018-04-30
경기도,포천시,월산농장,닭,산란계,,경기도 포천시 영중면 영송리 174번지,127.2206824,38.0009829,2018-08-31
경기도,포천시,웰빙농장,닭,산란계,,경기도 포천시 영북면 야미리 744번지,127.25954,38.0465897,2018-08-31
경기도,포천시,유○○,닭,육계,20000.0,경기도 포천시 일동면 길명리 668번지 1호,127.2721519,37.9252712,2018-09-30
경기도,포천시,유○○,닭,육계,20000.0,경기도 안산시 단원구 대부남동 110-1(수영목길 27-1),126.5933212369,37.2199609517,2018-10-31
경기도,포천시,유진농장,닭,육계,22000.0,경기도 포천시 소흘읍 이곡리 311번지 1통,127.1508329,37.7789757,2018-04-30
경기도,포천시,유진농장,닭,육계,22000.0,경기도 양주시 은현면 하패리 243번지 1호,127.0376193854,37.8821312561,2018-09-30
경기도,포천시,육계농장,닭,육계,65000.0,경기도 가평군 상면 봉수리 94-2,127.2958775075,37.8478696724,2018-10-31
경기도,포천시,육계농장,닭,육계,65000.0,경기도 포천시 창수면 추동리 2통 1반,127.1885161,37.9908037,2018-04-30
경기도,포천시,윤○○,닭,육계,20000.0,경기도 포천시 이동면 연곡리 798번지 2호,127.3687489,38.0103724,2018-03-14
경기도,포천시,윤○○,닭,육계,20000.0,경기도 양주시 은현면 운암리 516번지 2호,127.0120187752,37.8644686746,2018-09-30
경기도,포천시,은현농장,닭,육계,70000.0,경기도 포천시 영중면 거사리 410번지 5호,127.2342891,38.0013714,2018-04-30
경기도,포천시,은현농장,닭,육계,70000.0,경기도 가평군 가평읍 마장리 222,127.5159087526,37.8677840421,2018-09-30
경기도,포천시,은혜농장,닭,육계,25000.0,경기도 포천시 설운동 1통 2반,127.1285372,37.8581675,2018-09-30
경기도,포천시,은혜농장,닭,육계,25000.0,경기도 과천시 주암동 343-2,127.022998755,37.4520217989,2018-10-31
경기도,포천시,은호농장,닭,산란계,,"경기도 포천시 영중면 성동리 373번지 외3필지(377-5,-6,-23)",127.2616255,38.0370626,2018-09-30
경기도,포천시,이○○,닭,육계,80.0,경기도 포천시 내촌면 소학리 172번지,127.2551299,37.8131516,2018-08-31
경기도,포천시,이○○,닭,육계,30.0,경기도 포천시 내촌면 진목리,127.2183232,37.8050892,2018-08-31
경기도,포천시,이○○,닭,육계,30.0,경기도 가평군 설악면 방일리 81-1,127.4959181308,37.626595915,2018-10-31
경기도,포천시,이○○,닭,육계,80.0,경기도 가평군 설악면 천안리 156-2,127.4822784619,37.6370312304,2018-09-30
경기도,포천시,인천농장,닭,산란계,,경기도 포천시 영북면 자일리 453번지,127.2887573,38.1011981,2018-08-31
경기도,포천시,일동농장,닭,육계,20000.0,경기도 포천시 일동면 길명리 310번지 외1필지(310-1),127.2863801,37.945968,2018-08-31
경기도,포천시,일동농장,닭,육계,20000.0,경기도 안산시 단원구 신길동 539-2(죽재길106-34),126.7717242535,37.33286442,2018-10-31
경기도,포천시,임○○,닭,육계,34.0,경기도 가평군 설악면 방일리 13-4,127.498530899,37.6311168219,2018-10-31
경기도,포천시,임○○,닭,육계,5000.0,경기도 가평군 가평읍 대곡리 594,127.4939184179,37.8267052314,2018-09-30
경기도,포천시,임○○,닭,육계,5000.0,경기도 포천시 영중면 영송리 165번지 1호,127.2231598,38.0032396,2018-03-14
경기도,포천시,임○○,닭,육계,34.0,경기도 포천시 일동면 길명리 691번지 1호,127.2716015,37.9302996,2018-04-30
경기도,포천시,자산도농장,닭,육계,30000.0,경기도 포천시 이동면 연곡리 1014번지,127.3635035,38.0088481,2018-03-14
경기도,포천시,자산도농장,닭,육계,30000.0,경기도 안산시 단원구 대부남동 485-5(대남로 407),126.5694403438,37.2132353819,2018-10-31
경기도,포천시,자일농장,닭,산란계,,경기도 포천시 영북면 자일리 539번지 6호,127.285345,38.1062243,2018-09-30
경기도,포천시,자일농장,닭,산란계,,"경기도 포천시 영북면 자일리 334번지 외5필지(211-1,-2)",127.2952859,38.1144702,2018-09-30
경기도,포천시,자일농장,닭,육계,100.0,경기도 포천시 영북면 자일리 1176번지,127.278265,38.1123852,2018-04-30
경기도,포천시,자일농장,닭,육계,100.0,경기도 가평군 설악면 위곡리 894-2,127.5160014766,37.6561159112,2018-09-30
경기도,포천시,장군농장,닭,육계,18000.0,경기도 양주시 율정동 78번지 2호,127.1053452188,37.8174494258,2018-09-30
경기도,포천시,장군농장,닭,육계,18000.0,경기도 포천시 가산면 우금리 438번지,127.2125254,37.8308666,2018-08-31
경기도,포천시,정○○,닭,육계,10000.0,경기도 포천시 창수면 추동리 564번지,127.1664367,37.9981519,2018-04-30
경기도,포천시,정○○,닭,육계,10000.0,경기도 과천시 주암동 401-1,127.0211674815,37.4503011849,2018-10-31
경기도,포천시,정원농장,닭,육계,13000.0,경기도 포천시 군내면 상성북리 435번지,127.233022,37.8872179,2018-08-31
경기도,포천시,정원농장,닭,육계,13000.0,경기도 양주시 백석읍 복지리 188번지 2호,126.9943216235,37.7921140109,2018-10-31
경기도,포천시,정원축산,닭,육계,55000.0,경기도 포천시 이동면 연곡리 236-4번지,38.0157322,127.3803338,2018-12-31
경기도,포천시,정원축산,닭,육계,55000.0,경기도 양주시 은현면 선암리 76번지 1호,127.0293491466,37.864105681,2018-09-30
경기도,포천시,정원축산,닭,육계,55000.0,경기도 포천시 이동면 연곡리,127.3649432,38.019132,2018-08-31
경기도,포천시,정축산,닭,육계,0.0,경기도 가평군 설악면 위곡리 728,127.512664479,37.670257415,2018-10-31
경기도,포천시,정축산,닭,육계,0.0,경기도 포천시 일동면 수입리 150번지 2호,127.3215642,37.9660496,2018-04-30
경기도,포천시,제일농장,닭,산란계,,경기도 포천시 영북면 문암리 338번지,127.265795,38.0754229,2018-04-30
경기도,포천시,제일농장2,닭,산란계,,경기도 포천시 영북면 문암리 324번지 4호,127.2655977,38.0776125,2018-03-14
경기도,포천시,제주농장,닭,산란계,,경기도 포천시 창수면 추동리 216번지 3호,127.1844963,37.98099,2018-03-14
경기도,포천시,조○○,닭,육계,60.0,경기도 가평군 설악면 방일리 605,127.4983335348,37.6116207496,2018-09-30
경기도,포천시,조○○,닭,육계,60.0,경기도 포천시 소흘읍 무봉리 206번지,127.1383136,37.81065,2018-04-30
경기도,포천시,조대박농장,닭,육계,300.0,경기도 포천시 가산면 마산리 524번지,127.1756384,37.8486119,2018-03-14
경기도,포천시,조대박농장,닭,육계,300.0,경기도 가평군 가평읍 마장리 209-2,127.5143860283,37.8694483734,2018-10-31
경기도,포천시,종복농장,닭,산란계,,경기도 포천시 소흘읍 고모리 79번지 3호,127.1751383,37.8045656,2018-04-30
경기도,포천시,주영농장,닭,육계,16000.0,경기도 포천시 신북면 가채리 457번지 1호,127.2102127,37.9216938,2018-08-31
경기도,포천시,주영농장,닭,육계,16000.0,경기도 성남시 분당구 대장동 366,127.0614683605,37.3637553368,2018-10-31
경기도,포천시,주은농장,닭,육계,50000.0,경기도 동두천시 안흥동 233-3,127.0397872898,37.9212940807,2018-08-31
경기도,포천시,주은농장,닭,육계,50000.0,경기도 포천시 영중면 거사리 197번지 4호 외1필지(197-5),127.2387398,37.9797406,2018-04-30
경기도,포천시,죽산농장,닭,육계,30000.0,경기도 포천시 가산면 가산리 711번지,37.8266437,127.165251,2018-12-31
경기도,포천시,죽산농장,닭,육계,30000.0,경기도 과천시 과천동 475,126.9944397529,37.4513564668,2018-10-31
경기도,포천시,죽산농장,닭,육계,30000.0,경기도 포천시 가산면 가산리 711번지,127.165251,37.8266437,2018-08-31
경기도,포천시,준영축산,닭,육계,40000.0,경기도 포천시 일동면 길명리 696번지,127.277707,37.9296098,2018-09-30
경기도,포천시,준영축산,닭,육계,40000.0,경기도 안산시 단원구 신길동 37-2(노송길 38-15),126.7820000038,37.3379747934,2018-10-31
경기도,포천시,중앙농장,닭,산란계,,경기도 포천시 영북면 야미리,127.2672894,38.0473293,2018-03-14
경기도,포천시,지원농장,닭,산란계,,경기도 포천시 창수면 주원리 27번지 3호,127.1955261,38.0072882,2018-04-30
경기도,포천시,지훈농장,닭,산란계,,경기도 포천시 영중면 영송리 188번지 8호,127.2218472,38.002152,2018-10-31
경기도,포천시,창암농장,닭,산란계,,경기도 포천시 창수면 주원리 483번지,127.1819914,38.0134538,2018-10-31
경기도,포천시,청계농장,닭,육계,140000.0,경기도 포천시 신북면 덕둔리 505번지,127.1196704,37.9567383,2018-03-14
경기도,포천시,청계농장,닭,육계,140000.0,경기도 과천시 문원동 324-3,126.9986118059,37.4195783121,2018-10-31
경기도,포천시,초가농장,닭,육계,30000.0,경기도 포천시 소흘읍 고모리,127.1659457,37.806831,2018-09-30
경기도,포천시,초가농장,닭,육계,30000.0,경기도 과천시 문원동 937-1,126.9965903039,37.4123341326,2018-10-31
경기도,포천시,초원농장,닭,육계,10000.0,경기도 포천시 신북면 계류리 135번지,127.1855201,37.953213,2018-04-30
경기도,포천시,초원농장,닭,육계,10000.0,경기도 이천시 부발읍 가산리 427번지 101호,127.5058758039,37.2501638572,2018-09-30
경기도,포천시,최○○,닭,육계,30000.0,경기도 안산시 단원구 대부북동 253-2(새방죽1길 100),126.5823521296,37.2454846698,2018-10-31
경기도,포천시,최○○,닭,육계,30000.0,경기도 포천시 가산면 가산리 681번지,127.1650297,37.8293108,2018-03-14
경기도,포천시,축산(육계),닭,육계,30000.0,경기도 포천시 영중면 거사리 197번지 1호,127.2390142,37.9801274,2018-09-30
경기도,포천시,축산(육계),닭,육계,30000.0,경기도 안산시 단원구 대부동동 79-29(대부황금로 659-32),126.619962187,37.2343223817,2018-10-31
경기도,포천시,칠곡농장,닭,산란계,,경기도 포천시 가산면 마산리 72번지 3호,127.1868084,37.84,2018-03-14
경기도,포천시,파주농장,닭,육계,30000.0,경기도 포천시 신북면 기지리 402번지,127.2311842,37.9105285,2018-04-30
경기도,포천시,파주농장,닭,육계,30000.0,경기도 과천시 과천동 538-12,126.9953102527,37.4485183731,2018-10-31
경기도,포천시,포천농장,닭,육계,1000.0,경기도 포천시 신북면 가채리 864번지 1호,127.1959347,37.9067987,2018-08-31
경기도,포천시,포천농장,닭,산란계,,경기도 포천시 영중면 거사리 489번지,127.233241,38.0048149,2018-08-31
경기도,포천시,포천농장,닭,육계,1000.0,경기도 가평군 가평읍 승안리 93-20,127.5011643221,37.8434862142,2018-10-31
경기도,포천시,포천종계장,닭,산란계,,경기도 포천시 가산면 금현리 950번지,127.1900528,37.8336433,2018-09-30
경기도,포천시,푸른농장,닭,육계,20000.0,경기도 포천시 신북면 심곡리 254번지,127.1926005,37.9412105,2018-03-14
경기도,포천시,푸른농장,닭,육계,20000.0,경기도 과천시 과천동 139-13,127.0081708054,37.4479688875,2018-10-31
경기도,포천시,푸른솔농장,닭,육계,60000.0,경기도 포천시 신북면 계류리 390번지,127.1762163,37.9449116,2018-09-30
경기도,포천시,푸른솔농장,닭,육계,60000.0,경기도 과천시 과천동 210-11,127.0053341151,37.4434099125,2018-10-31
경기도,포천시,풍산농장,닭,산란계,,경기도 포천시 영북면 문암리 253번지 4호,127.2722833,38.0794802,2018-09-30
경기도,포천시,풍원농장,닭,산란계,,경기도 포천시 신북면 고일리 205번지,127.1742437,37.9772936,2018-10-31
경기도,포천시,하늘농장,닭,산란계,,경기도 포천시 영북면 야미리 723번지 2호,127.2624023,38.0473943,2018-09-30
경기도,포천시,하늘농장,닭,산란계,,경기도 포천시 소흘읍 고모리 77번지 외1필지(79-1),127.1742534,37.8049002,2018-10-31
경기도,포천시,하성농장,닭,산란계,,경기도 포천시 소흘읍 고모리 75번지 1호 외1필지(75-2),127.1738329,37.8047297,2018-08-31
경기도,포천시,하성양계장,닭,산란계,,경기도 포천시 영북면 야미리 452번지,127.26346,38.0436712,2018-03-14
경기도,포천시,학선농장,닭,육계,60000.0,경기도 포천시 가산면 마산리 577번지 2호,37.8502512,127.1819709,2018-12-31
경기도,포천시,학선농장,닭,육계,60000.0,경기도 포천시 가산면 마산리 577번지 2호,127.1819709,37.8502512,2018-03-14
경기도,포천시,학선농장,닭,육계,60000.0,경기도 과천시 주암동 59,127.0340792458,37.4639396192,2018-10-31
경기도,포천시,한내농장,닭,육계,24000.0,경기도 포천시 가산면 방축리 264번지 1호,127.1703943,37.8458356,2018-09-30
경기도,포천시,한내농장,닭,육계,24000.0,경기도 과천시 과천동 443,126.9987794853,37.4519693779,2018-10-31
경기도,포천시,한미농장,닭,육계,35000.0,경기도 포천시 영북면 야미리 454번지,127.2631802,38.0450682,2018-04-30
경기도,포천시,한미농장,닭,육계,35000.0,경기도 과천시 문원동 50,127.0019782272,37.4191098631,2018-10-31
경기도,포천시,한빛농장,닭,산란계,,경기도 포천시 신북면 만세교리 61번지 4호,127.2467925,37.9642373,2018-04-30
경기도,포천시,한일농원,닭,산란계,,경기도 포천시 관인면 사정리 산 248번지,127.2522825,38.1336413,2018-10-31
경기도,포천시,한일농장,닭,육계,120000.0,"경기도 포천시 신북면 고일리 343번지 외2필지(343-2,-3)",127.1710219,37.9769559,2018-04-30
경기도,포천시,한일농장,닭,육계,120000.0,경기도 이천시 대월면 대흥리 182번지 4호,127.4810484171,37.2292548176,2018-09-30
경기도,포천시,해당없음,닭,산란계,,경기도 포천시 영북면 야미리 459번지,127.2637018,38.0444004,2018-09-30
경기도,포천시,해오름양계포천농장,닭,산란계,,경기도 포천시 이동면 연곡리 77번지 외1필지(76-1),127.3833108,38.0144614,2018-09-30
경기도,포천시,햇빛농장,닭,산란계,,경기도 포천시 신북면 금동리 455번지 4호,127.1256173,37.9474618,2018-03-14
경기도,포천시,햇빛농장,닭,육계,5000.0,경기도 포천시 신북면 만세교리 354번지,127.2376278,37.9522107,2018-04-30
경기도,포천시,햇빛농장,닭,육계,5000.0,경기도 가평군 설악면 엄소리 399,127.483559394,37.6494502992,2018-09-30
경기도,포천시,현숙농장,닭,산란계,,경기도 포천시 관인면 냉정리 929번지 4호,127.270873,38.1333571,2018-10-31
경기도,포천시,협동농장,닭,산란계,,경기도 포천시 신북면 만세교리 203번지 3호,127.2470948,37.9627412,2018-09-30
경기도,포천시,혜옥농장,닭,육계,10000.0,경기도 포천시 화현면 명덕리 469번지 2호,127.2763259,37.8975851,2018-04-30
경기도,포천시,혜옥농장,닭,육계,10000.0,경기도 양주시 만송동 210번지,127.0938138291,37.7956740227,2018-10-31
경기도,포천시,홍문화농장,닭,육계,60.0,경기도 포천시 영중면 거사리 180번지 1호,127.2386559,37.9784344,2018-03-14
경기도,포천시,홍문화농장,닭,육계,60.0,경기도 가평군 설악면 창의리 285-2,127.503611681,37.660646922,2018-09-30
경기도,포천시,화순농장,닭,산란계,,경기도 포천시 이동면 노곡리 1225번지 7호,127.3212548,38.0050691,2018-09-30
경기도,포천시,화현농장,닭,육계,25000.0,경기도 포천시 일동면 길명리 81번지 3호 외1필지(82),127.2862067,37.9215264,2018-03-14
경기도,포천시,화현농장,닭,육계,30000.0,경기도 포천시 일동면 길명리,127.2875895,37.93801,2018-03-14
경기도,포천시,화현농장,닭,육계,1200.0,경기도 포천시 화현면 화현리 282번지,127.2944823,37.9118843,2018-03-14
경기도,포천시,화현농장,닭,육계,1200.0,경기도 가평군 가평읍 마장리 228-1,127.5146837118,37.8681227164,2018-10-31
경기도,포천시,화현농장,닭,육계,25000.0,경기도 과천시 주암동 386,127.0200036739,37.45130147,2018-10-31
경기도,포천시,화현농장,닭,육계,30000.0,경기도 광주시 초월읍 대쌍령리 53,127.2935885075,37.3838925917,2018-10-31
경기도,포천시,흥산축산,닭,산란계,,경기도 포천시 영북면 대회산리 산 216번지,127.2296123,38.0761108,2018-10-31
경기도,포천시,흥연농장,닭,육계,39000.0,경기도 포천시 일동면 사직리 954번지 9호,127.3303448,37.9957377,2018-08-31
경기도,포천시,흥연농장,닭,육계,39000.0,경기도 안산시 단원구 신길동 216-411(터진목길 120-5),126.7681897116,37.3410026485,2018-10-31
경기도,포천시,희망농장,닭,산란계,,경기도 포천시 창수면 주원리 19번지,127.1958814,38.0038191,2018-09-30
경기도,포천시,-,닭,육계,30.0,경기도 포천시 내촌면 진목리 324-1번지,37.8091169,127.2079443,2020-04-30
경기도,포천시,-,닭,산란계,25000.0,경기도 포천시 영북면 자일리 334번지,38.1144702,127.2952859,2020-04-30
경기도,포천시,-,닭,산란계,17500.0,경기도 포천시 영중면 성동리 359번지,38.0384826,127.2631796,2020-04-30
경기도,포천시,-,닭,육계,5000.0,경기도 포천시 영중면 영송리 165번지 1호,38.0032307,127.2231256,2021-07-31
경기도,포천시,-,닭,육계,80.0,경기도 포천시 내촌면 소학리 172번지,37.8131516,127.2551299,2020-04-30
경기도,포천시,-,닭,육계,34.0,경기도 포천시 일동면 길명리 691번지 1호,37.9302996,127.2716015,2020-04-30
경기도,포천시,가농바이오(주),닭,산란계,246230.0,경기도 포천시 가산면 우금리 618-6번지,37.8386205,127.2092415,2020-11-30
경기도,포천시,가람농장,닭,육계,35000.0,경기도 포천시 가산면 정교리 381번지,37.8181742,127.1721376,2020-06-30
경기도,포천시,가온농장,닭,산란계,270000.0,경기도 포천시 창수면 주원리 61-1번지,38.0143757,127.1916274,2021-04-30
경기도,포천시,가온농장,닭,산란계,264600.0,경기도 포천시 창수면 주원리 64번지,38.0141259,127.1901008,2021-04-30
경기도,포천시,감천종계(본농장),닭,산란계,30000.0,경기도 포천시 신북면 고일리 343번지,37.9769559,127.1710219,2021-11-30
경기도,포천시,강포농장,닭,산란계,51700.0,경기도 포천시 영북면 자일리 341번지 1호,38.1151141,127.289929,2020-11-30
경기도,포천시,거사리농장,닭,육계,0.0,경기도 포천시 영중면 거사리 400번지 2호,37.9978188,127.2357693,2021-04-30
경기도,포천시,경복농장,닭,육계,25000.0,경기도 포천시 영중면 거사리 366번지,37.9941565,127.2381029,2021-04-30
경기도,포천시,경원농장,닭,육계,24000.0,경기도 포천시 영북면 자일리 671번지,38.1162813,127.2803094,2020-11-30
경기도,포천시,계림농장,닭,육계,30000.0,경기도 포천시 군내면 상성북리 367번지,37.8868079,127.2353511,2020-06-30
경기도,포천시,계림농장,닭,산란계,38000.0,경기도 포천시 신북면 삼성당리 571번지,37.9499656,127.1937494,2020-06-30
경기도,포천시,계림농장,닭,산란계,15500.0,경기도 포천시 창수면 주원리 35-6번지,38.0066464,127.1967997,2020-06-30
경기도,포천시,계림농장,닭,육계,70000.0,경기도 포천시 창수면 주원리 94-1번지,38.0098166,127.1919345,2020-06-30
경기도,포천시,고센농장,닭,육계,11000.0,경기도 포천시 영중면 영송리 202번지,38.0053723,127.2196593,2020-06-30
경기도,포천시,관인양계장,닭,산란계,12000.0,경기도 포천시 관인면 초과리 143번지 2호,38.1503018,127.2465437,2020-11-30
경기도,포천시,광원농장,닭,산란계,30000.0,경기도 포천시 창수면 주원리 488번지,38.0134553,127.1810235,2021-07-31
경기도,포천시,군내농장,닭,육계,60000.0,경기도 포천시 군내면 구읍리 282-1번지,37.8800316,127.2170181,2020-11-30
경기도,포천시,근상농장,닭,산란계,23000.0,경기도 포천시 창수면 주원리 27번지,38.0075127,127.1959366,2020-06-30
경기도,포천시,금동농장,닭,육계,40000.0,경기도 포천시 신북면 삼성당리 472-1번지,37.9646603,127.193355,2020-05-31
경기도,포천시,너베기농장,닭,육계,50000.0,경기도 포천시 가산면 금현리 451-2번지,37.825563,127.1949392,2020-05-31
경기도,포천시,노적농장,닭,육계,70000.0,경기도 포천시 신북면 금동리 127-1번지,37.9361066,127.12892,2021-11-30
경기도,포천시,농업회사법인 (주)서림축산,닭,산란계,180000.0,경기도 포천시 관인면 탄동리 392번지,38.1547722,127.2624515,2021-06-30
경기도,포천시,늘푸른농장,닭,산란계,17000.0,경기도 포천시 창수면 주원리 55번지 8호,38.0133973,127.1949613,2021-09-30
경기도,포천시,늘푸른농장,오리,,2000.0,경기도 포천시 창수면 주원리 81번지,38.0117052,127.193989,2021-09-30
경기도,포천시,다랑골농장,닭,산란계,50000.0,경기도 포천시 영북면 자일리 494-2번지,38.1017841,127.2848377,2021-04-30
경기도,포천시,대명농장,닭,육계,70000.0,경기도 포천시 창수면 가양리 422-1번지,37.9735738,127.1967695,2021-07-31
경기도,포천시,대붕농장,닭,산란계,50000.0,경기도 포천시 군내면 상성북리 242-1번지,37.8970002,127.2384869,2020-05-31
경기도,포천시,대정농장,닭,육계,23000.0,경기도 포천시 관인면 초과리 496번지,38.1424365,127.2288135,2020-01-31
경기도,포천시,덕기농장,닭,육계,52.0,경기도 포천시 내촌면 신팔리 170번지,37.8474539,127.2738456,2021-04-30
경기도,포천시,두레,닭,산란계,50000.0,경기도 포천시 영북면 야미리 727번지,38.0480924,127.2603997,2020-04-30
경기도,포천시,맑은햇살농장,닭,산란계,40000.0,경기도 포천시 영중면 거사리 509번지,38.0039252,127.2321338,2021-04-30
경기도,포천시,명진농장,닭,육계,35000.0,경기도 포천시 관인면 냉정리 795번지 1호,38.1472762,127.2667828,2021-09-30
경기도,포천시,무송양계,닭,산란계,45000.0,경기도 포천시 창수면 주원리 83-1번지,38.0117627,127.1918598,2021-11-30
경기도,포천시,무진축산,닭,육계,35000.0,경기도 포천시 창수면 추동리 552번지,37.9977376,127.1663902,2020-01-31
경기도,포천시,문암농장,닭,육계,30000.0,경기도 포천시 영북면 문암리 404-1번지,38.0700593,127.2672117,2020-05-31
경기도,포천시,민농장,닭,산란계,13400.0,경기도 포천시 영중면 양문리 672번지,37.9884899,127.2468727,2021-09-30
경기도,포천시,버들농장,닭,산란계,30000.0,경기도 포천시 영북면 자일리 447-1번지,38.10442,127.2863984,2020-01-31
경기도,포천시,봄율농장,닭,육계,80000.0,경기도 포천시 창수면 가양리 253-1번지,37.9946501,127.1999329,2020-11-30
경기도,포천시,부리농장,닭,육계,50000.0,경기도 포천시 신북면 덕둔리 544번지,37.9638251,127.1140032,2020-05-31
경기도,포천시,부엉농산,닭,육계,80000.0,"경기도 포천시 영중면 영송리 84번지 (외2필지(82,84))",38.0145706,127.2292062,2021-09-30
경기도,포천시,산마루농장,닭,육계,20000.0,경기도 포천시 군내면 상성북리 532번지,37.8957179,127.2308542,2020-06-30
경기도,포천시,산마을농장,닭,산란계,15000.0,경기도 포천시 영북면 대회산리 216번지,38.0679743,127.2303165,2020-04-30
경기도,포천시,삼성양계,닭,산란계,35000.0,경기도 포천시 영중면 거사리 936번지,37.9983753,127.2275967,2020-04-30
경기도,포천시,삼오농장,닭,산란계,1350.0,경기도 포천시 창수면 추동리 742번지 3호,37.9918787,127.1684718,2021-09-30
경기도,포천시,삼우농장,닭,산란계,150000.0,경기도 포천시 창수면 추동리 734-1번지 (외1필지(736-1)),37.9929533,127.166687,2020-05-31
경기도,포천시,새마을농장,닭,산란계,21420.0,경기도 포천시 영중면 양문리 253번지,37.9982105,127.2513222,2020-05-31
경기도,포천시,새청농원,닭,육계,300.0,경기도 포천시 관인면 사정리 299번지 1호,38.1304702,127.2522603,2021-09-30
경기도,포천시,샘터농장,닭,산란계,20000.0,경기도 포천시 이동면 노곡리 725번지,38.0192357,127.3359497,2020-06-30
경기도,포천시,석봉농원,닭,산란계,152320.0,경기도 포천시 이동면 노곡리 744-1번지,38.0164887,127.3324755,2020-01-31
경기도,포천시,선돌농장,닭,육계,75000.0,경기도 포천시 군내면 상성북리 327-1번지,37.8904203,127.2355216,2021-04-30
경기도,포천시,선진농장,닭,산란계,30000.0,경기도 포천시 일동면 길명리 666번지,37.9234687,127.2724297,2020-04-30
경기도,포천시,성구농장,닭,산란계,50000.0,경기도 포천시 영중면 성동리 359번지,38.0384826,127.2631796,2020-06-30
경기도,포천시,솟대농장,닭,육계,150.0,경기도 포천시 소흘읍 고모리 794번지,37.7962904,127.1519801,2021-09-30
경기도,포천시,송림축산,닭,산란계,6804.0,경기도 포천시 소흘읍 고모리 23번지,37.804538,127.1755243,2021-11-30
경기도,포천시,송이축산,닭,산란계,350000.0,경기도 포천시 일동면 사직리 865번지 1호 외2필지,37.99852,127.3341141,2020-04-30
경기도,포천시,송일농장,닭,산란계,451000.0,경기도 포천시 일동면 사직리 860번지 외6필지,37.9971861,127.3342903,2020-06-30
경기도,포천시,승천농장,닭,산란계,170000.0,경기도 포천시 창수면 주원리 488번지,38.0134553,127.1810235,2020-11-30
경기도,포천시,승호농장,닭,산란계,100000.0,"경기도 포천시 창수면 주원리 488번지 (외2(489, 489-1))",38.0134553,127.1810235,2020-01-31
경기도,포천시,시온농장,닭,육계,54.0,경기도 포천시 관인면 냉정리 968-3번지,38.1316071,127.2679239,2020-04-30
경기도,포천시,신진농장,닭,산란계,44700.0,경기도 포천시 일동면 길명리 666번지,37.9234687,127.2724297,2020-07-31
경기도,포천시,신호농장,닭,산란계,17000.0,경기도 포천시 창수면 운산리 36번지,38.0510383,127.2153278,2021-07-31
경기도,포천시,아라리농장,닭,산란계,600.0,경기도 포천시 소흘읍 고모리 910번지,37.804623,127.1664405,2020-04-30
경기도,포천시,약수농장,닭,육계,20000.0,경기도 포천시 영북면 자일리 477번지,38.0974456,127.2832364,2020-06-30
경기도,포천시,양문농장,닭,산란계,50000.0,경기도 포천시 영중면 거사리 936번지,37.9983753,127.2275967,2021-07-31
경기도,포천시,에그스토리,닭,산란계,40000.0,경기도 포천시 영북면 자일리 482번지,38.0990811,127.2811792,2020-06-30
경기도,포천시,에그존,닭,산란계,25000.0,"경기도 포천시 소흘읍 고모리 77-1번지 (외2필지(78,79-2))",37.8048185,127.1747188,2020-05-31
경기도,포천시,연화농장,닭,육계,35000.0,경기도 포천시 영북면 자일리 480-42번지,38.0979453,127.2814827,2021-07-31
경기도,포천시,영농조합법인 개울오리농원,오리,,30000.0,경기도 포천시 영중면 양문리 481-28번지,38.0049591,127.2551593,2020-01-31
경기도,포천시,영농조합법인 자연농산,닭,산란계,308000.0,경기도 포천시 영북면 문암리 359-1번지 (외1필지(359-5)),38.0741756,127.2635682,2021-07-31
경기도,포천시,영재농장,닭,육계,40000.0,경기도 포천시 영중면 거사리 482-3번지,38.0060371,127.2301592,2020-11-30
경기도,포천시,영훈농장,닭,육계,54000.0,경기도 포천시 가산면 가산리 22번지,37.8233122,127.1824964,2020-06-30
경기도,포천시,영흥농장2,닭,산란계,20000.0,경기도 포천시 영북면 자일리 341-5번지,38.114637,127.2897561,2020-07-31
경기도,포천시,영흥농장3,닭,산란계,10000.0,경기도 포천시 영북면 자일리 475-2번지,38.0993893,127.2841787,2020-01-31
경기도,포천시,예산농장,닭,산란계,52500.0,경기도 포천시 선단동 10번지,37.8566453,127.1714983,2021-07-31
경기도,포천시,예선농장,닭,산란계,16600.0,경기도 포천시 영북면 자일리 490-3번지,38.1003105,127.2832359,2020-04-30
경기도,포천시,우농타조농장,타조,육계,6.0,경기도 포천시 관인면 중리 694-1번지,38.0866165,127.2042716,2020-11-30
경기도,포천시,우리농장,닭,육계,25500.0,경기도 포천시 신북면 덕둔리 394번지,37.962958,127.1163119,2020-07-31
경기도,포천시,우리영농조합법인,닭,산란계,50000.0,경기도 포천시 창수면 주원리 484-1번지,38.0141213,127.1814351,2020-06-30
경기도,포천시,욱별농장,닭,육계,2000.0,경기도 포천시 일동면 화대리 329번지,37.9666034,127.3330945,2021-07-31
경기도,포천시,원일농장,닭,육계,50000.0,경기도 포천시 가산면 우금리 460번지,37.8335903,127.2109087,2020-01-31
경기도,포천시,원천농장,닭,산란계,100000.0,경기도 포천시 신북면 삼정리 228번지,37.9676274,127.1468065,2020-07-31
경기도,포천시,월산농장,닭,산란계,60000.0,경기도 포천시 영중면 영송리 174번지,38.0009829,127.2206824,2021-11-30
경기도,포천시,육계농장,닭,육계,65000.0,경기도 포천시 창수면 추동리 350번지,37.9841855,127.1743053,2020-01-31
경기도,포천시,은현농장,닭,육계,70000.0,경기도 포천시 영중면 거사리 410-5번지,38.0013714,127.2342891,2020-11-30
경기도,포천시,은혜농장,닭,육계,25000.0,경기도 포천시 설운동 437-6번지,37.8546672,127.1482229,2020-01-31
경기도,포천시,일동농장,닭,육계,20000.0,경기도 포천시 일동면 길명리 310번지,37.945968,127.2863801,2020-06-30
경기도,포천시,자일농장,닭,육계,100.0,경기도 포천시 영북면 자일리 1176번지,38.1123852,127.278265,2021-09-30
경기도,포천시,자일농장,닭,산란계,30000.0,경기도 포천시 영북면 자일리 539번지 6호,38.1062243,127.285345,2021-09-30
경기도,포천시,자일농장,닭,산란계,120000.0,"경기도 포천시 영북면 자일리 334번지 외5필지(211-1,-2)",38.1144702,127.2952859,2021-11-30
경기도,포천시,제일농장,닭,산란계,24000.0,경기도 포천시 영북면 문암리 338번지,38.0754229,127.265795,2020-01-31
경기도,포천시,제일농장2,닭,산란계,0.0,경기도 포천시 영북면 문암리 324-4번지,38.0776125,127.2655977,2020-06-30
경기도,포천시,조대박농장,닭,육계,300.0,경기도 포천시 가산면 마산리 524번지,37.8486119,127.1756384,2021-09-30
경기도,포천시,종복농장,닭,산란계,20780.0,경기도 포천시 소흘읍 고모리 23번지,37.804538,127.1755243,2020-04-30
경기도,포천시,준영축산,닭,육계,40000.0,경기도 포천시 일동면 길명리 702번지,37.9295819,127.2780936,2021-09-30
경기도,포천시,지원농장,닭,산란계,14000.0,경기도 포천시 창수면 주원리 27-3번지,38.0072882,127.1955261,2020-04-30
경기도,포천시,지원농장,메추리,육계,100000.0,경기도 포천시 가산면 금현리 804-4번지,37.824481,127.1898593,2021-11-30
경기도,포천시,지훈농장,닭,산란계,21000.0,경기도 포천시 영중면 영송리 188-7번지,38.0020426,127.2225186,2020-06-30
경기도,포천시,창암농장,닭,산란계,40000.0,경기도 포천시 창수면 주원리 483번지,38.0134538,127.1819914,2020-01-31
경기도,포천시,초가농장,닭,육계,30000.0,경기도 포천시 소흘읍 고모리 450번지,37.8103114,127.1766393,2020-07-31
경기도,포천시,초원농장,닭,육계,10000.0,경기도 포천시 신북면 계류리 135번지,37.953213,127.1855201,2021-04-30
경기도,포천시,초원농장,닭,육계,6000.0,경기도 포천시 이동면 연곡리 1015번지,38.0086221,127.3637529,2020-06-30
경기도,포천시,칠천농장,닭,산란계,25000.0,경기도 포천시 영북면 자일리 1009-7번지,38.1216656,127.2777638,2020-01-31
경기도,포천시,태평양타조농장,타조,육계,1190.0,경기도 포천시 선단동 7번지 3호,37.8590041,127.1726059,2020-04-30
경기도,포천시,파주농장,닭,육계,30000.0,경기도 포천시 신북면 기지리 402번지,37.9105285,127.2311842,2020-04-30
경기도,포천시,포천농장,오리,,6000.0,경기도 포천시 영중면 영송리 84번지,38.0145706,127.2292062,2020-05-31
경기도,포천시,포천농장,닭,산란계,95000.0,경기도 포천시 영중면 거사리 509번지,38.0039252,127.2321338,2020-11-30
경기도,포천시,포천오리농장,오리,,14000.0,경기도 포천시 소흘읍 이동교리 442번지,37.7866775,127.1286771,2020-06-30
경기도,포천시,포천종계장,닭,산란계,60000.0,경기도 포천시 가산면 금현리 950번지,37.8336433,127.1900528,2021-09-30
경기도,포천시,하늘농장,닭,산란계,58176.0,경기도 포천시 영북면 야미리 723번지,38.0477828,127.2618796,2021-11-30
경기도,포천시,하성양계장,닭,산란계,25000.0,경기도 포천시 영북면 야미리 452번지,38.0436712,127.26346,2021-04-30
경기도,포천시,한빛농장,닭,산란계,52750.0,경기도 포천시 신북면 만세교리 61-4번지,37.9642373,127.2467925,2021-11-30
경기도,포천시,한일농원,닭,산란계,70000.0,경기도 포천시 관인면 사정리 산248번지,38.1176134,127.2484876,2020-06-30
경기도,포천시,한일농장,닭,육계,120000.0,"경기도 포천시 신북면 고일리 343번지 (외2필지(343-2,-3))",37.9769559,127.1710219,2020-11-30
경기도,포천시,해밀팜,닭,육계,65000.0,경기도 포천시 영중면 영송리 602번지,37.9941258,127.2062156,2020-06-30
경기도,포천시,해오름양계포천농장,닭,산란계,90000.0,경기도 포천시 이동면 연곡리 77번지 (외1필지(76-1)),38.0144614,127.3833108,2021-09-30
경기도,포천시,햇빛농장,닭,산란계,15000.0,경기도 포천시 신북면 금동리 455-4번지,37.9474618,127.1256173,2021-07-31
경기도,포천시,햇빛농장,닭,육계,5000.0,경기도 포천시 신북면 만세교리 354번지,37.9522107,127.2376278,2021-07-31
경기도,포천시,혜옥농장,닭,육계,10000.0,경기도 포천시 화현면 명덕리 469-2번지,37.8975851,127.2763259,2020-04-30
경기도,포천시,화현농장,닭,육계,25000.0,경기도 포천시 일동면 길명리 82번지 (외1필지(82)),37.9218873,127.285992,2021-11-30
경기도,포천시,화현농장,닭,육계,30000.0,경기도 포천시 일동면 길명리 82번지,37.9218873,127.285992,2020-01-31
경기도,포천시,화현농장,닭,육계,1200.0,경기도 포천시 화현면 화현리 282번지,37.9118843,127.2944823,2021-11-30
경기도,포천시,흥연농장,닭,육계,39000.0,경기도 포천시 일동면 사직리 954-9번지,37.9957377,127.3303448,2020-01-31
경기도,포천시,희망농장,닭,산란계,35000.0,경기도 포천시 창수면 주원리 19번지,38.0038191,127.1958814,2020-04-30
경기도,포천시,-,닭,종계/산란계,17500.0,경기도 포천시 영중면 성동리 372번지 13호,38.0386160954,127.2632628793,2025-04-30
경기도,포천시,-,닭,육계,35000.0,경기도 포천시 영중면 금주리 506번지 (508),37.9707448067,127.2611128552,2025-04-30
경기도,포천시,-,닭,육계,80.0,경기도 포천시 내촌면 소학리 172번지,37.8134188878,127.2551675659,2025-04-30
경기도,포천시,-,닭,육계,30.0,경기도 포천시 내촌면 진목리 324번지 1호,37.8091021851,127.2079677844,2025-04-30
경기도,포천시,-,닭,육계,40.0,경기도 포천시 일동면 길명리 107번지 5호,37.9270249649,127.2905655983,2025-04-30
경기도,포천시,-,닭,육계,20000.0,경기도 포천시 이동면 연곡리 798번지 2호,38.0104630257,127.3689637853,2025-04-30
경기도,포천시,-,닭,육계,20.0,경기도 포천시 영북면 자일리 5번지,38.1076736915,127.3087690345,2025-04-30
경기도,포천시,-,닭,육계,10000.0,경기도 포천시 창수면 추동리 564번지,37.9982212777,127.1668662801,2025-04-30
경기도,포천시,-,닭,육계,5000.0,경기도 포천시 영중면 영송리 165번지 1호,,,2025-04-30
경기도,포천시,153농장,닭,육계,25000.0,경기도 포천시 이동면 장암리 375번지,38.0247130532,127.361692027,2026-02-26
경기도,포천시,LA농장,닭,육계,1000.0,경기도 포천시 내촌면 내리 산 6번지,37.7812314629,127.2377966014,2026-02-26
경기도,포천시,가농바이오(주),닭,종계/산란계,985728.0,경기도 포천시 가산면 우금리 678번지 4호,37.8351653728,127.2068309081,2025-05-31
경기도,포천시,가람농장,닭,종계/산란계,15000.0,경기도 포천시 신북면 삼정리,37.9673859038,127.1475263001,2025-04-30
경기도,포천시,가람농장,닭,육계,35000.0,경기도 포천시 가산면 정교리 381번지,37.8182830873,127.1723690352,2025-04-30
경기도,포천시,가산농장,닭,육계,30000.0,경기도 포천시 가산면 마산리 308번지,37.8383898653,127.181678916,2025-04-30
경기도,포천시,가온농장,닭,종계/산란계,507600.0,"경기도 포천시 창수면 주원리 64번지 61-1,-2,-3,-5,-6",38.0142651967,127.1903296148,2025-04-30
경기도,포천시,강포농장,닭,종계/산란계,29514.0,경기도 포천시 영북면 자일리 340번지 2호,38.1147276057,127.2911030135,2025-05-31
경기도,포천시,거사리농장,닭,육계,0.0,경기도 포천시 영중면 거사리 400번지 2호,,,2026-02-26
경기도,포천시,경복농장,닭,육계,12000.0,경기도 포천시 영중면 거사리 366번지,37.99404808,127.2380202878,2025-04-30
경기도,포천시,경호농장,닭,종계/산란계,18000.0,경기도 포천시 영북면 자일리 344번지 1호,38.1155803446,127.2891612623,2026-02-26
경기도,포천시,계림농장,닭,종계/산란계,15500.0,경기도 포천시 창수면 주원리 35번지 6호,38.0065845173,127.1965813258,2025-05-31
경기도,포천시,계림농장,닭,육계,30000.0,경기도 포천시 군내면 상성북리 367번지,37.8868078912,127.2353852207,2025-05-31
경기도,포천시,계림농장,닭,종계/산란계,30000.0,경기도 포천시 신북면 삼성당리 574번지,37.9497874534,127.1939695495,2025-07-31
경기도,포천시,계림농장,닭,육계,70000.0,경기도 포천시 창수면 주원리 94번지,38.0094924188,127.1918647352,2025-05-31
경기도,포천시,고센농장,닭,육계,11000.0,경기도 포천시 영중면 영송리 202번지,38.0053444705,127.2198803335,2026-02-26
경기도,포천시,관상조류농장,닭,육계,25.0,경기도 포천시 소흘읍 고모리 792번지,37.7961109067,127.1535324549,2025-04-30
경기도,포천시,관인양계장,닭,종계/산란계,12000.0,경기도 포천시 관인면 초과리 143번지 2호,,,2025-04-30
경기도,포천시,근상농장,닭,종계/산란계,23000.0,경기도 포천시 창수면 주원리 27번지,38.0075019359,127.1958485215,2025-05-31
경기도,포천시,금동농장,닭,육계,60000.0,경기도 포천시 신북면 삼성당리 472번지 10호,37.9646484655,127.1934638907,2026-02-26
경기도,포천시,길명농장,닭,육계,25000.0,경기도 포천시 일동면 길명리 310번지,37.9460800847,127.286482465,2025-04-30
경기도,포천시,낙영농장,닭,육계,11000.0,경기도 포천시 가산면 정교리 133번지,37.8224377998,127.1821110412,2026-02-26
경기도,포천시,남송농장,닭,육계,250.0,경기도 포천시 창수면 추동리 662번지,37.997655818,127.1645226095,2025-08-31
경기도,포천시,너베기농장,닭,육계,50000.0,경기도 포천시 가산면 금현리 451번지 2호,37.825526849,127.1948129407,2025-04-30
경기도,포천시,노적농장,닭,육계,70000.0,경기도 포천시 신북면 금동리 127번지 1호,37.9362250014,127.1288982159,2025-05-31
경기도,포천시,농업회사법인 (주)서림축산,닭,종계/산란계,180000.0,경기도 포천시 관인면 탄동리 392번지,38.1552927632,127.2621899323,2025-08-31
경기도,포천시,농업회사법인 지니팜(주),닭,육계,50000.0,경기도 포천시 소흘읍 이동교리 442번지,37.7871572596,127.1286909297,2026-01-31
경기도,포천시,농업회사법인 최연축산(주),닭,종계/산란계,100000.0,경기도 포천시 창수면 주원리 136번지 1호,38.008832281,127.1944760819,2026-01-31
경기도,포천시,농업회사법인(주)에스앤마니커 일동지점,닭,육계,52680.0,경기도 포천시 일동면 길명리 239번지,37.9375513532,127.2901260452,2025-07-31
경기도,포천시,늘푸른농장,닭,종계/산란계,20000.0,"경기도 포천시 일동면 사직리 353번지 3호  , 8, 9호",,,2025-08-31
경기도,포천시,늘푸른농장,닭,종계/산란계,17000.0,경기도 포천시 창수면 주원리 55번지 8호,38.0143156414,127.1953509396,2025-08-31
경기도,포천시,능원농장,닭,육계,4000.0,경기도 포천시 영중면 양문리 504번지,38.0027090406,127.250256786,2025-05-31
경기도,포천시,능원농장2,닭,육계,500.0,"경기도 포천시 영중면 양문리 520번지 1호 , -2, 975-59",38.0047658646,127.248600421,2025-07-31
경기도,포천시,대명농장,닭,육계,93000.0,"경기도 포천시 창수면 가양리 422번지 1호 ,421-13, 424, 446-3, -8, -10, 15",37.9736699012,127.1967510197,2025-04-30
경기도,포천시,대붕농장,닭,종계/산란계,70000.0,경기도 포천시 군내면 상성북리 242번지 1호,37.897160353,127.2387394045,2026-01-31
경기도,포천시,대성농장,닭,종계/산란계,60000.0,경기도 포천시 영북면 야미리 725번지,38.0470100495,127.2603067911,2025-08-31
경기도,포천시,대성농장,닭,종계/산란계,374000.0,경기도 포천시 영북면 자일리 51번지,38.1092242667,127.3035406817,2025-05-31
경기도,포천시,대성농장,닭,육계,50000.0,경기도 포천시 신북면 심곡리 272번지,37.9441115023,127.1913640347,2026-02-26
경기도,포천시,대성농장,닭,육계,65000.0,경기도 포천시 영중면 거사리 483번지,38.0063460438,127.2319735717,2026-02-26
경기도,포천시,대성농장,닭,육계,10000.0,경기도 포천시 이동면 노곡리 1049번지,38.0187839202,127.3284932619,2026-02-26
경기도,포천시,대정농장,닭,육계,34000.0,경기도 포천시 관인면 초과리 496번지,38.1427214338,127.2294783218,2025-04-30
경기도,포천시,대흥농장,닭,육계,12000.0,경기도 포천시 영북면 야미리 130번지,38.054722378,127.2772993342,2026-01-31
경기도,포천시,대흥농장,닭,종계/산란계,45000.0,경기도 포천시 영북면 야미리 127번지,38.0556320603,127.2769774208,2026-01-31
경기도,포천시,덕기농장,닭,육계,400.0,경기도 포천시 내촌면 신팔리 170번지 2호,37.8473554184,127.2742417587,2026-02-26
경기도,포천시,류씨농장,닭,종계/산란계,25700.0,경기도 포천시 영북면 자일리 535번지,38.105417314,127.2860081447,2025-07-31
경기도,포천시,만세농장,닭,종계/산란계,39750.0,경기도 포천시 신북면 만세교리 61번지 4호,37.9644150305,127.2468915496,2026-02-26
경기도,포천시,맑은햇살농장,닭,종계/산란계,40000.0,경기도 포천시 영중면 거사리 497번지 3호,38.0047089519,127.233403352,2025-08-31
경기도,포천시,맑음농장,닭,종계/산란계,51300.0,경기도 포천시 이동면 도평리 374번지 2호,38.0559475355,127.3741830445,2025-04-30
경기도,포천시,명진농장,닭,육계,35000.0,경기도 포천시 관인면 냉정리 795번지 1호,38.1473890662,127.2668833983,2025-08-31
경기도,포천시,무송양계,닭,종계/산란계,45000.0,경기도 포천시 창수면 주원리 83번지 1호,38.011881246,127.1920256107,2025-07-31
경기도,포천시,무진축산,닭,육계,35000.0,경기도 포천시 창수면 추동리 552번지,37.9977786523,127.1665152085,2026-02-26
경기도,포천시,무진축산,닭,육계,40000.0,경기도 포천시 일동면 길명리 696번지,37.9293627063,127.2776666253,2025-05-31
경기도,포천시,문암농장,닭,육계,30000.0,경기도 포천시 영북면 문암리 404번지 1호,38.0698636442,127.2678706857,2025-04-30
경기도,포천시,미래농장,닭,종계/산란계,185800.0,경기도 포천시 창수면 주원리 81번지 1호,38.0124825061,127.1944837151,2025-04-30
경기도,포천시,믿음농장,닭,종계/산란계,40000.0,경기도 포천시 관인면 냉정리 929번지 4호,38.1335894709,127.2708525376,2025-05-31
경기도,포천시,믿음농장,닭,종계/산란계,30045.0,경기도 포천시 관인면 냉정리 929번지 4호,38.1335894709,127.2708525376,2025-08-31
경기도,포천시,바람직한농장,닭,육계,1000.0,경기도 포천시 이동면 도평리 374번지 2호,38.0559475355,127.3741830445,2025-08-31
경기도,포천시,버들농장,닭,종계/산란계,27000.0,경기도 포천시 영북면 자일리 447번지 1호,38.1044175089,127.2863418361,2026-02-26
경기도,포천시,보결농장,닭,종계/산란계,0.0,"경기도 포천시 영북면 자일리 538번지 3호 ,446,-1,537,539-2,538-7,536-10,-9,-15",38.1057057611,127.2860301158,2025-08-31
경기도,포천시,보성농장,닭,육계,8000.0,경기도 포천시 화현면 지현리 152번지 2호,,,2025-08-31
경기도,포천시,봄율농장,닭,육계,80000.0,경기도 포천시 창수면 가양리 253번지 1호,37.9948406546,127.2000578089,2026-01-31
경기도,포천시,부리농장,닭,육계,50000.0,경기도 포천시 신북면 덕둔리 544번지,37.963784246,127.1141763862,2025-05-31
경기도,포천시,부엉농산,닭,육계,80000.0,"경기도 포천시 영중면 영송리 80번지 외2필지(82,84)",38.0151724921,127.2292870534,2026-02-26
경기도,포천시,산마을농장,닭,종계/산란계,24000.0,경기도 포천시 영북면 대회산리 216번지,38.0680533288,127.2304489421,2025-08-31
경기도,포천시,삼성농장,닭,종계/산란계,207000.0,경기도 포천시 영중면 양문리 603번지,37.9991920567,127.2493347566,2025-05-31
경기도,포천시,삼오농장,닭,종계/산란계,1350.0,경기도 포천시 창수면 추동리 742번지 3호,37.99307393,127.1665137321,2026-01-31
경기도,포천시,삼우농장,닭,종계/산란계,150000.0,경기도 포천시 창수면 추동리 734번지 1호 외1필지(736-1),37.99307393,127.1665137321,2026-02-26
경기도,포천시,삼호농장,닭,육계,120000.0,경기도 포천시 창수면 가양리 217번지 8호,37.9844732366,127.2061695171,2025-05-31
경기도,포천시,상우축산,닭,육계,30000.0,경기도 포천시 창수면 가양리 252번지 1호,37.9935297383,127.202010637,2026-01-31
경기도,포천시,상주농장,닭,종계/산란계,20000.0,경기도 포천시 영북면 자일리 447번지 2호,38.1044705882,127.2857941912,2026-01-31
경기도,포천시,새마을농장,닭,종계/산란계,21420.0,경기도 포천시 영중면 양문리 256번지 1호,37.9980800456,127.2519695264,2025-08-31
경기도,포천시,샘터농장,닭,종계/산란계,20000.0,경기도 포천시 이동면 노곡리 725번지,38.0195517726,127.336044953,2025-08-31
경기도,포천시,서울농장,닭,종계/산란계,10800.0,경기도 포천시 영북면 야미리 458번지,38.0434047312,127.2646720325,2025-05-31
경기도,포천시,석봉농원,닭,종계/산란계,152320.0,경기도 포천시 이동면 노곡리 744번지 1호,38.0174469023,127.3325863052,2025-05-31
경기도,포천시,선돌농장,닭,육계,75000.0,경기도 포천시 군내면 상성북리 328번지,37.8911117885,127.2343480399,2025-08-31
경기도,포천시,선진농장,닭,종계/산란계,30000.0,경기도 포천시 일동면 길명리 665번지,37.9231067097,127.2724402146,2025-07-31
경기도,포천시,섭섭이농장,닭,육계,2000.0,경기도 포천시 관인면 초과리 235번지,38.1464973316,127.2390931698,2026-01-31
경기도,포천시,성구농장,닭,종계/산란계,50000.0,경기도 포천시 영중면 성동리 372번지 2호,38.0386160954,127.2632628793,2025-04-30
경기도,포천시,성지농원,닭,종계/산란계,55000.0,경기도 포천시 영북면 자일리 496번지 외2필지,38.1020990878,127.2851623968,2025-08-31
경기도,포천시,송도농장,닭,육계,20000.0,경기도 포천시 영북면 대회산리 67번지,38.0658641364,127.2348117904,2025-04-30
경기도,포천시,송림축산,닭,종계/산란계,6804.0,경기도 포천시 소흘읍 고모리 23번지,37.804600984,127.1755761381,2026-01-31
경기도,포천시,송이축산,닭,종계/산란계,500000.0,경기도 포천시 일동면 사직리 865번지 1호 외2필지,37.9973590837,127.3339189854,2026-01-31
경기도,포천시,송일농장,닭,종계/산란계,515000.0,경기도 포천시 일동면 사직리 860번지 외6필지,37.9973590837,127.3339189854,2025-07-31
경기도,포천시,송일양계,닭,종계/산란계,200000.0,경기도 포천시 선단동 825번지 1호,37.8600149657,127.1477995127,2025-07-31
경기도,포천시,수용농장,닭,종계/산란계,30000.0,경기도 포천시 영북면 자일리 448번지,38.1028072144,127.2879889594,2025-05-31
경기도,포천시,승일농장,닭,종계/산란계,2000.0,경기도 포천시 일동면 화대리 46번지,37.9528296019,127.3514193921,2025-05-31
경기도,포천시,승진농장,닭,육계,8000.0,"경기도 포천시 이동면 노곡리 1374번지 , 1375번지",38.0096996735,127.3558992533,2026-02-26
경기도,포천시,승천농장,닭,종계/산란계,120000.0,경기도 포천시 창수면 주원리 488번지,38.0135100085,127.1809230688,2025-04-30
경기도,포천시,시온농장,닭,육계,54.0,경기도 포천시 관인면 냉정리 968번지 3호,38.1314931912,127.2681320419,2025-07-31
경기도,포천시,신진농장,닭,종계/산란계,30000.0,경기도 포천시 일동면 길명리 666번지,37.9231067097,127.2724402146,2025-04-30
경기도,포천시,신촌농장,닭,종계/산란계,15000.0,경기도 포천시 영북면 자일리 991번지 8호,38.1203336003,127.2764613256,2025-04-30
경기도,포천시,신호농장,닭,종계/산란계,17000.0,경기도 포천시 창수면 운산리 36번지,38.0504786487,127.2152633411,2025-05-31
경기도,포천시,아라리농장,닭,종계/산란계,600.0,경기도 포천시 소흘읍 고모리 910번지,37.8047015969,127.1664197303,2025-04-30
경기도,포천시,애란농장,닭,종계/산란계,45000.0,경기도 포천시 창수면 주원리 20번지,38.0048776885,127.195267052,2026-01-31
경기도,포천시,양문농장,닭,종계/산란계,150000.0,"경기도 포천시 영중면 거사리 936번지 ,-1, -3, 937-1, -4, -5, 578-3",37.9982334648,127.2276181169,2026-01-31
경기도,포천시,엄마축산,닭,육계,20000.0,경기도 포천시 영북면 문암리 17번지 2호,,,2026-01-31
경기도,포천시,에그스토리,닭,종계/산란계,40000.0,경기도 포천시 영북면 자일리 482번지,38.0991539062,127.2813502706,2025-05-31
경기도,포천시,에그존,닭,종계/산란계,20000.0,"경기도 포천시 소흘읍 고모리 77번지 1호 외2필지(78,79-2)",37.8048061231,127.174791416,2025-07-31
경기도,포천시,에그플러스,닭,종계/산란계,204000.0,경기도 포천시 영북면 야미리 416번지 1호 외 6필지,38.0418285273,127.2697484402,2025-08-31
경기도,포천시,여주농장,닭,종계/산란계,50000.0,경기도 포천시 창수면 주원리 140번지 3호,38.0038215108,127.1946221692,2026-02-26
경기도,포천시,연화농장,닭,육계,35000.0,경기도 포천시 영북면 자일리 480번지 42호,38.0979466521,127.2815933735,2025-07-31
경기도,포천시,영농조합법인 자연농산,닭,종계/산란계,316000.0,경기도 포천시 영북면 문암리 359번지 2호 외1필지(359-5),38.0743842056,127.2659295669,2025-04-30
경기도,포천시,영재농장,닭,육계,40000.0,경기도 포천시 영중면 거사리 503번지,38.0058011085,127.2301530379,2025-07-31
경기도,포천시,영화농장,닭,육계,40000.0,경기도 포천시 창수면 가양리 251번지 1호,37.9935297383,127.202010637,2026-02-26
경기도,포천시,영훈농장,닭,육계,54000.0,경기도 포천시 가산면 가산리 22번지 외 1필지(가산리 73),37.8230062646,127.1823472169,2025-05-31
경기도,포천시,영흥농장2,닭,종계/산란계,20000.0,"경기도 포천시 영북면 자일리 341번지 2호 , -5, 342-2, -3, 344-11",38.1146072635,127.2893237666,2025-05-31
경기도,포천시,영흥농장3,닭,종계/산란계,25000.0,경기도 포천시 영북면 자일리 475번지 1호,38.0995644964,127.2840635051,2025-04-30
경기도,포천시,예산농장,닭,종계/산란계,180000.0,"경기도 포천시 선단동 10번지 1호 ,-2,-3,-4,-6,12-1",37.8561204617,127.1724858317,2026-02-26
경기도,포천시,예선농장,닭,종계/산란계,16600.0,경기도 포천시 영북면 자일리 490번지 3호,38.1005635184,127.283307806,2025-04-30
경기도,포천시,오뚜기농장,닭,육계,48.0,경기도 포천시 관인면 중리 176번지 1호,38.1111679471,127.206894658,2026-02-26
경기도,포천시,오성농장,닭,종계/산란계,15100.0,경기도 포천시 영북면 야미리 277번지 4호,38.053899764,127.2713291729,2026-02-26
경기도,포천시,우리농장,닭,육계,25000.0,경기도 포천시 신북면 덕둔리 394번지 1호,37.9630987849,127.1167869324,2025-08-31
경기도,포천시,우수농장,닭,육계,58000.0,경기도 포천시 관인면 탄동리 1167번지,38.1591073216,127.2632847551,2025-07-31
경기도,포천시,욱별농장,닭,육계,2000.0,경기도 포천시 일동면 화대리 329번지,37.967119696,127.333178806,2025-04-30
경기도,포천시,원일농장,닭,육계,50000.0,경기도 포천시 가산면 우금리 460번지,37.8335265454,127.2111103288,2026-02-26
경기도,포천시,원천농장,닭,종계/산란계,145040.0,경기도 포천시 신북면 삼정리 228번지,37.9678364063,127.147478607,2025-04-30
경기도,포천시,월산농장,닭,종계/산란계,60000.0,경기도 포천시 영중면 영송리 174번지,38.0009307498,127.2209677819,2025-08-31
경기도,포천시,유림농장,닭,종계/산란계,50000.0,경기도 포천시 영북면 야미리 459번지,38.0447647896,127.2642346019,2025-04-30
경기도,포천시,유진농장,닭,육계,22000.0,경기도 포천시 소흘읍 이곡리 311번지 1통,37.7852996529,127.148983435,2025-07-31
경기도,포천시,육계농장,닭,육계,65000.0,경기도 포천시 창수면 추동리 350번지,37.984208473,127.1740923066,2025-05-31
경기도,포천시,은현농장,닭,육계,70000.0,경기도 포천시 영중면 거사리 410번지 5호,38.0015925859,127.2343258416,2025-08-31
경기도,포천시,은혜농장,닭,육계,25000.0,경기도 포천시 설운동 1통 2반,37.8537362325,127.1489320113,2026-02-26
경기도,포천시,자산도농장,닭,육계,30000.0,경기도 포천시 이동면 연곡리 1014번지,38.0085552509,127.3636361069,2026-01-31
경기도,포천시,자일농장,닭,종계/산란계,302080.0,경기도 포천시 영북면 자일리 211번지 2호,38.1081510514,127.3031215109,2025-05-31
경기도,포천시,재림농장,닭,종계/산란계,29000.0,경기도 포천시 영북면 야미리 452번지,38.0431327946,127.2638979393,2026-01-31
경기도,포천시,전원농장,닭,종계/산란계,40000.0,경기도 포천시 영북면 자일리 450번지,38.100748414,127.2858392744,2025-04-30
경기도,포천시,정원축산,닭,육계,55000.0,경기도 포천시 이동면 연곡리,38.0160998163,127.38096129,2025-07-31
경기도,포천시,제일농장,닭,육계,24000.0,"경기도 포천시 영북면 문암리 338번지 , 339",38.0751772787,127.2659042363,2025-04-30
경기도,포천시,제일농장2,닭,육계,18720.0,경기도 포천시 영북면 문암리 324번지 4호,38.077582967,127.2655431099,2025-05-31
경기도,포천시,조대박농장,닭,육계,300.0,경기도 포천시 가산면 마산리 524번지,37.8489101234,127.1757912912,2026-02-26
경기도,포천시,종복농장,닭,종계/산란계,9000.0,경기도 포천시 소흘읍 고모리 79번지 3호,37.804600984,127.1755761381,2026-02-26
경기도,포천시,주영농장,닭,육계,16000.0,경기도 포천시 신북면 가채리 457번지 1호,37.9217894148,127.2102875354,2025-05-31
경기도,포천시,주은농장,닭,육계,50000.0,경기도 포천시 영중면 거사리 197번지 4호 외1필지(197-5),37.9799633615,127.239117946,2025-05-31
경기도,포천시,죽산농장,닭,육계,30000.0,경기도 포천시 가산면 가산리 711번지,37.8266437836,127.1652510499,2026-01-31
경기도,포천시,지원농장,닭,종계/산란계,10000.0,경기도 포천시 창수면 주원리 27번지 3호,38.0072309636,127.195621822,2025-08-31
경기도,포천시,지훈농장,닭,종계/산란계,30000.0,경기도 포천시 영중면 영송리 188번지 8호,38.0019981393,127.2226039181,2025-05-31
경기도,포천시,착한농장,닭,종계/산란계,50000.0,경기도 포천시 영북면 야미리 727번지,38.0482642602,127.2610093355,2025-05-31
경기도,포천시,청계농장,닭,육계,140000.0,경기도 포천시 신북면 덕둔리 505번지,37.9565413179,127.1207823211,2025-07-31
경기도,포천시,초가농장,닭,육계,30000.0,"경기도 포천시 소흘읍 고모리 451번지 ,452",37.8113809229,127.1763190079,2026-02-26
경기도,포천시,초원농장,닭,육계,10000.0,경기도 포천시 신북면 계류리 135번지,37.9535055418,127.1855195854,2025-07-31
경기도,포천시,축산(육계),닭,육계,30000.0,경기도 포천시 영중면 거사리 197번지 1호,37.9799633615,127.239117946,2025-08-31
경기도,포천시,칠곡농장,닭,종계/산란계,8000.0,경기도 포천시 가산면 마산리 72번지 3호,37.8400973279,127.1865245149,2025-05-31
경기도,포천시,칠천농장,닭,종계/산란계,20000.0,경기도 포천시 영북면 자일리 1009번지 7호,38.1217060546,127.2777919625,2026-02-26
경기도,포천시,클린환경,닭,종계/산란계,50000.0,경기도 포천시 창수면 추동리 216번지 3호,37.9814416025,127.184033969,2026-01-31
경기도,포천시,태성농원,메추리,,250000.0,경기도 포천시 이동면 연곡리 991번지,38.010077842,127.3631320641,2025-05-31
경기도,포천시,포천농장,닭,종계/산란계,95000.0,경기도 포천시 영중면 거사리 489번지,38.0047089519,127.233403352,2025-04-30
경기도,포천시,포천종계장,닭,종계/산란계,60000.0,경기도 포천시 가산면 금현리 950번지,37.8337799627,127.1902446201,2025-07-31
경기도,포천시,포천황금농장,메추리,,100000.0,경기도 포천시 가산면 금현리 805번지 9호,37.824558646,127.1899081937,2025-04-30
경기도,포천시,푸른농장,닭,육계,20000.0,경기도 포천시 신북면 심곡리 254번지,37.9414471222,127.1926839683,2025-07-31
경기도,포천시,푸른솔농장,닭,육계,60000.0,경기도 포천시 신북면 계류리 391번지 1호,37.9448572557,127.1770659917,2026-02-26
경기도,포천시,풍원농장,닭,종계/산란계,25000.0,경기도 포천시 신북면 고일리 205번지,37.9774942017,127.1742130902,2025-07-31
경기도,포천시,하늘농장,닭,종계/산란계,58176.0,경기도 포천시 영북면 야미리 723번지 2호,38.0469505719,127.2620849348,2025-04-30
경기도,포천시,학선농장,닭,육계,60000.0,"경기도 포천시 가산면 마산리 577번지 2호 ,3,620-9,618-14",37.8506228992,127.1825129404,2026-02-26
경기도,포천시,한빛농장,닭,종계/산란계,100000.0,경기도 포천시 신북면 만세교리 61번지 4호,37.9644150305,127.2468915496,2026-02-26
경기도,포천시,한일농원,닭,종계/산란계,50000.0,경기도 포천시 관인면 사정리 산 248번지,38.1178272195,127.2492491874,2026-02-26
경기도,포천시,한일농장,닭,육계,120000.0,"경기도 포천시 신북면 고일리 343번지 외2필지(343-2,-3)",37.9770439568,127.1711180138,2025-08-31
경기도,포천시,함양농장,닭,종계/산란계,18000.0,경기도 포천시 화현면 지현리 197번지 4호,37.9111677854,127.2741606621,2025-08-31
경기도,포천시,해밀팜,닭,육계,65000.0,경기도 포천시 영중면 영송리 602번지,37.9949193245,127.2062303511,2025-07-31
경기도,포천시,해오름양계포천농장,닭,종계/산란계,90000.0,경기도 포천시 이동면 연곡리 77번지 외1필지(76-1),38.0140473951,127.3834708573,2026-02-26
경기도,포천시,햇빛농장,닭,종계/산란계,15000.0,경기도 포천시 신북면 금동리 455번지 4호,37.9474911123,127.1260302775,2026-02-26
경기도,포천시,현네축산,닭,육계,6000.0,"경기도 포천시 이동면 연곡리 1015번지 등 2필지(1018, 1019)",38.0087087994,127.3639206027,2026-01-31
경기도,포천시,협동농장,닭,종계/산란계,30000.0,경기도 포천시 신북면 만세교리 203번지 3호,37.9629725552,127.2467029709,2025-04-30
경기도,포천시,홍문화농장,닭,육계,60.0,경기도 포천시 영중면 거사리 180번지 1호,37.9785657905,127.2388610032,2025-05-31
경기도,포천시,화순농장,닭,종계/산란계,31000.0,경기도 포천시 이동면 노곡리 1225번지 7호,38.0052541144,127.3214397871,2025-08-31
경기도,포천시,화현농장,닭,육계,29000.0,경기도 포천시 일동면 길명리,37.9221226192,127.285960104,2025-04-30
경기도,포천시,황금농장,닭,육계,60000.0,경기도 포천시 관인면 탄동리 1147번지,38.1593446758,127.2647907133,2026-02-26
경기도,포천시,흥연농장,닭,육계,39000.0,경기도 포천시 일동면 사직리 954번지 9호,37.9957948847,127.3304374155,2025-04-30
경기도,포천시,희망농장,닭,종계/산란계,30000.0,경기도 포천시 창수면 주원리 19번지,38.0034838026,127.1964688094,2025-05-31
경기도,화성시,2000축산,닭,산란계,14000.0,경기도 화성시 장안면 독정리 767번지 11호,126.8481696,37.085312,2018-03-14
경기도,화성시,K & C 농장,닭,산란계,9700.0,경기도 화성시 장안면 독정리 767번지 2호,126.8486093,37.0847809,2018-03-14
경기도,화성시,가람농장,닭,산란계,65.0,경기도 화성시 봉담읍 상리 152번지 5호,126.9432011,37.234629,2018-10-31
경기도,화성시,감우농장,닭,육계,65000.0,경기도 화성시 남양읍 장덕리 1077번지,37.1637437,126.8196047,2018-12-31
경기도,화성시,감우농장,닭,육계,65000.0,경기도 화성시 남양읍 장덕리 1077번지,126.8195822,37.1637166,2018-08-31
경기도,화성시,건국축산농원,닭,육계,60000.0,경기도 화성시 장안면 독정리 794번지 12호,126.8459728,37.0761724,2018-09-30
경기도,화성시,경기농장,닭,산란계,7000.0,경기도 화성시 팔탄면 율암리 389번지 1호,126.8724661,37.1687153,2018-10-31
경기도,화성시,계림농장,닭,육계,18000.0,경기도 화성시 장안면 독정리 1072번지 1호,126.8453596,37.0572854,2018-03-14
경기도,화성시,관항농장,닭,육계,26000.0,경기도 화성시 정남면 관항리 530번지,126.955101,37.181302,2018-08-31
경기도,화성시,광도농장,닭,육계,80000.0,경기도 화성시 장안면 노진리 26-1번지,37.054651,126.8180799,2018-12-31
경기도,화성시,광민농장,닭,육계,40000.0,경기도 화성시 장안면 덕다리 산 7번지,126.840213,37.0718756,2018-09-30
경기도,화성시,금의양계장,닭,육계,50000.0,경기도 화성시 장안면 사곡리 833-6번지,37.0578969,126.8081108,2018-12-31
경기도,화성시,금의양계장,닭,육계,50000.0,경기도 화성시 장안면 사곡리 833번지 6호,126.8081108,37.0578969,2018-10-31
경기도,화성시,기린골농장,닭,산란계,1200.0,경기도 화성시 장안면 어은리 582번지,126.8406983,37.0868969,2018-09-30
경기도,화성시,기원농장,닭,산란계,100.0,경기도 화성시 남양읍 신남리 1274-3번지,126.7996661,37.1720819,2018-04-30
경기도,화성시,길성농장,닭,육계,35000.0,경기도 화성시 양감면 사창리 293번지 1호,126.9760095,37.0954206,2018-04-30
경기도,화성시,김상희농장,닭,육계,40000.0,경기도 화성시 팔탄면 지월리 102번지,126.8918068,37.1397574,2018-03-14
경기도,화성시,꼬꼬마을농장,닭,산란계,500.0,경기도 화성시 장안면 노진리 12번지 4호,126.8212521,37.053872,2018-03-14
경기도,화성시,낙원농장,닭,육계,33000.0,경기도 화성시 팔탄면 노하리 1040번지,126.8456592,37.1463008,2018-10-31
경기도,화성시,남양농장,닭,육계,16028.0,경기도 화성시 남양읍 안석리 75-2번지 외 3필지,126.8251905,37.167888,2018-10-31
경기도,화성시,남양농장,닭,육계,16028.0,경기도 화성시 남양읍 안석리 75번지 2호,37.167888,126.8251905,2018-12-31
경기도,화성시,남양축산 안석농장,닭,육계,120000.0,경기도 화성시 남양읍 안석리 9번지 2호,126.8336048,37.1662154,2018-08-31
경기도,화성시,남촌농장,닭,산란계,20000.0,경기도 화성시 정남면 수면리 134번지,127.0263643,37.1544762,2018-04-30
경기도,화성시,누리팜(헤브론농장),닭,산란계,30000.0,경기도 화성시 팔탄면 율암리 313번지 1호,126.8704051,37.1690014,2018-10-31
경기도,화성시,다산양계,닭,산란계,60000.0,경기도 화성시 팔탄면 구장리 309번지 2호,126.9019405,37.1534984,2018-08-31
경기도,화성시,다올농장,닭,산란계,50000.0,경기도 화성시 양감면 사창리 777번지,126.9597669,37.0952266,2018-04-30
경기도,화성시,다원농장,닭,육계,35000.0,경기도 화성시 우정읍 화수리 964번지 17호,126.7892794,37.1098914,2018-04-30
경기도,화성시,대경농장,닭,육계,100000.0,경기도 화성시 양감면 용소리 392번지 1호 외 4필지,126.9821237,37.0721746,2018-03-14
경기도,화성시,대륭농장,닭,육계,50400.0,경기도 화성시 양감면 신왕리 1950번지,126.9610388,37.0732593,2018-10-31
경기도,화성시,대림농장,닭,산란계,27000.0,경기도 화성시 팔탄면 율암리 625번지 2호,126.8812657,37.1578311,2018-10-31
경기도,화성시,대박농장,닭,육계,40000.0,경기도 화성시 남양읍 온석리,126.8426342,37.166291,2018-08-31
경기도,화성시,대박농장,닭,육계,53000.0,경기도 화성시 송산면 지화리 574번지 2호,126.6802836,37.2107959,2018-08-31
경기도,화성시,대산농장,닭,육계,50200.0,경기도 화성시 장안면 독정리 1779번지,126.8624088,37.072787,2018-09-30
경기도,화성시,대성농장,닭,육계,30000.0,경기도 화성시 남양읍 온석리 400-3번지,126.8425539,37.1669937,2018-03-14
경기도,화성시,대승농장,닭,육계,85000.0,경기도 화성시 남양읍 온석리 491번지 2호,126.8515754,37.1654738,2018-09-30
경기도,화성시,대양농장,닭,육계,10000.0,경기도 화성시 양감면 신왕리 1129번지,126.9632655,37.0729537,2018-10-31
경기도,화성시,대영농장,닭,산란계,100.0,경기도 화성시 기안동 318번지,126.9747568,37.2280992,2018-10-31
경기도,화성시,덕다양계장,닭,육계,40000.0,경기도 화성시 장안면 덕다리 산 47번지 6호,126.840213,37.0718756,2018-10-31
경기도,화성시,덕산농장,닭,육계,20000.0,경기도 화성시 양감면 용소리 591번지 1호,126.9850344,37.0796808,2018-03-14
경기도,화성시,독정양계장,닭,육계,2800.0,경기도 화성시 장안면 독정리 733번지 1호,126.8533891,37.0848411,2018-08-31
경기도,화성시,독정양계장,닭,육계,2800.0,경기도 화성시 장안면 독정리 733-1번지,37.0848411,126.8533891,2018-12-31
경기도,화성시,동진목장,닭,육계,25.0,경기도 화성시 남양읍 장덕리 240번지 1호,37.1636594,126.8118591,2018-12-31
경기도,화성시,동현농장,닭,육계,50000.0,경기도 화성시 팔탄면 월문리 158번지 5호,126.8733234,37.1215825,2018-03-14
경기도,화성시,두레농장,닭,육계,40000.0,경기도 화성시 양감면 사창리 257번지,126.9743449,37.0951229,2018-09-30
경기도,화성시,마도양계장,닭,산란계,20000.0,경기도 화성시 마도면 백곡리 336번지,126.7171144,37.1828231,2018-10-31
경기도,화성시,매바위양계장,닭,육계,40000.0,경기도 화성시 남양읍 장덕리 947번지,126.7873851,37.1510569,2018-03-14
경기도,화성시,모세농장,닭,육계,52000.0,경기도 화성시 정남면 금복리 91번지,126.9993469,37.1598577,2018-04-30
경기도,화성시,무지개농장,닭,육계,70000.0,경기도 화성시 송산면 고포리 605번지 1호,126.676401,37.2360141,2018-10-31
경기도,화성시,미래농장,닭,육계,60000.0,경기도 화성시 향남읍 길성리 1번지,126.9830662,37.1233636,2018-08-31
경기도,화성시,박○혜,닭,육계,38182.0,"경기도 화성시 우정읍 원안리 426번지 , 호곡리 991번지",126.7769248,37.1066157,2018-04-30
경기도,화성시,베드로목장,닭,산란계,8500.0,경기도 화성시 동탄면 장지리 390번지,127.1186412,37.1484751,2018-03-14
경기도,화성시,봉황농장,닭,산란계,85000.0,경기도 화성시 남양읍 신남리 906-16번지,126.7991155,37.184245,2018-03-14
경기도,화성시,부성축산,닭,육계,84480.0,경기도 화성시 향남읍 구문천리 784번지,126.8854136,37.0671444,2018-10-31
경기도,화성시,부성축산,닭,산란계,25000.0,경기도 화성시 장안면 금의리 612번지 6호,126.8370208,37.1073908,2018-10-31
경기도,화성시,부여농장,닭,육계,52000.0,경기도 화성시 장안면 석포리 산 122번지,126.8404735,37.1500422,2018-10-31
경기도,화성시,부자농원,닭,육계,20000.0,경기도 화성시 장안면 사곡리 725번지 1호,126.8013881,37.0577054,2018-04-30
경기도,화성시,부자농장,닭,산란계,40000.0,경기도 화성시 우정읍 석천리 766번지,126.7770841,37.0453171,2018-09-30
경기도,화성시,부처물 농장,닭,육계,70000.0,경기도 화성시 마도면 고모리 578번지 12호,126.7504807,37.1729694,2018-09-30
경기도,화성시,비봉농장,닭,산란계,10000.0,경기도 화성시 비봉면 자안리 312번지 1호,126.8769862,37.2063026,2018-04-30
경기도,화성시,비봉농장,닭,산란계,10000.0,경기도 화성시 비봉면 자안리 312-1번지,37.2063026,126.8769862,2018-12-31
경기도,화성시,사또농장,닭,산란계,500.0,경기도 화성시 매송면 숙곡리 289번지,126.9079007,37.2571858,2018-03-14
경기도,화성시,산골농장,닭,산란계,4000.0,경기도 화성시 비봉면 쌍학리 산 32번지 9호,126.8981209,37.2456534,2018-08-31
경기도,화성시,산골농장,닭,산란계,3000.0,경기도 화성시 비봉면 쌍학리 산 32번지 9호,126.8981209,37.2456534,2018-08-31
경기도,화성시,산척양계,닭,육계,20000.0,경기도 화성시 동탄면 산척리 244번지,127.110308,37.1698647,2018-03-14
경기도,화성시,삼리농장,닭,육계,20000.0,경기도 화성시 남양읍 남양리 1798번지,126.8217166,37.2034107,2018-09-30
경기도,화성시,삼일농장,닭,산란계,12000.0,경기도 화성시 향남읍 동오리 622번지,126.9619612,37.1355044,2018-10-31
경기도,화성시,삼현농원,닭,육계,29000.0,경기도 화성시 양감면 사창리 1007번지 1호,126.9680168,37.084732,2018-04-30
경기도,화성시,삼현농장,닭,육계,26000.0,경기도 화성시 우정읍 주곡리 386번지 5호,126.8098059,37.1165583,2018-09-30
경기도,화성시,삼화농장,닭,산란계,300.0,경기도 화성시 비봉면 삼화리 1108번지 1호,37.2563447,126.8526563,2018-12-31
경기도,화성시,삼화농장,닭,산란계,300.0,경기도 화성시 비봉면 삼화리 1108번지 1호,126.8526563,37.2563447,2018-08-31
경기도,화성시,상신농원,닭,산란계,45000.0,경기도 화성시 향남읍 구문천리 881번지,126.8920537,37.0861721,2018-10-31
경기도,화성시,상신현대농원,닭,산란계,42000.0,경기도 화성시 향남읍 구문천리 881번지,126.8920537,37.0861721,2018-10-31
경기도,화성시,상진농장,닭,육계,25000.0,경기도 화성시 남양읍 활초리 산 187번지 2호,126.841715,37.1802919,2018-08-31
경기도,화성시,서신농장,닭,산란계,120000.0,경기도 화성시 서신면 매화리 759번지 1호,126.6968203,37.1663825,2018-08-31
경기도,화성시,서신농장 2농장,닭,산란계,130000.0,경기도 화성시 남양읍 온석리 197번지 1호,126.8548835,37.1722448,2018-09-30
경기도,화성시,서신농장 3농장,닭,산란계,70000.0,경기도 화성시 남양읍 온석리 276번지,126.8477766,37.1677215,2018-09-30
경기도,화성시,서신농장 4농장,닭,산란계,216000.0,경기도 화성시 남양읍 온석리 230번지,126.8543025,37.1699734,2018-10-31
경기도,화성시,선경2축산,닭,육계,45000.0,경기도 화성시 봉담읍 하가등리 393번지 1호,126.9331521,37.1456367,2018-04-30
경기도,화성시,선경축산,닭,육계,45000.0,경기도 화성시 정남면 문학리 42번지 1호,126.9730639,37.1490054,2018-09-30
경기도,화성시,성민농장,닭,육계,45000.0,경기도 화성시 양감면 신왕리 986번지,126.9463475,37.0651527,2018-08-31
경기도,화성시,성애농장,닭,육계,25000.0,경기도 화성시 봉담읍 하가등리 392번지 3호,126.9344015,37.1456375,2018-10-31
경기도,화성시,성우농장,닭,육계,61000.0,경기도 화성시 남양읍 온석리 494번지 2호,126.8500214,37.165634,2018-10-31
경기도,화성시,성웅농장,닭,육계,70000.0,경기도 화성시 마도면 고모리 512-3번지,37.1730178,126.7436683,2018-12-31
경기도,화성시,성웅농장,닭,육계,70000.0,경기도 화성시 마도면 고모리 512번지 3호,126.7436683,37.1730178,2018-10-31
경기도,화성시,성일양계장,닭,육계,50000.0,경기도 화성시 마도면 청원리 576번지 5호,126.7711989,37.176634,2018-03-14
경기도,화성시,소망농원,닭,산란계,1000.0,경기도 화성시 마도면 백곡리 38번지,126.7339198,37.1913503,2018-08-31
경기도,화성시,수범농장,닭,육계,18000.0,경기도 화성시 남양읍 무송리 142번지 3호,126.8458,37.1979398,2018-08-31
경기도,화성시,수현농장,닭,육계,40000.0,경기도 화성시 장안면 독정리 37번지 1호,126.868778,37.0702354,2018-09-30
경기도,화성시,순정농장,닭,산란계,14500.0,경기도 화성시 향남읍 도이리 377번지,126.9319007,37.1357245,2018-10-31
경기도,화성시,신봉농장,닭,육계,35000.0,경기도 화성시 정남면 관항리 494번지 2호,126.9507858,37.1844718,2018-10-31
경기도,화성시,신성농장,닭,육계,55000.0,경기도 화성시 우정읍 운평리 산 71번지 1호,126.770348,37.0904201,2018-08-31
경기도,화성시,안석농장,닭,육계,15000.0,경기도 화성시 남양읍 안석리 766번지,37.1737413,126.8229135,2018-12-31
경기도,화성시,안석농장,닭,육계,15000.0,경기도 화성시 남양읍 안석리 766번지,126.8229135,37.1737413,2018-08-31
경기도,화성시,야곱농장,닭,육계,44500.0,경기도 화성시 양감면 사창리 359번지,126.9732896,37.0898424,2018-09-30
경기도,화성시,야마기시즘실현지영농조합법인,닭,산란계,50000.0,경기도 화성시 향남읍 구문천리 604번지 96호,126.8918837,37.0716198,2018-10-31
경기도,화성시,양지농장,닭,산란계,45000.0,경기도 화성시 양감면 용소리 111번지 1호,126.9922669,37.0706801,2018-09-30
경기도,화성시,양지농장,닭,산란계,30.0,경기도 화성시 정남면 음양리 177번지,127.0257333,37.152503,2018-08-31
경기도,화성시,여흥농장,닭,육계,48000.0,경기도 화성시 팔탄면 덕우리 250번지,37.1243366,126.8626849,2018-12-31
경기도,화성시,여흥농장,닭,육계,48000.0,경기도 화성시 팔탄면 덕우리 250번지 1호,126.862415,37.1242822,2018-10-31
경기도,화성시,연수농장,닭,육계,52000.0,경기도 화성시 장안면 석포리 산122번지,37.1360535,126.8309372,2018-12-31
경기도,화성시,연지농장,닭,육계,45000.0,경기도 화성시 팔탄면 해창리 산 35번지 1호,126.8821081,37.1094907,2018-03-14
경기도,화성시,영남농장,닭,육계,50000.0,경기도 화성시 장안면 독정리 864번지,37.0677619,126.843224,2018-12-31
경기도,화성시,영남농장,닭,육계,50000.0,경기도 화성시 장안면 독정리 864번지,126.843224,37.0677619,2018-10-31
경기도,화성시,영완농장,닭,육계,40000.0,경기도 화성시 팔탄면 가재리 601번지,126.9163539,37.1496083,2018-08-31
경기도,화성시,영호농장,닭,산란계,10000.0,경기도 화성시 양감면 송산리 1003번지 5호,126.9897878,37.1011987,2018-03-14
경기도,화성시,예루양계장,닭,육계,27000.0,경기도 화성시 남양읍 신남리 1532번지,126.8135807,37.1775472,2018-08-31
경기도,화성시,예산농장,닭,산란계,30000.0,경기도 화성시 팔탄면 율암리 313번지 1호,126.8704051,37.1690014,2018-08-31
경기도,화성시,예찬농장,닭,산란계,2500.0,경기도 화성시 매송면 야목리 677번지,126.8862373,37.2630682,2018-03-14
경기도,화성시,우음도축산,닭,산란계,100.0,경기도 화성시 송산면 고정리 1263번지,126.7384523,37.2835089,2018-10-31
경기도,화성시,운평농장,닭,산란계,75.0,경기도 화성시 우정읍 운평리 835번지,37.0878696,126.7700859,2018-12-31
경기도,화성시,운평농장,닭,산란계,75.0,경기도 화성시 우정읍 운평리 835번지,126.7700859,37.0878696,2018-09-30
경기도,화성시,유농장,닭,육계,40000.0,경기도 화성시 남양읍 활초리 산 187번지 1호,126.841715,37.1802919,2018-04-30
경기도,화성시,유림팜,닭,산란계,2500.0,경기도 화성시 팔탄면 서근리 201번지 1호,126.8489133,37.1235266,2018-08-31
경기도,화성시,육계농장,닭,육계,30000.0,경기도 화성시 봉담읍 하가등리 392번지 3호,126.9344015,37.1456375,2018-09-30
경기도,화성시,은혜양계장,닭,육계,50000.0,경기도 화성시 남양읍 신남리 1539번지,126.8137749,37.1764392,2018-03-14
경기도,화성시,이재진목장,닭,산란계,180.0,경기도 화성시 정남면 관항리 407번지 2호,37.1840786,126.9589057,2018-12-31
경기도,화성시,임마누엘농장,닭,육계,30000.0,경기도 화성시 장안면 수촌리 산 82번지 3호,126.8699272,37.1011519,2018-10-31
경기도,화성시,자유농장,닭,산란계,4000.0,경기도 화성시 장안면 독정리 산 282번지,126.8570957,37.0638601,2018-03-14
경기도,화성시,자유농장,닭,산란계,4000.0,경기도 화성시 장안면 독정리 산 282-1번지,37.0647613,126.8500553,2018-12-31
경기도,화성시,장수농장,닭,육계,65000.0,경기도 화성시 향남읍 하길리 78번지,37.1223922,126.9104661,2018-12-31
경기도,화성시,장수농장,닭,육계,65000.0,경기도 화성시 향남읍 하길리 78번지 1호,126.9104661,37.1223922,2018-10-31
경기도,화성시,장학순건강란,닭,산란계,35000.0,경기도 화성시 장안면 장안리 279번지,126.8555863,37.0536492,2018-03-14
경기도,화성시,재성농장,닭,육계,40000.0,경기도 화성시 우정읍 운평리 1051번지,126.7691499,37.0777038,2018-09-30
경기도,화성시,전정식농장,닭,산란계,120.0,경기도 화성시 비봉면 삼화리 802번지 3호,126.8528526,37.2483168,2018-03-14
경기도,화성시,정남농장,닭,산란계,50000.0,경기도 화성시 정남면 문학리 599번지 1호,126.9627607,37.1559765,2018-04-30
경기도,화성시,정남농장,닭,산란계,20000.0,경기도 화성시 정남면 계향리 589번지 1호,126.9916716,37.142476,2018-04-30
경기도,화성시,정영농장,닭,육계,20000.0,경기도 화성시 향남읍 도이리 179번지 2호,126.9184374,37.1384999,2018-04-30
경기도,화성시,정인양계장,닭,육계,30000.0,경기도 화성시 팔탄면 율암리 산56-79번지,37.1685556,126.8746844,2018-12-31
경기도,화성시,정인양계장,닭,육계,30000.0,경기도 화성시 팔탄면 율암리 산 56번지 79호,126.8763098,37.1660975,2018-04-30
경기도,화성시,정호축산,닭,육계,25000.0,경기도 화성시 양감면 송산리 87-1번지,37.1181747,126.9911801,2018-12-31
경기도,화성시,정호축산,닭,육계,25000.0,경기도 화성시 양감면 송산리 87번지,126.99118,37.1186702,2018-03-14
경기도,화성시,제일농장,닭,육계,70000.0,경기도 화성시 양감면 송산리 1001번지,126.9897314,37.1019285,2018-10-31
경기도,화성시,주은농장,닭,육계,85000.0,경기도 화성시 남양읍 북양리 577번지,37.208461,126.8576629,2018-12-31
경기도,화성시,주은농장,닭,육계,85000.0,경기도 화성시 남양읍 북양리 577번지,126.8576629,37.208461,2018-03-14
경기도,화성시,지월농장,닭,육계,15000.0,경기도 화성시 팔탄면 지월리 654번지,126.8910143,37.1429193,2018-08-31
경기도,화성시,진석농장,닭,육계,25000.0,경기도 화성시 향남읍 도이리 163번지,126.9214283,37.141142,2018-10-31
경기도,화성시,진성농장,닭,육계,20000.0,경기도 화성시 송산면 지화리 574번지 3호,126.6805903,37.210184,2018-03-14
경기도,화성시,진현농장,닭,산란계,75500.0,경기도 화성시 정남면 음양리 466번지,127.0225023,37.151143,2018-04-30
경기도,화성시,질라라비농장,닭,육계,60000.0,경기도 화성시 우정읍 조암리 산 91번지 3호,126.8260805,37.0950846,2018-08-31
경기도,화성시,참빛농장,닭,육계,20000.0,경기도 화성시 장안면 사랑리 248번지 2호,126.8326625,37.0691438,2018-03-14
경기도,화성시,창은농장,닭,육계,40000.0,경기도 화성시 마도면 청원리 681번지,126.7739705,37.179829,2018-04-30
경기도,화성시,청계농장,닭,육계,65000.0,경기도 화성시 우정읍 멱우리 411번지 4호,126.8256146,37.1019499,2018-09-30
경기도,화성시,청석골 농장,닭,산란계,18000.0,경기도 화성시 양감면 사창리 660번지 1호,126.9617663,37.1004804,2018-08-31
경기도,화성시,청천양계장,닭,육계,40000.0,경기도 화성시 활초동 산 88번지,,,2018-10-31
경기도,화성시,초혜지농장,닭,육계,50000.0,경기도 화성시 정남면 금복리 92번지,126.9998648,37.1599208,2018-09-30
경기도,화성시,큰양계장,닭,육계,50000.0,경기도 화성시 장안면 금의리 600번지 4호,126.8293099,37.1093891,2018-04-30
경기도,화성시,태경농장,닭,육계,23000.0,경기도 화성시 남양읍 온석리 491번지 3호,126.8518802,37.1650777,2018-10-31
경기도,화성시,태양농원,닭,산란계,2500.0,경기도 화성시 비봉면 쌍학리 826번지,126.898817,37.22302,2018-03-14
경기도,화성시,태양양계농장,닭,산란계,50000.0,경기도 화성시 팔탄면 율암리 산 67번지 2호,126.8763098,37.1660975,2018-04-30
경기도,화성시,파머스가든,닭,산란계,570000.0,경기도 화성시 양감면 사창리 721번지 6호,126.9562075,37.1033708,2018-10-31
경기도,화성시,한울농장,닭,육계,30000.0,경기도 화성시 양감면 송산리 318번지,126.9811459,37.1100638,2018-10-31
경기도,화성시,해뜨는농장,닭,육계,50000.0,경기도 화성시 마도면 고모리 1번지,126.7443425,37.1767406,2018-09-30
경기도,화성시,해오름 조암농장,닭,산란계,44200.0,경기도 화성시 우정읍 매향리 506번지 5호,126.7707268,37.0473413,2018-08-31
경기도,화성시,향촌농원,닭,산란계,4400.0,경기도 화성시 정남면 발산리 646번지 1호,126.9864808,37.1521707,2018-08-31
경기도,화성시,현대농장,닭,육계,80000.0,경기도 화성시 송산면 독지리 318번지,126.6860916,37.2469879,2018-09-30
경기도,화성시,현대농장,닭,육계,45000.0,경기도 화성시 마도면 청원리 574번지 10호,126.767221,37.173941,2018-04-30
경기도,화성시,현대축산,닭,산란계,45000.0,경기도 화성시 우정읍 매향리 산 506번지,126.7479739,37.0407979,2018-03-14
경기도,화성시,현진농장,닭,육계,30000.0,경기도 화성시 팔탄면 월문리 38번지,126.8690532,37.1247495,2018-10-31
경기도,화성시,형수농장,닭,육계,14000.0,경기도 화성시 남양읍 활초리187번지,37.183936,126.837991,2018-12-31
경기도,화성시,형수농장,닭,육계,35000.0,경기도 화성시 남양읍 활초리 187번지,126.837991,37.183936,2018-10-31
경기도,화성시,형수농장,닭,육계,14000.0,경기도 화성시 남양읍 활초리 187-2번지,126.837991,37.183936,2018-10-31
경기도,화성시,형우농장,닭,육계,20000.0,경기도 화성시 양감면 사창리 962-1번지,37.0891476,126.9696794,2018-12-31
경기도,화성시,형우농장,닭,육계,20000.0,경기도 화성시 양감면 사창리 962번지 12호,126.969286,37.0885078,2018-09-30
경기도,화성시,형제농장,닭,육계,52000.0,경기도 화성시 양감면 대양리 111번지 2호,126.9485198,37.093537,2018-04-30
경기도,화성시,홍유웅농장,닭,육계,30000.0,경기도 화성시 서신면 홍법리 28번지,126.7273935,37.1711069,2018-03-14
경기도,화성시,화성양계장,닭,육계,40000.0,경기도 화성시 장안면 독정리 222번지,126.8639662,37.0758705,2018-03-14
경기도,화성시,화현농장,닭,산란계,1500.0,경기도 화성시 문호동 산 18번지,,,2018-10-31
경기도,화성시,황금목장,닭,육계,35000.0,경기도 화성시 장안면 덕다리 산47-1번지,37.0642328,126.8389138,2018-12-31
경기도,화성시,황금목장,닭,육계,35000.0,"경기도 화성시 장안면 덕다리 산 47-2,6",126.840213,37.0718756,2018-09-30
경기도,화성시,황기농장,닭,육계,30000.0,경기도 화성시 정남면 덕절리 96번지 1호,127.0291957,37.1388604,2018-10-31
경기도,화성시,황기농장,닭,육계,30000.0,경기도 화성시 정남면 덕절리 116-1번지,37.1395903,127.0289484,2018-12-31
경기도,화성시,희망축산,닭,산란계,5240.0,경기도 화성시 남양읍 온석리 492번지,126.8528847,37.1637995,2018-03-14
경기도,화성시,희산농장,닭,육계,30000.0,경기도 화성시 남양읍 신남리 1552번지,126.8226887,37.1783273,2018-03-14
경기도,화성시,2000축산,닭,산란계,14000.0,경기도 화성시 장안면 독정리 767번지 11호,37.085312,126.8481696,2019-12-31
경기도,화성시,K & C 농장,닭,산란계,9700.0,경기도 화성시 장안면 독정리 767번지 2호,37.0847809,126.8486093,2020-04-30
경기도,화성시,YB팜스,닭,육계,67000.0,경기도 화성시 양감면 사창리 산120,37.0966780769,126.9632788713,2020-07-31
경기도,화성시,YB팜스,닭,육계,67000.0,경기도 화성시 양감면 사창리 산120번지,37.0963723,126.9637033,2019-12-31
경기도,화성시,YB팜스,닭,육계,67000.0,경기도 화성시 양감면 사창리 산120,37.0963723356,126.9637033383,2021-06-30
경기도,화성시,가람농장,닭,산란계,65.0,경기도 화성시 봉담읍 상리 152번지 5호,37.234629,126.9432011,2020-04-30
경기도,화성시,가람농장,닭,산란계,65.0,경기도 화성시 봉담읍 상리 152-5,37.2346290483,126.9432011239,2021-11-30
경기도,화성시,감우농장,닭,육계,65000.0,경기도 화성시 남양읍 장덕리 1077,37.1647380646,126.8199587297,2020-11-30
경기도,화성시,개미농장,닭,육계,13000.0,경기도 화성시 남양읍 온석리 414-1,37.169170535,126.8435053506,2021-09-30
경기도,화성시,개미농장,닭,육계,58000.0,경기도 화성시 남양읍 온석리 414번지 1호,37.1689683,126.8435518,2020-04-30
경기도,화성시,건국축산농원,닭,육계,60000.0,경기도 화성시 장안면 독정리 794-2번지,37.0756235,126.846525,2020-05-31
경기도,화성시,건국축산농원,닭,육계,60000.0,"경기도 화성시 장안면 독정리 794-2 794-4,794-5,794-12",37.0754160481,126.8469469912,2020-07-31
경기도,화성시,경기농장,닭,육계,7000.0,경기도 화성시 팔탄면 율암리 389-1,37.1689313646,126.8725679012,2021-07-31
경기도,화성시,경기농장,닭,육계,35000.0,경기도 화성시 팔탄면 율암리 389-1번지,37.1687153,126.8724661,2020-01-31
경기도,화성시,계원농장,닭,종계,35100.0,경기도 화성시 양감면 사창리 261번지,37.0948709,126.975931,2020-06-30
경기도,화성시,계원농장,닭,종계,5100.0,경기도 화성시 양감면 사창리 261,37.095121558,126.976028108,2021-07-31
경기도,화성시,고려꿩농장,꿩,꿩,307.0,경기도 화성시 팔탄면 기천리 산132번지,37.1766117,126.9036889,2020-04-30
경기도,화성시,고려꿩농장,꿩,꿩,307.0,경기도 화성시 팔탄면 기천리 산132,37.1767889325,126.9052613622,2021-07-31
경기도,화성시,관항농장,닭,육계,26000.0,경기도 화성시 정남면 관항리 530,37.1814010322,126.9552334012,2021-09-30
경기도,화성시,광도농장,닭,육계,80000.0,경기도 화성시 장안면 노진리 26-1,37.0538079578,126.8179132875,2021-09-30
경기도,화성시,광민농장,닭,육계,40000.0,경기도 화성시 장안면 덕다리 산7,,,2020-07-31
경기도,화성시,구마농장,오리,,42000.0,경기도 화성시 양감면 사창리 775-1,37.0942843478,126.958220765,2020-07-31
경기도,화성시,궁영물닭장,닭,육계,90.0,경기도 화성시 송산면 고정리 산1-56,37.2840103291,126.7370297648,2020-07-31
경기도,화성시,금송농장,닭,육계,65000.0,경기도 화성시 장안면 장안리 489,37.0448085205,126.8560369085,2020-07-31
경기도,화성시,금의양계장,닭,육계,50000.0,경기도 화성시 장안면 사곡리 833-6,37.0579337147,126.8081024592,2020-07-31
경기도,화성시,기러기 농장,닭,육계,400.0,경기도 화성시 우정읍 호곡리 228-39,37.1288767204,126.7826562568,2021-09-30
경기도,화성시,길성농장,닭,육계,35000.0,경기도 화성시 양감면 사창리 293-1,37.0958683693,126.9757191347,2020-07-31
경기도,화성시,김포팜,닭,오리,4000.0,경기도 화성시 정남면 괘랑리 181-1,37.1818001908,126.996564489,2021-07-31
경기도,화성시,꼬꼬마을농장,닭,산란계,500.0,경기도 화성시 장안면 노진리 12-4,37.0538720067,126.8212521024,2021-09-30
경기도,화성시,낙원농장,닭,육계,33000.0,경기도 화성시 팔탄면 노하리 1040,37.1463008976,126.8456592582,2021-09-30
경기도,화성시,낙원농장,닭,육계,33000.0,경기도 화성시 팔탄면 노하리 1040번지,37.1463008,126.8456592,2020-05-31
경기도,화성시,남성종계장,닭,종계,27900.0,경기도 화성시 남양읍 북양리 385번지,37.2182949,126.8396288,2020-04-30
경기도,화성시,남양농장,닭,육계,16028.0,경기도 화성시 남양읍 안석리 75-2,37.167859201,126.8250894792,2020-11-30
경기도,화성시,남양양계,닭,산란계,45000.0,경기도 화성시 남양읍 온석리 480번지,37.1695515,126.8555756,2020-05-31
경기도,화성시,남양양계,닭,산란계,36000.0,"경기도 화성시 남양읍 온석리 480, 480-1",37.169570316,126.8555767311,2021-11-30
경기도,화성시,남양축산 안석농장,닭,육계,120000.0,경기도 화성시 남양읍 안석리 9-2,37.1666899268,126.8335023753,2021-04-30
경기도,화성시,남에벤에셀,닭,육계,60000.0,경기도 화성시 장안면 사곡리 879번지,37.0638719,126.8087252,2020-01-31
경기도,화성시,남에벤에셀,닭,육계,30000.0,경기도 화성시 장안면 사곡리 879,37.0638330537,126.8088025094,2021-04-30
경기도,화성시,남촌농장,닭,산란계,20000.0,경기도 화성시 정남면 수면리 134번지,37.1544762,127.0263643,2020-01-31
경기도,화성시,남촌농장,닭,산란계,20000.0,경기도 화성시 정남면 수면리 134,37.1545564166,127.0263972362,2020-07-31
경기도,화성시,농업회사법인 주식회사 잘큼,닭,산란계,25000.0,경기도 화성시 팔탄면 서근리 201-1,37.124364564,126.8489244658,2021-04-30
경기도,화성시,농업회사법인(주)정인,닭,육계,50000.0,경기도 화성시 우정읍 석천리 766번지,37.0453981,126.7770052,2020-06-30
경기도,화성시,농업회사법인㈜정인,닭,육계,40000.0,"경기도 화성시 우정읍 석천리 766, 1037-28",,,2020-07-31
경기도,화성시,누리팜(헤브론농장),닭,산란계,30000.0,경기도 화성시 팔탄면 율암리 313-1번지,37.1690014,126.8704051,2020-04-30
경기도,화성시,누리팜(헤브론농장),닭,산란계,30000.0,경기도 화성시 팔탄면 율암리 313-1,37.1694016836,126.8711672977,2021-09-30
경기도,화성시,다산농장,닭,종계,24600.0,경기도 화성시 양감면 용소리 190번지,37.0718419,126.9868692,2019-12-31
경기도,화성시,다산농장,닭,종계,2400.0,경기도 화성시 양감면 용소리 190,37.0722354844,126.9865576471,2020-11-30
경기도,화성시,다산양계,닭,산란계,60000.0,경기도 화성시 팔탄면 구장리 309-2번지,37.1534984,126.9019405,2020-06-30
경기도,화성시,다산양계,닭,산란계,60000.0,"경기도 화성시 팔탄면 구장리 309-2,-3,-4, 310-1",37.1535241491,126.9017723849,2020-11-30
경기도,화성시,다올농장,닭,산란계,50000.0,경기도 화성시 양감면 사창리 777번지,37.0952266,126.9597669,2019-12-31
경기도,화성시,다원농장,닭,육계,32000.0,경기도 화성시 우정읍 화수리 964-17,37.1101671198,126.789236864,2021-06-30
경기도,화성시,달궁농장,닭,산란계,52.0,경기도 화성시 장안면 사곡리 907-3,37.0688528819,126.8195334098,2020-11-30
경기도,화성시,대경농장,닭,육계,100000.0,경기도 화성시 양감면 용소리  392-2,37.0715348704,126.9822364177,2021-04-30
경기도,화성시,대륭농장,닭,육계,50400.0,경기도 화성시 양감면 신왕리 1950,37.0733754906,126.9610919678,2020-11-30
경기도,화성시,대박농장,닭,육계,40000.0,경기도 화성시 남양읍 온석리 494-1번지,37.1658589,126.8497732,2020-05-31
경기도,화성시,대박농장,닭,육계,53000.0,경기도 화성시 송산면 지화리 574-2번지,37.2107959,126.6802836,2020-05-31
경기도,화성시,대박농장,닭,육계,53000.0,경기도 화성시 송산면 지화리 574-2,37.2108425291,126.6801251299,2021-09-30
경기도,화성시,대산농장,닭,육계,50200.0,경기도 화성시 장안면 독정리 1779,37.0730943198,126.8625812881,2021-11-30
경기도,화성시,대산농장,닭,육계,50200.0,경기도 화성시 장안면 독정리 1779번지,37.0724806,126.8624093,2020-06-30
경기도,화성시,대성농장,닭,육계,30000.0,경기도 화성시 남양읍 온석리 400-3,37.1663551768,126.8429665358,2020-07-31
경기도,화성시,대성농장,닭,종계,30000.0,경기도 화성시 남양읍 온석리 400-3,37.1663551768,126.8429665358,2021-09-30
경기도,화성시,대승농장,닭,육계,85000.0,경기도 화성시 남양읍 온석리 491번지 2호,37.1654738,126.8515754,2020-05-31
경기도,화성시,대승농장,닭,육계,85000.0,경기도 화성시 남양읍 온석리 491-2,37.1654738271,126.8515754359,2021-11-30
경기도,화성시,대양농장,닭,육계,10000.0,경기도 화성시 양감면 신왕리 1129번지,37.0729537,126.9632655,2020-06-30
경기도,화성시,대양농장,닭,종계,20000.0,경기도 화성시 양감면 신왕리 1129,37.0733314553,126.9633084611,2020-11-30
경기도,화성시,대양농장,닭,육계,10000.0,경기도 화성시 양감면 신왕리 1129,37.0733314553,126.9633084611,2020-07-31
경기도,화성시,대영농장,닭,산란계,100.0,경기도 화성시 기안동 318,37.2280722206,126.9748132207,2021-04-30
경기도,화성시,덕다양계장,닭,육계,40000.0,경기도 화성시 장안면 덕다리 산47-6,37.0635728393,126.839062347,2021-07-31
경기도,화성시,덕다양계장,닭,육계,40000.0,경기도 화성시 장안면 덕다리 산47-1번지,37.0642328,126.8389138,2020-05-31
경기도,화성시,덕다양계장,닭,육계,40000.0,경기도 화성시 장안면 덕다리 산47-6,37.0635713976,126.8388036522,2020-07-31
경기도,화성시,도원농장,닭,종계,2700.0,경기도 화성시 장안면 어은리 558,37.0841575742,126.8449143002,2021-06-30
경기도,화성시,도이리목장,닭,육계,60.0,경기도 화성시 향남읍 도이리 295-1,37.1376432952,126.9371385815,2020-11-30
경기도,화성시,독정양계장,닭,육계,28000.0,"경기도 화성시 장안면 독정리 733-1,-2, 1113-4",37.0853670214,126.8534099266,2021-04-30
경기도,화성시,동원농장,닭,종계,2700.0,경기도 화성시 남양읍 온석리 241번지,37.1701635,126.8549889,2020-01-31
경기도,화성시,동원농장,닭,종계,5400.0,경기도 화성시 남양읍 온석리 241,37.1702161084,126.8549855222,2020-07-31
경기도,화성시,동진목장,닭,육계,25.0,경기도 화성시 남양읍 장덕리 240-1,37.1636818683,126.8118813964,2021-11-30
경기도,화성시,동현농장,닭,육계,50000.0,경기도 화성시 팔탄면 월문리 158번지,37.1215825,126.8733234,2020-06-30
경기도,화성시,두레농장,닭,종계,2200.0,경기도 화성시 양감면 사창리 257,37.0953129425,126.9744626358,2020-07-31
경기도,화성시,뒷골농장,닭,육계,180.0,경기도 화성시 금곡동 608,37.164548407,127.0751045553,2020-07-31
경기도,화성시,마도양계장,닭,육계,20000.0,경기도 화성시 마도면 석교리 108,37.1992462411,126.7777653169,2021-09-30
경기도,화성시,마도양계장,닭,산란계,20000.0,경기도 화성시 마도면 백곡리 336번지,37.1828231,126.7171144,2020-06-30
경기도,화성시,매바위양계장,닭,육계,40000.0,경기도 화성시 남양읍 장덕리  947,37.1512148427,126.787366386,2021-04-30
경기도,화성시,매바위양계장,닭,육계,40000.0,경기도 화성시 남양읍 장덕리 947번지,37.1510569,126.7873851,2020-06-30
경기도,화성시,모세농장,닭,육계,52000.0,경기도 화성시 정남면 금복리 91,37.1600616705,126.9995017879,2020-11-30
경기도,화성시,무지개농장,닭,육계,70000.0,경기도 화성시 송산면 고포리 605-1번지,37.2360141,126.676401,2019-12-31
경기도,화성시,무지개농장,닭,육계,70000.0,경기도 화성시 송산면 고포리 605-1,37.236153493,126.6762435264,2021-04-30
경기도,화성시,무지개농장,닭,육계,35000.0,경기도 화성시 팔탄면 고주리 산21번지,37.1397240638,126.8852114853,2021-04-30
경기도,화성시,미래농장,닭,종계,1000.0,경기도 화성시 향남읍 길성리 1,37.1233846807,126.98303788,2021-09-30
경기도,화성시,미래숲,닭,산란계,19000.0,"경기도 화성시 양감면 사창리 200,201-1,-2",,,2021-09-30
경기도,화성시,민서네 꿩(약초)농장,꿩,꿩,300.0,"경기도 화성시 마도면 고모리 344-1,3",37.1733663893,126.7429796072,2020-11-30
경기도,화성시,방울산농장,닭,산란계,150.0,경기도 화성시 향남읍 방축리 208번지,37.12,126.93007,2019-12-31
경기도,화성시,방울산농장,닭,산란계,150.0,경기도 화성시 향남읍 방축리 208,37.120000086,126.9300700974,2021-07-31
경기도,화성시,백봉실크 오골계농장,닭,산란계,220.0,경기도 화성시 비봉면 남전리 109번지 1호,37.2309858,126.8428242,2020-06-30
경기도,화성시,백봉실크 오골계농장,닭,산란계,220.0,경기도 화성시 비봉면 남전리 109-1,37.2309858535,126.8428242354,2021-09-30
경기도,화성시,베드로목장,닭,산란계,8500.0,"경기도 화성시 장지동 389, 390",37.1482917515,127.1189437575,2021-04-30
경기도,화성시,봉황농장,닭,산란계,85000.0,경기도 화성시 남양읍 신남리 906-2번지,37.1844422,126.7985519,2019-12-31
경기도,화성시,봉황농장,닭,산란계,85000.0,경기도 화성시 남양읍 신남리 906-16,37.1843393753,126.7991436935,2021-06-30
경기도,화성시,부성축산,닭,산란계,25000.0,경기도 화성시 장안면 금의리 612-6번지,37.1073908,126.8370208,2020-06-30
경기도,화성시,부성축산,닭,종계,13500.0,경기도 화성시 향남읍 구문천리 784번지,37.0671444,126.8854136,2020-06-30
경기도,화성시,부성축산,닭,산란계,25000.0,경기도 화성시 장안면 금의리 612-6,37.1079024814,126.8371129227,2021-09-30
경기도,화성시,부성축산,닭,육계,84480.0,경기도 화성시 향남읍 구문천리 784번지,37.0671444,126.8854136,2020-06-30
경기도,화성시,부자농원,닭,육계,20000.0,경기도 화성시 장안면 사곡리 725-1번지,37.0577054,126.8013881,2020-05-31
경기도,화성시,부자농원,닭,육계,10000.0,경기도 화성시 장안면 사곡리 725-1,37.0575238089,126.8012228784,2020-11-30
경기도,화성시,부처물 농장,닭,육계,70000.0,경기도 화성시 마도면 고모리 578-12,37.173007478,126.7503275019,2021-06-30
경기도,화성시,부흥꿩농장,꿩,꿩,5000.0,경기도 화성시 우정읍 원안리 615-2,37.1009628558,126.774209239,2021-04-30
경기도,화성시,비봉농장,닭,산란계,10000.0,경기도 화성시 비봉면 자안리 312-1,37.2063901354,126.8770473812,2021-04-30
경기도,화성시,사또농장,닭,산란계,800.0,경기도 화성시 매송면 숙곡리 289,37.2573242052,126.907955473,2021-06-30
경기도,화성시,삼현농원,닭,육계,29000.0,경기도 화성시 양감면 사창리 1007번지 1호,37.084732,126.9680168,2020-06-30
경기도,화성시,삼현농원,닭,육계,29000.0,경기도 화성시 양감면 사창리 1007-1,37.0847320397,126.9680168615,2020-11-30
경기도,화성시,삼현농장,닭,육계,26000.0,경기도 화성시 우정읍 주곡리 386번지 5호,37.1165583,126.8098059,2019-12-31
경기도,화성시,삼현농장,닭,육계,26000.0,경기도 화성시 우정읍 주곡리 386-5,37.1165583758,126.8098059637,2021-11-30
경기도,화성시,삼화농장,닭,산란계,300.0,경기도 화성시 비봉면 삼화리 1108-1,37.2566189772,126.8524452561,2021-06-30
경기도,화성시,상신농원,닭,산란계,43000.0,경기도 화성시 향남읍 구문천리 881,37.0850687919,126.8924771077,2021-04-30
경기도,화성시,상신현대농원,닭,산란계,40000.0,경기도 화성시 향남읍 구문천리 881,37.0850687919,126.8924771077,2020-11-30
경기도,화성시,상진농장,닭,육계,25000.0,경기도 화성시 남양읍 활초리 산187-1번지,37.1619403,126.8371043,2020-05-31
경기도,화성시,상진농장,닭,육계,25000.0,경기도 화성시 남양읍 활초리 산187-2,37.1611770677,126.8373800613,2021-06-30
경기도,화성시,서봉누리농원,닭,육계,500.0,경기도 화성시 정남면 계향리 218,37.1437666109,126.9916032489,2020-11-30
경기도,화성시,선경2축산,닭,육계,45000.0,"경기도 화성시 봉담읍 하가등리 393-7,6,392-2",37.1457270425,126.9333996819,2021-07-31
경기도,화성시,선경축산,닭,육계,45000.0,경기도 화성시 정남면 문학리 42-1,37.1493642266,126.9729965272,2020-07-31
경기도,화성시,성애농장,닭,육계,25000.0,경기도 화성시 봉담읍 하가등리 392-3번지,37.1456375,126.9344015,2020-06-30
경기도,화성시,성애농장,닭,육계,25000.0,경기도 화성시 봉담읍 하가등리 392-3,37.1457604811,126.9342971259,2021-04-30
경기도,화성시,성웅농장,닭,육계,70000.0,"경기도 화성시 마도면 고모리 347,348,512-2,3",,,2020-07-31
경기도,화성시,성일양계장,닭,육계,50000.0,경기도 화성시 마도면 청원리 576-5번지,37.176634,126.7711989,2019-12-31
경기도,화성시,성일양계장,닭,육계,50000.0,경기도 화성시 마도면 청원리 576-5,37.1769973777,126.7714773308,2021-11-30
경기도,화성시,세종농장,닭,산란계,263530.0,경기도 화성시 남양읍 온석리 197-1,37.1724948309,126.8546507526,2021-07-31
경기도,화성시,소망농원,닭,산란계,100.0,경기도 화성시 마도면 백곡리 38번지,37.1913503,126.7339198,2020-06-30
경기도,화성시,소망농원,닭,산란계,100.0,경기도 화성시 마도면 백곡리 38,37.1913503106,126.7339198717,2021-06-30
경기도,화성시,소원축산,닭,종계,2000.0,경기도 화성시 우정읍 원안리 426,37.1066157442,126.7769248627,2021-11-30
경기도,화성시,수범농장,닭,육계,18000.0,경기도 화성시 남양읍 무송리 142-3,37.1980820867,126.84580165,2020-07-31
경기도,화성시,수현농장,닭,육계,40000.0,경기도 화성시 장안면 독정리 37-1번지,37.0702354,126.868778,2020-06-30
경기도,화성시,수현농장,닭,육계,40000.0,"경기도 화성시 장안면 독정리 37-1, 산63",,,2020-11-30
경기도,화성시,숙이네농장,오리,,50.0,경기도 화성시 송산면 삼존리 649-485,37.2182546143,126.7657157367,2021-11-30
경기도,화성시,순정농장,닭,산란계,14500.0,경기도 화성시 향남읍 도이리 377,37.1357245202,126.9319007462,2020-07-31
경기도,화성시,스마일농장,닭,육계,160000.0,경기도 화성시 장안면 독정리 1618,37.0607809335,126.8778575336,2020-07-31
경기도,화성시,신리농장,닭,육계,250.0,"경기도 화성시 신동 89-4, 81-3",37.1860840495,127.144161571,2020-07-31
경기도,화성시,신봉농장,닭,육계,35000.0,경기도 화성시 정남면 관항리 494-2,37.1848053957,126.9506912193,2021-04-30
경기도,화성시,신성농장,닭,육계,55000.0,경기도 화성시 우정읍 운평리 산71-1번지,37.0889731,126.7817011,2020-06-30
경기도,화성시,신성농장,닭,육계,55000.0,경기도 화성시 우정읍 운평리 산71-1,37.089155914,126.7818606086,2021-07-31
경기도,화성시,아침농원,꿩,산란계,200.0,경기도 화성시 안녕동 133-5,37.1972149181,127.0078379133,2021-11-30
경기도,화성시,안골농장,닭,육계,500.0,경기도 화성시 비봉면 삼화리 575번지,37.2408218,126.861489,2020-01-31
경기도,화성시,안골농장,닭,육계,500.0,경기도 화성시 비봉면 삼화리 575,37.2411728116,126.86141663,2021-04-30
경기도,화성시,애란농장,닭,종계,4300.0,경기도 화성시 마도면 해문리 482,37.1945366651,126.7396246527,2020-07-31
경기도,화성시,야곱농장,닭,종계,3700.0,경기도 화성시 양감면 사창리 338,37.0895955333,126.9759536331,2020-07-31
경기도,화성시,야곱농장,닭,종계,26700.0,경기도 화성시 양감면 사창리 338번지,37.0894556,126.9759329,2020-05-31
경기도,화성시,야곱농장,닭,육계,44500.0,경기도 화성시 양감면 사창리 359,37.0898424629,126.9732896314,2021-06-30
경기도,화성시,야마기시즘실현지영농조합법인,닭,산란계,50000.0,경기도 화성시 향남읍 구문천리 604-96번지,37.0716198,126.8918837,2020-04-30
경기도,화성시,야마기시즘실현지영농조합법인,닭,산란계,50000.0,경기도 화성시 향남읍 구문천리 산141-1,,,2021-09-30
경기도,화성시,양감(재래토종닭)농장,닭,산란계,350.0,경기도 화성시 양감면 용소리 625번지,37.0810417,126.986766,2020-06-30
경기도,화성시,양감(재래토종닭)농장,닭,산란계,350.0,경기도 화성시 양감면 용소리 625,37.0811154912,126.9867902881,2021-07-31
경기도,화성시,양지농장,닭,산란계,45000.0,경기도 화성시 양감면 용소리 111번지 1호,37.0706801,126.9922669,2019-12-31
경기도,화성시,양지농장,닭,산란계,45000.0,경기도 화성시 양감면 용소리 111-1,37.0708266225,126.9922255413,2020-07-31
경기도,화성시,양지뜰 향남농장,닭,산란계,111000.0,경기도 화성시 향남읍 상신리 1050번지,37.086342,126.8815825,2019-12-31
경기도,화성시,양지뜰 향남농장,닭,산란계,111000.0,"경기도 화성시 향남읍 상신리 1050,1051,1052,1053",,,2020-11-30
경기도,화성시,여흥농장,닭,육계,48000.0,"경기도 화성시 팔탄면 덕우리 250-1,-2,250",37.1247267813,126.8624975424,2021-07-31
경기도,화성시,연수농장,닭,육계,52000.0,경기도 화성시 장안면 석포리 산122,37.1365627271,126.831492443,2021-06-30
경기도,화성시,연지농장,닭,육계,45000.0,경기도 화성시 팔탄면 해창리 산35-1,37.1097507799,126.86856573,2021-09-30
경기도,화성시,연지농장,닭,육계,45000.0,경기도 화성시 팔탄면 해창리 산35-1,37.1091468011,126.8685594896,2020-07-31
경기도,화성시,영남농장,닭,육계,50000.0,경기도 화성시 장안면 독정리 864,37.0684443473,126.8430021746,2020-07-31
경기도,화성시,영완농장,닭,육계,7000.0,"경기도 화성시 팔탄면 가재리 601, 602",37.1497471119,126.9162048758,2021-11-30
경기도,화성시,예루양계장,닭,육계,27000.0,경기도 화성시 남양읍 신남리 1532,37.177934921,126.8137685831,2021-07-31
경기도,화성시,예산농장,닭,산란계,30000.0,경기도 화성시 팔탄면 율암리 313-1,37.1694016836,126.8711672977,2020-11-30
경기도,화성시,예찬농장,닭,산란계,2500.0,경기도 화성시 매송면 야목리 677번지,37.2630682,126.8862373,2020-01-31
경기도,화성시,온석농장,닭,산란계,216000.0,"경기도 화성시 남양읍 온석리 230,228-3,228-4,229",,,2021-06-30
경기도,화성시,온석농장,닭,산란계,216000.0,경기도 화성시 남양읍 온석리 230번지,37.1699734,126.8543025,2020-04-30
경기도,화성시,우성농장,닭,육계,700.0,경기도 화성시 남양읍 안석리 산118-1,37.16387675,126.8317587893,2020-07-31
경기도,화성시,우음도축산,닭,산란계,100.0,경기도 화성시 송산면 고정리 1263,37.2835089421,126.7384523416,2021-11-30
경기도,화성시,유농장,닭,육계,40000.0,경기도 화성시 남양읍 활초리 산187-1,37.1611770677,126.8373800613,2021-04-30
경기도,화성시,유림농장,닭,종계,2200.0,경기도 화성시 양감면 사창리 113-1,37.1034199527,126.9680982937,2021-07-31
경기도,화성시,육계농장,닭,육계,30000.0,경기도 화성시 봉담읍 하가등리 392-3번지,37.1456375,126.9344015,2020-05-31
경기도,화성시,육계농장,닭,육계,30000.0,경기도 화성시 봉담읍 하가등리 392-3,37.1457604811,126.9342971259,2020-11-30
경기도,화성시,윤호농장,닭,종계,2700.0,경기도 화성시 남양읍 활초리 685,37.1639632706,126.8375359471,2021-11-30
경기도,화성시,윤호농장,닭,종계,20700.0,경기도 화성시 남양읍 활초리 685번지,37.1637791,126.8375281,2020-05-31
경기도,화성시,은혜양계장,닭,육계,50000.0,경기도 화성시 남양읍 신남리 1539,37.1766813905,126.8136672728,2020-07-31
경기도,화성시,임마누엘농장,닭,육계,30000.0,경기도 화성시 장안면 수촌리 산82-3,37.0853379991,126.8580232341,2021-07-31
경기도,화성시,임마누엘농장,닭,육계,30000.0,경기도 화성시 장안면 수촌리 산82-3번지,37.0852251,126.8578533,2020-01-31
경기도,화성시,자유농장,닭,산란계,4000.0,경기도 화성시 장안면 독정리 산282-1,37.0647630506,126.8505478051,2021-04-30
경기도,화성시,장수농장,닭,육계,65000.0,경기도 화성시 향남읍 하길리 78-1,,,2021-11-30
경기도,화성시,장학순건강란,닭,산란계,20000.0,경기도 화성시 장안면 장안리 279,37.0539481918,126.855903452,2021-11-30
경기도,화성시,재성농장,닭,육계,40000.0,경기도 화성시 우정읍 운평리 1051번지,37.0777038,126.7691499,2020-06-30
경기도,화성시,재성농장,닭,육계,40000.0,"경기도 화성시 우정읍 운평리 1051, 1051-1, 1051-2",37.0778651552,126.769220624,2021-06-30
경기도,화성시,전정식농장,닭,산란계,120.0,경기도 화성시 비봉면 삼화리 802번지 3호,37.2483168,126.8528526,2020-06-30
경기도,화성시,전정식농장,닭,산란계,120.0,경기도 화성시 비봉면 삼화리 802-3,37.2483168229,126.8528526526,2021-11-30
경기도,화성시,정남농장,닭,종계,1300.0,경기도 화성시 정남면 문학리 599-1,37.1561416667,126.9627011459,2021-04-30
경기도,화성시,정남농장,닭,종계,13300.0,경기도 화성시 정남면 문학리 599-1번지,37.1559765,126.9627607,2020-05-31
경기도,화성시,정남농장,닭,산란계,20000.0,경기도 화성시 정남면 계향리 589번지 1호,37.142476,126.9916716,2020-04-30
경기도,화성시,정문농장,닭,종계,16000.0,경기도 화성시 양감면 정문리 646-1번지,37.0946201,126.9832649,2020-05-31
경기도,화성시,정문농장,닭,종계,1000.0,경기도 화성시 양감면 정문리 646-1,37.0949550009,126.9832648427,2021-09-30
경기도,화성시,정인양계장,닭,육계,30000.0,경기도 화성시 팔탄면 율암리 산56-79,37.1685556169,126.8746844647,2020-11-30
경기도,화성시,정인양계장,닭,육계,30000.0,경기도 화성시 팔탄면 율암리 산56-79,37.1690514937,126.8748309277,2020-07-31
경기도,화성시,제이피에프,닭,종계,3800.0,경기도 화성시 향남읍 구문천리 784,37.0681311168,126.8854692124,2021-11-30
경기도,화성시,제일농장,닭,종계,4000.0,경기도 화성시 양감면 송산리 1003-5,37.1011987288,126.9897878644,2021-04-30
경기도,화성시,주은농장,닭,육계,85000.0,경기도 화성시 남양읍 북양리 577,37.2084134488,126.8575793771,2021-09-30
경기도,화성시,중추농장,닭,산란계,28000.0,경기도 화성시 향남읍 동오리 622,37.1352698952,126.9617904423,2020-07-31
경기도,화성시,진석농장,닭,육계,25000.0,경기도 화성시 향남읍 도이리 163,37.1413782401,126.9209419718,2020-07-31
경기도,화성시,진석농장,닭,육계,25000.0,경기도 화성시 향남읍 도이리 163번지,37.141142,126.9214283,2020-05-31
경기도,화성시,진현농장,닭,산란계,75500.0,경기도 화성시 정남면 음양리 466번지,37.151143,127.0225023,2020-04-30
경기도,화성시,진현농장,닭,산란계,75500.0,경기도 화성시 정남면 음양리 466,37.1508610297,127.0220059091,2021-04-30
경기도,화성시,질라라비농장,닭,육계,60000.0,경기도 화성시 우정읍 조암리 산91-3번지,37.0832591,126.8065839,2020-04-30
경기도,화성시,질라라비농장,닭,육계,60000.0,경기도 화성시 우정읍 조암리 산 91-3,37.0835721318,126.8069356632,2021-09-30
경기도,화성시,질라라비농장,닭,육계,60000.0,경기도 화성시 우정읍 조암리 산 91-3,37.0838178664,126.807338466,2020-07-31
경기도,화성시,참빛농장,닭,육계,20000.0,경기도 화성시 장안면 사랑리 248번지 2호,37.0691438,126.8326625,2020-01-31
경기도,화성시,청계농장,닭,육계,65000.0,경기도 화성시 우정읍 멱우리 411-4,37.1019861649,126.8253817345,2020-07-31
경기도,화성시,청석골농장,닭,산란계,53000.0,경기도 화성시 양감면 사창리 660-1,37.1003675466,126.9618798991,2020-07-31
경기도,화성시,청신농장,닭,종계,1000.0,경기도 화성시 양감면 신왕리 1972,37.0714537978,126.9647053664,2021-09-30
경기도,화성시,초혜지농장,닭,육계,50000.0,"경기도 화성시 정남면 금복리 92, 93, 91-1",,,2020-07-31
경기도,화성시,초혜지농장,닭,육계,50000.0,경기도 화성시 정남면 금복리 92번지,37.1599208,126.9998648,2020-04-30
경기도,화성시,큰양계장,닭,육계,50000.0,경기도 화성시 장안면 금의리 600-4,37.1090856234,126.8295055754,2020-11-30
경기도,화성시,태경농장,닭,육계,23000.0,경기도 화성시 남양읍 온석리 491-3,37.1650777567,126.8518802103,2021-04-30
경기도,화성시,태성농장,닭,육계,61000.0,"경기도 화성시 남양읍 온석리 494-2,-3",37.1657035317,126.8506649881,2021-06-30
경기도,화성시,태양농원,닭,산란계,2500.0,"경기도 화성시 비봉면 쌍학리 826번지 , 827",37.22302,126.898817,2020-05-31
경기도,화성시,태양농원,닭,산란계,2500.0,"경기도 화성시 비봉면 쌍학리 826 , 827",37.2230200709,126.8988170579,2021-07-31
경기도,화성시,태양양계농장,닭,산란계,50000.0,경기도 화성시 팔탄면 율암리 산67-2,37.1669301277,126.8691490897,2020-11-30
경기도,화성시,태양양계농장,닭,산란계,50000.0,경기도 화성시 팔탄면 율암리 산67-2번지,37.1663337,126.8698806,2020-06-30
경기도,화성시,태행목장,닭,육계,150.0,경기도 화성시 비봉면 청요리 702-4번지,37.2107982,126.8945754,2020-04-30
경기도,화성시,태행목장,닭,육계,100.0,경기도 화성시 비봉면 청요리 702-4,37.2106366685,126.8946161586,2021-11-30
경기도,화성시,택호오리농장,오리,,1000.0,경기도 화성시 송산면 고정리 35-13,37.2459008623,126.7614787241,2020-07-31
경기도,화성시,토종닭농장,닭,육계,1000.0,경기도 화성시 우정읍 매향리 543-1번지,37.0472867,126.7751223,2019-12-31
경기도,화성시,토종닭농장,닭,육계,1000.0,경기도 화성시 우정읍 매향리 543-1,37.0473160173,126.7750577352,2021-09-30
경기도,화성시,툇마루농장,꿩,꿩,1000.0,경기도 화성시 장안면 수촌리 1434번지 6호,37.0964475,126.8691367,2020-05-31
경기도,화성시,파머스가든,닭,산란계,570000.0,경기도 화성시 양감면 사창리 721-6번지,37.1033708,126.9562075,2020-06-30
경기도,화성시,파머스가든,닭,산란계,600000.0,경기도 화성시 양감면 사창리 721-6,37.1042791318,126.955831218,2021-11-30
경기도,화성시,푸른농장,닭,육계,200.0,경기도 화성시 봉담읍 상기리 551-2,37.1968901316,126.9161237501,2021-09-30
경기도,화성시,한일농장,닭,종계,20900.0,경기도 화성시 남양읍 온석리 488번지,37.1645574,126.8536938,2020-05-31
경기도,화성시,한일농장,닭,종계,1900.0,경기도 화성시 남양읍 온석리 488,37.1640640472,126.8541592891,2020-11-30
경기도,화성시,해뜨는농장,닭,육계,50000.0,"경기도 화성시 마도면 고모리 1, 1-1",37.1766563891,126.7443774128,2020-07-31
경기도,화성시,해오름 조암농장,오리,산란계,44200.0,"경기도 화성시 우정읍 매향리 504-1,504,505-1,506-5",37.0469269415,126.7707843455,2021-07-31
경기도,화성시,해오름 조암농장,닭,산란계,44200.0,경기도 화성시 우정읍 매향리 503번지,37.0475646,126.7697594,2020-04-30
경기도,화성시,해창농장,꿩,꿩,150.0,경기도 화성시 팔탄면 해창리 산35-1,37.1097507799,126.86856573,2020-11-30
경기도,화성시,해창농장,꿩,꿩,150.0,경기도 화성시 팔탄면 해창리 산35-1번지,37.1101426,126.8683026,2020-06-30
경기도,화성시,해창농장,꿩,꿩,150.0,경기도 화성시 팔탄면 해창리 산35-1,37.1091468011,126.8685594896,2020-07-31
경기도,화성시,향촌농원,닭,산란계,4400.0,경기도 화성시 정남면 발산리 646-3,37.1521977299,126.9861768947,2021-07-31
경기도,화성시,현대농장,닭,육계,80000.0,경기도 화성시 송산면 독지리 318,37.2473177365,126.6861119168,2021-07-31
경기도,화성시,현대축산,닭,산란계,45000.0,경기도 화성시 우정읍 매향리 506-3번지,37.0471807,126.7715592,2020-05-31
경기도,화성시,형수농장,닭,육계,35000.0,경기도 화성시 남양읍 활초리 산187-2,37.1611770677,126.8373800613,2020-07-31
경기도,화성시,형수농장,닭,육계,14000.0,경기도 화성시 남양읍 활초리 187-2,,,2020-07-31
경기도,화성시,형제농장,닭,육계,52000.0,경기도 화성시 양감면 대양리 111-2,37.0943758915,126.9487452898,2021-11-30
경기도,화성시,호계농장,닭,종계,1500.0,경기도 화성시 양감면 송산리 440,37.107838995,126.9858491393,2021-09-30
경기도,화성시,홍유웅농장,닭,육계,30000.0,경기도 화성시 서신면 홍법리 28번지,37.1711069,126.7273935,2019-12-31
경기도,화성시,화성농장,닭,종계,25000.0,경기도 화성시 남양읍 온석리 499-4,37.1640547,126.8481669,2020-06-30
경기도,화성시,화성농장,닭,종계,2500.0,경기도 화성시 남양읍 온석리 499-4,37.1640547876,126.8481669246,2021-07-31
경기도,화성시,화성양계장,닭,종계,40000.0,경기도 화성시 장안면 독정리 222,37.0766259462,126.8639017359,2021-06-30
경기도,화성시,화성양계장,닭,육계,40000.0,경기도 화성시 장안면 독정리 222,37.0766259462,126.8639017359,2020-07-31
경기도,화성시,화현농장,닭,산란계,1500.0,경기도 화성시 남양읍 문호리 산 18번지,37.2645107,126.7948635,2020-06-30
경기도,화성시,화현농장,닭,산란계,1500.0,경기도 화성시 남양읍 문호리 산18,37.2647565647,126.7952863995,2020-07-31
경기도,화성시,황기농장,닭,육계,30000.0,"경기도 화성시 정남면 덕절리 96-1,97-1,97-2,116-1",,,2021-06-30
경기도,화성시,희망축산,닭,육계,130000.0,경기도 화성시 남양읍 온석리 492번지,37.1637995,126.8528847,2020-04-30
경기도,화성시,희망축산,닭,육계,5240.0,경기도 화성시 남양읍 온석리 492,37.1642639867,126.852806021,2021-11-30
경기도,화성시,희산농장,닭,육계,30000.0,경기도 화성시 남양읍 신남리 1552,37.1787869129,126.8224125431,2020-07-31
경기도,화성시,가람농장,닭,산란계,0.0,경기도 화성시 봉담읍 상리 152-5,37.234700047,126.9432852337,2025-07-31
경기도,화성시,건국농장,닭,육계,0.0,"경기도 화성시 장안면 독정리 794-2, 794-4, 794-5",37.0761457264,126.8468619832,2025-05-31
경기도,화성시,건국축산농원,닭,육계,0.0,"경기도 화성시 장안면 독정리 794-2 794-4,794-5,794-12",37.0761457264,126.8468619832,2025-07-31
경기도,화성시,경기농장,닭,육계,0.0,경기도 화성시 팔탄면 율암리 389-1,37.1689313646,126.8725679012,2025-08-31
경기도,화성시,계원농장,닭,종계,19948.0,경기도 화성시 양감면 사창리 261,37.095121558,126.976028108,2025-04-30
경기도,화성시,광도농장,닭,육계,72500.0,경기도 화성시 장안면 노진리 26-1 외 15필지,37.0538079578,126.8179132875,2025-08-31
경기도,화성시,금송농장,닭,육계,63000.0,경기도 화성시 장안면 장안리 489,37.0448085205,126.8560369085,2025-05-31
경기도,화성시,금의양계장,닭,육계,44600.0,경기도 화성시 장안면 사곡리 833-6,37.0578204052,126.8087670772,2025-08-31
경기도,화성시,김포팜,오리,,0.0,경기도 화성시 정남면 괘랑리 181-1,37.1821506759,126.9963143156,2025-08-31
경기도,화성시,남양양계,닭,산란계,46500.0,"경기도 화성시 남양읍 온석리 480, 480-1",37.169570316,126.8555767311,2025-04-30
경기도,화성시,남에벤에셀,닭,육계,49850.0,경기도 화성시 장안면 사곡리 879,37.0645813197,126.8088182167,2025-08-31
경기도,화성시,다산농장,닭,종계,14500.0,경기도 화성시 양감면 용소리 190번지,37.0722354844,126.9865576471,2025-04-30
경기도,화성시,다산양계,닭,산란계,135000.0,"경기도 화성시 팔탄면 구장리 309-2,-3,-4, 310-1",37.1533055457,126.9013236488,2025-05-31
경기도,화성시,다원농장,닭,육계,0.0,경기도 화성시 우정읍 화수리 964-17,37.1101671198,126.789236864,2025-05-31
경기도,화성시,대륭농장,닭,육계,0.0,경기도 화성시 양감면 신왕리 1950,37.0733754906,126.9610919678,2025-07-31
경기도,화성시,대륭목장,닭,종계,0.0,경기도 화성시 양감면 신왕리 1950,37.0733754906,126.9610919678,2025-08-31
경기도,화성시,대박농장,닭,육계,48500.0,경기도 화성시 송산면 지화리 574-2,37.2108425291,126.6801251299,2025-04-30
경기도,화성시,대산농장,닭,육계,35500.0,경기도 화성시 장안면 독정리 1779,37.0730943198,126.8625812881,2025-04-30
경기도,화성시,대승농장,닭,육계,0.0,경기도 화성시 남양읍 온석리 491-2,37.1655970344,126.8509700071,2025-04-30
경기도,화성시,대양농장,닭,종계,0.0,경기도 화성시 양감면 신왕리 1129,37.0733314553,126.9633084611,2025-04-30
경기도,화성시,덕다양계장,닭,육계,0.0,경기도 화성시 장안면 덕다리 산 47-6,37.0635728393,126.839062347,2025-05-31
경기도,화성시,도원농장,닭,종계,67700.0,"경기도 화성시 장안면 어은리 558번지,  화성시 장안면 장안로 260",37.0841575742,126.8449143002,2025-05-31
경기도,화성시,동원농장,닭,육계,0.0,경기도 화성시 남양읍 온석리 241,37.1702161084,126.8549855222,2025-07-31
경기도,화성시,동진목장,닭,육계,0.0,경기도 화성시 남양읍 장덕리 240-1,37.1636818683,126.8118813964,2025-08-31
경기도,화성시,두레농장,닭,산란계,0.0,경기도 화성시 양감면 사창리 257,37.0953129425,126.9744626358,2025-04-30
경기도,화성시,두레농장,닭,종계,0.0,경기도 화성시 양감면 사창리 257,37.0953129425,126.9744626358,2025-04-30
경기도,화성시,마도청계,닭,산란계,0.0,경기도 화성시 마도면 석교리 648,37.1990613063,126.7707055407,2025-04-30
경기도,화성시,매바위양계장,닭,육계,40500.0,경기도 화성시 남양읍 장덕리  947,37.1512148427,126.787366386,2025-05-31
경기도,화성시,무지개농장,닭,육계,0.0,경기도 화성시 송산면 고포리 605-1,37.236153493,126.6762435264,2025-05-31
경기도,화성시,민서네 꿩(약초)농장,꿩,꿩,0.0,"경기도 화성시 마도면 고모리 344-1,3",37.1733663893,126.7429796072,2025-08-31
경기도,화성시,방울산농장,닭,산란계,0.0,경기도 화성시 향남읍 방축리 208,37.1200772592,126.9301037796,2025-04-30
경기도,화성시,백봉실크 오골계농장,닭,산란계,0.0,경기도 화성시 비봉면 남전리 109-1,37.2311090182,126.8429111299,2025-08-31
경기도,화성시,봉황농장,닭,산란계,75000.0,경기도 화성시 남양읍 신남리 906-16,37.1843393753,126.7991436935,2025-05-31
경기도,화성시,부부농장,닭,육계,0.0,경기도 화성시 정남면 계향리 218,37.1437666109,126.9916032489,2025-07-31
경기도,화성시,부자농원,닭,육계,34000.0,경기도 화성시 장안면 사곡리 725-1,37.0578581758,126.8013660266,2025-05-31
경기도,화성시,비봉농장,닭,산란계,23000.0,경기도 화성시 비봉면 자안리 312-1,37.2063901354,126.8770473812,2025-08-31
경기도,화성시,삼현농원,닭,육계,0.0,경기도 화성시 양감면 사창리 1007-1,37.0850624267,126.9680863647,2025-05-31
경기도,화성시,삼현농장,닭,육계,0.0,경기도 화성시 우정읍 주곡리 386-5,37.1166660153,126.8098529819,2025-05-31
경기도,화성시,선경2축산,닭,육계,68360.0,"경기도 화성시 봉담읍 하가등리 393-7,6,392-2",37.1455193971,126.9328913812,2025-05-31
경기도,화성시,선경축산,닭,육계,0.0,경기도 화성시 정남면 문학리 42-1,37.1493642266,126.9729965272,2025-05-31
경기도,화성시,성웅농장,닭,육계,54020.0,"경기도 화성시 마도면 고모리 347,348,512-2,3",37.1730026662,126.7438956429,2025-07-31
경기도,화성시,성일양계장,닭,육계,0.0,경기도 화성시 마도면 청원리 576-5,37.1769973777,126.7714773308,2025-05-31
경기도,화성시,세종농장,닭,산란계,254020.0,경기도 화성시 남양읍 온석리 197-1,37.1724948309,126.8546507526,2025-04-30
경기도,화성시,소망농원,닭,산란계,0.0,경기도 화성시 마도면 백곡리 38,37.1914569325,126.7340022031,2025-05-31
경기도,화성시,소원축산,닭,종계,0.0,"경기도 화성시 우정읍 원안리 426, 호곡리 991",37.10676736,126.7770687664,2025-04-30
경기도,화성시,수현농장,닭,육계,0.0,"경기도 화성시 장안면 독정리 37-1, 산63",37.0705305437,126.8686210602,2025-05-31
경기도,화성시,신봉농장,닭,육계,0.0,경기도 화성시 정남면 관항리 494-2,37.1848053957,126.9506912193,2025-05-31
경기도,화성시,신성농장,닭,육계,0.0,경기도 화성시 우정읍 운평리 산 71-1,37.089155914,126.7818606086,2025-05-31
경기도,화성시,아침농원,닭,산란계,0.0,경기도 화성시 안녕동 133-5,37.1973120594,127.0078875494,2025-04-30
경기도,화성시,야마기시즘실현지영농조합법인,닭,산란계,35640.0,경기도 화성시 향남읍 구문천리 산 141-1,37.0714653505,126.8922706576,2025-05-31
경기도,화성시,양감농장,닭,종계,0.0,"경기도 화성시 양감면 사창리 782-1, -2",37.0966780769,126.9632788713,2025-05-31
경기도,화성시,양지뜰 향남농장,닭,산란계,0.0,"경기도 화성시 향남읍 상신리 1050,1051,1052,1053",37.086041626,126.8801489614,2025-04-30
경기도,화성시,여흥농장,닭,육계,0.0,"경기도 화성시 팔탄면 덕우리 250-1,-2,250",37.1247267813,126.8624975424,2025-08-31
경기도,화성시,연지농장,닭,육계,0.0,경기도 화성시 팔탄면 해창리 산35-1,37.1105353925,126.8686380013,2025-07-31
경기도,화성시,영남농장,닭,육계,74100.0,경기도 화성시 장안면 독정리 864,37.0684443473,126.8430021746,2025-05-31
경기도,화성시,예산농장,닭,산란계,0.0,경기도 화성시 팔탄면 율암리 313-1,37.1694016836,126.8711672977,2025-08-31
경기도,화성시,오늘농장,닭,산란계,11000.0,"경기도 화성시 양감면 송산리 1003-5, -6, -7",37.1016459523,126.9900729949,2025-04-30
경기도,화성시,온석2농장,닭,산란계,70000.0,경기도 화성시 남양읍 온석리 276,37.1678416357,126.8477068992,2025-05-31
경기도,화성시,온석농장,닭,산란계,278540.0,"경기도 화성시 남양읍 온석리 230,228-3,228-4,229",37.1700935322,126.8539953388,2025-05-31
경기도,화성시,유농장,닭,육계,0.0,경기도 화성시 남양읍 활초리 산 187-1,37.1611770677,126.8373800613,2025-05-31
경기도,화성시,윤호농장,닭,종계,23000.0,경기도 화성시 남양읍 활초리 685,37.1639289788,126.8378516103,2025-08-31
경기도,화성시,장학순건강란,닭,산란계,0.0,경기도 화성시 장안면 장안리 279,37.0539481918,126.855903452,2025-04-30
경기도,화성시,재성농장,닭,육계,0.0,"경기도 화성시 우정읍 운평리 1051, 1051-1, 1051-2",37.0778651552,126.769220624,2025-08-31
경기도,화성시,전정식농장,닭,산란계,0.0,경기도 화성시 비봉면 삼화리 802-3,37.248405861,126.8529010826,2025-08-31
경기도,화성시,정남농장,닭,종계,15000.0,경기도 화성시 정남면 문학리 599-1,37.1561416667,126.9627011459,2025-07-31
경기도,화성시,정남농장,닭,산란계,15000.0,경기도 화성시 정남면 음양리 466,37.1508610297,127.0220059091,2025-08-31
경기도,화성시,정문농장,닭,종계,0.0,경기도 화성시 양감면 정문리 646-1,37.0949550009,126.9832648427,2025-05-31
경기도,화성시,제이피에프,닭,종계,0.0,"경기도 화성시 향남읍 구문천리 784, 798",37.0672392744,126.8855776461,2025-04-30
경기도,화성시,주은농장,닭,육계,24000.0,경기도 화성시 남양읍 북양리 577,37.2084134488,126.8575793771,2025-04-30
경기도,화성시,지엠지,닭,종계,0.0,경기도 화성시 장안면 수촌리 1417-6,37.1082910647,126.8636144955,2025-05-31
경기도,화성시,질라라비농장,닭,육계,0.0,경기도 화성시 우정읍 조암리 산 91-3,37.0835721318,126.8069356632,2025-07-31
경기도,화성시,천하농장,닭,산란계,0.0,"경기도 화성시 송산면 천등리 429-2, -6",37.2351677253,126.7047761773,2025-07-31
경기도,화성시,청석골농장,닭,산란계,51950.0,경기도 화성시 양감면 사창리 660-1,37.1006822151,126.9616976142,2025-05-31
경기도,화성시,청신농장,닭,육계,16000.0,"경기도 화성시 양감면 신왕리 1972, 1973",37.0716446127,126.9650415074,2025-04-30
경기도,화성시,청신농장,닭,종계,16000.0,"경기도 화성시 양감면 신왕리 1972,1973",37.0716446127,126.9650415074,2025-04-30
경기도,화성시,큰양계장,닭,육계,0.0,경기도 화성시 장안면 금의리 600-4,37.1090856234,126.8295055754,2025-07-31
경기도,화성시,태경농장,닭,육계,0.0,경기도 화성시 남양읍 온석리 491-3,37.1648879197,126.8515167019,2025-04-30
경기도,화성시,토종닭농장,닭,육계,0.0,경기도 화성시 우정읍 매향리 543-1,37.0473160173,126.7750577352,2025-05-31
경기도,화성시,파머스가든,닭,산란계,0.0,경기도 화성시 양감면 사창리 721-6,37.1040273633,126.9559680693,2025-08-31
경기도,화성시,푸른농장,닭,육계,0.0,경기도 화성시 봉담읍 상기리 551-2,37.1968901316,126.9161237501,2025-04-30
경기도,화성시,피엔씨코리아,닭,산란계,0.0,경기도 화성시 향남읍 구문천리 881,37.0850687919,126.8924771077,2025-05-31
경기도,화성시,한일농장,닭,종계,20060.0,경기도 화성시 남양읍 온석리 488,37.1640640472,126.8541592891,2025-08-31
경기도,화성시,해뜨는농장,닭,육계,0.0,"경기도 화성시 마도면 고모리 1, 1-1",37.1766563891,126.7443774128,2025-04-30
경기도,화성시,해오름 조암농장,닭,산란계,0.0,"경기도 화성시 우정읍 매향리 504-1,504,505-1,506-5",37.0473807947,126.7709186984,2025-08-31
경기도,화성시,향촌농원,닭,산란계,3200.0,경기도 화성시 정남면 발산리 646-3,37.1523005099,126.9862085319,2025-07-31
경기도,화성시,호계농장,닭,종계,0.0,"경기도 화성시 양감면 송산리 440,440-1",37.1080989329,126.9856291056,2025-04-30
경기도,화성시,화성농장,닭,종계,0.0,"경기도 화성시 남양읍 온석리 499-4,-9,-10",37.1641482943,126.8481441097,2025-07-31
경기도,화성시,화성양계장,닭,종계,0.0,"경기도 화성시 장안면 독정리 221-1, -2, 222, 223, 235-2",37.0766259462,126.8639017359,2025-04-30
경기도,화성시,희산농장,닭,육계,0.0,경기도 화성시 남양읍 신남리 1552,37.1787869129,126.8224125431,2025-05-31
경기도,화성시,가람농장,닭,산란계,20.0,경기도 화성시 효행구 봉담읍 상리 152-5,37.2347034212,126.9432758988,2026-02-26
경기도,화성시,감우농장,닭,육계,0.0,경기도 화성시 남양읍 장덕리 1077,37.1647380646,126.8199587297,2026-01-31
경기도,화성시,감우농장,닭,육계,55400.0,경기도 화성시 만세구 남양읍 장덕리 1077,37.1647380646,126.8199587297,2026-02-26
경기도,화성시,건국농장,닭,육계,15000.0,경기도 화성시 만세구 장안면 독정리 794-2,37.0761457264,126.8468619832,2026-02-26
경기도,화성시,건국축산농원,닭,육계,50000.0,경기도 화성시 만세구 장안면 독정리 794-2,37.0761457264,126.8468619832,2026-02-26
경기도,화성시,경기농장,닭,육계,0.0,경기도 화성시 만세구 팔탄면 율암리 389-1,37.1689313646,126.8725679012,2026-02-26
경기도,화성시,계원농장,닭,종계,19948.0,경기도 화성시 만세구 양감면 사창리 261,37.095121558,126.976028108,2026-02-26
경기도,화성시,고려꿩농장,닭,꿩,20.0,경기도 화성시 만세구 팔탄면 기천리 산132,37.1767521427,126.9051152063,2026-02-26
경기도,화성시,고려꿩농장,꿩,꿩,20.0,경기도 화성시 팔탄면 기천리 산132,37.1762002154,126.9047027341,2026-01-31
경기도,화성시,관항농장,닭,육계,0.0,"경기도 화성시 정남면 관항리 530, 531, 537, 538, 539-2",37.1814010322,126.9552334012,2026-01-31
경기도,화성시,관항농장,닭,육계,30000.0,경기도 화성시 효행구 정남면 관항리 530,37.1814010322,126.9552334012,2026-02-26
경기도,화성시,광도농장,닭,육계,67000.0,경기도 화성시 만세구 장안면 노진리 26-1,37.0538079578,126.8179132875,2026-02-26
경기도,화성시,금송농장,닭,육계,63000.0,경기도 화성시 만세구 장안면 장안리 489,37.0447171617,126.8558127728,2026-02-26
경기도,화성시,금의양계장,닭,육계,50000.0,경기도 화성시 만세구 장안면 사곡리 833-6,37.0578204052,126.8087670772,2026-02-26
경기도,화성시,꼬꼬마을농장,닭,산란계,500.0,경기도 화성시 만세구 장안면 노진리 12-4,37.0539416124,126.8212881226,2026-02-26
경기도,화성시,꼬꼬마을농장,닭,산란계,0.0,경기도 화성시 장안면 노진리 12-4,37.0539441383,126.8212826711,2026-01-31
경기도,화성시,남양양계,닭,산란계,48400.0,경기도 화성시 만세구 남양읍 온석리 480,37.169570316,126.8555767311,2026-02-26
경기도,화성시,남에벤에셀,닭,육계,30000.0,경기도 화성시 만세구 장안면 사곡리 879,37.0645813197,126.8088182167,2026-02-26
경기도,화성시,농업회사법인㈜정인,닭,육계,0.0,"경기도 화성시 우정읍 석천리 766, 1037-28",37.0456053242,126.7768620304,2026-01-31
경기도,화성시,농업회사법인㈜정인,닭,육계,40000.0,경기도 화성시 만세구 우정읍 석천리 766,37.0450764656,126.7773505982,2026-02-26
경기도,화성시,다산농장,닭,종계,14500.0,경기도 화성시 만세구 양감면 용소리 190,37.0722354844,126.9865576471,2026-02-26
경기도,화성시,다산양계,닭,산란계,60000.0,경기도 화성시 만세구 팔탄면 구장리 309-2,37.1533055457,126.9013236488,2026-02-26
경기도,화성시,다원농장,닭,육계,50000.0,경기도 화성시 만세구 우정읍 화수리 964-17,37.1101671198,126.789236864,2026-02-26
경기도,화성시,대륭농장,닭,육계,27478.0,경기도 화성시 만세구 양감면 신왕리 1950,37.0733754906,126.9610919678,2026-02-26
경기도,화성시,대륭목장,닭,종계,0.0,경기도 화성시 만세구 양감면 신왕리 1950,37.0733754906,126.9610919678,2026-02-26
경기도,화성시,대박농장,닭,육계,50000.0,경기도 화성시 만세구 송산면 지화리 574-2,37.2108425291,126.6801251299,2026-02-26
경기도,화성시,대산농장,닭,육계,31973.0,경기도 화성시 만세구 장안면 독정리 1779,37.0730943198,126.8625812881,2026-02-26
경기도,화성시,대성농장,닭,종계,9206.0,"경기도 화성시 남양읍 온석리 400-1, 400-2, 400-3, 451-1",37.1663551768,126.8429665358,2026-01-31
경기도,화성시,대성농장,닭,종계,9206.0,경기도 화성시 만세구 남양읍 온석리 400-1,37.1663551768,126.8429665358,2026-02-26
경기도,화성시,대양농장,닭,종계,0.0,경기도 화성시 만세구 양감면 신왕리 1129,37.0733314553,126.9633084611,2026-02-26
경기도,화성시,덕다양계장,닭,육계,29340.0,경기도 화성시 만세구 장안면 덕다리 산 47-6,37.0635728393,126.839062347,2026-02-26
경기도,화성시,도원농장,닭,육계,67700.0,"경기도 화성시 장안면 어은리 558, 562",37.0841575742,126.8449143002,2026-01-31
경기도,화성시,도원농장,닭,종계,67700.0,경기도 화성시 만세구 장안면 어은리 558,37.0841575742,126.8449143002,2026-02-26
경기도,화성시,도원농장,닭,육계,50000.0,경기도 화성시 만세구 장안면 어은리 558,37.0841575742,126.8449143002,2026-02-26
경기도,화성시,동원농장,닭,육계,0.0,경기도 화성시 만세구 남양읍 온석리 241,37.1702161084,126.8549855222,2026-02-26
경기도,화성시,동진목장,닭,육계,30.0,경기도 화성시 만세구 남양읍 장덕리 240-1,37.1636818683,126.8118813964,2026-02-26
경기도,화성시,두레농장,닭,산란계,40000.0,경기도 화성시 만세구 양감면 사창리 257,37.0953129425,126.9744626358,2026-02-26
경기도,화성시,두레농장,닭,종계,0.0,경기도 화성시 만세구 양감면 사창리 257,37.0953129425,126.9744626358,2026-02-26
경기도,화성시,마도청계,닭,산란계,130.0,경기도 화성시 만세구 마도면 석교리 648,37.1990601796,126.7707053681,2026-02-26
경기도,화성시,매바위양계장,닭,육계,30000.0,경기도 화성시 만세구 남양읍 장덕리  947,37.1512148427,126.787366386,2026-02-26
경기도,화성시,모세농장,닭,육계,53000.0,경기도 화성시 정남면 금복리 91,37.1600425962,126.9992541385,2026-01-31
경기도,화성시,모세농장,닭,육계,52000.0,경기도 화성시 효행구 정남면 금복리 91,37.1600425962,126.9992541385,2026-02-26
경기도,화성시,무지개농장,닭,육계,57300.0,경기도 화성시 만세구 송산면 고포리 605-1,37.236153493,126.6762435264,2026-02-26
경기도,화성시,미래농장,닭,육계,55000.0,경기도 화성시 향남읍 길성리 1,37.1233846807,126.98303788,2026-01-31
경기도,화성시,미래농장,닭,종계,55000.0,경기도 화성시 향남읍 길성리 1,37.1233846807,126.98303788,2026-01-31
경기도,화성시,미래농장,닭,종계,55000.0,경기도 화성시 만세구 향남읍 길성리 1,37.1233846807,126.98303788,2026-02-26
경기도,화성시,미래농장,닭,산란계,,경기도 화성시 만세구 향남읍 길성리 1,37.1233846807,126.98303788,2026-02-26
경기도,화성시,미래농장,닭,육계,50000.0,경기도 화성시 만세구 향남읍 길성리 1,37.1233846807,126.98303788,2026-02-26
경기도,화성시,민서네 꿩(약초)농장,닭,꿩,300.0,경기도 화성시 만세구 마도면 고모리 344-1,37.1731866975,126.7430715145,2026-02-26
경기도,화성시,방울산농장,닭,산란계,150.0,경기도 화성시 만세구 향남읍 방축리 208,37.1200769776,126.9301036041,2026-02-26
경기도,화성시,봉황농장,닭,산란계,90000.0,경기도 화성시 만세구 남양읍 신남리 906-16,37.1843393753,126.7991436935,2026-02-26
경기도,화성시,부부농장,닭,육계,500.0,경기도 화성시 효행구 정남면 계향리 218,37.1437666109,126.9916032489,2026-02-26
경기도,화성시,부자농원,닭,육계,45000.0,경기도 화성시 만세구 장안면 사곡리 725-1,37.0578581758,126.8013660266,2026-02-26
경기도,화성시,부흥꿩농장,닭,꿩,5000.0,경기도 화성시 만세구 우정읍 원안리 615-2,37.1009628558,126.774209239,2026-02-26
경기도,화성시,비봉농장,닭,산란계,25000.0,경기도 화성시 효행구 비봉면 자안리 312-1,37.2063901354,126.8770473812,2026-02-26
경기도,화성시,사또농장,닭,산란계,0.0,경기도 화성시 매송면 숙곡리 289,37.2573242052,126.907955473,2026-01-31
경기도,화성시,사또농장,닭,산란계,500.0,경기도 화성시 효행구 매송면 숙곡리 289,37.2573242052,126.907955473,2026-02-26
경기도,화성시,삼현농원,닭,육계,20000.0,경기도 화성시 만세구 양감면 사창리 1007-1,37.0850624267,126.9680863647,2026-02-26
경기도,화성시,삼현농장,닭,육계,24200.0,경기도 화성시 만세구 우정읍 주곡리 386-5,37.1166654539,126.8098540382,2026-02-26
경기도,화성시,상승농장,닭,육계,59800.0,경기도 화성시 만세구 마도면 고모리 578-12,37.173007478,126.7503275019,2026-02-26
경기도,화성시,상승농장,닭,육계,0.0,경기도 화성시 마도면 고모리 578-12,37.173007478,126.7503275019,2026-01-31
경기도,화성시,상신농원,닭,산란계,0.0,경기도 화성시 만세구 향남읍 구문천리 881,37.0850687919,126.8924771077,2026-02-26
경기도,화성시,상신농원,닭,산란계,14000.0,경기도 화성시 향남읍 구문천리 881,37.0850687919,126.8924771077,2026-01-31
경기도,화성시,상신현대농원,닭,산란계,0.0,경기도 화성시 만세구 향남읍 구문천리 881,37.0850687919,126.8924771077,2026-02-26
경기도,화성시,선경2축산,닭,육계,45000.0,경기도 화성시 효행구 봉담읍 하가등리 393-7,37.145676346,126.9336671732,2026-02-26
경기도,화성시,성웅농장,닭,육계,55130.0,경기도 화성시 만세구 마도면 고모리 347,37.1727446717,126.7437667399,2026-02-26
경기도,화성시,성일양계장,닭,육계,6000.0,경기도 화성시 만세구 마도면 청원리 576-5,37.1769973777,126.7714773308,2026-02-26
경기도,화성시,세종농장,닭,산란계,263000.0,경기도 화성시 만세구 남양읍 온석리 197-1,37.1724948309,126.8546507526,2026-02-26
경기도,화성시,소원축산,닭,종계,0.0,경기도 화성시 만세구 우정읍 원안리 426,37.10676736,126.7770687664,2026-02-26
경기도,화성시,수현농장,닭,육계,35000.0,경기도 화성시 만세구 장안면 독정리 37-1,37.0705305437,126.8686210602,2026-02-26
경기도,화성시,스마일농장,닭,육계,159000.0,경기도 화성시 장안면 독정리 1618,37.0607393429,126.8785214904,2026-01-31
경기도,화성시,스마일농장,닭,육계,184000.0,경기도 화성시 만세구 장안면 독정리 1618,37.0607393429,126.8785214904,2026-02-26
경기도,화성시,신봉농장,닭,육계,35000.0,경기도 화성시 효행구 정남면 관항리 494-2,37.1848053957,126.9506912193,2026-02-26
경기도,화성시,신성농장,닭,육계,44400.0,경기도 화성시 만세구 우정읍 운평리 산 71-1,,,2026-02-26
경기도,화성시,아침농원,닭,산란계,200.0,경기도 화성시 병점구 안녕동 133-5,37.1973120594,127.0078875494,2026-02-26
경기도,화성시,야곱농장,닭,종계,0.0,경기도 화성시 양감면 사창리 338,37.0895955333,126.9759536331,2026-01-31
경기도,화성시,야곱농장,닭,종계,0.0,경기도 화성시 만세구 양감면 사창리 338,37.0895955333,126.9759536331,2026-02-26
경기도,화성시,야마기시즘실현지영농조합법인,닭,산란계,0.0,경기도 화성시 만세구 향남읍 구문천리 산 141-1,,,2026-02-26
경기도,화성시,양감농장,닭,종계,0.0,경기도 화성시 만세구 양감면 사창리 782-1,37.0966780769,126.9632788713,2026-02-26
경기도,화성시,양지뜰 향남농장,닭,산란계,0.0,경기도 화성시 만세구 향남읍 상신리 1050,37.0864779309,126.8808430047,2026-02-26
경기도,화성시,여흥농장,닭,육계,36000.0,경기도 화성시 만세구 팔탄면 덕우리 250-1,37.1247267813,126.8624975424,2026-02-26
경기도,화성시,연수농장,닭,육계,0.0,경기도 화성시 장안면 석포리 산 122,,,2026-01-31
경기도,화성시,연수농장,닭,육계,43500.0,경기도 화성시 만세구 장안면 석포리 산 122,,,2026-02-26
경기도,화성시,연지농장,닭,육계,30000.0,경기도 화성시 만세구 팔탄면 해창리 산35-1,37.1105353925,126.8686380013,2026-02-26
경기도,화성시,영남농장,닭,육계,71300.0,경기도 화성시 만세구 장안면 독정리 864,37.0681119605,126.8432075204,2026-02-26
경기도,화성시,영완농장,닭,육계,0.0,"경기도 화성시 팔탄면 가재리 601, 602",37.1497471119,126.9162048758,2026-01-31
경기도,화성시,영완농장,닭,육계,7000.0,경기도 화성시 만세구 팔탄면 가재리 601,37.1497471119,126.9162048758,2026-02-26
경기도,화성시,예산농장,닭,산란계,0.0,경기도 화성시 만세구 팔탄면 율암리 313-1,37.1694016836,126.8711672977,2026-02-26
경기도,화성시,예찬농장,닭,산란계,0.0,경기도 화성시 매송면 야목리 677,37.2631613026,126.8859519154,2026-01-31
경기도,화성시,예찬농장,닭,산란계,200.0,경기도 화성시 효행구 매송면 야목리 677,37.2631613026,126.8859519154,2026-02-26
경기도,화성시,오늘농장,닭,산란계,90000.0,경기도 화성시 만세구 양감면 송산리 1003-5,,,2026-02-26
경기도,화성시,온석2농장,닭,산란계,65000.0,경기도 화성시 만세구 남양읍 온석리 276,37.1678416357,126.8477068992,2026-02-26
경기도,화성시,온석농장,닭,산란계,216000.0,경기도 화성시 만세구 남양읍 온석리 230,37.1707704115,126.8541472729,2026-02-26
경기도,화성시,우림농원,닭,산란계,0.0,경기도 화성시 정남면 제기리 31-2,37.1420096529,127.0077481424,2026-01-31
경기도,화성시,우림농원,닭,산란계,800.0,경기도 화성시 효행구 정남면 제기리 31-2,37.1420096529,127.0077481424,2026-02-26
경기도,화성시,유농장,닭,육계,20000.0,경기도 화성시 만세구 남양읍 활초리 산 187-1,37.1611770677,126.8373800613,2026-02-26
경기도,화성시,유림농장,닭,종계,0.0,경기도 화성시 만세구 양감면 사창리 113-1,37.1035021974,126.9681785852,2026-02-26
경기도,화성시,유림농장,닭,종계,0.0,"경기도 화성시 양감면 사창리 113번지 1호 ,-2, -3",37.1035030427,126.9681806942,2026-01-31
경기도,화성시,윤호농장,닭,종계,23000.0,경기도 화성시 만세구 남양읍 활초리 685,37.1639289788,126.8378516103,2026-02-26
경기도,화성시,장학순건강란,닭,산란계,10.0,경기도 화성시 만세구 장안면 장안리 279,37.0539481918,126.855903452,2026-02-26
경기도,화성시,재성농장,닭,육계,26500.0,경기도 화성시 만세구 우정읍 운평리 1051,37.0778651552,126.769220624,2026-02-26
경기도,화성시,전정식농장,닭,산란계,25.0,경기도 화성시 효행구 비봉면 삼화리 802-3,37.2484058615,126.8529014348,2026-02-26
경기도,화성시,정남농장,닭,종계,15000.0,경기도 화성시 효행구 정남면 문학리 599-1,37.1561416667,126.9627011459,2026-02-26
경기도,화성시,정남농장,닭,산란계,75500.0,경기도 화성시 효행구 정남면 음양리 466,37.1508610297,127.0220059091,2026-02-26
경기도,화성시,정문농장,닭,종계,0.0,경기도 화성시 만세구 양감면 정문리 646-1,37.0949550009,126.9832648427,2026-02-26
경기도,화성시,정인양계장,닭,육계,0.0,경기도 화성시 팔탄면 율암리 산 56-79,37.1690514937,126.8748309277,2026-01-31
경기도,화성시,정인양계장,닭,육계,17000.0,경기도 화성시 만세구 팔탄면 율암리 산 56-79,,,2026-02-26
경기도,화성시,제이피에프,닭,육계,0.0,"경기도 화성시 향남읍 구문천리 784, 798",37.0672392744,126.8855776461,2026-01-31
경기도,화성시,제이피에프,닭,종계,0.0,경기도 화성시 만세구 향남읍 구문천리 784,37.0681311168,126.8854692124,2026-02-26
경기도,화성시,제이피에프,닭,육계,40000.0,경기도 화성시 만세구 향남읍 구문천리 784,37.0681311168,126.8854692124,2026-02-26
경기도,화성시,주은농장,닭,육계,45000.0,경기도 화성시 만세구 남양읍 북양리 577,37.2084134488,126.8575793771,2026-02-26
경기도,화성시,지엠지,닭,종계,0.0,경기도 화성시 만세구 장안면 수촌리 1417-6,37.1082910647,126.8636144955,2026-02-26
경기도,화성시,지은농장,닭,육계,0.0,경기도 화성시 팔탄면 노하리 1040,37.1463938737,126.8457012755,2026-01-31
경기도,화성시,지은농장,닭,육계,33000.0,경기도 화성시 만세구 팔탄면 노하리 1040,37.1463896531,126.8457035706,2026-02-26
경기도,화성시,진석농장,닭,육계,0.0,경기도 화성시 향남읍 도이리 163,37.1413782401,126.9209419718,2026-01-31
경기도,화성시,진석농장,닭,육계,0.0,경기도 화성시 만세구 향남읍 도이리 163,37.1413782401,126.9209419718,2026-02-26
경기도,화성시,질라라비농장,닭,육계,37600.0,경기도 화성시 만세구 우정읍 조암리 산 91-3,,,2026-02-26
경기도,화성시,천하농장,닭,산란계,306.0,경기도 화성시 만세구 송산면 천등리 429-2,37.2351677253,126.7047761773,2026-02-26
경기도,화성시,청석골농장,닭,산란계,26100.0,경기도 화성시 만세구 양감면 사창리 660-1,37.1006822151,126.9616976142,2026-02-26
경기도,화성시,청신농장,닭,육계,30000.0,경기도 화성시 만세구 양감면 신왕리 1972,37.0716446127,126.9650415074,2026-02-26
경기도,화성시,청신농장,닭,종계,16000.0,경기도 화성시 만세구 양감면 신왕리 1972,37.0716446127,126.9650415074,2026-02-26
경기도,화성시,초혜지농장,닭,육계,73500.0,"경기도 화성시 정남면 금복리 92, 93, 91-1",37.1601531878,126.9998277978,2026-01-31
경기도,화성시,초혜지농장,닭,육계,50000.0,경기도 화성시 효행구 정남면 금복리 92,37.1601531878,126.9998277978,2026-02-26
경기도,화성시,큰양계장,닭,육계,40000.0,경기도 화성시 만세구 장안면 금의리 600-4,37.1092394281,126.8296055135,2026-02-26
경기도,화성시,태경농장,닭,육계,23000.0,경기도 화성시 만세구 남양읍 온석리 491-3,37.1648879197,126.8515167019,2026-02-26
경기도,화성시,태행목장,닭,육계,100.0,경기도 화성시 효행구 비봉면 청요리 702-4,37.2106366685,126.8946161586,2026-02-26
경기도,화성시,태행목장,닭,육계,0.0,경기도 화성시 비봉면 청요리 702-4,37.2106366685,126.8946161586,2026-01-31
경기도,화성시,토종닭농장,닭,육계,1000.0,경기도 화성시 만세구 우정읍 매향리 543-1,37.0474077337,126.7753155144,2026-02-26
경기도,화성시,파머스가든,닭,산란계,589500.0,경기도 화성시 만세구 양감면 사창리 721-6,37.1042791318,126.955831218,2026-02-26
경기도,화성시,푸른농장,닭,육계,200.0,경기도 화성시 효행구 봉담읍 상기리 551-2,37.1968901316,126.9161237501,2026-02-26
경기도,화성시,한일농장,닭,종계,20060.0,경기도 화성시 만세구 남양읍 온석리 488,37.1641896852,126.8540568527,2026-02-26
경기도,화성시,해뜨는농장,닭,육계,40000.0,경기도 화성시 만세구 마도면 고모리 1,37.1766563891,126.7443774128,2026-02-26
경기도,화성시,해오름 조암농장,닭,산란계,44200.0,경기도 화성시 만세구 우정읍 매향리 504-1,37.0469565283,126.7707949697,2026-02-26
경기도,화성시,해창농장,꿩,꿩,0.0,경기도 화성시 팔탄면 해창리 산 35-1,37.1097507799,126.86856573,2026-01-31
경기도,화성시,해창농장,닭,꿩,150.0,경기도 화성시 만세구 팔탄면 해창리 산 35-1,37.1097507799,126.86856573,2026-02-26
경기도,화성시,향촌농원,닭,산란계,3000.0,경기도 화성시 효행구 정남면 발산리 646-3,37.1523005099,126.9862085319,2026-02-26
경기도,화성시,현대농장,닭,육계,60000.0,경기도 화성시 만세구 송산면 독지리 318,37.2473177365,126.6861119168,2026-02-26
경기도,화성시,현대농장,닭,육계,0.0,경기도 화성시 송산면 독지리 318,37.2473177365,126.6861119168,2026-01-31
경기도,화성시,형제농장,닭,육계,0.0,경기도 화성시 양감면 대양리 111-2,37.0943758915,126.9487452898,2026-01-31
경기도,화성시,형제농장,닭,육계,60000.0,경기도 화성시 만세구 양감면 대양리 111-2,37.0943758915,126.9487452898,2026-02-26
경기도,화성시,호계농장,닭,종계,0.0,경기도 화성시 만세구 양감면 송산리 440,37.1079476939,126.9859141554,2026-02-26
경기도,화성시,화성농장,닭,종계,0.0,경기도 화성시 만세구 남양읍 온석리 499-4,37.1641482943,126.8481441097,2026-02-26
경기도,화성시,화성양계장,닭,종계,0.0,경기도 화성시 만세구 장안면 독정리 221-1,37.0766259462,126.8639017359,2026-02-26
경기도,화성시,황기농장,닭,육계,0.0,경기도 화성시 효행구 정남면 덕절리 96-1,37.1389821961,127.0292078548,2026-02-26
경기도,화성시,황기농장,닭,육계,0.0,"경기도 화성시 정남면 덕절리 96-1,97-1,97-2,116-1",37.1389821961,127.0292078548,2026-01-31
경기도,화성시,희망축산,닭,육계,0.0,경기도 화성시 남양읍 온석리 492,37.1642639867,126.852806021,2026-01-31
경기도,화성시,희망축산,닭,육계,5240.0,경기도 화성시 만세구 남양읍 온석리 492,37.1642639867,126.852806021,2026-02-26
전라남도,구례군,25시 농장,오리,육용오리,15000.0,전라남도 구례군 용방면 신도리 1157-19,,,2021-02-01
전라남도,구례군,광의농장,오리,육용오리,25000.0,전라남도 구례군 용방면 용정리 765-7,,,2021-02-01
전라남도,구례군,광의농장,오리,육용오리,18000.0,전라남도 구례군 광의면 온당리 846-1,,,2021-02-01
전라남도,구례군,김동주농장,닭,육계,62000.0,전라남도 구례군 문척면 중산리 470-1,,,2021-02-01
전라남도,구례군,김인숙 농장,오리,육용오리,29000.0,전라남도 구례군 광의면 수월리 896-1,,,2021-02-01
전라남도,구례군,냉천오리농장,오리,육용오리,13000.0,전라남도 구례군 마산면 광평리 559-1,,,2021-02-01
전라남도,구례군,두동농장,오리,육용오리,19000.0,전라남도 구례군 용방면 용강리 420-23,,,2021-02-01
전라남도,구례군,드림농장,닭,육계,91000.0,전라남도 구례군 마산면 냉천리 743-10,,,2021-02-01
전라남도,구례군,마산농장,오리,육용오리,10000.0,전라남도 구례군 마산면 마산리 329-2,,,2021-02-01
전라남도,구례군,명인농장,오리,육용오리,12000.0,전라남도 구례군 용방면 용정리 767-2,,,2021-02-01
전라남도,구례군,문척오산농장,오리,육용오리,13000.0,전라남도 구례군 문척면 월전리 948-1,,,2021-02-01
전라남도,구례군,반석농장,오리,육용오리,16000.0,전라남도 구례군 용방면 신도리 1144-16,,,2021-02-01
전라남도,구례군,벧엘농장,닭,육계,30000.0,전라남도 구례군 토지면 금내리 1011-1,,,2021-02-01
전라남도,구례군,성지농장,닭,육계,70000.0,전라남도 구례군 용방면 용강리 455,,,2021-02-01
전라남도,구례군,성진농장,닭,종계,27600.0,전라남도 구례군 구례읍 원방리 652,,,2021-02-01
전라남도,구례군,신한농장,오리,육용오리,18000.0,전라남도 구례군 용방면 신도리 195-8,,,2021-02-01
전라남도,구례군,오리천국,오리,육용오리,44000.0,전라남도 구례군 용방면 신도리 733-2,,,2021-02-01
전라남도,구례군,온동농장,오리,육용오리,18000.0,전라남도 구례군 광의면 온당리 846-6,,,2021-02-01
전라남도,구례군,원동양계장,닭,육계,45500.0,전라남도 구례군 산동면 계천리 274,,,2021-02-01
전라남도,구례군,이가농장,오리,육용오리,15000.0,전라남도 구례군 광의면 온당리 842-7,,,2021-02-01
전라남도,구례군,이평농장,오리,육용오리,21000.0,전라남도 구례군 용방면 중방리 686-21,,,2021-02-01
전라남도,구례군,자연오리,오리,육용오리,10000.0,전라남도 구례군 용방면 신도리 1144-7,,,2021-02-01
전라남도,구례군,자연오리,오리,육용오리,11000.0,전라남도 구례군 용방면 신도리 1137-5,,,2021-02-01
전라남도,구례군,점임농장,오리,육용오리,10000.0,전라남도 구례군 용방면 용강리 413-8,,,2021-02-01
전라남도,구례군,주경오리농장,오리,육용오리,15000.0,전라남도 구례군 용방면 중방리 687-2,,,2021-02-01
전라남도,구례군,죽정리농장,오리,육용오리,10000.0,전라남도 구례군 용방면 신도리 1151-18,,,2021-02-01
전라남도,구례군,지리산황토오리농장,오리,육용오리,35000.0,전라남도 구례군 광의면 방광리 897-4,,,2021-02-01
전라남도,구례군,진현농장,오리,육용오리,19600.0,전라남도 구례군 용방면 신도리 1155-1,,,2021-02-01
전라남도,구례군,푸른농장,오리,육용오리,18000.0,전라남도 구례군 용방면 신도리 1157-12,,,2021-02-01
전라남도,구례군,한송농장,닭,육계,38400.0,전라남도 구례군 마산면 갑산리 141-14,,,2021-02-01
전라남도,구례군,허상영농장,닭,육계,90000.0,전라남도 구례군 구례읍 계산리 33-1,,,2021-02-01
전라남도,구례군,현수농장,오리,육용오리,20000.0,전라남도 구례군 용방면 신도리 736-6,,,2021-02-01
전라남도,구례군,형기농장,오리,육용오리,10000.0,전라남도 구례군 용방면 신도리 1148-21,,,2021-02-01
전라남도,나주시,○○farm,닭,육계,,전라남도 나주시 세지면 교산리,,,2023-01-20
전라남도,나주시,○○farm,닭,육계,,전라남도 나주시 왕곡면 송죽리,,,2023-01-20
전라남도,나주시,○○○,오리,,,전라남도 나주시 공산면 동촌리,,,2023-01-20
전라남도,나주시,○○○,오리,,,전라남도 나주시 남평읍 우산리,,,2023-01-20
전라남도,나주시,○○농산,오리,,,전라남도 나주시 봉황면 황용리,,,2023-01-20
전라남도,나주시,○○농원,닭,육계,,전라남도 나주시 공산면 금곡리,,,2023-01-20
전라남도,나주시,○○농원,닭,육계,,전라남도 나주시 다도면 판촌리,,,2023-01-20
전라남도,나주시,○○농원,닭,종계/산란계,,전라남도 나주시 봉황면 옥산리,,,2023-01-20
전라남도,나주시,○○농원,오리,종오리,,전라남도 나주시 동강면 장동리,,,2023-01-20
전라남도,나주시,○○농원,오리,,,전라남도 나주시 동강면 월양리,,,2023-01-20
전라남도,나주시,○○농원,오리,종오리,,전라남도 나주시 동강면 대전리,,,2023-01-20
전라남도,나주시,○○농장,닭,육계,,전라남도 나주시 관정동,,,2023-01-20
전라남도,나주시,○○농장,오리,,,전라남도 나주시 세지면 죽동리,,,2023-01-20
전라남도,나주시,○○농장,오리,,,전라남도 나주시 동강면 장동리,,,2023-01-20
전라남도,나주시,○○농장,닭,육계,,전라남도 나주시 공산면 동촌리,,,2023-01-20
전라남도,나주시,○○농장,오리,,,전라남도 나주시 동강면 진천리,,,2023-01-20
전라남도,나주시,○○농장,오리,,,전라남도 나주시 동강면 곡천리,,,2023-01-20
전라남도,나주시,○○농장,오리,,,전라남도 나주시 남평읍 교촌리,,,2023-01-20
전라남도,나주시,○○농장,닭,육계,,전라남도 나주시 문평면 옥당리,,,2023-01-20
전라남도,나주시,○○농장,닭,종계/산란계,,전라남도 나주시 봉황면 덕림리,,,2023-01-20
전라남도,나주시,○○농장,닭,육계,,전라남도 나주시 문평면 국동리,,,2023-01-20
전라남도,나주시,○○농장,오리,,,전라남도 나주시 반남면 신촌리,,,2023-01-20
전라남도,나주시,○○농장,오리,,,전라남도 나주시 반남면 성계리,,,2023-01-20
전라남도,나주시,○○농장,닭,육계,,전라남도 나주시 산포면 매성리,,,2023-01-20
전라남도,나주시,○○농장,오리,,,전라남도 나주시 공산면 남창리,,,2023-01-20
전라남도,나주시,○○농장,오리,,,전라남도 나주시 왕곡면 월천리,,,2023-01-20
전라남도,나주시,○○농장,닭,육계,,전라남도 나주시 다도면 암정리,,,2023-01-20
전라남도,나주시,○○농장,오리,,,전라남도 나주시 다시면 송촌리,,,2023-01-20
전라남도,나주시,○○농장,오리,,,전라남도 나주시 반남면 대안리,,,2023-01-20
전라남도,나주시,○○농장,닭,육계,,전라남도 나주시 공산면 상방리,,,2023-01-20
전라남도,나주시,○○농장,닭,육계,,전라남도 나주시 세지면 벽산리,,,2023-01-20
전라남도,나주시,○○농장,닭,육계,,전라남도 나주시 반남면 덕산리,,,2023-01-20
전라남도,나주시,○○농장,오리,,,전라남도 나주시 남평읍 교원리,,,2023-01-20
전라남도,나주시,○○농장,오리,,,전라남도 나주시 영산동,,,2023-01-20
전라남도,나주시,○○농장,오리,,,전라남도 나주시 세지면 성산리,,,2023-01-20
전라남도,나주시,○○농장,오리,종오리,,전라남도 나주시 남평읍 상곡리,,,2023-01-20
전라남도,나주시,○○농장,오리,,,전라남도 나주시 반남면 청송리,,,2023-01-20
전라남도,나주시,○○농장,오리,,,전라남도 나주시 산포면 내기리,,,2023-01-20
전라남도,나주시,○○농장,오리,,,전라남도 나주시 왕곡면 장산리,,,2023-01-20
전라남도,나주시,○○농장,닭,육계,,전라남도 나주시 반남면 흥덕리,,,2023-01-20
전라남도,나주시,○○농장,닭,종계/산란계,,전라남도 나주시 봉황면 죽석리,,,2023-01-20
전라남도,나주시,○○농장,오리,,,전라남도 나주시 세지면 송제리,,,2023-01-20
전라남도,나주시,○○농장,오리,,,전라남도 나주시 봉황면 송현리,,,2023-01-20
전라남도,나주시,○○농장,오리,,,전라남도 나주시 세지면 내정리,,,2023-01-20
전라남도,나주시,○○농장,오리,,,전라남도 나주시 노안면 유곡리,,,2023-01-20
전라남도,나주시,○○농장,오리,,,전라남도 나주시 왕곡면 신원리,,,2023-01-20
전라남도,나주시,○○농장,오리,,,전라남도 나주시 왕곡면 송죽리,,,2023-01-20
전라남도,나주시,○○농장,닭,육계,,전라남도 나주시 남평읍 우산리,,,2023-01-20
전라남도,나주시,○○농장,닭,육계,,전라남도 나주시 남평읍 노동리,,,2023-01-20
전라남도,나주시,○○농장,기러기,,,전라남도 나주시 동수동 14번,,,2023-01-20
전라남도,나주시,○○농장,닭,육계,,전라남도 나주시 공산면 중포리,,,2023-01-20
전라남도,나주시,○○농장,오리,,,전라남도 나주시 공산면 가송리,,,2023-01-20
전라남도,나주시,○○농장,오리,,,전라남도 나주시 다시면 동곡리,,,2023-01-20
전라남도,나주시,○○농장,닭,육계,,전라남도 나주시 봉황면 황용리,,,2023-01-20
전라남도,나주시,○○농장,오리,,,전라남도 나주시 산포면 덕례리,,,2023-01-20
전라남도,나주시,○○농장,닭,육계,,전라남도 나주시 봉황면 유곡리,,,2023-01-20
전라남도,나주시,○○농장,닭,육계,,전라남도 나주시 공산면 복용리,,,2023-01-20
전라남도,나주시,○○농장,오리,,,전라남도 나주시 공산면 화성리,,,2023-01-20
전라남도,나주시,○○농장,오리,,,전라남도 나주시 노안면 도산리,,,2023-01-20
전라남도,나주시,○○농장,메추리,,,전라남도 나주시 다도면 풍산리,,,2023-01-20
전라남도,나주시,○○농장,오리,종오리,,전라남도 나주시 노안면 오정리,,,2023-01-20
전라남도,나주시,○○농장,닭,육계,,전라남도 나주시 다도면 마산리,,,2023-01-20
전라남도,나주시,○○농장,닭,육계,,전라남도 나주시 산포면 산제리,,,2023-01-20
전라남도,나주시,○○농장,닭,육계,,전라남도 나주시 남평읍 남석리,,,2023-01-20
전라남도,나주시,○○농장,오리,,,전라남도 나주시 세지면 동곡리,,,2023-01-20
전라남도,나주시,○○농장,오리,,,전라남도 나주시 봉황면 오림리,,,2023-01-20
전라남도,나주시,○○농장,오리,,,전라남도 나주시 산포면 화지리,,,2023-01-20
전라남도,나주시,○○농장,오리,,,전라남도 나주시 다도면 덕동리,,,2023-01-20
전라남도,나주시,○○농장,닭,육계,,전라남도 나주시 왕곡면 화정리,,,2023-01-20
전라남도,나주시,○○농장,오리,,,전라남도 나주시 세지면 오봉리,,,2023-01-20
전라남도,나주시,○○농장,닭,종계/산란계,,전라남도 나주시 문평면 송산리,,,2023-01-20
전라남도,나주시,○○농장,닭,육계,,전라남도 나주시 봉황면 옥산리,,,2023-01-20
전라남도,나주시,○○농장,닭,육계,,전라남도 나주시 다도면 신동리,,,2023-01-20
전라남도,나주시,○○농장,오리,,,전라남도 나주시 남평읍 오계리,,,2023-01-20
전라남도,나주시,○○농장,오리,,,전라남도 나주시 오량동,,,2023-01-20
전라남도,나주시,○○농장,닭,육계,,전라남도 나주시 봉황면 용전리,,,2023-01-20
전라남도,나주시,○○농장,닭,육계,,전라남도 나주시 동수동 93번,,,2023-01-20
전라남도,나주시,○○농장,오리,,,전라남도 나주시 남평읍 평산리,,,2023-01-20
전라남도,나주시,○○농장,오리,,,전라남도 나주시 왕곡면 덕산리,,,2023-01-20
전라남도,나주시,○○농장,닭,육계,,전라남도 나주시 금천면 월산리,,,2023-01-20
전라남도,나주시,○○농장,오리,,,전라남도 나주시 왕곡면 신가리,,,2023-01-20
전라남도,나주시,○○농장,오리,,,전라남도 나주시 안창동,,,2023-01-20
전라남도,나주시,○○농장,오리,,,전라남도 나주시 산포면 등수리,,,2023-01-20
전라남도,나주시,○○농장,닭,육계,,전라남도 나주시 다시면 문동리,,,2023-01-20
전라남도,나주시,○○농장,닭,종계/산란계,,전라남도 나주시 봉황면 신동리,,,2023-01-20
전라남도,나주시,○○농장,닭,종계/산란계,,전라남도 나주시 봉황면 욱곡리,,,2023-01-20
전라남도,나주시,○○농장,닭,육계,,전라남도 나주시 남평읍 풍림리,,,2023-01-20
전라남도,나주시,○○농장,닭,육계,,전라남도 나주시 봉황면 와우리,,,2023-01-20
전라남도,나주시,○○농장,닭,육계,,전라남도 나주시 금천면 죽촌리,,,2023-01-20
전라남도,나주시,○○농장,닭,육계,,전라남도 나주시 송촌동,,,2023-01-20
전라남도,나주시,○○농장,오리,,,전라남도 나주시 동강면 대전리,,,2023-01-20
전라남도,나주시,○○농장,닭,육계,,전라남도 나주시 동강면 양지리,,,2023-01-20
전라남도,나주시,○○농장,닭,육계,,전라남도 나주시 세지면 교산리,,,2023-01-20
전라남도,나주시,○○농장,닭,육계,,전라남도 나주시 동수동,,,2023-01-20
전라남도,나주시,○○농장,닭,육계,,전라남도 나주시 문평면 북동리,,,2023-01-20
전라남도,나주시,○○농장,닭,종계/산란계,,전라남도 나주시 다시면 청정리,,,2023-01-20
전라남도,나주시,○○농장,닭,육계,,전라남도 나주시 평산동,,,2023-01-20
전라남도,나주시,○○농장,닭,육계,,전라남도 나주시 문평면 학동리,,,2023-01-20
전라남도,나주시,○○농장,닭,육계,,전라남도 나주시 문평면 계로리,,,2023-01-20
전라남도,나주시,○○법인,오리,,,전라남도 나주시 다시면 문동리,,,2023-01-20
전라남도,나주시,○○양계,닭,종계/산란계,,전라남도 나주시 세지면 교산리,,,2023-01-20
전라남도,나주시,○○양계장,닭,종계/산란계,,전라남도 나주시 공산면 복용리,,,2023-01-20
전라남도,나주시,○○양계장,닭,종계/산란계,,전라남도 나주시 봉황면 장성리,,,2023-01-20
전라남도,나주시,○○오리,오리,,,전라남도 나주시 세지면 성산리,,,2023-01-20
전라남도,나주시,○○축산,오리,종오리,,전라남도 나주시 다시면 문동리,,,2023-01-20
전라남도,나주시,○○축산,오리,,,전라남도 나주시 남평읍 풍림리,,,2023-01-20
전라남도,나주시,○○축산,닭,육계,,전라남도 나주시 다도면 방산리,,,2023-01-20
전라남도,나주시,○○축산,닭,종계,,전라남도 나주시 동수동,,,2023-01-20
전라남도,나주시,○○축산,닭,육계,,전라남도 나주시 반남면 덕산리,,,2023-01-20
전라남도,나주시,○○축산,닭,육계,,전라남도 나주시 공산면 복용리,,,2023-01-20
전라남도,나주시,○○축산,오리,,,전라남도 나주시 남평읍 평산리,,,2023-01-20
전라남도,나주시,○○팜,오리,,,전라남도 나주시 노안면 오정리,,,2023-01-20
전라남도,나주시,○○팜,닭,종계/산란계,,전라남도 나주시 공산면 복용리,,,2023-01-20
전라남도,나주시,○○팜,닭,종계/산란계,,전라남도 나주시 석현동,,,2023-01-20
전라남도,나주시,가송,오리,,,전라남도 나주시 공산면 가송리,,,2023-01-20
전라남도,나주시,경주부화장,오리,종오리,,전라남도 나주시 동강면 장동리,,,2023-01-20
전라남도,나주시,관상조류마을,닭,육계,,전라남도 나주시 봉황면 신동리,,,2023-01-20
전라남도,나주시,광동양계장,닭,육계,,전라남도 나주시 반남면 청송리,,,2023-01-20
전라남도,나주시,알파쓰리,오리,,,전라남도 나주시 왕곡면 화정리,,,2023-01-20
전라남도,나주시,유한회사 ○○○,닭,육계,,전라남도 나주시 다시면 송촌리,,,2023-01-20
전라남도,나주시,정장원,오리,,,전라남도 나주시 동강면 양지리,,,2023-01-20
전라남도,나주시,행복한 토종닭,닭,육계,,전라남도 나주시 다시면 가운리,,,2023-01-20
전라남도,나주시,행복한농사꾼,닭,종계/산란계,,전라남도 나주시 노안면 양천리,,,2023-01-20
전라남도,담양군,(주)다**,닭,산란계,10000.0,전라남도 담양군 무정면 영천리,,,2021-01-31
전라남도,담양군,가**장,닭,육계,34000.0,전라남도 담양군 수북면 풍수리,,,2021-01-31
전라남도,담양군,공**농장,닭,육계,3000.0,전라남도 담양군 무정면 오봉리,,,2021-01-31
전라남도,담양군,금**원,닭,육계,70000.0,전라남도 담양군 무정면 평지리,,,2021-01-31
전라남도,담양군,김**,오리,,7000.0,전라남도 담양군 창평면 유곡리,,,2021-01-31
전라남도,담양군,김**,닭,육계,15000.0,전라남도 담양군 봉산면 대추리,,,2021-01-31
전라남도,담양군,김**,오리,,18000.0,전라남도 담양군 담양읍 반룡리,,,2021-01-31
전라남도,담양군,김**,닭,육계,50000.0,전라남도 담양군 금성면 봉황리,,,2021-01-31
전라남도,담양군,김**농장,닭,육계,1200.0,전라남도 담양군 무정면 동산리,,,2021-01-31
전라남도,담양군,김**농장,닭,육계,90000.0,전라남도 담양군 용면 쌍태리,,,2021-01-31
전라남도,담양군,다**원,오리,,20000.0,전라남도 담양군 용면 쌍태리,,,2021-01-31
전라남도,담양군,다**장,오리,,20000.0,전라남도 담양군 대전면 대치리,,,2021-01-31
전라남도,담양군,대**장,닭,육계,12000.0,전라남도 담양군 봉산면 대추리,,,2021-01-31
전라남도,담양군,무**산,오리,,14000.0,전라남도 담양군 대덕면 비차리,,,2021-01-31
전라남도,담양군,보**장,닭,육계,80000.0,전라남도 담양군 무정면 정석리,,,2021-01-31
전라남도,담양군,서**산,닭,산란계,15000.0,전라남도 담양군 봉산면 기곡리,,,2021-01-31
전라남도,담양군,서**장,닭,육계,100000.0,전라남도 담양군 무정면 정석리,,,2021-01-31
전라남도,담양군,성**장,오리,,7716.0,전라남도 담양군 무정면 성도리,,,2021-01-31
전라남도,담양군,수**장,닭,육계,40000.0,전라남도 담양군 창평면 용수리,,,2021-01-31
전라남도,담양군,신**산,"닭,오리",,2000.0,전라남도 담양군 용면 박곡길,,,2021-01-31
전라남도,담양군,애**장,닭,육계,70000.0,전라남도 담양군 봉산면 대추리,,,2021-01-31
전라남도,담양군,양** 농장,오리,,15000.0,전라남도 담양군 용면 쌍태리,,,2021-01-31
전라남도,담양군,외**원,닭,육계,100000.0,전라남도 담양군 창평면 외동리,,,2021-01-31
전라남도,담양군,월****리농장,오리,,120.0,전라남도 담양군 대덕면 입석리,,,2021-01-31
전라남도,담양군,유**산,오리,,3000.0,전라남도 담양군 수북면 두정리,,,2021-01-31
전라남도,담양군,이** 농장,오리,,14000.0,전라남도 담양군 무정면 성도리,,,2021-01-31
전라남도,담양군,인**장,닭,육계,80000.0,전라남도 담양군 창평면 광덕리,,,2021-01-31
전라남도,담양군,조**,닭,산란계,5100.0,전라남도 담양군 월산면 오성리,,,2021-01-31
전라남도,담양군,주식회사 에**드,닭,산란계,121000.0,전라남도 담양군 담양읍 삼만리,,,2021-01-31
전라남도,담양군,지**장,오리,,12000.0,전라남도 담양군 용면 쌍태리,,,2021-01-31
전라남도,담양군,창**장,닭,육계,2000.0,전라남도 담양군 창평면 장화리,,,2021-01-31
전라남도,담양군,청**,닭,산란계,35332.0,전라남도 담양군 월산면 월평리,,,2021-01-31
전라남도,담양군,청** 농장,닭,산란계,1600.0,전라남도 담양군 월산면 중월리,,,2021-01-31
전라남도,담양군,청**장,오리,,13000.0,전라남도 담양군 무정면 안평리,,,2021-01-31
전라남도,담양군,초**장,닭,육계,54000.0,전라남도 담양군 수북면 두정리,,,2021-01-31
전라남도,담양군,코** 농장,닭,육계,50000.0,전라남도 담양군 창평면 유천리,,,2021-01-31
전라남도,담양군,풀**장,오리,,15000.0,전라남도 담양군 가사문학면 구산리,,,2021-01-31
전라남도,담양군,한**농장,닭,육계,40000.0,전라남도 담양군 창평면 외동리,,,2021-01-31
전라남도,담양군,혜**장,오리,,10000.0,전라남도 담양군 무정면 봉안리,,,2021-01-31
전라남도,무안군,가온농장,오리,,20600.0,전라남도 무안군 일로읍 감돈리,,,2020-08-31
전라남도,무안군,계절축산,닭,육계,41000.0,전라남도 무안군 일로읍 지장리,,,2020-08-31
전라남도,무안군,곰솔농장,닭,육계,78500.0,전라남도 무안군 망운면 송현리,,,2020-08-31
전라남도,무안군,구로농장,닭,육계,45500.0,전라남도 무안군 청계면 해안로,,,2020-08-31
전라남도,무안군,국민축산,오리,,30400.0,전라남도 무안군 해제면 해제지,,,2020-08-31
전라남도,무안군,궁뜰,닭,육계,29500.0,전라남도 무안군 현경면 함장로,,,2020-08-31
전라남도,무안군,귀자농장,오리,,28000.0,전라남도 무안군 해제면 덕산리,,,2020-08-31
전라남도,무안군,그레이트 팜,닭,육계,50000.0,전라남도 무안군 현경면 성자동,,,2020-08-31
전라남도,무안군,금동농장,닭,육계,,전라남도 무안군 삼향읍 왕산리,,,2020-08-31
전라남도,무안군,금성농장,오리,,11700.0,전라남도 무안군 일로읍 감돈리,,,2020-08-31
전라남도,무안군,금성농장,오리,,11700.0,전라남도 무안군 일로읍 지장리,,,2020-08-31
전라남도,무안군,금성농장,오리,,7000.0,전라남도 무안군 일로읍 감돈리,,,2020-08-31
전라남도,무안군,금성농장,닭,육계,78100.0,전라남도 무안군 청계면 도대로,,,2020-08-31
전라남도,무안군,남안농장,닭,육계,77000.0,전라남도 무안군 청계면 상천길,,,2020-08-31
전라남도,무안군,내화농장,닭,육계,73800.0,전라남도 무안군 운남면 내화길,,,2020-08-31
전라남도,무안군,내화삼계,닭,육계,65500.0,전라남도 무안군 운남면 운해로,,,2020-08-31
전라남도,무안군,늘푸른농장,오리,,12000.0,전라남도 무안군 일로읍 지장리,,,2020-08-31
전라남도,무안군,닭사랑농장,닭,육계,80000.0,전라남도 무안군 현경면 동산리,,,2020-08-31
전라남도,무안군,대신농장,닭,육계,77000.0,전라남도 무안군 운남면 양금로,,,2020-08-31
전라남도,무안군,대창농장,오리,,,전라남도 무안군 몽탄면 오갈치,,,2020-08-31
전라남도,무안군,대풍농장,닭,육계,,전라남도 무안군 일로읍 감돈길,,,2020-08-31
전라남도,무안군,덕진농장,닭,육계,71800.0,전라남도 무안군 운남면 영해로,,,2020-08-31
전라남도,무안군,도원양계축산,닭,육계,33000.0,전라남도 무안군 망운면 피서길,,,2020-08-31
전라남도,무안군,매봉농장,닭,육계,,전라남도 무안군 일로읍 죽사동,,,2020-08-31
전라남도,무안군,매봉축산,닭,육계,,전라남도 무안군 일로읍 죽사동,,,2020-08-31
전라남도,무안군,모노랜드,닭,육계,94000.0,전라남도 무안군 현경면 해운로,,,2020-08-31
전라남도,무안군,목화농장,닭,육계,76000.0,전라남도 무안군 망운면 운해로,,,2020-08-31
전라남도,무안군,민가농장,닭,육계,61000.0,전라남도 무안군 몽탄면 명산리,,,2020-08-31
전라남도,무안군,바램 농장,닭,육계,,전라남도 무안군 해제면 양매리,,,2020-08-31
전라남도,무안군,바솜농장,오리,,,전라남도 무안군 무안읍 신학리,,,2020-08-31
전라남도,무안군,부부농장,닭,육계,70400.0,전라남도 무안군 일로읍 인의로,,,2020-08-31
전라남도,무안군,사계절농장,닭,육계,,전라남도 무안군 삼향읍 오룡산,,,2020-08-31
전라남도,무안군,산울농원,오리,,22000.0,전라남도 무안군 현경면 황토길,,,2020-08-31
전라남도,무안군,상일축사,닭,육계,37000.0,전라남도 무안군 일로읍 감돈리,,,2020-08-31
전라남도,무안군,상훈농장,오리,,,전라남도 무안군 현경면 장군로,,,2020-08-31
전라남도,무안군,샛별농장,닭,육계,80000.0,전라남도 무안군 삼향읍 맥포리,,,2020-08-31
전라남도,무안군,서영축산,닭,육계,62500.0,전라남도 무안군 망운면 운해로,,,2020-08-31
전라남도,무안군,서원농장,오리,,10500.0,전라남도 무안군 일로읍 복룡리,,,2020-08-31
전라남도,무안군,성하농장,오리,,16300.0,전라남도 무안군 현경면 팔방길,,,2020-08-31
전라남도,무안군,송정오리농장,오리,,14400.0,전라남도 무안군 현경면 송정리,,,2020-08-31
전라남도,무안군,수반농장,오리,,14000.0,전라남도 무안군 무안읍 매곡리,,,2020-08-31
전라남도,무안군,수암농장,닭,육계,175500.0,전라남도 무안군 현경면 가입리,,,2020-08-31
전라남도,무안군,수월농장,오리,,28000.0,전라남도 무안군 망운면 피서리,,,2020-08-31
전라남도,무안군,승화농장,닭,육계,50000.0,전라남도 무안군 일로읍 삼일로,,,2020-08-31
전라남도,무안군,신일농장,닭,육계,70200.0,전라남도 무안군 현경면 지망길,,,2020-08-31
전라남도,무안군,신재농장,오리,,,전라남도 무안군 무안읍 몽탄로,,,2020-08-31
전라남도,무안군,신촌농장,닭,육계,35000.0,전라남도 무안군 망운면 신촌길,,,2020-08-31
전라남도,무안군,신흥농장,오리,,,전라남도 무안군 몽탄면 신흥동,,,2020-08-31
전라남도,무안군,신흥농장,오리,,,전라남도 무안군 몽탄면 당호리,,,2020-08-31
전라남도,무안군,아리농장,닭,육계,38500.0,전라남도 무안군 몽탄면 당호리,,,2020-08-31
전라남도,무안군,야곱농장,오리,,12000.0,전라남도 무안군 현경면 장군로,,,2020-08-31
전라남도,무안군,어민농장,닭,육계,600.0,전라남도 무안군 청계면 복길로,,,2020-08-31
전라남도,무안군,여울농장,닭,육계,500.0,전라남도 무안군 청계면 사마리,,,2020-08-31
전라남도,무안군,연희농장,닭,육계,87000.0,전라남도 무안군 해제면 배나무,,,2020-08-31
전라남도,무안군,영산강 청둥오리,오리,,,전라남도 무안군 일로읍 구정리,,,2020-08-31
전라남도,무안군,오리골농장,오리,,18700.0,전라남도 무안군 현경면 현해로,,,2020-08-31
전라남도,무안군,오리농장,오리,,8000.0,전라남도 무안군 일로읍 문화로,,,2020-08-31
전라남도,무안군,요안농장,오리,,17800.0,전라남도 무안군 일로읍 복룡리,,,2020-08-31
전라남도,무안군,우리축산,닭,육계,73000.0,전라남도 무안군 현경면 현해로,,,2020-08-31
전라남도,무안군,우정축산,닭,육계,61000.0,전라남도 무안군 운남면 하묘리,,,2020-08-31
전라남도,무안군,우카축산유통,오리,,,전라남도 무안군 현경면 함장로,,,2020-08-31
전라남도,무안군,유정농장,닭,육계,,전라남도 무안군 무안읍 황토길,,,2020-08-31
전라남도,무안군,유진농장,오리,,6500.0,전라남도 무안군 현경면 오류리,,,2020-08-31
전라남도,무안군,윤주농장,오리,,,전라남도 무안군 망운면 조산길,,,2020-08-31
전라남도,무안군,으뜸농원,닭,육계,58800.0,전라남도 무안군 해제면 만송로,,,2020-08-31
전라남도,무안군,은수네농장,오리,,2759.0,전라남도 무안군 현경면 해운리,,,2020-08-31
전라남도,무안군,은수농장,오리,,3996.0,전라남도 무안군 현경면 해운리,,,2020-08-31
전라남도,무안군,은수농장,오리,,,전라남도 무안군 현경면 현화리,,,2020-08-31
전라남도,무안군,은택농장,닭,육계,300.0,전라남도 무안군 무안읍 교촌리,,,2020-08-31
전라남도,무안군,이오순농장,닭,육계,,전라남도 무안군 현경면 장군로,,,2020-08-31
전라남도,무안군,일광농장,닭,육계,14975.0,전라남도 무안군 일로읍 광암리,,,2020-08-31
전라남도,무안군,장곡농장,닭,육계,28600.0,전라남도 무안군 삼향읍 장곡길,,,2020-08-31
전라남도,무안군,장곡제일농장,오리,,12500.0,전라남도 무안군 삼향읍 장곡길,,,2020-08-31
전라남도,무안군,재인농장,오리,,16000.0,전라남도 무안군 일로읍 복룡리,,,2020-08-31
전라남도,무안군,저동농장,닭,육계,90000.0,전라남도 무안군 운남면 연리,,,2020-08-31
전라남도,무안군,전남양계장,닭,육계,77000.0,전라남도 무안군 청계면 남청길,,,2020-08-31
전라남도,무안군,죽산농장,오리,,13500.0,전라남도 무안군 일로읍 죽산리,,,2020-08-31
전라남도,무안군,진성농장,오리,,14000.0,전라남도 무안군 일로읍 지장리,,,2020-08-31
전라남도,무안군,짹별농장,닭,육계,30.0,전라남도 무안군 삼향읍 금동길,,,2020-08-31
전라남도,무안군,창구농장,닭,육계,,전라남도 무안군 운남면 동암리,,,2020-08-31
전라남도,무안군,청계농장,닭,육계,,전라남도 무안군 청계면 서호리,,,2020-08-31
전라남도,무안군,청금축산,오리,,14000.0,전라남도 무안군 일로읍 지장리,,,2020-08-31
전라남도,무안군,청룡양계장,닭,육계,72000.0,전라남도 무안군 현경면 현화로,,,2020-08-31
전라남도,무안군,청룡양계장,닭,육계,32000.0,전라남도 무안군 현경면 현화로,,,2020-08-31
전라남도,무안군,청수농장,닭,육계,,전라남도 무안군 청계면 남청길,,,2020-08-31
전라남도,무안군,추억농장,닭,육계,,전라남도 무안군 해제면 산길리,,,2020-08-31
전라남도,무안군,평산오리농장,오리,,8800.0,전라남도 무안군 현경면 평산리,,,2020-08-31
전라남도,무안군,푸른농장,닭,육계,,전라남도 무안군 운남면 원성내,,,2020-08-31
전라남도,무안군,한국 농장,오리,,,전라남도 무안군 일로읍 일로로,,,2020-08-31
전라남도,무안군,해운양계,닭,육계,57800.0,전라남도 무안군 현경면 장군로,,,2020-08-31
전라남도,무안군,햇빛촌 농원,닭,육계,,전라남도 무안군 운남면 신월로,,,2020-08-31
전라남도,무안군,향남농장,오리,,18800.0,전라남도 무안군 현경면 마산리,,,2020-08-31
전라남도,무안군,현철농장,닭,육계,42000.0,전라남도 무안군 일로읍 광암리,,,2020-08-31
전라남도,무안군,형제농장,닭,육계,,전라남도 무안군 청계면 복길로,,,2020-08-31
전라남도,무안군,홍서농장,닭,육계,78200.0,전라남도 무안군 일로읍 국사로,,,2020-08-31
전라남도,무안군,화설농장,닭,육계,26500.0,전라남도 무안군 무안읍 창포로,,,2020-08-31
전라남도,무안군,황금농장,닭,,,전라남도 무안군 무안읍 함장로,,,2020-08-31
전라남도,무안군,가온농장,오리,,,전라남도 무안군 일로읍 감돈리,,,2024-11-29
전라남도,무안군,계절축산,닭,육계,,전라남도 무안군 일로읍 지장리,,,2024-11-29
전라남도,무안군,곰솔농장,닭,육계,,전라남도 무안군 망운면 송현리,,,2024-11-29
전라남도,무안군,궁뜰,닭,육계,,전라남도 무안군 현경면 평산리,,,2024-11-29
전라남도,무안군,그레이트 팜,닭,육계,,전라남도 무안군 현경면 현화리,,,2024-11-29
전라남도,무안군,그린영농조합법인,닭,종계/산란계,,전라남도 무안군 해제면 광산리,,,2024-11-29
전라남도,무안군,금성농장,오리,,,전라남도 무안군 일로읍 감돈리,,,2024-11-29
전라남도,무안군,금성농장,오리,,,전라남도 무안군 일로읍 지장리,,,2024-11-29
전라남도,무안군,금성농장,닭,육계,,전라남도 무안군 청계면 서호리,,,2024-11-29
전라남도,무안군,남부유통,닭,종계/산란계,,전라남도 무안군 운남면 동암리,,,2024-11-29
전라남도,무안군,내화농장,닭,육계,,전라남도 무안군 운남면 연리,,,2024-11-29
전라남도,무안군,농업회사법인(유)가람축산,오리,,,전라남도 무안군 청계면 송복길,,,2024-11-29
전라남도,무안군,닭사랑농장,닭,육계,,전라남도 무안군 현경면 동산리,,,2024-11-29
전라남도,무안군,대신농장,닭,육계,,전라남도 무안군 운남면 연리,,,2024-11-29
전라남도,무안군,데메테르M,닭,종계/산란계,,전라남도 무안군 운남면 연리,,,2024-11-29
전라남도,무안군,도원양계축산,닭,육계,,전라남도 무안군 망운면 피서리,,,2024-11-29
전라남도,무안군,등림농장,닭,육계,,전라남도 무안군 일로읍 광암리,,,2024-11-29
전라남도,무안군,매봉축산,닭,육계,,전라남도 무안군 일로읍 지장리,,,2024-11-29
전라남도,무안군,모노랜드,닭,육계,,전라남도 무안군 현경면 해운리,,,2024-11-29
전라남도,무안군,무안농장,오리,종오리,,전라남도 무안군 몽탄면 청용리,,,2024-11-29
전라남도,무안군,민가농장,닭,육계,,전라남도 무안군 몽탄면 명산리,,,2024-11-29
전라남도,무안군,배로농장,닭,종계/산란계,,전라남도 무안군 청계면 남성리,,,2024-11-29
전라남도,무안군,부부농장,닭,육계,,전라남도 무안군 일로읍 의산리,,,2024-11-29
전라남도,무안군,사계절농장,닭,육계,,전라남도 무안군 삼향읍 용포리,,,2024-11-29
전라남도,무안군,삼신부화장,닭,,,전라남도 무안군 몽탄면 몽탄로,,,2024-11-29
전라남도,무안군,샛별농장,닭,육계,,전라남도 무안군 삼향읍 맥포리,,,2024-11-29
전라남도,무안군,샤론농장,닭,종계/산란계,,전라남도 무안군 운남면 동암리,,,2024-11-29
전라남도,무안군,서영축산,닭,육계,,전라남도 무안군 망운면 피서리,,,2024-11-29
전라남도,무안군,서원농장,닭,육계,,전라남도 무안군 일로읍 복룡리,,,2024-11-29
전라남도,무안군,서호농장,닭,육계,,전라남도 무안군 청계면 서호리,,,2024-11-29
전라남도,무안군,성하농장,오리,,,전라남도 무안군 현경면 수양리,,,2024-11-29
전라남도,무안군,수반농장,오리,,,전라남도 무안군 무안읍 매곡리,,,2024-11-29
전라남도,무안군,수암농장,닭,육계,,전라남도 무안군 현경면 가입리,,,2024-11-29
전라남도,무안군,수영농장,오리,,,전라남도 무안군 현경면 마산리,,,2024-11-29
전라남도,무안군,슬산오리농장,오리,종오리,,전라남도 무안군 해제면 덕산리,,,2024-11-29
전라남도,무안군,신촌농장,닭,육계,,전라남도 무안군 망운면 목동리,,,2024-11-29
전라남도,무안군,야곱농장,오리,,,전라남도 무안군 현경면 현화리,,,2024-11-29
전라남도,무안군,양또농장,오리,,,전라남도 무안군 망운면 피서리,,,2024-11-29
전라남도,무안군,에그린농장,닭,종계/산란계,,전라남도 무안군 삼향읍 왕산리,,,2024-11-29
전라남도,무안군,여울농장,닭,육계,,전라남도 무안군 청계면 사마리,,,2024-11-29
전라남도,무안군,외갓집청정농장,닭,육계,,전라남도 무안군 일로읍 지장리,,,2024-11-29
전라남도,무안군,우일농장,닭,종계/산란계,,전라남도 무안군 청계면 강정리,,,2024-11-29
전라남도,무안군,운남농장,닭,종계/산란계,,전라남도 무안군 운남면 하묘리,,,2024-11-29
전라남도,무안군,유정농장,닭,육계,,전라남도 무안군 무안읍 신학리,,,2024-11-29
전라남도,무안군,유한농장,닭,육계,,전라남도 무안군 운남면 연리,,,2024-11-29
전라남도,무안군,은수네 부화장,오리,,,전라남도 무안군 현경면 현화리,,,2024-11-29
전라남도,무안군,은수네농장,오리,종오리,,전라남도 무안군 현경면 장군로,,,2024-11-29
전라남도,무안군,은수농장,오리,종오리,,전라남도 무안군 현경면 해운리,,,2024-11-29
전라남도,무안군,을연농장,닭,육계,,전라남도 무안군 운남면 연리,,,2024-11-29
전라남도,무안군,일광농장,닭,육계,,전라남도 무안군 일로읍 광암리,,,2024-11-29
전라남도,무안군,재현농장,닭,종계/산란계,,전라남도 무안군 운남면 연리,,,2024-11-29
전라남도,무안군,저동농장,닭,육계,,전라남도 무안군 운남면 연리,,,2024-11-29
전라남도,무안군,전남양계장,닭,육계,,전라남도 무안군 청계면 청수리,,,2024-11-29
전라남도,무안군,제이엔티,닭,,,전라남도 무안군 청계면 남청길,,,2024-11-29
전라남도,무안군,진은농장,오리,,,전라남도 무안군 일로읍 복룡리,,,2024-11-29
전라남도,무안군,청솔농장,닭,육계,,전라남도 무안군 일로읍 광암리,,,2024-11-29
전라남도,무안군,친환경양계영농조합법인,오리,,,전라남도 무안군 해제면 해제지도로,,,2024-11-29
전라남도,무안군,친환경양계영농조합법인,닭,육계,,전라남도 무안군 해제면 용학리,,,2024-11-29
전라남도,무안군,쾌청농장,닭,육계,,전라남도 무안군 몽탄면 당호리,,,2024-11-29
전라남도,무안군,평산오리농장,오리,,,전라남도 무안군 현경면 평산리,,,2024-11-29
전라남도,무안군,푸른농장,닭,육계,,전라남도 무안군 운남면 성내리,,,2024-11-29
전라남도,무안군,한림농장,닭,종계/산란계,,전라남도 무안군 청계면 도대리,,,2024-11-29
전라남도,무안군,해운양계,닭,육계,,전라남도 무안군 현경면 해운리,,,2024-11-29
전라남도,무안군,햇빛촌 농원,닭,육계,,전라남도 무안군 운남면 연리,,,2024-11-29
전라남도,무안군,현경농장,닭,육계,,전라남도 무안군 현경면 양학리,,,2024-11-29
전라남도,무안군,현대부화장,닭,,,전라남도 무안군 삼향읍 용포리,,,2024-11-29
전라남도,무안군,,,,,,,,2025-11-25
전라남도,무안군,가입농장,오리,,,전라남도 무안군 현경면 가입리,,,2025-11-25
전라남도,무안군,구로농장,닭,육계,,전라남도 무안군 청계면 구로리,,,2025-11-25
전라남도,무안군,국민축산,오리,,,전라남도 무안군 해제면 천장리,,,2025-11-25
전라남도,무안군,김정기 농장,닭,육계,,전라남도 무안군 해제면 용학리,,,2025-11-25
전라남도,무안군,남안농장,닭,육계,,전라남도 무안군 청계면 남안리,,,2025-11-25
전라남도,무안군,내화농장,닭,육계,,전라남도 무안군 운남면 연리 1,,,2025-11-25
전라남도,무안군,내화삼계,닭,육계,,전라남도 무안군 운남면 성내리,,,2025-11-25
전라남도,무안군,다온농장,닭,육계,,전라남도 무안군 일로읍 지장리,,,2025-11-25
전라남도,무안군,대신농장,닭,육계,,전라남도 무안군 운남면 연리 2,,,2025-11-25
전라남도,무안군,덕진농장,닭,육계,,전라남도 무안군 운남면 동암리,,,2025-11-25
전라남도,무안군,데메테르M,닭,종계/산란계,,전라남도 무안군 운남면 연리 1,,,2025-11-25
전라남도,무안군,도담농장,닭,종계,,전라남도 무안군 무안읍 매곡리,,,2025-11-25
전라남도,무안군,도율농장,닭,종계/산란계,,전라남도 무안군 운남면 동암리,,,2025-11-25
전라남도,무안군,매봉농장,닭,육계,,전라남도 무안군 일로읍 지장리,,,2025-11-25
전라남도,무안군,목화농장,닭,육계,,전라남도 무안군 망운면 송현리,,,2025-11-25
전라남도,무안군,무안농장,닭,육계,,전라남도 무안군 현경면 평산리,,,2025-11-25
전라남도,무안군,백련농장,닭,육계,,전라남도 무안군 청계면 복길리,,,2025-11-25
전라남도,무안군,산울농원,오리,,,전라남도 무안군 현경면 양학리,,,2025-11-25
전라남도,무안군,삼신부화장,닭,,,전라남도 무안군 몽탄면 청용리,,,2025-11-25
전라남도,무안군,상일축사,닭,육계,,전라남도 무안군 일로읍 감돈리,,,2025-11-25
전라남도,무안군,송정오리농장,오리,,,전라남도 무안군 현경면 송정리,,,2025-11-25
전라남도,무안군,신일농장,닭,육계,,전라남도 무안군 현경면 평산리,,,2025-11-25
전라남도,무안군,어민농장,닭,육계,,전라남도 무안군 청계면 복길리,,,2025-11-25
전라남도,무안군,연희농장,닭,육계,,전라남도 무안군 해제면 양매리,,,2025-11-25
전라남도,무안군,오리골농장,오리,,,전라남도 무안군 현경면 외반리,,,2025-11-25
전라남도,무안군,오리농장,오리,,,전라남도 무안군 일로읍 지장리,,,2025-11-25
전라남도,무안군,요안농장,오리,,,전라남도 무안군 일로읍 복룡리,,,2025-11-25
전라남도,무안군,우리축산,닭,육계,,전라남도 무안군 현경면 송정리,,,2025-11-25
전라남도,무안군,우정축산,닭,육계,,전라남도 무안군 운남면 하묘리,,,2025-11-25
전라남도,무안군,유진농장,오리,종오리,,전라남도 무안군 현경면 오류리,,,2025-11-25
전라남도,무안군,유한농장,닭,육계,,전라남도 무안군 운남면 연리 1,,,2025-11-25
전라남도,무안군,유화꼬꼬농장,닭,육계,,전라남도 무안군 무안읍 성암리,,,2025-11-25
전라남도,무안군,으뜸농원,닭,육계,,전라남도 무안군 해제면 만풍리,,,2025-11-25
전라남도,무안군,은수네농장,오리,종오리,,전라남도 무안군 현경면 해운리,,,2025-11-25
전라남도,무안군,은수네농장,오리,종오리,,전라남도 무안군 몽탄면 해운리,,,2025-11-25
전라남도,무안군,은택농장,닭,육계,,전라남도 무안군 무안읍 교촌리,,,2025-11-25
전라남도,무안군,은혜농장,오리,육용오리,,전라남도 무안군 일로읍 광암리,,,2025-11-25
전라남도,무안군,을연농장,닭,육계,,전라남도 무안군 운남면 연리 7,,,2025-11-25
전라남도,무안군,장곡농장,닭,육계,,전라남도 무안군 삼향읍 지산리,,,2025-11-25
전라남도,무안군,장곡제일농장,오리,,,전라남도 무안군 삼향읍 지산리,,,2025-11-25
전라남도,무안군,저동농장,닭,육계,,전라남도 무안군 운남면 연리 7,,,2025-11-25
전라남도,무안군,정식 농장,오리,,,전라남도 무안군 망운면 피서리,,,2025-11-25
전라남도,무안군,제이엔티,오리,,,전라남도 무안군 청계면 청수리,,,2025-11-25
전라남도,무안군,죽산농장,오리,,,전라남도 무안군 일로읍 죽산리,,,2025-11-25
전라남도,무안군,청금축산,오리,,,전라남도 무안군 일로읍 지장리,,,2025-11-25
전라남도,무안군,청룡양계 1농장,닭,육계,,전라남도 무안군 현경면 현화리,,,2025-11-25
전라남도,무안군,청룡양계 2농장,닭,육계,,전라남도 무안군 현경면 현화리,,,2025-11-25
전라남도,무안군,친환경양계영농조합법인,오리,,,전라남도 무안군 망운면 목동리,,,2025-11-25
전라남도,무안군,태두농장,오리,,,전라남도 무안군 일로읍 지장리,,,2025-11-25
전라남도,무안군,평산농장,오리,종오리,,전라남도 무안군 현경면 평산리,,,2025-11-25
전라남도,무안군,하날농장,닭,종계/산란계,,전라남도 무안군 청계면 복길리,,,2025-11-25
전라남도,무안군,학골농장,오리,,,전라남도 무안군 망운면 피서리,,,2025-11-25
전라남도,무안군,햇빛촌 농원,닭,육계,,전라남도 무안군 운남면 연리 1,,,2025-11-25
전라남도,무안군,현철농장,닭,육계,,전라남도 무안군 일로읍 광암리,,,2025-11-25
전라남도,무안군,홍서농장,닭,육계,,전라남도 무안군 일로읍 감돈리,,,2025-11-25
전라남도,무안군,화설농장,닭,육계,,전라남도 무안군 무안읍 신학리,,,2025-11-25
전라남도,무안군,희성농장,오리,,,전라남도 무안군 삼향읍 지산리,,,2025-11-25
전라남도,보성군,가○길농장,오리,육용오리,10000.0,전라남도 보성군 노동면 갱맹골길 45-85,,,2021-02-05
전라남도,보성군,가○팜,닭,산란계,850.0,전라남도 보성군 노동면 거석길 230-53,,,2021-02-05
전라남도,보성군,김○숙농장,오리,육용오리,16000.0,전라남도 보성군 웅치면 일림로 790-32,,,2021-02-05
전라남도,보성군,낙○농장,오리,종오리,0.0,전라남도 보성군 겸백면 수남리 833,,,2021-02-05
전라남도,보성군,녹○골농장,오리,육용오리,0.0,전라남도 보성군 보성읍 봉산리1424-2,,,2021-02-05
전라남도,보성군,누○팜,닭,육계,142000.0,전라남도 보성군 보성읍 재궁해경길 81-22,,,2021-02-05
전라남도,보성군,대○농장,오리,육용오리,0.0,전라남도 보성군 조성면 조성수촌길 14,,,2021-02-05
전라남도,보성군,대○농장,오리,종오리,5300.0,전라남도 보성군 웅치면 대산길 118-46,,,2021-02-05
전라남도,보성군,바○팜,닭,산란계,50000.0,전라남도 보성군 미력면 미력리 619-1,,,2021-02-05
전라남도,보성군,박○경농장,닭,육계,120000.0,전라남도 보성군 보성읍 쾌상리 1118-5,,,2021-02-05
전라남도,보성군,봉○농장,닭,육계,0.0,전라남도 보성군 회천면 충의로 792,,,2021-02-05
전라남도,보성군,샘○오리농장,오리,육용오리,0.0,전라남도 보성군 조성면 동촌리 273,,,2021-02-05
전라남도,보성군,소○농장,오리,육용오리,30000.0,전라남도 보성군 노동면 대련리 565-1,,,2021-02-05
전라남도,보성군,송○수농장,오리,종오리,3500.0,전라남도 보성군 웅치면 유봉길 176-34,,,2021-02-05
전라남도,보성군,수농장,오리,육용오리,0.0,전라남도 보성군 겸백면 수남리 837-1,,,2021-02-05
전라남도,보성군,연○농장,닭,산란계,22000.0,전라남도 보성군  노동면 대련로 333,,,2021-02-05
전라남도,보성군,영○농장,닭,육계,0.0,전라남도 보성군 벌교읍 남하로 392,,,2021-02-05
전라남도,보성군,을○농장,닭,산란계,24000.0,전라남도 보성군 미력면 송재로 939-73,,,2021-02-05
전라남도,보성군,이○님농장,오리,육용오리,0.0,전라남도 보성군 조성면 용전리 598-2,,,2021-02-05
전라남도,보성군,일○농장,닭,육계,150000.0,전라남도 보성군 벌교읍 영등길 230-27,,,2021-02-05
전라남도,보성군,자○농장1,닭,산란계,4400.0,전라남도 보성군 노동면  대련로 333,,,2021-02-05
전라남도,보성군,자○농장2,닭,산란계,60000.0,전라남도 보성군  미력면 용산길 168-30,,,2021-02-05
전라남도,보성군,장○추농장,오리,육용오리,0.0,전라남도 보성군 득량면 비봉리 378,,,2021-02-05
전라남도,보성군,정○원,닭,산란계,8000.0,전라남도 보성군 벌교읍 월정길 158-21,,,2021-02-05
전라남도,보성군,제2죽○농장,오리,육용오리,0.0,전라남도 보성군 득량면 마천길 214-14,,,2021-02-05
전라남도,보성군,제○농장,오리,육용오리,0.0,전라남도 보성군 웅치면 대산길  118-42,,,2021-02-05
전라남도,보성군,제○디팜 보성농장,오리,종오리,22000.0,전라남도 보성군 노동면 평동로 1388-187,,,2021-02-05
전라남도,보성군,조○농장,오리,육용오리,0.0,전라남도 보성군 조성면 조성리 542-3,,,2021-02-05
전라남도,보성군,죽○농장,오리,육용오리,0.0,전라남도 보성군 득량면 정흥리 550-27,,,2021-02-05
전라남도,보성군,즐○운농장,오리,육용오리,0.0,전라남도 보성군 웅치면 해룡길 28-61,,,2021-02-05
전라남도,보성군,푸○메농장,오리,육용오리,40000.0,전라남도 보성군 득량면 도촌길 234-281,,,2021-02-05
전라남도,보성군,하○농장 1,닭,육계,93000.0,전라남도 보성군 복내면 한치길 314-57,,,2021-02-05
전라남도,보성군,하○농장 2,닭,육계,64000.0,전라남도 보성군 복내면 한치길 314-57,,,2021-02-05
전라남도,보성군,해○농장,오리,육용오리,15500.0,전라남도 보성군 웅치면 대산리 71-5,,,2021-02-05
전라남도,보성군,혜○농장,오리,육용오리,12500.0,전라남도 보성군 보성읍 쾌상리207-7,,,2021-02-05
전라남도,보성군,가○길농장,오리,육용오리,11000.0,전라남도 보성군 노동면 대련리 568,,,2023-02-02
전라남도,보성군,가○팜,닭,산란계,850.0,"전라남도 보성군 노동면 거석리 486, 487",,,2023-02-02
전라남도,보성군,건○농장,오리,육용오리,0.0,"전라남도 보성군 웅치면 대산리 71, 71-7, 71-8",,,2023-02-02
전라남도,보성군,구○수농장,닭,산란계,0.0,"전라남도 보성군 미력면 미력리 627, 628",,,2023-02-02
전라남도,보성군,김○숙농장,오리,육용오리,17000.0,"전라남도 보성군 웅치면 용반리 709, 709-8",,,2023-02-02
전라남도,보성군,낙○농장,오리,육용오리,20500.0,"전라남도 보성군 겸백면 수남리 833, 833-3",,,2023-02-02
전라남도,보성군,낙○축산,닭,육계,700.0,"전라남도 보성군 조성면 은곡리 66-2, 67",,,2023-02-02
전라남도,보성군,녹○골농장,오리,육용오리,4380.0,"전라남도 보성군 보성읍 봉산리 1424-2, 1424-3",,,2023-02-02
전라남도,보성군,누○팜,닭,육계,149700.0,전라남도 보성군 보성읍 옥암리 85,,,2023-02-02
전라남도,보성군,대○농장,오리,육용오리,10800.0,전라남도 보성군 조성면 동촌리 480-22,,,2023-02-02
전라남도,보성군,박○경농장,닭,육계,113100.0,전라남도 보성군 보성읍 쾌상리 1118-5,,,2023-02-02
전라남도,보성군,봉○농장,닭,육계,0.0,전라남도 보성군 회천면 화죽리 417,,,2023-02-02
전라남도,보성군,부○농장,오리,종오리,5000.0,"전라남도 보성군 득량면 비봉리 296, 297, 300, 378, 830-1",,,2023-02-02
전라남도,보성군,샘○오리농장,오리,육용오리,22000.0,전라남도 보성군 조성면 동촌리 273,,,2023-02-02
전라남도,보성군,소○농장,오리,육용오리,32000.0,전라남도 보성군 노동면 대련리 565,,,2023-02-02
전라남도,보성군,송○수농장,오리,종오리,4000.0,전라남도 보성군 웅치면 유산리 1082,,,2023-02-02
전라남도,보성군,수농장,오리,육용오리,8000.0,전라남도 보성군 겸백면 수남리 837,,,2023-02-02
전라남도,보성군,신○보성종축장,닭,종계,18000.0,전라남도 보성군 보성읍 옥암리 709,,,2023-02-02
전라남도,보성군,연○농장,닭,산란계,17290.0,전라남도 보성군 노동면 대련리 307,,,2023-02-02
전라남도,보성군,영○농장,닭,육계,7000.0,"전라남도 보성군 벌교읍 영등리 984-24, 984-31",,,2023-02-02
전라남도,보성군,용○농장,오리,육용오리,8000.0,전라남도 보성군 벌교읍 칠동리 1248-6,,,2023-02-02
전라남도,보성군,월○유기농장(정심원),닭,산란계,6600.0,"전라남도 보성군 벌교읍 마동리 128-1, 130, 131, 131-2, 135",,,2023-02-02
전라남도,보성군,이○님농장,오리,육용오리,10500.0,"전라남도 보성군 조성면 용전리 598-2, 598-3, 598-4",,,2023-02-02
전라남도,보성군,일○농장,닭,육계,150100.0,전라남도 보성군 벌교읍 영등리 131,,,2023-02-02
전라남도,보성군,자○농장,닭,산란계,4300.0,"전라남도 보성군 노동면 대련리 307, 307-2",,,2023-02-02
전라남도,보성군,자○농장,닭,산란계,116700.0,"전라남도 보성군 미력면 화방리 798, 798-2, 산224-2",,,2023-02-02
전라남도,보성군,제2죽○농장,오리,육용오리,5000.0,"전라남도 보성군 득량면 마천리 1081, 1086",,,2023-02-02
전라남도,보성군,제○농장,오리,육용오리,13900.0,전라남도 보성군 웅치면 대산리 43,,,2023-02-02
전라남도,보성군,제○농장,오리,종오리,6300.0,전라남도 보성군 웅치면 대산리 48,,,2023-02-02
전라남도,보성군,제○디팜 보성농장,오리,종오리,12000.0,"전라남도 보성군 노동면 대련리 23, 24, 24-2, 25",,,2023-02-02
전라남도,보성군,조○농장,오리,육용오리,17000.0,전라남도 보성군 조성면 조성리 542,,,2023-02-02
전라남도,보성군,죽○농장,오리,육용오리,14000.0,전라남도 보성군 득량면 정흥리 550,,,2023-02-02
전라남도,보성군,즐○운 농장,오리,육용오리,8000.0,전라남도 보성군 웅치면 대산리 79,,,2023-02-02
전라남도,보성군,푸○메농장,오리,육용오리,40000.0,전라남도 보성군 득량면 도촌리 806,,,2023-02-02
전라남도,보성군,하○농장1,닭,육계,101700.0,전라남도 보성군 복내면 동교리 169,,,2023-02-02
전라남도,보성군,하○농장2,닭,육계,64500.0,전라남도 보성군 복내면 동교리 174,,,2023-02-02
전라남도,보성군,혜○농장,오리,육용오리,13600.0,"전라남도 보성군 보성읍 쾌상리 207-7, 207-8, 207-9",,,2023-02-02
전라남도,영광군,강운봉농장,닭,육계,40000.0,전라남도 영광군 염산면 옥실리 51,,,2024-08-23
전라남도,영광군,금성농장,닭,육계,147000.0,전라남도 영광군 법성면 용덕로2길 58-69,,,2024-08-23
전라남도,영광군,금호농장,닭,육계,86000.0,전라남도 영광군 영광읍 청보리로 166-54,,,2024-08-23
전라남도,영광군,농업회사법인(유)빛고을농장,닭,육용종계,50000.0,전라남도 영광군 영광읍 와룡리 100,,,2024-08-23
전라남도,영광군,농업회사법인브리딩팜(유),닭,육용종계,28000.0,전라남도 영광군 홍농읍 신석리 156-5,,,2024-08-23
전라남도,영광군,농업회사법인주식회사형경,닭,육계,307000.0,전라남도 영광군 군남면 남창리 956,,,2024-08-23
전라남도,영광군,다담농장,닭,육계,78000.0,전라남도 영광군 홍농읍 월암리 1189-8,,,2024-08-23
전라남도,영광군,대신농장,닭,육계,84000.0,전라남도 영광군 백수읍 백수로 1095,,,2024-08-23
전라남도,영광군,덕산농장,닭,육계,45000.0,전라남도 영광군 군서면 덕산리 157,,,2024-08-23
전라남도,영광군,덕호농장,닭,육용종계,33100.0,전라남도 영광군 영광읍 덕호로 271-84,,,2024-08-23
전라남도,영광군,두레농장,닭,육계,98000.0,전라남도 영광군 홍농읍 가곡리 654-1,,,2024-08-23
전라남도,영광군,만금농장,닭,육용종계,35000.0,전라남도 영광군 군서면 서금길 90,,,2024-08-23
전라남도,영광군,문주농장,닭,육계,95000.0,전라남도 영광군 대마면 원흥리 43-5,,,2024-08-23
전라남도,영광군,반석농장,닭,육계,83000.0,전라남도 영광군 홍농읍 월암리 526-1,,,2024-08-23
전라남도,영광군,백삼프로농장,닭,육계,66000.0,전라남도 영광군 군서면 서금길1길 54,,,2024-08-23
전라남도,영광군,백신농장,닭,육용종계,63000.0,전라남도 영광군 영광읍 우평리 754-9,,,2024-08-23
전라남도,영광군,백억농장,닭,육계,60000.0,전라남도 영광군 군서면 함영로7길 162,,,2024-08-23
전라남도,영광군,보배농장,닭,산란계,100660.0,전라남도 영광군 영광읍 와룡로7길 48,,,2024-08-23
전라남도,영광군,보원농장,닭,육계,150000.0,전라남도 영광군 군서면 성지로 852-86,,,2024-08-23
전라남도,영광군,빛고을농장,닭,육계,140000.0,전라남도 영광군 법성면 덕흥리 337-5,,,2024-08-23
전라남도,영광군,새희망농장,닭,육계,120000.0,전라남도 영광군 법성면 용성월산로 328-15,,,2024-08-23
전라남도,영광군,성실오리농장,오리,육용오리,48000.0,전라남도 영광군 묘량면 묘량로 141,,,2024-08-23
전라남도,영광군,성천농장,닭,육계,42000.0,전라남도 영광군 염산면 옥실리 228,,,2024-08-23
전라남도,영광군,소영농장,닭,육계,90000.0,전라남도 영광군 군서면 만금리 3-14,,,2024-08-23
전라남도,영광군,송림농장,닭,육계,77000.0,전라남도 영광군 영광읍 송림리 763,,,2024-08-23
전라남도,영광군,송암농장,닭,육계,65000.0,전라남도 영광군 군남면 광암로 21,,,2024-08-23
전라남도,영광군,순남축산,닭,육계,60000.0,전라남도 영광군 군서면 가사리 72,,,2024-08-23
전라남도,영광군,승빈농원,닭,육계,60000.0,전라남도 영광군 영광읍 입석길 195-61,,,2024-08-23
전라남도,영광군,신대농장,닭,산란계,65000.0,전라남도 영광군 영광읍 입석길 175,,,2024-08-23
전라남도,영광군,아름농장,닭,육계,143000.0,전라남도 영광군 백수읍 장산로 240-83,,,2024-08-23
전라남도,영광군,양성농장,닭,육계,50000.0,전라남도 영광군 백수읍 양성리 273-5,,,2024-08-23
전라남도,영광군,양평농장,닭,육계,142500.0,전라남도 영광군 영광읍 와룡로 321-33,,,2024-08-23
전라남도,영광군,어울림농장,닭,산란계,2500.0,전라남도 영광군 백수읍 길용길2길 49-10,,,2024-08-23
전라남도,영광군,에덴농장,닭,육계,175000.0,전라남도 영광군 법성면 용성월산로 82-22,,,2024-08-23
전라남도,영광군,에덴농장,닭,육계,77000.0,전라남도 영광군 홍농읍 가곡리 46-2,,,2024-08-23
전라남도,영광군,영광농장,닭,산란중추,80000.0,전라남도 영광군 영광읍 학정리 951-2,,,2024-08-23
전라남도,영광군,영광베드로농장,닭,육계,75000.0,전라남도 영광군 홍농읍 진덕리 222-23,,,2024-08-23
전라남도,영광군,영광종계장,닭,토종닭,55000.0,전라남도 영광군 군서면 만금리 80-1,,,2024-08-23
전라남도,영광군,오송농장,닭,육계,51000.0,전라남도 영광군 군서면 남계리 129,,,2024-08-23
전라남도,영광군,옥당농장,닭,육용종계,80000.0,전라남도 영광군 법성면 용성월산로 82-54,,,2024-08-23
전라남도,영광군,와룡농장,닭,육계,75000.0,전라남도 영광군 영광읍 와룡로 434,,,2024-08-23
전라남도,영광군,왕호농장,닭,육계,240000.0,전라남도 영광군 영광읍 덕호로 271-112,,,2024-08-23
전라남도,영광군,원기농장,닭,육계,66000.0,전라남도 영광군 묘량면 운당리 산22-4,,,2024-08-23
전라남도,영광군,원흥농장,오리,육용오리,16000.0,전라남도 영광군 대마면 원흥리 805-1,,,2024-08-23
전라남도,영광군,월계농장,닭,육계,74000.0,전라남도 영광군 법성면 월산리 878,,,2024-08-23
전라남도,영광군,월암축산영농조합법인,닭,육계,73000.0,전라남도 영광군 염산면 오동길 1길 176-206,,,2024-08-23
전라남도,영광군,유일농장,닭,육계,38000.0,전라남도 영광군 백수읍 논산리 546-22,,,2024-08-23
전라남도,영광군,이레농장,닭,육계,100000.0,전라남도 영광군 군서면 관산로 195-30,,,2024-08-23
전라남도,영광군,자유란,닭,산란계,1400.0,전라남도 영광군 묘량면 영양리 423-3,,,2024-08-23
전라남도,영광군,장재기농장,닭,육계,53000.0,전라남도 영광군 영광읍 와룡리 1120-4,,,2024-08-23
전라남도,영광군,정암균,닭,육계,55000.0,전라남도 영광군 군서면 송학리 656-2,,,2024-08-23
전라남도,영광군,진농장,닭,육계,29000.0,전라남도 영광군 염산면 향화로 332-37,,,2024-08-23
전라남도,영광군,창조농장,닭,육계,124000.0,전라남도 영광군 묘량면 덕흥리 505-15,,,2024-08-23
전라남도,영광군,채움농장,닭,육계,90000.0,전라남도 영광군 홍농읍 월암리 1189-2,,,2024-08-23
전라남도,영광군,천마농장,오리,육용오리,13500.0,전라남도 영광군 백수읍 천마리 761-10,,,2024-08-23
전라남도,영광군,천정농장,오리,육용오리,16000.0,전라남도 영광군 백수읍 성지로8길 71-26,,,2024-08-23
전라남도,영광군,초원농장,닭,육계,130000.0,전라남도 영광군 영광읍 양평리 631-3,,,2024-08-23
전라남도,영광군,최송농장,닭,토종닭,40000.0,전라남도 영광군 군서면 남계리 21-14,,,2024-08-23
전라남도,영광군,태균농장,닭,육계,50000.0,전라남도 영광군 백수읍 논산리 546-28,,,2024-08-23
전라남도,영광군,태원농장,닭,육계,80000.0,전라남도 영광군 군서면 남계리 398-13,,,2024-08-23
전라남도,영광군,풍산그린양계,닭,육계,42200.0,전라남도 영광군 묘량면 묘량로 612,,,2024-08-23
전라남도,영광군,하늘네농장,닭,육계,53000.0,전라남도 영광군 묘량면 덕송로 94-81,,,2024-08-23
전라남도,영광군,한우리 그린농장,닭,육계,58000.0,전라남도 영광군 군서면 군서로 192-128,,,2024-08-23
전라남도,영광군,해덕농장,오리,육용오리,20500.0,전라남도 영광군 군남면 대덕리 13,,,2024-08-23
전라남도,영광군,현자농장,닭,육계,140000.0,전라남도 영광군 영광읍 함영로9길 35-10,,,2024-08-23
전라남도,영광군,형제농장,닭,육용종계,34000.0,전라남도 영광군 영광읍 와룡리 101-4,,,2024-08-23
전라남도,영광군,혜은농장,닭,토종닭,45000.0,전라남도 영광군 염산면 옥실리 101,,,2024-08-23
전라남도,영암군,153농장,닭,육계,9300.0,전라남도 영암군 영암읍 농덕리,,,2015-07-02
전라남도,영암군,가나안 농장,오리,,16000.0,전라남도 영암군 시종면 월롱리,,,2015-07-02
전라남도,영암군,갈곡농장,닭,육계,35000.0,전라남도 영암군 신북면 갈곡리,,,2015-07-02
전라남도,영암군,건숙농장,오리,,17000.0,전라남도 영암군 금정면 안노리,,,2015-07-02
전라남도,영암군,건향오리,오리,,52000.0,전라남도 영암군 신북면 행정리,,,2015-07-02
전라남도,영암군,고산농장,닭,육계,37000.0,전라남도 영암군 서호면 성재리,,,2015-07-02
전라남도,영암군,광주농장,오리,,7000.0,전라남도 영암군 영암읍 망호리,,,2015-07-02
전라남도,영암군,귀봉농장,닭,육계,80000.0,전라남도 영암군 서호면 성재리,,,2015-07-02
전라남도,영암군,그린농장,닭,육계,120000.0,전라남도 영암군 덕진면 노송리,,,2015-07-02
전라남도,영암군,그린농장,오리,,20000.0,전라남도 영암군 덕진면 장선리,,,2015-07-02
전라남도,영암군,그린축산,오리,,30000.0,전라남도 영암군 시종면 월롱리,,,2015-07-02
전라남도,영암군,금정농장,닭,산란계,54000.0,전라남도 영암군 도포면 덕화리,,,2015-07-02
전라남도,영암군,금지오리,오리,,12000.0,전라남도 영암군 시종면 금지리,,,2015-07-02
전라남도,영암군,기영농장,닭,육계,35000.0,전라남도 영암군 시종면 신학리,,,2015-07-02
전라남도,영암군,김두장,오리,,9000.0,전라남도 영암군 시종면 신학리,,,2015-07-02
전라남도,영암군,나영농장,오리,,12900.0,전라남도 영암군 시종면 신흥리,,,2015-07-02
전라남도,영암군,나주뜰오리,오리,,30000.0,전라남도 영암군 신북면 월지리,,,2015-07-02
전라남도,영암군,남경축산,오리,,22000.0,전라남도 영암군 신북면 갈곡리,,,2015-07-02
전라남도,영암군,낭주농장,닭,육계,58000.0,전라남도 영암군 영암읍 송평리,,,2015-07-02
전라남도,영암군,낭주오리농장,오리,,15000.0,전라남도 영암군 도포면 원항리,,,2015-07-02
전라남도,영암군,농계농장,오리,,6500.0,전라남도 영암군 영암읍 송평리,,,2015-07-02
전라남도,영암군,다솔,오리,,50000.0,전라남도 영암군 시종면 옥야리,,,2015-07-02
전라남도,영암군,닭실털보농장,오리,,63000.0,전라남도 영암군 신북면 유곡리,,,2015-07-02
전라남도,영암군,덕신영농조합법인,오리,,14400.0,전라남도 영암군 덕진면 장선리,,,2015-07-02
전라남도,영암군,덕암농장,닭,육계,40000.0,전라남도 영암군 영암읍 장암리,,,2015-07-02
전라남도,영암군,동산농장,오리,,11500.0,전라남도 영암군 영암읍 송평리,,,2015-07-02
전라남도,영암군,만수자연농장,닭,산란계,1420.0,전라남도 영암군 시종면 만수리,,,2015-07-02
전라남도,영암군,목림,오리,,17000.0,전라남도 영암군 신북면 학동리,,,2015-07-02
전라남도,영암군,목원농장,오리,,18900.0,전라남도 영암군 시종면 신학리,,,2015-07-02
전라남도,영암군,미류네 농장,닭,육계,50000.0,전라남도 영암군 서호면 몽해리,,,2015-07-02
전라남도,영암군,미암농장,닭,육계,3000.0,전라남도 영암군 미암면 두억리,,,2015-07-02
전라남도,영암군,미암메추리농장,메추리,,150000.0,전라남도 영암군 미암면 채지리,,,2015-07-02
전라남도,영암군,민성양계장,닭,육계,55000.0,전라남도 영암군 학산면 금계리,,,2015-07-02
전라남도,영암군,박치완농장,닭,육계,50000.0,전라남도 영암군 서호면 성재리,,,2015-07-02
전라남도,영암군,반석축산,닭,육계,100000.0,전라남도 영암군 서호면 금강리,,,2015-07-02
전라남도,영암군,백순애농장,오리,,30000.0,전라남도 영암군 도포면 성산리,,,2015-07-02
전라남도,영암군,백호축산,닭,육계,70000.0,전라남도 영암군 시종면 신학리,,,2015-07-02
전라남도,영암군,범천농장,오리,,135000.0,전라남도 영암군 도포면 영호리,,,2015-07-02
전라남도,영암군,벧엘농장,닭,육계,65000.0,전라남도 영암군 신북면 학동리,,,2015-07-02
전라남도,영암군,벧엘농장,오리,,50000.0,전라남도 영암군 시종면 월롱리,,,2015-07-02
전라남도,영암군,부성축산,오리,,13000.0,전라남도 영암군 덕진면 노송리,,,2015-07-02
전라남도,영암군,부영농장,닭,육계,30000.0,전라남도 영암군 금정면 연소리,,,2015-07-02
전라남도,영암군,부희축산,닭,육계,90000.0,전라남도 영암군 학산면 묵동리,,,2015-07-02
전라남도,영암군,산호농장,닭,육계,20000.0,전라남도 영암군 삼호읍호리,,,2015-07-02
전라남도,영암군,삼도리농장,오리,,10000.0,전라남도 영암군 신북면 월평리,,,2015-07-02
전라남도,영암군,삼성농장,오리,,12000.0,전라남도 영암군 군서면 도장리,,,2015-07-02
전라남도,영암군,삼성농장,닭,육계,120000.0,전라남도 영암군 군서면 도장리,,,2015-07-02
전라남도,영암군,삼성농장,오리,,10000.0,전라남도 영암군 군서면 도장리,,,2015-07-02
전라남도,영암군,삼영농장,닭,육계,11200.0,전라남도 영암군 미암면 채지리,,,2015-07-02
전라남도,영암군,상형축산,닭,육계,7000.0,전라남도 영암군 서호면 소산리,,,2015-07-02
전라남도,영암군,서흥농장,오리,,16000.0,전라남도 영암군 시종면 신학리,,,2015-07-02
전라남도,영암군,선미농장,오리,,13000.0,전라남도 영암군 덕진면 노송리,,,2015-07-02
전라남도,영암군,선일농장,오리,,14200.0,전라남도 영암군 덕진면 노송리,,,2015-07-02
전라남도,영암군,성용농장,닭,육계,60020.0,전라남도 영암군 서호면 소산리,,,2015-07-02
전라남도,영암군,성윤농장,오리,,13900.0,전라남도 영암군 도포면 구학리,,,2015-07-02
전라남도,영암군,성진농장,오리,,29000.0,전라남도 영암군 시종면 봉소리,,,2015-07-02
전라남도,영암군,성환농장,닭,육계,27900.0,전라남도 영암군 덕진면 노송리,,,2015-07-02
전라남도,영암군,송정양계장,닭,육계,25000.0,전라남도 영암군 서호면 화송리,,,2015-07-02
전라남도,영암군,수정농원,오리,,13000.0,전라남도 영암군 시종면 월롱리,,,2015-07-02
전라남도,영암군,수지농장,오리,,15000.0,전라남도 영암군 시종면 만수리,,,2015-07-02
전라남도,영암군,승승농장,오리,,8500.0,전라남도 영암군 시종면 신학리,,,2015-07-02
전라남도,영암군,신흥농장,오리,,15000.0,전라남도 영암군 시종면 신흥리,,,2015-07-02
전라남도,영암군,알파덕,오리,,74800.0,전라남도 영암군 신북면 양계리,,,2015-07-02
전라남도,영암군,애경농장,오리,,18000.0,전라남도 영암군 신북면 장산리,,,2015-07-02
전라남도,영암군,애니피아 영농조합법인,닭,육계,45000.0,전라남도 영암군 금정면 세류리,,,2015-07-02
전라남도,영암군,영성농장,닭,육계,150000.0,전라남도 영암군 신북면 월평리,,,2015-07-02
전라남도,영암군,영신농장,닭,육계,45000.0,전라남도 영암군 덕진면 노송리,,,2015-07-02
전라남도,영암군,영신농장,닭,육계,50000.0,전라남도 영암군 덕진면 노송리,,,2015-07-02
전라남도,영암군,오리농장,오리,,20000.0,전라남도 영암군 신북면 학동리,,,2015-07-02
전라남도,영암군,오리천국,오리,,25000.0,전라남도 영암군 시종면 신학리,,,2015-07-02
전라남도,영암군,오현농장,오리,,45000.0,전라남도 영암군 신북면 월지리,,,2015-07-02
전라남도,영암군,옥주농장,닭,산란계,41030.0,전라남도 영암군 삼호읍 난전리,,,2015-07-02
전라남도,영암군,용현농장,오리,,18000.0,전라남도 영암군 시종면 와우리,,,2015-07-02
전라남도,영암군,우도농장,오리,,52000.0,전라남도 영암군 덕진면 용산리,,,2015-07-02
전라남도,영암군,우리농장,오리,,15000.0,전라남도 영암군 영암읍 송평리,,,2015-07-02
전라남도,영암군,우리농장,닭,육계,45000.0,전라남도 영암군 도포면 구학리,,,2015-07-02
전라남도,영암군,원광2농장,오리,,22000.0,전라남도 영암군 신북면 월지리,,,2015-07-02
전라남도,영암군,유산장농원,오리,,12000.0,전라남도 영암군 미암면 채지리,,,2015-07-02
전라남도,영암군,이레농장,닭,육계,65000.0,전라남도 영암군 시종면 와우리,,,2015-07-02
전라남도,영암군,일광농장,오리,,17045.0,전라남도 영암군 신북면 월지리,,,2015-07-02
전라남도,영암군,장구섬농장,닭,육계,128000.0,전라남도 영암군 시종면 신학리,,,2015-07-02
전라남도,영암군,장수농장,오리,,25000.0,전라남도 영암군 도포면 구학리,,,2015-07-02
전라남도,영암군,장천양계장,닭,육계,70000.0,전라남도 영암군 서호면 장천리,,,2015-07-02
전라남도,영암군,정미농장,오리,,8100.0,전라남도 영암군 덕진면 노송리,,,2015-07-02
전라남도,영암군,정수농장,오리,,14000.0,전라남도 영암군 영암읍 망호리,,,2015-07-02
전라남도,영암군,종욱농장,닭,육계,44900.0,전라남도 영암군 시종면 신학리,,,2015-07-02
전라남도,영암군,지훈농장,오리,,10000.0,전라남도 영암군 신북면 월지리,,,2015-07-02
전라남도,영암군,진성축산,오리,,20065.0,전라남도 영암군 덕진면 금강리,,,2015-07-02
전라남도,영암군,진양계장,닭,육계,60000.0,전라남도 영암군 군서면 양장리,,,2015-07-02
전라남도,영암군,천일농장,닭,산란계,28000.0,전라남도 영암군 도포면 구학리,,,2015-07-02
전라남도,영암군,철진축산,오리,,15000.0,전라남도 영암군 덕진면 금강리,,,2015-07-02
전라남도,영암군,춘양농장,닭,육계,2500.0,전라남도 영암군 영암읍 남풍리,,,2015-07-02
전라남도,영암군,춘정농장,닭,육계,14000.0,전라남도 영암군 영암읍 장암리,,,2015-07-02
전라남도,영암군,태산농장,닭,육계,92000.0,전라남도 영암군 시종면 봉소리,,,2015-07-02
전라남도,영암군,태석농장,오리,,13000.0,전라남도 영암군 영암읍 송평리,,,2015-07-02
전라남도,영암군,태성농장,닭,육계,500.0,전라남도 영암군 삼호읍호리,,,2015-07-02
전라남도,영암군,태양농장,닭,산란계,64904.0,전라남도 영암군 삼호읍 동호리,,,2015-07-02
전라남도,영암군,태흥농장,닭,육계,60000.0,전라남도 영암군 신북면 월지리,,,2015-07-02
전라남도,영암군,태희농장,오리,,25000.0,전라남도 영암군 시종면 신학리,,,2015-07-02
전라남도,영암군,평안농장,닭,육계,150.0,전라남도 영암군 삼호읍 삼포리,,,2015-07-02
전라남도,영암군,평엽농장,오리,,12000.0,전라남도 영암군 시종면 신연리,,,2015-07-02
전라남도,영암군,하림농장,오리,,12000.0,전라남도 영암군 신북면 갈곡리,,,2015-07-02
전라남도,영암군,하우리농장,오리,,70000.0,전라남도 영암군 신북면 월지리,,,2015-07-02
전라남도,영암군,하은농장,오리,,24000.0,전라남도 영암군 도포면 구학리,,,2015-07-02
전라남도,영암군,하정팜(form),오리,,20000.0,전라남도 영암군 시종면 신학리,,,2015-07-02
전라남도,영암군,학산농장,닭,육계,120000.0,전라남도 영암군 학산면 용산리,,,2015-07-02
전라남도,영암군,한마음농장,닭,육계,67147.0,전라남도 영암군 시종면 만수리,,,2015-07-02
전라남도,영암군,해맑은농장,오리,,28000.0,전라남도 영암군 도포면 봉호리,,,2015-07-02
전라남도,영암군,해바레축산 영농조합법인,오리,,15000.0,전라남도 영암군 덕진면 장선리,,,2015-07-02
전라남도,영암군,해창농장,오리,,12000.0,전라남도 영암군 군서면 해창리,,,2015-07-02
전라남도,영암군,행정농장,닭,육계,130000.0,전라남도 영암군 신북면 행정리,,,2015-07-02
전라남도,영암군,형암농장,오리,,16000.0,전라남도 영암군 시종면 봉소리,,,2015-07-02
전라남도,영암군,호서농장,오리,,30700.0,전라남도 영암군 시종면 봉소리,,,2015-07-02
전라남도,영암군,홍균농장,닭,산란계,1500.0,전라남도 영암군 금정면 안노리,,,2015-07-02
전라남도,영암군,화산농장,닭,육계,80000.0,전라남도 영암군 삼호읍 서창리,,,2015-07-02
전라남도,영암군,황두성농장,닭,육계,45000.0,전라남도 영암군 덕진면 노송리,,,2015-07-02
전라남도,영암군,효산농장,오리,,15000.0,전라남도 영암군 덕진면 노송리,,,2015-07-02
전라남도,영암군,희규축산,오리,,8000.0,전라남도 영암군 군서면 도장리,,,2015-07-02
전라남도,영암군,희망농장,오리,,15000.0,전라남도 영암군 도포면 원항리,,,2015-07-02
전라남도,영암군,희망축사,오리,,20000.0,전라남도 영암군 시종면 신연리,,,2015-07-02
전라남도,영암군,겨레농장,오리,,25000.0,전라남도 영암군 군서면 도장리,,,2025-05-01
전라남도,영암군,경균농장,오리,,25000.0,전라남도 영암군 도포면 영호리,,,2025-05-01
전라남도,영암군,금강농장,닭,육계,15000.0,전라남도 영암군 덕진면 금강리,,,2025-05-01
전라남도,영암군,금산농장,닭,육계,55000.0,전라남도 영암군 시종면 신학리,,,2025-05-01
전라남도,영암군,기를품은,닭,육계,120000.0,전라남도 영암군 학산면 용산리,,,2025-05-01
전라남도,영암군,기포농장,닭,육계,400.0,전라남도 영암군 학산면 묵동리,,,2025-05-01
전라남도,영암군,길록양계,닭,육계,57700.0,전라남도 영암군 서호면 태백리,,,2025-05-01
전라남도,영암군,김요한농장,닭,육계,60000.0,전라남도 영암군 시종면 옥야리,,,2025-05-01
전라남도,영암군,나영농장,오리,,16807.0,전라남도 영암군 시종면 신흥리,,,2025-05-01
전라남도,영암군,나주뜰오리,오리,,26000.0,전라남도 영암군 신북면 월지리,,,2025-05-01
전라남도,영암군,남송농장,닭,육계,50000.0,전라남도 영암군 금정면 남송리,,,2025-05-01
전라남도,영암군,농업회사 법인 주식회사 은강,오리,,35000.0,전라남도 영암군 군서면 양장리,,,2025-05-01
전라남도,영암군,농업회사법인 조인팜스㈜,닭,산란계,125400.0,전라남도 영암군 신북면 행정리,,,2025-05-01
전라남도,영암군,농업회사법인 주식회사 팜스,오리,,6000.0,전라남도 영암군 덕진면 금강리,,,2025-05-01
전라남도,영암군,다미농장,닭,산란계,26000.0,전라남도 영암군 시종면 신학리,,,2025-05-01
전라남도,영암군,달농장,닭,육계,85000.0,전라남도 영암군 도포면 원항리,,,2025-05-01
전라남도,영암군,달농장,닭,육계,45000.0,전라남도 영암군 도포면 원항리,,,2025-05-01
전라남도,영암군,닭실털보농장,닭,육계,55000.0,전라남도 영암군 신북면 유곡리,,,2025-05-01
전라남도,영암군,덕진농장,오리,,16000.0,전라남도 영암군 덕진면 장선리,,,2025-05-01
전라남도,영암군,동산농장,오리,,8000.0,전라남도 영암군 영암읍 망호리,,,2025-05-01
전라남도,영암군,든든농장,닭,육계,76000.0,전라남도 영암군 덕진면 노송리,,,2025-05-01
전라남도,영암군,또르래농장,닭,산란계,25400.0,전라남도 영암군 도포면 덕화리,,,2025-05-01
전라남도,영암군,매일농장,닭,육계,185000.0,전라남도 영암군 군서면 도장리,,,2025-05-01
전라남도,영암군,목림농장,오리,,17000.0,전라남도 영암군 신북면 학동리,,,2025-05-01
전라남도,영암군,미담이네 농장1,닭,육계,50000.0,전라남도 영암군 서호면 몽해리,,,2025-05-01
전라남도,영암군,미담이네농장,닭,육계,1650.0,전라남도 영암군 덕진면 장선리,,,2025-05-01
전라남도,영암군,미암농장,닭,육계,10000.0,전라남도 영암군 미암면 신포리,,,2025-05-01
전라남도,영암군,민우농장,닭,육계,70000.0,전라남도 영암군 신북면 갈곡리,,,2025-05-01
전라남도,영암군,민중농장,닭,육계,27000.0,전라남도 영암군 시종면 봉소리,,,2025-05-01
전라남도,영암군,백호축산,닭,육계,30000.0,전라남도 영암군 시종면 신학리,,,2025-05-01
전라남도,영암군,범천농장,오리,,27000.0,전라남도 영암군 도포면 영호리,,,2025-05-01
전라남도,영암군,벧엘농장,닭,육계,90000.0,전라남도 영암군 신북면 학동리,,,2025-05-01
전라남도,영암군,벧엘농장,닭,육계,150000.0,전라남도 영암군 시종면 월롱리,,,2025-05-01
전라남도,영암군,뿌리농장,닭,육계,106000.0,전라남도 영암군 시종면 옥야리,,,2025-05-01
전라남도,영암군,사랑농장,오리,,13900.0,전라남도 영암군 도포면 구학리,,,2025-05-01
전라남도,영암군,삼성농장,오리,,14000.0,전라남도 영암군 군서면 도장리,,,2025-05-01
전라남도,영암군,삼성농장,닭,육계,14036.0,전라남도 영암군 군서면 도장리,,,2025-05-01
전라남도,영암군,삼한농장,닭,육계,34000.0,전라남도 영암군 신북면 월평리,,,2025-05-01
전라남도,영암군,상록농장,오리,,34000.0,전라남도 영암군 도포면 성산리,,,2025-05-01
전라남도,영암군,새로나농장,오리,,40000.0,전라남도 영암군 신북면 갈곡리,,,2025-05-01
전라남도,영암군,성민농장,닭,육계,80000.0,전라남도 영암군 신북면 학동리,,,2025-05-01
전라남도,영암군,성실농장,닭,육계,160000.0,전라남도 영암군 도포면 구학리,,,2025-05-01
전라남도,영암군,성윤농장,오리,,68900.0,전라남도 영암군 시종면 봉소리,,,2025-05-01
전라남도,영암군,성진농장,오리,,16000.0,전라남도 영암군 신북면 행정리,,,2025-05-01
전라남도,영암군,성진농장,오리,,30000.0,전라남도 영암군 시종면 봉소리,,,2025-05-01
전라남도,영암군,성현축산,오리,,48000.0,전라남도 영암군 시종면 옥야리,,,2025-05-01
전라남도,영암군,성환농장,오리,,8000.0,전라남도 영암군 덕진면 노송리,,,2025-05-01
전라남도,영암군,수지농장,닭,육계,62000.0,전라남도 영암군 시종면 만수리,,,2025-05-01
전라남도,영암군,순광농장,닭,육계,55020.0,전라남도 영암군 서호면 쌍풍리,,,2025-05-01
전라남도,영암군,순화농장,닭,육계,70000.0,전라남도 영암군 시종면 신학리,,,2025-05-01
전라남도,영암군,승승농장,오리,,9400.0,전라남도 영암군 시종면 신학리,,,2025-05-01
전라남도,영암군,승준농장,오리,,14000.0,전라남도 영암군 서호면 금강리,,,2025-05-01
전라남도,영암군,승호농장,닭,육계,100000.0,전라남도 영암군 시종면 옥야리,,,2025-05-01
전라남도,영암군,신연농장,오리,,10000.0,전라남도 영암군 시종면 신연리,,,2025-05-01
전라남도,영암군,신원농장,닭,육계,150000.0,전라남도 영암군 덕진면 노송리,,,2025-05-01
전라남도,영암군,알파덕,오리,,21000.0,전라남도 영암군 신북면 양계리,,,2025-05-01
전라남도,영암군,애니피아,닭,육계,95000.0,전라남도 영암군 금정면 세류리,,,2025-05-01
전라남도,영암군,애니피아,닭,육계,45000.0,전라남도 영암군 금정면 세류리,,,2025-05-01
전라남도,영암군,에덴농장,오리,,12000.0,전라남도 영암군 시종면 신학리,,,2025-05-01
전라남도,영암군,연진농장,오리,,22000.0,전라남도 영암군 신북면 학동리,,,2025-05-01
전라남도,영암군,영민농장,오리,,8000.0,전라남도 영암군 영암읍 송평리,,,2025-05-01
전라남도,영암군,영신농장,닭,육계,85000.0,전라남도 영암군 덕진면 노송리,,,2025-05-01
전라남도,영암군,영신농장2,닭,육계,70000.0,전라남도 영암군 덕진면 노송리,,,2025-05-01
전라남도,영암군,영진농장,오리,,18000.0,전라남도 영암군 신북면 월지리,,,2025-05-01
전라남도,영암군,오리천국,오리,,50000.0,전라남도 영암군 시종면 신학리,,,2025-05-01
전라남도,영암군,옥주농장,닭,산란계,36000.0,전라남도 영암군 삼호읍 난전리,,,2025-05-01
전라남도,영암군,우도농장,오리,,35000.0,전라남도 영암군 덕진면 용산리,,,2025-05-01
전라남도,영암군,우리농장,닭,육계,80000.0,전라남도 영암군 도포면 구학리,,,2025-05-01
전라남도,영암군,우리농장,오리,,13500.0,전라남도 영암군 영암읍 송평리,,,2025-05-01
전라남도,영암군,우리영농조합법인 농장,오리,,10000.0,전라남도 영암군 시종면 신학리,,,2025-05-01
전라남도,영암군,우송농장,오리,,18000.0,전라남도 영암군 시종면 월롱리,,,2025-05-01
전라남도,영암군,우주농장,오리,,30000.0,전라남도 영암군 도포면 성산리,,,2025-05-01
전라남도,영암군,원광1농장,오리,,15000.0,전라남도 영암군 신북면 월지리,,,2025-05-01
전라남도,영암군,원광2농장,오리,,26130.0,전라남도 영암군 신북면 월지리,,,2025-05-01
전라남도,영암군,원앙골농장,오리,,28900.0,전라남도 영암군 신북면 학동리,,,2025-05-01
전라남도,영암군,월지농장,오리,,8500.0,전라남도 영암군 신북면 월지리,,,2025-05-01
전라남도,영암군,월출농장,닭,육계,20000.0,전라남도 영암군 시종면 신학리,,,2025-05-01
전라남도,영암군,유피갈곡농장,닭,육계,48000.0,전라남도 영암군 신북면 갈곡리,,,2025-05-01
전라남도,영암군,유피월롱농장,오리,,23000.0,전라남도 영암군 시종면 월롱리,,,2025-05-01
전라남도,영암군,일광농장,오리,,35000.0,전라남도 영암군 시종면 신연리,,,2025-05-01
전라남도,영암군,일광농장,오리,,11000.0,전라남도 영암군 신북면 월지리,,,2025-05-01
전라남도,영암군,일움농장,닭,육계,67000.0,전라남도 영암군 시종면 금지리,,,2025-05-01
전라남도,영암군,장구섬농장,닭,육계,140000.0,전라남도 영암군 시종면 신학리,,,2025-05-01
전라남도,영암군,장수농장,오리,,34000.0,전라남도 영암군 도포면 구학리,,,2025-05-01
전라남도,영암군,주안농장,닭,육계,68000.0,전라남도 영암군 시종면 신학리,,,2025-05-01
전라남도,영암군,주안농장,닭,산란계,31320.0,전라남도 영암군 미암면 신한리,,,2025-05-01
전라남도,영암군,주현농장,오리,,15000.0,전라남도 영암군 덕진면 용산리,,,2025-05-01
전라남도,영암군,지명농장,닭,육계,69000.0,전라남도 영암군 시종면 신학리,,,2025-05-01
전라남도,영암군,지영농장,닭,육계,100000.0,전라남도 영암군 시종면 신학리,,,2025-05-01
전라남도,영암군,지훈농장,닭,육계,120000.0,전라남도 영암군 시종면 신학리,,,2025-05-01
전라남도,영암군,진웅농장,오리,,45565.0,전라남도 영암군 시종면 봉소리,,,2025-05-01
전라남도,영암군,참살이농장,닭,산란계,92000.0,전라남도 영암군 서호면 태백리,,,2025-05-01
전라남도,영암군,초계축산,닭,육계,60000.0,전라남도 영암군 시종면 만수리,,,2025-05-01
전라남도,영암군,코스모스농원,오리,,10000.0,전라남도 영암군 학산면 묵동리,,,2025-05-01
전라남도,영암군,코코농장 1,닭,육계,30000.0,전라남도 영암군 시종면 신학리,,,2025-05-01
전라남도,영암군,코코농장 2,닭,육계,33000.0,전라남도 영암군 시종면 신학리,,,2025-05-01
전라남도,영암군,태광농장,오리,,20000.0,전라남도 영암군 군서면 도장리,,,2025-05-01
전라남도,영암군,태산농장,닭,육계,80000.0,전라남도 영암군 시종면 봉소리,,,2025-05-01
전라남도,영암군,태석농장,닭,육계,70000.0,전라남도 영암군 영암읍 송평리,,,2025-05-01
전라남도,영암군,태성농장,닭,육계,500.0,전라남도 영암군 삼호읍 산호리,,,2025-05-01
전라남도,영암군,태평농장,오리,,18000.0,전라남도 영암군 신북면 모산리,,,2025-05-01
전라남도,영암군,태평농장,오리,,20000.0,전라남도 영암군 시종면 신연리,,,2025-05-01
전라남도,영암군,하우리농장,오리,,38000.0,전라남도 영암군 신북면 월지리,,,2025-05-01
전라남도,영암군,하우리덕,오리,,30000.0,전라남도 영암군 신북면 월지리,,,2025-05-01
전라남도,영암군,하은농장,오리,,25000.0,전라남도 영암군 도포면 구학리,,,2025-05-01
전라남도,영암군,하정팜(farm),오리,,20000.0,전라남도 영암군 시종면 신학리,,,2025-05-01
전라남도,영암군,학동농장,오리,,19300.0,전라남도 영암군 신북면 학동리,,,2025-05-01
전라남도,영암군,학산농장,닭,육계,60000.0,전라남도 영암군 학산면 용산리,,,2025-05-01
전라남도,영암군,해랑농장,오리,,12000.0,전라남도 영암군 신북면 모산리,,,2025-05-01
전라남도,영암군,해맑은농장,닭,육계,176224.0,전라남도 영암군 도포면 봉호리,,,2025-05-01
전라남도,영암군,해종축산,오리,,15000.0,전라남도 영암군 도포면 원항리,,,2025-05-01
전라남도,영암군,햇살농장 태양광,닭,육계,100000.0,전라남도 영암군 시종면 금지리,,,2025-05-01
전라남도,영암군,행복농장,닭,육계,25000.0,전라남도 영암군 시종면 와우리,,,2025-05-01
전라남도,영암군,향월농장,오리,,60000.0,전라남도 영암군 덕진면 장선리,,,2025-05-01
전라남도,영암군,허니농장,오리,,15500.0,전라남도 영암군 신북면 월평리,,,2025-05-01
전라남도,영암군,현수농장,오리,,12000.0,전라남도 영암군 덕진면 노송리,,,2025-05-01
전라남도,영암군,형암농장,오리,,8000.0,전라남도 영암군 시종면 봉소리,,,2025-05-01
전라남도,영암군,형제농장,닭,육계,110000.0,전라남도 영암군 도포면 구학리,,,2025-05-01
전라남도,영암군,형제농장,닭,육계,200000.0,전라남도 영암군 시종면 신학리,,,2025-05-01
전라남도,영암군,홍이농장,오리,,10000.0,전라남도 영암군 신북면 월지리,,,2025-05-01
전라남도,영암군,화산농장,닭,육계,98000.0,전라남도 영암군 삼호읍 서창리,,,2025-05-01
전라남도,영암군,화산농장,닭,육계,41000.0,전라남도 영암군 삼호읍 서창리,,,2025-05-01
전라남도,해남군,갈*리 닭 농장,닭,육계,60000.0,전라남도 해남군 문내면 석교리,,,2023-07-01
전라남도,해남군,거*농장,닭,육계,87000.0,전라남도 해남군 산이면 상공리,,,2023-07-01
전라남도,해남군,계*농장,닭,육계,45000.0,전라남도 해남군 산이면 진산리,,,2023-07-01
전라남도,해남군,김*용농장,오리,,23000.0,전라남도 해남군 마산면 송석리,,,2023-07-01
전라남도,해남군,남*미래창조농장,닭,육계,120000.0,전라남도 해남군 현산면 읍호리,,,2023-07-01
전라남도,해남군,농*회사법인 ㈜*솔,오리,종오리,26000.0,전라남도 해남군 송지면 마봉리,,,2023-07-01
전라남도,해남군,농*회사법인(유) 이*,닭,육계,135000.0,전라남도 해남군 마산면 송석리,,,2023-07-01
전라남도,해남군,당*농장,닭,육계,75000.0,전라남도 해남군 화원면 월호리,,,2023-07-01
전라남도,해남군,대*농장,닭,육계,28000.0,전라남도 해남군 삼산면 평활리,,,2023-07-01
전라남도,해남군,도*농장,닭,산란계,29000.0,전라남도 해남군 산이면 금송리,,,2023-07-01
전라남도,해남군,두*리축산,닭,육계,130000.0,전라남도 해남군 황산면 송호리,,,2023-07-01
전라남도,해남군,명*산업농장,닭,육계,100000.0,전라남도 해남군 문내면 석교리,,,2023-07-01
전라남도,해남군,무*개농장,닭,육계,42000.0,전라남도 해남군 황산면 일신리,,,2023-07-01
전라남도,해남군,무*개농장 2,닭,육계,42000.0,전라남도 해남군 황산면 송호리,,,2023-07-01
전라남도,해남군,반*농장,오리,,19000.0,전라남도 해남군 문내면 무고리,,,2023-07-01
전라남도,해남군,산*농원,닭,육계,155000.0,전라남도 해남군 문내면 용암리,,,2023-07-01
전라남도,해남군,섬*농장,닭,육계,70000.0,전라남도 해남군 황산면 원호리,,,2023-07-01
전라남도,해남군,신*토종닭농장,닭,육계,500.0,전라남도 해남군 송지면 마봉리,,,2023-07-01
전라남도,해남군,알*니양계,닭,산란계,1700.0,전라남도 해남군 해남읍 복평리,,,2023-07-01
전라남도,해남군,예*향농원,닭,육계,49500.0,전라남도 해남군 문내면 석교리,,,2023-07-01
전라남도,해남군,오*야농장,닭,육계,66000.0,전라남도 해남군 현산면 읍호리,,,2023-07-01
전라남도,해남군,이*농장,오리,,15000.0,전라남도 해남군 북평면 동해리,,,2023-07-01
전라남도,해남군,임*누엘농장,오리,,15000.0,전라남도 해남군 현산면 덕흥리,,,2023-07-01
전라남도,해남군,임*누엘농장,닭,육계,85000.0,전라남도 해남군 화산면 관동리,,,2023-07-01
전라남도,해남군,자*로하스,닭,육계,206000.0,전라남도 해남군 마산면 외호리,,,2023-07-01
전라남도,해남군,찬*네 해피팜스,닭,산란계,2000.0,전라남도 해남군 마산면 외호리,,,2023-07-01
전라남도,해남군,참*은농장,닭,육계,90000.0,전라남도 해남군 황산면 원호리,,,2023-07-01
전라남도,해남군,천*인농장,오리,,8500.0,전라남도 해남군 옥천면 청신리,,,2023-07-01
전라남도,해남군,해*농장,오리,,35000.0,전라남도 해남군 송지면 해원리,,,2023-07-01
전라남도,해남군,해*농장,닭,육계,60000.0,전라남도 해남군 옥천면 신죽리,,,2023-07-01
전라남도,해남군,해*축산,오리,,28000.0,전라남도 해남군 황산면 남리리,,,2023-07-01
전라남도,해남군,현*축산,닭,종계,62000.0,전라남도 해남군 현산면 고현리,,,2023-07-01
전라남도,해남군,형*농장,닭,육계,55000.0,전라남도 해남군 황산면 송호리,,,2023-07-01
전라남도,해남군,형*종계농장,닭,종계,45000.0,전라남도 해남군 계곡면 잠두리,,,2023-07-01
전라남도,해남군,호*농원,닭,육계,60000.0,전라남도 해남군 마산면 상등리,,,2023-07-01
전라북도,김제시,가나안농장,닭,산란계,,전북특별자치도 김제시 용지면 예촌리,,,2025-06-24
전라북도,김제시,가나안농장,닭,산란계,,전북특별자치도 김제시 용지면 용암리,,,2025-06-24
전라북도,김제시,건지농장,닭,육계,,전북특별자치도 김제시 용지면 봉의리,,,2025-06-24
전라북도,김제시,경우농장,닭,육계,,전북특별자치도 김제시 금산면 삼봉리,,,2025-06-24
전라북도,김제시,경원농장,닭,육계,,전북특별자치도 김제시 만경읍 화포리,,,2025-06-24
전라북도,김제시,경은농장,닭,육계,,전북특별자치도 김제시 금구면 용지리,,,2025-06-24
전라북도,김제시,공덕농장,닭,산란계,,전북특별자치도 김제시 공덕면 제말리,,,2025-06-24
전라북도,김제시,관상농장,닭,육계,,전북특별자치도 김제시 청하면 관상리,,,2025-06-24
전라북도,김제시,구구농장,닭,육계,,전북특별자치도 김제시 상동동,,,2025-06-24
전라북도,김제시,구성양계장,닭,육계,,전북특별자치도 김제시 금산면 삼봉리,,,2025-06-24
전라북도,김제시,국민산업,닭,육계,,전북특별자치도 김제시 금구면 월전리,,,2025-06-24
전라북도,김제시,권성윤농장,닭,육계,,전북특별자치도 김제시 금산면 용산리,,,2025-06-24
전라북도,김제시,규석농장,닭,육계,,전북특별자치도 김제시 청하면 관상리,,,2025-06-24
전라북도,김제시,금구농장,오리,,,전북특별자치도 김제시 금구면 낙성리,,,2025-06-24
전라북도,김제시,금식농장,닭,육계,,전북특별자치도 김제시 황산면 쌍감리,,,2025-06-24
전라북도,김제시,금정농장,닭,산란계,,전북특별자치도 김제시 용지면 신정리,,,2025-06-24
전라북도,김제시,김농장,닭,산란계,,전북특별자치도 김제시 용지면 용수리,,,2025-06-24
전라북도,김제시,김제1농장,닭,육계,,전북특별자치도 김제시 금산면 용산리,,,2025-06-24
전라북도,김제시,김제농장,닭,육계,,전북특별자치도 김제시 백산면 조종리,,,2025-06-24
전라북도,김제시,나주2농장,닭,산란계,,전북특별자치도 김제시 용지면 용수리,,,2025-06-24
전라북도,김제시,나주농장,닭,산란계,,전북특별자치도 김제시 용지면 용수리,,,2025-06-24
전라북도,김제시,남도축산,닭,산란계,,전북특별자치도 김제시 용지면 신정리,,,2025-06-24
전라북도,김제시,남양농장,닭,육계,,전북특별자치도 김제시 황산면 진흥리,,,2025-06-24
전라북도,김제시,농업회사법인 대지산업 유한회사,닭,육계,,전북특별자치도 김제시 상동동,,,2025-06-24
전라북도,김제시,다래농장,닭,산란계,,전북특별자치도 김제시 용지면 신정리,,,2025-06-24
전라북도,김제시,다래농장,닭,산란계,,전북특별자치도 김제시 백구면 학동리,,,2025-06-24
전라북도,김제시,다온농장,닭,산란계,,전북특별자치도 김제시 용지면 용수리,,,2025-06-24
전라북도,김제시,다온팜,닭,육계,,전북특별자치도 김제시 만경읍 송상리,,,2025-06-24
전라북도,김제시,닭스팜,닭,육계,,전북특별자치도 김제시 금구면 하신리,,,2025-06-24
전라북도,김제시,대길농장,닭,육계,,전북특별자치도 김제시 금구면 옥성리,,,2025-06-24
전라북도,김제시,대박1농장,닭,산란계,,전북특별자치도 김제시 용지면 용수리,,,2025-06-24
전라북도,김제시,대박4농장,닭,산란계,,전북특별자치도 김제시 용지면 용수리,,,2025-06-24
전라북도,김제시,대산농장,닭,육계,,전북특별자치도 김제시 금구면 하신리,,,2025-06-24
전라북도,김제시,대선팜,닭,육계,,전북특별자치도 김제시 황산면 남산리,,,2025-06-24
전라북도,김제시,대성농장,오리,,,전북특별자치도 김제시 부량면 대평리,,,2025-06-24
전라북도,김제시,대성농장,닭,산란계,,전북특별자치도 김제시 용지면 장신리,,,2025-06-24
전라북도,김제시,대성농장,닭,산란계,,전북특별자치도 김제시 용지면 용수리,,,2025-06-24
전라북도,김제시,대영농장,닭,산란계,,전북특별자치도 김제시 용지면 효정리,,,2025-06-24
전라북도,김제시,대진농장,닭,육계,,전북특별자치도 김제시 죽산면 홍산리,,,2025-06-24
전라북도,김제시,대한농장1,닭,산란계,,전북특별자치도 김제시 용지면 봉의리,,,2025-06-24
전라북도,김제시,대한농장2,닭,산란계,,전북특별자치도 김제시 용지면 예촌리,,,2025-06-24
전라북도,김제시,대행영농조합법인,닭,산란계,,전북특별자치도 김제시 용지면 장신리,,,2025-06-24
전라북도,김제시,대홍농장,닭,육계,,전북특별자치도 김제시 청하면 관상리,,,2025-06-24
전라북도,김제시,덕우농장,닭,산란계,,전북특별자치도 김제시 금구면 용지리,,,2025-06-24
전라북도,김제시,도담에그팜,닭,산란계,,전북특별자치도 김제시 용지면 용수리,,,2025-06-24
전라북도,김제시,도장농장,닭,육계,,전북특별자치도 김제시 도장동,,,2025-06-24
전라북도,김제시,동진농장,닭,육계,,전북특별자치도 김제시 만경읍 화포리,,,2025-06-24
전라북도,김제시,똘똘이농장,닭,산란계,,전북특별자치도 김제시 제월동,,,2025-06-24
전라북도,김제시,만경농장,닭,육계,,전북특별자치도 김제시 성덕면 성덕리,,,2025-06-24
전라북도,김제시,만경농장1,닭,육계,,전북특별자치도 김제시 만경읍 장산리,,,2025-06-24
전라북도,김제시,만석양계장,닭,육계,,전북특별자치도 김제시 청하면 대청리,,,2025-06-24
전라북도,김제시,명진농장,닭,육계,,전북특별자치도 김제시 봉남면 평사리,,,2025-06-24
전라북도,김제시,명진농장,닭,육계,,전북특별자치도 김제시 황산면 쌍감리,,,2025-06-24
전라북도,김제시,무지개농장,닭,육계,,전북특별자치도 김제시 금구면 하신리,,,2025-06-24
전라북도,김제시,문화농장,닭,산란계,,전북특별자치도 김제시 용지면 용수리,,,2025-06-24
전라북도,김제시,미송농장,닭,산란계,,전북특별자치도 김제시 용지면 용암리,,,2025-06-24
전라북도,김제시,미송농장2,닭,산란계,,전북특별자치도 김제시 용지면 신정리,,,2025-06-24
전라북도,김제시,민가네농장,닭,산란계,,전북특별자치도 김제시 용지면 장신리,,,2025-06-24
전라북도,김제시,민재농장,닭,산란계,,전북특별자치도 김제시 용지면 신정리,,,2025-06-24
전라북도,김제시,박의사농장,오리,,,전북특별자치도 김제시 공덕면 회룡리,,,2025-06-24
전라북도,김제시,반석농장,닭,산란계,,전북특별자치도 김제시 용지면 용수리,,,2025-06-24
전라북도,김제시,백산농장,닭,육계,,전북특별자치도 김제시 백산면 수록리,,,2025-06-24
전라북도,김제시,백훈농장,닭,산란계,,전북특별자치도 김제시 백구면 학동리,,,2025-06-24
전라북도,김제시,번지농장,닭,산란계,,전북특별자치도 김제시 공덕면 동계리,,,2025-06-24
전라북도,김제시,보원농장,닭,육계,,전북특별자치도 김제시 백산면 상정리,,,2025-06-24
전라북도,김제시,복농장,닭,산란계,,전북특별자치도 김제시 용지면 장신리,,,2025-06-24
전라북도,김제시,봉황농장,닭,육계,,전북특별자치도 김제시 황산동,,,2025-06-24
전라북도,김제시,비젼통상,닭,육계,,전북특별자치도 김제시 금산면 금성리,,,2025-06-24
전라북도,김제시,사계절양계장,닭,산란계,,전북특별자치도 김제시 백산면 상리,,,2025-06-24
전라북도,김제시,사랑농장,닭,산란계,,전북특별자치도 김제시 용지면 예촌리,,,2025-06-24
전라북도,김제시,산뜰해농장,닭,육계,,전북특별자치도 김제시 백산면 수록리,,,2025-06-24
전라북도,김제시,산숙농장,닭,육계,,전북특별자치도 김제시 만경읍 몽산리,,,2025-06-24
전라북도,김제시,상명축산,닭,산란계,,전북특별자치도 김제시 용지면 용수리,,,2025-06-24
전라북도,김제시,새순1농장,닭,산란계,,전북특별자치도 김제시 용지면 장신리,,,2025-06-24
전라북도,김제시,새순2농장,닭,산란계,,전북특별자치도 김제시 용지면 신정리,,,2025-06-24
전라북도,김제시,샘물농장,닭,육계,,전북특별자치도 김제시 백학동,,,2025-06-24
전라북도,김제시,샛별농장,닭,산란계,,전북특별자치도 김제시 용지면 장신리,,,2025-06-24
전라북도,김제시,서가네알농장,닭,산란계,,전북특별자치도 김제시 공덕면 황산리,,,2025-06-24
전라북도,김제시,서영농장,닭,육계,,전북특별자치도 김제시 성덕면 묘라리,,,2025-06-24
전라북도,김제시,서후남농장,오리,,,전북특별자치도 김제시 금구면 용복리,,,2025-06-24
전라북도,김제시,석농장,닭,육계,,전북특별자치도 김제시 백산면 수록리,,,2025-06-24
전라북도,김제시,석일농장,닭,산란계,,전북특별자치도 김제시 용지면 신정리,,,2025-06-24
전라북도,김제시,선숙농장,닭,육계,,전북특별자치도 김제시 황산면 봉월리,,,2025-06-24
전라북도,김제시,선주농장,오리,,,전북특별자치도 김제시 공덕면 회룡리,,,2025-06-24
전라북도,김제시,송삼3농장,닭,산란계,,전북특별자치도 김제시 용지면 용수리,,,2025-06-24
전라북도,김제시,수민농장,닭,산란계,,전북특별자치도 김제시 용지면 신정리,,,2025-06-24
전라북도,김제시,수빈농장,닭,육계,,전북특별자치도 김제시 청하면 장산리,,,2025-06-24
전라북도,김제시,수하농장,오리,,,전북특별자치도 김제시 용지면 와룡리,,,2025-06-24
전라북도,김제시,수호농장,닭,육계,,전북특별자치도 김제시 백산면 수록리,,,2025-06-24
전라북도,김제시,순홍농장,닭,산란계,,전북특별자치도 김제시 용지면 신정리,,,2025-06-24
전라북도,김제시,시온농장,닭,육계,,전북특별자치도 김제시 황산면 쌍감리,,,2025-06-24
전라북도,김제시,시후농장,닭,육계,,전북특별자치도 김제시 금구면 낙성리,,,2025-06-24
전라북도,김제시,신성농장,닭,산란계,,전북특별자치도 김제시 공덕면 공덕리,,,2025-06-24
전라북도,김제시,신안농장,닭,산란계,,전북특별자치도 김제시 백산면 조종리,,,2025-06-24
전라북도,김제시,실로암농장,닭,육계,,전북특별자치도 김제시 봉남면 행촌리,,,2025-06-24
전라북도,김제시,쌈바농장,닭,육계,,전북특별자치도 김제시 황산면 진흥리,,,2025-06-24
전라북도,김제시,써니농장,닭,육계,,전북특별자치도 김제시 금구면 용복리,,,2025-06-24
전라북도,김제시,양열농장,닭,육계,,전북특별자치도 김제시 용지면 효정리,,,2025-06-24
전라북도,김제시,억대농장,닭,산란계,,전북특별자치도 김제시 용지면 장신리,,,2025-06-24
전라북도,김제시,에이스농장,닭,육계,,전북특별자치도 김제시 백산면 상리,,,2025-06-24
전라북도,김제시,연수농장,닭,산란계,,전북특별자치도 김제시 용지면 용수리,,,2025-06-24
전라북도,김제시,연우농장,닭,산란계,,전북특별자치도 김제시 용지면 용수리,,,2025-06-24
전라북도,김제시,연희양계장,닭,육계,,전북특별자치도 김제시 금산면 삼봉리,,,2025-06-24
전라북도,김제시,영광농장,닭,산란계,,전북특별자치도 김제시 용지면 용수리,,,2025-06-24
전라북도,김제시,오리박사농원,오리,,,전북특별자치도 김제시 만경읍 대동리,,,2025-06-24
전라북도,김제시,오정농장,닭,육계,,전북특별자치도 김제시 오정동,,,2025-06-24
전라북도,김제시,용성에그팜 영농조합법인,닭,산란계,,전북특별자치도 김제시 용지면 용암리,,,2025-06-24
전라북도,김제시,용호농장,닭,육계,,전북특별자치도 김제시 금산면 용호리,,,2025-06-24
전라북도,김제시,우리농장,닭,산란계,,전북특별자치도 김제시 용지면 신정리,,,2025-06-24
전라북도,김제시,우진농장,닭,산란계,,전북특별자치도 김제시 용지면 장신리,,,2025-06-24
전라북도,김제시,유진농장,닭,산란계,,전북특별자치도 김제시 황산면 진흥리,,,2025-06-24
전라북도,김제시,유황가농장,닭,육계,,전북특별자치도 김제시 용지면 반교리,,,2025-06-24
전라북도,김제시,은곡안정농원,닭,육계,,전북특별자치도 김제시 금산면 장흥리,,,2025-06-24
전라북도,김제시,은성축산,닭,산란계,,전북특별자치도 김제시 공덕면 동계리,,,2025-06-24
전라북도,김제시,이&장 목장,닭,육계,,전북특별자치도 김제시 금산면 선동리,,,2025-06-24
전라북도,김제시,이레농장,닭,육계,,전북특별자치도 김제시 금구면 용복리,,,2025-06-24
전라북도,김제시,이레농장,닭,육계,,전북특별자치도 김제시 금산면 삼봉리,,,2025-06-24
전라북도,김제시,이상농장,닭,육계,,전북특별자치도 김제시 청하면 대청리,,,2025-06-24
전라북도,김제시,이성농장,닭,산란계,,전북특별자치도 김제시 공덕면 저산리,,,2025-06-24
전라북도,김제시,인영농장,닭,산란계,,전북특별자치도 김제시 용지면 장신리,,,2025-06-24
전라북도,김제시,일심농장,닭,산란계,,전북특별자치도 김제시 용지면 용암리,,,2025-06-24
전라북도,김제시,일원농장,닭,산란계,,전북특별자치도 김제시 용지면 장신리,,,2025-06-24
전라북도,김제시,임마누엘농장,닭,육계,,전북특별자치도 김제시 봉남면 대송리,,,2025-06-24
전라북도,김제시,자연농장,닭,산란계,,전북특별자치도 김제시 용지면 용수리,,,2025-06-24
전라북도,김제시,장원농장,닭,육계,,전북특별자치도 김제시 금구면 용복리,,,2025-06-24
전라북도,김제시,재철한우,닭,산란계,,전북특별자치도 김제시 용지면 용암리,,,2025-06-24
전라북도,김제시,재현농장,닭,산란계,,전북특별자치도 김제시 용지면 예촌리,,,2025-06-24
전라북도,김제시,전북계란영농조합,닭,산란계,,전북특별자치도 김제시 용지면 장신리,,,2025-06-24
전라북도,김제시,전북계란영농조합,닭,산란계,,전북특별자치도 김제시 용지면 예촌리,,,2025-06-24
전라북도,김제시,점촌농장,닭,산란계,,전북특별자치도 김제시 상동동,,,2025-06-24
전라북도,김제시,정철환농장,오리,,,전북특별자치도 김제시 용지면 부교리,,,2025-06-24
전라북도,김제시,정훈농장,닭,산란계,,전북특별자치도 김제시 용지면 송산리,,,2025-06-24
전라북도,김제시,제일농장,닭,산란계,,전북특별자치도 김제시 용지면 장신리,,,2025-06-24
전라북도,김제시,제항양계장,닭,육계,,전북특별자치도 김제시 만경읍 송상리,,,2025-06-24
전라북도,김제시,조산농장,닭,육계,,전북특별자치도 김제시 만경읍 대동리,,,2025-06-24
전라북도,김제시,종화농장,닭,산란계,,전북특별자치도 김제시 용지면 장신리,,,2025-06-24
전라북도,김제시,주식회사 하림,닭,육계,,전북특별자치도 김제시 진봉면 가실리,,,2025-06-24
전라북도,김제시,지안농장,닭,산란계,,전북특별자치도 김제시 용지면 신정리,,,2025-06-24
전라북도,김제시,지일농장,닭,산란계,,전북특별자치도 김제시 용지면 장신리,,,2025-06-24
전라북도,김제시,지평선명품오리농장,오리,,,전북특별자치도 김제시 금산면 용산리,,,2025-06-24
전라북도,김제시,진성농장,닭,산란계,,전북특별자치도 김제시 용지면 장신리,,,2025-06-24
전라북도,김제시,진축산,닭,산란계,,전북특별자치도 김제시 용지면 용수리,,,2025-06-24
전라북도,김제시,참진축산,닭,산란계,,전북특별자치도 김제시 금구면 하신리,,,2025-06-24
전라북도,김제시,창우농장,닭,산란계,,전북특별자치도 김제시 용지면 신정리,,,2025-06-24
전라북도,김제시,창훈농장,오리,,,전북특별자치도 김제시 공덕면 동계리,,,2025-06-24
전라북도,김제시,철진농장,닭,산란계,,전북특별자치도 김제시 용지면 장신리,,,2025-06-24
전라북도,김제시,청도농장,닭,육계,,전북특별자치도 김제시 금산면 청도리,,,2025-06-24
전라북도,김제시,청정오리나라,오리,,,전북특별자치도 김제시 용지면 신정리,,,2025-06-24
전라북도,김제시,청하농장,닭,육계,,전북특별자치도 김제시 청하면 동지산,,,2025-06-24
전라북도,김제시,축복농장,닭,육계,,전북특별자치도 김제시 백구면 월봉리,,,2025-06-24
전라북도,김제시,축산농장,닭,산란계,,전북특별자치도 김제시 용지면 장신리,,,2025-06-24
전라북도,김제시,코아페농장,닭,육계,,전북특별자치도 김제시 금구면 하신리,,,2025-06-24
전라북도,김제시,태성농장,닭,육계,,전북특별자치도 김제시 금구면 용지리,,,2025-06-24
전라북도,김제시,태성농장,닭,산란계,,전북특별자치도 김제시 공덕면 제말리,,,2025-06-24
전라북도,김제시,태성농장1,오리,,,전북특별자치도 김제시 금구면 산동리,,,2025-06-24
전라북도,김제시,태성농장2,닭,육계,,전북특별자치도 김제시 금구면 용지리,,,2025-06-24
전라북도,김제시,태양농장,닭,육계,,전북특별자치도 김제시 금구면 용지리,,,2025-06-24
전라북도,김제시,태영농장,닭,산란계,,전북특별자치도 김제시 용지면 신정리,,,2025-06-24
전라북도,김제시,태영농장2,닭,산란계,,전북특별자치도 김제시 용지면 신정리,,,2025-06-24
전라북도,김제시,태용농장,닭,육계,,전북특별자치도 김제시 황산면 봉월리,,,2025-06-24
전라북도,김제시,태웅농장,닭,산란계,,전북특별자치도 김제시 용지면 효정리,,,2025-06-24
전라북도,김제시,토종 닭 원조농장,닭,육계,,전북특별자치도 김제시 백산면 조종리,,,2025-06-24
전라북도,김제시,판이농장,닭,육계,,전북특별자치도 김제시 황산면 봉월리,,,2025-06-24
전라북도,김제시,평사골양계농장,닭,육계,,전북특별자치도 김제시 금산면 용산리,,,2025-06-24
전라북도,김제시,푸른농장,닭,산란계,,전북특별자치도 김제시 용지면 장신리,,,2025-06-24
전라북도,김제시,풍배농장,닭,육계,,전북특별자치도 김제시 만경읍 만경리,,,2025-06-24
전라북도,김제시,하나농장,닭,산란계,,전북특별자치도 김제시 용지면 신정리,,,2025-06-24
전라북도,김제시,하늘농장,닭,육계,,전북특별자치도 김제시 금구면 용지리,,,2025-06-24
전라북도,김제시,하민농장,닭,산란계,,전북특별자치도 김제시 황산면 쌍감리,,,2025-06-24
전라북도,김제시,학동양계장,닭,육계,,전북특별자치도 김제시 백구면 석담리,,,2025-06-24
전라북도,김제시,한반농장,오리,,,전북특별자치도 김제시 청하면 장산리,,,2025-06-24
전라북도,김제시,해마루농장,닭,산란계,,전북특별자치도 김제시 용지면 용수리,,,2025-06-24
전라북도,김제시,햇살농장,닭,산란계,,전북특별자치도 김제시 금구면 하신리,,,2025-06-24
전라북도,김제시,햇살농장,닭,육계,,전북특별자치도 김제시 금구면 옥성리,,,2025-06-24
전라북도,김제시,행복농장,닭,산란계,,전북특별자치도 김제시 용지면 장신리,,,2025-06-24
전라북도,김제시,행복한농장,닭,산란계,,전북특별자치도 김제시 용지면 장신리,,,2025-06-24
전라북도,김제시,행운농장,닭,육계,,전북특별자치도 김제시 상동동,,,2025-06-24
전라북도,김제시,행운농장,닭,산란계,,전북특별자치도 김제시 용지면 용수리,,,2025-06-24
전라북도,김제시,현농장,닭,산란계,,전북특별자치도 김제시 용지면 예촌리,,,2025-06-24
전라북도,김제시,현대농장,닭,산란계,,전북특별자치도 김제시 용지면 장신리,,,2025-06-24
전라북도,김제시,현서농장,닭,산란계,,전북특별자치도 김제시 용지면 신정리,,,2025-06-24
전라북도,김제시,현아농장,닭,육계,,전북특별자치도 김제시 진봉면 가실리,,,2025-06-24
전라북도,김제시,현주농장,닭,육계,,전북특별자치도 김제시 공덕면 공덕리,,,2025-06-24
전라북도,김제시,형지농장,닭,육계,,전북특별자치도 김제시 용지면 부교리,,,2025-06-24
전라북도,김제시,혜지경농장,오리,,,전북특별자치도 김제시 공덕면 동계리,,,2025-06-24
전라북도,김제시,혜훈농장,닭,산란계,,전북특별자치도 김제시 용지면 용수리,,,2025-06-24
전라북도,김제시,호남농장,닭,산란계,,전북특별자치도 김제시 용지면 신정리,,,2025-06-24
전라북도,김제시,화원농장,닭,육계,,전북특별자치도 김제시 상동동,,,2025-06-24
전라북도,김제시,환농장,닭,산란계,,전북특별자치도 김제시 용지면 장신리,,,2025-06-24
전라북도,김제시,환순농장,닭,육계,,전북특별자치도 김제시 성덕면 묘라리,,,2025-06-24
전라북도,김제시,환희농장,닭,산란계,,전북특별자치도 김제시 용지면 신정리,,,2025-06-24
전라북도,김제시,효정농장,닭,육계,,전북특별자치도 김제시 용지면 효정리,,,2025-06-24
전라북도,김제시,효창오리,오리,,,전북특별자치도 김제시 용지면 봉의리,,,2025-06-24
전라북도,김제시,효창오리,오리,,,전북특별자치도 김제시 용지면 송산리,,,2025-06-24
전라북도,김제시,후초암농장,닭,육계,,전북특별자치도 김제시 갈공동,,,2025-06-24
전라북도,김제시,희망농장,닭,육계,,전북특별자치도 김제시 금구면 용지리,,,2025-06-24
전라북도,김제시,희망농장,닭,육계,,전북특별자치도 김제시 용지면 효정리,,,2025-06-24
전라북도,부안군,갑도농장,닭,종계,51900.0,전라북도 부안군 진서면 진서리 63번지 1호,,,2022-12-05
전라북도,부안군,거령농장,닭,육계,54000.0,전라북도 부안군 백산면 하청리 529번지 2호,,,2022-12-05
전라북도,부안군,골든,닭,종계,22000.0,전라북도 부안군 진서면 진서리 63번지 4호,,,2022-12-05
전라북도,부안군,금복주농장,오리,육용오리,20000.0,전라북도 부안군 주산면 백석리 51번지 8호 8-13동,,,2022-12-05
전라북도,부안군,금순이농장,오리,,6000.0,전라북도 부안군 줄포면 줄포리 864번지 865번지,,,2022-12-05
전라북도,부안군,금판리농장,오리,,0.0,전라북도 부안군 백산면 금판리 817-3번지 외 1필(817-4),,,2022-12-05
전라북도,부안군,금판오리 농장,오리,,62000.0,"전라북도 부안군 백산면 금판리 817번지 1호 외 3필지(817-3, 4, 802-11)",,,2022-12-05
전라북도,부안군,기충열농장,닭,육계,80000.0,전라북도 부안군 백산면 대죽리 862번지 15호 862-16,,,2022-12-05
전라북도,부안군,김명수농장,닭,육계,100000.0,전라북도 부안군 줄포면 파산리 810번지 5호,,,2022-12-05
전라북도,부안군,김산농장,닭,육계,140000.0,"전라북도 부안군 주산면 돈계리 773번지 1호 773-2,  773-3",,,2022-12-05
전라북도,부안군,김을식양계장,닭,육계,35000.0,전라북도 부안군 줄포면 장동리 산 138번지 1호 외 2필지,,,2022-12-05
전라북도,부안군,김종열농장,닭,육계,5000.0,전라북도 부안군 동진면 증산리 102번지 5호,,,2022-12-05
전라북도,부안군,김철수농장,오리,,14000.0,전라북도 부안군 동진면 동전리 1430번지 1431,,,2022-12-05
전라북도,부안군,나래농장2,닭,육계,62000.0,전라북도 부안군 계화면 양산리 2535번지 6호,,,2022-12-05
전라북도,부안군,난산육계농장,닭,육계,27500.0,전라북도 부안군 줄포면 난산리 714번지 6호,,,2022-12-05
전라북도,부안군,남포농장,닭,육계,75000.0,전라북도 부안군 보안면 남포리 468번지,,,2022-12-05
전라북도,부안군,노병옥농장,오리,,12650.0,전라북도 부안군 보안면 영전리 188번지 1호,,,2022-12-05
전라북도,부안군,노병옥농장,오리,,22000.0,전라북도 부안군 줄포면 신리 775번지 59호 외 5필지,,,2022-12-05
전라북도,부안군,누리농장,닭,육계,50000.0,전라북도 부안군 계화면 양산리 2457번지 5호,,,2022-12-05
전라북도,부안군,누리농장,닭,육계,50000.0,전라북도 부안군 계화면 양산리 2457번지 4호,,,2022-12-05
전라북도,부안군,늘봄농장,닭,육계,65000.0,전라북도 부안군 상서면 고잔리 515번지 2호,,,2022-12-05
전라북도,부안군,다산1농장,오리,종오리,5500.0,전라북도 부안군 진서면 진서리 1273번지 6호,,,2022-12-05
전라북도,부안군,다산농장,닭,육계,90000.0,"전라북도 부안군 보안면 상입석리 631번지 1호 631-2, 631-3, 632-16",,,2022-12-05
전라북도,부안군,대동농장,닭,육계,95000.0,"전라북도 부안군 줄포면 대동리 659번지 3호 2필지(659-7, -8)",,,2022-12-05
전라북도,부안군,대명농장,오리,,10000.0,전라북도 부안군 계화면 창북리 4466번지 14호,,,2022-12-05
전라북도,부안군,대명농장2,닭,육계,60000.0,전라북도 부안군 계화면 창북리 4466번지 12호,,,2022-12-05
전라북도,부안군,더불어 참살이,닭,육계,50000.0,전라북도 부안군 동진면 안성리 1853번지 1호,,,2022-12-05
전라북도,부안군,더불어참,닭,육계,100000.0,전라북도 부안군 동진면 안성리 1844번지 10호,,,2022-12-05
전라북도,부안군,도담농장,오리,,24000.0,"전라북도 부안군 줄포면 신리 923번지 외 4필지(923-1, -2, -3, -4)",,,2022-12-05
전라북도,부안군,도담농장,닭,육계,60000.0,전라북도 부안군 동진면 안성리 1852번지 3호,,,2022-12-05
전라북도,부안군,동산농장,닭,육계,65000.0,전라북도 부안군 행안면 대초리 1005번지 6호,,,2022-12-05
전라북도,부안군,동암농장,닭,육계,120000.0,전라북도 부안군 계화면 궁안리 2409번지 8호,,,2022-12-05
전라북도,부안군,명진농장,오리,,28000.0,전라북도 부안군 줄포면 장동리 189번지 3호,,,2022-12-05
전라북도,부안군,모리아팜,오리,,29500.0,전라북도 부안군 줄포면 장동리 862번지 3호,,,2022-12-05
전라북도,부안군,미운오리농장,오리,,20000.0,전라북도 부안군 줄포면 난산리 706번지 39호 외 1필(706-40),,,2022-12-05
전라북도,부안군,민재농장,오리,,45000.0,"전라북도 부안군 계화면 양산리 2452번지 7호 외3필지(2452-8,9, 2453-9)",,,2022-12-05
전라북도,부안군,반계농장,닭,종계/산란계,80.0,전라북도 부안군 진서면 진서리 80번지,,,2022-12-05
전라북도,부안군,보담농장,닭,육계,60000.0,전라북도 부안군 동진면 안성리 1852번지 2호,,,2022-12-05
전라북도,부안군,부광농장,오리,,17000.0,"전라북도 부안군 백산면 하청리 611번지 611-1,2,3",,,2022-12-05
전라북도,부안군,부안 기러기 농장,기러기,,1500.0,전라북도 부안군 행안면 삼간리 479번지 1호,,,2022-12-05
전라북도,부안군,부안 기러기 농장2,기러기,,1000.0,전라북도 부안군 부안읍 내요리 55번지,,,2022-12-05
전라북도,부안군,부안농장,닭,육계,65000.0,전라북도 부안군 보안면 상입석리 574번지 1호,,,2022-12-05
전라북도,부안군,부안양계영농조합법인,닭,종계,88000.0,전라북도 부안군 주산면 백석리 425번지 15호,,,2022-12-05
전라북도,부안군,뽕이랑 귀농이랑,닭,육계,1000.0,전라북도 부안군 하서면 장신리 498번지 1호,,,2022-12-05
전라북도,부안군,산돌농원(제1농장),닭,육계,67000.0,전라북도 부안군 주산면 사산리 609번지 11호,,,2022-12-05
전라북도,부안군,산돌농원(제2농장),닭,육계,67000.0,전라북도 부안군 주산면 사산리 609번지 11호 609-20,,,2022-12-05
전라북도,부안군,상운농장,닭,육계,60000.0,전라북도 부안군 보안면 월천리 830번지,,,2022-12-05
전라북도,부안군,상운농장,닭,육계,60000.0,전라북도 부안군 보안면 월천리 830번지 외 9필,,,2022-12-05
전라북도,부안군,서원농장,닭,종계,29000.0,"전라북도 부안군 보안면 상림리 219번지 1호 외 3필(219-2, 219-3, 532)",,,2022-12-05
전라북도,부안군,선들농장,닭,육계,88000.0,전라북도 부안군 보안면 상입석리 937번지,,,2022-12-05
전라북도,부안군,성룡농장,닭,종계,6600.0,전라북도 부안군 보안면 월천리 274번지,,,2022-12-05
전라북도,부안군,성일농장,닭,육계,0.0,전라북도 부안군 행안면 삼간리 2342번지 9호,,,2022-12-05
전라북도,부안군,성하농장,닭,육계,76000.0,전라북도 부안군 줄포면 파산리 811번지,,,2022-12-05
전라북도,부안군,성혁농장,닭,육계,80000.0,"전라북도 부안군 백산면 죽림리 784번지 외 2필지(783, 783-1번지)",,,2022-12-05
전라북도,부안군,소담농장,닭,육계,60000.0,전라북도 부안군 동진면 안성리 1852번지 7호,,,2022-12-05
전라북도,부안군,소망농장,오리,,15000.0,"전라북도 부안군 주산면 사산리 1207번지 7호 1207-6,1207-5",,,2022-12-05
전라북도,부안군,승원농장,오리,,7000.0,전라북도 부안군 줄포면 신리 728번지 외 1필지(727번지),,,2022-12-05
전라북도,부안군,신성농장,닭,육계,95000.0,전라북도 부안군 줄포면 파산리 809번지 10호 외 2필,,,2022-12-05
전라북도,부안군,신원농장,닭,육계,90000.0,"전라북도 부안군 백산면 죽림리 785번지 외 2필지(786,786-1)",,,2022-12-05
전라북도,부안군,신원식농장,오리,,6000.0,전라북도 부안군 줄포면 파산리 248번지,,,2022-12-05
전라북도,부안군,신지농장,오리,,40000.0,전라북도 부안군 하서면 언독리 386번지 4호,,,2022-12-05
전라북도,부안군,신흥농장,닭,종계,22000.0,전라북도 부안군 부안읍 신흥리 279번지 22호 외 10필,,,2022-12-05
전라북도,부안군,신흥농장,닭,육계,20000.0,전라북도 부안군 부안읍 신흥리 산 82번지 1호,,,2022-12-05
전라북도,부안군,에덴농장,닭,육계,60000.0,전라북도 부안군 행안면 대초리 1005번지 9호,,,2022-12-05
전라북도,부안군,여월지향농장,오리,,20000.0,전라북도 부안군 상서면 용서리 723번지 6호 외 1필(723-5),,,2022-12-05
전라북도,부안군,연정농장,닭,육계,70000.0,"전라북도 부안군 줄포면 장동리 41번지 16호 외 2필(51-35, 51-54)",,,2022-12-05
전라북도,부안군,연중농장,오리,,10000.0,전라북도 부안군 줄포면 대동리 639번지 8호,,,2022-12-05
전라북도,부안군,예근농장,닭,육계,70000.0,전라북도 부안군 줄포면 우포리 624번지 2호 624-4,,,2022-12-05
전라북도,부안군,예동농장,닭,육계,60000.0,전라북도 부안군 주산면 백석리 407번지 17호,,,2022-12-05
전라북도,부안군,예은농장,닭,육계,112800.0,"전라북도 부안군 줄포면 대동리 1209번지 2호 외3필지(1209-3, -4, -5)",,,2022-12-05
전라북도,부안군,오리와사람들,오리,,50000.0,"전라북도 부안군 계화면 양산리 2459번지 1호 외 3필지 2459-2, 2458-3, -4",,,2022-12-05
전라북도,부안군,용출농장,닭,육계,60.0,전라북도 부안군 백산면 거룡리 652번지,,,2022-12-05
전라북도,부안군,용호농장,오리,,1200.0,전라북도 부안군 줄포면 우포리 53번지 3호,,,2022-12-05
전라북도,부안군,우슬재 황토촌,닭,육계,30000.0,전라북도 부안군 상서면 통정리 690번지,,,2022-12-05
전라북도,부안군,월광농장,닭,종계,18000.0,전라북도 부안군 보안면 월천리 995번지 1호,,,2022-12-05
전라북도,부안군,유병채농장,오리,,17000.0,전라북도 부안군 계화면 양산리 2563번지 7호 외 1필,,,2022-12-05
전라북도,부안군,윤봉길양계장,닭,육계,30000.0,전라북도 부안군 줄포면 신리 109번지,,,2022-12-05
전라북도,부안군,은성농장,닭,육계,65000.0,전라북도 부안군 주산면 사산리 4번지 외 5필,,,2022-12-05
전라북도,부안군,일월성농장,오리,,17000.0,전라북도 부안군 줄포면 파산리 583번지 2호 외 2필지,,,2022-12-05
전라북도,부안군,장등농장,오리,,10000.0,"전라북도 부안군 동진면 동전리 2561번지 2562,2562-1",,,2022-12-05
전라북도,부안군,정상농장,오리,,10000.0,전라북도 부안군 줄포면 신리,,,2022-12-05
전라북도,부안군,정인농장,오리,,56000.0,전라북도 부안군 줄포면 신리 747번지 외 6필지,,,2022-12-05
전라북도,부안군,제일농장,오리,,18000.0,"전라북도 부안군 줄포면 파산리 234번지 233,239,240,241-1",,,2022-12-05
전라북도,부안군,줄포대성농장,닭,육계,80000.0,전라북도 부안군 줄포면 장동리 84번지 14호,,,2022-12-05
전라북도,부안군,증산농장,닭,종계,31000.0,전라북도 부안군 동진면 증산리 85번지 1호 증산농장,,,2022-12-05
전라북도,부안군,진서1농장,오리,종오리,10800.0,전라북도 부안군 진서면 운호리 238번지 11호 진서종계장,,,2022-12-05
전라북도,부안군,진서2농장,오리,종오리,7800.0,전라북도 부안군 진서면 운호리 238번지 11호 진서종계장,,,2022-12-05
전라북도,부안군,진성농장,오리,육용오리,25000.0,전라북도 부안군 주산면 백석리 51번지 8호 1-7동,,,2022-12-05
전라북도,부안군,창북농장,닭,육계,50000.0,전라북도 부안군 계화면 창북리 4007번지 1호,,,2022-12-05
전라북도,부안군,창북농장,오리,,16000.0,전라북도 부안군 계화면 창북리 4515번지 6호 4515-7,,,2022-12-05
전라북도,부안군,창북농장,닭,육계,20000.0,전라북도 부안군 계화면 창북리 4007번지 2호,,,2022-12-05
전라북도,부안군,천금오리농장,오리,,14000.0,전라북도 부안군 줄포면 파산리 483번지 3호,,,2022-12-05
전라북도,부안군,천우농장,닭,육계,100000.0,"전라북도 부안군 계화면 궁안리 1064번지 1065,1065-1",,,2022-12-05
전라북도,부안군,청솔농장,오리,,15000.0,전라북도 부안군 주산면 사산리 1204번지 3호 외 1필(1204-4),,,2022-12-05
전라북도,부안군,청호농장,오리,,30000.0,전라북도 부안군 계화면 의복리 1732번지 외 1필지(1731-2),,,2022-12-05
전라북도,부안군,탑농장,닭,육계,80000.0,전라북도 부안군 계화면 궁안리 2403번지 15호,,,2022-12-05
전라북도,부안군,태복농장,오리,,10000.0,전라북도 부안군 보안면 하입석리 475번지 1호,,,2022-12-05
전라북도,부안군,태양농장,오리,,40000.0,"전라북도 부안군 줄포면 우포리 593번지 3호 외5필지(593-4,5,6,7,8)",,,2022-12-05
전라북도,부안군,평교 종계장,닭,종계,14000.0,전라북도 부안군 부안읍 신흥리 산 82번지 1호,,,2022-12-05
전라북도,부안군,한울농장,닭,육계,98000.0,전라북도 부안군 동진면 안성리 1852번지 6호 외 1필,,,2022-12-05
전라북도,부안군,해금농장,닭,육계,100000.0,"전라북도 부안군 상서면 고잔리 510번지 1호 , 510-8",,,2022-12-05
전라북도,부안군,해드림농장,닭,육계,80000.0,전라북도 부안군 계화면 양산리 2457번지 8호 외 1필지(2457-9),,,2022-12-05
전라북도,부안군,해바라기농장,오리,,20000.0,"전라북도 부안군 줄포면 줄포리 36번지 15호 외 2필지 34-1, 36-20)",,,2022-12-05
전라북도,부안군,햇빛농장,닭,육계,46500.0,전라북도 부안군 줄포면 파산리 769번지 6호,,,2022-12-05
전라북도,부안군,햇살농장,닭,육계,60000.0,전라북도 부안군 계화면 궁안리 2367번지 2호,,,2022-12-05
전라북도,부안군,행복농장,오리,,0.0,"전라북도 부안군 동진면 동전리 1737번지 외 2필지(1735-1, 1736)",,,2022-12-05
전라북도,부안군,행안농장,닭,육계,85000.0,전라북도 부안군 행안면 삼간리 2344번지 2호,,,2022-12-05
전라북도,부안군,현덕농장,닭,육계,20000.0,전라북도 부안군 계화면 궁안리 2409번지 4호,,,2022-12-05
전라북도,부안군,형제축산,닭,육계,40000.0,전라북도 부안군 백산면 평교리 873번지,,,2022-12-05
전라북도,부안군,SG팜,닭,육계,70000.0,전라북도 부안군 동진면 동전리 1438번지,,,2023-12-05
전라북도,부안군,SG팜,닭,육계,70000.0,전북특별자치도 부안군 동진면 고마제로 328-7,,,2024-11-19
전라북도,부안군,가농보안농장,닭,,110000.0,전라북도 부안군 보안면 월천리 1011번지 외 2필,,,2023-12-05
전라북도,부안군,가농보안농장,닭,,110000.0,전북특별자치도 부안군 보안면 선돌로 807,,,2024-11-19
전라북도,부안군,가온농장,닭,육계,130000.0,전북특별자치도 부안군 행안면 새포로 99-23,,,2024-11-19
전라북도,부안군,가온농장,닭,육계,130000.0,전라북도 부안군 행안면 삼간리 2342번지 1호,,,2023-12-05
전라북도,부안군,갑도농장,닭,,51900.0,전북특별자치도 부안군 진서면 청자로 1160-38,,,2024-11-19
전라북도,부안군,강산자연농장,닭,육계,70000.0,전라북도 부안군 동진면 안성리 1855번지 5호 1855-6,,,2023-12-05
전라북도,부안군,강산자연농장,닭,육계,70000.0,전북특별자치도 부안군 동진면 새포로 895-110 (1855-6),,,2024-11-19
전라북도,부안군,계상농장,오리,,14000.0,전라북도 부안군 행안면 대초리 875번지 1호,,,2023-12-05
전라북도,부안군,계상농장,오리,,14000.0,전북특별자치도 부안군 행안면 봉야로 258,,,2024-11-19
전라북도,부안군,골든,닭,,20000.0,전라북도 부안군 진서면 진서리 63번지 4호,,,2023-12-05
전라북도,부안군,골든,닭,,20000.0,전북특별자치도 부안군 진서면 진서리 63번지 4호,,,2024-11-19
전라북도,부안군,금복주농장,오리,육용오리,20000.0,"전북특별자치도 부안군 주산면 홍해송천길 98, 1-7동",,,2024-11-19
전라북도,부안군,금복주농장,오리,육용오리,20000.0,전라북도 부안군 주산면 백석리 51번지 8호 1-7동,,,2023-12-05
전라북도,부안군,금산농장,닭,육계,120000.0,전라북도 부안군 계화면 창북리 4239번지 5호,,,2023-12-05
전라북도,부안군,금산농장,닭,육계,120000.0,전북특별자치도 부안군 계화면 새포로 595-247,,,2024-11-19
전라북도,부안군,금순이농장,오리,,6000.0,"전북특별자치도 부안군 줄포면 줄포리 864번지 외 3필지(863, 865, 866)",,,2024-11-19
전라북도,부안군,금순이농장,오리,,6000.0,전라북도 부안군 줄포면 줄포리 864번지 외 3필지(863  865  866),,,2023-12-05
전라북도,부안군,금판오리 농장,오리,,62000.0,전라북도 부안군 백산면 금판리 817번지 1호 외 3필지(817-3  4  802-11),,,2023-12-05
전라북도,부안군,금판오리 농장,오리,,62000.0,"전북특별자치도 부안군 백산면 금판리 817번지 1호 외 3필지(817-3, 4, 802-11)",,,2024-11-19
전라북도,부안군,김명수농장,닭,육계,100000.0,전북특별자치도 부안군 줄포면 파산신성길 125-19,,,2024-11-19
전라북도,부안군,김산농장,닭,육계,140000.0,전라북도 부안군 주산면 돈계리 773번지 1호 773-2   773-3,,,2023-12-05
전라북도,부안군,김산농장,닭,육계,140000.0,"전북특별자치도 부안군 주산면 만석로 234-31 (773-2,  773-3)",,,2024-11-19
전라북도,부안군,김을식양계장,닭,육계,35000.0,전북특별자치도 부안군 줄포면 장동리 산 138번지 1호 외 2필지,,,2024-11-19
전라북도,부안군,김인수농장,오리,,10028.0,전라북도 부안군 줄포면 우포리 496번지 1호,,,2023-12-05
전라북도,부안군,김종열농장,닭,육계,5000.0,전북특별자치도 부안군 동진면 증산길 54-10,,,2024-11-19
전라북도,부안군,김철수농장,오리,,33800.0,"전북특별자치도 부안군 동진면 동전리 1430번지 외 3필지(1431, 1432, 1432-1)",,,2024-11-19
전라북도,부안군,김철수농장,오리,,33800.0,전라북도 부안군 동진면 동전리 1430번지 외 3필지(1431  1432  1432-1),,,2023-12-05
전라북도,부안군,나래1농장,닭,육계,64000.0,전북특별자치도 부안군 계화면 새포로 683-207,,,2024-11-19
전라북도,부안군,나래1농장,닭,육계,64000.0,전라북도 부안군 계화면 양산리 2535번지 3호,,,2023-12-05
전라북도,부안군,나래농장2,닭,육계,62000.0,전북특별자치도 부안군 계화면 새포로 683-193,,,2024-11-19
전라북도,부안군,나봄1농장,닭,육계,74000.0,전라북도 부안군 계화면 양산리 2535번지 1호,,,2023-12-05
전라북도,부안군,나봄1농장,닭,육계,74000.0,전북특별자치도 부안군 계화면 새포로 683-217,,,2024-11-19
전라북도,부안군,나봄2농장,닭,육계,64000.0,전북특별자치도 부안군 계화면 새포로 683-197,,,2024-11-19
전라북도,부안군,나봄2농장,닭,육계,64000.0,전라북도 부안군 계화면 양산리 2535번지 5호,,,2023-12-05
전라북도,부안군,남포농장,닭,육계,75000.0,전북특별자치도 부안군 보안면 남포원천길 42-8,,,2024-11-19
전라북도,부안군,농업회사법인 유한회사 월광,닭,,23000.0,전라북도 부안군 보안면 월천리 995번지 1호,,,2023-12-05
전라북도,부안군,농업회사법인 유한회사 월광,닭,,23000.0,전북특별자치도 부안군 보안면 유관길 256-1,,,2024-11-19
전라북도,부안군,농업회사법인 한스팜(주) 부안지점,닭,종계/산란계,151678.0,전북특별자치도 부안군 주산면 주산북로 387,,,2024-11-19
전라북도,부안군,농업회사법인 한스팜(주) 부안지점,닭,종계/산란계,151678.0,전라북도 부안군 주산면 백석리 424번지 15호 외 6필지(424-2 424-3 424-5 425-21 425-22 425-23),,,2023-12-05
전라북도,부안군,농업회사법인가농유한회사 계화농장,닭,육계,504000.0,전라북도 부안군 계화면 창북리 4225번지 1호 외 3필,,,2023-12-05
전라북도,부안군,농업회사법인가농유한회사 계화농장,닭,육계,504000.0,전북특별자치도 부안군 계화면 간재로 564-274,,,2024-11-19
전라북도,부안군,누리농장,닭,육계,50000.0,전북특별자치도 부안군 계화면 양산리 2457번지 5호,,,2024-11-19
전라북도,부안군,누리농장,닭,육계,50000.0,전북특별자치도 부안군 계화면 양산리 2457번지 4호,,,2024-11-19
전라북도,부안군,늘봄농장,닭,육계,65000.0,전북특별자치도 부안군 상서면 부안로 2191,,,2024-11-19
전라북도,부안군,다산1농장,오리,,5500.0,전북특별자치도 부안군 진서면 청자로 736-50,,,2024-11-19
전라북도,부안군,다산2농장,오리,,5500.0,전북특별자치도 부안군 진서면 청자로 736-46,,,2024-11-19
전라북도,부안군,다산2농장,오리,,5500.0,전라북도 부안군 진서면 진서리 1273번지 5호,,,2023-12-05
전라북도,부안군,다산농장,닭,육계,90000.0,전라북도 부안군 보안면 상입석리 631번지 1호 631-2  631-3  632-16,,,2023-12-05
전라북도,부안군,다산농장,닭,육계,90000.0,"전북특별자치도 부안군 보안면 부안로 1360-57 (631-2, 631-3, 632-16)",,,2024-11-19
전라북도,부안군,대동농장,닭,육계,126752.0,"전북특별자치도 부안군 줄포면 연중길 26, 28, 30",,,2024-11-19
전라북도,부안군,대동농장,닭,육계,95000.0,전라북도 부안군 줄포면 대동리 659번지 3호 2필지(659-7  -8),,,2023-12-05
전라북도,부안군,대명농장,오리,,24222.0,전북특별자치도 부안군 계화면 새포로 641,,,2024-11-19
전라북도,부안군,대명농장,오리,,24222.0,전라북도 부안군 계화면 창북리 4466번지 14호 외 1필지(4466-13),,,2023-12-05
전라북도,부안군,대명농장2,오리,,18468.0,전라북도 부안군 계화면 창북리 4466번지 12호,,,2023-12-05
전라북도,부안군,대명농장2,오리,,18468.0,전북특별자치도 부안군 계화면 새포로 651-13,,,2024-11-19
전라북도,부안군,대원농산,오리,,18000.0,전라북도 부안군 계화면 의복리 1719번지 외 1필지 (1720),,,2023-12-05
전라북도,부안군,대원농산,오리,,18000.0,전라북도 부안군 계화면 의복리 1721번지 외 1필(1721-1),,,2023-12-05
전라북도,부안군,더불어참,닭,육계,100000.0,전라북도 부안군 동진면 안성리 1853번지 1호 외 4필지(1844-10  1844-11  1844-12  1844-13),,,2023-12-05
전라북도,부안군,더불어참,닭,육계,100000.0,"전북특별자치도 부안군 동진면 새포로 869-110, , 869-116",,,2024-11-19
전라북도,부안군,도담농장,오리,,24000.0,전라북도 부안군 줄포면 신리 923번지 외 4필지(923-1  -2  -3  -4),,,2023-12-05
전라북도,부안군,도담농장,닭,육계,135233.0,"전북특별자치도 부안군 동진면 새포로 869-101, 869-103",,,2024-11-19
전라북도,부안군,도담농장,오리,,24000.0,전북특별자치도 부안군 줄포면 신정로 57-79,,,2024-11-19
전라북도,부안군,도담농장,닭,육계,135233.0,전라북도 부안군 동진면 안성리 1852번지 3호 외 1필지(1852-2),,,2023-12-05
전라북도,부안군,동산농장,닭,육계,65000.0,전북특별자치도 부안군 행안면 부안로 2255-15,,,2024-11-19
전라북도,부안군,동서농장,닭,육계,58000.0,전북특별자치도 부안군 백산면 동학로 15,,,2024-11-19
전라북도,부안군,동송농장,오리,,12000.0,전라북도 부안군 줄포면 장동리 575번지 3호 외 7필,,,2023-12-05
전라북도,부안군,동송농장,오리,,12000.0,전북특별자치도 부안군 줄포면 각동2길 122,,,2024-11-19
전라북도,부안군,동암농장,닭,육계,94240.0,전라북도 부안군 계화면 궁안리 2409번지 8호 외 1필지(2409-9),,,2023-12-05
전라북도,부안군,동암농장,닭,육계,94240.0,"전북특별자치도 부안군 계화면 간재로 655-121, 655-127",,,2024-11-19
전라북도,부안군,동촌 농장,닭,육계,1000.0,전라북도 부안군 하서면 청호리 657번지 1호,,,2023-12-05
전라북도,부안군,동촌 농장,닭,육계,1000.0,전북특별자치도 부안군 하서면 청호리 657번지 1호,,,2024-11-19
전라북도,부안군,드림농장,닭,육계,75000.0,전라북도 부안군 주산면 돈계리 739번지 외 1필,,,2023-12-05
전라북도,부안군,드림농장,닭,육계,75000.0,전북특별자치도 부안군 주산면 주산북로 240-19,,,2024-11-19
전라북도,부안군,마루농장,닭,육계,60000.0,전라북도 부안군 동진면 안성리 1852번지 8호,,,2023-12-05
전라북도,부안군,마루농장,닭,육계,60000.0,전북특별자치도 부안군 동진면 새포로 869-79,,,2024-11-19
전라북도,부안군,마리농장,오리,,18000.0,전북특별자치도 부안군 계화면 의복리 1721번지 외 1필(1721-1),,,2024-11-19
전라북도,부안군,만해농장,닭,육계,25000.0,전라북도 부안군 보안면 남포리 597번지 1호,,,2023-12-05
전라북도,부안군,만해농장,닭,육계,25000.0,전북특별자치도 부안군 보안면 사창길 67,,,2024-11-19
전라북도,부안군,명진농장,오리,,30000.0,"전북특별자치도 부안군 줄포면 원장동길 133-40, 133-43",,,2024-11-19
전라북도,부안군,모리아팜,오리,,29500.0,전북특별자치도 부안군 줄포면 원장동길 150-38,,,2024-11-19
전라북도,부안군,미소농장,닭,육계,70000.0,전라북도 부안군 보안면 하입석리 1번지 29호,,,2023-12-05
전라북도,부안군,미소농장,닭,육계,70000.0,전북특별자치도 부안군 보안면 상림로 43-25,,,2024-11-19
전라북도,부안군,미운오리농장,오리,,20000.0,전북특별자치도 부안군 줄포면 난산리 706번지 39호 외 1필(706-40),,,2024-11-19
전라북도,부안군,민재농장,오리,,45000.0,전라북도 부안군 계화면 양산리 2452번지 7호 외3필지(2452-8 9  2453-9),,,2023-12-05
전라북도,부안군,반석농장,오리,,10093.0,"전북특별자치도 부안군 줄포면 우포리 8번지 10호 외 3필지(52-10, 53-3, 54)",,,2024-11-19
전라북도,부안군,반석농장,오리,,10093.0,전라북도 부안군 줄포면 우포리 8번지 10호 외 3필지(52-10  53-3  54),,,2023-12-05
전라북도,부안군,백산농장,닭,,64000.0,전라북도 부안군 백산면 하청리 483번지 6호,,,2023-12-05
전라북도,부안군,백산농장,닭,,64000.0,전북특별자치도 부안군 백산면 하청로 169,,,2024-11-19
전라북도,부안군,별이,닭,,22000.0,전북특별자치도 부안군 상서면 부안로 1727,,,2024-11-19
전라북도,부안군,별이,닭,,22000.0,전라북도 부안군 상서면 감교리 807번지 12호,,,2023-12-05
전라북도,부안군,보경농장,닭,,28500.0,전북특별자치도 부안군 보안면 보안로 527-8,,,2024-11-19
전라북도,부안군,보경농장,닭,,28500.0,전라북도 부안군 보안면 부곡리 86번지 1호 외 6필지,,,2023-12-05
전라북도,부안군,봉황타조농장,타조,,39.0,전라북도 부안군 줄포면 파산리 446번지,,,2023-12-05
전라북도,부안군,봉황타조농장,타조,,39.0,전북특별자치도 부안군 줄포면 파산길 43,,,2024-11-19
전라북도,부안군,부광농장,오리,,17000.0,"전북특별자치도 부안군 백산면 하청로 42-51 (611-1,2,3)",,,2024-11-19
전라북도,부안군,부광농장,오리,,17000.0,전라북도 부안군 백산면 하청리 611번지 611-1 2 3,,,2023-12-05
전라북도,부안군,부안 기러기 농장,기러기,,1500.0,전북특별자치도 부안군 행안면 변산로 264,,,2024-11-19
전라북도,부안군,부안 기러기 농장,기러기,,1500.0,전라북도 부안군 행안면 삼간리 479번지 1호 외 2필지(479-20 483-4),,,2023-12-05
전라북도,부안군,부안 기러기 농장2,기러기,,1000.0,전북특별자치도 부안군 부안읍 내요리 55번지,,,2024-11-19
전라북도,부안군,부안농장,닭,육계,65000.0,전북특별자치도 부안군 보안면 보안남로 104-51,,,2024-11-19
전라북도,부안군,뽕이랑 귀농이랑,닭,육계,1000.0,전북특별자치도 부안군 하서면 장신1길 47,,,2024-11-19
전라북도,부안군,산돌농원(제1농장),닭,육계,67000.0,전북특별자치도 부안군 주산면 종유로 271-32,,,2024-11-19
전라북도,부안군,산돌농원(제2농장),닭,육계,67000.0,전북특별자치도 부안군 주산면 종유로 271-32 (609-20),,,2024-11-19
전라북도,부안군,산지농장,닭,육계,75000.0,전라북도 부안군 보안면 월천리 993번지 11호,,,2023-12-05
전라북도,부안군,산지농장,닭,육계,75000.0,전북특별자치도 부안군 보안면 유관길 244-32,,,2024-11-19
전라북도,부안군,상우농장,닭,육계,80000.0,전북특별자치도 부안군 백산면 대죽리 869번지 8호 외 1필(869-13),,,2024-11-19
전라북도,부안군,상우농장,닭,육계,80000.0,전라북도 부안군 백산면 대죽리 869번지 8호 외 1필(869-13),,,2023-12-05
전라북도,부안군,상운농장,닭,육계,60000.0,전북특별자치도 부안군 보안면 종유로 140-76,,,2024-11-19
전라북도,부안군,새한농장,메추리,,140000.0,전라북도 부안군 백산면 대죽리 364번지 6호 외1필지(364-18),,,2023-12-05
전라북도,부안군,새한농장,메추리,,140000.0,전북특별자치도 부안군 백산면 백산서로 18,,,2024-11-19
전라북도,부안군,서원농장,닭,,29000.0,전북특별자치도 부안군 보안면 상림로 135,,,2024-11-19
전라북도,부안군,서원농장,닭,,29000.0,전라북도 부안군 보안면 상림리 219번지 1호 외 3필(219-2  219-3  532),,,2023-12-05
전라북도,부안군,석불산토종닭 농장,닭,육계,25000.0,전북특별자치도 부안군 하서면 언독리 1077번지 13호,,,2024-11-19
전라북도,부안군,석불산토종닭 농장,닭,육계,25000.0,전라북도 부안군 하서면 언독리 1077번지 13호,,,2023-12-05
전라북도,부안군,선들농장,닭,육계,88000.0,전북특별자치도 부안군 보안면 보안로 68-40,,,2024-11-19
전라북도,부안군,성룡농장,닭,,6600.0,전북특별자치도 부안군 보안면 유관길 280,,,2024-11-19
전라북도,부안군,성실농장,오리,,19512.0,전라북도 부안군 줄포면 신리 775번지 59호 외 5필지(775-21 775-37 788-6 788-7 788-9),,,2023-12-05
전라북도,부안군,성실농장,오리,,19512.0,전북특별자치도 부안군 줄포면 신리로 160-12,,,2024-11-19
전라북도,부안군,성일농장,닭,육계,0.0,전북특별자치도 부안군 행안면 새포로 99-31,,,2024-11-19
전라북도,부안군,성하농장,닭,육계,76000.0,전북특별자치도 부안군 줄포면 파산신성길 125-45,,,2024-11-19
전라북도,부안군,성혁농장,닭,육계,80000.0,전라북도 부안군 백산면 죽림리 784번지 외 2필지(783  783-1번지),,,2023-12-05
전라북도,부안군,소금애피농장,오리,,8000.0,전라북도 부안군 줄포면 장동리 200번지 외 7필지,,,2023-12-05
전라북도,부안군,소금애피농장,오리,,8000.0,전북특별자치도 부안군 줄포면 장동리 200번지 외 7필지,,,2024-11-19
전라북도,부안군,소담농장,닭,육계,60000.0,전북특별자치도 부안군 동진면 새포로 869-81,,,2024-11-19
전라북도,부안군,소망농장,오리,,15000.0,전라북도 부안군 주산면 사산리 1207번지 7호 1207-6 1207-5,,,2023-12-05
전라북도,부안군,소망농장,오리,,15000.0,전라북도 부안군 동진면 동전리 1734번지 1735,,,2023-12-05
전라북도,부안군,소망농장,오리,,20231.0,전북특별자치도 부안군 주산면 사산길 97-109,,,2024-11-19
전라북도,부안군,소망농장,오리,,15000.0,전북특별자치도 부안군 동진면 동전길 51-42 (1735),,,2024-11-19
전라북도,부안군,승리농장,오리,,10000.0,전북특별자치도 부안군 줄포면 화전길 57,,,2024-11-19
전라북도,부안군,승리농장,오리,,10000.0,전라북도 부안군 줄포면 장동리 61번지 12호,,,2023-12-05
전라북도,부안군,승원농장,오리,,7000.0,전라북도 부안군 줄포면 신리 727번지 외 1필지(728),,,2023-12-05
전라북도,부안군,승원농장,오리,,7000.0,전북특별자치도 부안군 줄포면 신리 727번지 외 1필지(728),,,2024-11-19
전라북도,부안군,신금섭농장,오리,,10000.0,전라북도 부안군 줄포면 우포리 54번지,,,2023-12-05
전라북도,부안군,신금섭농장,오리,,10000.0,전북특별자치도 부안군 줄포면 우포리 54번지,,,2024-11-19
전라북도,부안군,신성농장,닭,육계,95000.0,전북특별자치도 부안군 줄포면 파산신성길 126-6,,,2024-11-19
전라북도,부안군,신원농장,닭,육계,90000.0,전북특별자치도 부안군 백산면 외하안길 42-54,,,2024-11-19
전라북도,부안군,신원농장,닭,육계,90000.0,전라북도 부안군 백산면 죽림리 785번지 외 2필지(786 786-1),,,2023-12-05
전라북도,부안군,신정농장,오리,,14819.0,전북특별자치도 부안군 주산면 사산길 97-133,,,2024-11-19
전라북도,부안군,신지농장,오리,,40000.0,전북특별자치도 부안군 하서면 언독리 386번지 4호,,,2024-11-19
전라북도,부안군,신흥농장,닭,,22000.0,전북특별자치도 부안군 부안읍 선돌로 125-40,,,2024-11-19
전라북도,부안군,아낙네오리농장,오리,,22000.0,전북특별자치도 부안군 주산면 사산길 97-131,,,2024-11-19
전라북도,부안군,아낙네오리농장,오리,,22000.0,전라북도 부안군 주산면 사산리 1205번지 5호,,,2023-12-05
전라북도,부안군,아람농장,닭,육계,40000.0,전라북도 부안군 동진면 안성리 1852번지 9호,,,2023-12-05
전라북도,부안군,아람농장,닭,육계,40000.0,전북특별자치도 부안군 동진면 새포로 869-73,,,2024-11-19
전라북도,부안군,에덴농장,닭,육계,60000.0,전북특별자치도 부안군 행안면 부안로 2255-5,,,2024-11-19
전라북도,부안군,여월지향농장,오리,,20000.0,전북특별자치도 부안군 상서면 용서리 723번지 6호 외 1필(723-5),,,2024-11-19
전라북도,부안군,연정농장,닭,육계,70000.0,전라북도 부안군 줄포면 장동리 41번지 16호 외 2필(51-35  51-54),,,2023-12-05
전라북도,부안군,연정농장,닭,육계,70000.0,전북특별자치도 부안군 줄포면 반월제길 29,,,2024-11-19
전라북도,부안군,연중농장,오리,,10000.0,전북특별자치도 부안군 줄포면 연중길 97,,,2024-11-19
전라북도,부안군,예근농장,닭,육계,89981.0,전라북도 부안군 줄포면 우포리 624번지 2호 외 1필지(624-4),,,2023-12-05
전라북도,부안군,예근농장,닭,육계,89981.0,전북특별자치도 부안군 줄포면 감역길 26-70,,,2024-11-19
전라북도,부안군,예동농장,닭,육계,70000.0,전라북도 부안군 주산면 백석리 407번지 15호 외 1필지(407-17),,,2023-12-05
전라북도,부안군,예동농장,닭,육계,70000.0,"전북특별자치도 부안군 주산면 예동길 45, 55-10",,,2024-11-19
전라북도,부안군,예솔농장,닭,육계,80000.0,전북특별자치도 부안군 부안읍 외하안길 42-51,,,2024-11-19
전라북도,부안군,예솔농장,닭,육계,80000.0,전라북도 부안군 부안읍 외하리 574번지 외1필지(575),,,2023-12-05
전라북도,부안군,예은농장,닭,육계,112800.0,전라북도 부안군 줄포면 대동리 1209번지 2호 외3필지(1209-3  -4  -5),,,2023-12-05
전라북도,부안군,예은농장,닭,육계,112800.0,전북특별자치도 부안군 줄포면 주을로 397-103,,,2024-11-19
전라북도,부안군,오리농장,오리,,20000.0,전북특별자치도 부안군 줄포면 난산남월길 46-46,,,2024-11-19
전라북도,부안군,오리농장,오리,,20000.0,전라북도 부안군 줄포면 난산리 878번지,,,2023-12-05
전라북도,부안군,오리와사람들,오리,,50000.0,"전북특별자치도 부안군 계화면 양산리 2459번지 1호 외 3필지 2459-2, 2458-3, -4",,,2024-11-19
전라북도,부안군,오리와사람들,오리,,50000.0,전라북도 부안군 계화면 양산리 2459번지 1호 외 3필지 2459-2  2458-3  -4,,,2023-12-05
전라북도,부안군,우슬재 황토촌,닭,육계,30000.0,전북특별자치도 부안군 상서면 용와2길 23,,,2024-11-19
전라북도,부안군,욱이농장,오리,,0.0,전북특별자치도 부안군 계화면 창북리 4455-13,,,2024-11-19
전라북도,부안군,욱이농장,오리,,0.0,전라북도 부안군 계화면 창북리 4455-13,,,2023-12-05
전라북도,부안군,원농장,닭,육계,65000.0,전라북도 부안군 상서면 고잔리 515번지 4호,,,2023-12-05
전라북도,부안군,원농장,닭,육계,65000.0,전북특별자치도 부안군 상서면 부안로 2189,,,2024-11-19
전라북도,부안군,유림농장,닭,육계,60000.0,전북특별자치도 부안군 동진면 새포로 895-167,,,2024-11-19
전라북도,부안군,유림농장,닭,육계,60000.0,전라북도 부안군 동진면 안성리 1845번지 2호,,,2023-12-05
전라북도,부안군,유병채농장,오리,,17000.0,전북특별자치도 부안군 계화면 양산리 2563번지 7호 외 1필,,,2024-11-19
전라북도,부안군,유정농장,닭,육계,90000.0,전라북도 부안군 상서면 감교리 803번지,,,2023-12-05
전라북도,부안군,유정농장,닭,육계,90000.0,전북특별자치도 부안군 상서면 감교리 803번지,,,2024-11-19
전라북도,부안군,유정농장,닭,육계,60000.0,전라북도 부안군 동진면 안성리 1845번지 3호,,,2023-12-05
전라북도,부안군,유정농장,닭,육계,60000.0,전북특별자치도 부안군 동진면 새포로 895-165,,,2024-11-19
전라북도,부안군,유진농장,닭,육계,80000.0,전북특별자치도 부안군 백산면 외하안길 42-56,,,2024-11-19
전라북도,부안군,윤봉길양계장,닭,육계,30000.0,전북특별자치도 부안군 줄포면 신리 109번지,,,2024-11-19
전라북도,부안군,은성농장,닭,육계,65000.0,전북특별자치도 부안군 주산면 종유로 401,,,2024-11-19
전라북도,부안군,이기석농장,닭,육계,60000.0,전북특별자치도 부안군 행안면 주산북로 63,,,2024-11-19
전라북도,부안군,이기석농장,닭,육계,60000.0,전라북도 부안군 행안면 대초리 1037번지 3호,,,2023-12-05
전라북도,부안군,이삭농장,닭,육계,50000.0,전북특별자치도 부안군 부안읍 외하안길 42-52,,,2024-11-19
전라북도,부안군,이삭농장,닭,육계,50000.0,전라북도 부안군 부안읍 외하리 565번지,,,2023-12-05
전라북도,부안군,이현우농장,닭,육계,25000.0,전라북도 부안군 행안면 대초리 1133번지 1호,,,2023-12-05
전라북도,부안군,이현우농장,닭,육계,25000.0,전북특별자치도 부안군 행안면 봉야로 398,,,2024-11-19
전라북도,부안군,일월성농장,오리,,17000.0,전북특별자치도 부안군 줄포면 파산월평길 32-30 (외 2필지),,,2024-11-19
전라북도,부안군,자연농장,오리,,18000.0,전북특별자치도 부안군 계화면 의복리 1719번지 외 1필지 (1720),,,2024-11-19
전라북도,부안군,장등농장,오리,,10000.0,전라북도 부안군 동진면 동전리 2561번지 2562 2562-1,,,2023-12-05
전라북도,부안군,장수농장,닭,육계,45000.0,전라북도 부안군 줄포면 줄포리 40번지 30호 외 1필지(31-22),,,2023-12-05
전라북도,부안군,장수농장,닭,육계,45000.0,전북특별자치도 부안군 줄포면 점촌길 78,,,2024-11-19
전라북도,부안군,정상농장,오리,,10000.0,전북특별자치도 부안군 줄포면 신리로 299-13,,,2024-11-19
전라북도,부안군,정숙농장,오리,,10000.0,전북특별자치도 부안군 줄포면 파산신성길 125-15,,,2024-11-19
전라북도,부안군,정숙농장,오리,,10000.0,전라북도 부안군 줄포면 파산리 810-4번지(2.3번지),,,2023-12-05
전라북도,부안군,정영농장,닭,육계,120000.0,,,,2023-12-05
전라북도,부안군,정인농장,오리,,56000.0,전북특별자치도 부안군 줄포면 신정로 57-42 (외 6필지),,,2024-11-19
전라북도,부안군,제일농장,오리,,18000.0,전라북도 부안군 줄포면 파산리 234번지 233 239 240 241-1,,,2023-12-05
전라북도,부안군,제일농장,오리,육용오리,22862.0,전북특별자치도 부안군 줄포면 관동길 58-50,,,2024-11-19
전라북도,부안군,종계백산,닭,종계/산란계,60000.0,전북특별자치도 부안군 백산면 하청로 169 (외 6필지),,,2024-11-19
전라북도,부안군,종계백산,닭,종계/산란계,60000.0,전라북도 부안군 백산면 하청리 483번지 6호 외 6필지,,,2023-12-05
전라북도,부안군,줄포농장,오리,,10000.0,전라북도 부안군 줄포면 우포리 46번지,,,2023-12-05
전라북도,부안군,줄포농장,오리,,10000.0,전북특별자치도 부안군 줄포면 우포리 46번지,,,2024-11-19
전라북도,부안군,줄포대성농장,닭,육계,80000.0,전북특별자치도 부안군 줄포면 덕성길 105-3,,,2024-11-19
전라북도,부안군,증산농장,닭,,31000.0,"전북특별자치도 부안군 동진면 증산길 78, 증산농장",,,2024-11-19
전라북도,부안군,지영농장(2농장),닭,육계,90000.0,전라북도 부안군 동진면 동전리 1441번지 1442,,,2023-12-05
전라북도,부안군,지영농장(2농장),닭,육계,90000.0,전북특별자치도 부안군 동진면 고마제로 328-17 (1442),,,2024-11-19
전라북도,부안군,진서1농장,오리,,10800.0,"전북특별자치도 부안군 진서면 소운호길 29, 진서종계장 1~8동",,,2024-11-19
전라북도,부안군,진서2농장,오리,,7800.0,"전북특별자치도 부안군 진서면 소운호길 29, 진서종계장 9~11동",,,2024-11-19
전라북도,부안군,진성농장,오리,육용오리,25000.0,"전북특별자치도 부안군 주산면 홍해송천길 98, 8-13동",,,2024-11-19
전라북도,부안군,진성농장,오리,육용오리,25000.0,전라북도 부안군 주산면 백석리 51번지 8호 8-13동,,,2023-12-05
전라북도,부안군,참 더불어,닭,육계,55986.0,전북특별자치도 부안군 동진면 새포로 869-104,,,2024-11-19
전라북도,부안군,참 더불어,닭,육계,55986.0,전라북도 부안군 동진면 안성리 1853번지 2호 외 3필지(1853-3  1853-13  1853-14),,,2023-12-05
전라북도,부안군,창북농장,닭,육계,62671.0,전북특별자치도 부안군 계화면 간재로 564-261,,,2024-11-19
전라북도,부안군,창북농장,닭,육계,62863.0,전북특별자치도 부안군 계화면 간재로 564-263,,,2024-11-19
전라북도,부안군,창북농장,오리,,16000.0,전북특별자치도 부안군 계화면 새포로 499-74 (4515-7),,,2024-11-19
전라북도,부안군,창북농장,닭,육계,62863.0,전라북도 부안군 계화면 창북리 4007번지 1호,,,2023-12-05
전라북도,부안군,창북농장,닭,육계,62671.0,전라북도 부안군 계화면 창북리 4007번지 2호,,,2023-12-05
전라북도,부안군,천금오리농장,오리,,27000.0,전북특별자치도 부안군 줄포면 파산길 93,,,2024-11-19
전라북도,부안군,천애농장,오리,,10000.0,전라북도 부안군 계화면 양산리 2458번지 3호,,,2023-12-05
전라북도,부안군,천애농장,오리,,10000.0,전북특별자치도 부안군 계화면 양산리 2458번지 3호,,,2024-11-19
전라북도,부안군,천우농장,오리,,34079.0,"전북특별자치도 부안군 계화면 궁안리 1064번지 1065,1065-1",,,2024-11-19
전라북도,부안군,천우농장,오리,,34079.0,전라북도 부안군 계화면 궁안리 1064번지 1065 1065-1,,,2023-12-05
전라북도,부안군,청호농장,오리,,30000.0,전북특별자치도 부안군 계화면 의복리 1732번지 외 1필지(1731-2),,,2024-11-19
전라북도,부안군,청호축산,닭,육계,80000.0,전북특별자치도 부안군 행안면 새포로 59-22,,,2024-11-19
전라북도,부안군,청호축산,닭,육계,80000.0,전라북도 부안군 행안면 삼간리 2345번지 7호,,,2023-12-05
전라북도,부안군,탑농장,닭,육계,80000.0,전북특별자치도 부안군 계화면 간재로 709-160,,,2024-11-19
전라북도,부안군,탑농장,닭,육계,80000.0,전라북도 부안군 계화면 궁안리 2403번지 15호 외 1필지(2403-16),,,2023-12-05
전라북도,부안군,태복농장,오리,,10000.0,전북특별자치도 부안군 보안면 하입석리 475번지 1호,,,2024-11-19
전라북도,부안군,태양농장,오리,,40000.0,전라북도 부안군 줄포면 우포리 593번지 3호 외5필지(593-4 5 6 7 8),,,2023-12-05
전라북도,부안군,태양농장,오리,,40000.0,"전북특별자치도 부안군 줄포면 우포리 593번지 3호 외5필지(593-4,5,6,7,8)",,,2024-11-19
전라북도,부안군,팜렛잇고,닭,육계,100000.0,전라북도 부안군 부안읍 내요리 194번지 1호 외 2필(191. 1943),,,2023-12-05
전라북도,부안군,팜렛잇고,닭,육계,100000.0,전북특별자치도 부안군 부안읍 순환남로 306-7,,,2024-11-19
전라북도,부안군,평교 종계장,닭,,14000.0,전북특별자치도 부안군 부안읍 밖여술길 63-7,,,2024-11-19
전라북도,부안군,평화농장,닭,육계,58000.0,전라북도 부안군 보안면 남포리 472번지,,,2023-12-05
전라북도,부안군,평화농장,닭,육계,58000.0,전북특별자치도 부안군 보안면 만회길 69-20,,,2024-11-19
전라북도,부안군,푸른농장,오리,,8000.0,전북특별자치도 부안군 백산면 하청로 112,,,2024-11-19
전라북도,부안군,푸른농장,오리,,8000.0,전라북도 부안군 백산면 하청리 415번지 8호,,,2023-12-05
전라북도,부안군,한울농장,닭,육계,98000.0,전북특별자치도 부안군 동진면 새포로 869-97,,,2024-11-19
전라북도,부안군,해금농장,닭,육계,100000.0,"전북특별자치도 부안군 상서면 부안로 2213-46, 2213-48",,,2024-11-19
전라북도,부안군,해금농장,닭,육계,100000.0,전라북도 부안군 상서면 고잔리 510번지 1호   510-8,,,2023-12-05
전라북도,부안군,해드림농장,닭,육계,80000.0,전북특별자치도 부안군 계화면 새포로 861-120,,,2024-11-19
전라북도,부안군,해바라기농장,오리,,19192.0,전북특별자치도 부안군 줄포면 점촌길 26,,,2024-11-19
전라북도,부안군,해바라기농장,오리,,19192.0,전라북도 부안군 줄포면 줄포리 36번지 15호 외 2필지(35  우포리 58-7),,,2023-12-05
전라북도,부안군,해오름농장,닭,육계,98000.0,전라북도 부안군 계화면 창북리 4239번지 1호,,,2023-12-05
전라북도,부안군,해오름농장,닭,육계,108000.0,전북특별자치도 부안군 계화면 새포로 595-269,,,2024-11-19
전라북도,부안군,해와달농장,오리,,13000.0,전라북도 부안군 줄포면 대동리 517번지 2호 외 3필,,,2023-12-05
전라북도,부안군,해와달농장,오리,,17056.0,전북특별자치도 부안군 줄포면 대연길 3-14,,,2024-11-19
전라북도,부안군,해피덕농장,오리,,10000.0,전라북도 부안군 줄포면 신리 352번지 47호,,,2023-12-05
전라북도,부안군,해피덕농장,오리,,10000.0,전북특별자치도 부안군 줄포면 장산로 172-14,,,2024-11-19
전라북도,부안군,해피마실농장,오리,,13000.0,전라북도 부안군 동진면 동전리 2588번지 1호 외 1필지(2589),,,2023-12-05
전라북도,부안군,해피마실농장,오리,,13000.0,전북특별자치도 부안군 동진면 동전리 2588번지 1호 외 1필지(2589),,,2024-11-19
전라북도,부안군,햇빛농장,닭,육계,46500.0,전북특별자치도 부안군 줄포면 파산신성길 93-32,,,2024-11-19
전라북도,부안군,햇살농장,닭,육계,60000.0,전북특별자치도 부안군 계화면 간재로 623-92,,,2024-11-19
전라북도,부안군,행복농장,닭,육계,80000.0,전북특별자치도 부안군 백산면 백산로 17-100 (862-16),,,2024-11-19
전라북도,부안군,행복농장,오리,,0.0,전라북도 부안군 동진면 동전리 1737번지 외 2필지(1735-1  1736),,,2023-12-05
전라북도,부안군,행복농장,오리,,0.0,전북특별자치도 부안군 동진면 동전길 51-32,,,2024-11-19
전라북도,부안군,행복농장,닭,육계,80000.0,전라북도 부안군 백산면 대죽리 862번지 15호 862-16,,,2023-12-05
전라북도,부안군,행안농장,닭,육계,85000.0,전북특별자치도 부안군 행안면 새포로 67-21,,,2024-11-19
전라북도,부안군,현덕농장,닭,육계,20000.0,"전북특별자치도 부안군 계화면 간재로 655-101, 외 1필지",,,2024-11-19
전라북도,부안군,후다닭농장,닭,육계,50000.0,전북특별자치도 부안군 계화면 간재로 677-193,,,2024-11-19
전라북도,부안군,후다닭농장,닭,육계,50000.0,전라북도 부안군 계화면 궁안리 2327번지 6호 외 1필지,,,2023-12-05
전라북도,부안군,SG팜,닭,육계,70000.0,전북특별자치도 부안군 동진면 동전리 1438번지,,,2025-11-14
전라북도,부안군,가농보안농장,닭,종계,110000.0,전북특별자치도 부안군 보안면 월천리 1011번지 외 2필,,,2025-11-14
전라북도,부안군,가온농장,닭,육계,130000.0,전북특별자치도 부안군 행안면 삼간리 2342번지 1호,,,2025-11-14
전라북도,부안군,강산자연농장,닭,육계,70000.0,전북특별자치도 부안군 동진면 안성리 1855번지 5호 1855-6,,,2025-11-14
전라북도,부안군,계상농장,오리,,14000.0,전북특별자치도 부안군 행안면 대초리 875번지 1호,,,2025-11-14
전라북도,부안군,금OO농장,오리,육용오리,20000.0,전북특별자치도 부안군 주산면 백석리 51번지 8호 1-7동,,,2025-11-14
전라북도,부안군,금산농장,닭,육계,120000.0,전북특별자치도 부안군 계화면 창북리 4239번지 5호,,,2025-11-14
전라북도,부안군,금판오리농장,오리,,62000.0,"전북특별자치도 부안군 백산면 금판리 817번지 1호 외 3필지(817-3, 4, 802-11)",,,2025-11-14
전라북도,부안군,김OO농장,닭,육계,100000.0,전북특별자치도 부안군 줄포면 파산리 810번지 5호,,,2025-11-14
전라북도,부안군,김OO농장,오리,,33800.0,"전북특별자치도 부안군 동진면 동전리 1430번지 외 3필지(1431, 1432, 1432-1)",,,2025-11-14
전라북도,부안군,김OO농장,닭,육계,5000.0,전북특별자치도 부안군 동진면 증산리 102번지 5호,,,2025-11-14
전라북도,부안군,김산농장,닭,육계,140000.0,"전북특별자치도 부안군 주산면 돈계리 773번지 1호 773-2,  773-3",,,2025-11-14
전라북도,부안군,나래1농장,닭,육계,64000.0,전북특별자치도 부안군 계화면 양산리 2535번지 3호,,,2025-11-14
전라북도,부안군,나래농장2,닭,육계,62000.0,전북특별자치도 부안군 계화면 양산리 2535번지 6호,,,2025-11-14
전라북도,부안군,나봄1농장,닭,육계,74000.0,전북특별자치도 부안군 계화면 양산리 2535번지 1호,,,2025-11-14
전라북도,부안군,나봄2농장,닭,육계,64000.0,전북특별자치도 부안군 계화면 양산리 2535번지 5호,,,2025-11-14
전라북도,부안군,남포농장,닭,육계,75000.0,전북특별자치도 부안군 보안면 남포리 468번지,,,2025-11-14
전라북도,부안군,농업회사법인 가농유한회사 계화농장,닭,육계,210000.0,전북특별자치도 부안군 계화면 창북리 산 4225번지 1호,,,2025-11-14
전라북도,부안군,농업회사법인 유한회사 월광,닭,종계,23000.0,전북특별자치도 부안군 보안면 월천리 995번지 1호,,,2025-11-14
전라북도,부안군,농업회사법인 한스팜(주) 부안지점,닭,종계/산란계,151678.0,"전북특별자치도 부안군 주산면 백석리 424번지 15호 외 6필지(424-2,424-3,424-5,425-21,425-22,425-23)",,,2025-11-14
전라북도,부안군,농업회사법인가농유한회사 계화농장,닭,육계,504000.0,전북특별자치도 부안군 계화면 창북리 산 4225번지 1호,,,2025-11-14
전라북도,부안군,늘봄농장,닭,육계,65000.0,전북특별자치도 부안군 상서면 고잔리 515번지 2호,,,2025-11-14
전라북도,부안군,다산1농장,오리,종오리,5500.0,전북특별자치도 부안군 진서면 진서리 1273번지 6호,,,2025-11-14
전라북도,부안군,다산2농장,오리,종오리,5500.0,전북특별자치도 부안군 진서면 진서리 1273번지 5호,,,2025-11-14
전라북도,부안군,다산농장,닭,육계,90000.0,"전북특별자치도 부안군 보안면 상입석리 631번지 1호 631-2, 631-3, 632-16",,,2025-11-14
전라북도,부안군,대동농장,닭,육계,126752.0,"전북특별자치도 부안군 줄포면 대동리 659번지 3호 외 4필지(659-23,659-24,659-1,659-8)",,,2025-11-14
전라북도,부안군,대명농장,오리,,24222.0,전북특별자치도 부안군 계화면 창북리 4466번지 14호 외 1필지(4466-13),,,2025-11-14
전라북도,부안군,대명농장2,오리,,18468.0,전북특별자치도 부안군 계화면 창북리 4466번지 12호,,,2025-11-14
전라북도,부안군,더불어참,닭,육계,100000.0,"전북특별자치도 부안군 동진면 안성리 1853번지 1호 외 4필지(1844-10, 1844-11, 1844-12, 1844-13)",,,2025-11-14
전라북도,부안군,도담농장,오리,,24000.0,"전북특별자치도 부안군 줄포면 신리 923번지 외 4필지(923-1, -2, -3, -4)",,,2025-11-14
전라북도,부안군,도담농장,닭,육계,135233.0,전북특별자치도 부안군 동진면 안성리 1852번지 3호 외 1필지(1852-2),,,2025-11-14
전라북도,부안군,동산농장,닭,육계,65000.0,전북특별자치도 부안군 행안면 대초리 1005번지 6호,,,2025-11-14
전라북도,부안군,동서농장,닭,육계,58000.0,"전북특별자치도 부안군 백산면 하청리 529번지 외 4필지(529-2, 529-3, 529-5, 529-34)",,,2025-11-14
전라북도,부안군,동송농장,오리,,12000.0,전북특별자치도 부안군 줄포면 장동리 575번지 3호 외 7필,,,2025-11-14
전라북도,부안군,동암농장,닭,육계,94240.0,전북특별자치도 부안군 계화면 궁안리 2409번지 8호 외 1필지(2409-9),,,2025-11-14
전라북도,부안군,동촌농장,닭,육계,1000.0,전북특별자치도 부안군 하서면 청호리 657번지 1호,,,2025-11-14
전라북도,부안군,드림농장,닭,육계,75000.0,전북특별자치도 부안군 주산면 돈계리 739번지 외 1필,,,2025-11-14
전라북도,부안군,마루농장,닭,육계,60000.0,전북특별자치도 부안군 동진면 안성리 1852번지 8호,,,2025-11-14
전라북도,부안군,명진농장,오리,,30000.0,"전북특별자치도 부안군 줄포면 장동리 189번지 3호 외 2필지(189-1, 189-4)",,,2025-11-14
전라북도,부안군,모리아팜,오리,,29500.0,전북특별자치도 부안군 줄포면 장동리 862번지 3호,,,2025-11-14
전라북도,부안군,미소농장,닭,육계,70000.0,전북특별자치도 부안군 보안면 하입석리 1번지 29호,,,2025-11-14
전라북도,부안군,민재농장,오리,,45000.0,"전북특별자치도 부안군 계화면 양산리 2452번지 7호 외3필지(2452-8,9, 2453-9)",,,2025-11-14
전라북도,부안군,반계농장,닭,종계/산란계,80.0,전북특별자치도 부안군 진서면 진서리 80번지,,,2025-11-14
전라북도,부안군,별이,닭,종계,22000.0,전북특별자치도 부안군 상서면 감교리 807번지 12호,,,2025-11-14
전라북도,부안군,보경농장,닭,종계,28500.0,전북특별자치도 부안군 보안면 부곡리 86번지 1호 외 6필지,,,2025-11-14
전라북도,부안군,부광농장,오리,,17000.0,"전북특별자치도 부안군 백산면 하청리 611번지 611-1,2,3",,,2025-11-14
전라북도,부안군,부안 기러기농장,기러기,,1500.0,"전북특별자치도 부안군 행안면 삼간리 479번지 1호 외 2필지(479-20,483-4)",,,2025-11-14
전라북도,부안군,부안 기러기농장2,기러기,,1000.0,전북특별자치도 부안군 부안읍 내요리 55번지,,,2025-11-14
전라북도,부안군,부안농장,닭,육계,65000.0,전북특별자치도 부안군 보안면 상입석리 574번지 1호,,,2025-11-14
전라북도,부안군,뽕OO 귀농이랑,닭,육계,1000.0,전북특별자치도 부안군 하서면 장신리 498번지 1호,,,2025-11-14
전라북도,부안군,산돌농원(제1농장),닭,육계,67000.0,전북특별자치도 부안군 주산면 사산리 609번지 11호,,,2025-11-14
전라북도,부안군,산돌농원(제2농장),닭,육계,67000.0,전북특별자치도 부안군 주산면 사산리 609번지 11호 609-20,,,2025-11-14
전라북도,부안군,산지농장,닭,육계,75000.0,전북특별자치도 부안군 보안면 월천리 993번지 11호,,,2025-11-14
전라북도,부안군,상운농장,닭,육계,60000.0,전북특별자치도 부안군 보안면 월천리 830번지,,,2025-11-14
전라북도,부안군,상운농장,닭,육계,60000.0,전북특별자치도 부안군 보안면 월천리 830번지 외 9필,,,2025-11-14
전라북도,부안군,새한농장,메추리,,140000.0,전북특별자치도 부안군 백산면 대죽리 364번지 6호 외1필지(364-18),,,2025-11-14
전라북도,부안군,서원농장,닭,종계,29000.0,"전북특별자치도 부안군 보안면 상림리 219번지 1호 외 3필(219-2, 219-3, 532)",,,2025-11-14
전라북도,부안군,석불산토종닭농장,닭,육계,25000.0,전북특별자치도 부안군 하서면 언독리 1077번지 13호,,,2025-11-14
전라북도,부안군,선들농장,닭,육계,88000.0,전북특별자치도 부안군 보안면 상입석리 937번지,,,2025-11-14
전라북도,부안군,성룡농장,닭,종계,6600.0,전북특별자치도 부안군 보안면 월천리 274번지,,,2025-11-14
전라북도,부안군,성실농장,오리,,19512.0,"전북특별자치도 부안군 줄포면 신리 775번지 59호 외 5필지(775-21,775-37,788-6,788-7,788-9)",,,2025-11-14
전라북도,부안군,성일농장,닭,육계,78500.0,전북특별자치도 부안군 행안면 삼간리 2342번지 9호,,,2025-11-14
전라북도,부안군,성하농장,닭,육계,76000.0,전북특별자치도 부안군 줄포면 파산리 811번지,,,2025-11-14
전라북도,부안군,세종농장,오리,육용오리,10000.0,전북특별자치도 부안군 계화면 창북리 4455-13,,,2025-11-14
전라북도,부안군,소담농장,닭,육계,60000.0,전북특별자치도 부안군 동진면 안성리 1852번지 7호,,,2025-11-14
전라북도,부안군,소망농장,오리,,15000.0,전북특별자치도 부안군 동진면 동전리 1734번지 1735,,,2025-11-14
전라북도,부안군,소망농장,오리,,20231.0,"전북특별자치도 부안군 주산면 사산리 1207번지 7호 1207-6,1207-5",,,2025-11-14
전라북도,부안군,승리농장,오리,,10000.0,전북특별자치도 부안군 줄포면 장동리 61번지 12호,,,2025-11-14
전라북도,부안군,승원농장,오리,,9200.0,전북특별자치도 부안군 줄포면 신리 727번지 외 1필지(728),,,2025-11-14
전라북도,부안군,신OO농장,오리,,10000.0,전북특별자치도 부안군 줄포면 우포리 54번지,,,2025-11-14
전라북도,부안군,신성농장,닭,육계,95000.0,전북특별자치도 부안군 줄포면 파산리 809번지 10호 외 2필,,,2025-11-14
전라북도,부안군,신원농장,닭,육계,90000.0,"전북특별자치도 부안군 백산면 죽림리 785번지 외 2필지(786,786-1)",,,2025-11-14
전라북도,부안군,신정농장,오리,,14819.0,전북특별자치도 부안군 주산면 사산리 1204번지 3호 외 1필지(1204-4),,,2025-11-14
전라북도,부안군,신흥농장,닭,종계,22000.0,전북특별자치도 부안군 부안읍 신흥리 279번지 22호 외 10필,,,2025-11-14
전라북도,부안군,아낙네오리농장,오리,,22000.0,전북특별자치도 부안군 주산면 사산리 1205번지 5호,,,2025-11-14
전라북도,부안군,아람농장,닭,육계,40000.0,전북특별자치도 부안군 동진면 안성리 1852번지 9호,,,2025-11-14
전라북도,부안군,에덴농장,닭,육계,60000.0,전북특별자치도 부안군 행안면 대초리 1005번지 9호,,,2025-11-14
전라북도,부안군,연정농장,닭,육계,70000.0,"전북특별자치도 부안군 줄포면 장동리 41번지 16호 외 2필(51-35, 51-54)",,,2025-11-14
전라북도,부안군,연중농장,오리,,10000.0,전북특별자치도 부안군 줄포면 대동리 639번지 8호,,,2025-11-14
전라북도,부안군,영농조합법인 대통농산 백산지점,닭,산란중추,47000.0,전북특별자치도 부안군 백산면 하청리 483번지 6호 외 6필지,,,2025-11-14
전라북도,부안군,예근농장,닭,육계,89981.0,전북특별자치도 부안군 줄포면 우포리 624번지 2호 외 1필지(624-4),,,2025-11-14
전라북도,부안군,예동농장,닭,육계,70000.0,전북특별자치도 부안군 주산면 백석리 407번지 15호 외 1필지(407-17),,,2025-11-14
전라북도,부안군,예솔농장,닭,육계,80000.0,전북특별자치도 부안군 부안읍 외하리 574번지 외1필지(575),,,2025-11-14
전라북도,부안군,예은농장,닭,육계,112800.0,"전북특별자치도 부안군 줄포면 대동리 1209번지 2호 외3필지(1209-3, -4, -5)",,,2025-11-14
전라북도,부안군,오리농장,오리,,20000.0,전북특별자치도 부안군 줄포면 난산리 878번지,,,2025-11-14
전라북도,부안군,우OO 황토촌,닭,육계,30000.0,전북특별자치도 부안군 상서면 통정리 690번지,,,2025-11-14
전라북도,부안군,원농장,닭,육계,65000.0,전북특별자치도 부안군 상서면 고잔리 515번지 4호,,,2025-11-14
전라북도,부안군,유OO농장,오리,,17000.0,전북특별자치도 부안군 계화면 양산리 2563번지 7호 외 1필,,,2025-11-14
전라북도,부안군,유림농장,닭,육계,60000.0,전북특별자치도 부안군 동진면 안성리 1845번지 2호,,,2025-11-14
전라북도,부안군,유정농장,닭,육계,60000.0,전북특별자치도 부안군 동진면 안성리 1845번지 3호,,,2025-11-14
전라북도,부안군,유진농장,닭,육계,80000.0,"전북특별자치도 부안군 백산면 죽림리 784번지 외 2필지(783, 783-1번지)",,,2025-11-14
전라북도,부안군,윤OO양계장,닭,육계,30000.0,전북특별자치도 부안군 줄포면 신리 109번지,,,2025-11-14
전라북도,부안군,은성농장,닭,육계,65000.0,전북특별자치도 부안군 주산면 사산리 4번지 외 5필,,,2025-11-14
전라북도,부안군,이OO농장,닭,육계,25000.0,전북특별자치도 부안군 행안면 대초리 1133번지 1호,,,2025-11-14
전라북도,부안군,이OO농장,닭,육계,60000.0,전북특별자치도 부안군 행안면 대초리 1037번지 3호,,,2025-11-14
전라북도,부안군,이삭농장,닭,육계,50000.0,전북특별자치도 부안군 부안읍 외하리 565번지,,,2025-11-14
전라북도,부안군,일월성농장,오리,,17000.0,전북특별자치도 부안군 줄포면 파산리 583번지 2호 외 2필지,,,2025-11-14
전라북도,부안군,장등농장,오리,,10000.0,"전북특별자치도 부안군 동진면 동전리 2561번지 2562,2562-1",,,2025-11-14
전라북도,부안군,장수농장,닭,육계,45000.0,전북특별자치도 부안군 줄포면 줄포리 40번지 30호 외 1필지(31-22),,,2025-11-14
전라북도,부안군,정상농장,오리,,10000.0,전북특별자치도 부안군 줄포면 신리,,,2025-11-14
전라북도,부안군,정숙농장,오리,,10000.0,전북특별자치도 부안군 줄포면 파산리 810-4번지(2.3번지),,,2025-11-14
전라북도,부안군,정영농장,닭,육계,120000.0,전북특별자치도 부안군 상서면 부안로 2189-24,,,2025-11-14
전라북도,부안군,정인농장,오리,,56000.0,전북특별자치도 부안군 줄포면 신리 747번지 외 6필지,,,2025-11-14
전라북도,부안군,종계백산,닭,종계/산란계,60000.0,전북특별자치도 부안군 백산면 하청리 483번지 6호 외 6필지,,,2025-11-14
전라북도,부안군,줄포대성농장,닭,육계,80000.0,전북특별자치도 부안군 줄포면 장동리 84번지 14호,,,2025-11-14
전라북도,부안군,증산농장,닭,종계,31000.0,전북특별자치도 부안군 동진면 증산리 85번지 1호 증산농장,,,2025-11-14
전라북도,부안군,지영농장(2농장),닭,육계,90000.0,전북특별자치도 부안군 동진면 동전리 1441번지 1442,,,2025-11-14
전라북도,부안군,진서1농장,오리,종오리,10800.0,전북특별자치도 부안군 진서면 운호리 238번지 11호 진서종계장,,,2025-11-14
전라북도,부안군,진서2농장,오리,종오리,7800.0,전북특별자치도 부안군 진서면 운호리 238번지 11호 진서종계장,,,2025-11-14
전라북도,부안군,진서농장,닭,종계,38000.0,"전북특별자치도 부안군 진서면 진서리 63번지 1호 외 4필지(63-4, 63-5,63-6,63-8)",,,2025-11-14
전라북도,부안군,진성농장,오리,육용오리,25000.0,전북특별자치도 부안군 주산면 백석리 51번지 8호 8-13동,,,2025-11-14
전라북도,부안군,참 더불어,닭,육계,55986.0,"전북특별자치도 부안군 동진면 안성리 1853번지 2호 외 3필지(1853-3, 1853-13, 1853-14)",,,2025-11-14
전라북도,부안군,창북농장,닭,육계,62863.0,전북특별자치도 부안군 계화면 창북리 4007번지 1호,,,2025-11-14
전라북도,부안군,창북농장,닭,육계,62671.0,전북특별자치도 부안군 계화면 창북리 4007번지 2호,,,2025-11-14
전라북도,부안군,창북농장,오리,,16000.0,전북특별자치도 부안군 계화면 창북리 4515번지 6호 4515-7,,,2025-11-14
전라북도,부안군,천금오리농장,오리,,27000.0,전북특별자치도 부안군 줄포면 파산리 483번지 3호,,,2025-11-14
전라북도,부안군,천우농장,오리,종오리,10500.0,"전북특별자치도 부안군 계화면 궁안리 1064번지 외 2필지(1065, 1065-1)",,,2025-11-14
전라북도,부안군,청호축산,닭,육계,80000.0,전북특별자치도 부안군 행안면 삼간리 2345번지 7호,,,2025-11-14
전라북도,부안군,탑OO,닭,육계,80000.0,전북특별자치도 부안군 계화면 궁안리 2403번지 15호 외 1필지(2403-16),,,2025-11-14
전라북도,부안군,팜렛잇고,닭,육계,100000.0,"전북특별자치도 부안군 부안읍 내요리 190번지 외 2필지(191,191-2)",,,2025-11-14
전라북도,부안군,평교 종계장,닭,종계,14000.0,전북특별자치도 부안군 부안읍 신흥리 산 82번지 1호,,,2025-11-14
전라북도,부안군,평화농장,닭,육계,58000.0,전북특별자치도 부안군 보안면 남포리 472번지,,,2025-11-14
전라북도,부안군,푸른농장,오리,,8000.0,전북특별자치도 부안군 백산면 하청리 415번지 8호,,,2025-11-14
전라북도,부안군,한울농장,닭,육계,98000.0,전북특별자치도 부안군 동진면 안성리 1852번지 6호 외 1필,,,2025-11-14
전라북도,부안군,해금농장,닭,육계,100000.0,"전북특별자치도 부안군 상서면 고잔리 510번지 1호 , 510-8",,,2025-11-14
전라북도,부안군,해드림농장,닭,육계,80000.0,전북특별자치도 부안군 계화면 양산리 2457번지 8호 외 1필지(2457-9),,,2025-11-14
전라북도,부안군,해바라기농장,오리,,19192.0,"전북특별자치도 부안군 줄포면 줄포리 36번지 15호 외 2필지(35, 우포리 58-7)",,,2025-11-14
전라북도,부안군,해오름농장,닭,육계,108000.0,전북특별자치도 부안군 계화면 창북리 4239번지 1호,,,2025-11-14
전라북도,부안군,해와달농장,오리,,17056.0,"전북특별자치도 부안군 줄포면 대동리 517번지 2호 외 2필지(515-9, 517-1)",,,2025-11-14
전라북도,부안군,해피덕농장,오리,,10000.0,전북특별자치도 부안군 줄포면 신리 352번지 47호,,,2025-11-14
전라북도,부안군,햇빛농장,닭,육계,46500.0,전북특별자치도 부안군 줄포면 파산리 769번지 6호,,,2025-11-14
전라북도,부안군,햇살농장,닭,육계,60000.0,전북특별자치도 부안군 계화면 궁안리 2367번지 2호,,,2025-11-14
전라북도,부안군,행복농장,닭,육계,80000.0,전북특별자치도 부안군 백산면 대죽리 862번지 15호 862-16,,,2025-11-14
전라북도,부안군,행복농장,오리,,28000.0,"전북특별자치도 부안군 동진면 동전리 1737번지 외 2필지(1735-1, 1736)",,,2025-11-14
전라북도,부안군,행안농장,닭,육계,85000.0,전북특별자치도 부안군 행안면 삼간리 2344번지 2호,,,2025-11-14
전라북도,부안군,현덕농장,닭,육계,20000.0,전북특별자치도 부안군 계화면 궁안리 2409번지 4호,,,2025-11-14
전라북도,부안군,형제축산,닭,육계,40000.0,전북특별자치도 부안군 백산면 평교리 873번지,,,2025-11-14
전라북도,부안군,후다닭농장,닭,육계,50000.0,전북특별자치도 부안군 계화면 궁안리 2327번지 6호 외 1필지,,,2025-11-14
전라북도,정읍시,㈜다농,닭,산란중추,24000.0,전라북도 정읍시 고부면,,,2022-01-01
전라북도,정읍시,㈜온누리,닭,토종닭,38000.0,전라북도 정읍시 영원면 영원로 1290,,,2022-01-01
전라북도,정읍시,가금농장,닭,토종닭,45000.0,전라북도 정읍시 소성면 애당리 434-6,,,2022-01-01
전라북도,정읍시,거래상인,닭,토종닭,20000.0,전라북도 정읍시 입암면 하부리 749-1,,,2022-01-01
전라북도,정읍시,거래상인,닭,토종닭,250.0,전라북도 정읍시 입암면 하부리 749-1,,,2022-01-01
전라북도,정읍시,경승농장,닭,육계,16000.0,전라북도 정읍시 입암면 등천리 892,,,2022-01-01
전라북도,정읍시,경임농장,닭,육계,50000.0,전라북도 정읍시 고부면 신흥리 112-1,,,2022-01-01
전라북도,정읍시,고부농장,닭,산란중추,90000.0,전라북도 정읍시 고부면 덕안리 123-1,,,2022-01-01
전라북도,정읍시,고부농장,닭,토종닭,20000.0,전라북도 정읍시 고부면 덕안리 123-1,,,2022-01-01
전라북도,정읍시,고부농장,닭,토종닭,30000.0,전라북도 정읍시 고부면 덕안리 123-1,,,2022-01-01
전라북도,정읍시,구구농장,닭,육계,50000.0,전라북도 정읍시 북면 복흥리 874,,,2022-01-01
전라북도,정읍시,금계농장,닭,육계,140000.0,전라북도 정읍시 덕천면 금계1길 127,,,2022-01-01
전라북도,정읍시,금빛농장,오리,육용오리,9000.0,전라북도 정읍시 고부면 용흥리 646,,,2022-01-01
전라북도,정읍시,금호2농장,오리,육용오리,24000.0,전라북도 정읍시 영원면 앵성2길 106-16,,,2022-01-01
전라북도,정읍시,금호농장,오리,육용오리,23000.0,전라북도 정읍시 영원면 앵성2길 106-16,,,2022-01-01
전라북도,정읍시,기봉농장,오리,육용오리,20000.0,전라북도 정읍시 이평면 장내리 884,,,2022-01-01
전라북도,정읍시,내석농장,오리,육용오리,8000.0,전라북도 정읍시 신태인읍 백산리 1359,,,2022-01-01
전라북도,정읍시,농업법인 풍성한유한회사,닭,종계,50000.0,전라북도 정읍시 북면 태곡리 998-2,,,2022-01-01
전라북도,정읍시,다산농장,닭,육계,115000.0,전라북도 정읍시 소성면 고교리 664-3,,,2022-01-01
전라북도,정읍시,다원농장,닭,토종닭,80000.0,전라북도 정읍시 이평면 장내리 616-4,,,2022-01-01
전라북도,정읍시,닥터팜,닭,토종닭,70000.0,전라북도 정읍시 고부면 백운리 587-13,,,2022-01-01
전라북도,정읍시,대성농장,닭,육계,65000.0,전라북도 정읍시 덕천면 상학리 산13-1,,,2022-01-01
전라북도,정읍시,대원농장,닭,토종닭,40000.0,전라북도 정읍시 소성면 등계리 170-2,,,2022-01-01
전라북도,정읍시,대원농장,닭,육계,45000.0,전라북도 정읍시 소성면 등계리 170-2,,,2022-01-01
전라북도,정읍시,대원농장,닭,토종닭,22000.0,전라북도 정읍시 소성면 등계리 170-2,,,2022-01-01
전라북도,정읍시,대행영농,닭,종계,46000.0,전라북도 정읍시 태인면,,,2022-01-01
전라북도,정읍시,덕앤덕농장,오리,종오리,3000.0,전라북도 전라부도 정읍시 소성면 애당리 177-2,,,2022-01-01
전라북도,정읍시,도원축산,닭,육계,200000.0,전라북도 정읍시 영원면 청량길 39-45,,,2022-01-01
전라북도,정읍시,동원농장,닭,육계,25000.0,전라북도 정읍시 이평면 장내리 56-1,,,2022-01-01
전라북도,정읍시,동화농장,닭,육계,90000.0,전라북도 정읍시 태인,,,2022-01-01
전라북도,정읍시,두암농장,오리,육용오리,10000.0,전라북도 정읍시 입암면 접지리 322-13,,,2022-01-01
전라북도,정읍시,마동농장,닭,육계,80000.0,전라북도 정읍시 소성면 등계리 49,,,2022-01-01
전라북도,정읍시,마정농장,닭,육계,100000.0,전라북도 정읍시 북면 마정리 1951,,,2022-01-01
전라북도,정읍시,만수양계장,닭,육계,57000.0,전라북도 정읍시 고부면 만수리 60-3,,,2022-01-01
전라북도,정읍시,만화농장,닭,육계,17500.0,전라북도 정읍시 고부면 관청리 1286,,,2022-01-01
전라북도,정읍시,만화농장,닭,육계,12000.0,전라북도 정읍시 고부면 관청리 1286,,,2022-01-01
전라북도,정읍시,매봉농장,닭,육계,75000.0,전라북도 정읍시 이평면 창동리 705-12,,,2022-01-01
전라북도,정읍시,모리아농장,닭,육계,68000.0,전라북도 정읍시 정우면 회룡리 423-2,,,2022-01-01
전라북도,정읍시,무염농장,닭,육계,74000.0,전라북도 정읍시 정우면 초강리 1146-3,,,2022-01-01
전라북도,정읍시,미소농장,닭,육계,223000.0,전라북도 정읍시 이평면 청량리 905,,,2022-01-01
전라북도,정읍시,민정농장2,닭,토종닭,65000.0,전라북도 정읍시 태인면,,,2022-01-01
전라북도,정읍시,바둑이농장,닭,육계,87000.0,전라북도 정읍시 정우면 장순리 219-12,,,2022-01-01
전라북도,정읍시,백조농장(1),오리,육용오리,20000.0,전라북도 정읍시 입암면,,,2022-01-01
전라북도,정읍시,백조농장(2),오리,육용오리,20000.0,전라북도 정읍시 입암면,,,2022-01-01
전라북도,정읍시,복도리농장,닭,육계,60000.0,전라북도 정읍시 소성면 애당리 1392-8,,,2022-01-01
전라북도,정읍시,복주농장,닭,토종닭,58000.0,전라북도 정읍시 고부면 입석리 67-8,,,2022-01-01
전라북도,정읍시,복주농장,닭,토종닭,25000.0,전라북도 정읍시 고부면 입석리 67-8,,,2022-01-01
전라북도,정읍시,본촌농장,오리,육용오리,40000.0,전라북도 정읍시 소성면 고교리 230-1,,,2022-01-01
전라북도,정읍시,북면농장,닭,토종닭,35000.0,전라북도 정읍시 북면 승부리 678,,,2022-01-01
전라북도,정읍시,북면양계,닭,육계,60000.0,전라북도 정읍시 북면 한교리 64-29,,,2022-01-01
전라북도,정읍시,삼호농장1,오리,육용오리,33500.0,전라북도 정읍시 소성면,,,2022-01-01
전라북도,정읍시,삼호농장2,오리,육용오리,39700.0,전라북도 정읍시 소성면,,,2022-01-01
전라북도,정읍시,삼호농장3,오리,육용오리,22100.0,전라북도 정읍시 소성면,,,2022-01-01
전라북도,정읍시,삼호농장4,오리,육용오리,20000.0,전라북도 정읍시 소성면,,,2022-01-01
전라북도,정읍시,상봉농장,닭,육계,50000.0,전라북도 정읍시 덕천면 도계리 958,,,2022-01-01
전라북도,정읍시,서진농장,닭,육계,100000.0,전라북도 정읍시 고부면 관청리 1024,,,2022-01-01
전라북도,정읍시,선임농장,닭,육계,90000.0,전라북도 정읍시 고부면 신흥리 1066,,,2022-01-01
전라북도,정읍시,성봉산닭,닭,토종닭,1000.0,전라북도 정읍시 고부면 영원로 292-3,,,2022-01-01
전라북도,정읍시,세연농장,닭,육계,85000.0,전라북도 정읍시 입암면 연월리 767-6,,,2022-01-01
전라북도,정읍시,세현농장,닭,육계,68000.0,전라북도 정읍시 영원면 태평길 67,,,2022-01-01
전라북도,정읍시,송내농장,닭,육계,70000.0,전라북도 정읍시 정우면 장순리 79,,,2022-01-01
전라북도,정읍시,송부자농장,닭,육계,80000.0,전라북도 정읍시 덕천면 상학리 1001,,,2022-01-01
전라북도,정읍시,숙경농장,닭,토종닭,48000.0,전라북도 정읍시 고부면 덕안리 6-35,,,2022-01-01
전라북도,정읍시,순옥양계장,닭,토종닭,25000.0,전라북도 정읍시 북면 한교리 570,,,2022-01-01
전라북도,정읍시,승승농장,닭,육계,40000.0,전라북도 정읍시 태인면 박산리 산144-2,,,2022-01-01
전라북도,정읍시,승운농장,닭,육계,70000.0,전라북도 정읍시 덕천면 도계리 131-13,,,2022-01-01
전라북도,정읍시,승주농장,닭,토종닭,42000.0,전라북도 정읍시 고부면 입석리 58-2,,,2022-01-01
전라북도,정읍시,시온종계장,닭,종계,30000.0,전라북도 정읍시 이평면 요골길 24,,,2022-01-01
전라북도,정읍시,시우농장,닭,육계,90000.0,전라북도 정읍시 고부면 영주로,,,2022-01-01
전라북도,정읍시,신답농장,오리,육용오리,10000.0,전라북도 정읍시 입암면 접지리 1188-2,,,2022-01-01
전라북도,정읍시,신원농장,닭,토종닭,70000.0,전라북도 정읍시 북면 마정리 1978-4,,,2022-01-01
전라북도,정읍시,신태인농장,닭,육계,58000.0,전라북도 정읍시 신태인읍,,,2022-01-01
전라북도,정읍시,신흥양계장,닭,육계,42000.0,전라북도 정읍시 북면 태곡리 726-1,,,2022-01-01
전라북도,정읍시,안성농장,닭,육계,45000.0,전라북도 정읍시 고부면 관청리 1297,,,2022-01-01
전라북도,정읍시,양계장농장,닭,토종닭,47000.0,전라북도 정읍시 북면 태곡리 685-3,,,2022-01-01
전라북도,정읍시,양지농장,닭,육계,85000.0,전라북도 정읍시 정우면 장순리 200-7,,,2022-01-01
전라북도,정읍시,에덴농장,닭,토종닭,75000.0,전라북도 정읍시 소성면 화룡리 551-1,,,2022-01-01
전라북도,정읍시,에이플농장,닭,토종닭,35000.0,전라북도 정읍시 이평면 장내리 577-4,,,2022-01-01
전라북도,정읍시,엘림타조농장,타조,,40.0,전라북도 정읍시 신태인읍 산전3길 3,,,2022-01-01
전라북도,정읍시,연월양계장,닭,토종닭,30000.0,전라북도 정읍시 입암면 연월리 100,,,2022-01-01
전라북도,정읍시,영성농장,닭,육계,70000.0,전라북도 정읍시 입암면 신면리 468-11,,,2022-01-01
전라북도,정읍시,영원농장,닭,육계,100000.0,전라북도 정읍시 태인면 고천리 758,,,2022-01-01
전라북도,정읍시,영원종계장,닭,종계,30000.0,전라북도 정읍시 영원명 앵성리 269-1,,,2022-01-01
전라북도,정읍시,영원축산,닭,토종닭,3000.0,전라북도 정읍시 영원면 앵성1길 16,,,2022-01-01
전라북도,정읍시,영춘농장,닭,육계,45000.0,전라북도 정읍시 신태인읍 백산리 832-1,,,2022-01-01
전라북도,정읍시,오복농장,닭,육계,62000.0,전라북도 정읍시 신태인읍 백산리 832-5,,,2022-01-01
전라북도,정읍시,요동농장,닭,종계,100000.0,전라북도 정읍시 북면,,,2022-01-01
전라북도,정읍시,요동농장,닭,산란중추,30000.0,전라북도 정읍시 정우면 장순리 13-7,,,2022-01-01
전라북도,정읍시,용소골양계장,닭,토종닭,45000.0,전라북도 정읍시 북면 복흥리 1162,,,2022-01-01
전라북도,정읍시,용흥오리,오리,육용오리,14000.0,전라북도 정읍시 고부면 용흥리 1121,,,2022-01-01
전라북도,정읍시,우리농장,닭,종계,42000.0,전라북도 정읍시 이평면 팔선리 307,,,2022-01-01
전라북도,정읍시,우일농장,오리,종오리,10000.0,전라북도 정읍시 정우면 정우남산길 56-111,,,2022-01-01
전라북도,정읍시,원아농장,닭,토종닭,65000.0,전라북도 정읍시 소성면 보화리 306-2,,,2022-01-01
전라북도,정읍시,원천농장,닭,육계,70000.0,전라북도 정읍시 입암면 지선리 123-2,,,2022-01-01
전라북도,정읍시,월천양계장,닭,토종닭,30000.0,전라북도 정읍시 북면 마정리 480-1,,,2022-01-01
전라북도,정읍시,유봉2농장,닭,육계,55000.0,전라북도 정읍시 태인면 고천리 316-3/ 315-2,,,2022-01-01
전라북도,정읍시,은선1농장,오리,육용오리,10000.0,전라북도 정읍시 영원면 영원로 960-24,,,2022-01-01
전라북도,정읍시,은선2농장,오리,육용오리,12000.0,전라북도 정읍시 영원면 영원로 960-24,,,2022-01-01
전라북도,정읍시,이수농장,닭,육계,66600.0,전라북도 정읍시 이평면 태평길 207-54,,,2022-01-01
전라북도,정읍시,이안농장,닭,육계,75000.0,전라북도 정읍시 소성면 기린리 463,,,2022-01-01
전라북도,정읍시,이안농장,닭,육계,100000.0,전라북도 정읍시 소성면 기린리 463,,,2022-01-01
전라북도,정읍시,임마누엘농장,닭,토종닭,94000.0,전라북도 정읍시 영원면,,,2022-01-01
전라북도,정읍시,임마뉴엘,오리,육용오리,14000.0,전라북도 정읍시 정우면,,,2022-01-01
전라북도,정읍시,임씨농장,오리,육용오리,10500.0,전라북도 정읍시 덕천면 하학리 556-7,,,2022-01-01
전라북도,정읍시,입암농장,닭,육계,13000.0,전라북도 정읍시 입암면 첨단과학로 30-24,,,2022-01-01
전라북도,정읍시,자연농장,닭,육계,100000.0,전라북도 정읍시 소성면 기린리 408,,,2022-01-01
전라북도,정읍시,자영농장,닭,토종닭,30000.0,전라북도 정읍시 고부면 덕안리 산39-6,,,2022-01-01
전라북도,정읍시,재남농장,오리,육용오리,8000.0,전라북도 정읍시 북면 마정리 451,,,2022-01-01
전라북도,정읍시,재업농장,닭,육계,86000.0,전라북도 정읍시 입암면 등천리 213-1,,,2022-01-01
전라북도,정읍시,재주농장,닭,육계,140000.0,전라북도 정읍시 이평면 창동리 697-3,,,2022-01-01
전라북도,정읍시,전원농장,닭,육계,70000.0,전라북도 정읍시 입암면 연월리 115,,,2022-01-01
전라북도,정읍시,정성농장,닭,육계,13000.0,전라북도 정읍시 고부면 용흥리 1058,,,2022-01-01
전라북도,정읍시,조안농장,닭,산란계,50000.0,전라북도 정읍시 이평면 창동리 629-3,,,2022-01-01
전라북도,정읍시,종암오리농장,오리,육용오리,5300.0,전라북도 정읍시 소성면 화룡리 216,,,2022-01-01
전라북도,정읍시,종태농장,닭,육계,35000.0,전라북도 정읍시 영원면 신영리 249,,,2022-01-01
전라북도,정읍시,주원농장,닭,육계,95000.0,전라북도 정읍시 이평면 산매리 137,,,2022-01-01
전라북도,정읍시,준서네농장,닭,토종닭,43000.0,전라북도 정읍시 태인면 증산리 221,,,2022-01-01
전라북도,정읍시,지성농장,닭,토종닭,35000.0,전라북도 정읍시 정우면 우산리 286-28,,,2022-01-01
전라북도,정읍시,진흥농장,닭,육계,16000.0,전라북도 정읍시 고부면 관청리 1278,,,2022-01-01
전라북도,정읍시,창민농장,닭,육계,63000.0,전라북도 정읍시 정우면 장순리 239-3,,,2022-01-01
전라북도,정읍시,창섭농장,닭,육계,60000.0,전라북도 정읍시 태인면 태남리 383,,,2022-01-01
전라북도,정읍시,청담농장,닭,육계,70000.0,전라북도 정읍시 고부면 입석리 726-3(구중길12-83),,,2022-01-01
전라북도,정읍시,청솔농장,닭,육계,40000.0,전라북도 정읍시 고부면 신중리 440-1,,,2022-01-01
전라북도,정읍시,청운농장,닭,육계,95000.0,전라북도 정읍시 소성면 용정리 35,,,2022-01-01
전라북도,정읍시,충환농장,닭,토종닭,40000.0,전라북도 정읍시 태인면 증산리 171,,,2022-01-01
전라북도,정읍시,태봉농장,오리,육용오리,7000.0,전라북도 정읍시 고부면 만수리 68-2,,,2022-01-01
전라북도,정읍시,태웅농장,닭,육계,15000.0,전라북도 정읍시 고부면 관청리 1295,,,2022-01-01
전라북도,정읍시,태인팜스,닭,육계,40000.0,전라북도 정읍시 태인면,,,2022-01-01
전라북도,정읍시,팔팔농장,닭,육계,75000.0,전라북도 정읍시 신태인읍 백산리 28,,,2022-01-01
전라북도,정읍시,풀꽃농장,닭,육계,58000.0,전라북도 정읍시 북면 마정리 448-3,,,2022-01-01
전라북도,정읍시,하증농장,닭,육계,45000.0,전라북도 정읍시 태인면,,,2022-01-01
전라북도,정읍시,학동농장,닭,육계,50000.0,전라북도 정읍시 북면 한교리 1120,,,2022-01-01
전라북도,정읍시,한교농장,닭,토종닭,25000.0,전라북도 정읍시 북면 한교리 1175,,,2022-01-01
전라북도,정읍시,한길타조농장,타조,,95.0,전라북도 정읍시 이평면 창동리 713-2,,,2022-01-01
전라북도,정읍시,한성농장,오리,육용오리,28000.0,전라북도 정읍시 고부면 입석리 산2,,,2022-01-01
전라북도,정읍시,한우리농장,오리,육용오리,18000.0,전라북도 정읍시 정우면 대사리 1574,,,2022-01-01
전라북도,정읍시,한울축산,닭,토종닭,52000.0,전라북도 정읍시 북면 한교리 492,,,2022-01-01
전라북도,정읍시,해성오리,오리,육용오리,35000.0,전라북도 정읍시 입암면 단곡리 1360-2,,,2022-01-01
전라북도,정읍시,행복한닭농장,닭,토종닭,36000.0,전라북도 정읍시 북면 복흥리 411-8,,,2022-01-01
전라북도,정읍시,헵시바농장,닭,육계,70800.0,전라북도 정읍시 태인면 태서리 1409-2,,,2022-01-01
전라북도,정읍시,현택농산,오리,육용오리,15900.0,전라북도 정읍시 이평면 창동리 713-6,,,2022-01-01
전라북도,정읍시,형동농장,닭,육계,80000.0,전라북도 정읍시 태인면 박산리 619,,,2022-01-01
전라북도,정읍시,황금농장,닭,육계,50000.0,전라북도 정읍시 고부면 신흥리 1089,,,2022-01-01
전라북도,정읍시,희망농장,닭,육계,52000.0,전라북도 정읍시 고부면 백운리 1131-7,,,2022-01-01
충청남도,아산시,감나무집,닭,육계,50.0,충청남도 아산시 탕정면 용두리 15-1,,,2025-05-01
충청남도,아산시,거해농장,닭,육계,75000.0,충청남도 아산시 신창면 가덕리 1015,,,2025-05-01
충청남도,아산시,건강마을,닭,종계/산란계,9000.0,충청남도 아산시 둔포면 봉재리 159-14,,,2025-05-01
충청남도,아산시,고령농장,닭,육계,14338.0,충청남도 아산시 영인면 신봉리 95-12,,,2025-05-01
충청남도,아산시,곡부농장,닭,종계/산란계,8000.0,충청남도 아산시 둔포면 신양리 217,,,2025-05-01
충청남도,아산시,그린농장,닭,종계/산란계,4000.0,충청남도 아산시 음봉면 산정리 204-2 외 1필지(204-3),,,2025-05-01
충청남도,아산시,근해농장,닭,종계/산란계,9500.0,충청남도 아산시 음봉면 원남리 313-1,,,2025-05-01
충청남도,아산시,금강농장,닭,종계/산란계,21400.0,충청남도 아산시 음봉면 원남리 15-5,,,2025-05-01
충청남도,아산시,금미농장,닭,육계,14903.0,충청남도 아산시 둔포면 산전리 244-1 외 1필지(244-5),,,2025-05-01
충청남도,아산시,금반농원,오리,,8000.0,충청남도 아산시 신창면 행목리 429-3,,,2025-05-01
충청남도,아산시,금산농장,닭,종계/산란계,34000.0,충청남도 아산시 영인면 신운리 128,,,2025-05-01
충청남도,아산시,기림농장,닭,육계,50000.0,충청남도 아산시 배방읍 북수리 528-2,,,2025-05-01
충청남도,아산시,남성농장,닭,육계,14715.0,충청남도 아산시 신창면 남성리 561-1 외 1필지(562),,,2025-05-01
충청남도,아산시,농업회사법인 다온앤팜,닭,종계/산란계,35000.0,충청남도 아산시 음봉면 쌍암리 147-7,,,2025-05-01
충청남도,아산시,농업회사법인 에이치비(주)예산농장,메추리,,320000.0,충청남도 아산시 도고면 효자리 13-1,,,2025-05-01
충청남도,아산시,농업회사법인 주식회사 뉴코리아,닭,육계,23000.0,충청남도 아산시 도고면 화천리 143-21,,,2025-05-01
충청남도,아산시,농업회사법인주식회사 골드마운틴,닭,종계/산란계,18000.0,충청남도 아산시 영인면 신봉리 527,,,2025-05-01
충청남도,아산시,농업회사법인주식회사계림농장,닭,종계/산란계,120000.0,충청남도 아산시 신창면 읍내리 39-3,,,2025-05-01
충청남도,아산시,대박농장,닭,육계,27000.0,충청남도 아산시 신창면 황산리 342-15,,,2025-05-01
충청남도,아산시,대한농장,닭,종계/산란계,150336.0,충청남도 아산시 둔포면 염작리 289-17,,,2025-05-01
충청남도,아산시,덕산농장,닭,육계,50000.0,충청남도 아산시 배방읍 세출리 105-1,,,2025-05-01
충청남도,아산시,도고농장,닭,육계,70000.0,충청남도 아산시 도고면 금산리 69-3,,,2025-05-01
충청남도,아산시,동준농장,닭,종계/산란계,8000.0,충청남도 아산시 인주면 해암리 11-9,,,2025-05-01
충청남도,아산시,디와이팜,닭,종계/산란계,470000.0,충청남도 아산시 신창면 오목리 143-24,,,2025-05-01
충청남도,아산시,명막골농장,닭,종계/산란계,25000.0,충청남도 아산시 배방읍 수철리 60-2,,,2025-05-01
충청남도,아산시,배미농장,닭,육계,30000.0,충청남도 아산시 신창면 남성리 69-6,,,2025-05-01
충청남도,아산시,백운농장,오리,,31980.0,충청남도 아산시 둔포면 신남리 681-10 외 2(681-11/ 678-2),,,2025-05-01
충청남도,아산시,보광농원,닭,종계/산란계,0.0,충청남도 아산시 신창면 궁화리 145,,,2025-05-01
충청남도,아산시,보리원농장,닭,종계/산란계,18000.0,충청남도 아산시 인주면 모원리 189-외 3필지(189-1/190/190-1),,,2025-05-01
충청남도,아산시,부활농장,닭,종계/산란계,50000.0,충청남도 아산시 음봉면 산동리 578,,,2025-05-01
충청남도,아산시,부활농장,닭,종계/산란계,20000.0,충청남도 아산시 음봉면 산정리 27,,,2025-05-01
충청남도,아산시,산들농장,닭,육계,50000.0,충청남도 아산시 염치읍 산양리 584,,,2025-05-01
충청남도,아산시,산마루식당,닭,육계,30.0,충청남도 아산시 도고면 농은리 298,,,2025-05-01
충청남도,아산시,삼봉농장,닭,종계/산란계,30000.0,충청남도 아산시 도고면 화천리 45,,,2025-05-01
충청남도,아산시,삼진농장,닭,육계,50000.0,충청남도 아산시 인주면 도흥리 1-6,,,2025-05-01
충청남도,아산시,상미농장,닭,육계,50000.0,충청남도 아산시 도고면 금산리 69-6 외 1필지,,,2025-05-01
충청남도,아산시,상일농장,닭,육계,80000.0,충청남도 아산시 둔포면 염작리 125-1,,,2025-05-01
충청남도,아산시,서유농원,닭,종계/산란계,18000.0,충청남도 아산시 둔포면 관대리 65-3,,,2025-05-01
충청남도,아산시,성내가든,닭,육계,30.0,충청남도 아산시 영인면 성내리 459-5,,,2025-05-01
충청남도,아산시,성보농원,닭,종계/산란계,80000.0,충청남도 아산시 둔포면 염작리 292-2,,,2025-05-01
충청남도,아산시,성윤농원,닭,종계/산란계,20000.0,충청남도 아산시 신창면 가내리 380-1,,,2025-05-01
충청남도,아산시,수봉농원,닭,종계/산란계,50000.0,충청남도 아산시 음봉면 동천리 85-1,,,2025-05-01
충청남도,아산시,수장농장,닭,육계,30000.0,충청남도 아산시 신창면 수장리 275-11,,,2025-05-01
충청남도,아산시,수정농장,닭,종계/산란계,13000.0,충청남도 아산시 영인면 창용리 131-2 외 1필지(131-3),,,2025-05-01
충청남도,아산시,시우농장,닭,육계,153000.0,충청남도 아산시 음봉면 신정리 318-2,,,2025-05-01
충청남도,아산시,시전농장,닭,육계,38000.0,충청남도 아산시 도고면 금산리 산 28-1 도고면 금산리 69-2 69-1,,,2025-05-01
충청남도,아산시,신명축산,닭,육계,60000.0,충청남도 아산시 선장면 죽산리 121-3,,,2025-05-01
충청남도,아산시,신창농장,닭,종계/산란계,24000.0,충청남도 아산시 신창면 가내리 978,,,2025-05-01
충청남도,아산시,신창농장,닭,종계/산란계,48000.0,충청남도 아산시 신창면 궁화리 166-20,,,2025-05-01
충청남도,아산시,아산농장,닭,종계/산란계,30000.0,충청남도 아산시 영인면 창용리 105-9,,,2025-05-01
충청남도,아산시,아산이레농장,닭,육계,13764.0,충청남도 아산시 음봉면 쌍룡리 107-1,,,2025-05-01
충청남도,아산시,안골농원,닭,육계,60000.0,충청남도 아산시 영인면 성내리 287-6,,,2025-05-01
충청남도,아산시,알로찬농장,닭,육계,14000.0,충청남도 아산시 신창면 오목리 236-1,,,2025-05-01
충청남도,아산시,연호농장,닭,종계/산란계,6500.0,충청남도 아산시 둔포면 신양리 76-1,,,2025-05-01
충청남도,아산시,염치농장,닭,종계/산란계,25000.0,충청남도 아산시 염치읍 쌍죽리 89,,,2025-05-01
충청남도,아산시,영남축산,닭,육계,31000.0,충청남도 아산시 둔포면 염작리 56-13,,,2025-05-01
충청남도,아산시,영월농장,닭,육계,70000.0,충청남도 아산시 배방읍 북수리 472-4,,,2025-05-01
충청남도,아산시,우림농원,닭,종계/산란계,40000.0,충청남도 아산시 선장면 죽산리 103-5,,,2025-05-01
충청남도,아산시,원농장,닭,육계,300000.0,충청남도 아산시 신창면 남성리 693,,,2025-05-01
충청남도,아산시,유아농장,닭,육계,36000.0,충청남도 아산시 둔포면 산전리 36,,,2025-05-01
충청남도,아산시,융진농장,닭,육계,110000.0,충청남도 아산시 도고면 효자리 143-21외 2필지,,,2025-05-01
충청남도,아산시,으뜸목장,닭,종계/산란계,75000.0,충청남도 아산시 인주면 해암리 11-2,,,2025-05-01
충청남도,아산시,음봉양계장,닭,종계/산란계,18000.0,충청남도 아산시 음봉면 삼거리 183-5,,,2025-05-01
충청남도,아산시,인광농장,닭,육계,25000.0,충청남도 아산시 도고면 신통리 91-1,,,2025-05-01
충청남도,아산시,인해농원,닭,종계/산란계,15000.0,충청남도 아산시 영인면 창용리 39,,,2025-05-01
충청남도,아산시,인흥농장,닭,육계,80000.0,충청남도 아산시 둔포면 운교리 190,,,2025-05-01
충청남도,아산시,재연농장,닭,육계,60000.0,충청남도 아산시 염치읍 중방리 95-10,,,2025-05-01
충청남도,아산시,제일농장,닭,육계,36000.0,충청남도 아산시 음봉면 신정리 11-1,,,2025-05-01
충청남도,아산시,진수농장,닭,육계,500.0,충청남도 아산시 선장면 죽산리 331-1,,,2025-05-01
충청남도,아산시,창원농장,닭,육계,25000.0,충청남도 아산시 둔포면 신양리 218-1,,,2025-05-01
충청남도,아산시,창의농장,닭,육계,80000.0,충청남도 아산시 도고면 시전리 350-1,,,2025-05-01
충청남도,아산시,청송농원,닭,육계,40000.0,충청남도 아산시 배미동 185-1,,,2025-05-01
충청남도,아산시,초록농장,닭,종계/산란계,200.0,충청남도 아산시 선장면 군덕리 459-7,,,2025-05-01
충청남도,아산시,초원농원,닭,종계/산란계,67720.0,충청남도 아산시 음봉면 산정리 223,,,2025-05-01
충청남도,아산시,초원충남사료 영농조합법인(아산지소),닭,종계/산란계,15000.0,충청남도 아산시 둔포면 신양리 255-2,,,2025-05-01
충청남도,아산시,칠목농장,닭,육계,45000.0,충청남도 아산시 신창면 행목리 311-1 외 7필지(98/98-1/101/310/311/311-2/311-9),,,2025-05-01
충청남도,아산시,통일청란,닭,종계/산란계,12700.0,충청남도 아산시 둔포면 산전리 390-8,,,2025-05-01
충청남도,아산시,평택농장,닭,육계,23680.0,충청남도 아산시 둔포면 신양리 305-15,,,2025-05-01
충청남도,아산시,푸른초원농원,닭,종계/산란계,21000.0,충청남도 아산시 음봉면 산정리 222-1,,,2025-05-01
충청남도,아산시,한미농장,닭,종계/산란계,42406.0,충청남도 아산시 음봉면 덕지리 26-4,,,2025-05-01
충청남도,아산시,한일농장,닭,육계,24480.0,충청남도 아산시 도고면 신통리 95-1,,,2025-05-01
충청남도,아산시,향원농장,닭,육계,50000.0,충청남도 아산시 신창면 남성리 675-1,,,2025-05-01
충청남도,아산시,현광1농장,닭,육계,20000.0,충청남도 아산시 초사동 261-1,,,2025-05-01
충청남도,아산시,현광2농장,닭,육계,45000.0,충청남도 아산시 장존동 산38-35,,,2025-05-01
충청남도,아산시,현대농장,닭,육계,30000.0,충청남도 아산시 음봉면 신정리 11-1,,,2025-05-01
충청남도,아산시,현민농장,닭,육계,55000.0,충청남도 아산시 신창면 가덕리 44-1,,,2025-05-01
충청남도,아산시,협진농장,닭,육계,40000.0,충청남도 아산시 음봉면 원남리 180-3,,,2025-05-01
충청남도,아산시,호반 토종닭,닭,육계,50.0,충청남도 아산시 염치읍 동정리 33,,,2025-05-01
충청남도,아산시,희망농장,닭,종계/산란계,30000.0,충청남도 아산시 둔포면 산전리 364-1,,,2025-05-01
충청남도,천안시,가나안농장,닭,종계/산란계,20000.0,충청남도 천안시 동남구 풍세면 보성리 ***번지,,,2025-11-28
충청남도,천안시,가덕농장,닭,육계,60192.0,충청남도 천안시 동남구 풍세면 가송리 ***번지 *호,,,2025-11-28
충청남도,천안시,가송농장,닭,육계,33000.0,충청남도 천안시 동남구 풍세면 가송리 ***번지,,,2025-11-28
충청남도,천안시,가송농장,닭,육계,39246.0,충청남도 천안시 동남구 풍세면 풍서리 ***번지 *호,,,2025-11-28
충청남도,천안시,가온팜 농업회사법인(주),닭,종계/산란계,145600.0,충청남도 천안시 서북구 성환읍 양령리 ***번지 *호,,,2025-11-28
충청남도,천안시,갈뫼정,닭,육계,1000.0,충청남도 천안시 동남구 목천읍 교천리 ***번지 외*필지(***-*),,,2025-11-28
충청남도,천안시,개운농장,닭,종계/산란계,4800.0,충청남도 천안시 동남구 북면 명덕리 ***번지 *호 ***번지,,,2025-11-28
충청남도,천안시,거기농장,닭,육계,2000.0,충청남도 천안시 동남구 성남면 석곡리 ***번지 *호,,,2025-11-28
충청남도,천안시,경인농장,닭,종계/산란계,160000.0,충청남도 천안시 동남구 병천면 도원리 ***번지 *호,,,2025-11-28
충청남도,천안시,경치농장,닭,육계,57000.0,충청남도 천안시 동남구 풍세면 보성리 ***번지 *호 외 *필지(산*-*),,,2025-11-28
충청남도,천안시,경희농장,닭,육계,26800.0,"충청남도 천안시 동남구 성남면 대흥리 ***번지 *호 외 *필지(***, ***-*)",,,2025-11-28
충청남도,천안시,계봉농장,닭,종계/산란계,30000.0,충청남도 천안시 동남구 수신면 발산리 ***번지 *호 외 *필지,,,2025-11-28
충청남도,천안시,구성농장,닭,종계/산란계,18624.0,"충청남도 천안시 동남구 풍세면 용정리 ***번지 *호 외 *(***-*,**)",,,2025-11-28
충청남도,천안시,금버들축산,닭,육계,52800.0,"충청남도 천안시 동남구 병천면 봉항리 ***번지 *호 외 *필지(***-*, ***-*)",,,2025-11-28
충청남도,천안시,금잔디농원,닭,육계,36720.0,충청남도 천안시 동남구 병천면 병천리 ***번지 ***호,,,2025-11-28
충청남도,천안시,꼬꼬팜농장,닭,종계/산란계,77760.0,충청남도 천안시 서북구 입장면 가산리 *번지 *호 외 *,,,2025-11-28
충청남도,천안시,농업회사법인 조인팜스(주) 천안성환지점,닭,종계/산란계,400000.0,충청남도 천안시 서북구 성환읍 신가리 ***번지 *호 외*필지(***-*),,,2025-11-28
충청남도,천안시,농업회사법인 주식회사 케이씨팜 성환농장,닭,종계/산란계,276480.0,충청남도 천안시 서북구 성환읍 양령리 ***번지 *호,,,2025-11-28
충청남도,천안시,농업회사법인양지팜(유),닭,종계/산란계,748224.0,충청남도 천안시 서북구 성환읍 신가리 ***번지 *호,,,2025-11-28
충청남도,천안시,농업회사법인주식회사다알,닭,종계/산란계,168480.0,충청남도 천안시 서북구 성환읍 왕림리 ***번지 *호,,,2025-11-28
충청남도,천안시,능골농장,닭,종계/산란계,30000.0,충청남도 천안시 동남구 성남면 대흥리 ***번지 *호,,,2025-11-28
충청남도,천안시,다미농장,닭,종계/산란계,22377.0,충청남도 천안시 동남구 성남면 대흥리 **번지 외 *(**-*),,,2025-11-28
충청남도,천안시,다온농장,닭,육계,146600.0,"충청남도 천안시 서북구 입장면 연곡리 ***번지 *호 외 *필지(***-*, ***-*)",,,2025-11-28
충청남도,천안시,다원농장,닭,육계,86500.0,"충청남도 천안시 동남구 목천읍 운전리 **번지 *호 , **-*",,,2025-11-28
충청남도,천안시,대경농장,닭,육계,46000.0,충청남도 천안시 동남구 풍세면 보성리 **번지 *호 외 *필지(**-*),,,2025-11-28
충청남도,천안시,대운2농장,닭,육계,82000.0,"충청남도 천안시 동남구 풍세면 보성리 ***번지 외 *필지(***, ***, ***)",,,2025-11-28
충청남도,천안시,대진농장,오리,,8498.0,충청남도 천안시 동남구 병천면 매성리 ***번지 ***,,,2025-11-28
충청남도,천안시,대풍농장,닭,종계/산란계,50000.0,"충청남도 천안시 동남구 성남면 대흥리 ***번지 *호 외 *필지(***-*, ***-*, ***-*)",,,2025-11-28
충청남도,천안시,대한농장,닭,육계,30000.0,충청남도 천안시 동남구 성남면 대흥리 ***번지 *호,,,2025-11-28
충청남도,천안시,대현농장,오리,,19560.0,충청남도 천안시 동남구 병천면 매성리 **번지 외 *필지,,,2025-11-28
충청남도,천안시,대흥농장,닭,종계/산란계,19800.0,충청남도 천안시 동남구 풍세면 용정리 **번지 *호,,,2025-11-28
충청남도,천안시,덕성농장,오리,,11000.0,충청남도 천안시 동남구 병천면 도원리 ***번지 **호 외*필지,,,2025-11-28
충청남도,천안시,도원양계,닭,종계/산란계,110208.0,"충청남도 천안시 동남구 병천면 도원리 ***번지 외 *필지(***-*, ***-*)",,,2025-11-28
충청남도,천안시,독립농장,닭,종계/산란계,35000.0,충청남도 천안시 동남구 병천면 병천리 ***번지 *호,,,2025-11-28
충청남도,천안시,동행축산,닭,육계,75000.0,"충청남도 천안시 동남구 풍세면 풍서리 ***번지 외 *필지(***, ***)",,,2025-11-28
충청남도,천안시,두성오리농장,오리,,17577.0,"충청남도 천안시 동남구 성남면 대흥리 **번지 *호 외 *필지(**-*,**-*,**-*)",,,2025-11-28
충청남도,천안시,라파농장,닭,종계/산란계,172800.0,충청남도 천안시 서북구 성환읍 도하리 ***번지 *호,,,2025-11-28
충청남도,천안시,로하농장,닭,종계/산란계,36675.0,충청남도 천안시 동남구 병천면 도원리 ***번지 *호 외 ***-*,,,2025-11-28
충청남도,천안시,명섭농장,오리,,16400.0,충청남도 천안시 동남구 병천면 봉항리 ***번지 *호 외 *필지(***-*),,,2025-11-28
충청남도,천안시,명섭농장(2),오리,,4800.0,충청남도 천안시 동남구 병천면 관성리 ***번지 **호,,,2025-11-28
충청남도,천안시,모산농장,오리,,15000.0,충청남도 천안시 동남구 동면 동산리 *번지 *호 외*필지,,,2025-11-28
충청남도,천안시,목골농장,닭,종계/산란계,9880.0,충청남도 천안시 동남구 성남면 석곡리 **번지 *호,,,2025-11-28
충청남도,천안시,목천농장,메추리,,70000.0,"충청남도 천안시 동남구 성남면 용원리 **번지 *호 외 *필지(**-*, **-*)",,,2025-11-28
충청남도,천안시,문화농장,닭,육계,100000.0,충청남도 천안시 동남구 성남면 석곡리 **번지 **호 외 *필지(**-**),,,2025-11-28
충청남도,천안시,백운농장(1),닭,육계,160.0,충청남도 천안시 동남구 목천읍 운전리 **번지 *호,,,2025-11-28
충청남도,천안시,번영농장,닭,육계,125873.0,충청남도 천안시 서북구 성환읍 성환리 **번지 **호 외*필지,,,2025-11-28
충청남도,천안시,복농장,닭,육계,45000.0,"충청남도 천안시 동남구 성남면 신덕리 **번지 *호 외 *필지(**-*, **-*)",,,2025-11-28
충청남도,천안시,불당농장,닭,육계,2000.0,충청남도 천안시 서북구 불당동 ***번지 *호,,,2025-11-28
충청남도,천안시,산내들농축,닭,종계/산란계,55000.0,충청남도 천안시 동남구 수신면 장산리 ***번지,,,2025-11-28
충청남도,천안시,삼보농장,닭,종계/산란계,197280.0,충청남도 천안시 동남구 풍세면 가송리 ***번지,,,2025-11-28
충청남도,천안시,삼봉농장,닭,육계,87000.0,충청남도 천안시 동남구 성남면 대흥리 **번지 *호,,,2025-11-28
충청남도,천안시,상만농장,닭,육계,38000.0,충청남도 천안시 동남구 광덕면 보산원리 ***번지 *호,,,2025-11-28
충청남도,천안시,상봉1농장,닭,종계/산란계,3500.0,충청남도 천안시 동남구 동면 죽계리 ***번지,,,2025-11-28
충청남도,천안시,상봉2농장,닭,종계/산란계,1500.0,충청남도 천안시 동남구 동면 덕성리 ***번지,,,2025-11-28
충청남도,천안시,새터농장,닭,육계,160000.0,"충청남도 천안시 동남구 성남면 대흥리 *번지 *호 *-*, *-*",,,2025-11-28
충청남도,천안시,석곡농장,오리,,24878.0,충청남도 천안시 동남구 성남면 대흥리 **번지 *호,,,2025-11-28
충청남도,천안시,석수농장,닭,육계,30000.0,충청남도 천안시 동남구 성남면 봉양리 ***번지 *호,,,2025-11-28
충청남도,천안시,성남농장,닭,종계/산란계,187000.0,"충청남도 천안시 동남구 성남면 봉양리 ***번지 외*필지(***-*,***-*,***-*,***)",,,2025-11-28
충청남도,천안시,성록농장,닭,육계,19826.0,충청남도 천안시 동남구 성남면 신덕리 ***번지 외*필지(***),,,2025-11-28
충청남도,천안시,성록농장,닭,육계,72000.0,충청남도 천안시 동남구 성남면 신덕리 ***번지,,,2025-11-28
충청남도,천안시,성현농장,닭,종계/산란계,70000.0,충청남도 천안시 동남구 풍세면 보성리 **번지 *호,,,2025-11-28
충청남도,천안시,성환농장,닭,종계/산란계,21427.0,충청남도 천안시 서북구 성환읍 양령리 ***번지 *호,,,2025-11-28
충청남도,천안시,성환축산,닭,육계,75000.0,충청남도 천안시 서북구 성환읍 신가리 ***번지 *호,,,2025-11-28
충청남도,천안시,세명농장,닭,종계/산란계,16789.0,충청남도 천안시 동남구 성남면 봉양리 ***번지 *호,,,2025-11-28
충청남도,천안시,세성농장,닭,육계,50000.0,충청남도 천안시 동남구 성남면 화성리 ***번지,,,2025-11-28
충청남도,천안시,세연농장,닭,육계,45000.0,충청남도 천안시 동남구 동면 화덕리 ***번지,,,2025-11-28
충청남도,천안시,소망농장,닭,종계/산란계,82000.0,충청남도 천안시 동남구 풍세면 용정리 ***번지 *호,,,2025-11-28
충청남도,천안시,소사농장,닭,종계/산란계,214076.0,충청남도 천안시 동남구 목천읍 소사리 ***번지,,,2025-11-28
충청남도,천안시,수호농장,닭,종계/산란계,36064.0,"충청남도 천안시 동남구 풍세면 가송리 ***번지 *호 외 *(***, ***-*)",,,2025-11-28
충청남도,천안시,시골축산,닭,종계/산란계,73440.0,충청남도 천안시 동남구 성남면 대흥리 ***번지,,,2025-11-28
충청남도,천안시,아빠사랑팜,닭,종계/산란계,6480.0,충청남도 천안시 동남구 목천읍 소사리 **번지,,,2025-11-28
충청남도,천안시,아우내농장,오리,,12341.0,"충청남도 천안시 동남구 병천면 도원리 ***번지 외*필지(***-*,***)",,,2025-11-28
충청남도,천안시,알로큰농장,닭,종계/산란계,7128.0,충청남도 천안시 동남구 북면 연춘리 ***번지 *호,,,2025-11-28
충청남도,천안시,애그빌농장,닭,종계/산란계,0.0,"충청남도 천안시 동남구 풍세면 가송리 ***번지 *호 ***,***-*",,,2025-11-28
충청남도,천안시,애플축산,닭,종계/산란계,13000.0,충청남도 천안시 서북구 성환읍 도하리 ***번지 *호,,,2025-11-28
충청남도,천안시,양지농장,닭,육계,54560.0,"충청남도 천안시 동남구 수신면 신풍리 ***번지 외 *(***, ***)",,,2025-11-28
충청남도,천안시,양천2농장,메추리,,200000.0,충청남도 천안시 동남구 성남면 용원리 **번지 *호,,,2025-11-28
충청남도,천안시,에그머니농장,닭,종계/산란계,9360.0,충청남도 천안시 동남구 성남면 신덕리 ***번지 외 *필지(***),,,2025-11-28
충청남도,천안시,연수농장,닭,육계,66013.0,"충청남도 천안시 서북구 성환읍 신방리 **번지 외 *필지(**-*,**-*)",,,2025-11-28
충청남도,천안시,연암대학교,닭,종계/산란계,33249.0,충청남도 천안시 서북구 성환읍 수향리 **번지 *호 외 **필지,,,2025-11-28
충청남도,천안시,영광농장,닭,종계/산란계,68800.0,충청남도 천안시 동남구 수신면 장산리 ***번지,,,2025-11-28
충청남도,천안시,영광농장,닭,종계/산란계,9963.0,"충청남도 천안시 동남구 성남면 신사리 **번지 *호 외 *필지(**, **, **-*, **-*)",,,2025-11-28
충청남도,천안시,영창농장,닭,종계/산란계,151200.0,충청남도 천안시 동남구 풍세면 가송리 ***번지,,,2025-11-28
충청남도,천안시,영풍농장,닭,육계,80000.0,충청남도 천안시 동남구 광덕면 대평리 ***번지 *호,,,2025-11-28
충청남도,천안시,예천농장,닭,육계,34955.0,"충청남도 천안시 동남구 성남면 용원리 ***번지 *호 외 *필지(***, ***, ***)",,,2025-11-28
충청남도,천안시,오성농장,닭,종계/산란계,58240.0,충청남도 천안시 동남구 풍세면 가송리 ***번지 *호,,,2025-11-28
충청남도,천안시,요셉농장,닭,종계/산란계,59136.0,충청남도 천안시 동남구 풍세면 용정리 ***번지 *호,,,2025-11-28
충청남도,천안시,우민양계,닭,종계/산란계,65000.0,"충청남도 천안시 동남구 병천면 용두리 ***번지 *호 외 *필지(***-*,***-*,***-*)",,,2025-11-28
충청남도,천안시,운암농장,닭,종계/산란계,37000.0,"충청남도 천안시 동남구 병천면 관성리 ***번지 *호 ***, ***, ***-*",,,2025-11-28
충청남도,천안시,유니농장,닭,종계/산란계,43000.0,충청남도 천안시 동남구 풍세면 용정리 ***번지 **호 외 용정리 ***-**,,,2025-11-28
충청남도,천안시,유정농장(2),닭,종계/산란계,14.0,충청남도 천안시 동남구 북면 은지리 *번지 *호,,,2025-11-28
충청남도,천안시,으뜸농장,닭,종계/산란계,100000.0,충청남도 천안시 서북구 직산읍 수헐리 **번지 *호,,,2025-11-28
충청남도,천안시,은하농장,닭,산란중추,135438.0,충청남도 천안시 동남구 성남면 봉양리 ***번지 *호 외 *필지(***-*),,,2025-11-28
충청남도,천안시,이든농장,닭,종계/산란계,4320.0,충청남도 천안시 동남구 성남면 봉양리 ***번지 이든농장,,,2025-11-28
충청남도,천안시,이레농장,닭,종계/산란계,94600.0,충청남도 천안시 서북구 성환읍 도하리 ***번지 *호,,,2025-11-28
충청남도,천안시,인촌농장,닭,육계,47916.0,충청남도 천안시 동남구 병천면 관성리 ***번지 *호,,,2025-11-28
충청남도,천안시,일웅농장,닭,육계,60000.0,충청남도 천안시 동남구 풍세면 남관리 ***번지 외 *필지(***),,,2025-11-28
충청남도,천안시,자연농장,닭,육계,43000.0,"충청남도 천안시 동남구 성남면 화성리 **번지 *호 외 *필지(**-**,**-**,**-**)",,,2025-11-28
충청남도,천안시,자연알로(광덕),닭,종계/산란계,70578.0,"충청남도 천안시 동남구 광덕면 매당리 **번지 *호 외 *필지(**-*, **-**, **-**)",,,2025-11-28
충청남도,천안시,자연알로(성남),닭,종계/산란계,14625.0,충청남도 천안시 동남구 성남면 봉양리 ***번지 *호,,,2025-11-28
충청남도,천안시,자연알로(수신),닭,종계/산란계,22824.0,"충청남도 천안시 동남구 수신면 백자리 **번지 *호 , **, **-* 번지",,,2025-11-28
충청남도,천안시,장자농장,닭,육계,30000.0,충청남도 천안시 동남구 동면 화덕리 ***번지 *호,,,2025-11-28
충청남도,천안시,정필농장,닭,육계,176465.0,"충청남도 천안시 서북구 성환읍 성환리 **번지 **호 외 *(**-*,**,**)",,,2025-11-28
충청남도,천안시,주현2농장,닭,종계/산란계,129000.0,충청남도 천안시 동남구 풍세면 보성리 **번지 *호,,,2025-11-28
충청남도,천안시,주현3농장,닭,종계/산란계,40000.0,충청남도 천안시 동남구 풍세면 보성리 **번지 *호,,,2025-11-28
충청남도,천안시,직산농장,닭,종계/산란계,48000.0,충청남도 천안시 서북구 직산읍 마정리 산 **번지 *호,,,2025-11-28
충청남도,천안시,진솔농장,닭,종계/산란계,18800.0,"충청남도 천안시 동남구 수신면 장산리 ***번지 *호 외 *필지(***, ***-*, 산**-*)",,,2025-11-28
충청남도,천안시,진우농장,닭,종계/산란계,35000.0,충청남도 천안시 동남구 풍세면 가송리 ***번지,,,2025-11-28
충청남도,천안시,진우농장,오리,,20280.0,"충청남도 천안시 동남구 동면 장송리 **번지 *호 외 *필지(**-*,**-*,**-*)",,,2025-11-28
충청남도,천안시,진원농장,닭,종계/산란계,53000.0,충청남도 천안시 서북구 성환읍 와룡리 ***번지 *호,,,2025-11-28
충청남도,천안시,진원농장,닭,종계/산란계,23432.0,"충청남도 천안시 동남구 병천면 도원리 ***번지 외 *필지(***-*, ***-*, ***-*, ***, ***-*, ***-*)",,,2025-11-28
충청남도,천안시,천안메추리농장,메추리,,100000.0,충청남도 천안시 동남구 성남면 대정리 ***번지 *호,,,2025-11-28
충청남도,천안시,천안오골계농장,닭,육계,35000.0,충청남도 천안시 동남구 목천읍 석천리 ***번지 천안오골계농장,,,2025-11-28
충청남도,천안시,천안제일고 제2농장,닭,종계/산란계,3960.0,충청남도 천안시 동남구 수신면 장산리 산 **번지 *호,,,2025-11-28
충청남도,천안시,청운농장,닭,종계/산란계,100800.0,충청남도 천안시 동남구 풍세면 용정리 ***번지 **호,,,2025-11-28
충청남도,천안시,케이앤피에그팜,닭,종계/산란계,120000.0,충청남도 천안시 동남구 동면 행암리 ***번지 외 *필지,,,2025-11-28
충청남도,천안시,키움축산,닭,육계,110000.0,충청남도 천안시 서북구 성환읍 양령리 ***번지 *호,,,2025-11-28
충청남도,천안시,태림농장,닭,육계,21000.0,충청남도 천안시 동남구 동면 수남리 ***번지 *호,,,2025-11-28
충청남도,천안시,텃골영농조합법인,닭,종계/산란계,245012.0,"충청남도 천안시 서북구 입장면 호당리 *번지 *통 *-*, *번지",,,2025-11-28
충청남도,천안시,토종꼬꼬1농장,닭,종계/산란계,10000.0,충청남도 천안시 동남구 풍세면 삼태리 ***번지 *호,,,2025-11-28
충청남도,천안시,퍼펙트농장,닭,육계,89320.0,충청남도 천안시 동남구 동면 수남리 ***번지 *호,,,2025-11-28
충청남도,천안시,풍년농장,닭,종계/산란계,45056.0,충청남도 천안시 동남구 병천면 관성리 ***번지 *호 외 *필지(***-**),,,2025-11-28
충청남도,천안시,풍세메추리농장,메추리,,80000.0,충청남도 천안시 동남구 풍세면 삼태리 **번지,,,2025-11-28
충청남도,천안시,프리팜스,닭,종계/산란계,27027.0,충청남도 천안시 서북구 직산읍 석곡리 **번지 *호,,,2025-11-28
충청남도,천안시,피덕농장,닭,육계,58000.0,충청남도 천안시 동남구 광덕면 대평리 ***번지 *통,,,2025-11-28
충청남도,천안시,하마농장,닭,종계/산란계,38902.0,"충청남도 천안시 동남구 풍세면 가송리 ***번지 외*(***-*,***-*,*,*,***-*)",,,2025-11-28
충청남도,천안시,한빛농장,닭,종계/산란계,360000.0,"충청남도 천안시 서북구 입장면 가산리 *번지 *호 *-*, *-*, **-**",,,2025-11-28
충청남도,천안시,한성농장,닭,종계/산란계,21000.0,충청남도 천안시 동남구 풍세면 용정리 ***번지 *호,,,2025-11-28
충청남도,천안시,한오리농장,오리,,12000.0,충청남도 천안시 동남구 동면 덕성리 ***번지 *호,,,2025-11-28
충청남도,천안시,한일농장,닭,종계/산란계,26000.0,충청남도 천안시 서북구 성환읍 양령리 **번지 *호,,,2025-11-28
충청남도,천안시,형제농장,닭,산란중추,86400.0,"충청남도 천안시 동남구 풍세면 풍서리 ***번지 *호 외*(***-*,*, ***-**,**,**)",,,2025-11-28
충청남도,천안시,호중농장,닭,종계/산란계,32000.0,충청남도 천안시 동남구 풍세면 용정리 ***번지 *호 외 *필지,,,2025-11-28
충청남도,천안시,화덕농장,닭,육계,58000.0,충청남도 천안시 동남구 동면 화덕리 **번지 *호 외 *필지,,,2025-11-28
충청남도,천안시,황금농장,닭,산란중추,73152.0,"충청남도 천안시 동남구 풍세면 보성리 ***번지 외 *필지(***, ***)",,,2025-11-28
충청남도,천안시,황금농장2,닭,종계/산란계,36000.0,충청남도 천안시 동남구 풍세면 보성리 ***번지,,,2025-11-28
충청남도,천안시,흥인농장,닭,종계/산란계,34944.0,충청남도 천안시 서북구 직산읍 판정리 ***번지 *호,,,2025-11-28
충청남도,천안시,희성농장,닭,종계/산란계,6000.0,충청남도 천안시 동남구 동면 죽계리 ***번지,,,2025-11-28
충청북도,음성군,-,닭,육계,55000.0,충청북도 음성군 소이면 중동리 371번지 2호,,,2021-01-31
충청북도,음성군,건영농장,오리,,12000.0,충청북도 음성군 맹동면 마산리 388번지 1호,,,2021-01-31
충청북도,음성군,기흥농장,닭,종계/산란계,21000.0,충청북도 음성군 생극면 송곡리 417번지 6호,,,2021-01-31
충청북도,음성군,낙원농장,오리,,7000.0,충청북도 음성군 대소면 수태리 125번지,,,2021-01-31
충청북도,음성군,농업회사법인 주식회사 에버그린(금왕지점),메추리,,1200000.0,충청북도 음성군 금왕읍 신평리 307번지 외 12필지,,,2021-01-31
충청북도,음성군,농업회사법인(주)동일농장 대소2지점,닭,종계/산란계,40000.0,충청북도 음성군 대소면 삼호리 394번지,,,2021-01-31
충청북도,음성군,농업회사법인주식회사 동일농장,닭,종계/산란계,41000.0,충청북도 음성군 대소면 삼호리 454번지,,,2021-01-31
충청북도,음성군,대길농장,닭,육계,100000.0,충청북도 음성군 맹동면 봉현리 681번지,,,2021-01-31
충청북도,음성군,대동농장,메추리,,40000.0,충청북도 음성군 소이면 금고리 527번지 1호,,,2021-01-31
충청북도,음성군,대박농장,닭,육계,45000.0,충청북도 음성군 맹동면 용촌리 69번지,,,2021-01-31
충청북도,음성군,대박제2농장,닭,육계,41000.0,충청북도 음성군 대소면 미곡리 401번지 1호 외1필지,,,2021-01-31
충청북도,음성군,두리농장,오리,,9000.0,충청북도 음성군 맹동면 신돈리 51번지 3호,,,2021-01-31
충청북도,음성군,류봉농장3,닭,육계,56000.0,충청북도 음성군 맹동면 봉현리 200번지 2호 외 1필지(200-1),,,2021-01-31
충청북도,음성군,만석농장,닭,종계/산란계,550.0,충청북도 음성군 원남면 보룡리 86번지,,,2021-01-31
충청북도,음성군,명성농장,오리,,17000.0,충청북도 음성군 맹동면 용촌리 604번지 1호,,,2021-01-31
충청북도,음성군,모란농장,오리,,5500.0,충청북도 음성군 삼성면 청용리 485번지,,,2021-01-31
충청북도,음성군,벧엘농장,닭,종계/산란계,5500.0,충청북도 음성군 생극면 임곡리 34번지 1호,,,2021-01-31
충청북도,음성군,복숭아농장,닭,육계,150.0,충청북도 음성군 음성읍 신천리 918번지,,,2021-01-31
충청북도,음성군,부광원,오리,,11900.0,"충청북도 음성군 맹동면 용촌리 200번지 5호 외 2필지(200-35, 200-39)",,,2021-01-31
충청북도,음성군,부윤2농장,오리,,15000.0,"충청북도 음성군 대소면 수태리 122번지 외 2필지(123, 124)",,,2021-01-31
충청북도,음성군,부윤농장,오리,,7000.0,충청북도 음성군 대소면 부윤리 산 73번지,,,2021-01-31
충청북도,음성군,삼용농장,오리,,12000.0,충청북도 음성군 원남면 삼용리 284번지,,,2021-01-31
충청북도,음성군,삼원농장 1,오리,,8800.0,충청북도 음성군 맹동면 마산리 464번지 외 1필지,,,2021-01-31
충청북도,음성군,상당농장,닭,육계,40000.0,충청북도 음성군 원남면 상당리 475번지 1호,,,2021-01-31
충청북도,음성군,상미양계장,닭,육계,50000.0,충청북도 음성군 원남면 마송리 76번지 2호,,,2021-01-31
충청북도,음성군,서원농장,닭,육계,80000.0,충청북도 음성군 금왕읍 호산리 925번지,,,2021-01-31
충청북도,음성군,석우농장,닭,종계/산란계,200000.0,충청북도 음성군 감곡면 상우리 3번지,,,2021-01-31
충청북도,음성군,수농장,오리,,12000.0,충청북도 음성군 대소면 삼정리 764번지 1호,,,2021-01-31
충청북도,음성군,아람농장,닭,육계,50000.0,충청북도 음성군 맹동면 봉현리 278번지,,,2021-01-31
충청북도,음성군,에덴농원,닭,육계,200.0,충청북도 음성군 금왕읍 오선리 390번지,,,2021-01-31
충청북도,음성군,열희농장,닭,육계,100000.0,충청북도 음성군 원남면 보천리 198번지,,,2021-01-31
충청북도,음성군,왕봉농장,오리,,5000.0,충청북도 음성군 맹동면 봉현리 193번지 5호,,,2021-01-31
충청북도,음성군,용원농장,닭,육계,70000.0,충청북도 음성군 맹동면 봉현리 353번지 외 3필지,,,2021-01-31
충청북도,음성군,우리농장,오리,,10500.0,충청북도 음성군 대소면 미곡리 374번지 3호,,,2021-01-31
충청북도,음성군,이레농장,닭,종계/산란계,8500.0,충청북도 음성군 생극면 임곡리 258번지 1호,,,2021-01-31
충청북도,음성군,일승오리농장,오리,,13000.0,충청북도 음성군 금왕읍 각회리 553번지,,,2021-01-31
충청북도,음성군,자연농장,닭,종계/산란계,15000.0,충청북도 음성군 생극면 임곡리 100번지 4호 외 1필지,,,2021-01-31
충청북도,음성군,장수농장,오리,,20000.0,충청북도 음성군 삼성면 천평리 355번지,,,2021-01-31
충청북도,음성군,중원농장,닭,육계,135000.0,충청북도 음성군 금왕읍 오선리 468번지 2호,,,2021-01-31
충청북도,음성군,진영농장,닭,종계/산란계,16000.0,충청북도 음성군 삼성면 상곡리 7번지 1호,,,2021-01-31
충청북도,음성군,진영농장,닭,종계/산란계,17000.0,충청북도 음성군 삼성면 상곡리 7번지 1호,,,2021-01-31
충청북도,음성군,짱구2농장,오리,,20000.0,충청북도 음성군 맹동면 봉현리 694번지,,,2021-01-31
충청북도,음성군,청해농장,오리,,7000.0,충청북도 음성군 삼성면 용대리 155번지,,,2021-01-31
충청북도,음성군,태호농장,오리,,15000.0,충청북도 음성군 맹동면 본성리 401번지 13호 외 2필지,,,2021-01-31
충청북도,음성군,태호농장 2,오리,,9500.0,충청북도 음성군 맹동면 본성리 402번지 2호 외 1필지,,,2021-01-31
충청북도,음성군,한가람농장,닭,육계,30000.0,충청북도 음성군 맹동면 용촌리 604번지,,,2021-01-31
충청북도,음성군,한국오리,오리,,12000.0,"충청북도 음성군 원남면 하노리 208번지 외2필지(208-1,213)",,,2021-01-31
충청북도,음성군,한마음농장,오리,,16000.0,충청북도 음성군 맹동면 마산리 산 21번지 10호,,,2021-01-31
충청북도,음성군,한삼농장,오리,,20000.0,충청북도 음성군 금왕읍 유포리 548번지,,,2021-01-31
충청북도,음성군,한솔제2농장,닭,종계/산란계,250000.0,충청북도 음성군 원남면 하노리 533번지 2호,,,2021-01-31
충청북도,음성군,한울,닭,육계,105000.0,충청북도 음성군 대소면 부윤리 238번지 외 5필지,,,2021-01-31
충청북도,음성군,해피그린농장,오리,,20000.0,충청북도 음성군 대소면 성본리 596번지 2호 외 3필지,,,2021-01-31
충청북도,음성군,형제농장,닭,육계,100000.0,충청북도 음성군 소이면 비산리 963번지,,,2021-01-31
충청북도,음성군,형제메추리농장,메추리,,70000.0,충청북도 음성군 원남면 덕정리 194번지,,,2021-01-31
충청북도,음성군,호영오리,오리,,10000.0,충청북도 음성군 대소면 수태리 153번지,,,2021-01-31
충청북도,음성군,개나리농장,닭,육계,60000.0,충청북도 음성군 금왕읍 내송리 301번지,,,2022-02-07
충청북도,음성군,건영농장 2,오리,,5000.0,충청북도 음성군 맹동면 마산리 425번지,,,2022-02-07
충청북도,음성군,골든팜,닭,육계,70000.0,충청북도 음성군 맹동면 용촌리 775번지,,,2022-02-07
충청북도,음성군,기쁨농장,닭,육계,40000.0,충청북도 음성군 금왕읍 봉곡리 141번지 1호,,,2022-02-07
충청북도,음성군,남율농장,닭,육계,50000.0,충청북도 음성군 소이면 문등리 196번지 외 2필지,,,2022-02-07
충청북도,음성군,농업회사법인 (주) 조하 삼성지점,닭,종계/산란계,255381.0,충청북도 음성군 삼성면 능산리 360번지 1호,,,2022-02-07
충청북도,음성군,농업회사법인 주식회사 에버그린(금왕지점),메추리,,1084800.0,충청북도 음성군 금왕읍 신평리 307번지 외 12필지,,,2022-02-07
충청북도,음성군,농업회사법인(주)동일농장 삼성지점,닭,종계/산란계,15000.0,충청북도 음성군 삼성면 대정리 562번지,,,2022-02-07
충청북도,음성군,농업회사법인(주)동일농장 생극지점,닭,종계/산란계,30200.0,충청북도 음성군 생극면 팔성리 520번지 1호,,,2022-02-07
충청북도,음성군,농업회사법인주식회사알부자,닭,종계/산란계,32000.0,충청북도 음성군 원남면 하노리 208번지 외2필지,,,2022-02-07
충청북도,음성군,대성농장,닭,육계,50000.0,충청북도 음성군 금왕읍 본대리 29번지,,,2022-02-07
충청북도,음성군,대성농장 2농장,닭,육계,70000.0,충청북도 음성군 맹동면 마산리 290번지,,,2022-02-07
충청북도,음성군,대진양계장,닭,육계,45000.0,충청북도 음성군 원남면 문암리 502번지,,,2022-02-07
충청북도,음성군,덕동오리농장,오리,,6500.0,충청북도 음성군 금왕읍 각회리 537번지,,,2022-02-07
충청북도,음성군,두재농장,오리,,18000.0,충청북도 음성군 삼성면 청용리 489번지 3호,,,2022-02-07
충청북도,음성군,류가네농장,오리,,7200.0,충청북도 음성군 맹동면 봉현리 300번지 2호,,,2022-02-07
충청북도,음성군,류봉농장,오리,,7000.0,충청북도 음성군 맹동면 봉현리 463번지 5호,,,2022-02-07
충청북도,음성군,류봉농장3,닭,육계,56000.0,충청북도 음성군 맹동면 봉현리 200번지 2호 외 1필지,,,2022-02-07
충청북도,음성군,매봉농장,오리,,20000.0,충청북도 음성군 금왕읍 본대리 산 7번지 4호,,,2022-02-07
충청북도,음성군,미곡농장,닭,육계,56000.0,충청북도 음성군 대소면 미곡리 402번지,,,2022-02-07
충청북도,음성군,민섭민준이네농장,닭,육계,55000.0,충청북도 음성군 맹동면 용촌리 604번지,,,2022-02-07
충청북도,음성군,민지농장,닭,육계,46000.0,충청북도 음성군 맹동면 봉현리 706번지 외 1필지,,,2022-02-07
충청북도,음성군,벧엘농장,닭,육계,50000.0,충청북도 음성군 삼성면 청용리 271번지,,,2022-02-07
충청북도,음성군,벧엘농장,닭,종계/산란계,27576.0,충청북도 음성군 생극면 임곡리 34번지 1호,,,2022-02-07
충청북도,음성군,보람농장,닭,육계,26000.0,충청북도 음성군 대소면 부윤리 248번지,,,2022-02-07
충청북도,음성군,부광원,오리,,11900.0,충청북도 음성군 맹동면 용촌리 200번지 5호 외 2필지,,,2022-02-07
충청북도,음성군,삼원농장,닭,종계/산란계,77000.0,충청북도 음성군 소이면 충도리 502번지,,,2022-02-07
충청북도,음성군,새봉암농장,오리,,9000.0,충청북도 음성군 맹동면 봉현리 504번지,,,2022-02-07
충청북도,음성군,서당골오리농장,오리,,24000.0,충청북도 음성군 맹동면 봉현리 471번지,,,2022-02-07
충청북도,음성군,석우농장,닭,산란중추,218016.0,충청북도 음성군 감곡면 상우리 3번지,,,2022-02-07
충청북도,음성군,성은농장,닭,육계,40000.0,충청북도 음성군 감곡면 상평리 520번지,,,2022-02-07
충청북도,음성군,세움팜스,닭,육계,130000.0,충청북도 음성군 대소면 수태리 125번지 외 8필지,,,2022-02-07
충청북도,음성군,솔그린농장,닭,육계,50000.0,충청북도 음성군 감곡면 문촌리 448번지 3호 외 4필지,,,2022-02-07
충청북도,음성군,신우농장,오리,,10000.0,충청북도 음성군 맹동면 봉현리 693번지,,,2022-02-07
충청북도,음성군,안골농장,닭,육계,85000.0,충청북도 음성군 삼성면 대정리 553번지 외 2필지,,,2022-02-07
충청북도,음성군,알부자제2농장,닭,종계/산란계,60000.0,충청북도 음성군 금왕읍 용계리 413번지,,,2022-02-07
충청북도,음성군,왕봉농장,닭,육계,20000.0,충청북도 음성군 맹동면 봉현리 193번지 5호,,,2022-02-07
충청북도,음성군,월연농장,닭,종계/산란계,350000.0,충청북도 음성군 생극면 임곡리 145번지,,,2022-02-07
충청북도,음성군,육일농장,닭,종계/산란계,50.0,충청북도 음성군 삼성면 양덕리 421번지,,,2022-02-07
충청북도,음성군,음성농장,닭,육계,12500.0,충청북도 음성군 원남면 하당리 462번지,,,2022-02-07
충청북도,음성군,음성농촌관광농원,닭,육계,6.0,충청북도 음성군 원남면 구안리 168번지,,,2022-02-07
충청북도,음성군,장군농장,오리,,10000.0,충청북도 음성군 대소면 수태리 153번지 154,,,2022-02-07
충청북도,음성군,정우농장 2,닭,육계,110000.0,충청북도 음성군 삼성면 대야리 428번지,,,2022-02-07
충청북도,음성군,준희농장,닭,육계,80000.0,충청북도 음성군 맹동면 봉현리 695번지,,,2022-02-07
충청북도,음성군,중부농장,오리,,10000.0,충청북도 음성군 맹동면 마산리 530번지 2호,,,2022-02-07
충청북도,음성군,진영농장,닭,종계/산란계,48600.0,충청북도 음성군 삼성면 상곡리 7번지 1호,,,2022-02-07
충청북도,음성군,파랑새농장,닭,육계,40000.0,충청북도 음성군 대소면 미곡리 122번지 외 1필지,,,2022-02-07
충청북도,음성군,한빛타조농장,타조,,53.0,충청북도 음성군 맹동면 봉현리 300번지 외 1필지(250번지),,,2022-02-07
충청북도,음성군,한서농장,닭,육계,40000.0,충청북도 음성군 금왕읍 호산리 11번지,,,2022-02-07
충청북도,음성군,한울,닭,육계,105000.0,충청북도 음성군 대소면 부윤리 260번지,,,2022-02-07
충청북도,음성군,현일농장,오리,,4000.0,충청북도 음성군 대소면 부윤리 330번지,,,2022-02-07
충청북도,음성군,형제농장,닭,육계,100000.0,충청북도 음성군 소이면 비산리 963번지 외 4필지,,,2022-02-07
충청북도,음성군,홍백농장,닭,육계,53000.0,충청북도 음성군 금왕읍 사창리 423번지 1호,,,2022-02-07
충청북도,음성군,황금농장,닭,육계,55000.0,충청북도 음성군 소이면 중동리 371번지 2호,,,2022-02-07
충청북도,음성군,가인농장,닭,육계,100000.0,충청북도 음성군 맹동면 봉현리 681번지,,,2024-08-24
충청북도,음성군,감곡벤처농장,오리,육용오리,13487.0,충청북도 음성군 감곡면 문촌리 983번지 4호,,,2024-08-24
충청북도,음성군,갑산농장,닭,육계,70000.0,충청북도 음성군 소이면 갑산리 264번지 1호 외 1필지(266번지),,,2024-08-24
충청북도,음성군,계구쟁이농장,닭,종계/산란계,108864.0,충청북도 음성군 삼성면 능산리 122번지  122-1,,,2024-08-24
충청북도,음성군,계구쟁이농장,닭,종계/산란계,108864.0,"충청북도 음성군 삼성면 능산리 122번지 ,122-1",,,2024-08-24
충청북도,음성군,국현농장,오리,,18000.0,충청북도 음성군 맹동면 봉현리 476번지,,,2024-08-24
충청북도,음성군,남율농장,닭,육계,72767.0,충청북도 음성군 소이면 문등리 196번지,,,2024-08-24
충청북도,음성군,농업회사법인 (주) 조하 삼성지점,닭,종계/산란계,,충청북도 음성군 삼성면 능산리 360번지 1호,,,2024-08-24
충청북도,음성군,농업회사법인(주)동일농장 생극지점,닭,종계/산란계,21000.0,충청북도 음성군 생극면 팔성리 520번지 1호,,,2024-08-24
충청북도,음성군,농업회사법인(주)조하,닭,종계/산란계,86175.0,충청북도 음성군 맹동면 봉현리 363번지 외 7필지,,,2024-08-24
충청북도,음성군,농업회사법인주식회사 동일농장,닭,종계/산란계,44000.0,충청북도 음성군 대소면 삼호리 454번지,,,2024-08-24
충청북도,음성군,농업회사법인주식회사알부자,닭,종계/산란계,32000.0,"충청북도 음성군 원남면 하노리 208번지 외2필지(208-1,213)",,,2024-08-24
충청북도,음성군,누리농장,닭,종계/산란계,15000.0,충청북도 음성군 소이면 중동리 1384번지,,,2024-08-24
충청북도,음성군,늘푸른농장,오리,,7800.0,충청북도 음성군 맹동면 마산리 465번지,,,2024-08-24
충청북도,음성군,대금 유정란 농장,닭,육계,50000.0,충청북도 음성군 금왕읍 본대리 29번지,,,2024-08-24
충청북도,음성군,대박농장,오리,,9500.0,충청북도 음성군 맹동면 용촌리 69번지,,,2024-08-24
충청북도,음성군,대성농장,닭,육계,119000.0,충청북도 음성군 맹동면 봉현리 258번지 외 4필지,,,2024-08-24
충청북도,음성군,대왕농장1,오리,육용오리,11840.0,충청북도 음성군 맹동면 봉현리 300번지 2호,,,2024-08-24
충청북도,음성군,류봉농장2,닭,육계,92000.0,충청북도 음성군 대소면 미곡리 산 2번지 2호,,,2024-08-24
충청북도,음성군,매봉농장,오리,,24390.0,충청북도 음성군 금왕읍 본대리 산 7번지 4호,,,2024-08-24
충청북도,음성군,무궁화농장,닭,육계,140000.0,충청북도 음성군 맹동면 봉현리 678번지,,,2024-08-24
충청북도,음성군,미곡농장,닭,육계,56000.0,"충청북도 음성군 대소면 미곡리 402번지 , 401-1, 401-2",,,2024-08-24
충청북도,음성군,민들레농장,닭,육계,148000.0,충청북도 음성군 소이면 중동리 122번지 외 4필지,,,2024-08-24
충청북도,음성군,부윤농장,오리,,9500.0,충청북도 음성군 대소면 부윤리 산 73번지,,,2024-08-24
충청북도,음성군,삼봉농장,오리,,12000.0,충청북도 음성군 금왕읍 삼봉리 601번지,,,2024-08-24
충청북도,음성군,상당농장,닭,육계,40000.0,충청북도 음성군 원남면 상당리 475번지 외 4필지,,,2024-08-24
충청북도,음성군,새시대목장,"면양, 타조, 염소",,103.0,충청북도 음성군 원남면 주봉리 464번지,,,2024-08-24
충청북도,음성군,생금,닭,육계,100000.0,충청북도 음성군 금왕읍 본대리 101번지 7호 외1필지,,,2024-08-24
충청북도,음성군,서가팜,닭,종계/산란계,35000.0,"충청북도 음성군 삼성면 대정리 552,553,554,554-1,555",,,2024-08-24
충청북도,음성군,세연농장,오리,,12500.0,충청북도 음성군 소이면 비산리 1003번지 1호,,,2024-08-24
충청북도,음성군,세움팜스,닭,육계,130000.0,"충청북도 음성군 대소면 수태리 125번지 외 8필지(122,123,124,맹동면 용촌리 379,379-1,379-2,379-3,379-4)",,,2024-08-24
충청북도,음성군,소이가든농장,"육계, 산양",,300.0,충청북도 음성군 소이면 금고리 311번지 2호,,,2024-08-24
충청북도,음성군,솔그린농장,닭,육계,60000.0,충청북도 음성군 감곡면 문촌리 448번지 3호 외 4필지,,,2024-08-24
충청북도,음성군,솔뫼비농장,닭,종계/산란계,5000.0,충청북도 음성군 삼성면 청용리 49번지 1호,,,2024-08-24
충청북도,음성군,송계농장,닭,종계/산란계,110592.0,충청북도 음성군 삼성면 상곡리 2번지,,,2024-08-24
충청북도,음성군,송림농장,닭,종계/산란계,60000.0,충청북도 음성군 생극면 송곡리 191번지,,,2024-08-24
충청북도,음성군,수농장,오리,,16000.0,충청북도 음성군 대소면 삼정리 764번지 1호,,,2024-08-24
충청북도,음성군,승순농장,닭,종계/산란계,200000.0,충청북도 음성군 삼성면 대야리 80번지 9호,,,2024-08-24
충청북도,음성군,아람농장,닭,육계,35922.0,충청북도 음성군 맹동면 봉현리 278번지,,,2024-08-24
충청북도,음성군,아스타,닭,육계,70700.0,충청북도 음성군 맹동면 마산리 389번지,,,2024-08-24
충청북도,음성군,열음농장,닭,종계/산란계,2800.0,"충청북도 음성군 소이면 중동리 829번지 외 3필지(830, 831, 1195)",,,2024-08-24
충청북도,음성군,원남농장,"한우, 메추리",,70002.0,충청북도 음성군 원남면 덕정리 59번지,,,2024-08-24
충청북도,음성군,윤호농장,오리,,10000.0,충청북도 음성군 맹동면 봉현리 686번지,,,2024-08-24
충청북도,음성군,이루미농장,닭,육계,41800.0,충청북도 음성군 맹동면 마산리 425번지,,,2024-08-24
충청북도,음성군,이엘농장,닭,종계/산란계,64350.0,충청북도 음성군 원남면 삼용리 688번지 5호,,,2024-08-24
충청북도,음성군,장수농장,오리,,20000.0,"충청북도 음성군 삼성면 천평리 355번지 외 4(357, 358, 359, 937)",,,2024-08-24
충청북도,음성군,장수농장,닭,종계/산란계,8920.0,충청북도 음성군 소이면 비산리 670번지 외 11필지,,,2024-08-24
충청북도,음성군,정우농장,닭,육계,60000.0,충청북도 음성군 음성읍 초천리 714번지 2호 외 1필지,,,2024-08-24
충청북도,음성군,하얀구름,닭,육계,40000.0,충청북도 음성군 맹동면 봉현리 170번지 2호 외 2필지,,,2024-08-24
충청북도,음성군,한울,닭,육계,105000.0,"충청북도 음성군 대소면 부윤리 260번지 240, 240-1, 238-4",,,2024-08-24
충청북도,음성군,해건농장,닭,육계,35000.0,충청북도 음성군 음성읍 삼생리 799번지 1호 외 2필지,,,2024-08-24
충청북도,음성군,햇살농장,닭,육계,44000.0,충청북도 음성군 맹동면 봉현리 504번지,,,2024-08-24
충청북도,음성군,행복농장,닭,육계,35000.0,충청북도 음성군 소이면 봉전리 368번지 2호,,,2024-08-24
충청북도,음성군,향촌농장,오리,,11000.0,충청북도 음성군 삼성면 천평리 727번지 3호,,,2024-08-24
충청북도,음성군,형제농장,닭,육계,100000.0,"충청북도 음성군 소이면 비산리 963번지 외 4필지(963-2, 963-3, 960, 960-3)",,,2024-08-24
충청북도,음성군,환희농장,닭,육계,81800.0,충청북도 음성군 맹동면 봉현리 693번지,,,2024-08-24
충청북도,음성군,황새농장,닭,육계,78000.0,충청북도 음성군 금왕읍 구계리 429번지 3호 외 1필지,,,2024-08-24
충청북도,진천군,(주)드리밍에그,닭,종계/산란계,,충청북도 진천군 문백면 계산리 519번지,,,2026-04-07
충청북도,진천군,갈미농장,닭,종계/산란계,,충청북도 진천군 이월면 중산리 549번지 1호 갈미농장,,,2026-04-07
충청북도,진천군,건농장,닭,육계,,"충청북도 진천군 덕산읍 인산리 1209번지 , 1210",,,2026-04-07
충청북도,진천군,규해농장,닭,육계,,충청북도 진천군 진천읍 행정리 357번지,,,2026-04-07
충청북도,진천군,꿀물농장,오리,,,충청북도 진천군 이월면 삼용리,,,2026-04-07
충청북도,진천군,꿀벌농장,닭,육계,,충청북도 진천군 초평면 용기리 385번지,,,2026-04-07
충청북도,진천군,꿍이네농장,닭,종계/산란계,,충청북도 진천군 덕산읍 한천리 495번지 3호,,,2026-04-07
충청북도,진천군,낙천그린농장,닭,육계,,충청북도 진천군 진천읍 상신리 589번지,,,2026-04-07
충청북도,진천군,농업회사법인(주)동일농장 이월지점,닭,종계/산란계,,충청북도 진천군 이월면 미잠리 250번지,,,2026-04-07
충청북도,진천군,농업회사법인(주)동일농장이월2지점,닭,종계/산란계,,충청북도 진천군 이월면 미잠리 294번지,,,2026-04-07
충청북도,진천군,농업회사법인(주)에버그린 진천지점,닭,종계/산란계,,충청북도 진천군 덕산읍 화상리 165번지 외 18필지,,,2026-04-07
충청북도,진천군,농업회사법인(주)유정마을 진천지점,닭,종계/산란계,,충청북도 진천군 진천읍 상신리 566번지 567,,,2026-04-07
충청북도,진천군,농업회사법인(주)재유농원 진천지점,닭,종계/산란계,,"충청북도 진천군 초평면 중석리 1828번지 ,1829",,,2026-04-07
충청북도,진천군,단원농장,닭,종계/산란계,,"충청북도 진천군 이월면 삼용리 1184번지 외 2필지(1185, 917)",,,2026-04-07
충청북도,진천군,대국농장,닭,종계/산란계,,충청북도 진천군 진천읍 문봉리 185번지,,,2026-04-07
충청북도,진천군,대승농장,닭,육계,,충청북도 진천군 덕산읍 구산리 501번지 9호,,,2026-04-07
충청북도,진천군,대정농장,닭,육계,,충청북도 진천군 이월면 동성리 783번지,,,2026-04-07
충청북도,진천군,대호농장,오리,,,"충청북도 진천군 이월면 삼용리 452번지 1호 , 452-2, 431-4",,,2026-04-07
충청북도,진천군,덕산농장,닭,종계/산란계,,충청북도 진천군 덕산읍 인산리 1180번지,,,2026-04-07
충청북도,진천군,도날드농장,오리,,,충청북도 진천군 진천읍 행정리 387번지 1호,,,2026-04-07
충청북도,진천군,도원농장,닭,육계,,충청북도 진천군 초평면 용기리 1번지 6호,,,2026-04-07
충청북도,진천군,디딤돌농장,오리,,,충청북도 진천군 이월면 삼용리 874번지 1호,,,2026-04-07
충청북도,진천군,모래봉농장,오리,,,충청북도 진천군 덕산읍 용몽리 5번지,,,2026-04-07
충청북도,진천군,문백축산,오리,,,충청북도 진천군 문백면 봉죽리 산 18번지 1호,,,2026-04-07
충청북도,진천군,미래축산,닭,육계,,충청북도 진천군 이월면 동성리 783번지 1호,,,2026-04-07
충청북도,진천군,미호농장,오리,,,"충청북도 진천군 덕산읍 인산리 636번지 1호 637-3,637-2,637-1,636-3,636-2",,,2026-04-07
충청북도,진천군,박** 농장,닭,육계,,충청북도 진천군 이월면 사곡리 28번지,,,2026-04-07
충청북도,진천군,백일농장,오리,,,"충청북도 진천군 진천읍 문봉리 23번지 외 5필지(21,22-1,22-3,24,424-1)",,,2026-04-07
충청북도,진천군,별이네농장,닭,종계/산란계,,충청북도 진천군 덕산읍 한천리 495번지,,,2026-04-07
충청북도,진천군,부림1농장,닭,육계,,충청북도 진천군 진천읍 상신리 592번지,,,2026-04-07
충청북도,진천군,부림2농장,닭,육계,,충청북도 진천군 진천읍 상신리 594번지,,,2026-04-07
충청북도,진천군,부성농장,오리,,,충청북도 진천군 이월면 사곡리 233번지,,,2026-04-07
충청북도,진천군,비에스에코팜,닭,종계/산란계,,충청북도 진천군 덕산읍 인산리 701번지,,,2026-04-07
충청북도,진천군,사랑오리농장,오리,,,충청북도 진천군 문백면 계산리 107번지 2호,,,2026-04-07
충청북도,진천군,샤론농장,닭,종계/산란계,,충청북도 진천군 초평면 오갑리 311번지,,,2026-04-07
충청북도,진천군,서경 농장,닭,육계,,충청북도 진천군 이월면 동성리 828번지,,,2026-04-07
충청북도,진천군,석화농원,오리,,,충청북도 진천군 이월면 삼용리 785번지 3호,,,2026-04-07
충청북도,진천군,선농장,닭,육계,,충청북도 진천군 진천읍 상신리 573번지,,,2026-04-07
충청북도,진천군,선민농장,오리,,,충청북도 진천군 진천읍 행정리 387번지 1호,,,2026-04-07
충청북도,진천군,성주농장,닭,종계/산란계,,충청북도 진천군 이월면 동성리 838번지,,,2026-04-07
충청북도,진천군,송림농장,오리,육용오리,,충청북도 진천군 이월면 송림리 89번지 3호 주식회사 주원산오리,,,2026-04-07
충청북도,진천군,송원농장,닭,육계,,충청북도 진천군 이월면 중산리 631번지 1호,,,2026-04-07
충청북도,진천군,수지농장,오리,,,충청북도 진천군 덕산읍 화상리 458번지,,,2026-04-07
충청북도,진천군,시골농장,닭,육계,,충청북도 진천군 백곡면 양백리 270번지 1호,,,2026-04-07
충청북도,진천군,신영농장,닭,육계,,충청북도 진천군 이월면 동성리 404번지 3호,,,2026-04-07
충청북도,진천군,양촌농장,닭,종계/산란계,,충청북도 진천군 덕산읍 구산리 192번지 1호,,,2026-04-07
충청북도,진천군,엄지농장,오리,,,충청북도 진천군 덕산읍 인산리 699번지,,,2026-04-07
충청북도,진천군,엄해열,닭,육계,,충청북도 진천군 이월면 신월리 산 92번지 1호,,,2026-04-07
충청북도,진천군,에그랑농장,닭,종계/산란계,,충청북도 진천군 초평면 오갑리 73번지,,,2026-04-07
충청북도,진천군,에코팜,닭,종계/산란계,,충청북도 진천군 초평면 중석리 1390번지,,,2026-04-07
충청북도,진천군,여명농장,닭,육계,,충청북도 진천군 백곡면 대문리 583번지,,,2026-04-07
충청북도,진천군,영농조합법인 정원농장 진천지점,메추리,,,충청북도 진천군 초평면 오갑리 322번지 322-1 322-2 322-3,,,2026-04-07
충청북도,진천군,영민 농장,닭,육계,,충청북도 진천군 백곡면 대문리 590번지 591번지 592번지,,,2026-04-07
충청북도,진천군,예민꿩농장,꿩,,,충청북도 진천군 문백면 태락리 529번지 3호,,,2026-04-07
충청북도,진천군,예서농장,닭,육계,,충청북도 진천군 덕산읍 구산리 137번지,,,2026-04-07
충청북도,진천군,오갑농장,오리,,,충청북도 진천군 초평면 오갑리 7번지,,,2026-04-07
충청북도,진천군,오창농장,닭,육계,,"충청북도 진천군 문백면 은탄리 457번지 2호 , 457-5, 산92-1",,,2026-04-07
충청북도,진천군,용몽농장,닭,육계,,충청북도 진천군 덕산읍 용몽리 276번지 양계장,,,2026-04-07
충청북도,진천군,우영농장,오리,,,충청북도 진천군 덕산읍 석장리 33번지,,,2026-04-07
충청북도,진천군,우진농장,닭,육계,,충청북도 진천군 이월면 동성리 836번지,,,2026-04-07
충청북도,진천군,우혁농장,오리,,,충청북도 진천군 덕산읍 기전리 466번지 3호,,,2026-04-07
충청북도,진천군,원천농장,닭,종계/산란계,,충청북도 진천군 문백면 계산리 169번지,,,2026-04-07
충청북도,진천군,유니농장,오리,,,"충청북도 진천군 덕산읍 화상리 156번지 외 6필지(137-1, 150, 150-1, 150-3, 150-4, 156-3)",,,2026-04-07
충청북도,진천군,윤**농장,오리,,,충청북도 진천군 이월면 삼용리 산 96번지 6호,,,2026-04-07
충청북도,진천군,윤**농장,오리,,,"충청북도 진천군 이월면 삼용리 553번지 1호 외2(554,554-1)",,,2026-04-07
충청북도,진천군,윤일농장,닭,육계,,충청북도 진천군 덕산읍 화상리 378번지 2호,,,2026-04-07
충청북도,진천군,은영농장,오리,,,충청북도 진천군 이월면 삼용리 149번지 1호,,,2026-04-07
충청북도,진천군,은혜커농장,닭,육계,,충청북도 진천군 초평면 중석리 1707번지,,,2026-04-07
충청북도,진천군,이삭농장,닭,육계,,충청북도 진천군 이월면 중산리 631번지 외 1필지,,,2026-04-07
충청북도,진천군,장곡농장,닭,육계,,충청북도 진천군 진천읍 행정리 197번지 1호,,,2026-04-07
충청북도,진천군,장원농장,닭,육계,,충청북도 진천군 진천읍 상신리 551번지,,,2026-04-07
충청북도,진천군,정연농장,오리,,,"충청북도 진천군 이월면 삼용리 1168번지 1169, 1170",,,2026-04-07
충청북도,진천군,정우농장,닭,종계/산란계,,충청북도 진천군 이월면 삼용리 164번지 1호,,,2026-04-07
충청북도,진천군,종일농장,오리,,,충청북도 진천군 덕산읍 합목리 359번지 6호,,,2026-04-07
충청북도,진천군,지암농장,닭,육계,,충청북도 진천군 진천읍 지암리 1200번지,,,2026-04-07
충청북도,진천군,진영축산,닭,육계,,충청북도 진천군 덕산읍 산수리 924번지 925 삼용리 1193 1195 1196,,,2026-04-07
충청북도,진천군,창성농장,오리,,,충청북도 진천군 덕산읍 인산리 1195번지,,,2026-04-07
충청북도,진천군,청남농장,메추리,,,충청북도 진천군 광혜원면 실원리 208번지,,,2026-04-07
충청북도,진천군,초원농장,오리,,,충청북도 진천군 이월면 동성리 881번지,,,2026-04-07
충청북도,진천군,초평농장,닭,종계/산란계,,충청북도 진천군 초평면 신통리 211번지,,,2026-04-07
충청북도,진천군,친친농장,닭,육계,,충청북도 진천군 덕산읍 용몽리 978번지,,,2026-04-07
충청북도,진천군,태경농장,닭,육계,,충청북도 진천군 초평면 용산리 1010번지,,,2026-04-07
충청북도,진천군,태원농장,닭,육계,,충청북도 진천군 이월면 삼용리 1099번지,,,2026-04-07
충청북도,진천군,태진,오리,,,충청북도 진천군 이월면 신월리 685번지 4호,,,2026-04-07
충청북도,진천군,팔팔농장,닭,육계,,충청북도 진천군 이월면 동성리 884번지,,,2026-04-07
충청북도,진천군,하늘농장,닭,육계,,충청북도 진천군 초평면 용산리 1005번지 외 2필지,,,2026-04-07
충청북도,진천군,하늘샘농장,닭,산란중추,,충청북도 진천군 초평면 오갑리 81번지,,,2026-04-07
충청북도,진천군,한별농장,닭,육계,,충청북도 진천군 초평면 중석리 1717번지,,,2026-04-07
충청북도,진천군,한우리농장,닭,종계/산란계,,충청북도 진천군 문백면 계산리 산 50번지 1호,,,2026-04-07
충청북도,진천군,한터농장,닭,육계,,충청북도 진천군 덕산읍 화상리 203번지,,,2026-04-07
충청북도,진천군,해든농장,오리,,,충청북도 진천군 초평면 용산리 819번지 외 3필지,,,2026-04-07
충청북도,진천군,햇살 농장,닭,육계,,충청북도 진천군 이월면 동성리 840번지,,,2026-04-07
충청북도,진천군,화산농장,오리,,,충청북도 진천군 이월면 신계리 362번지 2호,,,2026-04-07
충청북도,진천군,황금농장,닭,종계/산란계,,"충청북도 진천군 문백면 계산리 508번지 506, 507, 509, 555, 601, 504",,,2026-04-07
충청북도,진천군,황금농장,닭,육계,,충청북도 진천군 이월면 사곡리 97번지,,,2026-04-07
