시군명,농장명,축종명,상세구분,사육두수(마리),소재지지번주소,WGS84위도,WGS84경도,조사날짜
장흥군,,한우,,,전라남도 장흥군 장평면 청용리 산 499번지 6호,,,2025-07-30
장흥군,,한우,,,전라남도 장흥군 용산면 접정리 387번지,,,2025-07-30
장흥군,,한우,,,전라남도 장흥군 대덕읍 신월리 175번지 1호,,,2025-07-30
장흥군,,한우,,,전라남도 장흥군 용산면 접정리 477번지,,,2025-07-30
장흥군,,한우,,,전라남도 장흥군 대덕읍 연정리 1301번지 1호,,,2025-07-30
장흥군,,한우,,,전라남도 장흥군 대덕읍 가학리 744번지 2호,,,2025-07-30
장흥군,,한우,,,전라남도 장흥군 대덕읍 신월리 650번지,,,2025-07-30
장흥군,,한우,,,전라남도 장흥군 용산면 접정리 271번지 4호,,,2025-07-30
장흥군,,한우,,,전라남도 장흥군 용산면 접정리 328번지,,,2025-07-30
장흥군,,한우,,,전라남도 장흥군 용산면 접정리 20번지,,,2025-07-30
장흥군,,한우,,,전라남도 장흥군 용산면 접정리 508번지,,,2025-07-30
장흥군,,한우,,,전라남도 장흥군 용산면 접정리 34번지 2호,,,2025-07-30
장흥군,,한우,,,전라남도 장흥군 관산읍 외동리 721번지,,,2025-07-30
장흥군,,한우,,,전라남도 장흥군 용산면 접정리 330번지,,,2025-07-30
장흥군,,한우,,,전라남도 장흥군 관산읍 죽청리 279번지 1호,,,2025-07-30
장흥군,,한우,,,전라남도 장흥군 용산면 어산리 230번지,,,2025-07-30
장흥군,,한우,,,"전라남도 장흥군 관산읍 삼산리 323, 321, 324-12, 322, 320번지",,,2025-07-30
장흥군,,한우,,,전라남도 장흥군 유치면 봉덕리 120번지,,,2025-07-30
장흥군,,한우,,,전라남도 장흥군 용산면 인암리 741번지,,,2025-07-30
장흥군,,한우,,,전라남도 장흥군 관산읍 삼산리 3번지 4호,,,2025-07-30
장흥군,,한우,,,전라남도 장흥군 장평면 양촌리 347번지,,,2025-07-30
장흥군,,한우,,,전라남도 장흥군 장평면 양촌리 97번지 1호,,,2025-07-30
장흥군,,한우,,,전라남도 장흥군 용산면 인암리 737번지 4호,,,2025-07-30
장흥군,,한우,,,전라남도 장흥군 용산면 어산리 726번지,,,2025-07-30
장흥군,,한우,,,전라남도 장흥군 용산면 어산리 631번지 1호,,,2025-07-30
장흥군,,한우,,,전라남도 장흥군 회진면 회진리 1076번지 2호,,,2025-07-30
장흥군,,한우,,,전라남도 장흥군 용산면 어산리 670번지,,,2025-07-30
장흥군,,한우,,,전라남도 장흥군 장동면 용곡리 461번지 13호,,,2025-07-30
장흥군,,한우,,,전라남도 장흥군 용산면 어산리 684번지,,,2025-07-30
장흥군,,한우,,,전라남도 장흥군 용산면 접정리 385번지 35호,,,2025-07-30
장흥군,,한우,,,전라남도 장흥군 관산읍 옥당리 737번지 4호,,,2025-07-30
장흥군,,한우,,,전라남도 장흥군 용산면 접정리 109번지,,,2025-07-30
장흥군,,한우,,,전라남도 장흥군 용산면 접정리 264번지,,,2025-07-30
장흥군,,한우,,,"전라남도 장흥군 대덕읍 연지리 5번지 7호 , 6-2, 5-11, 5-13번지",,,2025-07-30
장흥군,,한우,,,전라남도 장흥군 대덕읍 연지리 15번지 42호,,,2025-07-30
장흥군,,한우,,,전라남도 장흥군 용산면 인암리 875번지,,,2025-07-30
장흥군,,한우,,,전라남도 장흥군 용산면 인암리 540번지,,,2025-07-30
장흥군,,한우,,,전라남도 장흥군 대덕읍 연지리 198번지,,,2025-07-30
장흥군,,한우,,,전라남도 장흥군 용산면 인암리 544번지,,,2025-07-30
장흥군,,한우,,,전라남도 장흥군 장평면 양촌리 138번지,,,2025-07-30
장흥군,,한우,,,전라남도 장흥군 용산면 인암리 694번지 5호,,,2025-07-30
장흥군,,한우,,,전라남도 장흥군 용산면 인암리 695번지 2호,,,2025-07-30
장흥군,,한우,,,전라남도 장흥군 대덕읍 연지리 56번지 95호,,,2025-07-30
장흥군,,한우,,,전라남도 장흥군 대덕읍 잠두리 266번지 1호,,,2025-07-30
장흥군,,한우,,,전라남도 장흥군 용산면 상금리 313번지 6호,,,2025-07-30
장흥군,,한우,,,전라남도 장흥군 회진면 신상리 2번지,,,2025-07-30
장흥군,,한우,,,전라남도 장흥군 대덕읍 옹암리 566번지 4호,,,2025-07-30
장흥군,,한우,,,전라남도 장흥군 회진면 진목리 248번지,,,2025-07-30
장흥군,,한우,,,전라남도 장흥군 회진면 진목리 820번지,,,2025-07-30
장흥군,,한우,,,전라남도 장흥군 대덕읍 잠두리 206번지 4호,,,2025-07-30
장흥군,,한우,,,전라남도 장흥군 대덕읍 신월리 1034번지 1호,,,2025-07-30
장흥군,,한우,,,전라남도 장흥군 대덕읍 잠두리 497번지,,,2025-07-30
장흥군,,한우,,,전라남도 장흥군 대덕읍 신리 499번지 2호,,,2025-07-30
장흥군,,한우,,,전라남도 장흥군 대덕읍 잠두리 147번지 3호,,,2025-07-30
장흥군,,한우,,,전라남도 장흥군 안양면 운흥리 568번지,,,2025-07-30
장흥군,,한우,,,전라남도 장흥군 회진면 진목리 964번지,,,2025-07-30
장흥군,,한우,,,전라남도 장흥군 용산면 접정리 454번지,,,2025-07-30
장흥군,,한우,,,전라남도 장흥군 관산읍 외동리 668번지 4호,,,2025-07-30
장흥군,,한우,,,전라남도 장흥군 관산읍 외동리 산 83번지 4호,,,2025-07-30
장흥군,,한우,,,전라남도 장흥군 용산면 접정리 466번지,,,2025-07-30
장흥군,,한우,,,전라남도 장흥군 용산면 접정리 108번지,,,2025-07-30
장흥군,,한우,,,전라남도 장흥군 용산면 접정리 394번지 1호,,,2025-07-30
장흥군,,한우,,,전라남도 장흥군 용산면 어산리 263번지,,,2025-07-30
장흥군,,한우,,,전라남도 장흥군 관산읍 방촌리 80번지,,,2025-07-30
장흥군,,한우,,,전라남도 장흥군 대덕읍 연정리 442번지 3호,,,2025-07-30
장흥군,,한우,,,전라남도 장흥군 용산면 어산리 173번지 1호,,,2025-07-30
장흥군,,한우,,,전라남도 장흥군 용산면 상발리 289번지,,,2025-07-30
장흥군,,한우,,,전라남도 장흥군 관산읍 삼산리 8번지 1호,,,2025-07-30
장흥군,,한우,,,전라남도 장흥군 장흥읍 향양리 706번지 1호,,,2025-07-30
장흥군,,한우,,,전라남도 장흥군 용산면 상발리 304번지,,,2025-07-30
장흥군,,한우,,,전라남도 장흥군 용산면 상발리 301번지,,,2025-07-30
장흥군,,한우,,,전라남도 장흥군 관산읍 용전리 266번지 5호,,,2025-07-30
장흥군,,한우,,,전라남도 장흥군 용산면 관지리 561번지,,,2025-07-30
장흥군,,한우,,,전라남도 장흥군 대덕읍 도청리 549번지,,,2025-07-30
장흥군,,한우,,,전라남도 장흥군 관산읍 송촌리 403번지 3호,,,2025-07-30
장흥군,,한우,,,전라남도 장흥군 관산읍 삼산리 1334번지 4호 외 1필지,,,2025-07-30
장흥군,,한우,,,전라남도 장흥군 대덕읍 신월리 883번지,,,2025-07-30
장흥군,,한우,,,전라남도 장흥군 관산읍 하발리 845-6번지,,,2025-07-30
장흥군,,한우,,,전라남도 장흥군 용산면 어산리 286번지,,,2025-07-30
장흥군,,한우,,,전라남도 장흥군 장흥읍 행원리 327번지 2호 외,,,2025-07-30
장흥군,,한우,,,전라남도 장흥군 관산읍 삼산리 247번지 3호,,,2025-07-30
장흥군,,한우,,,전라남도 장흥군 관산읍 외동리 62번지 3호,,,2025-07-30
장흥군,,한우,,,전라남도 장흥군 대덕읍 신월리 760번지 1호,,,2025-07-30
장흥군,,한우,,,전라남도 장흥군 관산읍 지정리 1017번지 3호,,,2025-07-30
장흥군,,한우,,,전라남도 장흥군 대덕읍 신월리 833번지 2호,,,2025-07-30
장흥군,,한우,,,전라남도 장흥군 관산읍 남송리 326번지,,,2025-07-30
장흥군,,한우,,,전라남도 장흥군 관산읍 외동리 120번지,,,2025-07-30
장흥군,,한우,,,전라남도 장흥군 대덕읍 신월리 1052번지 1호,,,2025-07-30
장흥군,,한우,,,전라남도 장흥군 대덕읍 연지리 913번지,,,2025-07-30
장흥군,,한우,,,전라남도 장흥군 안양면 비동리 25번지,,,2025-07-30
장흥군,,한우,,,전라남도 장흥군 장평면 선정리 21번지 9호,,,2025-07-30
장흥군,,한우,,,전라남도 장흥군 장흥읍 행원리 686번지 1호,,,2025-07-30
장흥군,,한우,,,전라남도 장흥군 관산읍 외동리 16번지 2호,,,2025-07-30
장흥군,,한우,,,전라남도 장흥군 관산읍 용전리 224번지 1호,,,2025-07-30
장흥군,,한우,,,전라남도 장흥군 관산읍 외동리 273번지 7호,,,2025-07-30
장흥군,,한우,,,전라남도 장흥군 회진면 진목리 852번지 3호,,,2025-07-30
장흥군,,한우,,,전라남도 장흥군 관산읍 삼산리 60번지,,,2025-07-30
장흥군,,한우,,,전라남도 장흥군 회진면 진목리 437번지 5호,,,2025-07-30
장흥군,,한우,,,전라남도 장흥군 관산읍 외동리 586번지 1호,,,2025-07-30
장흥군,,한우,,,전라남도 장흥군 관산읍 외동리 752번지 4호,,,2025-07-30
장흥군,,한우,,,전라남도 장흥군 관산읍 외동리 170호,,,2025-07-30
장흥군,,한우,,,전라남도 장흥군 관산읍 죽청리 314번지 9호,,,2025-07-30
장흥군,,한우,,,전라남도 장흥군 관산읍 외동리 395번지,,,2025-07-30
장흥군,,한우,,,전라남도 장흥군 대덕읍 신리 901번지,,,2025-07-30
장흥군,,한우,,,전라남도 장흥군 용산면 어산리 578번지 5호,,,2025-07-30
장흥군,,한우,,,전라남도 장흥군 회진면 대리 200번지,,,2025-07-30
장흥군,,한우,,,전라남도 장흥군 용산면 어산리 712번지,,,2025-07-30
장흥군,,한우,,,전라남도 장흥군 대덕읍 가학리 800번지,,,2025-07-30
장흥군,,한우,,,전라남도 장흥군 관산읍 신동리 517번지 2호,,,2025-07-30
장흥군,,한우,,,전라남도 장흥군 관산읍 하발리 992번지 1호,,,2025-07-30
장흥군,,한우,,,전라남도 장흥군 관산읍 외동리 583번지 1호,,,2025-07-30
장흥군,,한우,,,전라남도 장흥군 용산면 어산리 705번지 1호,,,2025-07-30
장흥군,,한우,,,전라남도 장흥군 관산읍 용전리 295번지 13호,,,2025-07-30
장흥군,,한우,,,전라남도 장흥군 용산면 상금리 150번지,,,2025-07-30
장흥군,,한우,,,전라남도 장흥군 용산면 어산리 580번지 3호,,,2025-07-30
장흥군,,한우,,,전라남도 장흥군 용산면 어산리 850번지,,,2025-07-30
장흥군,,한우,,,전라남도 장흥군 장흥읍 해당리 140번지 3호,,,2025-07-30
장흥군,,한우,,,전라남도 장흥군 장흥읍 사안리 168번지 3호,,,2025-07-30
장흥군,,한우,,,전라남도 장흥군 대덕읍 연정리 1304번지 23호,,,2025-07-30
장흥군,,한우,,,전라남도 장흥군 용산면 상발리 584번지,,,2025-07-30
장흥군,,한우,,,전라남도 장흥군 용산면 상발리 306번지,,,2025-07-30
장흥군,,한우,,,전라남도 장흥군 장평면 내동리 120번지,,,2025-07-30
장흥군,,한우,,,전라남도 장흥군 장평면 녹양리 180번지,,,2025-07-30
장흥군,,한우,,,전라남도 장흥군 장평면 양촌리 250번지 1호,,,2025-07-30
장흥군,,한우,,,전라남도 장흥군 부산면 구룡리 601번지,,,2025-07-30
장흥군,,한우,,,전라남도 장흥군 대덕읍 분토리 402번지 3호,,,2025-07-30
장흥군,,한우,,,전라남도 장흥군 장동면 반산리 3번지 4호,,,2025-07-30
장흥군,,한우,,,전라남도 장흥군 용산면 인암리 800번지 2호,,,2025-07-30
장흥군,,한우,,,전라남도 장흥군 용산면 인암리 753번지,,,2025-07-30
장흥군,,한우,,,"전라남도 장흥군 관산읍 송촌리 391번지 2호 , 391-1",,,2025-07-30
장흥군,,한우,,,전라남도 장흥군 관산읍 신동리 583번지 3호,,,2025-07-30
장흥군,,한우,,,전라남도 장흥군 장동면 만년리 556번지,,,2025-07-30
장흥군,,한우,,,전라남도 장흥군 관산읍 삼산리 143번지 1호,,,2025-07-30
장흥군,,한우,,,전라남도 장흥군 안양면 당암리 656번지 1호,,,2025-07-30
장흥군,,한우,,,전라남도 장흥군 관산읍 외동리 752번지 57호,,,2025-07-30
장흥군,,한우,,,전라남도 장흥군 대덕읍 연지리 728번지,,,2025-07-30
장흥군,,한우,,,전라남도 장흥군 관산읍 외동리 712번지,,,2025-07-30
장흥군,,한우,,,전라남도 장흥군 관산읍 외동리 409번지 3호,,,2025-07-30
장흥군,,한우,,,전라남도 장흥군 관산읍 외동리 228번지,,,2025-07-30
장흥군,,한우,,,전라남도 장흥군 관산읍 외동리 194번지 외 2필지,,,2025-07-30
장흥군,,한우,,,전라남도 장흥군 관산읍 외동리 355번지,,,2025-07-30
장흥군,,한우,,,전라남도 장흥군 관산읍 남송리 371번지,,,2025-07-30
장흥군,,한우,,,전라남도 장흥군 관산읍 삼산리 308번지,,,2025-07-30
장흥군,,한우,,,전라남도 장흥군 관산읍 외동리 59번지 2호,,,2025-07-30
장흥군,,한우,,,전라남도 장흥군 관산읍 신동리 37번지 1호,,,2025-07-30
장흥군,,한우,,,전라남도 장흥군 관산읍 신동리 351번지,,,2025-07-30
장흥군,,한우,,,전라남도 장흥군 관산읍 방촌리 701번지 4호,,,2025-07-30
장흥군,,한우,,,전라남도 장흥군 관산읍 옥당리 797번지,,,2025-07-30
장흥군,,한우,,,전라남도 장흥군 장평면 축내리 742번지 9호,,,2025-07-30
장흥군,,한우,,,전라남도 장흥군 관산읍 부평리 83번지 1호,,,2025-07-30
장흥군,,한우,,,전라남도 장흥군 관산읍 성산리 39번지 3호,,,2025-07-30
장흥군,,한우,,,전라남도 장흥군 관산읍 외동리 191번지,,,2025-07-30
장흥군,,한우,,,전라남도 장흥군 용산면 월송리 184번지 1호,,,2025-07-30
장흥군,,한우,,,전라남도 장흥군 대덕읍 도청리 252번지 1호,,,2025-07-30
장흥군,,한우,,,전라남도 장흥군 용산면 상발리 산 39번지,,,2025-07-30
장흥군,,한우,,,전라남도 장흥군 용산면 월송리 183번지,,,2025-07-30
장흥군,,한우,,,전라남도 장흥군 대덕읍 가학리 549번지 5호,,,2025-07-30
장흥군,,한우,,,전라남도 장흥군 관산읍 신동리 180번지 3호,,,2025-07-30
장흥군,,한우,,,전라남도 장흥군 장동면 북교리 486번지,,,2025-07-30
장흥군,,한우,,,전라남도 장흥군 장동면 반산리 437번지 9호,,,2025-07-30
장흥군,,한우,,,전라남도 장흥군 관산읍 죽청리 159번지,,,2025-07-30
장흥군,,한우,,,전라남도 장흥군 용산면 월송리 427번지 1호,,,2025-07-30
장흥군,,한우,,,전라남도 장흥군 용산면 계산리 산 70번지,,,2025-07-30
장흥군,,한우,,,전라남도 장흥군 용산면 인암리 733번지 1호,,,2025-07-30
장흥군,,한우,,,전라남도 장흥군 관산읍 삼산리 1744번지 3호,,,2025-07-30
장흥군,,한우,,,전라남도 장흥군 장흥읍 연산리 451번지,,,2025-07-30
장흥군,,한우,,,전라남도 장흥군 장흥읍 금산리 520번지 2호,,,2025-07-30
장흥군,,한우,,,"전라남도 장흥군 용산면 모산리 580, 581, 582-2, 582-3, 583-1번지",,,2025-07-30
장흥군,,한우,,,전라남도 장흥군 용산면 녹원리 355번지,,,2025-07-30
장흥군,,한우,,,전라남도 장흥군 관산읍 삼산리 511번지 3호,,,2025-07-30
장흥군,,한우,,,전라남도 장흥군 대덕읍 도청리 565번지,,,2025-07-30
장흥군,,한우,,,전라남도 장흥군 장흥읍 남외리 228번지 2호,,,2025-07-30
장흥군,,한우,,,전라남도 장흥군 장흥읍 남외리 142번지 1호,,,2025-07-30
장흥군,,한우,,,전라남도 장흥군 용산면 인암리 416번지 4호,,,2025-07-30
장흥군,,한우,,,전라남도 장흥군 용산면 접정리 296번지 3호,,,2025-07-30
장흥군,,한우,,,전라남도 장흥군 안양면 모령리 217번지 1호,,,2025-07-30
장흥군,,한우,,,전라남도 장흥군 회진면 대리 417번지,,,2025-07-30
장흥군,,한우,,,전라남도 장흥군 장흥읍 금산리 228번지 2호,,,2025-07-30
장흥군,,한우,,,전라남도 장흥군 장흥읍 덕제리 458번지,,,2025-07-30
장흥군,,한우,,,전라남도 장흥군 장흥읍 향양리 244번지 2호,,,2025-07-30
장흥군,,한우,,,"전라남도 장흥군 관산읍 외동리 224번지 , 221-2",,,2025-07-30
장흥군,,한우,,,전라남도 장흥군 관산읍 삼산리 894번지 10호,,,2025-07-30
장흥군,,한우,,,전라남도 장흥군 관산읍 삼산리 1743번지 7호,,,2025-07-30
장흥군,,한우,,,전라남도 장흥군 관산읍 송촌리 425번지,,,2025-07-30
장흥군,,한우,,,전라남도 장흥군 대덕읍 신리 464번지 1호,,,2025-07-30
장흥군,,한우,,,전라남도 장흥군 관산읍 부평리 147번지,,,2025-07-30
장흥군,,한우,,,전라남도 장흥군 관산읍 옥당리 525번지 17호,,,2025-07-30
장흥군,,한우,,,전라남도 장흥군 관산읍 옥당리 741번지 1호,,,2025-07-30
장흥군,,한우,,,전라남도 장흥군 대덕읍 연정리 1042번지,,,2025-07-30
장흥군,,한우,,,전라남도 장흥군 관산읍 용전리 296번지 11호,,,2025-07-30
장흥군,,한우,,,전라남도 장흥군 용산면 월송리 187번지,,,2025-07-30
장흥군,,한우,,,전라남도 장흥군 용산면 월송리 438번지,,,2025-07-30
장흥군,,한우,,,전라남도 장흥군 대덕읍 가학리 357번지 1호,,,2025-07-30
장흥군,,한우,,,"전라남도 장흥군 대덕읍 도청리 81-1, 482-1번지",,,2025-07-30
장흥군,,한우,,,전라남도 장흥군 용산면 상발리 205번지 3호,,,2025-07-30
장흥군,,한우,,,전라남도 장흥군 관산읍 삼산리 산 12번지,,,2025-07-30
장흥군,,한우,,,전라남도 장흥군 용산면 어산리 278번지 7호,,,2025-07-30
장흥군,,한우,,,전라남도 장흥군 회진면 회진리 1856번지 1호,,,2025-07-30
장흥군,,한우,,,전라남도 장흥군 장흥읍 행원리 70번지 1호,,,2025-07-30
장흥군,,한우,,,전라남도 장흥군 용산면 인암리 542번지,,,2025-07-30
장흥군,,한우,,,전라남도 장흥군 장동면 북교리 598번지 2호,,,2025-07-30
장흥군,,한우,,,전라남도 장흥군 용산면 상금리 329번지 2호,,,2025-07-30
장흥군,,한우,,,전라남도 장흥군 관산읍 신동리 657번지 1호,,,2025-07-30
장흥군,,한우,,,전라남도 장흥군 관산읍 지정리 315번지 1호,,,2025-07-30
장흥군,,한우,,,전라남도 장흥군 용산면 상금리 190번지,,,2025-07-30
장흥군,,한우,,,전라남도 장흥군 관산읍 방촌리 86번지 2호,,,2025-07-30
장흥군,,한우,,,"전라남도 장흥군 대덕읍 잠두리 1095-1, 1095-2, 1107-1번지",,,2025-07-30
장흥군,,한우,,,전라남도 장흥군 용산면 풍길리 2번지 2호,,,2025-07-30
장흥군,,한우,,,전라남도 장흥군 용산면 상금리 132번지 4호,,,2025-07-30
장흥군,,한우,,,전라남도 장흥군 용산면 상금리 478번지,,,2025-07-30
장흥군,,한우,,,전라남도 장흥군 장흥읍 사안리 103번지 1호,,,2025-07-30
장흥군,,한우,,,전라남도 장흥군 부산면 금자리 251번지,,,2025-07-30
장흥군,,한우,,,전라남도 장흥군 용산면 상금리 186번지,,,2025-07-30
장흥군,,한우,,,전라남도 장흥군 관산읍 외동리 48번지 3호 외3필지,,,2025-07-30
장흥군,,한우,,,전라남도 장흥군 관산읍 하발리 961번지 3호,,,2025-07-30
장흥군,,한우,,,전라남도 장흥군 관산읍 부평리 42번지,,,2025-07-30
장흥군,,한우,,,전라남도 장흥군 대덕읍 신월리 371번지,,,2025-07-30
장흥군,,한우,,,전라남도 장흥군 용산면 상금리 225번지,,,2025-07-30
장흥군,,한우,,,전라남도 장흥군 용산면 인암리 857번지 5호,,,2025-07-30
장흥군,,한우,,,전라남도 장흥군 용산면 인암리 687번지,,,2025-07-30
장흥군,,한우,,,전라남도 장흥군 관산읍 삼산리 1672번지,,,2025-07-30
장흥군,,한우,,,전라남도 장흥군 관산읍 하발리 726번지 4호,,,2025-07-30
장흥군,,한우,,,전라남도 장흥군 관산읍 외동리 582번지 1호,,,2025-07-30
장흥군,,한우,,,전라남도 장흥군 용산면 월송리 400번지,,,2025-07-30
장흥군,,한우,,,전라남도 장흥군 관산읍 하발리 612번지 1호,,,2025-07-30
장흥군,,한우,,,전라남도 장흥군 용산면 모산리 562번지,,,2025-07-30
장흥군,,한우,,,전라남도 장흥군 용산면 상발리 135번지,,,2025-07-30
장흥군,,한우,,,전라남도 장흥군 용산면 월송리 162번지,,,2025-07-30
장흥군,,한우,,,전라남도 장흥군 대덕읍 잠두리 72번지,,,2025-07-30
장흥군,,한우,,,"전라남도 장흥군 대덕읍 가학리 732번지 2호 , 733-1, 733-2, 733-3, 733-4",,,2025-07-30
장흥군,,한우,,,전라남도 장흥군 대덕읍 신월리 175번지 3호,,,2025-07-30
장흥군,,한우,,,전라남도 장흥군 용산면 월송리 417번지,,,2025-07-30
장흥군,,한우,,,전라남도 장흥군 용산면 모산리 14번지 12호,,,2025-07-30
장흥군,,한우,,,전라남도 장흥군 대덕읍 신월리 614번지 2호 외 3필지,,,2025-07-30
장흥군,,한우,,,"전라남도 장흥군 대덕읍 연지리 813번지 36호 , 813-2, 813-30, 813-31",,,2025-07-30
장흥군,,한우,,,전라남도 장흥군 대덕읍 가학리 156번지,,,2025-07-30
장흥군,,한우,,,전라남도 장흥군 용산면 금곡리 53번지,,,2025-07-30
장흥군,,한우,,,전라남도 장흥군 용산면 상금리 129번지,,,2025-07-30
장흥군,,한우,,,전라남도 장흥군 대덕읍 잠두리 96번지,,,2025-07-30
장흥군,,한우,,,전라남도 장흥군 용산면 월송리 356번지 1호,,,2025-07-30
장흥군,,한우,,,전라남도 장흥군 용산면 관지리 435번지,,,2025-07-30
장흥군,,한우,,,전라남도 장흥군 용산면 월송리 430번지,,,2025-07-30
장흥군,,한우,,,전라남도 장흥군 용산면 관지리 264번지 1호,,,2025-07-30
장흥군,,한우,,,전라남도 장흥군 안양면 해창리 14번지,,,2025-07-30
장흥군,,한우,,,전라남도 장흥군 부산면 금자리 275번지,,,2025-07-30
장흥군,,한우,,,전라남도 장흥군 관산읍 하발리 516번지 4호,,,2025-07-30
장흥군,,한우,,,전라남도 장흥군 관산읍 농안리 331번지 2호,,,2025-07-30
장흥군,,한우,,,전라남도 장흥군 용산면 상발리 589번지,,,2025-07-30
장흥군,,한우,,,전라남도 장흥군 회진면 대리 574번지,,,2025-07-30
장흥군,,한우,,,전라남도 장흥군 용산면 금곡리 57번지,,,2025-07-30
장흥군,,한우,,,전라남도 장흥군 대덕읍 연정리 1341번지 5호,,,2025-07-30
장흥군,,한우,,,전라남도 장흥군 용산면 금곡리 31번지,,,2025-07-30
장흥군,,한우,,,전라남도 장흥군 용산면 금곡리 43번지 5호,,,2025-07-30
장흥군,,한우,,,전라남도 장흥군 용산면 모산리 205번지,,,2025-07-30
장흥군,,한우,,,전라남도 장흥군 회진면 회진리 1591번지 1호,,,2025-07-30
장흥군,,한우,,,전라남도 장흥군 회진면 진목리 1000번지,,,2025-07-30
장흥군,,한우,,,전라남도 장흥군 용산면 모산리 16번지 13호,,,2025-07-30
장흥군,,한우,,,전라남도 장흥군 관산읍 옥당리 222번지 1호,,,2025-07-30
장흥군,,한우,,,전라남도 장흥군 관산읍 외동리 273번지 34호,,,2025-07-30
장흥군,,한우,,,전라남도 장흥군 관산읍 송촌리 200번지,,,2025-07-30
장흥군,,한우,,,전라남도 장흥군 관산읍 신동리 367번지,,,2025-07-30
장흥군,,한우,,,전라남도 장흥군 관산읍 신동리 395번지,,,2025-07-30
장흥군,,한우,,,전라남도 장흥군 관산읍 신동리 358번지,,,2025-07-30
장흥군,,한우,,,전라남도 장흥군 대덕읍 연정리 572번지 2호,,,2025-07-30
장흥군,,한우,,,전라남도 장흥군 대덕읍 도청리 43번지 2호,,,2025-07-30
장흥군,,한우,,,전라남도 장흥군 대덕읍 잠두리 339번지,,,2025-07-30
장흥군,,한우,,,전라남도 장흥군 대덕읍 신월리 390번지 6호,,,2025-07-30
장흥군,,한우,,,전라남도 장흥군 대덕읍 신월리 171번지 1호,,,2025-07-30
장흥군,,한우,,,전라남도 장흥군 대덕읍 도청리 678번지,,,2025-07-30
장흥군,,한우,,,전라남도 장흥군 대덕읍 신월리 30번지,,,2025-07-30
장흥군,,한우,,,전라남도 장흥군 대덕읍 가학리 583번지,,,2025-07-30
장흥군,,한우,,,전라남도 장흥군 대덕읍 신월리 481번지 1호,,,2025-07-30
장흥군,,한우,,,전라남도 장흥군 관산읍 송촌리 406번지 3호,,,2025-07-30
장흥군,,한우,,,전라남도 장흥군 안양면 기산리 555번지 1호,,,2025-07-30
장흥군,,한우,,,전라남도 장흥군 용산면 어산리 576번지,,,2025-07-30
장흥군,,한우,,,전라남도 장흥군 대덕읍 연지리 38번지,,,2025-07-30
장흥군,,한우,,,전라남도 장흥군 관산읍 외동리 995번지 4호,,,2025-07-30
장흥군,,한우,,,전라남도 장흥군 용산면 계산리 412번지 3호,,,2025-07-30
장흥군,,한우,,,전라남도 장흥군 대덕읍 연지리 210번지,,,2025-07-30
장흥군,,한우,,,전라남도 장흥군 용산면 월송리 76번지,,,2025-07-30
장흥군,,한우,,,전라남도 장흥군 관산읍 고마리 519번지 21호,,,2025-07-30
장흥군,,한우,,,전라남도 장흥군 장평면 병동리 44번지,,,2025-07-30
장흥군,,한우,,,"전라남도 장흥군 장평면 내동리 627번지 4호 , 627-3, 627-2번지",,,2025-07-30
장흥군,,한우,,,전라남도 장흥군 장평면 우산리 646번지,,,2025-07-30
장흥군,,한우,,,"전라남도 장흥군 장평면 기동리 285번지 2호 , 285-4, 285-5번지",,,2025-07-30
장흥군,,한우,,,전라남도 장흥군 장동면 만년리 540번지 1호,,,2025-07-30
장흥군,,한우,,,전라남도 장흥군 관산읍 신동리 583번지 1호,,,2025-07-30
장흥군,,한우,,,전라남도 장흥군 대덕읍 연지리 553번지 22호,,,2025-07-30
장흥군,,한우,,,전라남도 장흥군 부산면 구룡리 727번지 2호,,,2025-07-30
장흥군,,한우,,,전라남도 장흥군 부산면 구룡리 823번지 2호,,,2025-07-30
장흥군,,한우,,,전라남도 장흥군 용산면 인암리 28번지 1호,,,2025-07-30
장흥군,,한우,,,전라남도 장흥군 관산읍 신동리 326번지 1호,,,2025-07-30
장흥군,,한우,,,전라남도 장흥군 관산읍 신동리 285번지,,,2025-07-30
장흥군,,한우,,,전라남도 장흥군 관산읍 신동리 447번지,,,2025-07-30
장흥군,,한우,,,전라남도 장흥군 회진면 회진리 501번지,,,2025-07-30
장흥군,,한우,,,전라남도 장흥군 장평면 청용리 306번지 8호,,,2025-07-30
장흥군,,한우,,,전라남도 장흥군 회진면 신상리 319번지,,,2025-07-30
장흥군,,한우,,,전라남도 장흥군 회진면 덕산리 446번지,,,2025-07-30
장흥군,,한우,,,전라남도 장흥군 장흥읍 금산리 183번지 1호,,,2025-07-30
장흥군,,한우,,,"전라남도 장흥군 대덕읍 신리 79번지 , 1165-2번지",,,2025-07-30
장흥군,,한우,,,전라남도 장흥군 대덕읍 연지리 813번지 26호,,,2025-07-30
장흥군,,한우,,,전라남도 장흥군 대덕읍 도청리 295번지 1호,,,2025-07-30
장흥군,,한우,,,전라남도 장흥군 대덕읍 가학리 628번지,,,2025-07-30
장흥군,,한우,,,전라남도 장흥군 대덕읍 연지리 62번지 8호,,,2025-07-30
장흥군,,한우,,,전라남도 장흥군 대덕읍 신리 805번지 2호,,,2025-07-30
장흥군,,한우,,,전라남도 장흥군 대덕읍 신월리 538번지 3호,,,2025-07-30
장흥군,,한우,,,전라남도 장흥군 대덕읍 신월리 555번지 1호,,,2025-07-30
장흥군,,한우,,,전라남도 장흥군 유치면 대리 1038번지 2호,,,2025-07-30
장흥군,,한우,,,전라남도 장흥군 대덕읍 신월리 447번지 1호,,,2025-07-30
장흥군,,한우,,,전라남도 장흥군 유치면 반월리 514번지 1호,,,2025-07-30
장흥군,,한우,,,전라남도 장흥군 안양면 학송리 310번지 1호,,,2025-07-30
장흥군,,한우,,,전라남도 장흥군 관산읍 외동리 668번지 9호,,,2025-07-30
장흥군,,한우,,,전라남도 장흥군 장흥읍 관덕리 21번지 7호,,,2025-07-30
장흥군,,한우,,,전라남도 장흥군 대덕읍 신월리 185번지 2호,,,2025-07-30
장흥군,,한우,,,전라남도 장흥군 용산면 풍길리 41번지,,,2025-07-30
장흥군,,한우,,,전라남도 장흥군 관산읍 용전리 330번지 10호,,,2025-07-30
장흥군,,한우,,,전라남도 장흥군 관산읍 신동리 340번지 4호,,,2025-07-30
장흥군,,한우,,,전라남도 장흥군 관산읍 신동리 428번지 1호,,,2025-07-30
장흥군,,한우,,,전라남도 장흥군 용산면 상금리 313번지 7호,,,2025-07-30
장흥군,,한우,,,전라남도 장흥군 관산읍 고마리 945번지,,,2025-07-30
장흥군,,한우,,,전라남도 장흥군 관산읍 하발리 941번지 1호,,,2025-07-30
장흥군,,한우,,,전라남도 장흥군 관산읍 신동리 419번지,,,2025-07-30
장흥군,,한우,,,전라남도 장흥군 용산면 인암리 84번지 3호,,,2025-07-30
장흥군,,한우,,,전라남도 장흥군 회진면 회진리 1292번지,,,2025-07-30
장흥군,,한우,,,"전라남도 장흥군 대덕읍 가학리 1124번지 6호 , 1124-7번지",,,2025-07-30
장흥군,,한우,,,전라남도 장흥군 대덕읍 연정리 51번지,,,2025-07-30
장흥군,,한우,,,전라남도 장흥군 장동면 봉동리 477번지,,,2025-07-30
장흥군,,한우,,,전라남도 장흥군 대덕읍 연지리 860번지,,,2025-07-30
장흥군,,한우,,,전라남도 장흥군 용산면 인암리 427번지,,,2025-07-30
장흥군,,한우,,,전라남도 장흥군 용산면 인암리 448번지,,,2025-07-30
장흥군,,한우,,,전라남도 장흥군 관산읍 고마리 960번지 11호,,,2025-07-30
장흥군,,한우,,,전라남도 장흥군 용산면 풍길리,,,2025-07-30
장흥군,,한우,,,전라남도 장흥군 용산면 운주리 689번지,,,2025-07-30
장흥군,,한우,,,전라남도 장흥군 용산면 상금리 206번지,,,2025-07-30
장흥군,,한우,,,전라남도 장흥군 용산면 녹원리 144번지 16호,,,2025-07-30
장흥군,,한우,,,전라남도 장흥군 대덕읍 연정리 978번지,,,2025-07-30
장흥군,,한우,,,전라남도 장흥군 용산면 인암리 113번지,,,2025-07-30
장흥군,,한우,,,전라남도 장흥군 유치면 반월리 526번지 21호,,,2025-07-30
장흥군,,한우,,,전라남도 장흥군 장흥읍 금산리 169번지 2호,,,2025-07-30
장흥군,,한우,,,전라남도 장흥군 관산읍 고마리 206번지 5호,,,2025-07-30
장흥군,,한우,,,전라남도 장흥군 관산읍 부평리 271번지,,,2025-07-30
장흥군,,한우,,,전라남도 장흥군 관산읍 지정리 273번지 1호,,,2025-07-30
장흥군,,한우,,,전라남도 장흥군 용산면 인암리 91번지,,,2025-07-30
장흥군,,한우,,,전라남도 장흥군 대덕읍 도청리 364번지 2호,,,2025-07-30
장흥군,,한우,,,전라남도 장흥군 관산읍 신동리 483번지 1호,,,2025-07-30
장흥군,,한우,,,전라남도 장흥군 관산읍 신동리 446번지 2호,,,2025-07-30
장흥군,,한우,,,전라남도 장흥군 관산읍 삼산리 1679번지 1호 외 1필지,,,2025-07-30
장흥군,,한우,,,전라남도 장흥군 회진면 회진리 489번지 3호,,,2025-07-30
장흥군,,한우,,,전라남도 장흥군 관산읍 삼산리 749번지 2호,,,2025-07-30
장흥군,,한우,,,전라남도 장흥군 대덕읍 신리 825번지,,,2025-07-30
장흥군,,한우,,,전라남도 장흥군 안양면 학송리 66번지 5호,,,2025-07-30
장흥군,,한우,,,전라남도 장흥군 장평면 등촌리 264번지 5호,,,2025-07-30
장흥군,,한우,,,전라남도 장흥군 관산읍 신동리 511번지 5호,,,2025-07-30
장흥군,,한우,,,전라남도 장흥군 용산면 모산리 178번지,,,2025-07-30
장흥군,,한우,,,전라남도 장흥군 용산면 인암리 90번지,,,2025-07-30
장흥군,,한우,,,전라남도 장흥군 용산면 금곡리 35번지 2호,,,2025-07-30
장흥군,,한우,,,전라남도 장흥군 유치면 봉덕리 68번지 3호,,,2025-07-30
장흥군,,한우,,,전라남도 장흥군 유치면 조양리 1013번지,,,2025-07-30
장흥군,,한우,,,전라남도 장흥군 장동면 조양리 산 11번지,,,2025-07-30
장흥군,,한우,,,전라남도 장흥군 장평면 용강리 105번지 4호,,,2025-07-30
장흥군,,한우,,,전라남도 장흥군 장평면 등촌리 16번지 4호,,,2025-07-30
장흥군,,한우,,,전라남도 장흥군 장평면 제산리 311번지 8호,,,2025-07-30
장흥군,,한우,,,전라남도 장흥군 장평면 병동리 617번지,,,2025-07-30
장흥군,,한우,,,전라남도 장흥군 용산면 상발리 280번지 1호,,,2025-07-30
장흥군,,한우,,,전라남도 장흥군 장평면 병동리 304번지 1호,,,2025-07-30
장흥군,,한우,,,전라남도 장흥군 유치면 관동리 99번지,,,2025-07-30
장흥군,,한우,,,전라남도 장흥군 관산읍 용전리 319번지 1호,,,2025-07-30
장흥군,,한우,,,전라남도 장흥군 용산면 인암리 479번지 10호,,,2025-07-30
장흥군,,한우,,,전라남도 장흥군 용산면 인암리 663번지 9호,,,2025-07-30
장흥군,,한우,,,전라남도 장흥군 관산읍 신동리 660번지 4호,,,2025-07-30
장흥군,,한우,,,전라남도 장흥군 부산면 내안리 663번지 1호,,,2025-07-30
장흥군,,한우,,,전라남도 장흥군 유치면 봉덕리 214번지 1호,,,2025-07-30
장흥군,,한우,,,전라남도 장흥군 유치면 봉덕리 97번지,,,2025-07-30
장흥군,,한우,,,전라남도 장흥군 유치면 봉덕리 200번지,,,2025-07-30
장흥군,,한우,,,전라남도 장흥군 관산읍 죽청리 357번지 1호,,,2025-07-30
장흥군,,한우,,,전라남도 장흥군 유치면 관동리 67번지 1호,,,2025-07-30
장흥군,,한우,,,전라남도 장흥군 장평면 봉림리 286번지,,,2025-07-30
장흥군,,한우,,,전라남도 장흥군 장흥읍 행원리 279번지,,,2025-07-30
장흥군,,한우,,,전라남도 장흥군 용산면 인암리 80번지 1호,,,2025-07-30
장흥군,,한우,,,전라남도 장흥군 용산면 풍길리 163번지,,,2025-07-30
장흥군,,한우,,,전라남도 장흥군 유치면 봉덕리 150번지 1호,,,2025-07-30
장흥군,,한우,,,전라남도 장흥군 용산면 운주리 255번지 1호,,,2025-07-30
장흥군,,한우,,,전라남도 장흥군 대덕읍 분토리 211번지,,,2025-07-30
장흥군,,한우,,,전라남도 장흥군 관산읍 신동리 181번지 3호,,,2025-07-30
장흥군,,한우,,,전라남도 장흥군 안양면 기산리 750번지 2호,,,2025-07-30
장흥군,,한우,,,전라남도 장흥군 용산면 어산리 582번지,,,2025-07-30
장흥군,,한우,,,전라남도 장흥군 관산읍 삼산리 355번지 1호,,,2025-07-30
장흥군,,한우,,,전라남도 장흥군 관산읍 신동리 526번지,,,2025-07-30
장흥군,,한우,,,전라남도 장흥군 관산읍 신동리 488번지 1호,,,2025-07-30
장흥군,,한우,,,전라남도 장흥군 대덕읍 가학리 187번지 1호,,,2025-07-30
장흥군,,한우,,,전라남도 장흥군 장평면 선정리 403번지 3호,,,2025-07-30
장흥군,,한우,,,전라남도 장흥군 용산면 접정리 56번지 4호,,,2025-07-30
장흥군,,한우,,,전라남도 장흥군 용산면 인암리 831번지 3호,,,2025-07-30
장흥군,,한우,,,전라남도 장흥군 장동면 조양리 682번지 2호,,,2025-07-30
장흥군,,한우,,,전라남도 장흥군 장평면 광평리 132번지,,,2025-07-30
장흥군,,한우,,,전라남도 장흥군 부산면 내안리 429번지 1호,,,2025-07-30
장흥군,,한우,,,전라남도 장흥군 회진면 신상리 380번지,,,2025-07-30
장흥군,,한우,,,전라남도 장흥군 안양면 해창리 6번지,,,2025-07-30
장흥군,,한우,,,전라남도 장흥군 대덕읍 도청리 193번지,,,2025-07-30
장흥군,,한우,,,전라남도 장흥군 용산면 상발리 65번지 1호,,,2025-07-30
장흥군,,한우,,,전라남도 장흥군 대덕읍 연정리 872번지 1호,,,2025-07-30
장흥군,,한우,,,전라남도 장흥군 관산읍 외동리 239번지 4호,,,2025-07-30
장흥군,,한우,,,전라남도 장흥군 대덕읍 도청리 380번지,,,2025-07-30
장흥군,,한우,,,전라남도 장흥군 관산읍 삼산리 456번지,,,2025-07-30
장흥군,,한우,,,전라남도 장흥군 유치면 봉덕리 228번지,,,2025-07-30
장흥군,,한우,,,전라남도 장흥군 유치면 반월리 512번지 4호,,,2025-07-30
장흥군,,한우,,,전라남도 장흥군 대덕읍 신리 796번지,,,2025-07-30
장흥군,,한우,,,전라남도 장흥군 안양면 지천리 226번지 1호,,,2025-07-30
장흥군,,한우,,,전라남도 장흥군 안양면 지천리 19번지,,,2025-07-30
장흥군,,한우,,,"전라남도 장흥군 회진면 덕산리 179번지 2호 , 121",,,2025-07-30
장흥군,,한우,,,전라남도 장흥군 유치면 신풍리 94번지 4호,,,2025-07-30
장흥군,,한우,,,전라남도 장흥군 유치면 대리 1026번지 2호,,,2025-07-30
장흥군,,한우,,,전라남도 장흥군 회진면 진목리 1021번지,,,2025-07-30
장흥군,,한우,,,전라남도 장흥군 안양면 해창리 751번지 1호,,,2025-07-30
장흥군,,한우,,,전라남도 장흥군 안양면 당암리 산 46번지 17호,,,2025-07-30
장흥군,,한우,,,전라남도 장흥군 관산읍 삼산리 1748번지 2호,,,2025-07-30
장흥군,,한우,,,전라남도 장흥군 용산면 인암리 81번지 1호,,,2025-07-30
장흥군,,한우,,,전라남도 장흥군 장동면 북교리 300번지 70호,,,2025-07-30
장흥군,,한우,,,전라남도 장흥군 관산읍 고마리 963번지 2호,,,2025-07-30
장흥군,,한우,,,전라남도 장흥군 관산읍 외동리 393번지 1호,,,2025-07-30
장흥군,,한우,,,전라남도 장흥군 안양면 기산리 562번지 1호,,,2025-07-30
장흥군,,한우,,,전라남도 장흥군 용산면 상발리 349번지,,,2025-07-30
장흥군,,한우,,,전라남도 장흥군 장평면 축내리 374번지 1호,,,2025-07-30
장흥군,,한우,,,전라남도 장흥군 장동면 만년리 475번지 9호,,,2025-07-30
장흥군,,한우,,,전라남도 장흥군 관산읍 고마리 951번지 4호,,,2025-07-30
장흥군,,한우,,,전라남도 장흥군 관산읍 신동리 13번지 2호,,,2025-07-30
장흥군,,한우,,,전라남도 장흥군 용산면 인암리 793번지 3호,,,2025-07-30
장흥군,,한우,,,전라남도 장흥군 관산읍 용전리 362번지,,,2025-07-30
장흥군,,한우,,,전라남도 장흥군 대덕읍 연지리 17번지,,,2025-07-30
장흥군,,한우,,,전라남도 장흥군 대덕읍 연정리 816번지 2호,,,2025-07-30
장흥군,,한우,,,전라남도 장흥군 용산면 운주리 14번지 7호,,,2025-07-30
장흥군,,한우,,,전라남도 장흥군 대덕읍 연정리 723번지 2호,,,2025-07-30
장흥군,,한우,,,전라남도 장흥군 대덕읍 연정리 487번지,,,2025-07-30
장흥군,,한우,,,전라남도 장흥군 대덕읍 잠두리 172번지 1호,,,2025-07-30
장흥군,,한우,,,전라남도 장흥군 용산면 덕암리 79번지 7호,,,2025-07-30
장흥군,,한우,,,전라남도 장흥군 관산읍 삼산리 123번지,,,2025-07-30
장흥군,,한우,,,전라남도 장흥군 용산면 운주리 산 106번지,,,2025-07-30
장흥군,,한우,,,전라남도 장흥군 용산면 계산리 49번지,,,2025-07-30
장흥군,,한우,,,전라남도 장흥군 관산읍 송촌리 178번지,,,2025-07-30
장흥군,,한우,,,전라남도 장흥군 관산읍 송촌리 385번지 1호,,,2025-07-30
장흥군,,한우,,,전라남도 장흥군 관산읍 송촌리 507번지,,,2025-07-30
장흥군,,한우,,,전라남도 장흥군 관산읍 신동리 184번지 1호,,,2025-07-30
장흥군,,한우,,,전라남도 장흥군 관산읍 죽청리 214번지,,,2025-07-30
장흥군,,한우,,,전라남도 장흥군 회진면 진목리 202번지,,,2025-07-30
장흥군,,한우,,,전라남도 장흥군 대덕읍 잠두리 산 126번지,,,2025-07-30
장흥군,,한우,,,전라남도 장흥군 장동면 용곡리 674번지,,,2025-07-30
장흥군,,한우,,,전라남도 장흥군 장흥읍 행원리 894번지,,,2025-07-30
장흥군,,한우,,,전라남도 장흥군 회진면 신상리 161번지,,,2025-07-30
장흥군,,한우,,,전라남도 장흥군 대덕읍 도청리 659번지,,,2025-07-30
장흥군,,한우,,,전라남도 장흥군 대덕읍 도청리 609번지 1호,,,2025-07-30
장흥군,,한우,,,전라남도 장흥군 대덕읍 연지리 558번지 5호,,,2025-07-30
장흥군,,한우,,,전라남도 장흥군 대덕읍 잠두리 267번지,,,2025-07-30
장흥군,,한우,,,전라남도 장흥군 장평면 축내리 508번지,,,2025-07-30
장흥군,,한우,,,전라남도 장흥군 안양면 당암리 502번지,,,2025-07-30
장흥군,,한우,,,전라남도 장흥군 관산읍 성산리 98번지,,,2025-07-30
장흥군,,한우,,,전라남도 장흥군 관산읍 죽청리 171번지,,,2025-07-30
장흥군,,한우,,,전라남도 장흥군 대덕읍 분토리 180번지 7호,,,2025-07-30
장흥군,,한우,,,전라남도 장흥군 관산읍 고마리 943번지 1호,,,2025-07-30
장흥군,,한우,,,전라남도 장흥군 안양면 지천리 168번지,,,2025-07-30
장흥군,,한우,,,전라남도 장흥군 관산읍 외동리 8739번지 9호,,,2025-07-30
장흥군,,한우,,,전라남도 장흥군 대덕읍 도청리 175번지,,,2025-07-30
장흥군,,한우,,,전라남도 장흥군 용산면 접정리 605번지 1호,,,2025-07-30
장흥군,,한우,,,전라남도 장흥군 대덕읍 도청리 256번지 3호,,,2025-07-30
장흥군,,한우,,,전라남도 장흥군 회진면 신상리 141번지,,,2025-07-30
장흥군,,한우,,,전라남도 장흥군 용산면 녹원리 291번지 1호,,,2025-07-30
장흥군,,한우,,,전라남도 장흥군 대덕읍 도청리 398번지 6호,,,2025-07-30
장흥군,,한우,,,전라남도 장흥군 관산읍 방촌리 365번지 1호,,,2025-07-30
장흥군,,한우,,,전라남도 장흥군 부산면 구룡리 661번지 1호,,,2025-07-30
장흥군,,한우,,,전라남도 장흥군 부산면 구룡리 산 102번지 3호,,,2025-07-30
장흥군,,한우,,,전라남도 장흥군 대덕읍 연지리 535번지 1호,,,2025-07-30
장흥군,,한우,,,전라남도 장흥군 회진면 덕산리 825번지,,,2025-07-30
장흥군,,한우,,,전라남도 장흥군 관산읍 삼산리 1번지 23호,,,2025-07-30
장흥군,,한우,,,전라남도 장흥군 관산읍 삼산리 1-5번지,,,2025-07-30
장흥군,,한우,,,전라남도 장흥군 관산읍 지정리 2번지 5호,,,2025-07-30
장흥군,,한우,,,전라남도 장흥군 관산읍 지정리 160번지 2호,,,2025-07-30
장흥군,,한우,,,전라남도 장흥군 관산읍 삼산리 151번지 1호,,,2025-07-30
장흥군,,한우,,,전라남도 장흥군 관산읍 방촌리 514번지,,,2025-07-30
장흥군,,한우,,,전라남도 장흥군 관산읍 삼산리 64번지 1호,,,2025-07-30
장흥군,,한우,,,전라남도 장흥군 관산읍 삼산리 169번지 1호,,,2025-07-30
장흥군,,한우,,,전라남도 장흥군 관산읍 외동리 92번지,,,2025-07-30
장흥군,,한우,,,전라남도 장흥군 관산읍 신동리 235번지 1호,,,2025-07-30
장흥군,,한우,,,전라남도 장흥군 관산읍 외동리 544번지,,,2025-07-30
장흥군,,한우,,,전라남도 장흥군 관산읍 농안리 350번지 1호,,,2025-07-30
장흥군,,한우,,,전라남도 장흥군 대덕읍 연지리 558번지 3호,,,2025-07-30
장흥군,,한우,,,전라남도 장흥군 대덕읍 가학리 609번지,,,2025-07-30
장흥군,,한우,,,전라남도 장흥군 장흥읍 성불리 76번지 1호,,,2025-07-30
장흥군,,한우,,,전라남도 장흥군 대덕읍 연지리 362번지 2호,,,2025-07-30
장흥군,,한우,,,전라남도 장흥군 안양면 해창리 252번지,,,2025-07-30
장흥군,,한우,,,전라남도 장흥군 안양면 해창리 252번지 5호,,,2025-07-30
장흥군,,한우,,,전라남도 장흥군 대덕읍 잠두리 305번지 1호,,,2025-07-30
장흥군,,한우,,,전라남도 장흥군 관산읍 남송리 631번지 6호,,,2025-07-30
장흥군,,한우,,,전라남도 장흥군 관산읍 외동리 31번지,,,2025-07-30
장흥군,,한우,,,전라남도 장흥군 관산읍 외동리 671번지 1호,,,2025-07-30
장흥군,,한우,,,전라남도 장흥군 장평면 병동리 685번지 1호,,,2025-07-30
장흥군,,한우,,,전라남도 장흥군 장평면 양촌리 164번지 24호,,,2025-07-30
장흥군,,한우,,,전라남도 장흥군 장평면 봉림리 245번지,,,2025-07-30
장흥군,,한우,,,전라남도 장흥군 관산읍 고마리 793번지 1호,,,2025-07-30
장흥군,,한우,,,전라남도 장흥군 관산읍 삼산리 492번지 3호,,,2025-07-30
장흥군,,한우,,,전라남도 장흥군 관산읍 죽청리 47번지 1호,,,2025-07-30
장흥군,,한우,,,전라남도 장흥군 관산읍 죽청리 141번지,,,2025-07-30
장흥군,,한우,,,전라남도 장흥군 관산읍 죽청리 46번지,,,2025-07-30
장흥군,,한우,,,"전라남도 장흥군 관산읍 죽청리 640-1, 640-2번지",,,2025-07-30
장흥군,,한우,,,전라남도 장흥군 관산읍 옥당리 230번지 2호,,,2025-07-30
장흥군,,한우,,,전라남도 장흥군 관산읍 외동리 1932번지,,,2025-07-30
장흥군,,한우,,,전라남도 장흥군 관산읍 삼산리 1571번지,,,2025-07-30
장흥군,,한우,,,전라남도 장흥군 용산면 접정리 34번지 12호,,,2025-07-30
장흥군,,한우,,,전라남도 장흥군 관산읍 용전리 100번지,,,2025-07-30
장흥군,,한우,,,전라남도 장흥군 관산읍 죽청리 309번지 11호,,,2025-07-30
장흥군,,한우,,,전라남도 장흥군 대덕읍 잠두리 41번지,,,2025-07-30
장흥군,,한우,,,전라남도 장흥군 용산면 관지리 154번지,,,2025-07-30
장흥군,,한우,,,전라남도 장흥군 장흥읍 평장리 649번지,,,2025-07-30
장흥군,,한우,,,전라남도 장흥군 안양면 사촌리 412번지 11호,,,2025-07-30
장흥군,,한우,,,전라남도 장흥군 장흥읍 삼산리 715번지 10호,,,2025-07-30
장흥군,,한우,,,전라남도 장흥군 관산읍 죽교리 50번지 1호,,,2025-07-30
장흥군,,한우,,,전라남도 장흥군 장흥읍 평화리 162번지 4호,,,2025-07-30
장흥군,,한우,,,전라남도 장흥군 용산면 상금리 555번지 7호,,,2025-07-30
장흥군,,한우,,,전라남도 장흥군 장흥읍 금산리 756번지,,,2025-07-30
장흥군,,한우,,,전라남도 장흥군 회진면 회진리 1250번지,,,2025-07-30
장흥군,,한우,,,전라남도 장흥군 관산읍 외동리 233번지 외1필지,,,2025-07-30
장흥군,,한우,,,전라남도 장흥군 관산읍 죽청리 120번지 3호,,,2025-07-30
장흥군,,한우,,,전라남도 장흥군 용산면 상금리 521번지 외1필지,,,2025-07-30
장흥군,,한우,,,전라남도 장흥군 관산읍 외동리 310번지 1호,,,2025-07-30
장흥군,,육계,,,전라남도 장흥군 장흥읍 우산리 141번지,,,2025-07-30
장흥군,,한우,,,전라남도 장흥군 대덕읍 가학리 170번지,,,2025-07-30
장흥군,,육계,,,전라남도 장흥군 용산면 월송리 546번지,,,2025-07-30
장흥군,,한우,,,전라남도 장흥군 장동면 봉동리 765번지,,,2025-07-30
장흥군,,육계,,,전라남도 장흥군 용산면 계산리 415번지 9호,,,2025-07-30
장흥군,,육계,,,전라남도 장흥군 장동면 하산리 85번지 1호,,,2025-07-30
장흥군,,육계,,,전라남도 장흥군 관산읍 죽청리 269번지 4호,,,2025-07-30
장흥군,,한우,,,전라남도 장흥군 관산읍 삼산리 184번지 18호,,,2025-07-30
장흥군,,한우,,,전라남도 장흥군 장흥읍 덕제리 492번지 3호,,,2025-07-30
장흥군,,육계,,,전라남도 장흥군 용산면 상발리 693번지,,,2025-07-30
장흥군,,한우,,,"전라남도 장흥군 안양면 모령리 217-1, 216-8, 216-9번지",,,2025-07-30
장흥군,,육계,,,전라남도 장흥군 안양면 모령리 623번지 3호,,,2025-07-30
장흥군,,육계,,,전라남도 장흥군 장흥읍 평화리 35번지 4호 외 1필지,,,2025-07-30
장흥군,,한우,,,전라남도 장흥군 회진면 회진리 1599호 3통,,,2025-07-30
장흥군,,한우,,,전라남도 장흥군 관산읍 삼산리 252번지 1호,,,2025-07-30
장흥군,,한우,,,전라남도 장흥군 대덕읍 신리 213번지 2호,,,2025-07-30
장흥군,,한우,,,전라남도 장흥군 관산읍 외동리 58번지 4호 외 1필지,,,2025-07-30
장흥군,,한우,,,전라남도 장흥군 안양면 신촌리 471번지 8호,,,2025-07-30
장흥군,,한우,,,전라남도 장흥군 관산읍 옥당리 523번지 11호,,,2025-07-30
장흥군,,한우,,,전라남도 장흥군 장흥읍 순지리 17번지,,,2025-07-30
장흥군,,한우,,,전라남도 장흥군 대덕읍 신월리 655번지 2호 외 1필지,,,2025-07-30
장흥군,,육계,,,전라남도 장흥군 장흥읍 성불리 344번지 1호,,,2025-07-30
장흥군,,한우,,,전라남도 장흥군 대덕읍 연정리 440번지,,,2025-07-30
장흥군,,한우,,,전라남도 장흥군 회진면 회진리 481번지 1호,,,2025-07-30
장흥군,,한우,,,전라남도 장흥군 용산면 어산리 507번지,,,2025-07-30
장흥군,,한우,,,전라남도 장흥군 용산면 덕암리 228번지 1호,,,2025-07-30
장흥군,,오리,,,전라남도 장흥군 부산면 부춘리 561번지 1호,,,2025-07-30
장흥군,,한우,,,전라남도 장흥군 장동면 북교리 273번지 10호,,,2025-07-30
장흥군,,오리,,,전라남도 장흥군 부산면 유량리 214번지 7호,,,2025-07-30
장흥군,,한우,,,전라남도 장흥군 대덕읍 잠두리 69번지,,,2025-07-30
장흥군,,한우,,,전라남도 장흥군 부산면 호계리 37번지 2호,,,2025-07-30
장흥군,,한우,,,전라남도 장흥군 관산읍 삼산리 258번지 12호,,,2025-07-30
장흥군,,한우,,,전라남도 장흥군 관산읍 남송리 108번지 13호,,,2025-07-30
장흥군,,오리,,,전라남도 장흥군 부산면 기동리 344번지 5호,,,2025-07-30
장흥군,,한우,,,전라남도 장흥군 관산읍 외동리 672번지 1호,,,2025-07-30
장흥군,,한우,,,전라남도 장흥군 대덕읍 연정리 712번지 12호,,,2025-07-30
장흥군,,한우,,,전라남도 장흥군 장동면 봉동리 170번지 1호,,,2025-07-30
장흥군,,한우,,,전라남도 장흥군 관산읍 삼산리 398번지,,,2025-07-30
장흥군,,한우,,,전라남도 장흥군 용산면 녹원리 386번지 7호,,,2025-07-30
장흥군,,한우,,,전라남도 장흥군 장평면 축내리 550번지 7호,,,2025-07-30
장흥군,,한우,,,전라남도 장흥군 회진면 회진리 1621번지 1호,,,2025-07-30
장흥군,,한우,,,전라남도 장흥군 대덕읍 신리 462번지 2호,,,2025-07-30
장흥군,,한우,,,전라남도 장흥군 장동면 북교리 841번지 2호,,,2025-07-30
장흥군,,한우,,,전라남도 장흥군 관산읍 하발리 935번지,,,2025-07-30
장흥군,,한우,,,"전라남도 장흥군 관산읍 삼산리 241번지 -9, -10",,,2025-07-30
장흥군,,한우,,,전라남도 장흥군 관산읍 신동리 517번지 5호,,,2025-07-30
장흥군,,한우,,,전라남도 장흥군 대덕읍 연지리 911번지,,,2025-07-30
장흥군,,한우,,,전라남도 장흥군 대덕읍 연정리 763번지 13호,,,2025-07-30
장흥군,,한우,,,전라남도 장흥군 회진면 회진리 61번지 1호 외 1필지,,,2025-07-30
장흥군,,한우,,,전라남도 장흥군 장평면 양촌리 379번지,,,2025-07-30
장흥군,,한우,,,전라남도 장흥군 대덕읍 도청리 200번지 1호,,,2025-07-30
장흥군,,오리,,,전라남도 장흥군 회진면 회진리 2166번지 1호 2166-2,,,2025-07-30
장흥군,,한우,,,전라남도 장흥군 부산면 유량리 220번지 8호 외1필지,,,2025-07-30
장흥군,,한우,,,전라남도 장흥군 관산읍 삼산리 455번지,,,2025-07-30
장흥군,,한우,,,전라남도 장흥군 관산읍 농안리 630번지,,,2025-07-30
장흥군,,한우,,,전라남도 장흥군 안양면 당암리 609번지 외 1필지,,,2025-07-30
장흥군,,한우,,,전라남도 장흥군 관산읍 삼산리 593번지,,,2025-07-30
장흥군,,한우,,,전라남도 장흥군 관산읍 삼산리,,,2025-07-30
장흥군,,한우,,,전라남도 장흥군 관산읍 삼산리 333번지,,,2025-07-30
장흥군,,한우,,,전라남도 장흥군 관산읍 삼산리 594번지,,,2025-07-30
장흥군,,한우,,,전라남도 장흥군 관산읍 삼산리 331번지 5호,,,2025-07-30
장흥군,,한우,,,전라남도 장흥군 관산읍 삼산리 592번지,,,2025-07-30
장흥군,,한우,,,전라남도 장흥군 관산읍 삼산리 504번지 3호,,,2025-07-30
장흥군,,한우,,,전라남도 장흥군 관산읍 삼산리 356번지 1호,,,2025-07-30
장흥군,,한우,,,전라남도 장흥군 관산읍 외동리 59번지 1호,,,2025-07-30
장흥군,,한우,,,전라남도 장흥군 관산읍 삼산리 408번지,,,2025-07-30
장흥군,,한우,,,전라남도 장흥군 용산면 어산리 706번지 1호,,,2025-07-30
장흥군,,한우,,,전라남도 장흥군 관산읍 외동리 62번지 6호,,,2025-07-30
장흥군,,한우,,,전라남도 장흥군 관산읍 삼산리 509번지 3호,,,2025-07-30
장흥군,,한우,,,전라남도 장흥군 관산읍 삼산리 312번지 2호,,,2025-07-30
장흥군,,한우,,,전라남도 장흥군 관산읍 삼산리 343번지 1호,,,2025-07-30
장흥군,,한우,,,전라남도 장흥군 관산읍 삼산리 514번지 외1필지,,,2025-07-30
장흥군,,한우,,,전라남도 장흥군 관산읍 삼산리 590번지,,,2025-07-30
장흥군,,한우,,,"전라남도 장흥군 회진면 회진리 1076번지 2호 , 1262-1",,,2025-07-30
장흥군,,한우,,,전라남도 장흥군 관산읍 죽청리 69번지,,,2025-07-30
장흥군,,한우,,,전라남도 장흥군 관산읍 삼산리 533번지 15호,,,2025-07-30
장흥군,,한우,,,전라남도 장흥군 관산읍 삼산리 1번지 7호,,,2025-07-30
장흥군,,한우,,,전라남도 장흥군 안양면 지천리 186번지 1호,,,2025-07-30
장흥군,,한우,,,전라남도 장흥군 관산읍 송촌리 384번지 2호,,,2025-07-30
장흥군,,한우,,,전라남도 장흥군 대덕읍 가학리 742번지 1호,,,2025-07-30
장흥군,,한우,,,전라남도 장흥군 대덕읍 도청리 639번지 1호,,,2025-07-30
장흥군,,한우,,,전라남도 장흥군 장흥읍 영전리 747번지 4호,,,2025-07-30
장흥군,,한우,,,전라남도 장흥군 대덕읍 연정리 1334번지 5호,,,2025-07-30
장흥군,,한우,,,전라남도 장흥군 용산면 상금리 237번지 1호,,,2025-07-30
장흥군,,한우,,,전라남도 장흥군 관산읍 외동리 24번지 4호,,,2025-07-30
장흥군,,한우,,,"전라남도 장흥군 관산읍 삼산리 1336번지 1호 , 1334-2",,,2025-07-30
장흥군,,한우,,,전라남도 장흥군 관산읍 고마리 96번지 외 1필지,,,2025-07-30
장흥군,,한우,,,전라남도 장흥군 용산면 접정리 307번지 4호 외 2필지,,,2025-07-30
장흥군,,종계/산란계,,,전라남도 장흥군 장평면 병동리 635번지,,,2025-07-30
장흥군,,한우,,,전라남도 장흥군 안양면 수문리 427번지 1호,,,2025-07-30
장흥군,,한우,,,전라남도 장흥군 장흥읍 우산리 163번지,,,2025-07-30
장흥군,,한우,,,전라남도 장흥군 용산면 운주리 579번지 6호,,,2025-07-30
장흥군,,한우,,,전라남도 장흥군 대덕읍 신월리 501번지,,,2025-07-30
장흥군,,한우,,,전라남도 장흥군 대덕읍 연지리 197번지 4호 외 1필지,,,2025-07-30
장흥군,,한우,,,전라남도 장흥군 관산읍 외동리 218번지,,,2025-07-30
장흥군,,한우,,,전라남도 장흥군 대덕읍 연지리 998번지,,,2025-07-30
장흥군,,한우,,,전라남도 장흥군 장흥읍 향양리 87번지 1호,,,2025-07-30
장흥군,,한우,,,전라남도 장흥군 장흥읍 평화리 155번지 19호,,,2025-07-30
장흥군,,한우,,,전라남도 장흥군 장동면 하산리 645번지,,,2025-07-30
장흥군,,한우,,,전라남도 장흥군 관산읍 용전리 395번지,,,2025-07-30
장흥군,,한우,,,전라남도 장흥군 관산읍 삼산리 1336번지 2호,,,2025-07-30
장흥군,,한우,,,전라남도 장흥군 장흥읍 원도리 2번지,,,2025-07-30
장흥군,,한우,,,전라남도 장흥군 대덕읍 신월리 436번지,,,2025-07-30
장흥군,,한우,,,전라남도 장흥군 장평면 임리 455번지,,,2025-07-30
장흥군,,한우,,,전라남도 장흥군 장평면 임리 403번지,,,2025-07-30
장흥군,,한우,,,전라남도 장흥군 장평면 임리 244번지,,,2025-07-30
장흥군,,한우,,,전라남도 장흥군 관산읍 외동리 752번지 294호,,,2025-07-30
장흥군,,한우,,,전라남도 장흥군 대덕읍 신월리 604번지,,,2025-07-30
장흥군,,한우,,,전라남도 장흥군 관산읍 송촌리 408번지 1호,,,2025-07-30
장흥군,,한우,,,전라남도 장흥군 용산면 접정리 307번지 4호,,,2025-07-30
장흥군,,한우,,,"전라남도 장흥군 용산면 계산리 416-17, 416-25번지",,,2025-07-30
장흥군,,한우,,,전라남도 장흥군 대덕읍 가학리 1158번지 1호,,,2025-07-30
장흥군,,한우,,,전라남도 장흥군 회진면 진목리 1372번지,,,2025-07-30
장흥군,,한우,,,"전라남도 장흥군 용산면 운주리 906, 941-19번지",,,2025-07-30
장흥군,,한우,,,전라남도 장흥군 용산면 녹원리 193-6번지,,,2025-07-30
장흥군,,육계,,500.0,전라남도 장흥군 장흥읍 평화리 35번지 4호 외 1필지,,,2025-12-16
장흥군,,한우,,,전라남도 장흥군 유치면 조양리 1119-1번지,,,2025-07-30
장흥군,,한우,,,전라남도 장흥군 관산읍 죽청리 161번지,,,2025-07-30
장흥군,,한우,,,전라남도 장흥군 용산면 인암리 977-7번지,,,2025-07-30
장흥군,,한우,,,전라남도 장흥군 대덕읍 연정리 1330-2번지,,,2025-07-30
장흥군,,한우,,,전라남도 장흥군 장평면 선정리 648-9번지,,,2025-07-30
장흥군,,한우,,,전라남도 장흥군 회진면 진목리 994번지,,,2025-07-30
장흥군,,한우,,,전라남도 장흥군 장흥읍 행원리 529-47번지,,,2025-07-30
장흥군,,한우,,,"전라남도 장흥군 대덕읍 신리 652번지 ,654,655",,,2025-07-30
장흥군,,한우,,,전라남도 장흥군 대덕읍 잠두리 613-12번지,,,2025-07-30
장흥군,,한우,,,"전라남도 장흥군 회진면 회진리 1164번지 14호 , 1772-7",,,2025-07-30
장흥군,,한우,,,전라남도 장흥군 대덕읍 연정리 591번지 11호,,,2025-07-30
장흥군,,한우,,,전라남도 장흥군 대덕읍 신월리 383-1번지,,,2025-07-30
장흥군,,한우,,,전라남도 장흥군 관산읍 하발리 961번지 1호,,,2025-07-30
장흥군,,한우,,,"전라남도 장흥군 장평면 양촌리 530-8, 530-10번지",,,2025-07-30
장흥군,,한우,,,전라남도 장흥군 대덕읍 도청리 728번지,,,2025-07-30
장흥군,,한우,,,전라남도 장흥군 관산읍 지정리 481번지 1호,,,2025-07-30
장흥군,,한우,,,"전라남도 장흥군 부산면 호계리 346-2, 346-1, 346-4번지(라동,D동)",,,2025-07-30
장흥군,,한우,,,전라남도 장흥군 관산읍 외동리 377-6번지,,,2025-07-30
장흥군,,한우,,,"전라남도 장흥군 안양면 해창리 1217-4, 1250-2번지",,,2025-07-30
장흥군,,한우,,,"전라남도 장흥군 용산면 풍길리 221, 219-1, 617-1번지",,,2025-07-30
장흥군,,한우,,,"전라남도 장흥군 부산면 호계리 341-5, 338-(1~7), 341-1, 341-(14~23)번지 / 가,마동",,,2025-07-30
장흥군,,한우,,,전라남도 장흥군 장흥읍 평장리 79번지,,,2025-07-30
장흥군,,오리,,10000.0,전라남도 장흥군 부산면 기동리 344번지 5호,,,2025-12-16
장흥군,,한우,,,전라남도 장흥군 관산읍 외동리 188번지,,,2025-07-30
장흥군,,한우,,,전라남도 장흥군 관산읍 하발리 84번지,,,2025-07-30
장흥군,,한우,,,전라남도 장흥군 장평면 임리 18-1번지,,,2025-07-30
장흥군,,육계,,40000.0,전라남도 장흥군 용산면 월송리 546번지,,,2025-12-16
장흥군,,한우,,,전라남도 장흥군 관산읍 죽청리 275번지 2호,,,2025-07-30
장흥군,,육계,,44000.0,전라남도 장흥군 장동면 하산리 85번지 1호,,,2025-12-16
장흥군,,한우,,,"전라남도 장흥군 대덕읍 신월리 439번지 1호 , 439-2",,,2025-07-30
장흥군,,한우,,,전라남도 장흥군 회진면 회진리 2165-16번지,,,2025-07-30
장흥군,,한우,,,전라남도 장흥군 용산면 접정리 2번지 5호,,,2025-07-30
장흥군,,육계,,57000.0,전라남도 장흥군 관산읍 죽청리 269번지 4호,,,2025-12-16
장흥군,,한우,,,전라남도 장흥군 안양면 사촌리 32번지 4호,,,2025-07-30
장흥군,,한우,,,"전라남도 장흥군 관산읍 삼산리 503-6, 503-7번지",,,2025-07-30
장흥군,,한우,,,전라남도 장흥군 장흥읍 평장리 86번지 주1동,,,2025-07-30
장흥군,,한우,,,전라남도 장흥군 대덕읍 가학리 759번지 7호,,,2025-07-30
장흥군,,한우,,,전라남도 장흥군 관산읍 고마리 74번지,,,2025-07-30
장흥군,,한우,,,"전라남도 장흥군 용산면 상금리 88-1, 88-24번지",,,2025-07-30
장흥군,,한우,,,전라남도 장흥군 관산읍 남송리 527번지 1호,,,2025-07-30
장흥군,,한우,,,"전라남도 장흥군 관산읍 죽청리 30번지 , 34, 35번지",,,2025-07-30
장흥군,,한우,,,"전라남도 장흥군 관산읍 남송리 100번지 5호 , 100-7번지",,,2025-07-30
장흥군,,한우,,,전라남도 장흥군 회진면 진목리 1795-1번지,,,2025-07-30
장흥군,,한우,,,전라남도 장흥군 대덕읍 잠두리 1019-52번지,,,2025-07-30
장흥군,,한우,,,전라남도 장흥군 대덕읍 잠두리 1019-90번지,,,2025-07-30
장흥군,,한우,,,"전라남도 장흥군 대덕읍 잠두리 272-5, 272-2번지",,,2025-07-30
장흥군,,한우,,,전라남도 장흥군 관산읍 삼산리 545-5번지,,,2025-07-30
장흥군,,한우,,,"전라남도 장흥군 대덕읍 신월리 166, 167, 1091-198, 1091-201번지",,,2025-07-30
장흥군,,한우,,,전라남도 장흥군 대덕읍 연정리 1321-3번지,,,2025-07-30
장흥군,,육계,,38000.0,전라남도 장흥군 안양면 모령리 623번지 3호,,,2025-12-16
장흥군,,오리,,16000.0,전라남도 장흥군 회진면 회진리 2166번지 1호 2166-2,,,2025-12-16
장흥군,,한우,,,전라남도 장흥군 관산읍 하발리 1165-5번지,,,2025-07-30
장흥군,,한우,,,전라남도 장흥군 장평면 봉림리 467번지,,,2025-07-30
장흥군,,한우,,,전라남도 장흥군 대덕읍 신리 1072-2번지,,,2025-07-30
장흥군,,한우,,,전라남도 장흥군 대덕읍 가학리 538-3번지,,,2025-07-30
장흥군,,한우,,,전라남도 장흥군 관산읍 외동리 757번지,,,2025-07-30
장흥군,,한우,,,전라남도 장흥군 회진면 신상리 308번지 2호,,,2025-07-30
장흥군,,한우,,,전라남도 장흥군 관산읍 신동리 517번지 3호,,,2025-07-30
장흥군,,한우,,,전라남도 장흥군 용산면 접정리 263번지 3호,,,2025-07-30
장흥군,,한우,,,전라남도 장흥군 장평면 녹양리 492번지,,,2025-07-30
장흥군,,한우,,,전라남도 장흥군 부산면 호계리 341번지 5호 부산호계한우단지 나동,,,2025-07-30
장흥군,,한우,,,전라남도 장흥군 회진면 회진리 1863번지 4호,,,2025-07-30
장흥군,,한우,,,전라남도 장흥군 관산읍 죽청리 421번지 35호,,,2025-07-30
장흥군,,한우,,,전라남도 장흥군 대덕읍 도청리 35번지 2호,,,2025-07-30
장흥군,,한우,,,전라남도 장흥군 관산읍 삼산리 1332번지 3호,,,2025-07-30
장흥군,,한우,,,전라남도 장흥군 관산읍 죽청리 27번지 8호,,,2025-07-30
장흥군,,한우,,,전라남도 장흥군 대덕읍 신리 226-13번지,,,2025-07-30
장흥군,,한우,,,"전라남도 장흥군 대덕읍 도청리 579번지 1호 ,579-2",,,2025-07-30
장흥군,,한우,,,전라남도 장흥군 관산읍 부평리 17번지,,,2025-07-30
장흥군,,한우,,,전라남도 장흥군 장평면 양촌리 609번지 7호,,,2025-07-30
장흥군,,한우,,,전라남도 장흥군 관산읍 죽청리 95번지,,,2025-07-30
장흥군,,한우,,,전라남도 장흥군 장평면 양촌리 167번지 2호,,,2025-07-30
장흥군,,한우,,,전라남도 장흥군 관산읍 삼산리 591번지 1호,,,2025-07-30
장흥군,,한우,,,전라남도 장흥군 안양면 사촌리 421번지 2호,,,2025-07-30
장흥군,,한우,,,"전라남도 장흥군 안양면 해창리 361, 354-4, 361-2, 365-1번지(다동)",,,2025-07-30
장흥군,,한우,,,전라남도 장흥군 관산읍 남송리 108번지 8호,,,2025-07-30
장흥군,,한우,,,전라남도 장흥군 대덕읍 도청리 43번지 11호,,,2025-07-30
장흥군,,오리,,,전라남도 장흥군 장평면 기동리 691번지,,,2025-07-30
장흥군,,한우,,,전라남도 장흥군 부산면 내안리 933번지 4호,,,2025-07-30
장흥군,,한우,,,전라남도 장흥군 부산면 부춘리 559번지 2호,,,2025-07-30
장흥군,,한우,,,전라남도 장흥군 대덕읍 연정리 574번지 2호,,,2025-07-30
장흥군,,한우,,,전라남도 장흥군 안양면 수문리 416번지 13호,,,2025-07-30
장흥군,,한우,,,전라남도 장흥군 대덕읍 연정리 442번지,,,2025-07-30
장흥군,,한우,,,전라남도 장흥군 용산면 풍길리 948번지 5호,,,2025-07-30
장흥군,,한우,,,"전라남도 장흥군 대덕읍 연정리 491번지 6호 , 491-7",,,2025-07-30
장흥군,,한우,,,"전라남도 장흥군 용산면 상금리 265번지 9호 ,265-11",,,2025-07-30
장흥군,,한우,,,"전라남도 장흥군 안양면 수양리 204, 144-2번지",,,2025-07-30
장흥군,,한우,,,"전라남도 장흥군 용산면 관지리 646-15, 646-9, 621-3번지",,,2025-07-30
장흥군,,돼지,,,전라남도 장흥군 관산읍 송촌리,,,2025-07-30
장흥군,,한우,,,전라남도 장흥군 관산읍 외동리 313번지,,,2025-07-30
장흥군,,한우,,,전라남도 장흥군 관산읍 죽청리 117번지,,,2025-07-30
장흥군,,한우,,,전라남도 장흥군 대덕읍 잠두리 791-6번지,,,2025-07-30
장흥군,,한우,,,전라남도 장흥군 대덕읍 도청리 38-5번지,,,2025-07-30
장흥군,,돼지,,,전라남도 장흥군 유치면 대천리 20번지,,,2025-07-30
장흥군,,돼지,,,전라남도 장흥군 관산읍 신동리 35번지,,,2025-07-30
장흥군,,한우,,,"전라남도 장흥군 대덕읍 도청리 29-3, 29-4, 29-5번지",,,2025-07-30
장흥군,,한우,,,전라남도 장흥군 용산면 접정리 405번지 13호,,,2025-07-30
장흥군,,돼지,,,전라남도 장흥군 대덕읍 가학리 590번지 4호,,,2025-07-30
장흥군,,돼지,,,전라남도 장흥군 대덕읍 신월리 486번지 2호,,,2025-07-30
장흥군,,돼지,,,전라남도 장흥군 대덕읍 잠두리 296번지,,,2025-07-30
장흥군,,한우,,,전라남도 장흥군 장평면 축내리 260번지 9호,,,2025-07-30
장흥군,,돼지,,,전라남도 장흥군 용산면 접정리 639번지 1호,,,2025-07-30
장흥군,,돼지,,,전라남도 장흥군 회진면 덕산리 795번지,,,2025-07-30
장흥군,,한우,,,전라남도 장흥군 관산읍 성산리 264번지,,,2025-07-30
장흥군,,돼지,,,전라남도 장흥군 안양면 기산리 184번지 1호,,,2025-07-30
장흥군,,돼지,,,전라남도 장흥군 장동면 배산리 179번지,,,2025-07-30
장흥군,,한우,,,전라남도 장흥군 관산읍 외동리 310-6번지,,,2025-07-30
장흥군,,한우,,,전라남도 장흥군 대덕읍 연정리 683번지 31호,,,2025-07-30
장흥군,,돼지,,,전라남도 장흥군 유치면 운월리 산 142번지 1호,,,2025-07-30
장흥군,,한우,,,전라남도 장흥군 회진면 덕산리 1767번지 1호,,,2025-07-30
장흥군,,한우,,,전라남도 장흥군 용산면 관지리 6번지 1호,,,2025-07-30
장흥군,,한우,,,전라남도 장흥군 안양면 신촌리 473번지 5호,,,2025-07-30
장흥군,,한우,,,전라남도 장흥군 용산면 관지리 16번지 1호,,,2025-07-30
장흥군,,한우,,,전라남도 장흥군 관산읍 남송리 108번지 11호,,,2025-07-30
장흥군,,한우,,,전라남도 장흥군 관산읍 신동리 355번지 1호,,,2025-07-30
장흥군,,돼지,,,전라남도 장흥군 안양면 신촌리 377번지,,,2025-07-30
장흥군,,한우,,,전라남도 장흥군 관산읍 농안리 279번지 외3필지,,,2025-07-30
장흥군,,한우,,,전라남도 장흥군 부산면 구룡리 454번지 1호 외 1필지,,,2025-07-30
장흥군,,한우,,,"전라남도 장흥군 장평면 내동리 589, 588번지",,,2025-07-30
장흥군,,한우,,,전라남도 장흥군 장흥읍 영전리 456번지,,,2025-07-30
장흥군,,한우,,,전라남도 장흥군 대덕읍 신리 826번지 1호,,,2025-07-30
장흥군,,한우,,,전라남도 장흥군 관산읍 외동리 634번지 5호,,,2025-07-30
장흥군,,한우,,,전라남도 장흥군 용산면 금곡리 15번지 1호,,,2025-07-30
장흥군,,한우,,,전라남도 장흥군 대덕읍 신리 829번지 1호,,,2025-07-30
장흥군,,한우,,,전라남도 장흥군 대덕읍 신월리 449번지 1호,,,2025-07-30
장흥군,,한우,,,전라남도 장흥군 안양면 기산리 193번지,,,2025-07-30
장흥군,,한우,,,전라남도 장흥군 대덕읍 가학리 157번지,,,2025-07-30
장흥군,,한우,,,전라남도 장흥군 대덕읍 도청리 680번지,,,2025-07-30
장흥군,,한우,,,전라남도 장흥군 대덕읍 연정리 443번지 5호,,,2025-07-30
장흥군,,한우,,,전라남도 장흥군 대덕읍 도청리 43번지 8호,,,2025-07-30
장흥군,,한우,,,전라남도 장흥군 용산면 접정리 272번지,,,2025-07-30
장흥군,,한우,,,전라남도 장흥군 장동면 용곡리 816번지,,,2025-07-30
장흥군,,한우,,,전라남도 장흥군 용산면 어산리 84번지 3호,,,2025-07-30
장흥군,,한우,,,전라남도 장흥군 장동면 조양리 351번지,,,2025-07-30
장흥군,,한우,,,전라남도 장흥군 장동면 만년리 662번지 11호,,,2025-07-30
장흥군,,한우,,,전라남도 장흥군 용산면 금곡리 259번지,,,2025-07-30
장흥군,,한우,,,전라남도 장흥군 장평면 기동리 17번지 8호,,,2025-07-30
장흥군,,한우,,,전라남도 장흥군 관산읍 용전리 554번지,,,2025-07-30
장흥군,,한우,,,전라남도 장흥군 장평면 축내리 737번지,,,2025-07-30
장흥군,,한우,,,전라남도 장흥군 대덕읍 잠두리 685번지 외 1필지,,,2025-07-30
장흥군,,한우,,,전라남도 장흥군 대덕읍 연지리 5번지 154호,,,2025-07-30
장흥군,,한우,,,전라남도 장흥군 장평면 축내리 550번지 6호,,,2025-07-30
장흥군,,한우,,,전라남도 장흥군 대덕읍 연정리 722번지 4호,,,2025-07-30
장흥군,,한우,,,전라남도 장흥군 장평면 제산리 833번지 3호,,,2025-07-30
장흥군,,한우,,,전라남도 장흥군 대덕읍 신월리 175번지 2호,,,2025-07-30
장흥군,,한우,,,전라남도 장흥군 관산읍 용전리 248번지 1호,,,2025-07-30
장흥군,,한우,,,전라남도 장흥군 장동면 만년리 287번지 1호,,,2025-07-30
장흥군,,한우,,,전라남도 장흥군 대덕읍 신월리 174번지 3호,,,2025-07-30
장흥군,,한우,,,전라남도 장흥군 대덕읍 연정리 211번지 8호,,,2025-07-30
장흥군,,한우,,,전라남도 장흥군 안양면 수양리 324번지,,,2025-07-30
장흥군,,한우,,,전라남도 장흥군 대덕읍 도청리 560번지,,,2025-07-30
장흥군,,한우,,,전라남도 장흥군 대덕읍 잠두리 601번지 1호,,,2025-07-30
장흥군,,한우,,,전라남도 장흥군 대덕읍 연정리 457번지 1호,,,2025-07-30
장흥군,,한우,,,"전라남도 장흥군 대덕읍 도청리 719, 716-5, 716-4, 721, 719-3, 721-1,714-3번지",,,2025-07-30
장흥군,,한우,,,전라남도 장흥군 유치면 관동리 311번지 1호,,,2025-07-30
장흥군,,한우,,,전라남도 장흥군 용산면 상발리 222번지 3호,,,2025-07-30
장흥군,,한우,,,전라남도 장흥군 장흥읍 행원리 568번지 3호,,,2025-07-30
장흥군,,한우,,,전라남도 장흥군 대덕읍 신월리 165번지,,,2025-07-30
장흥군,,한우,,,전라남도 장흥군 대덕읍 잠두리 71번지,,,2025-07-30
장흥군,,한우,,,전라남도 장흥군 대덕읍 연정리 462번지,,,2025-07-30
장흥군,,한우,,,전라남도 장흥군 대덕읍 신리 802번지 6호,,,2025-07-30
장흥군,,한우,,,전라남도 장흥군 대덕읍 연정리 1339번지 4호,,,2025-07-30
장흥군,,한우,,,전라남도 장흥군 대덕읍 연정리 648번지,,,2025-07-30
장흥군,,한우,,,전라남도 장흥군 대덕읍 연정리 559번지,,,2025-07-30
장흥군,,한우,,,전라남도 장흥군 관산읍 신동리 100번지 1호,,,2025-07-30
장흥군,,한우,,,"전라남도 장흥군 대덕읍 도청리 698-1, 698-3, 697-1번지",,,2025-07-30
장흥군,,한우,,,전라남도 장흥군 장흥읍 영전리 332번지,,,2025-07-30
장흥군,,한우,,,전라남도 장흥군 장흥읍 덕제리 422번지 1호,,,2025-07-30
장흥군,,한우,,,전라남도 장흥군 장흥읍 삼산리 71번지,,,2025-07-30
장흥군,,한우,,,전라남도 장흥군 장흥읍 금산리 산 190번지 5호,,,2025-07-30
장흥군,,한우,,,전라남도 장흥군 관산읍 외동리 195번지,,,2025-07-30
장흥군,,한우,,,전라남도 장흥군 관산읍 방촌리 696번지,,,2025-07-30
장흥군,,한우,,,전라남도 장흥군 대덕읍 연지리 12번지 1호,,,2025-07-30
장흥군,,한우,,,전라남도 장흥군 대덕읍 연정리 417번지,,,2025-07-30
장흥군,,한우,,,전라남도 장흥군 대덕읍 잠두리 613번지 2호,,,2025-07-30
장흥군,,한우,,,전라남도 장흥군 대덕읍 신월리 663번지,,,2025-07-30
장흥군,,한우,,,전라남도 장흥군 장동면 반산리 641번지 40호,,,2025-07-30
장흥군,,한우,,,"전라남도 장흥군 안양면 당암리 493번지 5호 ,130-3",,,2025-07-30
장흥군,,한우,,,전라남도 장흥군 회진면 진목리 1757번지 6호 외 4필지,,,2025-07-30
장흥군,,한우,,,전라남도 장흥군 회진면 회진리 902번지,,,2025-07-30
장흥군,,한우,,,전라남도 장흥군 회진면 대리 181번지,,,2025-07-30
장흥군,,한우,,,전라남도 장흥군 회진면 회진리 889번지,,,2025-07-30
장흥군,,한우,,,전라남도 장흥군 관산읍 신동리 140번지,,,2025-07-30
장흥군,,한우,,,전라남도 장흥군 장흥읍 사안리 275번지,,,2025-07-30
장흥군,,한우,,,전라남도 장흥군 장흥읍 순지리 18번지,,,2025-07-30
장흥군,,한우,,,전라남도 장흥군 대덕읍 신월리 9번지 1호,,,2025-07-30
장흥군,,한우,,,전라남도 장흥군 안양면 당암리 산 46번지 8호,,,2025-07-30
장흥군,,한우,,,전라남도 장흥군 관산읍 신동리 83번지 1호,,,2025-07-30
장흥군,,한우,,,전라남도 장흥군 안양면 해창리 392번지,,,2025-07-30
장흥군,,한우,,,"전라남도 장흥군 안양면 사촌리 44번지 1호 , 44-4번지",,,2025-07-30
장흥군,,한우,,,전라남도 장흥군 안양면 해창리 390번지,,,2025-07-30
장흥군,,한우,,,전라남도 장흥군 관산읍 삼산리 1740번지 13호,,,2025-07-30
장흥군,,한우,,,전라남도 장흥군 안양면 기산리 741번지 5호,,,2025-07-30
장흥군,,한우,,,전라남도 장흥군 안양면 사촌리 237번지,,,2025-07-30
장흥군,,한우,,,전라남도 장흥군 안양면 해창리 489번지 3호,,,2025-07-30
장흥군,,한우,,,전라남도 장흥군 안양면 해창리 6번지 2호,,,2025-07-30
장흥군,,한우,,,전라남도 장흥군 안양면 지천리 10번지,,,2025-07-30
장흥군,,한우,,,전라남도 장흥군 안양면 해창리 16번지,,,2025-07-30
장흥군,,한우,,,전라남도 장흥군 안양면 지천리 9번지,,,2025-07-30
장흥군,,한우,,,전라남도 장흥군 안양면 지천리 188번지 1호,,,2025-07-30
장흥군,,한우,,,전라남도 장흥군 안양면 지천리 228번지 1호,,,2025-07-30
장흥군,,한우,,,전라남도 장흥군 안양면 지천리 220번지 1호,,,2025-07-30
장흥군,,한우,,,전라남도 장흥군 유치면 신월리 691번지,,,2025-07-30
장흥군,,한우,,,전라남도 장흥군 회진면 회진리 1855번지 9호,,,2025-07-30
장흥군,,한우,,,전라남도 장흥군 회진면 덕산리 823번지,,,2025-07-30
장흥군,,한우,,,전라남도 장흥군 관산읍 송촌리 400번지 17호,,,2025-07-30
장흥군,,한우,,,전라남도 장흥군 안양면 해창리 10번지,,,2025-07-30
장흥군,,한우,,,전라남도 장흥군 안양면 기산리 50번지,,,2025-07-30
장흥군,,한우,,,전라남도 장흥군 장동면 하산리 250번지,,,2025-07-30
장흥군,,한우,,,전라남도 장흥군 대덕읍 신월리 711번지 4호,,,2025-07-30
장흥군,,한우,,,전라남도 장흥군 장평면 내동리 463번지 1호 외 2필지,,,2025-07-30
장흥군,,한우,,,전라남도 장흥군 대덕읍 도청리 424번지,,,2025-07-30
장흥군,,한우,,,전라남도 장흥군 유치면 대리 971번지 2호,,,2025-07-30
장흥군,,한우,,,전라남도 장흥군 대덕읍 신리 1023번지 1호,,,2025-07-30
장흥군,,한우,,,전라남도 장흥군 회진면 진목리 247번지,,,2025-07-30
장흥군,,한우,,,전라남도 장흥군 관산읍 죽청리 273번지 1호,,,2025-07-30
장흥군,,한우,,,전라남도 장흥군 장흥읍 행원리 77번지 1호,,,2025-07-30
장흥군,,한우,,,전라남도 장흥군 용산면 운주리 63번지 3호,,,2025-07-30
장흥군,,한우,,,전라남도 장흥군 용산면 관지리 104번지,,,2025-07-30
장흥군,,한우,,,전라남도 장흥군 용산면 풍길리 313번지,,,2025-07-30
장흥군,,한우,,,전라남도 장흥군 대덕읍 도청리 200번지 3호,,,2025-07-30
장흥군,,한우,,,전라남도 장흥군 용산면 모산리 110번지,,,2025-07-30
장흥군,,한우,,,전라남도 장흥군 용산면 접정리 112번지,,,2025-07-30
장흥군,,한우,,,전라남도 장흥군 부산면 호계리 202번지 1호,,,2025-07-30
장흥군,,한우,,,전라남도 장흥군 대덕읍 신리 513번지 1호,,,2025-07-30
장흥군,,한우,,,전라남도 장흥군 대덕읍 도청리 393번지,,,2025-07-30
장흥군,,한우,,,전라남도 장흥군 회진면 신상리 417번지,,,2025-07-30
장흥군,,한우,,,"전라남도 장흥군 대덕읍 신월리 235번지 , 239-1, 235-2, 237번지",,,2025-07-30
장흥군,,한우,,,전라남도 장흥군 안양면 해창리 504번지 1호,,,2025-07-30
장흥군,,한우,,,전라남도 장흥군 안양면 해창리 337번지 3호,,,2025-07-30
장흥군,,한우,,,전라남도 장흥군 대덕읍 도청리 262번지 1호,,,2025-07-30
장흥군,,한우,,,전라남도 장흥군 부산면 호계리 207번지 1호,,,2025-07-30
장흥군,,한우,,,전라남도 장흥군 부산면 호계리 511번지,,,2025-07-30
장흥군,,한우,,,전라남도 장흥군 부산면 호계리 200번지 2호,,,2025-07-30
장흥군,,한우,,,전라남도 장흥군 장흥읍 금산리 149번지 1호,,,2025-07-30
장흥군,,한우,,,전라남도 장흥군 장흥읍 행원리 731번지 3호,,,2025-07-30
장흥군,,한우,,,전라남도 장흥군 관산읍 용전리 275번지 5호,,,2025-07-30
장흥군,,한우,,,"전라남도 장흥군 장평면 청용리 315, 281-1, 316-14, 412-2, 315-6, 412-1번지",,,2025-07-30
장흥군,,한우,,,전라남도 장흥군 대덕읍 신리 86번지,,,2025-07-30
장흥군,,한우,,,전라남도 장흥군 대덕읍 도청리 703번지 4호,,,2025-07-30
장흥군,,한우,,,전라남도 장흥군 장평면 두봉리 802번지 외 2필지,,,2025-07-30
장흥군,,한우,,,전라남도 장흥군 장흥읍 사안리 193번지,,,2025-07-30
장흥군,,한우,,,전라남도 장흥군 장흥읍 향양리 804번지 7호,,,2025-07-30
장흥군,,한우,,,전라남도 장흥군 관산읍 용전리 275번지,,,2025-07-30
장흥군,,한우,,,전라남도 장흥군 안양면 당암리 646번지,,,2025-07-30
장흥군,,한우,,,전라남도 장흥군 장흥읍 덕제리 472번지,,,2025-07-30
장흥군,,한우,,,전라남도 장흥군 장흥읍 삼산리 464번지 1호,,,2025-07-30
장흥군,,한우,,,전라남도 장흥군 회진면 진목리 966번지,,,2025-07-30
장흥군,,한우,,,전라남도 장흥군 관산읍 옥당리 220번지 1호,,,2025-07-30
장흥군,,한우,,,전라남도 장흥군 회진면 회진리 602번지,,,2025-07-30
장흥군,,한우,,,전라남도 장흥군 관산읍 삼산리 1333번지 9호,,,2025-07-30
장흥군,,한우,,,전라남도 장흥군 장동면 하산리 173번지 1호,,,2025-07-30
장흥군,,한우,,,전라남도 장흥군 대덕읍 잠두리 724번지 4호,,,2025-07-30
장흥군,,한우,,,전라남도 장흥군 장동면 봉동리 147번지 3호,,,2025-07-30
장흥군,,한우,,,전라남도 장흥군 장평면 양촌리 530번지 40호,,,2025-07-30
장흥군,,한우,,,전라남도 장흥군 장평면 등촌리 465번지 1호,,,2025-07-30
장흥군,,한우,,,전라남도 장흥군 대덕읍 연정리 1201번지,,,2025-07-30
장흥군,,한우,,,전라남도 장흥군 대덕읍 도청리 258번지 5호,,,2025-07-30
장흥군,,한우,,,전라남도 장흥군 유치면 봉덕리 187번지,,,2025-07-30
장흥군,,한우,,,전라남도 장흥군 유치면 용문리,,,2025-07-30
장흥군,,한우,,,전라남도 장흥군 대덕읍 옹암리 14번지 2호,,,2025-07-30
장흥군,,한우,,,"전라남도 장흥군 회진면 덕산리 660번지 2호 , 3, 4",,,2025-07-30
장흥군,,한우,,,전라남도 장흥군 회진면 회진리 622번지 6호,,,2025-07-30
장흥군,,한우,,,전라남도 장흥군 회진면 회진리 488번지 1호,,,2025-07-30
장흥군,,한우,,,전라남도 장흥군 대덕읍 신리 442번지 1호,,,2025-07-30
장흥군,,한우,,,전라남도 장흥군 장흥읍 성불리 242번지,,,2025-07-30
장흥군,,한우,,,전라남도 장흥군 용산면 모산리 80번지 2호,,,2025-07-30
장흥군,,한우,,,전라남도 장흥군 대덕읍 신월리 75번지 3호,,,2025-07-30
장흥군,,한우,,,전라남도 장흥군 용산면 접정리 405번지 11호,,,2025-07-30
장흥군,,한우,,,전라남도 장흥군 관산읍 옥당리 170번지 1호,,,2025-07-30
장흥군,,한우,,,전라남도 장흥군 대덕읍 도청리 34번지 2호,,,2025-07-30
장흥군,,한우,,,전라남도 장흥군 장평면 기동리 673번지 2호,,,2025-07-30
장흥군,,한우,,,전라남도 장흥군 관산읍 삼산리 1333번지 10호,,,2025-07-30
장흥군,,한우,,,전라남도 장흥군 회진면 대리 687번지,,,2025-07-30
장흥군,,한우,,,전라남도 장흥군 회진면 회진리 1866번지 1호,,,2025-07-30
장흥군,,한우,,,전라남도 장흥군 안양면 수양리 324번지  나동,,,2025-07-30
장흥군,,한우,,,전라남도 장흥군 회진면 회진리 176번지 1호,,,2025-07-30
장흥군,,한우,,,전라남도 장흥군 장흥읍 평장리 744번지 1호,,,2025-07-30
장흥군,,한우,,,전라남도 장흥군 대덕읍 잠두리 174번지 1호,,,2025-07-30
장흥군,,한우,,,전라남도 장흥군 장흥읍 축내리 15번지 3호,,,2025-07-30
장흥군,,한우,,,전라남도 장흥군 장평면 임리 26번지,,,2025-07-30
장흥군,,한우,,,전라남도 장흥군 유치면 반월리 150번지 3호,,,2025-07-30
장흥군,,한우,,,전라남도 장흥군 장흥읍 행원리 1009번지 4호,,,2025-07-30
장흥군,,한우,,,전라남도 장흥군 안양면 모령리 485번지 1호,,,2025-07-30
장흥군,,한우,,,전라남도 장흥군 안양면 신촌리 478번지 12호,,,2025-07-30
장흥군,,한우,,,전라남도 장흥군 안양면 당암리 496번지,,,2025-07-30
장흥군,,한우,,,전라남도 장흥군 유치면 봉덕리 140번지,,,2025-07-30
장흥군,,한우,,,전라남도 장흥군 용산면 어산리 231번지 3호,,,2025-07-30
장흥군,,한우,,,전라남도 장흥군 용산면 관지리 26번지 3호,,,2025-07-30
장흥군,,한우,,,전라남도 장흥군 회진면 대리 524번지,,,2025-07-30
장흥군,,한우,,,전라남도 장흥군 관산읍 송촌리 406번지 1호,,,2025-07-30
장흥군,,한우,,,전라남도 장흥군 회진면 회진리 1245번지 3호,,,2025-07-30
장흥군,,한우,,,전라남도 장흥군 유치면 관동리 397번지,,,2025-07-30
장흥군,,한우,,,전라남도 장흥군 유치면 관동리 547번지,,,2025-07-30
장흥군,,한우,,,전라남도 장흥군 유치면 신풍리 287번지 2호,,,2025-07-30
장흥군,,한우,,,전라남도 장흥군 용산면 관지리 440번지 1호,,,2025-07-30
장흥군,,한우,,,전라남도 장흥군 부산면 부춘리 541번지 20호,,,2025-07-30
장흥군,,한우,,,전라남도 장흥군 관산읍 방촌리 634번지,,,2025-07-30
장흥군,,한우,,,전라남도 장흥군 관산읍 신동리 205번지 3호,,,2025-07-30
장흥군,,한우,,,전라남도 장흥군 관산읍 송촌리 21번지 9호,,,2025-07-30
장흥군,,한우,,,전라남도 장흥군 회진면 신상리 610번지,,,2025-07-30
장흥군,,한우,,,전라남도 장흥군 관산읍 삼산리 1333번지 1호,,,2025-07-30
장흥군,,한우,,,전라남도 장흥군 회진면 회진리 산 85번지 1호,,,2025-07-30
장흥군,,한우,,,전라남도 장흥군 회진면 회진리 281번지,,,2025-07-30
장흥군,,한우,,,전라남도 장흥군 관산읍 외동리 9번지 17호,,,2025-07-30
장흥군,,한우,,,전라남도 장흥군 관산읍 하발리 516번지 3호,,,2025-07-30
장흥군,,한우,,,"전라남도 장흥군 용산면 계산리 413번지 8호 ,413-10",,,2025-07-30
장흥군,,한우,,,전라남도 장흥군 장평면 용강리 79번지,,,2025-07-30
장흥군,,한우,,,전라남도 장흥군 용산면 어산리 88번지 5호,,,2025-07-30
장흥군,,한우,,,전라남도 장흥군 장평면 내동리 266번지,,,2025-07-30
장흥군,,한우,,,전라남도 장흥군 용산면 상금리 693번지 3호,,,2025-07-30
장흥군,,한우,,,전라남도 장흥군 장평면 녹양리 434번지 1호 외1필지,,,2025-07-30
장흥군,,한우,,,전라남도 장흥군 장평면 녹양리 348번지,,,2025-07-30
장흥군,,한우,,,전라남도 장흥군 장평면 축내리 374번지 8호,,,2025-07-30
장흥군,,한우,,,전라남도 장흥군 안양면 지천리 235번지 1호,,,2025-07-30
장흥군,,한우,,,전라남도 장흥군 부산면 유량리 65번지,,,2025-07-30
장흥군,,한우,,,전라남도 장흥군 용산면 금곡리 17번지 1호 외 2필지,,,2025-07-30
장흥군,,한우,,,전라남도 장흥군 대덕읍 신월리 2번지 13호,,,2025-07-30
장흥군,,한우,,,전라남도 장흥군 회진면 덕산리 623번지,,,2025-07-30
장흥군,,한우,,,전라남도 장흥군 용산면 월송리 713번지 8호,,,2025-07-30
장흥군,,한우,,,전라남도 장흥군 대덕읍 도청리 541번지,,,2025-07-30
장흥군,,한우,,,전라남도 장흥군 회진면 회진리 1217번지 1호,,,2025-07-30
장흥군,,한우,,,전라남도 장흥군 대덕읍 도청리 699번지 1호,,,2025-07-30
장흥군,,한우,,,전라남도 장흥군 용산면 금곡리 59번지 2호,,,2025-07-30
장흥군,,한우,,,"전라남도 장흥군 대덕읍 연지리 220번지 , 233-2",,,2025-07-30
장흥군,,한우,,,전라남도 장흥군 관산읍 하발리 543번지 8호,,,2025-07-30
장흥군,,한우,,,전라남도 장흥군 용산면 인암리 14번지,,,2025-07-30
장흥군,,한우,,,전라남도 장흥군 용산면 모산리 566번지,,,2025-07-30
장흥군,,한우,,,전라남도 장흥군 장흥읍 연산리 252번지 1호,,,2025-07-30
장흥군,,한우,,,전라남도 장흥군 안양면 당암리 산 46번지 26호,,,2025-07-30
장흥군,,한우,,,전라남도 장흥군 대덕읍 신월리 360번지,,,2025-07-30
장흥군,,한우,,,전라남도 장흥군 안양면 당암리 10번지 36호,,,2025-07-30
장흥군,,한우,,,전라남도 장흥군 대덕읍 신리 345번지,,,2025-07-30
장흥군,,한우,,,전라남도 장흥군 용산면 관지리 204번지,,,2025-07-30
장흥군,,한우,,,전라남도 장흥군 장평면 내동리 293번지,,,2025-07-30
장흥군,,한우,,,전라남도 장흥군 관산읍 삼산리 70번지 1호,,,2025-07-30
장흥군,,한우,,,"전라남도 장흥군 대덕읍 도청리 705-1, 705-4번지",,,2025-07-30
장흥군,,한우,,,전라남도 장흥군 관산읍 외동리 587번지 1호,,,2025-07-30
장흥군,,한우,,,전라남도 장흥군 관산읍 외동리 51번지,,,2025-07-30
장흥군,,한우,,,전라남도 장흥군 용산면 접정리 61번지,,,2025-07-30
장흥군,,한우,,,전라남도 장흥군 대덕읍 잠두리 324번지 4호,,,2025-07-30
장흥군,,한우,,,전라남도 장흥군 용산면 상발리 77번지 1호,,,2025-07-30
장흥군,,한우,,,"전라남도 장흥군 관산읍 죽청리 28번지 27, 28-10, 29, 31",,,2025-07-30
장흥군,,한우,,,전라남도 장흥군 관산읍 하발리 681번지 1호,,,2025-07-30
장흥군,,한우,,,전라남도 장흥군 관산읍 외동리 756번지 11호,,,2025-07-30
장흥군,,한우,,,전라남도 장흥군 장평면 녹양리 259번지,,,2025-07-30
장흥군,,한우,,,전라남도 장흥군 관산읍 외동리 458번지 4호,,,2025-07-30
장흥군,,한우,,,전라남도 장흥군 용산면 모산리 442번지 1호,,,2025-07-30
장흥군,,한우,,,전라남도 장흥군 관산읍 용전리 274번지 1호,,,2025-07-30
장흥군,,한우,,,전라남도 장흥군 관산읍 삼산리 747번지,,,2025-07-30
장흥군,(주)탐진흑염소,산양,,,전라남도 장흥군 용산면 풍길리 207번지 2호,,,2025-07-30
장흥군,Green,한우,,,전라남도 장흥군 관산읍 신동리 180번지 6호,,,2025-07-30
장흥군,JKfarms,한우,,,전라남도 장흥군 관산읍 성산리 210번지 7호,,,2025-07-30
장흥군,PF농장,한우,,,전라남도 장흥군 장동면 조양리 406번지 2호,,,2025-07-30
장흥군,가은농장,한우,,,"전라남도 장흥군 관산읍 외동리 982번지 , 982-1, 972,  1047-4번지",,,2025-07-30
장흥군,가포축산,한우,,,전라남도 장흥군 대덕읍 도청리 43번지 1호,,,2025-07-30
장흥군,가포축산,한우,,,전라남도 장흥군 대덕읍 도청리 752번지,,,2025-07-30
장흥군,가포축산,한우,,,전라남도 장흥군 대덕읍 도청리 43번지 3호 외 1필지(752),,,2025-07-30
장흥군,가학농장,한우,,,"전라남도 장흥군 대덕읍 가학리 193번지 1호 , 193-2",,,2025-07-30
장흥군,가학농장,한우,,,전라남도 장흥군 대덕읍 가학리 1157번지 8호,,,2025-07-30
장흥군,가학축산,한우,,,전라남도 장흥군 대덕읍 가학리 109번지,,,2025-07-30
장흥군,가학축산,한우,,,전라남도 장흥군 대덕읍 가학리 205번지,,,2025-07-30
장흥군,감나무재관광농원,육계,,,전라남도 장흥군 장동면 하산리 11번지,,,2025-07-30
장흥군,감나무재관광농원,육계,,815.0,전라남도 장흥군 장동면 하산리 11번지,,,2025-12-16
장흥군,갑부농장,한우,,,전라남도 장흥군 대덕읍 신리 124번지 8호,,,2025-07-30
장흥군,강**축산,한우,,,"전라남도 장흥군 용산면 금곡리 3번지 16호 , 3-17",,,2025-07-30
장흥군,강정농장,한우,,,전라남도 장흥군 장흥읍 행원리 512번지 1호,,,2025-07-30
장흥군,강홍농장,한우,,,전라남도 장흥군 부산면 구룡리 806번지,,,2025-07-30
장흥군,거산농장,육계,,,"전라남도 장흥군 장평면 축내리 686-1, 686-2번지",,,2025-07-30
장흥군,건강축사,돼지,,,"전라남도 장흥군 관산읍 하발리 993번지 16호 ,993번지",,,2025-07-30
장흥군,건강품은 전라도 흑염소 농장,염소,,,전라남도 장흥군 장동면 만년리 261번지 29호,,,2025-07-30
장흥군,건희축산,한우,,,전라남도 장흥군 대덕읍 가학리 130번지 1호,,,2025-07-30
장흥군,경부축산,한우,,,전라남도 장흥군 관산읍 송촌리 178번지,,,2025-07-30
장흥군,경수농장,한우,,,전라남도 장흥군 관산읍 삼산리 1702번지,,,2025-07-30
장흥군,경수농장,한우,,,전라남도 장흥군 장동면 북교리 16번지 4호,,,2025-07-30
장흥군,경옥농장,한우,,,"전라남도 장흥군 관산읍 외동리 559번지 4호 , 559-5, 559-11번지",,,2025-07-30
장흥군,경원농장,한우,,,"전라남도 장흥군 회진면 진목리 1803번지 3호 , 1803-2",,,2025-07-30
장흥군,경원농장,한우,,,전라남도 장흥군 용산면 덕암리 213번지 6호,,,2025-07-30
장흥군,경원농장,한우,,,"전라남도 장흥군 회진면 진목리 254번지 1호 , 255-1, 256, 256-1, 1153-2",,,2025-07-30
장흥군,경주농장,한우,,,전라남도 장흥군 대덕읍 신리 38번지 축사및퇴비사,,,2025-07-30
장흥군,경채농장,한우,,,전라남도 장흥군 대덕읍 연지리 199번지,,,2025-07-30
장흥군,경철농장,한우,,,전라남도 장흥군 유치면 조양리 719번지,,,2025-07-30
장흥군,경호농장,한우,,,전라남도 장흥군 장흥읍 순지리 4번지 1호,,,2025-07-30
장흥군,경호축산,한우,,,전라남도 장흥군 장흥읍 순지리 5번지 1호,,,2025-07-30
장흥군,계만농장,한우,,,"전라남도 장흥군 관산읍 옥당리 773번지 7호 , 773-5, 773-6, 773-9번지",,,2025-07-30
장흥군,계옥농장,한우,,,전라남도 장흥군 장평면 봉림리,,,2025-07-30
장흥군,계현농장,육계,,,"전라남도 장흥군 용산면 상금리 262번지 7호 , 18",,,2025-07-30
장흥군,고**,한우,,,전라남도 장흥군 장평면 선정리 208번지 10호,,,2025-07-30
장흥군,고**농장,한우,,,"전라남도 장흥군 용산면 녹원리 195-1, 343-45, 341-1번지",,,2025-07-30
장흥군,고당월계,한우,,,전라남도 장흥군 안양면 당암리 10-35번지(다동),,,2025-07-30
장흥군,고당월계길253,염소,,,전라남도 장흥군 안양면 당암리 1번지 3호,,,2025-07-30
장흥군,고당축사,한우,,,전라남도 장흥군 안양면 당암리 501번지,,,2025-07-30
장흥군,고마축사,한우,,,전라남도 장흥군 관산읍 고마리 65번지 6호,,,2025-07-30
장흥군,골샘농장,한우,,,전라남도 장흥군 관산읍 지정리 435번지,,,2025-07-30
장흥군,곰치2농장,오리,,,전라남도 장흥군 장평면 청용리 896번지 외 2필지,,,2025-07-30
장흥군,곰치2농장,오리,,25000.0,전라남도 장흥군 장평면 청용리 896번지 외 2필지,,,2025-12-16
장흥군,곰치농장,오리,,17000.0,전라남도 장흥군 장평면 청용리 896번지 4호,,,2025-12-16
장흥군,곰치농장,오리,,,전라남도 장흥군 장평면 청용리 919번지 4호 외 1필지(919-3 번지),,,2025-07-30
장흥군,곰치농장,오리,,17000.0,전라남도 장흥군 장평면 청용리 919번지 4호 외 1필지(919-3 번지),,,2025-12-16
장흥군,곰치농장,오리,,,전라남도 장흥군 장평면 청용리 896번지 4호,,,2025-07-30
장흥군,관덕축산,한우,,,전라남도 장흥군 관산읍 삼산리 484번지 8호,,,2025-07-30
장흥군,관동한우,한우,,,전라남도 장흥군 관산읍 하발리 711번지 13호,,,2025-07-30
장흥군,관흥목장,한우,,,전라남도 장흥군 관산읍 외동리 751번지 2호 가동,,,2025-07-30
장흥군,관흥목장,한우,,,전라남도 장흥군 관산읍 외동리 751번지 2호 가-1동,,,2025-07-30
장흥군,광림축산,한우,,,전라남도 장흥군 관산읍 하발리 542번지 5호,,,2025-07-30
장흥군,광미,한우,,,전라남도 장흥군 용산면 월송리 474번지 1호,,,2025-07-30
장흥군,광미농장,한우,,,전라남도 장흥군 용산면 월송리 474번지 1호 / 709-3번지,,,2025-07-30
장흥군,광석농장,한우,,,전라남도 장흥군 관산읍 외동리 448번지,,,2025-07-30
장흥군,광원농장,한우,,,전라남도 장흥군 장동면 만년리 636번지 1호,,,2025-07-30
장흥군,광주농장,한우,,,전라남도 장흥군 대덕읍 신월리 646번지,,,2025-07-30
장흥군,교촌태양광,한우,,,"전라남도 장흥군 장평면 청용리 256-1, 254, 257-8",,,2025-07-30
장흥군,구남농장,한우,,,전라남도 장흥군 장동면 만년리 731번지 1호,,,2025-07-30
장흥군,구룡농장,한우,,,전라남도 장흥군 대덕읍 연정리 1306번지 16호,,,2025-07-30
장흥군,구인농장,한우,,,"전라남도 장흥군 회진면 회진리 1865번지 2호 , 1865-3, 1865-4, 1865-5, 1865-7",,,2025-07-30
장흥군,구일농장,한우,,,"전라남도 장흥군 회진면 덕산리 1750-2, 1750-3, 1750-1번지",,,2025-07-30
장흥군,구일농장,한우,,,전라남도 장흥군 회진면 덕산리 1754번지 3호,,,2025-07-30
장흥군,구평농장,한우,,,전라남도 장흥군 대덕읍 연정리 1323번지 1호,,,2025-07-30
장흥군,굴바우농장,한우,,,전라남도 장흥군 장평면 선정리 214번지 3호,,,2025-07-30
장흥군,권**,한우,,,전라남도 장흥군 회진면 진목리 978번지 33호,,,2025-07-30
장흥군,규선농장,한우,,,전라남도 장흥군 대덕읍 가학리 281번지,,,2025-07-30
장흥군,규헌농장,한우,,,전라남도 장흥군 용산면 풍길리 286번지,,,2025-07-30
장흥군,그린농장,한우,,,전라남도 장흥군 안양면 해창리 1228-2번지,,,2025-07-30
장흥군,그린농장,한우,,,전라남도 장흥군 장흥읍 순지리 17번지,,,2025-07-30
장흥군,금강농장,육계,,,전라남도 장흥군 장흥읍 사안리 411번지,,,2025-07-30
장흥군,금강농장,육계,,48000.0,전라남도 장흥군 장흥읍 사안리 411번지,,,2025-12-16
장흥군,금곡농장,한우,,,전라남도 장흥군 용산면 상금리 611번지,,,2025-07-30
장흥군,금곡목장,한우,,,"전라남도 장흥군 용산면 금곡리 494번지 1호 , 494-2번지",,,2025-07-30
장흥군,금성농장,한우,,,전라남도 장흥군 장흥읍 금산리 213번지 15호,,,2025-07-30
장흥군,금식농장,한우,,,"전라남도 장흥군 관산읍 삼산리 406번지 6호 , -2, -5, -9, -10번지",,,2025-07-30
장흥군,금안 농장,한우,,,전라남도 장흥군 장흥읍 금산리 567번지,,,2025-07-30
장흥군,금장농장,한우,,,전라남도 장흥군 부산면 호계리 653번지 4호,,,2025-07-30
장흥군,금호농장,한우,,,전라남도 장흥군 장평면 봉림리 224번지 1호,,,2025-07-30
장흥군,기동축산,한우,,,전라남도 장흥군 장평면 기동리 974번지 8호,,,2025-07-30
장흥군,기영축산,한우,,,전라남도 장흥군 관산읍 삼산리 513번지 3   호,,,2025-07-30
장흥군,기재농장,한우,,,전라남도 장흥군 장동면 배산리 213번지 1호,,,2025-07-30
장흥군,기찬농장,한우,,,전라남도 장흥군 안양면 해창리 361번지,,,2025-07-30
장흥군,기청농장,한우,,,전라남도 장흥군 안양면 지천리 186번지 1호,,,2025-07-30
장흥군,기혁농장,한우,,,전라남도 장흥군 용산면 계산리 405번지 11호,,,2025-07-30
장흥군,기현농장,한우,,,전라남도 장흥군 안양면 수양리 457번지,,,2025-07-30
장흥군,기홍농장,한우,,,전라남도 장흥군 대덕읍 신월리 산 117번지 4호,,,2025-07-30
장흥군,길목장,젖소,,,"전라남도 장흥군 장흥읍 성불리 166번지 3호 , 166-10, 167, 167-1, 166-21, 166-6, 166-2, 166-4, 460번지",,,2025-07-30
장흥군,길암농장,한우,,,전라남도 장흥군 부산면 기동리 358번지,,,2025-07-30
장흥군,길업농장,한우,,,전라남도 장흥군 대덕읍 잠두리 1019번지 49호,,,2025-07-30
장흥군,길중농장,한우,,,전라남도 장흥군 용산면 상금리 116번지,,,2025-07-30
장흥군,길현농장,한우,,,"전라남도 장흥군 관산읍 죽청리 산 17번지 1호 , 385-6, 385-7, 12, 11-4, 13-2, 14, 134",,,2025-07-30
장흥군,김**,한우,,,전라남도 장흥군 대덕읍 신리 690번지,,,2025-07-30
장흥군,김**,한우,,,전라남도 장흥군 용산면 관지리 204번지 1호,,,2025-07-30
장흥군,김**,한우,,,전라남도 장흥군 회진면 신상리 87번지,,,2025-07-30
장흥군,김**,한우,,,전라남도 장흥군 회진면 대리 145번지 1호,,,2025-07-30
장흥군,김**,한우,,,전라남도 장흥군 용산면 모산리 156번지 2호,,,2025-07-30
장흥군,김**,한우,,,전라남도 장흥군 관산읍 삼산리 241번지 23호,,,2025-07-30
장흥군,김**,한우,,,"전라남도 장흥군 관산읍 용전리 224-1번지 ,252-13",,,2025-07-30
장흥군,김**,한우,,,"전라남도 장흥군 부산면 호계리 341번지 1호 , 341-5번지",,,2025-07-30
장흥군,김**,한우,,,전라남도 장흥군 대덕읍 신리 198번지,,,2025-07-30
장흥군,김**,한우,,,전라남도 장흥군 안양면 해창리 622번지 1호,,,2025-07-30
장흥군,김**,한우,,,전라남도 장흥군 대덕읍 잠두리 1042번지 2호,,,2025-07-30
장흥군,김**,한우,,,전라남도 장흥군 관산읍 죽청리 189번지,,,2025-07-30
장흥군,김**,한우,,,전라남도 장흥군 장동면 봉동리 143번지 6호,,,2025-07-30
장흥군,김** 농장,한우,,,"전라남도 장흥군 부산면 부춘리 395-1, 395-14번지",,,2025-07-30
장흥군,김**농장,한우,,,"전라남도 장흥군 장흥읍 평장리 669, 667-2번지",,,2025-07-30
장흥군,김**농장,한우,,,전라남도 장흥군 장평면 봉림리 526-1번지,,,2025-07-30
장흥군,김**농장,한우,,,전라남도 장흥군 장흥읍 행원리 1244번지 16호,,,2025-07-30
장흥군,김**농장,한우,,,"전라남도 장흥군 대덕읍 연지리 187-1, 187-3, 193번지",,,2025-07-30
장흥군,김**농장,한우,,,전라남도 장흥군 용산면 어산리 234번지 1호,,,2025-07-30
장흥군,김**농장,한우,,,전라남도 장흥군 용산면 모산리 355번지 2호,,,2025-07-30
장흥군,김**농장,오리,,,전라남도 장흥군 장평면 청용리 919번지 3호,,,2025-07-30
장흥군,김**농장,한우,,,전라남도 장흥군 장동면 북교리 243번지,,,2025-07-30
장흥군,김**농장,한우,,,전라남도 장흥군 장흥읍 향양리 264번지 4호 외1,,,2025-07-30
장흥군,김**의 축사,한우,,,전라남도 장흥군 장평면 등촌리 184번지,,,2025-07-30
장흥군,김용,한우,,,전라남도 장흥군 부산면 호계리 346번지 2호  나동,,,2025-07-30
장흥군,김호농장,한우,,,전라남도 장흥군 용산면 모산리 145번지 1호,,,2025-07-30
장흥군,깊은내농장,한우,,,전라남도 장흥군 부산면 지천리 305번지,,,2025-07-30
장흥군,까르마농산,종계/산란계,,,전라남도 장흥군 장평면 축내리 694번지 3호,,,2025-07-30
장흥군,꿀벌,한우,,,전라남도 장흥군 용산면 모산리 149번지 1호,,,2025-07-30
장흥군,꿀벌농장,한우,,,전라남도 장흥군 장흥읍 금산리 183번지 1호,,,2025-07-30
장흥군,나비축산,한우,,,전라남도 장흥군 장흥읍 금산리 230번지 7호,,,2025-07-30
장흥군,나평농장,육계,,,전라남도 장흥군 장평면 기동리,,,2025-07-30
장흥군,나평농장,육계,,61000.0,"전라남도 장흥군 장평면 기동리 401-5, 401-6, 401-7번지",,,2025-12-16
장흥군,남가네 농장,한우,,,전라남도 장흥군 관산읍 삼산리 276번지 1호,,,2025-07-30
장흥군,남가네 농장,한우,,,전라남도 장흥군 대덕읍 연정리 457번지 1호,,,2025-07-30
장흥군,남강,젖소,,,전라남도 장흥군 용산면 풍길리 534번지 8호,,,2025-07-30
장흥군,남끝축산,한우,,,전라남도 장흥군 관산읍 삼산리 1650번지,,,2025-07-30
장흥군,남매축산,한우,,,전라남도 장흥군 대덕읍 연지리 555번지 4호,,,2025-07-30
장흥군,남배농장,한우,,,"전라남도 장흥군 부산면 호계리 341번지 5호 (다동, 사동)",,,2025-07-30
장흥군,남송농장,한우,,,전라남도 장흥군 관산읍 부평리 271번지,,,2025-07-30
장흥군,남송농장,한우,,,"전라남도 장흥군 안양면 해창리 1229번지 3호 , 1229-4, 1229-5번지",,,2025-07-30
장흥군,남송농장,한우,,,전라남도 장흥군 안양면 사촌리 433번지,,,2025-07-30
장흥군,남송농장,한우,,,전라남도 장흥군 안양면 해창리 1229번지 1호,,,2025-07-30
장흥군,남양 부화장,오리,,,전라남도 장흥군 장흥읍 사안리 411번지,,,2025-07-30
장흥군,남양축산,한우,,,전라남도 장흥군 회진면 회진리 1118번지,,,2025-07-30
장흥군,남영축산,한우,,,전라남도 장흥군 안양면 해창리 539번지 외 4필지,,,2025-07-30
장흥군,남우축산,한우,,,전라남도 장흥군 장평면 용강리 213번지,,,2025-07-30
장흥군,남촌농장,한우,,,"전라남도 장흥군 회진면 신상리 1137번지 5호 , 1137-6",,,2025-07-30
장흥군,남하농장,한우,,,전라남도 장흥군 장동면 반산리 437번지 2호,,,2025-07-30
장흥군,내동축산,한우,,,전라남도 장흥군 대덕읍 신월리 산 102번지 1호,,,2025-07-30
장흥군,내동축산,한우,,,전라남도 장흥군 관산읍 삼산리 443번지 1호,,,2025-07-30
장흥군,내안농장,한우,,,전라남도 장흥군 부산면 내안리 360번지 5호,,,2025-07-30
장흥군,노**,한우,,,"전라남도 장흥군 장흥읍 금산리 230번지 1호 , 259-1",,,2025-07-30
장흥군,노**농장,한우,,,전라남도 장흥군 회진면 회진리 2155-6번지,,,2025-07-30
장흥군,노암농장,한우,,,전라남도 장흥군 장흥읍 영전리 516번지 3호,,,2025-07-30
장흥군,녹원 한우랜드,한우,,,전라남도 장흥군 용산면 녹원리 193번지 2호,,,2025-07-30
장흥군,녹향농장,한우,,,전라남도 장흥군 관산읍 성산리 278번지 3호,,,2025-07-30
장흥군,녹향농장,한우,,,"전라남도 장흥군 장흥읍 평장리 12, 13번지",,,2025-07-30
장흥군,농업회사법인 (주) 보우,한우,,,전라남도 장흥군 장평면 두봉리 622번지 1호,,,2025-07-30
장흥군,농업회사법인 우팜 유한회사,한우,,,전라남도 장흥군 장평면 임리 40번지 1호,,,2025-07-30
장흥군,농업회사법인 퍼스트팜 주식회사,돼지,,,전라남도 장흥군 대덕읍 신리 89번지 12호,,,2025-07-30
장흥군,농업회사법인한국원종오리(유),오리,,,전라남도 장흥군 안양면 당암리 8번지 2호,,,2025-07-30
장흥군,늘봄한우,한우,,,전라남도 장흥군 용산면 인암리 845번지 1호 845-2,,,2025-07-30
장흥군,늘봄한우,한우,,,전라남도 장흥군 용산면 인암리 845번지,,,2025-07-30
장흥군,늘푸른농장,한우,,,전라남도 장흥군 회진면 덕산리 1765번지 1호,,,2025-07-30
장흥군,다모아축산,한우,,,전라남도 장흥군 회진면 회진리 2165-17번지,,,2025-07-30
장흥군,다산농장,한우,,,전라남도 장흥군 관산읍 방촌리 17번지 1호 가동,,,2025-07-30
장흥군,다산축산,한우,,,전라남도 장흥군 관산읍 방촌리 17번지 1호 나동,,,2025-07-30
장흥군,다산흑염소농장,산양,,,전라남도 장흥군 장평면 제산리 산 11번지,,,2025-07-30
장흥군,다성원목장,한우,,,전라남도 장흥군 회진면 덕산리 1760번지 5호,,,2025-07-30
장흥군,다성원목장,한우,,,"전라남도 장흥군 회진면 덕산리 1760번지 3호 , 1760-4",,,2025-07-30
장흥군,다연농장,한우,,,전라남도 장흥군 부산면 호계리 202번지 1호,,,2025-07-30
장흥군,다연축사,한우,,,전라남도 장흥군 회진면 덕산리 578번지,,,2025-07-30
장흥군,다온축사,한우,,,전라남도 장흥군 안양면 사촌리 750번지 1호,,,2025-07-30
장흥군,다온축사,한우,,,전라남도 장흥군 안양면 사촌리 750-3번지,,,2025-07-30
장흥군,단비,한우,,,전라남도 장흥군 관산읍 외동리 180번지,,,2025-07-30
장흥군,달바위농장,한우,,,전라남도 장흥군 관산읍 외동리 737번지 1호 나동,,,2025-07-30
장흥군,달바위농장,한우,,,전라남도 장흥군 관산읍 외동리 737번지 1호 가동,,,2025-07-30
장흥군,당암축산,한우,,,전라남도 장흥군 안양면 당암리 10번지 1호 외2필지,,,2025-07-30
장흥군,대덕농장,육계,,,전라남도 장흥군 대덕읍 신월리 1084번지 5호,,,2025-07-30
장흥군,대덕농장,한우,,,"전라남도 장흥군 대덕읍 잠두리 1026-1, 1026-2번지",,,2025-07-30
장흥군,대덕한우,한우,,,전라남도 장흥군 회진면 회진리 1490번지 1호,,,2025-07-30
장흥군,대덕한우,한우,,,전라남도 장흥군 대덕읍 연지리 198번지,,,2025-07-30
장흥군,대덕황토한우,한우,,,"전라남도 장흥군 대덕읍 가학리 160번지 25호 , 160-28, 438, 439, 850-2",,,2025-07-30
장흥군,대리축산,한우,,,전라남도 장흥군 회진면 대리 437번지,,,2025-07-30
장흥군,대림농장,한우,,,전라남도 장흥군 장평면 임리 40번지 1호,,,2025-07-30
장흥군,대명농장,한우,,,전라남도 장흥군 부산면 호계리 346번지 2호 다동,,,2025-07-30
장흥군,대산사슴농장,사슴,,,전라남도 장흥군 장동면 용곡리 산 88번지,,,2025-07-30
장흥군,대상농장,돼지,,,전라남도 장흥군 관산읍 죽청리 110번지 1호,,,2025-07-30
장흥군,대성농장,한우,,,전라남도 장흥군 회진면 신상리 941번지 2호,,,2025-07-30
장흥군,대성농장,한우,,,전라남도 장흥군 부산면 호계리 172번지 1호,,,2025-07-30
장흥군,대성농장,오리,,,전라남도 장흥군 부산면 호계리 172번지 외 4필지,,,2025-07-30
장흥군,대성농장,오리,,30000.0,전라남도 장흥군 부산면 호계리 172번지 외 4필지,,,2025-12-16
장흥군,대성축산1농장,오리,,,전라남도 장흥군 회진면 덕산리 2111번지 3호,,,2025-07-30
장흥군,대성축산1농장,오리,,15000.0,전라남도 장흥군 회진면 덕산리 2111번지 3호,,,2025-12-16
장흥군,대성축산2농장,오리,,,"전라남도 장흥군 회진면 덕산리 2110-2번지(오리사), 2111-5번지(퇴비사)",,,2025-07-30
장흥군,대성축산2농장,오리,,10000.0,"전라남도 장흥군 회진면 덕산리 2110-2번지(오리사), 2111-5번지(퇴비사)",,,2025-12-16
장흥군,대승농장,한우,,,전라남도 장흥군 대덕읍 연정리 578번지 1호,,,2025-07-30
장흥군,대승축사,한우,,,전라남도 장흥군 회진면 덕산리 477번지,,,2025-07-30
장흥군,대연,한우,,,전라남도 장흥군 장흥읍 삼산리 331번지 3호,,,2025-07-30
장흥군,대창농장,한우,,,"전라남도 장흥군 장흥읍 축내리 40, 37, 39, 35-3, 312-2, 37-1, 40-1번지",,,2025-07-30
장흥군,대평축사,한우,,,전라남도 장흥군 관산읍 송촌리 503번지,,,2025-07-30
장흥군,대한농장,오리,,10000.0,전라남도 장흥군 부산면 기동리 345번지 5호,,,2025-12-16
장흥군,대한농장,오리,,,전라남도 장흥군 부산면 기동리 345번지 5호,,,2025-07-30
장흥군,대현농장,한우,,,전라남도 장흥군 용산면 어산리 508번지 6호,,,2025-07-30
장흥군,대희농장,한우,,,전라남도 장흥군 안양면 해창리 1217-6번지,,,2025-07-30
장흥군,덕규농장,한우,,,전라남도 장흥군 장동면 봉동리 319번지 2호,,,2025-07-30
장흥군,덕동농장,한우,,,전라남도 장흥군 안양면 해창리 804번지 1호 외1필지,,,2025-07-30
장흥군,덕량축산,한우,,,전라남도 장흥군 대덕읍 신월리 495번지,,,2025-07-30
장흥군,덕산,한우,,,전라남도 장흥군 안양면 사촌리 396번지 6호,,,2025-07-30
장흥군,덕산농장,한우,,,전라남도 장흥군 대덕읍 연정리 541번지,,,2025-07-30
장흥군,덕수농장,한우,,,전라남도 장흥군 장흥읍 영전리 748번지 1호,,,2025-07-30
장흥군,덕암농장,오리,,20000.0,전라남도 장흥군 용산면 덕암리 439번지 8호 외 1필지,,,2025-12-16
장흥군,덕암농장,오리,,,전라남도 장흥군 용산면 덕암리 439번지 8호 외 1필지,,,2025-07-30
장흥군,덕은축산,한우,,,전라남도 장흥군 관산읍 신동리 520번지 2호,,,2025-07-30
장흥군,덕제농장,한우,,,전라남도 장흥군 장흥읍 덕제리 689번지 13호,,,2025-07-30
장흥군,덕촌농장,한우,,,전라남도 장흥군 대덕읍 잠두리 301번지,,,2025-07-30
장흥군,도담농장,돼지,,,전라남도 장흥군 대덕읍 옹암리 340번지 3호,,,2025-07-30
장흥군,도열농장,한우,,,"전라남도 장흥군 용산면 덕암리 66, 70, 65, 71-1, 72-1번지",,,2025-07-30
장흥군,도청농장,한우,,,전라남도 장흥군 대덕읍 도청리 515번지,,,2025-07-30
장흥군,도청농장,한우,,,전라남도 장흥군 대덕읍 도청리 508번지 2호,,,2025-07-30
장흥군,도청축사,한우,,,전라남도 장흥군 대덕읍 도청리 202번지 250호,,,2025-07-30
장흥군,동기농장,한우,,,전라남도 장흥군 장동면 용곡리 21번지,,,2025-07-30
장흥군,동님농장,한우,,,"전라남도 장흥군 관산읍 삼산리 455번지 , 456-1, 454번지",,,2025-07-30
장흥군,동백목장,한우,,,전라남도 장흥군 안양면 비동리 산 82번지 5호,,,2025-07-30
장흥군,동산농원,한우,,,전라남도 장흥군 장평면 청용리 21번지,,,2025-07-30
장흥군,동산농장,한우,,,전라남도 장흥군 관산읍 삼산리 147번지,,,2025-07-30
장흥군,동서남북축산,한우,,,전라남도 장흥군 대덕읍 연지리 15번지 13호,,,2025-07-30
장흥군,동석농장,한우,,,전라남도 장흥군 관산읍 송촌리 808번지 18호,,,2025-07-30
장흥군,동석농장,한우,,,전라남도 장흥군 관산읍 송촌리 824번지 2호,,,2025-07-30
장흥군,동식농장,한우,,,전라남도 장흥군 장동면 배산리 547번지,,,2025-07-30
장흥군,동양,한우,,,전라남도 장흥군 용산면 계산리 415번지 4호,,,2025-07-30
장흥군,동원농장,한우,,,전라남도 장흥군 장동면 용곡리 209번지 1호,,,2025-07-30
장흥군,동은농장,한우,,,전라남도 장흥군 관산읍 송촌리 440번지,,,2025-07-30
장흥군,동주농장,한우,,,전라남도 장흥군 대덕읍 연지리 266번지 18호,,,2025-07-30
장흥군,동준축산,한우,,,전라남도 장흥군 관산읍 삼산리 1578번지 4호,,,2025-07-30
장흥군,동진농장,한우,,,전라남도 장흥군 용산면 금곡리 52-5번지,,,2025-07-30
장흥군,동진농장,한우,,,전라남도 장흥군 용산면 금곡리 3번지 18호,,,2025-07-30
장흥군,동훈농장,한우,,,전라남도 장흥군 안양면 해창리 521번지 3호,,,2025-07-30
장흥군,동훈농장,한우,,,"전라남도 장흥군 안양면 해창리 520, 521-1번지",,,2025-07-30
장흥군,두리농장,한우,,,전라남도 장흥군 대덕읍 잠두리 1008번지,,,2025-07-30
장흥군,두산농장,한우,,,"전라남도 장흥군 장평면 두봉리 779, 792, 793번지",,,2025-07-30
장흥군,두지농장,한우,,,전라남도 장흥군 대덕읍 잠두리 684번지 1호,,,2025-07-30
장흥군,두현농장,한우,,,전라남도 장흥군 관산읍 외동리 216번지,,,2025-07-30
장흥군,두호축산,한우,,,전라남도 장흥군 용산면 상발리 160번지 3호 외 1필지,,,2025-07-30
장흥군,둥구낭축산,한우,,,전라남도 장흥군 유치면 조양리 176번지,,,2025-07-30
장흥군,둥이농장,한우,,,전라남도 장흥군 대덕읍 신월리 384번지 1호,,,2025-07-30
장흥군,둥이농장,한우,,,전라남도 장흥군 장평면 녹양리 169번지,,,2025-07-30
장흥군,둥지농장,한우,,,전라남도 장흥군 대덕읍 연지리 36번지 87호,,,2025-07-30
장흥군,드렛골2농장,한우,,,전라남도 장흥군 장동면 조양리 332번지 8호,,,2025-07-30
장흥군,드렛골농장,한우,,,"전라남도 장흥군 장동면 조양리 332번지 14호 , 332-15",,,2025-07-30
장흥군,득봉농장,한우,,,전라남도 장흥군 부산면 구룡리 682번지,,,2025-07-30
장흥군,들몰농장,한우,,,전라남도 장흥군 장흥읍 평장리 457번지 5호,,,2025-07-30
장흥군,또율축산,한우,,,전라남도 장흥군 장평면 등촌리 476번지 7호,,,2025-07-30
장흥군,뚝방한우,한우,,,전라남도 장흥군 안양면 지천리 222번지 1호,,,2025-07-30
장흥군,란영농장,한우,,,"전라남도 장흥군 대덕읍 잠두리 598번지 1호 , 1072-1, 1072-2번지 (가, 다동)",,,2025-07-30
장흥군,럭키농장,한우,,,전라남도 장흥군 장흥읍 덕제리 681번지 8호,,,2025-07-30
장흥군,려룡축산,한우,,,전라남도 장흥군 장동면 만년리 307번지 5호,,,2025-07-30
장흥군,르오보농장,한우,,,전라남도 장흥군 안양면 수락리 42번지 10호,,,2025-07-30
장흥군,마**,염소,,,전라남도 장흥군 장흥읍 덕제리 638번지 12호,,,2025-07-30
장흥군,마리아농장,한우,,,전라남도 장흥군 관산읍 외동리 52번지,,,2025-07-30
장흥군,마리아농장,한우,,,전라남도 장흥군 관산읍 외동리 55번지 1호,,,2025-07-30
장흥군,마미농장,오리,,,전라남도 장흥군 부산면 기동리 345번지 4호,,,2025-07-30
장흥군,마미농장,오리,,9000.0,전라남도 장흥군 부산면 기동리 345번지 4호,,,2025-12-16
장흥군,마장골,오리,,,전라남도 장흥군 회진면 회진리 1331번지,,,2025-07-30
장흥군,마장골,오리,,19700.0,전라남도 장흥군 회진면 회진리 1331번지,,,2025-12-16
장흥군,마장골,육우,,,전라남도 장흥군 회진면 회진리 1331번지 2호,,,2025-07-30
장흥군,마장농장,한우,,,전라남도 장흥군 회진면 진목리 772번지 외1필지,,,2025-07-30
장흥군,만년농장,한우,,,전라남도 장흥군 안양면 기산리 565번지 1호,,,2025-07-30
장흥군,만년농장,산양,,,전라남도 장흥군 장동면 만년리 128번지,,,2025-07-30
장흥군,만년축산,한우,,,전라남도 장흥군 장동면 만년리 107번지 1호,,,2025-07-30
장흥군,만선농장,한우,,,전라남도 장흥군 용산면 접정리 449번지 3호,,,2025-07-30
장흥군,만수축사,한우,,,"전라남도 장흥군 관산읍 고마리 944-1, 947-1, 947, 944-3, 944, 947-2, 944-2번지",,,2025-07-30
장흥군,만우축산,한우,,,전라남도 장흥군 용산면 풍길리 931-1번지,,,2025-07-30
장흥군,맛누리(주),한우,,,"전라남도 장흥군 용산면 상금리 691번지 , 681번지 / 나동",,,2025-07-30
장흥군,맷돌농장,한우,,,전라남도 장흥군 대덕읍 연지리 12번지 8호,,,2025-07-30
장흥군,명수농장,오리,,16000.0,전라남도 장흥군 장동면 북교리 782번지 6호,,,2025-12-16
장흥군,명수농장,한우,,,전라남도 장흥군 장동면 북교리 685번지 1호,,,2025-07-30
장흥군,명수농장,오리,,,전라남도 장흥군 장동면 북교리 782번지 6호,,,2025-07-30
장흥군,명수농장,한우,,,전라남도 장흥군 장동면 북교리 689번지 1호,,,2025-07-30
장흥군,명신목장,한우,,,"전라남도 장흥군 안양면 당암리 10번지 37호 , 10-11",,,2025-07-30
장흥군,명인육종목장,한우,,,"전라남도 장흥군 부산면 호계리 341-5, 338-(1~7), 341-1, 341-(14~23)번지/라동,아동",,,2025-07-30
장흥군,명화 농장,한우,,,전라남도 장흥군 용산면 접정리 707번지 30호,,,2025-07-30
장흥군,명흠농장,한우,,,전라남도 장흥군 장동면 만년리 575번지 2호,,,2025-07-30
장흥군,모령축산,한우,,,"전라남도 장흥군 안양면 모령리 21번지 , 44번지",,,2025-07-30
장흥군,모리아축산,한우,,,전라남도 장흥군 장흥읍 우산리 512번지,,,2025-07-30
장흥군,모산농장,오리,,,전라남도 장흥군 용산면 계산리 336번지 1호,,,2025-07-30
장흥군,모산농장,한우,,,전라남도 장흥군 용산면 모산리 233번지,,,2025-07-30
장흥군,모산농장,오리,,18000.0,전라남도 장흥군 용산면 모산리 30번지 10호 외1필지,,,2025-12-16
장흥군,모산농장,오리,,,전라남도 장흥군 용산면 모산리 30번지 10호 외1필지,,,2025-07-30
장흥군,목단농장,한우,,,전라남도 장흥군 안양면 모령리 138번지 1호,,,2025-07-30
장흥군,무등축산,한우,,,전라남도 장흥군 장평면 양촌리 530번지 4호,,,2025-07-30
장흥군,문**,한우,,,전라남도 장흥군 대덕읍 잠두리 72번지 나동,,,2025-07-30
장흥군,문**,한우,,,"전라남도 장흥군 관산읍 하발리 1021-2, 1021-3번지",,,2025-07-30
장흥군,문** 농장,한우,,,전라남도 장흥군 장평면 축내리 129번지 5호,,,2025-07-30
장흥군,문**농장,한우,,,전라남도 장흥군 장평면 양촌리 282번지 5호,,,2025-07-30
장흥군,문**농장,한우,,,전라남도 장흥군 부산면 금자리 1000-29번지,,,2025-07-30
장흥군,미공사,한우,,,전라남도 장흥군 장흥읍 금산리 261-1번지,,,2025-07-30
장흥군,미래축사,한우,,,전라남도 장흥군 장흥읍 삼산리 266번지 2호,,,2025-07-30
장흥군,미르농장,한우,,,전라남도 장흥군 관산읍 죽청리 279번지 1호,,,2025-07-30
장흥군,미소농장,한우,,,전라남도 장흥군 장평면 제산리 858-3번지,,,2025-07-30
장흥군,미숙농장,한우,,,전라남도 장흥군 대덕읍 연정리 737-27번지 외5,,,2025-07-30
장흥군,미애농장,오리,,,전라남도 장흥군 장평면 기동리 696번지,,,2025-07-30
장흥군,미애농장,오리,,3400.0,전라남도 장흥군 장평면 기동리 696번지,,,2025-12-16
장흥군,미애축산,한우,,,전라남도 장흥군 대덕읍 연지리 12번지 1호,,,2025-07-30
장흥군,미자농장,한우,,,전라남도 장흥군 대덕읍 신월리 501번지,,,2025-07-30
장흥군,미정농장,한우,,,전라남도 장흥군 장흥읍 순지리 5번지 3호,,,2025-07-30
장흥군,미중농장,한우,,,전라남도 장흥군 용산면 어산리 677번지 1호,,,2025-07-30
장흥군,민성이슬마루오리농장,오리,,,전라남도 장흥군 부산면 기동리 342번지 1호,,,2025-07-30
장흥군,민성이슬마루오리농장,오리,,22000.0,전라남도 장흥군 부산면 기동리 342번지 1호,,,2025-12-16
장흥군,민성축사,한우,,,전라남도 장흥군 관산읍 삼산리 3번지 10호,,,2025-07-30
장흥군,민수농장,한우,,,전라남도 장흥군 관산읍 신동리 613번지 1호,,,2025-07-30
장흥군,민숙농장,한우,,,전라남도 장흥군 안양면 수양리 457번지 4호,,,2025-07-30
장흥군,민우네농장,한우,,,전라남도 장흥군 대덕읍 연지리 809번지,,,2025-07-30
장흥군,민주농장,육계,,,전라남도 장흥군 용산면 계산리 415번지 1호,,,2025-07-30
장흥군,민주농장,육계,,70000.0,전라남도 장흥군 용산면 계산리 415번지 1호,,,2025-12-16
장흥군,민준농장,한우,,,"전라남도 장흥군 용산면 접정리 405번지 11호 , 405-13",,,2025-07-30
장흥군,민희농장,한우,,,전라남도 장흥군 회진면 진목리 1750번지 5호,,,2025-07-30
장흥군,믿을축산,한우,,,"전라남도 장흥군 부산면 구룡리 658, 656-4, 724번지",,,2025-07-30
장흥군,믿음농장,한우,,,"전라남도 장흥군 안양면 운흥리 65, 66, 67, 64번지",,,2025-07-30
장흥군,믿음오리농장,오리,,,전라남도 장흥군 장평면 기동리 712번지 1호,,,2025-07-30
장흥군,믿음오리농장,오리,,12000.0,전라남도 장흥군 장평면 기동리 712번지 1호,,,2025-12-16
장흥군,바우농장,한우,,,전라남도 장흥군 장평면 봉림리 789-3번지,,,2025-07-30
장흥군,박**,한우,,,전라남도 장흥군 장흥읍 금산리 369번지,,,2025-07-30
장흥군,박**,한우,,,전라남도 장흥군 대덕읍 도청리 520번지,,,2025-07-30
장흥군,박**,한우,,,전라남도 장흥군 대덕읍 연지리 284-3번지,,,2025-07-30
장흥군,박**,한우,,,전라남도 장흥군 용산면 금곡리 494번지 1호,,,2025-07-30
장흥군,박**,한우,,,전라남도 장흥군 장흥읍 덕제리 335번지 3호,,,2025-07-30
장흥군,박**,오리,,,전라남도 장흥군 용산면 접정리 304번지 8호,,,2025-07-30
장흥군,박**,한우,,,전라남도 장흥군 관산읍 용전리 395번지,,,2025-07-30
장흥군,박**,한우,,,전라남도 장흥군 대덕읍 연정리 1172번지 3호,,,2025-07-30
장흥군,박**,한우,,,전라남도 장흥군 대덕읍 분토리 182번지,,,2025-07-30
장흥군,박**농장,한우,,,전라남도 장흥군 장흥읍 평화리 166번지 5호,,,2025-07-30
장흥군,박**농장,한우,,,전라남도 장흥군 용산면 풍길리 산 25번지,,,2025-07-30
장흥군,박**농장,한우,,,전라남도 장흥군 대덕읍 연정리 285번지 6호,,,2025-07-30
장흥군,박민농장,한우,,,"전라남도 장흥군 장흥읍 덕제리 335-4, 335-7번지",,,2025-07-30
장흥군,박성진,오리,,11000.0,전라남도 장흥군 용산면 접정리 304번지 8호,,,2025-12-16
장흥군,박축사,한우,,,전라남도 장흥군 대덕읍 도청리 35번지 3호,,,2025-07-30
장흥군,밤비,한우,,,전라남도 장흥군 대덕읍 신리 214번지 2호 축사및 퇴비사,,,2025-07-30
장흥군,방촌축산,한우,,,전라남도 장흥군 관산읍 방촌리 86번지 20호,,,2025-07-30
장흥군,배산목장,한우,,,전라남도 장흥군 장동면 배산리 산 42번지 3호,,,2025-07-30
장흥군,배산목장,젖소,,,전라남도 장흥군 장동면 배산리 산 41번지,,,2025-07-30
장흥군,백**,한우,,,전라남도 장흥군 관산읍 남송리 359번지,,,2025-07-30
장흥군,백**농장,돼지,,,전라남도 장흥군 장평면 등촌리 256번지,,,2025-07-30
장흥군,백운농장,한우,,,전라남도 장흥군 장흥읍 덕제리 423번지,,,2025-07-30
장흥군,백자골농원,한우,,,전라남도 장흥군 용산면 월송리 727번지 4호,,,2025-07-30
장흥군,백자길축산,한우,,,전라남도 장흥군 용산면 월송리 728번지 14호,,,2025-07-30
장흥군,백자길축산,한우,,,전라남도 장흥군 용산면 월송리 728번지 9호,,,2025-07-30
장흥군,백자농장,한우,,,"전라남도 장흥군 용산면 월송리 743번지 6호 , 743-9",,,2025-07-30
장흥군,법심축기원,한우,,,전라남도 장흥군 대덕읍 분토리 64번지,,,2025-07-30
장흥군,벧엘농원,염소,,,전라남도 장흥군 장동면 반산리 107번지 40호,,,2025-07-30
장흥군,벧엘농장,한우,,,전라남도 장흥군 회진면 진목리 906번지,,,2025-07-30
장흥군,벧엘농장,오리,,10000.0,전라남도 장흥군 장동면 북교리 350번지,,,2025-12-16
장흥군,벧엘농장,오리,,10000.0,전라남도 장흥군 장동면 북교리 350번지 2호,,,2025-12-16
장흥군,벧엘농장,오리,,,전라남도 장흥군 장동면 북교리 350번지 2호,,,2025-07-30
장흥군,벧엘농장,오리,,,전라남도 장흥군 장동면 북교리 350번지,,,2025-07-30
장흥군,벼리농장,한우,,,전라남도 장흥군 장흥읍 평장리 86번지 주2동,,,2025-07-30
장흥군,벼리농장,한우,,,"전라남도 장흥군 장흥읍 덕제리 349번지 2호 , 350-6번지",,,2025-07-30
장흥군,변잠계,한우,,,전라남도 장흥군 용산면 관지리 6번지 2호,,,2025-07-30
장흥군,변잠계,한우,,,전라남도 장흥군 용산면 관지리 435번지 1호,,,2025-07-30
장흥군,병선농장,한우,,,"전라남도 장흥군 관산읍 삼산리 509번지 2호 , 509-3, 509-4번지",,,2025-07-30
장흥군,병철농장,한우,,,전라남도 장흥군 안양면 사촌리 509번지 3호,,,2025-07-30
장흥군,병태농장,한우,,,전라남도 장흥군 장흥읍 행원리 234번지,,,2025-07-30
장흥군,병태농장,한우,,,전라남도 장흥군 용산면 녹원리 132번지 4호,,,2025-07-30
장흥군,병학농장,한우,,,전라남도 장흥군 장동면 북교리 16번지 9호,,,2025-07-30
장흥군,병현농장,한우,,,전라남도 장흥군 관산읍 용전리 292번지 1호,,,2025-07-30
장흥군,보경농장,한우,,,전라남도 장흥군 장흥읍 덕제리 28번지 1호,,,2025-07-30
장흥군,보은농장,한우,,,전라남도 장흥군 안양면 해창리 361번지,,,2025-07-30
장흥군,복수농장,한우,,,전라남도 장흥군 안양면 해창리 563번지,,,2025-07-30
장흥군,복자농장,한우,,,전라남도 장흥군 용산면 인암리 664번지 43호,,,2025-07-30
장흥군,복현농장,한우,,,"전라남도 장흥군 용산면 접정리 272, 282-5, 282-6, 717-7번지",,,2025-07-30
장흥군,봉**축산,한우,,,전라남도 장흥군 장평면 어곡리 794-1번지,,,2025-07-30
장흥군,봉림농장,육계,,85000.0,전라남도 장흥군 장평면 봉림리 17번지,,,2025-12-16
장흥군,봉림농장,육계,,,전라남도 장흥군 장평면 봉림리 16-1번지,,,2025-07-30
장흥군,봉림축산,한우,,,전라남도 장흥군 장평면 봉림리 465번지,,,2025-07-30
장흥군,봉천농원,한우,,,전라남도 장흥군 대덕읍 잠두리 685번지,,,2025-07-30
장흥군,부경농장,한우,,,전라남도 장흥군 용산면 풍길리 217번지,,,2025-07-30
장흥군,부경축산,한우,,,전라남도 장흥군 용산면 풍길리 217번지,,,2025-07-30
장흥군,부드리 오리농장,오리,,15000.0,"전라남도 장흥군 장평면 양촌리 88-14,88-16,88-17,88-18,88-19,88-20,88-23,88-24,-25,-26,-174",,,2025-12-16
장흥군,부드리 오리농장,오리,,,"전라남도 장흥군 장평면 양촌리 88-14,88-16,88-17,88-18,88-19,88-20,88-23,88-24,-25,-26,-174",,,2025-07-30
장흥군,부산농장,오리,,9000.0,전라남도 장흥군 부산면 기동리 344번지 1호 외 1필지,,,2025-12-16
장흥군,부산농장,오리,,,전라남도 장흥군 부산면 기동리 344번지 1호 외 1필지,,,2025-07-30
장흥군,부용두레,한우,,,전라남도 장흥군 용산면 접정리 216번지 2호,,,2025-07-30
장흥군,부용축산,한우,,,"전라남도 장흥군 용산면 인암리 829번지 2호 ,829-3",,,2025-07-30
장흥군,부용축산2,한우,,,전라남도 장흥군 용산면 인암리 829번지 1호,,,2025-07-30
장흥군,부자목장,한우,,,전라남도 장흥군 장평면 양촌리 610번지 3호,,,2025-07-30
장흥군,부평농장,한우,,,전라남도 장흥군 관산읍 부평리 304번지 1호,,,2025-07-30
장흥군,부평농장,한우,,,전라남도 장흥군 관산읍 부평리 277번지 8호,,,2025-07-30
장흥군,부평축산,한우,,,전라남도 장흥군 장평면 내동리 469번지,,,2025-07-30
장흥군,북실농장,한우,,,전라남도 장흥군 회진면 회진리 646번지,,,2025-07-30
장흥군,분토농장,한우,,,전라남도 장흥군 대덕읍 분토리 126번지 1호 외 1필지,,,2025-07-30
장흥군,분토농장,한우,,,"전라남도 장흥군 대덕읍 분토리 122, 122-2, 124번지",,,2025-07-30
장흥군,비파골농원,한우,,,전라남도 장흥군 장동면 배산리 467번지 2호,,,2025-07-30
장흥군,빈이네농장,한우,,,"전라남도 장흥군 관산읍 외동리 470번지 7호 , 470-8번지",,,2025-07-30
장흥군,사금농장,한우,,,전라남도 장흥군 회진면 진목리 224번지 1호,,,2025-07-30
장흥군,사랑농장,한우,,,전라남도 장흥군 대덕읍 연지리 552번지 2호,,,2025-07-30
장흥군,사안농장,한우,,,전라남도 장흥군 장흥읍 사안리 104번지 외 1필지,,,2025-07-30
장흥군,사안농장,육계,,45000.0,"전라남도 장흥군 장흥읍 사안리 104, 105-1, 106, 189-1, 190, 433-5, 433-7번지",,,2025-12-16
장흥군,사안농장,육계,,,"전라남도 장흥군 장흥읍 사안리 104, 105-1, 106, 189-1, 190, 433-5, 433-7번지",,,2025-07-30
장흥군,사자산 농장,한우,,,"전라남도 장흥군 장흥읍 삼산리 산92-36, 산92-6번지",,,2025-07-30
장흥군,사촌농장,오리,,,전라남도 장흥군 안양면 사촌리 33번지 1호,,,2025-07-30
장흥군,사촌농장,한우,,,전라남도 장흥군 안양면 사촌리 430번지 1호,,,2025-07-30
장흥군,산골흑염소농장,산양,,,전라남도 장흥군 안양면 수락리 522번지,,,2025-07-30
장흥군,산농장,한우,,,전라남도 장흥군 회진면 덕산리 1759-14번지,,,2025-07-30
장흥군,산동축산,한우,,,전라남도 장흥군 관산읍 삼산리 184번지 36호,,,2025-07-30
장흥군,산들농장,한우,,,전라남도 장흥군 대덕읍 신월리 174번지 1호,,,2025-07-30
장흥군,산들농장,오리,,22000.0,"전라남도 장흥군 부산면 용반리 76번지 1호 , 76-2, 76-3, 76-4",,,2025-12-16
장흥군,산들농장,오리,,,"전라남도 장흥군 부산면 용반리 76번지 1호 , 76-2, 76-3, 76-4",,,2025-07-30
장흥군,산아래농장,한우,,,전라남도 장흥군 부산면 구룡리 454번지 31호,,,2025-07-30
장흥군,산아래농장,한우,,,전라남도 장흥군 부산면 구룡리 454번지 30호,,,2025-07-30
장흥군,산호농장,돼지,,,전라남도 장흥군 장흥읍 행원리 1130번지 4호,,,2025-07-30
장흥군,산호농장,한우,,,전라남도 장흥군 용산면 접정리 307번지 4호,,,2025-07-30
장흥군,삼교축산,한우,,,전라남도 장흥군 안양면 해창리 690번지,,,2025-07-30
장흥군,삼비산농장,염소,,,전라남도 장흥군 안양면 수락리 522번지,,,2025-07-30
장흥군,삼산농장,한우,,,전라남도 장흥군 관산읍 삼산리 1650번지,,,2025-07-30
장흥군,삼산농장,한우,,,전라남도 장흥군 관산읍 삼산리 686번지 33호,,,2025-07-30
장흥군,삼산리894-53번지,한우,,,전라남도 장흥군 관산읍 삼산리 894-53번지,,,2025-07-30
장흥군,삼산양계장,육계,,65000.0,전라남도 장흥군 장흥읍 삼산리 산 92번지 5호,,,2025-12-16
장흥군,삼산양계장,육계,,,전라남도 장흥군 장흥읍 삼산리 산 92번지 5호,,,2025-07-30
장흥군,삼산축산,한우,,,전라남도 장흥군 장흥읍 금산리 229번지,,,2025-07-30
장흥군,삼산축산,한우,,,전라남도 장흥군 관산읍 삼산리 264번지 8호,,,2025-07-30
장흥군,삼산축산,한우,,,전라남도 장흥군 관산읍 삼산리 1669번지,,,2025-07-30
장흥군,삼성농장,한우,,,전라남도 장흥군 회진면 회진리 419번지 1호,,,2025-07-30
장흥군,삼양사,한우,,,전라남도 장흥군 대덕읍 신월리 647번지,,,2025-07-30
장흥군,삼정농원,한우,,,전라남도 장흥군 용산면 모산리 367번지 6호,,,2025-07-30
장흥군,삼정농원,한우,,,전라남도 장흥군 용산면 덕암리 227번지 3호,,,2025-07-30
장흥군,삼정농장,한우,,,전라남도 장흥군 장동면 만년리 291번지 4호,,,2025-07-30
장흥군,삼정농장,한우,,,전라남도 장흥군 장흥읍 향양리 88번지,,,2025-07-30
장흥군,삼진농장,한우,,,전라남도 장흥군 관산읍 삼산리 241번지 12호,,,2025-07-30
장흥군,삼차농장,한우,,,전라남도 장흥군 관산읍 신동리 311-1번지,,,2025-07-30
장흥군,삼화농장,육계,,82000.0,전라남도 장흥군 회진면 회진리 1443번지 2호,,,2025-12-16
장흥군,삼화농장,육계,,,전라남도 장흥군 회진면 회진리 1443번지 2호,,,2025-07-30
장흥군,상섭농장,한우,,,전라남도 장흥군 대덕읍 잠두리 477번지,,,2025-07-30
장흥군,상우농장,한우,,,전라남도 장흥군 장흥읍 향양리 264번지 4호 외 1필지,,,2025-07-30
장흥군,상원농장,한우,,,전라남도 장흥군 대덕읍 연정리 550번지 1호,,,2025-07-30
장흥군,상촌농장,한우,,,전라남도 장흥군 유치면 조양리 236번지,,,2025-07-30
장흥군,상현이축사,한우,,,전라남도 장흥군 안양면 학송리 62번지 7호,,,2025-07-30
장흥군,상훈축사,한우,,,전라남도 장흥군 회진면 진목리 1056번지 3필지,,,2025-07-30
장흥군,새뜸농장,한우,,,전라남도 장흥군 회진면 덕산리 1761번지 2호,,,2025-07-30
장흥군,새뜸농장,한우,,,전라남도 장흥군 회진면 덕산리 1765번지 6호 외 1필지,,,2025-07-30
장흥군,샛별,젖소,,,전라남도 장흥군 용산면 상금리 521번지,,,2025-07-30
장흥군,샛별농장,한우,,,전라남도 장흥군 관산읍 외동리 310번지 5호,,,2025-07-30
장흥군,생양축산,한우,,,"전라남도 장흥군 장흥읍 향양리 244-2, 244-3번지",,,2025-07-30
장흥군,서**,한우,,,전라남도 장흥군 대덕읍 연정리 1170번지 7호,,,2025-07-30
장흥군,서경농장,한우,,,전라남도 장흥군 장흥읍 평장리 85번지 1호,,,2025-07-30
장흥군,서리산축산,한우,,,전라남도 장흥군 장동면 반산리 413번지 1호,,,2025-07-30
장흥군,서씨농장,한우,,,전라남도 장흥군 안양면 해창리 821번지 7호,,,2025-07-30
장흥군,서암농장,한우,,,전라남도 장흥군 관산읍 죽교리 124번지,,,2025-07-30
장흥군,서영2농장,한우,,,"전라남도 장흥군 관산읍 송촌리 396번지 1호 , 396-2",,,2025-07-30
장흥군,서영농장,한우,,,전라남도 장흥군 관산읍 송촌리 395번지 4호,,,2025-07-30
장흥군,서울농장,한우,,,전라남도 장흥군 대덕읍 연지리 281번지 5호,,,2025-07-30
장흥군,서재오리농장,오리,,,전라남도 장흥군 장평면 등촌리 443번지,,,2025-07-30
장흥군,서진농장,한우,,,전라남도 장흥군 부산면 부춘리 562-2번지,,,2025-07-30
장흥군,석**농장,한우,,,전라남도 장흥군 용산면 운주리 662번지,,,2025-07-30
장흥군,석동농장,한우,,,전라남도 장흥군 용산면 인암리 831번지 4호,,,2025-07-30
장흥군,석동농장,돼지,,,전라남도 장흥군 장흥읍 영전리 593번지 3호,,,2025-07-30
장흥군,석렬농장,한우,,,"전라남도 장흥군 대덕읍 가학리 1163번지 11호 , 1163-13, 1172-1번지",,,2025-07-30
장흥군,석수농장,한우,,,전라남도 장흥군 장평면 우산리 735번지 1호,,,2025-07-30
장흥군,석원농장,한우,,,전라남도 장흥군 장흥읍 행원리 70번지 1호,,,2025-07-30
장흥군,석정농장,오리,,27000.0,전라남도 장흥군 장평면 기동리 959번지 1호 외 4필지,,,2025-12-16
장흥군,석정농장,오리,,,전라남도 장흥군 장평면 기동리 959번지 1호 외 4필지,,,2025-07-30
장흥군,석준축산,한우,,,전라남도 장흥군 용산면 덕암리 224번지 1호,,,2025-07-30
장흥군,석진농장,한우,,,전라남도 장흥군 회진면 회진리 1459번지,,,2025-07-30
장흥군,석한농장,한우,,,전라남도 장흥군 부산면 금자리 1019번지 외 2필지,,,2025-07-30
장흥군,석현농장,한우,,,전라남도 장흥군 관산읍 삼산리 833번지,,,2025-07-30
장흥군,석호축산,한우,,,전라남도 장흥군 장흥읍 축내리 18번지 15호,,,2025-07-30
장흥군,선**,한우,,,전라남도 장흥군 안양면 수양리 74번지,,,2025-07-30
장흥군,선경축산,한우,,,"전라남도 장흥군 장동면 배산리 75, 76번지",,,2025-07-30
장흥군,선암산 흑염소농장,염소,,,전라남도 장흥군 장평면 복흥리 594번지 1호,,,2025-07-30
장흥군,선영농축산,한우,,,"전라남도 장흥군 관산읍 송촌리 184번지 1호 , 178-1, 183-1, 184, 185-2",,,2025-07-30
장흥군,선우목장,한우,,,전라남도 장흥군 대덕읍 연정리 981번지,,,2025-07-30
장흥군,선임농장,한우,,,전라남도 장흥군 장동면 조양리 329번지 1호,,,2025-07-30
장흥군,선정축사,한우,,,전라남도 장흥군 장평면 선정리 212번지 1호,,,2025-07-30
장흥군,선진농장,한우,,,전라남도 장흥군 유치면 신월리 323번지 1호,,,2025-07-30
장흥군,성관축산,한우,,,전라남도 장흥군 관산읍 성산리 689번지 3호,,,2025-07-30
장흥군,성동농장,한우,,,전라남도 장흥군 용산면 접정리 22번지 1호,,,2025-07-30
장흥군,성민축산,한우,,,"전라남도 장흥군 관산읍 남송리 377-1, 377-2, 380",,,2025-07-30
장흥군,성민축산,한우,,,전라남도 장흥군 용산면 계산리 416번지 17호,,,2025-07-30
장흥군,성부농장,한우,,,전라남도 장흥군 안양면 해창리 572번지 32호,,,2025-07-30
장흥군,성순농장,한우,,,전라남도 장흥군 대덕읍 연지리 862번지,,,2025-07-30
장흥군,성식농장,한우,,,"전라남도 장흥군 용산면 녹원리 192-1, 192-2번지",,,2025-07-30
장흥군,성식농장,한우,,,전라남도 장흥군 안양면 학송리 139번지 9호,,,2025-07-30
장흥군,성열농장,한우,,,전라남도 장흥군 장동면 북교리 237번지,,,2025-07-30
장흥군,성열농장,한우,,,전라남도 장흥군 대덕읍 도청리 531번지,,,2025-07-30
장흥군,성우농장,한우,,,전라남도 장흥군 장흥읍 행원리 730번지 1호,,,2025-07-30
장흥군,성우농장,한우,,,"전라남도 장흥군 관산읍 삼산리 598번지 , 595, 596-2, 602-2번지",,,2025-07-30
장흥군,성우축산,한우,,,전라남도 장흥군 관산읍 고마리 960번지 11호 외1필지,,,2025-07-30
장흥군,성욱농장,한우,,,전라남도 장흥군 장동면 북교리 598-5번지,,,2025-07-30
장흥군,성운농장,한우,,,전라남도 장흥군 회진면 회진리 1317번지 4호,,,2025-07-30
장흥군,성원축산,한우,,,전라남도 장흥군 유치면 조양리 1126번지 8호,,,2025-07-30
장흥군,성재축산,한우,,,전라남도 장흥군 용산면 녹원리 193-3번지,,,2025-07-30
장흥군,성진축산,한우,,,"전라남도 장흥군 회진면 회진리 1702번지 , 1703",,,2025-07-30
장흥군,성태농장,한우,,,전라남도 장흥군 장평면 기동리 974-4번지,,,2025-07-30
장흥군,성한2농장,한우,,,"전라남도 장흥군 장흥읍 덕제리 86, 85-2번지",,,2025-07-30
장흥군,성한농장,한우,,,전라남도 장흥군 부산면 기동리 410번지 60호,,,2025-07-30
장흥군,성현농장,한우,,,전라남도 장흥군 유치면 조양리 1130번지 8호,,,2025-07-30
장흥군,성호농장,한우,,,전라남도 장흥군 대덕읍 잠두리 786번지 1호,,,2025-07-30
장흥군,성환목장,염소,,,전라남도 장흥군 장흥읍 덕제리 473번지,,,2025-07-30
장흥군,성희농장,한우,,,전라남도 장흥군 대덕읍 도청리 741번지,,,2025-07-30
장흥군,세반이,한우,,,전라남도 장흥군 장평면 축내리 208번지,,,2025-07-30
장흥군,세진농장,한우,,,전라남도 장흥군 관산읍 삼산리 427번지 4호,,,2025-07-30
장흥군,소리농장,한우,,,전라남도 장흥군 대덕읍 연지리 239번지 2호 1필지,,,2025-07-30
장흥군,소망농장,오리,,9000.0,전라남도 장흥군 장평면 기동리 712번지 8호,,,2025-12-16
장흥군,소망농장,오리,,,전라남도 장흥군 장평면 기동리 712번지 8호,,,2025-07-30
장흥군,소머리봉 목장,한우,,,전라남도 장흥군 관산읍 외동리 350번지,,,2025-07-30
장흥군,소머리봉목장,한우,,,전라남도 장흥군 관산읍 외동리 348번지,,,2025-07-30
장흥군,소산농장,돼지,,,전라남도 장흥군 관산읍 지정리 139번지 2호,,,2025-07-30
장흥군,소양축산,한우,,,전라남도 장흥군 장흥읍 향양리 245번지 1호,,,2025-07-30
장흥군,소영농장,한우,,,전라남도 장흥군 대덕읍 신월리 625번지,,,2025-07-30
장흥군,소원농장,한우,,,전라남도 장흥군 안양면 신촌리 21번지 5호,,,2025-07-30
장흥군,손**,한우,,,전라남도 장흥군 안양면 지천리 405-15번지,,,2025-07-30
장흥군,솔아농장,한우,,,전라남도 장흥군 대덕읍 도청리 35번지 6호,,,2025-07-30
장흥군,송**,한우,,,전라남도 장흥군 회진면 진목리 687번지 2호,,,2025-07-30
장흥군,송은농장,오리,,,전라남도 장흥군 용산면 상금리 88번지 1호,,,2025-07-30
장흥군,송은농장,오리,,33000.0,전라남도 장흥군 용산면 상금리 88번지 1호,,,2025-12-16
장흥군,송인농장,한우,,,전라남도 장흥군 관산읍 고마리 972번지 5호 축사및퇴비사,,,2025-07-30
장흥군,송정축산,한우,,,전라남도 장흥군 대덕읍 신리 267번지 외 4필지,,,2025-07-30
장흥군,송현축산,한우,,,전라남도 장흥군 관산읍 송촌리 118번지,,,2025-07-30
장흥군,수락양계장,육계,,,전라남도 장흥군 안양면 수락리 50번지 7호,,,2025-07-30
장흥군,수락양계장,육계,,71000.0,전라남도 장흥군 안양면 수락리 50번지 7호,,,2025-12-16
장흥군,수명,한우,,,전라남도 장흥군 대덕읍 연정리 1330번지 5호,,,2025-07-30
장흥군,수목농장,육계,,,전라남도 장흥군 장동면 반산리 9번지 2호,,,2025-07-30
장흥군,수미농장,한우,,,"전라남도 장흥군 관산읍 외동리 226번지 , 227-2, 758-1번지",,,2025-07-30
장흥군,수미농장,한우,,,전라남도 장흥군 관산읍 외동리 225번지,,,2025-07-30
장흥군,수미축산,한우,,,전라남도 장흥군 부산면 부춘리 559번지 3호,,,2025-07-30
장흥군,수완축산,한우,,,"전라남도 장흥군 대덕읍 가학리 513번지 2호 , 514",,,2025-07-30
장흥군,수원농장,한우,,,전라남도 장흥군 관산읍 삼산리 171번지 /120-3번지,,,2025-07-30
장흥군,수인농장,한우,,,전라남도 장흥군 유치면 조양리 265번지 3호,,,2025-07-30
장흥군,수정축산,한우,,,전라남도 장흥군 용산면 월송리 264번지,,,2025-07-30
장흥군,수진농장,한우,,,전라남도 장흥군 회진면 회진리 1222번지 4호,,,2025-07-30
장흥군,수환농장,한우,,,전라남도 장흥군 안양면 운흥리 565번지,,,2025-07-30
장흥군,순복농장,오리,,,전라남도 장흥군 용산면 덕암리 461번지 1호 외 1필지,,,2025-07-30
장흥군,순철농장,한우,,,"전라남도 장흥군 대덕읍 연정리 683번지 10호 , 683-11, 683-37, 683-42번지",,,2025-07-30
장흥군,순하 축산,한우,,,전라남도 장흥군 용산면 계산리 628번지 외1필지,,,2025-07-30
장흥군,스마일농장,한우,,,전라남도 장흥군 대덕읍 도청리 867-8번지,,,2025-07-30
장흥군,스마일농장,한우,,,"전라남도 장흥군 대덕읍 도청리 576-1, 574번지",,,2025-07-30
장흥군,승곤농장,한우,,,"전라남도 장흥군 용산면 모산리 15-10, 15-11번지",,,2025-07-30
장흥군,승민농장,한우,,,전라남도 장흥군 관산읍 남송리 108-13번지,,,2025-07-30
장흥군,승수농장,한우,,,전라남도 장흥군 대덕읍 신리 442번지 2호,,,2025-07-30
장흥군,승옥농장,한우,,,전라남도 장흥군 장흥읍 향양리 805번지 7호,,,2025-07-30
장흥군,승일농장,한우,,,전라남도 장흥군 관산읍 하발리 850번지,,,2025-07-30
장흥군,승자농장,한우,,,"전라남도 장흥군 안양면 운흥리 65, 66, 67, 64번지",,,2025-07-30
장흥군,승주농장,한우,,,"전라남도 장흥군 용산면 계산리 401번지 13호 , 401-15, 401-24번지",,,2025-07-30
장흥군,시골농장,한우,,,전라남도 장흥군 대덕읍 도청리 725번지,,,2025-07-30
장흥군,시바우농장,한우,,,전라남도 장흥군 대덕읍 잠두리 1041번지 3호,,,2025-07-30
장흥군,시온농장,한우,,,전라남도 장흥군 대덕읍 연정리 722번지 7호,,,2025-07-30
장흥군,시온농장,한우,,,"전라남도 장흥군 대덕읍 연정리 724번지 4호 , 724-5, 742-6",,,2025-07-30
장흥군,시온농장,한우,,,전라남도 장흥군 대덕읍 도청리 39번지 1호,,,2025-07-30
장흥군,시우농장,한우,,,전라남도 장흥군 관산읍 삼산리 490번지 1호,,,2025-07-30
장흥군,시태농장,한우,,,"전라남도 장흥군 대덕읍 신월리 714번지 1호 , 1099-4번지",,,2025-07-30
장흥군,신**,한우,,,전라남도 장흥군 대덕읍 잠두리 552번지,,,2025-07-30
장흥군,신**,한우,,,전라남도 장흥군 대덕읍 신리 773번지 3호,,,2025-07-30
장흥군,신**,한우,,,전라남도 장흥군 대덕읍 연지리 56번지 34호,,,2025-07-30
장흥군,신**,한우,,,"전라남도 장흥군 관산읍 송촌리 257-3, 257-4번지",,,2025-07-30
장흥군,신** 축사,한우,,,전라남도 장흥군 장흥읍 행원리 686번지 1호,,,2025-07-30
장흥군,신**농장,한우,,,전라남도 장흥군 장동면 북교리 693번지,,,2025-07-30
장흥군,신기농장,오리,,,전라남도 장흥군 장평면 기동리 228번지 2호,,,2025-07-30
장흥군,신기축사,한우,,,전라남도 장흥군 장흥읍 금산리 166번지 2호,,,2025-07-30
장흥군,신동축산,한우,,,"전라남도 장흥군 관산읍 신동리 206-2, 206-4, 565-48번지",,,2025-07-30
장흥군,신리농장,한우,,,전라남도 장흥군 대덕읍 신리 1번지,,,2025-07-30
장흥군,신상농장,한우,,,전라남도 장흥군 회진면 신상리 1137번지 5호,,,2025-07-30
장흥군,신암축산,한우,,,전라남도 장흥군 대덕읍 신리 513번지 6호,,,2025-07-30
장흥군,신암축산,한우,,,전라남도 장흥군 대덕읍 신리 212번지 4호,,,2025-07-30
장흥군,신암축산,한우,,,전라남도 장흥군 대덕읍 신리 872번지,,,2025-07-30
장흥군,신월농장,한우,,,전라남도 장흥군 장동면 북교리 249번지,,,2025-07-30
장흥군,신은농장,한우,,,전라남도 장흥군 관산읍 성산리 44-4번지,,,2025-07-30
장흥군,신일농장,한우,,,전라남도 장흥군 대덕읍 연지리 134번지,,,2025-07-30
장흥군,신일농장,한우,,,"전라남도 장흥군 대덕읍 연지리 128번지 , 129번지",,,2025-07-30
장흥군,신일농장,한우,,,"전라남도 장흥군 대덕읍 연지리 128번지 , 129, 127-2번지",,,2025-07-30
장흥군,신촌농장,한우,,,전라남도 장흥군 안양면 신촌리 471번지 11호,,,2025-07-30
장흥군,신풍2농장,한우,,,전라남도 장흥군 용산면 풍길리 41번지 22호 외 1필지,,,2025-07-30
장흥군,신풍부화장,종계/산란계,,,전라남도 장흥군 유치면 조양리 1120번지 5호,,,2025-07-30
장흥군,신흥농장,산양,,,전라남도 장흥군 장흥읍 연산리 411번지 1호,,,2025-07-30
장흥군,신흥축산,한우,,,전라남도 장흥군 장흥읍 행원리 1020번지,,,2025-07-30
장흥군,심**농장,한우,,,전라남도 장흥군 장평면 병동리 304번지 1호,,,2025-07-30
장흥군,쌍둥이농장,한우,,,전라남도 장흥군 안양면 학송리 60번지 8호,,,2025-07-30
장흥군,아들축산,한우,,,전라남도 장흥군 장동면 만년리 566번지 3호,,,2025-07-30
장흥군,아영농장,한우,,,전라남도 장흥군 대덕읍 신리 1067번지,,,2025-07-30
장흥군,아이와농장,한우,,,전라남도 장흥군 용산면 관지리 462번지,,,2025-07-30
장흥군,안**,한우,,,전라남도 장흥군 대덕읍 연지리 12번지 116호,,,2025-07-30
장흥군,안**,한우,,,전라남도 장흥군 대덕읍 잠두리 1071번지 4호,,,2025-07-30
장흥군,안나농장,한우,,,전라남도 장흥군 대덕읍 연지리 17-79번지,,,2025-07-30
장흥군,안산축산,한우,,,전라남도 장흥군 회진면 회진리 274번지 7호,,,2025-07-30
장흥군,안양축산,한우,,,전라남도 장흥군 안양면 해창리 492번지 1호,,,2025-07-30
장흥군,애쓰다축산,한우,,,전라남도 장흥군 대덕읍 잠두리 691번지,,,2025-07-30
장흥군,야곱농장,한우,,,전라남도 장흥군 장흥읍 사안리 130번지,,,2025-07-30
장흥군,야베스 축산,돼지,,,전라남도 장흥군 관산읍 신동리 620번지,,,2025-07-30
장흥군,야베스축산2농장,돼지,,,"전라남도 장흥군 용산면 상금리 219번지 4호 , 150-29, 219-3, 218번지",,,2025-07-30
장흥군,양**,한우,,,전라남도 장흥군 장흥읍 금산리 183번지 2호 외 1필지,,,2025-07-30
장흥군,양길농장,한우,,,전라남도 장흥군 대덕읍 연지리 1011번지,,,2025-07-30
장흥군,양심농장,한우,,,전라남도 장흥군 관산읍 성산리 100번지,,,2025-07-30
장흥군,양지축산,한우,,,전라남도 장흥군 관산읍 삼산리 408번지 68호,,,2025-07-30
장흥군,양하축산,한우,,,전라남도 장흥군 대덕읍 잠두리 544번지,,,2025-07-30
장흥군,양훈농장,한우,,,"전라남도 장흥군 대덕읍 잠두리 286번지 , 286-5, 290, 290-3, 292번지",,,2025-07-30
장흥군,어등농장,한우,,,전라남도 장흥군 대덕읍 도청리 871-7번지,,,2025-07-30
장흥군,어등농장,한우,,,전라남도 장흥군 대덕읍 도청리 426번지,,,2025-07-30
장흥군,어부농장,한우,,,"전라남도 장흥군 관산읍 외동리 582번지 1호 , 582-3번지",,,2025-07-30
장흥군,어울림 한우,한우,,,전라남도 장흥군 관산읍 농안리 279번지 외 3필지,,,2025-07-30
장흥군,어장간축산,한우,,,전라남도 장흥군 안양면 지천리 168번지 외 1필지,,,2025-07-30
장흥군,억대농장,한우,,,전라남도 장흥군 회진면 진목리 1769번지 1호,,,2025-07-30
장흥군,억대축산,한우,,,전라남도 장흥군 관산읍 송촌리 238번지 2호 외 2필지,,,2025-07-30
장흥군,언양농축산,한우,,,전라남도 장흥군 용산면 관지리 1번지 1호,,,2025-07-30
장흥군,엄마소농장,한우,,,전라남도 장흥군 용산면 덕암리 226번지 1호,,,2025-07-30
장흥군,에덴,한우,,,전라남도 장흥군 용산면 상금리 2934번지,,,2025-07-30
장흥군,에덴축산,한우,,,전라남도 장흥군 대덕읍 연정리 1330-3번지,,,2025-07-30
장흥군,에이원농장,한우,,,전라남도 장흥군 안양면 운흥리 45번지,,,2025-07-30
장흥군,여동농장,한우,,,"전라남도 장흥군 용산면 상금리 691, 681번지",,,2025-07-30
장흥군,여동축산,한우,,,전라남도 장흥군 용산면 금곡리 263번지,,,2025-07-30
장흥군,여의동농장,육계,,250000.0,전라남도 장흥군 장평면 등촌리 297번지,,,2025-12-16
장흥군,여의동농장,육계,,,전라남도 장흥군 장평면 등촌리 297번지,,,2025-07-30
장흥군,여의축산,한우,,,전라남도 장흥군 장평면 등촌리 470번지 4호,,,2025-07-30
장흥군,연규농장,한우,,,전라남도 장흥군 장동면 봉동리 497번지,,,2025-07-30
장흥군,연동축산,한우,,,전라남도 장흥군 대덕읍 연지리 759번지,,,2025-07-30
장흥군,연산축사,한우,,,전라남도 장흥군 장흥읍 연산리 343번지,,,2025-07-30
장흥군,연우농장,한우,,,전라남도 장흥군 관산읍 외동리 752번지 27호,,,2025-07-30
장흥군,연우농장,한우,,,전라남도 장흥군 장동면 북교리 16번지 9호,,,2025-07-30
장흥군,연자농장,한우,,,전라남도 장흥군 장흥읍 영전리 516번지 3호,,,2025-07-30
장흥군,연지농장,한우,,,전라남도 장흥군 대덕읍 연지리 560번지 6호,,,2025-07-30
장흥군,연희농장,한우,,,전라남도 장흥군 대덕읍 도청리 43번지 10호,,,2025-07-30
장흥군,열무농장,한우,,,전라남도 장흥군 대덕읍 연지리 1427번지 1호,,,2025-07-30
장흥군,열이축산,한우,,,전라남도 장흥군 관산읍 부평리 343-8번지,,,2025-07-30
장흥군,염소,염소,,,전라남도 장흥군 장흥읍 평장리 79번지,,,2025-07-30
장흥군,영남축사,한우,,,전라남도 장흥군 안양면 신촌리 473번지 1호,,,2025-07-30
장흥군,영덕농장,한우,,,"전라남도 장흥군 관산읍 삼산리 315번지 1호 , 317번지",,,2025-07-30
장흥군,영배농장,한우,,,전라남도 장흥군 회진면 진목리 1753번지 1호,,,2025-07-30
장흥군,영법돌나라한농복구회장흥지부,종계/산란계,,,전라남도 장흥군 유치면 운월리 241번지,,,2025-07-30
장흥군,영선,한우,,,전라남도 장흥군 회진면 회진리 1867번지 1호,,,2025-07-30
장흥군,영선농장,한우,,,전라남도 장흥군 안양면 해창리 361번지,,,2025-07-30
장흥군,영선농장,한우,,,전라남도 장흥군 유치면 조양리 643번지 1호,,,2025-07-30
장흥군,영섭농장,오리,,,전라남도 장흥군 부산면 유량리 276번지 외 1필지,,,2025-07-30
장흥군,영섭농장,오리,,11500.0,전라남도 장흥군 부산면 유량리 276번지 외 1필지,,,2025-12-16
장흥군,영송축산,한우,,,전라남도 장흥군 장흥읍 향양리 802번지 4호,,,2025-07-30
장흥군,영수축산,한우,,,전라남도 장흥군 관산읍 농안리 28번지 20호,,,2025-07-30
장흥군,영숙농장,한우,,,전라남도 장흥군 회진면 덕산리 604번지,,,2025-07-30
장흥군,영숙농장,한우,,,전라남도 장흥군 용산면 덕암리 201번지 1호,,,2025-07-30
장흥군,영순농장,한우,,,전라남도 장흥군 용산면 어산리 543번지 1호,,,2025-07-30
장흥군,영식농장,한우,,,전라남도 장흥군 대덕읍 연지리 198번지,,,2025-07-30
장흥군,영심농장,한우,,,"전라남도 장흥군 장평면 기동리 415번지 9호 , -7, -10, -11, -12, -14, -15, -17, 402-1, 888-9, 888-20번지",,,2025-07-30
장흥군,영원농장,한우,,,전라남도 장흥군 회진면 덕산리 1767번지 3호,,,2025-07-30
장흥군,영이축산,한우,,,"전라남도 장흥군 관산읍 남송리 174번지 1호 , 174-2, 174-12번지",,,2025-07-30
장흥군,영인농장,한우,,,전라남도 장흥군 용산면 어산리 843번지,,,2025-07-30
장흥군,영일농장,한우,,,전라남도 장흥군 회진면 신상리 1138번지 6호,,,2025-07-30
장흥군,영일농장,오리,,,전라남도 장흥군 장흥읍 덕제리 617번지 1호,,,2025-07-30
장흥군,영일농장,한우,,,전라남도 장흥군 회진면 신상리 1139번지 5호,,,2025-07-30
장흥군,영일축산,한우,,,전라남도 장흥군 관산읍 외동리 310번지 9호,,,2025-07-30
장흥군,영지한우,한우,,,"전라남도 장흥군 대덕읍 잠두리 산 126번지 바동, 자동 / 324-5번지",,,2025-07-30
장흥군,영지한우,한우,,,"전라남도 장흥군 대덕읍 잠두리 산 126번지 가동, 라동",,,2025-07-30
장흥군,영지한우,한우,,,"전라남도 장흥군 대덕읍 잠두리 산 126번지 사동, 아동",,,2025-07-30
장흥군,영지한우,한우,,,전라남도 장흥군 대덕읍 잠두리 산 126번지  나동,,,2025-07-30
장흥군,영지한우,한우,,,"전라남도 장흥군 대덕읍 잠두리 651번지 3호 , 651-6, 651-7, 647-3번지",,,2025-07-30
장흥군,영지한우 2농장,한우,,,"전라남도 장흥군 대덕읍 잠두리 598번지 1호 , 1072-1, 1072-2(주2, 나동)",,,2025-07-30
장흥군,영진 ♥지혜농장,한우,,,전라남도 장흥군 안양면 신촌리 523번지,,,2025-07-30
장흥군,영진오리농장,오리,,,전라남도 장흥군 장평면 청용리 919번지 5호,,,2025-07-30
장흥군,영진오리농장,오리,,15000.0,전라남도 장흥군 장평면 청용리 919번지 5호,,,2025-12-16
장흥군,영풍농장,한우,,,전라남도 장흥군 용산면 계산리 336번지 3호 외 1필지,,,2025-07-30
장흥군,영훈,한우,,,전라남도 장흥군 대덕읍 연정리 422번지,,,2025-07-30
장흥군,예림축산,한우,,,"전라남도 장흥군 관산읍 외동리 55-1, 53, 55, 56-2번지(나동)",,,2025-07-30
장흥군,오**농가,한우,,,전라남도 장흥군 관산읍 용전리 103번지 1호,,,2025-07-30
장흥군,오**농장,돼지,,,전라남도 장흥군 회진면 대리 441번지,,,2025-07-30
장흥군,오리가행복한농장,오리,,,전라남도 장흥군 회진면 덕산리 2110번지 2호 외 3필지,,,2025-07-30
장흥군,오산농장,한우,,,전라남도 장흥군 대덕읍 연지리 813번지 27호,,,2025-07-30
장흥군,오성농장,오리,,,전라남도 장흥군 회진면 회진리 1362번지 3호,,,2025-07-30
장흥군,오성축산,한우,,,전라남도 장흥군 대덕읍 신리 1062번지,,,2025-07-30
장흥군,오성축산,한우,,,전라남도 장흥군 대덕읍 신리 220번지 2호,,,2025-07-30
장흥군,오성축산,한우,,,전라남도 장흥군 대덕읍 신월리 435번지 8호,,,2025-07-30
장흥군,옥산농장,한우,,,전라남도 장흥군 장평면 두봉리 668번지,,,2025-07-30
장흥군,옥자축사,한우,,,전라남도 장흥군 대덕읍 신리 615번지 9호,,,2025-07-30
장흥군,와룡축사,한우,,,전라남도 장흥군 관산읍 부평리 367번지 4호,,,2025-07-30
장흥군,와룡축산,한우,,,전라남도 장흥군 관산읍 옥당리 523번지 11호,,,2025-07-30
장흥군,와이투케이축산,한우,,,전라남도 장흥군 장평면 진산리 465번지,,,2025-07-30
장흥군,완수농장,한우,,,전라남도 장흥군 장흥읍 행원리 957번지,,,2025-07-30
장흥군,외반농장,한우,,,전라남도 장흥군 장동면 반산리 15번지 3호,,,2025-07-30
장흥군,요정농장,한우,,,전라남도 장흥군 대덕읍 연지리 813번지 26호,,,2025-07-30
장흥군,용관축산,한우,,,전라남도 장흥군 관산읍 삼산리 1333번지 18호,,,2025-07-30
장흥군,용균농장,한우,,,전라남도 장흥군 관산읍 외동리 58번지 2호,,,2025-07-30
장흥군,용기농장,한우,,,전라남도 장흥군 대덕읍 신리 278번지,,,2025-07-30
장흥군,용두농축산,한우,,,전라남도 장흥군 장평면 등촌리 465번지 1호,,,2025-07-30
장흥군,용두축사,한우,,,전라남도 장흥군 장평면 양촌리 602번지 7호,,,2025-07-30
장흥군,용두축산,한우,,,전라남도 장흥군 장평면 병동리 685번지 1호,,,2025-07-30
장흥군,용문축산,한우,,,전라남도 장흥군 장흥읍 금산리 810번지,,,2025-07-30
장흥군,용문축산,한우,,,전라남도 장흥군 유치면 용문리 772번지 1호,,,2025-07-30
장흥군,용반농장,한우,,,전라남도 장흥군 장동면 북교리 291번지,,,2025-07-30
장흥군,용산한우,한우,,,전라남도 장흥군 장평면 축내리 669번지,,,2025-07-30
장흥군,용수농장,한우,,,"전라남도 장흥군 대덕읍 연정리 513번지 1호 , 466, 514번지",,,2025-07-30
장흥군,용숙농장,한우,,,전라남도 장흥군 장평면 기동리 967번지 8호,,,2025-07-30
장흥군,용식농장,한우,,,"전라남도 장흥군 대덕읍 잠두리 71, 72-2, 67-2, 68-1번지",,,2025-07-30
장흥군,용식농장,한우,,,전라남도 장흥군 부산면 용반리 794번지 7호,,,2025-07-30
장흥군,용암농장,한우,,,전라남도 장흥군 용산면 접정리 611번지,,,2025-07-30
장흥군,용우농장,한우,,,전라남도 장흥군 장동면 북교리 268번지,,,2025-07-30
장흥군,용재농장,한우,,,전라남도 장흥군 관산읍 지정리 254번지 1호,,,2025-07-30
장흥군,용전축산,한우,,,"전라남도 장흥군 관산읍 용전리 293번지 , 293-1",,,2025-07-30
장흥군,용천농장,돼지,,,전라남도 장흥군 부산면 지천리 230번지,,,2025-07-30
장흥군,우농2축산,한우,,,전라남도 장흥군 장평면 임리 133번지 6호,,,2025-07-30
장흥군,우농축산,한우,,,전라남도 장흥군 장평면 임리 129번지 1호 외 4필지,,,2025-07-30
장흥군,우드림농장,한우,,,전라남도 장흥군 관산읍 용전리 331번지 12호,,,2025-07-30
장흥군,우리가한우,한우,,,전라남도 장흥군 장평면 우산리 201번지,,,2025-07-30
장흥군,우리농장,오리,,,전라남도 장흥군 회진면 회진리 1355번지 외3필지,,,2025-07-30
장흥군,우리농장,한우,,,전라남도 장흥군 대덕읍 신월리 669번지 1호,,,2025-07-30
장흥군,우리농장,오리,,12000.0,전라남도 장흥군 회진면 회진리 1355번지 외3필지,,,2025-12-16
장흥군,우리들농장,한우,,,전라남도 장흥군 관산읍 죽청리 279번지 1호,,,2025-07-30
장흥군,우리축사,한우,,,전라남도 장흥군 관산읍 고마리 972번지 3호,,,2025-07-30
장흥군,우봉축산,한우,,,전라남도 장흥군 장동면 배산리 115번지 1호,,,2025-07-30
장흥군,우산농장,한우,,,전라남도 장흥군 관산읍 삼산리 1334번지 4호,,,2025-07-30
장흥군,우산오리농장,오리,,13000.0,전라남도 장흥군 장평면 우산리 456번지 2호,,,2025-12-16
장흥군,우산오리농장,오리,,,전라남도 장흥군 장평면 우산리 456번지 2호,,,2025-07-30
장흥군,우산지렁이축산,한우,,,전라남도 장흥군 장평면 우산리 74번지 1호,,,2025-07-30
장흥군,우상농장,한우,,,전라남도 장흥군 부산면 금자리 1075번지 57호,,,2025-07-30
장흥군,우성농장,한우,,,전라남도 장흥군 장동면 조양리 287번지,,,2025-07-30
장흥군,우성농장,한우,,,전라남도 장흥군 관산읍 삼산리 546번지 4호,,,2025-07-30
장흥군,우성농장Ⅱ,한우,,,전라남도 장흥군 관산읍 삼산리 356번지 1호,,,2025-07-30
장흥군,우수2농장,한우,,,전라남도 장흥군 관산읍 부평리 345번지 1호,,,2025-07-30
장흥군,우수농장,한우,,,전라남도 장흥군 관산읍 죽청리 26-5번지(가동),,,2025-07-30
장흥군,우수농장,한우,,,전라남도 장흥군 관산읍 죽청리 26-5번지(나동),,,2025-07-30
장흥군,우수농장,한우,,,전라남도 장흥군 관산읍 죽청리 27-5번지,,,2025-07-30
장흥군,우암축산,한우,,,전라남도 장흥군 관산읍 삼산리 518번지,,,2025-07-30
장흥군,우애농장,한우,,,전라남도 장흥군 부산면 용반리 57번지,,,2025-07-30
장흥군,우영농장,육우,,,전라남도 장흥군 장흥읍 금산리 183번지 1호,,,2025-07-30
장흥군,우용농장,한우,,,"전라남도 장흥군 대덕읍 가학리 531-1, 531-6번지",,,2025-07-30
장흥군,우찬농장,한우,,,전라남도 장흥군 부산면 호계리 42번지 3호,,,2025-07-30
장흥군,우호축산,한우,,,전라남도 장흥군 장흥읍 덕제리 619번지,,,2025-07-30
장흥군,운월농장,돼지,,,전라남도 장흥군 유치면 운월리 310번지,,,2025-07-30
장흥군,원섭농장,산양,,,전라남도 장흥군 부산면 유량리 220번지 15호,,,2025-07-30
장흥군,원태농장,한우,,,"전라남도 장흥군 회진면 덕산리 687, 688, 689, 690번지",,,2025-07-30
장흥군,원호농장,한우,,,"전라남도 장흥군 관산읍 삼산리 241-14,241-22, 240-24, 1987-1, 2000-25번지",,,2025-07-30
장흥군,월송농장,한우,,,전라남도 장흥군 용산면 월송리 194번지,,,2025-07-30
장흥군,월암농장,한우,,,전라남도 장흥군 안양면 당암리 969번지 1호,,,2025-07-30
장흥군,월정농장,한우,,,전라남도 장흥군 대덕읍 신월리 747번지,,,2025-07-30
장흥군,월평농장,한우,,,"전라남도 장흥군 장흥읍 향양리 186-1, 187-1, 105, 112-1번지",,,2025-07-30
장흥군,위**,한우,,,전라남도 장흥군 관산읍 옥당리 523번지 11호,,,2025-07-30
장흥군,위진농장,한우,,,"전라남도 장흥군 관산읍 방촌리 224, 215-3번지",,,2025-07-30
장흥군,유**,한우,,,전라남도 장흥군 관산읍 외동리 752번지 64호,,,2025-07-30
장흥군,유**농장,한우,,,"전라남도 장흥군 장평면 우산리 680-1, 678-13번지",,,2025-07-30
장흥군,유나축산,한우,,,전라남도 장흥군 장흥읍 덕제리 28번지 1호 나동,,,2025-07-30
장흥군,유동농장,염소,,,전라남도 장흥군 용산면 인암리 831-4번지,,,2025-07-30
장흥군,유미농장,한우,,,전라남도 장흥군 대덕읍 연정리 1311번지 1호,,,2025-07-30
장흥군,유선축산,한우,,,전라남도 장흥군 관산읍 삼산리 407번지 외 3필지,,,2025-07-30
장흥군,유성농장,한우,,,전라남도 장흥군 관산읍 삼산리 146번지,,,2025-07-30
장흥군,유성축산,한우,,,전라남도 장흥군 회진면 신상리 937번지 10호,,,2025-07-30
장흥군,유성축산,한우,,,전라남도 장흥군 회진면 회진리 1217번지 5호,,,2025-07-30
장흥군,유수농장,한우,,,전라남도 장흥군 대덕읍 신리 1011번지,,,2025-07-30
장흥군,유안농장,한우,,,전라남도 장흥군 대덕읍 연정리 1313번지 1호,,,2025-07-30
장흥군,유진축산,한우,,,전라남도 장흥군 대덕읍 연지리 15번지 26호,,,2025-07-30
장흥군,유진축산2,한우,,,전라남도 장흥군 대덕읍 연지리 17번지 61호,,,2025-07-30
장흥군,유형농장,오리,,,전라남도 장흥군 장흥읍 사안리 411번지,,,2025-07-30
장흥군,윤**,한우,,,"전라남도 장흥군 회진면 신상리 154, 156-1, 156-2, 157번지",,,2025-07-30
장흥군,윤**,한우,,,전라남도 장흥군 회진면 덕산리 292번지,,,2025-07-30
장흥군,윤규축산,한우,,,전라남도 장흥군 장흥읍 영전리 51번지 1호,,,2025-07-30
장흥군,윤미농장,한우,,,전라남도 장흥군 관산읍 남송리 377번지 1호,,,2025-07-30
장흥군,윤선농장,한우,,,전라남도 장흥군 장동면 봉동리 934번지 1호,,,2025-07-30
장흥군,윤심농장,한우,,,"전라남도 장흥군 관산읍 신동리 583번지 , 583-3",,,2025-07-30
장흥군,윤정축산,한우,,,전라남도 장흥군 장평면 두봉리 407번지,,,2025-07-30
장흥군,율산농장,한우,,,전라남도 장흥군 안양면 사촌리 522번지 1호,,,2025-07-30
장흥군,율지축산,한우,,,"전라남도 장흥군 대덕읍 가학리 460번지 2호 , 1152, 1137-1번지",,,2025-07-30
장흥군,으뜸농장,오리,,,전라남도 장흥군 용산면 덕암리 459번지 2호 외 4필지,,,2025-07-30
장흥군,으뜸농장,오리,,34500.0,전라남도 장흥군 용산면 덕암리 459번지 2호 외 4필지,,,2025-12-16
장흥군,은님농장,한우,,,전라남도 장흥군 대덕읍 도청리 269번지 3호,,,2025-07-30
장흥군,은비치농장,오리,,,"전라남도 장흥군 안양면 수문리 327번지 4호 , 사촌리 33-1, 33-2, 33-3, 33-4",,,2025-07-30
장흥군,은비치농장,오리,,58600.0,"전라남도 장흥군 안양면 수문리 327번지 4호 , 사촌리 33-1, 33-2, 33-3, 33-4",,,2025-12-16
장흥군,은성농장,한우,,,전라남도 장흥군 대덕읍 연정리 722번지 5호 외2필지,,,2025-07-30
장흥군,은성농장,한우,,,"전라남도 장흥군 대덕읍 연정리 737번지 101호 , 737-32, 730-7, 722-5, 737-70, 737-102번지",,,2025-07-30
장흥군,은우축산,한우,,,전라남도 장흥군 용산면 인암리 723번지 8호,,,2025-07-30
장흥군,은주네축사,한우,,,전라남도 장흥군 관산읍 삼산리 835번지 2호,,,2025-07-30
장흥군,은혜농장,한우,,,전라남도 장흥군 용산면 계산리 415번지 9호,,,2025-07-30
장흥군,은혜축산,한우,,,전라남도 장흥군 용산면 접정리 296번지 4호,,,2025-07-30
장흥군,응암농장,한우,,,전라남도 장흥군 장평면 두봉리 1103번지,,,2025-07-30
장흥군,의성축산,한우,,,전라남도 장흥군 회진면 신상리 1136번지 1호,,,2025-07-30
장흥군,의성축산,한우,,,"전라남도 장흥군 회진면 신상리 940-7, 940-6번지",,,2025-07-30
장흥군,이**,한우,,,전라남도 장흥군 관산읍 신동리 179번지 2호 외 2필지,,,2025-07-30
장흥군,이**,한우,,,"전라남도 장흥군 회진면 회진리 1242-3, 1248번지",,,2025-07-30
장흥군,이**,한우,,,전라남도 장흥군 관산읍 외동리 95번지,,,2025-07-30
장흥군,이**,한우,,,전라남도 장흥군 관산읍 외동리 409번지 3호 나동,,,2025-07-30
장흥군,이**,한우,,,전라남도 장흥군 관산읍 신동리 487번지 1호,,,2025-07-30
장흥군,이**,한우,,,전라남도 장흥군 대덕읍 신리 631번지 5호,,,2025-07-30
장흥군,이**,한우,,,전라남도 장흥군 장평면 봉림리 57번지,,,2025-07-30
장흥군,이**,한우,,,전라남도 장흥군 장동면 봉동리 592번지 3호,,,2025-07-30
장흥군,이**,한우,,,전라남도 장흥군 관산읍 삼산리 894번지 54호,,,2025-07-30
장흥군,이**,한우,,,전라남도 장흥군 장흥읍 행원리 31번지 1호,,,2025-07-30
장흥군,이**농장,한우,,,전라남도 장흥군 장흥읍 삼산리 349번지,,,2025-07-30
장흥군,이**농장,한우,,,"전라남도 장흥군 용산면 접정리 604, 603-1, 608번지",,,2025-07-30
장흥군,이**농장,한우,,,"전라남도 장흥군 관산읍 삼산리 408-67, 408-76, 408-77번지",,,2025-07-30
장흥군,이**의 농장,한우,,,전라남도 장흥군 관산읍 삼산리 434번지,,,2025-07-30
장흥군,이**의 축사,한우,,,전라남도 장흥군 관산읍 삼산리 381번지 2호,,,2025-07-30
장흥군,이레농장,오리,,,전라남도 장흥군 장동면 북교리 350번지 2호,,,2025-07-30
장흥군,이레축산,한우,,,"전라남도 장흥군 대덕읍 연정리 1202번지 , 1203",,,2025-07-30
장흥군,이석농장,한우,,,전라남도 장흥군 대덕읍 옹암리 453번지 3호,,,2025-07-30
장흥군,이송농장,한우,,,전라남도 장흥군 관산읍 신동리 518번지 6호,,,2025-07-30
장흥군,이신축산,한우,,,전라남도 장흥군 대덕읍 신리 86번지,,,2025-07-30
장흥군,이천농장,한우,,,전라남도 장흥군 대덕읍 분토리 산 19번지 2호,,,2025-07-30
장흥군,이출농장,한우,,,"전라남도 장흥군 관산읍 삼산리 1334번지 24호 , 831번지",,,2025-07-30
장흥군,이화농장,한우,,,전라남도 장흥군 대덕읍 신월리 532-3번지,,,2025-07-30
장흥군,이화농장,한우,,,전라남도 장흥군 대덕읍 연정리 1341번지 5호,,,2025-07-30
장흥군,인경농장,한우,,,전라남도 장흥군 대덕읍 잠두리 41번지,,,2025-07-30
장흥군,인섭농장,한우,,,전라남도 장흥군 용산면 관지리 9-6번지,,,2025-07-30
장흥군,인암농원,종계/산란계,,,전라남도 장흥군 유치면 조양리 859번지 2호,,,2025-07-30
장흥군,인암농원,종계/산란계,,1500.0,전라남도 장흥군 유치면 조양리 859번지 2호,,,2025-12-16
장흥군,인암축산,한우,,,전라남도 장흥군 용산면 인암리 834번지 7호,,,2025-07-30
장흥군,인주농장,한우,,,전라남도 장흥군 회진면 진목리 1796번지 10호,,,2025-07-30
장흥군,인주농장,한우,,,전라남도 장흥군 회진면 진목리 17번지 1호,,,2025-07-30
장흥군,인철농장,한우,,,전라남도 장흥군 대덕읍 가학리 743번지 4호,,,2025-07-30
장흥군,일동축산,한우,,,전라남도 장흥군 대덕읍 신리 211번지 3호,,,2025-07-30
장흥군,일만농장,한우,,,전라남도 장흥군 대덕읍 연지리 216번지 1호,,,2025-07-30
장흥군,일식 농장,한우,,,전라남도 장흥군 관산읍 지정리 267번지 1호,,,2025-07-30
장흥군,일우축산,한우,,,전라남도 장흥군 장흥읍 향양리 1015번지 9호 외 1필지,,,2025-07-30
장흥군,일호축사,한우,,,전라남도 장흥군 대덕읍 가학리 1163번지 9호,,,2025-07-30
장흥군,임**,한우,,,전라남도 장흥군 관산읍 삼산리 894번지 53호,,,2025-07-30
장흥군,임**,한우,,,전라남도 장흥군 관산읍 삼산리 894번지 56호,,,2025-07-30
장흥군,임** 김** 축산,한우,,,전라남도 장흥군 대덕읍 연정리 724번지,,,2025-07-30
장흥군,임** 농장,한우,,,전라남도 장흥군 장평면 양촌리 428번지 48호,,,2025-07-30
장흥군,임마누엘,오리,,,전라남도 장흥군 용산면 풍길리 41번지,,,2025-07-30
장흥군,자연농장,한우,,,전라남도 장흥군 장평면 어곡리 810번지 1호,,,2025-07-30
장흥군,자작골 축산,한우,,,전라남도 장흥군 장평면 용강리 323번지 1호,,,2025-07-30
장흥군,자작골축산,한우,,,전라남도 장흥군 장평면 용강리 339번지,,,2025-07-30
장흥군,자정농장,한우,,,전라남도 장흥군 회진면 덕산리 120번지,,,2025-07-30
장흥군,잠두산축산,한우,,,전라남도 장흥군 대덕읍 잠두리 96번지,,,2025-07-30
장흥군,장**축산,한우,,,"전라남도 장흥군 안양면 당암리 10-35번지, 나동",,,2025-07-30
장흥군,장산한우,한우,,,전라남도 장흥군 회진면 덕산리 217번지 3호,,,2025-07-30
장흥군,장수농장,한우,,,전라남도 장흥군 용산면 계산리 405번지 10호,,,2025-07-30
장흥군,장수농장,한우,,,"전라남도 장흥군 회진면 진목리 796번지 , 798",,,2025-07-30
장흥군,장수농장,한우,,,전라남도 장흥군 안양면 학송리 151번지 13호,,,2025-07-30
장흥군,장수삼일농장,한우,,,전라남도 장흥군 안양면 신촌리 507번지 6호  2동,,,2025-07-30
장흥군,장수삼일농장,한우,,,전라남도 장흥군 안양면 학송리 507번지 6호,,,2025-07-30
장흥군,장원흑염소농장,염소,,,전라남도 장흥군 장동면 만년리 128번지,,,2025-07-30
장흥군,장터농장,한우,,,전라남도 장흥군 안양면 수문리 178번지,,,2025-07-30
장흥군,장흠농장,한우,,,"전라남도 장흥군 용산면 풍길리 466-1, 467번지",,,2025-07-30
장흥군,장흥 장강 농장,육계,,,전라남도 장흥군 장흥읍 사안리 450번지,,,2025-07-30
장흥군,장흥 장강 농장,육계,,124000.0,전라남도 장흥군 장흥읍 사안리 450번지,,,2025-12-16
장흥군,장흥 축협 생축 사업장,한우,,,전라남도 장흥군 안양면 당암리 산 10번지 1호,,,2025-07-30
장흥군,장흥농장,산양,,,전라남도 장흥군 용산면 상금리 150번지 5호,,,2025-07-30
장흥군,장흥농장,한우,,,전라남도 장흥군 관산읍 삼산리 504번지 10호,,,2025-07-30
장흥군,장흥농장,한우,,,전라남도 장흥군 용산면 상금리 150번지 3호,,,2025-07-30
장흥군,장흥축산농협,한우,,,전라남도 장흥군 장흥읍 덕제리 638번지 14호,,,2025-07-30
장흥군,장흥축협생축장,한우,,,전라남도 장흥군 관산읍 농안리 29번지 6호 외 7필지,,,2025-07-30
장흥군,장흥팜스농장,종계/산란계,,,"전라남도 장흥군 장평면 축내리 696번지 1호 , 694, 697-3, 694-2, 694-3",,,2025-07-30
장흥군,장흥팜스농장,종계/산란계,,20000.0,"전라남도 장흥군 장평면 축내리 696번지 1호 , 694, 697-3, 694-2, 694-3",,,2025-12-16
장흥군,재경농장,한우,,,전라남도 장흥군 장흥읍 금산리 414번지 2호,,,2025-07-30
장흥군,재광농장,한우,,,전라남도 장흥군 관산읍 남송리 631번지 6호,,,2025-07-30
장흥군,재남농장,한우,,,"전라남도 장흥군 관산읍 고마리 810-1, 889-3번지",,,2025-07-30
장흥군,재동농장,한우,,,"전라남도 장흥군 관산읍 삼산리 388번지 , 387-1동",,,2025-07-30
장흥군,재만농장,한우,,,전라남도 장흥군 용산면 관지리 739번지,,,2025-07-30
장흥군,재민농장,한우,,,전라남도 장흥군 용산면 모산리 235번지,,,2025-07-30
장흥군,재성농장,한우,,,전라남도 장흥군 관산읍 지정리 1017번지 2호,,,2025-07-30
장흥군,재승농장,한우,,,전라남도 장흥군 대덕읍 신월리 719번지 1호,,,2025-07-30
장흥군,재영농장,한우,,,전라남도 장흥군 회진면 덕산리 573번지,,,2025-07-30
장흥군,재윤농장,한우,,,"전라남도 장흥군 용산면 접정리 593, 593-1, 713번지",,,2025-07-30
장흥군,재정농장,한우,,,"전라남도 장흥군 관산읍 삼산리 184-27, 184-26번지",,,2025-07-30
장흥군,재천농장,한우,,,전라남도 장흥군 장흥읍 영전리 773번지 3호,,,2025-07-30
장흥군,전**,한우,,,전라남도 장흥군 안양면 해창리 339번지 1호,,,2025-07-30
장흥군,전남축산,한우,,,전라남도 장흥군 대덕읍 도청리 599번지 1호 외 2필지,,,2025-07-30
장흥군,점만농장,한우,,,"전라남도 장흥군 용산면 월송리 269, 271-2, 273, 269-2번지",,,2025-07-30
장흥군,점석농장,한우,,,전라남도 장흥군 관산읍 삼산리 590번지,,,2025-07-30
장흥군,점수농장,한우,,,전라남도 장흥군 관산읍 방촌리 388번지 8호,,,2025-07-30
장흥군,점암농장,한우,,,전라남도 장흥군 장흥읍 영전리 760번지,,,2025-07-30
장흥군,접정 농장,한우,,,전라남도 장흥군 용산면 접정리 216번지 2호,,,2025-07-30
장흥군,접정축산,한우,,,전라남도 장흥군 용산면 접정리 217번지,,,2025-07-30
장흥군,정**,한우,,,전라남도 장흥군 관산읍 옥당리 740번지,,,2025-07-30
장흥군,정가네농장,한우,,,전라남도 장흥군 장동면 북교리 12번지 9호,,,2025-07-30
장흥군,정관농장,한우,,,전라남도 장흥군 장동면 용곡리 17번지 4호,,,2025-07-30
장흥군,정규농장,한우,,,"전라남도 장흥군 용산면 접정리 483, 483-1, 713-5번지",,,2025-07-30
장흥군,정남농장,한우,,,전라남도 장흥군 대덕읍 연지리 36번지 18호,,,2025-07-30
장흥군,정남진 장흥 한우법인,한우,,,"전라남도 장흥군 부산면 호계리 346-2, 346-1, 346-4번지(가동,A동,E동)",,,2025-07-30
장흥군,정남진 축산,한우,,,전라남도 장흥군 관산읍 신동리 114번지 8호,,,2025-07-30
장흥군,정남진 현대농장,한우,,,전라남도 장흥군 부산면 호계리 341번지 10호,,,2025-07-30
장흥군,정남진농장,한우,,,전라남도 장흥군 대덕읍 연지리 1428번지 1호,,,2025-07-30
장흥군,정남진농장,한우,,,전라남도 장흥군 관산읍 삼산리 1334번지 1호,,,2025-07-30
장흥군,정남진장흥한우육종단지,한우,,,전라남도 장흥군 관산읍 부평리 24번지 외1필지,,,2025-07-30
장흥군,정남진축산,돼지,,,전라남도 장흥군 용산면 상금리 164번지 외 5필지,,,2025-07-30
장흥군,정단농장,한우,,,전라남도 장흥군 대덕읍 연지리 926번지,,,2025-07-30
장흥군,정선농장,한우,,,"전라남도 장흥군 대덕읍 가학리 513번지 , 502-4번지",,,2025-07-30
장흥군,정순농장,한우,,,전라남도 장흥군 관산읍 삼산리 240번지 6호,,,2025-07-30
장흥군,정운농장,한우,,,전라남도 장흥군 대덕읍 연지리 56번지 169호,,,2025-07-30
장흥군,정인농장,한우,,,전라남도 장흥군 회진면 신상리 1138번지 6호,,,2025-07-30
장흥군,정인축산,한우,,,전라남도 장흥군 안양면 수락리 59번지 7호,,,2025-07-30
장흥군,정자농장,한우,,,전라남도 장흥군 회진면 회진리 1855번지 9호,,,2025-07-30
장흥군,정종농장,한우,,,전라남도 장흥군 대덕읍 도청리 459번지 1호,,,2025-07-30
장흥군,정종농장,한우,,,전라남도 장흥군 대덕읍 연지리 36번지 18호,,,2025-07-30
장흥군,정주농장,한우,,,전라남도 장흥군 장동면 봉동리 416번지,,,2025-07-30
장흥군,정현농장,한우,,,"전라남도 장흥군 관산읍 방촌리 38번지 2호 , 38-3",,,2025-07-30
장흥군,정화,한우,,,전라남도 장흥군 장흥읍 금산리 7번지,,,2025-07-30
장흥군,정화농장,한우,,,전라남도 장흥군 장흥읍 금산리 146번지,,,2025-07-30
장흥군,정희축사,한우,,,전라남도 장흥군 대덕읍 연정리 1334번지 5호,,,2025-07-30
장흥군,제궁영농조합법인,돼지,,,전라남도 장흥군 용산면 운주리 191번지 1호,,,2025-07-30
장흥군,제산농장,한우,,,전라남도 장흥군 장평면 제산리 243번지,,,2025-07-30
장흥군,제암한우농장,한우,,,전라남도 장흥군 장흥읍 금산리 230번지 4호 외 3필지,,,2025-07-30
장흥군,제이팜,한우,,,"전라남도 장흥군 안양면 해창리 338번지 1호 , 338, 300-1",,,2025-07-30
장흥군,제일농장,한우,,,전라남도 장흥군 장흥읍 사안리 146번지,,,2025-07-30
장흥군,제일농장,한우,,,전라남도 장흥군 장평면 선정리 645번지 1호,,,2025-07-30
장흥군,조**축사,한우,,,전라남도 장흥군 안양면 운흥리 57번지,,,2025-07-30
장흥군,조양축산,한우,,,전라남도 장흥군 유치면 조양리 340번지,,,2025-07-30
장흥군,종국농장,한우,,,전라남도 장흥군 용산면 상금리 495번지 1호,,,2025-07-30
장흥군,종균농장,한우,,,전라남도 장흥군 관산읍 하발리 155번지 1호,,,2025-07-30
장흥군,종길농장,한우,,,"전라남도 장흥군 용산면 녹원리 114, 114-1, 114-2, 115, 115-1번지",,,2025-07-30
장흥군,종범축산,한우,,,"전라남도 장흥군 관산읍 삼산리 492-1, 492-2번지",,,2025-07-30
장흥군,종석농장,한우,,,전라남도 장흥군 대덕읍 가학리 822번지 14호,,,2025-07-30
장흥군,종아농장,한우,,,전라남도 장흥군 안양면 학송리 62번지 7호,,,2025-07-30
장흥군,종열농장,한우,,,전라남도 장흥군 유치면 신월리 725번지 5호,,,2025-07-30
장흥군,종율2농장,한우,,,전라남도 장흥군 대덕읍 연지리 5-60번지,,,2025-07-30
장흥군,종철농장,한우,,,전라남도 장흥군 부산면 용반리 467번지 1호,,,2025-07-30
장흥군,주신목장,한우,,,전라남도 장흥군 관산읍 남송리 6-1번지,,,2025-07-30
장흥군,주영농장,오리,,,전라남도 장흥군 안양면 당암리 410번지,,,2025-07-30
장흥군,주원농장,한우,,,전라남도 장흥군 대덕읍 연정리 565번지 1호,,,2025-07-30
장흥군,주원농장,한우,,,전라남도 장흥군 용산면 상금리 734번지 1호,,,2025-07-30
장흥군,주한농장,오리,,11500.0,전라남도 장흥군 부산면 유량리 392번지 393번지,,,2025-12-16
장흥군,주한농장,오리,,,전라남도 장흥군 부산면 유량리 392번지 393번지,,,2025-07-30
장흥군,죽교농장,한우,,,전라남도 장흥군 관산읍 죽교리 4번지,,,2025-07-30
장흥군,죽청농장,한우,,,"전라남도 장흥군 관산읍 하발리 514번지 12호 , 514-13",,,2025-07-30
장흥군,준 농장,한우,,,전라남도 장흥군 관산읍 삼산리 257번지 12호,,,2025-07-30
장흥군,준영농장,한우,,,"전라남도 장흥군 관산읍 외동리 55-1, 53, 55, 56-2번지(가동)",,,2025-07-30
장흥군,준이농장,한우,,,"전라남도 장흥군 대덕읍 도청리 41-1, 41-2번지",,,2025-07-30
장흥군,준혁농장,한우,,,전라남도 장흥군 장흥읍 행원리 30번지 4호,,,2025-07-30
장흥군,중앙축산,한우,,,전라남도 장흥군 관산읍 송촌리 5번지 10호,,,2025-07-30
장흥군,중앙축산,한우,,,"전라남도 장흥군 장흥읍 덕제리 689번지 3호 , 689-4, 689-5",,,2025-07-30
장흥군,지덕축산,한우,,,전라남도 장흥군 대덕읍 도청리 714번지,,,2025-07-30
장흥군,지민축산,한우,,,전라남도 장흥군 안양면 해창리 572번지 32호,,,2025-07-30
장흥군,지성농장,한우,,,전라남도 장흥군 대덕읍 신월리 644번지 2호,,,2025-07-30
장흥군,지우축산,한우,,,전라남도 장흥군 장동면 북교리 272번지 1호,,,2025-07-30
장흥군,진**2농장,한우,,,"전라남도 장흥군 장흥읍 덕제리 87, 693-1번지",,,2025-07-30
장흥군,진**농장,한우,,,전라남도 장흥군 장흥읍 덕제리 680번지 4호,,,2025-07-30
장흥군,진곡축산,한우,,,전라남도 장흥군 장동면 봉동리 175번지 5호,,,2025-07-30
장흥군,진기농장,한우,,,전라남도 장흥군 장동면 만년리 449번지,,,2025-07-30
장흥군,진등농장,한우,,,전라남도 장흥군 관산읍 삼산리 1333-3번지,,,2025-07-30
장흥군,진등축산,한우,,,전라남도 장흥군 관산읍 삼산리 408번지 1호,,,2025-07-30
장흥군,진만농장,한우,,,전라남도 장흥군 부산면 금자리 638번지,,,2025-07-30
장흥군,진석 농장,한우,,,전라남도 장흥군 대덕읍 연지리 813번지 2호,,,2025-07-30
장흥군,진선농장,한우,,,전라남도 장흥군 장평면 용강리 339번지 외 1필지,,,2025-07-30
장흥군,진성농장,한우,,,전라남도 장흥군 대덕읍 가학리 1178번지 3호,,,2025-07-30
장흥군,진승농장,한우,,,전라남도 장흥군 안양면 수락리 52번지 11호,,,2025-07-30
장흥군,진승농장,돼지,,,전라남도 장흥군 관산읍 외동리,,,2025-07-30
장흥군,진양축산,한우,,,전라남도 장흥군 관산읍 방촌리 86번지 7호,,,2025-07-30
장흥군,진양축산,한우,,,전라남도 장흥군 관산읍 방촌리 86번지 5호,,,2025-07-30
장흥군,진우2농장,한우,,,"전라남도 장흥군 대덕읍 연지리 158, 158-14번지",,,2025-07-30
장흥군,진우농장,한우,,,전라남도 장흥군 대덕읍 연지리 225번지 5호,,,2025-07-30
장흥군,진우농장,육우,,,전라남도 장흥군 회진면 신상리 1139번지 5호,,,2025-07-30
장흥군,진철농장,한우,,,"전라남도 장흥군 용산면 접정리 162, 164, 666, 667-3번지",,,2025-07-30
장흥군,진희농장,한우,,,전라남도 장흥군 관산읍 송촌리 257번지 3호,,,2025-07-30
장흥군,진희농장,한우,,,전라남도 장흥군 부산면 금자리 463번지 7호,,,2025-07-30
장흥군,차**,한우,,,전라남도 장흥군 대덕읍 도청리 43번지 12호,,,2025-07-30
장흥군,차**농장,염소,,,전라남도 장흥군 유치면 운월리 468번지 16호,,,2025-07-30
장흥군,차식농장,한우,,,전라남도 장흥군 용산면 녹원리 262번지 1호,,,2025-07-30
장흥군,차차농장,한우,,,전라남도 장흥군 장흥읍 사안리 186번지 1호,,,2025-07-30
장흥군,찬선농장,한우,,,"전라남도 장흥군 용산면 녹원리 388-7, 388-14, 388-15번지",,,2025-07-30
장흥군,참샘2농장,한우,,,전라남도 장흥군 안양면 신촌리 468-1번지,,,2025-07-30
장흥군,참샘농장,한우,,,"전라남도 장흥군 안양면 당암리 656-3, 76-4, 653-1, 565-2, 972-1, 656-1, 976-13, 976-11번지",,,2025-07-30
장흥군,창렬농장,한우,,,전라남도 장흥군 회진면 진목리 862번지,,,2025-07-30
장흥군,창환농장,한우,,,"전라남도 장흥군 용산면 월송리 49, 50, 50-4, 53, 54, 55-1, 산20-9번지",,,2025-07-30
장흥군,창환농장,한우,,,전라남도 장흥군 장동면 반산리 655번지 23호,,,2025-07-30
장흥군,창훈목장,한우,,,전라남도 장흥군 관산읍 외동리 56번지 외 1필지,,,2025-07-30
장흥군,창훈목장,한우,,,"전라남도 장흥군 관산읍 외동리 54, 56, 57, 55-3번지",,,2025-07-30
장흥군,채선농장,한우,,,전라남도 장흥군 장동면 만년리 54번지 11호,,,2025-07-30
장흥군,척산농장,한우,,,전라남도 장흥군 용산면 인암리 405번지 1호,,,2025-07-30
장흥군,천관농장,오리,,,전라남도 장흥군 대덕읍 연지리 산 82번지 1호,,,2025-07-30
장흥군,천관농장,염소,,,전라남도 장흥군 대덕읍 신리 734번지,,,2025-07-30
장흥군,천관농장,한우,,,전라남도 장흥군 관산읍 용전리 399번지,,,2025-07-30
장흥군,천관축산,한우,,,전라남도 장흥군 관산읍 외동리 586번지 1호,,,2025-07-30
장흥군,천관한우,한우,,,전라남도 장흥군 장흥읍 덕제리 689번지 6호,,,2025-07-30
장흥군,천금농장,돼지,,,전라남도 장흥군 용산면 풍길리 447번지 10호,,,2025-07-30
장흥군,천수목장,한우,,,전라남도 장흥군 용산면 운주리 426번지,,,2025-07-30
장흥군,천열농장,한우,,,전라남도 장흥군 장평면 두봉리 1106번지 4호,,,2025-07-30
장흥군,천재농장,한우,,,전라남도 장흥군 용산면 금곡리 16번지,,,2025-07-30
장흥군,천지축산,한우,,,전라남도 장흥군 대덕읍 가학리 732번지 1호,,,2025-07-30
장흥군,청남농장,한우,,,전라남도 장흥군 장흥읍 사안리 168번지 3호,,,2025-07-30
장흥군,청송농장,한우,,,전라남도 장흥군 관산읍 고마리 955번지 1호,,,2025-07-30
장흥군,청송농장,한우,,,전라남도 장흥군 장평면 병동리 366번지,,,2025-07-30
장흥군,청수농장,한우,,,"전라남도 장흥군 용산면 접정리 196번지 6호 , 196-7",,,2025-07-30
장흥군,청수영농조합,한우,,,"전라남도 장흥군 용산면 접정리 300번지 10호 , 300-11, 300-12-, 300-13, 300-19, 304-10, 304-11",,,2025-07-30
장흥군,청우농장,한우,,,전라남도 장흥군 대덕읍 연지리 571번지 13호,,,2025-07-30
장흥군,청전농장,한우,,,전라남도 장흥군 용산면 인암리 405번지 4호,,,2025-07-30
장흥군,청태농장,한우,,,전라남도 장흥군 대덕읍 연정리 683번지 3호,,,2025-07-30
장흥군,초당농장,한우,,,전라남도 장흥군 대덕읍 신월리 438번지 2호 외 4필지,,,2025-07-30
장흥군,초당축산,한우,,,전라남도 장흥군 대덕읍 도청리 544번지,,,2025-07-30
장흥군,초동축산,한우,,,전라남도 장흥군 관산읍 삼산리 302번지 2호,,,2025-07-30
장흥군,초록농장,한우,,,"전라남도 장흥군 대덕읍 가학리 401, 399, 400번지(주1, 부2동)",,,2025-07-30
장흥군,초록농장,한우,,,"전라남도 장흥군 대덕읍 가학리 400번지 (주2, 부3)",,,2025-07-30
장흥군,초우농장2,한우,,,"전라남도 장흥군 회진면 회진리 1460번지 , 1466",,,2025-07-30
장흥군,초원목장1,한우,,,전라남도 장흥군 안양면 모령리 120번지,,,2025-07-30
장흥군,초원목장2,한우,,,"전라남도 장흥군 안양면 지천리 304번지 , 304-1번지",,,2025-07-30
장흥군,최**,한우,,,전라남도 장흥군 용산면 운주리 493번지 3호,,,2025-07-30
장흥군,최**,한우,,,전라남도 장흥군 부산면 호계리 714번지 1호,,,2025-07-30
장흥군,최**,한우,,,전라남도 장흥군 대덕읍 도청리 35번지 1호,,,2025-07-30
장흥군,최**,한우,,,전라남도 장흥군 관산읍 외동리 310번지 1호 외 1필지,,,2025-07-30
장흥군,최**,한우,,,전라남도 장흥군 용산면 운주리 670번지 1호,,,2025-07-30
장흥군,최**,한우,,,전라남도 장흥군 관산읍 옥당리 806번지 2호,,,2025-07-30
장흥군,최**농장,한우,,,"전라남도 장흥군 장평면 축내리 259, 260, 260-2, 260-10번지",,,2025-07-30
장흥군,최**농장,한우,,,전라남도 장흥군 부산면 구룡리 720번지 5호,,,2025-07-30
장흥군,최**농장,한우,,,"전라남도 장흥군 장동면 하산리 438, 439번지",,,2025-07-30
장흥군,최**농장,한우,,,"전라남도 장흥군 장흥읍 금산리 100-3, 101-1, 100-1번지",,,2025-07-30
장흥군,추**농장,한우,,,"전라남도 장흥군 안양면 해창리 827번지 1호 , 827-2",,,2025-07-30
장흥군,축사,한우,,,전라남도 장흥군 장흥읍 평화리 106번지 5호,,,2025-07-30
장흥군,춘식농장,한우,,,전라남도 장흥군 장흥읍 행원리 726번지 6호,,,2025-07-30
장흥군,치연농장,한우,,,전라남도 장흥군 대덕읍 신월리 655번지 2호,,,2025-07-30
장흥군,칡매축산,한우,,,"전라남도 장흥군 용산면 인암리 346번지 12호 ,50호",,,2025-07-30
장흥군,칡매축산,한우,,,전라남도 장흥군 용산면 인암리 346번지 43호,,,2025-07-30
장흥군,큰봉키움축산,한우,,,전라남도 장흥군 안양면 신촌리 12번지 38호,,,2025-07-30
장흥군,큰샘농원,한우,,,전라남도 장흥군 안양면 지천리 223번지,,,2025-07-30
장흥군,탐마루 장흥한우,한우,,,전라남도 장흥군 부산면 호계리 346번지 2호 외 2필지,,,2025-07-30
장흥군,탐진축산,한우,,,전라남도 장흥군 안양면 기산리 558번지 1호,,,2025-07-30
장흥군,탐진한우,한우,,,전라남도 장흥군 장흥읍 영전리 681번지 1호,,,2025-07-30
장흥군,탐진한우,한우,,,전라남도 장흥군 장흥읍 영전리 679번지 3호,,,2025-07-30
장흥군,탑동,한우,,,전라남도 장흥군 장평면 용강리 176번지,,,2025-07-30
장흥군,탑동농장,한우,,,전라남도 장흥군 장평면 용강리 100-2번지,,,2025-07-30
장흥군,태** 농장,한우,,,"전라남도 장흥군 대덕읍 신리 5번지 3호 , 5-4",,,2025-07-30
장흥군,태건,한우,,,전라남도 장흥군 용산면 접정리 310번지 6호,,,2025-07-30
장흥군,태경농장,육우,,,전라남도 장흥군 장평면 봉림리 30번지 1호,,,2025-07-30
장흥군,태산축산,한우,,,전라남도 장흥군 대덕읍 도청리 27번지 8호,,,2025-07-30
장흥군,태섭농장,한우,,,전라남도 장흥군 장동면 배산리 186번지 2호,,,2025-07-30
장흥군,태성농장,한우,,,전라남도 장흥군 용산면 상발리 933번지 6호,,,2025-07-30
장흥군,태성농장,한우,,,전라남도 장흥군 용산면 풍길리 447번지 6호,,,2025-07-30
장흥군,태송농장,한우,,,전라남도 장흥군 대덕읍 연지리 863번지 20호,,,2025-07-30
장흥군,태송목장,한우,,,전라남도 장흥군 대덕읍 가학리 1178번지 1호,,,2025-07-30
장흥군,태양농장,한우,,,전라남도 장흥군 회진면 진목리 1768번지 1호,,,2025-07-30
장흥군,태양농장,한우,,,전라남도 장흥군 회진면 진목리 1017번지 1호,,,2025-07-30
장흥군,태양오리,오리,,,전라남도 장흥군 장평면 기동리 691번지,,,2025-07-30
장흥군,태양오리,오리,,10000.0,전라남도 장흥군 장평면 기동리 691번지,,,2025-12-16
장흥군,태완농장,한우,,,전라남도 장흥군 관산읍 삼산리 240번지 6호,,,2025-07-30
장흥군,태우농장,한우,,,"전라남도 장흥군 관산읍 고마리 519번지 , 519-1, 519-3, 519-38번지",,,2025-07-30
장흥군,태웅축산,한우,,,전라남도 장흥군 안양면 수락리 51번지 15호,,,2025-07-30
장흥군,태웅축산,한우,,,전라남도 장흥군 안양면 수락리 51번지 14호,,,2025-07-30
장흥군,택현농장,한우,,,전라남도 장흥군 용산면 금곡리 494번지 6호,,,2025-07-30
장흥군,통큰농장,한우,,,전라남도 장흥군 장흥읍 금산리 169번지 2호,,,2025-07-30
장흥군,특별축사,한우,,,전라남도 장흥군 관산읍 용전리 295번지 12호,,,2025-07-30
장흥군,튼튼목장,한우,,,전라남도 장흥군 회진면 회진리 1337번지,,,2025-07-30
장흥군,판호농장,돼지,,,"전라남도 장흥군 관산읍 죽청리 133번지 , 134번지",,,2025-07-30
장흥군,평남농장,한우,,,전라남도 장흥군 관산읍 삼산리 281번지 1호,,,2025-07-30
장흥군,평산농장,한우,,,전라남도 장흥군 관산읍 성산리 181번지 3호,,,2025-07-30
장흥군,평식농장,한우,,,전라남도 장흥군 부산면 금자리 365번지,,,2025-07-30
장흥군,포곡농장,오리,,,전라남도 장흥군 용산면 모산리 573번지 1호,,,2025-07-30
장흥군,포곡농장,오리,,31500.0,전라남도 장흥군 용산면 모산리 573번지 1호,,,2025-12-16
장흥군,표고돌이축산,한우,,,전라남도 장흥군 유치면 운월리 산 320번지 3호,,,2025-07-30
장흥군,푸르른성솔농장,한우,,,"전라남도 장흥군 관산읍 남송리 376번지 1호 , 376-2, 305, 352-1번지",,,2025-07-30
장흥군,푸른농장,한우,,,전라남도 장흥군 장평면 봉림리 24번지,,,2025-07-30
장흥군,푸른농장,한우,,,전라남도 장흥군 대덕읍 연정리 1300번지 2호,,,2025-07-30
장흥군,푸른축산,한우,,,전라남도 장흥군 장평면 양촌리 108번지 1호,,,2025-07-30
장흥군,풀로만2목장(내동),한우,,,전라남도 장흥군 대덕읍 신월리 944번지,,,2025-07-30
장흥군,풀로만목장,한우,,,전라남도 장흥군 대덕읍 신월리 851번지,,,2025-07-30
장흥군,풍길 오리농장,오리,,13000.0,전라남도 장흥군 용산면 풍길리 산 72번지,,,2025-12-16
장흥군,풍길 오리농장,오리,,,전라남도 장흥군 용산면 풍길리 산 72번지,,,2025-07-30
장흥군,풍길축산,한우,,,전라남도 장흥군 용산면 풍길리 41번지 7호,,,2025-07-30
장흥군,풍년오리농장,오리,,14000.0,전라남도 장흥군 부산면 기동리 345번지 6호,,,2025-12-16
장흥군,풍년오리농장,오리,,,전라남도 장흥군 부산면 기동리 345번지 6호,,,2025-07-30
장흥군,풍산농장,한우,,,전라남도 장흥군 관산읍 용전리 398번지 1호,,,2025-07-30
장흥군,프란체스코농장,육계,,,전라남도 장흥군 유치면 신풍리 10번지,,,2025-07-30
장흥군,프로농장,한우,,,전라남도 장흥군 대덕읍 신월리 612번지 26호 외2필지,,,2025-07-30
장흥군,필봉,한우,,,전라남도 장흥군 용산면 접정리 669번지,,,2025-07-30
장흥군,하** 농장,한우,,,"전라남도 장흥군 대덕읍 신리 101, 98-2번지",,,2025-07-30
장흥군,하**농장,한우,,,전라남도 장흥군 대덕읍 신리 210번지 3호,,,2025-07-30
장흥군,하나축산,한우,,,전라남도 장흥군 회진면 회진리 1354번지 2호,,,2025-07-30
장흥군,하나축산2,한우,,,전라남도 장흥군 관산읍 신동리 530번지 2호,,,2025-07-30
장흥군,하늘농장,한우,,,전라남도 장흥군 관산읍 외동리 303번지 19호,,,2025-07-30
장흥군,하늘먹은흑염소농장,산양,,,전라남도 장흥군 유치면 반월리 385번지 1호 외 1필지(384번지),,,2025-07-30
장흥군,하람농장,오리,,,전라남도 장흥군 관산읍 용전리 233번지 외 1필지,,,2025-07-30
장흥군,하석농장,한우,,,전라남도 장흥군 장동면 용곡리 462-15번지,,,2025-07-30
장흥군,학농장,한우,,,전라남도 장흥군 안양면 운흥리 561번지,,,2025-07-30
장흥군,학배농장,한우,,,전라남도 장흥군 대덕읍 연정리 1172번지,,,2025-07-30
장흥군,학산농장,한우,,,전라남도 장흥군 회진면 회진리 184번지,,,2025-07-30
장흥군,학송농장,한우,,,전라남도 장흥군 안양면 신촌리 456번지 6호,,,2025-07-30
장흥군,한** 농장,한우,,,"전라남도 장흥군 용산면 금곡리 2번지 6호 2-4, 2-5",,,2025-07-30
장흥군,한** 축산,한우,,,"전라남도 장흥군 회진면 회진리 604, 604-7번지",,,2025-07-30
장흥군,한**농장,한우,,,전라남도 장흥군 용산면 금곡리 430번지 1호,,,2025-07-30
장흥군,한**농장,오리,,,"전라남도 장흥군 용산면 풍길리 581번지 8호 , 581-9, 589, 581-20, 582, 583, 584, 584-1, 585, 산248-1번지",,,2025-07-30
장흥군,한들농장,한우,,,전라남도 장흥군 안양면 사촌리 694번지 4호,,,2025-07-30
장흥군,한들농장,한우,,,전라남도 장흥군 회진면 대리 316번지,,,2025-07-30
장흥군,한들농장,육계,,,전라남도 장흥군 대덕읍 신월리 1084번지 1호,,,2025-07-30
장흥군,한들축산,한우,,,"전라남도 장흥군 안양면 해창리 817번지 11호 , 산907-4",,,2025-07-30
장흥군,한비농장,한우,,,전라남도 장흥군 대덕읍 연지리 567번지 9호,,,2025-07-30
장흥군,한영축산,한우,,,전라남도 장흥군 관산읍 농안리 28번지 19호,,,2025-07-30
장흥군,한우,한우,,,전라남도 장흥군 대덕읍 잠두리 693번지,,,2025-07-30
장흥군,한우농장,한우,,,전라남도 장흥군 안양면 당암리 533번지 1호,,,2025-07-30
장흥군,한우리농장,오리,,32000.0,"전라남도 장흥군 용산면 풍길리 581번지 8호 , 581-9, 589, 581-20, 582, 583, 584, 584-1, 585, 산248-1번지",,,2025-12-16
장흥군,한우번식우농장,한우,,,전라남도 장흥군 관산읍 방촌리 86번지 20호,,,2025-07-30
장흥군,한우사랑축산,한우,,,전라남도 장흥군 대덕읍 연정리 724번지 9호,,,2025-07-30
장흥군,한우사랑축산,한우,,,전라남도 장흥군 대덕읍 신월리 624번지,,,2025-07-30
장흥군,한울농장,한우,,,전라남도 장흥군 용산면 금곡리 3번지 12호,,,2025-07-30
장흥군,한인농장,한우,,,전라남도 장흥군 대덕읍 신리 967번지,,,2025-07-30
장흥군,한일농장,한우,,,"전라남도 장흥군 용산면 상금리 262번지 16호 , 262-17, 262-1, 262-5",,,2025-07-30
장흥군,한일농장,육계,,,"전라남도 장흥군 용산면 상금리 262번지 7호 , 262-18",,,2025-07-30
장흥군,한일농장,육계,,128232.0,"전라남도 장흥군 용산면 상금리 262번지 7호 , 262-18",,,2025-12-16
장흥군,한일농장,한우,,,전라남도 장흥군 용산면 상금리 510번지,,,2025-07-30
장흥군,한정축산,한우,,,전라남도 장흥군 용산면 관지리 634번지 2호,,,2025-07-30
장흥군,한진축산,한우,,,전라남도 장흥군 회진면 회진리 1489번지 2호,,,2025-07-30
장흥군,한치골 농장,한우,,,"전라남도 장흥군 유치면 조양리 205-1, 205번지",,,2025-07-30
장흥군,한필농장,한우,,,전라남도 장흥군 용산면 상발리 574번지,,,2025-07-30
장흥군,항종농장,한우,,,전라남도 장흥군 안양면 사촌리 608번지 1호,,,2025-07-30
장흥군,해광축산,한우,,,전라남도 장흥군 대덕읍 도청리 573번지 2호,,,2025-07-30
장흥군,해동축사,한우,,,전라남도 장흥군 안양면 학송리 60번지 6호,,,2025-07-30
장흥군,해바라기농장,한우,,,전라남도 장흥군 관산읍 삼산리 259번지 1호,,,2025-07-30
장흥군,해성농장,한우,,,전라남도 장흥군 장흥읍 금산리 151번지,,,2025-07-30
장흥군,해솔축산,한우,,,전라남도 장흥군 대덕읍 연정리 723번지 외 1필지,,,2025-07-30
장흥군,해오름 오리농장,오리,,17000.0,"전라남도 장흥군 장평면 양촌리 605-3, 605-4, 605-5번지",,,2025-12-16
장흥군,해오름 오리농장,오리,,,"전라남도 장흥군 장평면 양촌리 605-3, 605-4, 605-5번지",,,2025-07-30
장흥군,해오축산,한우,,,전라남도 장흥군 대덕읍 신월리 501번지,,,2025-07-30
장흥군,해은농장,한우,,,전라남도 장흥군 대덕읍 연정리 476-1번지,,,2025-07-30
장흥군,해전축산,한우,,,"전라남도 장흥군 용산면 어산리 231-1, 231-4번지",,,2025-07-30
장흥군,해창농장,한우,,,전라남도 장흥군 안양면 해창리 227번지,,,2025-07-30
장흥군,행복농장,한우,,,전라남도 장흥군 관산읍 성산리 375번지 2호,,,2025-07-30
장흥군,행복농장,한우,,,전라남도 장흥군 대덕읍 신리 701번지 1호,,,2025-07-30
장흥군,행복을 farm,종계/산란계,,,전라남도 장흥군 장평면 축내리 718번지,,,2025-07-30
장흥군,행복을 farm,종계/산란계,,300.0,전라남도 장흥군 장평면 축내리 718번지,,,2025-12-16
장흥군,행원,한우,,,전라남도 장흥군 장흥읍 행원리 877번지,,,2025-07-30
장흥군,행화농장,한우,,,전라남도 장흥군 장흥읍 행원리 731번지 2호,,,2025-07-30
장흥군,향매축산,한우,,,전라남도 장흥군 대덕읍 연지리 226번지,,,2025-07-30
장흥군,현규농장,육계,,,전라남도 장흥군 대덕읍 잠두리 645번지 7호,,,2025-07-30
장흥군,현근농장,한우,,,전라남도 장흥군 관산읍 지정리 166번지 2호,,,2025-07-30
장흥군,현남 한우농장,한우,,,전라남도 장흥군 대덕읍 도청리 580번지,,,2025-07-30
장흥군,현대농장,한우,,,전라남도 장흥군 부산면 부춘리 395번지 1호,,,2025-07-30
장흥군,현대축산,한우,,,전라남도 장흥군 장평면 축내리 795-4번지,,,2025-07-30
장흥군,현대축산,한우,,,전라남도 장흥군 장평면 내동리 87번지,,,2025-07-30
장흥군,현동축사,한우,,,전라남도 장흥군 관산읍 외동리 62번지 6호,,,2025-07-30
장흥군,현숙농장,한우,,,전라남도 장흥군 관산읍 송촌리 440번지,,,2025-07-30
장흥군,현이농장,오리,,18400.0,전라남도 장흥군 장평면 등촌리 443번지,,,2025-12-16
장흥군,현종농장,한우,,,전라남도 장흥군 안양면 신촌리 473번지 4호,,,2025-07-30
장흥군,현주네목장,한우,,,전라남도 장흥군 관산읍 신동리 185번지 1호,,,2025-07-30
장흥군,현호농장,한우,,,전라남도 장흥군 대덕읍 잠두리 177번지,,,2025-07-30
장흥군,형근축산,한우,,,전라남도 장흥군 용산면 인암리 1005번지,,,2025-07-30
장흥군,형수축산,한우,,,전라남도 장흥군 대덕읍 연지리 66번지 1호 외 2필지,,,2025-07-30
장흥군,형순농장,한우,,,전라남도 장흥군 관산읍 삼산리 217번지 2호,,,2025-07-30
장흥군,형순농장,한우,,,전라남도 장흥군 관산읍 외동리 28번지,,,2025-07-30
장흥군,형운농장,한우,,,"전라남도 장흥군 관산읍 외동리 752-19, 752-362번지",,,2025-07-30
장흥군,형제농장,한우,,,전라남도 장흥군 안양면 지천리 235번지 1호,,,2025-07-30
장흥군,형제농장,돼지,,,"전라남도 장흥군 관산읍 하발리 880, 880-1, 880-2, 880-3, 881, 881-1, 883, 883-1, 964-1번지",,,2025-07-30
장흥군,형제농장,오리,,27760.0,전라남도 장흥군 용산면 풍길리,,,2025-12-16
장흥군,형제농장,한우,,,전라남도 장흥군 관산읍 하발리 926번지 2호 외 1필지,,,2025-07-30
장흥군,형제농장,오리,,,전라남도 장흥군 용산면 풍길리,,,2025-07-30
장흥군,형제농축산,한우,,,전라남도 장흥군 관산읍 외동리 213번지,,,2025-07-30
장흥군,형제농축산,한우,,,전라남도 장흥군 관산읍 외동리 189번지,,,2025-07-30
장흥군,형제축산,한우,,,"전라남도 장흥군 대덕읍 연지리 553-6,-5,-7,-8, -24,-4번지",,,2025-07-30
장흥군,형준농장,한우,,,전라남도 장흥군 용산면 풍길리 41번지 22호,,,2025-07-30
장흥군,혜원농장,한우,,,전라남도 장흥군 대덕읍 연정리 583-5번지,,,2025-07-30
장흥군,혜인목장,한우,,,전라남도 장흥군 장평면 축내리 667번지,,,2025-07-30
장흥군,혜진농장,한우,,,전라남도 장흥군 관산읍 용전리 293번지 2호,,,2025-07-30
장흥군,호농장,한우,,,전라남도 장흥군 회진면 신상리 32번지 1호,,,2025-07-30
장흥군,호림농장,한우,,,전라남도 장흥군 회진면 회진리 1254번지 외 3필지,,,2025-07-30
장흥군,호반농원,오리,,,전라남도 장흥군 부산면 호계리 341번지 7호,,,2025-07-30
장흥군,호산농장,한우,,,전라남도 장흥군 관산읍 고마리,,,2025-07-30
장흥군,호암농장,한우,,,전라남도 장흥군 용산면 어산리 706번지 1호,,,2025-07-30
장흥군,홍가네,염소,,,전라남도 장흥군 장평면 기동리 63번지 5호,,,2025-07-30
장흥군,홍거농장,한우,,,전라남도 장흥군 안양면 모령리 499번지,,,2025-07-30
장흥군,홍근농장,한우,,,전라남도 장흥군 관산읍 부평리 305번지 6호,,,2025-07-30
장흥군,홍기농장,한우,,,전라남도 장흥군 안양면 수락리 123번지,,,2025-07-30
장흥군,홍명축산,한우,,,전라남도 장흥군 장흥읍 행원리 870번지,,,2025-07-30
장흥군,홍부농장,한우,,,전라남도 장흥군 관산읍 부평리 306번지 2호,,,2025-07-30
장흥군,홍빈농장,한우,,,전라남도 장흥군 대덕읍 연정리 146번지,,,2025-07-30
장흥군,홍석축산,한우,,,전라남도 장흥군 관산읍 삼산리 1325번지 2호,,,2025-07-30
장흥군,홍장농장,한우,,,전라남도 장흥군 대덕읍 연지리 1358번지 1호,,,2025-07-30
장흥군,황**,한우,,,전라남도 장흥군 관산읍 지정리 425번지,,,2025-07-30
장흥군,황**,한우,,,전라남도 장흥군 관산읍 삼산리 894번지 52호,,,2025-07-30
장흥군,황** 농장,한우,,,"전라남도 장흥군 장흥읍 순지리 16번지 , 14-2, 18번지",,,2025-07-30
장흥군,황보축산,한우,,,전라남도 장흥군 대덕읍 도청리 518번지,,,2025-07-30
장흥군,황소축산,한우,,,전라남도 장흥군 회진면 덕산리 2118번지 1호 외 1필지,,,2025-07-30
장흥군,황추산농장,한우,,,전라남도 장흥군 장동면 봉동리 71번지,,,2025-07-30
장흥군,회덕축산,한우,,,전라남도 장흥군 회진면 대리 417번지,,,2025-07-30
장흥군,회진오리1농장,오리,,14100.0,전라남도 장흥군 회진면 회진리 1357번지,,,2025-12-16
장흥군,회진오리1농장,오리,,,전라남도 장흥군 회진면 회진리 1357번지,,,2025-07-30
장흥군,회진오리2농장,오리,,7200.0,전라남도 장흥군 회진면 회진리 1334번지 외 2필지,,,2025-12-16
장흥군,회진오리2농장,오리,,,전라남도 장흥군 회진면 회진리 1334번지 외 2필지,,,2025-07-30
장흥군,효림축산,한우,,,전라남도 장흥군 회진면 회진리 1248번지,,,2025-07-30
장흥군,효민농장,한우,,,전라남도 장흥군 장흥읍 금산리 260번지 3호,,,2025-07-30
장흥군,후니농장,한우,,,전라남도 장흥군 안양면 학송리 37번지,,,2025-07-30
장흥군,휘봉산목장,한우,,,"전라남도 장흥군 용산면 접정리 592번지 1호 , 602",,,2025-07-30
장흥군,흑돼지농장,돼지,,,전라남도 장흥군 장흥읍 축내리 189번지 1호,,,2025-07-30
장흥군,흥천농장,한우,,,전라남도 장흥군 관산읍 삼산리 1333번지 3호,,,2025-07-30
장흥군,희망농장,한우,,,전라남도 장흥군 장평면 축내리 753번지,,,2025-07-30
장흥군,희망농장,한우,,,전라남도 장흥군 장흥읍 사안리 157번지,,,2025-07-30
장흥군,희망농장,오리,,,"전라남도 장흥군 용산면 풍길리 7번지 , 947-1, 600-5번지",,,2025-07-30
장흥군,희망농장,오리,,9800.0,"전라남도 장흥군 용산면 풍길리 7번지 , 947-1, 600-5번지",,,2025-12-16
장흥군,희망찬농장,한우,,,전라남도 장흥군 관산읍 삼산리 184번지 56호,,,2025-07-30
장흥군,희정축산 1,한우,,,전라남도 장흥군 관산읍 삼산리 903번지 1호,,,2025-07-30
장흥군,희정축산 2,한우,,,전라남도 장흥군 관산읍 삼산리 266번지 2호,,,2025-07-30
