시군명,농장명,상세구분,소재지우편번호,소재지도로명주소,소재지지번주소,WGS84위도,WGS84경도,사육두수(마리)
가평군,광진,백세미,12463,경기도 가평군 설악면 한서로210번길 187,경기도 가평군 설악면 위곡리 376-1,127.5171965994,37.6535880187,70000
가평군,다손,육계,12469,경기도 가평군 설악면 유명로 1108-30,경기도 가평군 설악면 천안리 156-2,127.4822784619,37.6370312304,45000
가평군,대기,산란계,12469,경기도 가평군 설악면 유명로 1090-246,경기도 가평군 설악면 천안리 3-4,127.4888898036,37.6362563835,160000
가평군,대원,토종닭,12440,경기도 가평군 상면 물골길 366,경기도 가평군 상면 봉수리 94-2,127.2958775075,37.8478696724,15000
가평군,마장,웅추,12402,경기도 가평군 북면 화악지암길 223-16,경기도 가평군 북면 화악리 255,127.5749603876,37.9442793046,80000
가평군,무백,육계,12416,경기도 가평군 가평읍 석봉로3번길 160-58,경기도 가평군 가평읍 대곡리 594,127.4939184179,37.8267052314,35000
가평군,배취,육계,12463,경기도 가평군 설악면 한서로210번길 17-42,경기도 가평군 설악면 위곡리 801,127.5146897745,37.6680863455,23000
가평군,상원,육계,12411,경기도 가평군 가평읍 잎너비길 35-237,경기도 가평군 가평읍 읍내리87,127.5115514145,37.8505681735,25000
가평군,상철,웅추,12402,경기도 가평군 북면 화악지암길 223-85,경기도 가평군 북면 화악리 269-1,127.5727082593,37.9428577793,85000
가평군,샘골,육계,12472,경기도 가평군 설악면 평촌길 136,경기도 가평군 설악면 방일리 605,127.4983335348,37.6116207496,45000
가평군,석순,토종닭,12424,경기도 가평군 가평읍 달전천벚꽃길 201,경기도 가평군 가평읍 하색리 191-5,127.4980801325,37.8069843387,20000
가평군,선달,웅추,12409,경기도 가평군 가평읍 각담말길 143,경기도 가평군 가평읍 마장리 203,127.5156825885,37.8695868822,90000
가평군,성주,육계,12472,경기도 가평군 설악면 양방가루재길 37-6,경기도 가평군 설악면 방일리 81-1,127.4959181308,37.6265959150,32000
가평군,승현,육계,12409,경기도 가평군 가평읍 각담말길 115-10,경기도 가평군 가평읍 마장리 228-1,127.5146837118,37.8681227164,120000
가평군,안말,육계,12463,경기도 가평군 설악면 한서로 213-30,경기도 가평군 설악면 위곡리 728,127.5126644790,37.6702574150,30000
가평군,언덕,육계,12456,경기도 가평군 청평면 호반로 1233,경기도 가평군 청평면 고성리 438-6,127.5008311874,37.7160224097,65000
가평군,에덴2,육계,12472,경기도 가평군 설악면 유명로 1028-95,경기도 가평군 설악면 방일리 478-1,127.4900044315,37.6299810752,30000
가평군,에덴2,육계,12465,경기도 가평군 설악면 한서로23번길 24,경기도 가평군 설악면 신천리 125-2,127.4972001730,37.6764767781,40000
가평군,영기,육계,12409,경기도 가평군 가평읍 각담말길 151-32,경기도 가평군 가평읍 마장리 209-2,127.5143860283,37.8694483734,100000
가평군,오석,백세미,12472,경기도 가평군 설악면 양방가루재길 89-31,경기도 가평군 설악면 방일리 13-4,127.4985308990,37.6311168219,70000
가평군,옥준,웅추,12424,경기도 가평군 가평읍 달전천벚꽃길 173-29,경기도 가평군 가평읍 하색리 212,127.5003847255,37.8085963164,73000
가평군,우리,육계,12431,경기도 가평군 조종면 명지산로 224,경기도 가평군 조종면 상판리 358-1,127.3686232978,37.8932533660,79860
가평군,원진,웅추,12409,경기도 가평군 가평읍 각담말길 174,경기도 가평군 가평읍 마장리 208-1,127.5132943535,37.8710027056,105000
가평군,윤영,웅추,12409,경기도 가평군 가평읍 각담말길 127,경기도 가평군 가평읍 마장리 220-2,127.5154123418,37.8683087419,102000
가평군,이화,웅추,12409,경기도 가평군 가평읍 각담말길 134-17,경기도 가평군 가평읍 마장리 222,127.5159087526,37.8677840421,89000
가평군,인홍,육계,12464,경기도 가평군 설악면 한서로156번길 101-170,경기도 가평군 설악면 창의리 285-2,127.5036116810,37.6606469220,16000
가평군,일어나,육계,12470,경기도 가평군 설악면 엄소속골길 43-12,경기도 가평군 설악면 엄소리 399,127.4835593940,37.6494502992,70000
가평군,정자,웅추,12442,경기도 가평군 상면 아랫벌길 22-48,경기도 가평군 상면 태봉리 28-1,127.3380650266,37.7954846323,43000
가평군,정회,육계,12408,경기도 가평군 가평읍 아랫마장길 29-37,경기도 가평군 가평읍 승안리 93-20,127.5011643221,37.8434862142,35500
가평군,주영,육계,12402,경기도 가평군 북면 화악지암길 223-85,경기도 가평군 북면 화악리 269-1,127.5727082593,37.9428577793,90000
가평군,진성,육계,12464,경기도 가평군 설악면 한서로156번길 93,경기도 가평군 설악면 창의리 270-4,127.5038938975,37.6621683454,30000
가평군,찬호,산란계,12401,경기도 가평군 북면 가화로 2159-34,경기도 가평군 북면 도대리 282-4,127.4872710619,37.9408350471,300
가평군,창진,웅추,12402,경기도 가평군 북면 화악지암길 223-171,경기도 가평군 북면 화악리 261,127.5738431578,37.9454469097,95000
가평군,창현,육계,12463,경기도 가평군 설악면 한서로210번길 103,경기도 가평군 설악면 위곡리 461-2,127.5174162442,37.6607857290,28000
가평군,태우,육계,12463,경기도 가평군 설악면 음동길 9,경기도 가평군 설악면 위곡리 894-2,127.5160014766,37.6561159112,35000
가평군,한흥,토종닭,12459,경기도 가평군 설악면 용문천길 70,경기도 가평군 설악면 회곡리 16,127.4691450690,37.6873574620,20000
가평군,해진,육계,12464,경기도 가평군 설악면 한서로156번길 23-22,경기도 가평군 설악면 창의리 156-1,127.5080789886,37.6676463455,17000
가평군,혁칙,백세미,12463,경기도 가평군 설악면 한서로 320-5,경기도 가평군 설악면 위곡리 636-2,127.5245589073,37.6725298795,70000
가평군,호현,육계,12402,경기도 가평군 북면 화악지암길 223-83,경기도 가평군 북면 화악리 269-2,127.5728157897,37.9435239348,80000
고양시,강○○,산란계,10329,경기도 고양시 일산동구 중산로 306-142,경기도 고양시 일산동구 성석동 1294번지 1호,126.7893137558,37.6986540114,100
고양시,강○○,오리,10299,경기도 고양시 일산동구 사리현로 96,경기도 고양시 일산동구 식사동 산 12번지 3호,126.8298394407,37.6886837238,7000
고양시,고○○,육계,10255,경기도 고양시 일산동구 공릉천로 406-124,경기도 고양시 일산동구 지영동 562번지,126.8319829443,37.7278696059,52000
고양시,곽○○,산란계,10299,경기도 고양시 일산동구 사리현로 96,경기도 고양시 일산동구 식사동 산 12번지 3호,126.8298394407,37.6886837238,20000
고양시,김○○,산란계,10313,경기도 고양시 일산동구 성현로268번길 68-32,경기도 고양시 일산동구 성석동 61번지 1호,126.8107586291,37.7018712932,20000
고양시,김○○,산란계,10262,,경기도 고양시 덕양구 내유동 826번지 3호,126.8397351297,37.7257363105,500
고양시,김○○,산란계,10397,경기도 고양시 일산서구 멱절길 218-21,경기도 고양시 일산서구 대화동 1952번지 4호,126.7439121640,37.6564610181,100
고양시,김○○,산란계,10208,경기도 고양시 일산서구 가좌로140번길 39,경기도 고양시 일산서구 가좌동 952번지 3호,126.7135782142,37.6848790087,1000
고양시,김○○,산란계,10229,경기도 고양시 일산서구 미래로 276-7,경기도 고양시 일산서구 덕이동 646번지 1호,126.7473550357,37.7033726718,15000
고양시,김○○,산란계,10425,경기도 고양시 일산서구 멱절길 45,경기도 고양시 일산서구 법곳동 267번지 6호,126.7277759428,37.6592084767,200
고양시,김○○,산란계,10315,경기도 고양시 일산동구 사리현로 39-20,경기도 고양시 일산동구 식사동 260번지 0호,126.8227288842,37.6895199812,200
고양시,김○○,산란계,10260,경기도 고양시 일산동구 공릉천로71번길 5,경기도 고양시 일산동구 사리현동 885번지,126.8447595215,37.6993180106,500
고양시,김○○,산란계,10454,,경기도 고양시 덕양구 주교동 1031번지 5호,126.8205161652,37.6532437024,100
고양시,김○○,오리,10299,경기도 고양시 일산동구 사리현로 96,경기도 고양시 일산동구 식사동 산 12번지 3호,126.8298394407,37.6886837238,2000
고양시,김○○,오리,10224,경기도 고양시 일산서구 송산로 554-6,경기도 고양시 일산서구 덕이동 901번지,126.7383845565,37.6908475607,350
고양시,김○○,오리,10427,경기도 고양시 덕양구 신평길 254,경기도 고양시 덕양구 신평동 26번지 176호,126.7807703441,37.6281376134,213
고양시,김○○,육계,10259,경기도 고양시 일산동구 사리현로 129,경기도 고양시 일산동구 사리현동 611,126.8332350186,37.6911572959,20000
고양시,김○○,육계,10439,경기도 고양시 덕양구 얼음들길 39-13,경기도 고양시 덕양구 행주내동 678번지,126.8209289126,37.6141061391,1100
고양시,김○○,육계,10397,,경기도 고양시 일산동구 장항동 634번지 59호,126.7497117255,37.6539058510,45
고양시,김○○,육계,,,경기도 고양시 일산서구 대화동 1942번지 39호,126.7381883803,37.6535201715,28000
고양시,김○○,육계,10455,,경기도 고양시 덕양구 화정동 806번지 1호,126.8249514814,37.6418532127,300
고양시,김○○,육계,10205,경기도 고양시 일산서구 덕산로195번길 112,경기도 고양시 일산서구 가좌동 545번지 1호,126.7222193194,37.6992612058,25000
고양시,김○○,육계,10554,,경기도 고양시 덕양구 도내동 224번지 4호,126.8689195754,37.6191888038,200
고양시,김○○,육계,10293,경기도 고양시 덕양구 수역이길 119-29,경기도 고양시 덕양구 성사동 429번지 2호,126.8475924936,37.6566610839,74
고양시,김○○,육계,10289,,경기도 고양시 일산동구 사리현동 580번지,126.8347623674,37.6875736501,40000
고양시,남○○,육계,10220,경기도 고양시 일산서구 송포로113번길 191-41,경기도 고양시 일산서구 법곳동 748번지 7호,126.7224608462,37.6682416526,50000
고양시,도○○,산란계,10220,,경기도 고양시 일산서구 법곳동 1537번지,126.7164675109,37.6675965769,305
고양시,박○○,산란계,10256,경기도 고양시 일산동구 지영로148번길 39,경기도 고양시 일산동구 지영동 736번지,126.8250892675,37.7123449101,200
고양시,박○○,산란계,10453,경기도 고양시 일산동구 고일로242번길 47,경기도 고양시 일산동구 산황동 693번지 3호,126.8007107332,37.6521843192,80
고양시,박○○,육계,10276,경기도 고양시 덕양구 서리골길124번길 19-53,경기도 고양시 덕양구 선유동 102번지,126.9158050486,37.6935986870,12
고양시,박○○,육계,10265,,경기도 고양시 덕양구 관산동 605번지 13호,126.8675380965,37.7125994897,1000
고양시,박○○,육계,10245,경기도 고양시 일산동구 고봉로 679-36,경기도 고양시 일산동구 성석동 1797번지,126.7874871757,37.7185979321,23000
고양시,백○○,육계,10208,경기도 고양시 일산서구 가좌로140번길 35,경기도 고양시 일산서구 가좌동 952번지 4호,126.7138840944,37.6849338163,14000
고양시,선○○,산란계,10441,경기도 고양시 덕양구 강매로 136,경기도 고양시 덕양구 강매동 252번지,126.8431233780,37.6003623523,1000
고양시,설○○,산란계,10309,경기도 고양시 일산동구 풍산로 129,경기도 고양시 일산동구 풍동 1190번지 2호,126.7926479619,37.6622971004,40
고양시,손○○,오리,10276,,경기도 고양시 덕양구 선유동 478번지,126.9000867284,37.6798283106,600
고양시,손○○,육계,10259,경기도 고양시 일산동구 성현로482번길 26-65,경기도 고양시 일산동구 사리현동 627번지,126.8349846047,37.6946014767,30000
고양시,신○○,육계,10276,,경기도 고양시 덕양구 선유동 109번지,126.9151929809,37.6934360601,15
고양시,심○○,육계,10389,,경기도 고양시 일산서구 법곳동 192번지 3호,126.7290487847,37.6644100102,300
고양시,안○○,육계,10488,경기도 고양시 덕양구 서정로65번길 21,경기도 고양시 덕양구 도내동 790번지 9호,126.8543162034,37.6207480263,90
고양시,에○○,산란계,10454,경기도 고양시 덕양구 대주로492번길 14,경기도 고양시 덕양구 주교동 1073번지,126.8247345636,37.6567729339,100000
고양시,염○○,육계,10455,경기도 고양시 덕양구 호국로 551-28,경기도 고양시 덕양구 화정동 810번지 1호,126.8237594127,37.6381304006,700
고양시,원○○,육계,10276,경기도 고양시 덕양구 선유길 100,경기도 고양시 덕양구 선유동 336번지 2호,126.9068658564,37.6796898701,20
고양시,유○○,육계,10262,경기도 고양시 덕양구 통일로 937-47,경기도 고양시 덕양구 관산동 847번지 43호,126.8549194693,37.6992140718,400
고양시,윤○○,육계,10397,경기도 고양시 일산동구 멱절길 324-92,경기도 고양시 일산동구 장항동 659번지 3호,126.7539681086,37.6518516931,25
고양시,이○○,산란계,10300,경기도 고양시 일산동구 백마로502번길 89-11,경기도 고양시 일산동구 풍동 1012번지,126.8037075606,37.6587124245,350
고양시,이○○,산란계,10203,경기도 고양시 일산서구 법곳길 306-54,경기도 고양시 일산서구 법곳동 1317번지,126.7081666578,37.6715403708,25000
고양시,이○○,산란계,10253,경기도 고양시 일산동구 장진천길 75-26,경기도 고양시 일산동구 설문동 1068번지,126.8095688126,37.7146539690,25000
고양시,이○○,산란계,10265,,경기도 고양시 덕양구 관산동 614번지 5호,126.8690901287,37.7135382593,20
고양시,이○○,산란계,10213,,경기도 고양시 일산서구 법곳동 1046번지 2호,126.7159345850,37.6735416445,50
고양시,이○○,산란계,10299,,경기도 고양시 일산동구 식사동 1313번지,126.8190993635,37.6763512986,50
고양시,이○○,오리,10554,경기도 고양시 덕양구 흥도로70번길 117-40,경기도 고양시 덕양구 도내동 224번지 3호,126.8693389570,37.6190271037,20000
고양시,이○○,육계,10224,,경기도 고양시 일산서구 덕이동 1378번지,126.7307164695,37.6856856221,45000
고양시,이○○,육계,10276,,경기도 고양시 덕양구 선유동 114번지 1호,126.9142849147,37.6942912963,20
고양시,이○○,육계,10437,경기도 고양시 덕양구 양곡1길 121-39,경기도 고양시 덕양구 행주외동 290번지,126.8113758489,37.6117214602,700
고양시,이○○,육계,10511,경기도 고양시 덕양구 지도로124번길 58,경기도 고양시 덕양구 토당동 897번지,126.8260961892,37.6273583038,150
고양시,이○○,육계,10262,경기도 고양시 덕양구 통일로 915-98,경기도 고양시 덕양구 관산동 847번지 89호,126.8518707531,37.6984894374,1000
고양시,이○○,육계,10305,경기도 고양시 일산동구 고일로 60-7,경기도 고양시 일산동구 식사동 1087번지,126.8032623624,37.6683790441,30
고양시,이○○,육계,10264,,경기도 고양시 덕양구 내유동 96번지,126.8618344970,37.7240710211,30000
고양시,이○○,육계,10256,,경기도 고양시 일산동구 지영동 732번지,126.8245094111,37.7129566867,20000
고양시,이○○,육계,10208,경기도 고양시 일산서구 가좌로140번길 29,경기도 고양시 일산서구 가좌동 951번지,126.7141660096,37.6853219204,25000
고양시,이○○,육계,10299,경기도 고양시 일산동구 사리현로 96,경기도 고양시 일산동구 식사동 산 12번지 3호,126.8298394407,37.6886837238,25000
고양시,임○○,육계,10487,경기도 고양시 덕양구 도내로14번길 21-2,경기도 고양시 덕양구 도내동 890번지 2호,126.8486479636,37.6230292268,40000
고양시,임○○,육계,10284,,경기도 고양시 덕양구 신원동 산 3번지 1호,126.8821156501,37.6819645836,70
고양시,장○○,육계,10453,경기도 고양시 일산동구 고일로 301-8,경기도 고양시 일산동구 산황동 771번지 1호,126.8036792261,37.6481079809,90
고양시,장○○,육계,10228,,경기도 고양시 일산서구 덕이동 산 175번지,126.7400160519,37.7040142401,24000
고양시,전○○,산란계,10399,경기도 고양시 일산동구 장항로 360-75,경기도 고양시 일산동구 장항동 517번지 10호,126.7641608597,37.6501338908,25000
고양시,정○○,육계,10261,,경기도 고양시 일산동구 사리현동 150번지,126.8497814602,37.6944053847,150
고양시,정○○,육계,10207,경기도 고양시 일산서구 구산로54번길 172-8,경기도 고양시 일산서구 구산동 1090번지,126.7101316266,37.6878166479,150
고양시,조○○,육계,10437,경기도 고양시 덕양구 양곡1길 121-43,경기도 고양시 덕양구 행주외동 292번지,126.8112407967,37.6113878803,1200
고양시,조○○,육계,10276,경기도 고양시 덕양구 선유길 111,경기도 고양시 덕양구 선유동 355번지 1호,126.9084757173,37.6795740443,53
고양시,조○○,육계,10220,경기도 고양시 일산서구 법곳길 200-85,경기도 고양시 일산서구 법곳동 1584번지 1호,126.7188325138,37.6686023664,25000
고양시,조○○,육계,10455,경기도 고양시 덕양구 호국로 659-16,경기도 고양시 덕양구 화정동 795번지 5호,126.8282927417,37.6471919462,14
고양시,진○○,육계,10289,경기도 고양시 일산동구 사리현로216번길 153,경기도 고양시 일산동구 사리현동 546번지,126.8392628090,37.6877691822,40000
고양시,최○○,육계,10203,경기도 고양시 일산서구 법곳길 200-10,경기도 고양시 일산서구 법곳동 1602번지,126.7179610866,37.6652937243,30000
고양시,최○○,육계,10584,,경기도 고양시 덕양구 지축동 산 88번지 6호,126.9235624393,37.6490243316,300
고양시,최○○,육계,10290,경기도 고양시 덕양구 공양왕길 56,경기도 고양시 덕양구 원당동 934번지,126.8432570880,37.6755215410,25
고양시,최○○,육계,10208,경기도 고양시 일산서구 가좌로140번길 29,경기도 고양시 일산서구 가좌동 951번지,126.7141660096,37.6853219204,25000
고양시,최○○,육계,10439,경기도 고양시 덕양구 행신로 41,경기도 고양시 덕양구 행주내동 653번지 1호,126.8220728386,37.6141078973,2500
고양시,황○○,육계,10454,,경기도 고양시 덕양구 주교동 1404번지 0호,126.8190406808,37.6541874290,120
과천시,농장1,산란계,13820,,경기도 과천시 주암동 343-2,127.0229987550,37.4520217989,270
과천시,농장10,산란계,13813,경기도 과천시 무네미길 36,경기도 과천시 과천동 443,126.9987794853,37.4519693779,8
과천시,농장11,산란계,13821,,경기도 과천시 과천동 139-22,127.0083289804,37.4474372896,13
과천시,농장12,산란계,,,경기도 과천시 과천동 233-10,127.0053906986,37.4458786559,80
과천시,농장13,산란계,13825,,경기도 과천시 문원동 501,126.9971098064,37.4135775482,450
과천시,농장14,산란계,13826,,경기도 과천시 문원동 214,126.9999785074,37.4247140830,14
과천시,농장15,산란계,13826,경기도 과천시 사기막1길 4,경기도 과천시 문원동 324-3,126.9986118059,37.4195783121,60
과천시,농장16,산란계,13816,경기도 과천시 경마공원대로 90-17,경기도 과천시 과천동 210-11,127.0053341151,37.4434099125,17
과천시,농장17,산란계,13819,,경기도 과천시 주암동 59,127.0340792458,37.4639396192,24
과천시,농장18,산란계,13820,경기도 과천시 물사랑로 184-30,경기도 과천시 주암동 212-1,127.0259720155,37.4551026767,30
과천시,농장19,산란계,,,경기도 과천시 주암동 산5-2,127.0358052882,37.4562446172,15
과천시,농장2,산란계,13828,,경기도 과천시 문원동 50,127.0019782272,37.4191098631,65
과천시,농장20,산란계,13820,경기도 과천시 원주암길 32,경기도 과천시 주암동 104번지,127.0329459739,37.4566057788,12
과천시,농장21,산란계,13820,경기도 과천시 죽바위로 17,경기도 과천시 주암동 167-4,127.0303006264,37.4549125420,8
과천시,농장22,산란계,13820,,경기도 과천시 주암동 산17,127.0305486468,37.4532186038,10
과천시,농장23,산란계,13820,,경기도 과천시 주암동 401-1,127.0211674815,37.4503011849,100
과천시,농장24,산란계,13813,경기도 과천시 양지마을로 8,경기도 과천시 과천동 538-12,126.9953102527,37.4485183731,9
과천시,농장25,산란계,13821,경기도 과천시 광창로 24,경기도 과천시 과천동 139-13,127.0081708054,37.4479688875,4
과천시,농장26,산란계,13815,,경기도 과천시 과천동 329-2,126.9984748217,37.4438243161,14
과천시,농장27,산란계,13813,,경기도 과천시 과천동 475,126.9944397529,37.4513564668,15
과천시,농장3,산란계,13825,경기도 과천시 매봉로 45,경기도 과천시 문원동 937-1,126.9965903039,37.4123341326,9
과천시,농장4,산란계,13825,경기도 과천시 매봉로 49,경기도 과천시 문원동 938-1,126.9970534134,37.4124693074,16
과천시,농장5,산란계,13827,경기도 과천시 윗배랭이길 8,경기도 과천시 문원동 180,127.0058306375,37.4257772678,3
과천시,농장6,산란계,13820,,경기도 과천시 주암동 386,127.0200036739,37.4513014700,75
과천시,농장7,산란계,13819,,경기도 과천시 주암동 59,127.0340792458,37.4639396192,24
과천시,농장8,산란계,13820,경기도 과천시 말두레로 173-4,경기도 과천시 주암동 385-1,127.0202184973,37.4517158990,20
과천시,농장9,산란계,13816,경기도 과천시 경마공원대로 118-5,경기도 과천시 과천동 192-4,127.0062493869,37.4422746275,8
광명시,원광농장,육계,,,경기도 광명시 광명동 537번지,126.8431030039,37.4614030180,100
광주시,경안농장,육계,12764,경기도 광주시 역동로 52-133,경기도 광주시 역동 84,127.2491194472,37.4034192530,33000
광주시,광주농장,산란계,12729,경기도 광주시 초월읍 산수로554번길 11,경기도 광주시 초월읍 신월리 409-1,127.3070816050,37.4118348774,65000
광주시,길샘축산,산란계,12731,경기도 광주시 초월읍 동막골길256번길 8,경기도 광주시 초월읍 학동리 88,127.3403568932,37.3888951156,90000
광주시,대승농장,산란계,12735,경기도 광주시 초월읍 무들로8번길 28-9,경기도 광주시 초월읍 대쌍령리 53,127.2935885075,37.3838925917,45000
광주시,영생농장 3단지,산란계,12720,경기도 광주시 곤지암읍 광여로862번길 86,경기도 광주시 곤지암읍 건업리 405,127.4095732263,37.3840101421,40000
광주시,영일농장,산란계,12726,경기도 광주시 곤지암읍 만삼로 9-51,경기도 광주시 곤지암읍 유사리 355-4,127.4067385164,37.3733699665,190000
광주시,칠성농장(휴업),산란계,12769,경기도 광주시 직동로 49,경기도 광주시 직동 56-3,127.1973491460,37.4000288271,0
광주시,햇살체험농장,육계,12807,,경기도 광주시 초월읍 산이리 65-39,127.3107270485,37.3586209576,100
김포시,가우농장,산란계,10030,경기도 김포시 통진읍 가현로149번길 151-13,경기도 김포시 통진읍 가현리 633번지,126.5849462000,37.6777090000,16000
김포시,가현농장,산란계,10030,경기도 김포시 통진읍 가현로 129,경기도 김포시 통진읍 가현리 604번지 6호 외 2필지,126.5881461000,37.6750985000,40000
김포시,가현농장,산란계,10030,,경기도 김포시 통진읍 가현리 607번지,126.5876762000,37.6760159000,9700
김포시,가현농장,산란계,,,경기도 김포시 통진읍 가현리 산 50번지,126.5843893000,37.6820137000,8000
김포시,갈산농장,육계,10025,경기도 김포시 월곶면 군하로 134-34,경기도 김포시 월곶면 갈산리 440번지 1호,126.5613374000,37.7058410000,260
김포시,거목농장,육계,10010,경기도 김포시 통진읍 월하로 586-62,경기도 김포시 통진읍 귀전리 712번지 2호,126.6196141000,37.7078738000,60000
김포시,공주양계장,육계,10045,,경기도 김포시 양촌읍 유현리 441번지,126.6156197000,37.6342161000,12000
김포시,규은농장,산란계,10124,경기도 김포시 고촌읍 신기신동로 23-10,경기도 김포시 고촌읍 신곡리 439번지 43호,126.7730480000,37.6086077000,14
김포시,규환농장,육계,10006,경기도 김포시 하성면 하성로1091번길 37-14,경기도 김포시 하성면 시암리 491번지,126.6367774000,37.7643639000,250
김포시,금산농장,산란계,,,경기도 김포시 양촌읍 누산리 1036번지 111호,126.6463128000,37.6715678000,45000
김포시,금화농장,산란계,10025,경기도 김포시 월곶면 고양로 183-85,경기도 김포시 월곶면 고양리 629번지,126.5396820000,37.6888200000,227880
김포시,기원농장,육계,10029,경기도 김포시 통진읍 절골로25번길 98,경기도 김포시 통진읍 옹정리 294번지 3호,126.5765090000,37.6842649000,24000
김포시,기철농장,육계,,,경기도 김포시 양촌읍 양곡리 821번지,126.6330624000,37.6555979000,19000
김포시,김포 자연 농장,산란계,10014,경기도 김포시 통진읍 하성로 105-106,경기도 김포시 통진읍 수참리 114번지 1호,126.6259191000,37.6855143000,30000
김포시,김포동물농장,산란계,10076,경기도 김포시 김포대로 1148,경기도 김포시 운양동 213번지 12호,126.6955550000,37.6348298000,170
김포시,김포축산,산란계,10064,경기도 김포시 양촌읍 석모1로 36,경기도 김포시 양촌읍 석모리 547번지 6호,126.6592221000,37.6545689000,11000
김포시,깻잎농원,육계,10123,경기도 김포시 고촌읍 금포로491번길 35-20,경기도 김포시 고촌읍 풍곡리 75번지 34호,126.7674593000,37.6174983000,100
김포시,농업회사법인 (주)제일영농,육계,10012,,경기도 김포시 하성면 석탄리 734번지 7호,126.6521694000,37.7204533000,1000
김포시,담안에 농원,육계,10006,경기도 김포시 하성면 하성로 1197-10,경기도 김포시 하성면 시암리 140번지 2호,126.6452782000,37.7666154000,300
김포시,대곶농장,육계,10040,,경기도 김포시 대곶면 율생리 570번지,126.5766436000,37.6508217000,300
김포시,대명농장,육계,10040,경기도 김포시 대곶면 대곶로20번길 207,경기도 김포시 대곶면 대명리 57번지,126.5594263000,37.6535152000,20000
김포시,대명농장Ⅱ,육계,10040,경기도 김포시 대곶면 학의동로34번길 42,경기도 김포시 대곶면 대명리 583번지,126.5581819000,37.6550691000,25000
김포시,대성농장,육계,10049,,경기도 김포시 양촌읍 학운리 1032번지,126.6002798000,37.6090818000,20000
김포시,대포농장,육계,10048,,경기도 김포시 양촌읍 대포리 261번지 18호,126.6283692000,37.6130484000,30000
김포시,도수농장,산란계,10030,경기도 김포시 통진읍 마송2로104번길 58-25,경기도 김포시 통진읍 마송리 399번지 3호,126.5893340000,37.6836799000,20000
김포시,도현 농장,산란계,10033,경기도 김포시 통진읍 율마로276번길 45-2,경기도 김포시 통진읍 가현리 798번지,126.6010641000,37.6758730000,0
김포시,동해농장,산란계,10069,,경기도 김포시 양촌읍 구래리 742번지,126.6308684000,37.6319947000,12000
김포시,두레농장,육계,10046,경기도 김포시 대곶면 삭시갈마로 73,경기도 김포시 대곶면 대능리 700번지,126.6008683000,37.6259950000,1300
김포시,두우농장,육계,,,경기도 김포시 양촌읍 구래리 산 198번지,126.6194132000,37.6499864000,23000
김포시,드림농장,산란계,10023,경기도 김포시 월곶면 월하로 87,경기도 김포시 월곶면 갈산리 200번지,126.5662604000,37.7133102000,1000
김포시,루디요안 농장,산란계,10001,경기도 김포시 월곶면 용강로437번길 45-26,경기도 김포시 월곶면 용강리 335번지 7호,126.5534813000,37.7561114000,120
김포시,말무리농장,산란계,10010,경기도 김포시 통진읍 애기봉로571번길 128-70,경기도 김포시 통진읍 귀전리 84번지,126.6064434000,37.7321740000,5000
김포시,명석농장,육계,10022,경기도 김포시 월곶면 고척로 7,경기도 김포시 월곶면 갈산리 19번지,126.5785348000,37.7147065000,20000
김포시,무량농장,육계,10045,,경기도 김포시 양촌읍 구래리 295번지 23호,126.6173338000,37.6445198000,20000
김포시,문수골농원,육계,10000,,경기도 김포시 월곶면 성동리 212번지 7호,126.5343697000,37.7402794000,35
김포시,미혜농장,산란계,10046,,경기도 김포시 대곶면 대능리 622번지 23호,126.5927044000,37.6212458000,1000
김포시,미화농장,산란계,10030,,경기도 김포시 통진읍 가현리 625번지 8호,126.5858630000,37.6779556000,12000
김포시,민호농장,산란계,10030,,경기도 김포시 통진읍 가현리 665번지,126.5848702000,37.6750960000,10000
김포시,밤농장,육계,,,경기도 김포시 양촌읍 구래리 산 118번지,126.6194132000,37.6499864000,150
김포시,방글농장,산란계,10013,,경기도 김포시 하성면 봉성리 258번지 2호,126.6475807000,37.6932938000,12000
김포시,방씨농장,육계,10050,경기도 김포시 대곶면 약암로 522-24,경기도 김포시 대곶면 대벽리 803번지,126.5617278000,37.6054122000,200
김포시,백산농원,육계,,,경기도 김포시 양촌읍 구래리 산 37번지,126.6194132000,37.6499864000,10000
김포시,범아농장,산란계,,,경기도 김포시 월곶면 포내리 산 14번지 12호,126.5381989000,37.7248072000,30000
김포시,병기농장,육계,10028,경기도 김포시 대곶면 대곶로430번길 78,경기도 김포시 대곶면 석정리 238번지,126.5573935000,37.6789056000,30000
김포시,봉골농장,산란계,10024,,"경기도 김포시 월곶면 군하리 323번지 2호 ,323-70번지",126.5533690000,37.7071173000,83000
김포시,봉룡농장,산란계,10024,경기도 김포시 월곶면 김포대로2659번길 5-178,경기도 김포시 월곶면 군하리 323번지 27호,126.5524564000,37.7061498000,14000
김포시,봉림농장,산란계,10038,경기도 김포시 통진읍 가현로 28,경기도 김포시 통진읍 가현리 810번지,126.5826458000,37.6675380000,40000
김포시,봉성농장,산란계,10015,경기도 김포시 통진읍 동을산로106번길 172-107,경기도 김포시 통진읍 동을산리 496번지,126.6196083000,37.6935936000,30000
김포시,부부농장,육계,10055,경기도 김포시 양촌읍 양곡3로 104-60,경기도 김포시 양촌읍 석모리 690번지 1호,126.6408342000,37.6583790000,40000
김포시,부부농장,육계,10056,경기도 김포시 양촌읍 양곡2로 134-78,경기도 김포시 양촌읍 양곡리 183번지 4호,126.6305845000,37.6661855000,35000
김포시,산골농장,산란계,,,경기도 김포시 통진읍 가현리 산 50번지 3호,126.5843893000,37.6820137000,15000
김포시,산천농장,육계,10041,,경기도 김포시 대곶면 신안리 247번지 2호,126.5399324000,37.6503500000,440
김포시,상권 농장,산란계,10010,경기도 김포시 통진읍 애기봉로523번길 155,경기도 김포시 통진읍 귀전리 103번지 1호,126.6022297000,37.7331148000,147
김포시,상림,산란계,10038,,경기도 김포시 통진읍 가현리 809번지 1호,126.5835584000,37.6685143000,9000
김포시,상헌농장,산란계,10004,경기도 김포시 하성면 평화공원로70번길 284-129,경기도 김포시 하성면 가금리 310번지,126.6075838000,37.7374484000,3000
김포시,샘재 양계장,육계,,,경기도 김포시 운양동 119번지 8호,126.6985015000,37.6484871000,25000
김포시,서울농장,산란계,,,경기도 김포시 대곶면 송마리 산 56번지,126.5832814000,37.6653600000,9800
김포시,서울양계장,육계,10026,경기도 김포시 대곶면 쇄암로89번길 35,경기도 김포시 대곶면 쇄암리 391번지,126.5446719000,37.6756765000,0
김포시,석정농장,육계,10028,,경기도 김포시 대곶면 석정리 237번지,126.5566772000,37.6792633000,45000
김포시,성수농장,육계,10014,경기도 김포시 통진읍 하성로 141-32,경기도 김포시 통진읍 수참리 67번지 1호,126.6307205000,37.6888721000,50000
김포시,성호농장,산란계,10013,,경기도 김포시 하성면 하사리 202번지,126.6366165000,37.6979812000,21
김포시,세명농장,산란계,10047,,경기도 김포시 양촌읍 학운리 253번지,126.6112559000,37.6259939000,40000
김포시,수현2 농장,육계,10020,경기도 김포시 월곶면 포내로 124,경기도 김포시 월곶면 포내리 252번지 4호,126.5285970000,37.7257330000,30000
김포시,수현농장,육계,10020,,경기도 김포시 월곶면 포내리 251번지 6호,126.5289814000,37.7241489000,25000
김포시,시암청정농원,육계,10006,,경기도 김포시 하성면 시암리 396번지,126.6339432000,37.7614721000,400
김포시,신미농장,육계,10055,경기도 김포시 양촌읍 김포한강4로278번길 103-20,경기도 김포시 양촌읍 석모리 146번지,126.6518594000,37.6562950000,30000
김포시,써니농장,산란계,10030,경기도 김포시 통진읍 율마로275번길 200,경기도 김포시 통진읍 가현리 162번지 3호,126.5885350000,37.6724331000,22000
김포시,안골농원,산란계,10002,,경기도 김포시 월곶면 조강리 107번지 109호,126.5649417000,37.7446765000,6000
김포시,약산농장,산란계,,,경기도 김포시 대곶면 약암리 산 47번지 1호,126.5566548000,37.6148263000,12000
김포시,약산농장,산란계,10042,,경기도 김포시 대곶면 약암리 47번지 1호,126.5682543000,37.6242666000,10000
김포시,약산농장,육계,10042,경기도 김포시 대곶면 대곶서로89번길 131,경기도 김포시 대곶면 약암리 262번지 1호,126.5690045000,37.6355225000,20000
김포시,약산동해농장,산란계,,,경기도 김포시 대곶면 약암리 산 47번지 1호,126.5566548000,37.6148263000,12000
김포시,양지농장,산란계,10030,경기도 김포시 통진읍 가현로85번길 68,경기도 김포시 통진읍 가현리 668번지 3호,126.5854179000,37.6744583000,12000
김포시,연주농장,육계,10047,,경기도 김포시 양촌읍 학운리 815번지 1호,126.6010873000,37.6231847000,2500
김포시,영경농장,산란계,10124,,경기도 김포시 고촌읍 신곡리 183번지 3호,126.7846605000,37.6032779000,4
김포시,영창농장,육계,10042,,경기도 김포시 대곶면 대벽리 185번지,126.5788122000,37.6341256000,20000
김포시,영철농장,육계,,,경기도 김포시 양촌읍 구래리 652번지 1호,126.6385808000,37.6324963000,25000
김포시,옥화농장,산란계,10005,,경기도 김포시 하성면 마조리 209번지 17호,126.6357194000,37.7510897000,20
김포시,용농장,육계,10095,,경기도 김포시 고촌읍 향산리 906번지 1호,126.7348591000,37.6213300000,0
김포시,우리집토종닭,육계,,,경기도 김포시 하성면 석탄리 491번지 32호,126.6320813000,37.7252300000,300
김포시,우일농장,육계,10010,경기도 김포시 통진읍 월하로 488,경기도 김포시 통진읍 귀전리 464번지 1호,126.6100625000,37.7106173000,30000
김포시,우정농장,산란계,,,경기도 김포시 대곶면 석정리 산 44번지,126.5732114000,37.6820636000,18000
김포시,운호농장,육계,,,경기도 김포시 양촌읍 누산리 1089번지 75호,126.6612197000,37.6712065000,80000
김포시,원기농장,산란계,10042,,경기도 김포시 대곶면 약암리 930번지,126.5769223000,37.6198835000,25000
김포시,유성농장,산란계,10028,경기도 김포시 대곶면 대곶북로 367-46,경기도 김포시 대곶면 석정리 46번지 2호,126.5736464000,37.6754341000,32000
김포시,은상농장,산란계,10037,경기도 김포시 대곶면 율마로256번길 146-10,경기도 김포시 대곶면 거물대리 77번지,126.6035304000,37.6704306000,70000
김포시,은혜농장,산란계,,,경기도 김포시 통진읍 가현리 산 50번지 3호,126.5843893000,37.6820137000,9000
김포시,이범주농장,육계,10047,경기도 김포시 양촌읍 유현삭시로 25-35,경기도 김포시 양촌읍 학운리 876번지,126.6049451000,37.6219635000,15000
김포시,이원행 농장,육계,10047,,경기도 김포시 양촌읍 학운리 399번지,126.6030093000,37.6259933000,28000
김포시,인집농장,산란계,10006,,경기도 김포시 하성면 시암리 453번지 2호,126.6390035000,37.7616950000,100
김포시,인천농장,육계,10002,,경기도 김포시 월곶면 조강리 79번지,126.5865082000,37.7490611000,7000
김포시,인하 농장,산란계,10030,경기도 김포시 통진읍 가현로85번길 107,경기도 김포시 통진읍 가현리 620번지,126.5860947000,37.6770734000,14000
김포시,일진농장,산란계,10030,경기도 김포시 통진읍 가현로230번길 76,경기도 김포시 통진읍 가현리 324번지,126.5963339000,37.6785687000,2000
김포시,장락농장,산란계,10026,,경기도 김포시 대곶면 쇄암리 447번지,126.5498148000,37.6706239000,24000
김포시,정윤농장,육계,10052,경기도 김포시 양촌읍 양곡로130번길 143,경기도 김포시 양촌읍 누산리 1036번지 158호,126.6532825000,37.6718229000,24000
김포시,젖가락이 행복한 농장,산란계,10042,경기도 김포시 대곶면 대곶서로 190-28,경기도 김포시 대곶면 대벽리 174번지 1호,126.5790317000,37.6353787000,100
김포시,종복농장,산란계,10133,경기도 김포시 고촌읍 당산길 557-56,경기도 김포시 고촌읍 신곡리 710번지 4호,126.7727396000,37.5910561000,400
김포시,종훈농장,산란계,,,경기도 김포시 통진읍 옹정리 산 58번지,126.5780315000,37.6876399000,10000
김포시,좋아좋아 토종닭 농장,육계,10006,,경기도 김포시 하성면 시암리 218번지,126.6365873000,37.7706970000,300
김포시,주일농장,산란계,,,경기도 김포시 양촌읍 학운리 산 20번지,126.6180860000,37.6151056000,12000
김포시,준희농장,산란계,10030,,경기도 김포시 통진읍 가현리 622번지 3호,126.5867054000,37.6773188000,14500
김포시,천풍농장,산란계,10050,,경기도 김포시 대곶면 대벽리 1039번지,126.5683158000,37.6175997000,12000
김포시,청계농장,산란계,10124,,경기도 김포시 고촌읍 신곡리 439번지 18호,126.7721302000,37.6087501000,20
김포시,청솔산업,육계,10010,경기도 김포시 통진읍 서암로 281-22,경기도 김포시 통진읍 귀전리 1008번지,126.6101708000,37.7072841000,100
김포시,초롱농장,산란계,10027,,경기도 김포시 대곶면 송마리 178번지,126.5701252000,37.6630150000,3000
김포시,코코스가든,산란계,10127,경기도 김포시 고촌읍 이화북로 212-27,경기도 김포시 고촌읍 태리 190번지,126.7457747000,37.6059656000,1200
김포시,태경농장,산란계,10024,경기도 김포시 월곶면 김포대로2659번길 71-88,경기도 김포시 월곶면 군하리 323번지 30호,126.5523118000,37.7056717000,40000
김포시,태원농장,육계,10055,경기도 김포시 양촌읍 김포한강4로278번길 179,경기도 김포시 양촌읍 석모리 131번지 2호,126.6537771000,37.6581838000,35000
김포시,포내농장,산란계,10020,경기도 김포시 월곶면 김포대로2970번길 117-36,경기도 김포시 월곶면 포내리 106번지 10호,126.5424291000,37.7285898000,63000
김포시,포내농장,산란계,10020,,경기도 김포시 월곶면 포내리 14번지 5호,126.5307303000,37.7291742000,20000
김포시,푸른농장,산란계,,,경기도 김포시 통진읍 가현리,126.5843893000,37.6820137000,12000
김포시,풍진농장,산란계,10042,,경기도 김포시 대곶면 약암리 808번지,126.5603174000,37.6217415000,15000
김포시,하나농장,육계,10041,,경기도 김포시 대곶면 대명리 208번지,126.5477331000,37.6532904000,38000
김포시,하늘농장,산란계,10008,경기도 김포시 하성면 가금로 372-119,경기도 김포시 하성면 양택리 104번지,126.6173064000,37.7352282000,2500
김포시,하림농장,산란계,10050,경기도 김포시 대곶면 약암로 598-50,경기도 김포시 대곶면 대벽리 1164번지,126.5587876000,37.6123296000,40
김포시,하성농장,산란계,10013,경기도 김포시 하성면 하성로196번길 83,경기도 김포시 하성면 봉성리 65번지 3호,126.6377227000,37.6920654000,15000
김포시,학운농장,육계,10047,,경기도 김포시 양촌읍 학운리 399번지,126.6030093000,37.6259933000,25000
김포시,한우리농장,산란계,10033,경기도 김포시 통진읍 율마로276번길 45-1,경기도 김포시 통진읍 가현리 798번지 1호,126.6010657000,37.6755667000,140000
김포시,한우리농장,산란계,10050,경기도 김포시 대곶면 천호로116번길 133,경기도 김포시 대곶면 대벽리 1102번지,126.5688730000,37.6133222000,1500
김포시,향산리농장,산란계,10094,경기도 김포시 고촌읍 금파로319번길 81,경기도 김포시 고촌읍 향산리 810번지,126.7357949000,37.6256928000,520
김포시,호은농장,육계,10005,경기도 김포시 하성면 하성로 873-95,경기도 김포시 하성면 마조리 325번지,126.6283856000,37.7495890000,35000
김포시,효운농장,육계,10045,,경기도 김포시 양촌읍 유현리 444번지 1호,126.6153904000,37.6347379000,35000
김포시,희망농장,육계,,,경기도 김포시 마산동 422번지,126.6454481000,37.6344364000,20000
남양주시,가족농장,육계,12201,,경기도 남양주시 와부읍 율석리 832번지 4호,127.2095866000,37.6033708000,
남양주시,거북농장,육계,,,경기도 남양주시 삼패동 산 12번지,127.1915412000,37.6146091000,
남양주시,경인농장,산란계,,,경기도 남양주시 평내동 산 2번지 19호,127.2359001000,37.6491272000,
남양주시,경춘목장,산란계,12278,경기도 남양주시 조안면 재재기로 583,"경기도 남양주시 조안면 삼봉리 680번지 ,690",127.3249052000,37.5907601000,
남양주시,계림농장,산란계,,,경기도 남양주시 오남읍 오남리 765번지 4호,127.2022457000,37.6956336000,
남양주시,고센영농조합법인,육계,12202,경기도 남양주시 와부읍 수레로640번길 85,"경기도 남양주시 와부읍 월문리 83번지 3호 ,83-13",127.2792212000,37.6158419000,
남양주시,근영농장,육계,12073,경기도 남양주시 진접읍 금강로유연들3길 26,경기도 남양주시 진접읍 내각리 33번지 1호,127.1780851000,37.7059610000,
남양주시,내곡농장,육계,12075,경기도 남양주시 진접읍 금강로846번길 27,"경기도 남양주시 진접읍 내곡리 468번지 7호 (,468-11)",127.1576443000,37.6757172000,
남양주시,다산농장,산란계,12247,,경기도 남양주시 진건읍 배양리 915번지 1호,127.1525389000,37.6339729000,
남양주시,달수농장,육계,12038,,"경기도 남양주시 오남읍 팔현리 399번지 9호 , 401번지",127.2464167000,37.6841625000,
남양주시,대성농장,육계,12030,,경기도 남양주시 수동면 입석리 218번지 1호,127.3399911000,37.7020505000,
남양주시,마리농장,산란계,12139,경기도 남양주시 진건읍 경춘북로669번길 21-19,경기도 남양주시 진건읍 진관리 689번지,127.1593390000,37.6514699000,
남양주시,모두와농장,산란계,12241,경기도 남양주시 진건읍 고재로191번길 126,경기도 남양주시 진건읍 배양리 231번지 4호,127.1839716000,37.6410826000,
남양주시,반디 마을,산란계,12028,,경기도 남양주시 수동면 지둔리 550번지,127.2940426000,37.7161918000,
남양주시,밤골농원,육계,12026,경기도 남양주시 수동면 비룡로1270번길 42,경기도 남양주시 수동면 내방리 64번지 1호,127.2935966000,37.7384915000,
남양주시,부일농장,육계,12247,경기도 남양주시 진건읍 고재로9번길 17,경기도 남양주시 진건읍 배양리 471번지,127.1667550000,37.6382787000,
남양주시,석불산농장,육계,,,경기도 남양주시 이패동 산 19번지 10호,127.1915412000,37.6146091000,
남양주시,세원농장,산란계,12245,경기도 남양주시 경강로 154,경기도 남양주시 이패동 562번지 8호,127.1864495000,37.6074454000,
남양주시,세종농장,산란계,12200,,"경기도 남양주시 화도읍 차산리 552번지 3호 ,537-4,553",127.3042943000,37.6178438000,
남양주시,송원농장,육계,,,경기도 남양주시 진건읍 진관리 516번지 2호,127.1566786000,37.6581947000,
남양주시,시골닭집,육계,12076,,경기도 남양주시 별내면 용암리 산 2번지 10호,127.1282569000,37.7193136000,
남양주시,싸리농장,육계,12202,경기도 남양주시 와부읍 수레로 565-3,경기도 남양주시 와부읍 월문리 256번지,127.2646640000,37.6117847000,
남양주시,씨앤비협동조합 남양주 실습장,육계,,,경기도 남양주시 퇴계원면 퇴계원리 산 4번지 3호,127.1412963000,37.6561505000,
남양주시,옛날집,육계,12075,,"경기도 남양주시 진접읍 내곡리 산 53번지 5호 (,384-1)",127.1477566000,37.6799102000,
남양주시,오남토종닭농장,산란계,12041,경기도 남양주시 오남읍 진건오남로667번길 64-19,경기도 남양주시 오남읍 오남리 702-1번지,127.2083573000,37.6916048000,
남양주시,옥토농장,육계,12241,경기도 남양주시 진건읍 양진로 221-52,경기도 남양주시 진건읍 배양리 433번지 1호,127.1745080000,37.6398083000,
남양주시,우리토종농장,산란계,12021,,경기도 남양주시 진접읍 진벌리 301번지 6호,127.2242767000,37.7377141000,
남양주시,운수농장,육계,12031,,"경기도 남양주시 수동면 운수리 165번지 1호 ,165-2",127.3287634000,37.7016586000,
남양주시,유인농장,산란계,12199,경기도 남양주시 화도읍 재재기로74번길 105-68,경기도 남양주시 화도읍 차산리 850번지,127.2893008000,37.6245033000,
남양주시,유정농장,육계,12090,,"경기도 남양주시 별내면 광전리 573번지 5호 ,7",127.1360636000,37.6767977000,
남양주시,윤덕농장,육계,,,경기도 남양주시 수동면 운수리 산 91번지 1호,127.3118403000,37.7059657000,
남양주시,지둔농장,육계,12028,경기도 남양주시 수동면 지둔로371번길 10-40,경기도 남양주시 수동면 지둔리 315번지,127.2987669000,37.7177747000,
남양주시,채율농장,산란계,12032,,경기도 남양주시 화도읍 가곡리 74번지 1호,127.3083244000,37.6892440000,
남양주시,초롱농장,산란계,12128,경기도 남양주시 진건읍 진건오남로277번길 47,경기도 남양주시 진건읍 용정리 205번지 2호,127.1892487000,37.6762751000,
남양주시,춘추농장,산란계,12077,,경기도 남양주시 별내면 청학리 85번지,127.1302620000,37.7112389000,
남양주시,태양농원,산란계,12199,경기도 남양주시 화도읍 재재기로71번길 44,경기도 남양주시 화도읍 차산리 183번지 13호,127.3033508000,37.6310634000,
남양주시,평화농장,육계,12247,경기도 남양주시 진건읍 일패로 189,경기도 남양주시 진건읍 배양리 555번지,127.1700587000,37.6311924000,
남양주시,하나농장,육계,12204,경기도 남양주시 와부읍 수레로 127-167,경기도 남양주시 와부읍 덕소리 258번지,127.2198669000,37.5948111000,
남양주시,한솔농원,산란계,12034,,"경기도 남양주시 수동면 송천리 428번지 ,428-1",127.3292949000,37.6909717000,
남양주시,한솔농장,산란계,12280,경기도 남양주시 조안면 북한강로 603,"경기도 남양주시 조안면 송촌리 954번지 ,산18",127.3198770000,37.5771780000,
남양주시,현대농장,산란계,12188,,경기도 남양주시 화도읍 답내리 475번지 5호,127.3407961000,37.6595318000,
동두천시,계룡농장,종계,11341,경기도 동두천시 삼육사로548번길 42,경기도 동두천시 상패동 1007,127.0123766316,37.9078576157,21000
동두천시,장양농장,산란계,11304,경기도 동두천시 안흥로 107-98,경기도 동두천시 안흥동 233-3,127.0397872898,37.9212940807,60000
동두천시,형제농장,산란계,11304,경기도 동두천시 안흥로 46-25,경기도 동두천시 안흥동 49,127.0431460077,37.9280499380,0
성남시,재철농장,육계,13546,경기도 성남시 분당구 벌장투리로24번길 15-23,경기도 성남시 분당구 대장동 366,127.0614683605,37.3637553368,
안산시,갈매골농장,닭,15210,경기도 안산시 단원구 꽃우물길 103-55,경기도 안산시 단원구 화정동 507(꽃우물길 103-55),126.8273764228,37.3615042297,100
안산시,강기영,꿩,15645,,경기도 안산시 단원구 대부북동 253-2(새방죽1길 100),126.5823521296,37.2454846698,50
안산시,강대식,닭,15208,경기도 안산시 상록구 장하로 13,경기도 안산시 상록구 양상동 252-1(장하로 13),126.8519661395,37.3423375268,20
안산시,강석대,꿩,15645,,경기도 안산시 단원구 대부북동 253-4(새방죽1길 100),126.5823521296,37.2454846698,300
안산시,고은정,닭,15207,경기도 안산시 상록구 새말1길 60,경기도 안산시 상록구 장상동 494-3(새말1길 60),126.8658486130,37.3475622954,85
안산시,권익,닭,15201,경기도 안산시 상록구 산신길 45-11,경기도 안산시 상록구 장상동 154 (산신길 45-11),126.8794893133,37.3568667776,28
안산시,김상희,닭,15645,,경기도 안산시 단원구 대부북동 253(새방죽1길 40),126.5823521296,37.2454846698,150
안산시,김수자,닭,15398,,경기도 안산시 단원구 신길동 216-411(터진목길 120-5),126.7681897116,37.3410026485,20
안산시,김진덕,닭,15208,,경기도 안산시 상록구 양상동 159-17(오리골길 15-1),126.8414370119,37.3476666521,30
안산시,김한호,닭,15519,경기도 안산시 상록구 수리실고개길 1-26,경기도 안산시 상록구 팔곡일동 12-21(수리실고개길1-26),126.8876791324,37.3156444607,15
안산시,남궁연옥,닭,15524,,경기도 안산시 상록구 사사동 316(사사안골3길 20),126.9168694584,37.2905127120,14
안산시,남천희,"닭, 관상조류",15203,경기도 안산시 상록구 수인로 2087-36,경기도 안산시 상록구 수암동 73-2(수인로 2087-30),126.8734906977,37.3663930944,87
안산시,노성일,닭,,,경기도 안산시 단원구 화정동 165(너비울길97),126.8265770752,37.3557816036,25
안산시,대영농원,닭,15519,경기도 안산시 상록구 반월천북길 59-4,경기도 안산시 상록구 팔곡일동 312-3(반월천북길 59-4),126.8938750589,37.3060364279,500
안산시,도성기,닭,15644,경기도 안산시 단원구 동주길 20,경기도 안산시 단원구 대부동동 650-12(동주길 20),126.6028202583,37.2346801899,69
안산시,류기태,닭,15521,경기도 안산시 상록구 비석거리길 23,경기도 안산시 상록구 건건동 861-3(비석거리길 23),126.9064564158,37.3025063277,8
안산시,백암농원,닭,15647,경기도 안산시 단원구 한사위길 10,경기도 안산시 단원구 대부남동 1178-3(한사위길 10),126.5479352134,37.2280397289,60
안산시,삼덕,닭,15653,,경기도 안산시 단원구 대부남동 485-5(대남로 407),126.5694403438,37.2132353819,80
안산시,설춘길,닭,15643,경기도 안산시 단원구 대부황금로 659-32,경기도 안산시 단원구 대부동동 79-29(대부황금로 659-32),126.6199621870,37.2343223817,20
안산시,성원농장,닭,15524,,경기도 안산시 상록구 사사동 318,126.9176809305,37.2909548012,15
안산시,신윤성,닭,15644,경기도 안산시 단원구 솔따배기길 125-3,경기도 안산시 단원구 대부동동 596-1(솔따배기길 125-3),126.6015440622,37.2394603284,30
안산시,안두승,닭,,,경기도 안산시 상록구 사사동 346,126.9209823547,37.2935971344,40
안산시,안치형,닭,15201,경기도 안산시 상록구 양달말길 79-2,경기도 안산시 상록구 장상동 312-3,126.8795750598,37.3527492288,20
안산시,우리,닭,15200,경기도 안산시 상록구 지장골길 51-21,경기도 안산시 상록구 수암동 16(지장골길 51-21),126.8809557343,37.3713926360,5
안산시,유병식,닭,15399,경기도 안산시 단원구 노송길 38-15,경기도 안산시 단원구 신길동 37-2(노송길 38-15),126.7820000038,37.3379747934,5
안산시,유수형,닭,15301,경기도 안산시 상록구 만수동천길 22-14,경기도 안산시 상록구 부곡동 248(만수동천길 22-14),126.8737708217,37.3412550813,11
안산시,이규호,닭,15653,,경기도 안산시 단원구 대부남동 964(고랫부리길 15-5),126.5648566105,37.2110380277,8
안산시,이기풍,닭,15519,경기도 안산시 상록구 능앞길 69-1,경기도 안산시 상록구 팔곡일동 340-2(능앞길 69-1),126.8924874488,37.3061793052,23
안산시,이영희,꿩,15645,,경기도 안산시 단원구 대부북동 253-5(새방죽1길 100),126.5823521296,37.2454846698,300
안산시,이종진,닭,15201,경기도 안산시 상록구 산신길 42,경기도 안산시 상록구 장상동 146(산신길 42),126.8775701037,37.3570900137,2
안산시,이진우,닭,15519,경기도 안산시 상록구 목장길 36-6,경기도 안산시 상록구 팔곡일동 19-6(목장길 36-6),126.8844894491,37.3138122396,12
안산시,이창규,닭,15406,,경기도 안산시 단원구 신길동 539-2(죽재길106-34),126.7717242535,37.3328644200,100
안산시,이형구,닭,15653,경기도 안산시 단원구 장불길 37,경기도 안산시 단원구 대부남동 559-56(장불길 37),126.5592143352,37.2011237099,10
안산시,이혜정,꿩,15645,,경기도 안산시 단원구 대부북동 253-6(새방죽1길 100),126.5823521296,37.2454846698,8
안산시,임선빈,닭,15210,경기도 안산시 단원구 금화로 13-17,경기도 안산시 단원구 선부동 313(금화로 13-17),126.8192185145,37.3508869091,600
안산시,임수빈,닭,15523,,경기도 안산시 상록구 사사동 67-2(사사안골4길 51),126.9208690075,37.3045084540,50
안산시,임장록,닭,15642,경기도 안산시 단원구 당전길 39,경기도 안산시 단원구 대부동동 914(당전길 39),126.6005175284,37.2460073089,50
안산시,장인호,닭,15643,,경기도 안산시 단원구 대부동동 22(영전2길 40-22),126.6188757383,37.2441220458,7
안산시,장창진,닭,15521,,경기도 안산시 상록구 건건동 327-10(건건로163),126.9074566233,37.3143105301,7
안산시,전정애,꿩,15645,,경기도 안산시 단원구 대부북동 253-1(새방죽1길 100),126.5823521296,37.2454846698,15
안산시,정승영,닭,15208,,경기도 안산시 상록구 양상동 210(버대길 46-5),126.8509877285,37.3462556953,80
안산시,조문형,닭,15529,경기도 안산시 상록구 소학2길 9,경기도 안산시 상록구 팔곡이동 408-1(소학2길 9),126.8862427510,37.2961178962,11
안산시,조성화,닭,15651,,경기도 안산시 단원구 선감동 268-9,126.6385708223,37.2195140886,5
안산시,조영제,닭,15210,경기도 안산시 단원구 달미산길 89,경기도 안산시 단원구 선부동 242(달미산길 89),126.8139139758,37.3553656066,60
안산시,중부흥,닭,15649,경기도 안산시 단원구 수영목길 27-1,경기도 안산시 단원구 대부남동 110-1(수영목길 27-1),126.5933212369,37.2199609517,10
안산시,천병환,닭,15523,,경기도 안산시 상록구 사사동 40(사사안골길 71),126.9251555700,37.3041509378,28
안산시,최광순,닭,15523,,경기도 안산시 상록구 사사동 67-2(사사안골4길 51),126.9208690075,37.3045084540,8
안산시,최창균,닭,15522,,경기도 안산시 상록구 팔곡일동 369(능앞길 37),126.8929083270,37.3037559460,18
안산시,추용국,닭,15208,경기도 안산시 상록구 장하로 182-48,경기도 안산시 상록구 장하동 130(장하로 182-48),126.8631803073,37.3501721199,30
안산시,하늘바람,닭,,,경기도 안산시 상록구 건건동 318-1(건건로 137),126.9055400071,37.3134259681,79
안산시,해동농장,닭,15210,경기도 안산시 단원구 금화로 171,경기도 안산시 단원구 화정동 산 86-10(금화로 171),126.8284925314,37.3621095594,140
안산시,화정농장,닭,15209,경기도 안산시 단원구 꽃우물길 143,경기도 안산시 단원구 화정동 129(꽃우물길 143),126.8278238933,37.3583873858,30
안성시,NES농장,산란계,17527,경기도 안성시 일죽면 국동길 78-86,경기도 안성시 일죽면 능국리 7번지 1호,127.5022345000,37.1114922000,58000
안성시,NES농장2,산란계,17527,경기도 안성시 일죽면 국동길 78-64,경기도 안성시 일죽면 능국리 4번지 외 1필지(4-2),127.5001055000,37.1110957000,65000
안성시,강릉농장,육계,17533,,경기도 안성시 일죽면 금산리 134번지,127.5073551000,37.0726895000,55000
안성시,경기농장,산란계,17557,경기도 안성시 원곡면 기업단지로 237-30,경기도 안성시 원곡면 반제리 430번지 외1필지,127.1597457000,37.0158554000,30000
안성시,경남축산,육계,17555,경기도 안성시 원곡면 만세로 1286-7,경기도 안성시 원곡면 외가천리 142번지 25호,127.1393858000,37.0414888000,54000
안성시,경원농장,산란계,17512,경기도 안성시 삼죽면 월앙길 50-40,경기도 안성시 삼죽면 내장리 211번지,127.3988365000,37.0804089000,5000
안성시,계림농원,육계,17608,경기도 안성시 서운면 서미로 141-107,경기도 안성시 서운면 현매리 628번지 1호,127.2126609000,36.9305863000,50000
안성시,구수리 농장,육계,17600,,경기도 안성시 미양면 구수리 45번지 3호,127.2574632000,36.9731646000,140000
안성시,구오농장,육계,17606,경기도 안성시 서운면 신동촌길 68-21,경기도 안성시 서운면 신능리 141번지 1호,127.2742057000,36.9662794000,55000
안성시,금강농장,육계,17554,경기도 안성시 원곡면 천덕산로 524,경기도 안성시 원곡면 성주리 342번지 2호,127.1502762000,37.0872045000,45000
안성시,금강농장,육계,17604,경기도 안성시 미양면 양변길 145,경기도 안성시 미양면 강덕리 12번지 1호 외4필지,127.2315719000,36.9601157000,10000
안성시,금광농장,산란계,17534,경기도 안성시 금광면 사흥길 169-66,경기도 안성시 금광면 사흥리 118번지,127.3740085000,37.0025837000,50000
안성시,금평농장,육계,17533,경기도 안성시 일죽면 율동길 77-34,경기도 안성시 일죽면 금산리 50번지 8호,127.5102924000,37.0747404000,8000
안성시,나루농장,육계,17509,경기도 안성시 보개면 한사울길 212,경기도 안성시 보개면 적가리 199번지,127.2842037000,37.0527134000,55000
안성시,남풍농원,육계,17507,경기도 안성시 보개면 보개원삼로 910-2,경기도 안성시 보개면 남풍리 944번지 1호,127.3081191000,37.0788479000,500
안성시,농업회사법인 골드아이(유),산란계,17527,경기도 안성시 일죽면 서동대로 7626-29,경기도 안성시 일죽면 능국리 310번지 1호,127.4887411000,37.1003213000,590000
안성시,농업회사법인(주)알로팜 명당지점,산란계,17542,경기도 안성시 대덕면 만세로 388,경기도 안성시 대덕면 명당리 173번지 1호,127.2127141000,37.0440489000,450000
안성시,농업회사법인유한회사에이치비씨,육계,17596,경기도 안성시 발화대길 301-52,경기도 안성시 중리동 79번지 6호,127.2889601000,36.9810313000,63358
안성시,다나농장,산란계,17551,경기도 안성시 공도읍 기업단지로 292-4,경기도 안성시 공도읍 용두리 382번지 9호,127.1668246000,37.0158008000,40000
안성시,다현농장,산란계,17564,경기도 안성시 공도읍 진건중길 125,경기도 안성시 공도읍 진사리 103번지 5호,127.1371064000,36.9853820000,4000
안성시,대성농장,육계,17533,경기도 안성시 일죽면 율동길 53-17,경기도 안성시 일죽면 금산리 130번지,127.5068212000,37.0735748000,60000
안성시,덕수농장,산란계,17607,,경기도 안성시 서운면 신촌리 280번지 5호,127.2625444000,36.9349751000,55000
안성시,도란도란,산란계,17507,경기도 안성시 보개면 가재울길 100-23,경기도 안성시 보개면 남풍리 732번지,127.3120623000,37.0639883000,80000
안성시,동남농원,육계,17529,경기도 안성시 일죽면 서동대로 7410,"경기도 안성시 일죽면 송천리 478번지 외5필지(473,474,475,475-1,476)",127.4701330000,37.0907909000,2000
안성시,동신농장,산란계,17510,경기도 안성시 보개면 동문이길 57,경기도 안성시 보개면 동신리 655번지,127.2948723000,36.9998312000,40000
안성시,두교농장,육계,17524,경기도 안성시 죽산면 용대길 70-5,경기도 안성시 죽산면 두교리 103번지,127.4468270000,37.0153631000,40000
안성시,두메농장,산란계,17528,,경기도 안성시 일죽면 산북리 104번지 1호 외 9필지,127.5126597000,37.0856870000,310000
안성시,드림팜,육계,17603,경기도 안성시 미양면 서미로 257,"경기도 안성시 미양면 법전리 55번지 외 2필지(52번지, 52-1번지)",127.2144673000,36.9466133000,90000
안성시,만우농장,육계,17509,경기도 안성시 보개면 한사울길 212,경기도 안성시 보개면 적가리 194번지,127.2845083000,37.0529920000,30000
안성시,명근농장,산란계,17501,경기도 안성시 양성면 양성로 519-65,경기도 안성시 양성면 장서리 407번지 9호,127.2041592000,37.0948744000,35000
안성시,민호농장,육계,17540,경기도 안성시 대덕면 한사울길 167,경기도 안성시 대덕면 삼한리 117번지,127.2818683000,37.0565754000,35000
안성시,부강농장,산란계,17551,경기도 안성시 공도읍 기업단지로 276,경기도 안성시 공도읍 용두리 382번지 12호,127.1661925000,37.0144410000,33000
안성시,부원농장,육계,17607,경기도 안성시 서운면 동양촌1길 27-62,경기도 안성시 서운면 양촌리 120번지,127.2787667000,36.9450036000,50000
안성시,북좌농장,육계,17508,경기도 안성시 보개면 보개산로 276,경기도 안성시 보개면 북좌리 50번지,127.3349822000,37.0419676000,20000
안성시,사오농장,육계,17507,경기도 안성시 보개면 남풍길 223,경기도 안성시 보개면 남풍리 243번지,127.3243971000,37.0667668000,100000
안성시,사오농장,육계,17507,경기도 안성시 보개면 남풍길 223,경기도 안성시 보개면 남풍리 243번지,127.3243971000,37.0667668000,48000
안성시,산아리농장,육계,,,경기도 안성시 죽산면 용설리 산 74번지,127.4395227000,37.0682641000,15000
안성시,삼학농장,산란계,17532,,경기도 안성시 일죽면 화봉리 191번지,127.4819081000,37.0638025000,45000
안성시,삼한농장,육계,17540,,경기도 안성시 대덕면 삼한리 593번지,127.2735991000,37.0612710000,45000
안성시,삼흥농장,육계,17534,경기도 안성시 금광면 조령길 73-50,경기도 안성시 금광면 삼흥리 562번지,127.3715064000,37.0265237000,42000
안성시,상록농장,육계,17537,경기도 안성시 금광면 현곡길 67-9,"경기도 안성시 금광면 현곡리 137번지 외 2필지(141, 142)",127.3484781000,36.9815578000,66500
안성시,상수리숲농장,산란계,,,경기도 안성시 양성면 방신리 산 36번지 2호,127.1841175000,37.0393295000,400
안성시,상원농장,산란계,17607,,경기도 안성시 서운면 신촌리 11번지,127.2587411000,36.9422550000,60000
안성시,서가농장,육계,17521,,경기도 안성시 죽산면 두현리 327번지,127.4055225000,37.0644919000,56051
안성시,서부농장,산란계,17554,경기도 안성시 원곡면 천덕산로 531-21,경기도 안성시 원곡면 성주리 278번지,127.1523602000,37.0888419000,38000
안성시,서운농장,산란계,17607,경기도 안성시 서운면 서운로 229,경기도 안성시 서운면 신촌리 280번지 2호 외 1필지,127.2621041000,36.9342011000,250000
안성시,석우농장,육계,17508,,경기도 안성시 보개면 양복리 696번지 외2필지,127.3114250000,37.0121069000,50000
안성시,석찬 농장,육계,17505,경기도 안성시 고삼면 범골길 67-22,경기도 안성시 고삼면 신창리 362번지,127.2426554000,37.0749075000,50000
안성시,선일농장,육계,17534,경기도 안성시 금광면 사흥길 169-44,경기도 안성시 금광면 사흥리 131번지 1호,127.3729778000,37.0008569000,85000
안성시,성공농장,육계,17608,경기도 안성시 서운면 매향길 122,경기도 안성시 서운면 현매리 116번지 2호,127.2302449000,36.9405289000,40000
안성시,성원농장,산란계,17558,경기도 안성시 공도읍 대신두길 69,경기도 안성시 공도읍 신두리 200번지 39호,127.1984367000,36.9951905000,50000
안성시,성은농장,육계,17608,경기도 안성시 서운면 안성맞춤대로 209,경기도 안성시 서운면 송산리 211번지 1호,127.2363218000,36.9418056000,4000
안성시,세원농장,산란계,17551,,경기도 안성시 공도읍 용두리 378번지 2호,127.1653860000,37.0156586000,3000
안성시,세진농장,육계,17508,경기도 안성시 보개면 남사당로 340-56,경기도 안성시 보개면 오두리 255번지 3호,127.3151231000,37.0426613000,35000
안성시,송숙농장,육계,17540,,경기도 안성시 대덕면 삼한리 499번지 1호,127.2768994000,37.0597947000,40000
안성시,송표농장,육계,17607,경기도 안성시 서운면 동양촌1길 27-50,경기도 안성시 서운면 양촌리 117번지,127.2772427000,36.9457820000,35000
안성시,수지 토종농장,육계,,,경기도 안성시 일죽면 신흥리 산 11번지 1호,127.4708242000,37.1080883000,1000
안성시,수지농장,육계,17601,경기도 안성시 미양면 미양로 271-106,경기도 안성시 미양면 정동리 504번지 4호 외1필지(정동리 505-5),127.1956042000,36.9767503000,130000
안성시,수지농장,육계,17541,,경기도 안성시 대덕면 보동리 684번지,127.2476038000,37.0540199000,50000
안성시,수한농장,육계,,,경기도 안성시 양성면 장서리 55번지 1호,127.2237695000,37.0964254000,8000
안성시,승애농장,산란계,17551,경기도 안성시 공도읍 용머리큰길 34-55,경기도 안성시 공도읍 용두리 399번지 1호,127.1632982000,37.0113543000,50000
안성시,시은농장,육계,17508,,"경기도 안성시 보개면 내방리 19번지 , 22-1번지",127.3130132000,37.0268802000,40000
안성시,시헌농장,산란계,17509,경기도 안성시 보개면 이전봉산길 29-45,경기도 안성시 보개면 적가리 161번지 1호,127.2904814000,37.0539328000,150000
안성시,아리농장,육계,17606,,경기도 안성시 서운면 신기리 236번지,127.2738486000,36.9542239000,85000
안성시,안성농장,산란계,17507,,경기도 안성시 보개면 이전리 274번지,127.2869861000,37.0602396000,8000
안성시,안성마춤육계영농조합법인,육계,17540,경기도 안성시 대덕면 안성맞춤대로 1594,경기도 안성시 대덕면 진현리 378번지 2호,127.2591485000,37.0537162000,40000
안성시,안성목장,산란계,,,경기도 안성시 공도읍 신두리 산 54번지,127.2011049000,36.9974298000,8000
안성시,야곱농장,육계,17540,경기도 안성시 대덕면 미륵로 137,경기도 안성시 대덕면 진현리 6번지 2호,127.2677594000,37.0599867000,100
안성시,연일 농장,산란계,17604,경기도 안성시 미양면 강덕2길 22,경기도 안성시 미양면 강덕리 256번지,127.2242690000,36.9469468000,12000
안성시,열심농장,육계,17601,경기도 안성시 미양면 미양로 271-98,경기도 안성시 미양면 정동리 504번지 15호,127.1966386000,36.9771901000,80000
안성시,영배농장,산란계,17503,,경기도 안성시 양성면 명목리 139번지,127.1987756000,37.0309623000,13000
안성시,영심농장,산란계,17517,경기도 안성시 삼죽면 신미1길 53-6,경기도 안성시 삼죽면 미장리 170번지,127.3642551000,37.0401881000,80000
안성시,영윤농장,육계,17501,경기도 안성시 양성면 양성로 614,경기도 안성시 양성면 장서리 320번지,127.2128747000,37.1064018000,1000
안성시,오두리 농장,육계,17508,경기도 안성시 보개면 남사당로 340-50,경기도 안성시 보개면 오두리 255번지 5호,127.3143716000,37.0430507000,45000
안성시,오림농장,산란계,17509,경기도 안성시 보개면 보개원삼로 575-12,경기도 안성시 보개면 적가리 159번지,127.2913167000,37.0548228000,100000
안성시,오성농장,산란계,17553,,경기도 안성시 원곡면 지문리 24번지 1호,127.1433868000,37.0472690000,8000
안성시,완기농장,산란계,17503,,경기도 안성시 양성면 삼암리 474번지 6호,127.2059955000,37.0284362000,46
안성시,완호농장,육계,17509,경기도 안성시 보개면 보개원삼로 397-16,경기도 안성시 보개면 기좌리 275번지,127.2887611000,37.0388802000,30000
안성시,용단농장,육계,17507,경기도 안성시 보개면 삼은길 316,경기도 안성시 보개면 남풍리 1223번지 2호,127.3037906000,37.0791564000,30000
안성시,용마농장,육계,,,경기도 안성시 서운면 신기리 산 43번지,127.2739907000,36.9594858000,350
안성시,원범농장,육계,17501,경기도 안성시 양성면 상장서길 47,경기도 안성시 양성면 장서리 175번지,127.2167383000,37.1041242000,40000
안성시,유신농장,육계,17529,,경기도 안성시 일죽면 송천리 473번지 0호,127.4700804000,37.0895477000,4500
안성시,유원농장,육계,17562,경기도 안성시 공도읍 정봉길 31,경기도 안성시 공도읍 승두리 7번지 1호,127.1743317000,36.9962190000,32000
안성시,유화농장,산란계,17510,경기도 안성시 보개면 동문이길 57,경기도 안성시 보개면 동신리 655번지,127.2948723000,36.9998312000,50000
안성시,육계농장,육계,17508,,경기도 안성시 보개면 상삼리 54번지 2호,127.3306713000,37.0223004000,50000
안성시,이삼농장,산란계,17511,경기도 안성시 삼죽면 품곡길 158-14,경기도 안성시 삼죽면 율곡리 905번지 2호,127.3574466000,37.0988222000,58000
안성시,일월농장,육계,17530,,경기도 안성시 일죽면 월정리 1423번지,127.4437468000,37.0909099000,41000
안성시,일죽 농장,산란계,17531,경기도 안성시 일죽면 장암로 24-72,경기도 안성시 일죽면 장암리 35번지 3호,127.4699145000,37.0808532000,30000
안성시,장수농장,산란계,17554,,경기도 안성시 원곡면 성주리 123번지,127.1691576000,37.0860082000,16000
안성시,장수농장,산란계,17528,,경기도 안성시 일죽면 산북리 156번지,127.5070220000,37.0801336000,27000
안성시,장수농장,육계,17604,경기도 안성시 미양면 고지1길 131-52,경기도 안성시 미양면 고지리 69번지 4호,127.2217999000,36.9550611000,90000
안성시,재성농장,육계,,,경기도 안성시 미양면 고지리 산 93번지 1호,127.2152887000,36.9553612000,50000
안성시,재수농장,육계,17607,경기도 안성시 서운면 서운로 412,경기도 안성시 서운면 양촌리 297번지 1호,127.2594944000,36.9492818000,30000
안성시,정기농장,육계,17508,경기도 안성시 보개면 신곡길 20-11,경기도 안성시 보개면 신안리 92번지 2호,127.3162361000,37.0536333000,2000
안성시,정훈농장,산란계,17608,경기도 안성시 서운면 사갑1길 245,경기도 안성시 서운면 신흥리 265번지 1호,127.2402176000,36.9274798000,55000
안성시,정훈축산,산란계,17608,,경기도 안성시 서운면 신흥리 산 25번지,127.2451158000,36.9218652000,55000
안성시,조아라 한약닭 농장,육계,17516,경기도 안성시 삼죽면 진촌진말길 29,경기도 안성시 삼죽면 진촌리 511번지 2호,127.3608935000,37.0519931000,20000
안성시,종영농장,육계,17538,경기도 안성시 금광면 장재동길 56-46,경기도 안성시 금광면 장죽리 330번지,127.3175129000,36.9625052000,100
안성시,주주농축산,육계,17526,경기도 안성시 일죽면 선유동길 30-2,경기도 안성시 일죽면 신흥리 865번지 1호,127.4684913000,37.1239558000,85000
안성시,준 농장,육계,17604,경기도 안성시 미양면 서변1길 55-24,경기도 안성시 미양면 강덕리 154번지 2호,127.2361878000,36.9493930000,50000
안성시,중대농장,산란계,17509,,경기도 안성시 보개면 불현리 산 119번지 1호,127.2875107000,37.0260881000,2000
안성시,지현농장,산란계,17536,경기도 안성시 금광면 구송동길 58,경기도 안성시 금광면 내우리 103번지 2호,127.3044225000,36.9972483000,300
안성시,진촌 농장,산란계,17564,경기도 안성시 공도읍 진건중길 114-6,경기도 안성시 공도읍 진사리 112번지 4호,127.1368059000,36.9869412000,13500
안성시,천일농장,육계,17509,경기도 안성시 보개면 곡천길 51-61,경기도 안성시 보개면 곡천리 118번지,127.2928710000,37.0289676000,30000
안성시,천호농장,육계,,,경기도 안성시 보개면 구사리 산 35번지 1호,127.3010009000,37.0301098000,40000
안성시,청산농장,산란계,17548,경기도 안성시 공도읍 문터길 87,경기도 안성시 공도읍 마정리 433번지 2호,127.1938251000,37.0153279000,100000
안성시,청원농장,산란계,17508,경기도 안성시 보개면 보개산로 291-44,경기도 안성시 보개면 북좌리 11번지,127.3375887000,37.0467990000,15000
안성시,태양농장,육계,17508,경기도 안성시 보개면 내방상삼로 168-32,경기도 안성시 보개면 상삼리 872번지 5호 외1 필지,127.3300074000,37.0273572000,29820
안성시,텃골축산,산란계,17531,경기도 안성시 일죽면 장암로 24-72,경기도 안성시 일죽면 장암리 411번지 27호 외 3필지,127.4665508000,37.0806592000,150000
안성시,판기농장,산란계,17564,경기도 안성시 공도읍 진건중길 102,경기도 안성시 공도읍 진사리 115번지 1호,127.1378294000,36.9876879000,13000
안성시,팔봉농장,육계,17531,경기도 안성시 일죽면 장암초교길 123-14,경기도 안성시 일죽면 장암리 438번지 3호,127.4584117000,37.0755457000,40000
안성시,팔상농장,육계,17526,경기도 안성시 일죽면 지내동길 84-1,경기도 안성시 일죽면 신흥리 540번지,127.4753195000,37.1145670000,30000
안성시,한다리농장,육계,17525,경기도 안성시 일죽면 한다리길 94-16,경기도 안성시 일죽면 방초리 1005번지 14호,127.4173559000,37.1190998000,70000
안성시,한미농장,산란계,17604,경기도 안성시 미양면 서미로 452-58,경기도 안성시 미양면 강덕리 50번지,127.2218567000,36.9631076000,1400
안성시,한신농장,육계,17531,경기도 안성시 일죽면 용설로 17-35,경기도 안성시 일죽면 죽림리 739번지,127.4409452000,37.0790175000,53000
안성시,한울농장,육계,17508,경기도 안성시 보개면 남사당로 429-57,경기도 안성시 보개면 신안리 336번지 2호 외 1(보개면 오두리 86),127.3079300000,37.0512941000,35000
안성시,해샘찬농장,산란계,17557,경기도 안성시 원곡면 원당로 243-40,경기도 안성시 원곡면 반제리 150번지,127.1650831000,37.0317430000,20000
안성시,현풍농장,육계,17507,경기도 안성시 보개면 남풍길 15,경기도 안성시 보개면 남풍리 939번지,127.3091514000,37.0782686000,30000
안성시,혜림농장,산란계,17547,경기도 안성시 대덕면 신두만곡로 280-30,경기도 안성시 대덕면 죽리 680번지 1호,127.2047142000,36.9858900000,45000
안성시,혜성농장,육계,17509,경기도 안성시 보개면 이전봉산길 29-46,경기도 안성시 보개면 적가리 173번지,127.2882885000,37.0537668000,30000
안성시,호야2농장,육계,17505,경기도 안성시 고삼면 윗갈미길 65,경기도 안성시 고삼면 대갈리 293번지 2호,127.2473244000,37.0720687000,30000
안성시,호야농장,육계,17505,경기도 안성시 고삼면 신창길 229-11,경기도 안성시 고삼면 대갈리 648번지 4호,127.2496211000,37.0694329000,70000
안성시,효성1농장,육계,17507,경기도 안성시 보개면 이전봉산길 31-87,경기도 안성시 보개면 이전리 416번지 1호,127.2865933000,37.0574112000,60000
안성시,효원농장,육계,17600,경기도 안성시 미양면 협동단지길 158-68,경기도 안성시 미양면 보체리 316번지 5호 외 7필지,127.2387717000,36.9645259000,140000
안성시,효원농장,육계,17600,경기도 안성시 미양면 협동단지길 158-68,경기도 안성시 미양면 보체리 316번지 3호,127.2382680000,36.9650315000,140000
안성시,흥안농장,육계,17527,경기도 안성시 일죽면 노동길 73,경기도 안성시 일죽면 능국리 674번지,127.4883479000,37.1127393000,32000
양주시,경희농장,육계,11514,경기도 양주시 백석읍 양주산성로 625-42,경기도 양주시 백석읍 복지리 286번지 1호,126.9850479294,37.7844278780,30000
양주시,곡산농장,육계,11427,경기도 양주시 은현면 화합로941번길 62-18,경기도 양주시 은현면 선암리 76번지 1호,127.0293491466,37.8641056810,70000
양주시,관우농장,육계,11516,경기도 양주시 백석읍 양주산성로732번길 154,경기도 양주시 백석읍 가업리 24번지 1호,126.9793243463,37.7912830934,50000
양주시,관우제2농장,육계,11516,,경기도 양주시 백석읍 가업리 235번지 1호,126.9760782773,37.7887867720,20000
양주시,광승농장,육계,11409,경기도 양주시 남면 감악산로83번길 393-25,경기도 양주시 남면 상수리 524번지,126.9795159900,37.8676109781,100
양주시,금성농장,산란계,11426,경기도 양주시 은현면 은남로203번길 96-28,경기도 양주시 은현면 봉암리 84번지,127.0101582011,37.8966862259,30000
양주시,금성농장,육계,11494,경기도 양주시 만송로366번길 139,경기도 양주시 만송동 58번지 21호,127.0991752681,37.7888405782,81000
양주시,나리농장,육계,11426,경기도 양주시 은현면 은현로242번길 19,경기도 양주시 은현면 하패리 686번지 1호,127.0239245810,37.8905762481,35000
양주시,대연농장,육계,11475,,경기도 양주시 율정동 78번지 2호,127.1053452188,37.8174494258,33000
양주시,대풍농장,산란계,11413,경기도 양주시 남면 화합로430번길 330,경기도 양주시 남면 경신리 243번지 1호,126.9776799527,37.8527811642,50
양주시,도하 2농장,산란계,11431,,경기도 양주시 은현면 도하리 250번지,127.0110734050,37.8451436115,30000
양주시,도하농장,산란계,11431,경기도 양주시 은현면 그루고개로426번길 60-6,경기도 양주시 은현면 도하리 206번지,127.0119824171,37.8460264660,40000
양주시,두꺼비농장,육계,11489,,경기도 양주시 광사동 533번지 1호,127.0662634516,37.7750423075,400
양주시,두리농장,산란계,11426,경기도 양주시 은현면 은남로 160-74,경기도 양주시 은현면 봉암리 42번지 2호,127.0075656829,37.8913528368,20000
양주시,두영농장,산란계,11426,,경기도 양주시 은현면 봉암리 449번지,127.0059287519,37.8942178565,15000
양주시,만송농장,육계,11494,경기도 양주시 만송로367번길 115,경기도 양주시 만송동 210번지,127.0938138291,37.7956740227,30000
양주시,무궁화농장,산란계,11427,경기도 양주시 은현면 은현로56번길 127,경기도 양주시 은현면 선암리 367번지,127.0282964543,37.8762775608,70000
양주시,백산농장,육계,11424,경기도 양주시 광적면 부흥로230번길 262-46,경기도 양주시 광적면 비암리 96번지,126.9332775055,37.8022023875,15000
양주시,백석농장,육계,11504,경기도 양주시 백석읍 중앙로254번길 173-22,경기도 양주시 백석읍 오산리 211번지 2호,126.9858831597,37.8054471137,40000
양주시,살구골농장,육계,11432,경기도 양주시 은현면 삼일로342번길 116,경기도 양주시 은현면 도하리 623번지,126.9973487793,37.8475312561,500
양주시,삼일농장,산란계,11426,경기도 양주시 은현면 화합로691번길 83-66,경기도 양주시 은현면 운암리 440번지 1호,127.0103721394,37.8761629426,60000
양주시,삼형농장,산란계,11403,경기도 양주시 남면 은남로119번길 233,경기도 양주시 남면 한산리 26번지 3호,127.0035755053,37.9052452972,38000
양주시,서울농장,산란계,11426,경기도 양주시 은현면 은현로 138-77,경기도 양주시 은현면 하패리 625번지,127.0251272230,37.8826117735,39000
양주시,선암농장,산란계,11427,경기도 양주시 은현면 은현로56번길 127,경기도 양주시 은현면 선암리 366번지,127.0274326953,37.8764669404,100000
양주시,선태제2농장,육계,11516,경기도 양주시 백석읍 양주산성로800번길 158,경기도 양주시 백석읍 가업리 355번지 3호,126.9711024574,37.7966147739,20000
양주시,성규농장,산란계,11426,경기도 양주시 은현면 은현로257번길 20,경기도 양주시 은현면 하패리 888번지 5호,127.0207869788,37.8907479442,27000
양주시,성익목장,육계,11448,경기도 양주시 칠봉산로227번길 75-34,경기도 양주시 봉양동 633번지,127.0744768469,37.8528071518,7844
양주시,세바,산란계,11413,,경기도 양주시 남면 경신리 산 39번지,126.9789856067,37.8559707592,30000
양주시,세인농장,산란계,11432,경기도 양주시 은현면 그루고개로371번길 131-18,경기도 양주시 은현면 도하리 655번지 2호 외 2번지,127.0008255699,37.8431708186,20000
양주시,수원농장,산란계,11426,경기도 양주시 은현면 은남로203번길 118,경기도 양주시 은현면 봉암리 87번지,127.0086574950,37.8970737098,26000
양주시,승호농장,산란계,11426,,경기도 양주시 은현면 봉암리 11번지,127.0157640568,37.9014696940,60000
양주시,신춘추농장,산란계,11516,경기도 양주시 백석읍 중앙로223번길 162,경기도 양주시 백석읍 가업리 13번지 1호,126.9803226443,37.7938149531,150000
양주시,쌍알농장,산란계,11426,,경기도 양주시 은현면 봉암리 62번지,127.0073159158,37.8969926840,20000
양주시,씨알농장,산란계,11503,경기도 양주시 백석읍 권율로 1373-88,경기도 양주시 백석읍 오산리 산 8번지,126.9729599719,37.8078140273,8000
양주시,아태농장,산란계,11423,경기도 양주시 광적면 부흥로565번길 108-13,경기도 양주시 광적면 우고리 332번지,126.9596280036,37.8281712248,80
양주시,애정농장,육계,11405,경기도 양주시 남면 삼일로 834,경기도 양주시 남면 입암리 229번지,126.9949357488,37.8880822733,22000
양주시,양주바이오텍,산란계,11432,경기도 양주시 은현면 그루고개로143번길 368,경기도 양주시 은현면 도하리 691번지,126.9928502422,37.8425037128,54007
양주시,양주육계농장,육계,11406,경기도 양주시 남면 감악산로216번길 124,경기도 양주시 남면 구암리 2번지 1호,126.9839888038,37.8867746711,57000
양주시,에그콜,산란계,11426,경기도 양주시 남면 운하로99번길 345,경기도 양주시 남면 한산리 578번지 2호,127.0032115945,37.8928574870,45000
양주시,에그트리,산란계,11414,경기도 양주시 광적면 삼일로 266-13,경기도 양주시 광적면 석우리 6번지 3호,126.9906576689,37.8420260070,70000
양주시,영훈목장,육계,11426,경기도 양주시 은현면 운하로101번길 122,경기도 양주시 은현면 운암리 386번지,127.0097364164,37.8845506828,35050
양주시,영흥농장,산란계,11403,경기도 양주시 남면 은남로119번길 241-25,경기도 양주시 남면 한산리 25번지 1호,127.0024611962,37.9047407772,48000
양주시,월암농장,육계,11503,경기도 양주시 백석읍 연곡로 30,경기도 양주시 백석읍 오산리 704번지 1호,126.9695542392,37.8057229183,50000
양주시,유천1농장,산란계,11431,경기도 양주시 은현면 그루고개로384번길 11-13,경기도 양주시 은현면 도하리 243번지,127.0105393924,37.8448373278,65000
양주시,유한농장,산란계,11429,경기도 양주시 은현면 화합로1080번길 92-63,경기도 양주시 은현면 용암리 850번지,127.0274814777,37.8522497412,30000
양주시,은혜2농장,육계,11426,,경기도 양주시 은현면 하패리 243번지 1호,127.0376193854,37.8821312561,30000
양주시,은혜농장,육계,11426,경기도 양주시 은현면 화합로788번길 190,경기도 양주시 은현면 운암리 516번지 2호,127.0120187752,37.8644686746,10000
양주시,이강농장,육계,11489,경기도 양주시 부흥로 1896,경기도 양주시 광사동 182번지,127.0748947150,37.7917319424,30
양주시,이천농장,산란계,11517,경기도 양주시 백석읍 양주산성로 864-8,경기도 양주시 백석읍 홍죽리 340번지 18호,126.9660737975,37.7943969786,35000
양주시,이화팜,산란계,11403,경기도 양주시 남면 삼육사로 286-99,경기도 양주시 남면 한산리 555번지 119호,126.9942637051,37.8995510976,30000
양주시,장수축산농장,산란계,11413,경기도 양주시 남면 화합로430번길 387,경기도 양주시 남면 경신리 205번지,126.9787360832,37.8545562349,88080
양주시,종인농장,육계,11485,경기도 양주시 삼숭로129번길 76,경기도 양주시 삼숭동 572번지 1호,127.0938461025,37.8034761971,20000
양주시,주식회사 해원,산란계,11504,경기도 양주시 백석읍 권율로1398번길 160-54,경기도 양주시 백석읍 오산리 422번지 1호,126.9804339942,37.8010315632,14000
양주시,준준농장,육계,11427,경기도 양주시 은현면 은현로 73-84,경기도 양주시 은현면 선암리 342번지 32호,127.0219883587,37.8765760616,27000
양주시,진흥농장,육계,11510,경기도 양주시 백석읍 중앙로 159-19,경기도 양주시 백석읍 복지리 188번지 2호,126.9943216235,37.7921140109,45000
양주시,춘추농장,산란계,11516,,경기도 양주시 백석읍 가업리 13번지 3호,126.9807425895,37.7942564973,54000
양주시,칠성농장,산란계,11448,경기도 양주시 칠봉산로314번길 122-34,경기도 양주시 봉양동 428번지 7호,127.0784520757,37.8623365919,22000
양주시,태양농장,산란계,11426,경기도 양주시 은현면 은현로312번길 121-213,경기도 양주시 은현면 하패리 804번지 1호,127.0211526027,37.8981895902,90000
양주시,한산농장,산란계,11404,경기도 양주시 남면 삼육사로194번길 126,경기도 양주시 남면 신산리 141번지 2호,126.9837707560,37.8947478932,28000
양주시,한영농장,육계,11429,경기도 양주시 은현면 화합로1094번길 76-7,경기도 양주시 은현면 용암리 769번지,127.0348424843,37.8480315783,25000
양주시,홍일농장,육계,11516,경기도 양주시 백석읍 양주산성로732번길 69-29,경기도 양주시 백석읍 가업리 258번지,126.9751020731,37.7884531948,50000
양주시,훈종농장,육계,11426,경기도 양주시 은현면 운하로 422-11,경기도 양주시 은현면 하패리 546번지,127.0344280164,37.8885828406,18000
양평군,가나안농장,육계,10256,경기도 고양시 일산동구 지영로148번길 39,경기도 고양시 일산동구 지영동 736번지,126.8250892675,37.7123449101,42000
양평군,강O석,육계,10208,경기도 고양시 일산서구 가좌로140번길 29,경기도 고양시 일산서구 가좌동 951번지,126.7141660096,37.6853219204,30000
양평군,고송농장,육계,10437,경기도 고양시 덕양구 양곡1길 121-43,경기도 고양시 덕양구 행주외동 292번지,126.8112407967,37.6113878803,30000
양평군,구구농장,육계,10389,,경기도 고양시 일산서구 법곳동 192번지 3호,126.7290487847,37.6644100102,25000
양평군,국수농장,육계,10265,,경기도 고양시 덕양구 관산동 605번지 13호,126.8675380965,37.7125994897,50000
양평군,금산농장,육계,10259,경기도 고양시 일산동구 사리현로 129,경기도 고양시 일산동구 사리현동 611,126.8332350186,37.6911572959,25040
양평군,김O래,육계,12534,경기도 양평군 양동면 양동로 1031,경기도 양평군 양동면 금왕리 464-1,127.7296537000,37.4783951000,40000
양평군,김O복,육계,10228,,경기도 고양시 일산서구 덕이동 산 175번지,126.7400160519,37.7040142401,35000
양평군,김O연,육계,12540,,경기도 양평군 양동면 삼산리 119번지 5호,127.7646174000,37.4234313000,22000
양평군,김O환,육계,12544,경기도 양평군 지평면 고재길 60,경기도 양평군 지평면 곡수리 517,127.6091681000,37.4246191000,40000
양평군,대아농장,산란계,12580,경기도 양평군 양서면 증동길 246,경기도 양평군 양서면 증동리 504-1,127.4185406000,37.5355170000,5500
양평군,마O완,육계,10261,,경기도 고양시 일산동구 사리현동 150번지,126.8497814602,37.6944053847,50000
양평군,민희농장,육계,10399,경기도 고양시 일산동구 장항로 360-75,경기도 고양시 일산동구 장항동 517번지 10호,126.7641608597,37.6501338908,38800
양평군,박O녀,육계,10455,경기도 고양시 덕양구 호국로 551-28,경기도 고양시 덕양구 화정동 810번지 1호,126.8237594127,37.6381304006,35000
양평군,벨라농장,육계,,,경기도 양평군 양동면 쌍학리 산 9번지 1호,127.7475970000,37.4181519000,12000
양평군,부일농장,육계,10425,경기도 고양시 일산서구 멱절길 45,경기도 고양시 일산서구 법곳동 267번지 6호,126.7277759428,37.6592084767,20000
양평군,브니엘,육계,10262,,경기도 고양시 덕양구 내유동 826번지 3호,126.8397351297,37.7257363105,28000
양평군,새벽농장,육계,12528,,경기도 양평군 단월면 향소리 91,127.6656271000,37.5584628000,80000
양평군,선진농장,육계,12541,경기도 양평군 지평면 지평햇골길 30,경기도 양평군 지평면 지평리 114,127.6436906000,37.4707567000,30000
양평군,세계치킨,육계,12548,경기도 양평군 양평읍 천변길74번길 10-10,경기도 양평군 양평읍 대흥리 317번지 1호 2필지,127.5465043000,37.4920836000,30000
양평군,송O자,육계,12532,,경기도 양평군 청운면 갈운리 93-1,127.7858706000,37.5299679000,28000
양평군,송현양계장,육계,10300,경기도 고양시 일산동구 백마로502번길 89-11,경기도 고양시 일산동구 풍동 1012번지,126.8037075606,37.6587124245,70000
양평군,수라네농장,육계,10229,경기도 고양시 일산서구 미래로 276-7,경기도 고양시 일산서구 덕이동 646번지 1호,126.7473550357,37.7033726718,45000
양평군,수르메기농장,산란계,12579,,경기도 양평군 양서면 목왕리 439-1,127.3744892000,37.5548997000,2000
양평군,신복농장,육계,10207,경기도 고양시 일산서구 구산로54번길 172-8,경기도 고양시 일산서구 구산동 1090번지,126.7101316266,37.6878166479,40000
양평군,신지농장,육계,10554,경기도 고양시 덕양구 흥도로70번길 117-40,경기도 고양시 덕양구 도내동 224번지 3호,126.8693389570,37.6190271037,35000
양평군,아름다운농장,육계,10224,경기도 고양시 일산서구 송산로 554-6,경기도 고양시 일산서구 덕이동 901번지,126.7383845565,37.6908475607,30000
양평군,아리농장,육계,12530,,경기도 양평군 청운면 용두리 49번지 외 1필지,127.7331535000,37.5417479000,53950
양평군,안흥농장,육계,12575,경기도 양평군 강하면 전의6길 18,경기도 양평군 강하면 전수리 559-18,127.4223984000,37.5011037000,32000
양평군,양O일,육계,12541,,경기도 양평군 지평면 월산리 174-4,127.6629047000,37.4845531000,50000
양평군,양동농장,산란계,12539,경기도 양평군 양동면 지두독길 48-1,경기도 양평군 양동면 쌍학리 61-2,127.7556226000,37.4073974000,8400
양평군,엄지농장,육계,10203,경기도 고양시 일산서구 법곳길 306-54,경기도 고양시 일산서구 법곳동 1317번지,126.7081666578,37.6715403708,30000
양평군,에코농원,육계,12532,경기도 양평군 청운면 경강로 4977-39,경기도 양평군 청운면 갈운리 185번지,127.7794515000,37.5415246000,30000
양평군,영산농장,육계,10437,경기도 고양시 덕양구 양곡1길 121-39,경기도 고양시 덕양구 행주외동 290번지,126.8113758489,37.6117214602,50000
양평군,영육영농조합법인,육계,,,경기도 양평군 양평읍 백안리 231외 7필지,127.5185431000,37.5006331000,180000
양평군,용문농장,육계,12512,경기도 양평군 용문면 상망길 179-15,경기도 양평군 용문면 망능리 46번지 3호,127.6460156000,37.5349388000,33000
양평군,우미농장,육계,10439,경기도 고양시 덕양구 얼음들길 39-13,경기도 고양시 덕양구 행주내동 678번지,126.8209289126,37.6141061391,113
양평군,으뜸농장,육계,10253,경기도 고양시 일산동구 장진천길 75-26,경기도 고양시 일산동구 설문동 1068번지,126.8095688126,37.7146539690,36000
양평군,이O섭,육계,12537,,경기도 양평군 양동면 매월리 664,127.7191028000,37.4306715000,30000
양평군,이O우,육계,12541,경기도 양평군 지평면 지평햇골길 46,경기도 양평군 지평면 지평리 115,127.6431634000,37.4699216000,70000
양평군,이O우,육계,12537,경기도 양평군 양동면 오리벌길71번길 1,경기도 양평군 양동면 매월리 574,127.7206025000,37.4315363000,38000
양평군,이O율,육계,10329,경기도 고양시 일산동구 중산로 306-142,경기도 고양시 일산동구 성석동 1294번지 1호,126.7893137558,37.6986540114,24000
양평군,이O진,육계,12544,경기도 양평군 지평면 지평로 734-16,경기도 양평군 지평면 옥현리 1350-2,127.6215826000,37.4478093000,10500
양평군,장O재,육계,10427,경기도 고양시 덕양구 신평길 254,경기도 고양시 덕양구 신평동 26번지 176호,126.7807703441,37.6281376134,25000
양평군,정O교,육계,10554,,경기도 고양시 덕양구 도내동 224번지 4호,126.8689195754,37.6191888038,25000
양평군,정O환,육계,10262,경기도 고양시 덕양구 통일로 937-47,경기도 고양시 덕양구 관산동 847번지 43호,126.8549194693,37.6992140718,28000
양평군,조O제,육계,12528,,경기도 양평군 단월면 향소리 673외3필지,127.6684340000,37.5572127000,30000
양평군,조O화,육계,10208,경기도 고양시 일산서구 가좌로140번길 35,경기도 고양시 일산서구 가좌동 952번지 4호,126.7138840944,37.6849338163,20000
양평군,주승,육계,12575,경기도 양평군 강하면 전의6길 18,경기도 양평군 강하면 전수리 569번지 1호,127.4226009000,37.5009138000,18000
양평군,주환농장,육계,12567,경기도 양평군 개군면 뒷굴길 51-14,경기도 양평군 개군면 석장리 726번지 1호,127.5211113000,37.4533110000,25000
양평군,준식농장,육계,10397,,경기도 고양시 일산동구 장항동 634번지 59호,126.7497117255,37.6539058510,45000
양평군,최O식,육계,12513,,경기도 양평군 용문면 금곡리 산 52,127.6243036000,37.5116747000,17000
양평군,터골농장,육계,10220,,경기도 고양시 일산서구 법곳동 1537번지,126.7164675109,37.6675965769,60000
양평군,하갈농장,육계,12532,,경기도 양평군 청운면 갈운리 771외 2필지,127.7484577000,37.5446795000,45000
양평군,향소농장,육계,12528,,경기도 양평군 단월면 향소리 81,127.6667975000,37.5564380000,40000
양평군,황O동,육계,12569,경기도 양평군 개군면 내리길 68,경기도 양평군 개군면 내리 325,127.5633065000,37.4405046000,35000
양평군,휘성농장,산란계,12563,경기도 양평군 양평읍 양근로441번길 40-20,경기도 양평군 양평읍 창대리 70,127.5171199000,37.4777813000,53000
양평군,희망농장,육계,12532,경기도 양평군 청운면 증골길 53,경기도 양평군 청운면 갈운리 926번지 외 1필지,127.7508429000,37.5455744000,45000
여주시,경재현,육계,10299,,경기도 고양시 일산동구 식사동 1313번지,126.8190993635,37.6763512986,22500
여주시,국○○,산란계,12616,경기도 여주시 강천면 설경주길 146,경기도 여주시 강천면 간매리 37번지,127.7188508000,37.2781973000,5000
여주시,김○○,산란계,12615,경기도 여주시 강천면 이호3길 32-29,경기도 여주시 강천면 이호리 380번지,127.6862680000,37.2922204000,800
여주시,김○○,산란계,12612,경기도 여주시 북내면 선돌로 152-50,경기도 여주시 북내면 장암리 110-3번지,127.6883835000,37.3538187000,130000
여주시,김○○(딸조○○),산란계,12609,경기도 여주시 대신면 옥촌3길 76-56,경기도 여주시 대신면 옥촌리 324번지,127.6200750000,37.3963165000,15000
여주시,김○○(상신),산란계,12660,경기도 여주시 가남읍 김대1길 40,경기도 여주시 가남읍 금당리 606-8,127.6030885000,37.1987852000,
여주시,김○○(서광),산란계,12647,경기도 여주시 능서면 월평로 564-56,경기도 여주시 능서면 광대리 509번지 3호 외1필지,127.5635644000,37.2581130000,
여주시,김기석,육계,17411,경기도 이천시 설성면 설성로240번길 190-9,"경기도 이천시 설성면 장천리 188번지 ,188-7,188-8,188-12",127.5380725571,37.1409261007,0
여주시,김기표,육계,17414,,"경기도 이천시 장호원읍 풍계리 682번지 17호 산64-4,산64-5,690-2,682-19",127.6065077455,37.1642044349,0
여주시,김막래,육계,17413,경기도 이천시 설성면 서동대로8183번길 281,경기도 이천시 설성면 제요리 713번지 10호,127.5455398381,37.1180147732,0
여주시,김명성,육계,10305,경기도 고양시 일산동구 고일로 60-7,경기도 고양시 일산동구 식사동 1087번지,126.8032623624,37.6683790441,38200
여주시,김봉수,육계,17413,,경기도 이천시 설성면 제요리 435번지,127.5549310100,37.1205754259,0
여주시,김영오,육계,10255,경기도 고양시 일산동구 공릉천로 406-124,경기도 고양시 일산동구 지영동 562번지,126.8319829443,37.7278696059,0
여주시,김익중,육계,10488,경기도 고양시 덕양구 서정로65번길 21,경기도 고양시 덕양구 도내동 790번지 9호,126.8543162034,37.6207480263,40000
여주시,김재광,육계,10289,경기도 고양시 일산동구 사리현로216번길 153,경기도 고양시 일산동구 사리현동 546번지,126.8392628090,37.6877691822,0
여주시,김하응,육계,17424,경기도 이천시 율면 신추로95번길 387,경기도 이천시 율면 신추리 840번지 1호,127.5164334240,37.0915726310,0
여주시,김학성(최형주),육계,10313,경기도 고양시 일산동구 성현로268번길 68-32,경기도 고양시 일산동구 성석동 61번지 1호,126.8107586291,37.7018712932,0
여주시,김현규,육계,17414,경기도 이천시 장호원읍 나래천로 96-35,경기도 이천시 장호원읍 와현리 473번지 5호,127.6017615208,37.1434056448,0
여주시,김현주,육계,17423,경기도 이천시 율면 임오산로 396-93,경기도 이천시 율면 월포리 산 5번지 1호,127.5874269877,37.0884056822,0
여주시,김형남,육계,10453,경기도 고양시 일산동구 고일로 301-8,경기도 고양시 일산동구 산황동 771번지 1호,126.8036792261,37.6481079809,20000
여주시,나승용,육계,11797,경기도 의정부시 송산로 1111-76,경기도 의정부시 고산동 818번지 고산동,127.0913769259,37.7229329305,35500
여주시,농업회사법인조인주식회사(한재권),산란계,12656,경기도 여주시 가남읍 가남로 240,경기도 여주시 가남읍 하귀리 2번지 1호,127.5786976000,37.2173683000,
여주시,모닝바이오텍(농장),산란계,12607,경기도 여주시 흥천면 능북로 163-39,경기도 여주시 흥천면 율극리 295,127.5642320000,37.3358492000,
여주시,문창열,육계,10264,,경기도 고양시 덕양구 내유동 96번지,126.8618344970,37.7240710211,30000
여주시,민병수,육계,10256,,경기도 고양시 일산동구 지영동 732번지,126.8245094111,37.7129566867,0
여주시,민이식,육계,17345,경기도 이천시 증신로248번길 148-22,경기도 이천시 송정동 39번지 2통,127.4485762366,37.2985709461,0
여주시,박○○(박○○),산란계,12605,경기도 여주시 흥천면 남산로 173-19,경기도 여주시 흥천면 상대리 69번지,127.5153708000,37.3489283000,
여주시,박채구,육계,17414,,"경기도 이천시 장호원읍 풍계리 682번지 17호 산64-4,산64-5,690-2,682-19",127.6065077455,37.1642044349,0
여주시,백승훈,육계,17309,경기도 이천시 백사면 이여로 431-45,경기도 이천시 백사면 도립리 9번지 1호,127.4831756837,37.3335751110,0
여주시,서도원,육계,10293,경기도 고양시 덕양구 수역이길 119-29,경기도 고양시 덕양구 성사동 429번지 2호,126.8475924936,37.6566610839,45000
여주시,서종원,육계,10455,경기도 고양시 덕양구 호국로 659-16,경기도 고양시 덕양구 화정동 795번지 5호,126.8282927417,37.6471919462,0
여주시,선우상욱,육계,10259,경기도 고양시 일산동구 성현로482번길 26-65,경기도 고양시 일산동구 사리현동 627번지,126.8349846047,37.6946014767,7000
여주시,성창규(송일),육계,10208,경기도 고양시 일산서구 가좌로140번길 29,경기도 고양시 일산서구 가좌동 951번지,126.7141660096,37.6853219204,0
여주시,손○○,산란계,12666,,경기도 여주시 삼교동 65,127.6658069000,37.2326176000,8000
여주시,손○○,산란계,12666,경기도 여주시 점동면 장여로 1443,경기도 여주시 점동면 처리 724번지,127.6609443000,37.2267520000,38000
여주시,송○○,산란계,,,경기도 여주시 매룡동 산8-28,127.6592184000,37.2914905000,18000
여주시,송양호,육계,17411,경기도 이천시 설성면 설성로240번길 190-9,"경기도 이천시 설성면 장천리 188번지 ,188-7,188-8,188-12",127.5380725571,37.1409261007,50000
여주시,안○○,산란계,12606,경기도 여주시 흥천면 군위실길 36,경기도 여주시 흥천면 다대리 405번지,127.5200694000,37.3362938000,50000
여주시,안○○(계림),산란계,12663,경기도 여주시 가남읍 대신리길 99-105,경기도 여주시 가남읍 은봉리 691번지,127.5422054000,37.1856166000,
여주시,양병기,육계,17410,경기도 이천시 설성면 설성로 321-6,경기도 이천시 설성면 암산리 513번지 3호,127.5367854449,37.1547628152,0
여주시,엄재국,육계,17345,경기도 이천시 증신로248번길 148-22,경기도 이천시 송정동 39번지 2통,127.4485762366,37.2985709461,0
여주시,여주자영농고,산란계,12642,경기도 여주시 능서면 농도원2길 223,경기도 여주시 능서면 왕대리 산136-72번지,127.6106438000,37.2939123000,
여주시,원종해,육계,10205,경기도 고양시 일산서구 덕산로195번길 112,경기도 고양시 일산서구 가좌동 545번지 1호,126.7222193194,37.6992612058,0
여주시,유○○,산란계,12606,경기도 여주시 흥천면 남산로 313-7,경기도 여주시 흥천면 다대리 474-1번지,127.5222331000,37.3391585000,300000
여주시,유영도,육계,10289,,경기도 고양시 일산동구 사리현동 580번지,126.8347623674,37.6875736501,32700
여주시,은○○,산란계,12666,경기도 여주시 삼교2길 49,경기도 여주시 삼교동 342번지,127.6560284000,37.2303112000,6500
여주시,이○○(대복),산란계,12640,경기도 여주시 능서면 용은길 74-35,경기도 여주시 능서면 용은리 466번지4호,127.5371996000,37.2886082000,
여주시,이○○(최○○)(율극),산란계,,,"경기도 여주시 흥천면 율극리 264, 262-1",127.5689069000,37.3317814000,
여주시,이기영,육계,10299,경기도 고양시 일산동구 사리현로 96,경기도 고양시 일산동구 식사동 산 12번지 3호,126.8298394407,37.6886837238,75000
여주시,이동진,육계,10454,경기도 고양시 덕양구 대주로492번길 14,경기도 고양시 덕양구 주교동 1073번지,126.8247345636,37.6567729339,24000
여주시,이상도,육계,17415,경기도 이천시 장호원읍 어석로48번길 309-15,경기도 이천시 장호원읍 어석리 산 18번지,127.6028655309,37.0907704113,0
여주시,이순모,육계,17388,경기도 이천시 마장면 작촌로 120-62,경기도 이천시 마장면 작촌리 260번지 2호 259-1.259-2.260-1.277-1,127.3401434995,37.2452195384,0
여주시,이재인,육계,17398,경기도 이천시 호법면 송갈로100번길 112,경기도 이천시 호법면 송갈리 711번지,127.4354331553,37.1973625245,0
여주시,이재형,육계,17411,경기도 이천시 설성면 진상미로582번길 96-24,경기도 이천시 설성면 장능리 170-33,127.5249026575,37.1259554952,53000
여주시,"이재황(이창열,이경미)",육계,17382,,경기도 이천시 마장면 관리 산 365번지,127.3553841944,37.2603574510,0
여주시,이종식,육계,10487,경기도 고양시 덕양구 도내로14번길 21-2,경기도 고양시 덕양구 도내동 890번지 2호,126.8486479636,37.6230292268,27000
여주시,이지우,육계,17405,경기도 이천시 부발읍 황무로1996번길 121-14,경기도 이천시 부발읍 가산리 427번지 74호,127.5056221571,37.2493089632,0
여주시,이진구(박재분),육계,10290,경기도 고양시 덕양구 공양왕길 56,경기도 고양시 덕양구 원당동 934번지,126.8432570880,37.6755215410,61000
여주시,이진철,육계,17402,경기도 이천시 대월면 대장로 616-70,경기도 이천시 대월면 구시리 35번지 외 10필지,127.5077097257,37.2175569842,50000
여주시,이항모,육계,10220,경기도 고양시 일산서구 송포로113번길 191-41,경기도 고양시 일산서구 법곳동 748번지 7호,126.7224608462,37.6682416526,40000
여주시,이홍규,육계,17309,경기도 이천시 백사면 이여로 431-45,경기도 이천시 백사면 도립리 9번지 1호,127.4831756837,37.3335751110,30000
여주시,이희종,육계,10276,경기도 고양시 덕양구 선유길 100,경기도 고양시 덕양구 선유동 336번지 2호,126.9068658564,37.6796898701,0
여주시,장주원,육계,17411,경기도 이천시 설성면 설성로15번길 106-60,경기도 이천시 설성면 장천리 541번지 1호,127.5194358461,37.1378461315,0
여주시,전○○,산란계,12605,경기도 여주시 흥천면 샘다리길 43,경기도 여주시 흥천면 상대리 279-5번지,127.5072926000,37.3476295000,
여주시,전영순,육계,17310,,경기도 이천시 백사면 신대리 413번지 1호,127.4544882019,37.3196593184,0
여주시,정경화,육계,10224,,경기도 고양시 일산서구 덕이동 1378번지,126.7307164695,37.6856856221,34000
여주시,정광자(남기일),육계,17421,경기도 이천시 장호원읍 서동대로8759번길 97-103,경기도 이천시 장호원읍 진암리 334번지 2통,127.6097240429,37.1200733725,0
여주시,정철중(철중),육계,10245,경기도 고양시 일산동구 고봉로 679-36,경기도 고양시 일산동구 성석동 1797번지,126.7874871757,37.7185979321,0
여주시,조○○,산란계,12634,경기도 여주시 매룡2길 60,경기도 여주시 매룡동 157번지,127.6588327000,37.2834376000,15000
여주시,조용식,육계,17398,,경기도 이천시 호법면 송갈리 731번지 3호,127.4363488207,37.1920340728,0
여주시,조용현,육계,10265,,경기도 고양시 덕양구 관산동 614번지 5호,126.8690901287,37.7135382593,10000
여주시,주○○,산란계,12647,경기도 여주시 능서면 월평로 564-64,경기도 여주시 능서면 마래리 449번지 10호 외 6필지,127.5630391000,37.2587192000,
여주시,최용태,육계,10299,경기도 고양시 일산동구 사리현로 96,경기도 고양시 일산동구 식사동 산 12번지 3호,126.8298394407,37.6886837238,23000
여주시,최철범(임희제),육계,17309,경기도 이천시 백사면 원적로868번길 11,경기도 이천시 백사면 도립리 261번지,127.4736281811,37.3405692784,0
여주시,최학병,육계,10309,경기도 고양시 일산동구 풍산로 129,경기도 고양시 일산동구 풍동 1190번지 2호,126.7926479619,37.6622971004,0
여주시,한상환,육계,10276,,경기도 고양시 덕양구 선유동 109번지,126.9151929809,37.6934360601,0
여주시,한용희,육계,10397,경기도 고양시 일산서구 멱절길 218-21,경기도 고양시 일산서구 대화동 1952번지 4호,126.7439121640,37.6564610181,23000
여주시,한진열,육계,10276,경기도 고양시 덕양구 서리골길124번길 19-53,경기도 고양시 덕양구 선유동 102번지,126.9158050486,37.6935986870,0
여주시,한훈구,육계,17411,,경기도 이천시 설성면 장능리 389번지 7호,127.5237093597,37.1242397560,0
여주시,허수연,육계,17408,,경기도 이천시 모가면 서경리 120번지 3호,127.4911598828,37.1546532029,50000
여주시,홍○○,산란계,12665,경기도 여주시 점동면 도리길 170-70,경기도 여주시 점동면 도리 40-2번지,127.7135447000,37.2246731000,1000
연천군,DJF농장,육계,17401,경기도 이천시 대월면 대장로278번길 150-32,경기도 이천시 대월면 대대리 269번지 2호,127.4745767134,37.2141705349,20000
연천군,간파리농장,산란계,11041,,경기도 연천군 전곡읍 간파리 137번지 3호,127.0067619000,37.9562647000,30000
연천군,개나리농장,육계,11426,,경기도 양주시 은현면 봉암리 449번지,127.0059287519,37.8942178565,15000
연천군,경림농장,육계,17405,경기도 이천시 부발읍 황무로1996번길 179-28,경기도 이천시 부발읍 가산리 427번지 38호,127.5043126083,37.2506930796,40000
연천군,곡계농장,육계,11516,경기도 양주시 백석읍 양주산성로732번길 69-29,경기도 양주시 백석읍 가업리 258번지,126.9751020731,37.7884531948,9000
연천군,광성농장,산란계,11045,경기도 연천군 미산면 백동로19번길 205,경기도 연천군 미산면 백석리 698번지,126.9604083000,38.0515019000,30000
연천군,광태농장,육계,17401,경기도 이천시 대월면 대장로278번길 149-27,경기도 이천시 대월면 대대리 242번지,127.4827654173,37.2156964240,30000
연천군,광화문농장,육계,17407,경기도 이천시 모가면 진상미로1458번길 99-29,경기도 이천시 모가면 원두리 94번지 4호,127.4781590403,37.1889814223,25000
연천군,광화문농장,육계,17407,경기도 이천시 모가면 공원로249번길 86-52,경기도 이천시 모가면 원두리 164번지,127.4666306344,37.1841164731,70000
연천군,광희농장,육계,17391,,경기도 이천시 율현동 277번지,127.4425515495,37.2555787710,40000
연천군,구구축산,산란계,11050,경기도 연천군 장남면 장남로163번길 148,경기도 연천군 장남면 원당리 1226번지 1호,126.8634201000,37.9846782000,160000
연천군,구미농장,육계,17414,,경기도 이천시 장호원읍 와현리 417번지 16호,127.6048074307,37.1457058747,30000
연천군,군남농장,육계,17300,,경기도 이천시 신둔면 도봉리 795번지 3호,127.4507070221,37.3155470444,100000
연천군,군자농장,육계,10284,,경기도 고양시 덕양구 신원동 산 3번지 1호,126.8821156501,37.6819645836,34000
연천군,그린환경,산란계,11045,경기도 연천군 미산면 마유로143번길 139-30,경기도 연천군 미산면 백석리 278번지,126.9672916000,38.0476933000,50000
연천군,나루터육계농장,육계,11423,경기도 양주시 광적면 부흥로565번길 108-13,경기도 양주시 광적면 우고리 332번지,126.9596280036,37.8281712248,35000
연천군,날개농장,육계,11431,경기도 양주시 은현면 그루고개로426번길 60-6,경기도 양주시 은현면 도하리 206번지,127.0119824171,37.8460264660,50000
연천군,남호축산,육계,17415,,경기도 이천시 장호원읍 대서리 543번지,127.5658417053,37.1155143410,30000
연천군,내유농장,육계,17317,,경기도 이천시 부발읍 고백리 210번지 1호,127.5306465842,37.2981343466,40000
연천군,늘프른농장,육계,11426,경기도 양주시 은현면 은현로 138-77,경기도 양주시 은현면 하패리 625번지,127.0251272230,37.8826117735,20000
연천군,능성농장,육계,17384,경기도 이천시 마장면 중부대로533번길 42-19,경기도 이천시 마장면 표교리 산 55번지 1호,127.3948586236,37.2576113736,35000
연천군,다솜농장,육계,17423,경기도 이천시 율면 금율로554번길 166,경기도 이천시 율면 산성리 475번지,127.5487320000,37.0501063263,25000
연천군,대광농장,육계,11403,경기도 양주시 남면 은남로119번길 233,경기도 양주시 남면 한산리 26번지 3호,127.0035755053,37.9052452972,30000
연천군,대광리농장,산란계,11003,경기도 연천군 신서면 장거리길 153,경기도 연천군 신서면 도신리 629번지 1호,127.0932722000,38.1604386000,40000
연천군,대길농장,육계,17405,,경기도 이천시 부발읍 가산리 427번지 43호,127.5042856012,37.2517203592,30000
연천군,대동밍크농장,육계,10276,경기도 고양시 덕양구 선유길 111,경기도 고양시 덕양구 선유동 355번지 1호,126.9084757173,37.6795740443,25000
연천군,대림농장,육계,17413,경기도 이천시 설성면 설장로211번길 244,경기도 이천시 설성면 신필리 374번지 5호,127.5399593231,37.1403499137,42000
연천군,대성농장,육계,17402,,경기도 이천시 대월면 구시리 551번지 5호,127.4936502093,37.2037852794,90000
연천군,대성농장,육계,17423,경기도 이천시 율면 금율로 638,경기도 이천시 율면 석산리 866번지,127.5393751792,37.0575466307,15000
연천군,대창농장,산란계,11008,경기도 연천군 군남면 황지로120번길 79,경기도 연천군 군남면 황지리 65번지 1호,127.0471152000,38.0412849000,113000
연천군,돌마농장,육계,11427,경기도 양주시 은현면 은현로56번길 127,경기도 양주시 은현면 선암리 366번지,127.0274326953,37.8764669404,30000
연천군,동성농장,육계,10454,,경기도 고양시 덕양구 주교동 1404번지 0호,126.8190406808,37.6541874290,57000
연천군,로뎀나무1농장,육계,11426,경기도 양주시 은현면 화합로691번길 83-66,경기도 양주시 은현면 운암리 440번지 1호,127.0103721394,37.8761629426,38000
연천군,무지개농장(1),육계,11503,경기도 양주시 백석읍 권율로 1373-88,경기도 양주시 백석읍 오산리 산 8번지,126.9729599719,37.8078140273,40000
연천군,미산농장,육계,17421,경기도 이천시 장호원읍 경충대로141번길 71-18,경기도 이천시 장호원읍 진암리 357번지,127.6087847128,37.1236282637,100000
연천군,민영농장,육계,10397,경기도 고양시 일산동구 멱절길 324-92,경기도 고양시 일산동구 장항동 659번지 3호,126.7539681086,37.6518516931,40000
연천군,백령농장,육계,17404,경기도 이천시 대월면 대평로490번길 39-25,경기도 이천시 대월면 장평리 417번지 6호,127.5189005842,37.2130847200,20000
연천군,백미2농장,육계,11426,경기도 양주시 은현면 운하로 422-11,경기도 양주시 은현면 하패리 546번지,127.0344280164,37.8885828406,20000
연천군,백학농장,육계,17309,경기도 이천시 백사면 원적로801번길 85-26,경기도 이천시 백사면 송말리 468번지,127.4679851535,37.3441235530,50000
연천군,법곳농장2,육계,17382,경기도 이천시 마장면 마도로169번길 107,경기도 이천시 마장면 관리 999번지,127.3469483379,37.2694375643,53000
연천군,비금양계장,육계,17398,,경기도 이천시 호법면 주미리 446번지,127.4303796089,37.2120046110,35000
연천군,뿌리농장,육계,17388,경기도 이천시 마장면 작촌로35번길 230,경기도 이천시 마장면 오천리 213번지,127.3521895376,37.2423013304,60000
연천군,뿌리농장,육계,17411,경기도 이천시 설성면 진상미로582번길 103-48,경기도 이천시 설성면 장능리 170번지 41호,127.5285451460,37.1254618498,25000
연천군,산들농장,산란계,11043,경기도 연천군 왕징면 왕산로618번길 40-83,경기도 연천군 왕징면 동중리 235번지,126.9685172000,38.0822795000,20000
연천군,산유화농장,육계,11403,경기도 양주시 남면 삼육사로 286-99,경기도 양주시 남면 한산리 555번지 119호,126.9942637051,37.8995510976,50000
연천군,상녹수농장,육계,11431,경기도 양주시 은현면 그루고개로384번길 11-13,경기도 양주시 은현면 도하리 243번지,127.0105393924,37.8448373278,30000
연천군,상리농장,육계,17309,경기도 이천시 백사면 원적로801번길 225,경기도 이천시 백사면 송말리 624번지 2호,127.4762108142,37.3457127465,54000
연천군,서로도울농장,육계,11514,경기도 양주시 백석읍 양주산성로 625-42,경기도 양주시 백석읍 복지리 286번지 1호,126.9850479294,37.7844278780,56000
연천군,서연농장,산란계,11043,경기도 연천군 왕징면 왕산로618번길 76-17,경기도 연천군 왕징면 동중리 213번지,126.9672651000,38.0789187000,12000
연천군,서울농장,육계,17385,경기도 이천시 마장면 서이천로 271-12,경기도 이천시 마장면 이치리 297번지 1호,127.3848802047,37.2549138786,60000
연천군,석정농장,육계,17414,경기도 이천시 장호원읍 나래천로352번길 259-8,경기도 이천시 장호원읍 와현리 52번지 5호,127.6063389118,37.1684581598,30000
연천군,석정농장2,육계,17310,,경기도 이천시 백사면 신대리 417번지 1호,127.4532621339,37.3202676699,26000
연천군,선형2농장,육계,11427,경기도 양주시 은현면 은현로56번길 127,경기도 양주시 은현면 선암리 367번지,127.0282964543,37.8762775608,30000
연천군,성용농장,육계,17414,경기도 이천시 장호원읍 나래천로352번길 259-8,경기도 이천시 장호원읍 와현리 52번지 5호,127.6063389118,37.1684581598,18000
연천군,성진농장,육계,11413,,경기도 양주시 남면 경신리 산 39번지,126.9789856067,37.8559707592,55000
연천군,성호농장,육계,17405,,경기도 이천시 부발읍 가산리 427번지 43호,127.5042856012,37.2517203592,50000
연천군,수석농장,산란계,11041,,경기도 연천군 전곡읍 간파리 137번지 8호,127.0066822000,37.9558232000,10000
연천군,승기농장,육계,17342,경기도 이천시 대월면 경충대로 1885-23,경기도 이천시 대월면 초지리 61번지 1호,127.5057944570,37.2362253735,35000
연천군,승은농장,육계,17401,경기도 이천시 대월면 대장로278번길 340-23,경기도 이천시 대월면 도리리 345번지,127.4798235380,37.2083108581,40000
연천군,신일농장,육계,17413,경기도 이천시 설성면 신암로 173,경기도 이천시 설성면 신필리 370번지 4호,127.5459276593,37.1423770874,20000
연천군,아람농장,육계,17397,,경기도 이천시 호법면 동산리 528번지 외 3필지,127.4058885763,37.1930065868,75000
연천군,아미농장,육계,11406,경기도 양주시 남면 감악산로216번길 124,경기도 양주시 남면 구암리 2번지 1호,126.9839888038,37.8867746711,55000
연천군,안골농장,육계,17413,경기도 이천시 설성면 서동대로8295번길 95-33,경기도 이천시 설성면 제요리 126번지 1호,127.5603487463,37.1136571190,60000
연천군,안일농장,산란계,11011,경기도 연천군 연천읍 동막로71번길 78,경기도 연천군 연천읍 동막리 331번지 6호,127.0956711000,38.0905812000,200000
연천군,알토리농장,산란계,11045,,경기도 연천군 미산면 백석리 725번지 1호,126.9552954000,38.0475269000,27000
연천군,양원농장,육계,11516,경기도 양주시 백석읍 중앙로223번길 162,경기도 양주시 백석읍 가업리 13번지 1호,126.9803226443,37.7938149531,30000
연천군,양원농장,육계,17411,경기도 이천시 설성면 설성로 91-27,경기도 이천시 설성면 장천리 482번지,127.5232034524,37.1391001188,20000
연천군,양평농장,육계,17402,경기도 이천시 대월면 대월로557번길 39,경기도 이천시 대월면 구시리 457번지,127.4968493819,37.2055289908,24000
연천군,에벤에셀,육계,17397,경기도 이천시 호법면 동산로 193,경기도 이천시 호법면 동산리 379번지 6호,127.4024737866,37.2032809247,60000
연천군,연천농장,산란계,11010,경기도 연천군 연천읍 합내로854번길 401,경기도 연천군 연천읍 옥산리 180번지 1호,127.0889144000,38.1223250000,55000
연천군,연천농장,육계,11426,경기도 양주시 남면 운하로99번길 345,경기도 양주시 남면 한산리 578번지 2호,127.0032115945,37.8928574870,58000
연천군,영기농장,육계,10276,,경기도 고양시 덕양구 선유동 114번지 1호,126.9142849147,37.6942912963,40000
연천군,영재농장,육계,10454,,경기도 고양시 덕양구 주교동 1031번지 5호,126.8205161652,37.6532437024,65000
연천군,올리농장,육계,11403,경기도 양주시 남면 은남로119번길 241-25,경기도 양주시 남면 한산리 25번지 1호,127.0024611962,37.9047407772,25000
연천군,왕림축산,육계,11404,경기도 양주시 남면 삼육사로194번길 126,경기도 양주시 남면 신산리 141번지 2호,126.9837707560,37.8947478932,50000
연천군,왕징농장,육계,11516,경기도 양주시 백석읍 양주산성로800번길 158,경기도 양주시 백석읍 가업리 355번지 3호,126.9711024574,37.7966147739,40000
연천군,우성농장,육계,17309,경기도 이천시 백사면 원적로 852,경기도 이천시 백사면 도립리 278번지 2호,127.4719575188,37.3404858127,50000
연천군,원일농장,육계,11413,경기도 양주시 남면 화합로430번길 387,경기도 양주시 남면 경신리 205번지,126.9787360832,37.8545562349,30000
연천군,원일농장,육계,17341,경기도 이천시 대월면 대산로 152,경기도 이천시 대월면 대흥리 104번지 5호,127.4791589022,37.2351911810,35000
연천군,윈비팜농장,육계,11504,경기도 양주시 백석읍 권율로1398번길 160-54,경기도 양주시 백석읍 오산리 422번지 1호,126.9804339942,37.8010315632,32000
연천군,유성농장,산란계,11045,경기도 연천군 미산면 유노로 284,경기도 연천군 미산면 유촌리 267번지,126.9921828000,38.0573379000,20000
연천군,유월농장,산란계,11007,,경기도 연천군 군남면 왕림리 518번지,127.0499486000,38.0721669000,80000
연천군,유촌농장,육계,11485,경기도 양주시 삼숭로129번길 76,경기도 양주시 삼숭동 572번지 1호,127.0938461025,37.8034761971,21000
연천군,유환농장,산란계,11045,경기도 연천군 미산면 마유로143번길 179-84,경기도 연천군 미산면 백석리 293번지,126.9681476000,38.0444503000,25000
연천군,육계장농장,육계,17422,경기도 이천시 장호원읍 서동대로8926번길 94-51,경기도 이천시 장호원읍 진암리 102번지,127.6218646083,37.1089909191,12000
연천군,윤순애농장,육계,11426,경기도 양주시 은현면 운하로101번길 122,경기도 양주시 은현면 운암리 386번지,127.0097364164,37.8845506828,30000
연천군,은광농장,산란계,11049,경기도 연천군 백학면 노아로 533-19,경기도 연천군 백학면 구미리 63번지,126.9629622000,38.0060608000,45000
연천군,은행나무농장,육계,11516,경기도 양주시 백석읍 양주산성로732번길 154,경기도 양주시 백석읍 가업리 24번지 1호,126.9793243463,37.7912830934,23000
연천군,이한무농장,육계,11431,,경기도 양주시 은현면 도하리 250번지,127.0110734050,37.8451436115,36000
연천군,인천농장,육계,10276,,경기도 고양시 덕양구 선유동 478번지,126.9000867284,37.6798283106,24000
연천군,자작농장,육계,11426,경기도 양주시 은현면 은남로 160-74,경기도 양주시 은현면 봉암리 42번지 2호,127.0075656829,37.8913528368,35000
연천군,장남농장,육계,17405,경기도 이천시 부발읍 황무로1996번길 121-14,경기도 이천시 부발읍 가산리 427번지 79호,127.5063421692,37.2491076793,26000
연천군,장닭농장,육계,17302,경기도 이천시 신둔면 원적로 248-58,경기도 이천시 신둔면 수하리 344번지,127.4173525159,37.3161821388,11200
연천군,재환농장,육계,17308,경기도 이천시 사음로 74,경기도 이천시 사음동 279번지 4호,127.4187130108,37.3010222735,30000
연천군,정영농장,육계,17423,경기도 이천시 율면 금율로828번길 156-20,경기도 이천시 율면 오성리 840번지,127.5461801844,37.0706079024,20000
연천군,정은농장,육계,11426,,경기도 양주시 은현면 봉암리 62번지,127.0073159158,37.8969926840,30000
연천군,제일농장,육계,11448,경기도 양주시 칠봉산로314번길 122-34,경기도 양주시 봉양동 428번지 7호,127.0784520757,37.8623365919,30000
연천군,주일농장,육계,11414,경기도 양주시 광적면 삼일로 266-13,경기도 양주시 광적면 석우리 6번지 3호,126.9906576689,37.8420260070,40000
연천군,주환농장,육계,17415,경기도 이천시 장호원읍 경충대로519번길 245-70,경기도 이천시 장호원읍 선읍리 750번지,127.5736201672,37.1370119690,45000
연천군,진양농원,육계,11426,경기도 양주시 은현면 은현로257번길 20,경기도 양주시 은현면 하패리 888번지 5호,127.0207869788,37.8907479442,38000
연천군,진흥농장,육계,17423,,경기도 이천시 율면 산성리 178번지 3호,127.5533737813,37.0515265612,30000
연천군,창준농장,육계,17310,경기도 이천시 백사면 원적로618번길 300-82,경기도 이천시 백사면 신대리 291번지,127.4614854515,37.3163797503,20000
연천군,천계농장,육계,11432,경기도 양주시 은현면 그루고개로143번길 368,경기도 양주시 은현면 도하리 691번지,126.9928502422,37.8425037128,35000
연천군,청계목장,육계,11426,경기도 양주시 은현면 은남로203번길 118,경기도 양주시 은현면 봉암리 87번지,127.0086574950,37.8970737098,60000
연천군,청묵농장,산란계,11009,경기도 연천군 연천읍 상리로86번길 143-78,경기도 연천군 연천읍 상리 485번지,127.0664966000,38.1385194000,30000
연천군,초성농장,육계,11426,경기도 양주시 은현면 은남로203번길 96-28,경기도 양주시 은현면 봉암리 84번지,127.0101582011,37.8966862259,20000
연천군,태영농장,육계,11504,경기도 양주시 백석읍 중앙로254번길 173-22,경기도 양주시 백석읍 오산리 211번지 2호,126.9858831597,37.8054471137,25000
연천군,통현농장,육계,11432,경기도 양주시 은현면 그루고개로371번길 131-18,경기도 양주시 은현면 도하리 655번지 2호 외 2번지,127.0008255699,37.8431708186,50000
연천군,풍무골농장,육계,10213,,경기도 고양시 일산서구 법곳동 1046번지 2호,126.7159345850,37.6735416445,28000
연천군,풍산2농장,육계,17408,,경기도 이천시 모가면 서경리 347번지 26호,127.4826572419,37.1576523379,9000
연천군,풍산농장,육계,17390,경기도 이천시 마장면 청강가창로 315-5,경기도 이천시 마장면 해월리 28번지 6호,127.3589501822,37.2036449879,24000
연천군,풍천농장,육계,11429,경기도 양주시 은현면 화합로1080번길 92-63,경기도 양주시 은현면 용암리 850번지,127.0274814777,37.8522497412,95000
연천군,학곡농장,육계,11426,경기도 양주시 은현면 은현로312번길 121-213,경기도 양주시 은현면 하패리 804번지 1호,127.0211526027,37.8981895902,28000
연천군,한솔2농장,육계,11426,경기도 양주시 은현면 은현로242번길 19,경기도 양주시 은현면 하패리 686번지 1호,127.0239245810,37.8905762481,45000
연천군,한솔농장,육계,11429,경기도 양주시 은현면 화합로1094번길 76-7,경기도 양주시 은현면 용암리 769번지,127.0348424843,37.8480315783,23000
연천군,함께커농장,육계,11516,,경기도 양주시 백석읍 가업리 13번지 3호,126.9807425895,37.7942564973,41000
연천군,해오름농장,육계,17382,경기도 이천시 마장면 마도로223번길 93-29,경기도 이천시 마장면 관리 990번지 2호,127.3498362358,37.2722673622,35000
연천군,향명농장,산란계,11045,경기도 연천군 미산면 마유로143번길 111-25,경기도 연천군 미산면 백석리 277번지 1호,126.9702651000,38.0474509000,20000
연천군,호성농장,육계,17317,경기도 이천시 부발읍 두무재로79번길 24-217,경기도 이천시 부발읍 대관리 32번지 3호,127.5451411520,37.3031054920,40000
연천군,호성농장,육계,17410,,경기도 이천시 설성면 암산리 543번지 2호,127.5390433352,37.1556806893,25000
연천군,화진농장,육계,11517,경기도 양주시 백석읍 양주산성로 864-8,경기도 양주시 백석읍 홍죽리 340번지 18호,126.9660737975,37.7943969786,17000
연천군,황지리농장,육계,11413,경기도 양주시 남면 화합로430번길 330,경기도 양주시 남면 경신리 243번지 1호,126.9776799527,37.8527811642,22000
연천군,훈이농장,육계,11426,,경기도 양주시 은현면 봉암리 11번지,127.0157640568,37.9014696940,40000
오산시,은혜농장,산란계,,,경기도 오산시 벌음동,127.0560978000,37.1432125000,4000
용인시,강릉농장,육계,17142,,경기도 용인시 처인구 해곡동 84번지,127.2743176000,37.1807214000,30000
용인시,계성농장,육계,17172,경기도 용인시 처인구 백암면 덕평로26번길 109,경기도 용인시 처인구 백암면 백암리 72번지,127.3784438000,37.1776169000,55000
용인시,권일농장,육계,17123,경기도 용인시 처인구 남사면 방아로 49-38,경기도 용인시 처인구 남사면 방아리 169번지 8호,127.1686310000,37.1178972000,36650
용인시,금수농장,육계,17134,경기도 용인시 처인구 이동면 백옥대로260번길 32-8,경기도 용인시 처인구 이동면 시미리 86번지 1호,127.2101572000,37.1618931000,41000
용인시,금어농장,육계,17030,경기도 용인시 처인구 포곡읍 금어로430번길 24-24,경기도 용인시 처인구 포곡읍 금어리 327번지 2호 3통 8반,127.2551700000,37.2810486000,15000
용인시,길상농장,육계,17175,경기도 용인시 처인구 원삼면 보개원삼로 2044-11,경기도 용인시 처인구 원삼면 두창리 150번지,127.3296658000,37.1703639000,27500
용인시,김*범,육계,17131,,경기도 용인시 처인구 이동면 묵리 809번지,127.2329024000,37.1927748000,4000
용인시,김*성,육계,17118,경기도 용인시 처인구 남사면 천덕산로111번길 88,경기도 용인시 처인구 남사면 봉명리 620번지,127.1203277000,37.1180901000,40000
용인시,꼬꼬농장,육계,17175,경기도 용인시 처인구 원삼면 원양로442번길 203-15,경기도 용인시 처인구 원삼면 가재월리 281번지,127.3223967000,37.1794752000,50000
용인시,낙은농장,산란계,17045,경기도 용인시 처인구 낙은로 94-18,경기도 용인시 처인구 역북동 248번지,127.1948745000,37.2443007000,22000
용인시,남사농장,육계,17118,경기도 용인시 처인구 남사면 봉무로218번길 32,경기도 용인시 처인구 남사면 봉무리 153번지,127.1581631000,37.1325895000,30000
용인시,남산농장,육계,17123,경기도 용인시 처인구 이동면 어진로 892,경기도 용인시 처인구 이동면 어비리 321번지 12호,127.2029680000,37.1081219000,100000
용인시,놀부농장,육계,17182,경기도 용인시 처인구 백암면 삼백로 657,경기도 용인시 처인구 백암면 용천리 382번지 3호,127.3714775000,37.1297304000,35000
용인시,농업회사법인 주식회사 다원팜,산란계,17183,경기도 용인시 처인구 백암면 옥산로 40-16,경기도 용인시 처인구 백암면 옥산리 476번지 4호 외1필지(476-7),127.4056944000,37.1054891000,300000
용인시,농업회사법인밀알유한회사,산란계,17168,경기도 용인시 처인구 원삼면 원양로124번길 48,경기도 용인시 처인구 원삼면 고당리 150번지,127.3118993000,37.1733670000,175000
용인시,대박농장,육계,17182,경기도 용인시 처인구 백암면 삼백로 446-84,경기도 용인시 처인구 백암면 석천리 54번지,127.3845587000,37.1105148000,50000
용인시,대박농장,육계,17175,경기도 용인시 처인구 원삼면 가재월로69번길 61-12,경기도 용인시 처인구 원삼면 가재월리 799번지 2호,127.3160073000,37.1756449000,35000
용인시,대부농장,육계,17138,경기도 용인시 처인구 이동면 묘봉로 171-26,경기도 용인시 처인구 이동면 묘봉리 326번지,127.2291828000,37.1313939000,50000
용인시,대성농장,육계,17037,경기도 용인시 처인구 모현면 새래로 158-19,경기도 용인시 처인구 모현면 초부리 688번지 1호,127.2538108000,37.2995675000,60000
용인시,대성농장,육계,17182,경기도 용인시 처인구 백암면 삼백로 485-1,경기도 용인시 처인구 백암면 석천리 376번지,127.3733862000,37.1149834000,68000
용인시,대일농장,육계,17022,경기도 용인시 처인구 포곡읍 양지촌로26번길 21-6,경기도 용인시 처인구 포곡읍 신원리 80번지,127.2279036000,37.3071521000,14000
용인시,덕이농원,산란계,,,경기도 용인시 처인구 원삼면 독성리 산 152번지 8호,127.3312487000,37.1588893000,20000
용인시,도승농장,육계,17179,경기도 용인시 처인구 백암면 박곡로58번길 186,경기도 용인시 처인구 백암면 박곡리 288번지 1호,127.3967153000,37.1637807000,59500
용인시,돈희농장,육계,17137,경기도 용인시 처인구 이동면 경기동로785번길 126-13,경기도 용인시 처인구 이동면 송전리 1199번지,127.2133520000,37.1365861000,79000
용인시,두레농장,산란계,17169,경기도 용인시 처인구 원삼면 문촌로224번길 22-55,경기도 용인시 처인구 원삼면 문촌리 361번지 4호,127.2912589000,37.1671748000,15000
용인시,만덕농장,육계,,,경기도 용인시 처인구 원삼면 독성리 산 152번지 2호,127.3312487000,37.1588893000,45000
용인시,백암농장,육계,17181,경기도 용인시 처인구 백암면 삼백로724번길 71,경기도 용인시 처인구 백암면 근삼리 1502번지,127.3795508000,37.1329308000,50000
용인시,보미농장,육계,17135,,경기도 용인시 처인구 이동면 화산리 383번지 4통 1반,127.2130106000,37.1474533000,50000
용인시,보배농장,육계,17116,경기도 용인시 처인구 남사면 화곡로 113,경기도 용인시 처인구 남사면 창리 249번지,127.1851626000,37.1519506000,50000
용인시,뿌리농장,육계,17179,경기도 용인시 처인구 백암면 박곡로208번길 43,경기도 용인시 처인구 백암면 박곡리 175번지,127.3984746000,37.1708390000,50000
용인시,삼원농장,육계,17180,경기도 용인시 처인구 백암면 고안로51번길 64-32,경기도 용인시 처인구 백암면 고안리 531번지 2호,127.4084737000,37.1351240000,25000
용인시,새한농원,육계,17171,경기도 용인시 처인구 백암면 청강가창로210번길 15,경기도 용인시 처인구 백암면 가창리 150번지,127.3681343000,37.1973908000,50000
용인시,샘말농장2,육계,17137,경기도 용인시 처인구 이동면 경기동로785번길 164,경기도 용인시 처인구 이동면 송전리 1224번지,127.2189358000,37.1371437000,84000
용인시,서리농장,육계,17127,경기도 용인시 처인구 이동면 처인성로 1140,경기도 용인시 처인구 이동면 서리 112번지,127.1786578000,37.1866415000,50000
용인시,선돌농장,육계,17121,경기도 용인시 처인구 남사면 완장천로 42-42,경기도 용인시 처인구 남사면 창리 477번지,127.1739382000,37.1263145000,21000
용인시,선진농장,산란계,17176,경기도 용인시 처인구 원삼면 백원로 172-8,경기도 용인시 처인구 원삼면 두창리 950번지,127.3342595000,37.1548713000,70000
용인시,선진농장,육계,17118,경기도 용인시 처인구 남사면 천덕산로111번길 88,경기도 용인시 처인구 남사면 봉명리 617번지,127.1194719000,37.1176494000,85000
용인시,선진농장,육계,17039,경기도 용인시 처인구 양지면 주북로5번길 159,경기도 용인시 처인구 양지면 주북리 642번지,127.2478128000,37.2585204000,20000
용인시,성민농장,육계,17179,경기도 용인시 처인구 백암면 박곡로216번길 20-35,경기도 용인시 처인구 백암면 박곡리 158번지 2호,127.4029081000,37.1724550000,26000
용인시,세례농장,산란계,17182,경기도 용인시 처인구 백암면 삼백로 414-17,경기도 용인시 처인구 백암면 석천리 170번지,127.3788886000,37.1082622000,110000
용인시,세례유정란농장,산란계,17169,경기도 용인시 처인구 원삼면 문촌로224번길 61,경기도 용인시 처인구 원삼면 문촌리 367번지 외1필지,127.2888684000,37.1662255000,27000
용인시,세진축산,육계,17039,경기도 용인시 처인구 한터로231번길 90,경기도 용인시 처인구 고림동 132번지,127.2340942000,37.2585480000,35000
용인시,세현농장,육계,17179,경기도 용인시 처인구 백암면 박곡로216번길 20-46,경기도 용인시 처인구 백암면 박곡리 161번지,127.4021952000,37.1717816000,60000
용인시,소현농장,산란계,17170,,경기도 용인시 처인구 원삼면 죽능리 산 108번지 1호,127.3082817000,37.1417768000,44000
용인시,솔잎농장,육계,,,경기도 용인시 처인구 이동면 송전리 1216외 1필지,127.1964023000,37.1452380000,76000
용인시,수원농장,육계,17123,,경기도 용인시 처인구 남사면 방아리 959번지,127.1763580000,37.1018204000,35000
용인시,스마일농장,육계,17126,경기도 용인시 처인구 이동면 상덕로 95-26,경기도 용인시 처인구 이동면 서리 859번지,127.1610446000,37.2138327000,57473
용인시,싱글벙글농장,육계,17126,,경기도 용인시 처인구 이동면 서리 862번지,127.1624312000,37.2142723000,85000
용인시,씨알유정란농장,산란계,17170,경기도 용인시 처인구 원삼면 보개원삼로 1440,경기도 용인시 처인구 원삼면 목신리 215번지,127.3102039000,37.1244808000,15000
용인시,아름농장,육계,17170,,"경기도 용인시 처인구 원삼면 독성리 48번지 외3필지(37,39,50-4)",127.3265026000,37.1573436000,40000
용인시,알찬유정란농장,산란계,17166,,경기도 용인시 처인구 원삼면 맹리 190번지,127.3350595000,37.1987496000,7000
용인시,양지농원,산란계,17161,경기도 용인시 처인구 양지면 남평로 39-1,경기도 용인시 처인구 양지면 양지리 493번지 34호 1통 8반,127.2899469000,37.2310525000,6000
용인시,영곡양계장,육계,17181,경기도 용인시 처인구 백암면 원설로 254,경기도 용인시 처인구 백암면 근삼리 328번지,127.3612513000,37.1447281000,40000
용인시,영농조합법인 청려원,산란계,17182,경기도 용인시 처인구 백암면 삼백로 368-17,경기도 용인시 처인구 백암면 석천리 227번지 4호,127.3793393000,37.1061253000,170000
용인시,옥산농장,육계,17183,,경기도 용인시 처인구 백암면 옥산리 925번지,127.3972503000,37.0998499000,60000
용인시,용인농장,육계,17180,경기도 용인시 처인구 백암면 고안로51번길 126-30,경기도 용인시 처인구 백암면 고안리 589번지,127.4126608000,37.1393986000,40000
용인시,용인농장,육계,17131,경기도 용인시 처인구 이동면 이원로80번길 22-8,경기도 용인시 처인구 이동면 묵리 1050번지,127.2129599000,37.1860811000,40000
용인시,우리농장,산란계,,,경기도 용인시 처인구 양지면 추계리 91-1번지외 1필지,127.3331912000,37.2507714000,7000
용인시,우진양계장,육계,17121,경기도 용인시 처인구 남사면 경기동로 460,경기도 용인시 처인구 남사면 창리 559번지,127.1723787000,37.1385079000,40000
용인시,유연농장,육계,17170,경기도 용인시 처인구 원삼면 백원로 68-33,경기도 용인시 처인구 원삼면 독성리 37번지,127.3269489000,37.1563962000,75052
용인시,율애농장,육계,17182,경기도 용인시 처인구 백암면 율애길 9,경기도 용인시 처인구 백암면 장평리 768번지,127.3751694000,37.1138154000,55000
용인시,의웅농장,육계,17134,경기도 용인시 처인구 이동면 시미곡로 74,경기도 용인시 처인구 이동면 시미리 64번지 1호,127.2138727000,37.1619766000,40000
용인시,이*섭계사,육계,17130,경기도 용인시 처인구 이동면 시미곡로 11,경기도 용인시 처인구 이동면 덕성리 1046번지 외1필지,127.2075387000,37.1636186000,30000
용인시,이재축산,육계,17173,경기도 용인시 처인구 백암면 근곡로 135,경기도 용인시 처인구 백암면 근곡리 542번지 8호,127.3566670000,37.1802519000,74500
용인시,재복농장,육계,17175,경기도 용인시 처인구 원삼면 가재월로69번길 61-20,경기도 용인시 처인구 원삼면 가재월리 799번지 8호,127.3165306000,37.1742018000,40000
용인시,점터농장,육계,17182,경기도 용인시 처인구 백암면 황새울로111번길 32,경기도 용인시 처인구 백암면 석천리 509번지,127.3626425000,37.1104842000,60000
용인시,정원축산,산란계,17179,경기도 용인시 처인구 백암면 박곡로58번길 209-17,경기도 용인시 처인구 백암면 박곡리 194번지 2호,127.4013063000,37.1654503000,200000
용인시,좋은농장,육계,17118,경기도 용인시 처인구 남사면 통삼로171번길 48,경기도 용인시 처인구 남사면 봉명리 200번지 1호,127.1238618000,37.1187893000,45000
용인시,진흥농장,육계,17040,경기도 용인시 처인구 포곡로 15-8,경기도 용인시 처인구 유방동 146번지,127.2107626000,37.2636280000,45000
용인시,찬우농장,육계,17116,경기도 용인시 처인구 남사면 화곡로 193,경기도 용인시 처인구 남사면 창리 221번지,127.1874865000,37.1586418000,16000
용인시,천하축산,육계,17179,경기도 용인시 처인구 백암면 박곡로58번길 188-16,경기도 용인시 처인구 백암면 박곡리 288번지 2호,127.3964408000,37.1629527000,15000
용인시,충모농장,육계,17166,경기도 용인시 처인구 원삼면 미평로81번길 21,경기도 용인시 처인구 원삼면 미평리 77번지 1호,127.3280266000,37.1819738000,42000
용인시,칠보농장,육계,17119,경기도 용인시 처인구 남사면 통삼로 282-104,경기도 용인시 처인구 남사면 통삼리 14번지 1호,127.1389162000,37.1247289000,2000
용인시,평창농장,육계,17163,경기도 용인시 처인구 양지면 평창로154번길 54,경기도 용인시 처인구 양지면 평창리 181번지 1호,127.3227304000,37.2345546000,2300
용인시,하나농장,육계,17135,경기도 용인시 처인구 이동면 백옥대로 121-14,경기도 용인시 처인구 이동면 화산리 658번지 1호,127.2020747000,37.1493644000,13000
용인시,한빛농장,육계,17123,경기도 용인시 처인구 이동면 어진로670번길 183,경기도 용인시 처인구 이동면 어비리 828번지,127.1900758000,37.0946542000,28000
용인시,한정농장,육계,17131,경기도 용인시 처인구 이동면 이원로100번길 50,"경기도 용인시 처인구 이동면 묵리 981번지 2호 외 2필지(981-1,982-1)",127.2188794000,37.1845838000,50000
용인시,한창농장,육계,17181,경기도 용인시 처인구 백암면 삼백로828번길 72,경기도 용인시 처인구 백암면 근삼리 227번지 2호,127.3773292000,37.1434260000,65000
용인시,해동유정란농장,산란계,17182,,경기도 용인시 처인구 백암면 장평리 619번지 9호,127.3746949000,37.1226201000,60000
용인시,현주농장,육계,17116,경기도 용인시 처인구 남사면 화곡로 287,경기도 용인시 처인구 남사면 창리 14번지,127.1954395000,37.1561692000,30000
용인시,형제농장,육계,,,경기도 용인시 처인구 원삼면 독성리 산 36번지,127.3312487000,37.1588893000,45000
용인시,형제농장,육계,17183,,경기도 용인시 처인구 백암면 옥산리 산 79번지 1호,127.4102836000,37.1116546000,36500
용인시,혜민농장,육계,17174,경기도 용인시 처인구 백암면 석실로54번길 13,경기도 용인시 처인구 백암면 가좌리 356번지,127.3414435000,37.1780077000,27000
용인시,희원농장,육계,17169,,경기도 용인시 처인구 원삼면 문촌리 542번지,127.2884852000,37.1571439000,49140
용인시,흰돌농장,육계,17130,경기도 용인시 처인구 이동면 백옥대로 287-8,경기도 용인시 처인구 이동면 덕성리 918번지 외1필지(918-1),127.2051285000,37.1632804000,20000
의왕시,왕곡농장,산란계,16070,경기도 의왕시 통미마을길 31,경기도 의왕시 왕곡동 384,126.9804478000,37.3400890000,2800
의왕시,풀섬농장,산란계,16016,,경기도 의왕시 학의동 910,127.0013918000,37.3666981000,650
의왕시,,육계,,,경기도 의왕시 내손동 산 121-6,126.9807387000,37.3867616000,20
의왕시,,육계,,,경기도 의왕시 학의동 19,127.0192548000,37.3860597000,10
의왕시,,육계,,,경기도 의왕시 학의동 산 82-6,127.0142867000,37.3872046000,10
의왕시,,육계,16013,경기도 의왕시 벌모루앞길 63,경기도 의왕시 포일동 177-7,126.9898394000,37.3898624000,6
의왕시,,육계,16000,경기도 의왕시 청계로 292,경기도 의왕시 청계동 91,127.0200273000,37.4063053000,50
의왕시,,육계,16077,경기도 의왕시 고고리길 49-5,경기도 의왕시 고천동 13,126.9730569000,37.3384475000,10
의왕시,,육계,16075,경기도 의왕시 안골길 18,경기도 의왕시 고천동 203-1,126.9690582000,37.3473124000,40
의왕시,,육계,16107,경기도 의왕시 잿말길 16,경기도 의왕시 월암동 630,126.9544813000,37.3052568000,5
의왕시,,육계,16107,,경기도 의왕시 왕송못동로 207-3,,,18
의왕시,,육계,16065,,경기도 의왕시 오전동 603,126.9884788000,37.3595612000,25
의왕시,,육계,,,경기도 의왕시 오전동 산 122,126.9888848000,37.3614894000,35
의왕시,,육계,16065,,경기도 의왕시 오전동 486-1,126.9852514000,37.3560558000,20
의왕시,,육계,,,경기도 의왕시 오전동 산 157-3,126.9888848000,37.3614894000,13
의왕시,,육계,16065,경기도 의왕시 백운로 133,경기도 의왕시 오전동 616-3,126.9911429000,37.3581108000,40
의왕시,,육계,16075,,경기도 의왕시 고천동 149,126.9696706000,37.3404739000,15
의왕시,,육계,16109,경기도 의왕시 중간새우대길 75-28,경기도 의왕시 초평동 457,126.9316511000,37.3055606000,15
의왕시,,육계,16109,경기도 의왕시 아랫새우대길 60,경기도 의왕시 초평동 519,126.9405384000,37.3068180000,65
의왕시,,육계,16065,경기도 의왕시 백운로 144-31,경기도 의왕시 오전동 689-1번지,126.9938631000,37.3589220000,30
의왕시,,육계,16065,경기도 의왕시 오매기중간길 29-7,경기도 의왕시 오전동 562-3번지,126.9871130000,37.3597772000,17
의왕시,,육계,16000,,경기도 의왕시 청계동 554-6,127.0043613000,37.3945303000,50
의왕시,,육계,16065,경기도 의왕시 오매기백운산길 54-13,경기도 의왕시 오전동 745,126.9980284000,37.3560300000,5
의정부시,의정부교도소,,11797,경기도 의정부시 송산로 1111-76,경기도 의정부시 고산동 818번지 고산동,127.0913769259,37.7229329305,27000
이천시,(주)이레농산,오리,17402,경기도 이천시 대월면 대월로557번길 39,경기도 이천시 대월면 구시리 457번지,127.4968493819,37.2055289908,
이천시,갈매기농장,육계,17408,,경기도 이천시 모가면 서경리 120번지 3호,127.4911598828,37.1546532029,
이천시,경기농장,육계,,,경기도 이천시 부발읍 아미리 산 6번지 4호,127.4935365716,37.2644968180,
이천시,경기농장,육계,17398,,경기도 이천시 호법면 주미리 446번지,127.4303796089,37.2120046110,
이천시,계림농장,산란계,17309,경기도 이천시 백사면 원적로868번길 11,경기도 이천시 백사면 도립리 261번지,127.4736281811,37.3405692784,
이천시,광주축산,육계,17391,,경기도 이천시 율현동 277번지,127.4425515495,37.2555787710,
이천시,금산농장,육계,17384,경기도 이천시 마장면 중부대로533번길 42-19,경기도 이천시 마장면 표교리 산 55번지 1호,127.3948586236,37.2576113736,
이천시,금철농장,육계,17411,,경기도 이천시 설성면 장천리 76번지,127.5348737649,37.1502301902,
이천시,길농원,육계,17397,경기도 이천시 호법면 동산로 193,경기도 이천시 호법면 동산리 379번지 6호,127.4024737866,37.2032809247,
이천시,농업회사법인 나래 주식회사,산란계,17414,경기도 이천시 장호원읍 나래천로509번길 336,경기도 이천시 장호원읍 나래리 546번지 외 16필지,127.5878968946,37.1845619366,
이천시,농업회사법인(주)에버그린팜,육계,17413,,경기도 이천시 설성면 제요리 435번지,127.5549310100,37.1205754259,
이천시,늘푸른농장,산란계,17424,경기도 이천시 율면 주래본죽로590번길 75-39,경기도 이천시 율면 본죽리 127번지,127.5273230540,37.0738824813,
이천시,대인농장,산란계,17405,경기도 이천시 부발읍 황무로1996번길 179-28,경기도 이천시 부발읍 가산리 427번지 38호,127.5043126083,37.2506930796,
이천시,대일농장,육계,17402,경기도 이천시 대월면 대장로 616-70,경기도 이천시 대월면 구시리 35번지 외 10필지,127.5077097257,37.2175569842,
이천시,대흥농장,육계,17343,,경기도 이천시 대월면 대흥리 182번지 4호,127.4810484171,37.2292548176,
이천시,덕기농장,육계,17388,경기도 이천시 마장면 작촌로 120-62,경기도 이천시 마장면 작촌리 260번지 2호 259-1.259-2.260-1.277-1,127.3401434995,37.2452195384,
이천시,덕기농장,육계,17388,경기도 이천시 마장면 작촌로 120-62,경기도 이천시 마장면 작촌리 260번지 2호 259-1.259-2.260-1.277-1,127.3401434995,37.2452195384,
이천시,도봉농장,산란계,17300,,경기도 이천시 신둔면 도봉리 795번지 3호,127.4507070221,37.3155470444,
이천시,도춘농장,육계,17415,경기도 이천시 장호원읍 어석로48번길 309-15,경기도 이천시 장호원읍 어석리 산 18번지,127.6028655309,37.0907704113,
이천시,동원양계장,산란계,17414,경기도 이천시 장호원읍 나래천로 96-35,경기도 이천시 장호원읍 와현리 473번지 5호,127.6017615208,37.1434056448,
이천시,명성농장,육계,17397,,경기도 이천시 호법면 동산리 528번지 외 3필지,127.4058885763,37.1930065868,
이천시,미래농장,육계,17415,,경기도 이천시 장호원읍 대서리 543번지,127.5658417053,37.1155143410,
이천시,미래양계장,육계,17413,경기도 이천시 설성면 서동대로8183번길 281,경기도 이천시 설성면 제요리 713번지 10호,127.5455398381,37.1180147732,
이천시,봉하농장,육계,17309,경기도 이천시 백사면 원적로801번길 225,경기도 이천시 백사면 송말리 624번지 2호,127.4762108142,37.3457127465,
이천시,부산농장,육계,17423,경기도 이천시 율면 금율로554번길 166,경기도 이천시 율면 산성리 475번지,127.5487320000,37.0501063263,
이천시,부영농장,산란계,17388,경기도 이천시 마장면 작촌로35번길 230,경기도 이천시 마장면 오천리 213번지,127.3521895376,37.2423013304,
이천시,부일농장,산란계,17414,경기도 이천시 장호원읍 나래천로352번길 259-8,경기도 이천시 장호원읍 와현리 52번지 5호,127.6063389118,37.1684581598,
이천시,부일농장,산란계,17414,경기도 이천시 장호원읍 나래천로352번길 259-8,경기도 이천시 장호원읍 와현리 52번지 5호,127.6063389118,37.1684581598,
이천시,부자농장,육계,17404,경기도 이천시 대월면 대평로520번길 2-9,경기도 이천시 대월면 장평리 345번지,127.5219814639,37.2138641632,
이천시,산성농장,육계,17423,,경기도 이천시 율면 산성리 178번지 3호,127.5533737813,37.0515265612,
이천시,삼진농장,산란계,17412,,경기도 이천시 설성면 대죽리 274번지,127.4871820741,37.1381264538,
이천시,상지농장농업회사법인주식회사,산란계,17390,경기도 이천시 마장면 청강가창로 315-5,경기도 이천시 마장면 해월리 28번지 6호,127.3589501822,37.2036449879,
이천시,상진농장,산란계,17415,경기도 이천시 장호원읍 경충대로307번길 423-99,경기도 이천시 장호원읍 선읍리 481번지 2호,127.5780680833,37.1358461546,
이천시,상현농장,산란계,17405,,경기도 이천시 부발읍 가산리 427번지 43호,127.5042856012,37.2517203592,
이천시,상현농장,산란계,17405,,경기도 이천시 부발읍 가산리 427번지 43호,127.5042856012,37.2517203592,
이천시,상현농장(1),산란계,17405,,경기도 이천시 부발읍 가산리 427번지 54호,127.5046764857,37.2494751583,
이천시,상현농장2,산란계,17405,,경기도 이천시 부발읍 가산리 427번지 101호,127.5058758039,37.2501638572,
이천시,서경농장,육계,17408,,경기도 이천시 모가면 서경리 347번지 26호,127.4826572419,37.1576523379,
이천시,선미농장,육계,17412,,경기도 이천시 설성면 수산리 275번지,127.4987379093,37.1497921823,
이천시,설봉농장(2),산란계,17382,,경기도 이천시 마장면 관리 산 365번지,127.3553841944,37.2603574510,
이천시,설성농장,육계,17411,경기도 이천시 설성면 진상미로582번길 96-24,경기도 이천시 설성면 장능리 170-33,127.5249026575,37.1259554952,
이천시,설성양계,산란계,17411,경기도 이천시 설성면 설성로240번길 190-9,"경기도 이천시 설성면 장천리 188번지 ,188-7,188-8,188-12",127.5380725571,37.1409261007,
이천시,설성양계,산란계,17411,경기도 이천시 설성면 설성로240번길 190-9,"경기도 이천시 설성면 장천리 188번지 ,188-7,188-8,188-12",127.5380725571,37.1409261007,
이천시,성대농장,오리,17401,경기도 이천시 대월면 대장로278번길 149-27,경기도 이천시 대월면 대대리 242번지,127.4827654173,37.2156964240,
이천시,성원농장,육계,17423,경기도 이천시 율면 임오산로 396-93,경기도 이천시 율면 월포리 산 5번지 1호,127.5874269877,37.0884056822,
이천시,성원농장,육계,17413,경기도 이천시 설성면 서동대로8295번길 95-33,경기도 이천시 설성면 제요리 126번지 1호,127.5603487463,37.1136571190,
이천시,성원축산,육계,17421,경기도 이천시 장호원읍 서동대로8759번길 97-103,경기도 이천시 장호원읍 진암리 334번지 2통,127.6097240429,37.1200733725,
이천시,성재농장,오리,17407,경기도 이천시 모가면 공원로249번길 86-52,경기도 이천시 모가면 원두리 164번지,127.4666306344,37.1841164731,
이천시,성지농장,육계,17309,경기도 이천시 백사면 원적로801번길 85-26,경기도 이천시 백사면 송말리 468번지,127.4679851535,37.3441235530,
이천시,성진농장,오리,17413,경기도 이천시 설성면 신암로 173,경기도 이천시 설성면 신필리 370번지 4호,127.5459276593,37.1423770874,
이천시,성현농장,오리,17411,,경기도 이천시 설성면 장능리 389번지 7호,127.5237093597,37.1242397560,
이천시,세대농장,산란계,17405,경기도 이천시 부발읍 황무로1996번길 121-14,경기도 이천시 부발읍 가산리 427번지 79호,127.5063421692,37.2491076793,
이천시,송이농장(1),육계,17310,,경기도 이천시 백사면 신대리 413번지 1호,127.4544882019,37.3196593184,
이천시,송이농장(2),육계,17310,,경기도 이천시 백사면 신대리 417번지 1호,127.4532621339,37.3202676699,
이천시,송정농장,육계,17345,경기도 이천시 증신로248번길 148-22,경기도 이천시 송정동 39번지 2통,127.4485762366,37.2985709461,
이천시,송정농장,육계,17345,경기도 이천시 증신로248번길 148-22,경기도 이천시 송정동 39번지 2통,127.4485762366,37.2985709461,
이천시,승일농장,육계,17385,경기도 이천시 마장면 서이천로 271-12,경기도 이천시 마장면 이치리 297번지 1호,127.3848802047,37.2549138786,
이천시,승희농장,육계,17423,경기도 이천시 율면 임오산로 86-46,경기도 이천시 율면 월포리 386번지,127.5562913683,37.0941325159,
이천시,신가네농장,육계,17310,경기도 이천시 백사면 원적로618번길 45,경기도 이천시 백사면 경사리 산 88번지,127.4559083021,37.3288261992,
이천시,신영농장,육계,17317,,경기도 이천시 부발읍 고백리 210번지 1호,127.5306465842,37.2981343466,
이천시,신혁농장,육계,17410,경기도 이천시 설성면 설성로 321-6,경기도 이천시 설성면 암산리 513번지 3호,127.5367854449,37.1547628152,
이천시,신화농장,육계,17302,경기도 이천시 신둔면 원적로 248-58,경기도 이천시 신둔면 수하리 344번지,127.4173525159,37.3161821388,
이천시,오뚜기농장,육계,17309,경기도 이천시 백사면 이여로 431-45,경기도 이천시 백사면 도립리 9번지 1호,127.4831756837,37.3335751110,
이천시,오뚜기농장,육계,17309,경기도 이천시 백사면 이여로 431-45,경기도 이천시 백사면 도립리 9번지 1호,127.4831756837,37.3335751110,
이천시,온누리농장,육계,17413,경기도 이천시 설성면 신암로105번길 112,경기도 이천시 설성면 신필리 257번지,127.5454333192,37.1330446004,
이천시,용수농장(1),육계,17411,경기도 이천시 설성면 설성로 91-27,경기도 이천시 설성면 장천리 482번지,127.5232034524,37.1391001188,
이천시,용수농장(2),육계,17411,,경기도 이천시 설성면 장천리 178번지 10호,127.5408216092,37.1460946202,
이천시,용진농장,오리,17413,경기도 이천시 설성면 설장로211번길 244,경기도 이천시 설성면 신필리 374번지 5호,127.5399593231,37.1403499137,
이천시,우리축산,산란계,17309,경기도 이천시 백사면 원적로 852,경기도 이천시 백사면 도립리 278번지 2호,127.4719575188,37.3404858127,
이천시,우미농장,육계,17398,경기도 이천시 호법면 송갈로100번길 112,경기도 이천시 호법면 송갈리 711번지,127.4354331553,37.1973625245,
이천시,우미농장,육계,17398,,경기도 이천시 호법면 송갈리 731번지 3호,127.4363488207,37.1920340728,
이천시,우화농장,산란계,17422,경기도 이천시 장호원읍 서동대로8926번길 94-51,경기도 이천시 장호원읍 진암리 102번지,127.6218646083,37.1089909191,
이천시,원두농장,육계,17407,경기도 이천시 모가면 진상미로1458번길 99-29,경기도 이천시 모가면 원두리 94번지 4호,127.4781590403,37.1889814223,
이천시,원호농장(1),육계,17423,경기도 이천시 율면 금율로 638,경기도 이천시 율면 석산리 866번지,127.5393751792,37.0575466307,
이천시,원호농장(2),육계,17423,경기도 이천시 율면 금율로828번길 156-20,경기도 이천시 율면 오성리 840번지,127.5461801844,37.0706079024,
이천시,월포농장,육계,17423,,경기도 이천시 율면 월포리 749번지 7호,127.5650400840,37.0755478642,
이천시,유경농장,육계,17415,경기도 이천시 장호원읍 경충대로519번길 245-70,경기도 이천시 장호원읍 선읍리 750번지,127.5736201672,37.1370119690,
이천시,유천농장,육계,17382,경기도 이천시 마장면 마도로223번길 93-29,경기도 이천시 마장면 관리 990번지 2호,127.3498362358,37.2722673622,
이천시,이천농장,산란계,17401,경기도 이천시 대월면 대장로278번길 150-32,경기도 이천시 대월면 대대리 269번지 2호,127.4745767134,37.2141705349,
이천시,이천농축원,산란계,17341,경기도 이천시 대월면 대산로 152,경기도 이천시 대월면 대흥리 104번지 5호,127.4791589022,37.2351911810,
이천시,인광농장,육계,17401,경기도 이천시 대월면 대장로278번길 340-23,경기도 이천시 대월면 도리리 345번지,127.4798235380,37.2083108581,
이천시,자연애팜,산란계,17405,경기도 이천시 부발읍 황무로1996번길 121-14,경기도 이천시 부발읍 가산리 427번지 74호,127.5056221571,37.2493089632,
이천시,장능농장,산란계,17411,경기도 이천시 설성면 진상미로582번길 103-48,경기도 이천시 설성면 장능리 170번지 41호,127.5285451460,37.1254618498,
이천시,장천농장,오리,17411,경기도 이천시 설성면 설성로15번길 106-60,경기도 이천시 설성면 장천리 541번지 1호,127.5194358461,37.1378461315,
이천시,정기농장,산란계,17424,경기도 이천시 율면 신추로95번길 387,경기도 이천시 율면 신추리 840번지 1호,127.5164334240,37.0915726310,
이천시,정성농장,육계,17317,경기도 이천시 부발읍 두무재로79번길 24-217,경기도 이천시 부발읍 대관리 32번지 3호,127.5451411520,37.3031054920,
이천시,주강농장,육계,17402,,경기도 이천시 대월면 구시리 551번지 5호,127.4936502093,37.2037852794,
이천시,진영농장,산란계,17405,,경기도 이천시 부발읍 가산리 428번지,127.5048189069,37.2505557813,
이천시,청리농장,육계,17382,경기도 이천시 마장면 마도로169번길 107,경기도 이천시 마장면 관리 999번지,127.3469483379,37.2694375643,
이천시,최O복,육계,17424,경기도 이천시 율면 주래본죽로612번길 113-20,경기도 이천시 율면 북두리 271번지 1호,127.5325168019,37.0704354219,
이천시,춘하농장,육계,17308,경기도 이천시 사음로 74,경기도 이천시 사음동 279번지 4호,127.4187130108,37.3010222735,
이천시,크로바농장,산란계,17421,경기도 이천시 장호원읍 경충대로141번길 71-18,경기도 이천시 장호원읍 진암리 357번지,127.6087847128,37.1236282637,
이천시,태원농장,육계,17410,,경기도 이천시 설성면 암산리 543번지 2호,127.5390433352,37.1556806893,
이천시,풍계농장,육계,17414,,"경기도 이천시 장호원읍 풍계리 682번지 17호 산64-4,산64-5,690-2,682-19",127.6065077455,37.1642044349,
이천시,풍계농장,육계,17414,,"경기도 이천시 장호원읍 풍계리 682번지 17호 산64-4,산64-5,690-2,682-19",127.6065077455,37.1642044349,
이천시,풍한농장,산란계,17342,경기도 이천시 대월면 경충대로 1885-23,경기도 이천시 대월면 초지리 61번지 1호,127.5057944570,37.2362253735,
이천시,한누리농장,육계,17404,경기도 이천시 대월면 대평로490번길 39-25,경기도 이천시 대월면 장평리 417번지 6호,127.5189005842,37.2130847200,
이천시,한마음농장,산란계,17413,경기도 이천시 설성면 설장로 374-108,경기도 이천시 설성면 신필리 83번지,127.5518175763,37.1241579990,
이천시,호현농장,육계,17414,,경기도 이천시 장호원읍 와현리 417번지 16호,127.6048074307,37.1457058747,
이천시,희망축산,육계,17310,경기도 이천시 백사면 원적로618번길 300-82,경기도 이천시 백사면 신대리 291번지,127.4614854515,37.3163797503,
파주시,-,산란계,10955,,경기도 파주시 광탄면 용미리 159-12,126.8817299000,37.7447881000,10000
파주시,가월농장,산란계,10803,경기도 파주시 적성면 칠중7길 240,경기도 파주시 적성면 가월리 198,126.9106306000,37.9615710000,48000
파주시,강현농장,육계,10801,경기도 파주시 적성면 장마루16길 346-38,경기도 파주시 적성면 답곡리 506번지,126.8551131000,37.9494060000,20000
파주시,고산농장,산란계,10801,경기도 파주시 파평면 술이홀로 1976-11,경기도 파주시 파평면 덕천리 1-2,126.9046108000,37.9360700000,10000
파주시,교하농장,육계,,,경기도 파주시 오도동 산 21번지,126.7187868000,37.7429583000,1000
파주시,구구농장,산란계,10804,경기도 파주시 적성면 산덕골길 108,경기도 파주시 적성면 장현1리 42-2,126.9843726000,37.9879306000,17000
파주시,구구양계장,산란계,10833,,경기도 파주시 파주읍 향양3리 136,126.8233341000,37.8566651000,12000
파주시,구구파평농장,산란계,10801,경기도 파주시 파평면 파산서원길 215,경기도 파주시 파평면 덕천리 491-1,126.8533052000,37.9376286000,65000
파주시,구자화농장,육계,10867,경기도 파주시 하지석길 270-66,경기도 파주시 하지석동 174번지 1호,126.7480121000,37.7565034000,35000
파주시,궂모닝농장,육계,15521,경기도 안산시 상록구 비석거리길 23,경기도 안산시 상록구 건건동 861-3(비석거리길 23),126.9064564158,37.3025063277,3500
파주시,금양농장,육계,10833,경기도 파주시 파주읍 바리골길 305-29,경기도 파주시 파주읍 향양리 63번지 3호,126.8243093000,37.8528016000,2000
파주시,길농장,육계,10833,,경기도 파주시 문산읍 선유리 29번지 1호,126.8195872000,37.8600829000,24000
파주시,꼬끼촌,육계,10804,경기도 파주시 적성면 장뜰안길 58,경기도 파주시 적성면 장현리 227번지,126.9724587000,37.9772883000,20000
파주시,당하리농장,육계,10866,,경기도 파주시 당하동 240번지 144호,126.7458552000,37.7436151000,20000
파주시,대가농장,육계,10858,경기도 파주시 탄현면 새오리로 59-40,경기도 파주시 탄현면 성동리 193번지 1호,126.6841866000,37.7896381000,150
파주시,대길농장,육계,10804,경기도 파주시 적성면 배우니안길 38-30,경기도 파주시 적성면 객현리 118번지,126.9601036000,37.9680410000,34000
파주시,대능축산,육계,10828,경기도 파주시 법원읍 오류골길 107-8,경기도 파주시 법원읍 대능리 10번지 5호,126.8817528000,37.8420274000,13000
파주시,대명농장,육계,10804,,경기도 파주시 적성면 장현리 213번지,126.9757605000,37.9742350000,20000
파주시,대명농장,육계,10806,,경기도 파주시 법원읍 금곡리 314번지,126.8768051000,37.8854383000,8500
파주시,대성농장,육계,10829,경기도 파주시 법원읍 둔방이길 236-39,경기도 파주시 법원읍 삼방리 177번지,126.8825284000,37.8331899000,34303
파주시,덕동양계,산란계,,,경기도 파주시 광탄면 용미리 산49,126.8893568000,37.7432460000,10000
파주시,덕일농장,산란계,10801,경기도 파주시 파평면 청송로432번길 48-23,경기도 파주시 파평면 눌노리 35-4,126.8634131000,37.9281813000,10800
파주시,두리농장,육계,15209,경기도 안산시 단원구 꽃우물길 143,경기도 안산시 단원구 화정동 129(꽃우물길 143),126.8278238933,37.3583873858,30000
파주시,마정농장,육계,10808,경기도 파주시 문산읍 마정로 166-14,경기도 파주시 문산읍 마정리 915번지 2호,126.7555938000,37.8922373000,20469
파주시,문산농장,육계,,,경기도 파주시 문산읍 당동리 산 102번지 1호,126.7852298000,37.8657544000,1125
파주시,미리농장,육계,10809,경기도 파주시 파평면 배머리길 751-17,경기도 파주시 파평면 마산리 333번지 7호,126.8516086000,37.8828860000,50000
파주시,밤골농장,산란계,10846,경기도 파주시 탄현면 검산로519번길 46-56,경기도 파주시 탄현면 축현리 361-1,126.7264922000,37.8004482000,3000
파주시,백두농장,육계,10911,경기도 파주시 솔아래길 65,경기도 파주시 상지석동 442번지 2호,126.7802601000,37.7344863000,36000
파주시,백운농장,육계,10804,,경기도 파주시 적성면 객현리 70번지,126.9559660000,37.9605167000,52930
파주시,베드로농장,육계,10808,,경기도 파주시 문산읍 마정리 67번지,126.7677057000,37.8979921000,2003
파주시,부곡양계장,산란계,10839,경기도 파주시 파주읍 여울길 147,경기도 파주시 파주읍 부곡3리 120-1,126.8286753000,37.8081124000,30000
파주시,삼도농장,육계,10808,,경기도 파주시 문산읍 마정리 52번지 2호,126.7692345000,37.8999051000,36516
파주시,삼도농장,육계,10808,,경기도 파주시 문산읍 마정리 455번지 2호,126.7577308000,37.8957374000,41413
파주시,삼방농장,육계,,,경기도 안산시 단원구 화정동 165(너비울길97),126.8265770752,37.3557816036,12000
파주시,삼성농장,육계,10887,경기도 파주시 두일골길 149-30,경기도 파주시 동패동 1456번지,126.7110251000,37.7114870000,12000
파주시,삼성농장,육계,10807,경기도 파주시 법원읍 화합로 588-152,경기도 파주시 법원읍 갈곡리 2번지,126.9344688000,37.8523855000,2000
파주시,상훈농장,산란계,10804,경기도 파주시 적성면 어삼로182번길 76,경기도 파주시 적성면 어유지2리 458,126.9782314000,38.0048397000,25000
파주시,새말농장,산란계,10860,경기도 파주시 탄현면 장릉로49번길 8,경기도 파주시 탄현면 갈현리 821-97,126.7147433000,37.7704455000,20000
파주시,샛골농장,육계,10810,경기도 파주시 문산읍 배머리길 169-50,경기도 파주시 문산읍 이천리 287번지,126.8354250000,37.8664671000,750
파주시,석봉농장,육계,10830,,경기도 파주시 광탄면 발랑리 386번지 6호,126.8905275000,37.8093679000,32000
파주시,석태농장,육계,10818,,경기도 파주시 문산읍 사목리 93번지,126.7622561000,37.8781335000,25000
파주시,선화농장,육계,10808,,경기도 파주시 문산읍 장산리 164번지,126.7792818000,37.9010688000,13000
파주시,성수농장,육계,10954,,경기도 파주시 광탄면 분수리 88번지,126.8798937000,37.7573995000,30000
파주시,성원농장,육계,10946,경기도 파주시 월롱면 통일로 1031-77,경기도 파주시 월롱면 덕은리 435번지,126.7895066000,37.8013630000,12000
파주시,소래영농조합법인,육계,10955,경기도 파주시 광탄면 장지산로141번길 45,경기도 파주시 광탄면 용미리 133번지 11호,126.8828609000,37.7470416000,50000
파주시,소래축산,육계,10955,경기도 파주시 광탄면 장지산로141번길 22,경기도 파주시 광탄면 용미리 120번지 2호,126.8830636000,37.7479788000,28000
파주시,소래축산,육계,15301,경기도 안산시 상록구 만수동천길 22-14,경기도 안산시 상록구 부곡동 248(만수동천길 22-14),126.8737708217,37.3412550813,30000
파주시,소래축산,육계,10955,경기도 파주시 광탄면 양천말길 185,경기도 파주시 광탄면 용미리 146번지,126.8844733000,37.7462594000,29666
파주시,송보농장,육계,10839,경기도 파주시 파주읍 매바위길 333-63,경기도 파주시 파주읍 백석리 396번지 2호,126.8060900000,37.8120320000,8000
파주시,송보농장,육계,10839,경기도 파주시 파주읍 매바위길 333-63,경기도 파주시 파주읍 백석리 396번지 2호,126.8060900000,37.8120320000,8000
파주시,송윤농장,육계,10807,경기도 파주시 법원읍 칡울길 101-72,경기도 파주시 법원읍 갈곡리 304번지,126.9070814000,37.8554657000,250
파주시,송현농장,산란계,10804,경기도 파주시 적성면 율곡로2663번길 126,경기도 파주시 적성면 장현1리 362-3,126.9717943000,37.9875136000,12000
파주시,수영농장,육계,,,경기도 안산시 상록구 사사동 346,126.9209823547,37.2935971344,35000
파주시,수영농장,육계,10863,경기도 파주시 소라지로 138-59,경기도 파주시 연다산동 407번지,126.7026360000,37.7388370000,30000
파주시,신한농장,산란계,10804,경기도 파주시 적성면 서녘놀길 33-65,경기도 파주시 적성면 어유지1리 339,126.9806824000,37.9947319000,90000
파주시,심O식,육계,10867,경기도 파주시 방촌로 63,경기도 파주시 하지석동 450번지 1호,126.7360137000,37.7544227000,200
파주시,아람농장,육계,15207,경기도 안산시 상록구 새말1길 60,경기도 안산시 상록구 장상동 494-3(새말1길 60),126.8658486130,37.3475622954,20000
파주시,양호농장,육계,10952,경기도 파주시 광탄면 우랑길 185,경기도 파주시 광탄면 마장리 242번지 2호,126.8710578000,37.7870853000,50000
파주시,억수농장,육계,10836,경기도 파주시 파주읍 통일로1546번길 189,경기도 파주시 파주읍 봉서리 440번지,126.7958189000,37.8463583000,20000
파주시,영광농장,육계,10948,경기도 파주시 광탄면 외화산길 499,경기도 파주시 광탄면 신산리 262번지 2호,126.8418656000,37.7999236000,15000
파주시,영광농장,육계,10952,경기도 파주시 광탄면 보광로1128번길 41-41,경기도 파주시 광탄면 마장리 267번지 3호,126.8727515000,37.7922857000,2600
파주시,오두산전망대농장,육계,10862,,경기도 파주시 탄현면 성동리 472번지,126.6817146000,37.7837212000,400
파주시,오복농장,산란계,10952,경기도 파주시 광탄면 보광로1128번길 39-36,경기도 파주시 광탄면 마장리 249-13,126.8713380000,37.7891398000,4000
파주시,온누리농장,육계,15210,경기도 안산시 단원구 꽃우물길 103-55,경기도 안산시 단원구 화정동 507(꽃우물길 103-55),126.8273764228,37.3615042297,1000
파주시,용미토종닭농장,육계,10955,,경기도 파주시 광탄면 용미리 133번지 4호,126.8846643000,37.7474579000,800
파주시,용운농장,육계,10803,경기도 파주시 적성면 칠중7길 100-86,경기도 파주시 적성면 구읍리 677번지,126.9177114000,37.9590087000,18333
파주시,우리농장,육계,10839,경기도 파주시 파주읍 매바위길 333-63,경기도 파주시 파주읍 백석리 396번지 2호,126.8060900000,37.8120320000,700
파주시,우리농장,육계,10818,경기도 파주시 문산읍 반구정로 232-64,경기도 파주시 문산읍 사목리 692번지,126.7496491000,37.8786567000,300
파주시,원투쓰리농장,육계,10806,,경기도 파주시 법원읍 금곡리 410번지,126.8793101000,37.8761613000,30000
파주시,원흥농원,육계,,,경기도 파주시 광탄면 용미리 산 85번지,126.8893568000,37.7432460000,300
파주시,월롱축산,산란계,10947,경기도 파주시 월롱면 정문로487번길 183,경기도 파주시 월롱면 도내리 731-2,126.8080896000,37.7987013000,30000
파주시,이O상,육계,10848,경기도 파주시 노루마당길 148,경기도 파주시 검산동 28번지,126.7488735000,37.7866690000,2000
파주시,이삭농장,육계,10833,경기도 파주시 파주읍 성현안길 240-64,경기도 파주시 파주읍 향양리 127번지,126.8198117000,37.8566056000,1000
파주시,이천농장,육계,10810,,경기도 파주시 문산읍 이천리 178번지 1호,126.8388693000,37.8711928000,21382
파주시,이천농장,육계,10810,,경기도 파주시 문산읍 이천리 23번지 1호,126.8417534000,37.8724401000,19500
파주시,이화농장,육계,10807,,경기도 파주시 법원읍 오현리 572번지,126.9215548000,37.8788288000,20000
파주시,인왕축산,육계,,,경기도 파주시 파주읍 연풍리 산 18번지 9호,126.8312295000,37.8330002000,20016
파주시,일신농장,육계,10838,,경기도 파주시 파주읍 봉암리 446번지,126.7941258000,37.8222731000,16484
파주시,자연농장,육계,15208,경기도 안산시 상록구 장하로 182-48,경기도 안산시 상록구 장하동 130(장하로 182-48),126.8631803073,37.3501721199,2000
파주시,자인농원,육계,10841,경기도 파주시 문산읍 문현말길 274-105,경기도 파주시 문산읍 내포리 628번지,126.7626816000,37.8381058000,1250
파주시,장산농장Ⅰ,육계,15524,,경기도 안산시 상록구 사사동 316(사사안골3길 20),126.9168694584,37.2905127120,30000
파주시,장산농장Ⅱ,육계,15524,,경기도 안산시 상록구 사사동 318,126.9176809305,37.2909548012,25000
파주시,재림농장,산란계,10833,경기도 파주시 파주읍 성현안길 240-108,경기도 파주시 파주읍 향양3리 135,126.8226760000,37.8563037000,12000
파주시,정일농장,육계,10880,경기도 파주시 지목로 151-2,경기도 파주시 신촌동 37번지,126.7051283000,37.7312302000,16000
파주시,제일농장,육계,10808,경기도 파주시 문산읍 마정로162번길 62,경기도 파주시 문산읍 마정리 478번지,126.7583409000,37.8934593000,15700
파주시,조산농장,육계,10950,경기도 파주시 조리읍 뇌조로178번길 46,경기도 파주시 조리읍 뇌조리 124번지 4호,126.8205091000,37.7533134000,20000
파주시,주식회사농업법인 파주,육계,15200,경기도 안산시 상록구 지장골길 51-21,경기도 안산시 상록구 수암동 16(지장골길 51-21),126.8809557343,37.3713926360,1200
파주시,준수네 농장,육계,10838,,경기도 파주시 파주읍 봉암리 309번지,126.8013741000,37.8298627000,100
파주시,진미농장,육계,10867,경기도 파주시 교하로 1342-2,경기도 파주시 교하동 520번지,126.7411540000,37.7512268000,25000
파주시,진흥농장,육계,10911,경기도 파주시 솔아래길 79-6,경기도 파주시 상지석동 712번지,126.7789872000,37.7352858000,45000
파주시,청암목장,육계,10808,경기도 파주시 문산읍 장산로76번길 14-175,경기도 파주시 문산읍 장산리 105번지,126.7747342000,37.8898795000,30000
파주시,청풍농장,육계,10951,경기도 파주시 광탄면 소라울2길 60-38,경기도 파주시 광탄면 창만리 439번지 4 호,126.8607596000,37.7879202000,1000
파주시,친환경우리농장,육계,10953,경기도 파주시 광탄면 보광로692번길 47,경기도 파주시 광탄면 영장리 193번지,126.9047534000,37.7685947000,4000
파주시,칠성농장,육계,10955,,경기도 파주시 광탄면 용미리 169번지,126.8824749000,37.7401489000,20000
파주시,탄현농장,육계,10846,,경기도 파주시 탄현면 축현리 354번지,126.7248734000,37.8021652000,60000
파주시,태완농장,육계,10804,경기도 파주시 적성면 담안길 10-41,경기도 파주시 적성면 장현리 478번지 1호,126.9627611000,37.9781233000,30000
파주시,토종닭농장,육계,10807,,경기도 파주시 법원읍 오현리 71번지 6호,126.9394916000,37.8649654000,1500
파주시,파랑새농장,육계,15210,경기도 안산시 단원구 금화로 171,경기도 안산시 단원구 화정동 산 86-10(금화로 171),126.8284925314,37.3621095594,1500
파주시,파주농장,육계,10810,,경기도 파주시 문산읍 이천리 61번지,126.8470075000,37.8763032000,13000
파주시,파평산토종닭농장,육계,10801,,경기도 파주시 파평면 덕천리 산 259번지 9호,126.9047995000,37.9396108000,1500
파주시,풍덕농장,육계,10801,경기도 파주시 파평면 장마루1길 302,경기도 파주시 파평면 덕천리 546번지,126.8499451000,37.9397055000,35000
파주시,풍산농장,육계,10818,,경기도 파주시 문산읍 사목리 93번지,126.7622561000,37.8781335000,20000
파주시,풍원농장,육계,10818,경기도 파주시 문산읍 통일로2033번길 146,경기도 파주시 문산읍 사목리 93번지 1호,126.7623222000,37.8788004000,25454
파주시,하마농장,육계,15519,경기도 안산시 상록구 수리실고개길 1-26,경기도 안산시 상록구 팔곡일동 12-21(수리실고개길1-26),126.8876791324,37.3156444607,100
파주시,해피농장,육계,15529,경기도 안산시 상록구 소학2길 9,경기도 안산시 상록구 팔곡이동 408-1(소학2길 9),126.8862427510,37.2961178962,4000
파주시,행복농장,육계,10808,,경기도 파주시 문산읍 장산리 153번지,126.7804849000,37.8979628000,36000
파주시,헤이리농장,육계,,,경기도 파주시 탄현면 법흥리 398번지,126.7110474000,37.7867256000,500
파주시,현수농장,육계,10838,경기도 파주시 파주읍 샛봉우재길 39-35,경기도 파주시 파주읍 봉암리 424번지,126.7930330000,37.8231361000,3000
파주시,현인농원,육계,10833,경기도 파주시 파주읍 우계로 213,경기도 파주시 파주읍 향양리 320번지 1호,126.8118997000,37.8446917000,1000
파주시,형제농장,육계,10847,경기도 파주시 상골길 104-43,경기도 파주시 맥금동 533번지 1호,126.7283526000,37.7916953000,24000
파주시,환희농장,육계,15201,경기도 안산시 상록구 양달말길 79-2,경기도 안산시 상록구 장상동 312-3,126.8795750598,37.3527492288,20000
파주시,황금농장,산란계,10951,경기도 파주시 광탄면 만장산로 300-39,경기도 파주시 광탄면 창만리 247-1,126.8704772000,37.7943373000,13000
파주시,황토속,육계,15210,경기도 안산시 단원구 금화로 13-17,경기도 안산시 단원구 선부동 313(금화로 13-17),126.8192185145,37.3508869091,150
파주시,희망농장,육계,15201,경기도 안산시 상록구 산신길 42,경기도 안산시 상록구 장상동 146(산신길 42),126.8775701037,37.3570900137,500
파주시,희망농장,육계,10946,경기도 파주시 월롱면 누현2길 76-13,경기도 파주시 월롱면 위전리 521번지 1호,126.7959222000,37.7890315000,28700
평택시,가을농장,육계,17724,경기도 평택시 도일로 316-23,경기도 평택시 도일동 산13-9번지,127.1286115000,37.0583235000,3900
평택시,강남부화장,산란계,17770,경기도 평택시 고덕면 고덕2로13번길 136,경기도 평택시 고덕면 율포리 184-3번지,127.0325694000,37.0452670000,390000
평택시,검은들농장,육계,17814,경기도 평택시 포승읍 석정로 218-17,경기도 평택시 포승읍 석정리 477-2번지 (등 2필지(477-2)),126.8838547000,36.9997702000,1848
평택시,고덕농장,육계,17770,경기도 평택시 고덕면 고덕로 276-13,경기도 평택시 고덕면 좌교리 374번지,127.0200125000,37.0421247000,700
평택시,광명농원,육계,17814,,경기도 평택시 포승읍 석정리 165번지 4호,126.9019652000,37.0076263000,1380
평택시,군문주말농장,육계,17923,,경기도 평택시 군문동 151번지 3호,127.0891119000,36.9858590000,87
평택시,기린부화장,산란계,17816,경기도 평택시 안중읍 안중북로 178,경기도 평택시 안중읍 덕우리 140-2번지,126.9203034000,37.0058203000,172800
평택시,길음농장,육계,17925,경기도 평택시 오성면 길음3길 73-32,경기도 평택시 오성면 길음리 206번지,126.9652115000,36.9807483000,2610
평택시,내기농장,육계,17814,경기도 평택시 포승읍 석정로 58-52,경기도 평택시 포승읍 석정리 1205-4번지,126.8819416000,36.9876309000,1463
평택시,노다지양계장,육계,,,경기도 평택시 청북읍 고렴리 산 141번지 4호,126.9183376000,37.0663074000,2178
평택시,농업회사법인 양지부화장㈜,산란계,17819,경기도 평택시 오성면 오성북로 14,경기도 평택시 오성면 죽리 148-16번지,126.9658501000,37.0072670000,384000
평택시,농업회사법인 조인㈜,산란계,17818,경기도 평택시 오성면 청오로 132,경기도 평택시 오성면 양교리 301-1번지,126.9827109000,37.0204897000,499200
평택시,농업회사법인 주식회사 해오름양계,육계,17818,경기도 평택시 오성면 오성북로 277-14,경기도 평택시 오성면 양교리 281-3번지,126.9814280000,37.0272114000,3232
평택시,당거농장,육계,17927,경기도 평택시 오성면 당거3길 48-12,경기도 평택시 오성면 당거리 18번지,127.0061282000,36.9884403000,2411
평택시,대길농장,육계,17821,경기도 평택시 고덕면 방축3길 85,경기도 평택시 고덕면 방축리 271번지,127.0453706000,37.0209343000,2160
평택시,대복농장,육계,17963,경기도 평택시 포승읍 이대원로 180-23,경기도 평택시 포승읍 희곡리 479-1번지,126.8773357000,36.9606029000,2923
평택시,대영농장,육계,17813,경기도 평택시 포승읍 석정로 374-73,경기도 평택시 포승읍 홍원리 333-8번지 (374-75),126.8793602000,37.0071544000,4648
평택시,대일농장,육계,,,경기도 평택시 팽성읍 대사리 산 10번지,127.0653911000,36.9467132000,2055
평택시,대한농장,육계,17924,경기도 평택시 고덕면 효학길 131-27,경기도 평택시 고덕면 궁리 518-8번지,127.0289840000,37.0137125000,1400
평택시,도일농장,육계,,,경기도 평택시 도일동 산 13번지 3호,127.0965903000,37.0480811000,2765
평택시,동산농장,육계,17821,경기도 평택시 고덕면 효덕새싹길 61,경기도 평택시 고덕면 궁리 64번지,127.0361781000,37.0203246000,1623
평택시,동순농장,육계,17819,경기도 평택시 오성면 청오로 33-24,경기도 평택시 오성면 숙성리 51-5번지,126.9846231000,37.0127408000,330
평택시,두곡농장,육계,17702,경기도 평택시 서탄면 마두길 59-360,경기도 평택시 서탄면 마두리 432-15번지,127.0112293000,37.1051457000,3257
평택시,둥지농장,육계,17703,,경기도 평택시 서탄면 수월암리 698번지,127.0247348000,37.1247869000,1680
평택시,마두양계장,육계,17700,경기도 평택시 서탄면 서탄1로 261,경기도 평택시 서탄면 마두리 109-2번지,127.0124227000,37.1126694000,1467
평택시,매치농장,육계,,,경기도 평택시 팽성읍 석근리 산 12번지,127.0432475000,36.9373245000,940
평택시,무지개농원,육계,17818,경기도 평택시 오성면 양교길 148-24,경기도 평택시 오성면 양교리 814-1번지,126.9595145000,37.0249888000,2340
평택시,미하농장,육계,17702,경기도 평택시 서탄면 마두길 59-234,경기도 평택시 서탄면 마두리 425-25번지,127.0076182000,37.1060920000,2100
평택시,백운농장,육계,17714,경기도 평택시 진위면 동부대로 69-6,경기도 평택시 진위면 가곡리 138-2번지,127.0804773000,37.1102837000,4446
평택시,버들농장,육계,17878,경기도 평택시 평남로 576-37,경기도 평택시 합정동 242-1번지,127.1022018000,36.9805775000,1968
평택시,범진농장,육계,17963,경기도 평택시 포승읍 이대원로 231,경기도 평택시 포승읍 희곡리 7-2번지,126.8747229000,36.9652407000,1500
평택시,부성축산,육계,17794,경기도 평택시 청북읍 청북중앙로 599-46,경기도 평택시 청북읍 고잔리 1251번지,126.8855276000,37.0661443000,1800
평택시,부성팜스,산란계,17815,경기도 평택시 안중읍 안중북로 185-56,경기도 평택시 안중읍 덕우리 119-7번지,126.9140463000,37.0049868000,230400
평택시,삼현농원,육계,17796,,경기도 평택시 청북읍 한산리 228번지 13호,126.9659000000,37.0665660000,3178
평택시,삼화농장,육계,17738,,경기도 평택시 장안동 102번지 7호,127.0899984000,37.0638456000,3056
평택시,서탄농장,육계,17703,경기도 평택시 서탄면 수월암4길 82-17,경기도 평택시 서탄면 수월암리 302번지,127.0326133000,37.1288940000,1622
평택시,선천축산,육계,17951,경기도 평택시 포승읍 곡교길 125-35,경기도 평택시 포승읍 도곡리 1068-5번지,126.8515267000,37.0032656000,2550
평택시,성산농장,육계,17704,,경기도 평택시 서탄면 수월암리 941번지 1호,127.0259498000,37.1238947000,1408
평택시,세진농장,육계,17723,경기도 평택시 삼남로 372,경기도 평택시 도일동 산152-1번지,127.0947492000,37.0594899000,1965
평택시,소망농장,육계,17927,경기도 평택시 오성면 창내뜰길 184-4,경기도 평택시 오성면 창내리 367-3번지,127.0138448000,36.9872415000,2430
평택시,수일농장,육계,17997,경기도 평택시 팽성읍 대사로 56-8,경기도 평택시 팽성읍 대사리 212-10번지,127.0586986000,36.9446350000,1200
평택시,신리농장,육계,17927,경기도 평택시 오성면 신4리길 42-10,경기도 평택시 오성면 신리 68-7번지,127.0223410000,37.0045499000,4376
평택시,신명농장,육계,17704,경기도 평택시 서탄면 서탄2로 206-46,경기도 평택시 서탄면 사리 736번지 (외1필지),127.0444796000,37.1178976000,2750
평택시,야막농장,육계,17705,경기도 평택시 진위면 야막길 46-62,경기도 평택시 진위면 야막리 118-3번지,127.0608132000,37.1275861000,2240
평택시,여두선농장,육계,17821,경기도 평택시 고덕면 효덕새싹길 120-9,경기도 평택시 고덕면 방축리 388번지,127.0412591000,37.0236840000,2248
평택시,영계마을,육계,17792,경기도 평택시 청북읍 원율북로23번길 19-56,경기도 평택시 청북읍 율북리 883번지 (외2필지),126.9784290000,37.0569279000,5542
평택시,영계마을 2농장,육계,17793,경기도 평택시 청북읍 어연길 111-33,경기도 평택시 청북읍 어연리 548-3번지,126.9866283000,37.0412058000,2584
평택시,예은농장,육계,17927,경기도 평택시 오성면 창신뜰길 103-13,경기도 평택시 오성면 신리 79-18번지,127.0088480000,37.0073537000,2484
평택시,오성농원,육계,17929,경기도 평택시 안중읍 삼정길 134-345,경기도 평택시 안중읍 삼정리 384-8번지,126.9729086000,36.9717487000,249
평택시,오성축산,육계,17794,경기도 평택시 청북읍 청북중앙로 681-1,경기도 평택시 청북읍 고잔리 1661-12번지,126.8979117000,37.0629842000,3912
평택시,우석농장,육계,17818,,"경기도 평택시 오성면 양교리 278번지 외 2필지(278-1, 278-5)",126.9823156000,37.0278513000,3654
평택시,우성농장,육계,17963,경기도 평택시 포승읍 이대원로 180-21,경기도 평택시 포승읍 희곡리 450번지,126.8767513000,36.9609087000,844
평택시,운봉농장,육계,17738,경기도 평택시 장안외길 72-51,경기도 평택시 장안동 609-1번지,127.0867786000,37.0601536000,1862
평택시,원범농장,육계,17701,경기도 평택시 서탄면 서탄2로 29,경기도 평택시 서탄면 마두리 53번지,127.0252819000,37.1103160000,968
평택시,유안농장,육계,17796,경기도 평택시 청북읍 원율북로 179,경기도 평택시 청북읍 한산리 228-20번지,126.9669344000,37.0667015000,2701
평택시,은혜농장,육계,,,경기도 평택시 현덕면 화양리 산 179번지 2호,126.9220666000,36.9745814000,2096
평택시,이조농원,육계,17963,경기도 평택시 포승읍 충열길 14-11,경기도 평택시 포승읍 희곡리 46-4번지,126.8709657000,36.9691022000,926
평택시,인주종계,육계,17819,경기도 평택시 오성면 서동대로 2265,경기도 평택시 오성면 안화리 411-4번지,126.9922863000,37.0123273000,2350
평택시,일진농장,육계,,,경기도 평택시 청북읍 삼계리 산 32번지 4호,126.9200255000,37.0444668000,2700
평택시,장게농장,육계,17790,경기도 평택시 청북읍 율북로 232-31,경기도 평택시 청북읍 율북리 160-1번지 (외3필지),126.9904568000,37.0689319000,3420
평택시,재래토종닭 농장,육계,17875,경기도 평택시 청룡길 156-100,경기도 평택시 청룡동 44번지 6호,127.1293337000,37.0328227000,100
평택시,재엽농장,육계,17927,경기도 평택시 오성면 창내뜰길 184-5,경기도 평택시 오성면 창내리 367-4번지,127.0138448000,36.9867999000,2430
평택시,조현일농장,육계,17821,경기도 평택시 고덕면 효덕새싹길 99,경기도 평택시 고덕면 궁리 34-1번지,127.0389210000,37.0223511000,1926
평택시,준현농장,육계,17963,경기도 평택시 포승읍 이대원로 231,경기도 평택시 포승읍 희곡리 7-2번지,126.8747229000,36.9652407000,2610
평택시,창내농장,육계,17927,경기도 평택시 오성면 창내뜰길 184,경기도 평택시 오성면 창내리 133-35번지 (외 2필지),127.0138676000,36.9890796000,4375
평택시,청운축산,육계,17794,경기도 평택시 청북읍 청북중앙로 661-23,경기도 평택시 청북읍 고잔리 1659-4번지,126.8949421000,37.0638465000,2113
평택시,태정농장,육계,17814,경기도 평택시 포승읍 원석정용소길 98-19,경기도 평택시 포승읍 석정리 592번지,126.8923867000,36.9961832000,1584
평택시,태평농장,육계,17820,경기도 평택시 고덕면 서동대로 2561,경기도 평택시 고덕면 궁리 360-2번지,127.0245691000,37.0174078000,787
평택시,토종닭농원,육계,17844,경기도 평택시 세교산단로101번길 36,경기도 평택시 세교동 산26-13번지,127.0783352000,37.0149349000,67
평택시,푸른농장,육계,17927,경기도 평택시 오성면 강변로 970,경기도 평택시 오성면 창내리 165-2번지,127.0247386000,36.9813830000,2187
평택시,한국축산영농조합법인 부화장,산란계,17794,경기도 평택시 청북읍 고잔2길 59-32,경기도 평택시 청북읍 고잔리 574-4번지,126.9008268000,37.0522911000,68000
평택시,한솔농장,육계,,,경기도 평택시 도일동 산 2번지 1호,127.0965903000,37.0480811000,1899
평택시,현덕농장,육계,,,경기도 평택시 현덕면 도대리 산 3번지,126.9122794000,36.9506778000,1368
평택시,효진농장,육계,17814,경기도 평택시 포승읍 새원길 99,경기도 평택시 포승읍 석정리 465번지,126.8852420000,37.0034930000,2590
포천시,-,산란계,11127,경기도 포천시 영중면 호국로 3330,경기도 포천시 영중면 성동리 382번지,127.2626195000,38.0347000000,
포천시,-,산란계,11102,,경기도 포천시 영북면 자일리,127.2865200000,38.1034287000,
포천시,-,산란계,11127,경기도 포천시 영중면 호국로 3369,경기도 포천시 영중면 성동리 372번지 13호,127.2624270000,38.0382590000,
포천시,-,산란계,11118,,경기도 포천시 일동면 사직리 154번지 1호 외1필지(164-5),127.3559550000,38.0042403000,
포천시,153농장,육계,12720,경기도 광주시 곤지암읍 광여로862번길 86,경기도 광주시 곤지암읍 건업리 405,127.4095732263,37.3840101421,25000
포천시,LA농장,육계,12729,경기도 광주시 초월읍 산수로554번길 11,경기도 광주시 초월읍 신월리 409-1,127.3070816050,37.4118348774,1000
포천시,가나안농장,산란계,11128,경기도 포천시 영중면 호국로 2908-67,경기도 포천시 영중면 양문리 569번지,127.2510941000,38.0014542000,
포천시,가농바이오(주),산란계,11166,경기도 포천시 가산면 마금길 151,경기도 포천시 가산면 우금리 618번지 6호,127.2092415000,37.8386205000,
포천시,가람농장,산란계,11137,경기도 포천시 신북면 간자동길 111,경기도 포천시 신북면 삼정리 226번지,127.1474999000,37.9672392000,
포천시,가람농장,육계,,,경기도 광명시 광명동 537번지,126.8431030039,37.4614030180,35000
포천시,가온농장,산란계,11134,,경기도 포천시 창수면 주원리 65번지 5호,127.1902961000,38.0147652000,
포천시,감천종계(본농장),산란계,11136,경기도 포천시 신북면 포천로2721번길 148,경기도 포천시 신북면 고일리 343번지,127.1710219000,37.9769559000,
포천시,강포농장,산란계,11102,,경기도 포천시 영북면 자일리 341번지 1호,127.2899290000,38.1151141000,
포천시,거사리농장,육계,15647,경기도 안산시 단원구 한사위길 10,경기도 안산시 단원구 대부남동 1178-3(한사위길 10),126.5479352134,37.2280397289,0
포천시,경란농장,육계,12472,경기도 가평군 설악면 유명로 1028-95,경기도 가평군 설악면 방일리 478-1,127.4900044315,37.6299810752,3500
포천시,경복농장,육계,12764,경기도 광주시 역동로 52-133,경기도 광주시 역동 84,127.2491194472,37.4034192530,25000
포천시,경원농장,육계,11432,경기도 양주시 은현면 삼일로342번길 116,경기도 양주시 은현면 도하리 623번지,126.9973487793,37.8475312561,24000
포천시,경호농장,산란계,11102,경기도 포천시 영북면 호국로 4361-56,경기도 포천시 영북면 자일리 344번지 1호,127.2892802000,38.1154129000,
포천시,경환농장,육계,15210,경기도 안산시 단원구 달미산길 89,경기도 안산시 단원구 선부동 242(달미산길 89),126.8139139758,37.3553656066,45000
포천시,계림농장,산란계,11134,경기도 포천시 창수면 옥수로214번길 102,경기도 포천시 창수면 주원리 35번지 6호,127.1967997000,38.0066464000,
포천시,계림농장,산란계,11136,경기도 포천시 신북면 삼성당길 57,경기도 포천시 신북면 삼성당리 574번지,127.1934075000,37.9497680000,
포천시,계림농장,육계,,,경기도 과천시 주암동 산5-2,127.0358052882,37.4562446172,70000
포천시,계림농장,육계,11489,,경기도 양주시 광사동 533번지 1호,127.0662634516,37.7750423075,30000
포천시,곽○○,육계,12409,경기도 가평군 가평읍 각담말길 174,경기도 가평군 가평읍 마장리 208-1,127.5132943535,37.8710027056,11000
포천시,관인양계장,산란계,11101,,경기도 포천시 관인면 초과리 143번지 2호,127.2465437000,38.1503018000,
포천시,광원농장,산란계,11134,경기도 포천시 창수면 옥수로 381,경기도 포천시 창수면 주원리 488번지,127.1810235000,38.0134553000,
포천시,군내농장,육계,12411,경기도 가평군 가평읍 잎너비길 35-237,경기도 가평군 가평읍 읍내리87,127.5115514145,37.8505681735,60000
포천시,근상농장,산란계,11134,경기도 포천시 창수면 옥수로214번길 124,경기도 포천시 창수면 주원리 27번지,127.1959366000,38.0075127000,
포천시,금동농장,육계,,,경기도 과천시 과천동 233-10,127.0053906986,37.4458786559,40000
포천시,금성농장,산란계,11162,경기도 포천시 호국로1014번길 41,경기도 포천시 선단동 9번지 4호,127.1716921000,37.8569153000,
포천시,기산농장,산란계,11119,경기도 포천시 일동면 화동로918번길 56,경기도 포천시 일동면 기산리 618번지 2호,127.3146486000,37.9426082000,
포천시,김○○,육계,15645,,경기도 안산시 단원구 대부북동 253-4(새방죽1길 100),126.5823521296,37.2454846698,30000
포천시,김○○,육계,13816,경기도 과천시 경마공원대로 118-5,경기도 과천시 과천동 192-4,127.0062493869,37.4422746275,25000
포천시,김○○,육계,13820,경기도 과천시 원주암길 32,경기도 과천시 주암동 104번지,127.0329459739,37.4566057788,30000
포천시,나○○,육계,12465,경기도 가평군 설악면 한서로23번길 24,경기도 가평군 설악면 신천리 125-2,127.4972001730,37.6764767781,200
포천시,남매농장,육계,11409,경기도 양주시 남면 감악산로83번길 393-25,경기도 양주시 남면 상수리 524번지,126.9795159900,37.8676109781,20000
포천시,남송농장,육계,13820,,경기도 과천시 주암동 산17,127.0305486468,37.4532186038,10000
포천시,너베기농장,육계,13821,,경기도 과천시 과천동 139-22,127.0083289804,37.4474372896,50000
포천시,노○○,육계,13826,,경기도 과천시 문원동 214,126.9999785074,37.4247140830,20000
포천시,노적농장,육계,13820,경기도 과천시 물사랑로 184-30,경기도 과천시 주암동 212-1,127.0259720155,37.4551026767,70000
포천시,농업회사법인 (주)서림축산,산란계,11101,경기도 포천시 관인면 윗찬물길 66,경기도 포천시 관인면 탄동리 392번지,127.2624515000,38.1547722000,
포천시,농업회사법인 세모에프앤씨(주),육계,15645,,경기도 안산시 단원구 대부북동 253-1(새방죽1길 100),126.5823521296,37.2454846698,5000
포천시,농업회사법인 인천축산 주식회사,육계,12409,경기도 가평군 가평읍 각담말길 143,경기도 가평군 가평읍 마장리 203,127.5156825885,37.8695868822,16000
포천시,농업회사법인 최연축산(주),산란계,11134,경기도 포천시 창수면 옥수로214번길 107,경기도 포천시 창수면 주원리 136번지 1호,127.1941624000,38.0083174000,
포천시,농업회사법인 치크월드 주식회사,산란계,11102,경기도 포천시 영북면 북원로248번길 56-2,경기도 포천시 영북면 자일리 1009번지 7호,127.2777638000,38.1216656000,
포천시,농업회사법인(주)에스앤마니커 일동지점,육계,15643,,경기도 안산시 단원구 대부동동 22(영전2길 40-22),126.6188757383,37.2441220458,70000
포천시,늘푸른농장,산란계,11124,경기도 포천시 화현면 봉화로 696-86,경기도 포천시 화현면 지현리 197번지 4호,127.2739319000,37.9113298000,
포천시,늘푸른농장,산란계,11118,,"경기도 포천시 일동면 사직리 353번지 3호 , 8, 9호",127.3511181000,37.9806057000,
포천시,늘푸른농장,산란계,11134,,경기도 포천시 창수면 주원리 55번지 8호,127.1949613000,38.0133973000,
포천시,능원농장,육계,17413,경기도 이천시 설성면 신암로105번길 112,경기도 이천시 설성면 신필리 257번지,127.5454333192,37.1330446004,4000
포천시,다랑골농장,산란계,11102,경기도 포천시 영북면 영북로238번길 165,경기도 포천시 영북면 자일리 494번지,127.2843693000,38.1015330000,
포천시,대명농장,육계,12463,경기도 가평군 설악면 한서로210번길 17-42,경기도 가평군 설악면 위곡리 801,127.5146897745,37.6680863455,70000
포천시,대붕농장,산란계,11152,경기도 포천시 군내면 반월산성로317번길 104-28,경기도 포천시 군내면 상성북리 242번지 1호,127.2384869000,37.8970002000,
포천시,대성농장,산란계,11102,경기도 포천시 영북면 호국로4350번길 136-87,경기도 포천시 영북면 자일리 51번지,127.3033945000,38.1091975000,
포천시,대성농장,산란계,11130,,경기도 포천시 영중면 거사리,127.2444063000,37.9757380000,
포천시,대성농장,산란계,11109,경기도 포천시 영북면 호국로3421번길 89,경기도 포천시 영북면 야미리 725번지,127.2606009000,38.0469838000,
포천시,대성농장,육계,13825,,경기도 과천시 문원동 501,126.9971098064,37.4135775482,50000
포천시,대정농장,육계,12409,경기도 가평군 가평읍 각담말길 127,경기도 가평군 가평읍 마장리 220-2,127.5154123418,37.8683087419,23000
포천시,대진농장,산란계,11102,경기도 포천시 영북면 호국로4232번길 19,경기도 포천시 영북면 자일리 447번지 6호,127.2854506000,38.1040259000,
포천시,대흥농장,산란계,11109,경기도 포천시 영북면 호국로3552번길 51-112,경기도 포천시 영북면 야미리 127번지,127.2768215000,38.0555868000,
포천시,대흥농장,육계,11489,경기도 양주시 부흥로 1896,경기도 양주시 광사동 182번지,127.0748947150,37.7917319424,12000
포천시,덕기농장,육계,13825,경기도 과천시 매봉로 49,경기도 과천시 문원동 938-1,126.9970534134,37.4124693074,52
포천시,동우영농조합법인,산란계,11102,,경기도 포천시 영북면 자일리,127.2865200000,38.1034287000,
포천시,두레,산란계,11109,경기도 포천시 영북면 호국로3497번길 94,경기도 포천시 영북면 야미리 727번지,127.2603997000,38.0480924000,
포천시,류씨농장,산란계,11102,경기도 포천시 영북면 영북로238번길 199,경기도 포천시 영북면 자일리 447번지 1호,127.2863984000,38.1044200000,
포천시,만세농장,산란계,11139,경기도 포천시 신북면 호국로 2445,경기도 포천시 신북면 만세교리 61번지 4호,127.2467925000,37.9642373000,
포천시,맑은햇살농장,산란계,11130,경기도 포천시 영중면 은잿말길 68-18,경기도 포천시 영중면 거사리 497번지 3호,127.2321026000,38.0048712000,
포천시,맑음농장,산란계,11110,경기도 포천시 이동면 금강로 5863,경기도 포천시 이동면 도평리 374번지 2호,127.3742497000,38.0557068000,
포천시,명산농장,육계,11448,경기도 양주시 칠봉산로227번길 75-34,경기도 양주시 봉양동 633번지,127.0744768469,37.8528071518,25000
포천시,명진농장,산란계,11102,경기도 포천시 영북면 북원로166번길 77-22,경기도 포천시 영북면 자일리 1010번지,127.2784520000,38.1227181000,
포천시,명진농장,육계,15653,,경기도 안산시 단원구 대부남동 964(고랫부리길 15-5),126.5648566105,37.2110380277,35000
포천시,무송양계,산란계,11134,경기도 포천시 창수면 옥수로298번길 70,경기도 포천시 창수면 주원리 83번지 1호,127.1918598000,38.0117627000,
포천시,무진축산,육계,13820,경기도 과천시 죽바위로 17,경기도 과천시 주암동 167-4,127.0303006264,37.4549125420,35000
포천시,문암농장,육계,11405,경기도 양주시 남면 삼일로 834,경기도 양주시 남면 입암리 229번지,126.9949357488,37.8880822733,30000
포천시,미래농장,산란계,11134,경기도 포천시 창수면 옥수로298번길 90,경기도 포천시 창수면 주원리 81번지 1호,127.1943777000,38.0122901000,
포천시,민농장,산란계,11128,경기도 포천시 영중면 호국로 2726-63,경기도 포천시 영중면 양문리 672번지,127.2468727000,37.9884899000,
포천시,믿음농장,산란계,11101,경기도 포천시 관인면 윗찬물길 379,경기도 포천시 관인면 냉정리 929번지 4호,127.2708730000,38.1333571000,
포천시,박○○,육계,12469,경기도 가평군 설악면 유명로 1090-246,경기도 가평군 설악면 천안리 3-4,127.4888898036,37.6362563835,20
포천시,박○○,육계,15645,,경기도 안산시 단원구 대부북동 253-5(새방죽1길 100),126.5823521296,37.2454846698,35000
포천시,백로주농장,육계,15651,,경기도 안산시 단원구 선감동 268-9,126.6385708223,37.2195140886,6000
포천시,버들농장,산란계,11102,경기도 포천시 영북면 영북로238번길 199,경기도 포천시 영북면 자일리 447번지 1호,127.2863984000,38.1044200000,
포천시,범수농장,육계,11516,,경기도 양주시 백석읍 가업리 235번지 1호,126.9760782773,37.7887867720,20000
포천시,보성농장,육계,15644,경기도 안산시 단원구 동주길 20,경기도 안산시 단원구 대부동동 650-12(동주길 20),126.6028202583,37.2346801899,8000
포천시,복골농장,육계,17412,,경기도 이천시 설성면 수산리 275번지,127.4987379093,37.1497921823,3500
포천시,봄율농장,육계,12463,경기도 가평군 설악면 한서로210번길 103,경기도 가평군 설악면 위곡리 461-2,127.5174162442,37.6607857290,80000
포천시,부엉농산,육계,15645,,경기도 안산시 단원구 대부북동 253-6(새방죽1길 100),126.5823521296,37.2454846698,80000
포천시,산마루농장,육계,12463,경기도 가평군 설악면 한서로 320-5,경기도 가평군 설악면 위곡리 636-2,127.5245589073,37.6725298795,20000
포천시,산마을농장,산란계,11108,경기도 포천시 영북면 방골길 512,경기도 포천시 영북면 대회산리 216번지,127.2303165000,38.0679743000,
포천시,삼삼농장,산란계,11112,,경기도 포천시 이동면 노곡리,127.3608667000,38.0192076000,
포천시,삼성농장,산란계,11128,경기도 포천시 영중면 먼재길 14,경기도 포천시 영중면 양문리 603번지,127.2492984000,37.9990165000,
포천시,삼성양계,산란계,11130,경기도 포천시 영중면 은잿말3길 39,경기도 포천시 영중면 거사리 937번지 1호,127.2264013000,37.9983776000,
포천시,삼우농장,산란계,11134,경기도 포천시 창수면 포천로2797번길 35,경기도 포천시 창수면 추동리 734번지 1호 외1필지(736-1),127.1666870000,37.9929533000,
포천시,삼호농장,육계,15642,경기도 안산시 단원구 당전길 39,경기도 안산시 단원구 대부동동 914(당전길 39),126.6005175284,37.2460073089,80000
포천시,상우축산,육계,11341,경기도 동두천시 삼육사로548번길 42,경기도 동두천시 상패동 1007,127.0123766316,37.9078576157,30000
포천시,상주농장,산란계,11102,경기도 포천시 영북면 영북로238번길 195,경기도 포천시 영북면 자일리 447번지 2호,127.2862263000,38.1041411000,
포천시,상지농장,육계,11424,경기도 양주시 광적면 부흥로230번길 262-46,경기도 양주시 광적면 비암리 96번지,126.9332775055,37.8022023875,2000
포천시,새마을농장,산란계,11128,,경기도 포천시 영중면 양문리 253번지,127.2513222000,37.9982105000,
포천시,새청농원,육계,12424,경기도 가평군 가평읍 달전천벚꽃길 173-29,경기도 가평군 가평읍 하색리 212,127.5003847255,37.8085963164,300
포천시,샘터농장,산란계,11112,경기도 포천시 이동면 성장로901번길 133,경기도 포천시 이동면 노곡리 725번지,127.3359497000,38.0192357000,
포천시,생수농장,육계,13815,,경기도 과천시 과천동 329-2,126.9984748217,37.4438243161,50000
포천시,서부농장,산란계,11102,경기도 포천시 영북면 호국로 4266,경기도 포천시 영북면 자일리 539번지 2호,127.2855383000,38.1060887000,
포천시,서부축산,산란계,11109,경기도 포천시 영북면 호국로 3416-18,경기도 포천시 영북면 야미리 416번지 1호 외 6필지,127.2689324000,38.0417039000,
포천시,서울농장,산란계,11109,경기도 포천시 영북면 호국로3421번길 40,경기도 포천시 영북면 야미리 458번지,127.2644045000,38.0433718000,
포천시,석봉농원,산란계,11112,경기도 포천시 이동면 새낭로420번길 30-17,경기도 포천시 이동면 노곡리 744번지 1호,127.3324755000,38.0164887000,
포천시,선달농원,육계,12464,경기도 가평군 설악면 한서로156번길 93,경기도 가평군 설악면 창의리 270-4,127.5038938975,37.6621683454,4000
포천시,선돌농장,육계,12463,경기도 가평군 설악면 한서로210번길 187,경기도 가평군 설악면 위곡리 376-1,127.5171965994,37.6535880187,0
포천시,선진농장,산란계,11121,경기도 포천시 일동면 영일로534번길 95,경기도 포천시 일동면 길명리 665번지,127.2726218000,37.9231349000,
포천시,섭섭이농장,육계,17405,,경기도 이천시 부발읍 가산리 427번지 54호,127.5046764857,37.2494751583,2000
포천시,성구농장,산란계,11127,경기도 포천시 영중면 호국로 3369,경기도 포천시 영중면 성동리 372번지 2호,127.2628726000,38.0386184000,
포천시,성지농원,산란계,11102,경기도 포천시 영북면 영북로238번길 169,경기도 포천시 영북면 자일리 496번지 외2필지,127.2850331000,38.1021980000,
포천시,송도농장,육계,12731,경기도 광주시 초월읍 동막골길256번길 8,경기도 광주시 초월읍 학동리 88,127.3403568932,37.3888951156,20000
포천시,송림축산,산란계,11185,경기도 포천시 소흘읍 한성2길 51,경기도 포천시 소흘읍 고모리 23번지,127.1755243000,37.8045380000,
포천시,송이축산,산란계,11114,,경기도 포천시 일동면 사직리 865번지 1호 외2필지,127.3341141000,37.9985200000,
포천시,송일농장,산란계,11114,경기도 포천시 일동면 사당말1길 167,경기도 포천시 일동면 사직리 860번지 외6필지,127.3342903000,37.9971861000,
포천시,송일양계,산란계,11160,,경기도 포천시 선단동 825번지,127.1480541000,37.8613343000,
포천시,수용농장,산란계,11102,경기도 포천시 영북면 호국로4232번길 45-7,경기도 포천시 영북면 자일리 448번지,127.2879763000,38.1026414000,
포천시,수원농장,산란계,11102,경기도 포천시 영북면 호국로 4361-81,경기도 포천시 영북면 자일리 357번지,127.2883965000,38.1139466000,
포천시,승일농장,산란계,11118,,경기도 포천시 일동면 화대리 46번지,127.3514191000,37.9527755000,
포천시,승진농장,육계,15645,,경기도 안산시 단원구 대부북동 253(새방죽1길 40),126.5823521296,37.2454846698,8000
포천시,승천농장,산란계,11134,경기도 포천시 창수면 옥수로 381,경기도 포천시 창수면 주원리 488번지,127.1810235000,38.0134553000,
포천시,승호농장,산란계,11134,경기도 포천시 창수면 옥수로 381,"경기도 포천시 창수면 주원리 488번지 외2(489, 489-1)",127.1810235000,38.0134553000,
포천시,시온농장,육계,12456,경기도 가평군 청평면 호반로 1233,경기도 가평군 청평면 고성리 438-6,127.5008311874,37.7160224097,54
포천시,신일농장,육계,13819,,경기도 과천시 주암동 59,127.0340792458,37.4639396192,30000
포천시,신진농장,산란계,11121,경기도 포천시 일동면 영일로534번길 95,경기도 포천시 일동면 길명리 665번지,127.2726218000,37.9231349000,
포천시,신촌농장,산란계,11102,경기도 포천시 영북면 북원로248번길 50-42,경기도 포천시 영북면 자일리 991번지 8호,127.2760929000,38.1200569000,
포천시,신호농장,산란계,11133,경기도 포천시 창수면 방골길 245,경기도 포천시 창수면 운산리 36번지,127.2153278000,38.0510383000,
포천시,쌍봉농장,육계,11119,경기도 포천시 일동면 화동로888번길 28-11,경기도 포천시 일동면 기산리 681번지,127.3132071000,37.9406930000,25000
포천시,아라리농장,산란계,11185,경기도 포천시 소흘읍 한성길 154-21,경기도 포천시 소흘읍 고모리 910번지,127.1664405000,37.8046230000,
포천시,약수농장,육계,11427,경기도 양주시 은현면 은현로 73-84,경기도 양주시 은현면 선암리 342번지 32호,127.0219883587,37.8765760616,20000
포천시,양문농장,산란계,11130,,경기도 포천시 영중면 거사리 936번지,127.2275967000,37.9983753000,
포천시,엄마축산,육계,12807,,경기도 광주시 초월읍 산이리 65-39,127.3107270485,37.3586209576,20000
포천시,에그스토리,산란계,11102,경기도 포천시 영북면 호국로4166번길 9-15,경기도 포천시 영북면 자일리 482번지,127.2811792000,38.0990811000,
포천시,에그존,산란계,11185,경기도 포천시 소흘읍 한성2길 41,"경기도 포천시 소흘읍 고모리 77번지 1호 외2필지(78,79-2)",127.1747188000,37.8048185000,
포천시,여주농장,산란계,11134,경기도 포천시 창수면 옥수로262번길 65,경기도 포천시 창수면 주원리 140번지 3호,127.1947196000,38.0036768000,
포천시,연화농장,육계,11503,경기도 양주시 백석읍 연곡로 30,경기도 양주시 백석읍 오산리 704번지 1호,126.9695542392,37.8057229183,35000
포천시,영농조합법인 자연농산,산란계,11107,경기도 포천시 영북면 호국로3791번길 74-37,경기도 포천시 영북면 문암리 359번지 2호 외1필지(359-5),127.2639550000,38.0739765000,
포천시,영재농장,육계,15653,경기도 안산시 단원구 장불길 37,경기도 안산시 단원구 대부남동 559-56(장불길 37),126.5592143352,37.2011237099,40000
포천시,영화농장,육계,12769,경기도 광주시 직동로 49,경기도 광주시 직동 56-3,127.1973491460,37.4000288271,900
포천시,영화농장,육계,11304,경기도 동두천시 안흥로 46-25,경기도 동두천시 안흥동 49,127.0431460077,37.9280499380,40000
포천시,영훈농장,육계,13820,경기도 과천시 말두레로 173-4,경기도 과천시 주암동 385-1,127.0202184973,37.4517158990,60000
포천시,영훈농장,육계,12464,경기도 가평군 설악면 한서로156번길 23-22,경기도 가평군 설악면 창의리 156-1,127.5080789886,37.6676463455,25000
포천시,영흥농장,산란계,11102,,경기도 포천시 영북면 자일리 342번지 2호,127.2898111000,38.1141143000,
포천시,영흥농장2,산란계,11102,경기도 포천시 영북면 호국로 4361-53,경기도 포천시 영북면 자일리 342번지 3호,127.2893668000,38.1142235000,
포천시,영흥농장3,산란계,11102,,경기도 포천시 영북면 자일리 475번지 4호,127.2839296000,38.0998313000,
포천시,예린농장,육계,12726,경기도 광주시 곤지암읍 만삼로 9-51,경기도 광주시 곤지암읍 유사리 355-4,127.4067385164,37.3733699665,15000
포천시,예산농장,산란계,11162,,경기도 포천시 선단동 10번지,127.1714983000,37.8566453000,
포천시,예선농장,산란계,11102,경기도 포천시 영북면 호국로 4186-33,경기도 포천시 영북면 자일리 490번지 3호,127.2832359000,38.1003105000,
포천시,예천농장,육계,12459,경기도 가평군 설악면 용문천길 70,경기도 가평군 설악면 회곡리 16,127.4691450690,37.6873574620,30
포천시,오뚜기농장,육계,11100,경기도 포천시 관인면 창동로1071번길 91,경기도 포천시 관인면 중리 176번지 1호,127.2068244000,38.1110805000,80
포천시,오성농장,산란계,11109,경기도 포천시 영북면 호국로3552번길 9,경기도 포천시 영북면 야미리 277번지 4호,127.2715165000,38.0536981000,
포천시,우리농장,육계,13827,경기도 과천시 윗배랭이길 8,경기도 과천시 문원동 180,127.0058306375,37.4257772678,25500
포천시,우리사료부속농장,산란계,11134,경기도 포천시 창수면 포천로 2624,경기도 포천시 창수면 추동리 216번지 3호,127.1844963000,37.9809900000,
포천시,우리영농조합법인,산란계,11134,경기도 포천시 창수면 옥수로 383,경기도 포천시 창수면 주원리 486번지,127.1804106000,38.0142580000,
포천시,욱별농장,육계,12424,경기도 가평군 가평읍 달전천벚꽃길 201,경기도 가평군 가평읍 하색리 191-5,127.4980801325,37.8069843387,2000
포천시,원일농장,육계,15644,경기도 안산시 단원구 솔따배기길 125-3,경기도 안산시 단원구 대부동동 596-1(솔따배기길 125-3),126.6015440622,37.2394603284,50000
포천시,원천농장,산란계,11137,경기도 포천시 신북면 간자동길 113,경기도 포천시 신북면 삼정리 228번지,127.1468065000,37.9676274000,
포천시,월산농장,산란계,11130,경기도 포천시 영중면 은잿말길 187,경기도 포천시 영중면 영송리 174번지,127.2206824000,38.0009829000,
포천시,웰빙농장,산란계,11109,경기도 포천시 영북면 호국로3421번길 87-17,경기도 포천시 영북면 야미리 744번지,127.2595400000,38.0465897000,
포천시,유○○,육계,15649,경기도 안산시 단원구 수영목길 27-1,경기도 안산시 단원구 대부남동 110-1(수영목길 27-1),126.5933212369,37.2199609517,20000
포천시,유진농장,육계,11426,,경기도 양주시 은현면 하패리 243번지 1호,127.0376193854,37.8821312561,22000
포천시,육계농장,육계,12440,경기도 가평군 상면 물골길 366,경기도 가평군 상면 봉수리 94-2,127.2958775075,37.8478696724,65000
포천시,윤○○,육계,11426,경기도 양주시 은현면 화합로788번길 190,경기도 양주시 은현면 운암리 516번지 2호,127.0120187752,37.8644686746,20000
포천시,은현농장,육계,12409,경기도 가평군 가평읍 각담말길 134-17,경기도 가평군 가평읍 마장리 222,127.5159087526,37.8677840421,70000
포천시,은혜농장,육계,13820,,경기도 과천시 주암동 343-2,127.0229987550,37.4520217989,25000
포천시,은호농장,산란계,11127,경기도 포천시 영중면 호국로 3341-28,"경기도 포천시 영중면 성동리 373번지 외3필지(377-5,-6,-23)",127.2616255000,38.0370626000,
포천시,이○○,육계,12469,경기도 가평군 설악면 유명로 1108-30,경기도 가평군 설악면 천안리 156-2,127.4822784619,37.6370312304,80
포천시,이○○,육계,12472,경기도 가평군 설악면 양방가루재길 37-6,경기도 가평군 설악면 방일리 81-1,127.4959181308,37.6265959150,30
포천시,인천농장,산란계,11102,,경기도 포천시 영북면 자일리 453번지,127.2887573000,38.1011981000,
포천시,일동농장,육계,15406,,경기도 안산시 단원구 신길동 539-2(죽재길106-34),126.7717242535,37.3328644200,20000
포천시,임○○,육계,12416,경기도 가평군 가평읍 석봉로3번길 160-58,경기도 가평군 가평읍 대곡리 594,127.4939184179,37.8267052314,5000
포천시,임○○,육계,12472,경기도 가평군 설악면 양방가루재길 89-31,경기도 가평군 설악면 방일리 13-4,127.4985308990,37.6311168219,34
포천시,자산도농장,육계,15653,,경기도 안산시 단원구 대부남동 485-5(대남로 407),126.5694403438,37.2132353819,30000
포천시,자일농장,산란계,11102,,경기도 포천시 영북면 자일리 539번지 6호,127.2853450000,38.1062243000,
포천시,자일농장,산란계,11102,경기도 포천시 영북면 호국로4350번길 21-26,"경기도 포천시 영북면 자일리 334번지 외5필지(211-1,-2)",127.2952859000,38.1144702000,
포천시,자일농장,육계,12463,경기도 가평군 설악면 음동길 9,경기도 가평군 설악면 위곡리 894-2,127.5160014766,37.6561159112,100
포천시,장군농장,육계,11475,,경기도 양주시 율정동 78번지 2호,127.1053452188,37.8174494258,18000
포천시,정○○,육계,13820,,경기도 과천시 주암동 401-1,127.0211674815,37.4503011849,10000
포천시,정원농장,육계,11510,경기도 양주시 백석읍 중앙로 159-19,경기도 양주시 백석읍 복지리 188번지 2호,126.9943216235,37.7921140109,13000
포천시,정원축산,육계,11427,경기도 양주시 은현면 화합로941번길 62-18,경기도 양주시 은현면 선암리 76번지 1호,127.0293491466,37.8641056810,55000
포천시,정축산,육계,12463,경기도 가평군 설악면 한서로 213-30,경기도 가평군 설악면 위곡리 728,127.5126644790,37.6702574150,0
포천시,제일농장,산란계,11107,경기도 포천시 영북면 방골길 954-53,경기도 포천시 영북면 문암리 338번지,127.2657950000,38.0754229000,
포천시,제일농장2,산란계,11107,경기도 포천시 영북면 방골길 954-17,경기도 포천시 영북면 문암리 324번지 4호,127.2655977000,38.0776125000,
포천시,제주농장,산란계,11134,경기도 포천시 창수면 포천로 2624,경기도 포천시 창수면 추동리 216번지 3호,127.1844963000,37.9809900000,
포천시,조○○,육계,12472,경기도 가평군 설악면 평촌길 136,경기도 가평군 설악면 방일리 605,127.4983335348,37.6116207496,60
포천시,조대박농장,육계,12409,경기도 가평군 가평읍 각담말길 151-32,경기도 가평군 가평읍 마장리 209-2,127.5143860283,37.8694483734,300
포천시,종복농장,산란계,11185,경기도 포천시 소흘읍 한성2길 51,경기도 포천시 소흘읍 고모리 79번지 3호,127.1751383000,37.8045656000,
포천시,주영농장,육계,13546,경기도 성남시 분당구 벌장투리로24번길 15-23,경기도 성남시 분당구 대장동 366,127.0614683605,37.3637553368,16000
포천시,주은농장,육계,11304,경기도 동두천시 안흥로 107-98,경기도 동두천시 안흥동 233-3,127.0397872898,37.9212940807,50000
포천시,죽산농장,육계,13813,,경기도 과천시 과천동 475,126.9944397529,37.4513564668,30000
포천시,준영축산,육계,15399,경기도 안산시 단원구 노송길 38-15,경기도 안산시 단원구 신길동 37-2(노송길 38-15),126.7820000038,37.3379747934,40000
포천시,중앙농장,산란계,11109,,경기도 포천시 영북면 야미리,127.2672894000,38.0473293000,
포천시,지원농장,산란계,11134,경기도 포천시 창수면 옥수로214번길 116,경기도 포천시 창수면 주원리 27번지 3호,127.1955261000,38.0072882000,
포천시,지훈농장,산란계,11130,경기도 포천시 영중면 은잿말길 196-19,경기도 포천시 영중면 영송리 188번지 8호,127.2218472000,38.0021520000,
포천시,창암농장,산란계,11134,경기도 포천시 창수면 옥수로 379,경기도 포천시 창수면 주원리 483번지,127.1819914000,38.0134538000,
포천시,청계농장,육계,13826,경기도 과천시 사기막1길 4,경기도 과천시 문원동 324-3,126.9986118059,37.4195783121,140000
포천시,초가농장,육계,13825,경기도 과천시 매봉로 45,경기도 과천시 문원동 937-1,126.9965903039,37.4123341326,30000
포천시,초원농장,육계,17405,,경기도 이천시 부발읍 가산리 427번지 101호,127.5058758039,37.2501638572,10000
포천시,최○○,육계,15645,,경기도 안산시 단원구 대부북동 253-2(새방죽1길 100),126.5823521296,37.2454846698,30000
포천시,축산(육계),육계,15643,경기도 안산시 단원구 대부황금로 659-32,경기도 안산시 단원구 대부동동 79-29(대부황금로 659-32),126.6199621870,37.2343223817,30000
포천시,칠곡농장,산란계,11164,경기도 포천시 가산면 마현길 49-22,경기도 포천시 가산면 마산리 72번지 3호,127.1868084000,37.8400000000,
포천시,파주농장,육계,13813,경기도 과천시 양지마을로 8,경기도 과천시 과천동 538-12,126.9953102527,37.4485183731,30000
포천시,포천농장,산란계,11130,경기도 포천시 영중면 은잿말길 68-18,경기도 포천시 영중면 거사리 489번지,127.2332410000,38.0048149000,
포천시,포천농장,육계,12408,경기도 가평군 가평읍 아랫마장길 29-37,경기도 가평군 가평읍 승안리 93-20,127.5011643221,37.8434862142,1000
포천시,포천종계장,산란계,11167,경기도 포천시 가산면 마현3길 86-71,경기도 포천시 가산면 금현리 950번지,127.1900528000,37.8336433000,
포천시,푸른농장,육계,13821,경기도 과천시 광창로 24,경기도 과천시 과천동 139-13,127.0081708054,37.4479688875,20000
포천시,푸른솔농장,육계,13816,경기도 과천시 경마공원대로 90-17,경기도 과천시 과천동 210-11,127.0053341151,37.4434099125,60000
포천시,풍산농장,산란계,11107,,경기도 포천시 영북면 문암리 253번지 4호,127.2722833000,38.0794802000,
포천시,풍원농장,산란계,11136,경기도 포천시 신북면 포천로2721번길 143,경기도 포천시 신북면 고일리 205번지,127.1742437000,37.9772936000,
포천시,하늘농장,산란계,11185,경기도 포천시 소흘읍 한성2길 39,경기도 포천시 소흘읍 고모리 77번지 외1필지(79-1),127.1742534000,37.8049002000,
포천시,하늘농장,산란계,11109,경기도 포천시 영북면 호국로3497번길 79,경기도 포천시 영북면 야미리 723번지 2호,127.2624023000,38.0473943000,
포천시,하성농장,산란계,11185,경기도 포천시 소흘읍 한성2길 17,경기도 포천시 소흘읍 고모리 75번지 1호 외1필지(75-2),127.1738329000,37.8047297000,
포천시,하성양계장,산란계,11109,경기도 포천시 영북면 호국로3421번길 43,경기도 포천시 영북면 야미리 452번지,127.2634600000,38.0436712000,
포천시,학선농장,육계,13819,,경기도 과천시 주암동 59,127.0340792458,37.4639396192,60000
포천시,한내농장,육계,13813,경기도 과천시 무네미길 36,경기도 과천시 과천동 443,126.9987794853,37.4519693779,24000
포천시,한미농장,육계,13828,,경기도 과천시 문원동 50,127.0019782272,37.4191098631,35000
포천시,한빛농장,산란계,11139,경기도 포천시 신북면 호국로 2445,경기도 포천시 신북면 만세교리 61번지 4호,127.2467925000,37.9642373000,
포천시,한일농원,산란계,11101,,경기도 포천시 관인면 사정리 산 248번지,127.2522825000,38.1336413000,
포천시,한일농장,육계,17343,,경기도 이천시 대월면 대흥리 182번지 4호,127.4810484171,37.2292548176,120000
포천시,해당없음,산란계,11109,경기도 포천시 영북면 호국로3421번길 56,경기도 포천시 영북면 야미리 459번지,127.2637018000,38.0444004000,
포천시,해오름양계포천농장,산란계,11113,경기도 포천시 이동면 화동로1908번길 44-207,경기도 포천시 이동면 연곡리 77번지 외1필지(76-1),127.3833108000,38.0144614000,
포천시,햇빛농장,산란계,11137,경기도 포천시 신북면 탑신로 1181,경기도 포천시 신북면 금동리 455번지 4호,127.1256173000,37.9474618000,
포천시,햇빛농장,육계,12470,경기도 가평군 설악면 엄소속골길 43-12,경기도 가평군 설악면 엄소리 399,127.4835593940,37.6494502992,5000
포천시,현숙농장,산란계,11101,경기도 포천시 관인면 윗찬물길 379,경기도 포천시 관인면 냉정리 929번지 4호,127.2708730000,38.1333571000,
포천시,협동농장,산란계,11139,경기도 포천시 신북면 호국로 2446-20,경기도 포천시 신북면 만세교리 203번지 3호,127.2470948000,37.9627412000,
포천시,혜옥농장,육계,11494,경기도 양주시 만송로367번길 115,경기도 양주시 만송동 210번지,127.0938138291,37.7956740227,10000
포천시,홍문화농장,육계,12464,경기도 가평군 설악면 한서로156번길 101-170,경기도 가평군 설악면 창의리 285-2,127.5036116810,37.6606469220,60
포천시,화순농장,산란계,11112,경기도 포천시 이동면 성장로 740,경기도 포천시 이동면 노곡리 1225번지 7호,127.3212548000,38.0050691000,
포천시,화현농장,육계,12409,경기도 가평군 가평읍 각담말길 115-10,경기도 가평군 가평읍 마장리 228-1,127.5146837118,37.8681227164,1200
포천시,화현농장,육계,13820,,경기도 과천시 주암동 386,127.0200036739,37.4513014700,25000
포천시,화현농장,육계,12735,경기도 광주시 초월읍 무들로8번길 28-9,경기도 광주시 초월읍 대쌍령리 53,127.2935885075,37.3838925917,30000
포천시,흥산축산,산란계,11108,,경기도 포천시 영북면 대회산리 산 216번지,127.2296123000,38.0761108000,
포천시,흥연농장,육계,15398,,경기도 안산시 단원구 신길동 216-411(터진목길 120-5),126.7681897116,37.3410026485,39000
포천시,희망농장,산란계,11134,경기도 포천시 창수면 옥수로214번길 86,경기도 포천시 창수면 주원리 19번지,127.1958814000,38.0038191000,
화성시,2000축산,산란계,18583,,경기도 화성시 장안면 독정리 767번지 11호,126.8481696000,37.0853120000,14000
화성시,K & C 농장,산란계,18583,경기도 화성시 장안면 장안로 287,경기도 화성시 장안면 독정리 767번지 2호,126.8486093000,37.0847809000,9700
화성시,가람농장,산란계,18296,,경기도 화성시 봉담읍 상리 152번지 5호,126.9432011000,37.2346290000,65
화성시,감우농장,육계,18278,경기도 화성시 남양읍 현대연구소로 79-26,경기도 화성시 남양읍 장덕리 1077번지,126.8195822000,37.1637166000,65000
화성시,건국축산농원,육계,18583,,경기도 화성시 장안면 독정리 794번지 12호,126.8459728000,37.0761724000,60000
화성시,경기농장,산란계,18536,경기도 화성시 팔탄면 녹막말길 76-24,경기도 화성시 팔탄면 율암리 389번지 1호,126.8724661000,37.1687153000,7000
화성시,계림농장,육계,18583,경기도 화성시 장안면 장명길 94,경기도 화성시 장안면 독정리 1072번지 1호,126.8453596000,37.0572854000,18000
화성시,관항농장,육계,18520,경기도 화성시 정남면 관항길321번길 19,경기도 화성시 정남면 관항리 530번지,126.9551010000,37.1813020000,26000
화성시,광민농장,육계,,,경기도 화성시 장안면 덕다리 산 7번지,126.8402130000,37.0718756000,40000
화성시,금의양계장,육계,18585,경기도 화성시 장안면 흥천길 84-60,경기도 화성시 장안면 사곡리 833번지 6호,126.8081108000,37.0578969000,50000
화성시,기린골농장,산란계,18584,,경기도 화성시 장안면 어은리 582번지,126.8406983000,37.0868969000,1200
화성시,기원농장,산란계,18269,,경기도 화성시 남양읍 신남리 1274-3번지,126.7996661000,37.1720819000,100
화성시,길성농장,육계,18627,경기도 화성시 양감면 정문회화로 75-45,경기도 화성시 양감면 사창리 293번지 1호,126.9760095000,37.0954206000,35000
화성시,김상희농장,육계,,,경기도 화성시 팔탄면 지월리 102번지,126.8918068000,37.1397574000,40000
화성시,꼬꼬마을농장,산란계,18585,,경기도 화성시 장안면 노진리 12번지 4호,126.8212521000,37.0538720000,500
화성시,낙원농장,육계,18576,,경기도 화성시 팔탄면 노하리 1040번지,126.8456592000,37.1463008000,33000
화성시,남양농장,육계,18278,경기도 화성시 남양읍 안석길138번길 18,경기도 화성시 남양읍 안석리 75-2번지 외 3필지,126.8251905000,37.1678880000,16028
화성시,남양축산 안석농장,육계,18278,경기도 화성시 남양읍 활초길 118,경기도 화성시 남양읍 안석리 9번지 2호,126.8336048000,37.1662154000,120000
화성시,남촌농장,산란계,18513,경기도 화성시 정남면 안념길150번길 68,경기도 화성시 정남면 수면리 134번지,127.0263643000,37.1544762000,20000
화성시,누리팜(헤브론농장),산란계,18536,경기도 화성시 팔탄면 녹막말길 66-11,경기도 화성시 팔탄면 율암리 313번지 1호,126.8704051000,37.1690014000,30000
화성시,다산양계,산란계,18532,경기도 화성시 팔탄면 마당바위로 72-86,경기도 화성시 팔탄면 구장리 309번지 2호,126.9019405000,37.1534984000,60000
화성시,다올농장,산란계,18626,경기도 화성시 양감면 사격장길 88-70,경기도 화성시 양감면 사창리 777번지,126.9597669000,37.0952266000,50000
화성시,다원농장,육계,18558,경기도 화성시 우정읍 화수길 112,경기도 화성시 우정읍 화수리 964번지 17호,126.7892794000,37.1098914000,35000
화성시,대경농장,육계,18630,경기도 화성시 양감면 용소금각로36번길 90-21,경기도 화성시 양감면 용소리 392번지 1호 외 4필지,126.9821237000,37.0721746000,100000
화성시,대륭농장,육계,18632,경기도 화성시 양감면 초록로166번길 15-33,경기도 화성시 양감면 신왕리 1950번지,126.9610388000,37.0732593000,50400
화성시,대림농장,산란계,18530,경기도 화성시 팔탄면 율암길 84,경기도 화성시 팔탄면 율암리 625번지 2호,126.8812657000,37.1578311000,27000
화성시,대박농장,육계,,,경기도 화성시 남양읍 온석리,126.8426342000,37.1662910000,40000
화성시,대박농장,육계,18545,경기도 화성시 송산면 송산서로363번길 24-5,경기도 화성시 송산면 지화리 574번지 2호,126.6802836000,37.2107959000,53000
화성시,대산농장,육계,18583,경기도 화성시 장안면 장안로 440-51,경기도 화성시 장안면 독정리 1779번지,126.8624088000,37.0727870000,50200
화성시,대성농장,육계,18279,경기도 화성시 남양읍 현대기아로125번길 76-13,경기도 화성시 남양읍 온석리 400-3번지,126.8425539000,37.1669937000,30000
화성시,대승농장,육계,18279,,경기도 화성시 남양읍 온석리 491번지 2호,126.8515754000,37.1654738000,85000
화성시,대양농장,육계,18632,경기도 화성시 양감면 초록로 198-25,경기도 화성시 양감면 신왕리 1129번지,126.9632655000,37.0729537000,10000
화성시,대영농장,산란계,18337,,경기도 화성시 기안동 318번지,126.9747568000,37.2280992000,100
화성시,덕다양계장,육계,,,경기도 화성시 장안면 덕다리 산 47번지 6호,126.8402130000,37.0718756000,40000
화성시,덕산농장,육계,18630,경기도 화성시 양감면 용소말길 3,경기도 화성시 양감면 용소리 591번지 1호,126.9850344000,37.0796808000,20000
화성시,독정양계장,육계,18583,경기도 화성시 장안면 장안로309번길 38,경기도 화성시 장안면 독정리 733번지 1호,126.8533891000,37.0848411000,2800
화성시,동현농장,육계,18577,,경기도 화성시 팔탄면 월문리 158번지 5호,126.8733234000,37.1215825000,50000
화성시,두레농장,육계,18627,경기도 화성시 양감면 정문회화로 49-43,경기도 화성시 양감면 사창리 257번지,126.9743449000,37.0951229000,40000
화성시,마도양계장,산란계,18544,경기도 화성시 마도면 마도로 109,경기도 화성시 마도면 백곡리 336번지,126.7171144000,37.1828231000,20000
화성시,매바위양계장,육계,18281,경기도 화성시 남양읍 장덕서길 25-38,경기도 화성시 남양읍 장덕리 947번지,126.7873851000,37.1510569000,40000
화성시,모세농장,육계,18514,경기도 화성시 정남면 정남동로 453-86,경기도 화성시 정남면 금복리 91번지,126.9993469000,37.1598577000,52000
화성시,무지개농장,육계,18545,경기도 화성시 송산면 고포길 159,경기도 화성시 송산면 고포리 605번지 1호,126.6764010000,37.2360141000,70000
화성시,미래농장,육계,18624,경기도 화성시 향남읍 발안로 736-24,경기도 화성시 향남읍 길성리 1번지,126.9830662000,37.1233636000,60000
화성시,박○혜,육계,18562,경기도 화성시 우정읍 원안길 57-16,"경기도 화성시 우정읍 원안리 426번지 , 호곡리 991번지",126.7769248000,37.1066157000,38182
화성시,베드로목장,산란계,18510,경기도 화성시 동탄면 장지남길3번길 67-3,경기도 화성시 동탄면 장지리 390번지,127.1186412000,37.1484751000,8500
화성시,봉황농장,산란계,18269,경기도 화성시 남양읍 신남로 112,경기도 화성시 남양읍 신남리 906-16번지,126.7991155000,37.1842450000,85000
화성시,부성축산,산란계,18580,경기도 화성시 장안면 금의솔안길 87,경기도 화성시 장안면 금의리 612번지 6호,126.8370208000,37.1073908000,25000
화성시,부성축산,육계,18582,경기도 화성시 향남읍 장안로 662-189,경기도 화성시 향남읍 구문천리 784번지,126.8854136000,37.0671444000,84480
화성시,부여농장,육계,,,경기도 화성시 장안면 석포리 산 122번지,126.8404735000,37.1500422000,52000
화성시,부자농원,육계,18585,경기도 화성시 장안면 흥천길 74-14,경기도 화성시 장안면 사곡리 725번지 1호,126.8013881000,37.0577054000,20000
화성시,부자농장,산란계,18572,경기도 화성시 우정읍 기아자동차로 292-104,경기도 화성시 우정읍 석천리 766번지,126.7770841000,37.0453171000,40000
화성시,부처물 농장,육계,18544,경기도 화성시 마도면 해운로 596-16,경기도 화성시 마도면 고모리 578번지 12호,126.7504807000,37.1729694000,70000
화성시,비봉농장,산란계,18293,경기도 화성시 비봉면 자청로31번길 14,경기도 화성시 비봉면 자안리 312번지 1호,126.8769862000,37.2063026000,10000
화성시,사또농장,산란계,18287,경기도 화성시 매송면 송숙로 297,경기도 화성시 매송면 숙곡리 289번지,126.9079007000,37.2571858000,500
화성시,산골농장,산란계,18292,,경기도 화성시 비봉면 쌍학리 산 32번지 9호,126.8981209000,37.2456534000,3000
화성시,산골농장,산란계,18292,,경기도 화성시 비봉면 쌍학리 산 32번지 9호,126.8981209000,37.2456534000,4000
화성시,산척양계,육계,18496,,경기도 화성시 동탄면 산척리 244번지,127.1103080000,37.1698647000,20000
화성시,삼리농장,육계,,,경기도 화성시 남양읍 남양리 1798번지,126.8217166000,37.2034107000,20000
화성시,삼일농장,산란계,18624,경기도 화성시 향남읍 동오2길 31-30,경기도 화성시 향남읍 동오리 622번지,126.9619612000,37.1355044000,12000
화성시,삼현농원,육계,18626,,경기도 화성시 양감면 사창리 1007번지 1호,126.9680168000,37.0847320000,29000
화성시,삼현농장,육계,18559,,경기도 화성시 우정읍 주곡리 386번지 5호,126.8098059000,37.1165583000,26000
화성시,삼화농장,산란계,18283,경기도 화성시 비봉면 삼화길 290-18,경기도 화성시 비봉면 삼화리 1108번지 1호,126.8526563000,37.2563447000,300
화성시,상신농원,산란계,18623,경기도 화성시 향남읍 문언동길 66-110,경기도 화성시 향남읍 구문천리 881번지,126.8920537000,37.0861721000,45000
화성시,상신현대농원,산란계,18623,경기도 화성시 향남읍 문언동길 66-110,경기도 화성시 향남읍 구문천리 881번지,126.8920537000,37.0861721000,42000
화성시,상진농장,육계,,,경기도 화성시 남양읍 활초리 산 187번지 2호,126.8417150000,37.1802919000,25000
화성시,서신농장,산란계,18555,경기도 화성시 서신면 염전길 32,경기도 화성시 서신면 매화리 759번지 1호,126.6968203000,37.1663825000,120000
화성시,서신농장 2농장,산란계,18279,경기도 화성시 남양읍 온석길 129-14,경기도 화성시 남양읍 온석리 197번지 1호,126.8548835000,37.1722448000,130000
화성시,서신농장 3농장,산란계,18279,경기도 화성시 남양읍 현대기아로 188,경기도 화성시 남양읍 온석리 276번지,126.8477766000,37.1677215000,70000
화성시,서신농장 4농장,산란계,18279,경기도 화성시 남양읍 온석길 75,경기도 화성시 남양읍 온석리 230번지,126.8543025000,37.1699734000,216000
화성시,선경2축산,육계,18336,경기도 화성시 봉담읍 하가등길 26-19,경기도 화성시 봉담읍 하가등리 393번지 1호,126.9331521000,37.1456367000,45000
화성시,선경축산,육계,18522,경기도 화성시 정남면 문학로68번나길 40,경기도 화성시 정남면 문학리 42번지 1호,126.9730639000,37.1490054000,45000
화성시,성민농장,육계,18633,,경기도 화성시 양감면 신왕리 986번지,126.9463475000,37.0651527000,45000
화성시,성애농장,육계,18336,경기도 화성시 봉담읍 향봉로 149-36,경기도 화성시 봉담읍 하가등리 392번지 3호,126.9344015000,37.1456375000,25000
화성시,성우농장,육계,18279,경기도 화성시 남양읍 온석길 22,경기도 화성시 남양읍 온석리 494번지 2호,126.8500214000,37.1656340000,61000
화성시,성웅농장,육계,18544,경기도 화성시 마도면 마도서길 20-11,경기도 화성시 마도면 고모리 512번지 3호,126.7436683000,37.1730178000,70000
화성시,성일양계장,육계,18543,경기도 화성시 마도면 청원로116번길 37-19,경기도 화성시 마도면 청원리 576번지 5호,126.7711989000,37.1766340000,50000
화성시,소망농원,산란계,18544,,경기도 화성시 마도면 백곡리 38번지,126.7339198000,37.1913503000,1000
화성시,수범농장,육계,18274,경기도 화성시 남양읍 현대기아로487번길 47-8,경기도 화성시 남양읍 무송리 142번지 3호,126.8458000000,37.1979398000,18000
화성시,수현농장,육계,18583,경기도 화성시 장안면 장안로 480-75,경기도 화성시 장안면 독정리 37번지 1호,126.8687780000,37.0702354000,40000
화성시,순정농장,산란계,,,경기도 화성시 향남읍 도이리 377번지,126.9319007000,37.1357245000,14500
화성시,신봉농장,육계,18520,경기도 화성시 정남면 관항길 357,경기도 화성시 정남면 관항리 494번지 2호,126.9507858000,37.1844718000,35000
화성시,신성농장,육계,18562,,경기도 화성시 우정읍 운평리 산 71번지 1호,126.7703480000,37.0904201000,55000
화성시,안석농장,육계,18278,,경기도 화성시 남양읍 안석리 766번지,126.8229135000,37.1737413000,15000
화성시,야곱농장,육계,,,경기도 화성시 양감면 사창리 359번지,126.9732896000,37.0898424000,44500
화성시,야마기시즘실현지영농조합법인,산란계,18623,경기도 화성시 향남읍 구문천1길 59,경기도 화성시 향남읍 구문천리 604번지 96호,126.8918837000,37.0716198000,50000
화성시,양지농장,산란계,18630,경기도 화성시 양감면 용소금각로36번길 154-87,경기도 화성시 양감면 용소리 111번지 1호,126.9922669000,37.0706801000,45000
화성시,양지농장,산란계,18514,경기도 화성시 정남면 안념길112번길 76,경기도 화성시 정남면 음양리 177번지,127.0257333000,37.1525030000,30
화성시,여흥농장,육계,18577,경기도 화성시 팔탄면 버들로 1423,경기도 화성시 팔탄면 덕우리 250번지 1호,126.8624150000,37.1242822000,48000
화성시,연지농장,육계,,,경기도 화성시 팔탄면 해창리 산 35번지 1호,126.8821081000,37.1094907000,45000
화성시,영남농장,육계,18583,경기도 화성시 장안면 한천3길 38,경기도 화성시 장안면 독정리 864번지,126.8432240000,37.0677619000,50000
화성시,영완농장,육계,18533,경기도 화성시 팔탄면 약수터길 158-25,경기도 화성시 팔탄면 가재리 601번지,126.9163539000,37.1496083000,40000
화성시,영호농장,산란계,18629,,경기도 화성시 양감면 송산리 1003번지 5호,126.9897878000,37.1011987000,10000
화성시,예루양계장,육계,18269,경기도 화성시 남양읍 남양로 415-23,경기도 화성시 남양읍 신남리 1532번지,126.8135807000,37.1775472000,27000
화성시,예산농장,산란계,18536,경기도 화성시 팔탄면 녹막말길 66-11,경기도 화성시 팔탄면 율암리 313번지 1호,126.8704051000,37.1690014000,30000
화성시,예찬농장,산란계,18286,경기도 화성시 매송면 매송로330번길 38,경기도 화성시 매송면 야목리 677번지,126.8862373000,37.2630682000,2500
화성시,우음도축산,산란계,18235,,경기도 화성시 송산면 고정리 1263번지,126.7384523000,37.2835089000,100
화성시,운평농장,산란계,18562,,경기도 화성시 우정읍 운평리 835번지,126.7700859000,37.0878696000,75
화성시,유농장,육계,,,경기도 화성시 남양읍 활초리 산 187번지 1호,126.8417150000,37.1802919000,40000
화성시,유림팜,산란계,18578,경기도 화성시 팔탄면 버들로 1294-61,경기도 화성시 팔탄면 서근리 201번지 1호,126.8489133000,37.1235266000,2500
화성시,육계농장,육계,18336,경기도 화성시 봉담읍 향봉로 149-36,경기도 화성시 봉담읍 하가등리 392번지 3호,126.9344015000,37.1456375000,30000
화성시,은혜양계장,육계,18269,경기도 화성시 남양읍 신남로 417-3,경기도 화성시 남양읍 신남리 1539번지,126.8137749000,37.1764392000,50000
화성시,임마누엘농장,육계,,,경기도 화성시 장안면 수촌리 산 82번지 3호,126.8699272000,37.1011519000,30000
화성시,자유농장,산란계,,,경기도 화성시 장안면 독정리 산 282번지,126.8570957000,37.0638601000,4000
화성시,장수농장,육계,18604,,경기도 화성시 향남읍 하길리 78번지 1호,126.9104661000,37.1223922000,65000
화성시,장학순건강란,산란계,18586,경기도 화성시 장안면 포승장안로 979,경기도 화성시 장안면 장안리 279번지,126.8555863000,37.0536492000,35000
화성시,재성농장,육계,18562,경기도 화성시 우정읍 운평길124번길 15,경기도 화성시 우정읍 운평리 1051번지,126.7691499000,37.0777038000,40000
화성시,전정식농장,산란계,18283,,경기도 화성시 비봉면 삼화리 802번지 3호,126.8528526000,37.2483168000,120
화성시,정남농장,산란계,18523,경기도 화성시 정남면 내향안길 114,경기도 화성시 정남면 계향리 589번지 1호,126.9916716000,37.1424760000,20000
화성시,정남농장,산란계,18522,경기도 화성시 정남면 서봉로921번길 33,경기도 화성시 정남면 문학리 599번지 1호,126.9627607000,37.1559765000,50000
화성시,정영농장,육계,18588,,경기도 화성시 향남읍 도이리 179번지 2호,126.9184374000,37.1384999000,20000
화성시,정인양계장,육계,,,경기도 화성시 팔탄면 율암리 산 56번지 79호,126.8763098000,37.1660975000,30000
화성시,정호축산,육계,18628,,경기도 화성시 양감면 송산리 87번지,126.9911800000,37.1186702000,25000
화성시,제일농장,육계,18629,경기도 화성시 양감면 송말길 58-39,경기도 화성시 양감면 송산리 1001번지,126.9897314000,37.1019285000,70000
화성시,주은농장,육계,18255,경기도 화성시 남양읍 주석로280번길 18,경기도 화성시 남양읍 북양리 577번지,126.8576629000,37.2084610000,85000
화성시,지월농장,육계,18530,,경기도 화성시 팔탄면 지월리 654번지,126.8910143000,37.1429193000,15000
화성시,진석농장,육계,18588,경기도 화성시 향남읍 도이3길 26-9,경기도 화성시 향남읍 도이리 163번지,126.9214283000,37.1411420000,25000
화성시,진성농장,육계,18545,경기도 화성시 송산면 송산서로363번길 24-5,경기도 화성시 송산면 지화리 574번지 3호,126.6805903000,37.2101840000,20000
화성시,진현농장,산란계,18514,경기도 화성시 정남면 안념길112번길 54-44,경기도 화성시 정남면 음양리 466번지,127.0225023000,37.1511430000,75500
화성시,질라라비농장,육계,,,경기도 화성시 우정읍 조암리 산 91번지 3호,126.8260805000,37.0950846000,60000
화성시,참빛농장,육계,18584,경기도 화성시 장안면 중원길 5-51,경기도 화성시 장안면 사랑리 248번지 2호,126.8326625000,37.0691438000,20000
화성시,창은농장,육계,18541,경기도 화성시 마도면 청원로231번길 62-4,경기도 화성시 마도면 청원리 681번지,126.7739705000,37.1798290000,40000
화성시,청계농장,육계,18560,경기도 화성시 우정읍 멱운3길 37,경기도 화성시 우정읍 멱우리 411번지 4호,126.8256146000,37.1019499000,65000
화성시,청석골 농장,산란계,18626,경기도 화성시 양감면 안요골길82번길 41,경기도 화성시 양감면 사창리 660번지 1호,126.9617663000,37.1004804000,18000
화성시,청천양계장,육계,,,경기도 화성시 활초동 산 88번지,,,40000
화성시,초혜지농장,육계,18514,경기도 화성시 정남면 정남동로 453-76,경기도 화성시 정남면 금복리 92번지,126.9998648000,37.1599208000,50000
화성시,큰양계장,육계,18580,경기도 화성시 장안면 금의솔안길 167,경기도 화성시 장안면 금의리 600번지 4호,126.8293099000,37.1093891000,50000
화성시,태경농장,육계,18279,,경기도 화성시 남양읍 온석리 491번지 3호,126.8518802000,37.1650777000,23000
화성시,태양농원,산란계,18292,,경기도 화성시 비봉면 쌍학리 826번지,126.8988170000,37.2230200000,2500
화성시,태양양계농장,산란계,,,경기도 화성시 팔탄면 율암리 산 67번지 2호,126.8763098000,37.1660975000,50000
화성시,파머스가든,산란계,18626,경기도 화성시 양감면 안요골길82번길 74-33,경기도 화성시 양감면 사창리 721번지 6호,126.9562075000,37.1033708000,570000
화성시,한울농장,육계,18628,,경기도 화성시 양감면 송산리 318번지,126.9811459000,37.1100638000,30000
화성시,해뜨는농장,육계,18544,경기도 화성시 마도면 해운로 629-61,경기도 화성시 마도면 고모리 1번지,126.7443425000,37.1767406000,50000
화성시,해오름 조암농장,산란계,18570,경기도 화성시 우정읍 매향석천로 11-39,경기도 화성시 우정읍 매향리 506번지 5호,126.7707268000,37.0473413000,44200
화성시,향촌농원,산란계,18517,경기도 화성시 정남면 발산1길 47-11,경기도 화성시 정남면 발산리 646번지 1호,126.9864808000,37.1521707000,4400
화성시,현대농장,육계,18543,경기도 화성시 마도면 청원로116번길 87-36,경기도 화성시 마도면 청원리 574번지 10호,126.7672210000,37.1739410000,45000
화성시,현대농장,육계,18545,경기도 화성시 송산면 개매기길 149,경기도 화성시 송산면 독지리 318번지,126.6860916000,37.2469879000,80000
화성시,현대축산,산란계,,,경기도 화성시 우정읍 매향리 산 506번지,126.7479739000,37.0407979000,45000
화성시,현진농장,육계,18577,경기도 화성시 팔탄면 칙골길 45,경기도 화성시 팔탄면 월문리 38번지,126.8690532000,37.1247495000,30000
화성시,형수농장,육계,18278,,경기도 화성시 남양읍 활초리 187-2번지,126.8379910000,37.1839360000,14000
화성시,형수농장,육계,18278,경기도 화성시 남양읍 홍난파길79번길 18-11,경기도 화성시 남양읍 활초리 187번지,126.8379910000,37.1839360000,35000
화성시,형우농장,육계,18626,,경기도 화성시 양감면 사창리 962번지 12호,126.9692860000,37.0885078000,20000
화성시,형제농장,육계,18632,경기도 화성시 양감면 솔미마을길 148,경기도 화성시 양감면 대양리 111번지 2호,126.9485198000,37.0935370000,52000
화성시,홍유웅농장,육계,18556,,경기도 화성시 서신면 홍법리 28번지,126.7273935000,37.1711069000,30000
화성시,화성양계장,육계,18583,경기도 화성시 장안면 장안로 454-7,경기도 화성시 장안면 독정리 222번지,126.8639662000,37.0758705000,40000
화성시,화현농장,산란계,,,경기도 화성시 문호동 산 18번지,,,1500
화성시,황금목장,육계,,,"경기도 화성시 장안면 덕다리 산 47-2,6",126.8402130000,37.0718756000,35000
화성시,황기농장,육계,18515,경기도 화성시 정남면 덕절중앙길 80-21,경기도 화성시 정남면 덕절리 96번지 1호,127.0291957000,37.1388604000,30000
화성시,희망축산,산란계,18279,경기도 화성시 남양읍 온석길 44-32,경기도 화성시 남양읍 온석리 492번지,126.8528847000,37.1637995000,5240
화성시,희산농장,육계,18277,경기도 화성시 남양읍 고향의봄길216번길 78-17,경기도 화성시 남양읍 신남리 1552번지,126.8226887000,37.1783273000,30000

