시군명,농장명,축종명,상세구분,사육두수(마리),소재지우편번호,소재지도로명주소,소재지지번주소,WGS84위도,WGS84경도,데이터기준일자,비고
가평군,광진,닭,육계,74000,12463,,경기도 가평군 설악면 위곡리 373-3,37.6522827000,127.5169496000,20181130,
가평군,다손,닭,육계,45000,12469,,경기도 가평군 설악면 천안리 126-1,37.6347837000,127.4832836000,20181130,
가평군,대기농산(유) 농업회사법인,닭,산란계,230000,12469,경기도 가평군 설악면 유명로 1090-246,경기도 가평군 설악면 천안리 3-4번지,37.6362563000,127.4888898000,20181130,
가평군,마장,닭,웅추,80000,12402,경기도 가평군 북면 화악지암길 223-16,경기도 가평군 북면 화악리 255번지,37.9442793000,127.5749603000,20181130,
가평군,무백,닭,육계,35000,12416,경기도 가평군 가평읍 석봉로3번길 160-58,경기도 가평군 가평읍 대곡리 594번지,37.8267052000,127.4939184000,20181130,
가평군,배취,닭,육계,25000,12463,경기도 가평군 설악면 한서로210번길 17-42,경기도 가평군 설악면 위곡리 801번지,37.6680863000,127.5146897000,20181130,
가평군,상원,닭,육계,25000,12411,경기도 가평군 가평읍 잎너비길 35-237,경기도 가평군 가평읍 읍내리 87번지,37.8505681000,127.5115514000,20181130,
가평군,상철,닭,웅추,85000,12402,경기도 가평군 북면 화악지암길 223-109,경기도 가평군 북면 화악리 270-3번지,37.9435283000,127.5737600000,20181130,
가평군,새벽숲,닭,산란계,600,12432,경기도 가평군 조종면 꽃동네길 19-26,경기도 가평군 조종면 운악리 530번지,37.8823658000,127.3522351000,20181130,
가평군,샘골,닭,육계,45000,12472,경기도 가평군 설악면 평촌길 136,경기도 가평군 설악면 방일리 605번지,37.6116207000,127.4983335000,20181130,
가평군,석순,닭,육계,20000,12424,경기도 가평군 가평읍 달전천벚꽃길 201,경기도 가평군 가평읍 하색리 191-5번지,37.8069843000,127.4980801000,20181130,
가평군,선달,닭,웅추,90000,12409,경기도 가평군 가평읍 각담말길 143,경기도 가평군 가평읍 마장리 203번지,37.8695868000,127.5156825000,20181130,
가평군,성주,닭,육계,35000,12472,경기도 가평군 설악면 양방가루재길 37-6,경기도 가평군 설악면 방일리 81-1번지,37.6265959000,127.4959181000,20181130,
가평군,승현,닭,육계,120000,12409,경기도 가평군 가평읍 각담말길 115-10,경기도 가평군 가평읍 마장리 228-1번지,37.8681227000,127.5146837000,20181130,
가평군,안말,닭,육계,30000,12463,경기도 가평군 설악면 한서로 213-30,경기도 가평군 설악면 위곡리 728번지,37.6702574000,127.5126644000,20181130,
가평군,언덕,닭,육계,65000,12456,경기도 가평군 청평면 호반로 1233,경기도 가평군 청평면 고성리 438-6번지,37.7160224000,127.5008311000,20181130,
가평군,에덴2,닭,육계,40000,12472,경기도 가평군 설악면 유명로 1028-95,경기도 가평군 설악면 방일리 478-1번지,37.6299810000,127.4900044000,20181130,
가평군,영기,닭,웅추,100000,12409,경기도 가평군 가평읍 각담말길 151-32,경기도 가평군 가평읍 마장리 209-2번지,37.8694483000,127.5143860000,20181130,
가평군,오석,닭,육계,50000,12472,경기도 가평군 설악면 양방가루재길 89-31,경기도 가평군 설악면 방일리 13-4번지,37.6311168000,127.4985308000,20181130,
가평군,옥준,닭,육계,73000,12424,경기도 가평군 가평읍 달전천벚꽃길 173-29,경기도 가평군 가평읍 하색리 212번지,37.8085963000,127.5003847000,20181130,
가평군,우리,닭,육계,70000,12431,경기도 가평군 조종면 명지산로 224,경기도 가평군 조종면 상판리 358-1번지,37.8932533000,127.3686232000,20181130,
가평군,원진,닭,웅추,105000,12409,경기도 가평군 가평읍 각담말길 174,경기도 가평군 가평읍 마장리 208-1번지,37.8710027000,127.5132943000,20181130,
가평군,윤영,닭,육계,102000,12409,경기도 가평군 가평읍 각담말길 89-16,경기도 가평군 가평읍 마장리 255,37.8648952000,127.5131044000,20181130,
가평군,이화,닭,웅추,89000,12409,경기도 가평군 가평읍 각담말길 134-17,경기도 가평군 가평읍 마장리 222번지,37.8677840000,127.5159087000,20181130,
가평군,인홍,닭,육계,18000,12464,경기도 가평군 설악면 한서로156번길 101-170,경기도 가평군 설악면 창의리 285-2번지,37.6606469000,127.5036116000,20181130,
가평군,일어나,닭,육계,71000,12470,경기도 가평군 설악면 엄소속골길 43-12,경기도 가평군 설악면 엄소리 399번지,37.6494502000,127.4835593000,20181130,
가평군,정자,닭,백세미,43000,12442,경기도 가평군 상면 아랫벌길 22-48,경기도 가평군 상면 태봉리 28-1번지,37.7954846000,127.3380650000,20181130,
가평군,정회,닭,육계,30000,12408,경기도 가평군 가평읍 아랫마장길 29-37,경기도 가평군 가평읍 승안리 93-20번지,37.8434862000,127.5011643000,20181130,
가평군,주영,닭,웅추,90000,12402,경기도 가평군 북면 화악지암길 223-85,경기도 가평군 북면 화악리 269-1번지,37.9428577000,127.5727082000,20181130,
가평군,진성,닭,육계,30000,12464,경기도 가평군 설악면 한서로156번길 93,경기도 가평군 설악면 창의리 270-4번지,37.6621683000,127.5038938000,20181130,
가평군,찬호,닭,산란계,300,12401,경기도 가평군 북면 가화로 2159-34,경기도 가평군 북면 도대리 282-4,37.9408350000,127.4872710000,20181130,
가평군,창진,닭,웅추,95000,12402,경기도 가평군 북면 화악지암길 160-229,경기도 가평군 북면 화악리 92번지,37.9361652000,127.5798456000,20181130,
가평군,창현,닭,육계,28000,12463,경기도 가평군 설악면 한서로210번길 103,경기도 가평군 설악면 위곡리 461-2번지,37.6607857000,127.5174162000,20181130,
가평군,태우,닭,육계,36000,12463,경기도 가평군 설악면 음동길 9,경기도 가평군 설악면 위곡리 894-2번지,37.6561159000,127.5160014000,20181130,
가평군,한흥,닭,토종닭,20000,12459,경기도 가평군 설악면 용문천길 70,경기도 가평군 설악면 회곡리 16번지,37.6873574000,127.4691450000,20181130,
가평군,해진,닭,육계,18000,12464,경기도 가평군 설악면 한서로156번길 23-22,경기도 가평군 설악면 창의리 156-1번지,37.6676463000,127.5080789000,20181130,
가평군,혁식,닭,백세미,73000,12463,경기도 가평군 설악면 한서로210번길 283-9,경기도 가평군 설악면 위곡리 342-1번지,37.6455374000,127.5203930000,20181130,
가평군,호현,닭,육계,80000,12402,경기도 가평군 북면 화악지암길 223-83,경기도 가평군 북면 화악리 269-2번지,37.9435239000,127.5728157000,20181130,
고양시,강매농장,닭,산란계,1000,10441,경기도 고양시 덕양구 강매로 136,경기도 고양시 덕양구 강매동 662-2번지,37.6001914000,126.8433162000,20181206,
고양시,강범농장,닭,육계,30,10305,경기도 고양시 일산동구 고일로 60-7,경기도 고양시 일산동구 식사동 1087번지,37.6683790000,126.8032623000,20181206,
고양시,강아지나라,닭,산란계,20,10265,,경기도 고양시 덕양구 관산동 614번지 5호,37.7135382000,126.8690901000,20181206,
고양시,경오농장,닭,육계,120,10454,,경기도 고양시 덕양구 주교동 1404번지 0호,37.6541874000,126.8190406000,20181206,
고양시,고골농장,닭,육계,1000,10265,,경기도 고양시 덕양구 관산동 605번지 13호,37.7125994000,126.8675380000,20181206,
고양시,고양축산영농조합법인,닭,육계,52000,10255,경기도 고양시 일산동구 공릉천로 406-124,경기도 고양시 일산동구 지영동 562번지,37.7278696000,126.8319829000,20181206,
고양시,구구축산농원,닭,육계,40000,10289,경기도 고양시 일산동구 사리현로216번길 153,경기도 고양시 일산동구 사리현동 546번지,37.6877691000,126.8392628000,20181206,
고양시,구현농장,오리,,213,10427,경기도 고양시 덕양구 신평길 254,경기도 고양시 덕양구 신평동 26-176번지,37.6281376000,126.7807703000,20181206,
고양시,금화농장,닭,육계,20000,10256,,경기도 고양시 일산동구 지영동 732번지,37.7129566000,126.8245094000,20181206,
고양시,내유농장,닭,육계,30000,10264,,경기도 고양시 덕양구 내유동 96번지,37.7240710000,126.8618344000,20181206,
고양시,능곡축산,닭,육계,150,10511,경기도 고양시 덕양구 지도로124번길 58,경기도 고양시 덕양구 토당동 897번지,37.6273583000,126.8260961000,20181206,
고양시,다온,닭,육계,14,10455,경기도 고양시 덕양구 호국로 659-16,경기도 고양시 덕양구 화정동 795-5번지,37.6471919000,126.8282927000,20181206,
고양시,닭미장,닭,육계,20,10276,,경기도 고양시 덕양구 선유동 114번지 1호,37.6942912000,126.9142849000,20181206,
고양시,담주농장,닭,육계,53,10276,경기도 고양시 덕양구 선유길 111,경기도 고양시 덕양구 선유동 355-1번지,37.6795740000,126.9084757000,20181206,
고양시,대경축산,닭,산란계,200,10315,경기도 고양시 일산동구 사리현로 39-20,경기도 고양시 일산동구 식사동 260번지,37.6895199000,126.8227288000,20181206,
고양시,대화농장,닭,산란계,100,10397,경기도 고양시 일산서구 멱절길 218-21,경기도 고양시 일산서구 대화동 1952-4번지,37.6564610000,126.7439121000,20181206,
고양시,대화농장,닭,산란계,50,10213,,경기도 고양시 일산서구 법곳동 1046번지 2호,37.6735416000,126.7159345000,20181206,
고양시,덕이농장,오리,,350,10224,경기도 고양시 일산서구 송산로 554-6,경기도 고양시 일산서구 덕이동 901번지,37.6908475000,126.7383845000,20181206,
고양시,덕이축산,닭,육계,45000,10224,,경기도 고양시 일산서구 덕이동 1378번지,37.6856856000,126.7307164000,20181206,
고양시,도 농장,닭,산란계,305,10220,,경기도 고양시 일산서구 법곳동 1537번지,37.6675965000,126.7164675000,20181206,
고양시,동물농장,닭,육계,70,10284,경기도 고양시 덕양구 통일로493번안길 53-22,경기도 고양시 덕양구 신원동 산3-1번지,37.6819645000,126.8821156000,20181206,
고양시,두메토종닭,닭,육계,74,10293,경기도 고양시 덕양구 수역이길 119-29,경기도 고양시 덕양구 성사동 429-2번지,37.6566610000,126.8475924000,20181206,
고양시,뜰안에,닭,산란계,50,10299,,경기도 고양시 일산동구 식사동 1313번지,37.6763512000,126.8190993000,20181206,
고양시,민섭이네,닭,육계,28000,,,경기도 고양시 일산서구 대화동 1942번지 39호,37.6535201000,126.7381883000,20181206,
고양시,배영농장,닭,육계,24000,10228,,경기도 고양시 일산서구 덕이동 산179-10,37.7012047000,126.7366582000,20181206,
고양시,법곳농장,닭,육계,50000,10220,경기도 고양시 일산서구 송포로113번길 191-41,경기도 고양시 일산서구 법곳동 748-7번지,37.6682416000,126.7224608000,20181206,
고양시,별샘농장,닭,육계,300,10389,,경기도 고양시 일산서구 법곳동 192번지 3호,37.6644100000,126.7290487000,20181206,
고양시,부근농장,닭,육계,25000,10299,경기도 고양시 일산동구 사리현로 96,경기도 고양시 일산동구 식사동 산 12번지 3호,37.6886837000,126.8298394000,20181206,
고양시,부자농장,닭,육계,12,10276,경기도 고양시 덕양구 서리골길124번길 19-53,경기도 고양시 덕양구 선유동 102번지,37.6935986000,126.9158050000,20181206,
고양시,산너머농장,닭,산란계,100,10329,경기도 고양시 일산동구 중산로 306-142,경기도 고양시 일산동구 성석동 1294-1번지,37.6986540000,126.7893137000,20181206,
고양시,삼승축산,닭,육계,25000,10208,경기도 고양시 일산서구 가좌로140번길 29,경기도 고양시 일산서구 가좌동 951번지,37.6853219000,126.7141660000,20181206,
고양시,삼학농장,닭,육계,25000,10205,경기도 고양시 일산서구 덕산로195번길 112,경기도 고양시 일산서구 가좌동 545-1번지,37.6992612000,126.7222193000,20181206,
고양시,새터마을,닭,육계,20,10276,경기도 고양시 덕양구 선유길 100,경기도 고양시 덕양구 선유동 336-2번지,37.6796898000,126.9068658000,20181206,
고양시,서산농장,닭,산란계,25000,10253,경기도 고양시 일산동구 장진천길 75-26,경기도 고양시 일산동구 설문동 1067번지,37.7146816000,126.8099543000,20181206,
고양시,서울농원,닭,육계,700,10437,경기도 고양시 덕양구 양곡1길 121-39,경기도 고양시 덕양구 행주외동 290번지,37.6117214000,126.8113758000,20181206,
고양시,서울농장,닭,산란계,20000,10299,경기도 고양시 일산동구 사리현로 96,경기도 고양시 일산동구 식사동 산12-3번지,37.6886837000,126.8298394000,20181206,
고양시,선유동 동물농장,오리,,600,10276,경기도 고양시 덕양구 선유길 38,경기도 고양시 덕양구 선유동 478번지,37.6798283000,126.9000867000,20181206,
고양시,세계농원,닭,산란계,500,10262,,경기도 고양시 덕양구 내유동 826번지 3호,37.7257363000,126.8397351000,20181206,
고양시,수연농원,닭,육계,14000,10208,경기도 고양시 일산서구 가좌로140번길 35,경기도 고양시 일산서구 가좌동 952-4번지,37.6849338000,126.7138840000,20181206,
고양시,수진농장,닭,육계,400,10262,경기도 고양시 덕양구 통일로 937-47,경기도 고양시 덕양구 관산동 847-43번지,37.6992140000,126.8549194000,20181206,
고양시,승희네농장,닭,산란계,100,10454,,경기도 고양시 덕양구 주교동 1031번지 5호,37.6532437000,126.8205161000,20181206,
고양시,신농축산,오리,,2000,10299,경기도 고양시 일산동구 사리현로 96,경기도 고양시 일산동구 식사동 산12-3번지,37.6886837000,126.8298394000,20181206,
고양시,신선농장,닭,육계,23000,10245,경기도 고양시 일산동구 고봉로 679-36,경기도 고양시 일산동구 성석동 1797번지,37.7185979000,126.7874871000,20181206,
고양시,신일농장,닭,산란계,20000,10313,경기도 고양시 일산동구 성현로268번길 68-32,경기도 고양시 일산동구 성석동 61-4번지,37.7021510000,126.8110640000,20181206,
고양시,알프스농장,닭,육계,25000,10220,경기도 고양시 일산서구 법곳길 200-85,경기도 고양시 일산서구 법곳동 1584-1번지,37.6686023000,126.7188325000,20181206,
고양시,에스에프영농조합법인,닭,산란계,100000,10454,경기도 고양시 덕양구 대주로492번길 14,경기도 고양시 덕양구 주교동 1073번지,37.6567729000,126.8247345000,20181206,
고양시,영진농장,닭,산란계,1000,10208,경기도 고양시 일산서구 가좌로140번길 39,경기도 고양시 일산서구 가좌동 952-3번지,37.6848790000,126.7135782000,20181206,
고양시,옥자농장,닭,육계,15,10276,,경기도 고양시 덕양구 선유동 109번지,37.6934360000,126.9151929000,20181206,
고양시,우리농장,닭,육계,25,10397,경기도 고양시 일산동구 멱절길 324-92,경기도 고양시 일산동구 장항동 659-3번지,37.6518516000,126.7539681000,20181206,
고양시,원당농원,닭,육계,300,10455,,경기도 고양시 덕양구 화정동 806번지 1호,37.6418532000,126.8249514000,20181206,
고양시,원당농장,닭,육계,25,10290,경기도 고양시 덕양구 공양왕길 56,경기도 고양시 덕양구 원당동 934번지,37.6755215000,126.8432570000,20181206,
고양시,원일농장,닭,육계,150,10261,,경기도 고양시 일산동구 사리현동 150번지,37.6944053000,126.8497814000,20181206,
고양시,유나네자연숲농장,닭,산란계,500,10260,경기도 고양시 일산동구 공릉천로71번길 5,경기도 고양시 일산동구 사리현동 885번지,37.6993180000,126.8447595000,20181206,
고양시,유학농장,닭,육계,90,10453,경기도 고양시 일산동구 고일로 301-8,경기도 고양시 일산동구 산황동 771번지 1호,37.6481079000,126.8036792000,20181206,
고양시,인호농원,닭,육계,700,10455,경기도 고양시 덕양구 호국로 551-28,경기도 고양시 덕양구 화정동 810-1번지,37.6381304000,126.8237594000,20181206,
고양시,일웅농장,닭,육계,1200,10437,경기도 고양시 덕양구 양곡1길 121-43,경기도 고양시 덕양구 행주외동 292번지,37.6113878000,126.8112407000,20181206,
고양시,임씨농장,닭,육계,40000,10487,경기도 고양시 덕양구 도내로14번길 21-2,경기도 고양시 덕양구 도내동 890-2번지,37.6230292000,126.8486479000,20181206,
고양시,장수축산,닭,산란계,15000,10229,경기도 고양시 일산서구 미래로 276-7,경기도 고양시 일산서구 덕이동 646-1번지,37.7033726000,126.7473550000,20181206,
고양시,장원농장,닭,육계,2500,10439,경기도 고양시 덕양구 행신로 41,경기도 고양시 덕양구 행주내동 653-1번지,37.6141078000,126.8220728000,20181206,
고양시,장항양계,닭,산란계,25000,10399,경기도 고양시 일산동구 장항로 360-75,경기도 고양시 일산동구 장항동 517-2번지,37.6498282000,126.7645131000,20181206,
고양시,전우농장,닭,육계,90,10488,경기도 고양시 덕양구 서정로65번길 21,경기도 고양시 덕양구 도내동 790-9번지,37.6207480000,126.8543162000,20181206,
고양시,전일양계장,닭,육계,30000,10203,경기도 고양시 일산서구 법곳길 200-10,경기도 고양시 일산서구 법곳동 1602번지,37.6652937000,126.7179610000,20181206,
고양시,전주농장,닭,육계,1100,10439,경기도 고양시 덕양구 얼음들길 39-13,경기도 고양시 덕양구 행주내동 678번지,37.6141061000,126.8209289000,20181206,
고양시,정석농원,닭,육계,150,10207,경기도 고양시 일산서구 구산로54번길 172-8,경기도 고양시 일산서구 구산동 1090번지,37.6878166000,126.7101316000,20181206,
고양시,준농장,닭,산란계,200,10256,경기도 고양시 일산동구 지영로148번길 39,경기도 고양시 일산동구 지영동 735-1번지,37.7125700000,126.8250093000,20181206,
고양시,지축농장,닭,육계,300,10584,,경기도 고양시 덕양구 지축동 산 88번지 6호,37.6490243000,126.9235624000,20181206,
고양시,청솔농장,닭,산란계,200,10425,경기도 고양시 일산서구 멱절길 45,경기도 고양시 일산서구 법곳동 267-6번지,37.6592084000,126.7277759000,20181206,
고양시,청송,닭,육계,25000,10208,경기도 고양시 일산서구 가좌로140번길 29,경기도 고양시 일산서구 가좌동 951번지,37.6853219000,126.7141660000,20181206,
고양시,청원농장,오리,,7000,10299,경기도 고양시 일산동구 사리현로 96,경기도 고양시 일산동구 식사동 산12-3번지,37.6886837000,126.8298394000,20181206,
고양시,초원종장,닭,육계,40000,10289,,경기도 고양시 일산동구 사리현동 580번지,37.6875736000,126.8347623000,20181206,
고양시,토담농장,닭,산란계,80,10453,경기도 고양시 일산동구 고일로242번길 47,경기도 고양시 일산동구 산황동 693번지 3호,37.6521843000,126.8007107000,20181206,
고양시,푸른농장,닭,산란계,25000,10203,경기도 고양시 일산서구 법곳길 306-54,경기도 고양시 일산서구 법곳동 1317-2번지,37.6714334000,126.7086318000,20181206,
고양시,풍동농장,닭,산란계,350,10300,경기도 고양시 일산동구 백마로502번길 89-11,경기도 고양시 일산동구 풍동 1012번지,37.6587124000,126.8037075000,20181206,
고양시,풍동농장,닭,산란계,40,10309,경기도 고양시 일산동구 풍산로 129,경기도 고양시 일산동구 풍동 1190-2번지,37.6622971000,126.7926479000,20181206,
고양시,풍성농장,닭,육계,30000,10259,경기도 고양시 일산동구 성현로482번길 26-65,경기도 고양시 일산동구 사리현동 627번지,37.6946014000,126.8349846000,20181206,
고양시,형남농장,닭,육계,20000,10259,경기도 고양시 일산동구 사리현로 129,경기도 고양시 일산동구 사리현동 611,37.6911572000,126.8332350000,20181206,
고양시,황금 투 농장,닭,육계,200,10554,,경기도 고양시 덕양구 도내동 224번지 4호,37.6191888000,126.8689195000,20181206,
고양시,황금농장,오리,,20000,10554,경기도 고양시 덕양구 흥도로70번길 117-40,경기도 고양시 덕양구 도내동 224-3번지,37.6190271000,126.8693389000,20181206,
고양시,효성농장,닭,육계,1000,10262,경기도 고양시 덕양구 통일로 915-98,경기도 고양시 덕양구 관산동 847-89번지,37.6984894000,126.8518707000,20181206,
고양시,흙사랑농장,닭,육계,45,10397,,경기도 고양시 일산동구 장항동 634번지 59호,37.6539058000,126.7497117000,20181206,
과천시,농장1,닭,산란계,450,13825,,경기도 과천시 문원동 501,37.4136756000,126.9970712000,20181130,
과천시,농장10,닭,산란계,8,13813,경기도 과천시 무네미길 36,경기도 과천시 과천동 443,37.4520072000,126.9988427000,20181130,
과천시,농장11,닭,산란계,13,13821,,경기도 과천시 과천동 139-22,37.4474776000,127.0083613000,20181130,
과천시,농장12,닭,산란계,80,,,경기도 과천시 과천동 233-10,37.4459587000,127.0054995000,20181130,
과천시,농장13,닭,산란계,270,13820,,경기도 과천시 주암동 343-2,37.4521913000,127.0228915000,20181130,
과천시,농장14,닭,산란계,20,13820,경기도 과천시 말두레로 173-4,경기도 과천시 주암동 385-1,37.4517601000,127.0202185000,20181130,
과천시,농장15,닭,산란계,75,13820,,경기도 과천시 주암동 386,37.4512849000,127.0199568000,20181130,
과천시,농장16,닭,산란계,24,13819,,경기도 과천시 주암동 59,37.4439761000,127.0122352000,20181130,
과천시,농장17,닭,산란계,30,13820,경기도 과천시 물사랑로 184-30,경기도 과천시 주암동 212-1,37.4551534000,127.0259883000,20181130,
과천시,농장18,닭,산란계,5,,,경기도 과천시 주암동 산5-2,37.4562134000,127.0359200000,20181130,
과천시,농장19,닭,산란계,12,13820,경기도 과천시 원주암길 32,경기도 과천시 주암동 104번지,37.4566711000,127.0329336000,20181130,
과천시,농장2,"닭, 오리",산란계,65,13828,,경기도 과천시 문원동 50,37.4207834000,126.9969911000,20181130,
과천시,농장20,닭,산란계,8,13820,경기도 과천시 죽바위로 17,경기도 과천시 주암동 167-4,37.4549747000,127.0303264000,20181130,
과천시,농장21,닭,산란계,10,13820,,경기도 과천시 주암동 산17,37.4538061000,127.0307744000,20181130,
과천시,농장22,닭,산란계,150,13820,,경기도 과천시 주암동 341-1,37.4514410000,127.0229284000,20181130,
과천시,농장23,닭,산란계,50,13820,경기도 과천시 삼부골2로 12-75,경기도 과천시 주암동 479,37.4441014000,127.0211207000,20181130,
과천시,농장24,닭,산란계,9,13813,경기도 과천시 양지마을로 8,경기도 과천시 과천동 538-12,37.4485726000,126.9953657000,20181130,
과천시,농장25,"닭, 오리",산란계,4,13821,경기도 과천시 광창로 24,경기도 과천시 과천동 139-13,37.4480159000,127.0081926000,20181130,
과천시,농장26,"닭, 오리",산란계,14,13815,,경기도 과천시 과천동 329-2,37.4438913000,126.9985214000,20181130,
과천시,농장27,닭,산란계,15,13813,,경기도 과천시 과천동 475,37.4513933000,126.9944600000,20181130,
과천시,농장28,닭,산란계,15,13840,경기도 과천시 가일1로 5,경기도 과천시 갈현동 423-1,37.4169073000,126.9782955000,20181130,
과천시,농장3,닭,산란계,3,13825,,경기도 과천시 문원동 937-6,37.4124574000,126.9963329000,20181130,
과천시,농장4,닭,산란계,17,13825,,경기도 과천시 문원동 938-2,37.4125614000,126.9969053000,20181130,
과천시,농장5,오리,산란계,2,13827,경기도 과천시 윗배랭이길 8,경기도 과천시 문원동 180,37.4257188000,127.0057820000,20181130,
과천시,농장6,닭,산란계,7,13826,,경기도 과천시 문원동 214,37.4247827000,127.0000210000,20181130,
과천시,농장7,닭,산란계,60,13826,경기도 과천시 사기막1길 4,경기도 과천시 문원동 324-3,37.4196150000,126.9987329000,20181130,
과천시,농장8,닭,산란계,4,13826,,경기도 과천시 문원동 371,37.4181389000,126.9988159000,20181130,
과천시,농장9,닭,산란계,17,13816,경기도 과천시 경마공원대로 90-17,경기도 과천시 과천동 210-11,37.4434473000,127.0053701000,20181130,
광명시,원광농장,,육계,100,,,경기도 광명시 광명동 537번지,37.4614030000,126.8431030000,,
광주시,경안농장,육계,,33000,12764,경기도 광주시 역동로 52-133,경기도 광주시 역동 84,37.4034192000,127.2491194000,20190510,
광주시,광주농장,산란계,,65000,12729,경기도 광주시 초월읍 산수로554번길 11,경기도 광주시 초월읍 신월리 409-1,37.4118348000,127.3070816000,20190510,
광주시,길샘축산,산란계,,90000,12731,경기도 광주시 초월읍 동막골길256번길 8,경기도 광주시 초월읍 학동리 88,37.3888951000,127.3403568000,20190510,
광주시,대승농장,산란계,,45000,12735,경기도 광주시 초월읍 무들로8번길 28-9,경기도 광주시 초월읍 대쌍령리 53,37.3838925000,127.2935885000,20190510,
광주시,영생농장 3단지,산란계,,40000,12720,경기도 광주시 곤지암읍 광여로862번길 86,경기도 광주시 곤지암읍 건업리 405,37.3840101000,127.4095732000,20190510,
광주시,영일농장,산란계,,190000,12726,경기도 광주시 곤지암읍 만삼로 9-51,경기도 광주시 곤지암읍 유사리 355-4,37.3733699000,127.4067385000,20190510,
광주시,칠성농장,산란계,,30000,12769,경기도 광주시 직동로 49,경기도 광주시 직동 56-3,37.4000288000,127.1973491000,20190510,
광주시,햇살체험농장,육계,,100,12807,,경기도 광주시 초월읍 산이리 65-39,37.4030040000,127.2993625000,20190510,
김포시,OK농장,닭,산란계,60000,10050,경기도 김포시 대곶면 천호로116번길 17,경기도 김포시 대곶면 대벽리 1020번지,37.6172325000,126.5661218000,20181204,
김포시,가우농장,닭,산란계,16000,10030,경기도 김포시 통진읍 가현로149번길 151-13,경기도 김포시 통진읍 가현리 산50-3번지,37.6775432000,126.5853789000,20181204,
김포시,가현농장,닭,산란계,40000,10030,경기도 김포시 통진읍 가현로 129,경기도 김포시 통진읍 가현리 605번지,37.6748704000,126.5879008000,20181204,
김포시,갈산농장,닭,육계,260,10025,경기도 김포시 월곶면 군하로 134-34,경기도 김포시 월곶면 갈산리 440-1번지,37.7059402000,126.5613540000,20181204,
김포시,공주양계장,닭,육계,12000,10045,,경기도 김포시 양촌읍 유현리 441번지,37.6342302000,126.6156110000,20181204,
김포시,규은농장,닭,산란계,14,10124,경기도 김포시 고촌읍 신기신동로 23-10,경기도 김포시 고촌읍 신곡리 439-43번지,37.6087145000,126.7729897000,20181204,
김포시,규환농장,닭,육계,250,10006,경기도 김포시 하성면 하성로1091번길 37-14,경기도 김포시 하성면 시암리 491번지,37.7644981000,126.6367157000,20181204,
김포시,금산농장,닭,산란계,45000,10052,경기도 김포시 양촌읍 금포로1491번길 369-11,경기도 김포시 양촌읍 누산리 1036-111번지,37.6747180000,126.6598510000,20181204,
김포시,금화농장,닭,산란계,227880,10025,경기도 김포시 월곶면 고양로 183-85,경기도 김포시 월곶면 고양리 630번지,37.6891258000,126.5391846000,20181204,
김포시,기원농장,닭,육계,24000,10029,경기도 김포시 통진읍 절골로25번길 98,경기도 김포시 통진읍 옹정리 294-3번지,37.6846195000,126.5766852000,20181204,
김포시,기철농장,닭,육계,19000,,,경기도 김포시 양촌읍 양곡리 821번지,37.6556969000,126.6330393000,20181204,
김포시,김포 자연 농장,닭,산란계,30000,10014,경기도 김포시 통진읍 하성로 105-106,경기도 김포시 통진읍 수참리 114-1번지,37.6854554000,126.6259295000,20181204,
김포시,김포메추리농장,메추리,산란계,260000,10038,,경기도 김포시 통진읍 가현리 347번지 4호,37.6692350000,126.5867947000,20181204,
김포시,김포표고버섯농장,닭,산란계,100,10009,,경기도 김포시 통진읍 고정리 352번지,37.7200385000,126.5902885000,20181204,
김포시,깻잎농원,닭,육계,100,10123,경기도 김포시 고촌읍 금포로491번길 35-20,경기도 김포시 고촌읍 풍곡리 75-34번지,37.6176223000,126.7674858000,20181204,
김포시,나눔꿈터,닭,산란계,400,10026,경기도 김포시 대곶면 쇄암로 182,경기도 김포시 대곶면 쇄암리 592번지,37.6836426000,126.5380336000,20181204,
김포시,농업회사법인 (주)봉골농장,닭,산란계,83000,10024,,"경기도 김포시 월곶면 군하리 323번지 2호 ,323-70번지",37.7075211000,126.5535892000,20181204,
김포시,농업회사법인 (주)제일영농,닭,육계,1000,10012,,경기도 김포시 하성면 석탄리 734번지 7호,37.7205096000,126.6521989000,20181204,
김포시,농업회사법인 주안 주식회사,닭,산란계,140000,10033,경기도 김포시 통진읍 율마로276번길 45-2,경기도 김포시 통진읍 가현리 798번지,37.6758562000,126.6010770000,20181204,
김포시,담안에 농원,닭,산란계,300,10006,경기도 김포시 하성면 하성로 1197-10,경기도 김포시 하성면 시암리 140-1번지,37.7667599000,126.6453454000,20181204,
김포시,대곶농장,닭,육계,300,10040,,경기도 김포시 대곶면 율생리 570번지,37.6509045000,126.5766937000,20181204,
김포시,대명농장,닭,육계,20000,10040,경기도 김포시 대곶면 대곶로20번길 207,경기도 김포시 대곶면 대명리 57번지,37.6534223000,126.5591940000,20181204,
김포시,대명농장Ⅱ,닭,육계,25000,10040,경기도 김포시 대곶면 학의동로34번길 42,경기도 김포시 대곶면 대명리 583번지,37.6550660000,126.5580403000,20181204,
김포시,대박축산,메추리,산란계,420000,10047,경기도 김포시 대곶면 고음달로 13-56,경기도 김포시 대곶면 대능리 886번지,37.6240306000,126.5980152000,20181204,
김포시,대포농장,닭,육계,30000,10048,,경기도 김포시 양촌읍 대포리 261번지 18호,37.6130576000,126.6272729000,20181204,
김포시,대포농장,닭,육계,25000,10010,경기도 김포시 통진읍 서암로 282-33,경기도 김포시 통진읍 동을산리 159-1번지,37.7039470000,126.6131144000,20181204,
김포시,도담농원,닭,산란계,1400,10004,경기도 김포시 하성면 평화공원로70번길 284-120,경기도 김포시 하성면 가금리 311번지,37.7379497000,126.6069444000,20181204,
김포시,도수농장,닭,산란계,20000,10030,경기도 김포시 통진읍 마송2로104번길 58-25,경기도 김포시 통진읍 마송리 399-1번지,37.6844202000,126.5893525000,20181204,
김포시,동해농장,닭,산란계,12000,10069,,경기도 김포시 양촌읍 구래리 742번지,37.6333211000,126.6303673000,20181204,
김포시,두레농장,닭,육계,1300,10046,경기도 김포시 대곶면 삭시갈마로 73,경기도 김포시 대곶면 대능리 700번지,37.6259636000,126.6007090000,20181204,
김포시,루디요안 농장,닭,산란계,120,10001,경기도 김포시 월곶면 용강로437번길 45-26,경기도 김포시 월곶면 용강리 335-7번지,37.7561537000,126.5533926000,20181204,
김포시,말무리농장,닭,산란계,5000,10010,경기도 김포시 통진읍 애기봉로571번길 128-70,경기도 김포시 통진읍 귀전리 84번지,37.7326325000,126.6068284000,20181204,
김포시,명석농장,닭,육계,20000,10022,경기도 김포시 월곶면 고척로 7,경기도 김포시 월곶면 갈산리 19번지,37.7147908000,126.5786946000,20181204,
김포시,문수골농원,닭,육계,35,10000,,경기도 김포시 월곶면 성동리 212번지 7호,37.7403509000,126.5344466000,20181204,
김포시,미혜농장,닭,산란계,1000,10046,,경기도 김포시 대곶면 대능리 622번지 23호,37.6213190000,126.5927535000,20181204,
김포시,미화농장,닭,산란계,12000,10030,,경기도 김포시 통진읍 가현리 625번지 8호,37.6779818000,126.5858921000,20181204,
김포시,밤농장,닭,육계,150,,,경기도 김포시 양촌읍 구래리 산 118번지,37.6279483000,126.6254699000,20181204,
김포시,방글농장,닭,산란계,12000,10013,,경기도 김포시 하성면 봉성리 258번지 2호,37.6933825000,126.6476326000,20181204,
김포시,방씨농장,닭,육계,200,10050,경기도 김포시 대곶면 약암로 522-24,경기도 김포시 대곶면 대벽리 803번지,37.6055214000,126.5618277000,20181204,
김포시,백산농원,닭,육계,10000,,,경기도 김포시 양촌읍 구래리 산 37번지,37.6427418000,126.6323710000,20181204,
김포시,범아농장,닭,산란계,30000,10020,,경기도 김포시 월곶면 포내리 산 14번지 12호,37.7282168000,126.5426148000,20181204,
김포시,봉성농장,닭,산란계,30000,10015,경기도 김포시 통진읍 동을산로106번길 172-107,경기도 김포시 통진읍 동을산리 496번지,37.6932738000,126.6195606000,20181204,
김포시,부부농장,닭,육계,40000,10055,경기도 김포시 양촌읍 양곡3로 104-60,경기도 김포시 양촌읍 석모리 690번지 1호,37.6587196000,126.6412232000,20181204,
김포시,부부농장,닭,육계,35000,10056,경기도 김포시 양촌읍 양곡2로 134-78,경기도 김포시 양촌읍 양곡리 183-4번지,37.6663638000,126.6298516000,20181204,
김포시,산천농장,닭,육계,440,10041,,경기도 김포시 대곶면 신안리 247번지 2호,37.6505562000,126.5400531000,20181204,
김포시,상권 농장,닭,산란계,147,10010,경기도 김포시 통진읍 애기봉로523번길 155,경기도 김포시 통진읍 귀전리 103-1번지,37.7333715000,126.6022767000,20181204,
김포시,상림,닭,산란계,9000,10038,,경기도 김포시 통진읍 가현리 809번지 1호,37.6685750000,126.5835995000,20181204,
김포시,샘농원,닭,육계,70000,10053,경기도 김포시 양촌읍 금포로1491번길 248,경기도 김포시 양촌읍 누산리 1035-6번지,37.6720247000,126.6638780000,20181204,
김포시,샘재 양계장,닭,육계,25000,,,경기도 김포시 운양동 119번지 8호,37.6485712000,126.6985311000,20181204,
김포시,서암리농장,닭,산란계,45000,10016,경기도 김포시 통진읍 서암고정로 112,경기도 김포시 통진읍 서암리 593-2번지,37.6941552000,126.6109836000,20181204,
김포시,서울양계장,닭,육계,0,10026,경기도 김포시 대곶면 쇄암로89번길 35,경기도 김포시 대곶면 쇄암리 391번지,37.6754369000,126.5447805000,20181204,
김포시,선풍농장,닭,육계,10000,10028,경기도 김포시 대곶면 대곶북로305번길 182,"경기도 김포시 대곶면 석정리 112번지 (석정리 112, 112-2)",37.6707910000,126.5678811000,20181204,
김포시,성수농장,닭,육계,50000,10014,경기도 김포시 통진읍 하성로 141-32,경기도 김포시 통진읍 수참리 67-1번지,37.6891649000,126.6303623000,20181204,
김포시,성호농장,닭,산란계,21,10013,경기도 김포시 하성면 하성로242번길 58-6,경기도 김포시 하성면 하사리 202번지,37.6979850000,126.6365274000,20181204,
김포시,세명농장,닭,산란계,50000,10038,경기도 김포시 통진읍 율마로211번길 100-13,경기도 김포시 통진읍 가현리 521-3번지,37.6710339000,126.5925755000,20181204,
김포시,쇄암축산,메추리,산란계,70000,10026,경기도 김포시 대곶면 쇄암로 156-30,경기도 김포시 대곶면 쇄암리 56-1번지,37.6825869000,126.5422829000,20181204,
김포시,수현2 농장,닭,육계,30000,10020,경기도 김포시 월곶면 포내로 124,경기도 김포시 월곶면 포내리 252-4번지,37.7259737000,126.5281279000,20181204,
김포시,수현농장,닭,육계,25000,10020,,경기도 김포시 월곶면 포내리 251번지 6호,37.7242281000,126.5290358000,20181204,
김포시,순이농장,닭,산란계,150,10058,경기도 김포시 양촌읍 구래로 130,경기도 김포시 양촌읍 구래리 12-2번지,37.6547049000,126.6144153000,20181204,
김포시,시암청정농원,닭,육계,400,10006,,경기도 김포시 하성면 시암리 396번지,37.7615744000,126.6339888000,20181204,
김포시,신미농장,닭,육계,30000,10055,경기도 김포시 양촌읍 김포한강4로278번길 103-20,경기도 김포시 양촌읍 석모리 142번지,37.6562586000,126.6513315000,20181204,
김포시,써니농장,닭,산란계,22000,10030,경기도 김포시 통진읍 율마로275번길 200,경기도 김포시 통진읍 가현리 162-3번지,37.6724150000,126.5882647000,20181204,
김포시,아라농장,닭,산란계,100000,10012,경기도 김포시 하성면 마곡로 319-3,경기도 김포시 하성면 석탄리 978번지,37.7209713000,126.6626826000,20181204,
김포시,안골농원,닭,산란계,6000,10002,,경기도 김포시 월곶면 조강리 107번지 109호,37.7474354000,126.5863541000,20181204,
김포시,약산농장,닭,산란계,12000,10042,경기도 김포시 대곶면 대곶서로89번길 81-26,경기도 김포시 대곶면 약암리 산47-1번지,37.6344612000,126.5699716000,20181204,
김포시,에스에프농장,닭,산란계,80000,10095,경기도 김포시 고촌읍 금파로 261,경기도 김포시 고촌읍 향산리 906번지,37.6215777000,126.7350913000,20181204,
김포시,에스에프농장,오리,오리,7000,10095,,경기도 김포시 고촌읍 향산리 908번지,37.6218111000,126.7350080000,20181204,
김포시,영경농장,닭,산란계,4,10124,,경기도 김포시 고촌읍 신곡리 183번지 3호,37.6033215000,126.7847203000,20181204,
김포시,영창농장,닭,육계,20000,10042,,경기도 김포시 대곶면 대벽리 185번지,37.6341724000,126.5788820000,20181204,
김포시,영철농장,닭,육계,25000,,,경기도 김포시 양촌읍 구래리 652번지 1호,37.6379168000,126.6343052000,20181204,
김포시,옥화농장,닭,산란계,20,10005,,경기도 김포시 하성면 마조리 209번지 17호,37.7511708000,126.6357799000,20181204,
김포시,용농장,닭,육계,0,10095,,경기도 김포시 고촌읍 향산리 906번지 1호,37.6214135000,126.7349015000,20181204,
김포시,우리집토종닭,닭,육계,300,,,경기도 김포시 하성면 석탄리 491번지 32호,37.7252975000,126.6321592000,20181204,
김포시,우정농장,닭,산란계,18000,10028,,경기도 김포시 대곶면 석정리 산 44번지,37.6702696000,126.5598320000,20181204,
김포시,우주이엔지,닭,산란계,41,10045,경기도 김포시 양촌읍 유현삭시로 277-4,경기도 김포시 양촌읍 유현리 390-6번지,37.6380561000,126.6145544000,20181204,
김포시,운호농장,닭,육계,80000,,,경기도 김포시 양촌읍 누산리 1089번지 75호,37.6713104000,126.6612724000,20181204,
김포시,원기농장,닭,산란계,25000,10042,,경기도 김포시 대곶면 약암리 930번지,37.6193729000,126.5754709000,20181204,
김포시,유성농장,닭,산란계,32000,10028,경기도 김포시 대곶면 대곶북로 367-46,경기도 김포시 대곶면 석정리 46번지,37.6757940000,126.5740424000,20181204,
김포시,은상농장,닭,산란계,120000,10037,경기도 김포시 대곶면 율마로256번길 146-10,경기도 김포시 대곶면 거물대리 77번지,37.6705980000,126.6036693000,20181204,
김포시,은혜농장,닭,산란계,9000,10030,,경기도 김포시 통진읍 가현리 산 50번지 3호,37.6784409000,126.5843530000,20181204,
김포시,이범주농장,닭,육계,15000,10047,경기도 김포시 양촌읍 유현삭시로 25-35,경기도 김포시 양촌읍 학운리 876번지,37.6220417000,126.6050643000,20181204,
김포시,이원행 농장,닭,육계,28000,10047,,경기도 김포시 양촌읍 학운리 399번지,37.6260812000,126.6030291000,20181204,
김포시,인집농장,닭,산란계,100,10006,,경기도 김포시 하성면 시암리 453번지 2호,37.7617861000,126.6390466000,20181204,
김포시,인천농장,닭,육계,7000,10002,,경기도 김포시 월곶면 조강리 79번지,37.7492197000,126.5863882000,20181204,
김포시,인하 농장,닭,산란계,14000,10030,경기도 김포시 통진읍 가현로85번길 107,경기도 김포시 통진읍 가현리 620-2번지,37.6768207000,126.5859934000,20181204,
김포시,일진농장,닭,산란계,2000,10030,경기도 김포시 통진읍 가현로230번길 76,경기도 김포시 통진읍 가현리 324번지,37.6786223000,126.5965246000,20181204,
김포시,장락농장,닭,산란계,50000,10026,경기도 김포시 대곶면 대곶로321번길 104,경기도 김포시 대곶면 쇄암리 445-4번지,37.6708688000,126.5499024000,20181204,
김포시,정윤농장,닭,육계,24000,10052,경기도 김포시 양촌읍 양곡로130번길 143,경기도 김포시 양촌읍 누산리 1036-158번지,37.6718739000,126.6537810000,20181204,
김포시,젖가락이 행복한 농장,닭,산란계,100,10042,경기도 김포시 대곶면 대곶서로 190-28,경기도 김포시 대곶면 대벽리 174-1번지,37.6354266000,126.5790394000,20181204,
김포시,종훈농장,닭,산란계,10000,10029,,경기도 김포시 통진읍 옹정리 산 58번지,37.6825710000,126.5711919000,20181204,
김포시,좋아좋아 토종닭 농장,닭,육계,300,10006,,경기도 김포시 하성면 시암리 218번지,37.7707949000,126.6366229000,20181204,
김포시,주일농장,닭,산란계,12000,,,경기도 김포시 양촌읍 학운리 산 20번지,37.6204384000,126.6212131000,20181204,
김포시,준희농장,닭,산란계,14500,10030,경기도 김포시 통진읍 가현로149번길 71,경기도 김포시 통진읍 가현리 622-3번지,37.6778414000,126.5869603000,20181204,
김포시,진영농장,닭,산란계,0,10121,경기도 김포시 고촌읍 금포로549번길 241,경기도 김포시 고촌읍 향산리 341번지,37.6233666000,126.7482354000,20181204,
김포시,천풍농장,닭,산란계,12000,10050,경기도 김포시 대곶면 천호로116번길 7-56,경기도 김포시 대곶면 대벽리 1039번지,37.6177232000,126.5679473000,20181204,
김포시,청계농장,닭,산란계,20,10124,,경기도 김포시 고촌읍 신곡리 439번지 18호,37.6088152000,126.7722745000,20181204,
김포시,청솔산업,닭,육계,100,10010,경기도 김포시 통진읍 서암로 281-22,경기도 김포시 통진읍 귀전리 1008번지,37.7070605000,126.6104822000,20181204,
김포시,청암농장,메추리,산란계,120000,10042,경기도 김포시 대곶면 대곶서로89번길 166,경기도 김포시 대곶면 약암리 267번지,37.6368162000,126.5687595000,20181204,
김포시,초롱농장,닭,산란계,3000,10027,,경기도 김포시 대곶면 송마리 178번지,37.6632084000,126.5711662000,20181204,
김포시,태경농장,닭,산란계,40000,10024,경기도 김포시 월곶면 김포대로2659번길 71-88,경기도 김포시 월곶면 군하리 323-30번지,37.7058907000,126.5521466000,20181204,
김포시,태원농장,닭,육계,35000,10055,경기도 김포시 양촌읍 김포한강4로278번길 179,경기도 김포시 양촌읍 석모리 131-2번지,37.6586032000,126.6538731000,20181204,
김포시,태원농장,닭,육계,34200,10054,경기도 김포시 양촌읍 석모1로 100-16,"경기도 김포시 양촌읍 누산리 437-5번지 (누산리 437-5, 437-6)",37.6592798000,126.6571136000,20181204,
김포시,포내농장,닭,산란계,20000,10020,경기도 김포시 월곶면 김포대로2970번길 117-58,경기도 김포시 월곶면 포내리 106-12번지,37.7294578000,126.5416943000,20181204,
김포시,푸른농장,닭,산란계,12000,10030,경기도 김포시 통진읍 가현로149번길 151-13,"경기도 김포시 통진읍 가현리 산50-3번지 (가현리 633, 633-1)",37.6784409000,126.5843530000,20181204,
김포시,하나농장,닭,육계,38000,10041,,경기도 김포시 대곶면 대명리 208번지,37.6533992000,126.5477488000,20181204,
김포시,하림농장,닭,산란계,40,10050,경기도 김포시 대곶면 약암로 598-50,경기도 김포시 대곶면 대벽리 1164번지,37.6123973000,126.5582410000,20181204,
김포시,하성농장,메추리,산란계,120000,10006,경기도 김포시 하성면 하성로1032번길 92-75,경기도 김포시 하성면 시암리 624-2번지,37.7615988000,126.6470510000,20181204,
김포시,하성농장,닭,산란계,15000,10013,경기도 김포시 하성면 하성로196번길 83,경기도 김포시 하성면 봉성리 65-3번지,37.6921859000,126.6375973000,20181204,
김포시,하성축산,메추리,산란계,370000,10005,경기도 김포시 하성면 마조로 97,경기도 김포시 하성면 마조리 709번지,37.7460977000,126.6240952000,20181204,
김포시,학운농장,닭,육계,25000,10047,,경기도 김포시 양촌읍 학운리 399번지,37.6260812000,126.6030291000,20181204,
김포시,해밀농장,닭,산란계,3000,10004,경기도 김포시 하성면 평화공원로70번길 284-127,경기도 김포시 하성면 가금리 310-1번지,37.7375548000,126.6078367000,20181204,
김포시,향산리농장,닭,산란계,520,10094,경기도 김포시 고촌읍 금파로319번길 81,경기도 김포시 고촌읍 향산리 810번지,37.6257469000,126.7357004000,20181204,
김포시,호은농장,닭,육계,35000,10005,경기도 김포시 하성면 하성로 873-95,경기도 김포시 하성면 마조리 325번지,37.7498061000,126.6284293000,20181204,
김포시,효운농장,닭,육계,35000,10045,,경기도 김포시 양촌읍 유현리 444번지 1호,37.6347788000,126.6155215000,20181204,
남양주시,가족농장,닭,육계,200,12201,,경기도 남양주시 와부읍 율석리 832번지 4호,37.6033708373,127.2095866254,20200123,
남양주시,거북농장,닭,육계,2200,12246,경기도 남양주시 양정로 410-2,경기도 남양주시 삼패동 산 12번지,37.5983934455,127.2118602348,20200123,
남양주시,경인농장,닭,산란계,150,12217,,경기도 남양주시 평내동 산 2번지 19호,37.6503874934,127.2174789638,20200123,
남양주시,경춘목장,닭,산란계,500,12278,"경기도 남양주시 조안면 재재기로 583 (,690)","경기도 남양주시 조안면 삼봉리 680번지 ,690",37.5907601870,127.3249052400,20200123,
남양주시,고센영농조합법인,닭,육계,20000,12202,"경기도 남양주시 와부읍 수레로640번길 85 (,83-13)","경기도 남양주시 와부읍 월문리 83번지 3호 ,83-13",37.6158690873,127.2791873369,20200123,
남양주시,그린농장,닭,산란계,116000,12139,경기도 남양주시 진건읍 경춘북로669번길 21-19,경기도 남양주시 진건읍 진관리 689번지,37.6514699841,127.1593390579,20200123,
남양주시,근영농장,닭,육계,530,12073,경기도 남양주시 진접읍 금강로유연들3길 26,경기도 남양주시 진접읍 내각리 33번지 1호,37.7059610055,127.1780851514,20200123,
남양주시,내곡농장,닭,육계,20000,12075,경기도 남양주시 진접읍 금강로846번길 27,"경기도 남양주시 진접읍 내곡리 468번지 7호 (,468-11)",37.6757172465,127.1576443004,20200123,
남양주시,다산농장,닭,산란계,500,12247,경기도 남양주시 진건읍 금강로380번길 97-61,경기도 남양주시 진건읍 배양리 915번지 1호,37.6328924174,127.1520382823,20200123,
남양주시,밤골농원,닭,육계,30000,12026,경기도 남양주시 수동면 비룡로1270번길 42,경기도 남양주시 수동면 내방리 64번지 1호,37.7384915723,127.2935966976,20200123,
남양주시,부일농장,닭,육계,100,12247,경기도 남양주시 진건읍 고재로9번길 17,경기도 남양주시 진건읍 배양리 471번지,37.6382787260,127.1667550171,20200123,
남양주시,산과들 테마농원,닭,산란계,,12198,경기도 남양주시 화도읍 수레로 996-138,경기도 남양주시 화도읍 차산리 산 67번지 31호,37.6325079996,127.2986098660,20200123,
남양주시,세원농장,닭,산란계,500,12245,경기도 남양주시 경강로 134-40 (이패동),경기도 남양주시 이패동 562번지 8호,37.6075355572,127.1864497601,20200123,
남양주시,세종농장,닭,산란계,14000,12200,경기도 남양주시 화도읍 재재기로 180-9,"경기도 남양주시 화도읍 차산리 552번지 3호 ,537-4,553",37.6177807647,127.3042941050,20200123,
남양주시,시골닭집,닭,육계,70,12076,,경기도 남양주시 별내면 용암리 산 2번지 10호,37.7386860156,127.1265878742,20200123,
남양주시,싸리농장,닭,육계,270,12202,경기도 남양주시 와부읍 수레로  565-3,경기도 남양주시 와부읍 월문리 256번지,37.6117847481,127.2646640401,20200123,
남양주시,씨앤비협동조합 남양주 실습장,닭,육계,100,12115,경기도 남양주시 퇴계원면 퇴계원로175번길 57,경기도 남양주시 퇴계원읍 퇴계원리 산 4번지 3호,37.6634748472,127.1417745889,20200123,
남양주시,유인농장,닭,산란계,19000,12199,경기도 남양주시 화도읍 재재기로74번길 105-68,경기도 남양주시 화도읍 차산리 850번지,37.6245033151,127.2893008529,20200123,
남양주시,유정농장,닭,육계,50,12090,경기도 남양주시 별내면 송산로296번길 110-6,"경기도 남양주시 별내면 광전리 573번지 5호 ,7",37.6767977162,127.1360636190,20200123,
남양주시,육덕농장,닭,육계,1000,12159,,경기도 남양주시 화도읍 묵현리 산 157번지 4호,37.6709126306,127.3071044850,20200123,
남양주시,지둔농장,닭,육계,15000,12028,경기도 남양주시 수동면 지둔로371번길 10-40,경기도 남양주시 수동면 지둔리 315번지,37.7177747617,127.2987669768,20200123,
남양주시,차산농장,닭,육계,30,12198,경기도 남양주시 화도읍 수레로 918-20,경기도 남양주시 화도읍 차산리 산 67번지 22호,37.6293949490,127.2858304935,20200123,
남양주시,채율농장,닭,산란계,500,12032,,경기도 남양주시 화도읍 가곡리 74번지 1호,37.6892440593,127.3083244272,20200123,
남양주시,춘추농장,닭,산란계,90,12077,,경기도 남양주시 별내면 청학리 85번지,37.7112389216,127.1302620258,20200123,
남양주시,태양농원,닭,산란계,12000,12199,경기도 남양주시 화도읍 재재기로71번길 44,경기도 남양주시 화도읍 차산리 183번지 13호,37.6312788455,127.3036915474,20200123,
남양주시,평화농장,닭,육계,,12247,경기도 남양주시 진건읍 일패로 189,경기도 남양주시 진건읍 배양리 555번지,37.6311924557,127.1700587482,20200123,
남양주시,한솔농원,닭,산란계,3000,12034,,"경기도 남양주시 수동면 송천리 428번지 ,428-1",37.6909717858,127.3292949061,20200123,
남양주시,한솔농장,닭,산란계,6000,12280,경기도 남양주시 조안면 북한강로 603,"경기도 남양주시 조안면 송촌리 954번지 ,산18",37.5771780581,127.3198770819,20200123,
남양주시,현대농장,닭,산란계,60000,12188,,경기도 남양주시 화도읍 답내리 475번지 5호,37.6595318495,127.3407961100,20200123,
남양주시,화도농장,닭,육계,45,12198,,경기도 남양주시 화도읍 차산리 730번지,37.6325864345,127.2924133108,20200123,
동두천시,계룡농장,닭,종계,21000,11341,경기도 동두천시 삼육사로548번길 42,경기도 동두천시 상패동 1007번지,37.9078576157,127.0123766316,20191201,
동두천시,장양농장,닭,산란계,60000,11304,경기도 동두천시 안흥로 107-98,경기도 동두천시 안흥동 233-3번지,37.9212940807,127.0397872898,20191201,
성남시,강천식,닭,육계,12,13114,경기도 성남시 수정구 복정안골로 55,경기도 성남시 수정구 복정동 128-4번지,37.4602468000,127.1359047000,20181001,
성남시,김동일,닭,육계,5,13544,,경기도 성남시 분당구 대장동 187-1,37.3676428000,127.0706379000,20181001,
성남시,김태동,닭,육계,12,13415,,경기도 성남시 중원구 갈현동 311,37.4179964000,127.1729274000,20181001,
성남시,김흥중,닭,육계,70,13230,,경기도 성남시 중원구 상대원동 489-2,37.4294433000,127.1762863000,20181001,
성남시,노세영,닭,육계,30,13115,경기도 성남시 수정구 가마절로 11,경기도 성남시 수정구 복정동 70-1번지,37.4611867000,127.1412865000,20181001,
성남시,박양호,닭,육계,4,13544,,경기도 성남시 분당구 대장동 378,37.3662512000,127.0613009000,20181001,
성남시,시골산장,닭,육계,0,13407,,경기도 성남시 중원구 하대원동 418-3,37.4271090000,127.1428733000,20181001,
성남시,유한섭,오골계,,90,,,경기도 성남시 분당구 율동 26,37.3851468000,127.1657622000,20181001,
성남시,이대근,닭,육계,38,,,경기도 성남시 분당구 율동 15,37.3855342000,127.1657969000,20181001,
성남시,이사영,닭,육계,100,13442,경기도 성남시 수정구 분당내곡로 744,경기도 성남시 수정구 상적동 산1-17,37.4369985000,127.0770732000,20181001,
성남시,이종국,닭,육계,10,,,경기도 성남시 분당구 대장동 341-2,37.3603118000,127.0646939000,20181001,
성남시,이진철,닭,육계,13,13184,경기도 성남시 중원구 금빛로2번길 35,경기도 성남시 중원구 금광동 2449-1,37.4449101000,127.1724233000,20181001,
성남시,전철진,닭,육계,50,13230,,경기도 성남시 중원구 상대원동 489-2,37.4294433000,127.1762863000,20181001,
성남시,조봉기,닭,육계,5,13579,경기도 성남시 분당구 서현로429번길 27,경기도 성남시 분당구 분당동 110,37.3779762000,127.1435948000,20181001,
성남시,천정운,닭,육계,5,13544,경기도 성남시 분당구 두밀로 299-1,경기도 성남시 분당구 대장동 322-4번지,37.3603364000,127.0691865000,20181001,
성남시,한정완,닭,육계,0,13545,경기도 성남시 분당구 안양판교로828번길 201,경기도 성남시 분당구 대장동 산 44-3,37.3686699000,127.0524973000,20181001,
안산시,***,닭,육계,8,15523,,경기도 안산시 상록구 사사동 67,37.3045084000,126.9208690000,20180801,
안산시,***,닭,육계,12,15519,경기도 안산시 상록구 목장길 36-6,경기도 안산시 상록구 팔곡일동 19-6(목장길 36-6),37.3138122000,126.8844894000,20180801,
안산시,***,닭,육계,11,15529,경기도 안산시 상록구 소학2길 9,경기도 안산시 상록구 팔곡이동 408-1(소학2길 9),37.2961178000,126.8862427000,20180801,
안산시,***,닭,육계,20,15201,경기도 안산시 상록구 양달말길 79-2,경기도 안산시 상록구 장상동 312-3,37.3527492000,126.8795750000,20180801,
안산시,***,닭,육계,14,15524,,경기도 안산시 상록구 사사동 316(사사안골3길 20),37.2905127000,126.9168694000,20180801,
안산시,***,닭,육계,25,,,경기도 안산시 단원구 화정동 165(너비울길97),37.3557816000,126.8265770000,20180801,
안산시,***,닭,육계,60,15210,경기도 안산시 단원구 달미산길 89,경기도 안산시 단원구 선부동 242(달미산길 89),37.3553656000,126.8139139000,20180801,
안산시,***,꿩,육계,8,15645,,경기도 안산시 단원구 대부북동 253,37.2454846000,126.5823521000,20180801,
안산시,***,꿩,육계,50,15645,,경기도 안산시 단원구 대부북동 253,37.2454846000,126.5823521000,20180801,
안산시,***,닭,육계,20,15643,경기도 안산시 단원구 대부황금로 659-32,경기도 안산시 단원구 대부동동 79-29(대부황금로 659-32),37.2343223000,126.6199621000,20180801,
안산시,***,닭,육계,18,15522,,경기도 안산시 상록구 팔곡일동 369(능앞길 37),37.3037559000,126.8929083000,20180801,
안산시,***,닭,육계,28,15201,경기도 안산시 상록구 산신길 45-11,경기도 안산시 상록구 장상동 154 (산신길 45-11),37.3568667000,126.8794893000,20180801,
안산시,***,닭,육계,20,15208,경기도 안산시 상록구 장하로 13,경기도 안산시 상록구 양상동 252-1(장하로 13),37.3423375000,126.8519661000,20180801,
안산시,***,닭,육계,50,15523,,경기도 안산시 상록구 사사동 67,37.3045084000,126.9208690000,20180801,
안산시,***,닭,육계,80,15208,,경기도 안산시 상록구 양상동 210(버대길 46-5),37.3462556000,126.8509877000,20180801,
안산시,***,닭,육계,30,15208,,경기도 안산시 상록구 양상동 159-17(오리골길 15-1),37.3476666000,126.8414370000,20180801,
안산시,***,"닭, 관상조류",육계,87,15203,경기도 안산시 상록구 수인로 2087-36,경기도 안산시 상록구 수암동 73-2(수인로 2087-30),37.3663930000,126.8734906000,20180801,
안산시,***,닭,육계,28,15523,,경기도 안산시 상록구 사사동 40(사사안골길 71),37.3041509000,126.9251555000,20180801,
안산시,***,닭,육계,7,15521,,경기도 안산시 상록구 건건동 327-10(건건로163),37.3143105000,126.9074566000,20180801,
안산시,***,닭,육계,23,15519,경기도 안산시 상록구 능앞길 69-1,경기도 안산시 상록구 팔곡일동 340-2(능앞길 69-1),37.3061793000,126.8924874000,20180801,
안산시,***,닭,육계,15,15519,경기도 안산시 상록구 수리실고개길 1-26,경기도 안산시 상록구 팔곡일동 12-21(수리실고개길1-26),37.3156444000,126.8876791000,20180801,
안산시,***,닭,육계,30,15208,경기도 안산시 상록구 장하로 182-48,경기도 안산시 상록구 장하동 130(장하로 182-48),37.3501721000,126.8631803000,20180801,
안산시,***,닭,육계,85,15207,경기도 안산시 상록구 새말1길 60,경기도 안산시 상록구 장상동 494-3(새말1길 60),37.3475622000,126.8658486000,20180801,
안산시,***,닭,육계,2,15201,경기도 안산시 상록구 산신길 42,경기도 안산시 상록구 장상동 146(산신길 42),37.3570900000,126.8775701000,20180801,
안산시,***,닭,육계,40,,,경기도 안산시 상록구 사사동 346,37.2935971000,126.9209823000,20180801,
안산시,***,닭,육계,11,15301,경기도 안산시 상록구 만수동천길 22-14,경기도 안산시 상록구 부곡동 248(만수동천길 22-14),37.3412550000,126.8737708000,20180801,
안산시,***,닭,육계,8,15521,경기도 안산시 상록구 비석거리길 23,경기도 안산시 상록구 건건동 861-3(비석거리길 23),37.3025063000,126.9064564000,20180801,
안산시,***,닭,육계,600,15210,경기도 안산시 단원구 금화로 13-17,경기도 안산시 단원구 선부동 313(금화로 13-17),37.3508869000,126.8192185000,20180801,
안산시,***,닭,육계,5,15651,,경기도 안산시 단원구 선감동 268-9,37.2195140000,126.6385708000,20180801,
안산시,***,꿩,육계,300,15645,,경기도 안산시 단원구 대부북동 253,37.2454846000,126.5823521000,20180801,
안산시,***,꿩,육계,300,15645,,경기도 안산시 단원구 대부북동 253,37.2454846000,126.5823521000,20180801,
안산시,***,꿩,육계,15,15645,,경기도 안산시 단원구 대부북동 253,37.2454846000,126.5823521000,20180801,
안산시,***,닭,육계,150,15645,,경기도 안산시 단원구 대부북동 253(새방죽1길 40),37.2454846000,126.5823521000,20180801,
안산시,***,닭,육계,50,15642,경기도 안산시 단원구 당전길 39,경기도 안산시 단원구 대부동동 914(당전길 39),37.2460073000,126.6005175000,20180801,
안산시,***,닭,육계,30,15644,경기도 안산시 단원구 솔따배기길 125-3,경기도 안산시 단원구 대부동동 596-1(솔따배기길 125-3),37.2394603000,126.6015440000,20180801,
안산시,***,닭,육계,7,15643,,경기도 안산시 단원구 대부동동 22-1,37.2440131000,126.6186508000,20180801,
안산시,***,닭,육계,10,15649,경기도 안산시 단원구 수영목길 27-1,경기도 안산시 단원구 대부남동 110-1(수영목길 27-1),37.2199609000,126.5933212000,20180801,
안산시,***,닭,육계,100,15406,,경기도 안산시 단원구 신길동 539-2(죽재길106-34),37.3328644000,126.7717242000,20180801,
안산시,***,닭,육계,5,15399,경기도 안산시 단원구 노송길 38-15,경기도 안산시 단원구 신길동 37-2(노송길 38-15),37.3379747000,126.7820000000,20180801,
안산시,***,닭,육계,20,15398,,경기도 안산시 단원구 신길동 216-411(터진목길 120-5),37.3410026000,126.7681897000,20180801,
안산시,***,닭,육계,69,15644,경기도 안산시 단원구 동주길 20,경기도 안산시 단원구 대부동동 650-12(동주길 20),37.2346801000,126.6028202000,20180801,
안산시,***,닭,육계,8,15653,,경기도 안산시 단원구 대부남동 964(고랫부리길 15-5),37.2110380000,126.5648566000,20180801,
안산시,***,닭,육계,10,15653,경기도 안산시 단원구 장불길 37,경기도 안산시 단원구 대부남동 559-56(장불길 37),37.2011237000,126.5592143000,20180801,
안산시,갈매골농장,닭,육계,100,15210,경기도 안산시 단원구 꽃우물길 103-55,경기도 안산시 단원구 화정동 507(꽃우물길 103-55),37.3615042000,126.8273764000,20180801,
안산시,대영농원,닭,육계,500,15519,경기도 안산시 상록구 반월천북길 59-4,경기도 안산시 상록구 팔곡일동 312-3(반월천북길 59-4),37.3060364000,126.8938750000,20180801,
안산시,백암농원,닭,육계,60,15647,경기도 안산시 단원구 한사위길 10,경기도 안산시 단원구 대부남동 1178-3(한사위길 10),37.2280397000,126.5479352000,20180801,
안산시,삼덕,닭,육계,80,15653,,경기도 안산시 단원구 대부남동 485-5(대남로 407),37.2132353000,126.5694403000,20180801,
안산시,성원농장,닭,육계,15,15524,,경기도 안산시 상록구 사사동 318,37.2909548000,126.9176809000,20180801,
안산시,우리,닭,육계,5,15200,경기도 안산시 상록구 지장골길 51-21,경기도 안산시 상록구 수암동 16(지장골길 51-21),37.3713926000,126.8809557000,20180801,
안산시,하늘바람,닭,육계,79,,,경기도 안산시 상록구 건건동 318-1(건건로 137),37.3134259000,126.9055400000,20180801,
안산시,해동농장,닭,육계,140,15210,경기도 안산시 단원구 금화로 171,경기도 안산시 단원구 화정동 산 86-10(금화로 171),37.3621095000,126.8284925000,20180801,
안산시,화정농장,닭,육계,30,15209,경기도 안산시 단원구 꽃우물길 143,경기도 안산시 단원구 화정동 129(꽃우물길 143),37.3583873000,126.8278238000,20180801,
안성시,NES농장,닭,산란계,58000,17527,경기도 안성시 일죽면 국동길 78-86,경기도 안성시 일죽면 능국리 7번지 1호,37.1114922000,127.5022345000,20181129,
안성시,NES농장2,닭,산란계,110000,17527,경기도 안성시 일죽면 국동길 78-64,경기도 안성시 일죽면 능국리 4번지 외 1필지(4-2),37.1110957000,127.5001055000,20181129,
안성시,가이안농장,오리,,9000,17509,,경기도 안성시 보개면 기좌리 124번지 1호,37.0354397000,127.2918503000,20181129,
안성시,가족농장,오리,,3000,17603,경기도 안성시 미양면 보촌4길 59,경기도 안성시 미양면 고지리 574번지 2호,36.9584163000,127.2047427000,20181129,
안성시,강릉농장,닭,육계,55000,17533,,경기도 안성시 일죽면 금산리 134번지,,,20181129,
안성시,경기농장,닭,산란계,30000,17557,경기도 안성시 원곡면 기업단지로 237-30,경기도 안성시 원곡면 반제리 430번지 외1필지,37.0158554000,127.1597457000,20181129,
안성시,경남축산,닭,육계,54000,17555,경기도 안성시 원곡면 만세로 1286-7,경기도 안성시 원곡면 외가천리 142번지 25호,37.0413265000,127.1394754000,20181129,
안성시,경원농장,닭,산란계,5000,17512,경기도 안성시 삼죽면 월앙길 50-40,경기도 안성시 삼죽면 내장리 211번지,37.0804089000,127.3988365000,20181129,
안성시,계림농원,닭,육계,50000,17608,경기도 안성시 서운면 서미로 141-107,경기도 안성시 서운면 현매리 628번지 1호,36.9305863000,127.2126609000,20181129,
안성시,관희농장,오리,,12000,17508,"경기도 안성시 보개면 서동대로 5590-16 (외 2필지(693-4,695-1))","경기도 안성시 보개면 양복리 694번지 외 2필지(693-4,695-1)",37.0121353000,127.3108971000,20181129,
안성시,구수리 농장,닭,육계,140000,17600,,경기도 안성시 미양면 구수리 45번지 3호,36.9731646000,127.2574632000,20181129,
안성시,구오농장,닭,육계,55000,17606,경기도 안성시 서운면 신동촌길 68-21,경기도 안성시 서운면 신능리 141번지 1호,36.9662794000,127.2742057000,20181129,
안성시,구칠농장,닭,산란계,83720,17604,경기도 안성시 미양면 고지1길 131-52,경기도 안성시 미양면 고지리 69번지 4호,36.9550611000,127.2217999000,20181129,
안성시,금강농장,닭,육계,45000,17554,경기도 안성시 원곡면 천덕산로 524,경기도 안성시 원곡면 성주리 342번지 2호,37.0872045000,127.1502762000,20181129,
안성시,금광농장,닭,산란계,50000,17534,경기도 안성시 금광면 사흥길 169-66,경기도 안성시 금광면 사흥리 118번지,37.0025837000,127.3740085000,20181129,
안성시,금평농장,닭,육계,8000,17533,경기도 안성시 일죽면 율동길 77-34 (금산리),경기도 안성시 일죽면 금산리 50번지 8호,37.0747404000,127.5102924000,20181129,
안성시,길담농장,오리,,20000,17506,경기도 안성시 보개면 동평길 134-66,경기도 안성시 보개면 동평리 32번지,37.0837065000,127.3277526000,20181129,
안성시,나루농장,닭,육계,55000,17509,경기도 안성시 보개면 한사울길 212,경기도 안성시 보개면 적가리 199번지,37.0527134000,127.2842037000,20181129,
안성시,남풍농원,닭,육계,500,17507,경기도 안성시 보개면 보개원삼로 910-2 (남풍리),경기도 안성시 보개면 남풍리 944번지 1호,37.0788479000,127.3081191000,20181129,
안성시,노동 농장,오리,,6000,17527,,경기도 안성시 일죽면 능국리 678번지 3호,37.1134623000,127.4878237000,20181129,
안성시,농업회사법인 골드아이(유),닭,산란계,590000,17527,경기도 안성시 일죽면 서동대로 7626-29,경기도 안성시 일죽면 능국리 310번지 1호,37.1003213000,127.4887411000,20181129,
안성시,농업회사법인 선유팜 주식회사,닭,산란계,30000,17526,경기도 안성시 일죽면 선유동길 23-72,경기도 안성시 일죽면 신흥리 899번지 2호,37.1237916000,127.4620764000,20181129,
안성시,농업회사법인 티지에프(주),닭,산란계,150000,17534,경기도 안성시 금광면 조령길 73-105,경기도 안성시 금광면 삼흥리 647번지 1호,37.0273606000,127.3630593000,20181129,
안성시,농업회사법인(주)알로팜 명당지점,닭,산란계,450000,17542,경기도 안성시 대덕면 만세로 388,경기도 안성시 대덕면 명당리 173번지 1호,37.0440489000,127.2127141000,20181129,
안성시,농업회사법인유한회사에이치비씨,닭,육계,63358,17596,경기도 안성시 발화대길 301-52 (중리동),경기도 안성시 중리동 79번지 6호,36.9797769000,127.2897865000,20181129,
안성시,다나농장,닭,산란계,40000,17551,경기도 안성시 공도읍 기업단지로 292-4,경기도 안성시 공도읍 용두리 382번지 9호,37.0158008000,127.1668246000,20181129,
안성시,다현농장,닭,산란계,4000,17564,경기도 안성시 공도읍 진건중길 125,경기도 안성시 공도읍 진사리 103번지 5호,36.9853820000,127.1371064000,20181129,
안성시,대박농장,닭,육계,40000,17565,경기도 안성시 공도읍 원중복길 67,경기도 안성시 공도읍 중복리 259번지 1호,36.9733053000,127.1309983000,20181129,
안성시,대박농장,오리,,6000,17527,경기도 안성시 일죽면 지내동길 21-33 (외 1필지),경기도 안성시 일죽면 능국리 884번지 5호 외 1필지,37.1112364000,127.4834668000,20181129,
안성시,대성농장,닭,육계,60000,17533,경기도 안성시 일죽면 율동길 53-17,경기도 안성시 일죽면 금산리 130번지,37.0731849000,127.5074033000,20181129,
안성시,대율,오리,,8568,17608,경기도 안성시 서운면 송죽길 70 외 2필지 (현매리),경기도 안성시 서운면 현매리 188번지 5호 외 2필지,36.9334252000,127.2271595000,20181129,
안성시,대현농장,오리,,10000,17607,,경기도 안성시 서운면 신촌리 260번지 1호,36.9383407000,127.2562697000,20181129,
안성시,대화 오리농장DHD,오리,,5500,17526,경기도 안성시 일죽면 죽화로 260-19,경기도 안성시 일죽면 화곡리 637번지 1호 외1필지,37.1064086000,127.4531628000,20181129,
안성시,덕수농장,닭,산란계,55000,17607,경기도 안성시 서운면 서운로 241-9,경기도 안성시 서운면 신촌리 280번지 5호,36.9352850000,127.2609067000,20181129,
안성시,도란도란,닭,산란계,80000,17507,경기도 안성시 보개면 가재울길 100-23,경기도 안성시 보개면 남풍리 732번지,37.0640146000,127.3123435000,20181129,
안성시,동남농원,닭,육계,2000,17529,"경기도 안성시 일죽면 서동대로 7410 (외5필지(473,474,475,475-1,476))","경기도 안성시 일죽면 송천리 478번지 외5필지(473,474,475,475-1,476)",37.0907909000,127.4701330000,20181129,
안성시,동성농장,오리,,15000,17536,,경기도 안성시 금광면 내우리 534번지 35호,36.9977514000,127.3154562000,20181129,
안성시,동신농장,닭,산란계,40000,17510,경기도 안성시 보개면 동문이길 57,경기도 안성시 보개면 동신리 655번지,36.9996672000,127.2956244000,20181129,
안성시,동원축산,오리,,3000,17566,,"경기도 안성시 공도읍 건천리 13번지 7호 외 3필지(14-1, 15-1, 19-13번지)",36.9730246000,127.1809954000,20181129,
안성시,두교농장,닭,육계,40000,17524,경기도 안성시 죽산면 용대길 70-5,경기도 안성시 죽산면 두교리 103번지,37.0153631000,127.4468270000,20181129,
안성시,두메농장,닭,산란계,310000,17528,,경기도 안성시 일죽면 산북리 104번지 1호 외 9필지,37.0856870000,127.5126597000,20181129,
안성시,둥지농장,오리,,17000,17508,"경기도 안성시 보개면 내방길 55-36 외 4필지 (228-5,-6,229,52) (내방리)","경기도 안성시 보개면 내방리 228번지 4호 외 4필지(228-5,-6,229,52)",37.0203578000,127.3125372000,20181129,
안성시,드림팜,닭,육계,90000,17603,"경기도 안성시 미양면 서미로 257 (외 2필지(52번지, 52-1번지))","경기도 안성시 미양면 법전리 55번지 외 2필지(52번지, 52-1번지)",36.9466133000,127.2144673000,20181129,
안성시,마전농장,오리,,15000,17515,,경기도 안성시 삼죽면 마전리 132번지 1호,37.0411045000,127.3469831000,20181129,
안성시,만우농장,닭,육계,30000,17509,경기도 안성시 보개면 한사울길 212,경기도 안성시 보개면 적가리 194번지,37.0527134000,127.2842037000,20181129,
안성시,명근농장,닭,산란계,35000,17501,경기도 안성시 양성면 양성로 519-65,경기도 안성시 양성면 장서리 407번지 9호,37.0948744000,127.2041592000,20181129,
안성시,민호농장,닭,육계,38000,17540,경기도 안성시 대덕면 한사울길 167,경기도 안성시 대덕면 삼한리 117번지,37.0565754000,127.2818683000,20181129,
안성시,병일농장,닭,육계,45000,17508,,경기도 안성시 보개면 복평리 75번지 2호,37.0366564000,127.3131429000,20181129,
안성시,봄양계장,닭,산란계,14000,17534,경기도 안성시 금광면 조령길 25,경기도 안성시 금광면 삼흥리 405번지,37.0168027000,127.3652006000,20181129,
안성시,부원농장,닭,육계,50000,17607,경기도 안성시 서운면 동양촌1길 27-62 (양촌리),경기도 안성시 서운면 양촌리 120번지,36.9450036000,127.2787667000,20181129,
안성시,부희농장,오리,,16000,17604,,경기도 안성시 미양면 강덕리 77번지 3호,,,20181129,
안성시,북좌농장,닭,육계,20000,17508,경기도 안성시 보개면 보개산로 276,경기도 안성시 보개면 북좌리 50번지,37.0419676000,127.3349822000,20181129,
안성시,사오농장,닭,육계,100000,17507,경기도 안성시 보개면 남풍길 223,경기도 안성시 보개면 남풍리 243번지,37.0667668000,127.3243971000,20181129,
안성시,삼학농장,닭,산란계,45000,17532,경기도 안성시 일죽면 금일로 140-64,경기도 안성시 일죽면 화봉리 191번지,37.0639636000,127.4821902000,20181129,
안성시,삼한농장,닭,육계,85000,17503,경기도 안성시 양성면 정자말길 65-75,경기도 안성시 양성면 삼암리 477번지 5호,37.0281850000,127.2105801000,20181129,
안성시,삼흥농장,닭,육계,42000,17534,경기도 안성시 금광면 조령길 73-50,경기도 안성시 금광면 삼흥리 562번지,37.0265237000,127.3715064000,20181129,
안성시,상록농장,닭,육계,66500,17537,경기도 안성시 금광면 현곡길 67-9,"경기도 안성시 금광면 현곡리 137번지 외 2필지(141, 142)",36.9815578000,127.3484781000,20181129,
안성시,상수리숲농장,닭,산란계,400,17503,경기도 안성시 양성면 성하길 60-7,경기도 안성시 양성면 방신리 산 36번지 2호,37.0361612000,127.1757702000,20181129,
안성시,상원농장,닭,산란계,60000,17607,,경기도 안성시 서운면 신촌리 11번지,,,20181129,
안성시,서가농장,닭,육계,56051,17520,경기도 안성시 죽산면 두평길 47-32 (두현리),경기도 안성시 죽산면 두현리 327번지,37.0644919000,127.4055225000,20181129,
안성시,서운농장,닭,산란계,250000,17607,경기도 안성시 서운면 서운로 229 (외 1필지),경기도 안성시 서운면 신촌리 280번지 2호 외 1필지,36.9342011000,127.2621041000,20181129,
안성시,서윤농장,오리,,7300,17508,,경기도 안성시 보개면 내방리 38번지 2호 외1필(40번지),37.0227462000,127.3123109000,20181129,
안성시,서현농장,오리,,5500,17596,경기도 안성시 샛터1길 41-34 (중리동),경기도 안성시 중리동 388번지 2호,36.9860307000,127.2742870000,20181129,
안성시,석우농장,닭,육계,50000,17508,,경기도 안성시 보개면 양복리 696번지 외2필지,37.0121069000,127.3114250000,20181129,
안성시,석찬 농장,닭,육계,50000,17505,경기도 안성시 고삼면 범골길 67-22 (신창리),경기도 안성시 고삼면 신창리 362번지,37.0749075000,127.2426554000,20181129,
안성시,선암농장,오리,,10000,17536,경기도 안성시 금광면 배티로 1009-92 외 1필지(11) (개산리),경기도 안성시 금광면 개산리 10번지 1호 외 1필지(11),36.9891915000,127.2904060000,20181129,
안성시,선유 칠면조 농장,칠면조,,1500,17526,경기도 안성시 일죽면 선유동길 23-87,경기도 안성시 일죽면 신흥리 907번지 0호,37.1227080000,127.4626887000,20181129,
안성시,선일농장,닭,육계,85000,17534,경기도 안성시 금광면 사흥길 169-44,경기도 안성시 금광면 사흥리 131번지 1호,37.0008569000,127.3729778000,20181129,
안성시,성공농장,닭,육계,40000,17608,경기도 안성시 서운면 매향길 122,경기도 안성시 서운면 현매리 116번지 2호,36.9405289000,127.2302449000,20181129,
안성시,성원농장,닭,산란계,50000,17558,경기도 안성시 공도읍 대신두길 69,경기도 안성시 공도읍 신두리 200번지 39호,36.9951905000,127.1984367000,20181129,
안성시,성은농장,닭,육계,4000,17608,경기도 안성시 서운면 안성맞춤대로 209,경기도 안성시 서운면 송산리 211번지 1호,36.9418056000,127.2363218000,20181129,
안성시,세원농장,닭,산란계,3000,17551,,경기도 안성시 공도읍 용두리 378번지 2호,37.0156586000,127.1653860000,20181129,
안성시,세진농장,닭,육계,35000,17508,경기도 안성시 보개면 남사당로 340-56,경기도 안성시 보개면 오두리 255번지 3호,37.0426613000,127.3151231000,20181129,
안성시,송숙농장,닭,육계,40000,17540,,경기도 안성시 대덕면 삼한리 499번지 1호,37.0597947000,127.2768994000,20181129,
안성시,송표농장,닭,육계,35000,17607,경기도 안성시 서운면 동양촌1길 27-50,경기도 안성시 서운면 양촌리 117번지,36.9457820000,127.2772427000,20181129,
안성시,수리산농장,오리,,7000,17528,,경기도 안성시 일죽면 산북리 172번지 1호,37.0835725000,127.5077646000,20181129,
안성시,수정농장,오리,,15000,17527,경기도 안성시 일죽면 서동대로 7594-85,경기도 안성시 일죽면 능국리 261번지 1호,37.0993186000,127.4849326000,20181129,
안성시,수지 토종농장,닭,육계,1000,17526,경기도 안성시 일죽면 노성로 217,경기도 안성시 일죽면 신흥리 산 11번지 1호,37.1225944000,127.4844950000,20181129,
안성시,수지농장,닭,육계,130000,17601,경기도 안성시 미양면 중앙배수1길 148-27,경기도 안성시 미양면 정동리 504번지 4호 외 1필지(504-5),36.9767503000,127.1956042000,20181129,
안성시,수지농장,닭,육계,50000,17541,경기도 안성시 대덕면 김중만장군길 157-39,경기도 안성시 대덕면 보동리 684번지,37.0542993000,127.2475934000,20181129,
안성시,수한농장,닭,육계,8000,17501,,경기도 안성시 양성면 장서리 55번지 1호,,,20181129,
안성시,스마일2 농장,오리,,12000,17603,경기도 안성시 미양면 신고지길 125,경기도 안성시 미양면 고지리 426번지,36.9638616000,127.2083503000,20181129,
안성시,승애농장,닭,산란계,50000,17551,경기도 안성시 공도읍 용머리큰길 34-55,경기도 안성시 공도읍 용두리 399번지 1호,37.0109386000,127.1642412000,20181129,
안성시,승희농장,오리,,25000,17509,경기도 안성시 보개면 보개원삼로 342-34,경기도 안성시 보개면 기좌리 150번지 2호,37.0329921000,127.2904811000,20181129,
안성시,시은농장,닭,육계,40000,17508,,"경기도 안성시 보개면 내방리 19번지 , 22-1번지",37.0268802000,127.3130132000,20181129,
안성시,시헌농장,닭,산란계,150000,17509,경기도 안성시 보개면 이전봉산길 29-45,경기도 안성시 보개면 적가리 161번지 1호,37.0539328000,127.2904814000,20181129,
안성시,신기리농장,오리,,9000,17606,경기도 안성시 서운면 서운로 592,"경기도 안성시 서운면 신기리 17번지 1호 외 2필지(17-2,16-2)",36.9647267000,127.2634315000,20181129,
안성시,신안농장,오리,,46000,17508,,경기도 안성시 보개면 신안리 250번지,37.0543758000,127.3078974000,20181129,
안성시,아리농장,닭,육계,85000,17606,,경기도 안성시 서운면 신기리 236번지,36.9542239000,127.2738486000,20181129,
안성시,안성마춤육계,닭,육계,40000,17540,경기도 안성시 대덕면 안성맞춤대로 1594,경기도 안성시 대덕면 진현리 378번지 2호,37.0537162000,127.2591485000,20181129,
안성시,안성목장,닭,산란계,8000,,,경기도 안성시 공도읍 신두리 산 54번지,,,20181129,
안성시,야곱농장,닭,육계,100,17540,경기도 안성시 대덕면 미륵로 137,경기도 안성시 대덕면 진현리 6번지 2호,37.0599867000,127.2677594000,20181129,
안성시,양호농장,오리,,30000,17608,경기도 안성시 서운면 사갑1길 191-24,경기도 안성시 서운면 신흥리 산 51번지,36.9286198000,127.2424098000,20181129,
안성시,열심농장,닭,산란계,6000,17547,경기도 안성시 대덕면 신두만곡로 280-30,경기도 안성시 대덕면 죽리 680번지 1호,36.9858900000,127.2047142000,20181129,
안성시,영란농장,오리,,9000,17531,경기도 안성시 일죽면 장암로 276-35,경기도 안성시 일죽면 죽림리 881번지,37.0723842000,127.4461921000,20181129,
안성시,영심농장,닭,산란계,80000,17517,경기도 안성시 삼죽면 신미1길 53-6,경기도 안성시 삼죽면 미장리 170번지,37.0401881000,127.3642551000,20181129,
안성시,영양축산,닭,육계,35000,17526,경기도 안성시 일죽면 선유동길 23-33,경기도 안성시 일죽면 신흥리 902번지,37.1229259000,127.4645805000,20181129,
안성시,영윤농장,닭,육계,1000,17501,경기도 안성시 양성면 양성로 614,경기도 안성시 양성면 장서리 320번지,37.1064018000,127.2128747000,20181129,
안성시,오두리 농장,닭,육계,45000,17508,경기도 안성시 보개면 남사당로 340-50,경기도 안성시 보개면 오두리 255번지 5호,37.0430507000,127.3143716000,20181129,
안성시,오림농장,닭,산란계,100000,17509,경기도 안성시 보개면 보개원삼로 575-12,경기도 안성시 보개면 적가리 159번지,37.0548228000,127.2913167000,20181129,
안성시,오성농장,닭,산란계,8000,17553,,경기도 안성시 원곡면 지문리 24번지 1호,37.0472690000,127.1433868000,20181129,
안성시,완기농장,닭,산란계,46,17503,,경기도 안성시 양성면 삼암리 474번지 6호,37.0284362000,127.2059955000,20181129,
안성시,완호농장,닭,육계,30000,17509,경기도 안성시 보개면 보개원삼로 397-12,경기도 안성시 보개면 기좌리 275번지,37.0388265000,127.2886260000,20181129,
안성시,용단농장,닭,육계,30000,17507,경기도 안성시 보개면 삼은길 316,경기도 안성시 보개면 남풍리 1223번지 2호,37.0791564000,127.3037906000,20181129,
안성시,용마농장,닭,육계,350,17606,경기도 안성시 서운면 바우덕이로 225,경기도 안성시 서운면 신기리 산 43번지,36.9571732000,127.2726239000,20181129,
안성시,용성농장,오리,,6000,17526,경기도 안성시 일죽면 일죽신흥로 172-35,경기도 안성시 일죽면 신흥리 958번지 4호,37.1184038000,127.4757372000,20181129,
안성시,우리농장,오리,,8000,17508,,경기도 안성시 보개면 내방리 19번지 외6필지,37.0268802000,127.3130132000,20181129,
안성시,원범농장,닭,육계,40000,17501,경기도 안성시 양성면 상장서길 47,경기도 안성시 양성면 장서리 175번지,37.1041242000,127.2167383000,20181129,
안성시,유원농장,닭,육계,32000,17562,경기도 안성시 공도읍 정봉길 31,경기도 안성시 공도읍 승두리 7번지 1호,36.9962190000,127.1743317000,20181129,
안성시,유화농장,닭,산란계,50000,17510,경기도 안성시 보개면 동문이길 57,경기도 안성시 보개면 동신리 655번지,36.9996672000,127.2956244000,20181129,
안성시,육계농장,닭,육계,50000,17508,,경기도 안성시 보개면 상삼리 54번지 2호,37.0223004000,127.3306713000,20181129,
안성시,은영농장,닭,육계,90000,17604,경기도 안성시 미양면 양변길 149,경기도 안성시 미양면 강덕리 12번지,36.9598369000,127.2313241000,20181129,
안성시,이삼농장,닭,산란계,58000,17511,경기도 안성시 삼죽면 품곡길 158-14,경기도 안성시 삼죽면 율곡리 905번지 2호,37.0988222000,127.3574466000,20181129,
안성시,일월농장,닭,육계,41000,17530,,경기도 안성시 일죽면 월정리 1423번지,37.0909099000,127.4437468000,20181129,
안성시,일죽 농장,닭,산란계,30000,17531,경기도 안성시 일죽면 장암로 24-72,경기도 안성시 일죽면 장암리 35번지 3호,37.0809048000,127.4682392000,20181129,
안성시,장동농장,오리,,20000,17506,경기도 안성시 보개면 동평길 134-84,경기도 안성시 보개면 동평리 25번지,37.0852689000,127.3297613000,20181129,
안성시,장수농장,닭,산란계,16000,17554,,경기도 안성시 원곡면 성주리 123번지,37.0860082000,127.1691576000,20181129,
안성시,장수농장,닭,산란계,51700,17604,경기도 안성시 미양면 고지1길 131-52,경기도 안성시 미양면 고지리 69번지 4호,36.9550611000,127.2217999000,20181129,
안성시,재성농장,닭,육계,50000,17604,,경기도 안성시 미양면 고지리 산 93번지 1호,,,20181129,
안성시,재수농장,닭,육계,30000,17607,경기도 안성시 서운면 서운로 412,경기도 안성시 서운면 양촌리 297번지 1호,36.9492818000,127.2594944000,20181129,
안성시,정기농장,닭,육계,2000,17508,경기도 안성시 보개면 신곡길 20-11 (신안리),경기도 안성시 보개면 신안리 92번지 2호,37.0536333000,127.3162361000,20181129,
안성시,정훈농장,닭,산란계,55000,17608,경기도 안성시 서운면 사갑1길 245,경기도 안성시 서운면 신흥리 265번지 1호,36.9274798000,127.2402176000,20181129,
안성시,정훈축산,닭,산란계,55000,17608,경기도 안성시 서운면 사갑1길 237-31,경기도 안성시 서운면 신흥리 산 25번지,36.9262824000,127.2397089000,20181129,
안성시,제2대화 오리농장 DHD,오리,,20000,17526,"경기도 안성시 일죽면 죽화로 278-19 (,612-1외 1필지)","경기도 안성시 일죽면 화곡리 611번지 ,612-1외 1필지",37.1049898000,127.4566305000,20181129,
안성시,제일농장,닭,육계,30000,17601,경기도 안성시 미양면 중앙배수1길 148-24,경기도 안성시 미양면 정동리 504번지 15호,36.9771901000,127.1966386000,20181129,
안성시,조아라 한약닭 농장,닭,육계,20000,17516,경기도 안성시 삼죽면 진촌진말길 29,경기도 안성시 삼죽면 진촌리 511번지 2호,37.0519931000,127.3608935000,20181129,
안성시,주은농장,오리,,10000,17596,,경기도 안성시 현수동 47번지,36.9985558000,127.2780950000,20181129,
안성시,준 농장,닭,육계,59900,17604,경기도 안성시 미양면 서변1길 55-24,경기도 안성시 미양면 강덕리 154번지 2호,36.9493930000,127.2361878000,20181129,
안성시,중대농장,닭,산란계,2000,17509,,경기도 안성시 보개면 불현리 산 119번지 1호,,,20181129,
안성시,중영농장,오리,,20000,17603,경기도 안성시 미양면 서미로 367-7 (고지리),경기도 안성시 미양면 고지리 210번지 1호,36.9565558000,127.2124064000,20181129,
안성시,지현농장,닭,산란계,300,17536,경기도 안성시 금광면 구송동길 54,경기도 안성시 금광면 내우리 103번지 2호,36.9972483000,127.3044225000,20181129,
안성시,진가네농장,닭,육계,40000,17540,경기도 안성시 대덕면 한사울길 81-34,경기도 안성시 대덕면 삼한리 593번지 1호,37.0612410000,127.2749257000,20181129,
안성시,진촌 농장,닭,산란계,13500,17564,경기도 안성시 공도읍 진건중길 114-6,경기도 안성시 공도읍 진사리 112번지 4호,36.9869412000,127.1368059000,20181129,
안성시,천일농장,닭,육계,30000,17509,경기도 안성시 보개면 곡천길 51-61,경기도 안성시 보개면 곡천리 118번지,37.0289676000,127.2928710000,20181129,
안성시,천하오리,오리,,8500,17528,,경기도 안성시 일죽면 산북리 140번지,37.0807442000,127.5117382000,20181129,
안성시,천호농장,닭,육계,40000,17509,경기도 안성시 보개면 남사당로 106-31,경기도 안성시 보개면 구사리 산 35번지 1호,37.0276609000,127.3037897000,20181129,
안성시,청산농장,닭,산란계,100000,17548,경기도 안성시 공도읍 문터길 87,경기도 안성시 공도읍 마정리 433번지 2호,37.0153279000,127.1938251000,20181129,
안성시,청산오리농장,오리,,20000,17554,경기도 안성시 원곡면 승량길 130,경기도 안성시 원곡면 성주리 190번지,37.0803996000,127.1656028000,20181129,
안성시,청원농장,닭,산란계,15000,17508,경기도 안성시 보개면 보개산로 291-44,경기도 안성시 보개면 북좌리 11번지,37.0467990000,127.3375887000,20181129,
안성시,초원농장,오리,,12000,17508,"경기도 안성시 보개면 은행나무길 90-53 외2필(271-4,271-5) (내방리)","경기도 안성시 보개면 내방리 271번지 3호 외2필(271-4,271-5)",37.0181319000,127.3091795000,20181129,
안성시,큰오리농장,오리,,12000,17530,,"경기도 안성시 일죽면 월정리 1727번지 , 1728번지, 1728-1번지, 1729번지, 1730번지",37.0806274000,127.4584646000,20181129,
안성시,큰오리농장,오리,,5000,17527,"경기도 안성시 일죽면 노동길 73 (, 659-1번지, 659-5번지)","경기도 안성시 일죽면 능국리 674번지 , 659-1번지, 659-5번지",37.1127393000,127.4883479000,20181129,
안성시,큰오리농장,오리,,6000,17528,경기도 안성시 일죽면 산북1길 45-27,"경기도 안성시 일죽면 산북리 607번지 1호 , 607-2번지",37.0812442000,127.5022160000,20181129,
안성시,텃골축산,닭,산란계,150000,17531,경기도 안성시 일죽면 장암로 24-72 (외 3필지),경기도 안성시 일죽면 장암리 411번지 27호 외 3필지,37.0809048000,127.4682392000,20181129,
안성시,판기농장,닭,산란계,13000,17564,경기도 안성시 공도읍 진건중길 98,경기도 안성시 공도읍 진사리 115번지 1호,36.9878318000,127.1380880000,20181129,
안성시,팔봉농장,닭,육계,40000,17531,경기도 안성시 일죽면 장암초교길 123-14,경기도 안성시 일죽면 장암리 438번지 3호,37.0755457000,127.4584117000,20181129,
안성시,팔상농장,닭,육계,30000,17526,경기도 안성시 일죽면 지내동길 84-1,경기도 안성시 일죽면 신흥리 540번지,37.1145670000,127.4753195000,20181129,
안성시,평안농장,오리,,20000,17508,경기도 안성시 보개면 남사당로 442 (신안리),경기도 안성시 보개면 신안리 87번지 6호,37.0532170000,127.3134801000,20181129,
안성시,하나둘셋영농조합법인,닭,산란계,9588,17534,경기도 안성시 금광면 금광모산길 42-233,"경기도 안성시 금광면 오흥리 23번지 1호 외3필지(22-2,23,24-1)",37.0168265000,127.3542786000,20181129,
안성시,하늘농장,닭,육계,60000,17508,경기도 안성시 보개면 내방상삼로 168-32,경기도 안성시 보개면 상삼리 872번지 4호 외 1필지,37.0275470000,127.3298172000,20181129,
안성시,한다리농장,닭,육계,70000,17525,경기도 안성시 일죽면 한다리길 94-16,경기도 안성시 일죽면 방초리 1005번지 14호,37.1190998000,127.4173559000,20181129,
안성시,한미농장,닭,산란계,1400,17604,경기도 안성시 미양면 서미로 452-58,경기도 안성시 미양면 강덕리 50번지,36.9631076000,127.2218567000,20181129,
안성시,한성농장,오리,,13000,17508,,경기도 안성시 보개면 양복리 662번지,37.0133267000,127.3101266000,20181129,
안성시,한신농장,닭,육계,53000,17531,경기도 안성시 일죽면 용설로 17-35,경기도 안성시 일죽면 죽림리 739번지,37.0790175000,127.4409452000,20181129,
안성시,한울농장,닭,육계,35000,17508,경기도 안성시 보개면 남사당로 429-57 (외 1(보개면 오두리 86)),경기도 안성시 보개면 신안리 336번지 2호 외 1(보개면 오두리 86),37.0514375000,127.3082341000,20181129,
안성시,해샘찬농장,닭,산란계,20000,17557,경기도 안성시 원곡면 원당로 243-40,경기도 안성시 원곡면 반제리 150번지,37.0317430000,127.1650831000,20181129,
안성시,현수농장,오리,,19341,17596,경기도 안성시 배티로 1009-44 (현수동),경기도 안성시 현수동 291번지 0호,36.9935272000,127.2897932000,20181129,
안성시,현풍농장,닭,육계,30000,17507,경기도 안성시 보개면 남풍길 15,경기도 안성시 보개면 남풍리 939번지,37.0782686000,127.3091514000,20181129,
안성시,혜성농장,닭,육계,30000,17509,경기도 안성시 보개면 이전봉산길 29-46,경기도 안성시 보개면 적가리 173번지,37.0537668000,127.2882885000,20181129,
안성시,호반농장,오리,,10500,17601,경기도 안성시 미양면 중앙배수1길 128-24,경기도 안성시 미양면 정동리 506번지 17호 외1필지(506-18),36.9783043000,127.1985507000,20181129,
안성시,호야2농장,닭,육계,30000,17505,경기도 안성시 고삼면 윗갈미길 65,경기도 안성시 고삼면 대갈리 293번지 2호,37.0720687000,127.2473244000,20181129,
안성시,호야농장,닭,육계,70000,17505,경기도 안성시 고삼면 신창길 229-11,경기도 안성시 고삼면 대갈리 648번지 4호,37.0694329000,127.2496211000,20181129,
안성시,효성1농장,닭,육계,60000,17507,경기도 안성시 보개면 이전봉산길 31-87,경기도 안성시 보개면 이전리 416번지 1호,37.0574112000,127.2865933000,20181129,
안성시,효원농장,닭,육계,140000,17600,경기도 안성시 미양면 협동단지길 158-68,경기도 안성시 미양면 보체리 316번지 5호 외 7필지,36.9650315000,127.2382680000,20181129,
안성시,효원농장,닭,육계,140000,17600,경기도 안성시 미양면 협동단지길 158-68,경기도 안성시 미양면 보체리 316번지 3호,36.9650315000,127.2382680000,20181129,
안성시,흥안농장,닭,육계,32000,17527,경기도 안성시 일죽면 노동길 73,경기도 안성시 일죽면 능국리 674번지,37.1127393000,127.4883479000,20181129,
안성시,희영농장,오리,,6000,17515,,경기도 안성시 삼죽면 기솔리 436번지 외 1필지(437),37.0407736000,127.3429801000,20181129,
안성시,희영농장,오리,,5000,17508,,경기도 안성시 보개면 상삼리 871번지 6호,37.0285767000,127.3289001000,20181129,
안성시,희영농장,오리,,6000,17515,경기도 안성시 삼죽면 국사봉로 212-16 (외 1필지(440-2)),경기도 안성시 삼죽면 기솔리 440번지 1호 외 1필지(440-2),37.0409937000,127.3416210000,20181129,
양주시,경희농장,닭,육계,22000,11514,경기도 양주시 백석읍 양주산성로 625-42,경기도 양주시 백석읍 복지리 286번지 1호,37.7844278000,126.9850479000,20181205,
양주시,곡산농장,닭,육계,60000,11427,경기도 양주시 은현면 화합로941번길 62-18,경기도 양주시 은현면 선암리 76번지 1호,37.8641056000,127.0293491000,20181205,
양주시,관우농장,닭,육계,26000,11516,경기도 양주시 백석읍 양주산성로732번길 154,경기도 양주시 백석읍 가업리 24번지 1호,37.7912830000,126.9793243000,20181205,
양주시,관우제2농장,닭,육계,20000,11516,경기도 양주시 백석읍 가업리 235번지 1호,경기도 양주시 백석읍 가업리 235번지 1호,37.7887867000,126.9760782000,20181205,
양주시,광승농장,닭,육계,100,11409,경기도 양주시 남면 감악산로83번길 393-25,경기도 양주시 남면 상수리 524번지,37.8676109000,126.9795159000,20181205,
양주시,금성농장,닭,산란계,30000,11426,경기도 양주시 은현면 은남로203번길 96-28,경기도 양주시 은현면 봉암리 84번지,37.8966862000,127.0101582000,20181205,
양주시,금성농장,닭,육계,55000,11494,경기도 양주시 만송로366번길 139,경기도 양주시 만송동 58번지 21호,37.7888405000,127.0991752000,20181205,
양주시,나리농장,닭,육계,35000,11426,경기도 양주시 은현면 은현로242번길 19,경기도 양주시 은현면 하패리 686번지 1호,37.8905762000,127.0239245000,20181205,
양주시,대연농장,닭,육계,22000,11475,경기도 양주시 율정동 78번지 2호,경기도 양주시 율정동 78번지 2호,37.8174494000,127.1053452000,20181205,
양주시,도하 2농장,닭,산란계,30000,11431,경기도 양주시 은현면 도하리 250-1번지,경기도 양주시 은현면 도하리 250-1번지,37.8445579000,127.0114368000,20181205,
양주시,도하농장,닭,산란계,40000,11431,경기도 양주시 은현면 그루고개로426번길 60-6,경기도 양주시 은현면 도하리 206번지,37.8460264000,127.0119824000,20181205,
양주시,만송농장,닭,육계,40000,11494,경기도 양주시 만송로367번길 115,경기도 양주시 만송동 210번지,37.7956740000,127.0938138000,20181205,
양주시,무궁화농장,닭,산란계,70000,11427,경기도 양주시 은현면 은현로56번길 127,경기도 양주시 은현면 선암리 367번지,37.8762775000,127.0282964000,20181205,
양주시,백산농장,닭,육계,21000,11424,경기도 양주시 광적면 부흥로230번길 262-46,경기도 양주시 광적면 비암리 96번지,37.8022023000,126.9332775000,20181205,
양주시,백석농장,닭,육계,40000,11504,경기도 양주시 백석읍 중앙로254번길 173-22,경기도 양주시 백석읍 오산리 211번지 2호,37.8054471000,126.9858831000,20181205,
양주시,살구골농장,닭,육계,500,11432,경기도 양주시 은현면 삼일로342번길 116,경기도 양주시 은현면 도하리 623번지,37.8475312000,126.9973487000,20181205,
양주시,삼일농장,닭,산란계,60000,11426,경기도 양주시 은현면 화합로691번길 83-66,경기도 양주시 은현면 운암리 440번지 1호,37.8761629000,127.0103721000,20181205,
양주시,삼형농장,닭,산란계,38000,11403,경기도 양주시 남면 은남로119번길 233,경기도 양주시 남면 한산리 26번지 3호,37.9052452000,127.0035755000,20181205,
양주시,서울농장,닭,산란계,39000,11426,경기도 양주시 은현면 하패리 625번지,경기도 양주시 은현면 하패리 625번지,37.8826117000,127.0251272000,20181205,
양주시,선암농장,닭,산란계,100000,11427,경기도 양주시 은현면 은현로56번길 127,경기도 양주시 은현면 선암리 366번지,37.8764669000,127.0274326000,20181205,
양주시,성규농장,닭,산란계,27000,11426,경기도 양주시 은현면 은현로257번길 20,경기도 양주시 은현면 하패리 888번지 5호,37.8907479000,127.0207869000,20181205,
양주시,세바,닭,산란계,30000,11413,경기도 양주시 남면 경신리 산 39번지,경기도 양주시 남면 경신리 산 39번지,37.8559707000,126.9789856000,20181205,
양주시,세인농장,닭,산란계,20000,11432,경기도 양주시 은현면 그루고개로371번길 131-18,경기도 양주시 은현면 도하리 655번지 2호 외 2번지,37.8431708000,127.0008255000,20181205,
양주시,승호농장,닭,산란계,28000,,경기도 양주시 은현면 봉암리 산11번지,경기도 양주시 은현면 봉암리 산11번지,37.9237682000,127.0090917000,20181205,
양주시,신춘추농장,닭,산란계,99000,11516,경기도 양주시 백석읍 중앙로223번길 162,경기도 양주시 백석읍 가업리 13번지 1호,37.7938149000,126.9803226000,20181205,
양주시,쌍알농장,닭,산란계,20000,11426,경기도 양주시 은현면 은남로203번길 118,경기도 양주시 은현면 봉암리 62-1번지,37.8975782000,127.0081800000,20181205,
양주시,애정농장,닭,육계,22000,11405,경기도 양주시 남면 삼일로 834,경기도 양주시 남면 입암리 229번지,37.8880822000,126.9949357000,20181205,
양주시,양주육계농장,닭,육계,57000,11406,경기도 양주시 남면 감악산로216번길 124,경기도 양주시 남면 구암리 2번지 1호,37.8867746000,126.9839888000,20181205,
양주시,에그콜,닭,산란계,69000,11426,경기도 양주시 남면 운하로99번길 345,경기도 양주시 남면 한산리 578번지 2호,37.8928574000,127.0032115000,20181205,
양주시,에그트리,닭,산란계,70000,11414,경기도 양주시 광적면 삼일로 266-13,경기도 양주시 광적면 석우리 6번지 3호,37.8420260000,126.9906576000,20181205,
양주시,영광농장,닭,산란계,23000,11516,경기도 양주시 백석읍 중앙로 383-45,경기도 양주시 백석읍 가업리 346번지 1호,37.8013091000,126.9726560000,20181205,
양주시,영훈목장,닭,육계,26000,11426,경기도 양주시 은현면 운하로101번길 122,경기도 양주시 은현면 운암리 386번지,37.8845506000,127.0097364000,20181205,
양주시,영흥농장,닭,산란계,48000,11403,경기도 양주시 남면 은남로119번길 241-25,경기도 양주시 남면 한산리 25번지 1호,37.9047407000,127.0024611000,20181205,
양주시,월암농장,닭,육계,39000,11503,경기도 양주시 백석읍 연곡로 30,경기도 양주시 백석읍 오산리 704번지 1호,37.8057229000,126.9695542000,20181205,
양주시,유천1농장,닭,산란계,65000,11431,경기도 양주시 은현면 그루고개로384번길 11-13,경기도 양주시 은현면 도하리 243번지,37.8448373000,127.0105393000,20181205,
양주시,유한농장,닭,산란계,30000,11429,경기도 양주시 은현면 화합로1080번길 92-63,경기도 양주시 은현면 용암리 850번지,37.8522497000,127.0274814000,20181205,
양주시,은혜2농장,닭,육계,30000,11426,경기도 양주시 은현면 하패리 243번지 1호,경기도 양주시 은현면 하패리 243번지 1호,37.8821312000,127.0376193000,20181205,
양주시,은혜농장,닭,육계,10000,11426,경기도 양주시 은현면 화합로788번길 190,경기도 양주시 은현면 운암리 516번지 2호,37.8644686000,127.0120187000,20181205,
양주시,이천농장,닭,산란계,35000,11517,경기도 양주시 백석읍 양주산성로 864-8,경기도 양주시 백석읍 홍죽리 340번지 18호,37.7943969000,126.9660737000,20181205,
양주시,이화팜,닭,산란계,30000,11403,경기도 양주시 남면 삼육사로 286-99,경기도 양주시 남면 한산리 555번지 119호,37.8995510000,126.9942637000,20181205,
양주시,장수축산농장,닭,산란계,42000,11413,경기도 양주시 남면 화합로430번길 387,경기도 양주시 남면 경신리 205번지,37.8545562000,126.9787360000,20181205,
양주시,종인농장,닭,육계,20000,11485,경기도 양주시 삼숭로129번길 76,경기도 양주시 삼숭동 572번지 1호,37.8034761000,127.0938461000,20181205,
양주시,준준농장,닭,육계,50000,11427,경기도 양주시 은현면 은현로 73-84,경기도 양주시 은현면 선암리 342번지 32호,37.8765760000,127.0219883000,20181205,
양주시,칠성농장,닭,산란계,22000,11448,경기도 양주시 칠봉산로314번길 122-34,경기도 양주시 봉양동 428번지 7호,37.8623365000,127.0784520000,20181205,
양주시,태양농장,닭,산란계,90000,11426,경기도 양주시 은현면 은현로312번길 121-213,경기도 양주시 은현면 하패리 804번지 1호,37.8981895000,127.0211526000,20181205,
양주시,한산농장,닭,산란계,28000,11404,경기도 양주시 남면 삼육사로194번길 126,경기도 양주시 남면 신산리 141번지 2호,37.8947478000,126.9837707000,20181205,
양주시,홍일농장,닭,육계,36000,11516,경기도 양주시 백석읍 양주산성로732번길 69-29,경기도 양주시 백석읍 가업리 258번지,37.7884531000,126.9751020000,20181205,
양평군,가나안농장,육계,육계,42000,12543,경기도 양평군 지평면 대평로 364,경기도 양평군 지평면 대평리 5번지,37.4379241000,127.6471280000,20190530,
양평군,가을농장,육계,육계,50000,12543,경기도 양평군 지평면 대평로 364,경기도 양평군 지평면 대평리 5번지,37.4393360000,127.6492757000,20190530,
양평군,강**,육계,육계,30000,12530,경기도 양평군 청운면 여물길 153-5,경기도 양평군 청운면 여물리 216,37.5678266000,127.7026209000,20190530,
양평군,개군농장,육계,육계,60000,12569,경기도 양평군 개군면 내리길 140,경기도 양평군 개군면 내리 40-1번지,37.4389213000,127.5703569000,20190530,
양평군,고센농장,육계,육계,45000,12543,경기도 양평군 지평면 대평로 415-17,경기도 양평군 지평면 망미리 1127번지,37.4420351000,127.6483272000,20190530,
양평군,고송농장,육계,육계,30000,12533,경기도 양평군 양동면 윗고슬길 54,경기도 양평군 양동면 고송리 889번지,37.4785325000,127.6962930000,20190530,
양평군,구구농장,육계,육계,25000,12512,경기도 양평군 용문면 망능길266번길 13,경기도 양평군 용문면 망능리 160-1번지,37.5480726000,127.6381281000,20190530,
양평군,국수농장,육계,육계,50000,12580,경기도 양평군 양서면 왯재길10번길 6,경기도 양평군 양서면 국수리 52-2번지,37.5214048000,127.4037116000,20190530,
양평군,굿모닝메추팜,메추리,,200000,12544,경기도 양평군 지평면 밤벌길 56,경기도 양평군 지평면 수곡리 464번지 외 3필지,37.4323658000,127.5952996000,20190530,
양평군,금산농장,육계,육계,25040,12541,경기도 양평군 지평면 금의길 159-1,경기도 양평군 지평면 월산리 473번지,37.4738591000,127.6579384000,20190530,
양평군,김**,육계,육계,22000,12536,경기도 양평군 양동면 윗목골길 58,경기도 양평군 양동면 석곡리 83번지,37.4234313000,127.7646174000,20190530,
양평군,김**,육계,육계,40000,12534,경기도 양평군 양동면 양동로 1031,경기도 양평군 양동면 금왕리 464-1번지,37.4783919000,127.7301738000,20190530,
양평군,김**,육계,육계,120,12538,경기도 양평군 양동면 여양3로 636-10,경기도 양평군 양동면 단석리 105-1번지,37.4011510000,127.7431823000,20190530,
양평군,김**,육계,육계,40000,12544,경기도 양평군 지평면 고재길 60,경기도 양평군 지평면 곡수리 517번지,37.4246191000,127.6091681000,20190530,
양평군,대산농장,육계,육계,60000,12524,경기도 양평군 용문면 수곡안말길 265,경기도 양평군 용문면 화전리 1115번지,37.4575845000,127.5971034000,20190530,
양평군,대아농장,산란계,산란계,7000,12580,경기도 양평군 양서면 증동길316번길 25,경기도 양평군 양서면 증동리 325번지,37.5355170000,127.4185407000,20190530,
양평군,대천농장,메추리,,60000,12506,경기도 양평군 옥천면 용천로 125,경기도 양평군 옥천면 용천리 248-6번지,37.5349049000,127.4869755000,20190530,
양평군,댄디농장,육계,육계,53000,12566,경기도 양평군 개군면 댓골길 74,경기도 양평군 개군면 공세리 22-1번지,37.4533876000,127.5481454000,20190530,
양평군,돌담농장,메추리,,60000,12567,경기도 양평군 개군면 개군산로7번길 32,경기도 양평군 개군면 석장리 987번지,37.4591125000,127.5294813000,20190530,
양평군,동남,산란계,산란계,15000,12538,경기도 양평군 양동면 송석1길 28,경기도 양평군 양동면 단석리 501-5번지,37.3979460000,127.7295480000,20190530,
양평군,마**,육계,육계,50000,12564,경기도 양평군 양평읍 양근로345번길 74,경기도 양평군 양평읍 도곡리 878-1번지,37.4831087000,127.5081680000,20190530,
양평군,목산농장,오리,오리,16000,12544,경기도 양평군 지평면 수곡로 64-25,경기도 양평군 지평면 수곡리 산 4번지 1호,37.4222561000,127.6043366000,20190530,
양평군,민희농장,육계,육계,38800,12532,경기도 양평군 청운면 버덩길21번길 49-5,경기도 양평군 청운면 갈운리 245-1번지,37.5404171000,127.7752310000,20190530,
양평군,박**,육계,육계,35000,12534,경기도 양평군 양동면 몰운고갯길 803-7,경기도 양평군 양동면 금왕리 89번지,37.4863093000,127.7378145000,20190530,
양평군,병산리농장,산란계,산란계,20000,12571,경기도 양평군 강상면 백병길 4,경기도 양평군 강상면 병산리 945-3번지,37.4885831000,127.4627283000,20190530,
양평군,보성농장,육계,육계,100000,12570,경기도 양평군 개군면 해랭이골길 179-30,경기도 양평군 개군면 계전리 159-10번지,37.4177323000,127.5828601000,20190530,
양평군,부목농장,육계,육계,50000,12532,경기도 양평군 청운면 버덩길21번길 10,경기도 양평군 청운면 갈운리 217번지,37.5370818000,127.7768711000,20190530,
양평군,부일농장,육계,육계,20000,12544,경기도 양평군 지평면 광양마을길 110,경기도 양평군 지평면 옥현리 285-1번지,37.4520614000,127.6199677000,20190530,
양평군,부일농장,육계,육계,50000,12544,경기도 양평군 지평면 부일길 46,경기도 양평군 지평면 옥현리 1374번지,37.4520614000,127.6199677000,20190530,
양평군,부흥농장,육계,육계,70000,12532,경기도 양평군 청운면 버덩길 55-13,경기도 양평군 청운면 갈운리 298번지,37.5368541000,127.7731125000,20190530,
양평군,새벽농장,육계,육계,80000,12528,경기도 양평군 단월면 석산로,경기도 양평군 단월면 향소리 91,37.5569510000,127.6617660000,20190530,
양평군,서우농원,메추리,,200000,12570,경기도 양평군 개군면 윗터길 68,경기도 양평군 개군면 자연리 35-1번지,37.4295070000,127.5625806000,20190530,
양평군,석장양계,산란계,산란계,10000,12567,경기도 양평군 개군면 뒷굴길 70,경기도 양평군 개군면 석장리 306-1번지,37.4519437000,127.5185591000,20190530,
양평군,선진농장,육계,육계,30000,12541,경기도 양평군 지평면 지평햇골길 30,경기도 양평군 지평면 지평리 114번지,37.4707567000,127.6436906000,20190530,
양평군,섬이농장,산란계,산란계,600,12525,경기도 양평군 단월면 한서로,경기도 양평군 단월면 석산리 488,37.6309837000,127.5830519000,20190530,
양평군,성웅농장,육계,육계,60000,12539,경기도 양평군 양동면 지두독길 33,경기도 양평군 양동면 쌍학리 77-1번지,37.4087619000,127.7535694000,20190530,
양평군,세계치킨,육계,육계,30000,12548,경기도 양평군 양평읍 천변길74번길 10-10,경기도 양평군 양평읍 대흥리 317번지,37.4923635000,127.5463594000,20190530,
양평군,송**,육계,육계,30000,12532,경기도 양평군 청운면 증안골1길 41,경기도 양평군 청운면 갈운리 58번지,37.5299679000,127.7858707000,20190530,
양평군,송현농장,육계,육계,50000,12541,경기도 양평군 지평면 그릇고갯길 194,경기도 양평군 지평면 송현리 398-41번지,37.4821085000,127.6183831000,20190530,
양평군,송현양계장,육계,육계,70000,12541,경기도 양평군 지평면 산허머리길,경기도 양평군 지평면 송현리 212,37.4863331000,127.6305497000,20190530,
양평군,수라네농장,육계,육계,50000,12532,경기도 양평군 청운면 갈운양지마을1길 9-14,경기도 양평군 청운면 갈운리 434번지,37.5433541000,127.7697283000,20190530,
양평군,수르메기농장,산란계,산란계,1000,12579,경기도 양평군 양서면 목왕로,경기도 양평군 양서면 목왕리 439번지 1호,37.5527810000,127.3741210000,20190530,
양평군,숲속작은나라,산란계,산란계,900,12528,경기도 양평군 단월면 석산로 513-56,경기도 양평군 단월면 향소리 1033-8번지,37.5860195000,127.6266533000,20190530,
양평군,신복농장,육계,육계,40000,12505,경기도 양평군 옥천면 신촌길 87-1,경기도 양평군 옥천면 신복리 311-2번지,37.5356837000,127.4564778000,20190530,
양평군,신지농장,육계,육계,35000,12532,경기도 양평군 청운면 풀무골길 56-10,경기도 양평군 청운면 갈운리 556번지,37.5380786000,127.7635079000,20190530,
양평군,아름다운농장,육계,육계,30000,12532,경기도 양평군 청운면 버덩길21번길 65,경기도 양평군 청운면 갈운리 303번지,37.5355247000,127.7752598000,20190530,
양평군,아리농장,육계,육계,53950,12530,경기도 양평군 청운면 여물길 153-5,경기도 양평군 청운면 여물리 216번지,37.5417479000,127.7331535000,20190530,
양평군,안**,오리,오리,12000,12540,경기도 양평군 양동면 송우2길 15,경기도 양평군 양동면 삼산리 814번지,37.4022602000,127.7657019000,20190530,
양평군,안흥농장,육계,육계,32000,12575,경기도 양평군 강하면 전의6길 2,경기도 양평군 강하면 전수리 559-8번지,37.5009138000,127.4226009000,20190530,
양평군,양동농장,산란계,산란계,8500,12538,경기도 양평군 양동면 원양1로 354,경기도 양평군 양동면 단석리 83-3번지,37.4073974000,127.7556227000,20190530,
양평군,양평샘꼴농장,산란계,산란계,800,12570,경기도 양평군 개군면 소감터길 77-69,경기도 양평군 개군면 계전리 738-1번지,37.4195072000,127.5604163000,20190530,
양평군,엄지농장,육계,육계,30000,12546,경기도 양평군 양평읍 잿말길 72,경기도 양평군 양평읍 덕평리 151-4번지,37.5091912000,127.5020554000,20190530,
양평군,에코농원,육계,육계,30000,12532,경기도 양평군 청운면 갈운양지마을2길 32,경기도 양평군 청운면 갈운리 190번지,37.5415246000,127.7794516000,20190530,
양평군,영육영농조합법인,육계,육계,180000,12548,경기도 양평군 양평읍 경강로 2277-21,경기도 양평군 양평읍 백안리 231외 7필지,37.4953615000,127.5309796000,20190530,
양평군,영진농장,육계,육계,60000,12530,경기도 양평군 청운면 백동길 35-42,경기도 양평군 청운면 비룡리 254번지,37.5403287000,127.6810696000,20190530,
양평군,왕별농장,육계,육계,25000,12567,경기도 양평군 개군면 뒷굴길 51-14,경기도 양평군 개군면 석장리 726번지,37.4537269000,127.5207865000,20190530,
양평군,용문농장,육계,육계,33000,12512,경기도 양평군 용문면 상망길 179-15,경기도 양평군 용문면 망능리 46-3번지,37.5349388000,127.6460156000,20190530,
양평군,우미농장,육계,육계,113,12512,경기도 양평군 용문면 상망길54번길 13-5,경기도 양평군 용문면 망능리 459-5번지,37.5382454000,127.6343223000,20190530,
양평군,으뜸농장,육계,육계,36000,12524,경기도 양평군 용문면 수곡안말길 256,경기도 양평군 용문면 화전리 1144번지,37.4568612000,127.5976063000,20190530,
양평군,이**,육계,육계,10500,12544,경기도 양평군 지평면 지평로 734-16,경기도 양평군 지평면 옥현리 1350-2번지,37.4478093000,127.6215827000,20190530,
양평군,이**,육계,육계,70000,12541,경기도 양평군 지평면 지평햇골길 46,경기도 양평군 지평면 지평리 115번지,37.4699217000,127.6431635000,20190530,
양평군,이**,육계,육계,38000,12537,경기도 양평군 양동면 매월길 290-1,경기도 양평군 양동면 매월리 728번지,37.4315363000,127.7206025000,20190530,
양평군,이**,육계,육계,24000,12528,경기도 양평군 단월면 향소절골길 73-14,경기도 양평군 단월면 향소리 674번지,37.5618011000,127.6501512000,20190530,
양평군,자연농장,산란계,산란계,1000,12561,경기도 양평군 양평읍 도토리길 24,경기도 양평군 양평읍 양근리 192-243번지,37.4264870000,127.5567010000,20190530,
양평군,장**,육계,육계,25000,12532,경기도 양평군 청운면 버덩길 48,경기도 양평군 청운면 갈운리 313번지,37.5380280000,127.7740863000,20190530,
양평군,정**,육계,육계,25000,12544,경기도 양평군 지평면 아래솔고갯길 19-36,경기도 양평군 지평면 옥현리 1952번지,37.4452527000,127.6246014000,20190530,
양평군,정**,육계,육계,28000,12540,경기도 양평군 양동면 양서북로 98-20,경기도 양평군 양동면 삼산리 118-3번지,37.4230142000,127.7650425000,20190530,
양평군,제일농장,육계,육계,55000,12544,경기도 양평군 지평면 중간담길 60,경기도 양평군 지평면 옥현리 1515번지,37.4431990000,127.6158608000,20190530,
양평군,조**,육계,육계,20000,12512,경기도 양평군 용문면 망능길 280,경기도 양평군 용문면 망능리 165-6번지,37.5485220000,127.6383243000,20190530,
양평군,조**,육계,육계,30000,12528,경기도 양평군 단월면 향소절골길 73-10,경기도 양평군 단월면 향소리 673외3필지,37.5619882000,127.6505489000,20190530,
양평군,주승,육계,육계,18000,12575,경기도 양평군 강하면 전의6길 18,경기도 양평군 강하면 전수리 569번지 1호,37.5009138000,127.4226009000,20190530,
양평군,주안농장,육계,육계,50000,12532,경기도 양평군 청운면 증안골1길 29-16,경기도 양평군 청운면 갈운리 60-1번지,37.5333035000,127.7882814000,20190530,
양평군,준성농장,메추리,,60000,12564,경기도 양평군 양평읍 양근로345번길 110,경기도 양평군 양평읍 도곡리 770-3번지,37.4834748000,127.5131452000,20190530,
양평군,준식농장,육계,육계,45000,12506,경기도 양평군 옥천면 마유산로 390-33,경기도 양평군 옥천면 옥천리 83-2번지,37.5233575000,127.4795593000,20190530,
양평군,창우농장,육계,육계,40000,12530,경기도 양평군 청운면 백동길 35-30,경기도 양평군 청운면 비룡리 233-1번지,37.5408791000,127.6824889000,20190530,
양평군,청계농장,육계,육계,50000,12580,경기도 양평군 양서면 청계길165번길 25-19,경기도 양평군 양서면 청계리 277-3번지,37.5377649000,127.4120926000,20190530,
양평군,청구농장,육계,육계,35000,12529,경기도 양평군 단월면 되퇴울길 17,경기도 양평군 단월면 보룡리 405번지,37.5437409000,127.6624078000,20190530,
양평군,터골농장,육계,육계,60000,12529,경기도 양평군 단월면 터골길114번길 24,경기도 양평군 단월면 봉상리 190번지,37.5256581000,127.6494315000,20190530,
양평군,평화농장,육계,육계,55000,12543,경기도 양평군 지평면 절운5길 116,경기도 양평군 지평면 망미리 613번지,37.4505573000,127.6518246000,20190530,
양평군,하갈농장,육계,육계,45000,12532,경기도 양평군 청운면 증골길24번길 50,경기도 양평군 청운면 갈운리 769번지,37.5421927000,127.7555954000,20190530,
양평군,향소농장,육계,육계,40000,12528,경기도 양평군 단월면 석산로 36,경기도 양평군 단월면 향소리 81-1번지,37.5595090000,127.6537010000,20190530,
양평군,황**,육계,육계,35000,12569,경기도 양평군 개군면 내리길 68,경기도 양평군 개군면 내리 325번지,37.4405046000,127.5633065000,20190530,
양평군,휘성농장,산란계,산란계,96000,12563,경기도 양평군 양평읍 양근로441번길 40-20,경기도 양평군 양평읍 창대리 70번지,37.4777813000,127.5171199000,20190530,
양평군,희망농장,육계,육계,45000,12532,경기도 양평군 청운면 증골길 52,경기도 양평군 청운면 갈운리 928번지,37.5455744000,127.7508429000,20190530,
여주시,(주)부영,메추리,,300000,12607,경기도 여주시 흥천면 종다람길 78,경기도 여주시 흥천면 신근리 248-30번지,37.3182979000,127.5565090000,20181231,
여주시,**,닭,토종닭,38,12604,경기도 여주시 금사면 뒷머리길 4,경기도 여주시 금사면 이포리 206-2번지,37.3937070000,127.5320047000,20181231,
여주시,**,닭,토종닭,1,12617,경기도 여주시 강천면 부평로 111,경기도 여주시 강천면 부평리 501-2번지,37.2660311000,127.7484638000,20181231,
여주시,***,닭,산란계,500,12642,,경기도 여주시 능서면 내양리 291-200,37.3401036000,127.5807279000,20181231,
여주시,***,닭,산란계,800,12666,경기도 여주시 점동면 처리1길 54-44,경기도 여주시 점동면 처리 289-1번지,37.2298693000,127.6754171000,20181231,
여주시,***,닭,육계,72440,12612,경기도 여주시 북내면 여강로 471-33,경기도 여주시 북내면 장암리 268-37번지,37.3397116000,127.6863821000,20181231,
여주시,***,닭,토종닭,16,12663,경기도 여주시 가남읍 댓절길 10,경기도 여주시 가남읍 대신리 434-7번지,37.1926767000,127.5249899000,20181231,
여주시,***,닭,토종닭,20,12663,경기도 여주시 가남읍 은봉길 100,경기도 여주시 가남읍 은봉리 532-2번지,37.1857581000,127.5525896000,20181231,
여주시,***,닭,토종닭,10,12660,경기도 여주시 가남읍 송림2길 12,경기도 여주시 가남읍 송림리 27-1번지,37.1860652000,127.6372007000,20181231,
여주시,***,닭,토종닭,20,12655,경기도 여주시 가남읍 상활2길 70-11,경기도 여주시 가남읍 상활리 390-1번지,37.2358910000,127.5267865000,20181231,
여주시,***,닭,토종닭,10,12617,경기도 여주시 강천면 원심동1길 90,경기도 여주시 강천면 도전리 392번지,37.3536890000,127.7499845000,20181231,
여주시,***,닭,토종닭,3,12614,경기도 여주시 북내면 여강로 353,경기도 여주시 북내면 신접리 199-1번지,37.3311039000,127.6853789000,20181231,
여주시,***,닭,토종닭,70,12603,경기도 여주시 산북면 후리길 116,경기도 여주시 산북면 후리 112번지,37.3920935000,127.4562661000,20181231,
여주시,***,닭,토종닭,13,12653,경기도 여주시 세종로517번길 67,경기도 여주시 점봉동 39-1번지,37.2561669000,127.6550229000,20181231,
여주시,***,닭,토종닭,4,12654,경기도 여주시 주내로 494-15,경기도 여주시 우만동 3-1번지,37.2635540000,127.6761674000,20181231,
여주시,***,닭,토종닭,15,12654,경기도 여주시 멱곡2길 10-1,경기도 여주시 멱곡동 79-1번지,37.2503898000,127.6746639000,20181231,
여주시,***,닭,토종닭,16,12653,경기도 여주시 농산로 156-1,경기도 여주시 상거동 173-4번지,37.2503623000,127.6303904000,20181231,
여주시,***,닭,토종닭,32,12654,경기도 여주시 신단2길 151-41,경기도 여주시 우만동 19-2번지,37.2629698000,127.6743247000,20181231,
여주시,***,닭,토종닭,5,12634,경기도 여주시 연양길 28,경기도 여주시 연양동 207번지,37.2828293000,127.6693254000,20181231,
여주시,***,닭,토종닭,5,12634,경기도 여주시 칠산길 97,경기도 여주시 상동 509번지,37.2857164000,127.6474745000,20181231,
여주시,***,닭,토종닭,15,12659,경기도 여주시 주내로 737-30,경기도 여주시 멱곡동 381-1번지,37.2483925000,127.6645249000,20181231,
여주시,***,닭,토종닭,21,12653,경기도 여주시 세종로475번길 36,경기도 여주시 점봉동 387번지,37.2603586000,127.6480813000,20181231,
여주시,***,닭,토종닭,15,12634,경기도 여주시 연양길 99,경기도 여주시 연양동 254번지,37.2876930000,127.6680489000,20181231,
여주시,***,닭,토종닭,30,12634,경기도 여주시 매룡1길 26-4,경기도 여주시 매룡동 78-8번지,37.2836917000,127.6617442000,20181231,
여주시,***,닭,토종닭,37,12653,경기도 여주시 주내로 832-6,경기도 여주시 능현동 187번지,37.2565539000,127.6632437000,20181231,
여주시,***,닭,토종닭,5,12634,경기도 여주시 매룡2길 9-15,경기도 여주시 매룡동 49번지,37.2803892000,127.6642186000,20181231,
여주시,***,닭,토종닭,6,12634,경기도 여주시 용강길 141-1,경기도 여주시 매룡동 223-2번지,37.2831936000,127.6507795000,20181231,
여주시,***,닭,토종닭,4,12634,경기도 여주시 연양길 25-2,경기도 여주시 연양동 199번지,37.2832451000,127.6691036000,20181231,
여주시,***,닭,토종닭,33,12656,경기도 여주시 가남읍 양화로 168-3,경기도 여주시 가남읍 오산리 234-3번지,37.2380329000,127.5589755000,20181231,
여주시,***,닭,토종닭,15,12660,경기도 여주시 가남읍 송삼로 274-20,경기도 여주시 가남읍 송림리 258-1번지,37.1830666000,127.6368603000,20181231,
여주시,***,닭,토종닭,2,12660,경기도 여주시 가남읍 삼승1길 21-2,경기도 여주시 가남읍 삼승리 305-7번지,37.1744502000,127.6254496000,20181231,
여주시,***,닭,토종닭,3,12660,경기도 여주시 가남읍 송림2길 10,경기도 여주시 가남읍 송림리 28-2번지,37.1858934000,127.6373119000,20181231,
여주시,***,닭,토종닭,10,12661,경기도 여주시 가남읍 여주남로 1039-4,경기도 여주시 가남읍 삼군리 551-1번지,37.2169476000,127.5573449000,20181231,
여주시,***,닭,토종닭,4,12654,경기도 여주시 우만2길 4-3,경기도 여주시 우만동 126-9번지,37.2568647000,127.6752512000,20181231,
여주시,***,닭,토종닭,15,12654,경기도 여주시 주내로 502,경기도 여주시 우만동 31-1번지,37.2618584000,127.6764680000,20181231,
여주시,***,닭,토종닭,7,12654,경기도 여주시 우만2길 14-4,경기도 여주시 우만동 153번지,37.2566978000,127.6744945000,20181231,
여주시,***,닭,토종닭,5,12653,경기도 여주시 세종로 421-33,경기도 여주시 점봉동 406번지,37.2617542000,127.6449481000,20181231,
여주시,***,닭,토종닭,30,12634,경기도 여주시 연양길 108,경기도 여주시 연양동 256-1번지,37.2882985000,127.6677159000,20181231,
여주시,***,닭,토종닭,2,12654,경기도 여주시 우만2길 14-7,경기도 여주시 우만동 151-2번지,37.2571406000,127.6742730000,20181231,
여주시,***,닭,토종닭,17,12653,경기도 여주시 멱곡1길 5-1,경기도 여주시 멱곡동 303-2번지,37.2561363000,127.6654155000,20181231,
여주시,***,닭,토종닭,7,12654,경기도 여주시 신단2길 104-1,경기도 여주시 단현동 243-7번지,37.2673568000,127.6697189000,20181231,
여주시,***,닭,토종닭,3,12653,경기도 여주시 상거길 17,경기도 여주시 상거동 189-1번지,37.2491405000,127.6297266000,20181231,
여주시,***,닭,토종닭,5,12654,경기도 여주시 명성로 114-30,경기도 여주시 능현동 159-2번지,37.2605861000,127.6607763000,20181231,
여주시,***,닭,토종닭,5,12634,경기도 여주시 용강길 13,경기도 여주시 상동 84번지,37.2924967000,127.6482767000,20181231,
여주시,***,닭,토종닭,1,12654,경기도 여주시 멱곡2길 10-2,경기도 여주시 멱곡동 79번지,37.2504449000,127.6744728000,20181231,
여주시,***,닭,토종닭,5,12654,경기도 여주시 우만2길 3-7,경기도 여주시 우만동 155-3번지,37.2555848000,127.6753300000,20181231,
여주시,***,닭,토종닭,10,12653,경기도 여주시 상거길 48,경기도 여주시 상거동 146-5번지,37.2518607000,127.6298844000,20181231,
여주시,***,닭,토종닭,20,12635,경기도 여주시 오금2길 109-47,경기도 여주시 오금동 7-2번지,37.3439327000,127.6569096000,20181231,
여주시,***,닭,토종닭,12,12661,경기도 여주시 가남읍 양화로 94-5,경기도 여주시 가남읍 삼군리 69번지,37.2316673000,127.5560666000,20181231,
여주시,***,닭,토종닭,8,12657,경기도 여주시 가남읍 안금3길 46,경기도 여주시 가남읍 안금리 46-1번지,37.2268936000,127.6090915000,20181231,
여주시,***,닭,토종닭,4,12663,경기도 여주시 가남읍 댓절길 54,경기도 여주시 가남읍 대신리 456번지,37.1892271000,127.5267343000,20181231,
여주시,***,닭,토종닭,20,12662,경기도 여주시 가남읍 대명산1길 9,경기도 여주시 가남읍 태평리 324-5번지,37.2049792000,127.5383442000,20181231,
여주시,***,닭,토종닭,7,12660,경기도 여주시 가남읍 가남로 695-14,경기도 여주시 가남읍 금당리 416-1번지,37.1971715000,127.6103405000,20181231,
여주시,***,닭,토종닭,16,12661,경기도 여주시 가남읍 흑석로 66-35,경기도 여주시 가남읍 심석리 56-1번지,37.1938674000,127.5641140000,20181231,
여주시,***,닭,토종닭,30,12662,경기도 여주시 가남읍 대명산길 13,경기도 여주시 가남읍 태평리 167번지,37.2036993000,127.5424241000,20181231,
여주시,***,닭,토종닭,18,12663,경기도 여주시 가남읍 댓절길 51,경기도 여주시 가남읍 대신리 460-6번지,37.1894232000,127.5272087000,20181231,
여주시,***,닭,토종닭,11,12661,경기도 여주시 가남읍 심석1길 77,경기도 여주시 가남읍 심석리 240-8번지,37.2022790000,127.5611462000,20181231,
여주시,***,닭,토종닭,5,12660,경기도 여주시 가남읍 금당5길 149,경기도 여주시 가남읍 금당리 산41-5번지,37.2146717000,127.6186148000,20181231,
여주시,***,닭,토종닭,25,12660,경기도 여주시 가남읍 삼평길 11,경기도 여주시 가남읍 삼승리 110-4번지,37.1742082000,127.6354238000,20181231,
여주시,***,닭,토종닭,8,12657,경기도 여주시 가남읍 안금2길 30-5,경기도 여주시 가남읍 안금리 456-6번지,37.2261667000,127.5978631000,20181231,
여주시,***,닭,토종닭,9,12660,경기도 여주시 가남읍 금당리길 109-4,경기도 여주시 가남읍 금당리 164번지,37.2014827000,127.6216953000,20181231,
여주시,***,닭,토종닭,27,12655,경기도 여주시 가남읍 신해1길 29,경기도 여주시 가남읍 신해리 332-2번지,37.2229500000,127.5453104000,20181231,
여주시,***,닭,토종닭,25,12656,경기도 여주시 가남읍 양화로 168-3,경기도 여주시 가남읍 오산리 234-3번지,37.2380329000,127.5589755000,20181231,
여주시,***,닭,토종닭,20,12604,경기도 여주시 금사면 서원길 2-11,경기도 여주시 금사면 이포리 256번지,37.3912621000,127.5307002000,20181231,
여주시,***,닭,토종닭,100,12602,경기도 여주시 금사면 장흥로 476,경기도 여주시 금사면 하호리 341-2번지,37.3957621000,127.5007036000,20181231,
여주시,***,닭,토종닭,10,12661,경기도 여주시 가남읍 하귀길 27,경기도 여주시 가남읍 하귀리 118-1번지,37.2240013000,127.5765397000,20181231,
여주시,***,닭,토종닭,5,12660,경기도 여주시 가남읍 가남로 815-11,경기도 여주시 가남읍 금당리 112-3번지,37.2011164000,127.6228075000,20181231,
여주시,***,닭,토종닭,17,12663,경기도 여주시 가남읍 안터길 20-40,경기도 여주시 가남읍 대신리 19-3번지,37.1951738000,127.5368446000,20181231,
여주시,***,닭,토종닭,45,12660,경기도 여주시 가남읍 가남로 695-41,경기도 여주시 가남읍 금당리 420-1번지,37.1988641000,127.6088335000,20181231,
여주시,***,닭,토종닭,10,12648,경기도 여주시 가남읍 정단길 102-33,경기도 여주시 가남읍 정단리 87-4번지,37.2497238000,127.5502249000,20181231,
여주시,***,닭,토종닭,20,12655,경기도 여주시 가남읍 신해1길 38,경기도 여주시 가남읍 신해리 326-10번지,37.2233325000,127.5463948000,20181231,
여주시,***,닭,토종닭,3,12660,경기도 여주시 가남읍 송림2길 25-11,경기도 여주시 가남읍 송림리 10번지,37.1878993000,127.6379481000,20181231,
여주시,***,닭,토종닭,30,12661,경기도 여주시 가남읍 심석1길 154,경기도 여주시 가남읍 심석리 산27-1번지,37.1996740000,127.5555965000,20181231,
여주시,***,닭,토종닭,4,12661,경기도 여주시 가남읍 삼군1길 53,경기도 여주시 가남읍 삼군리 364-7번지,37.2211104000,127.5611497000,20181231,
여주시,***,닭,토종닭,2,12663,경기도 여주시 가남읍 경충대로961번길 22-71,경기도 여주시 가남읍 은봉리 산103-1번지,37.1782566000,127.5555981000,20181231,
여주시,***,닭,토종닭,15,12655,경기도 여주시 가남읍 신해2길 27,경기도 여주시 가남읍 신해리 112-1번지,37.2233955000,127.5483670000,20181231,
여주시,***,닭,토종닭,14,12660,경기도 여주시 가남읍 김대2길 12,경기도 여주시 가남읍 금당리 685번지,37.1970636000,127.6067579000,20181231,
여주시,***,닭,토종닭,14,12661,경기도 여주시 가남읍 흑석로 134,경기도 여주시 가남읍 심석리 9-3번지,37.1974244000,127.5702338000,20181231,
여주시,***,닭,토종닭,10,12660,경기도 여주시 가남읍 김대1길 72,경기도 여주시 가남읍 금당리 602-6번지,37.2016169000,127.6008130000,20181231,
여주시,***,닭,토종닭,6,12660,경기도 여주시 가남읍 김대2길 14-6,경기도 여주시 가남읍 금당리 655-2번지,37.1970334000,127.6073884000,20181231,
여주시,***,닭,토종닭,15,12656,경기도 여주시 가남읍 아리지그린길 47,경기도 여주시 가남읍 양귀리 201-5번지,37.2136122000,127.5876479000,20181231,
여주시,***,닭,토종닭,7,12657,경기도 여주시 가남읍 안금2길 34-9,경기도 여주시 가남읍 안금리 456-11번지,37.2268614000,127.5976658000,20181231,
여주시,***,닭,토종닭,20,12602,경기도 여주시 금사면 금품1로 391,경기도 여주시 금사면 상호리 131-10번지,37.4083650000,127.4748426000,20181231,
여주시,***,닭,토종닭,3,12604,경기도 여주시 금사면 금품2로 447,경기도 여주시 금사면 주록리 산44-1번지,37.3765069000,127.4699575000,20181231,
여주시,***,닭,토종닭,13,12602,경기도 여주시 금사면 소유실길 166-1,경기도 여주시 금사면 소유리 103-1번지,37.4178110000,127.4938684000,20181231,
여주시,***,닭,토종닭,37,12604,경기도 여주시 금사면 이포로 71,경기도 여주시 금사면 이포리 185-1번지,37.3951476000,127.5362497000,20181231,
여주시,***,닭,토종닭,50,12601,경기도 여주시 금사면 외평2길 19,경기도 여주시 금사면 외평리 196번지,37.4130880000,127.5298706000,20181231,
여주시,***,닭,토종닭,15,12604,경기도 여주시 금사면 이여로 1165,경기도 여주시 금사면 궁리 23번지,37.3827319000,127.5240916000,20181231,
여주시,***,닭,토종닭,17,12604,경기도 여주시 금사면 금품2로 493,경기도 여주시 금사면 주록리 40-11번지,37.3752094000,127.4745106000,20181231,
여주시,***,닭,토종닭,63,12602,경기도 여주시 금사면 건넛말길 22,경기도 여주시 금사면 하호리 226번지,37.4029810000,127.5045123000,20181231,
여주시,***,닭,토종닭,8,12602,경기도 여주시 금사면 금품1로 551,경기도 여주시 금사면 상호리 28-1번지,37.4042269000,127.4909788000,20181231,
여주시,***,닭,토종닭,7,12602,경기도 여주시 금사면 건넛말길 25-4,경기도 여주시 금사면 하호리 135-8번지,37.4044782000,127.5062616000,20181231,
여주시,***,닭,토종닭,5,12604,경기도 여주시 금사면 금품2로 483,경기도 여주시 금사면 주록리 44-1번지,37.3761799000,127.4729022000,20181231,
여주시,***,닭,토종닭,20,12601,경기도 여주시 금사면 전북2길 2-25,경기도 여주시 금사면 전북리 394번지,37.4348366000,127.5053689000,20181231,
여주시,***,닭,토종닭,40,12604,경기도 여주시 금사면 노루목길 84,경기도 여주시 금사면 주록리 86-2번지,37.3849850000,127.4631562000,20181231,
여주시,***,닭,토종닭,3,12604,경기도 여주시 금사면 노루목길 79,경기도 여주시 금사면 주록리 89번지,37.3843667000,127.4622943000,20181231,
여주시,***,닭,토종닭,12,12604,경기도 여주시 금사면 노루목길 62-1,경기도 여주시 금사면 주록리 85-3번지,37.3830688000,127.4647027000,20181231,
여주시,***,닭,토종닭,10,12602,경기도 여주시 금사면 소유실길 142,경기도 여주시 금사면 소유리 110-1번지,37.4174475000,127.4967918000,20181231,
여주시,***,닭,토종닭,10,12647,경기도 여주시 능서면 매류1길 45,경기도 여주시 능서면 매류리 352-1번지,37.2780556000,127.5590894000,20181231,
여주시,***,닭,토종닭,10,12641,경기도 여주시 능서면 구양2길 15,경기도 여주시 능서면 구양리 300-1번지,37.3170508000,127.5836086000,20181231,
여주시,***,닭,토종닭,10,12611,경기도 여주시 대신면 상구1길 8-18,경기도 여주시 대신면 상구리 29-2번지,37.3739032000,127.6398063000,20181231,
여주시,***,닭,토종닭,10,12611,경기도 여주시 대신면 상구2길 25,경기도 여주시 대신면 상구리 354-1번지,37.3730428000,127.6439648000,20181231,
여주시,***,닭,토종닭,2,12660,경기도 여주시 가남읍 송삼로 125,경기도 여주시 가남읍 삼승리 191-3번지,37.1729262000,127.6341971000,20181231,
여주시,***,닭,토종닭,9,12646,경기도 여주시 능여로 375,경기도 여주시 연라동 244-1번지,37.2716402000,127.5998330000,20181231,
여주시,***,닭,토종닭,7,12604,경기도 여주시 금사면 장흥로 94,경기도 여주시 금사면 주록리 8번지,37.3787641000,127.4778410000,20181231,
여주시,***,닭,토종닭,10,12645,경기도 여주시 가업길 21-19,경기도 여주시 가업동 45번지,37.2786049000,127.6157187000,20181231,
여주시,***,닭,토종닭,4,12644,경기도 여주시 향교1길 58-1,경기도 여주시 교동 272-3번지,37.2904677000,127.6267538000,20181231,
여주시,***,닭,토종닭,15,12607,경기도 여주시 흥천면 아래청당길 18-13,경기도 여주시 흥천면 대당리 112번지,37.3229618000,127.5435914000,20181231,
여주시,***,닭,토종닭,18,12607,경기도 여주시 흥천면 중부대로 2245,경기도 여주시 흥천면 신근리 915번지,37.2988270000,127.5545843000,20181231,
여주시,***,닭,토종닭,8,12606,경기도 여주시 흥천면 남산로 399,경기도 여주시 흥천면 하다리 83번지,37.3429018000,127.5294475000,20181231,
여주시,***,닭,토종닭,27,12606,경기도 여주시 흥천면 농경수길 7-20,경기도 여주시 흥천면 복대리 341-1번지,37.3645951000,127.5301183000,20181231,
여주시,***,닭,토종닭,10,12611,경기도 여주시 대신면 현남길 214,경기도 여주시 대신면 천남리 324-3번지,37.3307673000,127.6220771000,20181231,
여주시,***,닭,토종닭,13,12608,경기도 여주시 대신면 천서2길 49-77,경기도 여주시 대신면 천서리 109-3번지,37.3973976000,127.5621384000,20181231,
여주시,***,닭,토종닭,5,12634,경기도 여주시 용강길 153,경기도 여주시 매룡동 253-4번지,37.2820250000,127.6519196000,20181231,
여주시,***,닭,토종닭,10,12612,경기도 여주시 북내면 석우길 122,경기도 여주시 북내면 석우리 87-2번지,37.3892912000,127.6914390000,20181231,
여주시,***,닭,토종닭,10,12614,경기도 여주시 북내면 당전로 503-1,경기도 여주시 북내면 중암리 426-1번지,37.3507400000,127.7138735000,20181231,
여주시,***,닭,토종닭,15,12603,경기도 여주시 산북면 광여로 1091,경기도 여주시 산북면 상품리 586-5번지,37.3971484000,127.4295429000,20181231,
여주시,***,닭,토종닭,11,12654,경기도 여주시 우만1길 20-8,경기도 여주시 우만동 90-1번지,37.2568034000,127.6796919000,20181231,
여주시,***,닭,토종닭,11,12654,경기도 여주시 명성로 244,경기도 여주시 능현동 334-9번지,37.2702236000,127.6581318000,20181231,
여주시,***,닭,토종닭,2,12653,경기도 여주시 세종로 421-50,경기도 여주시 점봉동 389-1번지,37.2607799000,127.6468336000,20181231,
여주시,***,닭,토종닭,7,12666,경기도 여주시 삼교4길 28-24,경기도 여주시 삼교동 167-1번지,37.2363614000,127.6633605000,20181231,
여주시,***,닭,토종닭,5,12653,경기도 여주시 세종로517번길 59-3,경기도 여주시 점봉동 77-4번지,37.2561089000,127.6541094000,20181231,
여주시,***,닭,토종닭,20,12634,경기도 여주시 연양길 15-9,경기도 여주시 연양동 190-3번지,37.2833274000,127.6672776000,20181231,
여주시,***,닭,토종닭,4,12653,경기도 여주시 멱곡1길 1,경기도 여주시 멱곡동 302번지,37.2561646000,127.6651903000,20181231,
여주시,***,닭,토종닭,11,12659,경기도 여주시 삼교1길 10-32,경기도 여주시 삼교동 472-1번지,37.2421123000,127.6482188000,20181231,
여주시,***,닭,토종닭,5,12633,경기도 여주시 세종로113번길 18,경기도 여주시 홍문동 416-5번지,37.2872729000,127.6362224000,20181231,
여주시,***,닭,토종닭,2,12634,경기도 여주시 용강길 129,경기도 여주시 매룡동 259-2번지,37.2827223000,127.6496366000,20181231,
여주시,***,닭,토종닭,30,12654,경기도 여주시 우만1길 20-10,경기도 여주시 우만동 84-4번지,37.2571706000,127.6785003000,20181231,
여주시,***,닭,토종닭,18,12634,경기도 여주시 연양길 27,경기도 여주시 연양동 204-2번지,37.2829387000,127.6691121000,20181231,
여주시,***,닭,토종닭,7,12654,경기도 여주시 신단2길 151-45,경기도 여주시 우만동 18번지,37.2627262000,127.6728007000,20181231,
여주시,***,닭,토종닭,20,12635,경기도 여주시 오금3길 22-1,경기도 여주시 오금동 281번지,37.3332106000,127.6437729000,20181231,
여주시,***,닭,토종닭,250,12615,,경기도 여주시 강천면 이호1리335,37.2959097000,127.6871021000,20181231,
여주시,***,닭,토종닭,5,12656,경기도 여주시 가남읍 양화로 156,경기도 여주시 가남읍 오산리 468-2번지,37.2367769000,127.5578169000,20181231,
여주시,***,닭,토종닭,,12615,경기도 여주시 강천면 가정긴골길 476-16,경기도 여주시 강천면 걸은리 산144번지,37.2985535000,127.7018556000,20181231,
여주시,***,닭,토종닭,7,12649,경기도 여주시 가남읍 화평길 53,경기도 여주시 가남읍 화평리 113-1번지,37.2430589000,127.5650645000,20181231,
여주시,***,닭,토종닭,7,12663,경기도 여주시 가남읍 댓절길 43,경기도 여주시 가남읍 대신리 447-1번지,37.1900940000,127.5262898000,20181231,
여주시,***,닭,토종닭,3,12657,경기도 여주시 가남읍 안금3길 67,경기도 여주시 가남읍 안금리 58-2번지,37.2279496000,127.6105084000,20181231,
여주시,***,닭,토종닭,25,12663,경기도 여주시 가남읍 건은로 180-82,경기도 여주시 가남읍 은봉리 595-2번지,37.1834231000,127.5410974000,20181231,
여주시,***,닭,토종닭,10,12663,경기도 여주시 가남읍 댓절길 63-39,경기도 여주시 가남읍 대신리 342-1번지,37.1885594000,127.5310093000,20181231,
여주시,***,닭,토종닭,20,12648,경기도 여주시 가남읍 정단길 74-9,경기도 여주시 가남읍 정단리 277-5번지,37.2478921000,127.5546749000,20181231,
여주시,***,닭,토종닭,18,12661,경기도 여주시 가남읍 심석1길 91-1,경기도 여주시 가남읍 심석리 209-5번지,37.2015883000,127.5624027000,20181231,
여주시,***,닭,토종닭,13,12649,경기도 여주시 가남읍 본두3길 67,경기도 여주시 가남읍 본두리 447번지,37.2374442000,127.5840004000,20181231,
여주시,***,닭,토종닭,5,12660,경기도 여주시 가남읍 김대2길 24,경기도 여주시 가남읍 금당리 653번지,37.1979833000,127.6066414000,20181231,
여주시,***,닭,토종닭,7,12661,경기도 여주시 가남읍 삼군1길 41-1,경기도 여주시 가남읍 삼군리 376-2번지,37.2203403000,127.5601526000,20181231,
여주시,***,닭,토종닭,7,12649,경기도 여주시 가남읍 양화로 216-11,경기도 여주시 가남읍 오산리 280-1번지,37.2412200000,127.5595061000,20181231,
여주시,***,닭,토종닭,30,12663,경기도 여주시 가남읍 다업동길 22,경기도 여주시 가남읍 대신리 194-1번지,37.1766217000,127.5307911000,20181231,
여주시,***,닭,토종닭,8,12649,경기도 여주시 가남읍 본두3길 31-65,경기도 여주시 가남읍 본두리 413-53번지,37.2391684000,127.5833374000,20181231,
여주시,***,닭,토종닭,7,12660,경기도 여주시 가남읍 삼승1길 66,경기도 여주시 가남읍 삼승리 215번지,37.1743977000,127.6302796000,20181231,
여주시,***,닭,토종닭,12,12662,경기도 여주시 가남읍 신대동길 8,경기도 여주시 가남읍 태평리 37번지,37.2117524000,127.5507278000,20181231,
여주시,***,닭,토종닭,30,12662,경기도 여주시 가남읍 신대동길 50-2,경기도 여주시 가남읍 태평리 29번지,37.2135874000,127.5474853000,20181231,
여주시,***,닭,토종닭,9,12663,경기도 여주시 가남읍 설가로 832,경기도 여주시 가남읍 태평리 496-4번지,37.1981741000,127.5368769000,20181231,
여주시,***,닭,토종닭,8,12616,경기도 여주시 강천면 건너말길 9,경기도 여주시 강천면 걸은리 441번지,37.2986334000,127.7156610000,20181231,
여주시,***,닭,토종닭,8,12615,경기도 여주시 강천면 가정긴골길 38,경기도 여주시 강천면 이호리 334-2번지,37.2947198000,127.6871928000,20181231,
여주시,***,닭,토종닭,3,12617,경기도 여주시 강천면 탑전길 28-4,경기도 여주시 강천면 도전리 954번지,37.3202971000,127.7572351000,20181231,
여주시,***,닭,토종닭,4,12616,경기도 여주시 강천면 마감로 170,경기도 여주시 강천면 걸은리 678-2번지,37.2916380000,127.7057161000,20181231,
여주시,***,닭,토종닭,55,12617,경기도 여주시 강천면 부평로 370,경기도 여주시 강천면 부평리 213-3번지,37.2848352000,127.7398200000,20181231,
여주시,***,닭,토종닭,17,12664,경기도 여주시 강천면 다리골길 57-3,경기도 여주시 강천면 강천리 93-2번지,37.2433066000,127.7356287000,20181231,
여주시,***,닭,토종닭,11,12663,경기도 여주시 가남읍 댓절길 40-17,경기도 여주시 가남읍 대신리 500번지,37.1901764000,127.5239591000,20181231,
여주시,***,닭,토종닭,8,12617,경기도 여주시 강천면 황골길 25,경기도 여주시 강천면 도전리 152번지,37.3620712000,127.7292641000,20181231,
여주시,***,닭,토종닭,15,12616,경기도 여주시 강천면 강천로 643,경기도 여주시 강천면 가야리 280-3번지,37.2589188000,127.6940719000,20181231,
여주시,***,닭,토종닭,7,12616,경기도 여주시 강천면 마감로 334,경기도 여주시 강천면 걸은리 453-4번지,37.3003263000,127.7203012000,20181231,
여주시,***,닭,토종닭,50,12616,경기도 여주시 강천면 걸촌동길 38-1,경기도 여주시 강천면 이호리 53-2번지,37.2885543000,127.6984702000,20181231,
여주시,***,닭,토종닭,3,12617,경기도 여주시 강천면 원양1로 575-5,경기도 여주시 강천면 도전리 889번지,37.3241876000,127.7461272000,20181231,
여주시,***,닭,토종닭,1,12617,경기도 여주시 강천면 원양1로 687,경기도 여주시 강천면 도전리 759번지,37.3344938000,127.7491850000,20181231,
여주시,***,닭,토종닭,3,12617,경기도 여주시 강천면 원심동2길 13,경기도 여주시 강천면 도전리 587-1번지,37.3489614000,127.7467099000,20181231,
여주시,***,닭,토종닭,4,12617,경기도 여주시 강천면 황골길 47,경기도 여주시 강천면 도전리 36번지,37.3636805000,127.7283540000,20181231,
여주시,***,닭,토종닭,16,12617,경기도 여주시 강천면 황골길 28-4,경기도 여주시 강천면 도전리 109-1번지,37.3622116000,127.7298750000,20181231,
여주시,***,닭,토종닭,8,12661,경기도 여주시 가남읍 흑석로 59-16,경기도 여주시 가남읍 심석리 143번지,37.1962271000,127.5624307000,20181231,
여주시,***,닭,토종닭,8,12655,경기도 여주시 가남읍 신해2길 18,경기도 여주시 가남읍 신해리 118-1번지,37.2242821000,127.5475959000,20181231,
여주시,***,닭,토종닭,3,12661,경기도 여주시 가남읍 흑석로 69-7,경기도 여주시 가남읍 심석리 산47번지,37.1960619000,127.5630602000,20181231,
여주시,***,닭,토종닭,4,12656,경기도 여주시 가남읍 오산1길 35,경기도 여주시 가남읍 오산리 335-3번지,37.2391991000,127.5581502000,20181231,
여주시,***,닭,토종닭,8,12649,경기도 여주시 가남읍 본두3길 27-1,경기도 여주시 가남읍 본두리 404-17번지,37.2376170000,127.5818380000,20181231,
여주시,***,닭,토종닭,11,12649,경기도 여주시 가남읍 본두3길 69-1,경기도 여주시 가남읍 본두리 446번지,37.2377236000,127.5839800000,20181231,
여주시,***,닭,토종닭,3,12663,경기도 여주시 가남읍 대신리길 263,경기도 여주시 가남읍 대신리 229-6번지,37.1769773000,127.5338676000,20181231,
여주시,***,닭,토종닭,3,12663,경기도 여주시 가남읍 건장2길 35,경기도 여주시 가남읍 건장리 74-9번지,37.1888977000,127.5497856000,20181231,
여주시,***,닭,토종닭,5,12662,경기도 여주시 가남읍 대명산1길 8-17,경기도 여주시 가남읍 태평리 329번지,37.2061964000,127.5381726000,20181231,
여주시,***,닭,토종닭,8,12657,경기도 여주시 가남읍 안금3길 3-43,경기도 여주시 가남읍 안금리 99-1번지,37.2286970000,127.6052861000,20181231,
여주시,***,닭,토종닭,26,12661,경기도 여주시 가남읍 양화로 94-13,경기도 여주시 가남읍 삼군리 66번지,37.2317261000,127.5569798000,20181231,
여주시,***,닭,토종닭,18,12656,경기도 여주시 가남읍 양귀2길 14-19,경기도 여주시 가남읍 양귀리 479번지,37.2079223000,127.5903639000,20181231,
여주시,***,닭,토종닭,1,12663,경기도 여주시 가남읍 건장2길 5-3,경기도 여주시 가남읍 건장리 86-1번지,37.1901483000,127.5482291000,20181231,
여주시,***,닭,토종닭,10,12657,경기도 여주시 가남읍 안금3길 69-17,경기도 여주시 가남읍 안금리 77-1번지,37.2295557000,127.6118059000,20181231,
여주시,***,닭,토종닭,18,12660,경기도 여주시 가남읍 가남로 847,경기도 여주시 가남읍 금당리 127-2번지,37.2027811000,127.6249500000,20181231,
여주시,***,닭,토종닭,4,12648,경기도 여주시 가남읍 정단길 66-5,경기도 여주시 가남읍 정단리 304-3번지,37.2477790000,127.5557561000,20181231,
여주시,***,닭,토종닭,1,12660,경기도 여주시 가남읍 연대2길 60,경기도 여주시 가남읍 연대리 산17번지,37.1930941000,127.6095082000,20181231,
여주시,***,닭,토종닭,11,12649,경기도 여주시 가남읍 본두3길 31-43,경기도 여주시 가남읍 본두리 405-2번지,37.2382822000,127.5821473000,20181231,
여주시,***,닭,토종닭,23,12662,경기도 여주시 가남읍 마구실길 45-10,경기도 여주시 가남읍 태평리 414-2번지,37.2021737000,127.5370966000,20181231,
여주시,***,닭,토종닭,6,12656,경기도 여주시 가남읍 오산1길 20-1,경기도 여주시 가남읍 오산리 333-10번지,37.2385007000,127.5571984000,20181231,
여주시,***,닭,토종닭,30,12634,경기도 여주시 용강길 68-12,경기도 여주시 상동 485-5번지,37.2882230000,127.6488040000,20181231,
여주시,***,닭,토종닭,11,12645,경기도 여주시 가업길 21-12,경기도 여주시 가업동 49-1번지,37.2777777000,127.6153850000,20181231,
여주시,***,닭,토종닭,30,12645,경기도 여주시 웅골로 292,경기도 여주시 가업동 72-4번지,37.2730007000,127.6191684000,20181231,
여주시,***,닭,토종닭,9,12645,경기도 여주시 가업길 47,경기도 여주시 가업동 49-44번지,37.2768060000,127.6168655000,20181231,
여주시,***,닭,토종닭,7,12645,경기도 여주시 웅골로 251-6,경기도 여주시 가업동 129번지,37.2710235000,127.6216665000,20181231,
여주시,***,닭,토종닭,10,12644,경기도 여주시 향교1길 55,경기도 여주시 교동 273-4번지,37.2901638000,127.6262776000,20181231,
여주시,***,닭,토종닭,12,12644,경기도 여주시 향교2길 27,경기도 여주시 교동 295번지,37.2881917000,127.6260809000,20181231,
여주시,***,닭,토종닭,20,12644,경기도 여주시 향교2길 7-6,경기도 여주시 교동 220번지,37.2870532000,127.6266918000,20181231,
여주시,***,닭,토종닭,24,12646,경기도 여주시 명품1로 76,경기도 여주시 연라동 1-13번지,37.2501709000,127.6188021000,20181231,
여주시,***,닭,토종닭,14,12645,경기도 여주시 웅골로 249,경기도 여주시 가업동 130번지,37.2709751000,127.6223087000,20181231,
여주시,***,닭,토종닭,7,12607,경기도 여주시 흥천면 신율로 334,경기도 여주시 흥천면 율극리 131-1번지,37.3330216000,127.5695819000,20181231,
여주시,***,닭,토종닭,5,12607,경기도 여주시 흥천면 신근안터길 48,경기도 여주시 흥천면 신근리 996번지,37.3013010000,127.5515345000,20181231,
여주시,***,닭,토종닭,3,12607,경기도 여주시 흥천면 방죽안길 18,경기도 여주시 흥천면 신근리 312-1번지,37.3099069000,127.5531988000,20181231,
여주시,***,닭,토종닭,30,12606,경기도 여주시 흥천면 동이점길 66,경기도 여주시 흥천면 계신리 357-1번지,37.3711261000,127.5324218000,20181231,
여주시,***,닭,토종닭,8,12607,경기도 여주시 흥천면 부흥로 342,경기도 여주시 흥천면 대당리 300-4번지,37.3217729000,127.5375584000,20181231,
여주시,***,닭,토종닭,10,12607,경기도 여주시 흥천면 청당길 102,경기도 여주시 흥천면 대당리 353-1번지,37.3187113000,127.5411129000,20181231,
여주시,***,닭,토종닭,10,12615,경기도 여주시 강천면 가정긴골길 297-10,경기도 여주시 강천면 걸은리 61-6번지,37.3099640000,127.7088194000,20181231,
여주시,***,닭,토종닭,6,12615,경기도 여주시 강천면 걸귀정길 7-12,경기도 여주시 강천면 걸은리 647-9번지,37.2921931000,127.7002179000,20181231,
여주시,***,닭,토종닭,14,12617,경기도 여주시 강천면 원심동1길 25,경기도 여주시 강천면 도전리 641-7번지,37.3482960000,127.7479335000,20181231,
여주시,***,닭,토종닭,15,12617,경기도 여주시 강천면 원양1로 992-10,경기도 여주시 강천면 도전리 283-1번지,37.3557399000,127.7361220000,20181231,
여주시,***,닭,토종닭,19,12616,경기도 여주시 강천면 적금안터길 14-1,경기도 여주시 강천면 적금리 144-2번지,37.2549186000,127.7077757000,20181231,
여주시,***,닭,토종닭,36,12664,경기도 여주시 강천면 강천로 277-35,경기도 여주시 강천면 강천리 487번지,37.2378339000,127.7125526000,20181231,
여주시,***,닭,토종닭,25,12617,경기도 여주시 강천면 원양1로 944-38,경기도 여주시 강천면 도전리 459-1번지,37.3552099000,127.7402139000,20181231,
여주시,***,닭,토종닭,40,12617,경기도 여주시 강천면 부평로 85-25,경기도 여주시 강천면 부평리 492-18번지,37.2629705000,127.7494369000,20181231,
여주시,***,닭,토종닭,3,12664,경기도 여주시 강천면 다리골길 37-23,경기도 여주시 강천면 강천리 51-2번지,37.2460595000,127.7319361000,20181231,
여주시,***,닭,토종닭,35,12616,경기도 여주시 강천면 말개미길 38-22,경기도 여주시 강천면 걸은리 722-5번지,37.2931907000,127.7157675000,20181231,
여주시,***,닭,토종닭,15,12617,경기도 여주시 강천면 원양1로 577-12,경기도 여주시 강천면 도전리 873번지,37.3253295000,127.7450666000,20181231,
여주시,***,닭,토종닭,6,12616,경기도 여주시 강천면 적금리길 60-1,경기도 여주시 강천면 적금리 산27-1번지,37.2541434000,127.7078249000,20181231,
여주시,***,닭,토종닭,13,12617,경기도 여주시 강천면 부평로 830-23,경기도 여주시 강천면 도전리 1012번지,37.3200258000,127.7474287000,20181231,
여주시,***,닭,토종닭,4,12664,경기도 여주시 강천면 굴암2길 52-4,경기도 여주시 강천면 굴암리 266번지,37.2397226000,127.6994638000,20181231,
여주시,***,닭,토종닭,11,12617,경기도 여주시 강천면 원양1로 461-27,경기도 여주시 강천면 도전리 1056-1번지,37.3168328000,127.7565123000,20181231,
여주시,***,닭,토종닭,5,12664,경기도 여주시 강천면 닷둔리길 84-63,경기도 여주시 강천면 강천리 160-8번지,37.2313109000,127.7346900000,20181231,
여주시,***,닭,토종닭,5,12616,경기도 여주시 강천면 마감로 274-17,경기도 여주시 강천면 걸은리 508-2번지,37.2963044000,127.7148834000,20181231,
여주시,***,닭,토종닭,7,12616,경기도 여주시 강천면 마감로 146-31,경기도 여주시 강천면 걸은리 811-11번지,37.2905272000,127.7015783000,20181231,
여주시,***,닭,토종닭,8,12615,경기도 여주시 강천면 가정긴골길 317,경기도 여주시 강천면 걸은리 68-2번지,37.3105792000,127.7114083000,20181231,
여주시,***,닭,토종닭,12,12604,경기도 여주시 금사면 안산길 185,경기도 여주시 금사면 주록리 179번지,37.3637027000,127.4609831000,20181231,
여주시,***,닭,토종닭,550,12601,경기도 여주시 금사면 금사로 597-10,경기도 여주시 금사면 전북리 363번지,37.4352806000,127.5090101000,20181231,
여주시,***,닭,토종닭,25,12602,경기도 여주시 금사면 금품1로 472-49,경기도 여주시 금사면 상호리 78번지,37.4031492000,127.4790904000,20181231,
여주시,***,닭,토종닭,6,12604,경기도 여주시 금사면 뒷머리길 24-2,경기도 여주시 금사면 이포리 227-2번지,37.3944007000,127.5300107000,20181231,
여주시,***,닭,토종닭,13,12604,경기도 여주시 금사면 금품2로 375,경기도 여주시 금사면 주록리 93-11번지,37.3786203000,127.4617625000,20181231,
여주시,***,닭,토종닭,5,12604,경기도 여주시 금사면 장흥로 21,경기도 여주시 금사면 주록리 37-1번지,37.3762892000,127.4748674000,20181231,
여주시,***,닭,토종닭,36,12604,경기도 여주시 금사면 노루목길 83,경기도 여주시 금사면 주록리 88-2번지,37.3845101000,127.4624871000,20181231,
여주시,***,닭,토종닭,3,12647,경기도 여주시 능서면 월평로 523,경기도 여주시 능서면 광대리 459-2번지,37.2570270000,127.5702521000,20181231,
여주시,***,닭,토종닭,27,12641,경기도 여주시 능서면 안양동1길 116,경기도 여주시 능서면 구양리 480-1번지,37.3146018000,127.5758624000,20181231,
여주시,***,닭,토종닭,130,12612,경기도 여주시 북내면 고달사로 470,경기도 여주시 북내면 주암리 340-2번지,37.3950921000,127.6776358000,20181231,
여주시,***,닭,토종닭,8,12649,경기도 여주시 가남읍 화평길 55,경기도 여주시 가남읍 화평리 113-4번지,37.2428324000,127.5653108000,20181231,
여주시,***,닭,토종닭,20,12655,경기도 여주시 가남읍 신해3길 120,경기도 여주시 가남읍 신해리 78번지,37.2280056000,127.5510031000,20181231,
여주시,***,닭,토종닭,4,12660,경기도 여주시 가남읍 김대2길 12,경기도 여주시 가남읍 금당리 685번지,37.1970636000,127.6067579000,20181231,
여주시,***,닭,토종닭,20,12661,경기도 여주시 가남읍 흑석로 75,경기도 여주시 가남읍 심석리 24-6번지,37.1962265000,127.5644581000,20181231,
여주시,***,닭,토종닭,3,12655,경기도 여주시 가남읍 헌바디길 23-4,경기도 여주시 가남읍 신해리 582번지,37.2207795000,127.5291269000,20181231,
여주시,***,닭,토종닭,20,12657,경기도 여주시 가남읍 안금2길 41-58,경기도 여주시 가남읍 안금리 449-1번지,37.2272801000,127.5968353000,20181231,
여주시,***,닭,토종닭,5,12649,경기도 여주시 가남읍 화평길 89-10,경기도 여주시 가남읍 화평리 산48-1번지,37.2428095000,127.5682296000,20181231,
여주시,***,닭,토종닭,10,12655,경기도 여주시 가남읍 신해2길 15-10,경기도 여주시 가남읍 신해리 136-1번지,37.2253608000,127.5481445000,20181231,
여주시,***,닭,토종닭,30,12662,경기도 여주시 가남읍 대명산길 32-12,경기도 여주시 가남읍 태평리 319-4번지,37.2049804000,127.5400677000,20181231,
여주시,***,닭,토종닭,11,12663,경기도 여주시 가남읍 은봉길 116-1,경기도 여주시 가남읍 은봉리 513번지,37.1848097000,127.5511525000,20181231,
여주시,***,닭,토종닭,23,12611,경기도 여주시 대신면 상구1길 8,경기도 여주시 대신면 상구리 329-3번지,37.3720385000,127.6397453000,20181231,
여주시,***,닭,토종닭,34,12608,경기도 여주시 대신면 여양1로 325-1,경기도 여주시 대신면 송촌리 29번지,37.4135611000,127.5809415000,20181231,
여주시,***,닭,토종닭,10,12609,경기도 여주시 대신면 옥촌3길 76-24,경기도 여주시 대신면 옥촌리 303-10번지,37.3957879000,127.6177782000,20181231,
여주시,***,닭,토종닭,10,12609,경기도 여주시 대신면 계림동길 6-15,경기도 여주시 대신면 계림리 318-5번지,37.4077826000,127.5925307000,20181231,
여주시,***,닭,토종닭,5,12608,경기도 여주시 대신면 송촌2길 105,경기도 여주시 대신면 송촌리 355-2번지,37.4051761000,127.5709719000,20181231,
여주시,***,닭,토종닭,20,12611,경기도 여주시 대신면 현남길 220,경기도 여주시 대신면 천남리 325-1번지,37.3316266000,127.6214410000,20181231,
여주시,***,닭,토종닭,12,12611,경기도 여주시 대신면 상구2길 34-40,경기도 여주시 대신면 상구리 2번지,37.3708727000,127.6470509000,20181231,
여주시,***,닭,토종닭,11,12613,경기도 여주시 북내면 도예로 387,경기도 여주시 북내면 신남리 130-4번지,37.3238534000,127.6723050000,20181231,
여주시,***,닭,토종닭,2,12612,경기도 여주시 북내면 여양3로 41,경기도 여주시 북내면 서원리 313-8번지,37.3970958000,127.6848813000,20181231,
여주시,***,닭,토종닭,46,12617,경기도 여주시 강천면 원양1로 992-13,경기도 여주시 강천면 도전리 274번지,37.3560779000,127.7353803000,20181231,
여주시,***,닭,토종닭,2,12664,경기도 여주시 강천면 신대촌길 7-8,경기도 여주시 강천면 적금리 503-2번지,37.2502541000,127.6919978000,20181231,
여주시,***,닭,토종닭,7,12664,경기도 여주시 강천면 다리골길 37-15,경기도 여주시 강천면 강천리 51-5번지,37.2454997000,127.7321335000,20181231,
여주시,***,닭,토종닭,5,12617,경기도 여주시 강천면 당전로 761,경기도 여주시 강천면 도전리 135-1번지,37.3598526000,127.7296040000,20181231,
여주시,***,닭,토종닭,12,12664,경기도 여주시 강천면 설만이길 34-8,경기도 여주시 강천면 강천리 285-4번지,37.2457009000,127.7183517000,20181231,
여주시,***,닭,토종닭,40,12617,경기도 여주시 강천면 원양1로 732-11,경기도 여주시 강천면 도전리 713-3번지,37.3374681000,127.7518775000,20181231,
여주시,***,닭,토종닭,50,12617,경기도 여주시 강천면 부평로 714-11,경기도 여주시 강천면 도전리 1155번지,37.3124386000,127.7446804000,20181231,
여주시,***,닭,토종닭,10,12617,경기도 여주시 강천면 능이마을길 26-4,경기도 여주시 강천면 도전리 1264-1번지,37.3031948000,127.7658731000,20181231,
여주시,***,닭,토종닭,30,12615,경기도 여주시 강천면 가정긴골길 319-8,경기도 여주시 강천면 걸은리 220-1번지,37.3079364000,127.7103796000,20181231,
여주시,***,닭,토종닭,11,12616,경기도 여주시 강천면 곱새기로 90,경기도 여주시 강천면 걸은리 788-1번지,37.2875012000,127.7104364000,20181231,
여주시,***,닭,토종닭,4,12615,경기도 여주시 강천면 가정긴골길 319-9,경기도 여주시 강천면 걸은리 216번지,37.3079963000,127.7109104000,20181231,
여주시,***,닭,토종닭,10,12615,경기도 여주시 강천면 이호3길 32-7,경기도 여주시 강천면 이호리 427번지,37.2899117000,127.6850743000,20181231,
여주시,***,닭,토종닭,70,12617,경기도 여주시 강천면 탑전길 28-8,경기도 여주시 강천면 도전리 953-3번지,37.3204437000,127.7568417000,20181231,
여주시,***,닭,토종닭,100,12616,경기도 여주시 강천면 긴등길 147-10,경기도 여주시 강천면 가야리 41번지,37.2641089000,127.7032168000,20181231,
여주시,***,닭,토종닭,10,12615,경기도 여주시 강천면 이호3길 32-5,경기도 여주시 강천면 이호리 427-1번지,37.2897225000,127.6850726000,20181231,
여주시,***,닭,토종닭,9,12615,경기도 여주시 강천면 걸귀정길 20,경기도 여주시 강천면 걸은리 649-10번지,37.2928326000,127.7002463000,20181231,
여주시,***,닭,토종닭,9,12615,경기도 여주시 강천면 걸귀정길 14-8,경기도 여주시 강천면 걸은리 651-1번지,37.2931894000,127.7008586000,20181231,
여주시,***,닭,토종닭,48,12616,경기도 여주시 강천면 마감로 344,경기도 여주시 강천면 걸은리 259-3번지,37.3015270000,127.7199066000,20181231,
여주시,***,닭,토종닭,86,12664,경기도 여주시 강천면 닷둔리길 60,경기도 여주시 강천면 강천리 122-8번지,37.2377667000,127.7325098000,20181231,
여주시,***,닭,토종닭,10,12616,경기도 여주시 강천면 강천로 677,경기도 여주시 강천면 가야리 453-2번지,37.2597473000,127.6910472000,20181231,
여주시,***,닭,토종닭,2,12664,경기도 여주시 강천면 다리골길 37-15,경기도 여주시 강천면 강천리 51-5번지,37.2454997000,127.7321335000,20181231,
여주시,***,닭,토종닭,4,12655,경기도 여주시 가남읍 신해2길 37,경기도 여주시 가남읍 신해리 산50-1번지,37.2239792000,127.5488106000,20181231,
여주시,***,오리,,2,12614,경기도 여주시 북내면 당전로 503-1,경기도 여주시 북내면 중암리 426-1번지,37.3507400000,127.7138735000,20181231,
여주시,***,오리,,2,12615,경기도 여주시 강천면 가정긴골길 317,경기도 여주시 강천면 걸은리 68-2번지,37.3105792000,127.7114083000,20181231,
여주시,***,오리,,3,12603,경기도 여주시 산북면 광여로 1091,경기도 여주시 산북면 상품리 586-5번지,37.3971484000,127.4295429000,20181231,
여주시,***,거위,,5,12654,경기도 여주시 명성로 244,경기도 여주시 능현동 334-9번지,37.2702236000,127.6581318000,20181231,
여주시,***,칠면조,,3,12634,경기도 여주시 연양길 25-2,경기도 여주시 연양동 199번지,37.2832451000,127.6691036000,20181231,
여주시,***,거위,,1,12634,경기도 여주시 강변유원지길 22-38,경기도 여주시 매룡동 91-1번지,37.2887195000,127.6584726000,20181231,
여주시,***,꿩,,4,12659,경기도 여주시 삼교1길 10-32,경기도 여주시 삼교동 472-1번지,37.2421123000,127.6482188000,20181231,
여주시,***,거위,,2,12634,경기도 여주시 용강길 13,경기도 여주시 상동 84번지,37.2924967000,127.6482767000,20181231,
여주시,***,거위,,2,12660,경기도 여주시 가남읍 김대1길 72,경기도 여주시 가남읍 금당리 602-6번지,37.2016169000,127.6008130000,20181231,
여주시,***,오리,,17,12602,경기도 여주시 금사면 장흥로 476,경기도 여주시 금사면 하호리 341-2번지,37.3957621000,127.5007036000,20181231,
여주시,***,거위,,6,12602,경기도 여주시 금사면 장흥로 476,경기도 여주시 금사면 하호리 341-2번지,37.3957621000,127.5007036000,20181231,
여주시,***,거위,,6,12601,경기도 여주시 금사면 외평2길 19,경기도 여주시 금사면 외평리 196번지,37.4130880000,127.5298706000,20181231,
여주시,***,칠면조,,3,12604,경기도 여주시 금사면 이여로 1165,경기도 여주시 금사면 궁리 23번지,37.3827319000,127.5240916000,20181231,
여주시,***,관상조,,20,12647,경기도 여주시 능서면 매류1길 45,경기도 여주시 능서면 매류리 352-1번지,37.2780556000,127.5590894000,20181231,
여주시,***,칠면조,,2,12607,경기도 여주시 흥천면 신근안터길 48,경기도 여주시 흥천면 신근리 996번지,37.3013010000,127.5515345000,20181231,
여주시,***,칠면조,,1,12605,경기도 여주시 흥천면 샘다리길 10-34,경기도 여주시 흥천면 상대리 280번지,37.3462385000,127.5081184000,20181231,
여주시,***,오리,,1,12634,경기도 여주시 강변유원지길 22-38,경기도 여주시 매룡동 91-1번지,37.2887195000,127.6584726000,20181231,
여주시,***,칠면조,,2,12634,경기도 여주시 용강길 13,경기도 여주시 상동 84번지,37.2924967000,127.6482767000,20181231,
여주시,***,오리,,6,12634,경기도 여주시 용강길 68-12,경기도 여주시 상동 485-5번지,37.2882230000,127.6488040000,20181231,
여주시,***,관상조,,20,12663,경기도 여주시 가남읍 건은로 180-82,경기도 여주시 가남읍 은봉리 595-2번지,37.1834231000,127.5410974000,20181231,
여주시,***,거위,,4,12668,경기도 여주시 점동면 성주로 1020-18,경기도 여주시 점동면 현수리 189-3번지,37.1869551000,127.6908591000,20181231,
여주시,***,오리,,2,12665,경기도 여주시 점동면 삼합리길 35-7,경기도 여주시 점동면 삼합리 738-12번지,37.2041462000,127.7257429000,20181231,
여주시,***,관상조,,10,12607,경기도 여주시 흥천면 신근안터길 48,경기도 여주시 흥천면 신근리 996번지,37.3013010000,127.5515345000,20181231,
여주시,***,관상조,,6,12606,경기도 여주시 흥천면 남산로 399,경기도 여주시 흥천면 하다리 83번지,37.3429018000,127.5294475000,20181231,
여주시,***,칠면조,,1,12664,경기도 여주시 강천면 신대촌길 7-8,경기도 여주시 강천면 적금리 503-2번지,37.2502541000,127.6919978000,20181231,
여주시,***,기러기,,5,12601,경기도 여주시 금사면 외평2길 19,경기도 여주시 금사면 외평리 196번지,37.4130880000,127.5298706000,20181231,
여주시,***,오리,,1,12601,경기도 여주시 금사면 전북2길 2-25,경기도 여주시 금사면 전북리 394번지,37.4348366000,127.5053689000,20181231,
여주시,***,타조,,1,12647,경기도 여주시 능서면 매류1길 45,경기도 여주시 능서면 매류리 352-1번지,37.2780556000,127.5590894000,20181231,
여주시,***,오리,,6,12663,경기도 여주시 가남읍 건은로 180-82,경기도 여주시 가남읍 은봉리 595-2번지,37.1834231000,127.5410974000,20181231,
여주시,***,칠면조,,2,12663,경기도 여주시 가남읍 댓절길 63-39,경기도 여주시 가남읍 대신리 342-1번지,37.1885594000,127.5310093000,20181231,
여주시,***,칠면조,,1,12608,경기도 여주시 대신면 여양1로 325-1,경기도 여주시 대신면 송촌리 29번지,37.4135611000,127.5809415000,20181231,
여주시,***,칠면조,,1,12608,경기도 여주시 대신면 천서2길 49-77,경기도 여주시 대신면 천서리 109-3번지,37.3973976000,127.5621384000,20181231,
여주시,***,칠면조,,2,12613,경기도 여주시 북내면 도예로 387,경기도 여주시 북내면 신남리 130-4번지,37.3238534000,127.6723050000,20181231,
여주시,***2농장,닭,종계,500,12607,경기도 여주시 흥천면 청당길 81-79,경기도 여주시 흥천면 대당리 43-7번지,37.3171288000,127.5502281000,20181231,
여주시,JM농장,닭,육계,,12646,경기도 여주시 연라1길 41-49,경기도 여주시 연라동 95번지,37.2652496000,127.6144155000,20181231,
여주시,가야농장,닭,토종닭,1000,12616,,경기도 여주시 강천면 가야리42,37.2640847000,127.7027431000,20181231,
여주시,강천농장,닭,종계,63000,12664,경기도 여주시 강천면 웃설만이길 195,"경기도 여주시 강천면 부평리 562번지 4호 외 2필지(547, 564)",37.2561680000,127.7335439000,20181231,
여주시,경주농장,닭,토종닭,130,12607,경기도 여주시 흥천면 청당길 84-18,경기도 여주시 흥천면 대당리 산38-1번지,37.3186064000,127.5404014000,20181231,
여주시,경진농장,닭,육계,50000,12612,경기도 여주시 북내면 석우길 88-39,경기도 여주시 북내면 석우리 13-3번지,37.3876774000,127.6900692000,20181231,
여주시,경훈농장,닭,오리,15000,12655,경기도 여주시  신해리 544번지 10,경기도 여주시 가남읍 신해리 544번지 10,37.2318616000,127.5332831000,20181231,
여주시,계림농장,닭,산란계,150000,12663,경기도 여주시 가남읍 대신리길 99-105,경기도 여주시 가남읍 은봉리 691번지,37.1856166000,127.5422054000,20181231,
여주시,계림농장,닭,육계,57000,12609,경기도 여주시 대신면 대신2로 419-29,경기도 여주시 대신면 계림리360-3,37.4084851000,127.5889671000,20181231,
여주시,계림농장,닭,토종닭,25000,12642,경기도 여주시 능서면 능서로 246-78,경기도 여주시 능서면 왕대리 산83-31번지,37.3170439000,127.5922838000,20181231,
여주시,계림에그스,닭,산란계,,12606,경기도 여주시 흥천면 군위실길 36,경기도 여주시 흥천면 다대리 405번지,37.3362938000,127.5200694000,20181231,
여주시,고려농장,닭,육계,61000,12603,경기도 여주시 산북면 해여림로 58-34,경기도 여주시 산북면 상품리 566-1번지,37.3932321000,127.4336764000,20181231,
여주시,금대울오리농장,오리,,,12606,경기도 여주시 흥천면 흥천로 758-17,경기도 여주시 흥천면 복대리 567번지,37.3517378000,127.5198931000,20181231,
여주시,기민농장,닭,육계,23000,12609,경기도 여주시 대신면 현풍길 6-32,경기도 여주시 대신면 초현리 111번지,37.3830695000,127.6030298000,20181231,
여주시,김**농장,닭,육계,32000,12613,경기도 여주시 북내면 신남1길 88,경기도 여주시 북내면 신남리 56번지,37.3300745000,127.6699681000,20181231,
여주시,남**농장,닭,토종닭,20000,12667,경기도 여주시 점동면 청안리길 84-18,경기도 여주시 점동면 청안리 279-1번지,37.2068132000,127.6542826000,20181231,
여주시,남산농장,닭,육계,15000,12606,경기도 여주시 흥천면 남산로 432,경기도 여주시 흥천면 하다리 112-2번지,37.3431817000,127.5333653000,20181231,
여주시,농업회사법인다온,닭,산란계,135000,12668,경기도 여주시 점동면 성주로 784-35,경기도 여주시 점동면 당진리 536번지,37.1764524000,127.6761932000,20181231,
여주시,농업회사법인조인주식회사,닭,산란계,388000,12656,경기도 여주시 가남읍 가남로 240,경기도 여주시 가남읍 하귀리 2-2번지,37.2176663000,127.5785647000,20181231,
여주시,누리농장,닭,육계,,12612,,경기도 여주시 북내면 장암리268,37.3391282000,127.6859931000,20181231,
여주시,다산농장,닭,산란계,1800,12615,경기도 여주시 강천면 이호3길 32-29,경기도 여주시 강천면 이호리 380번지,37.2922204000,127.6862680000,20181231,
여주시,대경농장,닭,산란계,57000,12605,경기도 여주시 흥천면 샘다리길 43,경기도 여주시 흥천면 상대리 279-5번지,37.3476296000,127.5072926000,20181231,
여주시,대당농장,닭,육계,50000,12607,경기도 여주시 흥천면 효자로 51-68,경기도 여주시 흥천면 대당리 15-1번지,37.3219396000,127.5503645000,20181231,
여주시,대복농장,닭,산란계,50000,12640,경기도 여주시 능서면 용은길 74-35,경기도 여주시 능서면 용은리 466-4번지,37.2886082000,127.5371996000,20181231,
여주시,대성농장,닭,종계,17000,12607,"경기도 여주시 청당길 81-79,81","경기도 여주시 흥천면 대당리 43-7, 43-17",37.3171288000,127.5502281000,20181231,
여주시,대한농장,닭,종계,12000,12607,경기도 여주시 흥천면 청당길 93-26,경기도 여주시 흥천면 대당리 66번지,37.3166570000,127.5430950000,20181231,"종계(육용), 종란"
여주시,도리농장,닭,육계,35000,12665,경기도 여주시 점동면 도리길 31-83,경기도 여주시 점동면 도리 293-2,37.2159486000,127.6957414000,20181231,
여주시,도원농장,닭,육계,80000,12611,,경기도 여주시 대신면 상구리175,37.3842383000,127.6363256000,20181231,
여주시,동산농장,닭,육계,30000,12656,경기도 여주시 가남읍 가남로 190-45,경기도 여주시 가남읍 하귀리 342-1번지,37.2178053000,127.5740367000,20181231,
여주시,두일농장,닭,육계,23000,12612,경기도 여주시 북내면 석우길 97-14,경기도 여주시 북내면 석우리 56-5번지,37.3905955000,127.6902653000,20181231,
여주시,매봉농장,닭,육계,57000,12606,경기도 여주시 흥천면 금대울로 184-17,경기도 여주시 흥천면 복대리 250번지,37.3602672000,127.5348175000,20181231,
여주시,맹골농장,닭,산란계,1000,12661,경기도 여주시 가남읍 가남로 79-30,경기도 여주시 가남읍 하귀리 372-2,37.2265012000,127.5644008000,20181231,
여주시,명성농장,닭,육계,,12611,경기도 여주시 대신면 상구5길 32-16,경기도 여주시 대신면 상구리 94번지,37.3849273000,127.6405770000,20181231,
여주시,모닝바이오텍,닭,산란계,75000,12607,경기도 여주시 흥천면 능북로 163-39,경기도 여주시 흥천면 율극리 296-2번지,37.3358492000,127.5642320000,20181231,
여주시,민주농장,닭,토종닭,11000,12606,경기도 여주시 흥천면 남산로 671-35,경기도 여주시 흥천면 복대리 산86-1번지,37.3577906000,127.5425318000,20181231,
여주시,바보숲명상농원,닭,산란계,800,12665,경기도 여주시 점동면 도리길 170-70,경기도 여주시 점동면 도리 40-2번지,37.2246731000,127.7135447000,20181231,
여주시,부용농장,닭,육계,,12646,경기도 여주시 연라1길 41-47,경기도 여주시 연라동 100번지,37.2644712000,127.6151081000,20181231,
여주시,분재농장,닭,육계,,12668,경기도 여주시 점동면 성주로 1004,경기도 여주시 점동면 당진리 300-1번지,37.1854567000,127.6882216000,20181231,
여주시,불노농장,닭,육계,30000,12654,경기도 여주시 신진동 63-2,경기도 여주시 신진동 63-2,37.2770005000,127.6691951000,20181231,
여주시,산촌농장,닭,육계,75000,12655,경기도 여주시 가남읍 상활2길 83-118,경기도 여주시 가남읍 신해리 495-1번지,37.2318652000,127.5364834000,20181231,
여주시,삼영농장,닭,육계,20300,12640,경기도 여주시 능서면 양거1길 58,경기도 여주시 능서면 양거리 555-1번지,37.2606354000,127.5383659000,20181231,
여주시,삼흥농장,닭,산란계,9500,12616,경기도 여주시 강천면 설경주길 146,경기도 여주시 강천면 간매리 37번지,37.2781973000,127.7188508000,20181231,
여주시,상대농장,닭,산란계,,12605,경기도 여주시 흥천면 금반형길 99,경기도 여주시 흥천면 상대리 332-4번지,37.3452069000,127.5049290000,20181231,
여주시,상신,닭,산란계,298100,12660,경기도 여주시 가남읍 김대1길 40,경기도 여주시 가남읍 금당리 606-8번지,37.1987852000,127.6030885000,20181231,
여주시,상활농장,닭,육계,44000,12655,경기도 여주시 가남읍 상활2길 83-103,경기도 여주시 가남읍 신해리 498-5,37.2326950000,127.5342919000,20181231,
여주시,서광농장,닭,산란계,82000,12647,경기도 여주시 능서면 월평로 564-56,경기도 여주시 능서면 광대리 509-4번지,37.2583916000,127.5637243000,20181231,
여주시,석일농장,닭,육계,31500,12654,경기도 여주시 명성로 162-14,경기도 여주시 능현동 113,37.2622810000,127.6622227000,20181231,
여주시,선린농장,닭,산란계,62000,12612,경기도 여주시 북내면 선돌로 152-50,경기도 여주시 북내면 장암리 110-3번지,37.3538187000,127.6883835000,20181231,
여주시,성산농장,닭,육계,57000,12647,경기도 여주시 마래리 산 18번지 1호,경기도 여주시 능서면 마래리 산 18번지 1호,37.2714134000,127.5651738000,20181231,
여주시,성화농장,닭,육계,35000,12667,경기도 여주시 점동면 장여로 718-13,경기도 여주시 점동면 덕평리 443번지,37.1685392000,127.6523665000,20181231,
여주시,세례농장,닭,산란계,35000,12605,경기도 여주시 흥천면 남산로 173-19,경기도 여주시 흥천면 상대리 69번지,37.3489283000,127.5153708000,20181231,
여주시,손**농장,닭,산란계,700,12640,,경기도 여주시 능서면 양거리541-3,37.2588045000,127.5347570000,20181231,
여주시,솔미농장,닭,육계,30000,12610,,경기도 여주시 대신면 초현리 381,37.3685964000,127.5982748000,20181231,
여주시,송운농장,닭,육계,,12606,경기도 여주시 복대1리 435-2,경기도 여주시 흥천면 복대1리 435-2,37.3602066000,127.5282251000,20181231,
여주시,승화축산,닭,산란계,140000,12606,경기도 여주시 흥천면 남산로 313-7,경기도 여주시 흥천면 다대리 474-1번지,37.3391585000,127.5222331000,20181231,
여주시,신애메추리농장,메추리,,40000,12647,경기도 여주시 능서면 양화로 452-22,경기도 여주시 능서면 마래리 328번지,37.2596649000,127.5573647000,20181231,
여주시,아리농장,오리,,10000,12655,경기도 여주시 가남읍 신해1길 95-48,경기도 여주시 가남읍 신해리 219-5번지,37.2332236000,127.5429274000,20181231,
여주시,알로1농장,메추리,,170000,12646,경기도 여주시 능서면 오계1길 76-21,경기도 여주시 능서면 오계1리336-2,37.2651907000,127.5922853000,20181231,
여주시,알로2농장,메추리,,170000,12611,경기도 여주시 대신면 대신로 377,경기도 여주시 대신면 상구리 341-5,37.3737907000,127.6406295000,20181231,
여주시,양계농장,닭,산란계,63000,12634,경기도 여주시 매룡2길 67,경기도 여주시 매룡동 161-5번지,37.2819657000,127.6594176000,20181231,
여주시,양계농장,닭,육계,,12612,,경기도 여주시 북내면 석우리 91,37.3885431000,127.6899304000,20181231,
여주시,양계농장,닭,육계,38000,12612,경기도 여주시 북내면 석우길 104-5,경기도 여주시 북내면 석우리 90-1번지,37.3889292000,127.6901597000,20181231,
여주시,양지농장,메추리,,50000,12655,경기도 여주시 가남읍 이화길 56-16,경기도 여주시 가남읍 신해리 575-17,37.2198405000,127.5355988000,20181231,
여주시,에그홈,닭,산란계,30000,12634,경기도 여주시 매룡2길 60,경기도 여주시 매룡동 157번지,37.2834376000,127.6588327000,20181231,
여주시,에덴3농장,오리,,18000,12666,경기도 여주시 장여로 1540-17,경기도 여주시 삼교동 228-5번지,37.2352558000,127.6580206000,20181231,
여주시,에덴농장,닭,산란계,20000,12666,경기도 여주시 점동면 장여로 1443,경기도 여주시 점동면 처리 724번지,37.2267520000,127.6609443000,20181231,
여주시,에덴농장,메추리,,,12603,경기도 여주시 산북면 해여림로 42-39,경기도 여주시 산북면 상품리 569-3번지,37.3939795000,127.4337936000,20181231,
여주시,여주서진농장,닭,육계,7000,12616,경기도 여주시 강천면 긴등길 147-29,경기도 여주시 강천면 가야리 66번지,37.2650015000,127.7046342000,20181231,
여주시,여주자영농고,닭,산란계,,12642,경기도 여주시 능서면 농도원2길 223,경기도 여주시 능서면 왕대리 산136-72번지,37.2939123000,127.6106438000,20181231,
여주시,여주토종닭농장,닭,토종닭,10000,12646,경기도 여주시 능서면 월평로 343-64,경기도 여주시 능서면 오계리 264번지,37.2611146000,127.5875302000,20181231,
여주시,영농장,닭,육계,50000,12666,경기도 여주시 점동면 선사길 195,경기도 여주시 점동면 흔암리 210번지,37.2384726000,127.6724958000,20181231,
여주시,영지양계장,닭,육계,51000,12655,경기도 여주시 가남읍 신해1길 95-75,경기도 여주시 가남읍 신해리 496-1번지,37.2350042000,127.5357280000,20181231,
여주시,오**농장,닭,토종닭,5000,12635,경기도 여주시 오금2길 66-18,경기도 여주시 오금동 104번지,37.3394099000,127.6519730000,20181231,
여주시,오금리한길오리장,오리,,5000,12635,경기도 여주시 오금동 69-10,경기도 여주시 오금동 69-10,37.3338286000,127.6576119000,20181231,
여주시,왕실토종닭농장,닭,산란계,2000,12656,,경기도 여주시 가남읍 안금리 634번지 2호,37.2247565000,127.5879255000,20181231,
여주시,왕터청계농원,닭,토종닭,150,12642,경기도 여주시 능서면 왕터1길 91-89,경기도 여주시 능서면 왕대리 45번지,37.3184337000,127.5972471000,20181231,
여주시,요엘농장,메추리,,50000,12603,경기도 여주시 산북면 해여림로 42-6,경기도 여주시 산북면 상품리 321-1번지,37.3952318000,127.4362965000,20181231,
여주시,용희농장,닭,육계,90000,12611,경기도 여주시 대신면 현풍길 97-5,경기도 여주시 대신면 장풍리 산84,37.3878686000,127.6124741000,20181231,
여주시,우리농장,닭,산란계,,12609,경기도 여주시 대신면 옥촌3길 76-56,경기도 여주시 대신면 옥촌리 324번지,37.3963165000,127.6200750000,20181231,
여주시,우리농장,오리,,5000,12635,,경기도 여주시 오금동 157,37.3438266000,127.6532749000,20181231,
여주시,원농장,닭,육계,40000,12611,경기도 여주시 대신면 장풍길 120,경기도 여주시 대신면 장풍리 594-4번지,37.3725708000,127.6122487000,20181231,
여주시,유**농장,닭,육계,32000,12615,경기도 여주시 강천면 가정긴골길 177,경기도 여주시 강천면 걸은리 341-1번지,37.3047470000,127.6981907000,20181231,
여주시,유성농장,메추리,,150000,12608,경기도 여주시 대신면 송촌2길 197,경기도 여주시 대신면 송촌리198-5,37.3978969000,127.5745308000,20181231,
여주시,유용수농장,닭,토종닭,30000,12606,경기도 여주시 흥천면 남산로 503,경기도 여주시 흥천면 하다리 산18-2번지,37.3469911000,127.5397573000,20181231,
여주시,율극농장,닭,산란계,100000,12607,경기도 여주시 흥천면 능북로 210,경기도 여주시 흥천면 율극리 262-1번지,37.3402402000,127.5673679000,20181231,
여주시,율극축산,닭,산란계,,12607,경기도 여주시 흥천면 능북로 212,경기도 여주시 흥천면 율극리 264번지,37.3403816000,127.5660600000,20181231,
여주시,율극축산,닭,육계,42000,12607,경기도 여주시 흥천면 능북로 216,경기도 여주시 흥천면 율극리 266-4번지,37.3422384000,127.5659158000,20181231,
여주시,은혜농장,메추리,,150000,12603,경기도 여주시 산북면 해여림로 79,경기도 여주시 산북면 상품리445-1,37.3923669000,127.4386514000,20181231,
여주시,이**농장,닭,육계,40000,12616,경기도 여주시 강천면 강천로 676-26,경기도 여주시 강천면 가야2리 산41-6,37.2611937000,127.6933261000,20181231,
여주시,이**농장,닭,육계,32000,12640,경기도 여주시 매화리 산 23번지 13호,경기도 여주시 능서면 매화리 산 23번지 13호,37.2734730000,127.5347813000,20181231,
여주시,이**농장,닭,육계,30000,12614,경기도 여주시 북내면 운촌길 48-22,경기도 여주시 북내면 운촌리 623-18번지,37.3319392000,127.7058205000,20181231,
여주시,이메코농장,메추리,,60000,12608,경기도 여주시 대신면 송촌2길 78-74,경기도 여주시 대신면 천서1리51,37.4038696000,127.5615314000,20181231,
여주시,자연농장,닭,산란계,5000,12666,경기도 여주시 삼교2길 49,경기도 여주시 삼교동 342번지,37.2303112000,127.6560284000,20181231,
여주시,자연농장,메추리,,70000,12661,경기도 여주시 가남읍 여주남로 916-36,경기도 여주시 가남읍 삼군리16-2,37.2289774000,127.5609260000,20181231,
여주시,장**농장,닭,육계,,12641,경기도 여주시 매류리 178번지 1호,경기도 여주시 능서면 매류리 178번지 1호,37.2815797000,127.5683616000,20181231,
여주시,장호농장,닭,육계,27000,12617,경기도 여주시 강천면 원양1로 905,경기도 여주시 강천면 도전리 558-1번지,37.3498007000,127.7407366000,20181231,
여주시,정원농장,닭,육계,45000,12663,경기도 여주시 가남읍 은봉길 147-53,경기도 여주시 가남읍 은봉리 274번지,37.1809522000,127.5552574000,20181231,
여주시,정훈양계장,닭,육계,33000,12637,경기도 여주시 독바위길 40,경기도 여주시 현암동 110번지,37.3173295000,127.6414382000,20181231,
여주시,제일농장,닭,육계,,12606,경기도 여주시 흥천면 군위실길 151,경기도 여주시 흥천면 다대리 123-6번지,37.3367426000,127.5265947000,20181231,
여주시,제일농장,메추리,,70000,12611,경기도 여주시 대신면 후포1길 223-42,경기도 여주시 대신면 후포리156-2,37.3680140000,127.6187706000,20181231,
여주시,조현농장,닭,육계,20000,12609,경기도 여주시 대신면 무촌길 42-69,경기도 여주시 대신면 무촌리 431-1번지,37.3931738000,127.5841727000,20181231,
여주시,중앙농원,닭,종계,57000,12614,경기도 여주시 북내면 운촌길 48-113,경기도 여주시 북내면 운촌리 482-1번지,37.3304117000,127.7081532000,20181231,
여주시,창대메추리농장,메추리,,50000,12641,,경기도 여주시 능서면 매류1리94,37.2791614000,127.5728650000,20181231,
여주시,창호농장,닭,육계,84000,12607,경기도 여주시 흥천면 종다람길 59,경기도 여주시 흥천면 신근리 250-47번지,37.3168850000,127.5561490000,20181231,
여주시,천지농장,닭,토종닭,23,12665,경기도 여주시 점동면 점동로 162-50,경기도 여주시 점동면 사곡리 308번지,37.2018118000,127.6753821000,20181231,오골계 포함
여주시,철중농장,닭,육계,55000,12647,경기도 여주시 능서면 양화로 20-83,경기도 여주시 능서면 마래리 5번지,37.2696117000,127.5650928000,20181231,
여주시,청솔농장,닭,육계,60000,12612,경기도 여주시 북내면 선돌로 377-20,경기도 여주시 북내면 석우리 363번지,37.3740193000,127.6820983000,20181231,
여주시,청운농장,닭,육계,31000,12607,경기도 여주시 흥천면 신율로 249-23,경기도 여주시 흥천면 율극리 237-2번지,37.3266555000,127.5649533000,20181231,
여주시,충섭농장,닭,육계,60000,12616,경기도 여주시 강천면 마감로 146-19,경기도 여주시 강천면 걸은리 671-1번지,37.2907444000,127.7029336000,20181231,
여주시,태린농장,닭,종계,57000,12647,경기도 여주시 능서면 능여로 84,경기도 여주시 능서면 광대리 산15-4번지,37.2716901000,127.5695052000,20181231,
여주시,태원농장,닭,육계,26000,12605,,경기도 여주시 흥천면 상대리35-1,37.3525100000,127.5142890000,20181231,
여주시,태준농장,닭,토종닭,100,12668,경기도 여주시 점동면 성주로 1020-18,경기도 여주시 점동면 현수리 189-3번지,37.1869551000,127.6908591000,20181231,
여주시,태평농장,오리,,13900,12662,경기도 여주시 설가로 813,경기도 여주시 가남읍 태평리 528번지 1,37.1992032000,127.5324238000,20181231,
여주시,토끼네가축집,닭,오골계,17,12606,경기도 여주시 흥천면 금대울로 214-23,경기도 여주시 흥천면 복대리 54번지,37.3616237000,127.5377055000,20181231,오리 포함
여주시,한경농장,닭,육계,160000,12646,경기도 여주시 연라1길 41-47,경기도 여주시 연라동 100번지,37.2644712000,127.6151081000,20181231,
여주시,한솔농장,닭,육계,,12610,경기도 여주시 대신면 초현길 60,경기도 여주시 대신면 초현리 361번지,37.3681809000,127.5966911000,20181231,
여주시,한울이네농장,닭,토종닭,500,12609,경기도 여주시 대신면 대신2로 374-56,경기도 여주시 대신면 계림리 223,37.4065327000,127.5992186000,20181231,
여주시,함일농장,닭,산란계,137000,12647,경기도 여주시 능서면 월평로 564-64,경기도 여주시 능서면 마래리 458-6번지,37.2584169000,127.5621689000,20181231,
여주시,햇빛농장,오리,,10000,12655,경기도 여주시 가남읍 양화로 113-64,경기도 여주시 가남읍 정단리 584번지,37.2364137000,127.5506695000,20181231,
여주시,햇살농장,닭,산란계,6000,12612,경기도 여주시 북내면 여양2로 1203-3,경기도 여주시 북내면 주암리 104-4번지,37.4039559000,127.6826847000,20181231,
여주시,행복짓는 농장,닭,산란계,3000,12666,,경기도 여주시 점동면 처리289,37.2293643000,127.6754915000,20181231,
여주시,후포농장,닭,육계,56000,12611,경기도 여주시 대신면 후포1길 160,경기도 여주시 대신면 후포리 223번지,37.3658767000,127.6174098000,20181231,
여주시,희망농장,닭,육계,48000,12607,경기도 여주시 율극1리 219-1,경기도 여주시 흥천면 율극1리 219-1,37.3350994000,127.5646439000,20181231,
연천군,간파리농장,닭,산란계,15000,11041,경기도 연천군 전곡읍 양연로 564,경기도 연천군 전곡읍 간파리 137-10번지,37.9559313000,127.0063978000,20181204,운영
연천군,개나리농장,닭,육계,0,11018,경기도 연천군 연천읍 현문로 565,경기도 연천군 연천읍 고문리 171-1번지,38.0650859000,127.1249930000,20181204,휴업
연천군,경기농장,닭,토종닭,500,11045,경기도 연천군 미산면 백동로49번길 116-13,경기도 연천군 미산면 백석리 524번지,38.0580612000,126.9624555000,20181204,운영
연천군,계림농장,닭,육계,0,11020,경기도 연천군 청산면 전영로215번길 234-2,경기도 연천군 청산면 장탄리 1108번지,38.0398628000,127.0923378000,20181204,휴업
연천군,광명농장,닭,토종닭,0,11022,경기도 연천군 청산면 순욱길 108,경기도 연천군 청산면 대전리 231,38.0012648000,127.0960595000,20181204,휴업
연천군,광성농장,닭,산란계,4000,11045,경기도 연천군 미산면 백동로19번길 205,경기도 연천군 미산면 백석리 698번지,38.0515019000,126.9604083000,20181204,운영
연천군,광화문농장,닭,육계,60000,11001,경기도 연천군 신서면 평화로 3232-10,경기도 연천군 신서면 대광리 1334-2번지,38.2293409000,127.1524943000,20181204,운영
연천군,광희농장,닭,육계,0,11022,경기도 연천군 청산면 순욱길 44-39,경기도 연천군 청산면 대전리 269-1번지,38.0079513000,127.0938362000,20181204,휴업
연천군,구구농장,닭,산란계,160000,11050,경기도 연천군 장남면 장남로163번길 144,경기도 연천군 장남면 원당리 1271번지,37.9850924000,126.8632713000,20181204,운영
연천군,구미농장,닭,육계,0,11049,경기도 연천군 백학면 노아로 471-61,경기도 연천군 백학면 구미리 185번지,38.0030051000,126.9584894000,20181204,휴업
연천군,군남농장,닭,육계,37500,11008,경기도 연천군 군남면 황지로120번길 79,경기도 연천군 군남면 황지리 65-1번지,38.0412849000,127.0471152000,20181204,운영
연천군,군자산닭,닭,육계,0,11006,경기도 연천군 군남면 삼왕로 227,경기도 연천군 군남면 삼거리 234-1번지,38.0826120000,127.0397314000,20181204,휴업
연천군,김영진,닭,토종닭,2000,11044,경기도 연천군 미산면 청정로1671번길 163,경기도 연천군 미산면 우정리 831번지,38.0511131000,127.0039870000,20181204,운영
연천군,날개농장,닭,육계,40000,11011,경기도 연천군 연천읍 동막로 68,경기도 연천군 연천읍 동막리 308-7번지,38.0875836000,127.0926353000,20181204,운영
연천군,내유농장,닭,육계,28000,11040,경기도 연천군 전곡읍 양원로46번길 33,경기도 연천군 전곡읍 양원리 603번지,37.9908406000,127.0216536000,20181204,운영
연천군,능성농장,닭,육계,28000,11045,경기도 연천군 미산면 유노로 94-25,경기도 연천군 미산면 유촌리 153번지,38.0471669000,126.9950438000,20181204,운영
연천군,대광리농장,닭,산란계,64000,11003,경기도 연천군 신서면 장거리길 153,경기도 연천군 신서면 도신리 629-4번지,38.1598257000,127.0936366000,20181204,운영
연천군,대길농장,닭,육계,0,11008,경기도 연천군 군남면 오리골길 115,경기도 연천군 군남면 황지리 431번지,38.0373974000,127.0330906000,20181204,휴업
연천군,대림농장,닭,육계,80000,11044,경기도 연천군 왕징면 왕산로 193-130,경기도 연천군 왕징면 무등리 438번지,38.0695816000,126.9981525000,20181204,운영
연천군,대성농장(미산),닭,육계,80000,11046,경기도 연천군 미산면 숭의전로170번길 22-46,경기도 연천군 미산면 아미리 628번지,38.0244788000,126.9487616000,20181204,운영
연천군,대성농장(왕징),닭,육계,0,11044,,경기도 연천군 왕징면 무등리 320,38.0569780000,127.0055936000,20181204,휴업
연천군,대정농장,닭,종계,22000,11049,경기도 연천군 백학면 노곡로286번길 215,경기도 연천군 백학면 노곡리 14번지,38.0128923000,126.9472101000,20181204,운영
연천군,대정농장,닭,종계,20000,11049,경기도 연천군 백학면 노곡로286번길 71,경기도 연천군 백학면 노곡리 92번지,38.0092049000,126.9417929000,20181204,운영
연천군,돌마농장,닭,육계,0,11049,경기도 연천군 백학면 노아로 184-24,경기도 연천군 백학면 학곡리 572번지,37.9848423000,126.9383755000,20181204,휴업
연천군,동성농장1,닭,육계,0,11009,경기도 연천군 연천읍 합내로 536,경기도 연천군 연천읍 와초리 592번지,38.1565176000,127.0693874000,20181204,휴업
연천군,동성농장2,닭,육계,0,11009,경기도 연천군 연천읍 합내로 536,경기도 연천군 연천읍 와초리 592번지,38.1565176000,127.0693874000,20181204,휴업
연천군,로댐나무농장,닭,육계,37200,11011,경기도 연천군 연천읍 동막로 237,경기도 연천군 연천읍 동막리 262-40번지,38.0894702000,127.1096677000,20181204,운영
연천군,미산농장,닭,육계,0,11047,경기도 연천군 미산면 마동로 78-23,경기도 연천군 미산면 동이리 639번지,38.0200043000,126.9934865000,20181204,휴업
연천군,민영농장,닭,육계,37000,11048,경기도 연천군 백학면 백두2길 99,경기도 연천군 백학면 두일리 165-1번지,38.0486121000,126.9154659000,20181204,운영
연천군,백령농장,닭,토종닭,0,11041,경기도 연천군 전곡읍 양연로 578,경기도 연천군 전곡읍 간파리 136-2번지,37.9566790000,127.0080704000,20181204,휴업
연천군,법곳농장2,닭,육계,88000,11046,경기도 연천군 미산면 청정로755번길 92,경기도 연천군 미산면 광동리 404-0,38.0441938000,126.9371615000,20181204,운영
연천군,비금양계장,닭,육계,0,11050,경기도 연천군 장남면 장백로330번길 137-55,경기도 연천군 장남면 원당리 324-6번지,37.9957279000,126.8839368000,20181204,휴업
연천군,산들농장,닭,산란계,19200,11043,경기도 연천군 왕징면 왕산로618번길 40-83,경기도 연천군 왕징면 동중리 235번지,38.0822795000,126.9685172000,20181204,운영
연천군,산유화농장,닭,육계,39500,11044,경기도 연천군 왕징면 유노로 338-205,경기도 연천군 왕징면 무등리 379번지,38.0611401000,126.9977315000,20181204,운영
연천군,산유화농장,닭,토종닭,0,11044,경기도 연천군 왕징면 유노로 338-205,경기도 연천군 왕징면 무등리 379번지,38.0611401000,126.9977315000,20181204,휴업
연천군,상녹수농장,닭,육계,0,11006,경기도 연천군 군남면 군남로 300,경기도 연천군 군남면 진상리 296-1번지,38.0743374000,127.0190879000,20181204,휴업
연천군,상도축산,닭,육계,0,11045,경기도 연천군 미산면 유노로 83-37,경기도 연천군 미산면 유촌리 85번지,38.0440048000,126.9970150000,20181204,휴업
연천군,상리농장,닭,육계,0,11009,경기도 연천군 연천읍 상리로4번길 66-86,경기도 연천군 연천읍 상리 3-1번지,38.1414900000,127.0848076000,20181204,휴업
연천군,서로도울농장,닭,육계,0,11046,경기도 연천군 미산면 노아로 711,경기도 연천군 미산면 아미리 344번지,38.0216188000,126.9606875000,20181204,휴업
연천군,서연농장,닭,산란계,12000,11043,경기도 연천군 왕징면 왕산로618번길 76-17,경기도 연천군 왕징면 동중리 213번지,38.0789187000,126.9672651000,20181204,운영
연천군,서울농장,닭,육계,0,11009,경기도 연천군 연천읍 와초길 34,경기도 연천군 연천읍 와초리 78번지,38.1418262000,127.0932492000,20181204,휴업
연천군,선형농장,닭,토종닭,28000,11050,경기도 연천군 장남면 장백로 160,경기도 연천군 장남면 원당리 1022번지,37.9815391000,126.8758896000,20181204,운영
연천군,설문메추리농장,메추리,,20000,11046,경기도 연천군 미산면 청정로755번길 326,경기도 연천군 미산면 광동리 455-2번지,38.0524998000,126.9365502000,20181204,운영
연천군,성진농장,닭,육계,51000,11050,경기도 연천군 장남면 장백로54번길 45,경기도 연천군 장남면 원당리 1170-1,37.9861153000,126.8674128000,20181204,운영
연천군,성호농장,닭,육계,46000,11048,경기도 연천군 백학면 백두2길 142,경기도 연천군 백학면 두일리 185-1번지,38.0521160000,126.9145161000,20181204,운영
연천군,소래연천농장,닭,토종닭,7000,11043,,경기도 연천군 왕징면 노동리 58,38.0663650000,126.9923753000,20181204,운영
연천군,송정숙,닭,토종닭,0,11050,경기도 연천군 장남면 장백로25번길 49,경기도 연천군 장남면 자작리 799번지,37.9911501000,126.8662424000,20181204,휴업
연천군,수목농장,닭,육계,0,11045,경기도 연천군 미산면 백동로19번길 192-1,경기도 연천군 미산면 백석리 500번지,38.0525304000,126.9646574000,20181204,휴업
연천군,승기농장,닭,육계,25000,11009,경기도 연천군 연천읍 상합길 5-149,경기도 연천군 연천읍 상리 695번지,38.1358306000,127.0566735000,20181204,운영
연천군,승은농장,닭,육계,53000,11009,경기도 연천군 연천읍 상합길 135,경기도 연천군 연천읍 상리 582-2,38.1410997000,127.0591413000,20181204,운영
연천군,신동섭,닭,육계,78000,11048,경기도 연천군 백학면 장백로631번길 244,경기도 연천군 백학면 전동리 565-1번지,38.0149216000,126.8881077000,20181204,운영
연천군,아람농장,닭,육계,58000,11048,,경기도 연천군 백학면 전동리 565,38.0149210000,126.8875497000,20181204,운영
연천군,아미농장,닭,육계,0,11046,경기도 연천군 미산면 청정로755번길 218,경기도 연천군 미산면 광동리 435번지,38.0468877000,126.9374325000,20181204,휴업
연천군,안골농장,닭,육계,0,11049,경기도 연천군 백학면 노곡로 367,경기도 연천군 백학면 노곡리 146번지,38.0140862000,126.9386346000,20181204,휴업
연천군,안일농장,닭,산란계,82000,11011,경기도 연천군 연천읍 동막로71번길 80,경기도 연천군 연천읍 동막리 331-5번지,38.0912209000,127.0955580000,20181204,운영
연천군,안일농장,닭,산란계,82000,11011,경기도 연천군 연천읍 동막로71번길 80,경기도 연천군 연천읍 동막리 331-5번지,38.0912209000,127.0955580000,20181204,운영
연천군,알토리농장,닭,산란계,15000,11045,경기도 연천군 미산면 청정로1003번길 286-63,경기도 연천군 미산면 백석리 725번지,38.0471938000,126.9557968000,20181204,운영
연천군,양원농장,닭,육계,20000,11040,경기도 연천군 전곡읍 양원로 287-16,경기도 연천군 전곡읍 양원리 282번지,37.9750989000,127.0341235000,20181204,운영
연천군,양원농장,닭,토종닭,20000,11040,경기도 연천군 전곡읍 양원로 62,경기도 연천군 전곡읍 양원리 932-27번지,37.9899303000,127.0234292000,20181204,운영
연천군,양평농장,닭,육계,0,11046,경기도 연천군 미산면 숭의전로227번길 212,경기도 연천군 미산면 아미리 517번지,38.0328687000,126.9542911000,20181204,휴업
연천군,에벤에셀농장,닭,육계,0,11050,경기도 연천군 장남면 장백로 502-100,경기도 연천군 장남면 원당리 270번지,38.0010054000,126.8820838000,20181204,휴업
연천군,연천농장,닭,산란계,9000,11010,경기도 연천군 연천읍 합내로854번길 401,경기도 연천군 연천읍 옥산리 180-1번지,38.1223250000,127.0889144000,20181204,운영
연천군,연천농장,닭,육계,0,11011,경기도 연천군 연천읍 동내로 26,경기도 연천군 연천읍 동막리 449-1번지,38.0869426000,127.0819426000,20181204,휴업
연천군,연천농장,닭,육계,0,11011,경기도 연천군 연천읍 동막로25번길 102,경기도 연천군 연천읍 동막리 500-6번지,38.0918062000,127.0837262000,20181204,휴업
연천군,영기농장,닭,육계,0,11045,경기도 연천군 미산면 마유로 254,경기도 연천군 미산면 백석리 48-8번지,38.0511383000,126.9821009000,20181204,휴업
연천군,영재농장,닭,육계,0,11009,경기도 연천군 연천읍 합내로 652-67,경기도 연천군 연천읍 와초리 386-1번지,38.1527736000,127.0782259000,20181204,휴업
연천군,올리농장,닭,육계,21000,11011,경기도 연천군 연천읍 동막로 170,경기도 연천군 연천읍 동막리 267-1번지,38.0871689000,127.1040562000,20181204,운영
연천군,왕림축산농장,닭,육계,0,11007,경기도 연천군 군남면 삼왕로 405,경기도 연천군 군남면 왕림리 531-1번지,38.0743383000,127.0494828000,20181204,휴업
연천군,왕징농장,닭,육계,0,11043,경기도 연천군 왕징면 유노로 399-52,경기도 연천군 왕징면 노동리 238번지,38.0653100000,126.9848431000,20181204,휴업
연천군,용인농장,닭,종계,0,11041,경기도 연천군 전곡읍 양연로548번길 82,경기도 연천군 전곡읍 간파리 173번지,37.9525438000,127.0084342000,20181204,휴업
연천군,원당리농장,닭,육계,0,11050,경기도 연천군 장남면 장백로259번길 53,경기도 연천군 장남면 원당리 713번지,37.9846450000,126.8823042000,20181204,휴업
연천군,원비팜농장,닭,육계,40000,11040,경기도 연천군 전곡읍 양연로1162번길 336,경기도 연천군 전곡읍 양원리 75번지,37.9855105000,127.0438945000,20181204,운영
연천군,원비팜농장,닭,육계,0,11008,경기도 연천군 군남면 오리골길 81,경기도 연천군 군남면 황지리 428번지,38.0357579000,127.0325887000,20181204,휴업
연천군,원일농장,닭,육계,0,11048,경기도 연천군 백학면 장백로683번길 43,경기도 연천군 백학면 전동리 345번지,38.0070059000,126.8916384000,20181204,휴업
연천군,원일농장(미산1),닭,육계,34000,11045,경기도 연천군 미산면 백동로49번길 33,경기도 연천군 미산면 백석리 508번지,38.0547825000,126.9642916000,20181204,운영
연천군,원일농장(미산2),닭,육계,0,11045,경기도 연천군 미산면 백동로19번길 133-63,경기도 연천군 미산면 백석리 830-1번지,38.0474220000,126.9641816000,20181204,휴업
연천군,유성농장,닭,육계,0,11048,경기도 연천군 백학면 백두2길 99-1,경기도 연천군 백학면 두일리 165-4번지,38.0476397000,126.9161620000,20181204,휴업
연천군,유월농장,닭,산란계,83000,11007,경기도 연천군 군남면 삼왕로 435,경기도 연천군 군남면 왕림리 524-2번지,38.0719776000,127.0501992000,20181204,운영
연천군,유촌농장,닭,육계,21000,11045,경기도 연천군 미산면 유노로 83-85,경기도 연천군 미산면 유촌리 73-2번지,38.0419507000,126.9961836000,20181204,운영
연천군,유환농장,닭,산란계,28000,11045,경기도 연천군 미산면 마유로143번길 179-84,경기도 연천군 미산면 백석리 293번지,38.0444503000,126.9681476000,20181204,운영
연천군,유환농장2,닭,산란계,6000,11045,경기도 연천군 미산면 마유로143번길 179-84,경기도 연천군 미산면 백석리 293번지,38.0444503000,126.9681476000,20181204,운영
연천군,윤순애농장,닭,육계,0,11046,경기도 연천군 미산면 노아로 713,경기도 연천군 미산면 아미리 352,38.0217807000,126.9601294000,20181204,휴업
연천군,은광농장,닭,산란계,62000,11049,경기도 연천군 백학면 노아로 533-19,경기도 연천군 백학면 구미리 63번지,38.0060608000,126.9629622000,20181204,운영
연천군,은행나무농장,닭,육계,16000,11040,경기도 연천군 전곡읍 양원로 261,경기도 연천군 전곡읍 양원리 274번지,37.9761532000,127.0330086000,20181204,운영
연천군,이한무농장,닭,육계,38000,11011,경기도 연천군 연천읍 동막로 214,경기도 연천군 연천읍 동막리 261-29번지,38.0877775000,127.1086394000,20181204,운영
연천군,인천농장,닭,육계,18500,11048,경기도 연천군 백학면 백왕로225번길 24,경기도 연천군 백학면 석장리 424번지,38.0521160000,126.9275157000,20181204,운영
연천군,임진농장,닭,육계,0,11009,경기도 연천군 연천읍 합내로 561,경기도 연천군 연천읍 와초리 605-1,38.1578757000,127.0733934000,20181204,휴업
연천군,자작농장,닭,육계,0,11050,경기도 연천군 장남면 장백로25번길 49,경기도 연천군 장남면 자작리 799번지,37.9911501000,126.8662424000,20181204,휴업
연천군,장남농장,닭,육계,0,11050,경기도 연천군 장남면 장백로54번길 23,경기도 연천군 장남면 원당리 1169-1번지,37.9869000000,126.8681626000,20181204,휴업
연천군,장남농장,닭,종계,0,11050,경기도 연천군 장남면 장백로54번길 23,경기도 연천군 장남면 원당리 1169-1번지,37.9869000000,126.8681626000,20181204,휴업
연천군,장닭농장,닭,육계,0,11049,경기도 연천군 백학면 노아로 184-16,경기도 연천군 백학면 학곡리 574번지,37.9852026000,126.9382727000,20181204,휴업
연천군,재환농장,닭,육계,0,11011,경기도 연천군 연천읍 동내로 328,경기도 연천군 연천읍 동막리 246-7번지,38.0910825000,127.1100576000,20181204,휴업
연천군,정원농장,닭,육계,0,11009,경기도 연천군 연천읍 상합길 5-145,경기도 연천군 연천읍 상리 691-3번지,38.1357409000,127.0558636000,20181204,휴업
연천군,정환농장,닭,육계,66000,11008,경기도 연천군 군남면 남계로 90-87,경기도 연천군 군남면 남계리 1229번지,38.0266414000,127.0293391000,20181204,운영
연천군,제일농장,닭,육계,23000,11045,경기도 연천군 미산면 마유로126번길 105,경기도 연천군 미산면 백석리 61번지,38.0471463000,126.9769526000,20181204,운영
연천군,주환농장,닭,육계,39000,11049,경기도 연천군 백학면 노곡로 187-27,경기도 연천군 백학면 노곡리 478,37.9997579000,126.9321803000,20181204,운영
연천군,진양농원,닭,토종닭,2000,11044,경기도 연천군 미산면 청정로1632번길 285-90,경기도 연천군 미산면 우정리 708,38.0293922000,127.0055356000,20181204,운영
연천군,진양농장,닭,백세미,60000,11045,경기도 연천군 미산면 마유로126번길 53,경기도 연천군 미산면 백석리 102번지,38.0495875000,126.9757327000,20181204,운영
연천군,진흥농장,닭,육계,0,11044,경기도 연천군 왕징면 왕산로 193-130,경기도 연천군 왕징면 무등리 438번지,38.0695816000,126.9981525000,20181204,휴업
연천군,창준농장,닭,육계,57000,11022,경기도 연천군 청산면 순욱길 121,경기도 연천군 청산면 대전리 200-1번지,38.0000920000,127.0980618000,20181204,운영
연천군,천계농장,닭,육계,0,11011,경기도 연천군 연천읍 샘골길 55-1,경기도 연천군 연천읍 동막리 421-1번지,38.0840321000,127.0827488000,20181204,휴업
연천군,청계농장,닭,육계,0,11018,경기도 연천군 연천읍 현문로 539,경기도 연천군 연천읍 고문리 183-1번지,38.0653049000,127.1221902000,20181204,휴업
연천군,청묵농장,닭,산란계,12000,11009,경기도 연천군 연천읍 상리로86번길 143-78,경기도 연천군 연천읍 상리 485번지,38.1384924000,127.0664966000,20181204,운영
연천군,최일웅,닭,토종닭,200,11022,경기도 연천군 청산면 순욱길 44-39,경기도 연천군 청산면 대전리 269-1번지,38.0079513000,127.0938362000,20181204,운영
연천군,태양농장,닭,산란계,0,11049,경기도 연천군 백학면 노아로 533-3,경기도 연천군 백학면 구미리 68번지,38.0066466000,126.9637134000,20181204,휴업
연천군,태영농장,닭,육계,18500,11015,경기도 연천군 연천읍 연천로285번길 127,경기도 연천군 연천읍 차탄리 30-2번지,38.1001120000,127.0702825000,20181204,운영
연천군,통현농장,닭,육계,0,11018,경기도 연천군 연천읍 현문로26번길 81,경기도 연천군 연천읍 통현리 273-4번지,38.0723587000,127.0793855000,20181204,휴업
연천군,평산골농장,닭,육계,0,11003,경기도 연천군 신서면 답곡로 140,경기도 연천군 신서면 답곡리 930-1번지,38.1909838000,127.0726149000,20181204,휴업
연천군,풍무골농장,닭,육계,0,11040,경기도 연천군 전곡읍 양원로231번길 56,경기도 연천군 전곡읍 양원리 127번지,37.9781257000,127.0351150000,20181204,휴업
연천군,풍산농장,닭,육계,0,11005,경기도 연천군 군남면 군남로 764-325,경기도 연천군 군남면 옥계리 359-1번지,38.1073281000,127.0525024000,20181204,휴업
연천군,풍산농장,닭,육계,0,11005,경기도 연천군 군남면 군남로 764-325,경기도 연천군 군남면 옥계리 359-1번지,38.1073281000,127.0525024000,20181204,휴업
연천군,풍천농장,닭,육계,62500,11009,경기도 연천군 연천읍 상리로86번길 143-44,경기도 연천군 연천읍 상리 519-1번지,38.1421588000,127.0669447000,20181204,운영
연천군,함께커농장,닭,육계,23000,11009,경기도 연천군 연천읍 합내로 700,경기도 연천군 연천읍 와초리 498-4번지,38.1485186000,127.0824996000,20181204,운영
연천군,해오름농장,닭,육계,44000,11017,경기도 연천군 연천읍 연천로101번길 88,경기도 연천군 연천읍 차탄리 113번지,38.0826698000,127.0716115000,20181204,운영
연천군,현효근농장,닭,육계,35000,11010,경기도 연천군 연천읍 합내로 1240,경기도 연천군 연천읍 옥산리 18-2,38.1316103000,127.1230850000,20181204,운영
연천군,황금농장,닭,육계,0,11025,경기도 연천군 전곡읍 통현길 130,경기도 연천군 전곡읍 신답리 244번지,38.0621106000,127.0863940000,20181204,휴업
연천군,황지리농장,닭,육계,20000,11007,경기도 연천군 군남면 댕골길 111,경기도 연천군 군남면 황지리 251-6번지,38.0503604000,127.0370379000,20181204,운영
연천군,효은농장,닭,육계,50000,11009,경기도 연천군 연천읍 상리로86번길 94-189,경기도 연천군 연천읍 상리 859-2번지,38.1458219000,127.0730054000,20181204,운영
오산시,명보농장,닭,육용종계,21500,18104,경기도 오산시 음양1길 38-31,경기도 오산시 서동 607번지,37.1466445000,127.0332055000,20181130,
오산시,육성농장,닭,육용종계,23000,18124,경기도 오산시 가장로 599-13,경기도 오산시 가장동 314-3번지,37.1591658000,127.0440068000,20181130,
오산시,은혜농장,닭,산란계,4000,18104,경기도 오산시 음양1길 38-22,경기도 오산시 벌음동 301번지,37.1454193000,127.0326423000,20181130,
용인시,강릉농장,닭,육계,30000,17142,,경기도 용인시 처인구 해곡동 84번지,37.1807214000,127.2743176000,20181206,
용인시,계성농장,닭,육계,55000,17172,경기도 용인시 처인구 백암면 덕평로26번길 109,경기도 용인시 처인구 백암면 백암리 72번지,37.1776169000,127.3784438000,20181206,
용인시,권일농장,닭,육계,36650,17123,경기도 용인시 처인구 남사면 방아로 49-38,경기도 용인시 처인구 남사면 방아리 169-8번지,37.1178972000,127.1686310000,20181206,
용인시,금수농장,닭,육계,41000,17134,경기도 용인시 처인구 이동읍 백옥대로260번길 32-8,경기도 용인시 처인구 이동읍 시미리 86-1번지,37.1618931000,127.2101572000,20181206,
용인시,금어농장,닭,육계,15000,17030,경기도 용인시 처인구 포곡읍 금어로430번길 24-24,경기도 용인시 처인구 포곡읍 금어리 327-2번지,37.2810486000,127.2551700000,20181206,
용인시,길상농장,닭,육계,27500,17175,경기도 용인시 처인구 원삼면 보개원삼로 2044-11,경기도 용인시 처인구 원삼면 두창리 149번지,37.1701209000,127.3295859000,20181206,
용인시,김기범,닭,육계,4000,17131,,경기도 용인시 처인구 이동읍 묵리 809번지,37.1927748000,127.2329024000,20181206,
용인시,김진성,닭,육계,40000,17118,경기도 용인시 처인구 남사면 천덕산로111번길 88,경기도 용인시 처인구 남사면 봉명리 617번지,37.1176494000,127.1194719000,20181206,
용인시,꼬꼬농장,닭,육계,50000,17175,경기도 용인시 처인구 원삼면 원양로442번길 203-15,경기도 용인시 처인구 원삼면 가재월리 281번지,37.1794752000,127.3223967000,20181206,
용인시,낙은농장,닭,산란계,20000,17045,경기도 용인시 처인구 낙은로 94-18,경기도 용인시 처인구 역북동 248번지,37.2443007000,127.1948745000,20181206,
용인시,남사농장,닭,육계,30000,17118,경기도 용인시 처인구 남사면 봉무로218번길 32,경기도 용인시 처인구 남사면 봉무리 152-1번지,37.1325359000,127.1578029000,20181206,
용인시,남산농장,닭,육계,100000,17123,경기도 용인시 처인구 이동읍 어진로 892,경기도 용인시 처인구 이동읍 어비리 321-11번지,37.1084557000,127.2027101000,20181206,
용인시,노동오리농장,오리,육계,3000,17173,,경기도 용인시 처인구 백암면 근곡리 산 36번지 7호,37.1813949000,127.3570889000,20181206,
용인시,놀부농장,닭,육계,35000,17182,경기도 용인시 처인구 백암면 삼백로 657,경기도 용인시 처인구 백암면 용천리 382-3번지,37.1297304000,127.3714775000,20181206,
용인시,농업회사법인 주식회사 다원팜,닭,산란계,360000,17183,경기도 용인시 처인구 백암면 옥산로 40-16,경기도 용인시 처인구 백암면 옥산리 476번지 4호 외1필지(476-7),37.1054891000,127.4056944000,20181206,
용인시,농업회사법인(주) 다원팜(유연지점),닭,산란계,63000,17170,경기도 용인시 처인구 원삼면 백원로 68-33,경기도 용인시 처인구 원삼면 독성리 50-4번지,37.1569554000,127.3267599000,20181206,
용인시,늘푸른유정란농장,닭,산란계,20000,17118,경기도 용인시 처인구 남사면 천덕산로111번길 88,경기도 용인시 처인구 남사면 봉명리 617번지,37.1176494000,127.1194719000,20181206,
용인시,대박농장,닭,육계,35000,17175,경기도 용인시 처인구 원삼면 가재월로69번길 61-12,경기도 용인시 처인구 원삼면 가재월리 799-2번지,37.1756449000,127.3160073000,20181206,
용인시,대박농장,닭,육계,50000,17182,경기도 용인시 처인구 백암면 삼백로 446-84,경기도 용인시 처인구 백암면 석천리 54번지,37.1105148000,127.3845587000,20181206,
용인시,대부농장,닭,육계,50000,17138,경기도 용인시 처인구 이동읍 묘봉로 171-26,경기도 용인시 처인구 이동읍 묘봉리 326번지,37.1313939000,127.2291828000,20181206,
용인시,대성농장,닭,육계,68000,17182,경기도 용인시 처인구 백암면 삼백로 485-1,경기도 용인시 처인구 백암면 석천리 376-2번지,37.1147653000,127.3739702000,20181206,
용인시,대성농장,닭,육계,60000,17037,경기도 용인시 처인구 모현읍 새래로 158-19,경기도 용인시 처인구 모현읍 초부리 688-1번지,37.2995675000,127.2538108000,20181206,
용인시,도승농장,닭,육계,59500,17179,경기도 용인시 처인구 백암면 박곡로58번길 186,경기도 용인시 처인구 백암면 박곡리 288-1번지,37.1637807000,127.3967153000,20181206,
용인시,돈희농장,닭,육계,79000,17137,경기도 용인시 처인구 이동읍 경기동로785번길 126-13,경기도 용인시 처인구 이동읍 송전리 1199번지,37.1365861000,127.2133520000,20181206,
용인시,두레농장,닭,산란계,9590,17169,경기도 용인시 처인구 원삼면 문촌로224번길 22-55,경기도 용인시 처인구 원삼면 문촌리 361-4번지,37.1671748000,127.2912589000,20181206,
용인시,만덕농장,닭,육계,45000,17168,경기도 용인시 처인구 원삼면 문촌로 71,경기도 용인시 처인구 원삼면 독성리 산152-2번지,37.1592814000,127.3058078000,20181206,
용인시,명바위농산,오리,육계,13000,17169,,경기도 용인시 처인구 원삼면 문촌리 55번지 2호,37.1527547000,127.3035079000,20181206,
용인시,밀알농장,닭,산란계,140000,17168,경기도 용인시 처인구 원삼면 원양로124번길 32-3,경기도 용인시 처인구 원삼면 고당리 150번지 6호 외 3필지,37.1728906000,127.3114470000,20181206,
용인시,백암농장,오리,오리,5000,17163,경기도 용인시 처인구 양지면 평창로154번길 30,경기도 용인시 처인구 양지면 평창리 187번지,37.2348556000,127.3213682000,20181206,
용인시,백암농장,닭,육계,74500,17173,경기도 용인시 처인구 백암면 근곡로 135,경기도 용인시 처인구 백암면 근곡리 542-8번지,37.1802519000,127.3566670000,20181206,
용인시,보배농장,닭,육계,50000,17116,경기도 용인시 처인구 남사면 화곡로 113,경기도 용인시 처인구 남사면 창리 249번지,37.1519506000,127.1851626000,20181206,
용인시,뿌리농장,닭,육계,50000,17179,경기도 용인시 처인구 백암면 박곡로208번길 43,경기도 용인시 처인구 백암면 박곡리 175번지,37.1708390000,127.3984746000,20181206,
용인시,산에들에농장,닭,산란계,600,17142,,경기도 용인시 처인구 해곡동 109번지,37.1861420000,127.2797877000,20181206,
용인시,삼보축산,닭,육계,30000,17130,경기도 용인시 처인구 이동읍 시미곡로 11,경기도 용인시 처인구 이동읍 덕성리 1046번지,37.1636186000,127.2075387000,20181206,
용인시,삼원농장,닭,육계,25000,17180,경기도 용인시 처인구 백암면 고안로51번길 64-32,경기도 용인시 처인구 백암면 고안리 531-2번지,37.1351240000,127.4084737000,20181206,
용인시,상을농장,닭,육계,12000,17166,,경기도 용인시 처인구 원삼면 미평리 279번지,37.1846447000,127.3199748000,20181206,
용인시,새한농원,닭,육계,50000,17171,경기도 용인시 처인구 백암면 청강가창로210번길 15,경기도 용인시 처인구 백암면 가창리 185-1번지 홍성산업,37.1967789000,127.3678835000,20181206,
용인시,새한농원,닭,육계,50000,17171,경기도 용인시 처인구 백암면 청강가창로210번길 15,경기도 용인시 처인구 백암면 가창리 185-1번지,37.1967789000,127.3678835000,20181206,
용인시,샘말농장2,닭,육계,84000,17137,경기도 용인시 처인구 이동읍 경기동로785번길 164,경기도 용인시 처인구 이동읍 송전리 1223번지,37.1370363000,127.2185416000,20181206,
용인시,서리농장,닭,육계,50000,17127,경기도 용인시 처인구 이동읍 처인성로 1140,경기도 용인시 처인구 이동읍 서리 112번지,37.1866415000,127.1786578000,20181206,
용인시,선돌농장,닭,육계,21000,17121,경기도 용인시 처인구 남사면 완장천로 42-42,경기도 용인시 처인구 남사면 창리 477번지,37.1263145000,127.1739382000,20181206,
용인시,선진농장,닭,산란계,15000,17118,경기도 용인시 처인구 남사면 천덕산로111번길 88,경기도 용인시 처인구 남사면 봉명리 617번지,37.1176494000,127.1194719000,20181206,
용인시,설해농장,닭,육계,42000,17166,경기도 용인시 처인구 원삼면 미평로81번길 21,경기도 용인시 처인구 원삼면 미평리 77-1번지,37.1819738000,127.3280266000,20181206,
용인시,성민농장,닭,육계,26000,17179,경기도 용인시 처인구 백암면 박곡로216번길 20-35,경기도 용인시 처인구 백암면 박곡리 158-2번지,37.1724550000,127.4029081000,20181206,
용인시,성은농장,오리,육계,16000,17175,경기도 용인시 처인구 원삼면 가재월로69번길 67,경기도 용인시 처인구 원삼면 가재월리 792-5번지,37.1767234000,127.3170365000,20181206,
용인시,세례농장,닭,산란계,109800,17182,경기도 용인시 처인구 백암면 삼백로 414-17,경기도 용인시 처인구 백암면 석천리 170번지,37.1082622000,127.3788886000,20181206,
용인시,세례유정란농장,닭,산란계,13500,17169,경기도 용인시 처인구 원삼면 문촌로224번길 61,경기도 용인시 처인구 원삼면 문촌리 367번지 외1필지,37.1662255000,127.2888684000,20181206,
용인시,세진축산,닭,육계,35000,17039,경기도 용인시 처인구 한터로231번길 90,경기도 용인시 처인구 고림동 135-1번지,37.2588012000,127.2336215000,20181206,
용인시,세현농장,닭,육계,60000,17179,경기도 용인시 처인구 백암면 박곡로216번길 20-46,경기도 용인시 처인구 백암면 박곡리 163번지,37.1712316000,127.4023049000,20181206,
용인시,소현농장,닭,산란계,40000,17170,경기도 용인시 처인구 원삼면 어현로 84-22,경기도 용인시 처인구 원삼면 죽능리 749-1번지,37.1415653000,127.2993104000,20181206,
용인시,솔잎농장,닭,육계,76000,17137,경기도 용인시 처인구 이동읍 경기동로785번길 144,경기도 용인시 처인구 이동읍 송전리 1216외 1필지,37.1366705000,127.2165485000,20181206,
용인시,송화농장,닭,육계,102,17135,경기도 용인시 처인구 이동읍 경기동로751번길 114,경기도 용인시 처인구 이동읍 화산리 501-1번지 외 1필지,37.1406202000,127.2097165000,20181206,
용인시,수원농장,닭,육계,35000,17123,경기도 용인시 처인구 남사면 원암로 468,경기도 용인시 처인구 남사면 방아리 969-10번지,37.1013976000,127.1758845000,20181206,
용인시,스마일농장,닭,육계,57473,17126,경기도 용인시 처인구 이동읍 상덕로 95-26,경기도 용인시 처인구 이동읍 서리 859번지,37.2138327000,127.1610446000,20181206,
용인시,싱글벙글농장,닭,육계,85000,17126,,경기도 용인시 처인구 이동읍 서리 862번지,37.2142723000,127.1624312000,20181206,
용인시,씨알유정란농장,닭,산란계,17000,17170,경기도 용인시 처인구 원삼면 보개원삼로 1440,경기도 용인시 처인구 원삼면 목신리 215번지,37.1244808000,127.3102039000,20181206,
용인시,알찬유정란농장,닭,산란계,15000,17166,경기도 용인시 처인구 원삼면 맹리로127번길 21-1,경기도 용인시 처인구 원삼면 맹리 190번지,37.1987496000,127.3350595000,20181206,
용인시,양지농원,닭,산란계,6000,17161,경기도 용인시 처인구 양지면 남평로 39-1,경기도 용인시 처인구 양지면 양지리 493-34번지,37.2310525000,127.2899469000,20181206,
용인시,양지단비사슴농장,닭,육계,80,17163,경기도 용인시 처인구 양지면 도창로 137,경기도 용인시 처인구 양지면 평창리 552-2번지,37.2219678000,127.3191394000,20181206,
용인시,영곡양계장,닭,육계,40000,17181,경기도 용인시 처인구 백암면 원설로 254,경기도 용인시 처인구 백암면 근삼리 328번지,37.1449262000,127.3613085000,20181206,
용인시,예산농장,닭,산란계,15000,17170,경기도 용인시 처인구 원삼면 어현로 26-35,경기도 용인시 처인구 원삼면 죽능리 141번지,37.1357621000,127.3030918000,20181206,
용인시,옥산농장,닭,육계,60000,17183,,경기도 용인시 처인구 백암면 옥산리 925번지,37.0998499000,127.3972503000,20181206,
용인시,용인농장,닭,육계,45000,17126,경기도 용인시 처인구 이동읍 백자로 344-17,경기도 용인시 처인구 이동읍 서리 1077-1번지,37.1960548000,127.1863273000,20181206,
용인시,용인농장,닭,육계,40000,17131,경기도 용인시 처인구 이동읍 이원로80번길 22-8,경기도 용인시 처인구 이동읍 묵리 1050번지,37.1860811000,127.2129599000,20181206,
용인시,용인농장,닭,육계,40000,17180,경기도 용인시 처인구 백암면 고안로51번길 126-30,경기도 용인시 처인구 백암면 고안리 589번지,37.1393986000,127.4126608000,20181206,
용인시,우리농장,닭,산란계,5000,,,경기도 용인시 처인구 양지면 추계리 91-1번지외 1필지,37.2507714000,127.3331912000,20181206,
용인시,우진양계장,닭,육계,40000,17121,경기도 용인시 처인구 남사면 경기동로 460,경기도 용인시 처인구 남사면 창리 559번지,37.1385079000,127.1723787000,20181206,
용인시,율애농장,닭,육계,50000,17182,경기도 용인시 처인구 백암면 율애길 17,경기도 용인시 처인구 백암면 장평리 764번지,37.1139021000,127.3762499000,20181206,
용인시,의웅농장,닭,육계,40000,17134,경기도 용인시 처인구 이동읍 시미곡로 74,경기도 용인시 처인구 이동읍 시미리 64-1번지,37.1619766000,127.2138727000,20181206,
용인시,재복농장,닭,육계,40000,17175,경기도 용인시 처인구 원삼면 가재월로69번길 61-20,경기도 용인시 처인구 원삼면 가재월리 799-5번지,37.1750590000,127.3160612000,20181206,
용인시,재영농장,닭,산란계,8000,17022,경기도 용인시 처인구 포곡읍 옥현로45번길 130-36,경기도 용인시 처인구 포곡읍 삼계리 217-3번지,37.2921828000,127.2296747000,20181206,
용인시,점터농장,닭,육계,60000,17182,경기도 용인시 처인구 백암면 황새울로111번길 32,경기도 용인시 처인구 백암면 석천리 509-1번지,37.1106539000,127.3631383000,20181206,
용인시,정감농장,닭,산란계,20000,17169,경기도 용인시 처인구 원삼면 문촌로224번길 22-65,경기도 용인시 처인구 원삼면 문촌리 361-2번지,37.1678968000,127.2907888000,20181206,
용인시,정원축산,닭,산란계,200000,17179,경기도 용인시 처인구 백암면 박곡로58번길 209-17,경기도 용인시 처인구 백암면 박곡리 194-2번지,37.1654503000,127.4013063000,20181206,
용인시,종근농장,오리,육계,5000,17166,경기도 용인시 처인구 원삼면 미평로106번길 49,경기도 용인시 처인구 원삼면 미평리 280번지,37.1852019000,127.3205064000,20181206,
용인시,좋은농장,닭,육계,45000,17118,경기도 용인시 처인구 남사면 통삼로171번길 48,경기도 용인시 처인구 남사면 봉명리 197번지,37.1192579000,127.1238288000,20181206,
용인시,중말오리농장,오리,육계,7500,17167,경기도 용인시 처인구 원삼면 원양로291번길 83,경기도 용인시 처인구 원삼면 사암리 1045번지,37.1849216000,127.2964504000,20181206,
용인시,중선농원,닭,육계,5000,16801,경기도 용인시 수지구 고기로427번길 15,경기도 용인시 수지구 고기동 203번지,37.3588356000,127.0618031000,20181206,
용인시,지성농장,오리,육계,4000,17166,경기도 용인시 처인구 원삼면 죽양대로1626번길 58-17,경기도 용인시 처인구 원삼면 맹리 659번지 10호,37.1857270000,127.3391918000,20181206,
용인시,진흥농장,닭,육계,45000,17040,경기도 용인시 처인구 포곡로 15-8,경기도 용인시 처인구 유방동 163번지,37.2640508000,127.2111471000,20181206,
용인시,찬우농장,닭,육계,16000,17116,경기도 용인시 처인구 남사면 화곡로 193,경기도 용인시 처인구 남사면 창리 221번지,37.1586418000,127.1874865000,20181206,
용인시,천하축산,닭,육계,15000,17179,경기도 용인시 처인구 백암면 박곡로58번길 188-16,경기도 용인시 처인구 백암면 박곡리 288-2번지,37.1629527000,127.3964408000,20181206,
용인시,칠보농장,닭,육계,2000,17119,경기도 용인시 처인구 남사면 통삼로 282-104,경기도 용인시 처인구 남사면 통삼리 14번지 1호,37.1247289000,127.1389162000,20181206,
용인시,태영농장,닭,육계,35000,17123,경기도 용인시 처인구 남사면 전원로 138,경기도 용인시 처인구 남사면 방아리 298번지 태영농장,37.1182596000,127.1857119000,20181206,
용인시,평창농장,닭,육계,2300,17163,경기도 용인시 처인구 양지면 평창로154번길 54,경기도 용인시 처인구 양지면 평창리 181-1번지,37.2345546000,127.3227304000,20181206,
용인시,평촌오리농장,오리,육계,5000,17180,경기도 용인시 처인구 백암면 백봉로165번길 47,경기도 용인시 처인구 백암면 백봉리 1135번지 3호,37.1500643000,127.3809190000,20181206,
용인시,하나농장,닭,육계,13000,17135,경기도 용인시 처인구 이동읍 백옥대로 121-14,경기도 용인시 처인구 이동읍 화산리 658번지 1호,37.1493644000,127.2020747000,20181206,
용인시,한빛농장,닭,육계,28000,17123,경기도 용인시 처인구 이동읍 어진로670번길 183,경기도 용인시 처인구 이동읍 어비리 828번지,37.0946542000,127.1900758000,20181206,
용인시,한정농장,닭,육계,50000,17131,경기도 용인시 처인구 이동읍 이원로100번길 50,"경기도 용인시 처인구 이동읍 묵리 981-2번지 외 2필지(981-1,982-1)",37.1845838000,127.2188794000,20181206,
용인시,한창농장,닭,육계,54000,17181,경기도 용인시 처인구 백암면 삼백로828번길 72,경기도 용인시 처인구 백암면 근삼리 227-2번지,37.1434265000,127.3771716000,20181206,
용인시,해동유정란농장,닭,산란계,60000,17182,경기도 용인시 처인구 백암면 삼백로573번길 23,경기도 용인시 처인구 백암면 장평리 616-9번지 EQB,37.1215703000,127.3732833000,20181206,
용인시,행복농장,닭,산란계,12000,17166,경기도 용인시 처인구 원삼면 미평로106번길 50-12,경기도 용인시 처인구 원삼면 미평리 294-1번지,37.1853673000,127.3226468000,20181206,
용인시,현주농장,닭,육계,30000,17116,경기도 용인시 처인구 남사면 화곡로 287,경기도 용인시 처인구 남사면 창리 14번지,37.1561692000,127.1954395000,20181206,
용인시,형제농장,닭,육계,36500,17183,경기도 용인시 처인구 백암면 옥산로175번길 87-29,경기도 용인시 처인구 백암면 옥산리 산79-1번지,37.1140425000,127.4154719000,20181206,
용인시,혜민농장,닭,육계,27000,17174,경기도 용인시 처인구 백암면 석실로54번길 13,경기도 용인시 처인구 백암면 가좌리 356-5번지,37.1784232000,127.3410850000,20181206,
용인시,황새울농장,닭,육계,50000,17121,경기도 용인시 처인구 남사면 경기동로 456,경기도 용인시 처인구 남사면 창리 549번지,37.1390661000,127.1727401000,20181206,
용인시,희원농장,닭,육계,49140,17169,,경기도 용인시 처인구 원삼면 문촌리 542번지,37.1571439000,127.2884852000,20181206,
용인시,흰돌농장,닭,육계,20000,17130,경기도 용인시 처인구 이동읍 백옥대로 287-8,경기도 용인시 처인구 이동읍 덕성리 918번지 (외1필지(918-1)),37.1632804000,127.2051285000,20181206,
의왕시,왕곡농장,닭,산란계,1000,16070,,경기도 의왕시 왕곡동 453,37.3396230000,126.9802940000,20181203,
의정부시,김원식,닭,토종닭,35,11795,경기도 의정부시 동일로454번길 182-72,경기도 의정부시 신곡동 236번지,37.7270802000,127.0709070000,20181204,
의정부시,김화태,닭,토종닭,35,11767,경기도 의정부시 민락로560번길 36-16,경기도 의정부시 자일동 62-9번지,37.7699494000,127.1176924000,20181204,
의정부시,동훈농장,닭,토종닭,5,11800,경기도 의정부시 산곡로 129,경기도 의정부시 산곡동 172-4번지,37.7254898000,127.1112769000,20181204,
의정부시,여운천,닭,토종닭,45,11736,경기도 의정부시 시민로254번길 68,경기도 의정부시 신곡동 402-9번지,37.7327885000,127.0635296000,20181204,
의정부시,의정부교도소 직업훈련과,닭,육계,25500,11797,경기도 의정부시 송산로 1119-30,경기도 의정부시 고산동 829-5번지,37.7230953000,127.0914430000,20181204,
의정부시,이춘선,닭,토종닭,12,11796,경기도 의정부시 시민로 454-72,경기도 의정부시 용현동 205-5번지,37.7298294000,127.0814117000,20181204,
의정부시,최성규,닭,토종닭,80,11767,경기도 의정부시 민락로560번길 282,경기도 의정부시 자일동 30-4번지,37.7652652000,127.1238883000,20181204,
의정부시,하재문,닭,토종닭,30,11602,경기도 의정부시 버들로 52-42,경기도 의정부시 녹양동 199번지,37.7636044000,127.0247233000,20181204,
이천시,(주)이레농산,오리,오리,6000,17402,경기도 이천시 대월면 대월로557번길 39,경기도 이천시 대월면 구시리 457번지,37.2055289908,127.4968493819,20191203,
이천시,가산농장,닭,산란계,7000,,,경기도 이천시 부발읍 가산리 산 103-1,37.2518915960,127.5085135471,20191203,
이천시,경기농장,닭,육계,17600,,,경기도 이천시 부발읍 아미리 산 6-2,37.2644968180,127.4935365716,20191203,
이천시,계림농장,닭,산란계,41700,17309,경기도 이천시 백사면 원적로868번길 11,경기도 이천시 백사면 도립리 261번지,37.3405692784,127.4736281811,20191203,
이천시,광림농원,닭,산란계,600,17415,,경기도 이천시 장호원읍 선읍리 산 131,37.1386228146,127.5740374341,20191203,
이천시,광주축산,닭,육계,25000,17391,,경기도 이천시 율현동 277-1,37.2546916244,127.4412388490,20191203,
이천시,금산농장,닭,육계,20000,17384,경기도 이천시 마장면 중부대로533번길 42-19,경기도 이천시 마장면 표교리 산55-1번지,37.2576113736,127.3948586236,20191203,
이천시,금철농장,닭,육계,6000,17411,,경기도 이천시 설성면 장천리 77-1,37.1505661887,127.5342907843,20191203,
이천시,길농원,닭,육계,45000,17397,경기도 이천시 호법면 동산로 193,경기도 이천시 호법면 동산리 378번지,37.2036425846,127.4021039692,20191203,
이천시,농업회사법인 골드아이 유한회사,닭,산란계,90000,17413,경기도 이천시 설성면 진상미로264번길 251-61,경기도 이천시 설성면 행죽리 779-1번지,37.1151514747,127.5351570696,20191203,
이천시,농업회사법인 나래 주식회사,닭,산란계,250000,17414,경기도 이천시 장호원읍 나래천로509번길 336,경기도 이천시 장호원읍 나래리 553-2번지,37.1850938013,127.5878446890,20191203,
이천시,농업회사법인 한국양계티에스㈜,닭,종계,54000,17415,경기도 이천시 장호원읍 어석로 260,경기도 이천시 장호원읍 어석리 77-1번지,37.1104317890,127.5919501524,20191203,
이천시,농업회사법인(주)에버그린팜,닭,육계,61800,17413,경기도 이천시 설성면 설장로320번길 113-206,경기도 이천시 설성면 제요리 437-1번지,37.1211251988,127.5549012458,20191203,
이천시,농업회사법인(주)한농 이천지점,메추리,,510000,17423,경기도 이천시 율면 금율로672번길 143,경기도 이천시 율면 석산리 679번지,37.0638274481,127.5452098542,20191203,
이천시,농업회사법인조인㈜ 설성지점,닭,종계,49110,17412,경기도 이천시 설성면 원설로112번길 36,경기도 이천시 설성면 대죽리 776번지,37.1347653237,127.4646636814,20191203,
이천시,늘푸른농장,닭,산란계,83000,17424,경기도 이천시 율면 주래본죽로590번길 75-39,경기도 이천시 율면 본죽리 115-1번지,37.0734396385,127.5276236202,20191203,
이천시,대인농장,닭,산란계,30000,17405,경기도 이천시 부발읍 황무로1996번길 179-28,경기도 이천시 부발읍 가산리 427-38번지,37.2506930796,127.5043126083,20191203,
이천시,대일농장,닭,육계,50000,17402,경기도 이천시 대월면 대장로 616-70,경기도 이천시 대월면 구시리 35번지,37.2175569842,127.5077097257,20191203,
이천시,대풍농장,메추리,,160000,17415,경기도 이천시 장호원읍 경충대로519번길 245-96,경기도 이천시 장호원읍 선읍리 748번지,37.1391256409,127.5744013647,20191203,
이천시,대흥농장,닭,육계,82000,17343,경기도 이천시 대월면 대평로 27,경기도 이천시 대월면 대흥리 182,37.2290293393,127.4811033339,20191203,
이천시,덕기농장,닭,육계,55000,17388,경기도 이천시 마장면 작촌로 120-62,경기도 이천시 마장면 작촌리 260-2번지,37.2451628096,127.3410787031,20191203,
이천시,도봉농장,닭,산란계,28000,17300,,경기도 이천시 신둔면 도봉리 795번지 3호,37.3155470444,127.4507070221,20191203,
이천시,도춘농장,닭,육계,10000,17415,경기도 이천시 장호원읍 어석로48번길 309-15,경기도 이천시 장호원읍 어석리 산18번지,37.0907704113,127.6028655309,20191203,
이천시,동원양계장,닭,산란계,13500,17414,경기도 이천시 장호원읍 나래천로 96-35,경기도 이천시 장호원읍 와현리 473-5번지,37.1434056448,127.6017615208,20191203,
이천시,동원종계장,닭,종계,28800,17310,경기도 이천시 백사면 원적로568번길 222,경기도 이천시 백사면 신대리 363-5번지,37.3191811571,127.4593476933,20191203,
이천시,명성농장,닭,육계,65000,17397,경기도 이천시 호법면 동산로190번길 257,경기도 이천시 호법면 동산리 527-2번지,37.1936735699,127.4058245438,20191203,
이천시,미래농장,닭,육계,10000,17415,경기도 이천시 장호원읍 서동대로8369번길 229,경기도 이천시 장호원읍 대서리 543-1,37.1157677984,127.5655960540,20191203,
이천시,미래양계장,닭,육계,30000,17413,경기도 이천시 설성면 서동대로8183번길 281,경기도 이천시 설성면 제요리 713-10번지,37.1180147732,127.5455398381,20191203,
이천시,봉하농장,닭,육계,12000,17309,경기도 이천시 백사면 원적로801번길 225,경기도 이천시 백사면 송말리 624-2번지,37.3457127465,127.4762108142,20191203,
이천시,부영농장,닭,산란계,35000,17388,경기도 이천시 마장면 작촌로35번길 230,경기도 이천시 마장면 오천리 213번지,37.2423013304,127.3521895376,20191203,
이천시,부일농장,닭,산란계,22140,17414,경기도 이천시 장호원읍 나래천로352번길 259-8,경기도 이천시 장호원읍 와현리 52-5번지,37.1684581598,127.6063389118,20191203,
이천시,비에스팜,닭,산란계,78000,17405,,경기도 이천시 부발읍 가산리 429번지,37.2506107964,127.5045938457,20191203,
이천시,산성농장,닭,육계,30000,17423,,경기도 이천시 율면 산성리 178번지 3호,37.0515265612,127.5533737813,20191203,
이천시,삼진농장,닭,산란계,20000,17412,,경기도 이천시 설성면 대죽리 274번지,37.1381264538,127.4871820741,20191203,
이천시,상봉농장,닭,종계,16200,17409,경기도 이천시 설성면 설가로219번길 325-143,경기도 이천시 설성면 상봉리 481-1번지,37.1580090390,127.4988816261,20191203,
이천시,상지농장농업회사법인주식회사,닭,산란계,185000,17390,경기도 이천시 마장면 청강가창로 315-5,경기도 이천시 마장면 해월리 28-6번지,37.2036449879,127.3589501822,20191203,
이천시,상진농장,닭,종계,20550,17415,경기도 이천시 장호원읍 경충대로307번길 423-99,경기도 이천시 장호원읍 선읍리 481-2번지,37.1358461546,127.5780680833,20191203,
이천시,상현농장(1),닭,산란계,5000,17405,,경기도 이천시 부발읍 가산리 427번지 54호,37.2494751583,127.5046764857,20191203,
이천시,서경농장,닭,육계,73300,17408,,경기도 이천시 모가면 서경리 347번지 26호,37.1576523379,127.4826572419,20191203,
이천시,서울종계장,닭,종계,23350,17414,경기도 이천시 장호원읍 이풍로426번길 95-100,경기도 이천시 장호원읍 와현리 417번지 20호,37.1458498705,127.6030639397,20191203,
이천시,선미농장,닭,육계,33000,17412,경기도 이천시 설성면 진상미로924번길 121-26,경기도 이천시 설성면 수산리 275-1,37.1497091126,127.4992101322,20191203,
이천시,설성농장,닭,육계,65000,17411,경기도 이천시 설성면 진상미로582번길 96-24,경기도 이천시 설성면 장능리 170-33번지,37.1259554952,127.5249026575,20191203,
이천시,설성양계,닭,산란계,104000,17411,경기도 이천시 설성면 설성로240번길 190-9,경기도 이천시 설성면 장천리 188번지,37.1409261007,127.5380725571,20191203,
이천시,성대농장,오리,오리,6000,17401,경기도 이천시 대월면 대장로278번길 149-27,경기도 이천시 대월면 대대리 242번지,37.2156964240,127.4827654173,20191203,
이천시,성재농장,오리,오리,10000,17407,경기도 이천시 모가면 공원로249번길 86-52,경기도 이천시 모가면 원두리 165-1번지,37.1842040604,127.4672730724,20191203,
이천시,성지농장,닭,육계,42000,17309,경기도 이천시 백사면 원적로801번길 85-26,경기도 이천시 백사면 송말리 468번지,37.3441235530,127.4679851535,20191203,
이천시,솔잎농장,오리,오리,22000,17385,경기도 이천시 마장면 이장로 107-62,경기도 이천시 마장면 이치리 172-6번지,37.2622976425,127.3750197098,20191203,
이천시,송이농장(1),닭,육계,45700,17310,경기도 이천시 백사면 원적로532번길 135,경기도 이천시 백사면 신대리 413-3번지,37.3197143249,127.4542403349,20191203,
이천시,송이농장(2),닭,육계,16200,17310,경기도 이천시 백사면 원적로532번길 111,경기도 이천시 백사면 신대리 586번지,37.3210992433,127.4525676212,20191203,
이천시,송정농장,닭,육계,33000,17345,경기도 이천시 증신로248번길 148-22,경기도 이천시 송정동 39번지,37.2985709461,127.4485762366,20191203,
이천시,수광농장,닭,육계,200,17312,경기도 이천시 백사면 청백리로393번길 520-31,경기도 이천시 백사면 현방리 393-1번지,37.3343483404,127.4945434066,20191203,
이천시,승일농장,닭,육계,35000,17385,경기도 이천시 마장면 서이천로 271-12,경기도 이천시 마장면 이치리 298-3번지,37.2548873572,127.3847222629,20191203,
이천시,승희농장,닭,육계,30000,17423,경기도 이천시 율면 임오산로 86-46,경기도 이천시 율면 월포리 386-5번지,37.0939910816,127.5557054417,20191203,
이천시,신가네농장,닭,육계,45000,17310,경기도 이천시 백사면 원적로618번길 45,경기도 이천시 백사면 경사리 산88번지,37.3288261992,127.4559083021,20191203,
이천시,신영농장,닭,육계,76500,17317,,경기도 이천시 부발읍 고백리 210번지 1호,37.2981343466,127.5306465842,20191203,
이천시,신혁농장,닭,육계,65300,17410,경기도 이천시 설성면 설성로 321-6,경기도 이천시 설성면 암산리 산55-12번지,37.1547930884,127.5360652065,20191203,
이천시,신화농장,닭,육계,40000,17302,경기도 이천시 신둔면 원적로 248-58,경기도 이천시 신둔면 수하리 309번지,37.3157417162,127.4170455092,20191203,
이천시,양성농장(2),닭,산란계,7000,17397,경기도 이천시 호법면 동산로256번길 47-20,경기도 이천시 호법면 동산리 154-1번지,37.2049478222,127.4104128197,20191203,
이천시,연암종계,닭,종계,12200,17403,경기도 이천시 대월면 대평로255번길 42,경기도 이천시 대월면 부필리 424-1번지,37.2250007337,127.5052917535,20191203,
이천시,오뚜기농장,닭,육계,25000,17309,경기도 이천시 백사면 이여로 431-45,경기도 이천시 백사면 도립리 8번지,37.3339360553,127.4830425765,20191203,
이천시,오성꿩농장,꿩,꿩,15000,17414,경기도 이천시 장호원읍 나래천로352번길 223,경기도 이천시 장호원읍 와현리 42-20번지,37.1683428940,127.6041987806,20191203,
이천시,온누리농장,닭,육계,30000,17413,경기도 이천시 설성면 신암로105번길 112,경기도 이천시 설성면 신필리 257번지,37.1331258457,127.5454001378,20191203,
이천시,온새미로농원,닭,산란계,25,17415,경기도 이천시 장호원읍 설장로 665-116,경기도 이천시 장호원읍 선읍리 산142-18번지,37.1326229227,127.5812622580,20191203,
이천시,용수농장(1),닭,육계,20000,17411,경기도 이천시 설성면 설성로 91-27,경기도 이천시 설성면 장천리 482번지,37.1391001188,127.5232034524,20191203,
이천시,용수농장(2),닭,육계,35000,17411,,경기도 이천시 설성면 장천리 178번지 10호,37.1460946202,127.5408216092,20191203,
이천시,용진농장,오리,오리,65000,17413,경기도 이천시 설성면 설장로211번길 244,경기도 이천시 설성면 신필리 375-1번지,37.1405146434,127.5393977409,20191203,
이천시,우리숲,닭,육계,30000,17423,경기도 이천시 율면 금율로554번길 166,경기도 이천시 율면 산성리 474번지,37.0502756061,127.5491491511,20191203,
이천시,우리축산,닭,산란계,90000,17309,경기도 이천시 백사면 원적로 852,경기도 이천시 백사면 도립리 278-2번지,37.3404858127,127.4719575188,20191203,
이천시,우미농장,닭,육계,703000,17398,,경기도 이천시 호법면 송갈리 731번지 3호,37.1920340728,127.4363488207,20191203,
이천시,우미농장,닭,육계,71200,17398,경기도 이천시 호법면 송갈로100번길 112,경기도 이천시 호법면 송갈리 711-1번지,37.1973341777,127.4357934227,20191203,
이천시,우화농장,닭,산란계,7000,17422,경기도 이천시 장호원읍 서동대로8926번길 94-51,경기도 이천시 장호원읍 진암리 산39번지,37.1085979642,127.6229189259,20191203,
이천시,원두농장,닭,육계,40000,17407,경기도 이천시 모가면 진상미로1458번길 99-29,경기도 이천시 모가면 원두리 94-4번지,37.1889814223,127.4781590403,20191203,
이천시,원호농장(1),닭,육계,45000,17423,경기도 이천시 율면 금율로 638,경기도 이천시 율면 석산리 866번지,37.0575466307,127.5393751792,20191203,
이천시,원호농장(2),닭,육계,46000,17423,경기도 이천시 율면 금율로828번길 156-20,경기도 이천시 율면 오성리 840번지,37.0706079024,127.5461801844,20191203,
이천시,월포농장,닭,육계,40000,17423,,경기도 이천시 율면 월포리 749번지 7호,37.0755478642,127.5650400840,20191203,
이천시,유경농장,닭,육계,28000,17415,경기도 이천시 장호원읍 경충대로519번길 245-70,경기도 이천시 장호원읍 선읍리 750번지,37.1370119690,127.5736201672,20191203,
이천시,유천농장,닭,육계,30000,17382,경기도 이천시 마장면 마도로223번길 93-29,경기도 이천시 마장면 관리 990-2번지,37.2722673622,127.3498362358,20191203,
이천시,이동종계장,닭,종계,15000,17310,경기도 이천시 백사면 원적로532번길 121,경기도 이천시 백사면 신대리 422-2번지,37.3206254030,127.4539637386,20191203,
이천시,이천농장,닭,산란계,44000,17401,경기도 이천시 대월면 대장로278번길 150-32,경기도 이천시 대월면 대대리 268-2번지,37.2153097743,127.4780988180,20191203,
이천시,이천농장,닭,육계,19500,17391,,경기도 이천시 증일동 산 37번지 1통,37.2636344131,127.4276049128,20191203,
이천시,이천농장,닭,종계,18000,17402,경기도 이천시 대월면 양녕로51번길 31,경기도 이천시 대월면 군량리 620-5번지,37.1806151224,127.4969348570,20191203,
이천시,인광농장,닭,육계,25000,17401,경기도 이천시 대월면 대장로278번길 340-23,경기도 이천시 대월면 도리리 345번지,37.2083108581,127.4798235380,20191203,
이천시,자연애팜,닭,산란계,140000,17405,경기도 이천시 부발읍 황무로1996번길 121-14,경기도 이천시 부발읍 가산리 426번지,37.2488858296,127.5055404487,20191203,
이천시,장군농장,닭,육계,40000,17413,,경기도 이천시 설성면 제요리 29번지,37.1192349709,127.5659817696,20191203,
이천시,장능농장,닭,산란계,91000,17411,경기도 이천시 설성면 진상미로582번길 103-48,경기도 이천시 설성면 장능리 170-29번지,37.1259070848,127.5277042666,20191203,
이천시,장평농장,닭,육계,20000,17404,경기도 이천시 대월면 대평로 548-85,경기도 이천시 대월면 장평리 277번지,37.2105017026,127.5284810555,20191203,
이천시,정기농장,닭,산란계,36190,17424,경기도 이천시 율면 신추로95번길 387,경기도 이천시 율면 신추리 840-1번지,37.0915726310,127.5164334240,20191203,
이천시,정성농장,닭,육계,27000,17317,경기도 이천시 부발읍 두무재로79번길 24-217,경기도 이천시 부발읍 대관리 32-3번지,37.3031054920,127.5451411520,20191203,
이천시,창대농장,닭,종계,17500,17414,경기도 이천시 장호원읍 이풍로476번길 166,경기도 이천시 장호원읍 풍계리 862-2번지,37.1454878968,127.6104447763,20191203,
이천시,천왕농원,닭,산란계,36000,17423,경기도 이천시 율면 금율로554번길 166,경기도 이천시 율면 산성리 474번지,37.0502756061,127.5491491511,20191203,
이천시,천하축산,닭,종계,70000,17414,경기도 이천시 장호원읍 이풍로426번길 95-75,경기도 이천시 장호원읍 와현리 388-13번지,37.1475653572,127.6041468097,20191203,
이천시,청리농장,닭,육계,2500,17382,경기도 이천시 마장면 마도로169번길 107,경기도 이천시 마장면 관리 999번지,37.2694375643,127.3469483379,20191203,
이천시,춘하농장,닭,육계,30000,17308,경기도 이천시 사음로 74,경기도 이천시 사음동 279-4번지,37.3010222735,127.4187130108,20191203,
이천시,크로바농장,닭,산란계,25000,17421,경기도 이천시 장호원읍 경충대로141번길 71-18,경기도 이천시 장호원읍 진암리 360-76번지,37.1239883764,127.6088438453,20191203,
이천시,푸른농원,닭,산란계,10000,17414,경기도 이천시 장호원읍 경충대로597번길 158-117,경기도 이천시 장호원읍 이황리 산103-5번지,37.1571188976,127.5800641437,20191203,
이천시,풍계농장,닭,육계,50000,17414,,경기도 이천시 장호원읍 풍계리 682번지 17호,37.1642044349,127.6065077455,20191203,
이천시,풍한농장,닭,산란계,360000,17342,경기도 이천시 대월면 경충대로 1885-23,경기도 이천시 대월면 초지리 59-5번지,37.2351438557,127.5037363146,20191203,
이천시,한누리농장,닭,육계,18000,17404,경기도 이천시 대월면 대평로490번길 39-25,경기도 이천시 대월면 장평리 417-6번지,37.2130845727,127.5189343803,20191203,
이천시,한마음농장,닭,산란계,13500,17413,경기도 이천시 설성면 설장로 374-108,경기도 이천시 설성면 신필리 83번지,37.1241579990,127.5518175763,20191203,
이천시,한신종계장,닭,종계,25000,17309,경기도 이천시 백사면 원적로 833,경기도 이천시 백사면 도립리 244번지,37.3416573245,127.4696288273,20191203,
이천시,호현농장,닭,종계,20000,17414,경기도 이천시 장호원읍 이풍로426번길 95-49,경기도 이천시 장호원읍 와현리 388-4번지,37.1481235503,127.6060084728,20191203,
이천시,희망축산,닭,육계,100,17310,경기도 이천시 백사면 원적로618번길 300-82,경기도 이천시 백사면 신대리 291번지,37.3163797503,127.4614854515,20191203,
파주시,DMZ황금알농장,닭,산란계,1000,10800,,경기도 파주시 진동면 하포리 623번지,37.9237952000,126.8128895000,20181129,
파주시,가월농장,닭,산란계,48000,10803,경기도 파주시 적성면 칠중7길 240,경기도 파주시 적성면 가월리 198번지,37.9615710000,126.9106306000,20181129,
파주시,강현농장,닭,육계,20000,10801,경기도 파주시 적성면 장마루16길 346-38,경기도 파주시 적성면 답곡리 506번지,37.9494060000,126.8551131000,20181129,
파주시,고은농장,닭,산란계,6000,10951,,경기도 파주시 광탄면 창만리 499번지,37.7981131000,126.8559713000,20181129,
파주시,고창농장,닭,육계,300,10950,,경기도 파주시 조리읍 뇌조리 132번지 8호,37.7510878000,126.8146482000,20181129,
파주시,교하농장,닭,육계,1000,10864,경기도 파주시 장명산길 124-22,경기도 파주시 오도동 산 21번지,37.7497033000,126.7327628000,20181129,
파주시,구구농장,닭,산란계,25000,10804,경기도 파주시 적성면 산덕골길 108,경기도 파주시 적성면 장현리 42번지 2호,37.9879306000,126.9843726000,20181129,
파주시,구구양계장,닭,산란계,12000,10833,,경기도 파주시 파주읍 향양리 136번지,37.8566651000,126.8233341000,20181129,
파주시,구구파평농장,닭,산란계,52000,10801,경기도 파주시 파평면 파산서원길 215,경기도 파주시 파평면 덕천리 491번지 1호,37.9376286000,126.8533052000,20181129,
파주시,구자화농장,닭,육계,35000,10867,경기도 파주시 하지석길 270-66,경기도 파주시 하지석동 174번지 1호,37.7565034000,126.7480121000,20181129,
파주시,궂모닝농장,닭,육계,3500,10825,,경기도 파주시 법원읍 동문리 214번지 1호,37.8724370000,126.8602791000,20181129,
파주시,그린환경,닭,산란계,20000,10804,,경기도 파주시 적성면 객현리 187번지,37.9722104000,126.9551847000,20181129,
파주시,금양농장,닭,육계,2000,10833,경기도 파주시 파주읍 바리골길 305-29,경기도 파주시 파주읍 향양리 63번지 3호,37.8528016000,126.8243093000,20181129,
파주시,길농장,닭,육계,24000,10833,,경기도 파주시 문산읍 선유리 29번지 1호,37.8601366000,126.8193712000,20181129,
파주시,꼬끼촌,닭,육계,20000,10804,경기도 파주시 적성면 장뜰안길 58,경기도 파주시 적성면 장현리 227번지,37.9772883000,126.9724587000,20181129,
파주시,노재영부곡양계장,닭,산란계,20000,10839,경기도 파주시 파주읍 여울길 147,경기도 파주시 파주읍 부곡리 120번지 1호,37.8081124000,126.8286753000,20181129,
파주시,늘푸른청계농원,닭,산란계,550,10860,,경기도 파주시 탄현면 갈현리 347번지 1호,37.7706710000,126.7185446000,20181129,
파주시,당하리농장,닭,육계,20000,10866,,경기도 파주시 당하동 240번지 144호,37.7436151000,126.7458552000,20181129,
파주시,대가농장,닭,육계,150,10858,경기도 파주시 탄현면 새오리로 59-40,경기도 파주시 탄현면 성동리 193번지 1호,37.7896381000,126.6841866000,20181129,
파주시,대길농장,닭,육계,34000,10804,경기도 파주시 적성면 배우니안길 38-30,경기도 파주시 적성면 객현리 118번지,37.9680410000,126.9601036000,20181129,
파주시,대능축산,닭,육계,13000,10828,경기도 파주시 법원읍 오류골길 107-8,경기도 파주시 법원읍 대능리 10번지 5호,37.8420274000,126.8817528000,20181129,
파주시,대명농장,닭,육계,20000,10804,,경기도 파주시 적성면 장현리 213번지,37.9742350000,126.9757605000,20181129,
파주시,대명농장,닭,육계,8500,10806,,경기도 파주시 법원읍 금곡리 314번지,37.8854383000,126.8768051000,20181129,
파주시,대성농장,닭,육계,34303,10829,경기도 파주시 법원읍 둔방이길 236-39,경기도 파주시 법원읍 삼방리 177번지,37.8331899000,126.8825284000,20181129,
파주시,대한농장,닭,육계,60000,10809,경기도 파주시 파평면 배머리길 751-15,경기도 파주시 파평면 마산리 334번지 3호,37.8829684000,126.8526656000,20181129,
파주시,덕동양계,닭,산란계,17000,10955,경기도 파주시 광탄면 양천말길 131,경기도 파주시 광탄면 용미리 159번지 11호,37.7448147000,126.8813328000,20181129,
파주시,덕일농장,닭,산란계,22000,10801,경기도 파주시 파평면 술이홀로 1976-11,경기도 파주시 파평면 덕천리 1번지 2호,37.9360700000,126.9046108000,20181129,
파주시,두리농장,닭,육계,35000,10857,경기도 파주시 탄현면 오금로 23-24,경기도 파주시 탄현면 오금리 522번지 1호,37.8153596000,126.7118773000,20181129,
파주시,마정농장,닭,육계,20469,10808,경기도 파주시 문산읍 마정로 166-14,경기도 파주시 문산읍 마정리 915번지 2호,37.8922373000,126.7555938000,20181129,
파주시,마정토종닭,닭,육계,10,10808,,경기도 파주시 문산읍 마정리 597번지 2호,37.8979921000,126.7503219000,20181129,
파주시,만년농장,닭,산란계,110,10856,,경기도 파주시 야동동 750번지,37.7729742000,126.7529043000,20181129,
파주시,밤골농장,닭,산란계,1600,10846,경기도 파주시 탄현면 검산로519번길 46-56,경기도 파주시 탄현면 축현리 361번지 1호,37.8004482000,126.7264922000,20181129,
파주시,백운농장,닭,육계,52930,10804,,경기도 파주시 적성면 객현리 70번지,37.9605167000,126.9559660000,20181129,
파주시,베드로농장,닭,육계,2003,10808,,경기도 파주시 문산읍 마정리 67번지,37.8979921000,126.7677057000,20181129,
파주시,삼도농장,닭,육계,41413,10808,,경기도 파주시 문산읍 마정리 455번지 2호,37.8957374000,126.7577308000,20181129,
파주시,삼도농장,닭,육계,36516,10808,,경기도 파주시 문산읍 마정리 52번지 2호,37.8999051000,126.7692345000,20181129,
파주시,삼방농장,닭,육계,12000,10829,,경기도 파주시 법원읍 삼방리 230번지 2호,37.8329441000,126.8800524000,20181129,
파주시,삼성농장,닭,육계,2000,10807,경기도 파주시 법원읍 화합로 588-152,경기도 파주시 법원읍 갈곡리 2번지,37.8523855000,126.9344688000,20181129,
파주시,상훈농장,닭,산란계,30000,10804,경기도 파주시 적성면 어삼로182번길 76,경기도 파주시 적성면 어유지리 458번지,38.0048397000,126.9782314000,20181129,
파주시,새말농장,닭,산란계,30000,10860,경기도 파주시 탄현면 장릉로49번길 8,경기도 파주시 탄현면 갈현리 814번지 8호,37.7699503000,126.7148474000,20181129,TEXT
파주시,샘골농원,닭,산란계,4000,10952,,경기도 파주시 광탄면 마장리 298번지,37.7868409000,126.8700592000,20181129,
파주시,석태농장,닭,육계,25000,10818,,경기도 파주시 문산읍 사목리 93번지,37.8781335000,126.7622561000,20181129,
파주시,선화농장,닭,육계,13000,10808,,경기도 파주시 문산읍 장산리 164번지,37.9010688000,126.7792818000,20181129,
파주시,성공오리농장,오리,,18727,10804,,경기도 파주시 적성면 장현리 30번지,37.9845343000,126.9849882000,20181129,
파주시,성수농장,닭,육계,30000,10954,,경기도 파주시 광탄면 분수리 88번지,37.7573995000,126.8798937000,20181129,
파주시,성원농장,닭,육계,15000,10946,경기도 파주시 월롱면 통일로 1031-77,경기도 파주시 월롱면 덕은리 435번지,37.8013630000,126.7895066000,20181129,
파주시,세명농장,오리,,9000,10802,,경기도 파주시 적성면 구읍리 341번지,37.9744559000,126.9254100000,20181129,
파주시,소래영농조합법인,닭,육계,50000,10955,경기도 파주시 광탄면 장지산로141번길 45,경기도 파주시 광탄면 용미리 133번지 11호,37.7470416000,126.8828609000,20181129,
파주시,소래축산,닭,육계,29666,10955,경기도 파주시 광탄면 양천말길 185,경기도 파주시 광탄면 용미리 146번지,37.7462594000,126.8844733000,20181129,
파주시,소래축산,닭,육계,30000,10910,경기도 파주시 운정로 164,경기도 파주시 상지석동 543번지 2호,37.7197885000,126.7833438000,20181129,
파주시,소래축산,닭,육계,28000,10955,경기도 파주시 광탄면 장지산로141번길 22,경기도 파주시 광탄면 용미리 120번지 2호,37.7479788000,126.8830636000,20181129,
파주시,송도농장,닭,산란계,450,10807,경기도 파주시 법원읍 칡울길 101-46,경기도 파주시 법원읍 갈곡리 298번지,37.8548352000,126.9072981000,20181129,
파주시,송보농장,닭,육계,8000,10839,경기도 파주시 파주읍 매바위길 333-63,경기도 파주시 파주읍 백석리 396번지 2호,37.8120320000,126.8060900000,20181129,
파주시,송윤농장,닭,육계,250,10807,경기도 파주시 법원읍 칡울길 101-72,경기도 파주시 법원읍 갈곡리 304번지,37.8554657000,126.9070814000,20181129,
파주시,송현농장,닭,산란계,13000,10804,경기도 파주시 적성면 율곡로2663번길 126,경기도 파주시 적성면 장현리 362번지 3호,37.9875136000,126.9717943000,20181129,
파주시,수영농장,닭,육계,35000,10806,,경기도 파주시 법원읍 직천리 850번지,37.9067930000,126.9084363000,20181129,
파주시,수영농장,닭,육계,30000,10863,경기도 파주시 소라지로 138-59,경기도 파주시 연다산동 407번지,37.7388370000,126.7026360000,20181129,
파주시,신한농장,닭,산란계,80000,10804,경기도 파주시 적성면 서녘놀길 33-65,경기도 파주시 적성면 어유지리 339번지,37.9947319000,126.9806824000,20181129,
파주시,심현식,닭,육계,200,10867,경기도 파주시 방촌로 63,경기도 파주시 하지석동 450번지 1호,37.7544227000,126.7360137000,20181129,
파주시,아람농장,닭,육계,25000,10808,경기도 파주시 문산읍 장산로76번길 14-179,경기도 파주시 문산읍 장산리 104번지,37.8891307000,126.7742023000,20181129,
파주시,양호농장,닭,육계,50000,10952,경기도 파주시 광탄면 우랑길 185,경기도 파주시 광탄면 마장리 242번지 2호,37.7870853000,126.8710578000,20181129,
파주시,억수농장,닭,육계,20000,10836,경기도 파주시 파주읍 통일로1546번길 189,경기도 파주시 파주읍 봉서리 440번지,37.8463583000,126.7958189000,20181129,
파주시,영광농장,닭,육계,2600,10952,경기도 파주시 광탄면 보광로1128번길 41-41,경기도 파주시 광탄면 마장리 267번지 3호,37.7922857000,126.8727515000,20181129,
파주시,영광농장,닭,육계,15000,10948,경기도 파주시 광탄면 외화산길 499,경기도 파주시 광탄면 신산리 262번지 2호,37.7999236000,126.8418656000,20181129,
파주시,영광타조농장,타조,,11,10888,경기도 파주시 청석로 9,경기도 파주시 동패동 1344번지,37.7053759000,126.7286826000,20181129,
파주시,오두산전망대농장,닭,육계,400,10862,,경기도 파주시 탄현면 성동리 472번지,37.7837212000,126.6817146000,20181129,
파주시,오복농장,닭,산란계,5400,10952,경기도 파주시 광탄면 보광로1128번길 39-36,경기도 파주시 광탄면 마장리 249번지 13호,37.7891398000,126.8713380000,20181129,
파주시,오복농장,닭,산란계,1000,10841,경기도 파주시 문산읍 국사봉길 293,경기도 파주시 문산읍 내포리 710번지 1호,37.8297720000,126.7582673000,20181129,
파주시,온누리농장,닭,육계,1000,10848,경기도 파주시 노루마당길 148,경기도 파주시 검산동 28번지 2호,37.7865624000,126.7495663000,20181129,
파주시,온정농원,닭,산란계,30,10883,,경기도 파주시 서패동 437번지,37.7121493000,126.7020745000,20181129,
파주시,용미토종닭농장,닭,육계,800,10955,,경기도 파주시 광탄면 용미리 133번지 4호,37.7474579000,126.8846643000,20181129,
파주시,우농타조농장,타조,,50,10883,경기도 파주시 교하로 595-39 (동패동),경기도 파주시 동패동 614번지 2호,37.7056758000,126.7146880000,20181129,
파주시,우리농장,닭,육계,300,10818,경기도 파주시 문산읍 반구정로 232-64,경기도 파주시 문산읍 사목리 692번지,37.8786567000,126.7496491000,20181129,
파주시,우리농장,닭,육계,700,10839,경기도 파주시 파주읍 매바위길 333-63,경기도 파주시 파주읍 백석리 396번지 2호,37.8120320000,126.8060900000,20181129,
파주시,우성농장,닭,산란계,102,10849,,경기도 파주시 야동동 308번지 3호,37.7770588000,126.7587589000,20181129,
파주시,원담농장,닭,산란계,25000,10828,,경기도 파주시 법원읍 대능리 414번지 1호,37.8340808000,126.8575812000,20181129,
파주시,원흥농원,닭,육계,300,10955,,경기도 파주시 광탄면 용미리 산 85번지,37.7294027000,126.8846930000,20181129,
파주시,월롱축산,닭,산란계,30000,10947,경기도 파주시 월롱면 정문로487번길 183,경기도 파주시 월롱면 도내리 731번지 2호,37.7987013000,126.8080896000,20181129,
파주시,유원농장,닭,산란계,25000,10807,,경기도 파주시 법원읍 오현리 28번지 1호,37.8695516000,126.9402150000,20181129,
파주시,은행농장,닭,산란계,300,10838,경기도 파주시 파주읍 봉서산로 303-29,경기도 파주시 파주읍 봉암리 산 18번지 11호,37.8308283000,126.8076758000,20181129,
파주시,이은상,닭,육계,2000,10848,경기도 파주시 노루마당길 148,경기도 파주시 검산동 28번지,37.7866690000,126.7488735000,20181129,
파주시,이천농장,닭,육계,18000,10810,경기도 파주시 문산읍 배머리길 356,경기도 파주시 문산읍 이천리 23번지 1호,37.8724401000,126.8417534000,20181129,
파주시,이천농장,닭,육계,20000,10810,,경기도 파주시 문산읍 이천리 178번지 1호,37.8711928000,126.8388693000,20181129,
파주시,이화농장,닭,육계,20000,10807,,경기도 파주시 법원읍 오현리 572번지,37.8788288000,126.9215548000,20181129,
파주시,인왕축산,닭,육계,20069,10840,경기도 파주시 파주읍 약수길 216-62,경기도 파주시 파주읍 연풍리 52번지 1호,37.8197479000,126.8379497000,20181129,
파주시,일신농장,닭,육계,16484,10838,,경기도 파주시 파주읍 봉암리 446번지,37.8222731000,126.7941258000,20181129,
파주시,자연농장,닭,육계,2000,10830,,경기도 파주시 광탄면 창만리 6번지 2호,37.7987524000,126.8880797000,20181129,
파주시,장산농장Ⅰ,닭,육계,30000,10808,,경기도 파주시 문산읍 장산리 149번지 12호,37.8974582000,126.7803955000,20181129,
파주시,장산농장Ⅱ,닭,육계,25000,10808,,경기도 파주시 문산읍 장산리 157번지,37.8987109000,126.7806191000,20181129,
파주시,장수축산,닭,산란계,35315,10904,,경기도 파주시 동패동 56번지,37.7115405000,126.7456031000,20181129,
파주시,재림농장,닭,산란계,12000,10833,경기도 파주시 파주읍 성현안길 240-108,경기도 파주시 파주읍 향양리 135번지,37.8563037000,126.8226760000,20181129,
파주시,정일농장,닭,육계,16000,10880,경기도 파주시 지목로 151-2,경기도 파주시 신촌동 37번지,37.7312302000,126.7051283000,20181129,
파주시,제일농장,닭,산란계,20000,10804,,경기도 파주시 적성면 객현리 123번지,37.9702656000,126.9581790000,20181129,
파주시,제일농장,닭,육계,15700,10808,경기도 파주시 문산읍 마정로162번길 62,경기도 파주시 문산읍 마정리 478번지,37.8934593000,126.7583409000,20181129,
파주시,조산농장,닭,육계,20000,10950,경기도 파주시 조리읍 뇌조로178번길 46,경기도 파주시 조리읍 뇌조리 124번지 4호,37.7533134000,126.8205091000,20181129,
파주시,주식회사농업법인 파주,닭,육계,1200,10810,,경기도 파주시 문산읍 이천리 167번지 4호,37.8752151000,126.8418042000,20181129,
파주시,준수네 농장,닭,육계,100,10838,,경기도 파주시 파주읍 봉암리 309번지,37.8298627000,126.8013741000,20181129,
파주시,지원농장,닭,,150000,10830,경기도 파주시 광탄면 말구리길 82-26,경기도 파주시 광탄면 발랑리 217번지 1호,37.7986730000,126.8996951000,20181129,
파주시,진미농장,닭,육계,25000,10867,경기도 파주시 교하로 1342-2,경기도 파주시 교하동 520번지,37.7512268000,126.7411540000,20181129,
파주시,진흥농장,닭,육계,40000,10911,경기도 파주시 솔아래길 79-6,경기도 파주시 상지석동 712번지 진흥농장,37.7352858000,126.7789872000,20181129,
파주시,천마농장,닭,육계,15,10801,,경기도 파주시 적성면 답곡리 396번지,37.9482327000,126.8534771000,20181129,
파주시,청송농장,닭,산란계,15000,10801,경기도 파주시 파평면 청송로432번길 48-23,경기도 파주시 파평면 눌노리 35번지 2호,37.9284059000,126.8628668000,20181129,
파주시,청암농장,닭,육계,30000,10808,경기도 파주시 문산읍 장산로76번길 14-175,경기도 파주시 문산읍 장산리 105번지,37.8898795000,126.7747342000,20181129,
파주시,청원농장,닭,육계,40000,10801,경기도 파주시 적성면 장마루16길 343,경기도 파주시 적성면 답곡리 261번지,37.9513160000,126.8551434000,20181129,
파주시,청풍농장,닭,육계,1000,10951,경기도 파주시 광탄면 소라울2길 60-38,경기도 파주시 광탄면 창만리 439번지 4 호,37.7879202000,126.8607596000,20181129,
파주시,친환경우리농장,닭,육계,4000,10953,경기도 파주시 광탄면 보광로692번길 47,경기도 파주시 광탄면 영장리 193번지,37.7685947000,126.9047534000,20181129,
파주시,칠성농장,닭,육계,20000,10955,,경기도 파주시 광탄면 용미리 169번지,37.7401489000,126.8824749000,20181129,
파주시,탄현농장,닭,육계,60000,10858,경기도 파주시 탄현면 방촌로649번길 122,경기도 파주시 탄현면 금산리 산 60번지 1호,37.8007789000,126.7104925000,20181129,
파주시,토종닭농장,닭,육계,1500,10807,,경기도 파주시 법원읍 오현리 71번지 6호,37.8649654000,126.9394916000,20181129,
파주시,파랑새농장,닭,육계,1500,10800,,경기도 파주시 군내면 백연리 산 41번지,37.9032698000,126.7372395000,20181129,
파주시,파주농장,닭,육계,13000,10810,,경기도 파주시 문산읍 이천리 61번지,37.8763032000,126.8470075000,20181129,
파주시,파주정수농장,닭,산란계,0,10954,경기도 파주시 광탄면 혜음로 856,경기도 파주시 광탄면 분수리 299번지,37.7618101000,126.8602308000,20181129,
파주시,파평산토종닭농장,닭,육계,1500,10801,,경기도 파주시 파평면 덕천리 산 259번지 9호,37.9300197000,126.8986929000,20181129,
파주시,풍산농장,닭,육계,20000,10818,,경기도 파주시 문산읍 사목리 93번지,37.8781335000,126.7622561000,20181129,
파주시,풍원농장,닭,육계,25454,10818,경기도 파주시 문산읍 통일로2033번길 146,경기도 파주시 문산읍 사목리 93번지 1호,37.8788004000,126.7623222000,20181129,
파주시,하마농장,닭,육계,100,10801,경기도 파주시 적성면 국사로 297,경기도 파주시 적성면 자장리 148번지,37.9610631000,126.8694957000,20181129,
파주시,해피농장,닭,육계,4000,10867,,경기도 파주시 하지석동 447번지 2호,37.7549802000,126.7355464000,20181129,
파주시,행복농장,닭,육계,36000,10808,,경기도 파주시 문산읍 장산리 153번지,37.8979628000,126.7804849000,20181129,
파주시,현수농장,닭,육계,3000,10838,경기도 파주시 파주읍 샛봉우재길 39-35,경기도 파주시 파주읍 봉암리 424번지,37.8231361000,126.7930330000,20181129,
파주시,현인농원,닭,육계,1000,10833,경기도 파주시 파주읍 우계로 213,경기도 파주시 파주읍 향양리 320번지 1호,37.8446917000,126.8118997000,20181129,
파주시,형제농장,닭,산란계,17055,10904,,경기도 파주시 동패동 57번지,37.7120994000,126.7457373000,20181129,
파주시,형제농장,닭,육계,25000,10847,경기도 파주시 상골길 104-43,경기도 파주시 맥금동 533번지 1호,37.7916953000,126.7283526000,20181129,
파주시,호경농장,오리,,500,10951,,경기도 파주시 광탄면 창만리 302번지 2호,37.7997288000,126.8660054000,20181129,
파주시,환희농장,닭,육계,27000,10808,,경기도 파주시 문산읍 장산리 107번지 9호,37.8898783000,126.7740976000,20181129,
파주시,황금농장,닭,산란계,13000,10951,경기도 파주시 광탄면 만장산로 300-39,경기도 파주시 광탄면 창만리 247번지 1호,37.7943373000,126.8704772000,20181129,
파주시,황토속,닭,육계,150,10951,,경기도 파주시 광탄면 창만리 1160번지 1호,37.8054789000,126.8528341000,20181129,
파주시,희망농장,닭,육계,30000,10946,경기도 파주시 월롱면 누현2길 76-13,경기도 파주시 월롱면 위전리 521번지 1호,37.7890315000,126.7959222000,20181129,
파주시,희망농장,닭,육계,500,10951,경기도 파주시 광탄면 만장산로 316,경기도 파주시 광탄면 창만리 248번지 5호,37.7960038000,126.8702585000,20181129,
평택시,(주)성주농업회사,닭,산란계,325000,18001,경기도 평택시 팽성읍 대추길 10,경기도 평택시 팽성읍 대사리 2번지 11호,36.9475300000,127.0853415000,20181130,
평택시,㈜영진,닭,닭,10000,17814,경기도 평택시 포승읍 원석정용소길 98,경기도 평택시 포승읍 석정리 583번지,36.9968481000,126.8904085000,20181130,
평택시,권영호,닭,산란계,90000,17970,경기도 평택시 현덕면 대안1길 61-41,경기도 평택시 현덕면 대안리 434-1번지,36.9468869000,126.9454358000,20181130,
평택시,김광현,닭,산란계,42000,17814,경기도 평택시 포승읍 석정로 218-33,경기도 평택시 포승읍 석정리 478번지,36.9999610000,126.8853822000,20181130,
평택시,김동철,닭,육계,45000,17963,경기도 평택시 포승읍 이대원로 180-23,경기도 평택시 포승읍 희곡리 479-1,36.9606029000,126.8773357000,20181130,
평택시,김득수,닭,산란계,60000,17926,경기도 평택시 오성면 숙성뜰길 97-27,경기도 평택시 오성면 숙성리 358번지,37.0035503000,126.9874003000,20181130,
평택시,김순도,닭,산란계,20000,17794,,경기도 평택시 청북읍 고잔리 1614번지,37.0543981000,126.9100202000,20181130,
평택시,김승민,닭,육계,20000,17963,경기도 평택시 포승읍 이대원로 180-21,경기도 평택시 포승읍 희곡리 450,36.9609087000,126.8767513000,20181130,
평택시,김애자,꿩,,4000,17980,경기도 평택시 팽성읍 두정1길 14,경기도 평택시 팽성읍 두정리 288번지,36.9402522000,127.0457299000,20181130,
평택시,김영남,닭,산란계,38000,17946,,경기도 평택시 현덕면 도대리 17-155,36.9653862000,126.9160800000,20181130,
평택시,김영부,닭,산란계,115000,17794,경기도 평택시 청북읍 청북중앙로 721-19,경기도 평택시 청북읍 고잔리 1665번지,37.0661500000,126.9014379000,20181130,
평택시,김영수,닭,육계,60000,17702,경기도 평택시 서탄면 마두길 59-360,경기도 평택시 서탄면 마두리 432-15,37.1051457000,127.0112293000,20181130,
평택시,김오동,닭,산란계,100000,17794,경기도 평택시 청북읍 청북중앙로 681-1,경기도 평택시 청북읍 고잔리 1661-12번지,37.0629842000,126.8979117000,20181130,
평택시,김용운,닭,닭,25000,17796,경기도 평택시 청북읍 한산길 367-38,경기도 평택시 청북읍 한산리 45-1번지,37.0655421000,126.9506312000,20181130,
평택시,김인순,닭,산란계,32000,17794,경기도 평택시 청북읍 고잔1길 35-20,경기도 평택시 청북읍 고잔리 135-1번지,37.0579845000,126.8993014000,20181130,
평택시,김인찬,닭,육계,50000,17704,경기도 평택시 서탄면 서탄2로 206-46,경기도 평택시 서탄면 사리 736,37.1178976000,127.0444796000,20181130,
평택시,김종선,닭,육계,48000,17927,경기도 평택시 오성면 강변로 970,경기도 평택시 오성면 창내리 165-2번지,36.9813830000,127.0247386000,20181130,
평택시,김중기,닭,산란계,60000,17794,경기도 평택시 청북읍 원목길 52,경기도 평택시 청북읍 고잔리 103-1번지,37.0575403000,126.8962440000,20181130,
평택시,김찬주,닭,육계,60000,17927,경기도 평택시 오성면 당거3길 48-12,경기도 평택시 오성면 당거리 18번지,36.9884403000,127.0061282000,20181130,
평택시,김창수,닭,산란계,60000,17794,경기도 평택시 청북읍 고잔1길 35-40,경기도 평택시 청북읍 고잔리 182-7번지,37.0572094000,126.8991001000,20181130,
평택시,김태한,닭,산란계,25000,17800,경기도 평택시 청북읍 현곡길 79-54,경기도 평택시 청북읍 삼계리 62-4번지,37.0464256000,126.9250481000,20181130,
평택시,김학주,닭,닭,120000,17702,경기도 평택시 서탄면 정문회화로 291-31,경기도 평택시 서탄면 회화리 266-2번지,37.0957570000,127.0064252000,20181130,
평택시,김학주,닭,닭,90000,17819,경기도 평택시 오성면 서동대로 2265,경기도 평택시 오성면 안화리 411-4번지,37.0123273000,126.9922863000,20181130,
평택시,김형민,닭,육계,35000,17945,,경기도 평택시 현덕면 화양리 산 179번지 2호,36.9771625000,126.9036339000,20181130,
평택시,김형일,닭,육계,55000,17951,경기도 평택시 포승읍 곡교길 125-35,경기도 평택시 포승읍 도곡리 1068-5,37.0032656000,126.8515267000,20181130,
평택시,김희태,닭,산란계,240000,17818,경기도 평택시 오성면 오성북로 277-22,경기도 평택시 오성면 양교리 281-2,37.0274637000,126.9814616000,20181130,
평택시,노병길,닭,육계,32000,17963,경기도 평택시 포승읍 이대원로 231,경기도 평택시 포승읍 희곡리 7-2번지,36.9652407000,126.8747229000,20181130,
평택시,노지영,닭,산란계,360000,17818,경기도 평택시 오성면 오성북로 277-14,경기도 평택시 오성면 양교리 281-3,37.0272114000,126.9814280000,20181130,
평택시,농업회사법인(주)양지바른,닭,산란계,660000,17924,경기도 평택시 고덕면 동고1길 17-114,경기도 평택시 고덕면 동고리 505-3번지,36.9949123000,127.0428735000,20181130,
평택시,농업회사법인(주)해오름양계,닭,산란계,120000,17818,경기도 평택시 오성면 오성북로 277-26,경기도 평택시 오성면 양교리 280-2,37.0278782000,126.9814615000,20181130,
평택시,농업회사법인양지부화장(주),닭,닭,90000,17818,경기도 평택시 오성면 양교1길 139,경기도 평택시 오성면 양교리 520-4번지,37.0272077000,126.9662338000,20181130,
평택시,농업회사법인인천축산주식회사,닭,토종닭,40000,17818,,경기도 평택시 오성면 양교리 278번지,37.0278513000,126.9823156000,20181130,
평택시,농업회사법인조인(주),닭,산란계,720000,17800,경기도 평택시 청북읍 고잔7길 69-94,경기도 평택시 청북읍 고잔리 1496-3번지,37.0323156000,126.8827137000,20181130,
평택시,류철섭,닭,육계,37000,17702,경기도 평택시 서탄면 마두길 59-234,경기도 평택시 서탄면 마두리 425-25번지,37.1060920000,127.0076182000,20181130,
평택시,문현명,닭,육계,40000,17723,경기도 평택시 삼남로 372,경기도 평택시 도일동 산152-1번지,37.0594899000,127.0947492000,20181130,
평택시,박근영,닭,육계,60000,17793,경기도 평택시 청북읍 어연길 111-33,경기도 평택시 청북읍 어연리 548-3번지,37.0412058000,126.9866283000,20181130,
평택시,박미애,닭,산란계,40000,17800,경기도 평택시 청북읍 삼계1길 89,경기도 평택시 청북읍 삼계리 산 32번지 4호,37.0458179000,126.9072991000,20181130,
평택시,박옥순,닭,산란계,43000,17789,경기도 평택시 고덕면 문곡길 91-15,경기도 평택시 고덕면 문곡리 294-1번지,37.0641207000,127.0095607000,20181130,
평택시,박용선,닭,닭,20000,17714,경기도 평택시 진위면 동부대로 69-24,경기도 평택시 진위면 가곡리 140-2번지,37.1095907000,127.0791153000,20181130,
평택시,박종규,닭,육계,100000,17813,경기도 평택시 포승읍 석정로 374-73,경기도 평택시 포승읍 홍원리 333-8번지,37.0071544000,126.8793602000,20181130,
평택시,박주철,닭,육계,80000,17927,경기도 평택시 오성면 신4리길 42-10,경기도 평택시 오성면 신리 68-7,37.0045499000,127.0223410000,20181130,
평택시,박흥수,닭,육계,50000,17927,경기도 평택시 오성면 창내뜰길 184-4,경기도 평택시 오성면 창내리 367-3번지,36.9872415000,127.0138448000,20181130,
평택시,배상기,닭,육계,50000,17738,경기도 평택시 장안외길 72-51,경기도 평택시 장안동 609-1번지,37.0601536000,127.0867786000,20181130,
평택시,백형삼,닭,육계,65000,17963,경기도 평택시 포승읍 이대원로 231,경기도 평택시 포승읍 희곡리 7-2번지,36.9652407000,126.8747229000,20181130,
평택시,송근섭,닭,산란계,60000,17946,,경기도 평택시 현덕면 화양리 45-7,36.9705498000,126.9166917000,20181130,
평택시,신상우,닭,닭,24000,17814,경기도 평택시 포승읍 원석정용소길 98-19,경기도 평택시 포승읍 석정리 592번지,36.9961832000,126.8923867000,20181130,
평택시,안도원,닭,산란계,60000,18001,,경기도 평택시 팽성읍 대사리 산 10번지,36.9434702000,127.0791964000,20181130,
평택시,안병전,닭,토종닭,60000,17796,경기도 평택시 청북읍 원율북로 179,경기도 평택시 청북읍 한산리 228-20,37.0667015000,126.9669344000,20181130,
평택시,안서운,닭,육계,50000,17814,경기도 평택시 포승읍 원석정용소길 75-17,경기도 평택시 포승읍 석정리 580-1번지,36.9974329000,126.8894416000,20181130,
평택시,양윤희,닭,산란계,68500,17813,경기도 평택시 포승읍 외원길 33-93,경기도 평택시 포승읍 홍원리 82-8번지,37.0187962000,126.8883535000,20181130,
평택시,오인근,닭,토종닭,1000,17929,경기도 평택시 안중읍 삼정길 134-345,경기도 평택시 안중읍 삼정리 384-8번지,36.9717487000,126.9729086000,20181130,
평택시,원유용,닭,육계,20000,17924,경기도 평택시 고덕면 효학길 131-27,경기도 평택시 고덕면 궁리 518-8번지,37.0137125000,127.0289840000,20181130,
평택시,유귀섭,닭,육계,30000,17700,경기도 평택시 서탄면 서탄1로 261,경기도 평택시 서탄면 마두리 109-2번지,37.1126694000,127.0124227000,20181130,
평택시,유해정,닭,산란계,171000,17793,경기도 평택시 청북읍 백봉길 372-52,경기도 평택시 청북읍 어연리 462-15번지,37.0459280000,126.9928999000,20181130,
평택시,윤경숙,닭,육계,40000,17878,경기도 평택시 평남로 576-37,경기도 평택시 합정동 242-1번지,36.9805775000,127.1022018000,20181130,
평택시,이명숙,닭,산란계,55000,17815,,경기도 평택시 안중읍 성해리 80번지,,,20181130,
평택시,이명옥,오리,,10000,17814,,경기도 평택시 포승읍 석정리 산 165번지 4호,36.9951252000,126.8884115000,20181130,
평택시,이범식,기러기,,1000,17961,경기도 평택시 포승읍 재촌안길 7-37,경기도 평택시 포승읍 내기리 445번지,36.9736075000,126.8631079000,20181130,
평택시,이수원,닭,육계,50000,17818,경기도 평택시 오성면 양교길 148-24,경기도 평택시 오성면 양교리 814-1번지,37.0249888000,126.9595145000,20181130,
평택시,이윤갑,닭,산란계,18000,17926,경기도 평택시 오성면 숙성3길 28-66,경기도 평택시 오성면 숙성리 715-20번지,36.9987166000,126.9684830000,20181130,
평택시,이윤익,닭,닭,35000,17964,경기도 평택시 포승읍 한유지길 71-9,경기도 평택시 포승읍 도곡리 8-2번지,36.9917147000,126.8751953000,20181130,
평택시,이인자,닭,육계,3200,17963,경기도 평택시 포승읍 충열길 14-11,경기도 평택시 포승읍 희곡리 46-4번지,36.9691022000,126.8709657000,20181130,
평택시,이종삼,닭,산란계,100000,17794,경기도 평택시 청북읍 청북중앙로 661-23,경기도 평택시 청북읍 고잔리 1659-4,37.0638465000,126.8949421000,20181130,
평택시,이종원,닭,산란계,50000,17704,경기도 평택시 서탄면 수월암리 산49-6,경기도 평택시 서탄면 수월암리 산49-6,37.1280250000,127.0353880000,20181130,
평택시,임강빈,닭,산란계,58000,17814,경기도 평택시 포승읍 새원길 99,경기도 평택시 포승읍 석정리 465번지,37.0034930000,126.8852420000,20181130,
평택시,임재수,닭,산란계,60000,17814,경기도 평택시 포승읍 석정로 218-17,경기도 평택시 포승읍 석정리 477-2번지,36.9997432000,126.8838547000,20181130,
평택시,장혁수,닭,오리,13000,17789,경기도 평택시 고덕면 용소금각로 364,경기도 평택시 고덕면 문곡리 822-1번지,37.0723476000,127.0015888000,20181130,
평택시,정규경,닭,육계,80000,17790,경기도 평택시 청북읍 율북로 232-31,경기도 평택시 청북읍 율북리 160-1번지,37.0689319000,126.9904568000,20181130,
평택시,정봉수,닭,육계,60000,17814,경기도 평택시 포승읍 석정로 58-52,경기도 평택시 포승읍 석정리 1205-4번지,36.9876309000,126.8819416000,20181130,
평택시,정재엽,닭,육계,70000,17927,경기도 평택시 오성면 창내뜰길 184-5,경기도 평택시 오성면 창내리 367-4번지,36.9867999000,127.0138448000,20181130,
평택시,정찬붕,닭,육계,90000,17927,경기도 평택시 오성면 창내뜰길 184,경기도 평택시 오성면 창내리 133-35번지,36.9890796000,127.0138676000,20181130,
평택시,정학재,닭,산란계,35000,17925,경기도 평택시 오성면 길음1길 21-3,경기도 평택시 오성면 길음리 280-14번지,36.9894894000,126.9677346000,20181130,
평택시,정회정,닭,육계,35000,17705,경기도 평택시 진위면 야막길 46-62,경기도 평택시 진위면 야막리 118-3번지,37.1275861000,127.0608132000,20181130,
평택시,조동현,닭,육계,60000,17925,경기도 평택시 오성면 길음3길 73-32,경기도 평택시 오성면 길음리 206,36.9807483000,126.9652115000,20181130,
평택시,조성우,닭,산란계,25500,17876,경기도 평택시 월곡길 104-45,경기도 평택시 월곡동 273-1번지,37.0197700000,127.1420776000,20181130,
평택시,조이종,닭,육계,40000,17821,경기도 평택시 고덕면 방축3길 85,경기도 평택시 고덕면 방축리 271번지,37.0209343000,127.0453706000,20181130,
평택시,최완희,닭,토종닭,30000,17800,경기도 평택시 청북읍 청북서로 60-19,경기도 평택시 청북읍 삼계리 430,37.0439604000,126.9057727000,20181130,
평택시,최칠용,닭,육계,30000,17703,경기도 평택시 서탄면 수월암4길 82-17,경기도 평택시 서탄면 수월암리 302번지,37.1288940000,127.0326133000,20181130,
평택시,한우진,닭,닭,68000,17794,경기도 평택시 청북읍 청북중앙로 669-64,경기도 평택시 청북읍 고잔리 1647번지,37.0696458000,126.9011859000,20181130,
평택시,한우진,닭,산란계,68000,17821,경기도 평택시 고덕면 고덕로 36-55,경기도 평택시 고덕면 해창리 154-1번지,37.0250489000,127.0240431000,20181130,
평택시,허근무,닭,육계,15000,17701,경기도 평택시 서탄면 서탄2로 29,경기도 평택시 서탄면 마두리 53번지,37.1103160000,127.0252819000,20181130,
평택시,황승준,닭,산란계,150000,17794,경기도 평택시 청북읍 청북중앙로 681-25,경기도 평택시 청북읍 고잔리 1661-4번지,37.0647855000,126.8970434000,20181130,
평택시,황중식,닭,산란계,44800,17794,경기도 평택시 청북읍 원목길 53,경기도 평택시 청북읍 고잔리 103-6번지,37.0577749000,126.8966821000,20181130,
포천시,-,닭,산란계,50000,11109,경기도 포천시 영북면 호국로3421번길 56,경기도 포천시 영북면 야미리 459번지,38.0444004000,127.2637018000,20181129,
포천시,-,닭,산란계,25000,11102,경기도 포천시 영북면 호국로4350번길 21-26,경기도 포천시 영북면 자일리 334번지,38.1144702000,127.2952859000,20181129,
포천시,-,닭,산란계,17500,11127,경기도 포천시 영중면 호국로 3369,경기도 포천시 영중면 성동리 359번지,38.0384826000,127.2631796000,20181129,
포천시,-,닭,육계,35000,11131,경기도 포천시 영중면 물안길 53,경기도 포천시 영중면 금주리 508번지 ((508)),37.9707381000,127.2612901000,20181129,
포천시,-,닭,육계,80,11188,경기도 포천시 내촌면 금강로2753번길 22-8,경기도 포천시 내촌면 소학리 172번지,37.8131516000,127.2551299000,20181129,
포천시,-,닭,육계,20,11102,경기도 포천시 영북면 호국로4350번길 154-151,경기도 포천시 영북면 자일리 5번지,38.1075255000,127.3089745000,20181129,
포천시,-,닭,육계,40,11121,경기도 포천시 일동면 정자골1길 86-93,경기도 포천시 일동면 길명리 107-5번지,37.9269127000,127.2904356000,20181129,
포천시,-,닭,육계,200,11136,경기도 포천시 신북면 삼성당4길 92-74,경기도 포천시 신북면 삼성당리 27번지,37.9607676000,127.2148855000,20181129,
포천시,-,닭,육계,34,11121,,경기도 포천시 일동면 길명리 691번지 1호,37.9302996000,127.2716015000,20181129,
포천시,-,닭,육계,25000,11164,경기도 포천시 가산면 마정로 57,경기도 포천시 가산면 마산리 308번지,37.8381693000,127.1821121000,20181129,
포천시,-,닭,육계,10000,11134,경기도 포천시 창수면 포천로2811번길 66,경기도 포천시 창수면 추동리 564번지,37.9981519000,127.1664367000,20181129,
포천시,-,닭,육계,30,11190,경기도 포천시 내촌면 작은넙고개길 77,경기도 포천시 내촌면 진목리 324-1번지,37.8091169000,127.2079443000,20181129,
포천시,-,닭,육계,20000,11113,경기도 포천시 이동면 화동로 1824-22,경기도 포천시 이동면 연곡리 798-2번지,38.0103724000,127.3687489000,20181129,
포천시,-,닭,육계,60,11183,경기도 포천시 소흘읍 소흘로 73,경기도 포천시 소흘읍 무봉리 235-13번지,37.8098656000,127.1388118000,20181129,
포천시,-,닭,육계,20000,11121,경기도 포천시 일동면 영일로534번길 75,경기도 포천시 일동면 길명리 668-1번지,37.9252712000,127.2721519000,20181129,
포천시,-,닭,육계,5000,11130,,경기도 포천시 영중면 영송리 165번지 1호,38.0032307000,127.2231256000,20181129,
포천시,153농장,닭,육계,25000,11111,경기도 포천시 이동면 성장로 1200,경기도 포천시 이동면 장암리 375번지,38.0247104000,127.3614173000,20181129,
포천시,LA농장,닭,육계,1000,11189,경기도 포천시 내촌면 소리개길 97,경기도 포천시 내촌면 내리 산6번지,37.7812028000,127.2383232000,20181129,
포천시,가나안농장,닭,육계,15000,11128,경기도 포천시 영중면 호국로 2908-67,경기도 포천시 영중면 양문리 569번지,38.0014542000,127.2510941000,20181129,
포천시,가농바이오(주),닭,산란계,246230,11166,경기도 포천시 가산면 마금길 151,경기도 포천시 가산면 우금리 618-6번지,37.8386205000,127.2092415000,20181129,
포천시,가람농장,닭,육계,35000,11167,경기도 포천시 가산면 정교2길 28-2,경기도 포천시 가산면 정교리 381번지,37.8181742000,127.1721376000,20181129,
포천시,가온농장,닭,산란계,264600,11134,경기도 포천시 창수면 가영로535번길 225,경기도 포천시 창수면 주원리 64번지,38.0141259000,127.1901008000,20181129,
포천시,가온농장,닭,산란계,270000,11134,경기도 포천시 창수면 가영로535번길 215,경기도 포천시 창수면 주원리 61-1번지,38.0143757000,127.1916274000,20181129,
포천시,감천종계(본농장),닭,산란계,30000,11136,경기도 포천시 신북면 포천로2721번길 148,경기도 포천시 신북면 고일리 343번지,37.9769559000,127.1710219000,20181129,
포천시,강포농장,닭,산란계,51700,11102,,경기도 포천시 영북면 자일리 341번지 1호,38.1151141000,127.2899290000,20181129,
포천시,거사리농장,닭,육계,0,11130,,경기도 포천시 영중면 거사리 400번지 2호,37.9978188000,127.2357693000,20181129,
포천시,경복농장,닭,육계,25000,11130,경기도 포천시 영중면 금화봉길 672-11,경기도 포천시 영중면 거사리 366번지,37.9941565000,127.2381029000,20181129,
포천시,경원농장,닭,육계,24000,11102,경기도 포천시 영북면 북원로 148-69,경기도 포천시 영북면 자일리 671번지,38.1162813000,127.2803094000,20181129,
포천시,경호농장,닭,산란계,40500,11102,경기도 포천시 영북면 호국로 4361-56,경기도 포천시 영북면 자일리 344-7번지,38.1151071000,127.2890966000,20181129,
포천시,계림농장,닭,산란계,15500,11134,경기도 포천시 창수면 옥수로214번길 102,경기도 포천시 창수면 주원리 35-6번지,38.0066464000,127.1967997000,20181129,
포천시,계림농장,닭,산란계,38000,11136,경기도 포천시 신북면 삼성당길 57,경기도 포천시 신북면 삼성당리 571번지,37.9499656000,127.1937494000,20181129,
포천시,계림농장,닭,육계,30000,11152,경기도 포천시 군내면 반월산성로375번길 88,경기도 포천시 군내면 상성북리 367번지,37.8868079000,127.2353511000,20181129,
포천시,계림농장,닭,육계,70000,11134,경기도 포천시 창수면 옥수로214번길 107-62,경기도 포천시 창수면 주원리 94-1번지,38.0098166000,127.1919345000,20181129,
포천시,고센농장,닭,육계,11000,11130,경기도 포천시 영중면 은잿말길 230-13,경기도 포천시 영중면 영송리 202번지,38.0053723000,127.2196593000,20181129,
포천시,관인양계장,닭,산란계,12000,11101,,경기도 포천시 관인면 초과리 143번지 2호,38.1503018000,127.2465437000,20181129,
포천시,광원농장,닭,산란계,30000,11134,경기도 포천시 창수면 옥수로 381,경기도 포천시 창수면 주원리 488번지,38.0134553000,127.1810235000,20181129,
포천시,군내농장,닭,육계,60000,11154,경기도 포천시 군내면 풍류산1길 26,경기도 포천시 군내면 구읍리 282-1번지,37.8800316000,127.2170181000,20181129,
포천시,근상농장,닭,산란계,23000,11134,경기도 포천시 창수면 옥수로214번길 124,경기도 포천시 창수면 주원리 27번지,38.0075127000,127.1959366000,20181129,
포천시,금동농장,닭,육계,40000,11136,경기도 포천시 신북면 포천로 2414,경기도 포천시 신북면 삼성당리 472-1번지,37.9646603000,127.1933550000,20181129,
포천시,낙영농장,닭,육계,11000,11167,경기도 포천시 가산면 너배기길 2,경기도 포천시 가산면 정교리 133번지,37.8222858000,127.1821078000,20181129,
포천시,남송농장,닭,육계,10000,11134,경기도 포천시 창수면 포천로2811번길 82,경기도 포천시 창수면 추동리 662번지,37.9977589000,127.1639653000,20181129,
포천시,너베기농장,닭,육계,50000,11167,경기도 포천시 가산면 정금로393번길 60,경기도 포천시 가산면 금현리 451-2번지,37.8255630000,127.1949392000,20181129,
포천시,노적농장,닭,육계,70000,11137,경기도 포천시 신북면 탑신로1125번길 87,경기도 포천시 신북면 금동리 127-1번지,37.9361066000,127.1289200000,20181129,
포천시,농업회사법인 (주)서림축산,닭,산란계,180000,11101,경기도 포천시 관인면 윗찬물길 66,경기도 포천시 관인면 탄동리 392번지,38.1547722000,127.2624515000,20181129,
포천시,농업회사법인 최연축산(주),닭,산란계,200000,11134,경기도 포천시 창수면 옥수로214번길 107,경기도 포천시 창수면 주원리 136-1번지,38.0083174000,127.1941624000,20181129,
포천시,농업회사법인(주)에스앤마니커 일동지점,닭,육계,52680,11121,경기도 포천시 일동면 영일로764번길 31,경기도 포천시 일동면 길명리 239번지,37.9377154000,127.2901820000,20181129,
포천시,늘푸른농장,닭,산란계,17000,11134,,경기도 포천시 창수면 주원리 55번지 8호,38.0133973000,127.1949613000,20181129,
포천시,늘푸른농장,오리,오리,2000,11134,,경기도 포천시 창수면 주원리 81번지,38.0117052000,127.1939890000,20181129,
포천시,능원농장,닭,육계,4000,11128,경기도 포천시 영중면 호국로 2916-85,경기도 포천시 영중면 양문리 528-1번지,38.0059884000,127.2498455000,20181129,
포천시,다랑골농장,닭,산란계,50000,11102,경기도 포천시 영북면 영북로238번길 165,경기도 포천시 영북면 자일리 494-2번지,38.1017841000,127.2848377000,20181129,
포천시,대명농장,닭,육계,70000,11135,경기도 포천시 창수면 가영로 82,경기도 포천시 창수면 가양리 422-1번지,37.9735738000,127.1967695000,20181129,
포천시,대붕농장,닭,산란계,50000,11152,경기도 포천시 군내면 반월산성로317번길 104-28,경기도 포천시 군내면 상성북리 242-1번지,37.8970002000,127.2384869000,20181129,
포천시,대성농장,닭,산란계,90000,11129,경기도 포천시 영중면 사은다리길 62,경기도 포천시 영중면 양문리 858-10번지,38.0070086000,127.2400682000,20181129,
포천시,대성농장,닭,산란계,220000,11102,경기도 포천시 영북면 호국로4350번길 136-87,경기도 포천시 영북면 자일리 51-3번지,38.1095867000,127.3027006000,20181129,
포천시,대성농장,닭,산란계,60000,11109,경기도 포천시 영북면 호국로3421번길 89,경기도 포천시 영북면 야미리 725-3번지,38.0468929000,127.2609879000,20181129,
포천시,대성농장,닭,육계,50000,11136,경기도 포천시 신북면 청신로 1763-46,경기도 포천시 신북면 심곡리 266번지,37.9436905000,127.1911052000,20181129,
포천시,대정농장,닭,육계,23000,11101,경기도 포천시 관인면 창동로1586번길 30-8,경기도 포천시 관인면 초과리 496번지,38.1424365000,127.2288135000,20181129,
포천시,대흥농장,닭,산란계,45000,11109,경기도 포천시 영북면 호국로3552번길 51-112,경기도 포천시 영북면 야미리 127번지,38.0555868000,127.2768215000,20181129,
포천시,대흥농장,닭,육계,12000,11109,경기도 포천시 영북면 호국로3552번길 51-44,경기도 포천시 영북면 야미리 130번지,38.0540910000,127.2769527000,20181129,
포천시,덕기농장,닭,육계,52,11188,경기도 포천시 내촌면 청군로2299번길 35,경기도 포천시 내촌면 신팔리 170번지,37.8474539000,127.2738456000,20181129,
포천시,두레,닭,산란계,50000,11109,경기도 포천시 영북면 호국로3497번길 94,경기도 포천시 영북면 야미리 727번지,38.0480924000,127.2603997000,20181129,
포천시,류씨농장,닭,산란계,25700,11102,경기도 포천시 영북면 호국로 4250,경기도 포천시 영북면 자일리 536-9번지,38.1056120000,127.2852059000,20181129,
포천시,만세농장,닭,산란계,39750,11139,경기도 포천시 신북면 호국로 2445,경기도 포천시 신북면 만세교리 61-4번지,37.9642373000,127.2467925000,20181129,
포천시,맑은햇살농장,닭,산란계,40000,11130,경기도 포천시 영중면 은잿말길 68-18,경기도 포천시 영중면 거사리 509번지,38.0039252000,127.2321338000,20181129,
포천시,맑음농장,닭,산란계,51300,11110,경기도 포천시 이동면 금강로 5863,경기도 포천시 이동면 도평리 374-2번지,38.0557068000,127.3742497000,20181129,
포천시,명진농장,닭,육계,35000,11101,경기도 포천시 관인면 윗찬물길 210-2,경기도 포천시 관인면 냉정리 795번지 1호,38.1472762000,127.2667828000,20181129,
포천시,무송양계,닭,산란계,45000,11134,경기도 포천시 창수면 옥수로298번길 70,경기도 포천시 창수면 주원리 83-1번지,38.0117627000,127.1918598000,20181129,
포천시,무진축산,닭,육계,35000,11134,경기도 포천시 창수면 포천로2811번길 65,경기도 포천시 창수면 추동리 552번지,37.9977376000,127.1663902000,20181129,
포천시,문암농장,닭,육계,30000,11107,경기도 포천시 영북면 호국로3725번길 53,경기도 포천시 영북면 문암리 404-1번지,38.0700593000,127.2672117000,20181129,
포천시,미래농장,닭,산란계,185800,11134,경기도 포천시 창수면 옥수로298번길 90,경기도 포천시 창수면 주원리 81-1번지,38.0122901000,127.1943777000,20181129,
포천시,미종오리농장,오리,오리,500,11154,경기도 포천시 군내면 풍류산1길 26,경기도 포천시 군내면 구읍리 282-1번지,37.8800316000,127.2170181000,20181129,
포천시,민농장,닭,산란계,13400,11128,경기도 포천시 영중면 호국로 2726-63,경기도 포천시 영중면 양문리 672번지,37.9884899000,127.2468727000,20181129,
포천시,믿음농장,닭,산란계,30045,11101,경기도 포천시 관인면 윗찬물길 379,경기도 포천시 관인면 냉정리 929-4번지,38.1333571000,127.2708730000,20181129,
포천시,믿음농장,닭,산란계,40000,11101,경기도 포천시 관인면 윗찬물길 379,경기도 포천시 관인면 냉정리 929-4번지,38.1333571000,127.2708730000,20181129,
포천시,버들농장,닭,산란계,30000,11102,경기도 포천시 영북면 영북로238번길 199,경기도 포천시 영북면 자일리 447-1번지,38.1044200000,127.2863984000,20181129,
포천시,범수농장,닭,육계,20000,11102,경기도 포천시 영북면 호국로4166번길 18,경기도 포천시 영북면 자일리 480-41번지,38.0983334000,127.2811763000,20181129,
포천시,보성농장,닭,육계,8000,11124,,경기도 포천시 화현면 지현리 152번지 2호,37.9071101000,127.2714603000,20181129,
포천시,봄율농장,닭,육계,80000,11135,경기도 포천시 창수면 가영로 299-1,경기도 포천시 창수면 가양리 253-1번지,37.9946501000,127.1999329000,20181129,
포천시,부리농장,닭,육계,50000,11137,경기도 포천시 신북면 청신로 736-53,경기도 포천시 신북면 덕둔리 544번지,37.9638251000,127.1140032000,20181129,
포천시,부엉농산,닭,육계,80000,11126,경기도 포천시 영중면 전영로1441번길 61-119,"경기도 포천시 영중면 영송리 84번지 (외2필지(82,84))",38.0145706000,127.2292062000,20181129,
포천시,산마루농장,닭,육계,20000,11152,경기도 포천시 군내면 반월산성로271번길 10,경기도 포천시 군내면 상성북리 532번지,37.8957179000,127.2308542000,20181129,
포천시,산마을농장,닭,산란계,15000,11108,경기도 포천시 영북면 방골길 512,경기도 포천시 영북면 대회산리 216번지,38.0679743000,127.2303165000,20181129,
포천시,삼성농장,닭,산란계,50000,11128,경기도 포천시 영중면 먼재길 14,경기도 포천시 영중면 양문리 634번지,37.9984058000,127.2484084000,20181129,
포천시,삼성양계,닭,산란계,35000,11130,경기도 포천시 영중면 은잿말3길 39,경기도 포천시 영중면 거사리 936번지,37.9983753000,127.2275967000,20181129,
포천시,삼오농장,닭,산란계,1350,11134,,경기도 포천시 창수면 추동리 742번지 3호,37.9918787000,127.1684718000,20181129,
포천시,삼우농장,닭,산란계,150000,11134,경기도 포천시 창수면 포천로2797번길 35,경기도 포천시 창수면 추동리 734-1번지 (외1필지(736-1)),37.9929533000,127.1666870000,20181129,
포천시,삼호농장,닭,육계,80000,11135,,경기도 포천시 창수면 가양리 217번지 1호,37.9847113000,127.2062124000,20181129,
포천시,상우축산,닭,육계,30000,11135,경기도 포천시 창수면 가영로 299,경기도 포천시 창수면 가양리 251-1번지,37.9938730000,127.2012742000,20181129,
포천시,상주농장,닭,산란계,20000,11102,경기도 포천시 영북면 영북로238번길 195,경기도 포천시 영북면 자일리 447-8번지,38.1043586000,127.2857027000,20181129,
포천시,새마을농장,닭,산란계,21420,11128,,경기도 포천시 영중면 양문리 253번지,37.9982105000,127.2513222000,20181129,
포천시,새청농원,닭,육계,300,11101,,경기도 포천시 관인면 사정리 299번지 1호,38.1304702000,127.2522603000,20181129,
포천시,샘터농장,닭,산란계,20000,11112,경기도 포천시 이동면 성장로901번길 133,경기도 포천시 이동면 노곡리 725번지,38.0192357000,127.3359497000,20181129,
포천시,서부농장,닭,산란계,50000,11102,경기도 포천시 영북면 호국로 4266,경기도 포천시 영북면 자일리 538-3번지,38.1063939000,127.2859842000,20181129,
포천시,서부축산,닭,산란계,155000,11109,경기도 포천시 영북면 호국로 3416-18,경기도 포천시 영북면 야미리 416-2번지 외 6필지,38.0417319000,127.2685110000,20181129,
포천시,서울농장,닭,산란계,10800,11109,경기도 포천시 영북면 호국로3421번길 40,경기도 포천시 영북면 야미리 458번지,38.0433718000,127.2644045000,20181129,
포천시,석봉농원,닭,산란계,152320,11112,경기도 포천시 이동면 새낭로420번길 30-17,경기도 포천시 이동면 노곡리 744-1번지,38.0164887000,127.3324755000,20181129,
포천시,선달농원,닭,육계,4000,11158,,경기도 포천시 선단동 339번지 1호,37.8621147000,127.1645560000,20181129,
포천시,선돌농장,닭,육계,75000,11152,경기도 포천시 군내면 반월산성로371번길 87,경기도 포천시 군내면 상성북리 327-1번지,37.8904203000,127.2355216000,20181129,
포천시,선진농장,닭,산란계,30000,11121,경기도 포천시 일동면 영일로534번길 95,경기도 포천시 일동면 길명리 666번지,37.9234687000,127.2724297000,20181129,
포천시,섭섭이농장,닭,육계,2000,11101,,경기도 포천시 관인면 초과리 235번지,38.1465243000,127.2390932000,20181129,
포천시,성구농장,닭,산란계,50000,11127,경기도 포천시 영중면 호국로 3369,경기도 포천시 영중면 성동리 359번지,38.0384826000,127.2631796000,20181129,
포천시,성지농원,닭,산란계,25860,11102,경기도 포천시 영북면 영북로238번길 169,경기도 포천시 영북면 자일리 496번지 외2필지,38.1021980000,127.2850331000,20181129,
포천시,솟대농장,닭,육계,150,11185,,경기도 포천시 소흘읍 고모리 794번지,37.7962904000,127.1519801000,20181129,
포천시,송림축산,닭,산란계,6804,11185,경기도 포천시 소흘읍 한성2길 51,경기도 포천시 소흘읍 고모리 23번지,37.8045380000,127.1755243000,20181129,
포천시,송이축산,닭,산란계,350000,11114,,경기도 포천시 일동면 사직리 865번지 1호 외2필지,37.9985200000,127.3341141000,20181129,
포천시,송일농장,닭,산란계,451000,11114,경기도 포천시 일동면 사당말1길 167,경기도 포천시 일동면 사직리 860번지 외6필지,37.9971861000,127.3342903000,20181129,
포천시,송일양계,닭,산란계,175000,11160,경기도 포천시 삼육사로 2042,경기도 포천시 선단동 825-1번지,37.8605251000,127.1467798000,20181129,
포천시,수용농장,닭,산란계,30000,11102,경기도 포천시 영북면 호국로4232번길 45-7,경기도 포천시 영북면 자일리 448번지,38.1026414000,127.2879763000,20181129,
포천시,승일농장,닭,산란계,2000,11118,,경기도 포천시 일동면 화대리 46번지,37.9527755000,127.3514191000,20181129,
포천시,승진농장,닭,육계,8000,11112,경기도 포천시 이동면 성장로 1032-122,경기도 포천시 이동면 노곡리 1374번지,38.0094581000,127.3554220000,20181129,
포천시,승천농장,닭,산란계,170000,11134,경기도 포천시 창수면 옥수로 381,경기도 포천시 창수면 주원리 488번지,38.0134553000,127.1810235000,20181129,
포천시,승호농장,닭,산란계,100000,11134,경기도 포천시 창수면 옥수로 381,"경기도 포천시 창수면 주원리 488번지 (외2(489, 489-1))",38.0134553000,127.1810235000,20181129,
포천시,시온농장,닭,육계,54,11101,경기도 포천시 관인면 윗찬물길 390-48,경기도 포천시 관인면 냉정리 968-3번지,38.1316071000,127.2679239000,20181129,
포천시,신일농장,닭,육계,30000,11160,경기도 포천시 송선로 223-54,경기도 포천시 설운동 437-6번지,37.8546672000,127.1482229000,20181129,
포천시,신진농장,닭,산란계,44700,11121,경기도 포천시 일동면 영일로534번길 95,경기도 포천시 일동면 길명리 666번지,37.9234687000,127.2724297000,20181129,
포천시,신호농장,닭,산란계,17000,11133,경기도 포천시 창수면 방골길 245,경기도 포천시 창수면 운산리 36번지,38.0510383000,127.2153278000,20181129,
포천시,아라리농장,닭,산란계,600,11185,경기도 포천시 소흘읍 한성길 154-21,경기도 포천시 소흘읍 고모리 910번지,37.8046230000,127.1664405000,20181129,
포천시,약수농장,닭,육계,20000,11102,경기도 포천시 영북면 호국로4166번길 38,경기도 포천시 영북면 자일리 477번지,38.0974456000,127.2832364000,20181129,
포천시,양문농장,닭,산란계,50000,11130,경기도 포천시 영중면 은잿말3길 43,경기도 포천시 영중면 거사리 936번지,37.9983753000,127.2275967000,20181129,
포천시,엄마축산,닭,육계,20000,11107,경기도 포천시 영북면 문암길 12-58,경기도 포천시 영북면 문암리 17번지 2호,38.0740846000,127.2758762000,20181129,
포천시,에그스토리,닭,산란계,40000,11102,경기도 포천시 영북면 호국로4166번길 9-15,경기도 포천시 영북면 자일리 482번지,38.0990811000,127.2811792000,20181129,
포천시,에그존,닭,산란계,25000,11185,경기도 포천시 소흘읍 한성2길 41,"경기도 포천시 소흘읍 고모리 77-1번지 (외2필지(78,79-2))",37.8048185000,127.1747188000,20181129,
포천시,여주농장,닭,산란계,95000,11134,경기도 포천시 창수면 옥수로262번길 65,경기도 포천시 창수면 주원리 140-3번지,38.0036768000,127.1947196000,20181129,
포천시,연화농장,닭,육계,35000,11102,경기도 포천시 영북면 호국로4166번길 28,경기도 포천시 영북면 자일리 480-42번지,38.0979453000,127.2814827000,20181129,
포천시,영농조합법인 개울오리농원,오리,오리,30000,11128,경기도 포천시 영중면 먼재1길 109,경기도 포천시 영중면 양문리 481-28번지,38.0049591000,127.2551593000,20181129,
포천시,영농조합법인 자연농산,닭,산란계,308000,11107,경기도 포천시 영북면 호국로3791번길 74-37,경기도 포천시 영북면 문암리 359-1번지 (외1필지(359-5)),38.0741756000,127.2635682000,20181129,
포천시,영재농장,닭,육계,40000,11130,경기도 포천시 영중면 사은다리1길 75,경기도 포천시 영중면 거사리 482-3번지,38.0060371000,127.2301592000,20181129,
포천시,영화농장,닭,육계,40000,11135,경기도 포천시 창수면 가영로 299,경기도 포천시 창수면 가양리 251-1번지,37.9938730000,127.2012742000,20181129,
포천시,영훈농장,닭,육계,54000,11168,경기도 포천시 가산면 너배기길 5,경기도 포천시 가산면 가산리 22번지,37.8233122000,127.1824964000,20181129,
포천시,영흥농장,닭,산란계,20000,11102,,경기도 포천시 영북면 자일리 342번지 2호,38.1141143000,127.2898111000,20181129,
포천시,영흥농장2,닭,산란계,20000,11102,경기도 포천시 영북면 호국로 4361-53,경기도 포천시 영북면 자일리 341-5번지,38.1146370000,127.2897561000,20181129,
포천시,영흥농장3,닭,산란계,10000,11102,경기도 포천시 영북면 영북로238번길 152-15,경기도 포천시 영북면 자일리 475-2번지,38.0993893000,127.2841787000,20181129,
포천시,예산농장,닭,산란계,52500,11162,,경기도 포천시 선단동 10번지,37.8566453000,127.1714983000,20181129,
포천시,예선농장,닭,산란계,16600,11102,경기도 포천시 영북면 호국로 4186-33,경기도 포천시 영북면 자일리 490-3번지,38.1003105000,127.2832359000,20181129,
포천시,오뚜기농장,닭,육계,48,11100,경기도 포천시 관인면 창동로1071번길 91,경기도 포천시 관인면 중리 176-1번지,38.1110805000,127.2068244000,20181129,
포천시,우농타조농장,타조,육계,6,11100,경기도 포천시 관인면 창동로879번길 31,경기도 포천시 관인면 중리 694-1번지,38.0866165000,127.2042716000,20181129,
포천시,우리농장,닭,육계,25500,11137,경기도 포천시 신북면 청신로 773,경기도 포천시 신북면 덕둔리 394번지,37.9629580000,127.1163119000,20181129,
포천시,우리영농조합법인,닭,산란계,50000,11134,경기도 포천시 창수면 옥수로 383,경기도 포천시 창수면 주원리 484-1번지,38.0141213000,127.1814351000,20181129,
포천시,욱별농장,닭,육계,2000,11118,경기도 포천시 일동면 사기막1길 10,경기도 포천시 일동면 화대리 329번지,37.9666034000,127.3330945000,20181129,
포천시,원일농장,닭,육계,50000,11166,경기도 포천시 가산면 우금길 179-113,경기도 포천시 가산면 우금리 460번지,37.8335903000,127.2109087000,20181129,
포천시,원천농장,닭,산란계,100000,11137,경기도 포천시 신북면 간자동길 113,경기도 포천시 신북면 삼정리 228번지,37.9676274000,127.1468065000,20181129,
포천시,월산농장,닭,산란계,60000,11130,경기도 포천시 영중면 은잿말길 187,경기도 포천시 영중면 영송리 174번지,38.0009829000,127.2206824000,20181129,
포천시,유진농장,닭,육계,22000,11187,경기도 포천시 소흘읍 이곡길 73-52,경기도 포천시 소흘읍 이곡리 311번지,37.7855642000,127.1487232000,20181129,
포천시,육계농장,닭,육계,65000,11134,경기도 포천시 창수면 포천로2721번길 44,경기도 포천시 창수면 추동리 350번지,37.9841855000,127.1743053000,20181129,
포천시,은현농장,닭,육계,70000,11130,경기도 포천시 영중면 은잿말1길 7,경기도 포천시 영중면 거사리 410-5번지,38.0013714000,127.2342891000,20181129,
포천시,은혜농장,닭,육계,25000,11160,경기도 포천시 송선로 223-54,경기도 포천시 설운동 437-6번지,37.8546672000,127.1482229000,20181129,
포천시,일동농장,닭,육계,20000,11121,경기도 포천시 일동면 영일로733번길 67,경기도 포천시 일동면 길명리 310번지,37.9459680000,127.2863801000,20181129,
포천시,자산도농장,닭,육계,30000,11113,경기도 포천시 이동면 화동로 1779-75,경기도 포천시 이동면 연곡리 1014번지,38.0088481000,127.3635035000,20181129,
포천시,자일농장,닭,산란계,120000,11102,경기도 포천시 영북면 호국로4350번길 21-26,"경기도 포천시 영북면 자일리 334번지 외5필지(211-1,-2)",38.1144702000,127.2952859000,20181129,
포천시,자일농장,닭,산란계,30000,11102,,경기도 포천시 영북면 자일리 539번지 6호,38.1062243000,127.2853450000,20181129,
포천시,자일농장,닭,육계,100,11102,경기도 포천시 영북면 북원로 130,경기도 포천시 영북면 자일리 1176번지,38.1123852000,127.2782650000,20181129,
포천시,정원축산,닭,육계,55000,11113,경기도 포천시 이동면 화동로1908번길 44-151,경기도 포천시 이동면 연곡리 236-4번지,38.0157322000,127.3803338000,20181129,
포천시,제일농장,닭,산란계,24000,11107,경기도 포천시 영북면 방골길 954-53,경기도 포천시 영북면 문암리 338번지,38.0754229000,127.2657950000,20181129,
포천시,제일농장2,닭,산란계,0,11107,경기도 포천시 영북면 방골길 954-17,경기도 포천시 영북면 문암리 324-4번지,38.0776125000,127.2655977000,20181129,
포천시,조대박농장,닭,육계,300,11164,경기도 포천시 가산면 메나리길 5,경기도 포천시 가산면 마산리 524번지,37.8486119000,127.1756384000,20181129,
포천시,종복농장,닭,산란계,20780,11185,경기도 포천시 소흘읍 한성2길 51,경기도 포천시 소흘읍 고모리 23번지,37.8045380000,127.1755243000,20181129,
포천시,주영농장,닭,육계,16000,11140,경기도 포천시 신북면 중앙로405번길 47,경기도 포천시 신북면 가채리 455번지,37.9222435000,127.2101574000,20181129,
포천시,주은농장,닭,육계,50000,11130,경기도 포천시 영중면 금화봉2길 107,경기도 포천시 영중면 거사리 197-4번지 (외1필지(197-5)),37.9797406000,127.2387398000,20181129,
포천시,죽산농장,닭,육계,30000,11168,경기도 포천시 가산면 시우동3길 78-17,경기도 포천시 가산면 가산리 711번지,37.8266437000,127.1652510000,20181129,
포천시,준영축산,닭,육계,40000,11121,경기도 포천시 일동면 정자골길 138,경기도 포천시 일동면 길명리 702번지,37.9295819000,127.2780936000,20181129,
포천시,지원농장,닭,산란계,14000,11134,경기도 포천시 창수면 옥수로214번길 116,경기도 포천시 창수면 주원리 27-3번지,38.0072882000,127.1955261000,20181129,
포천시,지원농장,메추리,육계,100000,11167,경기도 포천시 가산면 오성길 120,경기도 포천시 가산면 금현리 804-4번지,37.8244810000,127.1898593000,20181129,
포천시,지훈농장,닭,산란계,21000,11130,경기도 포천시 영중면 은잿말길 196-19,경기도 포천시 영중면 영송리 188-7번지,38.0020426000,127.2225186000,20181129,
포천시,창암농장,닭,산란계,40000,11134,경기도 포천시 창수면 옥수로 379,경기도 포천시 창수면 주원리 483번지,38.0134538000,127.1819914000,20181129,
포천시,청계농장,닭,육계,140000,11137,경기도 포천시 신북면 청신로 822-60,경기도 포천시 신북면 덕둔리 118번지,37.9564308000,127.1208646000,20181129,
포천시,초가농장,닭,육계,30000,11185,경기도 포천시 소흘읍 한성길 27-39,경기도 포천시 소흘읍 고모리 450번지,37.8103114000,127.1766393000,20181129,
포천시,초원농장,닭,육계,6000,11113,경기도 포천시 이동면 화동로 1779-73,경기도 포천시 이동면 연곡리 1015번지,38.0086221000,127.3637529000,20181129,
포천시,초원농장,닭,육계,10000,11136,경기도 포천시 신북면 양지말1길 70-135,경기도 포천시 신북면 계류리 135번지,37.9532130000,127.1855201000,20181129,
포천시,축산(육계),닭,육계,30000,11130,경기도 포천시 영중면 금화봉2길 107,경기도 포천시 영중면 거사리 197-4번지,37.9797406000,127.2387398000,20181129,
포천시,칠곡농장,닭,산란계,11000,11164,경기도 포천시 가산면 마현길 49-22,경기도 포천시 가산면 마산리 72-1번지,37.8402793000,127.1868091000,20181129,
포천시,칠천농장,닭,산란계,25000,11102,경기도 포천시 영북면 북원로248번길 56-2,경기도 포천시 영북면 자일리 1009-7번지,38.1216656000,127.2777638000,20181129,
포천시,태성농원,메추리,육계,250000,11113,경기도 포천시 이동면 화동로 1779-108,경기도 포천시 이동면 연곡리 991번지,38.0101555000,127.3631455000,20181129,
포천시,태평양타조농장,타조,육계,1190,11158,경기도 포천시 호국로 1074-2,경기도 포천시 선단동 7번지 3호,37.8590041000,127.1726059000,20181129,
포천시,파주농장,닭,육계,30000,11139,경기도 포천시 신북면 틀못이2길 71,경기도 포천시 신북면 기지리 402번지,37.9105285000,127.2311842000,20181129,
포천시,포천농장,닭,산란계,95000,11130,경기도 포천시 영중면 은잿말길 68-18,경기도 포천시 영중면 거사리 509번지,38.0039252000,127.2321338000,20181129,
포천시,포천농장,오리,오리,6000,11126,경기도 포천시 영중면 전영로1441번길 61-119,경기도 포천시 영중면 영송리 84번지,38.0145706000,127.2292062000,20181129,
포천시,포천오리농장,오리,오리,14000,11184,경기도 포천시 소흘읍 호국로 164-93,경기도 포천시 소흘읍 이동교리 442번지,37.7866775000,127.1286771000,20181129,
포천시,포천종계장,닭,산란계,60000,11167,경기도 포천시 가산면 마현3길 86-71,경기도 포천시 가산면 금현리 950번지,37.8336433000,127.1900528000,20181129,
포천시,푸른농장,닭,육계,20000,11136,경기도 포천시 신북면 청신로 1766,경기도 포천시 신북면 심곡리 254번지,37.9412105000,127.1926005000,20181129,
포천시,푸른솔농장,닭,육계,60000,11136,경기도 포천시 신북면 청신로1660번길 80,경기도 포천시 신북면 계류리 391번지,37.9449109000,127.1766600000,20181129,
포천시,풍원농장,닭,산란계,25000,11136,경기도 포천시 신북면 포천로2721번길 143,경기도 포천시 신북면 고일리 211번지,37.9769058000,127.1745273000,20181129,
포천시,하늘농장,닭,산란계,58176,11109,경기도 포천시 영북면 호국로3497번길 79,경기도 포천시 영북면 야미리 723번지,38.0477828000,127.2618796000,20181129,
포천시,하늘농장,닭,산란계,16830,11185,경기도 포천시 소흘읍 한성2길 39,경기도 포천시 소흘읍 고모리 77번지 (외1필지(79-1)),37.8049002000,127.1742534000,20181129,
포천시,하성양계장,닭,산란계,25000,11109,경기도 포천시 영북면 호국로3421번길 43,경기도 포천시 영북면 야미리 452번지,38.0436712000,127.2634600000,20181129,
포천시,학선농장,닭,육계,60000,11164,경기도 포천시 가산면 감암2길 37-124,경기도 포천시 가산면 마산리 577번지 2호,37.8502512000,127.1819709000,20181129,
포천시,한빛농장,닭,산란계,52750,11139,경기도 포천시 신북면 호국로 2445,경기도 포천시 신북면 만세교리 61-4번지,37.9642373000,127.2467925000,20181129,
포천시,한일농원,닭,산란계,70000,11101,경기도 포천시 관인면 뗏마루길 158,경기도 포천시 관인면 사정리 산248번지,38.1176134000,127.2484876000,20181129,
포천시,한일농장,닭,육계,120000,11136,경기도 포천시 신북면 포천로2721번길 148,"경기도 포천시 신북면 고일리 343번지 (외2필지(343-2,-3))",37.9769559000,127.1710219000,20181129,
포천시,함양농장,닭,산란계,18000,11124,경기도 포천시 화현면 봉화로 696-86,경기도 포천시 화현면 지현리 197-4번지,37.9113298000,127.2739319000,20181129,
포천시,해밀팜,닭,육계,65000,11130,경기도 포천시 영중면 가영로 436-213,경기도 포천시 영중면 영송리 602번지,37.9941258000,127.2062156000,20181129,
포천시,해오름양계포천농장,닭,산란계,90000,11113,경기도 포천시 이동면 화동로1908번길 44-207,경기도 포천시 이동면 연곡리 77번지 (외1필지(76-1)),38.0144614000,127.3833108000,20181129,
포천시,햇빛농장,닭,산란계,15000,11137,경기도 포천시 신북면 탑신로 1181,경기도 포천시 신북면 금동리 455-4번지,37.9474618000,127.1256173000,20181129,
포천시,햇빛농장,닭,육계,5000,11139,경기도 포천시 신북면 호국로 2297,경기도 포천시 신북면 만세교리 354번지,37.9522107000,127.2376278000,20181129,
포천시,협동농장,닭,산란계,30000,11139,경기도 포천시 신북면 호국로 2446-20,경기도 포천시 신북면 만세교리 203-3번지,37.9627412000,127.2470948000,20181129,
포천시,혜옥농장,닭,육계,10000,11125,경기도 포천시 화현면 봉화로 543,경기도 포천시 화현면 명덕리 469-2번지,37.8975851000,127.2763259000,20181129,
포천시,홍문화농장,닭,육계,60,11130,경기도 포천시 영중면 금화봉2길 117,경기도 포천시 영중면 거사리 180번지 1호,37.9784344000,127.2386559000,20181129,
포천시,화현농장,닭,육계,1200,11123,경기도 포천시 화현면 금강로 4035-83,경기도 포천시 화현면 화현리 282번지,37.9118843000,127.2944823000,20181129,
포천시,화현농장,닭,육계,30000,11121,경기도 포천시 일동면 정자골1길 64-132,경기도 포천시 일동면 길명리 82번지,37.9218873000,127.2859920000,20181129,
포천시,화현농장,닭,육계,25000,11121,경기도 포천시 일동면 정자골1길 64-132,경기도 포천시 일동면 길명리 82번지 (외1필지(82)),37.9218873000,127.2859920000,20181129,
포천시,흥연농장,닭,육계,39000,11114,경기도 포천시 일동면 새낭로 218,경기도 포천시 일동면 사직리 954-9번지,37.9957377000,127.3303448000,20181129,
포천시,희망농장,닭,산란계,35000,11134,경기도 포천시 창수면 옥수로214번길 86,경기도 포천시 창수면 주원리 19번지,38.0038191000,127.1958814000,20181129,
화성시,2000축산,닭,산란계,14000,18583,,경기도 화성시 장안면 독정리 767번지 11호,37.0853120000,126.8481696000,20181204,
화성시,K & C 농장,닭,산란계,9700,18583,경기도 화성시 장안면 장안로 287,경기도 화성시 장안면 독정리 767번지 2호,37.0847809000,126.8486093000,20181204,
화성시,YB팜스,닭,육계,67000,18626,경기도 화성시 양감면 동지골길 64-7,경기도 화성시 양감면 사창리 산120번지,37.0963723000,126.9637033000,20181204,
화성시,가람농장,닭,산란계,65,18296,,경기도 화성시 봉담읍 상리 152번지 5호,37.2346290000,126.9432011000,20181204,
화성시,감우농장,닭,육계,65000,18278,경기도 화성시 남양읍 현대연구소로 79-26,경기도 화성시 남양읍 장덕리 1077번지,37.1637437000,126.8196047000,20181204,
화성시,개미농장,닭,육계,58000,18279,경기도 화성시 남양읍 현대기아로125번길 76-5,경기도 화성시 남양읍 온석리 414번지 1호,37.1689683000,126.8435518000,20181204,
화성시,건국축산농원,닭,육계,60000,18583,경기도 화성시 장안면 포승장안로1186번길 47-16,경기도 화성시 장안면 독정리 794-2번지,37.0756235000,126.8465250000,20181204,
화성시,경기농장,닭,육계,35000,18536,경기도 화성시 팔탄면 녹막말길 76-24,경기도 화성시 팔탄면 율암리 389-1번지,37.1687153000,126.8724661000,20181204,
화성시,계원농장,닭,종계,35100,18627,경기도 화성시 양감면 정문회화로 51-32,경기도 화성시 양감면 사창리 261번지,37.0948709000,126.9759310000,20181204,
화성시,고려꿩농장,꿩,꿩,307,18526,경기도 화성시 팔탄면 건달산로43번길 9-22,경기도 화성시 팔탄면 기천리 산132번지,37.1766117000,126.9036889000,20181204,
화성시,관항농장,닭,육계,26000,18520,경기도 화성시 정남면 관항길321번길 19,경기도 화성시 정남면 관항리 537번지,37.1810229000,126.9556530000,20181204,
화성시,광도농장,닭,육계,80000,18585,경기도 화성시 장안면 갈우물길 21,경기도 화성시 장안면 노진리 26-1번지,37.0546510000,126.8180799000,20181204,
화성시,광민농장,닭,육계,40000,18584,경기도 화성시 장안면 덕다길 8,경기도 화성시 장안면 덕다리 산 7-4번지,37.0671238000,126.8378619000,20181204,
화성시,궁영물닭장,닭,육계,90,,,경기도 화성시 송산면 고정리 산 1번지 56호,37.2840103000,126.7370297000,20181204,
화성시,금의양계장,닭,육계,50000,18585,경기도 화성시 장안면 흥천길 84-60,경기도 화성시 장안면 사곡리 833-6번지,37.0578969000,126.8081108000,20181204,
화성시,기러기 농장,닭,육계,400,18558,경기도 화성시 우정읍 범아지서길 84-9,경기도 화성시 우정읍 호곡리 228번지 39호,37.1288371000,126.7825079000,20181204,
화성시,기원농장,닭,산란계,100,18269,,경기도 화성시 남양읍 신남리 1274-2번지,37.1720819000,126.7996661000,20181204,
화성시,길성농장,닭,육계,35000,18627,경기도 화성시 양감면 정문회화로 75-45,경기도 화성시 양감면 사창리 293번지 1호,37.0954837000,126.9759533000,20181204,
화성시,김상희농장,닭,육계,40000,,,경기도 화성시 팔탄면 지월리 산104-2번지,37.1387765000,126.8930800000,20181204,
화성시,꼬꼬마을농장,닭,산란계,500,18585,,경기도 화성시 장안면 노진리 12번지 4호,37.0538720000,126.8212521000,20181204,
화성시,낙원농장,닭,육계,33000,18576,,경기도 화성시 팔탄면 노하리 1040번지,37.1463008000,126.8456592000,20181204,
화성시,남성종계장,닭,종계,27900,18255,경기도 화성시 남양읍 주석로 71,경기도 화성시 남양읍 북양리 385번지,37.2182949000,126.8396288000,20181204,
화성시,남양농장,닭,육계,16028,18278,경기도 화성시 남양읍 안석길138번길 18,경기도 화성시 남양읍 안석리 75번지 2호,37.1678880000,126.8251905000,20181204,
화성시,남양양계,닭,산란계,45000,18279,경기도 화성시 남양읍 온석서길 108,경기도 화성시 남양읍 온석리 480번지,37.1695515000,126.8555756000,20181204,
화성시,남양축산 안석농장,닭,육계,120000,18278,경기도 화성시 남양읍 활초길 118,경기도 화성시 남양읍 안석리 9-2번지,37.1662154000,126.8336048000,20181204,
화성시,남에벤에셀,닭,육계,60000,18585,경기도 화성시 장안면 큰사수러지길 56-100,경기도 화성시 장안면 사곡리 879번지,37.0638719000,126.8087252000,20181204,
화성시,남촌농장,닭,산란계,20000,18513,경기도 화성시 정남면 안념길150번길 68,경기도 화성시 정남면 수면리 134번지,37.1544762000,127.0263643000,20181204,
화성시,노산,오리,오리,4000,18516,경기도 화성시 정남면 만년로 742-35,경기도 화성시 정남면 괘랑리 182-4,37.1820232000,126.9962829000,20181204,
화성시,농업회사법인 주식회사 잘큼,닭,산란계,2500,18578,경기도 화성시 팔탄면 버들로 1294-61,경기도 화성시 팔탄면 서근리 201-1번지,37.1235266000,126.8489133000,20181204,
화성시,농업회사법인(주)정인,닭,육계,50000,18572,경기도 화성시 우정읍 기아자동차로 292-104,경기도 화성시 우정읍 석천리 766번지,37.0453981000,126.7770052000,20181204,
화성시,누리팜(헤브론농장),닭,산란계,30000,18536,경기도 화성시 팔탄면 녹막말길 66-11,경기도 화성시 팔탄면 율암리 313-1번지,37.1690014000,126.8704051000,20181204,
화성시,다산농장,닭,종계,24600,18630,경기도 화성시 양감면 용소금각로36번길 154-42,경기도 화성시 양감면 용소리 190번지,37.0718419000,126.9868692000,20181204,
화성시,다산양계,닭,산란계,60000,18532,경기도 화성시 팔탄면 마당바위로 72-86,경기도 화성시 팔탄면 구장리 309-2번지,37.1534984000,126.9019405000,20181204,
화성시,다올농장,닭,산란계,50000,18626,경기도 화성시 양감면 사격장길 88-70,경기도 화성시 양감면 사창리 777번지,37.0952266000,126.9597669000,20181204,
화성시,다원농장,닭,육계,35000,18558,경기도 화성시 우정읍 화수길 112,경기도 화성시 우정읍 화수리 964-17번지,37.1098914000,126.7892794000,20181204,
화성시,달궁농장,닭,산란계,52,18585,경기도 화성시 장안면 화곡로440번길 46,경기도 화성시 장안면 사곡리 907-3번지,37.0687276000,126.8194175000,20181204,
화성시,대경농장,닭,육계,100000,18630,경기도 화성시 양감면 용소금각로36번길 90-21,경기도 화성시 양감면 용소리 392-1번지,37.0721746000,126.9821237000,20181204,
화성시,대륭농장,닭,육계,50000,18632,경기도 화성시 양감면 초록로166번길 15-33,경기도 화성시 양감면 신왕리 1950번지,37.0732593000,126.9610388000,20181204,
화성시,대박농장,닭,육계,53000,18545,경기도 화성시 송산면 송산서로363번길 24-5,경기도 화성시 송산면 지화리 574-2번지,37.2107959000,126.6802836000,20181204,
화성시,대박농장,닭,육계,40000,18279,경기도 화성시 남양읍 온석길 22,경기도 화성시 남양읍 온석리 494-1번지,37.1658589000,126.8497732000,20181204,
화성시,대산농장,닭,육계,50200,18583,경기도 화성시 장안면 장안로 440-51,경기도 화성시 장안면 독정리 1779번지,37.0724806000,126.8624093000,20181204,
화성시,대성농장,닭,육계,30000,18279,경기도 화성시 남양읍 현대기아로125번길 76-13,경기도 화성시 남양읍 온석리 400-3번지,37.1669937000,126.8425539000,20181204,
화성시,대승농장,닭,육계,85000,18279,,경기도 화성시 남양읍 온석리 491번지 2호,37.1654738000,126.8515754000,20181204,
화성시,대양농장,닭,육계,10000,18632,경기도 화성시 양감면 초록로 198-25,경기도 화성시 양감면 신왕리 1129번지,37.0729537000,126.9632655000,20181204,
화성시,덕다양계장,닭,육계,40000,18584,경기도 화성시 장안면 덕다길 57,경기도 화성시 장안면 덕다리 산47-1번지,37.0642328000,126.8389138000,20181204,
화성시,도원농장,닭,종계,39100,18583,경기도 화성시 장안면 장안로 260,경기도 화성시 장안면 어은리 558번지,37.0841725000,126.8450228000,20181204,
화성시,도이리목장,닭,육계,60,18588,경기도 화성시 향남읍 도이2길 54,경기도 화성시 향남읍 도이리 295-4번지,37.1373674000,126.9370763000,20181204,
화성시,독정양계장,닭,육계,2800,18583,경기도 화성시 장안면 장안로309번길 38,경기도 화성시 장안면 독정리 733-1번지,37.0848411000,126.8533891000,20181204,
화성시,동원농장,닭,종계,2700,18279,경기도 화성시 남양읍 온석서길 96,경기도 화성시 남양읍 온석리 241번지,37.1701635000,126.8549889000,20181204,
화성시,동진목장,닭,육계,25,18281,경기도 화성시 남양읍 장덕동길 59-12,경기도 화성시 남양읍 장덕리 240번지 1호,37.1636594000,126.8118591000,20181204,
화성시,동현농장,닭,육계,50000,18577,,경기도 화성시 팔탄면 월문리 158번지,37.1215825000,126.8733234000,20181204,
화성시,두레농장,닭,종계,17200,18627,경기도 화성시 양감면 정문회화로 49-43,경기도 화성시 양감면 사창리 257번지,37.0951229000,126.9743449000,20181204,
화성시,뒷골농장,닭,육계,180,18511,경기도 화성시 금곡로 27-91,경기도 화성시 금곡동 608번지,37.1645573000,127.0750047000,20181204,
화성시,마도양계장,닭,산란계,20000,18544,경기도 화성시 마도면 마도로 109,경기도 화성시 마도면 백곡리 336번지,37.1828231000,126.7171144000,20181204,
화성시,매바위양계장,닭,육계,40000,18281,경기도 화성시 남양읍 장덕서길 25-38,경기도 화성시 남양읍 장덕리 947번지,37.1510569000,126.7873851000,20181204,
화성시,모세농장,닭,육계,52000,18514,경기도 화성시 정남면 정남동로 453-86,경기도 화성시 정남면 금복리 91번지,37.1598577000,126.9993469000,20181204,
화성시,무지개농장,닭,육계,70000,18545,경기도 화성시 송산면 고포길 159,경기도 화성시 송산면 고포리 605-1번지,37.2360141000,126.6764010000,20181204,
화성시,미래농장,닭,육계,60000,18624,경기도 화성시 향남읍 발안로 736-24,경기도 화성시 향남읍 길성리 1번지,37.1233636000,126.9830662000,20181204,
화성시,미래숲,닭,산란계,19000,18627,경기도 화성시 양감면 정문송산로93번길 28-34,경기도 화성시 양감면 사창리 197-1번지,37.0980883000,126.9786520000,20181204,
화성시,박선혜,닭,육계,38182,18562,경기도 화성시 우정읍 원안길 57-16,"경기도 화성시 우정읍 원안리 426번지 , 호곡리 991번지",37.1066157000,126.7769248000,20181204,
화성시,방울산농장,닭,산란계,150,18608,,경기도 화성시 향남읍 방축리 208번지,37.1200000000,126.9300700000,20181204,
화성시,백봉실크 오골계농장,닭,산란계,220,18282,,경기도 화성시 비봉면 남전리 109번지 1호,37.2309858000,126.8428242000,20181204,
화성시,베드로목장,닭,산란계,8500,18510,경기도 화성시 장지남길3번길 67-3,경기도 화성시 장지동 390번지,37.1484751000,127.1186412000,20181204,
화성시,봉황농장,닭,산란계,85000,18269,경기도 화성시 남양읍 신남로 112,경기도 화성시 남양읍 신남리 906-2번지,37.1844422000,126.7985519000,20181204,
화성시,부성축산,닭,산란계,25000,18580,경기도 화성시 장안면 금의솔안길 87,경기도 화성시 장안면 금의리 612-6번지,37.1073908000,126.8370208000,20181204,
화성시,부성축산,닭,육계,84480,18582,경기도 화성시 향남읍 장안로 662-189,경기도 화성시 향남읍 구문천리 784번지,37.0671444000,126.8854136000,20181204,
화성시,부성축산,닭,종계,13500,18582,경기도 화성시 향남읍 장안로 662-189,경기도 화성시 향남읍 구문천리 784번지,37.0671444000,126.8854136000,20181204,
화성시,부자농원,닭,육계,20000,18585,경기도 화성시 장안면 흥천길 74-14,경기도 화성시 장안면 사곡리 725-1번지,37.0577054000,126.8013881000,20181204,
화성시,부처물 농장,닭,육계,70000,18544,경기도 화성시 마도면 해운로 596-16,경기도 화성시 마도면 고모리 578-12번지,37.1729694000,126.7504807000,20181204,
화성시,부흥꿩농장,꿩,꿩,5000,18562,경기도 화성시 우정읍 평밭길 243,경기도 화성시 우정읍 원안리 615번지 2호,37.1010061000,126.7743092000,20181204,
화성시,비봉농장,닭,산란계,10000,18293,경기도 화성시 비봉면 자청로31번길 14,경기도 화성시 비봉면 자안리 312-1번지,37.2063026000,126.8769862000,20181204,
화성시,사또농장,닭,산란계,800,18287,경기도 화성시 매송면 송숙로 297,경기도 화성시 매송면 숙곡리 289번지,37.2571858000,126.9079007000,20181204,
화성시,삼리농장,닭,육계,20000,,,경기도 화성시 남양읍 남양리 1798번지,37.2034107000,126.8217166000,20181204,
화성시,삼일농장,닭,산란계,12000,18624,경기도 화성시 향남읍 동오2길 31-30,경기도 화성시 향남읍 동오리 622번지,37.1355044000,126.9619612000,20181204,
화성시,삼현농원,닭,육계,29000,18626,,경기도 화성시 양감면 사창리 1007번지 1호,37.0847320000,126.9680168000,20181204,
화성시,삼현농장,닭,육계,26000,18559,,경기도 화성시 우정읍 주곡리 386번지 5호,37.1165583000,126.8098059000,20181204,
화성시,삼화농장,닭,산란계,300,18283,경기도 화성시 비봉면 삼화길 290-18,경기도 화성시 비봉면 삼화리 1108번지 1호,37.2563447000,126.8526563000,20181204,
화성시,상신농원,닭,산란계,45000,18623,경기도 화성시 향남읍 문언동길 66-110,경기도 화성시 향남읍 구문천리 881번지,37.0861721000,126.8920537000,20181204,
화성시,상신현대농원,닭,산란계,42000,18623,경기도 화성시 향남읍 문언동길 66-110,경기도 화성시 향남읍 구문천리 881번지,37.0861721000,126.8920537000,20181204,
화성시,상진농장,닭,육계,25000,18278,경기도 화성시 남양읍 활초길109번길 46-35,경기도 화성시 남양읍 활초리 산187-1번지,37.1619403000,126.8371043000,20181204,
화성시,서봉누리농원,닭,육계,500,18523,경기도 화성시 정남면 내향안길 97,경기도 화성시 정남면 계향리 218번지,37.1437555000,126.9917052000,20181204,
화성시,선경2축산,닭,육계,45000,18336,경기도 화성시 봉담읍 하가등길 26-19,경기도 화성시 봉담읍 하가등리 393-1번지,37.1456367000,126.9331521000,20181204,
화성시,선경축산,닭,육계,45000,18522,경기도 화성시 정남면 문학로68번나길 40,경기도 화성시 정남면 문학리 42-1번지,37.1490054000,126.9730639000,20181204,
화성시,성민농장,닭,육계,45000,18633,,경기도 화성시 양감면 신왕리 985-4번지,37.0683426000,126.9467612000,20181204,
화성시,성애농장,닭,육계,25000,18336,경기도 화성시 봉담읍 향봉로 149-36,경기도 화성시 봉담읍 하가등리 392-3번지,37.1456375000,126.9344015000,20181204,
화성시,성웅농장,닭,육계,70000,18544,경기도 화성시 마도면 마도서길 20-11,경기도 화성시 마도면 고모리 512-3번지,37.1730178000,126.7436683000,20181204,
화성시,성일양계장,닭,육계,50000,18543,경기도 화성시 마도면 청원로116번길 37-19,경기도 화성시 마도면 청원리 576-5번지,37.1766340000,126.7711989000,20181204,
화성시,세종농장,닭,산란계,263530,18279,경기도 화성시 남양읍 온석길 129-14,경기도 화성시 남양읍 온석리 197-1번지,37.1722448000,126.8548835000,20181204,
화성시,소망농원,닭,산란계,100,18544,,경기도 화성시 마도면 백곡리 38번지,37.1913503000,126.7339198000,20181204,
화성시,수범농장,닭,육계,18000,18274,경기도 화성시 남양읍 현대기아로487번길 47-8,경기도 화성시 남양읍 무송리 142-3번지,37.1979398000,126.8458000000,20181204,
화성시,수현농장,닭,육계,40000,18583,경기도 화성시 장안면 장안로 480-75,경기도 화성시 장안면 독정리 37-1번지,37.0702354000,126.8687780000,20181204,
화성시,순정농장,닭,산란계,14500,,,경기도 화성시 향남읍 도이리 377번지,37.1357245000,126.9319007000,20181204,
화성시,신봉농장,닭,육계,35000,18520,경기도 화성시 정남면 관항길 357,경기도 화성시 정남면 관항리 494-2번지,37.1844718000,126.9507858000,20181204,
화성시,신성농장,닭,육계,55000,18562,경기도 화성시 우정읍 버들로 386-9,경기도 화성시 우정읍 운평리 산71-1번지,37.0889731000,126.7817011000,20181204,
화성시,아침농원,닭,산란계,200,,,경기도 화성시 안녕동 133번지 5호,37.1972149000,127.0078379000,20181204,
화성시,안골농장,닭,육계,500,18283,경기도 화성시 비봉면 삼화길 28-43,경기도 화성시 비봉면 삼화리 575번지,37.2408218000,126.8614890000,20181204,
화성시,안석농장,닭,육계,15000,18278,,경기도 화성시 남양읍 안석리 766번지,37.1737413000,126.8229135000,20181204,
화성시,애란농장,닭,종계,36300,18537,경기도 화성시 마도면 금해로45번길 34,경기도 화성시 마도면 해문리 482번지,37.1944896000,126.7395853000,20181204,
화성시,야곱농장,닭,육계,44500,,,경기도 화성시 양감면 사창리 359번지,37.0898424000,126.9732896000,20181204,
화성시,야곱농장,닭,종계,26700,18627,경기도 화성시 양감면 사릅재길 149,경기도 화성시 양감면 사창리 338번지,37.0894556000,126.9759329000,20181204,
화성시,야마기시즘실현지영농조합법인,닭,산란계,50000,18623,경기도 화성시 향남읍 구문천1길 59,경기도 화성시 향남읍 구문천리 604-96번지,37.0716198000,126.8918837000,20181204,
화성시,양감(재래토종닭)농장,닭,산란계,350,18630,경기도 화성시 양감면 용소금각로 159-10,경기도 화성시 양감면 용소리 625번지,37.0810417000,126.9867660000,20181204,
화성시,양지농장,닭,산란계,30,18514,경기도 화성시 정남면 안념길112번길 76,경기도 화성시 정남면 음양리 177번지,37.1525030000,127.0257333000,20181204,
화성시,양지농장,닭,산란계,45000,18630,경기도 화성시 양감면 용소금각로36번길 154-87,경기도 화성시 양감면 용소리 111번지 1호,37.0706801000,126.9922669000,20181204,
화성시,양지뜰 향남농장,닭,산란계,111000,18582,경기도 화성시 향남읍 상신로 104,경기도 화성시 향남읍 상신리 1050번지,37.0863420000,126.8815825000,20181204,
화성시,여흥농장,닭,육계,48000,18577,경기도 화성시 팔탄면 버들로 1423,경기도 화성시 팔탄면 덕우리 250번지,37.1243366000,126.8626849000,20181204,
화성시,연수농장,닭,육계,52000,18574,경기도 화성시 장안면 무봉길 151-20,경기도 화성시 장안면 석포리 산122번지,37.1360535000,126.8309372000,20181204,
화성시,연지농장,닭,육계,45000,18578,경기도 화성시 팔탄면 3.1만세로 641-20,경기도 화성시 팔탄면 해창리 산35-1번지,37.1101426000,126.8683026000,20181204,
화성시,영남농장,닭,육계,50000,18583,경기도 화성시 장안면 한천3길 38,경기도 화성시 장안면 독정리 864번지,37.0677619000,126.8432240000,20181204,
화성시,영완농장,닭,육계,40000,18533,경기도 화성시 팔탄면 약수터길 158-25,경기도 화성시 팔탄면 가재리 601번지,37.1496083000,126.9163539000,20181204,
화성시,영호농장,닭,산란계,10000,18629,,경기도 화성시 양감면 송산리 1003번지 5호,37.1011987000,126.9897878000,20181204,
화성시,예루양계장,닭,육계,27000,18269,경기도 화성시 남양읍 남양로 415-23,경기도 화성시 남양읍 신남리 1532번지,37.1775472000,126.8135807000,20181204,
화성시,예산농장,닭,산란계,30000,18536,경기도 화성시 팔탄면 녹막말길 66-11,경기도 화성시 팔탄면 율암리 313번지 1호,37.1690014000,126.8704051000,20181204,
화성시,예찬농장,닭,산란계,2500,18286,경기도 화성시 매송면 매송로330번길 38,경기도 화성시 매송면 야목리 677번지,37.2630682000,126.8862373000,20181204,
화성시,온석2농장,닭,산란계,70000,18279,경기도 화성시 남양읍 현대기아로 188,경기도 화성시 남양읍 온석리 276번지,37.1677215000,126.8477766000,20181204,
화성시,온석농장,닭,산란계,216000,18279,경기도 화성시 남양읍 온석길 75,경기도 화성시 남양읍 온석리 230번지,37.1699734000,126.8543025000,20181204,
화성시,우음도축산,닭,산란계,100,18235,,경기도 화성시 송산면 고정리 1263번지,37.2835089000,126.7384523000,20181204,
화성시,운평농장,닭,산란계,75,18562,,경기도 화성시 우정읍 운평리 835번지,37.0878696000,126.7700859000,20181204,
화성시,유농장,닭,산란계,20000,18278,경기도 화성시 남양읍 활초길109번길 46-35,경기도 화성시 남양읍 활초리 산187-1번지,37.1619403000,126.8371043000,20181204,
화성시,유림농장,닭,종계,15500,18626,,경기도 화성시 양감면 사창리 113번지 1호,37.1034199000,126.9680982000,20181204,
화성시,육계농장,닭,육계,30000,18336,경기도 화성시 봉담읍 향봉로 149-36,경기도 화성시 봉담읍 하가등리 392-3번지,37.1456375000,126.9344015000,20181204,
화성시,윤호농장,닭,종계,20700,18278,경기도 화성시 남양읍 활초길109번길 46-20,경기도 화성시 남양읍 활초리 685번지,37.1637791000,126.8375281000,20181204,
화성시,은혜양계장,닭,육계,50000,18269,경기도 화성시 남양읍 신남로 417-3,경기도 화성시 남양읍 신남리 1539번지,37.1764392000,126.8137749000,20181204,
화성시,이재진목장,닭,산란계,180,18520,,경기도 화성시 정남면 관항리 407번지 2호,37.1840786000,126.9589057000,20181204,
화성시,임마누엘농장,닭,육계,30000,18581,경기도 화성시 장안면 용당골길 54,경기도 화성시 장안면 수촌리 산82-3번지,37.0852251000,126.8578533000,20181204,
화성시,자유농장,닭,산란계,4000,18583,경기도 화성시 장안면 한천1길 66-27,경기도 화성시 장안면 독정리 산 282-1번지,37.0647613000,126.8500553000,20181204,
화성시,장수농장,닭,육계,65000,18604,,경기도 화성시 향남읍 하길리 78번지,37.1223922000,126.9104661000,20181204,
화성시,장학순건강란,닭,산란계,35000,18586,경기도 화성시 장안면 포승장안로 979,경기도 화성시 장안면 장안리 279번지,37.0536492000,126.8555863000,20181204,
화성시,재성농장,닭,육계,40000,18562,경기도 화성시 우정읍 운평길124번길 15,경기도 화성시 우정읍 운평리 1051번지,37.0777038000,126.7691499000,20181204,
화성시,전정식농장,닭,산란계,120,18283,,경기도 화성시 비봉면 삼화리 802번지 3호,37.2483168000,126.8528526000,20181204,
화성시,정남농장,닭,산란계,20000,18523,경기도 화성시 정남면 내향안길 114,경기도 화성시 정남면 계향리 589번지 1호,37.1424760000,126.9916716000,20181204,
화성시,정남농장,닭,종계,13300,18522,경기도 화성시 정남면 서봉로921번길 33,경기도 화성시 정남면 문학리 599-1번지,37.1559765000,126.9627607000,20181204,
화성시,정문농장,닭,종계,16000,18627,경기도 화성시 양감면 정문송산로 19-19,경기도 화성시 양감면 정문리 646-1번지,37.0946201000,126.9832649000,20181204,
화성시,정인양계장,닭,육계,30000,18530,경기도 화성시 팔탄면 녹막말길 56-37,경기도 화성시 팔탄면 율암리 산56-79번지,37.1685556000,126.8746844000,20181204,
화성시,정호축산,닭,육계,25000,18628,,경기도 화성시 양감면 송산리 87-1번지,37.1181747000,126.9911801000,20181204,
화성시,제일농장,닭,육계,70000,18629,경기도 화성시 양감면 송말길 58-39,경기도 화성시 양감면 송산리 1001번지,37.1019285000,126.9897314000,20181204,
화성시,주은농장,닭,육계,85000,18255,경기도 화성시 남양읍 주석로280번길 18,경기도 화성시 남양읍 북양리 577번지,37.2084610000,126.8576629000,20181204,
화성시,지월농장,닭,육계,15000,18530,,경기도 화성시 팔탄면 지월리 654번지,37.1429193000,126.8910143000,20181204,
화성시,진석농장,닭,육계,25000,18588,경기도 화성시 향남읍 도이3길 26-9,경기도 화성시 향남읍 도이리 163번지,37.1411420000,126.9214283000,20181204,
화성시,진현농장,닭,산란계,75500,18514,경기도 화성시 정남면 안념길112번길 54-44,경기도 화성시 정남면 음양리 466번지,37.1511430000,127.0225023000,20181204,
화성시,질라라비농장,닭,육계,60000,18563,경기도 화성시 우정읍 조암말미길 50-31,경기도 화성시 우정읍 조암리 산91-3번지,37.0832591000,126.8065839000,20181204,
화성시,참빛농장,닭,육계,20000,18584,경기도 화성시 장안면 중원길 5-51,경기도 화성시 장안면 사랑리 248번지 2호,37.0691438000,126.8326625000,20181204,
화성시,창은농장,닭,육계,40000,18541,경기도 화성시 마도면 청원로231번길 62-4,경기도 화성시 마도면 청원리 681번지,37.1798016000,126.7737792000,20181204,
화성시,청석골 농장,닭,산란계,18000,18626,경기도 화성시 양감면 안요골길82번길 41,경기도 화성시 양감면 사창리 660-1번지,37.1004804000,126.9617663000,20181204,
화성시,청천양계장,닭,육계,40000,18278,,경기도 화성시 남양읍 활초리 산 89번지,37.1790758000,126.8291393000,20181204,
화성시,초혜지농장,닭,육계,50000,18514,경기도 화성시 정남면 정남동로 453-76,경기도 화성시 정남면 금복리 92번지,37.1599208000,126.9998648000,20181204,
화성시,큰양계장,닭,육계,50000,18580,경기도 화성시 장안면 금의솔안길 167,경기도 화성시 장안면 금의리 600-4번지,37.1093891000,126.8293099000,20181204,
화성시,태경농장,닭,육계,23000,18279,,경기도 화성시 남양읍 온석리 491번지 3호,37.1650777000,126.8518802000,20181204,
화성시,태성농장,닭,육계,61000,18279,경기도 화성시 남양읍 온석길 22,"경기도 화성시 남양읍 온석리 494-1번지 (온석리 494-2,-3)",37.1658589000,126.8497732000,20181204,
화성시,태양농원,닭,산란계,2500,18292,,"경기도 화성시 비봉면 쌍학리 826번지 , 827",37.2230200000,126.8988170000,20181204,
화성시,태양양계농장,닭,산란계,50000,18576,경기도 화성시 팔탄면 녹막말길9번길 35,경기도 화성시 팔탄면 율암리 산67-2번지,37.1663337000,126.8698806000,20181204,
화성시,태행목장,닭,육계,150,18293,경기도 화성시 비봉면 자청로207번길 21-73,경기도 화성시 비봉면 청요리 702-4번지,37.2107982000,126.8945754000,20181204,
화성시,토종닭농장,닭,육계,1000,18570,경기도 화성시 우정읍 기아자동차로 292-73,경기도 화성시 우정읍 매향리 543-1번지,37.0472867000,126.7751223000,20181204,
화성시,툇마루농장,꿩,꿩,1000,18581,,경기도 화성시 장안면 수촌리 1434번지 6호,37.0964475000,126.8691367000,20181204,
화성시,파머스가든,닭,산란계,570000,18626,경기도 화성시 양감면 안요골길82번길 74-33,경기도 화성시 양감면 사창리 721-6번지,37.1033708000,126.9562075000,20181204,
화성시,푸른농장,닭,육계,200,18333,경기도 화성시 봉담읍 건달산로 304,경기도 화성시 봉담읍 상기리 551번지 2호,37.1971023000,126.9163785000,20181204,
화성시,한울농장,닭,육계,30000,18628,,경기도 화성시 양감면 송산리 318번지,37.1100638000,126.9811234000,20181204,
화성시,한일농장,닭,종계,20900,18279,경기도 화성시 남양읍 온석길 44-36,경기도 화성시 남양읍 온석리 488번지,37.1645574000,126.8536938000,20181204,
화성시,해뜨는농장,닭,육계,50000,18544,경기도 화성시 마도면 해운로 629-61,경기도 화성시 마도면 고모리 1번지,37.1767406000,126.7443425000,20181204,
화성시,해오름 조암농장,닭,산란계,44200,18570,경기도 화성시 우정읍 매향석천로 11-39,경기도 화성시 우정읍 매향리 503번지,37.0475646000,126.7697594000,20181204,
화성시,해창농장,꿩,꿩,150,18578,경기도 화성시 팔탄면 3.1만세로 641-14,경기도 화성시 팔탄면 해창리 산35-1번지,37.1101426000,126.8683026000,20181204,
화성시,향촌농원,닭,산란계,4400,18517,,경기도 화성시 정남면 발산리 646번지 3호,37.1521977000,126.9861768000,20181204,
화성시,현대농장,닭,육계,80000,18545,경기도 화성시 송산면 개매기길 149,경기도 화성시 송산면 독지리 318번지,37.2469879000,126.6860916000,20181204,
화성시,현대축산,닭,산란계,45000,18570,경기도 화성시 우정읍 매향석천로 11-39,경기도 화성시 우정읍 매향리 506-3번지,37.0471807000,126.7715592000,20181204,
화성시,현진농장,닭,육계,30000,18577,경기도 화성시 팔탄면 칙골길 45,경기도 화성시 팔탄면 월문리 38번지,37.1247495000,126.8690532000,20181204,
화성시,형수농장,닭,육계,35000,18278,경기도 화성시 남양읍 활초길109번길 46-35,경기도 화성시 남양읍 활초리 산 187번지 2호,37.1612199000,126.8374099000,20181204,
화성시,형수농장,닭,육계,14000,18278,경기도 화성시 남양읍 홍난파길79번길 18-11,경기도 화성시 남양읍 활초리187번지,37.1839360000,126.8379910000,20181204,
화성시,형우농장,닭,육계,20000,18626,경기도 화성시 양감면 신흥길 83,경기도 화성시 양감면 사창리 962-1번지,37.0891476000,126.9696794000,20181204,
화성시,형제농장,닭,육계,52000,18632,경기도 화성시 양감면 솔미마을길 148,경기도 화성시 양감면 대양리 109번지,37.0941227000,126.9485756000,20181204,
화성시,홍유웅농장,닭,육계,30000,18556,,경기도 화성시 서신면 홍법리 28번지,37.1711069000,126.7273935000,20181204,
화성시,화성농장,닭,종계,25000,18279,,경기도 화성시 남양읍 온석리 499-4,37.1640547000,126.8481669000,20181204,
화성시,화성양계장,닭,육계,40000,18583,경기도 화성시 장안면 장안로 454-7,경기도 화성시 장안면 독정리 221-1번지,37.0764561000,126.8639089000,20181204,
화성시,화현농장,닭,산란계,1500,18251,경기도 화성시 남양읍 남양서로619번길 84,경기도 화성시 남양읍 문호리 산 18번지,37.2645107000,126.7948635000,20181204,
화성시,황금목장,닭,육계,35000,18584,경기도 화성시 장안면 덕다길 57,경기도 화성시 장안면 덕다리 산47-1번지,37.0642328000,126.8389138000,20181204,
화성시,황기농장,닭,육계,30000,18515,경기도 화성시 정남면 덕절중앙길 80-21,경기도 화성시 정남면 덕절리 116-1번지,37.1395903000,127.0289484000,20181204,
화성시,희망축산,닭,육계,130000,18279,경기도 화성시 남양읍 온석길 44-32,경기도 화성시 남양읍 온석리 492번지,37.1637995000,126.8528847000,20181204,
화성시,희산농장,닭,육계,30000,18277,경기도 화성시 남양읍 고향의봄길216번길 78-17,경기도 화성시 남양읍 신남리 1552번지,37.1783273000,126.8226887000,20181204,

