시군명,농장명,축종명,상세구분,사육두수(마리),소재지우편번호,소재지도로명주소,소재지지번주소,WGS84위도,WGS84경도,데이터기준일자,비고
가평군,광진,닭,육계,30000,12463,,경기도 가평군 설악면 위곡리 373-3,37.6522827026,127.5169496308,20230807,
가평군,다손,닭,육계,45000,12469,,경기도 가평군 설악면 천안리 126-1,37.6347836491,127.4833062994,20230807,
가평군,대기농산(유) 농업회사법인,닭,산란계,230000,12469,경기도 가평군 설악면 유명로 1090-246,경기도 가평군 설악면 천안리 3-4번지,37.6361823588,127.4879292108,20230807,
가평군,마장,닭,웅추,96000,12402,경기도 가평군 북면 화악지암길 223-16,경기도 가평군 북면 화악리 255번지,37.9442490665,127.5749456070,20230807,
가평군,무백,닭,육계,35000,12416,경기도 가평군 가평읍 석봉로3번길 160-58,경기도 가평군 가평읍 대곡리 594번지,37.8267783324,127.4941707141,20230807,
가평군,밀마운트,닭,산란계,100,12439,,경기도 가평군 조종면 대보리 419-127,37.8189783443,127.3663712347,20230807,
가평군,상원,닭,육계,25000,12411,경기도 가평군 가평읍 잎너비길 35-237,경기도 가평군 가평읍 읍내리 87번지,37.8504013746,127.5115146165,20230807,
가평군,상철,닭,웅추,120000,12402,경기도 가평군 북면 화악지암길 223-109,경기도 가평군 북면 화악리 270-3번지,37.9432315898,127.5733739820,20230807,
가평군,새벽숲,닭,산란계,750,12432,경기도 가평군 조종면 꽃동네길 19-26,경기도 가평군 조종면 운악리 530번지,37.8825224272,127.3525425704,20230807,
가평군,샘골,닭,육계,33700,12472,경기도 가평군 설악면 평촌길 136,경기도 가평군 설악면 방일리 605번지,37.6113688647,127.4985724086,20230807,
가평군,서울,닭,산란계,5000,12402,경기도 가평군 북면 화악지암길 67-58,경기도 가평군 북면 화악리 604-1,37.9331678700,127.5670141909,20230807,
가평군,성주,닭,육계,36000,12472,경기도 가평군 설악면 양방가루재길 37-6,경기도 가평군 설악면 방일리 81-1번지,37.6262140167,127.4960449572,20230807,
가평군,승현,닭,육계,22000,12409,경기도 가평군 가평읍 각담말길 115-10,경기도 가평군 가평읍 마장리 228-1번지,37.8681207949,127.5147918002,20230807,
가평군,언덕,닭,육계,70000,12442,경기도 가평군 상면 태봉골길 135-29,경기도 가평군 청평면 고성리 438-6번지,37.8067315575,127.3391862346,20230807,
가평군,에덴2,닭,육계,48000,12472,경기도 가평군 설악면 유명로 1028-95,경기도 가평군 설악면 방일리 478-1번지,37.6303598645,127.4901061307,20230807,
가평군,오석,닭,육계,50000,12472,경기도 가평군 설악면 양방가루재길 89-31,경기도 가평군 설악면 방일리 13-4번지,37.6312435899,127.4985266951,20230807,
가평군,우리,닭,육계,58000,12431,경기도 가평군 조종면 명지산로 224,경기도 가평군 조종면 상판리 358-1번지,37.8933301392,127.3686485043,20230807,
가평군,이화,닭,웅추,89000,12409,경기도 가평군 가평읍 각담말길 134-17,경기도 가평군 가평읍 마장리 222번지,37.8679764308,127.5159742010,20230807,
가평군,일어나,닭,육계,71000,12470,경기도 가평군 설악면 엄소속골길 43-12,경기도 가평군 설악면 엄소리 399번지,37.6497470527,127.4834378946,20230807,
가평군,정자,닭,백세미,65000,12442,경기도 가평군 상면 아랫벌길 22-48,경기도 가평군 상면 태봉리 28-1번지,37.7956790739,127.3375064333,20230807,
가평군,정회,닭,육계,18000,12408,경기도 가평군 가평읍 아랫마장길 29-37,경기도 가평군 가평읍 승안리 93-20번지,37.8437953047,127.5010797827,20230807,
가평군,주영,닭,웅추,90000,12402,경기도 가평군 북면 화악지암길 223-85,경기도 가평군 북면 화악리 269-1번지,37.9430247081,127.5727022934,20230807,
가평군,주원,닭,산란계,2000,12426,,경기도 가평군 가평읍 상색리 337-2,37.7911509055,127.4748939555,20230807,
가평군,찬호,닭,산란계,300,12401,경기도 가평군 북면 가화로 2159-34,경기도 가평군 북면 도대리 282-4,37.9409284390,127.4873787852,20230807,
가평군,창진,닭,웅추,60000,12402,경기도 가평군 북면 화악지암길 160-229,경기도 가평군 북면 화악리 92번지,37.9362693575,127.5798309144,20230807,
가평군,창현,닭,육계,30000,12463,경기도 가평군 설악면 한서로210번길 103,경기도 가평군 설악면 위곡리 461-2번지,37.6608965246,127.5175283624,20230807,
가평군,커피먹인닭,닭,산란계,500,12408,,경기도 가평군 가평읍 승안리 448,37.8483401388,127.4821320759,20230807,
가평군,태우,닭,육계,36000,12463,경기도 가평군 설악면 음동길 9,경기도 가평군 설악면 위곡리 894-2번지,37.6562187599,127.5161101191,20230807,
가평군,해진,닭,육계,33300,12464,경기도 가평군 설악면 한서로156번길 23-22,경기도 가평군 설악면 창의리 156-1번지,37.6676463455,127.5080789886,20230807,
가평군,혁식,닭,백세미,73000,12463,경기도 가평군 설악면 한서로210번길 283-9,경기도 가평군 설악면 위곡리 342-1번지,37.6454289595,127.5207100048,20230807,
가평군,호현,닭,육계,155000,12402,경기도 가평군 북면 화악지암길 223-83,경기도 가평군 북면 화악리 269-2번지,37.9431690351,127.5725089571,20230807,
고양시,강매농장,닭,산란계,1000,10441,경기도 고양시 덕양구 강매로 136 (강매동),경기도 고양시 덕양구 강매동 252번지,37.6003751878,126.8433147644,20231208,
고양시,경오농장,닭,육계,120,10454,경기도 고양시 덕양구 주교동 1404번지 0호,경기도 고양시 덕양구 주교동 1404번지 0호,37.6541874290,126.8190406808,20231208,
고양시,고골농장,닭,육계,1000,10265,경기도 고양시 덕양구 관산동 605번지 13호,경기도 고양시 덕양구 관산동 605번지 13호,,,20231208,
고양시,고양축산영농조합법인,닭,육계,50000,10255,경기도 고양시 일산동구 공릉천로 406-124 (지영동),경기도 고양시 일산동구 지영동 562번지,37.7278484649,126.8318528526,20231208,
고양시,구구축산농원,닭,육계,40000,10289,경기도 고양시 일산동구 사리현로216번길 153 (사리현동),경기도 고양시 일산동구 사리현동 546번지,37.6882475905,126.8387978999,20231208,
고양시,굿모닝농장,닭,산란계,640,10313,경기도 고양시 일산동구 성석동 69번지,경기도 고양시 일산동구 성석동 69번지,37.7034673254,126.8114027523,20231208,
고양시,금화농장,닭,육계,28000,10256,경기도 고양시 일산동구 지영동 732번지 733번지,경기도 고양시 일산동구 지영동 732번지 733번지,,,20231208,
고양시,내유농장,닭,육계,30000,10264,경기도 고양시 덕양구 내유동 96번지,경기도 고양시 덕양구 내유동 96번지,37.7240980905,126.8618684740,20231208,
고양시,다온,닭,육계,14,10455,경기도 고양시 덕양구 호국로 659-16 (화정동),경기도 고양시 덕양구 화정동 795번지 5호,37.6468802364,126.8282486811,20231208,
고양시,닭미장,닭,육계,20,10276,경기도 고양시 덕양구 선유동 114번지 1호,경기도 고양시 덕양구 선유동 114번지 1호,,,20231208,
고양시,덕이축산,닭,육계,45000,10224,경기도 고양시 일산서구 송산로 464-38 (덕이동),"경기도 고양시 일산서구 덕이동 1378번지 , 1379-1, 1379-2",37.6858503342,126.7303837583,20231208,
고양시,도 농장,닭,산란계,305,10220,경기도 고양시 일산서구 법곳동 1537번지,경기도 고양시 일산서구 법곳동 1537번지,37.6678222925,126.7164420119,20231208,
고양시,동물농장,닭,육계,70,10284,경기도 고양시 덕양구 통일로493번안길 53-22 (신원동),경기도 고양시 덕양구 신원동 산 3번지 1호,37.6810066244,126.8830910610,20231208,
고양시,두메토종닭,닭,육계,74,10293,경기도 고양시 덕양구 수역이길 119-29 (성사동),경기도 고양시 덕양구 성사동 429번지 2호,37.6568312970,126.8475907340,20231208,
고양시,뜰안에,닭,산란계,50,10299,경기도 고양시 일산동구 식사동 1313번지,경기도 고양시 일산동구 식사동 1313번지,37.6763512986,126.8190993635,20231208,
고양시,루기농장,닭,육계,24000,10205,경기도 고양시 일산서구 덕산로195번길 112 (가좌동),경기도 고양시 일산서구 가좌동 545번지 1호,37.6993616068,126.7222242736,20231208,
고양시,법곳농장,닭,육계,50000,10220,경기도 고양시 일산서구 송포로113번길 191-41 (법곳동),경기도 고양시 일산서구 법곳동 748번지 7호,37.6683581258,126.7225025965,20231208,
고양시,부자농장,닭,육계,12,10276,경기도 고양시 덕양구 서리골길124번길 19-53 (선유동),경기도 고양시 덕양구 선유동 102번지,37.6937116461,126.9160043995,20231208,
고양시,산너머농장,닭,산란계,100,10329,경기도 고양시 일산동구 중산로 306-142 (성석동),경기도 고양시 일산동구 성석동 1294번지 1호,37.6986860125,126.7894067604,20231208,
고양시,서울농장,닭,산란계,12000,10299,경기도 고양시 일산동구 사리현로 96 (식사동),경기도 고양시 일산동구 식사동 산 12번지 3호,37.6894981371,126.8304050457,20231208,
고양시,송원농원,닭,산란계,1000,,경기도 고양시 덕양구 대자동 901번지 20호,경기도 고양시 덕양구 대자동 901번지 20호,,,20231208,
고양시,수진농장,닭,산란계,400,10262,경기도 고양시 덕양구 통일로 937-47 (관산동),경기도 고양시 덕양구 관산동 847번지 43호,37.6996303200,126.8548954269,20231208,
고양시,승희네농장,닭,산란계,100,10454,경기도 고양시 덕양구 주교동 1031번지 5호,경기도 고양시 덕양구 주교동 1031번지 5호,37.6534241908,126.8204355523,20231208,
고양시,신선농장,닭,육계,23000,10245,경기도 고양시 일산동구 고봉로 679-36 (성석동),경기도 고양시 일산동구 성석동 1797번지,37.7186655959,126.7874799507,20231208,
고양시,에스에프영농조합법인,닭,산란계,36000,10454,경기도 고양시 덕양구 대주로492번길 14 (주교동),경기도 고양시 덕양구 주교동 1073번지,37.6568019499,126.8247581877,20231208,
고양시,옥자농장,닭,육계,15,10276,경기도 고양시 덕양구 선유동 109번지,경기도 고양시 덕양구 선유동 109번지,37.6934360854,126.9152269952,20231208,
고양시,원당농원,닭,육계,300,10455,경기도 고양시 덕양구 화정동 806번지 1호,경기도 고양시 덕양구 화정동 806번지 1호,37.6423544799,126.8249003208,20231208,
고양시,원당농장,닭,육계,25,10290,경기도 고양시 덕양구 공양왕길 56 (원당동),경기도 고양시 덕양구 원당동 934번지,37.6756092051,126.8433099571,20231208,
고양시,원일농장,닭,육계,150,10261,경기도 고양시 일산동구 사리현동 150번지,경기도 고양시 일산동구 사리현동 150번지,37.6944324577,126.8498154193,20231208,
고양시,유나네자연숲농장,닭,산란계,500,10260,경기도 고양시 일산동구 공릉천로71번길 5 (사리현동),경기도 고양시 일산동구 사리현동 885번지,37.6994307041,126.8448467804,20231208,
고양시,유학농장,닭,육계,90,10453,경기도 고양시 일산동구 산황동 771번지 1호,경기도 고양시 일산동구 산황동 771번지 1호,,,20231208,
고양시,인호농원,닭,육계,700,10455,경기도 고양시 덕양구 호국로 551-28 (화정동),경기도 고양시 덕양구 화정동 810번지 1호,37.6379397436,126.8236368403,20231208,
고양시,장원농장,닭,육계,2500,10439,경기도 고양시 덕양구 행신로 41 (행주내동),경기도 고양시 덕양구 행주내동 653번지 1호,37.6144046475,126.8218332267,20231208,
고양시,장항양계,닭,산란계,37000,10201,경기도 고양시 일산서구 구산동 681번지,경기도 고양시 일산서구 구산동 681번지,37.6882831596,126.6925338689,20231208,
고양시,전우농장,닭,육계,90,10488,경기도 고양시 덕양구 서정로65번길 21 (도내동),경기도 고양시 덕양구 도내동 790번지 9호,37.6207427393,126.8542745828,20231208,
고양시,전일양계장,닭,육계,30000,10203,경기도 고양시 일산서구 법곳길 200-10 (법곳동),경기도 고양시 일산서구 법곳동 1602번지,37.6656042412,126.7176785293,20231208,
고양시,정석농원,닭,육계,150,10207,경기도 고양시 일산서구 구산로54번길 172-8 (구산동),경기도 고양시 일산서구 구산동 1090번지,37.6879722738,126.7105138333,20231208,
고양시,준농장,닭,산란계,200,10256,경기도 고양시 일산동구 지영로148번길 45(지영동),경기도 고양시 일산동구 지영동 736번지 737,37.7124343980,126.8252520547,20231208,
고양시,지축농장,닭,육계,300,10584,경기도 고양시 덕양구 지축동 산 88번지 6호,경기도 고양시 덕양구 지축동 산 88번지 6호,37.6490513607,126.9235624105,20231208,
고양시,청솔농장,닭,산란계,200,10425,경기도 고양시 일산서구 멱절길 45 (법곳동),경기도 고양시 일산서구 법곳동 267번지 6호,37.6593262401,126.7278913468,20231208,
고양시,청송,닭,육계,27000,10208,경기도 고양시 일산서구 가좌로140번길 29-1 (가좌동),경기도 고양시 일산서구 가좌동 951번지 1호,37.6849423998,126.7143452679,20231208,
고양시,토담농장,닭,산란계,80,10453,경기도 고양시 일산동구 산황동 693번지 3호,경기도 고양시 일산동구 산황동 693번지 3호,,,20231208,
고양시,풍동농장,닭,산란계,40,,경기도 고양시 일산동구 풍산로 129 (풍동),경기도 고양시 일산동구 풍동 1190번지 2호,37.6628819372,126.7922043083,20231208,
고양시,풍동농장,닭,산란계,350,10300,경기도 고양시 일산동구 백마로502번길 89-11 (풍동),경기도 고양시 일산동구 풍동 1012번지,37.6588071086,126.8037772960,20231208,
고양시,효성농장,닭,육계,1000,10262,경기도 고양시 덕양구 통일로 915-98 (관산동),경기도 고양시 덕양구 관산동 847번지 89호,37.6985689144,126.8520007115,20231208,
과천시,구정치,닭,닭,20,13823,경기도 과천시 궁말로 4,경기도 과천시 과천동 638-3,37.4396061917,127.0095493754,20250123,
과천시,김흥익,닭,닭,25,13820,경기도 과천시 삼부골2로 12-75,경기도 과천시 주암동 479,37.4438730909,127.0213803910,20250123,
과천시,김흥태,닭,닭,3,13825,경기도 과천시 매봉로 49,경기도 과천시 문원동 938-1,37.4125581368,126.9971599490,20250123,
과천시,대실꽃농원,닭+오리,,4,13821,경기도 과천시 광창로 24,경기도 과천시 과천동 139-13,37.4480647679,127.0082844656,20250123,
과천시,박재명,닭,닭,10,13820,경기도 과천시 추사로 53,경기도 과천시 주암동 254-1,37.4517600010,127.0258412819,20250123,
과천시,봉동훈,닭,닭,13,13826,경기도 과천시 사기막1길 4,경기도 과천시 문원동 324-3,37.4197123761,126.9986603923,20250123,
과천시,심명천,닭,닭,4,13820,경기도 과천시 삼부골2로10,경기도 과천시 주암동 440-1,37.4464279635,127.0223702883,20250123,
과천시,양광석,닭,닭,60,13827,경기도 과천시 윗배랭이길 20,경기도 과천시 문원동 180-1,37.4256192177,127.0057639822,20250123,
과천시,친환경 토종닭 농장,닭,닭,450,13825,,경기도 과천시 문원동 501,37.4137104457,126.9970907345,20250123,
과천시,할머니보리밥집,닭,닭,15,13825,경기도 과천시 매봉로 26,경기도 과천시 문원동 923-3,37.4128981922,126.9944682142,20250123,
광명시,원광농장,,육계,100,,,경기도 광명시 광명동 537번지,37.4614030000,126.8431030000,,
광주시,광주농장,산란계,,59000,12729,경기도 광주시 초월읍 신월리 409-1,경기도 광주시 초월읍 신월리 409-1,37.4108027367,127.3075375101,20240531,
광주시,길샘축산,산란계,,117400,12731,경기도 광주시 초월읍 학동리 88,경기도 광주시 초월읍 학동리 88,37.3894704471,127.3400591834,20240531,
광주시,대승농장,산란계,,38400,12735,경기도 광주시 초월읍 대쌍령리 53,경기도 광주시 초월읍 대쌍령리 53,37.3841433626,127.2935646921,20240531,
광주시,영일농장,산란계,,185000,12726,경기도 광주시 곤지암읍 유사리 355-4,경기도 광주시 곤지암읍 유사리 355-4,37.3727497075,127.4075896764,20240531,
군포시,김**,닭,육계,,15884,,경기도 군포시 대야미동 490,37.3204205562,126.9209532564,20240305,
군포시,음**,닭,육계,,,,경기도 군포시 대야미동 16,37.3353976856,126.9241755220,20240305,
군포시,주**,닭,육계,,15892,경기도 군포시 호수로 43-117,경기도 군포시 둔대동 519-1,37.3246836949,126.8813206157,20240305,
군포시,최**,닭,육계,,15887,경기도 군포시 호수로 470,경기도 군포시 대야미동 17번지,37.3358073002,126.9242955991,20240305,
김포시,가우농장,닭,산란계,16000,10030,경기도 김포시 통진읍 가현로149번길 151-13,경기도 김포시 통진읍 가현리 633번지,37.6775322074,126.5853734062,20191202,
김포시,가현농장,닭,산란계,40000,10030,경기도 김포시 통진읍 가현로 129,경기도 김포시 통진읍 가현리 604번지 6호 외 2필지,37.6751797644,126.5881683560,20191202,
김포시,가현농장,닭,산란계,8000,10030,,경기도 김포시 통진읍 가현리 산 50번지,37.6782104088,126.5840366219,20191202,
김포시,가현농장,닭,산란계,9700,10030,,경기도 김포시 통진읍 가현리 607번지,,,20191202,
김포시,갈산농장,닭,육계,260,10025,경기도 김포시 월곶면 군하로 134-34,경기도 김포시 월곶면 갈산리 440번지 1호,37.7059418899,126.5613487353,20191202,
김포시,거목농장,닭,육계,60000,10010,경기도 김포시 통진읍 월하로 586-62,경기도 김포시 통진읍 귀전리 712번지 2호,37.7082536404,126.6191548910,20191202,
김포시,공주양계장,닭,육계,12000,10045,,경기도 김포시 양촌읍 유현리 441번지,37.6342161570,126.6156197877,20191202,
김포시,규은농장,닭,산란계,14,10124,경기도 김포시 고촌읍 신기신동로 23-10,경기도 김포시 고촌읍 신곡리 439번지 43호,37.6087058951,126.7729972627,20191202,
김포시,규환농장,닭,육계,250,10006,경기도 김포시 하성면 하성로1091번길 37-14,경기도 김포시 하성면 시암리 491번지,37.7644987125,126.6367102929,20191202,
김포시,금산농장,닭,산란계,45000,10052,경기도 김포시 양촌읍 금포로1491번길 369-11,경기도 김포시 양촌읍 누산리 1036번지 111호,37.6748584657,126.6596922374,20191202,
김포시,금화농장,닭,산란계,227880,10025,경기도 김포시 월곶면 고양로 183-85,경기도 김포시 월곶면 고양리 629번지,37.6891343701,126.5391946813,20191202,
김포시,기원농장,닭,육계,24000,10029,경기도 김포시 통진읍 절골로25번길 98,경기도 김포시 통진읍 옹정리 294번지 3호,37.6846208467,126.5766784703,20191202,
김포시,기철농장,닭,육계,19000,,,경기도 김포시 양촌읍 양곡리 821번지,37.6555979844,126.6330624888,20191202,
김포시,김포 자연 농장,닭,산란계,30000,10014,경기도 김포시 통진읍 하성로 105-106,경기도 김포시 통진읍 수참리 114번지 1호,37.6856695827,126.6255803816,20191202,
김포시,김포동물농장,닭,산란계,170,10076,경기도 김포시 김포대로 1148,경기도 김포시 운양동 213번지 12호,37.6347822025,126.6953685774,20191202,
김포시,김포축산,닭,산란계,11000,10064,경기도 김포시 양촌읍 석모1로 36,경기도 김포시 양촌읍 석모리 547번지 6호,37.6546750028,126.6592735703,20191202,
김포시,깻잎농원,닭,육계,100,10123,경기도 김포시 고촌읍 금포로491번길 35-20,경기도 김포시 고촌읍 풍곡리 75번지 34호,37.6176310179,126.7674827936,20191202,
김포시,농업회사법인 (주)제일영농,닭,육계,1000,10012,,경기도 김포시 하성면 석탄리 734번지 7호,37.7204533762,126.6521694527,20191202,
김포시,담안에 농원,닭,육계,300,10006,경기도 김포시 하성면 하성로 1197-10,경기도 김포시 하성면 시암리 140번지 2호,37.7667518280,126.6453469576,20191202,
김포시,대곶농장,닭,육계,300,10040,,경기도 김포시 대곶면 율생리 570번지,37.6508217219,126.5766436748,20191202,
김포시,대명농장,닭,육계,20000,10040,경기도 김포시 대곶면 대곶로20번길 207,경기도 김포시 대곶면 대명리 57번지,37.6534145431,126.5591989649,20191202,
김포시,대명농장Ⅱ,닭,육계,25000,10040,경기도 김포시 대곶면 학의동로34번길 42,경기도 김포시 대곶면 대명리 583번지,37.6550127473,126.5584305851,20191202,
김포시,대성농장,닭,육계,20000,10049,,경기도 김포시 양촌읍 학운리 1032번지,37.6090818417,126.6002798829,20191202,
김포시,대포농장,닭,육계,30000,10048,,경기도 김포시 양촌읍 대포리 261번지 18호,,,20191202,
김포시,도수농장,닭,산란계,20000,10030,경기도 김포시 통진읍 마송2로104번길 58-25,경기도 김포시 통진읍 마송리 399번지 3호,37.6844219410,126.5893489103,20191202,
김포시,도현 농장,닭,산란계,0,10033,경기도 김포시 통진읍 율마로276번길 45-2,경기도 김포시 통진읍 가현리 798번지,37.6758593416,126.6010768499,20191202,
김포시,동해농장,닭,산란계,12000,10069,,경기도 김포시 양촌읍 구래리 742번지,,,20191202,
김포시,두레농장,닭,육계,1300,10046,경기도 김포시 대곶면 삭시갈마로 73,경기도 김포시 대곶면 대능리 700번지,37.6259596913,126.6007035995,20191202,
김포시,두우농장,닭,육계,23000,,,경기도 김포시 양촌읍 구래리 산 198번지,,,20191202,
김포시,드림농장,닭,산란계,1000,10023,경기도 김포시 월곶면 월하로 87,경기도 김포시 월곶면 갈산리 200번지,37.7133934557,126.5667459420,20191202,
김포시,루디요안 농장,닭,산란계,120,10001,경기도 김포시 월곶면 용강로437번길 45-26,경기도 김포시 월곶면 용강리 335번지 7호,37.7561449727,126.5535402997,20191202,
김포시,말무리농장,닭,산란계,5000,10010,경기도 김포시 통진읍 애기봉로571번길 128-70,경기도 김포시 통진읍 귀전리 84번지,37.7326313145,126.6068254671,20191202,
김포시,명석농장,닭,육계,20000,10022,경기도 김포시 월곶면 고척로 7,경기도 김포시 월곶면 갈산리 19번지,37.7147942666,126.5786867279,20191202,
김포시,무량농장,닭,육계,20000,10045,,경기도 김포시 양촌읍 구래리 295번지 23호,,,20191202,
김포시,문수골농원,닭,육계,35,10000,,경기도 김포시 월곶면 성동리 212번지 7호,37.7402794493,126.5343697164,20191202,
김포시,미혜농장,닭,산란계,1000,10046,,경기도 김포시 대곶면 대능리 622번지 23호,37.6212458738,126.5927044521,20191202,
김포시,미화농장,닭,산란계,12000,10030,,경기도 김포시 통진읍 가현리 625번지 8호,37.6779556025,126.5858630985,20191202,
김포시,민호농장,닭,산란계,10000,10030,경기도 김포시 통진읍 가현로85번길 76,경기도 김포시 통진읍 가현리 665번지,37.6751302882,126.5848018911,20191202,
김포시,밤농장,닭,육계,150,,,경기도 김포시 양촌읍 구래리 산 118번지,,,20191202,
김포시,방글농장,닭,산란계,12000,10013,,경기도 김포시 하성면 봉성리 258번지 2호,37.6932938038,126.6475807852,20191202,
김포시,방씨농장,닭,육계,200,10050,경기도 김포시 대곶면 약암로 522-24,경기도 김포시 대곶면 대벽리 803번지,37.6055575133,126.5618186536,20191202,
김포시,백산농원,닭,육계,10000,,,경기도 김포시 양촌읍 구래리 산 37번지,,,20191202,
김포시,범아농장,닭,산란계,30000,10020,,경기도 김포시 월곶면 포내리 산 14번지 12호,,,20191202,
김포시,병기농장,닭,육계,30000,10028,경기도 김포시 대곶면 대곶로430번길 78,경기도 김포시 대곶면 석정리 238번지,37.6788760714,126.5568816275,20191202,
김포시,봉골농장,닭,산란계,83000,10024,,"경기도 김포시 월곶면 군하리 323번지 2호 ,323-70번지",37.7075202520,126.5535918318,20191202,
김포시,봉룡농장,닭,산란계,14000,10024,경기도 김포시 월곶면 김포대로2659번길 5-178,경기도 김포시 월곶면 군하리 323번지 27호,37.7064203104,126.5524260027,20191202,
김포시,봉림농장,닭,산란계,40000,10038,경기도 김포시 통진읍 가현로 28,경기도 김포시 통진읍 가현리 810번지,37.6674447459,126.5828213367,20191202,
김포시,봉성농장,닭,산란계,30000,10015,경기도 김포시 통진읍 동을산로106번길 172-107,경기도 김포시 통진읍 동을산리 496번지,37.6932678933,126.6195590551,20191202,
김포시,부부농장,닭,육계,40000,10055,경기도 김포시 양촌읍 양곡3로 104-60,경기도 김포시 양촌읍 석모리 690번지 1호,37.6584830929,126.6411364990,20191202,
김포시,부부농장,닭,육계,35000,10056,경기도 김포시 양촌읍 양곡2로 134-78,경기도 김포시 양촌읍 양곡리 183번지 4호,37.6663774628,126.6299112616,20191202,
김포시,산골농장,닭,산란계,15000,10030,,경기도 김포시 통진읍 가현리 산 50번지 3호,37.6784346127,126.5843530530,20191202,
김포시,산천농장,닭,육계,440,10041,,경기도 김포시 대곶면 신안리 247번지 2호,37.6503500151,126.5399324052,20191202,
김포시,상권 농장,닭,산란계,147,10010,경기도 김포시 통진읍 애기봉로523번길 155,경기도 김포시 통진읍 귀전리 103번지 1호,37.7333718829,126.6022771503,20191202,
김포시,상림,닭,산란계,9000,10038,,경기도 김포시 통진읍 가현리 809번지 1호,37.6685143761,126.5835584074,20191202,
김포시,상헌농장,닭,산란계,3000,10004,경기도 김포시 하성면 평화공원로70번길 284-129,경기도 김포시 하성면 가금리 310번지,37.7375576539,126.6075153267,20191202,
김포시,샘재 양계장,닭,육계,25000,,,경기도 김포시 운양동 119번지 8호,37.6484871515,126.6985015796,20191202,
김포시,서울농장,닭,산란계,9800,10027,경기도 김포시 대곶면 율생중앙로 216,경기도 김포시 대곶면 송마리 산 56번지,37.6672119311,126.5721523551,20191202,
김포시,서울양계장,닭,육계,0,10026,경기도 김포시 대곶면 쇄암로89번길 35,경기도 김포시 대곶면 쇄암리 391번지,37.6754348221,126.5447803995,20191202,
김포시,석정농장,닭,육계,45000,10028,,경기도 김포시 대곶면 석정리 237번지,37.6794323770,126.5565683967,20191202,
김포시,성수농장,닭,육계,50000,10014,경기도 김포시 통진읍 하성로 141-32,경기도 김포시 통진읍 수참리 67번지 1호,37.6891135590,126.6305870530,20191202,
김포시,성호농장,닭,산란계,21,10013,,경기도 김포시 하성면 하사리 202번지,37.6980362926,126.6366875789,20191202,
김포시,세명농장,닭,산란계,40000,10047,,경기도 김포시 양촌읍 학운리 253번지,,,20191202,
김포시,수현2 농장,닭,육계,30000,10020,경기도 김포시 월곶면 포내로 124,경기도 김포시 월곶면 포내리 252번지 4호,37.7255878634,126.5287836788,20191202,
김포시,수현농장,닭,육계,25000,10020,경기도 김포시 월곶면 포내로 102-39,경기도 김포시 월곶면 포내리 251번지 6호,37.7242479690,126.5291529365,20191202,
김포시,시암청정농원,닭,육계,400,10006,,경기도 김포시 하성면 시암리 396번지,37.7614721242,126.6339432192,20191202,
김포시,신미농장,닭,육계,30000,10055,경기도 김포시 양촌읍 김포한강4로278번길 103-20,경기도 김포시 양촌읍 석모리 146번지,37.6562585255,126.6513312640,20191202,
김포시,써니농장,닭,산란계,22000,10030,경기도 김포시 통진읍 율마로275번길 200,경기도 김포시 통진읍 가현리 162번지 3호,37.6724170856,126.5882596686,20191202,
김포시,안골농원,닭,산란계,6000,10002,,경기도 김포시 월곶면 조강리 107번지 109호,37.7473935506,126.5862566680,20191202,
김포시,약산농장,닭,산란계,10000,10042,,경기도 김포시 대곶면 약암리 47번지 1호,,,20191202,
김포시,약산농장,닭,산란계,12000,10042,경기도 김포시 대곶면 대곶서로89번길 81-26,경기도 김포시 대곶면 약암리 산 47번지 1호,37.6344641782,126.5699667364,20191202,
김포시,약산농장,닭,육계,20000,10042,경기도 김포시 대곶면 대곶서로89번길 131,경기도 김포시 대곶면 약암리 262번지 1호,37.6356191632,126.5689889809,20191202,
김포시,약산동해농장,닭,산란계,12000,10042,경기도 김포시 대곶면 대곶서로89번길 81-26,경기도 김포시 대곶면 약암리 산 47번지 1호,37.6344641782,126.5699667364,20191202,
김포시,양지농장,닭,산란계,12000,10030,경기도 김포시 통진읍 가현로85번길 68,경기도 김포시 통진읍 가현리 668번지 3호,37.6745048841,126.5855126260,20191202,
김포시,연주농장,닭,육계,2500,10047,경기도 김포시 양촌읍 삭시갈마로 39,경기도 김포시 양촌읍 학운리 815번지 1호,37.6232433961,126.6014502273,20191202,
김포시,영경농장,닭,산란계,4,10124,,경기도 김포시 고촌읍 신곡리 183번지 3호,37.6032779975,126.7846605955,20191202,
김포시,영창농장,닭,육계,20000,10042,,경기도 김포시 대곶면 대벽리 185번지,37.6341256470,126.5788122670,20191202,
김포시,영철농장,닭,육계,25000,,,경기도 김포시 양촌읍 구래리 652번지 1호,,,20191202,
김포시,옥화농장,닭,산란계,20,10005,,경기도 김포시 하성면 마조리 209번지 17호,37.7510897284,126.6357194931,20191202,
김포시,용농장,닭,육계,0,10095,,경기도 김포시 고촌읍 향산리 906번지 1호,37.6214110326,126.7348248313,20191202,
김포시,우리집토종닭,닭,육계,300,10012,,경기도 김포시 하성면 석탄리 491번지 32호,37.7252300328,126.6320813425,20191202,
김포시,우일농장,닭,육계,30000,10010,경기도 김포시 통진읍 월하로 488,경기도 김포시 통진읍 귀전리 464번지 1호,37.7104916863,126.6099275490,20191202,
김포시,우정농장,닭,산란계,18000,10028,,경기도 김포시 대곶면 석정리 산 44번지,37.6701211714,126.5597582902,20191202,
김포시,운호농장,닭,육계,80000,,,경기도 김포시 양촌읍 누산리 1089번지 75호,37.6712065036,126.6612197170,20191202,
김포시,원기농장,닭,산란계,25000,10042,,경기도 김포시 대곶면 약암리 930번지,,,20191202,
김포시,유성농장,닭,산란계,32000,10028,경기도 김포시 대곶면 대곶북로 367-46,경기도 김포시 대곶면 석정리 46번지 2호,37.6757943978,126.5740436480,20191202,
김포시,은상농장,닭,산란계,70000,10037,경기도 김포시 대곶면 율마로256번길 146-10,경기도 김포시 대곶면 거물대리 77번지,37.6705973825,126.6036689221,20191202,
김포시,은혜농장,닭,산란계,9000,10030,,경기도 김포시 통진읍 가현리 산 50번지 3호,37.6784346127,126.5843530530,20191202,
김포시,이범주농장,닭,육계,15000,10047,경기도 김포시 양촌읍 유현삭시로 25-35,경기도 김포시 양촌읍 학운리 876번지,37.6220450978,126.6050681001,20191202,
김포시,이원행 농장,닭,육계,28000,10047,,경기도 김포시 양촌읍 학운리 399번지,37.6259933084,126.6030093086,20191202,
김포시,인집농장,닭,산란계,100,10006,,경기도 김포시 하성면 시암리 453번지 2호,,,20191202,
김포시,인천농장,닭,육계,7000,10002,,경기도 김포시 월곶면 조강리 79번지,37.7490611953,126.5865082889,20191202,
김포시,인하 농장,닭,산란계,14000,10030,경기도 김포시 통진읍 가현로85번길 107,경기도 김포시 통진읍 가현리 620번지,37.6774387865,126.5861116536,20191202,
김포시,일진농장,닭,산란계,2000,10030,경기도 김포시 통진읍 가현로230번길 76,경기도 김포시 통진읍 가현리 324번지,37.6788688330,126.5962436164,20191202,
김포시,장락농장,닭,산란계,24000,10026,,경기도 김포시 대곶면 쇄암리 447번지,37.6706239727,126.5498148989,20191202,
김포시,정윤농장,닭,육계,24000,10052,경기도 김포시 양촌읍 양곡로130번길 143,경기도 김포시 양촌읍 누산리 1036번지 158호,37.6718779346,126.6537841005,20191202,
김포시,젖가락이 행복한 농장,닭,산란계,100,10042,경기도 김포시 대곶면 대곶서로 190-28,경기도 김포시 대곶면 대벽리 174번지 1호,37.6354276917,126.5790442810,20191202,
김포시,종복농장,닭,산란계,400,10133,경기도 김포시 고촌읍 당산길 557-56,경기도 김포시 고촌읍 신곡리 710번지 4호,37.5909462393,126.7724451301,20191202,
김포시,종훈농장,닭,산란계,10000,10029,,경기도 김포시 통진읍 옹정리 산 58번지,,,20191202,
김포시,좋아좋아 토종닭 농장,닭,육계,300,10006,,경기도 김포시 하성면 시암리 218번지,37.7706970657,126.6365873022,20191202,
김포시,주일농장,닭,산란계,12000,,,경기도 김포시 양촌읍 학운리 산 20번지,,,20191202,
김포시,준희농장,닭,산란계,14500,10030,경기도 김포시 통진읍 가현로149번길 71,경기도 김포시 통진읍 가현리 622번지 3호,37.6778419125,126.5869572137,20191202,
김포시,천풍농장,닭,산란계,12000,10050,,경기도 김포시 대곶면 대벽리 1039번지,37.6176925548,126.5679208467,20191202,
김포시,청계농장,닭,산란계,20,10124,,경기도 김포시 고촌읍 신곡리 439번지 18호,37.6087501117,126.7721302387,20191202,
김포시,청솔산업,닭,육계,100,10010,경기도 김포시 통진읍 서암로 281-22,경기도 김포시 통진읍 귀전리 1008번지,37.7070618688,126.6104790761,20191202,
김포시,초롱농장,닭,산란계,3000,10027,,경기도 김포시 대곶면 송마리 178번지,,,20191202,
김포시,코코스가든,닭,산란계,1200,10127,경기도 김포시 고촌읍 이화북로 212-27,경기도 김포시 고촌읍 태리 190번지,37.6058394423,126.7456763438,20191202,
김포시,태경농장,닭,산란계,40000,10024,경기도 김포시 월곶면 김포대로2659번길 71-88,경기도 김포시 월곶면 군하리 323번지 30호,37.7058863162,126.5521491939,20191202,
김포시,태원농장,닭,육계,35000,10055,경기도 김포시 양촌읍 김포한강4로278번길 179,경기도 김포시 양촌읍 석모리 131번지 2호,37.6586021398,126.6538667914,20191202,
김포시,포내농장,닭,산란계,20000,10020,,경기도 김포시 월곶면 포내리 14번지 5호,,,20191202,
김포시,포내농장,닭,산란계,63000,10020,경기도 김포시 월곶면 김포대로2970번길 117-36,경기도 김포시 월곶면 포내리 106번지 10호,37.7285294092,126.5424079582,20191202,
김포시,푸른농장,닭,산란계,12000,,,경기도 김포시 통진읍 가현리,,,20191202,
김포시,풍진농장,닭,산란계,15000,10042,,경기도 김포시 대곶면 약암리 808번지,37.6217415118,126.5603174525,20191202,
김포시,하나농장,닭,육계,38000,10041,,경기도 김포시 대곶면 대명리 208번지,37.6532904780,126.5477331705,20191202,
김포시,하늘농장,닭,산란계,2500,10008,경기도 김포시 하성면 가금로 372-119,경기도 김포시 하성면 양택리 104번지,37.7355028154,126.6171071030,20191202,
김포시,하림농장,닭,산란계,40,10050,경기도 김포시 대곶면 약암로 598-50,경기도 김포시 대곶면 대벽리 1164번지,37.6123970804,126.5582430599,20191202,
김포시,하성농장,닭,산란계,15000,10013,경기도 김포시 하성면 하성로196번길 83,경기도 김포시 하성면 봉성리 65번지 3호,37.6921844112,126.6375947615,20191202,
김포시,학운농장,닭,육계,25000,10047,,경기도 김포시 양촌읍 학운리 399번지,37.6259933084,126.6030093086,20191202,
김포시,한우리농장,닭,산란계,140000,10033,경기도 김포시 통진읍 율마로276번길 45-1,경기도 김포시 통진읍 가현리 798번지 1호,37.6757060463,126.6010673597,20191202,
김포시,한우리농장,닭,산란계,1500,10050,경기도 김포시 대곶면 천호로116번길 133,경기도 김포시 대곶면 대벽리 1102번지,37.6133492746,126.5691987307,20191202,
김포시,향산리농장,닭,산란계,520,10094,경기도 김포시 고촌읍 금파로319번길 81,경기도 김포시 고촌읍 향산리 810번지,37.6257487313,126.7357067746,20191202,
김포시,호은농장,닭,육계,35000,10005,경기도 김포시 하성면 하성로 873-95,경기도 김포시 하성면 마조리 325번지,37.7498006773,126.6284358809,20191202,
김포시,효운농장,닭,육계,35000,10045,,경기도 김포시 양촌읍 유현리 444번지 1호,37.6347379652,126.6153904973,20191202,
김포시,희망농장,닭,육계,20000,,,경기도 김포시 마산동 422번지,37.6344364230,126.6454481124,20191202,
남양주시,강씨네한방백봉오골계,닭,토종닭,100,12076,경기도 남양주시 별내면 용암도감말길 33,경기도 남양주시 별내면 용암리 28,37.7168240119,127.1306080221,20250522,
남양주시,고센씨암탉,닭,토종닭,1900,12202,경기도 남양주시 와부읍 수레로640번길 96,경기도 남양주시 와부읍 월문리 83-29,37.6152743957,127.2802367955,20250522,
남양주시,그린농장,닭,산란계,76000,12139,경기도 남양주시 진건읍 경춘북로669번길 21-19,경기도 남양주시 진건읍 진관리 689번지,37.6515731303,127.1594538201,20250522,
남양주시,김재기,닭,토종닭,300,12246,,경기도 남양주시 이패동 483,37.6092973578,127.1920840084,20250522,
남양주시,다산농장,닭,토종닭,570,12247,,경기도 남양주시 진건읍 배양리 915-1,37.6340998878,127.1525726313,20250522,
남양주시,말바위농장,닭,토종닭,100,12202,경기도 남양주시 와부읍 수레로 498,경기도 남양주시 와부읍 월문리 325-3,37.6081224657,127.2595695873,20250522,
남양주시,민병작,닭,토종닭,100,12204,,경기도 남양주시 와부읍 덕소리 356-1,37.5997658488,127.2151159680,20250522,
남양주시,박학현,닭,토종닭,170,12217,경기도 남양주시 평내동 경춘로1209번길 77-121,경기도 남양주시 평내동 산 2-19,37.6495457768,127.2177532576,20250522,
남양주시,세원농장,닭,토종닭,380,,,경기도 남양주시 이패동 562-49,37.6075414793,127.1866246050,20250522,
남양주시,양지농원,닭,토종닭,1300,12021,경기도 남양주시 진접읍 진벌로188번길 62-109,경기도 남양주시 진접읍 진벌리 산 36,37.7327705287,127.2312604555,20250522,
남양주시,유인농장,닭,산란계,34000,12199,경기도 남양주시 화도읍 재재기로74번길 105-68,경기도 남양주시 화도읍 차산리 850,37.6247017497,127.2897282096,20250522,
남양주시,재길농장,닭,토종닭,270,12246,,경기도 남양주시 이패동 20-1,37.6158851861,127.2090522890,20250522,
남양주시,지둔농장,닭,육계,47000,12028,경기도 남양주시 수동면 지둔로371번길 10-40,경기도 남양주시 수동면 지둔리 316,37.7180415350,127.2984057523,20250522,
남양주시,채율농장,닭,산란계,400,12032,,경기도 남양주시 화도읍 가곡리 74-1,37.6892850250,127.3084873937,20250522,
동두천시,계룡농장,닭,종계,20340,11341,경기도 동두천시 삼육사로548번길 42,경기도 동두천시 상패동 1007번지,37.9080685957,127.0127582701,20240430,
동두천시,장양농장,닭,산란계,65000,11304,경기도 동두천시 안흥로 107-98,경기도 동두천시 안흥동 233-3번지,37.9217972752,127.0401220954,20240430,
성남시,김종선,닭,토종닭,350,13431,경기도 성남시 중원구 여수울로 113,경기도 성남시 중원구 여수동 518-5,37.4173899590,127.1406611891,20220608,
성남시,김흥중,닭,토종닭,18,13230,,경기도 성남시 중원구 상대원동 489-2,37.4294704310,127.1762638027,20220608,
성남시,박득용,닭,토종닭,700,13431,경기도 성남시 중원구 여수울로 113,경기도 성남시 중원구 여수동 518-5,37.4173899590,127.1406611891,20220608,
성남시,박성만,닭,토종닭,200,,,경기도 성남시 중원구 성남동 4845,37.4237488269,127.1261809182,20220608,
성남시,박양호,닭,토종닭,4,,,경기도 성남시 분당구 대장동 378,37.3662512111,127.0613348363,20220608,
성남시,박철남,닭,토종닭,1300,13431,경기도 성남시 중원구 여수울로 113,경기도 성남시 중원구 여수동 518-5,37.4173899590,127.1406611891,20220608,
성남시,유왕열,닭,육계,20000,13546,경기도 성남시 분당구 벌장투리로24번길 37,경기도 성남시 분당구 대장동 366,37.3638160455,127.0616629827,20220608,
성남시,유한섭,닭,토종닭,90,,,경기도 성남시 분당구 율동 26,37.3851467600,127.1658186738,20220608,
성남시,윤건중,닭,토종닭,170,13544,,경기도 성남시 분당구 대장동 62,37.3762489142,127.0681054184,20220608,
성남시,이대근,닭,토종닭,40,,,경기도 성남시 분당구 율동 15,37.3855341931,127.1658195121,20220608,
성남시,이사영,닭,토종닭,100,13442,경기도 성남시 수정구 청계산로449번길 9,경기도 성남시 수정구 상적동 202,37.4352140990,127.0715332478,20220608,
성남시,이종국,닭,토종닭,5,13544,경기도 성남시 분당구 고기로 408,경기도 성남시 분당구 대장동 341-2,37.3602664698,127.0646083575,20220608,
성남시,이진철,닭,토종닭,5,13184,경기도 성남시 중원구 금빛로2번길 35,경기도 성남시 중원구 금광동 2449-1,37.4449101617,127.1724233525,20220608,
성남시,전철진,닭,토종닭,22,13230,,경기도 성남시 중원구 상대원동 484-1,37.4288848307,127.1762285581,20220608,
시흥시,골월농장,닭,육계,100,,,경기도 시흥시 산현동 259번지,37.3779175659,126.8314027402,20210625,
시흥시,도창농장,닭,육계,70,14942,경기도 시흥시 매화로 157,경기도 시흥시 도창동 80번지 1호,37.4099708085,126.8188668104,20210625,
시흥시,목감농장,닭,육계,300,14990,경기도 시흥시 지석묘길 82,경기도 시흥시 조남동 476번지 6호,37.3662081336,126.8539778164,20210625,
시흥시,반석농장,닭,육계,400,14930,,경기도 시흥시 안현동 116번지 8,37.4322719026,126.8115740863,20210625,
시흥시,앨림 애니멀 파크,닭,육계,50,15005,경기도 시흥시 달월길 180 (월곶동),경기도 시흥시 월곶동 678-6,37.3819115096,126.7489418189,20210625,
시흥시,온누리농장,닭,육계,60,15018,경기도 시흥시 마유로 503-1 (정왕동),경기도 시흥시 정왕동 871-39,37.3605626162,126.7453943109,20210625,
시흥시,청우목장,닭,육계,11,,,경기도 시흥시 하중동 778번지 1호,37.3891112562,126.7992963699,20210625,
안산시,갈매골농장,가금,닭,250,15210,경기도 안산시 단원구 꽃우물길 103-55,경기도 안산시 단원구 화정동 507(꽃우물길 103-55),37.3618058880,126.8274668660,20240222,
안산시,경한성목장,가금,닭,11,15301,경기도 안산시 상록구 수풍길 64,경기도 안산시 상록구 부곡동 273-3,37.3381008733,126.8719423241,20240222,
안산시,권기석,가금,닭,8,15406,경기도 안산시 단원구 바라지길 14,경기도 안산시 단원구 신길동 377-1(바라지길 14),37.3327130581,126.7615440427,20240222,
안산시,권익,가금,닭,31,15201,경기도 안산시 상록구 산신길 45-11,경기도 안산시 상록구 장상동 154,37.3569437382,126.8795541070,20240222,
안산시,김경희,가금,닭,2,15201,경기도 안산시 상록구 산신길 26,경기도 안산시 상록구 장상동 136,37.3565113672,126.8761814363,20240222,
안산시,김경희,가금,닭,17,15210,,경기도 안산시 단원구 화정동 458,37.3554175234,126.8241286346,20240222,
안산시,김명수,가금,닭,2,15638,,경기도 안산시 단원구 대부북동 1857-12,37.2750066159,126.5686016291,20240222,
안산시,김산기,가금,닭,10,15301,,경기도 안산시 상록구 부곡동 71-1,37.3402579164,126.8683445408,20240222,
안산시,김상우,가금,닭,20,15210,,경기도 안산시 단원구 화정동 499,37.3611440767,126.8275465803,20240222,
안산시,김상희,가금,닭,50,15646,,경기도 안산시 단원구 대부북동 산 253-3,37.2453970038,126.5705185260,20240222,
안산시,김선열,가금,닭,20,15207,,경기도 안산시 상록구 부곡동 2-84,37.3468885481,126.8675991348,20240222,
안산시,김수자,가금,닭,6,15398,,경기도 안산시 단원구 신길동 216-411(터진목길 120-5),37.3410296788,126.7681896275,20240222,
안산시,김영언,가금,닭,30,15648,경기도 안산시 단원구 막골길 70,경기도 안산시 단원구 대부남동 330-2(막골길 70),37.2336663868,126.5773255868,20240222,
안산시,김영옥,가금,닭,10,15519,경기도 안산시 상록구 반월천북길 65,경기도 안산시 상록구 팔곡일동 309-3(반월천북길 75),37.3065946551,126.8938364187,20240222,
안산시,김용순,가금,닭,37,15207,,경기도 안산시 상록구 부곡동 207-1,37.3388350921,126.8612942135,20240222,
안산시,김종선,가금,닭,10,15208,경기도 안산시 단원구 순환로 379,경기도 안산시 단원구 와동 57,37.3451840897,126.8321537288,20240222,
안산시,김진덕,가금,닭,80,15208,경기도 안산시 상록구 가루개로 75,경기도 안산시 상록구 양상동 159-17(오리골길 15-1),37.3478071060,126.8418063774,20240222,
안산시,김진덕,가금,닭,130,15208,,경기도 안산시 상록구 양상동 289-3,37.3443341189,126.8562167419,20240222,
안산시,김진오,가금,닭,23,15427,경기도 안산시 단원구 강촌로 197,경기도 안산시 단원구 목내동 산 56-1(강촌로 197),37.3182791852,126.7712557657,20240222,
안산시,김태진,가금,닭,5,15208,,경기도 안산시 상록구 양상동 28-5(화정로안길 ),37.3560319602,126.8511824868,20240222,
안산시,남궁연옥,가금,닭,27,15524,,경기도 안산시 상록구 사사동 316(사사안골3길 ),37.2905127120,126.9168694584,20240222,
안산시,남천희,가금,닭,20,15203,경기도 안산시 상록구 수인로 2087-36,경기도 안산시 상록구 수암동 73-2,37.3664936741,126.8735465291,20240222,
안산시,대영농원,가금,닭,20,15519,경기도 안산시 상록구 반월천북길 59-4,경기도 안산시 상록구 팔곡일동 312-3,37.3061173464,126.8939192397,20240222,
안산시,라명국,가금,닭,4,15644,경기도 안산시 단원구 솔따배기길 78-1,경기도 안산시 단원구 대부동동 649-2,37.2361341279,126.6016802013,20240222,
안산시,목성균,가금,닭,10,15208,,경기도 안산시 상록구 양상동 265,37.3412845024,126.8528823275,20240222,
안산시,박우진,가금,닭,40,15208,,경기도 안산시 상록구 양상동 262,37.3416450512,126.8529944605,20240222,
안산시,반월농장,가금,닭,20,15519,경기도 안산시 상록구 반월천북길 77,경기도 안산시 상록구 팔곡일동 309,37.3074103680,126.8929496874,20240222,
안산시,배호춘,가금,닭,4,15208,,경기도 안산시 단원구 와동 56-1,37.3446431520,126.8314107204,20240222,
안산시,백암농원,가금,닭,50,15647,경기도 안산시 단원구 한사위길 10,경기도 안산시 단원구 대부남동 1178-3(한사위길 10),37.2281518029,126.5479494349,20240222,
안산시,삼호농장,가금,닭,10,15301,경기도 안산시 상록구 만수동천길 39,경기도 안산시 상록구 부곡동 237-2(만수동천길 39),37.3430865455,126.8738426362,20240222,
안산시,세계 승마클럽,가금,닭,19,,,경기도 안산시 상록구 장상동 45(안산벌말1길 9),,,20240222,
안산시,신갑수,가금,닭,5,15649,,경기도 안산시 단원구 대부남동 446-1(부흥로 113-5),37.2231505613,126.5881323201,20240222,
안산시,신길농장,가금,닭,30,15399,경기도 안산시 단원구 풀무길 33-11,경기도 안산시 단원구 신길동 99-2(풀무길 33-11),37.3399440733,126.7779328855,20240222,
안산시,신성만,가금,닭,40,15208,,경기도 안산시 상록구 양상동 263,37.3417271834,126.8538181034,20240222,
안산시,신성주,가금,닭,300,15208,,경기도 안산시 상록구 양상동 263,37.3417271834,126.8538181034,20240222,
안산시,신윤성,가금,닭,24,15644,경기도 안산시 단원구 솔따배기길 125-3,경기도 안산시 단원구 대부동동 596-1(솔따배기길 125-3),37.2394324423,126.6015846880,20240222,
안산시,안옥희,가금,닭,10,15301,,경기도 안산시 상록구 부곡동 241,37.3438076497,126.8762605095,20240222,
안산시,안치형,가금,닭,50,15201,경기도 안산시 상록구 양달말길 79-2,경기도 안산시 상록구 장상동 312-3,37.3528337651,126.8796105178,20240222,
안산시,엄경숙,가금,닭,90,15644,경기도 안산시 단원구 동주길 20,경기도 안산시 단원구 대부동동 650-12(동주길 20),37.2348270376,126.6028568683,20240222,
안산시,엘림하우스,가금,닭,13,15208,경기도 안산시 단원구 순환로 375-2,경기도 안산시 단원구 와동 63(순환로 375-2),37.3459281475,126.8330277685,20240222,
안산시,오을영,가금,닭,15,15526,경기도 안산시 상록구 정동길 13,경기도 안산시 상록구 팔곡일동 570-5,37.2985864992,126.8878303943,20240222,
안산시,용국목장,가금,닭,60,15208,경기도 안산시 상록구 장하로 182-48,경기도 안산시 상록구 장하동 130,37.3503041559,126.8632596674,20240222,
안산시,용농장,가금,닭,8,15201,,경기도 안산시 상록구 장상동 397-2,37.3494724087,126.8738244685,20240222,
안산시,유귀임,가금,닭,5,15200,경기도 안산시 상록구 지장골길 51-21,경기도 안산시 상록구 수암동 16(지장골길 51-21),37.3715987080,126.8810145888,20240222,
안산시,이규호,가금,닭,10,15653,,경기도 안산시 단원구 대부남동 964(고랫부리길 15-5),37.2110741515,126.5648789326,20240222,
안산시,이기풍,가금,닭,9,15519,경기도 안산시 상록구 능앞길 69-1,경기도 안산시 상록구 팔곡일동 340-2(능앞길 69-1),37.3062002490,126.8925080470,20240222,
안산시,이용호,가금,닭,50,15201,경기도 안산시 상록구 산신길 45-30,경기도 안산시 상록구 장상동 148,37.3559580132,126.8772248482,20240222,
안산시,이우희,가금,닭,11,15208,,경기도 안산시 상록구 장하동 267,37.3485561574,126.8605423684,20240222,
안산시,이진우,가금,닭,15,15519,경기도 안산시 상록구 목장길 36-6,경기도 안산시 상록구 팔곡일동 19-6(목장길 36-8),37.3138120810,126.8845921926,20240222,
안산시,임장록,가금,닭,20,15642,경기도 안산시 단원구 당전길 39,경기도 안산시 단원구 대부동동 914(당전길 39),37.2460115764,126.6002776070,20240222,
안산시,임재도,가금,닭,400,15208,,경기도 안산시 상록구 양상동 263,37.3417271834,126.8538181034,20240222,
안산시,장진배,가금,닭,7,15207,,경기도 안산시 상록구 부곡동 2-70,37.3458615467,126.8677364050,20240222,
안산시,장창진,가금,닭,9,15521,,경기도 안산시 상록구 건건동 산 69,37.3133091318,126.9059011425,20240222,
안산시,정승영,가금,닭,40,15208,,경기도 안산시 상록구 양상동 210(버대길 46-5),37.3462556664,126.8509651572,20240222,
안산시,정종인,가금,닭,3,15521,,경기도 안산시 상록구 건건동 434-13,37.3102316127,126.9108797136,20240222,
안산시,조문형,가금,닭,50,15527,,경기도 안산시 상록구 본오동 409,37.2842299161,126.8742065992,20240222,
안산시,조영대,가금,닭,50,15207,,경기도 안산시 상록구 부곡동 117-1,37.3404995626,126.8592936734,20240222,
안산시,조영제,가금,닭,30,15210,경기도 안산시 단원구 달미산길 89,경기도 안산시 단원구 선부동 242(달미산길 89),37.3555808428,126.8139386593,20240222,
안산시,착한목장,가금,닭,15,15519,경기도 안산시 상록구 수리실고개길 15,경기도 안산시 상록구 팔곡일동 4-1(수리실고개길 15),37.3177465688,126.8854517047,20240222,
안산시,천종대,가금,닭,20,15208,경기도 안산시 상록구 가루개로 56,경기도 안산시 상록구 양상동 167-1,37.3464561377,126.8403843137,20240222,
안산시,최복남,가금,닭,25,,,경기도 안산시 상록구 장하동 290-7,37.3495841528,126.8612401716,20240222,
안산시,최태범,가금,닭,30,15210,,경기도 안산시 단원구 화정동 452-4,37.3545859712,126.8224037052,20240222,
안산시,하늘바람,가금,닭,72,,,경기도 안산시 상록구 건건동 318-1(건건로 137),37.3134259681,126.9055400071,20240222,
안산시,한순오,가금,닭,18,15522,경기도 안산시 상록구 능앞길 3-22,경기도 안산시 상록구 팔곡일동 산 43-8,37.3007265471,126.8903066801,20240222,
안산시,해동농장,가금,닭,200,15210,경기도 안산시 단원구 금화로 171,경기도 안산시 단원구 화정동 산 86-10,37.3624338974,126.8285340580,20240222,
안산시,혜준농장,가금,닭,30,15520,,경기도 안산시 상록구 건건동 219,37.3137839464,126.9026290879,20240222,
안산시,화정농장,가금,닭,15,15209,경기도 안산시 단원구 꽃우물길 143,경기도 안산시 단원구 화정동 129(꽃우물길 143),37.3585447574,126.8277895594,20240222,
안산시,황태종,가금,닭,15,15301,경기도 안산시 상록구 청곡길 28,경기도 안산시 상록구 부곡동 74,37.3410889686,126.8677177749,20240222,
안성시,(주)한강식품 안성농장,닭,육계,70000,17596,경기도 안성시 중리동 79번지 7호,경기도 안성시 발화대길 301-52(중리동),36.9789954496,127.2892823291,20240208,
안성시,NES농장,닭,산란계,100000,17527,경기도 안성시 일죽면 능국리 7번지 1호,경기도 안성시 일죽면 국동길 78-86,37.1118797316,127.5022371094,20240208,
안성시,NES농장2,닭,산란계,110000,17527,경기도 안성시 일죽면 능국리 4번지 외 1필지(4-2),경기도 안성시 일죽면 국동길 78-64,37.1109633919,127.4999775192,20240208,
안성시,강덕농장,닭,종계,48950,17604,"경기도 안성시 미양면 강덕리 101번지 6호 , 101-4",경기도 안성시 미양면 강덕3길 23,36.9509465581,127.2251590035,20240208,
안성시,강릉농장,닭,육계,55000,17533,경기도 안성시 일죽면 금산리 134번지,경기도 안성시 일죽면 금산리 134번지,,,20240208,
안성시,경기농장,닭,산란계,27800,17557,경기도 안성시 원곡면 반제리 430번지 외1필지,경기도 안성시 원곡면 기업단지로 237-30,37.0158883157,127.1597708929,20240208,
안성시,경운농장,닭,종계,27000,17531,경기도 안성시 일죽면 장암리 237번지 5호,경기도 안성시 일죽면 장암리 237번지 5호,,,20240208,
안성시,계림농원,닭,육계,50000,17608,경기도 안성시 서운면 현매리 628번지 1호,경기도 안성시 서운면 서미로 141-107,36.9312256739,127.2129095868,20240208,
안성시,구오농장,닭,육계,55000,17606,경기도 안성시 서운면 신능리 141번지 1호,경기도 안성시 서운면 신동촌길 68-21,,,20240208,
안성시,구칠농장,닭,산란계,0,17604,경기도 안성시 미양면 고지리 69번지 4호 (위쪽축사),"경기도 안성시 미양면 고지1길 131-52, (위쪽축사)",36.9556448836,127.2220532058,20240208,
안성시,금강농장,닭,육계,45000,17554,경기도 안성시 원곡면 성주리 342번지 2호,경기도 안성시 원곡면 천덕산로 524,,,20240208,
안성시,금광농장,닭,종계,22000,17534,경기도 안성시 금광면 사흥리 118번지 외 1필지(119),경기도 안성시 금광면 사흥길 169-66,37.0025800905,127.3739281893,20240208,
안성시,금평농장,닭,육계,8000,17533,경기도 안성시 일죽면 금산리 산 14번지 1호,경기도 안성시 일죽면 율동길 73-84,37.0774355493,127.5037092397,20240208,
안성시,길담농장,오리,오리,20000,17506,경기도 안성시 보개면 동평리 32번지,경기도 안성시 보개면 동평길 134-66,37.0843274250,127.3278309520,20240208,
안성시,길담농장,오리,,20000,17506,경기도 안성시 보개면 동평길 134-66,경기도 안성시 보개면 동평리 32번지,37.0843274250,127.3278309520,20240208,
안성시,꼬꼬농장,닭,육계,69664,17508,경기도 안성시 보개면 내방리 228번지 4호 외 4필지,경기도 안성시 보개면 내방길 55-36,37.0204198687,127.3126861800,20240208,
안성시,나루농장,닭,육계,55000,17509,경기도 안성시 보개면 적가리 199번지,경기도 안성시 보개면 한사울길 212,37.0526887688,127.2846475481,20240208,
안성시,남풍농원,닭,육계,500,17507,경기도 안성시 보개면 남풍리 944번지 1호,경기도 안성시 보개면 남풍리 944번지 1호,37.0789649289,127.3081983073,20240208,
안성시,노동 농장,오리,오리,6000,17527,경기도 안성시 일죽면 능국리 678번지 3호,경기도 안성시 일죽면 능국리 678번지 3호,,,20240208,
안성시,노동 농장,오리,,6000,17527,,경기도 안성시 일죽면 능국리 678번지 3호,,,20240208,
안성시,농부마을,닭,산란계,0,17512,경기도 안성시 삼죽면 내장리 211번지,경기도 안성시 삼죽면 월앙길 50-40,37.0802716314,127.3987764580,20240208,
안성시,농업회사법인 골드아이(유),닭,산란계,570960,17527,경기도 안성시 일죽면 능국리 310번지 1호,경기도 안성시 일죽면 서동대로 7626-29,,,20240208,
안성시,농업회사법인 선유팜 주식회사,닭,산란계,40000,17526,경기도 안성시 일죽면 신흥리 899번지 3호,경기도 안성시 일죽면 선유동길 23-68,37.1233727928,127.4632104225,20240208,
안성시,농업회사법인 주식회사 명계 안성지점,닭,산란계,27216,17531,경기도 안성시 일죽면 죽림리 880번지 외 1필지,경기도 안성시 일죽면 장암로 276-35,37.0724331872,127.4463279167,20240208,
안성시,농업회사법인 티지에프(주),닭,산란계,783000,17534,경기도 안성시 금광면 삼흥리 647번지 1호 (외10필지),"경기도 안성시 금광면 조령길 73-105, (외10필지)",37.0277185476,127.3633406736,20240208,
안성시,농업회사법인(주)알로팜 명당지점,닭,산란계,330000,17542,경기도 안성시 대덕면 명당리 173번지 1호 외 5필지,경기도 안성시 대덕면 만세로 388,37.0445048594,127.2128118927,20240208,
안성시,다모아부화장,오리,,7560,17603,경기도 안성시 미양면 고지리 426번지,경기도 안성시 미양면 신고지길 125,36.9640675842,127.2083512331,20240208,
안성시,대박농장,오리,오리,6000,17527,경기도 안성시 일죽면 능국리 884번지 5호 외 1필지,경기도 안성시 일죽면 지내동길 21-33 (외 1필지),37.1114670980,127.4839047669,20240208,
안성시,대박농장,닭,육계,40000,17565,경기도 안성시 공도읍 중복리 259번지 1호,경기도 안성시 공도읍 원중복길 67,,,20240208,
안성시,대박농장,오리,,6000,17527,경기도 안성시 일죽면 지내동길 21-33 (외 1필지),경기도 안성시 일죽면 능국리 884번지 5호 외 1필지,37.1114670980,127.4839047669,20240208,
안성시,대성농장,닭,육계,60000,17533,경기도 안성시 일죽면 금산리 130번지,경기도 안성시 일죽면 율동길 53-17,37.0731842881,127.5071661322,20240208,
안성시,대율,오리,,8568,17608,경기도 안성시 서운면 송죽길 70,경기도 안성시 서운면 현매리 188번지 5호,36.9333182751,127.2269179120,20240208,
안성시,대율농장,오리,오리,0,17608,"경기도 안성시 서운면 현매리 188번지 5호 , -6, -7",경기도 안성시 서운면 송죽길 70,36.9333182751,127.2269179120,20240208,
안성시,대현농장,오리,오리,10000,17607,경기도 안성시 서운면 신촌리 260번지 1호,경기도 안성시 서운면 신촌리 260번지 1호,36.9383954885,127.2559331963,20240208,
안성시,대현농장,오리,,10000,17607,,경기도 안성시 서운면 신촌리 260번지 1호,36.9383954885,127.2559331963,20240208,
안성시,대화 오리농장DHD,오리,오리,5500,17526,경기도 안성시 일죽면 화곡리 637번지 1호 외1필지,경기도 안성시 일죽면 죽화로 260-19,37.1060591570,127.4525617725,20240208,
안성시,도란도란,닭,산란계,138000,17507,경기도 안성시 보개면 남풍리 732번지,경기도 안성시 보개면 가재울길 100-23,37.0639861701,127.3126466066,20240208,
안성시,동신농장,닭,육계,71400,17510,경기도 안성시 보개면 동신리 655번지 외 3필지,경기도 안성시 보개면 동문이길 57,36.9999189782,127.2950239002,20240208,
안성시,두교농장,닭,육계,40000,17524,경기도 안성시 죽산면 두교리 103번지,경기도 안성시 죽산면 용대길 70-5,37.0152821969,127.4464693067,20240208,
안성시,두메축산,닭,산란계,186400,17528,"경기도 안성시 일죽면 산북리 108번지 4호 번지 외 6필지(108,108-6,107,107-2,104-1,104-4)",경기도 안성시 일죽면 주래본죽로 398-25,37.0850737005,127.5126804986,20240208,
안성시,두평마을회,닭,육계,37000,17520,경기도 안성시 죽산면 두현리 327번지 외 2필지,"경기도 안성시 죽산면 두평길 47-32, 외 2필지",37.0645201556,127.4055014876,20240208,
안성시,드림팜,닭,육계,90000,17603,"경기도 안성시 미양면 법전리 55번지 외 2필지(52번지, 52-1번지)","경기도 안성시 미양면 서미로 257 (외 2필지(52번지, 52-1번지))",36.9468196999,127.2144481068,20240208,
안성시,마전농장,오리,,15000,17515,,경기도 안성시 삼죽면 마전리 132번지 1호,37.0405193763,127.3467894224,20240208,
안성시,만우농장,닭,육계,30000,17509,경기도 안성시 보개면 적가리 194번지,경기도 안성시 보개면 한사울길 212,37.0526887688,127.2846475481,20240208,
안성시,명근농장,닭,산란계,35000,17501,경기도 안성시 양성면 장서리 407번지 9호,경기도 안성시 양성면 양성로 519-65,,,20240208,
안성시,민호농장,닭,육계,38000,17540,경기도 안성시 대덕면 삼한리 117번지,경기도 안성시 대덕면 한사울길 167,37.0567494652,127.2820379422,20240208,
안성시,병일농장,닭,육계,45000,17508,경기도 안성시 보개면 복평리 75번지 2호,경기도 안성시 보개면 복평리 75번지 2호,,,20240208,
안성시,봄양계장,닭,산란계,14000,17534,경기도 안성시 금광면 삼흥리 405번지,경기도 안성시 금광면 조령길 25,37.0172737274,127.3658437544,20240208,
안성시,부희농장,오리,,16000,17604,,경기도 안성시 미양면 강덕리 77번지 3호,36.9564185451,127.2283272791,20240208,
안성시,북좌농장,닭,육계,20000,17508,경기도 안성시 보개면 북좌리 50번지,경기도 안성시 보개면 보개산로 276,37.0419522204,127.3349661486,20240208,
안성시,사오농장,닭,육계,100000,17507,경기도 안성시 보개면 남풍리 243번지,경기도 안성시 보개면 남풍길 223,37.0669972457,127.3246304634,20240208,
안성시,삼학농장,닭,산란계,45000,17532,경기도 안성시 일죽면 화봉리 191번지,경기도 안성시 일죽면 금일로 140-64,37.0638025992,127.4819081911,20240208,
안성시,삼한농장,닭,육계,85000,17503,경기도 안성시 양성면 삼암리 477번지 5호,경기도 안성시 양성면 정자말길 65-75,,,20240208,
안성시,상록농장,닭,육계,66500,17537,"경기도 안성시 금광면 현곡리 137번지 외 2필지(141, 142)",경기도 안성시 금광면 현곡길 67-9,36.9816912774,127.3487484619,20240208,
안성시,상수리숲농장,닭,산란계,1500,17503,경기도 안성시 양성면 방신리 68번지 2호,경기도 안성시 양성면 성하길 60-7,37.0348535695,127.1765203070,20240208,
안성시,서부농장,닭,종계,14500,17554,경기도 안성시 원곡면 성주리 321번지 1호,경기도 안성시 원곡면 천덕산로 531-21,37.0889457894,127.1523558141,20240208,
안성시,서운농장,닭,산란계,276683,17607,경기도 안성시 서운면 신촌리 280번지 2호 외 1필지,경기도 안성시 서운면 서운로 229 (외 1필지),36.9342969441,127.2628706116,20240208,
안성시,서윤농장,닭,육계,50000,17508,경기도 안성시 보개면 내방리 38번지 2호 (외 4필지),경기도 안성시 보개면 내방리 38번지 2호 (외 4필지),37.0225472195,127.3126584728,20240208,
안성시,서현농장,닭,육계,32000,17596,경기도 안성시 중리동 388번지 2호,경기도 안성시 샛터1길 41-34 (중리동),36.9863361931,127.2746813130,20240208,
안성시,석우농장,닭,육계,73000,17508,경기도 안성시 보개면 양복리 696번지 외2필지,경기도 안성시 보개면 양복리 696번지 외2필지,37.0121069931,127.3114250981,20240208,
안성시,석찬 농장,닭,육계,0,17505,경기도 안성시 고삼면 신창리 364번지 외 3필지,경기도 안성시 고삼면 범골길 67-22,37.0751492104,127.2423401777,20240208,
안성시,선암농장,닭,육계,10000,17536,경기도 안성시 금광면 개산리 10번지 1호 외 1필지(11),경기도 안성시 금광면 배티로 1009-92,36.9889863774,127.2909403737,20240208,
안성시,선유 칠면조 농장,칠면조,,1500,17526,경기도 안성시 일죽면 신흥리 907번지 0호,경기도 안성시 일죽면 선유동길 23-87,37.1227482974,127.4631217751,20240208,
안성시,선일농장,닭,육계,80000,17534,경기도 안성시 금광면 사흥리 131번지 1호,경기도 안성시 금광면 사흥길 169-44,37.0011379270,127.3724511795,20240208,
안성시,성공농장,닭,육계,42000,17608,경기도 안성시 서운면 현매리 116번지 2호 (외1필지),"경기도 안성시 서운면 매향길 122, (외1필지)",36.9407279369,127.2307546723,20240208,
안성시,성욱농장,오리,오리,9000,17541,경기도 안성시 대덕면 무능리 243번지,경기도 안성시 대덕면 무능로 177-13,37.0480948655,127.2252027356,20240208,
안성시,성욱농장,오리,,9000,17541,경기도 안성시 대덕면 무능로 177-13,경기도 안성시 대덕면 무능리 243번지,37.0480948655,127.2252027356,20240208,
안성시,성원농장,닭,산란계,50000,17558,경기도 안성시 공도읍 신두리 200번지 39호,경기도 안성시 공도읍 대신두길 69,36.9946245011,127.2003116973,20240208,
안성시,세원농장,닭,산란계,3000,17551,경기도 안성시 공도읍 용두리 378번지 2호,경기도 안성시 공도읍 용두리 378번지 2호,37.0159645331,127.1657238397,20240208,
안성시,세진농장,닭,육계,35000,17508,경기도 안성시 보개면 오두리 255번지 3호,경기도 안성시 보개면 남사당로 340-56,,,20240208,
안성시,송숙농장,닭,육계,40000,17540,경기도 안성시 대덕면 삼한리 499번지 1호,경기도 안성시 대덕면 삼한리 499번지 1호,,,20240208,
안성시,수정농장,오리,오리,15000,17527,경기도 안성시 일죽면 능국리 261번지 1호,경기도 안성시 일죽면 서동대로 7594-85,,,20240208,
안성시,수정농장,오리,,15000,17527,경기도 안성시 일죽면 서동대로 7594-85,경기도 안성시 일죽면 능국리 261번지 1호,37.0987210269,127.4847064651,20240208,
안성시,수지 토종농장,닭,육계,1000,17526,경기도 안성시 일죽면 신흥리 산 11번지 1호,경기도 안성시 일죽면 노성로 217,37.1227440678,127.4849830611,20240208,
안성시,수지농장,닭,종계,9900,17541,경기도 안성시 대덕면 보동리 684번지 2호,경기도 안성시 대덕면 김중만장군길 157-39,37.0540200515,127.2475700915,20240208,
안성시,수한농장,닭,육계,8000,17501,경기도 안성시 양성면 장서리 55번지 1호,경기도 안성시 양성면 장서리 55번지 1호,37.0963983823,127.2237694438,20240208,
안성시,스마일2 농장,오리,오리,12000,17603,경기도 안성시 미양면 고지리 426번지,경기도 안성시 미양면 신고지길 125,36.9640675842,127.2083512331,20240208,
안성시,스마일2 농장,오리,,12000,17603,경기도 안성시 미양면 신고지길 125,경기도 안성시 미양면 고지리 426번지,36.9640675842,127.2083512331,20240208,
안성시,승애농장,닭,산란계,50000,17551,경기도 안성시 공도읍 용두리 399번지 1호,경기도 안성시 공도읍 용머리큰길 34-55,,,20240208,
안성시,승일농장,닭,육계,65000,17509,경기도 안성시 보개면 기좌리 124번지 1호 (외4필지),"경기도 안성시 보개면 보개원삼로 342-91, (외4필지)",37.0356832430,127.2922516900,20240208,
안성시,승일농장,닭,육계,25000,17527,경기도 안성시 일죽면 능국리 674번지 (외 2필지),"경기도 안성시 일죽면 노동길 73, (외 2필지)",37.1127662306,127.4883818862,20240208,
안성시,승희농장,닭,육계,100000,17509,경기도 안성시 보개면 기좌리 150번지 2호 외 4필지,경기도 안성시 보개면 보개원삼로 342-34,37.0333009149,127.2908077212,20240208,
안성시,시은농장,닭,육계,40000,17508,"경기도 안성시 보개면 내방리 19번지 , 22-1번지","경기도 안성시 보개면 내방리 19번지 , 22-1번지",37.0268802905,127.3130132346,20240208,
안성시,시헌농장,닭,산란계,0,17509,경기도 안성시 보개면 적가리 161번지 1호,경기도 안성시 보개면 이전봉산길 29-45,,,20240208,
안성시,신기리농장,오리,오리,9000,17606,"경기도 안성시 서운면 신기리 17번지 1호 외 2필지(17-2,16-2)",경기도 안성시 서운면 서운로 592,36.9644745248,127.2633745158,20240208,
안성시,신기리농장,오리,,9000,17606,경기도 안성시 서운면 서운로 592,"경기도 안성시 서운면 신기리 17번지 1호 외 2필지(17-2,16-2)",36.9648302271,127.2634836770,20240208,
안성시,신안농장,닭,육계,34000,17508,경기도 안성시 보개면 신안리 250번지 번지 외 2필지,경기도 안성시 보개면 남사당로 441-59,37.0543759394,127.3078749315,20240208,
안성시,씨제이피드앤케어 주식회사 안성시험농장,닭,육계,0,17513,경기도 안성시 삼죽면 덕산리 58번지 번지 외 1필지,경기도 안성시 삼죽면 삼백로 152,37.0886055288,127.3753048703,20240208,
안성시,아리농장,닭,육계,85000,17606,경기도 안성시 서운면 신기리 236번지,경기도 안성시 서운면 신기리 236번지,36.9542239058,127.2738486060,20240208,
안성시,안성마춤육계,닭,육계,40000,17540,경기도 안성시 대덕면 진현리 378번지 2호,경기도 안성시 대덕면 안성맞춤대로 1594,,,20240208,
안성시,안성목장,닭,산란계,8000,,경기도 안성시 공도읍 신두리 산 54번지,경기도 안성시 공도읍 신두리 산 54번지,,,20240208,
안성시,야곱농장,닭,육계,100,17540,경기도 안성시 대덕면 진현리 6번지 2호,경기도 안성시 대덕면 미륵로 137,37.0603471772,127.2677606831,20240208,
안성시,에코필드,닭,육계,70000,17608,경기도 안성시 서운면 송산리 114번지 3호 외 1필지,"경기도 안성시 서운면 솔뫼로 141-45, 외 1필지",36.9411889137,127.2435331327,20240208,
안성시,영양축산,닭,산란계,0,17526,"경기도 안성시 일죽면 신흥리 902번지 , 903-1, 904",경기도 안성시 일죽면 선유동길 23-33,37.1226585066,127.4642700413,20240208,
안성시,영윤농장,닭,육계,1000,17501,경기도 안성시 양성면 장서리 320번지,경기도 안성시 양성면 양성로 614,37.1065773568,127.2128703233,20240208,
안성시,영화농장,닭,종계,10760,17531,경기도 안성시 일죽면 장암리 162번지 1호 외 1필지(162-3),경기도 안성시 일죽면 장암초교길 99,37.0743234104,127.4625489917,20240208,
안성시,오두리 농장,닭,육계,45000,17508,경기도 안성시 보개면 오두리 255번지 5호,경기도 안성시 보개면 남사당로 340-50,,,20240208,
안성시,오림농장,닭,산란계,100000,17509,경기도 안성시 보개면 적가리 159번지,경기도 안성시 보개면 보개원삼로 575-12,37.0549270980,127.2912432422,20240208,
안성시,오성농장,닭,산란계,8000,17553,경기도 안성시 원곡면 지문리 24번지 1호,경기도 안성시 원곡면 지문리 24번지 1호,,,20240208,
안성시,완기농장,닭,산란계,46,17503,경기도 안성시 양성면 삼암리 474번지 6호,경기도 안성시 양성면 삼암리 474번지 6호,,,20240208,
안성시,용단농장,닭,육계,60000,17507,경기도 안성시 보개면 남풍리 1223번지 2호,경기도 안성시 보개면 삼은길 316,,,20240208,
안성시,용마농장,닭,육계,350,17606,경기도 안성시 서운면 신기리 산 43번지,경기도 안성시 서운면 바우덕이로 225,36.9567813661,127.2732696975,20240208,
안성시,용성농장,오리,오리,6000,17526,경기도 안성시 일죽면 신흥리 958번지 4호,경기도 안성시 일죽면 일죽신흥로 172-35,,,20240208,
안성시,용성농장,오리,,6000,17526,경기도 안성시 일죽면 일죽신흥로 172-35,경기도 안성시 일죽면 신흥리 958번지 4호,37.1181542929,127.4757762174,20240208,
안성시,유화농장,닭,산란계,37500,17510,경기도 안성시 보개면 동신리 650번지,경기도 안성시 보개면 동문이길 60,36.9995563011,127.2938110734,20240208,
안성시,육계농장,닭,육계,50000,17508,경기도 안성시 보개면 상삼리 54번지 2호,경기도 안성시 보개면 상삼리 54번지 2호,37.0220493436,127.3302544343,20240208,
안성시,은영농장,닭,육계,90000,17604,경기도 안성시 미양면 강덕리 12번지,경기도 안성시 미양면 양변길 149,36.9601013699,127.2313379950,20240208,
안성시,이삼농장,닭,산란계,58000,17511,경기도 안성시 삼죽면 율곡리 905번지 2호,경기도 안성시 삼죽면 품곡길 158-14,37.0927657175,127.3579471154,20240208,
안성시,인주종계장,닭,종계,182500,17563,경기도 안성시 공도읍 진사리 376번지,경기도 안성시 공도읍 진사2길 34-32,36.9908820350,127.1503303642,20240208,
안성시,일월농장,닭,육계,41000,17530,경기도 안성시 일죽면 월정리 1423번지,경기도 안성시 일죽면 월정리 1423번지,37.0909099054,127.4437693126,20240208,
안성시,일죽 농장,닭,산란계,30000,17531,경기도 안성시 일죽면 장암리 35번지 3호,경기도 안성시 일죽면 장암로 24-72,,,20240208,
안성시,장수농장,닭,육계,0,17604,경기도 안성시 미양면 고지리 69번지 4호,경기도 안성시 미양면 고지1길 131-52,36.9554434034,127.2197127171,20240208,
안성시,정훈농장,닭,산란계,126000,17608,경기도 안성시 서운면 신흥리 265번지 1호,경기도 안성시 서운면 사갑1길 245,,,20240208,
안성시,정훈축산,닭,산란계,55000,17608,경기도 안성시 서운면 신흥리 산 25번지,경기도 안성시 서운면 사갑1길 237-31,36.9262824124,127.2397089139,20240208,
안성시,제2대화 오리농장 DHD,오리,오리,20000,17526,"경기도 안성시 일죽면 화곡리 611번지 ,612-1외 1필지","경기도 안성시 일죽면 죽화로 278-19 (,612-1외 1필지)",37.1051952607,127.4564000956,20240208,
안성시,제2대화 오리농장 DHD,오리,,20000,17526,"경기도 안성시 일죽면 죽화로 278-19 (,612-1외 1필지)","경기도 안성시 일죽면 화곡리 611번지 ,612-1외 1필지",37.1051952607,127.4564000956,20240208,
안성시,제일농장,닭,육계,30000,17601,경기도 안성시 미양면 정동리 504번지 15호,경기도 안성시 미양면 중앙배수1길 148-24,,,20240208,
안성시,조아라 한약닭 농장,닭,육계,20000,17516,경기도 안성시 삼죽면 진촌리 511번지 2호,경기도 안성시 삼죽면 진촌진말길 29,,,20240208,
안성시,주안농장,닭,육계,0,17507,경기도 안성시 보개면 이전리 416번지 1호,경기도 안성시 보개면 이전봉산길 31-87,37.0569077806,127.2861192576,20240208,
안성시,준 농장,닭,육계,61400,17604,경기도 안성시 미양면 강덕리 154번지 2호,경기도 안성시 미양면 서변1길 55-24,,,20240208,
안성시,중대농장,닭,산란계,2300,17509,경기도 안성시 보개면 불현리 산 119번지 1호,경기도 안성시 보개면 불현리 산 119번지 1호,,,20240208,
안성시,지현농장,닭,산란계,300,17536,경기도 안성시 금광면 내우리 103번지 2호,경기도 안성시 금광면 구송동길 54,,,20240208,
안성시,진가네농장,닭,육계,40000,17540,경기도 안성시 대덕면 삼한리 593번지 1호,경기도 안성시 대덕면 한사울길 81-34,,,20240208,
안성시,천호농장,닭,육계,30000,17509,경기도 안성시 보개면 구사리 산 35번지 1호,경기도 안성시 보개면 남사당로 106-31,37.0272473845,127.3037762251,20240208,
안성시,청보농장,오리,오리,30000,17608,경기도 안성시 서운면 신흥리 248번지 외 5필지,경기도 안성시 서운면 사갑1길 191-24,36.9287914859,127.2423844500,20240208,
안성시,청보농장,오리,,30000,17608,경기도 안성시 서운면 사갑1길 191-24,경기도 안성시 서운면 신흥리 248번지 외 5필지,36.9287914859,127.2423844500,20240208,
안성시,청산농장,닭,산란계,100000,17548,경기도 안성시 공도읍 마정리 433번지 2호,경기도 안성시 공도읍 문터길 87,37.0153418419,127.1941376365,20240208,
안성시,청원농장,닭,산란계,15000,17508,경기도 안성시 보개면 북좌리 11번지,경기도 안성시 보개면 보개산로 291-44,37.0466702514,127.3375199869,20240208,
안성시,큰오리농장1,오리,오리,9000,17528,경기도 안성시 일죽면 산북리 607번지 2호,경기도 안성시 일죽면 산북1길 45-27,37.0807666313,127.5022354165,20240208,
안성시,큰오리농장1,오리,,9000,17528,경기도 안성시 일죽면 산북1길 45-27,경기도 안성시 일죽면 산북리 607번지 2호,37.0813784922,127.5022839786,20240208,
안성시,큰오리농장3,오리,오리,14000,17530,"경기도 안성시 일죽면 월정리 1727번지 , 1728번지, 1728-1번지, 1729번지, 1730번지","경기도 안성시 일죽면 월정리 1727번지 , 1728번지, 1728-1번지, 1729번지, 1730번지",37.0806544924,127.4584648325,20240208,
안성시,큰오리농장3,오리,,14000,17530,,"경기도 안성시 일죽면 월정리 1727번지 , 1728번지, 1728-1번지, 1729번지, 1730번지",37.0806544924,127.4584648325,20240208,
안성시,텃골축산,닭,산란계,150000,17531,경기도 안성시 일죽면 장암리 411번지 27호 외 3필지,경기도 안성시 일죽면 장암로 24-72 (외 3필지),37.0807076854,127.4700951915,20240208,
안성시,팔봉농장,닭,육계,40000,17531,경기도 안성시 일죽면 장암리 438번지 3호,경기도 안성시 일죽면 장암초교길 123-14,,,20240208,
안성시,하나둘셋영농조합법인,닭,산란계,9588,17534,"경기도 안성시 금광면 오흥리 23번지 1호 외3필지(22-2,23,24-1)",경기도 안성시 금광면 금광모산길 42-233,37.0168905259,127.3542994537,20240208,
안성시,하늘농장,닭,육계,60000,17508,경기도 안성시 보개면 상삼리 872번지 4호 외 1필지,경기도 안성시 보개면 내방상삼로 168-32,37.0276031833,127.3298816182,20240208,
안성시,한다리농장,닭,육계,71000,17525,경기도 안성시 일죽면 방초리 1005번지 14호,경기도 안성시 일죽면 한다리길 94-16,,,20240208,
안성시,한성농장,오리,오리,9690,17528,경기도 안성시 일죽면 산북리 125번지 1호 외 1필지,경기도 안성시 일죽면 산북리 125번지 1호 외 1필지,37.0812425076,127.5132148104,20240208,
안성시,한성농장,오리,,9690,17528,,경기도 안성시 일죽면 산북리 125번지 1호 외 1필지,37.0812425076,127.5132148104,20240208,
안성시,한신농장,닭,육계,53000,17531,경기도 안성시 일죽면 죽림리 739번지,경기도 안성시 일죽면 용설로 17-35,37.0791192722,127.4409903989,20240208,
안성시,한울농장,닭,육계,35000,17508,경기도 안성시 보개면 신안리 336번지 2호 외 1(보개면 오두리 86),경기도 안성시 보개면 남사당로 429-57 (외 1(보개면 오두리 86)),37.0515123048,127.3082348856,20240208,
안성시,해샘찬농장,닭,산란계,20000,17557,경기도 안성시 원곡면 반제리 150번지,경기도 안성시 원곡면 원당로 243-40,37.0319131086,127.1651525810,20240208,
안성시,헌식농장,닭,육계,36500,17600,경기도 안성시 미양면 구수리 45번지 3호 (외1필지),경기도 안성시 미양면 구수리 45번지 3호 (외1필지),36.9731211193,127.2578180565,20240208,
안성시,현수농장,닭,육계,65000,17596,경기도 안성시 현수동 291번지,경기도 안성시 배티로 1009-44 (현수동),36.9936362519,127.2900510814,20240208,
안성시,형은농장,닭,종계,24200,17542,경기도 안성시 대덕면 무능리 309번지,경기도 안성시 대덕면 능말길 43-98,37.0491066559,127.2146726667,20240208,
안성시,혜성농장,닭,육계,30000,17509,경기도 안성시 보개면 적가리 173번지,경기도 안성시 보개면 이전봉산길 29-46,37.0536326326,127.2881876420,20240208,
안성시,호반농장,오리,,10500,17601,경기도 안성시 미양면 중앙배수1길 128-24,경기도 안성시 미양면 정동리 506번지 17호 외1필지(506-18),36.9782308769,127.1981737946,20240208,
안성시,호야2농장,닭,육계,30000,17505,경기도 안성시 고삼면 대갈리 293번지 2호,경기도 안성시 고삼면 윗갈미길 65,,,20240208,
안성시,호야농장,닭,육계,70000,17505,경기도 안성시 고삼면 대갈리 648번지 4호,경기도 안성시 고삼면 신창길 229-11,,,20240208,
안성시,호일농장,닭,종계,30900,17598,경기도 안성시 미양면 계륵리 산 28번지,경기도 안성시 미양면 계륵리 산 28번지,36.9854463170,127.2574367934,20240208,
안성시,효원농장,닭,육계,140000,17600,경기도 안성시 미양면 보체리 316번지 5호 외 7필지,경기도 안성시 미양면 협동단지길 158-68,36.9649307817,127.2383646103,20240208,
안성시,효원농장,닭,육계,140000,17600,경기도 안성시 미양면 보체리 316번지 3호,경기도 안성시 미양면 협동단지길 158-68,,,20240208,
안성시,희영농장,오리,오리,7500,17508,경기도 안성시 보개면 상삼리 871번지 6호,경기도 안성시 보개면 가래미길 92-6,,,20240208,
안성시,희영농장,오리,오리,6000,17515,경기도 안성시 삼죽면 기솔리 436번지 외 1필지(437),경기도 안성시 삼죽면 기솔리 436번지 외 1필지(437),37.0407737381,127.3429463956,20240208,
안성시,희영농장,오리,,6000,17515,경기도 안성시 삼죽면 국사봉로 212-16 (외 1필지(440-2)),경기도 안성시 삼죽면 기솔리 440번지 1호 외 1필지(440-2),37.0410239828,127.3417601432,20240208,
안성시,희영농장,오리,,7500,17508,경기도 안성시 보개면 가래미길 92-6,경기도 안성시 보개면 상삼리 871번지 6호,37.0285932416,127.3288225519,20240208,
안성시,희영농장,오리,,6000,17515,,경기도 안성시 삼죽면 기솔리 436번지 외 1필지(437),37.0407737381,127.3429463956,20240208,
양주시,곡산농장,닭,육계,50000,11427,경기도 양주시 화합로941번길 62-18,경기도 양주시 은현면 선암리 76-1,37.8642675238,127.0287699209,20240222,
양주시,관우2농장,닭,육계,17000,11516,경기도 양주시 양주산성로732번길 69,경기도 양주시 백석읍 가업리 235-1,37.7888849762,126.9761083347,20240222,
양주시,금성농장,닭,육계,40000,11494,경기도 양주시 만송로366번길 139,경기도 양주시 만송동 58-21,37.7892532527,127.0999122026,20240222,
양주시,꼬꼬농장,닭,산란계,13700,11426,경기도 양주시 은현면 은현로 138-77,경기도 양주시 은현면 하패리 623,37.8820086898,127.0251658255,20240222,
양주시,도하2농장,닭,산란계,10000,11431,경기도 양주시 그루고개로426번길 60-6,경기도 양주시 은현면 도하리 206,37.8460390961,127.0122801477,20240222,
양주시,도하농장,닭,산란계,30000,11431,경기도 양주시 그루고개로426번길 60-6,경기도 양주시 은현면 도하리 206,37.8460390961,127.0122801477,20240222,
양주시,만송농장,닭,육계,39000,11494,경기도 양주시 만송로367번길 115,경기도 양주시 만송동 210,37.7957505393,127.0942888486,20240222,
양주시,무궁화농장,닭,산란계,42000,11427,경기도 양주시 은현면 은현로56번길 127,경기도 양주시 은현면 선암리 367,37.8765885131,127.0288165178,20240222,
양주시,백산농장,닭,육계,30000,11424,경기도 양주시 부흥로230번길 262-46,경기도 양주시 광적면 비암리 96,37.8022707043,126.9335299903,20240222,
양주시,백석농장,닭,육계,34000,11504,경기도 양주시 중앙로254번길 173-22,경기도 양주시 백석읍 오산리 211-2,37.8055111438,126.9856467457,20240222,
양주시,삼일농장,닭,산란계,49000,11426,경기도 양주시 화합로691번길 83-66,경기도 양주시 은현면 운암리 440-1,37.8762881264,127.0104206489,20240222,
양주시,삼형농장,닭,산란계,16500,11403,경기도 양주시 은남로119번길 233,경기도 양주시 남면 한산리 26-3,37.9052804489,127.0033807824,20240222,
양주시,선암농장,닭,산란계,63000,11427,경기도 양주시 은현로56번길 127,경기도 양주시 은현면 선암리 367,37.8765885131,127.0288165178,20240222,
양주시,성규농장,닭,산란계,25350,11426,경기도 양주시 은현로257번길 20,경기도 양주시 은현면 하패리 888-5,37.8905722075,127.0210052170,20240222,
양주시,쌍알농장,닭,산란계,13000,11426,경기도 양주시 은남로203번길 118,경기도 양주시 은현면 봉암리 62-1,37.8973164282,127.0084956920,20240222,
양주시,양주육계농장,닭,육계,32300,11406,경기도 양주시 감악산로216번길 124,경기도 양주시 남면 구암리 2-1,37.8870931103,126.9847044760,20240222,
양주시,양주축산,닭,육계,19000,11475,경기도 양주시 율정로247번길 42-26,경기도 양주시 율정동 78-2,37.8178435310,127.1054274566,20240222,
양주시,에그콜,닭,산란계,87000,11426,경기도 양주시 운하로99번길 345,경기도 양주시 남면 한산리 578-2,37.8931137625,127.0035762606,20240222,
양주시,에그트리,닭,산란계,70000,11414,경기도 양주시 삼일로 266-13,경기도 양주시 광적면 석우리 6-3,37.8424861811,126.9905727218,20240222,
양주시,영광농장,닭,산란계,22500,11516,,경기도 양주시 백석읍 가업리 346-1,37.8013091175,126.9726560232,20240222,
양주시,영훈농장,닭,육계,26000,11426,경기도 양주시 운하로101번길 122,경기도 양주시 은현면 운암리 386,37.8850392262,127.0102944840,20240222,
양주시,영흥농장,닭,산란계,42000,11403,경기도 양주시 은남로119번길 241-25,경기도 양주시 남면 한산리 25-1,37.9048899248,127.0026781516,20240222,
양주시,월암농장,닭,육계,45000,11503,경기도 양주시 연곡로 30,경기도 양주시 백석읍 오산리 704-1,37.8059548242,126.9698420727,20240222,
양주시,유림농장,닭,육계,78000,11427,경기도 양주시 은현로 73-84,경기도 양주시 은현면 선암리 342-32,37.8764755981,127.0209373249,20240222,
양주시,유천농장,닭,산란계,43000,11431,경기도 양주시 그루고개로384번길 11-13,경기도 양주시 은현면 도하리 243,37.8448964564,127.0105941589,20240222,
양주시,이천농장,닭,산란계,30000,11517,경기도 양주시 양주산성로 864-8,경기도 양주시 백석읍 홍죽리 340-18,37.7942932347,126.9661545313,20240222,
양주시,이화팜,닭,산란계,29000,11403,경기도 양주시 삼육사로 286-99,경기도 양주시 남면 한산리 555-119,37.8994646600,126.9943432122,20240222,
양주시,장수축산,닭,산란계,20800,11413,경기도 양주시 화합로430번길 387,경기도 양주시 남면 경신리 205,37.8544518855,126.9794413521,20240222,
양주시,준영축산,닭,종계,20000,11516,경기도 양주시 중앙로223번길 178-20,경기도 양주시 백석읍 가업리 471,37.7945285350,126.9784423342,20240222,
양주시,태양농장,닭,산란계,130000,11426,경기도 양주시 은현로312번길 121-213,경기도 양주시 은현면 하패리 804-1,37.8977057289,127.0220508947,20240222,
양주시,홍일농장,닭,육계,40000,11516,경기도 양주시 양주산성로732번길 69-29,경기도 양주시 백석읍 가업리 258,37.7886817395,126.9749967605,20240222,
양주시,흥한농장,닭,산란계,61000,11426,경기도 양주시 삼일로 916-60,경기도 양주시 남면 입암리 17-3,37.8945078885,126.9986421781,20240222,
양평군,가나안농장,육계,육계,38000,12543,경기도 양평군 지평면 대평로 364,경기도 양평군 지평면 대평리 5번지,37.4377835848,127.6466369700,20230523,
양평군,가을농장,육계,육계,40000,12543,경기도 양평군 지평면 대평로 364,경기도 양평군 지평면 대평리 5번지,37.4377835848,127.6466369700,20230523,
양평군,개군농장,육계,육계,80000,12569,경기도 양평군 개군면 내리길 140,경기도 양평군 개군면 내리 40-1번지,37.4389803150,127.5703692632,20230523,
양평군,고센농장,육계,육계,45000,12543,경기도 양평군 지평면 대평로 415-17,경기도 양평군 지평면 망미리 1127번지,37.4417831811,127.6486457076,20230523,
양평군,고송농장,육계,육계,35000,12533,경기도 양평군 양동면 윗고슬길 54,경기도 양평군 양동면 고송리 889번지,37.4788584400,127.6967312787,20230523,
양평군,굿모닝메추팜,메추리,,200000,12544,경기도 양평군 지평면 밤벌길 56,경기도 양평군 지평면 수곡리 464,37.4322475743,127.5953206010,20230523,
양평군,금산농장,육계,육계,30000,12541,경기도 양평군 지평면 금의길 159-1,경기도 양평군 지평면 월산리 473번지,37.4764571543,127.6570158429,20230523,
양평군,길조,메추리,,110000,12570,경기도 양평군 개군면 소감터길 47-39,경기도 양평군 개군면 계전리 739-46,37.4131138894,127.5649208642,20230523,
양평군,김**,산란계,산란계,2000,12538,,경기도 양평군 양동면 단석리 104,37.4011508755,127.7432049217,20230523,
양평군,김**,육계,육계,49000,12534,경기도 양평군 양동면 양동로 1031,경기도 양평군 양동면 금왕리 464-1,37.4783751953,127.7297558136,20230523,
양평군,김**,육계,육계,38000,12507,,경기도 양평군 옥천면 옥천리 219-4,37.5252116851,127.4755324903,20230523,
양평군,능골농장,육계,육계,400,12529,경기도 양평군 단월면 봉상능골길 36,경기도 양평군 단월면 봉상리 135번지,37.5251160908,127.6613164742,20230523,
양평군,대길농원,육계,육계,30000,12548,경기도 양평군 양평읍 천변길74번길 10-10,경기도 양평군 양평읍 대흥리 317,37.4925066212,127.5463467568,20230523,
양평군,대산농장,육계,육계,56000,12524,경기도 양평군 용문면 수곡안말길 265,경기도 양평군 용문면 화전리 1115번지,37.4576377739,127.5971958747,20230523,
양평군,댄디농장,육계,육계,60000,12566,경기도 양평군 개군면 댓골길 74,경기도 양평군 개군면 공세리 22-1번지,37.4539543705,127.5479171811,20230523,
양평군,돌담농장,메추리,,65000,12567,경기도 양평군 개군면 개군산로7번길 32,경기도 양평군 개군면 석장리 987번지,37.4587644959,127.5303939788,20230523,
양평군,동진농장,종계,,45000,12544,경기도 양평군 지평면 고재길 60,경기도 양평군 지평면 곡수리 517,37.4248442939,127.6091789711,20230523,
양평군,라라팜(메추리),메추리,,100000,12570,경기도 양평군 개군면 해랭이골길 116,경기도 양평군 개군면 계전리 산49-10,37.4226021294,127.5843908062,20230523,
양평군,미리농장,육계,육계,85000,12532,"경기도 양평군 청운면 경강로 4776-46, (갈운리)","경기도 양평군 청운면 갈운리 608-1, 산 187-1번지",37.5373674482,127.7610755423,20230523,
양평군,민희농장,육계,육계,36000,12532,경기도 양평군 청운면 버덩길21번길 49-5,경기도 양평군 청운면 갈운리 245-1번지,37.5341677964,127.7768312179,20230523,
양평군,박**,육계,육계,35000,12534,경기도 양평군 양동면 몰운고갯길 803-7,경기도 양평군 양동면 금왕리 94,37.4864371438,127.7369971853,20230523,
양평군,보성농장,육계,육계,100000,12570,경기도 양평군 개군면 해랭이골길 179-30,경기도 양평군 개군면 계전리 159-10번지,37.4178258661,127.5829163021,20230523,
양평군,부목농장,육계,육계,60000,12532,경기도 양평군 청운면 버덩길21번길 10,경기도 양평군 청운면 갈운리 217번지,37.5371690552,127.7769441841,20230523,
양평군,부일농장,육계,육계,48000,12544,경기도 양평군 지평면 부일길 46,경기도 양평군 지평면 옥현리 1374번지,37.4519471660,127.6200158112,20230523,
양평군,부일농장,육계,육계,19000,12544,경기도 양평군 지평면 광양마을길 110,경기도 양평군 지평면 옥현리 285-1번지,37.4521241930,127.6315371788,20230523,
양평군,부흥농장,육계,육계,70000,12532,경기도 양평군 청운면 버덩길 55-13,경기도 양평군 청운면 갈운리 298번지,37.5366096955,127.7732974033,20230523,
양평군,서우농원,메추리,,150000,12570,경기도 양평군 개군면 윗터길 68,경기도 양평군 개군면 자연리 35-1번지,37.4297726548,127.5625277279,20230523,
양평군,성웅농장,육계,육계,60000,12539,경기도 양평군 양동면 지두독길 33,경기도 양평군 양동면 쌍학리 77-1번지,37.4084878273,127.7537009442,20230523,
양평군,송현농장,육계,육계,45000,12541,경기도 양평군 지평면 그릇고갯길 194,경기도 양평군 지평면 송현리 398-41번지,37.4826049925,127.6178365923,20230523,
양평군,수라네농장,육계,육계,60000,12532,경기도 양평군 청운면 갈운양지마을1길 9-14,경기도 양평군 청운면 갈운리 434번지,37.5423149976,127.7695034399,20230523,
양평군,수르메기농장,산란계,산란계,4000,12579,"경기도 양평군 양서면 수리마당길 16-59, (목왕리)",경기도 양평군 양서면 목왕리 439-6,37.5523711885,127.3740721328,20230523,
양평군,스카이종계장,종계,,50000,12548,경기도 양평군 양평읍 경강로 2335-22,경기도 양평군 양평읍 대흥리 697-1,37.4925737365,127.5346158742,20230523,
양평군,신복농장,육계,육계,45000,12505,경기도 양평군 옥천면 신촌길 87-1,경기도 양평군 옥천면 신복리 311-2번지,37.5531344818,127.4595822241,20230523,
양평군,신지농장,육계,육계,35000,12532,경기도 양평군 청운면 풀무골길 56-10,경기도 양평군 청운면 갈운리 556번지,37.5367620016,127.7658047768,20230523,
양평군,아름다운농장,육계,육계,30000,12532,경기도 양평군 청운면 버덩길21번길 65,경기도 양평군 청운면 갈운리 303번지,37.5359195667,127.7754907470,20230523,
양평군,아리농장,육계,육계,50000,12530,경기도 양평군 청운면 여물길 153-5,경기도 양평군 청운면 여물리 216번지,37.5681290027,127.7022427018,20230523,
양평군,안**,육계,육계,10000,12540,,경기도 양평군 양동면 삼산리 1380-3,37.4022612739,127.7655437660,20230523,
양평군,안흥농장,육계,육계,32000,12575,경기도 양평군 강하면 전의6길 2,경기도 양평군 강하면 전수리 559-8번지,37.5019273135,127.4220594180,20230523,
양평군,양동농장,산란계,산란계,8000,12539,경기도 양평군 양동면 지두독길 48-1,경기도 양평군 양동면 쌍학리 61-2,37.4074913986,127.7559800898,20230523,
양평군,양평샘꼴농장,산란계,산란계,800,12570,경기도 양평군 개군면 소감터길 77-69,경기도 양평군 개군면 계전리 738-1번지,37.4193537293,127.5605978361,20230523,
양평군,엄지농장,육계,육계,38000,12546,경기도 양평군 양평읍 잿말길 72,경기도 양평군 양평읍 덕평리 151-1,37.5088664908,127.5015954212,20230523,
양평군,영서농장,육계,육계,33000,12524,"경기도 양평군 용문면 수곡안말길 256, (화전리)",경기도 양평군 용문면 화전리 1144번지,37.4566547561,127.5978277917,20230523,
양평군,영진농장,육계,육계,56000,12530,경기도 양평군 청운면 백동길 35-42,경기도 양평군 청운면 비룡리 254번지,37.5404556397,127.6810795520,20230523,
양평군,왕별농장,육계,육계,40000,12567,경기도 양평군 개군면 뒷굴길 51-14,경기도 양평군 개군면 석장리 726번지,37.4538180216,127.5208718809,20230523,
양평군,유일농원,산란계,산란계,20000,12535,"경기도 양평군 양동면 양서동로 340, 16동 23호 16 -8(계정리)","경기도 양평군 양동면 계정리 16-24, 16-23, 16-8",37.4586361575,127.7943614125,20230523,
양평군,으뜸농장,육계,육계,35000,12524,경기도 양평군 용문면 수곡안말길 256,경기도 양평군 용문면 화전리 1144번지,37.4566547561,127.5978277917,20230523,
양평군,이**,육계,육계,30000,12541,경기도 양평군 지평면 지평햇골길 46,경기도 양평군 지평면 지평리 115,37.4698315202,127.6432729434,20230523,
양평군,이**,육계,육계,35000,12528,경기도 양평군 단월면 향소절골길 73-14,경기도 양평군 단월면 향소리 674,37.5617526628,127.6504462785,20230523,
양평군,이**,육계,육계,49500,12537,경기도 양평군 양동면 오리벌길71번길 1,경기도 양평군 양동면 매월리 574,37.4321421502,127.7211935122,20230523,
양평군,이**,육계,육계,,12574,"경기도 양평군 강하면 왕충부로길 22-23, 1호 (왕창리)",경기도 양평군 강하면 왕창리 199번지 1호,37.4757428669,127.3986865878,20230523,
양평군,이화농장,육계,육계,100000,12540,경기도 양평군 양동면 농고길 3-38,경기도 양평군 양동면 삼산리 1374-4,37.4055277368,127.7594987712,20230523,
양평군,일오삼농장,메추리,,140000,12570,경기도 양평군 개군면 소감터길 57,경기도 양평군 개군면 계전리 739-49,37.4161411963,127.5672966576,20230523,
양평군,장**,육계,육계,30000,12532,경기도 양평군 청운면 버덩길 48,경기도 양평군 청운면 갈운리 313,37.5381310892,127.7741179391,20230523,
양평군,정**,육계,육계,32000,12544,경기도 양평군 지평면 아래솔고갯길 19-36,경기도 양평군 지평면 옥현리 1952,37.4459664716,127.6244492555,20230523,
양평군,정**,육계,육계,65000,12540,경기도 양평군 양동면 양서북로 98-20,경기도 양평군 양동면 삼산리 118-3,37.4234527963,127.7650646584,20230523,
양평군,제일농장,육계,육계,55000,12544,경기도 양평군 지평면 중간담길 60,경기도 양평군 지평면 옥현리 1515번지,37.4430992032,127.6164858512,20230523,
양평군,조**,재래,,25000,12512,경기도 양평군 용문면 망능길 280,경기도 양평군 용문면 망능리 165-4,37.5480485679,127.6385432792,20230523,
양평군,주민농장,종계,,25000,12547,경기도 양평군 양평읍 백운길 263,경기도 양평군 양평읍 백안리 690-3,37.5059808783,127.5172092180,20230523,
양평군,주안농장,육계,육계,55000,12532,경기도 양평군 청운면 증안골1길 29-16,경기도 양평군 청운면 갈운리 60-1번지,37.5334460191,127.7884186961,20230523,
양평군,준식농장,육계,육계,45000,12506,경기도 양평군 옥천면 마유산로 390-33,경기도 양평군 옥천면 옥천리 83-2번지,37.5234848682,127.4796067377,20230523,
양평군,지**,육계,육계,30000,12541,경기도 양평군 지평면 지평햇골길 30,경기도 양평군 지평면 지평리 114-1,37.4709215716,127.6437726240,20230523,
양평군,청계농장,육계,육계,45000,12580,경기도 양평군 양서면 청계길165번길 25-19,경기도 양평군 양서면 청계리 277-3,37.5378396739,127.4121290751,20230523,
양평군,청구농장,육계,육계,45000,12529,경기도 양평군 단월면 되퇴울길 17,경기도 양평군 단월면 보룡리 405번지,37.5420933618,127.6708277459,20230523,
양평군,터골농장,육계,육계,75000,12529,경기도 양평군 단월면 터골길114번길 24,경기도 양평군 단월면 봉상리 190번지,37.5250413442,127.6496255866,20230523,
양평군,평화농장,육계,육계,57000,12543,경기도 양평군 지평면 절운5길 116,경기도 양평군 지평면 망미리 613번지,37.4511543364,127.6511176766,20230523,
양평군,하갈농장,육계,육계,48000,12532,경기도 양평군 청운면 증골길24번길 50,경기도 양평군 청운면 갈운리 769번지,37.5425085885,127.7553995701,20230523,
양평군,하루농장,산란계,산란계,80,12513,,경기도 양평군 용문면 광탄리 482번지 2호,37.5046401870,127.6221870313,20230523,
양평군,한**,육계,육계,46000,12530,경기도 양평군 청운면 백동길 35-30,경기도 양평군 청운면 비룡리 232,37.5407239208,127.6824611949,20230523,
양평군,향소농장,육계,육계,53000,12528,경기도 양평군 단월면 석산로 36,경기도 양평군 단월면 향소리 81-1번지,37.5568000513,127.6669552036,20230523,
양평군,휘성농장,산란계,산란계,95000,12563,경기도 양평군 양평읍 양근로441번길 40-20,경기도 양평군 양평읍 창대리 70번지,37.4778491888,127.5171914547,20230523,
양평군,희망농장,육계,육계,50000,12532,경기도 양평군 청운면 증골길 52,경기도 양평군 청운면 갈운리 928번지,37.5451869677,127.7505636257,20230523,
여주시,21C고구려농장,닭,육계,100,12602,경기도 여주시 금사면 장흥로 457,경기도 여주시 금사면 하호리 333,37.3955637876,127.4989380400,20230615,
여주시,JM농장,닭,육계,50000,12646,경기도 여주시 연라1길 41-49 (연라동),경기도 여주시 연라동 95,37.2654915415,127.6145199802,20230615,
여주시,강천농장,닭,육계,50000,12664,경기도 여주시 강천면 웃설만이길 195,경기도 여주시 강천면 부평리 562,37.2561952444,127.7331164507,20230615,
여주시,경주농장,닭,산란계,80,12607,경기도 여주시 흥천면 청당길 84-18,경기도 여주시 흥천면 대당리 산 38,37.3189656732,127.5411047205,20230615,
여주시,경진농장,닭,육계,40000,12612,경기도 여주시 북내면 석우길 88-39,경기도 여주시 북내면 석우리 13,37.3878214784,127.6900202089,20230615,
여주시,경훈농장,닭,육계,0,12655,,경기도 여주시 가남읍 신해리 544,,,20230615,
여주시,계림농장,닭,육계,60000,12609,경기도 여주시 대신면 대신2로 419-29,경기도 여주시 대신면 계림리 360,37.4085821591,127.5891887594,20230615,
여주시,계림에그스,닭,산란계,45000,12663,경기도 여주시 가남읍 대신리길 99-105,경기도 여주시 가남읍 은봉리 691,37.1849442017,127.5429359856,20230615,
여주시,계림에그스,닭,산란계,15000,12606,경기도 여주시 흥천면 군위실길 36,경기도 여주시 흥천면 다대리 405,37.3360435130,127.5199587188,20230615,
여주시,고려농장,닭,육계,50000,12603,경기도 여주시 산북면 해여림로 58-34,경기도 여주시 산북면 상품리 566,37.3934180852,127.4339551448,20230615,
여주시,금대울오리농장,오리,,7000,12606,경기도 여주시 흥천면 흥천로 758-17,경기도 여주시 흥천면 복대리 566,37.3518088362,127.5199403093,20230615,
여주시,기민농장,닭,육계,30000,12609,경기도 여주시 대신면 현풍길 6-32,경기도 여주시 대신면 초현리 111,37.3831067225,127.6031880835,20230615,
여주시,김영오농장,닭,육계,30000,12613,경기도 여주시 북내면 신남1길 88,경기도 여주시 북내면 신남리 18,37.3307934365,127.6704949024,20230615,
여주시,꼬꼬농장,닭,육계,48500,12647,경기도 여주시 세종대왕면 능여로 84,경기도 여주시 세종대왕면 광대리 산 15,37.2717015058,127.5688597695,20230615,
여주시,꼭지농장,닭,육계,25000,12667,경기도 여주시 점동면 청안리길 84-20,경기도 여주시 점동면 청안리 277,37.2067735883,127.6545057446,20230615,
여주시,남산농장,닭,육계,15000,12606,경기도 여주시 흥천면 남산로 432,경기도 여주시 흥천면 하다리 112,37.3427558061,127.5335421910,20230615,
여주시,농업회사법인 다온농장,닭,산란계,160000,12668,경기도 여주시 점동면 성주로 784-35,경기도 여주시 점동면 당진리 536,37.1766000226,127.6762309245,20230615,
여주시,농업회사법인 상신농장 유한회사,닭,산란계,350000,12660,경기도 여주시 가남읍 김대1길 40,경기도 여주시 가남읍 금당리 606,37.1988249418,127.6031057415,20230615,
여주시,농업회사법인 세양(주) 누리지점,닭,산란계,389587,12656,경기도 여주시 가남읍 가남로 240,경기도 여주시 가남읍 하귀리 2,37.2176923552,127.5784249716,20230615,
여주시,농업회사법인 에이치비(주) 여주농장,메추리,,360000,12607,경기도 여주시 흥천면 종다람길 78,경기도 여주시 흥천면 신근리 248,37.3184545276,127.5565327031,20230615,
여주시,농업회사법인 유한회사 함일,닭,산란계,260000,12647,경기도 여주시 세종대왕면 월평로 564-64,경기도 여주시 세종대왕면 마래리 449,37.2591119335,127.5634577304,20230615,
여주시,농업회사법인 주식회사 닭터,닭,산란계,100000,12607,경기도 여주시 흥천면 능북로 163-39,경기도 여주시 흥천면 율극리 294,37.3357844151,127.5641769240,20230615,
여주시,누리농장,닭,육계,72160,12612,경기도 여주시 북내면 여강로 471-33,경기도 여주시 북내면 장암리 268,37.3393596682,127.6864209340,20230615,
여주시,다산농장,닭,산란계,200,12615,경기도 여주시 강천면 이호3길 32-29,경기도 여주시 강천면 이호리 384,37.2917575953,127.6860890555,20230615,
여주시,대당농장,닭,육계,0,12607,경기도 여주시 흥천면 효자로 51-68,경기도 여주시 흥천면 대당리 15,37.3221529486,127.5505534844,20230615,
여주시,대복농장,닭,산란계,25000,12640,,경기도 여주시 세종대왕면 용은리 466,37.2883569747,127.5349762909,20230615,
여주시,대성농장,닭,육계,25000,12607,,경기도 여주시 흥천면 대당리 43,,,20230615,
여주시,대성농장,메추리,,50000,12603,경기도 여주시 산북면 해여림로 42-6,경기도 여주시 산북면 상품리 321,37.3953125076,127.4367327247,20230615,
여주시,대한농장,닭,육계,30000,12607,경기도 여주시 흥천면 청당길 93-26,경기도 여주시 흥천면 대당리 66,37.3166122987,127.5431687666,20230615,
여주시,도리양계장,닭,육계,40000,12665,경기도 여주시 점동면 도리길 31-83,경기도 여주시 점동면 도리 293,37.2160152081,127.6957198287,20230615,
여주시,도원농장,닭,육계,45000,12611,,경기도 여주시 대신면 상구리 102,,,20230615,
여주시,동산농장,닭,육계,63000,12656,경기도 여주시 가남읍 가남로 190-45,경기도 여주시 가남읍 하귀리 342,37.2184428791,127.5747851186,20230615,
여주시,두일농장,닭,육계,24000,12612,경기도 여주시 북내면 석우길 97-14,경기도 여주시 북내면 석우리 56,37.3912276348,127.6906840381,20230615,
여주시,매봉농장,닭,육계,50000,12606,경기도 여주시 흥천면 금대울로 184-21,경기도 여주시 흥천면 복대리 208,37.3599361203,127.5341257494,20230615,
여주시,민주농장,닭,육계,75000,12606,경기도 여주시 흥천면 남산로 671-39,경기도 여주시 흥천면 복대리 96,37.3568327565,127.5421529300,20230615,
여주시,바보숲 명상농원,닭,산란계,1000,12665,경기도 여주시 점동면 도리길 170-70,경기도 여주시 점동면 도리 40,37.2247457979,127.7137103082,20230615,
여주시,백마농장,닭,육계,30000,12647,경기도 여주시 세종대왕면 양화로 20-83,경기도 여주시 세종대왕면 마래리 5,37.2697295872,127.5650569706,20230615,
여주시,벽해농장,오리,,1500,12667,경기도 여주시 점동면 청안리길 84-11,경기도 여주시 점동면 청안리 469,37.2055400505,127.6534326396,20230615,
여주시,부용농장,닭,육계,50000,12646,경기도 여주시 연라1길 41-47 (연라동),경기도 여주시 연라동 100,37.2645445896,127.6150147855,20230615,
여주시,분재농장,닭,육계,20000,12668,경기도 여주시 점동면 성주로 1004,경기도 여주시 점동면 당진리 300,37.1854965581,127.6882277655,20230615,
여주시,산촌농장,닭,육계,80000,12655,경기도 여주시 가남읍 상활2길 83-118,경기도 여주시 가남읍 신해리 495,37.2320090658,127.5364015860,20230615,
여주시,삼영농장,닭,육계,25000,12640,경기도 여주시 세종대왕면 양거1길 58,경기도 여주시 세종대왕면 양거리 555,37.2610786687,127.5386711017,20230615,
여주시,삼흥농장,닭,산란계,12000,12616,경기도 여주시 강천면 설경주길 146,경기도 여주시 강천면 간매리 37,37.2783879772,127.7188138844,20230615,
여주시,상대농장,닭,육계,90000,12605,경기도 여주시 흥천면 금반형길 97,경기도 여주시 흥천면 상대리 332,37.3453834973,127.5051032230,20230615,
여주시,상활농장,닭,육계,45000,12655,경기도 여주시 가남읍 상활2길 83-103,경기도 여주시 가남읍 신해리 498,37.2328659138,127.5346997072,20230615,
여주시,새벗농장,닭,산란계,45000,12634,경기도 여주시 매룡2길 67,경기도 여주시 매룡동 160,37.2817823645,127.6591373957,20230615,
여주시,서광농장,닭,산란계,120000,12647,경기도 여주시 세종대왕면 월평로 564-56,경기도 여주시 세종대왕면 광대리 509,37.2582193810,127.5637614667,20230615,
여주시,선린농장,닭,산란계,100000,12612,경기도 여주시 북내면 선돌로 152-50,경기도 여주시 북내면 장암리 111,37.3544895523,127.6892134932,20230615,
여주시,성산농장,닭,육계,52000,12647,경기도 여주시 세종대왕면 여술길 133,경기도 여주시 세종대왕면 마래리 산 18,37.2710085140,127.5669642443,20230615,
여주시,성원농장,닭,산란계,60000,12605,경기도 여주시 흥천면 샘다리길 43,경기도 여주시 흥천면 상대리 279,37.3475917324,127.5081518289,20230615,
여주시,성화농장,닭,육계,32000,12667,경기도 여주시 점동면 장여로 718-13,경기도 여주시 점동면 덕평리 443,37.1687544764,127.6525697651,20230615,
여주시,솔미농장,닭,육계,6000,12610,경기도 여주시 대신면 초현길 52-7,경기도 여주시 대신면 초현리 382,37.3684460574,127.5974420960,20230615,
여주시,송운농장,닭,산란계,9800,12606,경기도 여주시 흥천면 임은길 25-30,경기도 여주시 흥천면 복대리 452,37.3638414712,127.5247091446,20230615,
여주시,승화축산,닭,산란계,100000,12606,경기도 여주시 흥천면 남산로 313-7,경기도 여주시 흥천면 다대리 474,37.3388824446,127.5224769784,20230615,
여주시,신애메추리농장,메추리,,150000,12647,경기도 여주시 세종대왕면 양화로 452-22,경기도 여주시 세종대왕면 마래리 328,37.2599082808,127.5573572835,20230615,
여주시,실로암농장,메추리,,85000,12608,경기도 여주시 대신면 송촌2길 78-74,경기도 여주시 대신면 천서리 51,37.4041468819,127.5616928953,20230615,
여주시,아리농장,오리,,10000,12655,경기도 여주시 가남읍 신해1길 95-48,경기도 여주시 가남읍 신해리 219,37.2329533082,127.5430646559,20230615,
여주시,알로1농장,메추리,,160000,12646,경기도 여주시 세종대왕면 오계1길 76-21,경기도 여주시 세종대왕면 오계리 336,37.2650692262,127.5923463148,20230615,
여주시,알로2농장,메추리,,100000,12611,,경기도 여주시 대신면 상구리 341,,,20230615,
여주시,양지농장,메추리,,60000,12655,경기도 여주시 가남읍 이화길 56-16,경기도 여주시 가남읍 신해리 575,37.2196870836,127.5355052166,20230615,
여주시,양지뜰농장,닭,육계,29000,12606,경기도 여주시 흥천면 임은길 22,경기도 여주시 흥천면 복대리 435,37.3610464960,127.5277459362,20230615,
여주시,에덴농장,닭,산란계,17000,12666,경기도 여주시 점동면 장여로 1443,경기도 여주시 점동면 처리 724,37.2271799042,127.6624269084,20230615,
여주시,여주서진농장,닭,육계,7000,12616,경기도 여주시 강천면 긴등길 147-29,경기도 여주시 강천면 가야리 66,37.2648024553,127.7044851079,20230615,
여주시,여주자영농업고등학교,닭,산란계,30000,12642,"경기도 여주시 세종대왕면 농도원2길 223, 여주자영농고협동농장",경기도 여주시 세종대왕면 왕대리 산 136,37.2920988094,127.6070914309,20230615,
여주시,영농장,닭,육계,20000,12666,경기도 여주시 점동면 선사길 195,경기도 여주시 점동면 흔암리 210,37.2387849411,127.6723957539,20230615,
여주시,영지양계장,닭,육계,43000,12655,경기도 여주시 가남읍 신해1길 95-75,경기도 여주시 가남읍 신해리 496,37.2350831381,127.5355011617,20230615,
여주시,오금실농장,닭,육계,55000,12635,,경기도 여주시 오금동 264,,,20230615,
여주시,왕터청계농원,닭,산란계,250,12642,경기도 여주시 세종대왕면 왕터1길 91-89,경기도 여주시 세종대왕면 왕대리 45,37.3185002994,127.5971067124,20230615,
여주시,용희농장,닭,육계,30000,12611,경기도 여주시 대신면 현풍길 97-5,경기도 여주시 대신면 장풍리 산 84,37.3875795996,127.6109210659,20230615,
여주시,우리농장,닭,산란계,2500,12609,경기도 여주시 대신면 옥촌3길 76-56,경기도 여주시 대신면 옥촌리 324,37.3961886109,127.6193506566,20230615,
여주시,우솔농장,닭,산란계,17000,12605,경기도 여주시 흥천면 남산로 173-19,경기도 여주시 흥천면 상대리 69,37.3491324050,127.5152652060,20230615,
여주시,원농장,닭,육계,40000,12611,경기도 여주시 대신면 장풍길 120,경기도 여주시 대신면 장풍리 594,37.3727053785,127.6123787192,20230615,
여주시,유성농장,메추리,,100000,12608,경기도 여주시 대신면 송촌2길 197,경기도 여주시 대신면 송촌리 198,37.3979018812,127.5746015276,20230615,
여주시,유영도농장,닭,육계,30000,12615,경기도 여주시 강천면 가정긴골길 177,경기도 여주시 강천면 걸은리 341,37.3046824820,127.6979015460,20230615,
여주시,율극농장,닭,산란계,200000,12607,경기도 여주시 흥천면 능북로 212,경기도 여주시 흥천면 율극리 264,37.3403353633,127.5661338783,20230615,
여주시,율극축산,닭,산란계,120269,12607,경기도 여주시 흥천면 능북로 210,경기도 여주시 흥천면 율극리 262,37.3403798605,127.5671499721,20230615,
여주시,은혜농장,메추리,,150000,12603,경기도 여주시 산북면 해여림로 79,경기도 여주시 산북면 상품리 445,37.3924201231,127.4387347774,20230615,
여주시,이지우농장,닭,육계,30000,12640,,경기도 여주시 세종대왕면 매화리 산 23 1,37.2728535359,127.5322852837,20230615,
여주시,이항모농장,닭,육계,40000,12616,경기도 여주시 강천면 강천로 676-26,경기도 여주시 강천면 가야리 산 41,37.2611345885,127.6932539368,20230615,
여주시,일우농장,닭,산란계,83381,12607,경기도 여주시 흥천면 능북로 216,경기도 여주시 흥천면 율극리 266,37.3424628333,127.5657970496,20230615,
여주시,자연농장,메추리,,70000,12661,경기도 여주시 가남읍 흑석로 113,경기도 여주시 가남읍 삼군리 16,37.1985916632,127.5654217553,20230615,
여주시,장주원농장,닭,육계,45000,12641,,경기도 여주시 세종대왕면 매류리 178,37.2813560578,127.5680329507,20230615,
여주시,장호농장,닭,육계,25000,12617,경기도 여주시 강천면 원양1로 905,경기도 여주시 강천면 도전리 558,37.3487898086,127.7404817198,20230615,
여주시,정원농장,닭,육계,45000,12663,경기도 여주시 가남읍 은봉길 147-53,경기도 여주시 가남읍 은봉리 274,37.1805851717,127.5554496825,20230615,
여주시,정훈양계장,닭,육계,30000,12637,경기도 여주시 독바위길 40,경기도 여주시 현암동 110,37.3174540286,127.6423060511,20230615,
여주시,제일농장,닭,육계,80000,12606,경기도 여주시 흥천면 군위실길 151,경기도 여주시 흥천면 다대리 123,37.3366461572,127.5265177529,20230615,
여주시,제일농장,메추리,,50000,12611,경기도 여주시 대신면 후포1길 223-42,경기도 여주시 대신면 후포리 156,37.3681020366,127.6187979377,20230615,
여주시,조현농장,닭,육계,130000,12609,경기도 여주시 대신면 무촌길 42-69,경기도 여주시 대신면 무촌리 431,37.3934518377,127.5838949199,20230615,
여주시,중앙농원,닭,육계,45000,12614,경기도 여주시 북내면 운촌길 48-113,경기도 여주시 북내면 운촌리 482,37.3305439701,127.7081059930,20230615,
여주시,창대메추리농장,메추리,,50000,12641,,경기도 여주시 세종대왕면 매류리 94,37.2791615535,127.5728424706,20230615,
여주시,창호농장,닭,육계,40000,12607,경기도 여주시 흥천면 종다람길 59,경기도 여주시 흥천면 신근리 250,37.3169586731,127.5555609873,20230615,
여주시,청솔농장,닭,육계,70000,12612,경기도 여주시 북내면 선돌로 377-20,경기도 여주시 북내면 석우리 363,37.3742772477,127.6820233710,20230615,
여주시,청운농장,닭,육계,35000,12607,경기도 여주시 흥천면 신율로 249-23,경기도 여주시 흥천면 율극리 산 237,37.3267160124,127.5649028951,20230615,
여주시,청춘농장,닭,육계,0,12655,경기도 여주시 가남읍 양화로 113-64,경기도 여주시 가남읍 정단리 584,37.2366552709,127.5502257597,20230615,
여주시,충섭농장,닭,육계,63000,12616,경기도 여주시 강천면 마감로 146-19,경기도 여주시 강천면 걸은리 812,37.2915311629,127.7031922817,20230615,
여주시,태원농장,닭,육계,30000,12605,,경기도 여주시 흥천면 상대리 35,,,20230615,
여주시,태준 농장,닭,산란계,30,12668,경기도 여주시 점동면 성주로 1020-18,경기도 여주시 점동면 현수리 189,37.1867817191,127.6906420029,20230615,
여주시,태평농장,오리,,15000,,경기도 여주시 가남읍 설가로 813,경기도 여주시 가남읍 태평리 528,37.1995609742,127.5350395135,20230615,
여주시,털보농장,닭,육계,30000,12608,경기도 여주시 대신면 송촌2길 157-46,경기도 여주시 대신면 송촌리 172,37.4000273031,127.5774621394,20230615,
여주시,토끼네가축집,닭,산란계,50,12606,경기도 여주시 흥천면 금대울로 214-23,경기도 여주시 흥천면 복대리 54,37.3616296063,127.5378192231,20230615,
여주시,토종닭농장,닭,육계,300,12611,,경기도 여주시 대신면 하림리 산 84,,,20230615,
여주시,한경농장,닭,육계,50000,12646,경기도 여주시 연라1길 41-47 (연라동),경기도 여주시 연라동 100,37.2645445896,127.6150147855,20230615,
여주시,한솔농장,닭,산란계,3500,12666,경기도 여주시 삼교2길 49 (삼교동),경기도 여주시 삼교동 342,37.2305868674,127.6559860038,20230615,
여주시,한솔농장,닭,육계,70000,12610,경기도 여주시 대신면 초현길 60,경기도 여주시 대신면 초현리 361,37.3683744659,127.5968095568,20230615,
여주시,한울이네농장,닭,산란계,80,12609,경기도 여주시 대신면 대신2로 374-56,경기도 여주시 대신면 계림리 223,37.4065640120,127.5993106465,20230615,
여주시,해피팜스농장,닭,육계,26000,,,경기도 여주시 강천면 가야리 산 61,,,20230615,
여주시,햇살농장,닭,산란계,3000,12612,경기도 여주시 북내면 여양2로 1203-3,경기도 여주시 북내면 주암리 104,37.4040488217,127.6827281097,20230615,
여주시,행복짓는농장,닭,산란계,5000,12666,경기도 여주시 점동면 처리1길 54-44,경기도 여주시 점동면 처리 289,37.2294957853,127.6755761173,20230615,
여주시,후포농장,닭,육계,100000,12611,경기도 여주시 대신면 후포1길 160,경기도 여주시 대신면 후포리 222,37.3659941489,127.6174394147,20230615,
여주시,희망농장,닭,육계,50000,12607,경기도 여주시 흥천면 능북로 163-27,경기도 여주시 흥천면 율극리 219,37.3351531646,127.5646843792,20230615,
연천군,(주)농업법인산들농장,종계/산란계,종계,20000,11043,경기도 연천군 왕징면 왕산로618번길 40-83,경기도 연천군 왕징면 동중리 235,38.0825181765,126.9684670122,20240306,운영
연천군,(주)대정농장,육계,육계,39000,11049,경기도 연천군 백학면 노곡로286번길 71,경기도 연천군 백학면 노곡리 92,38.0091488500,126.9419545941,20240306,운영
연천군,개나리농장,육계,육계,15000,11018,,경기도 연천군 연천읍 고문리 171-4,38.0655002005,127.1251077122,20240306,운영
연천군,경림농장,육계,육계,43000,11049,경기도 연천군 백학면 노아로 184-13,경기도 연천군 백학면 학곡리 629,37.9855747467,126.9388763676,20240306,운영
연천군,계림농장,육계,육계,100000,11020,경기도 연천군 청산면 전영로215번길 234-2,경기도 연천군 청산면 장탄리 1108,38.0400940021,127.0922150962,20240306,운영
연천군,광성농장,종계/산란계,종계,9000,11045,경기도 연천군 미산면 백동로19번길 205,경기도 연천군 미산면 백석리 698,38.0515439209,126.9610773945,20240306,운영
연천군,광화문농장,육계,육계,70000,11001,경기도 연천군 신서면 평화로 3232-10,경기도 연천군 신서면 대광리 1334-3,38.2294364114,127.1525721965,20240306,운영
연천군,광희농장,육계,육계,40000,11022,경기도 연천군 청산면 순욱길 44-39,경기도 연천군 청산면 대전리 269,38.0080782187,127.0941581108,20240306,운영
연천군,군남농장,육계,육계,80000,11008,경기도 연천군 군남면 황지로120번길 79,경기도 연천군 군남면 황지리 65-2,38.0409051961,127.0478682821,20240306,운영
연천군,군자농장,육계,육계,34000,11006,,경기도 연천군 군남면 삼거리 234,38.0828913800,127.0396973756,20240306,운영
연천군,그린농장,육계,육계,70,11009,,경기도 연천군 연천읍 상리 609-1,38.1423248194,127.0594731173,20240306,운영
연천군,날개농장,육계,육계,50000,11011,경기도 연천군 연천읍 동막로 68,경기도 연천군 연천읍 동막리 308-16,38.0876650520,127.0927264096,20240306,운영
연천군,남토북수 농원,육계,육계,200,11000,경기도 연천군 신서면 연신로1375번길 638,경기도 연천군 신서면 대광리 393,38.2253894873,127.1260743217,20240306,운영
연천군,내유농장,육계,육계,40000,11040,경기도 연천군 전곡읍 양원로46번길 33,경기도 연천군 전곡읍 양원리 603,37.9911402715,127.0214908613,20240306,운영
연천군,농업회사법인 (주)안일농장,종계/산란계,종계,200000,11011,경기도 연천군 연천읍 동막로71번길 78,경기도 연천군 연천읍 동막리 331-6,38.0905683536,127.0956867026,20240306,운영
연천군,농업회사법인 그린미소 주식회사,종계/산란계,종계,4500,11048,경기도 연천군 백학면 백두2길 102,경기도 연천군 백학면 두일리 170-2,38.0493936278,126.9165521817,20240306,운영
연천군,농업회사법인 유한회사 티케이팜,종계/산란계,종계,106560,11000,경기도 연천군 신서면 천덕로 189-120,경기도 연천군 신서면 답곡리 1542-1,38.2015048012,127.0828305026,20240306,운영
연천군,능성농장,육계,육계,25000,11045,경기도 연천군 미산면 유노로 94-25,경기도 연천군 미산면 유촌리 153,38.0472697471,126.9951061979,20240306,운영
연천군,대광농장,육계,육계,50000,11050,경기도 연천군 장남면 술이홀로63번길 14,경기도 연천군 장남면 원당리 665,37.9706682523,126.8866635270,20240306,운영
연천군,대광농장2,육계,육계,27000,11048,경기도 연천군 백학면 장백로683번길 43-17,경기도 연천군 백학면 전동리 345-2,38.0065578173,126.8919916735,20240306,운영
연천군,대광리농장,종계/산란계,종계,40000,11003,경기도 연천군 신서면 장거리길 153,경기도 연천군 신서면 도신리 629-1,38.1599679629,127.0937057193,20240306,운영
연천군,대길농장,육계,육계,30000,11008,경기도 연천군 군남면 오리골길 115,경기도 연천군 군남면 황지리 431,38.0373790888,127.0334859663,20240306,운영
연천군,대림농장,육계,육계,42000,11044,경기도 연천군 왕징면 왕산로 193-130,경기도 연천군 왕징면 무등리 438,38.0693019294,126.9983977504,20240306,운영
연천군,대림농장,육계,육계,45000,11046,경기도 연천군 미산면 청정로755번길 218,경기도 연천군 미산면 광동리 435,38.0468715420,126.9371893492,20240306,운영
연천군,대명농장,육계,육계,40000,11009,경기도 연천군 연천읍 합내로 663-96,경기도 연천군 연천읍 와초리 248,38.1566858012,127.0855171740,20240306,운영
연천군,대성농장,육계,육계,90000,11046,경기도 연천군 미산면 숭의전로170번길 22-46,경기도 연천군 미산면 아미리 628,38.0247917794,126.9489113763,20240306,운영
연천군,돌마농장,육계,육계,35000,11049,경기도 연천군 백학면 노아로 184-24,경기도 연천군 백학면 학곡리 572,37.9850248762,126.9388577804,20240306,운영
연천군,동성2,육계,육계,50000,11009,경기도 연천군 연천읍 합내로 536,경기도 연천군 연천읍 와초리 592,38.1575233503,127.0702972337,20240306,운영
연천군,동성농장,육계,육계,57000,11009,,경기도 연천군 연천읍 와초리 593,38.1573824576,127.0695593992,20240306,운영
연천군,로뎀나무1농장,육계,육계,38000,11010,경기도 연천군 연천읍 합내로 1240,경기도 연천군 연천읍 옥산리 18-2,38.1316323938,127.1234952144,20240306,운영
연천군,미산농장,육계,육계,100000,11047,경기도 연천군 미산면 마동로 78-23,경기도 연천군 미산면 동이리 639,38.0208262416,126.9929977011,20240306,운영
연천군,민영농장,육계,육계,60000,11048,경기도 연천군 백학면 백두2길 99,경기도 연천군 백학면 두일리 165-1,38.0487432671,126.9162610145,20240306,운영
연천군,밥보다계란,종계/산란계,종계,0,11017,경기도 연천군 연천읍 연천로101번길 88,경기도 연천군 연천읍 차탄리 113,38.0832654940,127.0720549154,20240306,운영
연천군,백학농장,육계,육계,50000,11048,경기도 연천군 백학면 장백로683번길 66-28,경기도 연천군 백학면 전동리 211,38.0090972968,126.8933262430,20240306,운영
연천군,법곳농장2,육계,육계,98000,11046,경기도 연천군 미산면 청정로755번길 92,경기도 연천군 미산면 광동리 404,38.0443563747,126.9370604475,20240306,운영
연천군,부근농장,육계,육계,39440,11025,경기도 연천군 전곡읍 통현길 130,경기도 연천군 전곡읍 신답리 244,38.0620981311,127.0856181372,20240306,운영
연천군,비금양계장,육계,육계,35000,11050,경기도 연천군 장남면 장백로330번길 137-55,경기도 연천군 장남면 원당리 324-7,37.9958546227,126.8840963057,20240306,운영
연천군,산유화농장,육계,육계,50000,11044,경기도 연천군 왕징면 유노로 338-205,경기도 연천군 왕징면 무등리 379,38.0614058038,126.9981666772,20240306,운영
연천군,상녹수농장,육계,육계,35000,11006,경기도 연천군 군남면 군남로 300,경기도 연천군 군남면 진상리 296-1,38.0744540276,127.0192041474,20240306,운영
연천군,상도축산,육계,육계,60000,11045,경기도 연천군 미산면 유노로 83-37,경기도 연천군 미산면 유촌리 85,38.0441053661,126.9969969697,20240306,운영
연천군,상리농장,육계,육계,54000,11009,경기도 연천군 연천읍 상리로4번길 66-86,경기도 연천군 연천읍 상리 3-1,38.1416504414,127.0848604814,20240306,운영
연천군,서로도울농장,육계,육계,50000,11046,경기도 연천군 미산면 노아로 711,경기도 연천군 미산면 아미리 344,38.0217198630,126.9608857497,20240306,운영
연천군,서연농장,종계/산란계,종계,25000,11043,경기도 연천군 왕징면 왕산로618번길 76-17,경기도 연천군 왕징면 동중리 213,38.0786282623,126.9672637616,20240306,운영
연천군,서울농장,육계,육계,60000,11009,경기도 연천군 연천읍 와초길 34,경기도 연천군 연천읍 와초리 78,38.1417602251,127.0930535322,20240306,운영
연천군,선형2농장,육계,육계,30000,11050,,경기도 연천군 장남면 원당리 1022-1,37.9814848989,126.8757190440,20240306,운영
연천군,성신농장,육계,육계,35000,11000,경기도 연천군 신서면 천덕로 189-140,경기도 연천군 신서면 답곡리 1535,38.2030352764,127.0823649147,20240306,운영
연천군,성진농장,육계,육계,55000,11050,경기도 연천군 장남면 장백로54번길 45,경기도 연천군 장남면 원당리 1170-3,37.9855830119,126.8676703435,20240306,운영
연천군,성호농장,육계,육계,50000,11048,경기도 연천군 백학면 백두2길 142,경기도 연천군 백학면 두일리 185-1,38.0515097184,126.9143584242,20240306,운영
연천군,송아리농장,종계/산란계,종계,100,11045,경기도 연천군 미산면 유노로 63,경기도 연천군 미산면 유촌리 91,38.0446655537,126.9973236409,20240306,운영
연천군,수목농장,육계,육계,70000,11045,경기도 연천군 미산면 백동로19번길 192-1,경기도 연천군 미산면 백석리 500,38.0527580435,126.9644536738,20240306,운영
연천군,승은농장,육계,육계,40000,11009,경기도 연천군 연천읍 상합길 135,경기도 연천군 연천읍 상리 582-2,38.1410790194,127.0591303615,20240306,운영
연천군,심현팜,종계/산란계,종계,300,11044,경기도 연천군 미산면 청정로1632번길 321,경기도 연천군 미산면 우정리 723,38.0317577729,127.0054679026,20240306,운영
연천군,아람농장,육계,육계,75000,11048,경기도 연천군 백학면 장백로631번길 244,경기도 연천군 백학면 전동리 565-1,38.0151089670,126.8881388786,20240306,운영
연천군,안골농장,육계,육계,60000,11049,경기도 연천군 백학면 노곡로 367,경기도 연천군 백학면 노곡리 146,38.0145513489,126.9389745021,20240306,운영
연천군,알토리농장,종계/산란계,종계,4500,11045,경기도 연천군 미산면 청정로1003번길 286-63,경기도 연천군 미산면 백석리 725,38.0469945325,126.9556515734,20240306,운영
연천군,양원농장,육계,육계,30000,11040,,경기도 연천군 전곡읍 양원리 658-6,37.9894529688,127.0230420980,20240306,운영
연천군,양원농장,육계,육계,20000,11040,경기도 연천군 전곡읍 양원로 287-6,경기도 연천군 전곡읍 양원리 281-1,37.9744641246,127.0343740392,20240306,운영
연천군,양평농장,육계,육계,0,11046,경기도 연천군 미산면 숭의전로227번길 212,경기도 연천군 미산면 아미리 517,38.0325049536,126.9543344772,20240306,운영
연천군,에벤에셀,육계,육계,97000,11050,경기도 연천군 장남면 장백로 502-100,경기도 연천군 장남면 원당리 270,38.0011530570,126.8821726604,20240306,운영
연천군,연천농장,육계,육계,56000,11011,경기도 연천군 연천읍 동막로25번길 102,경기도 연천군 연천읍 동막리 500-6,38.0919506065,127.0837276422,20240306,운영
연천군,연천농장,종계/산란계,종계,30000,11010,경기도 연천군 연천읍 합내로854번길 401,경기도 연천군 연천읍 옥산리 180-1,38.1228901286,127.0885605235,20240306,운영
연천군,영기농장,육계,육계,40000,11045,경기도 연천군 미산면 마유로 254,경기도 연천군 미산면 백석리 48-1,38.0512151605,126.9821769141,20240306,운영
연천군,영인농장,육계,육계,35000,11009,경기도 연천군 연천읍 합내로 561,경기도 연천군 연천읍 와초리 605-1,38.1580373300,127.0728396132,20240306,운영
연천군,올리농장,육계,육계,20000,11011,,경기도 연천군 연천읍 동막리 261-15,38.0870047811,127.1063357819,20240306,운영
연천군,왕림축산,육계,육계,50000,11007,경기도 연천군 군남면 삼왕로 405-2,경기도 연천군 군남면 왕림리 531,38.0733505719,127.0500856655,20240306,운영
연천군,왕징농장,육계,육계,50000,11043,경기도 연천군 왕징면 유노로 399-52,경기도 연천군 왕징면 노동리 238,38.0653298555,126.9844030188,20240306,운영
연천군,우리농장,육계,육계,60000,11005,경기도 연천군 군남면 옥계13길 156,경기도 연천군 군남면 옥계리 169,38.1327491464,127.0537719516,20240306,운영
연천군,우성농장,육계,육계,50000,11048,경기도 연천군 백학면 백두2길 99-1,경기도 연천군 백학면 두일리 165-4,38.0477423862,126.9161663882,20240306,운영
연천군,원당리농장,육계,육계,51000,11050,경기도 연천군 장남면 장백로259번길 53,경기도 연천군 장남면 원당리 713,37.9846886240,126.8825384916,20240306,운영
연천군,원일농장,육계,육계,30000,11045,경기도 연천군 미산면 백동로49번길 33,경기도 연천군 미산면 백석리 508,38.0554994291,126.9647870464,20240306,운영
연천군,원일농장,육계,육계,77000,11045,경기도 연천군 미산면 백동로19번길 133-63,경기도 연천군 미산면 백석리 830-1,38.0477292643,126.9645245020,20240306,운영
연천군,윈비팜농장,육계,육계,32000,11040,경기도 연천군 전곡읍 양연로1162번길 336,경기도 연천군 전곡읍 양원리 75,37.9856324740,127.0439373406,20240306,운영
연천군,유나네 자연숲 농장,종계/산란계,종계,0,11042,경기도 연천군 왕징면 왕산로266번길 285-1,경기도 연천군 왕징면 북삼리 499,38.0785768969,126.9860887209,20240306,운영
연천군,유림농장,육계,육계,50800,11009,경기도 연천군 연천읍 합내로593번길 35,경기도 연천군 연천읍 와초리 348,38.1579220359,127.0758422504,20240306,운영
연천군,유월농장,종계/산란계,종계,80000,11007,,경기도 연천군 군남면 왕림리 518,38.0721669312,127.0500284639,20240306,운영
연천군,유환농장,종계/산란계,종계,29000,11045,경기도 연천군 미산면 마유로143번길 179-84,경기도 연천군 미산면 백석리 289-1,38.0446082016,126.9679092475,20240306,운영
연천군,유환농장2,종계/산란계,종계,10000,11045,경기도 연천군 미산면 마유로143번길 179-30,경기도 연천군 미산면 백석리 436-1,38.0464564449,126.9660609632,20240306,운영
연천군,이레농장,종계/산란계,종계,0,11049,경기도 연천군 백학면 노아로 533-19,경기도 연천군 백학면 구미리 63,38.0069952967,126.9633628847,20240306,운영
연천군,익투스 토종닭,육계,육계,400,11044,,경기도 연천군 미산면 우정리 833,38.0514465190,127.0035882590,20240306,운영
연천군,인석농장,육계,육계,24000,11048,경기도 연천군 백학면 백왕로225번길 24,경기도 연천군 백학면 석장리 424,38.0519647030,126.9280549241,20240306,운영
연천군,장닭농장,육계,육계,22000,11049,경기도 연천군 백학면 노아로 184-16,경기도 연천군 백학면 학곡리 574,37.9853370518,126.9381721548,20240306,운영
연천군,재환농장,육계,육계,30000,11011,,경기도 연천군 연천읍 동막리 246-1,38.0908297802,127.1106044778,20240306,운영
연천군,제일농장,육계,육계,30000,11045,경기도 연천군 미산면 마유로126번길 111,경기도 연천군 미산면 백석리 61,38.0472451559,126.9771103891,20240306,운영
연천군,주환농장,육계,육계,45000,11049,경기도 연천군 백학면 노곡로 187-27,경기도 연천군 백학면 노곡리 478,37.9995787081,126.9328356610,20240306,운영
연천군,진안농장,육계,육계,28000,11009,경기도 연천군 연천읍 상합가길 145-14,경기도 연천군 연천읍 상리 695,38.1358346904,127.0570052603,20240306,운영
연천군,진양농원,육계,육계,38000,11045,경기도 연천군 미산면 마유로126번길 53,경기도 연천군 미산면 백석리 102,38.0495036277,126.9762737102,20240306,운영
연천군,진양농원,육계,육계,200,11044,경기도 연천군 미산면 청정로1632번길 285-70,경기도 연천군 미산면 우정리 707,38.0299372447,127.0054801418,20240306,운영
연천군,진흥농장,육계,육계,28000,11044,경기도 연천군 왕징면 왕산로 193-120,경기도 연천군 왕징면 무등리 434,38.0688424405,126.9984350893,20240306,운영
연천군,청계목장,육계,육계,60000,11018,,경기도 연천군 연천읍 고문리 183-6,38.0649177137,127.1220870178,20240306,운영
연천군,태영농장,육계,육계,25000,11015,경기도 연천군 연천읍 연천로285번길 127,경기도 연천군 연천읍 읍내리 5,38.1000955720,127.0705083018,20240306,운영
연천군,털보네 촌닭,육계,육계,100,11003,경기도 연천군 신서면 장거리길 204-18,경기도 연천군 신서면 도신리 621-1,38.1630982160,127.0971585467,20240306,운영
연천군,통일농장,종계/산란계,종계,250,11008,,경기도 연천군 군남면 남계리 1098,38.0117061083,127.0197915190,20240306,운영
연천군,팜 메이존,육계,육계,74000,11045,경기도 연천군 미산면 유노로 83-85,"경기도 연천군 미산면 유촌리 72,",38.0425098148,126.9969281108,20240306,운영
연천군,평산골농장,육계,육계,97000,11003,경기도 연천군 신서면 답곡로 140,경기도 연천군 신서면 답곡리 930-1,38.1911123506,127.0725323083,20240306,운영
연천군,풍무골농장,육계,육계,28000,11040,경기도 연천군 전곡읍 양원로231번길 56,경기도 연천군 전곡읍 양원리 127,37.9786132705,127.0351904246,20240306,운영
연천군,풍산농장,육계,육계,32000,11005,경기도 연천군 군남면 군남로 764-325,경기도 연천군 군남면 옥계리 359-4,38.1073284657,127.0524552013,20240306,운영
연천군,풍천농장,육계,육계,95000,11009,경기도 연천군 연천읍 상리로86번길 143-44,경기도 연천군 연천읍 상리 519-1,38.1419531606,127.0663716080,20240306,운영
연천군,함께커농장,육계,육계,41000,11009,경기도 연천군 연천읍 합내로 700,경기도 연천군 연천읍 와초리 498-4,38.1487983093,127.0825602195,20240306,운영
연천군,해찬농장,육계,육계,80000,11008,경기도 연천군 군남면 남계로 90-87,경기도 연천군 군남면 남계리 1229,38.0264385751,127.0292142859,20240306,운영
연천군,현효근농장,육계,육계,40000,11011,경기도 연천군 연천읍 동막로 214,경기도 연천군 연천읍 동막리 261-13,38.0881050107,127.1081414437,20240306,운영
연천군,호성농장,육계,육계,32000,11022,경기도 연천군 청산면 순욱길 119,경기도 연천군 청산면 대전리 223-1,38.0009620698,127.0979446259,20240306,운영
연천군,화진농장,육계,육계,17000,11008,경기도 연천군 군남면 오리골길 81,경기도 연천군 군남면 황지리 428,38.0355184761,127.0324835892,20240306,운영
연천군,효은농장,육계,육계,60000,11009,경기도 연천군 연천읍 상리로86번길 94-189,경기도 연천군 연천읍 상리 859-2,38.1461600038,127.0731941941,20240306,운영
오산시,육성농장,닭,육용종계,0,18124,경기도 오산시 가장로 599-13,경기도 오산시 가장로 599-13,37.1584486855,127.0443250450,20250714,
오산시,이나팜스,닭,산란계,31000,18104,경기도 오산시 벌음3길 31,경기도 오산시 서동 607,37.1467855803,127.0330443820,20250714,
용인시,계성농장,닭,육계,55000,17172,경기도 용인시 처인구 백암면 덕평로26번길 109,경기도 용인시 처인구 백암면 백암리 72번지,37.1777235226,127.3785831842,20230531,
용인시,권일농장,닭,육계,36650,17123,경기도 용인시 처인구 남사면 방아로 49-38,경기도 용인시 처인구 남사면 방아리 169-8번지,37.1179822209,127.1686573504,20230531,
용인시,금수농장,닭,육계,41000,17134,경기도 용인시 처인구 이동읍 백옥대로260번길 32-8,경기도 용인시 처인구 이동읍 시미리 86-1번지,37.1620817627,127.2108134022,20230531,
용인시,금어농장,닭,육계,15000,17030,경기도 용인시 처인구 포곡읍 금어로430번길 24-24,경기도 용인시 처인구 포곡읍 금어리 327-2번지,37.2811676185,127.2552665339,20230531,
용인시,김기범,닭,육계,4000,17131,경기도 용인시 처인구 이동읍 묵리 809번지,경기도 용인시 처인구 이동읍 묵리 809번지,37.1927748925,127.2329024107,20230531,
용인시,김진성,닭,육계,40000,17118,경기도 용인시 처인구 남사면 천덕산로111번길 88,경기도 용인시 처인구 남사면 봉명리 617번지,37.1177905233,127.1197945656,20230531,
용인시,꼬꼬농장,닭,육계,50000,17175,경기도 용인시 처인구 원삼면 원양로442번길 203-15,경기도 용인시 처인구 원삼면 가재월리 281번지,37.1795724255,127.3222526525,20230531,
용인시,남사농장,닭,육계,30000,17118,경기도 용인시 처인구 남사면 봉무로218번길 32,경기도 용인시 처인구 남사면 봉무리 152-1번지,37.1328425900,127.1577168165,20230531,
용인시,남산농장,닭,육계,100000,17123,경기도 용인시 처인구 이동읍 어진로 892,경기도 용인시 처인구 이동읍 어비리 321-11번지,37.1085265786,127.2027672719,20230531,
용인시,노동오리농장,오리,육계,3000,17173,경기도 용인시 처인구 백암면 근곡리 산 36번지 7호,경기도 용인시 처인구 백암면 근곡리 산 36번지 7호,37.1814221847,127.3570328192,20230531,
용인시,놀부농장,닭,육계,35000,17182,경기도 용인시 처인구 백암면 삼백로 657,경기도 용인시 처인구 백암면 용천리 382-3번지,37.1296888660,127.3718825776,20230531,
용인시,농업법인회사조인(주),닭,육계,0,,경기도 용인시 기흥구 보정동 442번지 8호,경기도 용인시 기흥구 보정동 442번지 8호,,,20230531,
용인시,농업회사법인 주식회사 다원팜,닭,산란계,360000,17183,경기도 용인시 처인구 백암면 옥산로 40-16,경기도 용인시 처인구 백암면 옥산리 476번지 4호 외1필지(476-7),37.1051754521,127.4065314379,20230531,
용인시,농업회사법인 주식회사 청려원,닭,산란계,270000,17182,경기도 용인시 처인구 백암면 삼백로 368-17,경기도 용인시 처인구 백암면 석천리 227번지 4호,37.1058266029,127.3789794050,20230531,
용인시,농업회사법인(주) 다원팜(유연지점),닭,산란계,63000,17170,경기도 용인시 처인구 원삼면 백원로 68-33,경기도 용인시 처인구 원삼면 독성리 50-4번지,37.1566743869,127.3269462624,20230531,
용인시,늘푸른유정란농장,닭,산란계,20000,17118,경기도 용인시 처인구 남사면 천덕산로111번길 88,경기도 용인시 처인구 남사면 봉명리 617번지,37.1177905233,127.1197945656,20230531,
용인시,대박농장,닭,육계,50000,17182,경기도 용인시 처인구 백암면 삼백로 446-84,경기도 용인시 처인구 백암면 석천리 54번지,37.1104925234,127.3845433434,20230531,
용인시,대박농장,닭,육계,35000,17175,경기도 용인시 처인구 원삼면 가재월로69번길 61-12,경기도 용인시 처인구 원삼면 가재월리 799-2번지,37.1757142924,127.3162912747,20230531,
용인시,대성농장,닭,육계,60000,17037,경기도 용인시 처인구 모현읍 새래로 158-19,경기도 용인시 처인구 모현읍 초부리 688-1번지,37.2995081766,127.2538869684,20230531,
용인시,대성농장,닭,육계,68000,17182,경기도 용인시 처인구 백암면 삼백로 485-1,경기도 용인시 처인구 백암면 석천리 376-2번지,37.1146998964,127.3734724056,20230531,
용인시,도승농장,닭,육계,59500,17179,경기도 용인시 처인구 백암면 박곡로58번길 186,경기도 용인시 처인구 백암면 박곡리 288-1번지,37.1638860122,127.3967953746,20230531,
용인시,돈희농장,닭,육계,79000,17137,경기도 용인시 처인구 이동읍 경기동로785번길 126-13,경기도 용인시 처인구 이동읍 송전리 1199번지,37.1367485526,127.2131278989,20230531,
용인시,두레농장,닭,산란계,9590,17169,경기도 용인시 처인구 원삼면 문촌로224번길 22-55,경기도 용인시 처인구 원삼면 문촌리 361-4번지,37.1670733829,127.2912843581,20230531,
용인시,명바위농산,오리,육계,13000,17169,경기도 용인시 처인구 원삼면 문촌리 55번지 2호,경기도 용인시 처인구 원삼면 문촌리 55번지 2호,,,20230531,
용인시,밀알농장,닭,산란계,140000,17168,경기도 용인시 처인구 원삼면 원양로124번길 32-3,경기도 용인시 처인구 원삼면 고당리 150번지 6호 외 3필지,37.1728769318,127.3118824543,20230531,
용인시,백암농장,오리,오리,5000,17163,경기도 용인시 처인구 양지면 평창로154번길 30,경기도 용인시 처인구 양지면 평창리 187번지,37.2348907408,127.3214351663,20230531,
용인시,보미농장,닭,육계,39000,17135,경기도 용인시 처인구 이동읍 화산남로178번길 16,경기도 용인시 처인구 이동읍 화산리 318번지 4호,37.1431820433,127.2233953262,20230531,
용인시,보배농장,닭,육계,50000,17116,경기도 용인시 처인구 남사면 화곡로 113,경기도 용인시 처인구 남사면 창리 249번지,37.1519926607,127.1851645978,20230531,
용인시,뿌리농장,닭,육계,50000,17179,경기도 용인시 처인구 백암면 박곡로208번길 43,경기도 용인시 처인구 백암면 박곡리 175번지,37.1709361872,127.3980586462,20230531,
용인시,산에들에농장,닭,산란계,600,17142,경기도 용인시 처인구 해곡동 109번지,경기도 용인시 처인구 해곡동 109번지,37.1861420189,127.2798102412,20230531,
용인시,삼보축산,닭,육계,30000,17130,경기도 용인시 처인구 이동읍 시미곡로 11,경기도 용인시 처인구 이동읍 덕성리 1046번지,37.1639668121,127.2075849544,20230531,
용인시,삼원농장,닭,육계,25000,17180,경기도 용인시 처인구 백암면 고안로51번길 64-32,경기도 용인시 처인구 백암면 고안리 531-2번지,37.1354558208,127.4084870425,20230531,
용인시,상을농장,닭,육계,12000,17166,경기도 용인시 처인구 원삼면 미평리 279번지,경기도 용인시 처인구 원삼면 미평리 279번지,37.1846718268,127.3199523946,20230531,
용인시,새한농원,닭,육계,50000,17171,경기도 용인시 처인구 백암면 청강가창로210번길 15,경기도 용인시 처인구 백암면 가창리 185-1번지 홍성산업,37.1968670538,127.3678253145,20230531,
용인시,새한농원,닭,육계,50000,17171,경기도 용인시 처인구 백암면 청강가창로210번길 15,경기도 용인시 처인구 백암면 가창리 185-1번지,37.1968670538,127.3678253145,20230531,
용인시,샘말농장,닭,육계,84000,17137,경기도 용인시 처인구 이동읍 경기동로785번길 164,경기도 용인시 처인구 이동읍 송전리 1223번지,37.1370861232,127.2185760698,20230531,
용인시,서리농장,닭,육계,50000,17127,경기도 용인시 처인구 이동읍 처인성로 1140,경기도 용인시 처인구 이동읍 서리 112번지,37.1868146906,127.1786094354,20230531,
용인시,선돌농장,닭,육계,21000,17121,경기도 용인시 처인구 남사면 완장천로 42-42,경기도 용인시 처인구 남사면 창리 477번지,37.1262534606,127.1737885211,20230531,
용인시,선진농장,닭,산란계,45000,17176,경기도 용인시 처인구 원삼면 백원로 172-8,경기도 용인시 처인구 원삼면 두창리 950번지,37.1549901571,127.3342477885,20230531,
용인시,선진농장,닭,산란계,15000,17118,경기도 용인시 처인구 남사면 천덕산로111번길 88,경기도 용인시 처인구 남사면 봉명리 617번지,37.1177905233,127.1197945656,20230531,
용인시,설해농장,닭,육계,42000,17166,경기도 용인시 처인구 원삼면 미평로81번길 21,경기도 용인시 처인구 원삼면 미평리 77-1번지,37.1820959243,127.3280486707,20230531,
용인시,성민농장,닭,육계,26000,17179,경기도 용인시 처인구 백암면 박곡로216번길 20-35,경기도 용인시 처인구 백암면 박곡리 158-2번지,37.1725177414,127.4029115095,20230531,
용인시,세례농장,닭,산란계,109800,17182,경기도 용인시 처인구 백암면 삼백로 414-17,경기도 용인시 처인구 백암면 석천리 170번지,37.1083140745,127.3785252491,20230531,
용인시,세례유정란농장,닭,산란계,13500,17169,경기도 용인시 처인구 원삼면 문촌로224번길 61,경기도 용인시 처인구 원삼면 문촌리 367번지 외1필지,37.1662042794,127.2891692063,20230531,
용인시,세현농장,닭,육계,60000,17179,경기도 용인시 처인구 백암면 박곡로216번길 20-46,경기도 용인시 처인구 백암면 박곡리 163번지,37.1712461434,127.4021809579,20230531,
용인시,소현농장,닭,산란계,40000,17170,경기도 용인시 처인구 원삼면 어현로 84-22,경기도 용인시 처인구 원삼면 죽능리 749-1번지,37.1415682271,127.2993827373,20230531,
용인시,솔잎농장,닭,육계,76000,17137,경기도 용인시 처인구 이동읍 경기동로785번길 144,경기도 용인시 처인구 이동읍 송전리 1216외 1필지,37.1367207031,127.2165395206,20230531,
용인시,송화농장,닭,육계,102,17135,경기도 용인시 처인구 이동읍 경기동로751번길 114,경기도 용인시 처인구 이동읍 화산리 501-1번지 외 1필지,37.1408328981,127.2098021134,20230531,
용인시,수원농장,닭,육계,35000,17123,경기도 용인시 처인구 남사면 원암로 468,경기도 용인시 처인구 남사면 방아리 969-10번지,37.1014443069,127.1763370244,20230531,
용인시,수지농장,메추리,,100000,17149,경기도 용인시 처인구 주북로 30-17,"경기도 용인시 처인구 고림동 68번지 67-1,67-2",37.2467562466,127.2361869791,20230531,
용인시,스마일농장,닭,육계,57473,17126,경기도 용인시 처인구 이동읍 상덕로 95-26,경기도 용인시 처인구 이동읍 서리 859번지,37.2138891878,127.1610703194,20230531,
용인시,싱글벙글농장,닭,육계,85000,17126,경기도 용인시 처인구 이동읍 서리 862번지,경기도 용인시 처인구 이동읍 서리 862번지,37.2142723666,127.1624312389,20230531,
용인시,씨알유정란농장,닭,산란계,17000,17170,경기도 용인시 처인구 원삼면 보개원삼로 1440,경기도 용인시 처인구 원삼면 목신리 215번지,37.1244586590,127.3099647659,20230531,
용인시,알찬유정란농장,닭,산란계,15000,17166,경기도 용인시 처인구 원삼면 맹리로127번길 21-1,경기도 용인시 처인구 원삼면 맹리 190번지,37.1987998935,127.3349408370,20230531,
용인시,양지농원,닭,산란계,6000,17161,경기도 용인시 처인구 양지면 남평로 39-1,경기도 용인시 처인구 양지면 양지리 493-34번지,37.2310795877,127.2899245536,20230531,
용인시,양지단비사슴농장,닭,육계,80,17163,경기도 용인시 처인구 양지면 도창로 137,경기도 용인시 처인구 양지면 평창리 552-2번지,37.2219678373,127.3191394616,20230531,
용인시,에스겔-푸름농장,닭,산란계,5000,17175,"경기도 용인시 처인구 원삼면 가재월로69번길 67, EQB",경기도 용인시 처인구 원삼면 가재월리 792번지 5호 EQB,37.1769410839,127.3168515602,20230531,
용인시,영곡양계장,닭,육계,40000,17181,경기도 용인시 처인구 백암면 원설로 254,경기도 용인시 처인구 백암면 근삼리 328번지,37.1450101008,127.3612719749,20230531,
용인시,예산농장,닭,산란계,15000,17170,경기도 용인시 처인구 원삼면 어현로 26-35,경기도 용인시 처인구 원삼면 죽능리 141번지,37.1359225950,127.3031243837,20230531,
용인시,옥산농장,닭,육계,60000,17183,경기도 용인시 처인구 백암면 옥산리 925번지,경기도 용인시 처인구 백암면 옥산리 925번지,37.0998944086,127.3972311063,20230531,
용인시,용인농장,닭,육계,40000,17131,경기도 용인시 처인구 이동읍 이원로80번길 22-8,경기도 용인시 처인구 이동읍 묵리 1050번지,37.1862271668,127.2130985905,20230531,
용인시,용인농장,닭,육계,40000,17180,경기도 용인시 처인구 백암면 고안로51번길 126-30,경기도 용인시 처인구 백암면 고안리 589번지,37.1394431198,127.4124793866,20230531,
용인시,율애농장,닭,육계,50000,17182,경기도 용인시 처인구 백암면 율애길 17,경기도 용인시 처인구 백암면 장평리 764번지,37.1140627848,127.3762198822,20230531,
용인시,이유순농장,닭,육계,30000,17116,경기도 용인시 처인구 남사읍 화곡로 287,경기도 용인시 처인구 남사읍 창리 14번지,37.1561842568,127.1955195284,20230531,
용인시,재복농장,닭,육계,40000,17175,경기도 용인시 처인구 원삼면 가재월로69번길 61-20,경기도 용인시 처인구 원삼면 가재월리 799-5번지,37.1750195761,127.3158874227,20230531,
용인시,재영농장,닭,산란계,8000,17022,경기도 용인시 처인구 포곡읍 옥현로45번길 130-36,경기도 용인시 처인구 포곡읍 삼계리 217-3번지,37.2915404663,127.2293967750,20230531,
용인시,점터농장,닭,육계,60000,17182,경기도 용인시 처인구 백암면 황새울로111번길 32,경기도 용인시 처인구 백암면 석천리 509-1번지,37.1105322203,127.3625954816,20230531,
용인시,정감농장,닭,산란계,20000,17169,경기도 용인시 처인구 원삼면 문촌로224번길 22-65,경기도 용인시 처인구 원삼면 문촌리 361-2번지,37.1677484880,127.2907418416,20230531,
용인시,정원축산,닭,산란계,200000,17179,경기도 용인시 처인구 백암면 박곡로58번길 209-17,경기도 용인시 처인구 백암면 박곡리 194-2번지,37.1651063204,127.4007696860,20230531,
용인시,좋은농장,닭,육계,45000,17118,경기도 용인시 처인구 남사면 통삼로171번길 48,경기도 용인시 처인구 남사면 봉명리 197번지,37.1192289545,127.1242449505,20230531,
용인시,처인토종닭연구소,닭,토종닭,65,17166,경기도 용인시 처인구 원삼면 미평리 342,경기도 용인시 처인구 원삼면 미평리 342,37.1780566778,127.3171433827,20230531,
용인시,천하축산,닭,육계,15000,17179,경기도 용인시 처인구 백암면 박곡로58번길 188-16,경기도 용인시 처인구 백암면 박곡리 288-2번지,37.1632187971,127.3966048092,20230531,
용인시,칠보농장,닭,육계,2000,17119,경기도 용인시 처인구 남사면 통삼로 282-104,경기도 용인시 처인구 남사면 통삼리 14번지 1호,37.1248728147,127.1390654973,20230531,
용인시,태영농장,닭,육계,35000,17123,경기도 용인시 처인구 남사면 전원로 138,경기도 용인시 처인구 남사면 방아리 298번지 태영농장,37.1182448129,127.1856420878,20230531,
용인시,평창농장,닭,육계,2300,17163,경기도 용인시 처인구 양지면 평창로154번길 54,경기도 용인시 처인구 양지면 평창리 181-1번지,37.2344688435,127.3226086234,20230531,
용인시,평촌오리농장,오리,육계,5000,17180,경기도 용인시 처인구 백암면 백봉로165번길 47,경기도 용인시 처인구 백암면 백봉리 1135번지 3호,,,20230531,
용인시,하나농장,닭,육계,13000,17135,경기도 용인시 처인구 이동읍 백옥대로 121-14,경기도 용인시 처인구 이동읍 화산리 658번지 1호,37.1494227264,127.2022581999,20230531,
용인시,한백농장,닭,육계,36280,17166,경기도 용인시 처인구 원삼면 미평로106번길 49,경기도 용인시 처인구 원삼면 미평리 280번지,37.1852937686,127.3205042261,20230531,
용인시,한정농장,닭,육계,50000,17131,경기도 용인시 처인구 이동읍 이원로100번길 50,"경기도 용인시 처인구 이동읍 묵리 981-2번지 외 2필지(981-1,982-1)",37.1846726585,127.2189178529,20230531,
용인시,한창농장,닭,육계,54000,17181,경기도 용인시 처인구 백암면 삼백로828번길 72,경기도 용인시 처인구 백암면 근삼리 227-2번지,37.1435853614,127.3771626879,20230531,
용인시,해동유정란농장,닭,산란계,60000,17182,경기도 용인시 처인구 백암면 삼백로573번길 23,경기도 용인시 처인구 백암면 장평리 616-9번지 EQB,37.1215415149,127.3732921662,20230531,
용인시,행복농장,닭,산란계,12000,17166,경기도 용인시 처인구 원삼면 미평로106번길 50-12,경기도 용인시 처인구 원삼면 미평리 294-1번지,37.1853878573,127.3231290686,20230531,
용인시,황새울농장,닭,육계,50000,17121,경기도 용인시 처인구 남사면 경기동로 456,경기도 용인시 처인구 남사면 창리 549번지,37.1390598940,127.1727990068,20230531,
용인시,흰돌농장,닭,육계,20000,17130,경기도 용인시 처인구 이동읍 백옥대로 287-8,경기도 용인시 처인구 이동읍 덕성리 918번지 (외1필지(918-1)),37.1633843045,127.2053233189,20230531,
의왕시,왕곡농장,닭,산란계,250,16070,경기도 의왕시 통미마을길 38-2,경기도 의왕시 왕곡동 453,37.3396089730,126.9802951133,20250714,
의정부시,귀락가든,닭,토종닭,40,11767,경기도 의정부시 자일동 62-9,경기도 의정부시 민락로560번길 36-16,37.7699519683,127.1176950579,20230418,
의정부시,농장명없음,닭,토종닭,25,11816,경기도 의정부시 낙양동 79,경기도 의정부시 낙양동 79,37.7588770454,127.1259746446,20230418,
의정부시,농장명없음,닭,토종닭,35,11767,경기도 의정부시 자일동 61-13,경기도 의정부시 자일동 61-13,37.7702650959,127.1170044558,20230418,
의정부시,농장명없음,닭,토종닭,23,11796,경기도 의정부시 용현동 205-5,경기도 의정부시 시민로 454-72,37.7298280045,127.0814166756,20230418,
의정부시,농장명없음,닭,토종닭,17,,경기도 의정부시 신곡동 산 53-9,경기도 의정부시 신곡동 산 53-9,37.7321585380,127.0631299724,20230418,
의정부시,농장명없음,닭,토종닭,30,11795,경기도 의정부시 신곡동 237-18,경기도 의정부시 신곡동 237-18,37.7270190898,127.0704875641,20230418,
의정부시,신기농장,닭,토종닭,50,11770,경기도 의정부시 낙양동 332-2,경기도 의정부시 민락로 437 (낙양동),37.7601623291,127.1117851599,20230418,
의정부시,신도휴,닭,토종닭,15,11801,경기도 의정부시 고산동 420-3,경기도 의정부시 고산로125번길 67 (고산동),37.7331795346,127.1045039654,20230418,
의정부시,의정부교도소,닭,육계,21000,11797,경기도 의정부시 고산동 829-5,경기도 의정부시 송산로 1119-30 (고산동),37.7261733412,127.0904586894,20230418,
의정부시,천보산한우농장,닭,토종닭,35,11766,경기도 의정부시 자일동 239,경기도 의정부시 자일동 239,37.7595920265,127.0924305624,20230418,
이천시,강화농장,산란육성계,종계,21200,17414,경기도 이천시 장호원읍 이풍로476번길 166,경기도 이천시 장호원읍 풍계리 862- 15,37.1455536618,127.6104202553,20250421,
이천시,경기,종계/산란계,종계,7500,17334,경기도 이천시 부발읍 아미리 6,경기도 이천시 부발읍 아미리 6,37.2603990127,127.5146382923,20250421,
이천시,계림,오리,산란계,50000,17309,경기도 이천시 백사면 원적로868번길 11,경기도 이천시 백사면 도립리 261번지,37.3406123440,127.4737744414,20250421,
이천시,골드아이(유),육계,산란계,187400,17413,경기도 이천시 설성면 진상미로264번길 251-61,경기도 이천시 설성면 행죽리 779-1,37.1158978491,127.5356367928,20250421,
이천시,길농원,닭,육계,29000,17397,경기도 이천시 호법면 동산로 193,경기도 이천시 호법면 동산리 379- 6,37.2037421131,127.4021728436,20250421,
이천시,나래농장,육계,산란계,330000,17414,경기도 이천시 장호원읍 나래천로509번길 336,경기도 이천시 장호원읍 나래리 546,37.1847030202,127.5879221251,20250421,
이천시,농법(주)에버그린 율면지점,메추리,육계,650000,17423,경기도 이천시 율면 금율로672번길 143,경기도 이천시 율면 석산리 679외,37.0642607485,127.5451400601,20250421,
이천시,농법(주)에버그린팜,종계/산란계,종계,28000,17413,경기도 이천시 설성면 설장로320번길 113-206,경기도 이천시 설성면 제요리 435번지,37.1211548205,127.5548884906,20250421,
이천시,대일,닭,육계,35000,17402,경기도 이천시 대월면 대장로 616-70,경기도 이천시 대월면 구시리 35,37.2163208608,127.5080249729,20250421,
이천시,대흥,육계,육계,83000,17343,경기도 이천시 대월면 대평로 27,경기도 이천시 대월면 대흥리 182번지 4호,37.2291196749,127.4813659401,20250421,
이천시,대흥,육계,토종닭,2500,17382,경기도 이천시 마장면 관리 999,경기도 이천시 마장면 관리 999번지,37.2695139710,127.3474528076,20250421,
이천시,덕기,종계/산란계,육계,60000,17388,경기도 이천시 마장면 작촌로 120-62,경기도 이천시 마장면 작촌리 260-2,37.2452219103,127.3411650784,20250421,
이천시,도봉,육계,산란계,29000,17300,경기도 이천시 신둔면 도봉리 799-1,경기도 이천시 신둔면 도봉리 799-1,37.3155580133,127.4518249657,20250421,
이천시,동원종계장,종계/산란계,종계,33000,17310,경기도 이천시 백사면 원적로532번길 199(신대리 391-6),경기도 이천시 백사면 신대리 363번지 5호,37.3194066783,127.4569877050,20250421,
이천시,명성,닭,육계,550001,17397,경기도 이천시 호법면 동산로190번길 257,경기도 이천시 호법면 동산리 528번지 외 3필지,37.1938655934,127.4058250366,20250421,
이천시,부일,기러기,산란계,9000,17414,경기도 이천시 장호원읍 나래천로352번길 259-8,경기도 이천시 장호원읍 와현리 52번지 5호,37.1683907081,127.6059141372,20250421,
이천시,북두농장,육계,육계,67000,17424,경기도 이천시 율면 주래본죽로612번길 113-20,경기도 이천시 율면 북두리 271번지 1호,37.0707011879,127.5322295647,20250421,
이천시,상봉농장,메추리,종계,22170,17409,경기도 이천시 설성면 설가로219번길 325-143,경기도 이천시 설성면  상봉리 481번지 1호,37.1579545400,127.4987724375,20250421,
이천시,상지농장농법,육계,산란계,57500,17390,경기도 이천시 마장면 청강가창로 315-5,경기도 이천시 마장면 해월리 28번지 6호,37.2034289617,127.3596663416,20250421,
이천시,설성양계,육계,산란계,150000,17411,경기도 이천시 설성면 설성로240번길 190-9,"경기도 이천시 설성면 장천리 188번지 ,188-7,188-8,188-12",37.1408032934,127.5384634155,20250421,
이천시,설성우주농장,오리,육계,92000,17411,경기도 이천시 설성면 진상미로582번길 96-24,경기도 이천시 설성면 장능리 170번지 33호,37.1256358795,127.5253519791,20250421,
이천시,성대,오리,오리,5100,17401,경기도 이천시 대월면 대장로278번길 149-27,경기도 이천시 대월면 대대리 242번지,37.2159412653,127.4826202551,20250421,
이천시,성재농장,오리,오리,10500,17407,경기도 이천시 모가면 공원로249번길 86-52,경기도 이천시 모가면 원두리 164번지,37.1839557666,127.4667760773,20250421,
이천시,성지,육계,육계,74000,17309,경기도 이천시 백사면 원적로801번길 85-26,경기도 이천시 백사면 송말리 468번지,37.3441984745,127.4680604183,20250421,
이천시,솔잎농장,육계,육계,190000,17385,경기도 이천시 마장면 이장로 107-7,경기도 이천시 마장면 이치리 172-6,37.2627535582,127.3787174882,20250421,
이천시,송이1,육계,종계,15000,17310,경기도 이천시 백사면 원적로532번길 135,경기도 이천시 백사면 신대리 413번지 1호,37.3199464248,127.4540867818,20250421,
이천시,송이2,종계/산란계,종계,7400,17310,경기도 이천시 백사면 신대리 589,경기도 이천시 백사면 신대리 417번지 1호,37.3187554077,127.4552467629,20250421,
이천시,승희,육계,토종닭,20000,17423,경기도 이천시 율면 임오산로 86-46,경기도 이천시 율면 월포리 386번지,37.0947332387,127.5565348640,20250421,
이천시,신가네,육계,육계,77000,17310,경기도 이천시 백사면 원적로618번길 45,경기도 이천시 백사면 경사리 산 88번지,37.3292313774,127.4556614288,20250421,
이천시,신혁,육계,육계,60000,17410,경기도 이천시 설성면 설성로 321-6,경기도 이천시 설성면 암산리 513번지 3호,37.1547396851,127.5371077914,20250421,
이천시,신화,종계/산란계,육계,36000,17302,경기도 이천시 신둔면 원적로 248-58,경기도 이천시 신둔면 수하리 344번지,37.3161584137,127.4170262737,20250421,
이천시,오성꿩농장,꿩,꿩,10000,17414,경기도 이천시 장호원읍 나래천로352번길 223,경기도 이천시 장호원읍 와현리 42-20,37.1683563178,127.6040330255,20250421,
이천시,오천,육계,산란계,12700,17388,경기도 이천시 마장면 작촌로 35번길 230,경기도 이천시 마장면 오천리 213,37.2427030209,127.3520168217,20250421,
이천시,용진,오리,오리,12000,17413,경기도 이천시 설성면 설장로211번길 244,경기도 이천시 설성면 신필리 374번지 5호,37.1403432204,127.5395215948,20250421,
이천시,우리축산,종계/산란계,산란계,90000,17309,경기도 이천시 백사면 원적로 852,경기도 이천시 백사면 도립리 278번지 2호,37.3401343224,127.4725214772,20250421,
이천시,우미1,닭,육계,60000,17398,경기도 이천시 호법면 송갈로 100번길 112,경기도 이천시 호법면 송갈리 711번지,37.1978247753,127.4357485477,20250421,
이천시,우미2,닭,육계,62300,17398,경기도 이천시 호법면 송갈리 731-1,경기도 이천시 호법면 송갈리 731-4,37.1921773709,127.4358158960,20250421,
이천시,우화농장,닭,산란계,2000,17422,경기도 이천시 장호원읍 서동대로8926번길 94-51,경기도 이천시 장호원읍 진암리 102,37.1091351411,127.6207220319,20250421,
이천시,원두,오리,육계,63000,17407,경기도 이천시 모가면 진상미로1458번길 99-29,경기도 이천시 모가면 원두리 94번지 4호,37.1890064103,127.4785816032,20250421,
이천시,원호1,꿩,육계,44000,17423,경기도 이천시 율면 금율로 638,경기도 이천시 율면 석산리 866번지,37.0575560302,127.5396923175,20250421,
이천시,월포농장,육계,육계,26000,17423,경기도 이천시 율면 고월로 327,경기도 이천시 율면 월포리 749-8,37.0759161511,127.5648347665,20250421,
이천시,유경,종계/산란계,육계,34000,17415,경기도 이천시 장호원읍 경충대로519번길 245-70,경기도 이천시 장호원읍 선읍리 750번지,37.1371179534,127.5735115198,20250421,
이천시,유이농장,육계,산란계,65000,17424,경기도 이천시 율면 주래본죽로590번길 75-39,경기도 이천시 율면 본죽리 127번지,37.0738483826,127.5274722033,20250421,
이천시,이동,종계/산란계,종계,3000,17310,경기도 이천시 백사면 원적로532번길 121,경기도 이천시 백사면 신대리 414번지 1호,37.3207938441,127.4543684305,20250421,
이천시,이천,종계/산란계,육계,46100,17402,경기도 이천시 대월면 양녕로51번길 31,경기도 이천시 대월면  군량리 620번지 5호,37.1804358741,127.4979834781,20250421,
이천시,이천꿩농장,꿩,꿩,10000,17301,경기도 이천시 신둔면 지석리 23,경기도 이천시 신둔면 지석리 23,37.3285230776,127.4302153545,20250421,
이천시,자연애팜,육계,산란계,308000,17405,경기도 이천시 부발읍 황무로1996번길 121-14,경기도 이천시 부발읍 가산리 427번지 74호,37.2489519435,127.5057845389,20250421,
이천시,장능,육계,산란계,99000,17411,경기도 이천시 설성면 진상미로582번길 103-48,경기도 이천시 설성면 장능리 170-29,37.1255810862,127.5284702933,20250421,
이천시,천왕농장,메추리,육계,159000,17415,경기도 이천시 장호원읍 경충대로519번길 245-96,경기도 이천시 장호원읍 선읍리 748번지 외 4필지,37.1394431850,127.5742118629,20250421,
이천시,카르베 유정란,육계,산란계,2500,17414,경기도 이천시 장호원읍 와현리 473-5,경기도 이천시 장호원읍 와현리 473번지 5호,37.1432447351,127.6017916393,20250421,
이천시,태경축산,종계/산란계,종계,27000,17414,경기도 이천시 장호원읍 이풍로426번길 95-100,경기도 이천시 장호원읍 와현리 417-20,37.1460471774,127.6029214494,20250421,
이천시,풍계,종계/산란계,토종닭,46000,17414,경기도 이천시 장호원읍 이풍로 303-134,경기도 이천시 장호원읍 풍계리 682번지 19호 외 4필지,37.1640093718,127.6064148679,20250421,
이천시,해마로(상진),종계/산란계,종계,14400,17415,경기도 이천시 장호원읍 경충대로307번길 423-99,경기도 이천시 장호원읍 선읍리 481번지 2호,37.1358800684,127.5781040110,20250421,
이천시,현동농장,육계,산란계,57188,17424,경기도 이천시 율면 신추로95번길 387,경기도 이천시 율면 신추리 840번지 1호,37.0917888335,127.5168337964,20250421,
이천시,호현,종계/산란계,종계,22800,17414,경기도 이천시 장호원읍 이풍로426번길 95-49,경기도 이천시 장호원읍 와현리 388번지 4호,37.1480998847,127.6057957478,20250421,
이천시,효성농장,종계/산란계,육계,80000,17317,경기도 이천시 부발읍 고백리 210-1,경기도 이천시 부발읍 고백리 210번지 1호,37.2981793104,127.5307291953,20250421,
파주시,DMZ황금알농장,닭,산란계,,10800,,경기도 파주시 진동면 하포리 623번지,37.9238797729,126.8129430157,20250715,
파주시,가월농장,닭,산란계,,10803,,경기도 파주시 적성면 가월리 198번지 등2(1526),37.9619558663,126.9105266913,20250715,
파주시,강현농장,닭,육계,,10801,경기도 파주시 적성면 장마루16길 346-38,경기도 파주시 적성면 답곡리 506번지,37.9493300575,126.8554156194,20250715,
파주시,고창농장,닭,육계,,10950,,경기도 파주시 조리읍 뇌조리 132-8,37.7512117875,126.8146871176,20250715,
파주시,구구농장,닭,산란계,,10804,경기도 파주시 적성면 산덕골길 109,경기도 파주시 적성면 장현리 44-1,37.9873893574,126.9848464647,20250715,
파주시,굿모닝농장,닭,육계,,10825,,경기도 파주시 법원읍 동문리 214-1,37.8725193229,126.8603425945,20250715,
파주시,꼬끼촌,닭,육계,,10804,경기도 파주시 적성면 장뜰안길 50,경기도 파주시 적성면 장현리 226,37.9771037715,126.9722113528,20250715,
파주시,농업회사법인 더 팸팜,닭,산란계,,10856,경기도 파주시 평화로 239-8,경기도 파주시 야동동 803번지,37.7717365528,126.7542585591,20250715,
파주시,느림보농장,닭,산란계,,10803,,경기도 파주시 적성면 구읍리 628-10,37.9523363522,126.9272057648,20250715,
파주시,늘푸른청계농원,닭,산란계,,10860,,경기도 파주시 탄현면 갈현리 347-1,37.7707633030,126.7186244825,20250715,
파주시,담안농장,닭,육계,,10804,,경기도 파주시 적성면 장현리 419,37.9782730836,126.9671357898,20250715,
파주시,당하리농장,닭,육계,,10866,경기도 파주시 당하2길 124,경기도 파주시 당하동 240-144,37.7439145849,126.7459797089,20250715,
파주시,대능축산,닭,육계,,10828,경기도 파주시 법원읍 오류골길 107-8,경기도 파주시 법원읍 대능리 10-5,37.8421171917,126.8815241816,20250715,
파주시,대림2농장,닭,육계,,10952,경기도 파주시 광탄면 우랑길 185,경기도 파주시 광탄면 마장리 242-2,37.7873346993,126.8710897031,20250715,
파주시,대원농장,닭,육계,,10942,,경기도 파주시 조리읍 대원리 1137번지,37.7280753202,126.8202748664,20250715,
파주시,대한농장,닭,육계,,10809,경기도 파주시 파평면 배머리길 751-15,경기도 파주시 파평면 마산리 334-3,37.8830521961,126.8526618627,20250715,
파주시,덕동양계,닭,산란계,,10955,경기도 파주시 광탄면 양천말길 131,경기도 파주시 광탄면 용미리 159-11,37.7449104348,126.8814032563,20250715,
파주시,덕일농장,닭,산란계,,10801,,경기도 파주시 파평면 덕천리 1-2,37.9360522078,126.9046583159,20250715,
파주시,만년농장,닭,산란계,,10856,,경기도 파주시 야동동 750번지,37.7730562703,126.7530641756,20250715,
파주시,백운농장,닭,육계,,10804,경기도 파주시 적성면 윗배우니길 414,경기도 파주시 적성면 객현리 70번지,37.9604734991,126.9560404100,20250715,
파주시,산석진농장,닭,산란계,,10944,,경기도 파주시 아동동 127-2,37.7688963633,126.7897295722,20250715,
파주시,삼도농장,닭,육계,,10808,,경기도 파주시 문산읍 마정리 455-2,37.8958276124,126.7577628991,20250715,
파주시,상훈농장,닭,산란계,,10804,경기도 파주시 적성면 어삼로182번길 76,경기도 파주시 적성면 어유지리 458,38.0049870862,126.9777409690,20250715,
파주시,새말농장,닭,산란계,,10860,경기도 파주시 탄현면 장릉로49번길 8,경기도 파주시 탄현면 갈현리 814-8,37.7699591251,126.7151156514,20250715,
파주시,샘골농원,닭,육계,,10952,,경기도 파주시 광탄면 마장리 298번지,37.7869169511,126.8700181524,20250715,
파주시,선화농장,닭,육계,,10808,,경기도 파주시 문산읍 장산리 164번지,37.9011647632,126.7793966476,20250715,
파주시,성수농장,닭,육계,,10954,경기도 파주시 광탄면 장지산로 265,경기도 파주시 광탄면 분수리 98-17,37.7556795885,126.8759780917,20250715,
파주시,성원농장,닭,육계,,10946,경기도 파주시 월롱면 통일로 1031-77,경기도 파주시 월롱면 덕은리 435번지,37.8016336849,126.7893984671,20250715,
파주시,소래축산,닭,육계,,10955,경기도 파주시 광탄면 장지산로141번길 45,경기도 파주시 광탄면 용미리 133-11,37.7471265942,126.8829171723,20250715,
파주시,소래축산,닭,육계,,10955,경기도 파주시 광탄면 장지산로141번길 22,경기도 파주시 광탄면 용미리 120-2,37.7478278660,126.8825821717,20250715,
파주시,수영농장,닭,육계,,10863,경기도 파주시 소라지로 138-59,경기도 파주시 연다산동 407번지,37.7388949683,126.7022670276,20250715,
파주시,수영농장,닭,육계,,10806,,경기도 파주시 법원읍 직천리 850번지,37.9068296986,126.9085082135,20250715,
파주시,신한농장,닭,산란계,,10804,경기도 파주시 적성면 서녘놀길 33-65,경기도 파주시 적성면 어유지리 339번지,37.9946282873,126.9811172159,20250715,
파주시,아람농장,닭,육계,,10808,경기도 파주시 문산읍 장산로76번길 14-179,경기도 파주시 문산읍 장산리 104번지,37.8891294723,126.7742858033,20250715,
파주시,양지농장,닭,육계,,10829,경기도 파주시 법원읍 둔방이길 269,경기도 파주시 법원읍 삼방리 171번지,37.8346167954,126.8846665117,20250715,
파주시,억수농장,닭,육계,,10836,경기도 파주시 파주읍 봉서산로 33-54,경기도 파주시 파주읍 봉서리 439번지,37.8467917224,126.7958872452,20250715,
파주시,연수농장,닭,산란계,,10804,,경기도 파주시 적성면 객현리 347-1,37.9700941533,126.9457790462,20250715,
파주시,영광타조농장,타조,,,10883,경기도 파주시 청석로 9,경기도 파주시 동패동 1344번지,37.7055431732,126.7288642148,20250715,
파주시,오서방네 농장,닭,육계,,10858,,경기도 파주시 탄현면 금산리 92,37.7943470818,126.7104907424,20250715,
파주시,온정농원,닭,산란계,,10883,,경기도 파주시 서패동 437번지,37.7122231845,126.7023413431,20250715,
파주시,우농타조농장,타조,,,10883,경기도 파주시 교하로 595-39,경기도 파주시 동패동 614-2,37.7056223303,126.7149097787,20250715,
파주시,우리농장,닭,육계,,10818,경기도 파주시 문산읍 반구정로 232-64,경기도 파주시 문산읍 사목리 692번지,37.8788630194,126.7497229506,20250715,
파주시,웅담2농장,닭,육계,,10806,경기도 파주시 법원읍 술이홀로1494번길 110,경기도 파주시 법원읍 웅담리 268-1,37.9018146748,126.8875766549,20250715,
파주시,원이농장,닭,육계,,10860,,경기도 파주시 탄현면 갈현리 1443번지,37.7593348975,126.7211453020,20250715,
파주시,월롱축산,닭,산란계,,10947,경기도 파주시 월롱면 정문로487번길 183,경기도 파주시 월롱면 도내리 731-2,37.7988174989,126.8083944653,20250715,
파주시,유니온,닭,육계,,10864,,경기도 파주시 연다산동 916번지,37.7578986245,126.7092237451,20250715,
파주시,이천농장,닭,육계,,10810,,경기도 파주시 문산읍 이천리 178-1,37.8711998793,126.8390322047,20250715,
파주시,이천농장,닭,육계,,10810,경기도 파주시 문산읍 배머리길 356,경기도 파주시 문산읍 이천리 23-1,37.8720960049,126.8419221665,20250715,
파주시,인왕축산,닭,육계,,10840,경기도 파주시 파주읍 약수길 216-62,경기도 파주시 파주읍 연풍리 52-1,37.8203960839,126.8384502064,20250715,
파주시,장산농장Ⅰ,닭,육계,,10808,경기도 파주시 문산읍 장산로 254-40,경기도 파주시 문산읍 장산리 149=12,37.8978016286,126.7804449199,20250715,
파주시,장산농장Ⅱ,닭,육계,,10808,,경기도 파주시 문산읍 장산리 157번지,37.8988457358,126.7807472178,20250715,
파주시,재창농장,닭,육계,,10809,경기도 파주시 파평면 배머리길 905-22,경기도 파주시 파평면 마산리 273번지,37.8887722425,126.8504510032,20250715,
파주시,조산농장,닭,육계,,10950,경기도 파주시 조리읍 뇌조로178번길 46,경기도 파주시 조리읍 뇌조리 124-4,37.7532569875,126.8208970309,20250715,
파주시,조은농장,닭,육계,,10807,경기도 파주시 법원읍 화합로 588-152,경기도 파주시 법원읍 갈곡리 2번지,37.8524416980,126.9344307915,20250715,
파주시,지원농장,메추리,,,10830,경기도 파주시 광탄면 말구리길 82-26,경기도 파주시 광탄면 발랑리 217-1,37.7985258413,126.8998686422,20250715,
파주시,진미농장,닭,육계,,10867,경기도 파주시 교하로 1342-2,경기도 파주시 교하동 520번지,37.7515200610,126.7415208854,20250715,
파주시,진흥농장,닭,육계,,10911,경기도 파주시 솔아래길 79-6,경기도 파주시 상지석동 712번지 진흥농장,37.7355065323,126.7793061836,20250715,
파주시,채니농장,닭,육계,,10818,경기도 파주시 문산읍 통일로2033번길 146,경기도 파주시 문산읍 사목리 94-2,37.8784775553,126.7628943531,20250715,
파주시,청암농장,닭,육계,,10808,경기도 파주시 문산읍 장산로76번길 14-175,경기도 파주시 문산읍 장산리 105번지,37.8900337906,126.7747773245,20250715,
파주시,청운농장,닭,육계,,10804,경기도 파주시 적성면 배우니안길 38-20,경기도 파주시 적성면 객현리 117-4,37.9681083495,126.9601623099,20250715,
파주시,청원농장,닭,육계,,10801,경기도 파주시 적성면 장마루16길 343,경기도 파주시 적성면 답곡리 261번지,37.9517259848,126.8551442751,20250715,
파주시,충청농장,닭,육계,,10804,경기도 파주시 적성면 율포길 96,경기도 파주시 적성면 율포리 148-1,37.9850659932,126.9611426693,20250715,
파주시,친환경우리농장,닭,육계,,10953,경기도 파주시 광탄면 보광로692번길 47,경기도 파주시 광탄면 영장리 193번지,37.7686656188,126.9052421176,20250715,
파주시,탄현농장,닭,육계,,10858,경기도 파주시 탄현면 방촌로649번길 96,경기도 파주시 탄현면 금산리 76,37.8007994697,126.7120859743,20250715,
파주시,통일로 금촌농장,닭,육계,,10944,,경기도 파주시 아동동 5-30,37.7618731630,126.7966886443,20250715,
파주시,파랑새농장,닭,육계,,10800,,경기도 파주시 군내면 읍내리 822번지,37.9360070113,126.7319632608,20250715,
파주시,파주농장,닭,육계,,10810,,경기도 파주시 문산읍 이천리 61번지,37.8763531310,126.8470498592,20250715,
파주시,파주정수농장,닭,산란계,,10954,경기도 파주시 광탄면 혜음로 856,경기도 파주시 광탄면 분수리 299번지,37.7618135690,126.8601117321,20250715,
파주시,해피농장,닭,육계,,10867,,경기도 파주시 하지석동 447-2,37.7551053061,126.7355689206,20250715,
파주시,행복목장,닭,육계,,10808,,경기도 파주시 문산읍 장산리 153번지,37.8980713888,126.7805397438,20250715,
파주시,헤이리농장,닭,육계,,10858,경기도 파주시 탄현면 국원말길 200,경기도 파주시 탄현면 법흥리 399-2,37.7867015173,126.7104980996,20250715,
파주시,현인농원,닭,산란계,,10809,경기도 파주시 파평면 화석정로126번길 162-2,경기도 파주시 파평면 율곡리 491-12,37.8872000415,126.8101500900,20250715,
파주시,형제농장,닭,육계,,10847,경기도 파주시 상골길 104-43,경기도 파주시 맥금동 533-1,37.7919056099,126.7287284354,20250715,
파주시,환희농장,닭,육계,,10808,,경기도 파주시 문산읍 장산리 107-9,37.8899282106,126.7741318134,20250715,
파주시,희망농장,닭,육계,,10946,경기도 파주시 월롱면 누현2길 76-15,경기도 파주시 월롱면 위전리 522-1,37.7890811708,126.7958446550,20250715,
평택시,(주)성주농업회사,닭,산란계,,18001,경기도 평택시 팽성읍 대사리 2번지 11호,경기도 평택시 팽성읍 대사리 2번지 11호,36.9465965987,127.0832758770,20250701,
평택시,거창농장,닭,산란계,,17794,경기도 평택시 청북읍 고잔리 135번지 1호,경기도 평택시 청북읍 고잔1길 35-20,37.0585124575,126.8994486173,20250701,
평택시,검은들농장,닭,육계,,17814,경기도 평택시 포승읍 석정리 477번지 등 2필지(477-2),경기도 평택시 포승읍 석정로 218-17 (등 2필지(477-2)),36.9995796038,126.8840658093,20250701,
평택시,군문주말농장,닭,육계,,17923,경기도 평택시 군문동 151번지 3호,경기도 평택시 군문동 151번지 3호,36.9859793653,127.0888086030,20250701,
평택시,길음농장,닭,산란계,,17925,"경기도 평택시 오성면 길음리 280번지 16호 , -43, -58","경기도 평택시 오성면 길음리 280번지 16호 , -43, -58",36.9895996562,126.9677067752,20250701,
평택시,길음농장,닭,육계,,17925,경기도 평택시 오성면 길음리 206번지,경기도 평택시 오성면 길음3길 73-32,36.9807450452,126.9651392373,20250701,
평택시,내기농장,닭,육계,,17814,경기도 평택시 포승읍 석정리 1205번지 3호,경기도 평택시 포승읍 석정로 58-52,36.9871541051,126.8821157847,20250701,
평택시,농업회사법인 인천축산(주),닭,육계,,17818,"경기도 평택시 오성면 양교리 278번지 , 278-1, 278-5",경기도 평택시 오성면 오성북로 301,37.0279415061,126.9823843164,20250701,
평택시,농업회사법인 조인팜스(주) 청북지점,닭,산란계,,17800,경기도 평택시 청북읍 고잔리 1496번지 3호 외8필지,경기도 평택시 청북읍 고잔7길 69-94,37.0321690721,126.8828919949,20250701,
평택시,농업회사법인 주식회사 장연양계,닭,산란계,,17818,경기도 평택시 오성면 양교리 280번지 1호 280-2,경기도 평택시 오성면 오성북로 277-26,37.0279895343,126.9814927186,20250701,
평택시,농업회사법인 히즈팜 주식회사,닭,산란계,,17794,경기도 평택시 청북읍 고잔리 1647번지,경기도 평택시 청북읍 청북중앙로 669-64,37.0699703210,126.9013943755,20250701,
평택시,농업회사법인 히즈팜(주) 고덕지점,닭,산란계,,17821,경기도 평택시 고덕면 해창리 154번지 1호 외 1필지(155-3),경기도 평택시 고덕면 고덕로 36-55,37.0251566922,127.0239526547,20250701,
평택시,농업회사법인(주)양지바른,닭,산란계,,17924,경기도 평택시 고덕면 동고리 505번지 3호,"경기도 평택시 고덕면 동고1길 17-114, (동고리 505-3,-4,-5,506-5)",36.9959368480,127.0443846603,20250701,
평택시,당거농장,닭,육계,,17927,경기도 평택시 오성면 당거리 437번지 4호,경기도 평택시 오성면 당거3길 48-12,,,20250701,
평택시,대림농장,닭,육계,,17927,경기도 평택시 오성면 신리 68번지 7호,경기도 평택시 오성면 신4리길 42-10,,,20250701,
평택시,대복농장,닭,육계,,17966,경기도 평택시 포승읍 희곡리 479번지 1호,경기도 평택시 포승읍 이대원로 180-23,36.9600253633,126.8775365571,20250701,
평택시,대성농장,닭,육계,,17878,경기도 평택시 합정동 242번지 1호,"경기도 평택시 평남로 576-37, (합정동 242-1,243-1) (합정동)",,,20250701,
평택시,대영농장,닭,육계,,17813,"경기도 평택시 포승읍 홍원리 333번지 6호 ,-7,-8,-15,-16",경기도 평택시 포승읍 석정로 374-77,37.0077760403,126.8793463460,20250701,
평택시,대한농장,닭,육계,,17924,경기도 평택시 고덕면 궁리 518번지 13호 외 1필지(518-17),경기도 평택시 고덕면 효학길 131-35,37.0135340108,127.0299266131,20250701,
평택시,덕수농장,닭,산란계,,17702,경기도 평택시 서탄면 마두리 425번지 20호 외1필지(425-21),경기도 평택시 서탄면 마두길 59-248,37.1061793328,127.0091190306,20250701,
평택시,도곡농장2,닭,산란계,,17964,경기도 평택시 포승읍 도곡리 8번지 2호,경기도 평택시 포승읍 한유지길 71-9,36.9912870520,126.8731633655,20250701,
평택시,동순농장,닭,육계,,17819,경기도 평택시 오성면 숙성리 51번지 5호,경기도 평택시 오성면 청오로 33-24,,,20250701,
평택시,두곡농장,닭,육계,,17702,"경기도 평택시 서탄면 마두리 432번지 15호 , 432-16, 432-17",경기도 평택시 서탄면 마두길 59-360,37.1052940688,127.0108466670,20250701,
평택시,드림팜,닭,산란계,,17789,경기도 평택시 고덕면 문곡리 770번지 10호,경기도 평택시 고덕면 문곡3길 71-32,37.0628076435,127.0013135170,20250701,
평택시,들길농장,닭,육계,,17926,경기도 평택시 오성면 숙성리 358번지,경기도 평택시 오성면 숙성뜰길 97-27,37.0037758805,126.9874342631,20250701,
평택시,마두양계장,닭,육계,,17700,경기도 평택시 서탄면 마두리 109번지 2호,경기도 평택시 서탄면 서탄1로 261,37.1128095373,127.0124641455,20250701,
평택시,무지개농원,닭,육계,,17818,경기도 평택시 오성면 양교리 814번지 1호,경기도 평택시 오성면 양교길 148-24,,,20250701,
평택시,미하농장,닭,육계,,17702,경기도 평택시 서탄면 마두길 59-234,경기도 평택시 서탄면 마두길 59-234,37.1064804881,127.0078340653,20250701,
평택시,믿음농산,닭,산란계,,17935,경기도 평택시 안중읍 안중리 60번지 14호,경기도 평택시 안중읍 안중6길 33,,,20250701,
평택시,봉화농장,닭,산란계,,17794,"경기도 평택시 청북읍 고잔리 102번지 , 103, 105-1",경기도 평택시 청북읍 원목길 52,37.0577773112,126.8966875703,20250701,
평택시,사향오리농원,오리+산양,,,17794,경기도 평택시 청북읍 고잔리 318번지 19호,경기도 평택시 청북읍 고잔리 318번지 19호,37.0597591639,126.9046954030,20250701,
평택시,삼화농장,닭,육계,,17738,경기도 평택시 장안동 102번지 7호,경기도 평택시 장안동 102번지 7호,,,20250701,
평택시,선천축산,닭,육계,,17951,"경기도 평택시 포승읍 도곡리 1068번지 5호 ,1068-6번지","경기도 평택시 포승읍 곡교길 125-35 (,1068-6번지)",37.0033278310,126.8515877802,20250701,
평택시,성재농장,닭,산란계,,17794,경기도 평택시 청북읍 고잔리 1661번지 4호 외 1필지(1661-5),경기도 평택시 청북읍 청북중앙로 681-25,37.0647658357,126.8971833967,20250701,
평택시,소망농장,닭,산란계,,17813,경기도 평택시 포승읍 홍원리 82번지 8호,경기도 평택시 포승읍 외원길 33-93,,,20250701,
평택시,소망농장,닭,육계,,17927,경기도 평택시 오성면 창내리 133번지 40호,경기도 평택시 오성면 창내뜰길 184-4,,,20250701,
평택시,소망농장 제2농장,닭,산란계,,17813,경기도 평택시 포승읍 홍원리 82번지 9호,경기도 평택시 포승읍 외원길 33-87,,,20250701,
평택시,신명농장,닭,육계,,17704,경기도 평택시 서탄면 사리 736번지 외1필지,경기도 평택시 서탄면 서탄2로 206-46 (외1필지),37.1179408464,127.0447705435,20250701,
평택시,쌍용농장,닭,산란계,,17876,"경기도 평택시 월곡동 273번지 1호 ,273-2, 273-3, 272-10, 272-12",경기도 평택시 월곡길 104-45 (월곡동),37.0197031388,127.1419805656,20250701,
평택시,야막농장,닭,육계,,17705,경기도 평택시 진위면 야막리 118번지 1호,경기도 평택시 진위면 야막길 46-62,,,20250701,
평택시,에이원축산,닭,육계,,17814,경기도 평택시 포승읍 석정리 591번지,경기도 평택시 포승읍 원석정용소길 98-19,36.9964874046,126.8927554654,20250701,
평택시,영계마을,닭,육계,,17798,"경기도 평택시 청북읍 백봉리 97번지 ,98,99,100-1",경기도 평택시 청북읍 어연길 111-52,37.0395040618,126.9863958175,20250701,
평택시,영계마을2,닭,육계,,17793,경기도 평택시 청북읍 어연리 548번지 3호,경기도 평택시 청북읍 어연길 111-33,,,20250701,
평택시,영신농장,닭,산란계,,17793,경기도 평택시 청북읍 어연리 462번지 15호,경기도 평택시 청북읍 백봉길 372-52,,,20250701,
평택시,오성농원,닭,육계,,17929,경기도 평택시 안중읍 삼정리 384번지 8호,경기도 평택시 안중읍 삼정길 134-345,36.9714796963,126.9691447568,20250701,
평택시,오성축산,닭,육계,,17794,경기도 평택시 청북읍 고잔리 1661번지 12호,경기도 평택시 청북읍 청북중앙로 681-1,37.0656775979,126.8967091040,20250701,
평택시,우성농장,닭,육계,,17966,경기도 평택시 포승읍 희곡리 450번지 1호,경기도 평택시 포승읍 이대원로 180-21,36.9610054095,126.8767831141,20250701,
평택시,일진농장,닭,육계,,17800,경기도 평택시 청북읍 삼계리 산 32번지 4호,경기도 평택시 청북읍 삼계리 산 32번지 4호,37.0461223804,126.9075081305,20250701,
평택시,장계농장,닭,육계,,17790,경기도 평택시 청북읍 율북리 160번지 1호 외3필지,경기도 평택시 청북읍 율북로 232-31 (외3필지),37.0690169803,126.9906402433,20250701,
평택시,재엽농장,닭,육계,,17927,경기도 평택시 오성면 창내리 367번지 4호,경기도 평택시 오성면 창내뜰길 184-5,,,20250701,
평택시,정원오리농장,오리,,,17789,경기도 평택시 고덕면 문곡리 822번지 1호 외 2필지,경기도 평택시 고덕면 용소금각로 364 (외 2필지),37.0720113780,127.0016447026,20250701,
평택시,제암농장,닭,산란계,,17794,"경기도 평택시 청북읍 고잔리 452번지 453, 454, 1614-6, 1614-11, 1614-12, 1615-4",경기도 평택시 청북읍 고잔길 21-24,37.0543207611,126.9102111135,20250701,
평택시,제일농원,닭,산란계,,17800,"경기도 평택시 청북읍 삼계리 62번지 4호 ,-3,63",경기도 평택시 청북읍 현곡길 79-54,37.0466078080,126.9255649256,20250701,
평택시,주도농장,닭,산란계,,17794,경기도 평택시 청북읍 고잔리 103-1번지,경기도 평택시 청북읍 고잔리 103-1번지,,,20250701,
평택시,준현농장,닭,육계,,17966,경기도 평택시 포승읍 이대원로 231,"경기도 평택시 포승읍 이대원로 231 (,233)",36.9652757547,126.8746026725,20250701,
평택시,준현농장(3),닭,육계,,17966,경기도 평택시 포승읍 희곡리 7번지 3호,경기도 평택시 포승읍 이대원로 231,36.9668246904,126.8747789347,20250701,
평택시,중원축산,닭,산란계,,17814,"경기도 평택시 포승읍 석정리 478번지 ,481-2,-3,-6,-11",경기도 평택시 포승읍 석정로 218-33,36.9999700581,126.8846133606,20250701,
평택시,창내농장,닭,육계,,17927,"경기도 평택시 오성면 창내리 133번지 35호 , -36, -37",경기도 평택시 오성면 창내뜰길 184,36.9890049814,127.0140083303,20250701,
평택시,청남농원,닭,산란계,,17794,경기도 평택시 청북읍 고잔리 1665번지,경기도 평택시 청북읍 청북중앙로 721-19,37.0662495373,126.9018060677,20250701,
평택시,청남축산,닭,산란계,,17794,"경기도 평택시 청북읍 고잔리 182번지 7호 ,-8",경기도 평택시 청북읍 고잔1길 35-40,37.0568881428,126.8991015091,20250701,
평택시,청운축산,닭,산란계,,17794,경기도 평택시 청북읍 고잔리 1659번지 4호,경기도 평택시 청북읍 청북중앙로 661-23,37.0651157380,126.8944136688,20250701,
평택시,태성농장,닭,산란계,,17926,경기도 평택시 오성면 숙성리 715번지 20호,경기도 평택시 오성면 숙성3길 28-66,,,20250701,
평택시,호성축산,닭,산란계,,17970,경기도 평택시 현덕면 대안리 434번지 1호,경기도 평택시 현덕면 대안1길 61-41,36.9472369716,126.9453793247,20250701,
평택시,효진농장,닭,육계,,17814,경기도 평택시 포승읍 석정리 465번지,경기도 평택시 포승읍 새원길 99,37.0038027157,126.8849196501,20250701,
포천시,-,육계,육계,30,11190,경기도 포천시 내촌면 작은넙고개길 77,경기도 포천시 내촌면 진목리 324번지 1호,37.8091021851,127.2079677844,20240306,
포천시,-,육계,육계,40,11121,경기도 포천시 일동면 정자골1길 86-93,경기도 포천시 일동면 길명리 107번지 5호,37.9270249649,127.2905655983,20240306,
포천시,-,육계,육계,80,11188,경기도 포천시 내촌면 금강로2753번길 22-8,경기도 포천시 내촌면 소학리 172번지,37.8134188878,127.2551675659,20240306,
포천시,-,육계,육계,5000,,,경기도 포천시 영중면 영송리 165번지 1호,,,20240306,
포천시,-,육계,육계,35000,11131,경기도 포천시 영중면 물안길 53 ((508)),경기도 포천시 영중면 금주리 506번지 (508),37.9707448067,127.2611128552,20240306,
포천시,-,육계,육계,20000,11113,경기도 포천시 이동면 화동로 1824-22,경기도 포천시 이동면 연곡리 798번지 2호,38.0104630257,127.3689637853,20240306,
포천시,-,육계,육계,20,11102,경기도 포천시 영북면 호국로4350번길 154-151,경기도 포천시 영북면 자일리 5번지,38.1076736915,127.3087690345,20240306,
포천시,-,육계,육계,10000,11134,경기도 포천시 창수면 포천로2811번길 66,경기도 포천시 창수면 추동리 564번지,37.9982212777,127.1668662801,20240306,
포천시,-,종계/산란계,,17500,11127,경기도 포천시 영중면 호국로 3369,경기도 포천시 영중면 성동리 372번지 13호,38.0386160954,127.2632628793,20240306,
포천시,153농장,육계,육계,25000,11111,경기도 포천시 이동면 성장로 1200,경기도 포천시 이동면 장암리 375번지,38.0247130532,127.3616920270,20240306,
포천시,LA농장,육계,육계,1000,11189,경기도 포천시 내촌면 소리개길 97,경기도 포천시 내촌면 내리 산 6번지,37.7812314629,127.2377966014,20240306,
포천시,가농바이오(주),종계/산란계,,985728,11166,경기도 포천시 가산면 금우로 20,경기도 포천시 가산면 우금리 678번지 4호,37.8351653728,127.2068309081,20240306,
포천시,가람농장,육계,육계,35000,11167,경기도 포천시 가산면 정교2길 28-2,경기도 포천시 가산면 정교리 381번지,37.8182830873,127.1723690352,20240306,
포천시,가람농장,종계/산란계,,15000,11137,경기도 포천시 신북면 간자동길 111,경기도 포천시 신북면 삼정리,37.9673859038,127.1475263001,20240306,
포천시,가산농장,육계,육계,30000,11164,경기도 포천시 가산면 마정로 57,경기도 포천시 가산면 마산리 308번지,37.8383898653,127.1816789160,20240306,
포천시,가온농장,종계/산란계,,507600,11134,경기도 포천시 창수면 가영로535번길 225,"경기도 포천시 창수면 주원리 64번지 61-1,-2,-3,-5,-6",38.0142651967,127.1903296148,20240306,
포천시,강포농장,종계/산란계,,29514,11102,경기도 포천시 영북면 호국로 4361-16,경기도 포천시 영북면 자일리 340번지 2호,38.1147276057,127.2911030135,20240306,
포천시,거사리농장,육계,,0,11130,,경기도 포천시 영중면 거사리 400번지 2호,,,20240306,
포천시,경복농장,육계,육계,12000,11130,경기도 포천시 영중면 금화봉길 672-11,경기도 포천시 영중면 거사리 366번지,37.9940480800,127.2380202878,20240306,
포천시,경호농장,종계/산란계,,18000,11102,경기도 포천시 영북면 호국로 4361-56,경기도 포천시 영북면 자일리 344번지 1호,38.1155803446,127.2891612623,20240306,
포천시,계림농장,육계,육계,70000,11134,경기도 포천시 창수면 옥수로214번길 107-62,경기도 포천시 창수면 주원리 94번지,38.0094924188,127.1918647352,20240306,
포천시,계림농장,육계,육계,30000,11152,경기도 포천시 군내면 반월산성로375번길 88,경기도 포천시 군내면 상성북리 367번지,37.8868078912,127.2353852207,20240306,
포천시,계림농장,종계/산란계,,15500,11134,경기도 포천시 창수면 옥수로214번길 102,경기도 포천시 창수면 주원리 35번지 6호,38.0065845173,127.1965813258,20240306,
포천시,계림농장,종계/산란계,,30000,11136,경기도 포천시 신북면 삼성당길 57,경기도 포천시 신북면 삼성당리 574번지,37.9497874534,127.1939695495,20240306,
포천시,고센농장,육계,육계,11000,11130,경기도 포천시 영중면 은잿말길 230-13,경기도 포천시 영중면 영송리 202번지,38.0053444705,127.2198803335,20240306,
포천시,관상조류농장,육계,육계,25,11185,경기도 포천시 소흘읍 죽엽산로298번길 164,경기도 포천시 소흘읍 고모리 792번지,37.7961109067,127.1535324549,20240306,
포천시,관인양계장,종계/산란계,,12000,11101,,경기도 포천시 관인면 초과리 143번지 2호,,,20240306,
포천시,근상농장,종계/산란계,,23000,11134,경기도 포천시 창수면 옥수로214번길 124,경기도 포천시 창수면 주원리 27번지,38.0075019359,127.1958485215,20240306,
포천시,금동농장,육계,육계,60000,11136,경기도 포천시 신북면 포천로 2414,경기도 포천시 신북면 삼성당리 472번지 10호,37.9646484655,127.1934638907,20240306,
포천시,길명농장,육계,육계,25000,11121,경기도 포천시 일동면 영일로733번길 67,경기도 포천시 일동면 길명리 310번지,37.9460800847,127.2864824650,20240306,
포천시,낙영농장,육계,육계,11000,11167,경기도 포천시 가산면 너배기길 2,경기도 포천시 가산면 정교리 133번지,37.8224377998,127.1821110412,20240306,
포천시,남송농장,육계,육계,250,11134,경기도 포천시 창수면 포천로2811번길 82,경기도 포천시 창수면 추동리 662번지,37.9976558180,127.1645226095,20240306,
포천시,너베기농장,육계,육계,50000,11167,경기도 포천시 가산면 정금로393번길 60,경기도 포천시 가산면 금현리 451번지 2호,37.8255268490,127.1948129407,20240306,
포천시,노적농장,육계,육계,70000,11137,경기도 포천시 신북면 탑신로1125번길 87,경기도 포천시 신북면 금동리 127번지 1호,37.9362250014,127.1288982159,20240306,
포천시,농업회사법인 (주)서림축산,종계/산란계,,180000,11101,경기도 포천시 관인면 윗찬물길 66,경기도 포천시 관인면 탄동리 392번지,38.1552927632,127.2621899323,20240306,
포천시,농업회사법인 지니팜(주),육계,육계,50000,11184,경기도 포천시 소흘읍 호국로 164-93,경기도 포천시 소흘읍 이동교리 442번지,37.7871572596,127.1286909297,20240306,
포천시,농업회사법인 최연축산(주),종계/산란계,,100000,11134,경기도 포천시 창수면 옥수로214번길 107,경기도 포천시 창수면 주원리 136번지 1호,38.0088322810,127.1944760819,20240306,
포천시,농업회사법인(주)에스앤마니커 일동지점,육계,육계,52680,11121,경기도 포천시 일동면 영일로764번길 31,경기도 포천시 일동면 길명리 239번지,37.9375513532,127.2901260452,20240306,
포천시,늘푸른농장,종계/산란계,,17000,11134,,경기도 포천시 창수면 주원리 55번지 8호,38.0143156414,127.1953509396,20240306,
포천시,늘푸른농장,종계/산란계,,20000,11118,,"경기도 포천시 일동면 사직리 353번지 3호  , 8, 9호",,,20240306,
포천시,능원농장,육계,육계,4000,11128,경기도 포천시 영중면 먼재1길 33,경기도 포천시 영중면 양문리 504번지,38.0027090406,127.2502567860,20240306,
포천시,능원농장2,육계,육계,500,11128,,"경기도 포천시 영중면 양문리 520번지 1호 , -2, 975-59",38.0047658646,127.2486004210,20240306,
포천시,대명농장,육계,육계,93000,11135,경기도 포천시 창수면 가영로 82,"경기도 포천시 창수면 가양리 422번지 1호 ,421-13, 424, 446-3, -8, -10, 15",37.9736699012,127.1967510197,20240306,
포천시,대붕농장,종계/산란계,,70000,11152,경기도 포천시 군내면 반월산성로317번길 104-28,경기도 포천시 군내면 상성북리 242번지 1호,37.8971603530,127.2387394045,20240306,
포천시,대성농장,육계,육계,65000,11130,경기도 포천시 영중면 사은다리1길 67,경기도 포천시 영중면 거사리 483번지,38.0063460438,127.2319735717,20240306,
포천시,대성농장,육계,육계,50000,11136,경기도 포천시 신북면 청신로 1763-42,경기도 포천시 신북면 심곡리 272번지,37.9441115023,127.1913640347,20240306,
포천시,대성농장,육계,육계,10000,11112,경기도 포천시 이동면 새낭로 481-9,경기도 포천시 이동면 노곡리 1049번지,38.0187839202,127.3284932619,20240306,
포천시,대성농장,종계/산란계,,60000,11109,경기도 포천시 영북면 호국로3421번길 89,경기도 포천시 영북면 야미리 725번지,38.0470100495,127.2603067911,20240306,
포천시,대성농장,종계/산란계,,374000,11102,경기도 포천시 영북면 호국로4350번길 136-87,경기도 포천시 영북면 자일리 51번지,38.1092242667,127.3035406817,20240306,
포천시,대정농장,육계,육계,34000,11101,경기도 포천시 관인면 창동로1586번길 30-8,경기도 포천시 관인면 초과리 496번지,38.1427214338,127.2294783218,20240306,
포천시,대흥농장,육계,육계,12000,11109,경기도 포천시 영북면 호국로3552번길 51-44,경기도 포천시 영북면 야미리 130번지,38.0547223780,127.2772993342,20240306,
포천시,대흥농장,종계/산란계,,45000,11109,경기도 포천시 영북면 호국로3552번길 51-112,경기도 포천시 영북면 야미리 127번지,38.0556320603,127.2769774208,20240306,
포천시,덕기농장,육계,육계,400,11188,경기도 포천시 내촌면 청군로2299번길 35,경기도 포천시 내촌면 신팔리 170번지 2호,37.8473554184,127.2742417587,20240306,
포천시,류씨농장,종계/산란계,,25700,11102,경기도 포천시 영북면 호국로 4250,경기도 포천시 영북면 자일리 535번지,38.1054173140,127.2860081447,20240306,
포천시,만세농장,종계/산란계,,39750,11139,경기도 포천시 신북면 호국로 2445,경기도 포천시 신북면 만세교리 61번지 4호,37.9644150305,127.2468915496,20240306,
포천시,맑은햇살농장,종계/산란계,,40000,11130,경기도 포천시 영중면 은잿말길 68-18,경기도 포천시 영중면 거사리 497번지 3호,38.0047089519,127.2334033520,20240306,
포천시,맑음농장,종계/산란계,,51300,11110,경기도 포천시 이동면 금강로 5863,경기도 포천시 이동면 도평리 374번지 2호,38.0559475355,127.3741830445,20240306,
포천시,명진농장,육계,육계,35000,11101,경기도 포천시 관인면 윗찬물길 210-2,경기도 포천시 관인면 냉정리 795번지 1호,38.1473890662,127.2668833983,20240306,
포천시,무송양계,종계/산란계,,45000,11134,경기도 포천시 창수면 옥수로298번길 70,경기도 포천시 창수면 주원리 83번지 1호,38.0118812460,127.1920256107,20240306,
포천시,무진축산,육계,육계,35000,11134,경기도 포천시 창수면 포천로2811번길 65,경기도 포천시 창수면 추동리 552번지,37.9977786523,127.1665152085,20240306,
포천시,무진축산,육계,육계,40000,11121,경기도 포천시 일동면 정자골길 138,경기도 포천시 일동면 길명리 696번지,37.9293627063,127.2776666253,20240306,
포천시,문암농장,육계,육계,30000,11107,경기도 포천시 영북면 호국로3725번길 53,경기도 포천시 영북면 문암리 404번지 1호,38.0698636442,127.2678706857,20240306,
포천시,미래농장,종계/산란계,,185800,11134,경기도 포천시 창수면 옥수로298번길 90,경기도 포천시 창수면 주원리 81번지 1호,38.0124825061,127.1944837151,20240306,
포천시,믿음농장,종계/산란계,,40000,11101,경기도 포천시 관인면 윗찬물길 379,경기도 포천시 관인면 냉정리 929번지 4호,38.1335894709,127.2708525376,20240306,
포천시,믿음농장,종계/산란계,,30045,11101,경기도 포천시 관인면 윗찬물길 379,경기도 포천시 관인면 냉정리 929번지 4호,38.1335894709,127.2708525376,20240306,
포천시,바람직한농장,육계,,1000,11110,경기도 포천시 이동면 금강로 5863,경기도 포천시 이동면 도평리 374번지 2호,38.0559475355,127.3741830445,20240306,
포천시,버들농장,종계/산란계,,27000,11102,경기도 포천시 영북면 영북로238번길 199,경기도 포천시 영북면 자일리 447번지 1호,38.1044175089,127.2863418361,20240306,
포천시,보결농장,종계/산란계,,0,11102,경기도 포천시 영북면 호국로 4266,"경기도 포천시 영북면 자일리 538번지 3호 ,446,-1,537,539-2,538-7,536-10,-9,-15",38.1057057611,127.2860301158,20240306,
포천시,보성농장,육계,육계,8000,11124,,경기도 포천시 화현면 지현리 152번지 2호,,,20240306,
포천시,봄율농장,육계,육계,80000,11135,경기도 포천시 창수면 가영로 299-1,경기도 포천시 창수면 가양리 253번지 1호,37.9948406546,127.2000578089,20240306,
포천시,부리농장,육계,육계,50000,11137,경기도 포천시 신북면 청신로 736-53,경기도 포천시 신북면 덕둔리 544번지,37.9637842460,127.1141763862,20240306,
포천시,부엉농산,육계,육계,80000,11126,"경기도 포천시 영중면 전영로1441번길 61-119 (외2필지(82,84))","경기도 포천시 영중면 영송리 80번지 외2필지(82,84)",38.0151724921,127.2292870534,20240306,
포천시,산마을농장,종계/산란계,,24000,11108,경기도 포천시 영북면 방골길 512,경기도 포천시 영북면 대회산리 216번지,38.0680533288,127.2304489421,20240306,
포천시,삼성농장,종계/산란계,,207000,11128,경기도 포천시 영중면 먼재길 14,경기도 포천시 영중면 양문리 603번지,37.9991920567,127.2493347566,20240306,
포천시,삼오농장,종계/산란계,,1350,11134,경기도 포천시 창수면 포천로2797번길 35,경기도 포천시 창수면 추동리 742번지 3호,37.9930739300,127.1665137321,20240306,
포천시,삼우농장,종계/산란계,,150000,11134,경기도 포천시 창수면 포천로2797번길 35 (외1필지(736-1)),경기도 포천시 창수면 추동리 734번지 1호 외1필지(736-1),37.9930739300,127.1665137321,20240306,
포천시,삼호농장,육계,육계,120000,11135,경기도 포천시 창수면 가영로 240-53,경기도 포천시 창수면 가양리 217번지 8호,37.9844732366,127.2061695171,20240306,
포천시,상우축산,육계,육계,30000,11135,경기도 포천시 창수면 가영로 299,경기도 포천시 창수면 가양리 252번지 1호,37.9935297383,127.2020106370,20240306,
포천시,상주농장,종계/산란계,,20000,11102,경기도 포천시 영북면 영북로238번길 195,경기도 포천시 영북면 자일리 447번지 2호,38.1044705882,127.2857941912,20240306,
포천시,새마을농장,종계/산란계,,21420,11128,경기도 포천시 영중면 뻐꾹천1길 15-1,경기도 포천시 영중면 양문리 256번지 1호,37.9980800456,127.2519695264,20240306,
포천시,샘터농장,종계/산란계,,20000,11112,경기도 포천시 이동면 성장로901번길 133,경기도 포천시 이동면 노곡리 725번지,38.0195517726,127.3360449530,20240306,
포천시,서울농장,종계/산란계,,10800,11109,경기도 포천시 영북면 호국로3421번길 40,경기도 포천시 영북면 야미리 458번지,38.0434047312,127.2646720325,20240306,
포천시,석봉농원,종계/산란계,,152320,11112,경기도 포천시 이동면 새낭로420번길 30-17,경기도 포천시 이동면 노곡리 744번지 1호,38.0174469023,127.3325863052,20240306,
포천시,선돌농장,육계,육계,75000,11152,경기도 포천시 군내면 반월산성로371번길 87,경기도 포천시 군내면 상성북리 328번지,37.8911117885,127.2343480399,20240306,
포천시,선진농장,종계/산란계,,30000,11121,경기도 포천시 일동면 영일로534번길 95,경기도 포천시 일동면 길명리 665번지,37.9231067097,127.2724402146,20240306,
포천시,섭섭이농장,육계,육계,2000,11101,,경기도 포천시 관인면 초과리 235번지,38.1464973316,127.2390931698,20240306,
포천시,성구농장,종계/산란계,,50000,11127,경기도 포천시 영중면 호국로 3369,경기도 포천시 영중면 성동리 372번지 2호,38.0386160954,127.2632628793,20240306,
포천시,성지농원,종계/산란계,,55000,11102,경기도 포천시 영북면 영북로238번길 169 (외2필지),경기도 포천시 영북면 자일리 496번지 외2필지,38.1020990878,127.2851623968,20240306,
포천시,송도농장,육계,육계,20000,11108,경기도 포천시 영북면 대회산길 66-46,경기도 포천시 영북면 대회산리 67번지,38.0658641364,127.2348117904,20240306,
포천시,송림축산,종계/산란계,,6804,11185,경기도 포천시 소흘읍 한성2길 51,경기도 포천시 소흘읍 고모리 23번지,37.8046009840,127.1755761381,20240306,
포천시,송이축산,종계/산란계,,500000,11114,경기도 포천시 일동면 사당말1길 167,경기도 포천시 일동면 사직리 865번지 1호 외2필지,37.9973590837,127.3339189854,20240306,
포천시,송일농장,종계/산란계,,515000,11114,경기도 포천시 일동면 사당말1길 167 (외6필지),경기도 포천시 일동면 사직리 860번지 외6필지,37.9973590837,127.3339189854,20240306,
포천시,송일양계,종계/산란계,종계,200000,11160,경기도 포천시 삼육사로 2042 (선단동),경기도 포천시 선단동 825번지 1호,37.8600149657,127.1477995127,20240306,
포천시,수용농장,종계/산란계,,30000,11102,경기도 포천시 영북면 호국로4232번길 45-7,경기도 포천시 영북면 자일리 448번지,38.1028072144,127.2879889594,20240306,
포천시,승일농장,종계/산란계,,2000,11118,,경기도 포천시 일동면 화대리 46번지,37.9528296019,127.3514193921,20240306,
포천시,승진농장,육계,육계,8000,11112,"경기도 포천시 이동면 성장로 1032-122 (, 1375번지)","경기도 포천시 이동면 노곡리 1374번지 , 1375번지",38.0096996735,127.3558992533,20240306,
포천시,승천농장,종계/산란계,,120000,11134,경기도 포천시 창수면 옥수로 381,경기도 포천시 창수면 주원리 488번지,38.0135100085,127.1809230688,20240306,
포천시,시온농장,육계,육계,54,11101,경기도 포천시 관인면 윗찬물길 390-48,경기도 포천시 관인면 냉정리 968번지 3호,38.1314931912,127.2681320419,20240306,
포천시,신진농장,종계/산란계,,30000,11121,경기도 포천시 일동면 영일로534번길 95,경기도 포천시 일동면 길명리 666번지,37.9231067097,127.2724402146,20240306,
포천시,신촌농장,종계/산란계,,15000,11102,경기도 포천시 영북면 북원로248번길 50-42,경기도 포천시 영북면 자일리 991번지 8호,38.1203336003,127.2764613256,20240306,
포천시,신호농장,종계/산란계,,17000,11133,경기도 포천시 창수면 방골길 245,경기도 포천시 창수면 운산리 36번지,38.0504786487,127.2152633411,20240306,
포천시,아라리농장,종계/산란계,,600,11185,경기도 포천시 소흘읍 한성길 154-21,경기도 포천시 소흘읍 고모리 910번지,37.8047015969,127.1664197303,20240306,
포천시,애란농장,종계/산란계,,45000,11134,경기도 포천시 창수면 옥수로214번길 86-1,경기도 포천시 창수면 주원리 20번지,38.0048776885,127.1952670520,20240306,
포천시,양문농장,종계/산란계,,150000,11130,경기도 포천시 영중면 은잿말3길 39,"경기도 포천시 영중면 거사리 936번지 ,-1, -3, 937-1, -4, -5, 578-3",37.9982334648,127.2276181169,20240306,
포천시,엄마축산,육계,육계,20000,11107,경기도 포천시 영북면 문암길 12-58,경기도 포천시 영북면 문암리 17번지 2호,,,20240306,
포천시,에그스토리,종계/산란계,,40000,11102,경기도 포천시 영북면 호국로4166번길 9-15,경기도 포천시 영북면 자일리 482번지,38.0991539062,127.2813502706,20240306,
포천시,에그존,종계/산란계,,20000,11185,"경기도 포천시 소흘읍 한성2길 41 (외2필지(78,79-2))","경기도 포천시 소흘읍 고모리 77번지 1호 외2필지(78,79-2)",37.8048061231,127.1747914160,20240306,
포천시,에그플러스,종계/산란계,,204000,11109,경기도 포천시 영북면 호국로 3416-18 (외 6필지),경기도 포천시 영북면 야미리 416번지 1호 외 6필지,38.0418285273,127.2697484402,20240306,
포천시,여주농장,종계/산란계,,50000,11134,경기도 포천시 창수면 옥수로262번길 65,경기도 포천시 창수면 주원리 140번지 3호,38.0038215108,127.1946221692,20240306,
포천시,연화농장,육계,육계,35000,11102,경기도 포천시 영북면 호국로4166번길 28,경기도 포천시 영북면 자일리 480번지 42호,38.0979466521,127.2815933735,20240306,
포천시,영농조합법인 자연농산,종계/산란계,,316000,11107,경기도 포천시 영북면 호국로3791번길 74-37 (외1필지(359-5)),경기도 포천시 영북면 문암리 359번지 2호 외1필지(359-5),38.0743842056,127.2659295669,20240306,
포천시,영재농장,육계,육계,40000,11130,경기도 포천시 영중면 사은다리1길 75,경기도 포천시 영중면 거사리 503번지,38.0058011085,127.2301530379,20240306,
포천시,영화농장,육계,육계,40000,11135,경기도 포천시 창수면 가영로 299,경기도 포천시 창수면 가양리 251번지 1호,37.9935297383,127.2020106370,20240306,
포천시,영훈농장,육계,육계,54000,11168,경기도 포천시 가산면 너배기길 5,경기도 포천시 가산면 가산리 22번지 외 1필지(가산리 73),37.8230062646,127.1823472169,20240306,
포천시,영흥농장2,종계/산란계,,20000,11102,경기도 포천시 영북면 호국로 4361-53,"경기도 포천시 영북면 자일리 341번지 2호 , -5, 342-2, -3, 344-11",38.1146072635,127.2893237666,20240306,
포천시,영흥농장3,종계/산란계,,25000,11102,경기도 포천시 영북면 영북로238번길 142,경기도 포천시 영북면 자일리 475번지 1호,38.0995644964,127.2840635051,20240306,
포천시,예산농장,종계/산란계,,180000,11162,경기도 포천시 호국로1014번길 52 (선단동),"경기도 포천시 선단동 10번지 1호 ,-2,-3,-4,-6,12-1",37.8561204617,127.1724858317,20240306,
포천시,예선농장,종계/산란계,,16600,11102,경기도 포천시 영북면 호국로 4186-33,경기도 포천시 영북면 자일리 490번지 3호,38.1005635184,127.2833078060,20240306,
포천시,오뚜기농장,육계,,48,11100,경기도 포천시 관인면 창동로1071번길 91,경기도 포천시 관인면 중리 176번지 1호,38.1111679471,127.2068946580,20240306,
포천시,오성농장,종계/산란계,,15100,11109,경기도 포천시 영북면 호국로3552번길 9,경기도 포천시 영북면 야미리 277번지 4호,38.0538997640,127.2713291729,20240306,
포천시,우리농장,육계,육계,25000,11137,경기도 포천시 신북면 청신로 773,경기도 포천시 신북면 덕둔리 394번지 1호,37.9630987849,127.1167869324,20240306,
포천시,우수농장,육계,육계,58000,11101,경기도 포천시 관인면 윗찬물길 57,경기도 포천시 관인면 탄동리 1167번지,38.1591073216,127.2632847551,20240306,
포천시,욱별농장,육계,육계,2000,11118,경기도 포천시 일동면 사기막1길 10,경기도 포천시 일동면 화대리 329번지,37.9671196960,127.3331788060,20240306,
포천시,원일농장,육계,육계,50000,11166,경기도 포천시 가산면 우금길 179-113,경기도 포천시 가산면 우금리 460번지,37.8335265454,127.2111103288,20240306,
포천시,원천농장,종계/산란계,,145040,11137,경기도 포천시 신북면 간자동길 113,경기도 포천시 신북면 삼정리 228번지,37.9678364063,127.1474786070,20240306,
포천시,월산농장,종계/산란계,,60000,11130,경기도 포천시 영중면 은잿말길 187,경기도 포천시 영중면 영송리 174번지,38.0009307498,127.2209677819,20240306,
포천시,유림농장,종계/산란계,,50000,11109,경기도 포천시 영북면 호국로3421번길 56,경기도 포천시 영북면 야미리 459번지,38.0447647896,127.2642346019,20240306,
포천시,유진농장,육계,육계,22000,11187,경기도 포천시 소흘읍 이곡길 73-52,경기도 포천시 소흘읍 이곡리 311번지 1통,37.7852996529,127.1489834350,20240306,
포천시,육계농장,육계,육계,65000,11134,경기도 포천시 창수면 포천로2721번길 44,경기도 포천시 창수면 추동리 350번지,37.9842084730,127.1740923066,20240306,
포천시,은현농장,육계,육계,70000,11130,경기도 포천시 영중면 은잿말1길 7,경기도 포천시 영중면 거사리 410번지 5호,38.0015925859,127.2343258416,20240306,
포천시,은혜농장,육계,육계,25000,11160,경기도 포천시 송선로 223-54 (설운동),경기도 포천시 설운동 1통 2반,37.8537362325,127.1489320113,20240306,
포천시,자산도농장,육계,육계,30000,11113,경기도 포천시 이동면 화동로 1779-75,경기도 포천시 이동면 연곡리 1014번지,38.0085552509,127.3636361069,20240306,
포천시,자일농장,종계/산란계,,302080,11102,경기도 포천시 영북면 호국로4350번길 136-99,경기도 포천시 영북면 자일리 211번지 2호,38.1081510514,127.3031215109,20240306,
포천시,재림농장,종계/산란계,,29000,11109,경기도 포천시 영북면 호국로3421번길 43,경기도 포천시 영북면 야미리 452번지,38.0431327946,127.2638979393,20240306,
포천시,전원농장,종계/산란계,,40000,11102,경기도 포천시 영북면 영북로238번길 162-1,경기도 포천시 영북면 자일리 450번지,38.1007484140,127.2858392744,20240306,
포천시,정원축산,육계,육계,55000,11113,경기도 포천시 이동면 화동로1908번길 44-151,경기도 포천시 이동면 연곡리,38.0160998163,127.3809612900,20240306,
포천시,제일농장,육계,,24000,11107,경기도 포천시 영북면 방골길 954-53,"경기도 포천시 영북면 문암리 338번지 , 339",38.0751772787,127.2659042363,20240306,
포천시,제일농장2,육계,육계,18720,11107,경기도 포천시 영북면 방골길 954-17,경기도 포천시 영북면 문암리 324번지 4호,38.0775829670,127.2655431099,20240306,
포천시,조대박농장,육계,육계,300,11164,경기도 포천시 가산면 메나리길 5,경기도 포천시 가산면 마산리 524번지,37.8489101234,127.1757912912,20240306,
포천시,종복농장,종계/산란계,,9000,11185,경기도 포천시 소흘읍 한성2길 51,경기도 포천시 소흘읍 고모리 79번지 3호,37.8046009840,127.1755761381,20240306,
포천시,주영농장,육계,육계,16000,11140,경기도 포천시 신북면 중앙로405번길 47,경기도 포천시 신북면 가채리 457번지 1호,37.9217894148,127.2102875354,20240306,
포천시,주은농장,육계,육계,50000,11130,경기도 포천시 영중면 금화봉2길 107 (외1필지(197-5)),경기도 포천시 영중면 거사리 197번지 4호 외1필지(197-5),37.9799633615,127.2391179460,20240306,
포천시,죽산농장,육계,육계,30000,11168,경기도 포천시 가산면 시우동3길 78-17,경기도 포천시 가산면 가산리 711번지,37.8266437836,127.1652510499,20240306,
포천시,지원농장,종계/산란계,,10000,11134,경기도 포천시 창수면 옥수로214번길 116,경기도 포천시 창수면 주원리 27번지 3호,38.0072309636,127.1956218220,20240306,
포천시,지훈농장,종계/산란계,,30000,11130,경기도 포천시 영중면 은잿말길 196-19,경기도 포천시 영중면 영송리 188번지 8호,38.0019981393,127.2226039181,20240306,
포천시,착한농장,종계/산란계,,50000,11109,경기도 포천시 영북면 호국로3497번길 94,경기도 포천시 영북면 야미리 727번지,38.0482642602,127.2610093355,20240306,
포천시,청계농장,육계,육계,140000,11137,경기도 포천시 신북면 청신로 822-60,경기도 포천시 신북면 덕둔리 505번지,37.9565413179,127.1207823211,20240306,
포천시,초가농장,육계,육계,30000,11185,경기도 포천시 소흘읍 한성길 27-19,"경기도 포천시 소흘읍 고모리 451번지 ,452",37.8113809229,127.1763190079,20240306,
포천시,초원농장,육계,육계,10000,11136,경기도 포천시 신북면 양지말1길 70-135,경기도 포천시 신북면 계류리 135번지,37.9535055418,127.1855195854,20240306,
포천시,축산(육계),육계,육계,30000,11130,경기도 포천시 영중면 금화봉2길 107,경기도 포천시 영중면 거사리 197번지 1호,37.9799633615,127.2391179460,20240306,
포천시,칠곡농장,종계/산란계,,8000,11164,경기도 포천시 가산면 마현길 49-22,경기도 포천시 가산면 마산리 72번지 3호,37.8400973279,127.1865245149,20240306,
포천시,칠천농장,종계/산란계,,20000,11102,경기도 포천시 영북면 북원로248번길 56-2,경기도 포천시 영북면 자일리 1009번지 7호,38.1217060546,127.2777919625,20240306,
포천시,클린환경,종계/산란계,,50000,11134,경기도 포천시 창수면 포천로 2624,경기도 포천시 창수면 추동리 216번지 3호,37.9814416025,127.1840339690,20240306,
포천시,태성농원,메추리,,250000,11113,경기도 포천시 이동면 화동로 1779-108,경기도 포천시 이동면 연곡리 991번지,38.0100778420,127.3631320641,20240306,
포천시,포천농장,종계/산란계,,95000,11130,경기도 포천시 영중면 은잿말길 68-18,경기도 포천시 영중면 거사리 489번지,38.0047089519,127.2334033520,20240306,
포천시,포천종계장,종계/산란계,,60000,11167,경기도 포천시 가산면 마현3길 86-71,경기도 포천시 가산면 금현리 950번지,37.8337799627,127.1902446201,20240306,
포천시,포천황금농장,메추리,,100000,11167,경기도 포천시 가산면 오성길 120,경기도 포천시 가산면 금현리 805번지 9호,37.8245586460,127.1899081937,20240306,
포천시,푸른농장,육계,육계,20000,11136,경기도 포천시 신북면 청신로 1766,경기도 포천시 신북면 심곡리 254번지,37.9414471222,127.1926839683,20240306,
포천시,푸른솔농장,육계,육계,60000,11136,경기도 포천시 신북면 청신로1660번길 80,경기도 포천시 신북면 계류리 391번지 1호,37.9448572557,127.1770659917,20240306,
포천시,풍원농장,종계/산란계,,25000,11136,경기도 포천시 신북면 포천로2721번길 117-2,경기도 포천시 신북면 고일리 205번지,37.9774942017,127.1742130902,20240306,
포천시,하늘농장,종계/산란계,,58176,11109,경기도 포천시 영북면 호국로3497번길 79,경기도 포천시 영북면 야미리 723번지 2호,38.0469505719,127.2620849348,20240306,
포천시,학선농장,육계,육계,60000,11164,경기도 포천시 가산면 감암2길 37-124,"경기도 포천시 가산면 마산리 577번지 2호 ,3,620-9,618-14",37.8506228992,127.1825129404,20240306,
포천시,한빛농장,종계/산란계,,100000,11139,경기도 포천시 신북면 호국로 2445,경기도 포천시 신북면 만세교리 61번지 4호,37.9644150305,127.2468915496,20240306,
포천시,한일농원,종계/산란계,,50000,11101,경기도 포천시 관인면 뗏마루길 158,경기도 포천시 관인면 사정리 산 248번지,38.1178272195,127.2492491874,20240306,
포천시,한일농장,육계,육계,120000,11136,"경기도 포천시 신북면 포천로2721번길 148 (외2필지(343-2,-3))","경기도 포천시 신북면 고일리 343번지 외2필지(343-2,-3)",37.9770439568,127.1711180138,20240306,
포천시,함양농장,종계/산란계,,18000,11124,경기도 포천시 화현면 봉화로 696-86,경기도 포천시 화현면 지현리 197번지 4호,37.9111677854,127.2741606621,20240306,
포천시,해밀팜,육계,육계,65000,11130,경기도 포천시 영중면 가영로 436-213,경기도 포천시 영중면 영송리 602번지,37.9949193245,127.2062303511,20240306,
포천시,해오름양계포천농장,종계/산란계,,90000,11113,경기도 포천시 이동면 화동로1908번길 44-207 (외1필지(76-1)),경기도 포천시 이동면 연곡리 77번지 외1필지(76-1),38.0140473951,127.3834708573,20240306,
포천시,햇빛농장,종계/산란계,,15000,11137,경기도 포천시 신북면 탑신로 1181,경기도 포천시 신북면 금동리 455번지 4호,37.9474911123,127.1260302775,20240306,
포천시,현네축산,육계,육계,6000,11113,경기도 포천시 이동면 화동로 1779-73,"경기도 포천시 이동면 연곡리 1015번지 등 2필지(1018, 1019)",38.0087087994,127.3639206027,20240306,
포천시,협동농장,종계/산란계,,30000,11139,경기도 포천시 신북면 호국로 2446-20,경기도 포천시 신북면 만세교리 203번지 3호,37.9629725552,127.2467029709,20240306,
포천시,홍문화농장,육계,육계,60,11130,경기도 포천시 영중면 금화봉2길 117,경기도 포천시 영중면 거사리 180번지 1호,37.9785657905,127.2388610032,20240306,
포천시,화순농장,종계/산란계,,31000,11112,경기도 포천시 이동면 성장로 740,경기도 포천시 이동면 노곡리 1225번지 7호,38.0052541144,127.3214397871,20240306,
포천시,화현농장,육계,육계,29000,11121,경기도 포천시 일동면 정자골1길 64-132,경기도 포천시 일동면 길명리,37.9221226192,127.2859601040,20240306,
포천시,황금농장,육계,육계,60000,11101,경기도 포천시 관인면 윗찬물길 69-23,경기도 포천시 관인면 탄동리 1147번지,38.1593446758,127.2647907133,20240306,
포천시,흥연농장,육계,육계,39000,11114,경기도 포천시 일동면 새낭로 218,경기도 포천시 일동면 사직리 954번지 9호,37.9957948847,127.3304374155,20240306,
포천시,희망농장,종계/산란계,,30000,11134,경기도 포천시 창수면 옥수로214번길 86,경기도 포천시 창수면 주원리 19번지,38.0034838026,127.1964688094,20240306,
화성시,가람농장,닭,산란계,0,18295,,경기도 화성시 봉담읍 상리 152-5,37.2347000470,126.9432852337,20250131,
화성시,감우농장,닭,육계,0,18278,경기도 화성시 남양읍 현대연구소로 79-26,경기도 화성시 남양읍 장덕리 1077,37.1647380646,126.8199587297,20250131,
화성시,건국농장,닭,육계,0,18583,경기도 화성시 장안면 포승장안로1186번길 47-16,"경기도 화성시 장안면 독정리 794-2, 794-4, 794-5",37.0761457264,126.8468619832,20250131,
화성시,건국축산농원,닭,육계,0,18583,경기도 화성시 장안면 포승장안로1186번길 47-16,"경기도 화성시 장안면 독정리 794-2 794-4,794-5,794-12",37.0761457264,126.8468619832,20250131,
화성시,경기농장,닭,육계,0,18536,경기도 화성시 팔탄면 녹막말길 76-24,경기도 화성시 팔탄면 율암리 389-1,37.1689313646,126.8725679012,20250131,
화성시,계원농장,닭,종계,19948,18627,경기도 화성시 양감면 정문회화로 51-32,경기도 화성시 양감면 사창리 261,37.0951215580,126.9760281080,20250131,
화성시,고려꿩농장,꿩,꿩,20,18526,경기도 화성시 팔탄면 건달산로43번길 9-22,경기도 화성시 팔탄면 기천리 산132,37.1762002154,126.9047027341,20250131,
화성시,관항농장,닭,육계,0,18520,경기도 화성시 정남면 관항길 321번길 19,"경기도 화성시 정남면 관항리 530, 531, 537, 538, 539-2",37.1814010322,126.9552334012,20250131,
화성시,광도농장,닭,육계,72500,18585,경기도 화성시 장안면 갈우물길 21,경기도 화성시 장안면 노진리 26-1 외 15필지,37.0538079578,126.8179132875,20250131,
화성시,금송농장,닭,육계,63000,18586,경기도 화성시 장안면 상두원길86번길 53-31,경기도 화성시 장안면 장안리 489,37.0448085205,126.8560369085,20250131,
화성시,금의양계장,닭,육계,44600,18585,경기도 화성시 장안면 흥천길 84-60,경기도 화성시 장안면 사곡리 833-6,37.0578204052,126.8087670772,20250131,
화성시,김포팜,오리,오리,0,18516,경기도 화성시 정남면 만년로 742-35,경기도 화성시 정남면 괘랑리 181-1,37.1821506759,126.9963143156,20250131,
화성시,꼬꼬마을농장,닭,산란계,0,18585,,경기도 화성시 장안면 노진리 12-4,37.0539441383,126.8212826711,20250131,
화성시,남양양계,닭,산란계,46500,18279,경기도 화성시 남양읍 온석서길 108,"경기도 화성시 남양읍 온석리 480, 480-1",37.1695703160,126.8555767311,20250131,
화성시,남에벤에셀,닭,육계,49850,18585,경기도 화성시 장안면 큰사수러지길 56-100,경기도 화성시 장안면 사곡리 879,37.0645813197,126.8088182167,20250131,
화성시,농업회사법인㈜정인,닭,육계,0,18572,경기도 화성시 우정읍 기아자동차로 292-104,"경기도 화성시 우정읍 석천리 766, 1037-28",37.0456053242,126.7768620304,20250131,
화성시,다산농장,닭,종계,14500,18630,경기도 화성시 양감면 용소금각로36번길 154-42,경기도 화성시 양감면 용소리 190번지,37.0722354844,126.9865576471,20250131,
화성시,다산양계,닭,산란계,135000,18532,경기도 화성시 팔탄면 마당바위로 72-86,"경기도 화성시 팔탄면 구장리 309-2,-3,-4, 310-1",37.1533055457,126.9013236488,20250131,
화성시,다원농장,닭,육계,0,18558,경기도 화성시 우정읍 화수길 112,경기도 화성시 우정읍 화수리 964-17,37.1101671198,126.7892368640,20250131,
화성시,대륭농장,닭,육계,0,18632,경기도 화성시 양감면 초록로166번길 15-33,경기도 화성시 양감면 신왕리 1950,37.0733754906,126.9610919678,20250131,
화성시,대륭목장,닭,종계,0,18632,경기도 화성시 양감면 초록로166번길 15-33,경기도 화성시 양감면 신왕리 1950,37.0733754906,126.9610919678,20250131,
화성시,대박농장,닭,육계,48500,18545,경기도 화성시 송산면 송산서로363번길 24-5,경기도 화성시 송산면 지화리 574-2,37.2108425291,126.6801251299,20250131,
화성시,대산농장,닭,육계,35500,18583,경기도 화성시 장안면 장안로 440-51,경기도 화성시 장안면 독정리 1779,37.0730943198,126.8625812881,20250131,
화성시,대성농장,닭,종계,9206,18279,경기도 화성시 남양읍 현대기아로125번길 76-13,"경기도 화성시 남양읍 온석리 400-1, 400-2, 400-3, 451-1",37.1663551768,126.8429665358,20250131,
화성시,대승농장,닭,육계,0,18279,경기도 화성시 남양읍 온석리 491-2,경기도 화성시 남양읍 온석리 491-2,37.1655970344,126.8509700071,20250131,
화성시,대양농장,닭,종계,0,18632,경기도 화성시 양감면 초록로 198-25,경기도 화성시 양감면 신왕리 1129,37.0733314553,126.9633084611,20250131,
화성시,덕다양계장,닭,육계,0,18584,경기도 화성시 장안면 덕다길 57,경기도 화성시 장안면 덕다리 산 47-6,37.0635728393,126.8390623470,20250131,
화성시,도원농장,닭,육계,67700,18583,경기도 화성시 장안면 장안로 260,"경기도 화성시 장안면 어은리 558, 562",37.0841575742,126.8449143002,20250131,
화성시,도원농장,닭,종계,67700,18583,경기도 화성시 장안면 장안로 260,"경기도 화성시 장안면 어은리 558번지,  화성시 장안면 장안로 260",37.0841575742,126.8449143002,20250131,
화성시,동원농장,닭,육계,0,18279,경기도 화성시 남양읍 온석서실96,경기도 화성시 남양읍 온석리 241,37.1702161084,126.8549855222,20250131,
화성시,동진목장,닭,육계,0,18281,경기도 화성시 남양읍 장덕동길 59-12,경기도 화성시 남양읍 장덕리 240-1,37.1636818683,126.8118813964,20250131,
화성시,두레농장,닭,산란계,0,18627,경기도 화성시 양감면 정문회화로 49-43,경기도 화성시 양감면 사창리 257,37.0953129425,126.9744626358,20250131,
화성시,두레농장,닭,종계,0,18627,경기도 화성시 양감면 정문회화로 49-43,경기도 화성시 양감면 사창리 257,37.0953129425,126.9744626358,20250131,
화성시,마도청계,닭,산란계,0,,,경기도 화성시 마도면 석교리 648,37.1990613063,126.7707055407,20250131,
화성시,매바위양계장,닭,육계,40500,18281,경기도 화성시 남양읍 장덕서길 25-38,경기도 화성시 남양읍 장덕리  947,37.1512148427,126.7873663860,20250131,
화성시,모세농장,닭,육계,53000,18514,경기도 화성시 정남면 정남동로 453-86,경기도 화성시 정남면 금복리 91,37.1600425962,126.9992541385,20250131,
화성시,무지개농장,닭,육계,0,18545,경기도 화성시 송산면 고포길 159,경기도 화성시 송산면 고포리 605-1,37.2361534930,126.6762435264,20250131,
화성시,미래농장,닭,육계,55000,18624,경기도 화성시 향남읍 발안로 736-24,경기도 화성시 향남읍 길성리 1,37.1233846807,126.9830378800,20250131,
화성시,미래농장,닭,종계,55000,18624,경기도 화성시 향남읍 발안로 736-24,경기도 화성시 향남읍 길성리 1,37.1233846807,126.9830378800,20250131,
화성시,민서네 꿩(약초)농장,꿩,꿩,0,18544,경기도 화성시 마도면 마도서길 20-3,"경기도 화성시 마도면 고모리 344-1,3",37.1733663893,126.7429796072,20250131,
화성시,방울산농장,닭,산란계,0,18608,,경기도 화성시 향남읍 방축리 208,37.1200772592,126.9301037796,20250131,
화성시,백봉실크 오골계농장,닭,산란계,0,18282,,경기도 화성시 비봉면 남전리 109-1,37.2311090182,126.8429111299,20250131,
화성시,봉황농장,닭,산란계,75000,18269,경기도 화성시 신남로 112,경기도 화성시 남양읍 신남리 906-16,37.1843393753,126.7991436935,20250131,
화성시,부부농장,닭,육계,0,18523,경기도 화성시 정남면 내향안길 97,경기도 화성시 정남면 계향리 218,37.1437666109,126.9916032489,20250131,
화성시,부자농원,닭,육계,34000,18585,경기도 화성시 장안면 흥천길 74-14,경기도 화성시 장안면 사곡리 725-1,37.0578581758,126.8013660266,20250131,
화성시,부흥꿩농장,꿩,꿩,5000,18562,경기도 화성시 우정읍 평밭길 243,경기도 화성시 우정읍 원안리 615-2,37.1009628558,126.7742092390,20250131,
화성시,비봉농장,닭,산란계,23000,18293,경기도 화성시 비봉면 자청로31번길 14,경기도 화성시 비봉면 자안리 312-1,37.2063901354,126.8770473812,20250131,
화성시,사또농장,닭,산란계,0,18287,경기도 화성시 매송면 송숙로 297,경기도 화성시 매송면 숙곡리 289,37.2573242052,126.9079554730,20250131,
화성시,삼현농원,닭,육계,0,18626,경기도 화성시 양감면 신흥길 27,경기도 화성시 양감면 사창리 1007-1,37.0850624267,126.9680863647,20250131,
화성시,삼현농장,닭,육계,0,18559,경기도 화성시 우정읍 주곡리 386-5(도로면 부존재),경기도 화성시 우정읍 주곡리 386-5,37.1166660153,126.8098529819,20250131,
화성시,상승농장,닭,육계,0,18544,경기도 화성시 마도면 해운로 596-16,경기도 화성시 마도면 고모리 578-12,37.1730074780,126.7503275019,20250131,
화성시,상신농원,닭,산란계,14000,18623,경기도 화성시 향남읍 문언동길 66-110,경기도 화성시 향남읍 구문천리 881,37.0850687919,126.8924771077,20250131,
화성시,선경2축산,닭,육계,68360,18336,경기도 화성시 봉담읍 하가등길 26-19,"경기도 화성시 봉담읍 하가등리 393-7,6,392-2",37.1455193971,126.9328913812,20250131,
화성시,선경축산,닭,육계,0,18522,경기도 화성시 정남면 문학로68번나길 40,경기도 화성시 정남면 문학리 42-1,37.1493642266,126.9729965272,20250131,
화성시,성웅농장,닭,육계,54020,18544,경기도 화성시 마도면 마도서길 20-11,"경기도 화성시 마도면 고모리 347,348,512-2,3",37.1730026662,126.7438956429,20250131,
화성시,성일양계장,닭,육계,0,18543,경기도 화성시 마도면 청원로116번길 37-19,경기도 화성시 마도면 청원리 576-5,37.1769973777,126.7714773308,20250131,
화성시,세종농장,닭,산란계,254020,18279,경기도 화성시 남양읍 온석길 129-14,경기도 화성시 남양읍 온석리 197-1,37.1724948309,126.8546507526,20250131,
화성시,소망농원,닭,산란계,0,18544,경기도 화성시 마도면 백곡리 38번지,경기도 화성시 마도면 백곡리 38,37.1914569325,126.7340022031,20250131,
화성시,소원축산,닭,종계,0,18562,경기도 화성시 우정읍 원안길 57-16,"경기도 화성시 우정읍 원안리 426, 호곡리 991",37.1067673600,126.7770687664,20250131,
화성시,수현농장,닭,육계,0,18583,경기도 화성시 장안면 장안로 480-75,"경기도 화성시 장안면 독정리 37-1, 산63",37.0705305437,126.8686210602,20250131,
화성시,스마일농장,닭,육계,159000,18583,경기도 화성시 장안면 남양호로 426-31,경기도 화성시 장안면 독정리 1618,37.0607393429,126.8785214904,20250131,
화성시,신봉농장,닭,육계,0,18520,경기도 화성시 정남면 관항길 357,경기도 화성시 정남면 관항리 494-2,37.1848053957,126.9506912193,20250131,
화성시,신성농장,닭,육계,0,18562,경기도 화성시 우정읍 버들로 386-9,경기도 화성시 우정읍 운평리 산 71-1,37.0891559140,126.7818606086,20250131,
화성시,아침농원,닭,산란계,0,18366,,경기도 화성시 안녕동 133-5,37.1973120594,127.0078875494,20250131,
화성시,야곱농장,닭,종계,0,18627,경기도 화성시 양감면 사릅재길 149,경기도 화성시 양감면 사창리 338,37.0895955333,126.9759536331,20250131,
화성시,야마기시즘실현지영농조합법인,닭,산란계,35640,18623,경기도 화성시 향남읍 구문천1길 59,경기도 화성시 향남읍 구문천리 산 141-1,37.0714653505,126.8922706576,20250131,
화성시,양감농장,닭,종계,0,18626,경기도 화성시 양감면 동지골길 64-7,"경기도 화성시 양감면 사창리 782-1, -2",37.0966780769,126.9632788713,20250131,
화성시,양지뜰 향남농장,닭,산란계,0,18582,경기도 화성시 향남읍 상신로 104,"경기도 화성시 향남읍 상신리 1050,1051,1052,1053",37.0860416260,126.8801489614,20250131,
화성시,여흥농장,닭,육계,0,18577,경기도 화성시 팔탄면 버들로 1423,"경기도 화성시 팔탄면 덕우리 250-1,-2,250",37.1247267813,126.8624975424,20250131,
화성시,연수농장,닭,육계,0,18574,,경기도 화성시 장안면 석포리 산 122,,,20250131,
화성시,연지농장,닭,육계,0,18578,경기도 화성시 팔탄면 3.1만세로 641-20,경기도 화성시 팔탄면 해창리 산35-1,37.1105353925,126.8686380013,20250131,
화성시,영남농장,닭,육계,74100,18583,경기도 화성시 장안면 한천3길 38,경기도 화성시 장안면 독정리 864,37.0684443473,126.8430021746,20250131,
화성시,영완농장,닭,육계,0,18533,,"경기도 화성시 팔탄면 가재리 601, 602",37.1497471119,126.9162048758,20250131,
화성시,예산농장,닭,산란계,0,18536,경기도 화성시 팔탄면 녹막말길 66-11,경기도 화성시 팔탄면 율암리 313-1,37.1694016836,126.8711672977,20250131,
화성시,예찬농장,닭,산란계,0,18286,경기도 화성시 매송면 매송로330번길 38,경기도 화성시 매송면 야목리 677,37.2631613026,126.8859519154,20250131,
화성시,오늘농장,닭,산란계,11000,18629,경기도 화성시 양감면 송말길 58-71,"경기도 화성시 양감면 송산리 1003-5, -6, -7",37.1016459523,126.9900729949,20250131,
화성시,온석2농장,닭,산란계,70000,18279,경기도 화성시 남양읍 현대기아로 188,경기도 화성시 남양읍 온석리 276,37.1678416357,126.8477068992,20250131,
화성시,온석농장,닭,산란계,278540,18279,경기도 화성시 남양읍 온석길 75,"경기도 화성시 남양읍 온석리 230,228-3,228-4,229",37.1700935322,126.8539953388,20250131,
화성시,우림농원,닭,산란계,0,18515,,경기도 화성시 정남면 제기리 31-2,37.1420096529,127.0077481424,20250131,
화성시,유농장,닭,육계,0,18278,경기도 화성시 남양읍 활초길109번길 46-35(활초리 산187-1),경기도 화성시 남양읍 활초리 산 187-1,37.1611770677,126.8373800613,20250131,
화성시,유림농장,닭,종계,0,18626,,"경기도 화성시 양감면 사창리 113번지 1호 ,-2, -3",37.1035030427,126.9681806942,20250131,
화성시,윤호농장,닭,종계,23000,18278,경기도 화성시 남양읍 활초길109번길 46-20,경기도 화성시 남양읍 활초리 685,37.1639289788,126.8378516103,20250131,
화성시,장학순건강란,닭,산란계,0,18586,경기도 화성시 장안면 포승장안로 979,경기도 화성시 장안면 장안리 279,37.0539481918,126.8559034520,20250131,
화성시,재성농장,닭,육계,0,18562,경기도 화성시 우정읍 운평길124번길 15,"경기도 화성시 우정읍 운평리 1051, 1051-1, 1051-2",37.0778651552,126.7692206240,20250131,
화성시,전정식농장,닭,산란계,0,18283,,경기도 화성시 비봉면 삼화리 802-3,37.2484058610,126.8529010826,20250131,
화성시,정남농장,닭,산란계,15000,18514,경기도 화성시 정남면 안념길112번길 54-44,경기도 화성시 정남면 음양리 466,37.1508610297,127.0220059091,20250131,
화성시,정남농장,닭,종계,15000,18522,경기도 화성시 정남면 서봉로921번길 33,경기도 화성시 정남면 문학리 599-1,37.1561416667,126.9627011459,20250131,
화성시,정문농장,닭,종계,0,18627,경기도 화성시 양감면 정문송산로 19-19,경기도 화성시 양감면 정문리 646-1,37.0949550009,126.9832648427,20250131,
화성시,정인양계장,닭,육계,0,18530,경기도 화성시 팔탄면 녹막말길 56-37,경기도 화성시 팔탄면 율암리 산 56-79,37.1690514937,126.8748309277,20250131,
화성시,제이피에프,닭,육계,0,18582,경기도 화성시 향남읍 장안로 662-189,"경기도 화성시 향남읍 구문천리 784, 798",37.0672392744,126.8855776461,20250131,
화성시,제이피에프,닭,종계,0,18582,경기도 화성시 향남읍 장안로 662-189,"경기도 화성시 향남읍 구문천리 784, 798",37.0672392744,126.8855776461,20250131,
화성시,주은농장,닭,육계,24000,18255,경기도 화성시 남양읍 주석로 280번길 18,경기도 화성시 남양읍 북양리 577,37.2084134488,126.8575793771,20250131,
화성시,지엠지,닭,종계,0,18581,경기도 화성시 장안면 3.1만세로 535-55,경기도 화성시 장안면 수촌리 1417-6,37.1082910647,126.8636144955,20250131,
화성시,지은농장,닭,육계,0,18576,,경기도 화성시 팔탄면 노하리 1040,37.1463938737,126.8457012755,20250131,
화성시,진석농장,닭,육계,0,18588,경기도 화성시 향남읍 도이3길 26-9,경기도 화성시 향남읍 도이리 163,37.1413782401,126.9209419718,20250131,
화성시,질라라비농장,닭,육계,0,18563,경기도 화성시 우정읍 조암말미길 50-31,경기도 화성시 우정읍 조암리 산 91-3,37.0835721318,126.8069356632,20250131,
화성시,천하농장,닭,산란계,0,18546,경기도 화성시 송산면 송산로 387,"경기도 화성시 송산면 천등리 429-2, -6",37.2351677253,126.7047761773,20250131,
화성시,청석골농장,닭,산란계,51950,18626,경기도 화성시 양감면 안요골길82번길 41,경기도 화성시 양감면 사창리 660-1,37.1006822151,126.9616976142,20250131,
화성시,청신농장,닭,육계,16000,18632,경기도 화성시 양감면 초록로166번길 95-50,"경기도 화성시 양감면 신왕리 1972, 1973",37.0716446127,126.9650415074,20250131,
화성시,청신농장,닭,종계,16000,18632,경기도 화성시 양감면 초록로 166번길 95-50,"경기도 화성시 양감면 신왕리 1972,1973",37.0716446127,126.9650415074,20250131,
화성시,초혜지농장,닭,육계,73500,18514,경기도 화성시 정남면 정남동로 453-76,"경기도 화성시 정남면 금복리 92, 93, 91-1",37.1601531878,126.9998277978,20250131,
화성시,큰양계장,닭,육계,0,18580,경기도 화성시 장안면 금의솔안길 167,경기도 화성시 장안면 금의리 600-4,37.1090856234,126.8295055754,20250131,
화성시,태경농장,닭,육계,0,18279,경기도 화성시 남양읍 온석길 24-19,경기도 화성시 남양읍 온석리 491-3,37.1648879197,126.8515167019,20250131,
화성시,태행목장,닭,육계,0,18293,경기도 화성시 비봉면 자청로207번길 21-73,경기도 화성시 비봉면 청요리 702-4,37.2106366685,126.8946161586,20250131,
화성시,토종닭농장,닭,육계,0,18570,경기도 화성시 우정읍 기아자동차로 292-73,경기도 화성시 우정읍 매향리 543-1,37.0473160173,126.7750577352,20250131,
화성시,파머스가든,닭,산란계,0,18626,경기도 화성시 양감면 안요골길82번길 74-33,경기도 화성시 양감면 사창리 721-6,37.1040273633,126.9559680693,20250131,
화성시,푸른농장,닭,육계,0,18333,경기도 화성시 봉담읍 건달산로 304,경기도 화성시 봉담읍 상기리 551-2,37.1968901316,126.9161237501,20250131,
화성시,피엔씨코리아,닭,산란계,0,18623,경기도 화성시 향남읍 문언동길 66-110,경기도 화성시 향남읍 구문천리 881,37.0850687919,126.8924771077,20250131,
화성시,한일농장,닭,종계,20060,18279,경기도 화성시 남양읍 온석길 44-36,경기도 화성시 남양읍 온석리 488,37.1640640472,126.8541592891,20250131,
화성시,해뜨는농장,닭,육계,0,18544,경기도 화성시 마도면 해운로 629-61,"경기도 화성시 마도면 고모리 1, 1-1",37.1766563891,126.7443774128,20250131,
화성시,해오름 조암농장,닭,산란계,0,18570,경기도 화성시 우정읍 매향석천로 11-39,"경기도 화성시 우정읍 매향리 504-1,504,505-1,506-5",37.0473807947,126.7709186984,20250131,
화성시,해창농장,꿩,꿩,0,18578,,경기도 화성시 팔탄면 해창리 산 35-1,37.1097507799,126.8685657300,20250131,
화성시,향촌농원,닭,산란계,3200,18517,,경기도 화성시 정남면 발산리 646-3,37.1523005099,126.9862085319,20250131,
화성시,현대농장,닭,육계,0,18545,경기도 화성시 송산면 가매기길 149,경기도 화성시 송산면 독지리 318,37.2473177365,126.6861119168,20250131,
화성시,형제농장,닭,육계,0,18632,경기도 화성시 양감면 솔미마을길 148,경기도 화성시 양감면 대양리 111-2,37.0943758915,126.9487452898,20250131,
화성시,호계농장,닭,종계,0,18628,경기도 화성시 양감면 후곡길 17-4,"경기도 화성시 양감면 송산리 440,440-1",37.1080989329,126.9856291056,20250131,
화성시,화성농장,닭,종계,0,18279,경기도 화성시 남양읍 현대기아로 166-18,"경기도 화성시 남양읍 온석리 499-4,-9,-10",37.1641482943,126.8481441097,20250131,
화성시,화성양계장,닭,종계,0,18583,경기도 화성시 장안면 장안로 454-7,"경기도 화성시 장안면 독정리 221-1, -2, 222, 223, 235-2",37.0766259462,126.8639017359,20250131,
화성시,황기농장,닭,육계,0,18515,경기도 화성시 정남면 덕절중앙길 80-21,"경기도 화성시 정남면 덕절리 96-1,97-1,97-2,116-1",37.1389821961,127.0292078548,20250131,
화성시,희망축산,닭,육계,0,18279,경기도 화성시 남양읍 온석길 44-32,경기도 화성시 남양읍 온석리 492,37.1642639867,126.8528060210,20250131,
화성시,희산농장,닭,육계,0,18277,경기도 화성시 남양읍 고향의봄길 216번길 78-17,경기도 화성시 남양읍 신남리 1552,37.1787869129,126.8224125431,20250131,

