county,farm_name,livestock_name,livestock_type,head_count,farm_address,latitude,longitude,outbreak_date,livestock_code
고양시,노영호,닭,토종닭,3000.0,경기도 고양시 덕양구 관산동 388-2,126.8531186,37.7038247,20170307,415002
고양시,장항양계,닭,산란계,37000.0,경기도 고양시 일산서구 구산동 681번지,37.6882831596,126.6925338689,20230108,415003
광주시,,오리,기타,,경기도 광주시 남한산성면 불당리,37.4578567662489,127.204369212874,20160405,416299
광주시,광주농장,닭,산란계,59000.0,경기도 광주시 초월읍 신월리 409-1,37.4108027367,127.3075375101,20161222,415003
김포시,(주)한우리,닭,산란계,,경기도 김포시 통진읍 가현리,37.6747615335301,126.585287300047,20150203,415003
김포시,김병갑,닭,토종닭,,경기도 김포시 대곶면 초원지리,37.6557011013402,126.594790211879,20161218,415002
김포시,,닭,산란계,,경기도 김포시 통진읍 가현리,37.6747615335301,126.585287300047,20161224,415003
김포시,장락농장,닭,산란계,24000.0,경기도 김포시 대곶면 쇄암리 447번지,37.6706239727,126.5498148989,20210109,415003
김포시,봉골농장,닭,산란계,83000.0,"경기도 김포시 월곶면 군하리 323번지 2호 ,323-70번지",37.707520252,126.5535918318,20201230,415003
김포시,써니농장,닭,산란계,22000.0,경기도 김포시 통진읍 가현리 162번지 3호,37.6724170856,126.5882596686,20201213,415003
김포시,김포 자연 농장,닭,산란계,30000.0,경기도 김포시 통진읍 수참리 114번지 1호,37.6856695827,126.6255803816,20210101,415003
김포시,,메추리,비분류,,경기도 김포시 하성면 마조리,37.75288785603,126.6324784047,20170125,416498
김포시,김포 자연 농장,닭,산란계,30000.0,경기도 김포시 통진읍 수참리 114번지 1호,37.6856695827,126.6255803816,20241220,415003
김포시,아라농장,닭,산란계,100000.0,경기도 김포시 하성면 석탄리 978번지,37.7209713,126.6626826,20230103,415003
남양주시,유인농장,닭,산란계,34000.0,경기도 남양주시 화도읍 차산리 850,37.6247017497,127.2897282096,20210112,415003
동두천시,김상현,칠면조,,,경기도 동두천시 하봉암동,37.9665340312146,127.074153004513,20110211,416100
성남시,김재옥,닭,토종닭,,경기도 성남시 중원구 성남동,37.4353291482243,127.138944267643,20141227,415002
성남시,김오연,닭,토종닭,,경기도 성남시 중원구 성남동,37.4353291482243,127.138944267643,20141229,415002
성남시,김종선,닭,토종닭,350.0,경기도 성남시 중원구 여수동 518-5,37.417389959,127.1406611891,20141230,415002
성남시,안경선,닭,토종닭,,경기도 성남시 중원구 성남동,37.4353291482243,127.138944267643,20141229,415002
성남시,윤정구,닭,토종닭,,경기도 성남시 중원구 성남동,37.4353291482243,127.138944267643,20141229,415002
안성시,박용순,닭,육계,,경기도 안성시 일죽면 장암리,37.0714123054903,127.464709743288,20070210,415006
안성시,유경수,닭,육계,,경기도 안성시 미양면 강덕리,36.9539500433603,127.231955420418,20080505,415006
안성시,원기만,닭,기타,,경기도 안성시 공도읍 중복리,36.9709244859648,127.135404818075,20080510,415099
안성시,태봉양계장,닭,산란계,,경기도 안성시 일죽면 화봉리,37.0679951711018,127.476594462903,20140312,415003
안성시,김정길,오리,육용오리,,경기도 안성시 일죽면 신흥리,37.1128269696514,127.47513362725,20140315,416230
안성시,박세용,닭,산란계,,경기도 안성시 일죽면 능국리,37.1102333444643,127.49158385138,20140321,415003
안성시,최종필,닭,산란계,,경기도 안성시 일죽면 능국리,37.1102333444643,127.49158385138,20140401,415003
안성시,이재석,오리,종오리,,경기도 안성시 미양면 강덕리,36.9539500433603,127.231955420418,20140213,416210
안성시,수지농장,오리,육용오리,9900.0,경기도 안성시 대덕면 김중만장군길 157-39,37.0540200515,127.2475700915,20150126,416230
안성시,박봉현,오리,종오리,,경기도 안성시 미양면 강덕리,36.9539500433603,127.231955420418,20140217,416210
안성시,소중영,오리,종오리,,경기도 안성시 미양면 고지리,36.9603701381106,127.210258715433,20140217,416210
안성시,수지농장,오리,육용오리,9900.0,경기도 안성시 대덕면 김중만장군길 157-39,37.0540200515,127.2475700915,20140224,416230
안성시,장대진,오리,육용오리,,경기도 안성시 보개면 내방리,37.0233077529024,127.315011741571,20150209,416230
안성시,한상은,오리,육용오리,,경기도 안성시 보개면 양복리,37.0150298912158,127.327868249317,20150209,416230
안성시,마전농장,오리,육용오리,15000.0,경기도 안성시 삼죽면 마전리 132번지 1호,37.0405193763,127.3467894224,20150225,416230
안성시,원기만,오리,육용오리,,경기도 안성시 공도읍 건천리,36.9732826187143,127.158018325113,20140228,416230
안성시,원기만,거위,비분류,,경기도 안성시 공도읍 건천리,36.9732826187143,127.158018325113,20140228,416398
안성시,서현농장,오리,육용오리,32000.0,경기도 안성시 샛터1길 41-34 (중리동),36.9863361931,127.274681313,20140626,416230
안성시,소중영,오리,종오리,,경기도 안성시 미양면 고지리,36.9603701381106,127.210258715433,20150116,416210
안성시,김신자,오리,육용오리,,경기도 안성시 미양면 정동리,36.9749968371032,127.201790503642,20150123,416230
안성시,이재석,오리,종오리,,경기도 안성시 미양면 강덕리,36.9539500433603,127.231955420418,20150129,416210
안성시,박봉현,오리,종오리,,경기도 안성시 미양면 강덕리,36.9539500433603,127.231955420418,20150130,416210
안성시,민자농장,오리,종오리,,경기도 안성시 서운면 신흥리,36.9262620387591,127.244208522232,20150205,416210
안성시,양호농장,오리,육용오리,30000.0,경기도 안성시 서운면 신흥리 산 51번지,36.9286198,127.2424098,20150211,416230
안성시,소희영,오리,종오리,,경기도 안성시 미양면 고지리,36.9603701381106,127.210258715433,20140219,416210
안성시,다모아부화장,오리,육용오리,7560.0,경기도 안성시 미양면 신고지길 125,36.9640675842,127.2083512331,20110116,416230
안성시,서광농장,오리,육용오리,,경기도 안성시 서운면 신흥리,36.9262620387591,127.244208522232,20110108,416230
안성시,관리수의사-010-4346-4500,오리,육용오리,,경기도 안성시 일죽면 산북리,37.0883572473258,127.50746331286,20110111,416230
안성시,이재석,오리,종오리,,경기도 안성시 미양면 강덕리,36.9539500433603,127.231955420418,20110113,416210
안성시,임우근,오리,육용오리,,경기도 안성시 금광면 내우리,36.9934242158215,127.299781678627,20150308,416230
안성시,임용대,오리,육용오리,,경기도 안성시 금광면 개산리,36.9813408274806,127.296149108953,20150310,416230
안성시,이해만,닭,산란계,,경기도 안성시 미양면 법전리,36.9480934683184,127.212425430028,20150417,415003
안성시,,닭,토종닭,,경기도 안성시 대덕면 보동리,37.0521651043758,127.242295466615,20161129,415002
안성시,이규남,닭,토종닭,,경기도 안성시 원곡면 외가천리,37.0423643341205,127.139749102171,20161207,415002
안성시,,닭,산란계,,경기도 안성시 일죽면 능국리,37.1102333444643,127.49158385138,20161214,415003
안성시,이규선,오리,육용오리,,경기도 안성시 보개면 동평리,37.0894945750571,127.319865500198,20161216,416230
안성시,,닭,산란계,,경기도 안성시 대덕면 명당리,37.0393322607926,127.211038261527,20170105,415003
안성시,두메농장,닭,일괄,310000.0,경기도 안성시 일죽면 산북리 104번지 1호 외 9필지,37.0856870573,127.5126597683,20161220,415001
안성시,박세용,닭,산란계,,경기도 안성시 일죽면 능국리,37.1102333444643,127.49158385138,20161218,415003
안성시,,닭,산란계,,경기도 안성시 삼죽면 덕산리,37.0833889716464,127.369469368193,20161218,415003
안성시,안성순,오리,육용오리,,경기도 안성시 일죽면 화곡리,37.1146300787983,127.463961110511,20161218,416230
안성시,이병일,오리,육용오리,,경기도 안성시 보개면 복평리,37.0367519640359,127.310841086569,20161218,416230
안성시,텃골축산,닭,산란계,150000.0,경기도 안성시 일죽면 장암로 24-72 (외 3필지),37.0807076854,127.4700951915,20161226,415003
안성시,,오리,육용오리,,경기도 안성시 금광면 개산리,36.9813408274806,127.296149108953,20161230,416230
안성시,,닭,산란계,,경기도 안성시 공도읍 용두리,37.0097253769219,127.1638015707,20170101,415003
안성시,김광배2,오리,육용오리,,경기도 안성시 일죽면 산북리,37.0883572473258,127.50746331286,20161210,416230
안성시,도란도란,닭,산란계,138000.0,경기도 안성시 보개면 가재울길 100-23,37.0639861701,127.3126466066,20161224,415003
안성시,송영민,닭,일괄,,경기도 안성시 보개면 적가리,37.0528049214762,127.294088190048,20161226,415001
안성시,덕수농장,닭,산란계,55000.0,경기도 안성시 서운면 신촌리 280번지 5호,36.935285,127.2609067,20161228,415003
안성시,김학주,닭,종계,,경기도 안성시 공도읍 진사리,36.9867039581764,127.141857779681,20161228,415005
안성시,서운농장,닭,산란계,276683.0,경기도 안성시 서운면 서운로 229 (외 1필지),36.9342969441,127.2628706116,20161228,415003
안성시,청원농장,닭,산란계,15000.0,경기도 안성시 보개면 보개산로 291-44,37.0466702514,127.3375199869,20161220,415003
안성시,영화농장,닭,종계,10760.0,경기도 안성시 일죽면 장암초교길 99,37.0743234104,127.4625489917,20210127,415005
안성시,농업회사법인 티지에프(주),닭,산란계,783000.0,"경기도 안성시 금광면 조령길 73-105, (외10필지)",37.0277185476,127.3633406736,20210113,415003
안성시,서운농장,닭,산란계,276683.0,경기도 안성시 서운면 서운로 229 (외 1필지),36.9342969441,127.2628706116,20210114,415003
안성시,청산농장,닭,산란계,100000.0,경기도 안성시 공도읍 문터길 87,37.0153418419,127.1941376365,20210129,415003
안성시,(주)선유팜,닭,산란계,,경기도 안성시 일죽면 신흥리,37.1128269696514,127.47513362725,20210201,415003
안성시,박성미,닭,토종닭,,경기도 안성시 보개면 기좌리,37.0360018201511,127.289653366241,20170118,415002
안성시,유화농장,닭,산란계,37500.0,경기도 안성시 보개면 동문이길 60,36.9995563011,127.2938110734,20210128,415003
안성시,유필재,닭,산란계,,경기도 안성시 보개면 동신리,37.004274272192,127.297927796486,20170106,415003
안성시,,닭,육계,,경기도 안성시 미양면 보체리,36.9693977408658,127.239481435046,20170112,415006
안성시,신익수,닭,토종닭,,경기도 안성시 일죽면 방초리,37.1286308460717,127.42799075704,20170114,415002
안성시,,닭,산란계,,경기도 안성시 공도읍 마정리,37.0168327300545,127.205708148124,20170114,415003
안성시,제2대화 오리농장 DHD,오리,육용오리,20000.0,"경기도 안성시 일죽면 화곡리 611번지 ,612-1외 1필지",37.1051952607,127.4564000956,20221130,416230
안성시,농업회사법인 골드아이(유),닭,산란계,570960.0,경기도 안성시 일죽면 서동대로 7626-29,37.100979066167,127.488874059671,20240109,415003
안성시,승애농장,닭,산란계,50000.0,경기도 안성시 공도읍 용머리큰길 34-55,37.0110969323396,127.164242160143,20251210,415003
안성시,서운농장,닭,산란계,276683.0,경기도 안성시 서운면 서운로 229 (외 1필지),36.9342969441,127.2628706116,20251216,415003
안성시,정훈농장,닭,산란계,126000.0,경기도 안성시 서운면 사갑1길 245,36.9271803166707,127.240109728297,20251224,415003
안성시,농업회사법인 골드아이(유),닭,산란계,570960.0,경기도 안성시 일죽면 서동대로 7626-29,37.100979066167,127.488874059671,20221214,415003
양주시,강선복,닭,산란계,,경기도 양주시 은현면 하패리,37.8872886442943,127.030661595147,20040321,415003
양주시,김학범,닭,산란계,,경기도 양주시 남면 경신리,37.8576070091945,126.983486742704,20110120,415003
양주시,송점채,오리,비분류,,경기도 양주시 광적면 우고리,37.8287976353949,126.945840499456,20150524,416298
양주시,채연희,오리,비분류,,경기도 양주시 광적면 우고리,37.8287976353949,126.945840499456,20150524,416298
양주시,최진복,닭,산란계,,경기도 양주시 백석읍 오산리,37.8010234932733,126.98425330017,20161201,415003
양주시,신춘추농장,닭,산란계,67000.0,경기도 양주시 백석읍 가업리 13-1,37.7931444254,126.9793266243,20161129,415003
양주시,세바환경,닭,산란계,8000.0,경기도 양주시 남면 경신리 산 39번지,126.9848572,37.8682335,20170111,415003
양주시,세인농장,닭,산란계,20000.0,경기도 양주시 은현면 도하리 655번지 2호 외 2번지,37.8431708,127.0008255,20170111,415003
양주시,정현,닭,산란계,,경기도 양주시 백석읍 가업리,37.7854976448075,126.965193770399,20161123,415003
양주시,김인호,닭,산란계,,경기도 양주시 은현면 봉암리,37.9167354675651,127.002965939114,20180318,415003
양주시,배성임(이용진),닭,산란계,,경기도 양주시 남면 상수리,37.8677667481936,126.988748713767,20170214,415003
양주시,강은주,닭,산란계,,경기도 양주시 은현면 봉암리,37.9167354675651,127.002965939114,20170118,415003
양평군,,오리,육용오리,,경기도 양평군 지평면 수곡리,37.434846600285,127.59645227212,20161207,416230
여주시,한재권,닭,산란계,,경기도 여주시 가남읍 하귀리,37.2241755928574,127.569757295754,20150121,415003
여주시,상신,닭,산란계,298100.0,경기도 여주시 가남읍 금당리 606-8번지,37.1987852,127.6030885,20150202,415003
여주시,(주)사조팜스여주부화장,오리,종오리,,경기도 여주시 능서면 광대리,37.2604859502769,127.574499273168,20150202,416210
여주시,서광농장,닭,산란계,120000.0,경기도 여주시 세종대왕면 광대리 509,37.258219381,127.5637614667,20110223,415003
여주시,모닝바이오텍,닭,산란계,75000.0,경기도 여주시 흥천면 율극리 296-2번지,37.3358492,127.564232,20161228,415003
여주시,최형주,닭,산란계,,경기도 여주시 흥천면 율극리,37.3344146288236,127.564477479997,20161228,415003
여주시,,오리,종오리,,경기도 여주시 능서면 광대리,37.2604859502769,127.574499273168,20161214,416210
여주시,,닭,산란계,,경기도 여주시 가남읍 금당리,37.2081812697231,127.61359346409,20161218,415003
여주시,가남농장(농업회사법인 조인),닭,산란계,,경기도 여주시 가남읍 하귀리,37.2241755928574,127.569757295754,20161218,415003
여주시,,메추리,비분류,,경기도 여주시 능서면 마래리,37.2630100047189,127.557671653562,20170101,416498
여주시,,닭,산란계,,경기도 여주시 가남읍 은봉리,37.1859255598177,127.568073358855,20161210,415003
여주시,,닭,산란계,,경기도 여주시 능서면 마래리,37.2630100047189,127.557671653562,20161210,415003
여주시,자연농장,메추리,비분류,70000.0,경기도 여주시 가남읍 삼군리 16,37.1985916632,127.5654217553,20201209,416498
여주시,농업회사법인 다온농장,닭,산란계,160000.0,경기도 여주시 점동면 당진리 536,37.1766000226,127.6762309245,20201222,415003
여주시,함일농장,닭,산란계,137000.0,경기도 여주시 능서면 마래리 458-6번지,37.2584169,127.5621689,20201229,415003
여주시,,닭,산란계,,경기도 여주시 능서면 용은리,37.2856303133144,127.545104931248,20161220,415003
여주시,계림농장,닭,산란계,60000.0,경기도 여주시 대신면 계림리 360,37.4085821591,127.5891887594,20201207,415003
여주시,정철중(철중),닭,육계,0.0,경기도 고양시 일산동구 성석동 1797번지,37.7185979321,126.7874871757,20161230,415006
여주시,일우농장,닭,산란계,83381.0,경기도 여주시 흥천면 율극리 266,37.3424628333,127.5657970496,20241226,415003
여주시,농업회사법인 주식회사 닭터,닭,산란계,100000.0,경기도 여주시 흥천면 율극리 294,37.3357844151,127.564176924,20250104,415003
연천군,유환농장,닭,산란계,29000.0,경기도 연천군 미산면 백석리 289-1,38.0446082016,126.9679092475,20110524,415003
연천군,강은주,닭,산란계,,경기도 연천군 연천읍 상리,38.1355096013747,127.070345133874,20170118,415003
연천군,서울농장,닭,산란계,60000.0,경기도 연천군 연천읍 와초리 78,38.1417602251,127.0930535322,20230222,415003
연천군,유월농장,닭,산란계,80000.0,경기도 연천군 군남면 왕림리 518,38.0721669312,127.0500284639,20230103,415003
용인시,정재윤,닭,산란계,,경기도 용인시 처인구 백암면 박곡리,37.1680445322043,127.394277605908,20110306,415003
용인시,,닭,산란계,,경기도 용인시 처인구 백암면 박곡리,37.1680445322043,127.394277605908,20161214,415003
용인시,,닭,산란계,,경기도 용인시 처인구 백암면 석천리,37.1098785662341,127.360638012271,20161218,415003
용인시,다원팜,닭,산란계,,경기도 용인시 처인구 백암면 옥산리,37.1068601932087,127.40575040614,20161218,415003
용인시,청려원,닭,산란계,,경기도 용인시 처인구 백암면 석천리,37.1098785662341,127.360638012271,20161218,415003
용인시,,닭,산란계,,경기도 용인시 처인구 백암면 옥산리,37.1068601932087,127.40575040614,20210119,415003
용인시,,오리,종오리,,경기도 용인시 처인구 원삼면 문촌리,37.1623322907661,127.290603052463,20201223,416210
용인시,구일농장,닭,종계,,경기도 용인시 처인구 백암면 옥산리,37.1068601932087,127.40575040614,20221116,415005
의정부시,박동권,닭,토종닭,,경기도 의정부시 용현동,37.7338683010294,127.079978282419,20150420,415002
이천시,김달환,닭,산란계,,경기도 이천시 율면 신추리,37.093745212441,127.528182392601,20031225,415003
이천시,한성농장,닭,산란계,,경기도 이천시 장호원읍 나래리 553-2번지 (외 16필지),127.5878446,37.1850938,20150126,415003
이천시,김달환,닭,산란계,,경기도 이천시 율면 본죽리,37.0752451484687,127.522377347432,20140422,415003
이천시,정승헌,닭,산란계,,경기도 이천시 설성면 장천리,37.1446808485355,127.527987092641,20150225,415003
이천시,(주)한농,메추리,비분류,,경기도 이천시 율면 석산리,37.0591683373442,127.546785981286,20140508,416498
이천시,신현문,닭,토종닭,,경기도 이천시 설성면 장능리,37.1210214317524,127.521791545674,20110121,415002
이천시,용수농장(1),오리,종오리,20000.0,경기도 이천시 설성면 장천리 482번지,37.1390855271,127.523307234,20110122,416210
이천시,김영환,닭,종계,,경기도 이천시 설성면 행죽리,37.1098566297716,127.525630130822,20110114,415005
이천시,김학주,닭,종계,,경기도 이천시 설성면 상봉리,37.1586261214372,127.510566947255,20110217,415005
이천시,대풍농장,메추리,비분류,160000.0,경기도 이천시 장호원읍 선읍리 748번지,37.139443185,127.5742118629,20161224,416498
이천시,한성농장,닭,산란계,,경기도 이천시 장호원읍 나래리 553-2번지 (외 16필지),127.5878446,37.1850938,20161224,415003
이천시,설성양계,닭,산란계,150000.0,"경기도 이천시 설성면 장천리 188번지 ,188-7,188-8,188-12",37.1408032934,127.5384634155,20161129,415003
이천시,광명농장,닭,산란계,,경기도 이천시 부발읍 가산리 426번지,127.5055404,37.2488858,20161129,415003
이천시,,오리,육용오리,,경기도 이천시 설성면 신필리,37.1337947143516,127.548155309794,20161203,416230
이천시,성원축산,오리,육용오리,,경기도 이천시 장호원읍 진암리 334번지 2통,127.6097240429,37.1200733725,20161207,416230
이천시,한국양계,닭,종계,,경기도 이천시 설성면 행죽리,37.1098566297716,127.525630130822,20161207,415005
이천시,,닭,산란계,,경기도 이천시 대월면 초지리,37.2218996948677,127.497323782637,20161207,415003
이천시,김달환(윤호중),닭,산란계,,경기도 이천시 율면 본죽리,37.0752451484687,127.522377347432,20161214,415003
이천시,,닭,산란계,,경기도 이천시 장호원읍 진암리,37.1129912577092,127.60520537702,20161214,415003
이천시,,닭,산란계,,경기도 이천시 장호원읍 선읍리,37.1423958044014,127.574482871954,20161216,415003
이천시,이천농축원,닭,산란계,,경기도 이천시 대월면 대흥리 104번지 5호,127.4791589022,37.235191181,20161216,415003
이천시,,오리,육용오리,,경기도 이천시 대월면 대대리,37.2180402870535,127.480578776196,20161216,416230
이천시,,닭,토종닭,,경기도 이천시 설성면 신필리,37.1337947143516,127.548155309794,20161218,415002
이천시,이영희,닭,산란계,,경기도 이천시 장호원읍 와현리,37.1575737856788,127.598369236146,20161230,415003
이천시,,메추리,비분류,,경기도 이천시 율면 석산리,37.0591683373442,127.546785981286,20161206,416498
이천시,,닭,토종닭,,경기도 이천시 설성면 암산리,37.1609305754755,127.541123483475,20161210,415002
이천시,신현문,닭,산란계,,경기도 이천시 설성면 장능리,37.1210214317524,127.521791545674,20161209,415003
이천시,홍재수,닭,종계,,경기도 이천시 장호원읍 와현리,37.1575737856788,127.598369236146,20161220,415005
이천시,서울종계장,닭,종계,23350.0,경기도 이천시 장호원읍 와현리 417번지 20호,37.1460471774,127.6029214494,20210127,415005
이천시,우리축산,닭,산란계,90000.0,경기도 이천시 백사면 도립리 278번지 2호,37.3401343224,127.4725214772,20210214,415003
이천시,,닭,산란계,,경기도 이천시 부발읍 가산리,37.2459479705863,127.518017111887,20210214,415003
이천시,농업회사법인 나래 주식회사,닭,산란계,474560.0,경기도 이천시 장호원읍 나래리 546,37.1847030202,127.5879221251,20210122,415003
이천시,정기농장,닭,산란계,36190.0,경기도 이천시 율면 신추리 840-1번지,37.0917888319,127.5168450489,20210130,415003
이천시,설성양계,닭,산란계,150000.0,"경기도 이천시 설성면 장천리 188번지 ,188-7,188-8,188-12",37.1408032934,127.5384634155,20210202,415003
이천시,한국양계TS,닭,종계,,경기도 이천시 장호원읍 어석리,37.0990198547407,127.59553264478,20210223,415005
이천시,지옥순,닭,산란계,,경기도 이천시 설성면 신필리,37.1337947143516,127.548155309794,20161209,415003
이천시,솔잎농장,오리,종오리,190000.0,경기도 이천시 마장면 이치리 172-6,37.2627535582,127.3787174882,20160323,416210
이천시,월포농장,닭,육계,26000.0,경기도 이천시 율면 월포리 749-8,37.0759161511,127.5648347665,20161220,415006
이천시,김동수,닭,산란계,,경기도 이천시 율면 신추리,37.093745212441,127.528182392601,20161220,415003
이천시,상지농장농업회사법인주식회사,닭,산란계,137651.0,경기도 이천시 마장면 해월리 28-6,37.2034289617,127.3596663416,20221127,415003
파주시,송광근,닭,산란계,,경기도 파주시 광탄면 창만리,37.7979332530319,126.864012709917,20110118,415003
파주시,김진욱,닭,일괄,,경기도 파주시 법원읍 갈곡리,37.8509580364456,126.916032203966,20170606,415001
파주시,신한농장,닭,산란계,,경기도 파주시 적성면 어유지리 339번지,37.9946282873,126.9811172159,20210127,415003
파주시,원이농장,닭,토종닭,,경기도 파주시 탄현면 갈현리 1443번지,37.7593348975,126.721145302,20250913,415002
평택시,중원농장,닭,산란계,,경기도 평택시 포승면 석정리,36.9955638507864,126.878000641191,20080414,415003
평택시,최낙현,닭,산란계,,경기도 평택시 청북면 고잔리,37.0511402143019,126.886743462533,20140312,415003
평택시,손석현,오리,종오리,,경기도 평택시 팽성읍 대사리,36.9443162858237,127.069589587584,20140225,416210
평택시,(주)조인송탄,닭,육계,,경기도 평택시 고덕면 율포리,37.0489719357859,127.036755846575,20140304,415006
평택시,이명숙,닭,기타,55000.0,경기도 평택시 안중읍 성해리 80번지,36.997506837567,126.906010912401,20110207,415099
평택시,김욱철,닭,종계,,경기도 평택시 팽성읍 대사리,36.9443162858237,127.069589587584,20110125,415005
평택시,(주)양지농장,닭,산란계,,경기도 평택시 고덕면 동고리,37.0029817826354,127.044674536438,20161222,415003
평택시,이명옥,오리,육용오리,10000.0,경기도 평택시 포승읍 석정리 산 165번지 4호,36.9951252,126.8884115,20161228,416230
평택시,구구청북농장,닭,종계,23000.0,경기도 평택시 청북면 삼계리 62번지 3호,37.046607808,126.9255649256,20161220,415005
평택시,(주)조인,닭,산란계,,경기도 평택시 청북면 고잔리,37.0511402143019,126.886743462533,20161207,415003
평택시,손윤권,오리,종오리,,경기도 평택시 팽성읍 대사리,36.9443162858237,127.069589587584,20161216,416210
평택시,,닭,산란계,,경기도 평택시 서탄면 회화리,37.0981828574285,127.010533527918,20161216,415003
평택시,,닭,종계,,경기도 평택시 청북읍 한산리,37.0547464128856,126.964532012898,20161218,415005
평택시,,닭,종계,,경기도 평택시 포승읍 도곡리,36.9955930208455,126.861859834317,20161230,415005
평택시,(주)인주,닭,비분류,,경기도 평택시 오성면 안화리,37.0189717000206,127.003699310675,20161226,415098
평택시,길음농장,닭,산란계,,경기도 평택시 오성면 길음3길 73-32,36.9807450452,126.9651392373,20161228,415003
평택시,정원오리농장,오리,기타,,경기도 평택시 고덕면 용소금각로 364 (외 2필지),37.072011378,127.0016447026,20161220,416299
평택시,(주)성주농업회사,닭,산란계,,경기도 평택시 팽성읍 대사리 2번지 11호,36.9465965987,127.083275877,20210211,415003
평택시,거창농장,닭,산란계,,경기도 평택시 청북읍 고잔1길 35-20,37.0585124575,126.8994486173,20201229,415003
평택시,노지영,닭,산란계,360000.0,경기도 평택시 오성면 양교리 281-3,37.0272114,126.981428,20180318,415003
평택시,농업회사법인(주)양지바른,닭,산란계,,"경기도 평택시 고덕면 동고1길 17-114, (동고리 505-3,-4,-5,506-5)",36.995936848,127.0443846603,20210216,415003
평택시,,닭,산란계,,경기도 평택시 포승읍 홍원리,37.0176743166738,126.87261195942,20161224,415003
평택시,,닭,산란계,,경기도 평택시 팽성읍 대사리,36.9443162858237,127.069589587584,20161224,415003
평택시,새천년,오리,산란오리,,경기도 평택시 고덕면 두릉리,37.0606066896241,127.021803224006,20161201,416240
평택시,성재농장,닭,산란계,,경기도 평택시 청북읍 청북중앙로 681-25,37.0647658357,126.8971833967,20180128,415003
평택시,선천축산,닭,육계,,"경기도 평택시 포승읍 곡교길 125-35 (,1068-6번지)",37.003327831,126.8515877802,20230112,415006
평택시,덕수농장,닭,산란계,,경기도 평택시 서탄면 마두길 59-248,37.1061793328,127.0091190306,20220208,415003
평택시,중원축산,닭,산란계,,경기도 평택시 포승읍 석정로 218-33,36.9999700581,126.8846133606,20221124,415003
평택시,경훈종계장,닭,산란계,23500.0,경기도 평택시 포승읍 석정리 583번지,36.9968080151,126.8902355299,20221118,415003
평택시,성재농장,닭,산란계,,경기도 평택시 청북읍 청북중앙로 681-25,37.0647658357,126.8971833967,20251115,415003
평택시,영신농장,닭,산란계,,경기도 평택시 청북읍 백봉길 372-52,37.0460152140311,126.992761640684,20251202,415003
평택시,농업회사법인(주)양지바른,닭,비분류,,"경기도 평택시 고덕면 동고1길 17-114, (동고리 505-3,-4,-5,506-5)",36.995936848,127.0443846603,20251225,415098
포천시,최철규,닭,산란계,,경기도 포천시 영중면 거사리,37.9906106440315,127.22070561039,20150126,415003
포천시,전형권,닭,토종닭,,경기도 포천시 일동면 길명리,37.9369768647146,127.276694888903,20150428,415002
포천시,이계무,닭,백세미,,경기도 포천시 창수면 추동리,37.9915884319,127.162458906988,20150423,415008
포천시,심유섭,닭,토종닭,,경기도 포천시 창수면 추동리,37.9915884319,127.162458906988,20150423,415002
포천시,현재봉,닭,산란계,,경기도 포천시 영북면 야미리,38.0537128894931,127.279307675549,20161220,415003
포천시,구범모,닭,산란계,,경기도 포천시 영북면 자일리,38.1009644584714,127.288106550818,20161207,415003
포천시,대성골,닭,산란계,,경기도 포천시 영북면 자일리,38.1009644584714,127.288106550818,20161207,415003
포천시,대성농장,닭,산란계,10000.0,경기도 포천시 이동면 노곡리 1049번지,38.0187839202,127.3284932619,20161207,415003
포천시,최종건,닭,산란계,,경기도 포천시 영북면 야미리,38.0537128894931,127.279307675549,20161216,415003
포천시,우연,닭,산란계,,경기도 포천시 영북면 문암리,38.073797805005,127.274004792125,20161216,415003
포천시,정근수,닭,산란계,,경기도 포천시 창수면 주원리,38.0078636338508,127.172013942488,20161218,415003
포천시,윤완호,닭,산란계,,경기도 포천시 영북면 야미리,38.0537128894931,127.279307675549,20161220,415003
포천시,,닭,산란계,,경기도 포천시 영북면 자일리,38.1009644584714,127.288106550818,20161210,415003
포천시,,닭,산란계,,경기도 포천시 영북면 자일리,38.1009644584714,127.288106550818,20161207,415003
포천시,,닭,산란계,,경기도 포천시 영북면 자일리,38.1009644584714,127.288106550818,20161209,415003
포천시,박종택,닭,산란계,,경기도 포천시 관인면 탄동리,38.1646778462393,127.264586049915,20161209,415003
포천시,류상섭,닭,산란계,,경기도 포천시 영북면 자일리,38.1009644584714,127.288106550818,20161209,415003
포천시,서부축산,닭,산란계,155000.0,경기도 포천시 영북면 야미리 416-2번지 외 6필지,38.0417319,127.268511,20161209,415003
포천시,마니커,닭,종계,,경기도 포천시 관인면 사정리,38.1122676626527,127.249336197741,20161222,415005
포천시,이남복,닭,산란계,,경기도 포천시 영중면 성동리,38.0220269366115,127.264751057363,20161222,415003
포천시,오성농장,닭,산란계,15100.0,경기도 포천시 영북면 야미리 277번지 4호,38.053899764,127.2713291729,20161222,415003
포천시,배민우,닭,산란계,,경기도 포천시 영북면 자일리,38.1009644584714,127.288106550818,20161125,415003
포천시,계림농장,닭,산란계,30000.0,경기도 포천시 신북면 삼성당리 574번지,37.9497874534,127.1939695495,20210127,415003
포천시,예산,닭,산란계,,경기도 포천시 선단동,37.8541346428758,127.159166102123,20210113,415003
포천시,농업회사법인 최연축산(주),닭,산란계,100000.0,경기도 포천시 창수면 주원리 136번지 1호,38.008832281,127.1944760819,20210208,415003
포천시,삼성양계,닭,산란계,35000.0,경기도 포천시 영중면 거사리 936번지,37.9983753,127.2275967,20210227,415003
포천시,이성기,닭,산란계,,경기도 포천시 화현면 지현리,37.9195620027556,127.26959210117,20170202,415003
포천시,이선구,닭,산란계,,경기도 포천시 창수면 주원리,38.0078636338508,127.172013942488,20161224,415003
포천시,석봉농원,닭,산란계,152320.0,경기도 포천시 이동면 노곡리 744번지 1호,38.0174469023,127.3325863052,20170127,415003
포천시,,닭,산란계,,경기도 포천시 영북면 자일리,38.1009644584714,127.288106550818,20180104,415003
포천시,가온농장,닭,산란계,507600.0,"경기도 포천시 창수면 주원리 64번지 61-1,-2,-3,-5,-6",38.0142651967,127.1903296148,20260217,415003
포천시,송일농장,닭,산란계,515000.0,경기도 포천시 일동면 사직리 860번지 외6필지,37.9973590837,127.3339189854,20260225,415003
포천시,축석종계장,닭,일괄,,경기도 포천시 창수면 추동리,37.9915884319,127.162458906988,20260307,415001
포천시,오세을,닭,산란계,,경기도 포천시 영북면 야미리,38.0537128894931,127.279307675549,20260313,415003
화성시,허장강,닭,종계,,경기도 화성시 서신면 전곡리,37.1917659584209,126.68604680464,20140130,415005
화성시,홍사언,닭,종계,,경기도 화성시 온석동,37.16980127477,126.852202440418,20140211,415005
화성시,황인채,오리,육용오리,,경기도 화성시 팔탄면 율암리,37.1649752627432,126.881066004831,20140211,416230
화성시,이순종,닭,육계,,경기도 화성시 온석동,37.16980127477,126.852202440418,20140211,415006
화성시,대림농장,닭,산란계,27000.0,경기도 화성시 팔탄면 율암리 625번지 2호,126.8812657,37.1578311,20140217,415003
화성시,김준환,닭,산란계,,경기도 화성시 온석동,37.16980127477,126.852202440418,20140228,415003
화성시,홍봉유,오리,육용오리,,경기도 화성시 남양읍 온석리,37.16980127477,126.852202440418,20140212,416230
화성시,강석배,오리,종오리,,경기도 화성시 팔탄면 서근리,37.1308922512613,126.848312307411,20110210,416210
화성시,박래영,닭,종계,,경기도 화성시 양감면 사창리,37.0972524213249,126.966946455008,20161201,415005
화성시,,닭,산란계,,경기도 화성시 양감면 사창리,37.0972524213249,126.966946455008,20161214,415003
화성시,김준환,닭,산란계,,경기도 화성시 남양읍 온석리,37.16980127477,126.852202440418,20170105,415003
화성시,서신농장 3농장,닭,산란계,70000.0,경기도 화성시 남양읍 온석리 276번지,126.8477766,37.1677215,20170105,415003
화성시,,닭,육계,,경기도 화성시 남양읍 온석리,37.16980127477,126.852202440418,20170109,415006
화성시,,닭,산란계,,경기도 화성시 우정읍 매향리,37.0708523092187,126.738560263491,20161220,415003
화성시,봉황농장,닭,산란계,90000.0,경기도 화성시 만세구 남양읍 신남리 906-16,37.1843393753,126.7991436935,20201217,415003
화성시,,닭,산란계,,경기도 화성시 양감면 사창리,37.0972524213249,126.966946455008,20210124,415003
화성시,,닭,산란계,,경기도 화성시 팔탄면 구장리,37.1626458445425,126.903681229926,20210218,415003
화성시,양지뜰 향남농장,닭,산란계,0.0,경기도 화성시 만세구 향남읍 상신리 1050,37.0864779309,126.8808430047,20201223,415003
화성시,,닭,산란계,,경기도 화성시 팔탄면 구장리,37.1626458445425,126.903681229926,20180127,415003
화성시,,닭,육계,,경기도 화성시 남양읍 장덕리,37.1607123523936,126.809880271565,20170114,415006
화성시,서경화,닭,산란계,,경기도 화성시 팔탄면 율암리,37.1649752627432,126.881066004831,20170125,415003
화성시,김완호,닭,토종닭,,경기도 화성시 마도면 청원리,37.1752385218709,126.768031930322,20170125,415002
화성시,양지뜰 향남농장,닭,산란계,0.0,경기도 화성시 만세구 향남읍 상신리 1050,37.0864779309,126.8808430047,20220123,415003
화성시,세종농장,닭,산란계,263000.0,경기도 화성시 만세구 남양읍 온석리 197-1,37.1724948309,126.8546507526,20220123,415003
화성시,제이피에프,닭,종계,0.0,경기도 화성시 만세구 향남읍 구문천리 784,37.0681311168,126.8854692124,20221117,415005
화성시,김문배,닭,토종닭,,경기도 화성시 팔탄면 노하리,37.1528109935587,126.855162345506,20241222,415002
화성시,제이피에프,닭,육용종계,0.0,경기도 화성시 만세구 향남읍 구문천리 784,37.0681311168,126.8854692124,20251110,415011
화성시,양지뜰 향남농장,닭,산란계,0.0,경기도 화성시 만세구 향남읍 상신리 1050,37.0864779309,126.8808430047,20251116,415003
강진군,부성축산영농조합법인,오리,육용오리,50550.0,전라남도 강진군 성전면 송계로 593-48,34.6718145391934,126.723734237843,20140507,416230
강진군,이윤행,오리,육용오리,,전라남도 강진군 칠량면 삼흥리,34.5941081989575,126.849599985407,20150918,416230
강진군,문성례,닭,기타,,전라남도 강진군 강진읍 덕남리,34.6002730865882,126.759049318214,20150928,415099
강진군,부성축산영농조합법인,오리,종오리,50550.0,전라남도 강진군 성전면 송계로 593-48,34.6718145391934,126.723734237843,20150513,416210
강진군,부성축산영농조합법인,오리,종오리,50550.0,전라남도 강진군 성전면 송계로 593-48,34.6718145391934,126.723734237843,20170313,416210
강진군,이진희,오리,육용오리,,전라남도 강진군 신전면 송천리,34.4891182880835,126.722135740236,20170228,416230
강진군,이봉순,오리,육용오리,,전라남도 강진군 도암면 석문리,34.5458632766954,126.717611296276,20170307,416230
강진군,송춘봉,오리,육용오리,,전라남도 강진군 도암면 석문리,34.5458632766954,126.717611296276,20170309,416230
강진군,부성축산영농조합법인,오리,종오리,50550.0,전라남도 강진군 성전면 송계로 593-48,34.6718145391934,126.723734237843,20180111,416210
강진군,다솔,오리,종오리,,전라남도 강진군 도암면 석문리,34.5458632766954,126.717611296276,20170309,416210
강진군,리산영농조합법인,오리,종오리,17500.0,전라남도 강진군 작천면 갈동리 391-1,34.7233068485139,126.743674583553,20180105,416210
강진군,탐진농장,오리,육용오리,25000.0,전라남도 강진군 군동면 군장로 488-26,34.6333979255703,126.857197585909,20241203,416230
강진군,양명자연농장,오리,비분류,21600.0,전라남도 강진군 신전면 영관리 183-12,34.4995832063784,126.694214963742,20211120,416298
고흥군,설윤옥,오리,육용오리,,전라남도 고흥군 도덕면 용동리,34.6335469571303,127.192210249148,20110227,416230
고흥군,송재림,오리,육용오리,,전라남도 고흥군 동강면 매곡리,34.8039410124617,127.334056204852,20171228,416230
고흥군,송태봉,오리,육용오리,,전라남도 고흥군 동강면 매곡리,34.8039410124617,127.334056204852,20180103,416230
고흥군,해룡축산,오리,육용오리,,전라남도 고흥군 도덕면 용동리,34.6335469571303,127.192210249148,20231204,416230
고흥군,인성농장,오리,육용오리,,전라남도 고흥군 동강면 오월리,34.8010835624537,127.366019626656,20221127,416230
고흥군,순수오리농장,오리,육용오리,,전라남도 고흥군 남양면 대곡리,34.7205672994599,127.350799499167,20220304,416230
곡성군,김선우,오리,육용오리,,전라남도 곡성군 옥과면 리문리,35.268177100566,127.138042514302,20140731,416230
곡성군,안찬주,오리,육용오리,,전라남도 곡성군 겸면 현정리,35.244368359269,127.163175734953,20141117,416230
곡성군,김선우,닭,토종닭,,전라남도 곡성군 옥과면 리문리,35.268177100566,127.138042514302,20140930,415002
곡성군,양동례,오리,육용오리,,전라남도 곡성군 석곡면 석곡리,35.1319871077238,127.251854695013,20141001,416230
곡성군,길농장,오리,육용오리,,전라남도 곡성군 곡성읍 대평리,35.2839196296871,127.314549950171,20201230,416230
곡성군,기숙농장,오리,육용오리,,전라남도 곡성군 석곡면 당월리,35.1635184361292,127.269447865294,20170328,416230
곡성군,강변축산 제1농장,닭,산란계,,전라남도 곡성군 입면 제월리,35.3230798538872,127.226302172583,20221223,415003
곡성군,다현농장,오리,육용오리,,전라남도 곡성군 겸면 현정리,35.244368359269,127.163175734953,20221209,416230
곡성군,현정농장,오리,기타,,전라남도 곡성군 겸면 현정리,35.244368359269,127.163175734953,20260120,416299
구례군,김금자,오리,육용오리,,전라남도 구례군 용방면 신도리,35.2590113698779,127.41468202844,20150202,416230
구례군,김양자,오리,육용오리,,전라남도 구례군 용방면 신도리,35.2590113698779,127.41468202844,20150202,416230
구례군,현수농장,오리,육용오리,21000.0,"전라남도 구례군 용방면 신도리 736-6,7,8,9",35.2635267841921,127.418090370425,20150202,416230
구례군,주경오리농장,오리,육용오리,10000.0,"전라남도 구례군 용방면 중방리 687번지 2호 ,3호",35.2453457931378,127.409769317191,20150201,416230
구례군,한희준,오리,육용오리,,전라남도 구례군 용방면 중방리,35.2453457931378,127.409769317191,20150201,416230
구례군,오현수,오리,육용오리,,전라남도 구례군 용방면 신도리,35.2590113698779,127.41468202844,20150221,416230
구례군,류명숙,오리,육용오리,,전라남도 구례군 용방면 용강리,35.2335901913594,127.436172140645,20150317,416230
구례군,김홍석,오리,육용오리,,전라남도 구례군 용방면 용정리,35.237625318144,127.419648715609,20150306,416230
구례군,이한순,오리,육용오리,,전라남도 구례군 용방면 용정리,35.237625318144,127.419648715609,20150306,416230
구례군,2농장(박대윤),오리,육용오리,,전라남도 구례군 용방면 신도리,35.2590113698779,127.41468202844,20161219,416230
구례군,명인농장,오리,육용오리,12000.0,전라남도 구례군 용방면 용정리 767-2,35.2522531031074,127.437302215469,20201227,416230
구례군,명품오리영농조합법인,오리,육용오리,37000.0,전라남도 구례군 용방면 신도리 190번지 1호,35.2590113698779,127.41468202844,20201225,416230
구례군,오리천국,오리,육용오리,50000.0,"전라남도 구례군 용방면 신도리 733번지 2호 , 733-3, 734-1, 734-2, 734-6, 734-7, 734-9~13",35.2590113698779,127.41468202844,20260219,416230
구례군,마산농장,오리,기타,8500.0,전라남도 구례군 마산면 마산리 329번지 2호,35.2309833238744,127.497894775247,20260226,416299
나주시,가나안농장,오리,,,전라남도 나주시 산포면 매성리,35.0315844549141,126.797683681268,20031225,416200
나주시,반남농장,오리,종오리,,전라남도 나주시 반남면 흥덕리,34.8999106354098,126.641665032691,20140316,416210
나주시,강광조,오리,육용오리,,전라남도 나주시 반남면 흥덕리,34.8999106354098,126.641665032691,20140316,416230
나주시,강광웅,오리,육용오리,,전라남도 나주시 반남면 흥덕리,34.8999106354098,126.641665032691,20140316,416230
나주시,유가연,오리,육용오리,,전라남도 나주시 반남면 흥덕리,34.8999106354098,126.641665032691,20140316,416230
나주시,조규호,오리,육용오리,,전라남도 나주시 반남면 흥덕리,34.8999106354098,126.641665032691,20140316,416230
나주시,영평농장,오리,종오리,,전라남도 나주시 노안면 영평리,35.0627513073151,126.707910315151,20140316,416210
나주시,경주부화장,오리,종오리,,전라남도 나주시 동강면 장동리,34.8941250155173,126.557757284566,20140321,416210
나주시,다복솔부화장,오리,종오리,,전라남도 나주시 반남면 흥덕리,34.8999106354098,126.641665032691,20140314,416210
나주시,양병학,오리,육용오리,,전라남도 나주시 반남면 흥덕리,34.8999106354098,126.641665032691,20140314,416230
나주시,화이트덕,오리,종오리,,전라남도 나주시 공산면 가송리,34.9554824374359,126.572392076598,20140328,416210
나주시,다솔공산농장,오리,종오리,,전라남도 나주시 공산면 중포리,34.9646803344111,126.587038546334,20140328,416210
나주시,영섭농장,오리,육용오리,,전라남도 나주시 산포면 등수리,35.0295577935399,126.822813735409,20141027,416230
나주시,이신,오리,종오리,,전라남도 나주시 세지면 오봉리,34.9133769108948,126.758300006603,20140128,416210
나주시,이정연,오리,육용오리,,전라남도 나주시 공산면 동촌리,34.9442875009819,126.591313740358,20140328,416230
나주시,정오일,오리,육용오리,,전라남도 나주시 동강면 양지리,34.9640114019611,126.557820078744,20140403,416230
나주시,김희식,닭,산란계,,전라남도 나주시 공산면 가송리,34.9554824374359,126.572392076598,20140408,415003
나주시,성원농장,오리,육용오리,,전라남도 나주시 산포면 덕례리,35.053503055061,126.791741154414,20141029,416230
나주시,김기범,오리,육용오리,,전라남도 나주시 세지면 죽동리,34.9499823548507,126.717353598999,20150202,416230
나주시,박정수,오리,육용오리,,전라남도 나주시 남평읍 풍림리,35.0422494282407,126.871702764073,20141017,416230
나주시,임종근,오리,육용오리,,전라남도 나주시 세지면 죽동리,34.9499823548507,126.717353598999,20150130,416230
나주시,김명선,오리,육용오리,,전라남도 나주시 세지면 죽동리,34.9499823548507,126.717353598999,20150130,416230
나주시,다승농장,오리,육용오리,,전라남도 나주시 세지면 죽동리,34.9499823548507,126.717353598999,20150131,416230
나주시,황인현,오리,육용오리,,전라남도 나주시 세지면 죽동리,34.9499823548507,126.717353598999,20150131,416230
나주시,김상호,오리,육용오리,,전라남도 나주시 세지면 죽동리,34.9499823548507,126.717353598999,20150202,416230
나주시,다복솔부화장,오리,육용오리,,전라남도 나주시 반남면 흥덕리,34.8999106354098,126.641665032691,20140630,416230
나주시,문봉주,오리,육용오리,,전라남도 나주시 세지면 죽동리,34.9499823548507,126.717353598999,20150202,416230
나주시,박용순,오리,육용오리,,전라남도 나주시 세지면 오봉리,34.9133769108948,126.758300006603,20150212,416230
나주시,정복수,오리,육용오리,,전라남도 나주시 남평읍 광이리,35.0535560445219,126.838318409241,20110107,416230
나주시,임종근,오리,육용오리,,전라남도 나주시 세지면 동곡리,34.9621726216009,126.726771890102,20110107,416230
나주시,강철중,오리,육용오리,,전라남도 나주시 동강면 장동리,34.8941250155173,126.557757284566,20110108,416230
나주시,성원농장,오리,육용오리,,전라남도 나주시 산포면 덕례리,35.053503055061,126.791741154414,20110111,416230
나주시,이준영,오리,육용오리,,전라남도 나주시 산포면 화지리,35.0171044739396,126.813277695606,20110111,416230
나주시,김수창,오리,육용오리,,전라남도 나주시 세지면 성산리,34.896825403658,126.739911450662,20110107,416230
나주시,곽상훈,오리,종오리,,전라남도 나주시 공산면 남창리,34.9520724813974,126.609032517719,20110107,416210
나주시,조규호,오리,육용오리,,전라남도 나주시 반남면 흥덕리,34.8999106354098,126.641665032691,20151103,416230
나주시,김형수,오리,육용오리,,전라남도 나주시 노안면 오정리,35.0862761784718,126.683162215514,20150918,416230
나주시,"정승일,정영면",닭,육계,,전라남도 나주시 문평면 옥당리,35.0317791267546,126.620273686283,20110111,415006
나주시,김형수,오리,육용오리,,전라남도 나주시 노안면 오정리,35.0862761784718,126.683162215514,20141217,416230
나주시,다솔공산농장,오리,종오리,,전라남도 나주시 공산면 중포리,34.9646803344111,126.587038546334,20161201,416210
나주시,,오리,종오리,,전라남도 나주시 남평읍 상곡리,34.9901470935702,126.853514510424,20161212,416210
나주시,오점근 1농장(A),오리,종오리,,전라남도 나주시 동강면 장동리,34.8941250155173,126.557757284566,20161209,416210
나주시,반남농장,오리,종오리,,전라남도 나주시 반남면 흥덕리,34.8999106354098,126.641665032691,20161224,416210
나주시,경주부화장,오리,종오리,,전라남도 나주시 동강면 장동리,34.8941250155173,126.557757284566,20161215,416210
나주시,다복솔부화장,오리,종오리,,전라남도 나주시 반남면 흥덕리,34.8999106354098,126.641665032691,20161227,416210
나주시,양병학,오리,육용오리,,전라남도 나주시 반남면 흥덕리,34.8999106354098,126.641665032691,20161227,416230
나주시,,오리,육용오리,,전라남도 나주시 남평읍 우산리,34.9801804506626,126.87883938402,20161219,416230
나주시,김은산,오리,육용오리,,전라남도 나주시 산포면 내기리,35.0417775996835,126.791521028431,20170316,416230
나주시,경주농장 제2농장,오리,육용오리,,전라남도 나주시 동강면 장동리,34.8941250155173,126.557757284566,20201210,416230
나주시,,오리,종오리,,전라남도 나주시 반남면 흥덕리,34.8999106354098,126.641665032691,20210212,416210
나주시,경수농장,오리,육용오리,,전라남도 나주시 세지면 죽동리,34.9499823548507,126.717353598999,20201209,416230
나주시,옥산농원,닭,산란계,,전라남도 나주시 봉황면 옥산리,34.991730391408,126.789983120504,20210311,415003
나주시,지수농장,오리,육용오리,,전라남도 나주시 산포면 등수리,35.0295577935399,126.822813735409,20210324,416230
나주시,황인환,오리,육용오리,,전라남도 나주시 반남면 덕산리,34.9083495846804,126.66772301164,20170102,416230
나주시,홍지수(홍주환),오리,육용오리,,전라남도 나주시 산포면 등수리,35.0295577935399,126.822813735409,20180109,416230
나주시,김연진,오리,육용오리,,전라남도 나주시 왕곡면 화정리,34.9536505584229,126.670662697631,20170109,416230
나주시,,오리,종오리,,전라남도 나주시 공산면 중포리,34.9646803344111,126.587038546334,20171230,416210
나주시,최남열,오리,육용오리,,전라남도 나주시 산포면 덕례리,35.053503055061,126.791741154414,20141028,416230
나주시,안압지농장,오리,육용오리,,전라남도 나주시 동강면 진천리,34.9226518540016,126.576918134586,20221203,416230
나주시,벧엘농장,닭,산란계,,전라남도 나주시 공산면 가송리,34.9554824374359,126.572392076598,20221129,415003
나주시,정화농장,오리,육용오리,,전라남도 나주시 공산면 가송리,34.9554824374359,126.572392076598,20221129,416230
나주시,영순농장,오리,육용오리,,전라남도 나주시 세지면 동곡리,34.9621726216009,126.726771890102,20221223,416230
나주시,치훈농장,오리,육용오리,,전라남도 나주시 공산면 가송리,34.9554824374359,126.572392076598,20221123,416230
나주시,한빛농장,오리,육용오리,,전라남도 나주시 세지면 교산리,34.9119595949191,126.724272750918,20211114,416230
나주시,가나안농장,오리,육용오리,,전라남도 나주시 동강면 장동리,34.8941250155173,126.557757284566,20221206,416230
나주시,예진농장,오리,육용오리,,전라남도 나주시 반남면 흥덕리,34.8999106354098,126.641665032691,20221202,416230
나주시,하진농장,오리,육용오리,,전라남도 나주시 다시면 동곡리,35.0130604539804,126.624085258441,20260109,416230
나주시,진웅농장,오리,육용오리,,전라남도 나주시 세지면 죽동리,34.9499823548507,126.717353598999,20230410,416230
나주시,양수농장2,오리,기타,,전라남도 나주시 세지면 송제리,34.9284318303324,126.717300567785,20211120,416299
나주시,경주부화장,오리,종오리,,전라남도 나주시 동강면 장동리,34.8941250155173,126.557757284566,20251224,416210
나주시,알샘농장,닭,산란계,,전라남도 나주시 봉황면 덕림리,34.9235683292703,126.766740878446,20251229,415003
나주시,반남농장,오리,종오리,,전라남도 나주시 반남면 흥덕리,34.8999106354098,126.641665032691,20260103,416210
나주시,청화농장,오리,육용오리,,전라남도 나주시 봉황면 오림리,34.93476759893,126.763210961407,20251221,416230
나주시,상범농장,오리,육용오리,,전라남도 나주시 왕곡면 덕산리,34.9640940575216,126.682187946022,20230402,416230
담양군,설영현,닭,토종닭,,전라남도 담양군 용면 쌍태리,35.3825202547146,126.972045306315,20141001,415002
담양군,정순애,오리,육용오리,,전라남도 담양군 봉산면 대추리,35.2931126513752,126.962529178916,20140522,416230
담양군,이영미,오리,육용오리,,전라남도 담양군 대전면 대치리,35.2727276354363,126.89072395677,20140524,416230
담양군,설영현,오리,육용오리,,전라남도 담양군 담양읍 만성리,35.3285853962858,126.97552180591,20141017,416230
담양군,김종원,오리,육용오리,,전라남도 담양군 담양읍 반룡리,35.2968308522574,126.983526332807,20110224,416230
담양군,담양닭집,오리,육용오리,,전라남도 담양군 담양읍 담주리,35.3213576649531,126.980939148805,20150921,416230
담양군,허삼철,오리,기타,,전라남도 담양군 담양읍 만성리,35.3285853962858,126.97552180591,20150927,416299
담양군,,오리,육용오리,,전라남도 담양군 대덕면 비차리,35.2584851777442,127.004883507622,20211123,416230
담양군,이** 농장,오리,육용오리,14000.0,전라남도 담양군 무정면 성도리,35.2872812398104,127.005742680922,20250118,416230
무안군,김산옥,오리,육용오리,,전라남도 무안군 일로읍 감돈리,34.8690485326047,126.464543926433,20150116,416230
무안군,죽산농장,오리,육용오리,,전라남도 무안군 일로읍 죽산리,34.8173856015668,126.500457552495,20150121,416230
무안군,장터닭집,오리,육용오리,,전라남도 무안군 일로읍 월암리,34.8480204238225,126.491315362806,20141007,416230
무안군,이금남,오리,육용오리,,전라남도 무안군 현경면 현화리,35.0383848440221,126.43746808393,20140619,416230
무안군,김경범,오리,종오리,,전라남도 무안군 일로읍 지장리,34.8694585749486,126.481790819522,20150114,416210
무안군,외갓집청정농장,닭,일괄,,전라남도 무안군 일로읍 지장리,34.8694585749486,126.481790819522,20150114,415001
무안군,고향닭집,닭,토종닭,,전라남도 무안군 일로읍 월암리,34.8480204238225,126.491315362806,20141001,415002
무안군,1농장,오리,육용오리,,전라남도 무안군 현경면 해운리,35.0556097120475,126.459238039656,20141101,416230
무안군,부부농장,오리,육용오리,,전라남도 무안군 일로읍 의산리,34.8384665403825,126.527290377992,20161122,416230
무안군,2농장,오리,육용오리,,전라남도 무안군 몽탄면 학산리,34.952400342013,126.511375928691,20170313,416230
무안군,,오리,육용오리,,전라남도 무안군 일로읍 지장리,34.8694585749486,126.481790819522,20210113,416230
무안군,에그린농장,닭,산란계,,전라남도 무안군 삼향읍 왕산리,34.8651558281371,126.404354306048,20210123,415003
무안군,,오리,육용오리,,전라남도 무안군 일로읍 지장리,34.8694585749486,126.481790819522,20170317,416230
무안군,배로농장,닭,산란계,,전라남도 무안군 청계면 남성리,34.9034882643553,126.416660130549,20210102,415003
무안군,오리골농장,오리,육용오리,,전라남도 무안군 현경면 외반리,35.0164726530313,126.416463702009,20170107,416230
무안군,수월농장,오리,종오리,28000.0,전라남도 무안군 망운면 피서리,34.9865837670308,126.387279822113,20170112,416210
무안군,은수농장,오리,종오리,,전라남도 무안군 현경면 해운리,35.0556097120475,126.459238039656,20221204,416210
무안군,서원농장,오리,육용오리,,전라남도 무안군 일로읍 복룡리,34.8635526223044,126.536254443759,20211214,416230
무안군,평산농장,오리,종오리,,전라남도 무안군 현경면 평산리,35.0210590262172,126.430938104686,20221208,416210
무안군,재인농장,오리,육용오리,16000.0,전라남도 무안군 일로읍 복룡리,34.8635526223044,126.536254443759,20231206,416230
무안군,성하농장,오리,기타,,전라남도 무안군 현경면 수양리,35.0608039275018,126.396306787576,20260319,416299
무안군,죽산농장,오리,육용오리,,전라남도 무안군 일로읍 죽산리,34.8173856015668,126.500457552495,20220101,416230
무안군,국민축산,오리,육용오리,,전라남도 무안군 해제면 천장리,35.0797448116496,126.298142637942,20240104,416230
무안군,은수농장,오리,종오리,,전라남도 무안군 현경면 해운리,35.0556097120475,126.459238039656,20240126,416210
무안군,유진농장,오리,종오리,,전라남도 무안군 현경면 오류리,35.0534708415036,126.358443654882,20221210,416210
무안군,장곡제일농장,오리,육용오리,,전라남도 무안군 삼향읍 지산리,34.873797488924,126.430519766377,20221212,416230
보성군,한동학,오리,종오리,,전라남도 보성군 노동면 명봉리,34.8209410423816,127.074463367962,20110120,416210
보성군,주승돈,닭,토종닭,,전라남도 보성군 겸백면 수남리,34.8113672578106,127.18861773653,20141119,415002
보성군,신미영,오리,종오리,,전라남도 보성군 겸백면 수남리,34.8113672578106,127.18861773653,20210116,416210
보성군,녹차골농장,오리,육용오리,15000.0,전라남도 보성군 보성읍 봉산리 1424-2 외 1필지,34.7377486497436,127.096081412606,20230111,416230
보성군,선종대,오리,육용오리,,전라남도 보성군 보성읍 쾌상리,34.7374586689032,127.069081493883,20231226,416230
순천시,김철호2농장,오리,육용오리,,전라남도 순천시 낙안면 검암리,34.9024655789244,127.317329362322,20140304,416230
여수시,최양열,닭,토종닭,,전라남도 여수시 만흥동,34.7742941311092,127.732684362956,20110112,415002
영광군,이종심(대광영농),닭,산란계,,전라남도 영광군 묘량면 덕흥리,35.2835341747425,126.537394209074,20140312,415003
영광군,장윤섭,오리,종오리,,전라남도 영광군 홍농읍 신석리,35.3968496438247,126.459518623215,20140228,416210
영광군,김상덕,오리,종오리,,전라남도 영광군 묘량면 영양리,35.2589216591787,126.53862421701,20140304,416210
영광군,원흥농장,오리,육용오리,16000.0,전라남도 영광군 대마면 원흥리 805-1,35.3037090088751,126.557065650523,20250305,416230
영암군,태백축산(이창우-이종욱),닭,산란계,,전라남도 영암군 신북면 월지리,34.8804608602042,126.636367793905,20080412,415003
영암군,이선행,오리,육용오리,,전라남도 영암군 시종면 금지리,34.8934062846283,126.619165477487,20140224,416230
영암군,양연숙,오리,육용오리,,전라남도 영암군 도포면 구학리,34.8496588049377,126.638952631839,20140930,416230
영암군,육칠사농장,오리,육용오리,,전라남도 영암군 신북면 월지리,34.8804608602042,126.636367793905,20140929,416230
영암군,강성희,오리,육용오리,,전라남도 영암군 신북면 월지리,34.8804608602042,126.636367793905,20140929,416230
영암군,김인애,오리,육용오리,,전라남도 영암군 도포면 구학리,34.8496588049377,126.638952631839,20140929,416230
영암군,봉기농장,오리,육용오리,,전라남도 영암군 도포면 구학리,34.8496588049377,126.638952631839,20140929,416230
영암군,양점희1,오리,육용오리,,전라남도 영암군 도포면 구학리,34.8496588049377,126.638952631839,20140929,416230
영암군,강영수,오리,육용오리,,전라남도 영암군 시종면 봉소리,34.8455258664918,126.579206944984,20140322,416230
영암군,김종진,오리,종오리,,전라남도 영암군 시종면 옥야리,34.8949040472415,126.586504075567,20140324,416210
영암군,육칠사농장,오리,육용오리,,전라남도 영암군 신북면 월지리,34.8804608602042,126.636367793905,20151018,416230
영암군,해맞이농장,오리,육용오리,,전라남도 영암군 시종면 금지리,34.8934062846283,126.619165477487,20151023,416230
영암군,강화섭1,오리,육용오리,,전라남도 영암군 도포면 영호리,34.8690776494866,126.649747755244,20151026,416230
영암군,유가연,오리,육용오리,,전라남도 영암군 신북면 월지리,34.8804608602042,126.636367793905,20151027,416230
영암군,강성희,오리,육용오리,,전라남도 영암군 신북면 월지리,34.8804608602042,126.636367793905,20151027,416230
영암군,조희범,오리,종오리,,전라남도 영암군 덕진면 장선리,34.8345251037493,126.678440552417,20140130,416210
영암군,이한분,오리,육용오리,,전라남도 영암군 도포면 구학리,34.8496588049377,126.638952631839,20151027,416230
영암군,김인애,오리,육용오리,,전라남도 영암군 도포면 구학리,34.8496588049377,126.638952631839,20151114,416230
영암군,위동환,오리,육용오리,,전라남도 영암군 도포면 영호리,34.8690776494866,126.649747755244,20151115,416230
영암군,양연숙,오리,육용오리,,전라남도 영암군 도포면 구학리,34.8496588049377,126.638952631839,20151113,416230
영암군,(강달원 시종 오리농장),오리,육용오리,,전라남도 영암군 시종면 봉소리,34.8455258664918,126.579206944984,20141007,416230
영암군,노호현농장,닭,산란계,,전라남도 영암군 도포면 덕화리,34.8374269621404,126.632385221895,20140211,415003
영암군,한태석(유경택),오리,종오리,,전라남도 영암군 영암읍 송평리,34.8064397810748,126.665968684641,20140213,416210
영암군,김홍창,오리,육용오리,,전라남도 영암군 군서면 양장리,34.7957203218929,126.599115876312,20140217,416230
영암군,공태현,오리,육용오리,,전라남도 영암군 시종면 금지리,34.8934062846283,126.619165477487,20140224,416230
영암군,강성희,오리,육용오리,,전라남도 영암군 신북면 월지리,34.8804608602042,126.636367793905,20140224,416230
영암군,김복철,오리,육용오리,,전라남도 영암군 덕진면 용산리,34.8274649708085,126.654637630414,20150520,416230
영암군,"오리천국(김미선), 제1농장",오리,육용오리,,전라남도 영암군 시종면 신학리,34.8269111911906,126.573289463958,20141017,416230
영암군,정설화,오리,육용오리,,전라남도 영암군 시종면 와우리,34.8779116026088,126.588807415142,20141017,416230
영암군,권서오씨가 임대,오리,종오리,,전라남도 영암군 시종면 신학리,34.8269111911906,126.573289463958,20141007,416210
영암군,가나안 농장,오리,육용오리,16000.0,전라남도 영암군 시종면 월롱리,34.8845154621286,126.610227858592,20141013,416230
영암군,최평엽,오리,육용오리,,전라남도 영암군 시종면 옥야리,34.8949040472415,126.586504075567,20141013,416230
영암군,박호서,오리,육용오리,,전라남도 영암군 시종면 봉소리,34.8455258664918,126.579206944984,20141013,416230
영암군,강병용(강제구),오리,육용오리,,전라남도 영암군 군서면 양장리,34.7957203218929,126.599115876312,20140628,416230
영암군,최병호,닭,산란계,,전라남도 영암군 도포면 구학리,34.8496588049377,126.638952631839,20140211,415003
영암군,김복철,오리,육용오리,,전라남도 영암군 덕진면 용산리,34.8274649708085,126.654637630414,20140216,416230
영암군,권서오씨가 임대,오리,종오리,,전라남도 영암군 시종면 신학리,34.8269111911906,126.573289463958,20140307,416210
영암군,이희경,오리,육용오리,,전라남도 영암군 시종면 신연리,34.9058522793149,126.591285433521,20110107,416230
영암군,이은주,오리,육용오리,,전라남도 영암군 도포면 원항리,34.8237704262066,126.607475468266,20110109,416230
영암군,해바레농장,오리,종오리,,전라남도 영암군 덕진면 장선리,34.8345251037493,126.678440552417,20110120,416210
영암군,주찬형,오리,육용오리,,전라남도 영암군 시종면 신연리,34.9058522793149,126.591285433521,20110107,416230
영암군,마재열,오리,육용오리,,전라남도 영암군 시종면 봉소리,34.8455258664918,126.579206944984,20110105,416230
영암군,이만섭,오리,육용오리,,전라남도 영암군 시종면 신연리,34.9058522793149,126.591285433521,20110107,416230
영암군,양영숙,오리,육용오리,,전라남도 영암군 도포면 구학리,34.8496588049377,126.638952631839,20110109,416230
영암군,임오현,오리,육용오리,,전라남도 영암군 신북면 월지리,34.8804608602042,126.636367793905,20110109,416230
영암군,정형훈,오리,육용오리,,전라남도 영암군 군서면 해창리,34.8124693960473,126.64592173688,20110111,416230
영암군,조희범,오리,종오리,,전라남도 영암군 덕진면 장선리,34.8345251037493,126.678440552417,20150526,416210
영암군,마광하1,오리,육용오리,,전라남도 영암군 신북면 월지리,34.8804608602042,126.636367793905,20150601,416230
영암군,강광조,오리,육용오리,,전라남도 영암군 신북면 월지리,34.8804608602042,126.636367793905,20150601,416230
영암군,진성축산,오리,종오리,20065.0,전라남도 영암군 덕진면 금강리,34.8338853600146,126.68893796727,20150613,416210
영암군,구희문,오리,육용오리,,전라남도 영암군 시종면 월롱리,34.8845154621286,126.610227858592,20141010,416230
영암군,백관순,오리,육용오리,,전라남도 영암군 시종면 신흥리,34.914820221611,126.610224732637,20141202,416230
영암군,최현열,오리,육용오리,,전라남도 영암군 신북면 행정리,34.8794605112525,126.66205517285,20150608,416230
영암군,삼도리농장,오리,육용오리,10000.0,전라남도 영암군 신북면 월평리,34.885689660395,126.681610605036,20170103,416230
영암군,가나안 농장,오리,육용오리,16000.0,전라남도 영암군 시종면 월롱리,34.8845154621286,126.610227858592,20161227,416230
영암군,나영농장,오리,종오리,16807.0,전라남도 영암군 시종면 신흥리,34.914820221611,126.610224732637,20210206,416210
영암군,승승농장,오리,육용오리,9400.0,전라남도 영암군 시종면 신학리,34.8269111911906,126.573289463958,20201205,416230
영암군,,오리,육용오리,,전라남도 영암군 덕진면 용산리,34.8274649708085,126.654637630414,20201213,416230
영암군,이형임,오리,종오리,,전라남도 영암군 덕진면 장선리,34.8345251037493,126.678440552417,20171227,416210
영암군,선일농장,오리,육용오리,14200.0,전라남도 영암군 덕진면 노송리,34.819187537883,126.73235147469,20210108,416230
영암군,우도농장,오리,육용오리,35000.0,전라남도 영암군 덕진면 용산리,34.8274649708085,126.654637630414,20201213,416230
영암군,,오리,육용오리,,전라남도 영암군 시종면 신학리,34.8269111911906,126.573289463958,20171221,416230
영암군,강성윤(양점희),오리,육용오리,,전라남도 영암군 시종면 봉소리,34.8455258664918,126.579206944984,20171230,416230
영암군,,오리,산란오리,,전라남도 영암군 신북면 유곡리,34.9053531862656,126.686664184283,20171211,416240
영암군,학동농장,오리,육용오리,19300.0,전라남도 영암군 신북면 학동리,34.9357378432105,126.686890183891,20230106,416230
영암군,농업회사 법인 주식회사 은강,오리,육용오리,35000.0,전라남도 영암군 군서면 양장리,34.7957203218929,126.599115876312,20220115,416230
영암군,최숙희,닭,토종닭,,전라남도 영암군 군서면 월곡리,34.7778927580101,126.662915582224,20241125,415002
영암군,현대농장,닭,육계,,전라남도 영암군 시종면 신학리,34.8269111911906,126.573289463958,20211222,415006
영암군,,오리,종오리,,전라남도 영암군 신북면 유곡리,34.9053531862656,126.686664184283,20211220,416210
영암군,건숙농장,오리,육용오리,17000.0,전라남도 영암군 금정면 안노리,34.8841276463677,126.763404438387,20230415,416230
영암군,참살이농장,닭,산란계,92000.0,전라남도 영암군 서호면 태백리,34.7984191381216,126.549142353541,20221209,415003
영암군,옥주농장,닭,산란계,36000.0,전라남도 영암군 삼호읍 난전리,34.7406454684093,126.435654367723,20211206,415003
영암군,승호농장,닭,육계,100000.0,전라남도 영암군 시종면 옥야리,34.8949040472415,126.586504075567,20221211,415006
영암군,,오리,육용오리,,전라남도 영암군 시종면 봉소리,34.8455258664918,126.579206944984,20221212,416230
영암군,태양농장,닭,산란계,64904.0,전라남도 영암군 삼호읍 동호리,34.753142888699,126.509848392679,20221212,415003
영암군,해종축산,오리,육용오리,15000.0,전라남도 영암군 도포면 원항리,34.8237704262066,126.607475468266,20251227,416230
영암군,유피월롱농장,오리,육용오리,23000.0,전라남도 영암군 시종면 월롱리,34.8845154621286,126.610227858592,20251209,416230
영암군,목원농장,오리,육용오리,18900.0,전라남도 영암군 시종면 신학리,34.8269111911906,126.573289463958,20231214,416230
영암군,겨레농장,오리,육용오리,25000.0,전라남도 영암군 군서면 도장리,34.8094154867299,126.631368674071,20231223,416230
장성군,,닭,산란계,,전라남도 장성군 남면 마령리,35.2419248115843,126.766900793905,20161203,415003
장성군,앨리스덕,오리,종오리,,전라남도 장성군 삼계면 상도리,35.2467349816655,126.700048688033,20201211,416210
장흥군,조광재,오리,육용오리,,전라남도 장흥군 부산면 호계리,34.7233386796755,126.930751203039,20140328,416230
장흥군,임영심,오리,육용오리,,전라남도 장흥군 장평면 청용리,34.8133070448975,126.9441412286,20141029,416230
장흥군,문희권,오리,육용오리,,전라남도 장흥군 장평면 기동리,34.8054732290249,126.967446120104,20110111,416230
장흥군,믿음오리농장,오리,육용오리,12000.0,전라남도 장흥군 장평면 기동리 712번지 1호,34.8052998609895,126.955171299363,20210322,416230
장흥군,김제이,오리,육용오리,,전라남도 장흥군 용산면 풍길리,34.6133271505259,126.976134901787,20170402,416230
장흥군,부드리 오리농장,오리,육용오리,15000.0,"전라남도 장흥군 장평면 양촌리 88-14,88-16,88-17,88-18,88-19,88-20,88-23,88-24,-25,-26,-174",34.7841852209098,126.973211025365,20210407,416230
장흥군,김준모,오리,육용오리,,전라남도 장흥군 부산면 기동리,34.7218686747792,126.915393681713,20170317,416230
장흥군,위인순,오리,육용오리,,전라남도 장흥군 부산면 기동리,34.7218686747792,126.915393681713,20170318,416230
장흥군,위재열,오리,육용오리,,전라남도 장흥군 부산면 기동리,34.7218686747792,126.915393681713,20170318,416230
장흥군,2농장,오리,육용오리,,전라남도 장흥군 용산면 풍길리,34.6133271505259,126.976134901787,20170325,416230
장흥군,,오리,육용오리,16000.0,전라남도 장흥군 회진면 회진리 2166번지 1호 2166-2,34.4822310970459,126.929618580296,20180111,416230
장흥군,1농장,오리,육용오리,,전라남도 장흥군 용산면 풍길리,34.6133271505259,126.976134901787,20170324,416230
장흥군,정명희,오리,육용오리,,전라남도 장흥군 장평면 청용리,34.8133070448975,126.9441412286,20141026,416230
장흥군,풍년오리농장,오리,육용오리,14000.0,전라남도 장흥군 부산면 기동리 345번지 6호,34.7217286680792,126.915501252403,20230415,416230
장흥군,대한농장,오리,육용오리,10000.0,전라남도 장흥군 부산면 기동리 345번지 5호,34.7217286680792,126.915501252403,20221116,416230
장흥군,김순자,오리,육용오리,,전라남도 장흥군 회진면 회진리,34.4822310970459,126.929618580296,20231222,416230
진도군,,오리,종오리,,전라남도 진도군 의신면 창포리,34.4322002162637,126.272255035271,20161224,416210
함평군,송미정,오리,종오리,,전라남도 함평군 월야면 외치리,35.1765416191477,126.6604394312,20140315,416210
함평군,김기룡,오리,육용오리,,전라남도 함평군 월야면 외치리,35.1765416191477,126.6604394312,20140727,416230
함평군,김기용,오리,종오리,,전라남도 함평군 월야면 외치리,35.1765416191477,126.6604394312,20140321,416210
함평군,김기용,오리,육용오리,,전라남도 함평군 월야면 외치리,35.1765416191477,126.6604394312,20140731,416230
함평군,이화신,오리,육용오리,,전라남도 함평군 신광면 가덕리,35.1322941684326,126.491897242231,20140224,416230
함평군,안압농장,오리,육용오리,,전라남도 함평군 나산면 삼축리,35.1212980959952,126.608616202663,20210125,416230
함평군,한가족농장,닭,산란계,,전라남도 함평군 엄다면 송로리,35.014885808391,126.51012806294,20221205,415003
함평군,초동농장(법인),닭,산란계,,전라남도 함평군 함평읍 만흥리,35.0504476230545,126.475875624997,20221204,415003
함평군,하느리농원,오리,종오리,,전라남도 함평군 함평읍 진양리,35.0935253000698,126.49539714603,20250202,416210
함평군,아침농장,닭,산란계,,전라남도 함평군 함평읍 가동리,35.0816922411581,126.476675875517,20221213,415003
함평군,하느리농원,오리,종오리,,전라남도 함평군 함평읍 진양리,35.0935253000698,126.49539714603,20221219,416210
해남군,달봉오리(영농법인).허성수,오리,종오리,,전라남도 해남군 송지면 마봉리,34.3606268728,126.550847919734,20140126,416210
해남군,박천환,오리,육용오리,,전라남도 해남군 마산면 송석리,34.6128268391643,126.620839534979,20140219,416230
해남군,하지명,오리,육용오리,,전라남도 해남군 화산면 관동리,34.4730104725205,126.471601409068,20170101,416230
해남군,승일농장,닭,산란계,,전라남도 해남군 산이면 금송리,34.6247367646606,126.494596701888,20161117,415003
해남군,박천환,오리,육용오리,,전라남도 해남군 마산면 송석리,34.6128268391643,126.620839534979,20170225,416230
해남군,박승신,오리,육용오리,,전라남도 해남군 마산면 송석리,34.6128268391643,126.620839534979,20170223,416230
해남군,해*농장,오리,육용오리,35000.0,전라남도 해남군 송지면 해원리,34.3923743860708,126.543457786662,20221214,416230
화순군,김판수,닭,토종닭,,전라남도 화순군 북면 송단리,35.182870491217,127.173921721823,20141029,415002
화순군,김용필,오리,육용오리,,전라남도 화순군 청풍면 대비리,34.895715126599,126.94783589053,20110109,416230
고창군,정동복,오리,종오리,,전라북도 고창군 신림면 무림리,35.4948141098713,126.712848402026,20140116,416210
고창군,원해순,오리,육용오리,,전라북도 고창군 신림면 벽송리,35.4728947554262,126.67734691634,20140122,416230
고창군,한옥숙,오리,육용오리,,전라북도 고창군 해리면 사반리,35.4799838105094,126.490507609482,20140121,416230
고창군,한웅도,오리,종오리,,전라북도 고창군 해리면 왕촌리,35.4722003820304,126.515060424086,20140127,416210
고창군,유철후,오리,육용오리,,전라북도 고창군 고수면 인성리,35.404427760928,126.64410509804,20140415,416230
고창군,나승엽,오리,육용오리,,전라북도 고창군 고수면 장두리,35.3909909704209,126.660410276391,20140416,416230
고창군,광산농장,닭,산란계,32000.0,전라북도 고창군 고수면 장두리 547번지 6호,35.3909909704209,126.660410276391,20140422,415003
고창군,고광석,오리,육용오리,,전라북도 고창군 흥덕면 용반리,35.5643613147577,126.706542531045,20140122,416230
고창군,서복수,오리,육용오리,,전라북도 고창군 부안면 운양리,35.4788923543102,126.675440933459,20140125,416230
고창군,김병수,오리,육용오리,,전라북도 고창군 흥덕면 사천리,35.5050631068527,126.690709748507,20140125,416230
고창군,김영춘,메추리,,,전라북도 고창군 아산면 반암리,35.4845609738006,126.61120027765,20110124,416400
고창군,,오리,육용오리,,전라북도 고창군 신림면 무림리,35.4948141098713,126.712848402026,20161213,416230
고창군,유영우,오리,육용오리,,전라북도 고창군 아산면 학전리,35.4490913912414,126.598668737389,20170302,416230
고창군,오경열,오리,육용오리,,전라북도 고창군 성송면 학천리,35.3752709047951,126.653697231574,20170313,416230
고창군,상성 농장,오리,육용오리,28000.0,전라북도 고창군 흥덕면 사천리 813번지,35.5034672446923,126.68070549952,20201217,416230
고창군,야곱농장,오리,육용오리,31000.0,전라북도 고창군 아산면 성산리 1333번지 3호,35.4420136684699,126.587778195752,20210128,416230
고창군,이현숙농장,오리,육용오리,12700.0,전라북도 고창군 고수면 봉산리 1415번지 1호,35.4204700597477,126.668211143,20210101,416230
고창군,,오리,육용오리,,전라북도 고창군 아산면 성산리,35.4420136684699,126.587778195752,20170304,416230
고창군,이병문2,오리,육용오리,,전라북도 고창군 무장면 목우리,35.4113201857881,126.613335931626,20170309,416230
고창군,서영채,오리,육용오리,,전라북도 고창군 아산면 학전리,35.4490913912414,126.598668737389,20170302,416230
고창군,성산농장,닭,산란계,86000.0,전라북도 고창군 아산면 구암리 419번지,35.4794767140481,126.595352920304,20170306,415003
고창군,배종율,오리,육용오리,,전라북도 고창군 아산면 성산리,35.4420136684699,126.587778195752,20170228,416230
고창군,김형호,오리,육용오리,,전라북도 고창군 흥덕면 치룡리,35.5297752343959,126.708908962045,20171119,416230
고창군,명사십리52,오리,육용오리,8300.0,전라북도 고창군 해리면 라성리 1308번지,35.4697603765171,126.472140140171,20221202,416230
고창군,사창축산,오리,육용오리,,전북특별자치도 고창군 부안면 사창리,35.4917252725968,126.670826808168,20251224,416230
군산시,찬미청둥오리,오리,육용오리,,전라북도 군산시 서수면 마룡리,36.0047998340529,126.879070405191,20150306,416230
군산시,최희봉,닭,토종닭,,전라북도 군산시 서수면 축동리,36.0077040884668,126.855107230563,20170606,415002
군산시,김동곤,닭,토종닭,,전라북도 군산시 옥산면 쌍봉리,35.949621977766,126.752035795522,20170613,415002
군산시,김향숙,닭,토종닭,,전라북도 군산시 옥산면 옥산리,35.9370258537045,126.741591474857,20170613,415002
군산시,이광수,닭,토종닭,,전라북도 군산시 회현면 월연리,35.8942101398233,126.725594983249,20170613,415002
군산시,문광연,닭,토종닭,,전라북도 군산시 옥산면 남내리,35.9390683800126,126.761785802952,20170613,415002
군산시,안혜경,닭,토종닭,,전라북도 군산시 옥구읍 옥정리,35.9361784145909,126.699651171617,20170611,415002
군산시,나포농장,닭,토종닭,,전북특별자치도 군산시 나포면 부곡리,35.999561190878,126.830810951235,20250208,415002
김제시,최복동,메추리,,,전라북도 김제시 공덕면 마현리,35.8852960356535,126.924052609317,20061211,416400
김제시,유병연,닭,산란계,,전라북도 김제시 용지면 용암리,35.8311908815765,126.971463814034,20080403,415003
김제시,장금남,닭,산란계,,전라북도 김제시 용지면 용수리,35.8424167017797,126.997051229037,20080412,415003
김제시,김종락,닭,산란계,,전라북도 김제시 용지면 용암리,35.8311908815765,126.971463814034,20080412,415003
김제시,조이순,닭,산란계,,전라북도 김제시 용지면 용수리,35.8424167017797,126.997051229037,20080412,415003
김제시,최강석,닭,산란계,,전라북도 김제시 용지면 용암리,35.8311908815765,126.971463814034,20080412,415003
김제시,병수농장,닭,산란계,,전라북도 김제시 용지면 용수리,35.8424167017797,126.997051229037,20080412,415003
김제시,김종성,닭,기타,,전라북도 김제시 금산면 청도리,35.7379529914138,127.04131723752,20080417,415099
김제시,박광식,닭,산란계,,전라북도 김제시 용지면 구암리,35.85821193289,126.95289002104,20080418,415003
김제시,나상용,닭,기타,,전라북도 김제시 백구면 마산리,35.8848799739919,126.992074825963,20080418,415099
김제시,"이영무(정미숙,두옥동)",닭,기타,,전라북도 김제시 금구면 하신리,35.7761735391831,126.990099292457,20080423,415099
김제시,김종범,닭,산란계,,전라북도 김제시 용지면 용수리,35.8424167017797,126.997051229037,20150401,415003
김제시,염순자,닭,산란계,,전라북도 김제시 용지면 용수리,35.8424167017797,126.997051229037,20150401,415003
김제시,조병봉,닭,산란계,,전라북도 김제시 용지면 용수리,35.8424167017797,126.997051229037,20150401,415003
김제시,장금남(장혁진),닭,산란계,,전라북도 김제시 용지면 신정리,35.8438815148663,126.975634557327,20150401,415003
김제시,혜훈농장,닭,산란계,,전북특별자치도 김제시 용지면 용수리,35.8424167017797,126.997051229037,20150408,415003
김제시,안정희농장,닭,산란계,,전라북도 김제시 용지면 용수리,35.8424167017797,126.997051229037,20150408,415003
김제시,서병문,닭,산란계,,전라북도 김제시 용지면 용수리,35.8424167017797,126.997051229037,20150408,415003
김제시,전점배,닭,산란계,,전라북도 김제시 용지면 신정리,35.8438815148663,126.975634557327,20150408,415003
김제시,강민영,닭,산란계,,전라북도 김제시 용지면 신정리,35.8438815148663,126.975634557327,20150414,415003
김제시,미래농장,닭,산란계,,전라북도 김제시 용지면 장신리,35.8613310448278,126.982630890996,20150414,415003
김제시,인영농장(김영순1),닭,산란계,,전라북도 김제시 용지면 장신리,35.8613310448278,126.982630890996,20150420,415003
김제시,황양주,오리,종오리,,전라북도 김제시 용지면 반교리,35.8371057311901,126.956134422779,20140219,416210
김제시,오정근,오리,육용오리,,전라북도 김제시 공덕면 동계리,35.8985388641077,126.915741248938,20140224,416230
김제시,전계영,오리,육용오리,,전라북도 김제시 청하면 장산리,35.8874067659293,126.841088410246,20140307,416230
김제시,조정현,오리,종오리,,전라북도 김제시 금구면 용지리,35.7901147122648,127.002353930372,20141117,416210
김제시,김용학,오리,육용오리,,전라북도 김제시 금구면 낙성리,35.8041671111337,127.005739822075,20141119,416230
김제시,김재훈,오리,육용오리,,전라북도 김제시 금구면 용지리,35.7901147122648,127.002353930372,20141124,416230
김제시,,닭,산란계,,전라북도 김제시 용지면 용수리,35.8424167017797,126.997051229037,20161224,415003
김제시,박의사농장,오리,육용오리,,전북특별자치도 김제시 공덕면 회룡리,35.8889101810812,126.878223493116,20161216,416230
김제시,서병문,닭,산란계,,전라북도 김제시 용지면 신정리,35.8438815148663,126.975634557327,20161226,415003
김제시,"노정애1(김삼철,김훈)",닭,비분류,,전라북도 김제시 용지면 용수리,35.8424167017797,126.997051229037,20161227,415098
김제시,,오리,육용오리,,전라북도 김제시 금구면 용지리,35.7901147122648,127.002353930372,20161124,416230
김제시,,오리,육용오리,,전라북도 김제시 공덕면 회룡리,35.8889101810812,126.878223493116,20210116,416230
김제시,오리박사농원,오리,육용오리,,전북특별자치도 김제시 만경읍 대동리,35.8529614138058,126.849893941144,20210117,416230
김제시,천광만,닭,산란계,,전라북도 김제시 공덕면 공덕리,35.8743008920661,126.908697668952,20170209,415003
김제시,농업회사법인(주)제이디팜(김제지점),오리,종오리,,전라북도 김제시 금산면 용산리,35.748955592243,127.001963546487,20220130,416210
김제시,효창오리,오리,육용오리,,전북특별자치도 김제시 용지면 봉의리,35.8713234705446,126.953130295678,20231215,416230
김제시,푸른농장,닭,산란계,,전북특별자치도 김제시 용지면 장신리,35.8613310448278,126.982630890996,20231212,415003
김제시,박의사농장,오리,육용오리,,전북특별자치도 김제시 공덕면 회룡리,35.8889101810812,126.878223493116,20241206,416230
김제시,대박4농장,닭,일괄,,전북특별자치도 김제시 용지면 용수리,35.8424167017797,126.997051229037,20231214,415001
김제시,동현농장,닭,산란계,,전라북도 김제시 용지면 신정리,35.8438815148663,126.975634557327,20231214,415003
김제시,태영농장,닭,산란계,,전북특별자치도 김제시 용지면 신정리,35.8438815148663,126.975634557327,20231214,415003
김제시,미송농장,닭,비분류,,전북특별자치도 김제시 용지면 용암리,35.8311908815765,126.971463814034,20231214,415098
김제시,하나농장,닭,산란계,,전북특별자치도 김제시 용지면 신정리,35.8438815148663,126.975634557327,20231215,415003
김제시,정정언,닭,산란계,,전라북도 김제시 용지면 예촌리,35.8535479173682,126.966221669613,20231215,415003
김제시,대성농장,오리,기타,,전북특별자치도 김제시 부량면 대평리,35.7334774189888,126.840223076392,20231219,416299
김제시,용성에그팜,닭,산란계,,전라북도 김제시 용지면 용암리,35.8311908815765,126.971463814034,20231209,415003
김제시,혜지경농장,오리,육용오리,,전북특별자치도 김제시 공덕면 동계리,35.8985388641077,126.915741248938,20250106,416230
김제시,서가네알농장,닭,산란계,,전북특별자치도 김제시 공덕면 황산리,35.8690506770043,126.927970119271,20250131,415003
김제시,은성축산,닭,산란계,,전북특별자치도 김제시 공덕면 동계리,35.8985388641077,126.915741248938,20260224,415003
김제시,백산농장,닭,비분류,,전북특별자치도 김제시 백산면 수록리,35.8581049670364,126.87091939244,20260310,415098
김제시,현농장,닭,비분류,,전북특별자치도 김제시 용지면 예촌리,35.8535479173682,126.966221669613,20260316,415098
김제시,진성농장,닭,산란계,,전북특별자치도 김제시 용지면 장신리,35.8613310448278,126.982630890996,20260318,415003
김제시,사계절양계장,닭,산란계,,전북특별자치도 김제시 백산면 상리,35.8488243695767,126.924468203242,20250210,415003
김제시,진성농장,닭,산란계,,전북특별자치도 김제시 용지면 장신리,35.8613310448278,126.982630890996,20241223,415003
남원시,호남농장,오리,육용오리,,전라북도 남원시 주생면 중동리,35.3921071307516,127.346458381458,20201225,416230
남원시,소은농장,오리,육용오리,,전라북도 남원시 사매면 관풍리,35.4882838560558,127.376708761449,20201224,416230
남원시,범이동이농장,오리,육용오리,,전라북도 남원시 송동면 흑송리,35.3745403639131,127.34583745272,20221226,416230
남원시,농업회사법인토닥토닥유한회사,닭,비분류,,전북특별자치도 남원시 주생면 지당리,35.3814379924428,127.332743839882,20251215,415098
부안군,정영희,오리,육용오리,,전라북도 부안군 줄포면 신리,35.582888001814,126.70055239562,20140117,416230
부안군,박상철,오리,육용오리,,전라북도 부안군 줄포면 신리,35.582888001814,126.70055239562,20140118,416230
부안군,오선임,오리,육용오리,,전라북도 부안군 줄포면 신리,35.582888001814,126.70055239562,20140121,416230
부안군,조순덕,오리,육용오리,,전라북도 부안군 줄포면 신리,35.582888001814,126.70055239562,20140121,416230
부안군,김태식,오리,육용오리,,전라북도 부안군 줄포면 줄포리,35.5889408063492,126.675381371877,20140122,416230
부안군,변운섭,오리,기타,,전라북도 부안군 계화면 양산리,35.7786703291592,126.715211199346,20140128,416299
부안군,조순덕,오리,육용오리,,전라북도 부안군 줄포면 신리,35.582888001814,126.70055239562,20140122,416230
부안군,박영찬,오리,육용오리,,전라북도 부안군 동진면 동전리,35.7650007512342,126.756626398559,20150202,416230
부안군,김창수,오리,육용오리,,전라북도 부안군 동진면 동전리,35.7650007512342,126.756626398559,20150209,416230
부안군,박옥희,오리,육용오리,,전라북도 부안군 줄포면 우포리,35.5780220374525,126.679904592697,20140124,416230
부안군,이용건,오리,육용오리,,전라북도 부안군 줄포면 파산리,35.6049329543389,126.712133244593,20140124,416230
부안군,강상진,오리,육용오리,,전라북도 부안군 줄포면 장동리,35.5901088975601,126.690462434825,20140125,416230
부안군,오봉헌(아들),오리,육용오리,,전라북도 부안군 줄포면 난산리,35.5879383677386,126.716762074154,20140127,416230
부안군,조경래,오리,종오리,,전라북도 부안군 줄포면 파산리,35.6049329543389,126.712133244593,20140127,416210
부안군,고광석,오리,육용오리,,전라북도 부안군 줄포면 파산리,35.6049329543389,126.712133244593,20140127,416230
부안군,김성태,오리,육용오리,,전라북도 부안군 줄포면 파산리,35.6049329543389,126.712133244593,20140127,416230
부안군,이수경,오리,육용오리,,전라북도 부안군 줄포면 파산리,35.6049329543389,126.712133244593,20140127,416230
부안군,유병채농장,오리,육용오리,17000.0,전북특별자치도 부안군 계화면 양산리 2563번지 7호 외 1필,35.7786703291592,126.715211199346,20140130,416230
부안군,박영찬,오리,육용오리,,전라북도 부안군 동진면 동전리,35.7650007512342,126.756626398559,20140131,416230
부안군,지정식(전경집),오리,육용오리,,전라북도 부안군 동진면 동전리,35.7650007512342,126.756626398559,20140206,416230
부안군,,오리,종오리,,전라북도 부안군 줄포면 대동리,35.6062177068607,126.695079787349,20161213,416210
부안군,,오리,육용오리,,전라북도 부안군 줄포면 장동리,35.5901088975601,126.690462434825,20161214,416230
부안군,,오리,육용오리,,전라북도 부안군 계화면 양산리,35.7786703291592,126.715211199346,20170111,416230
부안군,,오리,육용오리,,전라북도 부안군 주산면 사산리,35.658017776031,126.68998856429,20210210,416230
부안군,진서1농장,오리,종오리,10800.0,전북특별자치도 부안군 진서면 운호리 238번지 11호 진서종계장,35.6027987415192,126.537334026081,20210105,416210
부안군,정인농장,오리,육용오리,56000.0,전북특별자치도 부안군 줄포면 신리 747번지 외 6필지,35.5790120109396,126.702342954281,20210101,416230
부안군,금복주농장,오리,육용오리,20000.0,"전북특별자치도 부안군 주산면 홍해송천길 98, 1-7동",35.696470052927,126.716825839258,20220126,416230
부안군,평교 종계장,닭,종계,14000.0,전북특별자치도 부안군 부안읍 신흥리 산 82번지 1호,35.69663627139263,126.72666127915986,20220205,415005
부안군,다산1농장,오리,종오리,5500.0,전북특별자치도 부안군 진서면 진서리 1273번지 6호,35.6039346669402,126.607529187607,20211228,416210
부안군,모리아팜,오리,육용오리,29500.0,전북특별자치도 부안군 줄포면 장동리 862번지 3호,35.5919062791986,126.691739027798,20231216,416230
부안군,태양농장,오리,기타,40000.0,"전북특별자치도 부안군 줄포면 우포리 593번지 3호 외5필지(593-4,5,6,7,8)",35.5781486434518,126.691967718767,20231216,416299
부안군,도담농장,오리,육용오리,135233.0,전북특별자치도 부안군 동진면 안성리 1852번지 3호 외 1필지(1852-2),35.7798645389427,126.744516585718,20250110,416230
부안군,천우농장,오리,육용오리,10500.0,"전북특별자치도 부안군 계화면 궁안리 1064번지 외 2필지(1065, 1065-1)",35.7488647071802,126.673810534076,20250201,416230
부안군,금판오리농장,오리,육용오리,62000.0,"전북특별자치도 부안군 백산면 금판리 817번지 1호 외 3필지(817-3, 4, 802-11)",35.7374005727872,126.793402111824,20241213,416230
부안군,진성농장,오리,육용오리,25000.0,전북특별자치도 부안군 주산면 백석리 51번지 8호 8-13동,35.6864003977273,126.708570855698,20241218,416230
부안군,신지농장,오리,육용오리,40000.0,전북특별자치도 부안군 하서면 언독리 386번지 4호,35.7222909174532,126.676795351001,20241227,416230
순창군,정병근,오리,육용오리,,전라북도 순창군 동계면 현포리,35.4402372065355,127.237753314741,20080417,416230
순창군,이장우,오리,육용오리,,전라북도 순창군 동계면 현포리,35.4402372065355,127.237753314741,20140312,416230
순창군,주중택,오리,육용오리,,전라북도 순창군 동계면 관전리,35.4498141860078,127.235190773161,20140307,416230
순창군,조점순,닭,토종닭,,전라북도 순창군 구림면 화암리,35.4419892630185,127.077824022843,20170613,415002
순창군,태림농장,닭,산란계,,전라북도 순창군 유등면 오교리,35.3774903935948,127.184392579618,20221105,415003
완주군,이병관,닭,토종닭,,전라북도 완주군 삼례읍 신금리,35.921986437832,127.093032408753,20170613,415002
완주군,허청일,닭,토종닭,,전라북도 완주군 구이면 계곡리,35.6755129414239,127.109592649225,20170611,415002
완주군,주식회사유피에프앤피농업회사법인,오리,종오리,,전라북도 완주군 이서면 이문리,35.8325280818773,127.003492930309,20231212,416210
익산시,태진 농장,닭,원종계,,전라북도 익산시 함열읍 석매리,36.0549198121404,126.961856195476,20061125,415004
익산시,유두환,닭,원종계,,전라북도 익산시 황등면 죽촌리,36.0259504465871,126.935797915357,20061128,415004
익산시,금성축산,닭,기타,,전라북도 익산시 용동면 흥왕리,36.0989667464236,126.996211031707,20080423,415099
익산시,변재순,닭,원종계,,전라북도 익산시 여산면 두여리,36.0764451835065,127.069150037418,20080423,415004
익산시,우리농장,닭,종계,,전라북도 익산시 함열읍 다송리,36.0352793484993,126.959047313858,20140306,415005
익산시,신 정란,오리,육용오리,,전라북도 익산시 신흥동,35.9404144308463,126.987600777718,20150306,416230
익산시,하림103농장,닭,원종계,,전라북도 익산시 망성면 무형리,36.12632820705,127.049811334738,20101231,415004
익산시,우리오리농장,오리,종오리,,전라북도 익산시 신흥동,35.9404144308463,126.987600777718,20201230,416210
익산시,명승양계농장 강병옥,닭,산란계,,전라북도 익산시 함열읍 석매리,36.0549198121404,126.961856195476,20170321,415003
익산시,동진,닭,종계,,전라북도 익산시 황등면 죽촌리,36.0259504465871,126.935797915357,20170330,415005
익산시,오용진,닭,토종닭,,전라북도 익산시 금강동,35.9208385622411,126.981119890091,20170613,415002
익산시,박정순,닭,토종닭,,전라북도 익산시 오산면 장신리,35.9534263389663,126.918165911361,20170613,415002
익산시,고현수,닭,토종닭,,전라북도 익산시 용안면 칠목리,36.0907189332774,126.970966122573,20170405,415002
익산시,,닭,백세미,,전라북도 익산시 용동면 화배리,36.0900733160501,127.007830244444,20170309,415008
익산시,,닭,종계,,전라북도 익산시 용동면 대조리,36.1104951546718,127.002785498532,20170309,415005
익산시,,닭,종계,,전라북도 익산시 함열읍 석매리,36.0549198121404,126.961856195476,20170325,415005
익산시,김영필,닭,육계,,전라북도 익산시 함열읍 석매리,36.0549198121404,126.961856195476,20170325,415006
익산시,박호신,닭,종계,,전라북도 익산시 함열읍 석매리,36.0549198121404,126.961856195476,20170327,415005
익산시,류반희,닭,토종닭,,전라북도 익산시 오산면 장신리,35.9534263389663,126.918165911361,20170608,415002
익산시,하림 201농장,닭,종계,,전라북도 익산시 용동면 대조리,36.1104951546718,127.002785498532,20170302,415005
익산시,이형철,닭,토종닭,,전라북도 익산시 월성동,35.995339383341,126.96758530995,20170611,415002
익산시,김봉수,오리,육용오리,,전라북도 익산시 오산면 장신리,35.9534263389663,126.918165911361,20170611,416230
익산시,명승양계농장,닭,산란계,,전라북도 익산시 함열읍 석매리,36.0549198121404,126.961856195476,20231213,415003
익산시,미래농장,닭,일괄,,전라북도 익산시 용동면 대조리,36.1104951546718,127.002785498532,20231213,415001
익산시,농업회사법인(유)삼안팜,닭,산란계,,전라북도 익산시 함열읍 석매리,36.0549198121404,126.961856195476,20231220,415003
익산시,들꽃농장,닭,종계,,전라북도 익산시 망성면 화산리,36.1336266291273,126.984877460089,20231207,415005
익산시,대림3농장,닭,종계,,전라북도 익산시 황등면 용산리,36.0531072915218,126.93779577348,20231207,415005
익산시,토향농장,닭,육용종계,,전북특별자치도 익산시 만석동,35.9646915870247,126.929107254175,20260105,415011
익산시,명승양계농장,닭,산란계,,전북특별자치도 익산시 함열읍 석매리,36.0549198121404,126.961856195476,20260401,415003
임실군,확인,오리,육용오리,,전라북도 임실군 청웅면 옥전리,35.5803024691889,127.227107336811,20140129,416230
임실군,오수농장,닭,종계,,전라북도 임실군 오수면 대정리,35.5103417475677,127.342432827635,20201215,415005
임실군,김명현,닭,토종닭,,전라북도 임실군 삼계면 죽계리,35.5217006893341,127.241605015418,20170613,415002
임실군,영식농장,닭,토종닭,,전라북도 임실군 관촌면 병암리,35.6621267774466,127.28096841023,20170613,415002
임실군,최동림,닭,토종닭,,전라북도 임실군 임실읍 정월리,35.5794709379743,127.268574440258,20170613,415002
임실군,이용철,닭,토종닭,,전라북도 임실군 신덕면 신덕리,35.7025803712865,127.155291001601,20170613,415002
임실군,,닭,토종닭,,전라북도 임실군 신덕면 오궁리,35.690847231226,127.227000453207,20170611,415002
장수군,노병인,오리,육용오리,,전북특별자치도 장수군 산서면 백운리,35.6072130858029,127.427061592124,20260321,416230
전주시,창용수,닭,토종닭,,전라북도 전주시 덕진구 용정동,35.8798572201882,127.053820447627,20170611,415002
정읍시,김기수,오리,기타,,전라북도 정읍시 영원면 앵성리,35.6618466426946,126.75948434078,20080407,416299
정읍시,이재열,오리,육용오리,,전라북도 정읍시 고부면 관청리,35.6175205007308,126.74671607948,20080411,416230
정읍시,전오동,오리,육용오리,,전라북도 정읍시 영원면 은선리,35.6449032850505,126.784657032573,20080411,416230
정읍시,에덴농장,닭,기타,75000.0,전라북도 정읍시 소성면 화룡리 551-1,35.5824085650054,126.756611995027,20080419,415099
정읍시,조현석,오리,육용오리,,전라북도 정읍시 입암면 단곡리,35.512865078045,126.789595962599,20150501,416230
정읍시,조병익,오리,육용오리,,전라북도 정읍시 입암면 접지리,35.525112031394,126.820875563909,20140211,416230
정읍시,김성수,오리,육용오리,,전라북도 정읍시 소성면 고교리,35.5844438632317,126.768600043077,20150121,416230
정읍시,다산농장,오리,육용오리,115000.0,전라북도 정읍시 소성면 고교리 664-3,35.5877188585879,126.753048901543,20150121,416230
정읍시,유기성,오리,기타,,전라북도 정읍시 이평면 장내리,35.6750370194245,126.814006488254,20140211,416299
정읍시,이세종,오리,종오리,,전라북도 정읍시 소성면 고교리,35.5844438632317,126.768600043077,20150126,416210
정읍시,조병익,오리,육용오리,,전라북도 정읍시 입암면 접지리,35.525112031394,126.820875563909,20140217,416230
정읍시,입암농장,오리,종오리,13000.0,전라북도 정읍시 입암면 첨단과학로 30-24,35.5037728589771,126.817832529336,20140217,416210
정읍시,삼산농장,닭,산란계,,전라북도 정읍시 삼산동,35.5464904588013,126.815785973624,20140217,415003
정읍시,강정옥,오리,육용오리,,전라북도 정읍시 정우면 대사리,35.6721031019766,126.895143857431,20150225,416230
정읍시,김경민,오리,육용오리,,전라북도 정읍시 고부면 백운리,35.5808028406191,126.733768894452,20140124,416230
정읍시,유종수,오리,육용오리,,전라북도 정읍시 영원면 앵성리,35.6618466426946,126.75948434078,20140201,416230
정읍시,박하담,오리,육용오리,,전라북도 정읍시 영원면 앵성리,35.6618466426946,126.75948434078,20140131,416230
정읍시,조영신,오리,육용오리,,전라북도 정읍시 입암면 하부리,35.4987296184961,126.807232105121,20140202,416230
정읍시,이수경,오리,종오리,,전라북도 정읍시 이평면 청량리,35.6759031609713,126.796728691221,20140202,416210
정읍시,강정순,오리,종오리,,전라북도 정읍시 이평면 장내리,35.6750370194245,126.814006488254,20140206,416210
정읍시,이해근,오리,육용오리,,전라북도 정읍시 고부면 관청리,35.6175205007308,126.74671607948,20150326,416230
정읍시,,닭,토종닭,,전라북도 정읍시 고부면 신중리,35.5987722335027,126.756512693161,20161226,415002
정읍시,,오리,육용오리,,전라북도 정읍시 고부면 신흥리,35.6156337203487,126.72793604946,20161213,416230
정읍시,,오리,육용오리,,전라북도 정읍시 소성면 고교리,35.5844438632317,126.768600043077,20161216,416230
정읍시,,오리,종오리,,전라북도 정읍시 소성면 고교리,35.5844438632317,126.768600043077,20161216,416210
정읍시,케이원파트너스,오리,육용오리,,전라북도 정읍시 이평면 청량리,35.6759031609713,126.796728691221,20161231,416230
정읍시,,오리,육용오리,,전라북도 정읍시 고부면 용흥리,35.62841043726,126.747851906458,20161208,416230
정읍시,,오리,육용오리,,전라북도 정읍시 고부면 용흥리,35.62841043726,126.747851906458,20161209,416230
정읍시,김형환,오리,육용오리,,전라북도 정읍시 고부면 관청리,35.6175205007308,126.74671607948,20161209,416230
정읍시,,오리,육용오리,,전라북도 정읍시 고부면 관청리,35.6175205007308,126.74671607948,20161209,416230
정읍시,이재열,오리,육용오리,,전라북도 정읍시 고부면 관청리,35.6175205007308,126.74671607948,20161209,416230
정읍시,이종문,오리,육용오리,,전라북도 정읍시 고부면 신흥리,35.6156337203487,126.72793604946,20161213,416230
정읍시,김성희,오리,육용오리,,전라북도 정읍시 고부면 입석리,35.6032402494797,126.781603616234,20161213,416230
정읍시,박배성,오리,육용오리,,전라북도 정읍시 정우면 대사리,35.6721031019766,126.895143857431,20161221,416230
정읍시,,닭,토종닭,,전라북도 정읍시 고부면 덕안리,35.5938852207532,126.781814411087,20161221,415002
정읍시,박하담,오리,육용오리,,전라북도 정읍시 영원면 앵성리,35.6618466426946,126.75948434078,20161221,416230
정읍시,한우리농장,오리,육용오리,18000.0,전라북도 정읍시 정우면 대사리 1574,35.6668680970832,126.89453275405,20201211,416230
정읍시,해성농장,오리,육용오리,,전라북도 정읍시 입암면 단곡리,35.512865078045,126.789595962599,20201228,416230
정읍시,,오리,종오리,,전라북도 정읍시 정우면 우일리,35.6259333352772,126.881034466062,20210113,416210
정읍시,안태웅,오리,육용오리,,전라북도 정읍시 고부면 관청리,35.6175205007308,126.74671607948,20161213,416230
정읍시,,오리,육용오리,,전라북도 정읍시 고부면 용흥리,35.62841043726,126.747851906458,20161213,416230
정읍시,,오리,육용오리,,전라북도 정읍시 소성면 기린리,35.5668838112879,126.769007942053,20201128,416230
정읍시,,닭,종계,,전라북도 정읍시 이평면 장내리,35.6750370194245,126.814006488254,20161231,415005
정읍시,다산농장,오리,육용오리,115000.0,전라북도 정읍시 소성면 고교리 664-3,35.5877188585879,126.753048901543,20161221,416230
정읍시,덕앤덕농장,오리,종오리,3000.0,전라북도 전라부도 정읍시 소성면 애당리 177-2,35.5197884078775,126.775039824236,20161222,416210
정읍시,변재순,닭,종계,,전라북도 정읍시 소성면 화룡리,35.5770488116164,126.753626211372,20161224,415005
정읍시,유기성,오리,육용오리,,전라북도 정읍시 이평면 장내리,35.6750370194245,126.814006488254,20170102,416230
정읍시,김영임,오리,육용오리,,전라북도 정읍시 이평면 장내리,35.6750370194245,126.814006488254,20171223,416230
정읍시,금호2농장,오리,육용오리,24000.0,전라북도 정읍시 영원면 앵성2길 106-16,35.6589444358554,126.769350188808,20220206,416230
정읍시,,닭,육계,,전라북도 정읍시 소성면 기린리,35.5668838112879,126.769007942053,20220208,415006
정읍시,임마뉴엘,오리,종오리,14000.0,전라북도 정읍시 정우면,35.6448083489057,126.875914092482,20220107,416210
정읍시,마동농장,닭,토종닭,80000.0,전라북도 정읍시 소성면 등계리 49,35.5705101175408,126.796963260007,20230222,415002
정읍시,지성농장,닭,토종닭,35000.0,전라북도 정읍시 정우면 우산리 286-28,35.625721079359,126.891635870131,20230224,415002
정읍시,대성축산,닭,산란계,,전라북도 정읍시 용계동,35.5895627597106,126.809543611433,20230224,415003
정읍시,본촌Duck,오리,육용오리,,전라북도 정읍시 소성면 고교리,35.5844438632317,126.768600043077,20230309,416230
정읍시,태인,오리,육용오리,,전라북도 정읍시 옹동면 상산리,35.6637881672268,127.008252264743,20221231,416230
진안군,이오순,오리,육용오리,,전라북도 진안군 부귀면 오룡리,35.8206996253307,127.342184913383,20140329,416230
공주시,아름농장,닭,산란계,,충청남도 공주시 탄천면 남산리,36.2949198352502,127.033842912339,20140512,415003
공주시,신기부화장,닭,종계,,충청남도 공주시 계룡면 경천리,36.3188587016147,127.147969871623,20170401,415005
논산시,홍성진,오리,산란오리,,충청남도 논산시 부적면 외성리,36.2132052957622,127.160083797529,20080425,416240
논산시,서점복,닭,종계,,충청남도 논산시 연무읍 마전리,36.0924114293774,127.085566710103,20140224,415005
논산시,금강LF,닭,산란계,,충청남도 논산시 광석면 사월리,36.2556424124041,127.094200848142,20170322,415003
논산시,배용모,닭,원종계,,충청남도 논산시 노성면 송당리,36.2789703812563,127.117010298525,20170330,415004
논산시,대경농장,닭,육계,,충청남도 논산시 광석면 광리,36.2287129237123,127.076393759489,20201230,415006
논산시,전종관,닭,토종닭,,충청남도 논산시 은진면 토양리,36.1479904085794,127.096094290211,20170304,415002
논산시,세종우리농장,오리,기타,,충청남도 논산시 채운면 우기리,36.1518792802667,127.077208155006,20260409,416299
논산시,진성농장,오리,육용오리,,충청남도 논산시 연무읍 황화정리,36.0971618701983,127.112667015041,20220219,416230
당진시,대영농장,닭,종계,,충청남도 당진시 신평면 금천리,36.8913243371523,126.773753707924,20140312,415005
당진시,블레스농장,닭,종계,,충청남도 당진시 정미면 대운산리,36.8470960714372,126.595043378409,20140314,415005
당진시,구현숙,닭,종계,,충청남도 당진시 합덕읍 석우리,36.7976688618159,126.741002091546,20180205,415005
당진시,한국영농,닭,육용종계,,충청남도 당진시 송산면 유곡리,36.9563697457306,126.696613464191,20250110,415011
당진시,거성농장,닭,산란계,,충청남도 당진시 합덕읍 대전리,36.774335372752,126.757197231651,20220213,415003
당진시,에이스 농장,닭,산란계,,충청남도 당진시 고대면 옥현리,36.9171455809295,126.568996841005,20260116,415003
보령시,송덕농장,닭,토종닭,,충청남도 보령시 청소면 진죽리,36.4520357202742,126.587165398957,20220207,415002
보령시,케이팜,닭,산란계,,충청남도 보령시 청소면 진죽리,36.4520357202742,126.587165398957,20251218,415003
보령시,농업회사법인 (주)한국원종 천북농장,닭,육용종계,,충청남도 보령시 천북면 궁포리,36.4968359819841,126.536670747818,20260121,415011
부여군,엄성용,닭,종계,,충청남도 부여군 홍산면 북촌리,36.2198702867292,126.75817465348,20140125,415005
서산시,이종윤,닭,토종닭,,충청남도 서산시 인지면 성리,36.7888030942495,126.409310359123,20170106,415002
서산시,성호농장,오리,페킹덕,,충청남도 서산시 고북면 사기리,36.6553738168637,126.482951568578,20241126,416250
서산시,성호농장,오리,육용오리,,충청남도 서산시 고북면 사기리,36.6553738168637,126.482951568578,20250615,416230
서산시,형제농장,메추리,비분류,,충청남도 서산시 부석면 갈마리,36.7054264174739,126.371486901146,20230222,416498
아산시,이권영양근웅,오리,,,충청남도 아산시 탕정면 용두리,36.8159925019379,127.047336134268,20040205,416200
아산시,김한석,오리,산란오리,,충청남도 아산시 탕정면 용두리,36.8159925019379,127.047336134268,20061223,416240
아산시,이명복,닭,산란계,,충청남도 아산시 음봉면 산동리,36.8438524982315,127.098164248152,20110107,415003
아산시,송란경,오리,육용오리,,충청남도 아산시 신창면 궁화리,36.794303387389,126.907711835801,20150331,416230
아산시,,닭,산란계,,충청남도 아산시 인주면 해암리,36.8399913786627,126.892593830407,20161205,415003
아산시,한흥종계,닭,종계,,충청남도 아산시 배방읍 세교리,36.7701975768278,127.095807697701,20161214,415005
아산시,,닭,산란계,,충청남도 아산시 염치읍 쌍죽리,36.8303282991238,126.982678889674,20161216,415003
아산시,계림농장,닭,산란계,,충청남도 아산시 신창면 읍내리,36.7714784378039,126.932269493328,20161205,415003
아산시,신창농장,닭,산란계,48000.0,충청남도 아산시 신창면 궁화리 166-20,36.7864055285888,126.909410753164,20161219,415003
아산시,덕연농장,닭,산란계,,충청남도 아산시 신창면 오목리,36.7945001736568,126.93234783016,20161212,415003
아산시,,닭,산란계,,충청남도 아산시 신창면 오목리,36.7945001736568,126.93234783016,20161212,415003
아산시,,닭,산란계,,충청남도 아산시 신창면 읍내리,36.7714784378039,126.932269493328,20161207,415003
아산시,대한농장,닭,산란계,150336.0,충청남도 아산시 둔포면 염작리 289-17,36.917182322018,127.069570313121,20170111,415003
아산시,장일농장,오리,종오리,,충청남도 아산시 선장면 대흥리,36.8143040204455,126.875576730768,20161208,416210
아산시,영양축산,오리,육용오리,,충청남도 아산시 둔포면 봉재리,36.8830751162149,127.034760258629,20161226,416230
아산시,,닭,산란계,,충청남도 아산시 신창면 행목리,36.7768659029036,126.952011344114,20161125,415003
아산시,초록축산,닭,산란계,,충청남도 아산시 둔포면 염작리,36.9139031176044,127.074665640812,20180318,415003
아산시,,닭,종계,,충청남도 아산시 둔포면 운교리,36.9103738969478,127.047699606106,20170114,415005
아산시,군자팜,닭,산란계,,충청남도 아산시 신창면 오목리,36.7945001736568,126.93234783016,20220210,415003
아산시,백운농장,오리,육용오리,31980.0,충청남도 아산시 둔포면 신남리 681-10 외 2(681-11/ 678-2),36.9061025916062,127.015672175052,20240209,416230
아산시,,닭,산란계,,충청남도 아산시 음봉면 산정리,36.8557947710244,127.003538930521,20211215,415003
아산시,시우농장,닭,토종닭,153000.0,충청남도 아산시 음봉면 신정리 318-2,36.876667902886,127.01948051732,20250420,415002
아산시,농업회사법인 에이치비(주)예산농장,메추리,비분류,320000.0,충청남도 아산시 도고면 효자리 13-1,36.7384695766906,126.87372869349,20260310,416498
아산시,장수농장,닭,비분류,,충청남도 아산시 음봉면 신정리,36.8726258234393,127.01953343887,20251226,415098
아산시,한미농장,닭,산란계,42406.0,충청남도 아산시 음봉면 덕지리 26-4,36.8371402853653,127.082585248526,20250405,415003
아산시,우림농원,닭,산란계,40000.0,충청남도 아산시 선장면 죽산리 103-5,36.7748036647946,126.920634897902,20231209,415003
예산군,계림,닭,종계,,충청남도 예산군 고덕면 석곡리,36.7375861049787,126.715730741253,20201226,415005
예산군,(주)농업회사법인덕연,닭,산란계,,충청남도 예산군 신암면 두곡리,36.7474771747736,126.83152156703,20220130,415003
예산군,토리원,메추리,비분류,,충청남도 예산군 고덕면 상궁리,36.7548643509053,126.757339236499,20220209,416498
예산군,,닭,산란계,,충청남도 예산군 덕산면 낙상리,36.6284092157433,126.611131735177,20221227,415003
예산군,덕연(주) 신암농장,닭,산란계,,충청남도 예산군 신암면 두곡리,36.7474771747736,126.83152156703,20260206,415003
천안시,박광호,오리,산란오리,,충청남도 천안시 서북구 직산읍 석곡리,36.8874106998452,127.09947639719,20040104,416240
천안시,소망농장,닭,산란계,82000.0,충청남도 천안시 동남구 풍세면 용정리 ***번지 *호,36.7425362136992,127.112944775484,20040126,415003
천안시,유재근,닭,육계,,충청남도 천안시 서북구 직산읍 신갈리,36.8632363212102,127.115055529393,20031226,415006
천안시,박병준,오리,,,충청남도 천안시 동남구 북면 운용리,36.8726864878276,127.266047711889,20031220,416200
천안시,양지농장,오리,,54560.0,"충청남도 천안시 동남구 수신면 신풍리 ***번지 외 *(***, ***)",36.7385651624754,127.266152891404,20031221,416200
천안시,수호농장,닭,산란계,36064.0,"충청남도 천안시 동남구 풍세면 가송리 ***번지 *호 외 *(***, ***-*)",36.729029590028,127.143607901246,20070120,415003
천안시,(주)사조2농장,오리,산란오리,,충청남도 천안시 동남구 동면 화계리,36.7811972356062,127.33648563167,20070308,416240
천안시,진원농장,오리,육용오리,23432.0,"충청남도 천안시 동남구 병천면 도원리 ***번지 외 *필지(***-*, ***-*, ***-*, ***, ***-*, ***-*)",36.7840865274035,127.311896840366,20140308,416230
천안시,대진농장,오리,육용오리,8498.0,충청남도 천안시 동남구 병천면 매성리 ***번지 ***,36.8070848091634,127.311147389084,20140308,416230
천안시,문화농장,닭,육계,100000.0,충청남도 천안시 동남구 성남면 석곡리 **번지 **호 외 *필지(**-**),36.740706657722,127.223926906226,20140410,415006
천안시,하은자,오리,종오리,,충청남도 천안시 동남구 목천읍 운전리,36.7646143829825,127.237324427678,20140321,416210
천안시,김구연,오리,종오리,,충청남도 천안시 동남구 성남면 대흥리,36.7273137270886,127.225132854502,20140321,416210
천안시,(주)화인코리아,오리,종오리,,충청남도 천안시 동남구 동면 화계리,36.7811972356062,127.33648563167,20140312,416210
천안시,진우농장,닭,산란계,20280.0,"충청남도 천안시 동남구 동면 장송리 **번지 *호 외 *필지(**-*,**-*,**-*)",36.7840310560463,127.386090634167,20140314,415003
천안시,이승우,닭,토종닭,,충청남도 천안시 동남구 수신면 신풍리,36.7385651624754,127.266152891404,20140325,415002
천안시,흥인농장,오리,종오리,34944.0,충청남도 천안시 서북구 직산읍 판정리 ***번지 *호,36.9127102214998,127.179129145048,20140128,416210
천안시,대풍농장,닭,산란계,50000.0,"충청남도 천안시 동남구 성남면 대흥리 ***번지 *호 외 *필지(***-*, ***-*, ***-*)",36.7273137270886,127.225132854502,20140403,415003
천안시,김기훈,닭,산란계,,충청남도 천안시 동남구 성남면 석곡리,36.740706657722,127.223926906226,20140411,415003
천안시,전관규,오리,육용오리,,충청남도 천안시 동남구 풍세면 보성리,36.7294242158523,127.111747862164,20140217,416230
천안시,구성농장,닭,산란계,18624.0,"충청남도 천안시 동남구 풍세면 용정리 ***번지 *호 외 *(***-*,**)",36.7425362136992,127.112944775484,20140219,415003
천안시,이 재홍,오리,육용오리,,충청남도 천안시 동남구 성남면 대흥리,36.7273137270886,127.225132854502,20150202,416230
천안시,주현2농장,닭,산란계,129000.0,충청남도 천안시 동남구 풍세면 보성리 **번지 *호,36.7294242158523,127.111747862164,20140225,415003
천안시,병천농장,닭,산란계,,충청남도 천안시 동남구 병천면 도원리,36.7840865274035,127.311896840366,20140225,415003
천안시,박영숙,거위,비분류,,충청남도 천안시 동남구 풍세면 보성리,36.7294242158523,127.111747862164,20140304,416398
천안시,축산과학원,오리,종오리,,충청남도 천안시 서북구 성환읍 어룡리,36.9419576850194,127.124244347897,20140304,416210
천안시,박영배,오리,종오리,,충청남도 천안시 동남구 성남면 대흥리,36.7273137270886,127.225132854502,20150204,416210
천안시,영광2목장,오리,종오리,,충청남도 천안시 동남구 풍세면 보성리,36.7294242158523,127.111747862164,20140217,416210
천안시,화인코리아 북면부화장,오리,종오리,,충청남도 천안시 동남구 북면 운용리,36.8726864878276,127.266047711889,20110302,416210
천안시,표세욱,오리,종오리,,충청남도 천안시 서북구 직산읍 판정리,36.9127102214998,127.179129145048,20110117,416210
천안시,양지농원,오리,육용오리,,충청남도 천안시 서북구 직산읍 석곡리,36.8874106998452,127.09947639719,20110119,416230
천안시,흥인농장,오리,종오리,34944.0,충청남도 천안시 서북구 직산읍 판정리 ***번지 *호,36.9127102214998,127.179129145048,20110117,416210
천안시,현명축산,닭,종계,,충청남도 천안시 동남구 풍세면 용정리,36.7425362136992,127.112944775484,20150313,415005
천안시,김경태,오리,기타,,충청남도 천안시 동남구 풍세면 풍서리,36.7186707196143,127.123968877927,20101231,416299
천안시,,오리,육용오리,,충청남도 천안시 동남구 동면 동산리,36.7905867812459,127.358696712968,20161128,416230
천안시,대풍농장,닭,산란계,50000.0,"충청남도 천안시 동남구 성남면 대흥리 ***번지 *호 외 *필지(***-*, ***-*, ***-*)",36.7273137270886,127.225132854502,20161224,415003
천안시,한일농장,닭,산란계,26000.0,충청남도 천안시 서북구 성환읍 양령리 **번지 *호,36.9617881669558,127.155434390192,20161224,415003
천안시,,닭,산란계,,충청남도 천안시 서북구 직산읍 마정리,36.8721308306355,127.096082891108,20161228,415003
천안시,하림농장,닭,육계,,충청남도 천안시 동남구 수신면 신풍리,36.7385651624754,127.266152891404,20161228,415006
천안시,하은자,오리,종오리,,충청남도 천안시 동남구 목천읍 운전리,36.7646143829825,127.237324427678,20161228,416210
천안시,,오리,육용오리,,충청남도 천안시 동남구 병천면 봉항리,36.8408577181576,127.31408693266,20161130,416230
천안시,,오리,종오리,,충청남도 천안시 동남구 풍세면 보성리,36.7294242158523,127.111747862164,20161205,416210
천안시,,오리,종오리,,충청남도 천안시 동남구 동면 화계리,36.7811972356062,127.33648563167,20161205,416210
천안시,,닭,산란계,,충청남도 천안시 동남구 풍세면 가송리,36.729029590028,127.143607901246,20161207,415003
천안시,,닭,산란계,,충청남도 천안시 동남구 병천면 관성리,36.8132503190067,127.336894834374,20161215,415003
천안시,,오리,육용오리,,충청남도 천안시 동남구 병천면 탑원리,36.7625885199278,127.310922748621,20161215,416230
천안시,,닭,산란계,,충청남도 천안시 서북구 성환읍 도하리,36.9473995992873,127.168634743986,20161216,415003
천안시,,닭,산란계,,충청남도 천안시 동남구 목천읍 소사리,36.73389509315,127.18101914051,20161216,415003
천안시,,닭,산란계,,충청남도 천안시 동남구 풍세면 가송리,36.729029590028,127.143607901246,20161216,415003
천안시,성환농장,닭,산란계,21427.0,충청남도 천안시 서북구 성환읍 양령리 ***번지 *호,36.9617881669558,127.155434390192,20161216,415003
천안시,,닭,토종닭,,충청남도 천안시 동남구 풍세면 풍서리,36.7186707196143,127.123968877927,20170109,415002
천안시,영창농장,닭,산란계,151200.0,충청남도 천안시 동남구 풍세면 가송리 ***번지,36.729029590028,127.143607901246,20161217,415003
천안시,가송농장,닭,토종닭,39246.0,충청남도 천안시 동남구 풍세면 풍서리 ***번지 *호,36.7186707196143,127.123968877927,20161217,415002
천안시,KP에그,닭,산란계,,충청남도 천안시 동남구 동면 행암리,36.8040838058038,127.353201608427,20161218,415003
천안시,황금오리(2농장),오리,육용오리,,충청남도 천안시 동남구 광덕면 매당리,36.7084556116667,127.101031475681,20161218,416230
천안시,복농장,닭,토종닭,45000.0,"충청남도 천안시 동남구 성남면 신덕리 **번지 *호 외 *필지(**-*, **-*)",36.7167012104367,127.236742672804,20161218,415002
천안시,이레농장,닭,산란계,94600.0,충청남도 천안시 서북구 성환읍 도하리 ***번지 *호,36.9473995992873,127.168634743986,20161219,415003
천안시,,오리,기타,,충청남도 천안시 동남구 신방동,36.785913792776,127.122481782341,20161224,416299
천안시,성환농장,닭,산란계,21427.0,충청남도 천안시 서북구 성환읍 양령리 ***번지 *호,36.9617881669558,127.155434390192,20161231,415003
천안시,,오리,종오리,,충청남도 천안시 동남구 동면 화계리,36.7811972356062,127.33648563167,20161212,416210
천안시,소망농장,닭,산란계,82000.0,충청남도 천안시 동남구 풍세면 용정리 ***번지 *호,36.7425362136992,127.112944775484,20161207,415003
천안시,주현2농장,닭,산란계,129000.0,충청남도 천안시 동남구 풍세면 보성리 **번지 *호,36.7294242158523,127.111747862164,20161208,415003
천안시,시골축산,닭,산란계,73440.0,충청남도 천안시 동남구 성남면 대흥리 ***번지,36.7273137270886,127.225132854502,20161222,415003
천안시,경치농장,닭,산란계,57000.0,충청남도 천안시 동남구 풍세면 보성리 ***번지 *호 외 *필지(산*-*),36.7294242158523,127.111747862164,20161222,415003
천안시,번영농장,오리,육용오리,125873.0,충청남도 천안시 서북구 성환읍 성환리 **번지 **호 외*필지,36.9235362200863,127.133776656914,20161223,416230
천안시,정필농장,오리,육용오리,176465.0,"충청남도 천안시 서북구 성환읍 성환리 **번지 **호 외 *(**-*,**,**)",36.9235362200863,127.133776656914,20161223,416230
천안시,한일농장,닭,산란계,26000.0,충청남도 천안시 서북구 성환읍 양령리 **번지 *호,36.9617881669558,127.155434390192,20161223,415003
천안시,선민농장,닭,산란계,,충청남도 천안시 동남구 성남면 봉양리,36.7101505702111,127.254817983882,20161226,415003
천안시,성남농장,닭,산란계,187000.0,"충청남도 천안시 동남구 성남면 봉양리 ***번지 외*필지(***-*,***-*,***-*,***)",36.7101505702111,127.254817983882,20161226,415003
천안시,다온농장,닭,산란계,146600.0,"충청남도 천안시 서북구 입장면 연곡리 ***번지 *호 외 *필지(***-*, ***-*)",36.9506759048517,127.187880927937,20161226,415003
천안시,하나로로그팜,닭,산란계,,충청남도 천안시 동남구 병천면 도원리,36.7840865274035,127.311896840366,20161221,415003
천안시,,오리,종오리,,충청남도 천안시 동남구 성남면 대흥리,36.7273137270886,127.225132854502,20201225,416210
천안시,대현농장,오리,육용오리,19560.0,충청남도 천안시 동남구 병천면 매성리 **번지 외 *필지,36.8070848091634,127.311147389084,20210105,416230
천안시,김명선,닭,산란계,,충청남도 천안시 서북구 성환읍 양령리,36.9617881669558,127.155434390192,20180209,415003
천안시,이레농장,닭,산란계,94600.0,충청남도 천안시 서북구 성환읍 도하리 ***번지 *호,36.9473995992873,127.168634743986,20210114,415003
천안시,으뜸농장,닭,산란계,100000.0,충청남도 천안시 서북구 직산읍 수헐리 **번지 *호,36.8942348992541,127.141130012621,20210123,415003
천안시,,오리,육용오리,,충청남도 천안시 동남구 성남면 대흥리,36.7273137270886,127.225132854502,20161226,416230
천안시,지완농원,거위,비분류,,충청남도 천안시 서북구 성환읍 대홍리,36.9385114965909,127.140771582033,20201215,416398
천안시,천안농장,닭,산란계,,충청남도 천안시 서북구 성환읍 신가리,36.958514287737,127.111551734369,20210104,415003
천안시,거성농장,닭,종계,,충청남도 천안시 동남구 목천읍 소사리,36.73389509315,127.18101914051,20161221,415005
천안시,조혁제,닭,산란계,,충청남도 천안시 서북구 성환읍 양령리,36.9617881669558,127.155434390192,20161226,415003
천안시,키움축산,닭,육계,110000.0,충청남도 천안시 서북구 성환읍 양령리 ***번지 *호,36.9617881669558,127.155434390192,20161230,415006
천안시,,닭,산란계,,충청남도 천안시 서북구 입장면 호당리,36.8842100271054,127.240543277463,20170104,415003
천안시,,메추리,비분류,,충청남도 천안시 동남구 성남면 용원리,36.7554207422564,127.213792293389,20170106,416498
천안시,주현2농장,닭,산란계,129000.0,충청남도 천안시 동남구 풍세면 보성리 **번지 *호,36.7294242158523,127.111747862164,20220125,415003
천안시,,닭,산란계,,충청남도 천안시 서북구 성환읍 신가리,36.958514287737,127.111551734369,20220203,415003
천안시,가덕농장,닭,토종닭,60192.0,충청남도 천안시 동남구 풍세면 가송리 ***번지 *호,36.729029590028,127.143607901246,20220204,415002
천안시,농업회사법인양지팜(유),닭,산란중추,748224.0,충청남도 천안시 서북구 성환읍 신가리 ***번지 *호,36.958514287737,127.111551734369,20240106,415009
천안시,,닭,산란계,,충청남도 천안시 동남구 풍세면 가송리,36.729029590028,127.143607901246,20211212,415003
천안시,청운농장,닭,산란계,100800.0,충청남도 천안시 동남구 풍세면 용정리 ***번지 **호,36.7425362136992,127.112944775484,20211205,415003
천안시,유전농장,오리,종오리,,충청남도 천안시 동남구 동면 화계리,36.7811972356062,127.33648563167,20221110,416210
천안시,흥인농장,닭,산란계,34944.0,충청남도 천안시 서북구 직산읍 판정리 ***번지 *호,36.9127102214998,127.179129145048,20251210,415003
천안시,케이앤피에그팜,닭,산란계,120000.0,충청남도 천안시 동남구 동면 행암리 ***번지 외 *필지,36.8040838058038,127.353201608427,20251230,415003
천안시,주현2농장,닭,산란계,129000.0,충청남도 천안시 동남구 풍세면 보성리 **번지 *호,36.7294242158523,127.111747862164,20250309,415003
천안시,김준석,닭,산란계,,충청남도 천안시 동남구 풍세면 가송리,36.729029590028,127.143607901246,20250320,415003
천안시,농업회사법인주식회사다알,닭,산란계,168480.0,충청남도 천안시 서북구 성환읍 왕림리 ***번지 *호,36.9150150068401,127.092666814789,20260117,415003
천안시,청운농장,닭,비분류,100800.0,충청남도 천안시 동남구 풍세면 용정리 ***번지 **호,36.7425362136992,127.112944775484,20250326,415098
천안시,성남농장,닭,산란계,187000.0,"충청남도 천안시 동남구 성남면 봉양리 ***번지 외*필지(***-*,***-*,***-*,***)",36.7101505702111,127.254817983882,20250404,415003
청양군,사리골농장,닭,산란계,,충청남도 청양군 운곡면 위라리,36.4899507426355,126.842911000138,20140217,415003
청양군,조윤행,오리,육용오리,,충청남도 청양군 청남면 왕진리,36.3276617296507,126.946385556025,20140304,416230
청양군,용천양계,닭,산란계,,충청남도 청양군 비봉면 양사리,36.497611436957,126.762724991178,20150313,415003
청양군,용천양계,닭,산란계,,충청남도 청양군 비봉면 양사리,36.497611436957,126.762724991178,20170225,415003
청양군,농업회사법인 코코스팜 주식회사,닭,산란계,,충청남도 청양군 비봉면 양사리,36.497611436957,126.762724991178,20241216,415003
홍성군,이창식,닭,종계,,충청남도 홍성군 서부면 판교리,36.5438311518041,126.520804384429,20140307,415005
홍성군,노인근,닭,종계,,충청남도 홍성군 장곡면 신풍리,36.4853969152718,126.698013716735,20150312,415005
홍성군,태양종계장,닭,종계,,충청남도 홍성군 구항면 태봉리,36.5662696738417,126.601098845522,20210114,415005
홍성군,류도현황오리,오리,종오리,,충청남도 홍성군 은하면 장곡리,36.5449942315717,126.603968965743,20170302,416210
괴산군,연창준(이희수),오리,종오리,,충청북도 괴산군 소수면 수리,36.8631614906543,127.745250419933,20161202,416210
괴산군,김기선,오리,종오리,,충청북도 괴산군 소수면 아성리,36.8316628104985,127.761803909336,20161205,416210
괴산군,,오리,종오리,,충청북도 괴산군 소수면 아성리,36.8316628104985,127.761803909336,20161209,416210
괴산군,류가네농장,오리,종오리,,충청북도 괴산군 장연면 조곡리,36.8798572372051,127.903152928063,20210206,416210
괴산군,김기선농장,오리,종오리,,충청북도 괴산군 소수면 아성리,36.8316628104985,127.761803909336,20210218,416210
괴산군,류가네농장,오리,종오리,,충청북도 괴산군 장연면 조곡리,36.8798572372051,127.903152928063,20220213,416210
괴산군,송오축산,닭,산란계,,충청북도 괴산군 사리면 노송리,36.8500256969414,127.651670928335,20251217,415003
영동군,대덕,오리,종오리,,충청북도 영동군 용산면 천작리,36.276479884311,127.79863059944,20251118,416210
옥천군,대성농장,닭,산란계,,충청북도 옥천군 옥천읍 구일리,36.2860284463983,127.601659834776,20161223,415003
옥천군,정원2농장,메추리,비분류,,충청북도 옥천군 청산면 효목리,36.3173639365946,127.83191023326,20260106,416498
음성군,박덕규,닭,육계,,충청북도 음성군 삼성면 용성리,37.0123904820622,127.47429642135,20031212,415006
음성군,김학면,오리,,,충청북도 음성군 삼성면 덕정리,37.0204784781708,127.503181815435,20031217,416200
음성군,서기환,닭,,,충청북도 음성군 삼성면 용성리,37.0123904820622,127.47429642135,20031219,415000
음성군,김시정,오리,,,충청북도 음성군 대소면 태생리,36.9719700435394,127.49677551438,20031224,416200
음성군,이정섭,오리,,,충청북도 음성군 대소면 태생리,36.9719700435394,127.49677551438,20031224,416200
음성군,형제농장,오리,육용오리,100000.0,"충청북도 음성군 소이면 비산리 963번지 외 4필지(963-2, 963-3, 960, 960-3)",36.9415090450149,127.727711408992,20140221,416230
음성군,안만진,오리,육용오리,,충청북도 음성군 맹동면 마산리,36.9366494962001,127.554983736816,20140221,416230
음성군,명성농장,오리,육용오리,14751.0,충청북도 음성군 맹동면 용촌리 604번지 1호,36.9261249928712,127.519246694417,20140221,416230
음성군,강성보(정철헌),오리,육용오리,,충청북도 음성군 맹동면 마산리,36.9366494962001,127.554983736816,20140221,416230
음성군,정갑동,오리,육용오리,,충청북도 음성군 맹동면 봉현리,36.9429594116729,127.540404321725,20140223,416230
음성군,김학면,오리,육용오리,,충청북도 음성군 삼성면 천평리,36.9841153979027,127.504739354853,20140228,416230
음성군,임경진,오리,종오리,,충청북도 음성군 대소면 삼정리,36.9548466701215,127.493143258412,20140210,416210
음성군,류봉농장2,오리,육용오리,92000.0,충청북도 음성군 대소면 미곡리 산 2번지 2호,36.9558600337329,127.510916780429,20140210,416230
음성군,유의성,오리,육용오리,,충청북도 음성군 대소면 미곡리,36.9430762737999,127.479618635259,20140210,416230
음성군,박선환,오리,육용오리,,충청북도 음성군 맹동면 봉현리,36.9429594116729,127.540404321725,20140219,416230
음성군,정용일,오리,육용오리,,충청북도 음성군 맹동면 봉현리,36.9429594116729,127.540404321725,20140219,416230
음성군,정용성,오리,육용오리,,충청북도 음성군 맹동면 봉현리,36.9429594116729,127.540404321725,20140219,416230
음성군,지교채3농장(지교출),오리,육용오리,,충청북도 음성군 맹동면 봉현리,36.9429594116729,127.540404321725,20140224,416230
음성군,조성환,오리,육용오리,,충청북도 음성군 맹동면 봉현리,36.9429594116729,127.540404321725,20140224,416230
음성군,성락형,오리,육용오리,,충청북도 음성군 대소면 수태리,36.9401623864557,127.505212643988,20140224,416230
음성군,이성희,오리,종오리,,충청북도 음성군 삼성면 청용리,36.9988702360699,127.468078553507,20140225,416210
음성군,모란제1농장,오리,종오리,11900.0,충청북도 음성군 삼성면 청용리 483번지,36.9904194050988,127.464640809449,20140225,416210
음성군,정옥희,오리,육용오리,,충청북도 음성군 대소면 오류리,36.9791519161081,127.474229308599,20140225,416230
음성군,최재필,오리,육용오리,,충청북도 음성군 대소면 성본리,36.966754145297,127.530218911137,20140225,416230
음성군,지교채2농장,오리,육용오리,,충청북도 음성군 맹동면 용촌리,36.9321796421993,127.522512866118,20150225,416230
음성군,양동승,오리,육용오리,,충청북도 음성군 삼성면 청용리,36.9988702360699,127.468078553507,20140228,416230
음성군,초원농장,오리,종오리,,충청북도 음성군 맹동면 인곡리,36.9437917731205,127.57125945613,20140228,416210
음성군,이원숙,오리,육용오리,,충청북도 음성군 맹동면 봉현리,36.9429594116729,127.540404321725,20150225,416230
음성군,최병호,오리,육용오리,,충청북도 음성군 대소면 미곡리,36.9430762737999,127.479618635259,20140207,416230
음성군,지교출,오리,육용오리,,충청북도 음성군 맹동면 봉현리,36.9429594116729,127.540404321725,20140220,416230
음성군,김기태,오리,육용오리,,충청북도 음성군 대소면 부윤리,36.9472742215967,127.52422358949,20140221,416230
음성군,이정숙(성낙원),오리,육용오리,,충청북도 음성군 대소면 수태리,36.9401623864557,127.505212643988,20140221,416230
음성군,정우식,오리,육용오리,,충청북도 음성군 대소면 부윤리,36.9472742215967,127.52422358949,20140221,416230
음성군,이성이,오리,육용오리,,충청북도 음성군 대소면 부윤리,36.9472742215967,127.52422358949,20140221,416230
음성군,짱구농장,오리,육용오리,9000.0,충청북도 음성군 맹동면 봉현리 482번지 4호,36.941297143926,127.530420550595,20140221,416230
음성군,정용일,오리,육용오리,,충청북도 음성군 맹동면 봉현리,36.9429594116729,127.540404321725,20140220,416230
음성군,태호농장,오리,육용오리,15000.0,충청북도 음성군 맹동면 본성리 401번지 13호 외 2필지,36.92212487295,127.533588377353,20140221,416230
음성군,한미경,오리,육용오리,,충청북도 음성군 맹동면 봉현리,36.9429594116729,127.540404321725,20140221,416230
음성군,이미옥,오리,육용오리,,충청북도 음성군 맹동면 봉현리,36.9429594116729,127.540404321725,20140221,416230
음성군,권은희,오리,육용오리,,충청북도 음성군 맹동면 용촌리,36.9321796421993,127.522512866118,20140221,416230
음성군,김군수2농장,오리,육용오리,,충청북도 음성군 맹동면 마산리,36.9366494962001,127.554983736816,20140221,416230
음성군,김군수,오리,육용오리,,충청북도 음성군 맹동면 마산리,36.9366494962001,127.554983736816,20140221,416230
음성군,강재중,오리,육용오리,,충청북도 음성군 맹동면 마산리,36.9366494962001,127.554983736816,20140221,416230
음성군,이문숙,오리,육용오리,,충청북도 음성군 맹동면 용촌리,36.9321796421993,127.522512866118,20140223,416230
음성군,정찬헌,오리,육용오리,,충청북도 음성군 맹동면 봉현리,36.9429594116729,127.540404321725,20140221,416230
음성군,국현농장,오리,육용오리,18000.0,충청북도 음성군 맹동면 봉현리 476번지,36.9432543613381,127.533201778213,20150225,416230
음성군,김태선,오리,육용오리,,충청북도 음성군 맹동면 봉현리,36.9429594116729,127.540404321725,20150225,416230
음성군,임영완,오리,육용오리,,충청북도 음성군 맹동면 봉현리,36.9429594116729,127.540404321725,20150225,416230
음성군,정용성,오리,육용오리,,충청북도 음성군 맹동면 봉현리,36.9429594116729,127.540404321725,20150224,416230
음성군,정갑동,오리,육용오리,,충청북도 음성군 맹동면 봉현리,36.9429594116729,127.540404321725,20150226,416230
음성군,정우식,오리,육용오리,,충청북도 음성군 대소면 부윤리,36.9472742215967,127.52422358949,20150225,416230
음성군,이성이,오리,종오리,,충청북도 음성군 대소면 부윤리,36.9472742215967,127.52422358949,20150226,416210
음성군,안재묵,오리,육용오리,,충청북도 음성군 금왕읍 삼봉리,36.9523470813618,127.553269800483,20150225,416230
음성군,지교채3농장(지교출),오리,육용오리,,충청북도 음성군 맹동면 봉현리,36.9429594116729,127.540404321725,20150226,416230
음성군,유동열,오리,육용오리,,충청북도 음성군 맹동면 봉현리,36.9429594116729,127.540404321725,20150225,416230
음성군,류봉농장,오리,육용오리,7000.0,충청북도 음성군 맹동면 봉현리 463번지 5호,36.9429594116729,127.540404321725,20150304,416230
음성군,김군수,오리,육용오리,,충청북도 음성군 맹동면 마산리,36.9366494962001,127.554983736816,20150304,416230
음성군,강성보,오리,육용오리,,충청북도 음성군 맹동면 마산리,36.9366494962001,127.554983736816,20150304,416230
음성군,명성농장,오리,육용오리,14751.0,충청북도 음성군 맹동면 용촌리 604번지 1호,36.9261249928712,127.519246694417,20150304,416230
음성군,김병학,오리,육용오리,,충청북도 음성군 맹동면 봉현리,36.9429594116729,127.540404321725,20150305,416230
음성군,호영농장,오리,육용오리,,충청북도 음성군 대소면 수태리,36.9401623864557,127.505212643988,20150304,416230
음성군,조하종계장,닭,종계,,충청북도 음성군 맹동면 봉현리,36.9429594116729,127.540404321725,20150323,415005
음성군,태호농장,오리,육용오리,15000.0,충청북도 음성군 맹동면 본성리 401번지 13호 외 2필지,36.92212487295,127.533588377353,20150323,416230
음성군,청운농장,닭,산란계,125000.0,충청북도 음성군 생극면 병암리 234번지,37.0286895581732,127.597023008007,20150323,415003
음성군,이정숙(성낙원),오리,육용오리,,충청북도 음성군 대소면 수태리,36.9401623864557,127.505212643988,20150306,416230
음성군,정용성,오리,육용오리,,충청북도 음성군 맹동면 봉현리,36.9429594116729,127.540404321725,20150306,416230
음성군,정찬헌,오리,육용오리,,충청북도 음성군 맹동면 봉현리,36.9429594116729,127.540404321725,20150306,416230
음성군,김병조,오리,육용오리,,충청북도 음성군 맹동면 봉현리,36.9429594116729,127.540404321725,20150306,416230
음성군,김승호,오리,육용오리,,충청북도 음성군 맹동면 마산리,36.9366494962001,127.554983736816,20150306,416230
음성군,이문숙,오리,육용오리,,충청북도 음성군 맹동면 용촌리,36.9321796421993,127.522512866118,20150305,416230
음성군,초원농장,오리,종오리,,충청북도 음성군 맹동면 인곡리,36.9437917731205,127.57125945613,20150305,416210
음성군,마산농장,오리,육용오리,154000.0,충청북도 음성군 맹동면 마산리 406번지 7호 외 5필지,36.9335303495141,127.5450527405,20150306,416230
음성군,형제농장,오리,육용오리,100000.0,"충청북도 음성군 소이면 비산리 963번지 외 4필지(963-2, 963-3, 960, 960-3)",36.9415090450149,127.727711408992,20150308,416230
음성군,안만진,오리,육용오리,,충청북도 음성군 맹동면 마산리,36.9366494962001,127.554983736816,20150307,416230
음성군,정태문,오리,종오리,,충청북도 음성군 금왕읍 내송리,36.9935390887351,127.565071034554,20150314,416210
음성군,이경순,오리,육용오리,,충청북도 음성군 금왕읍 본대리,36.9845088550495,127.526186235014,20150323,416230
음성군,,닭,종계,,충청북도 음성군 맹동면 봉현리,36.9429594116729,127.540404321725,20161129,415005
음성군,(주)정축산,오리,육용오리,,충청북도 음성군 맹동면 봉현리,36.9429594116729,127.540404321725,20161124,416230
음성군,송정현(송영철),오리,종오리,,충청북도 음성군 원남면 덕정리,36.8940469033698,127.63409500855,20161130,416210
음성군,정인훈(정종석),오리,육용오리,,충청북도 음성군 감곡면 단평리,37.14187871433,127.64950197627,20161130,416230
음성군,청해농장,오리,육용오리,9000.0,충청북도 음성군 삼성면 용대리 155번지,37.0524006125177,127.527507309438,20161128,416230
음성군,,오리,종오리,,충청북도 음성군 삼성면 용대리,37.0494453179482,127.522515243028,20161128,416210
음성군,한양부화장(박수영대리),닭,종계,,충청북도 음성군 삼성면 능산리,37.0362467833446,127.532185338097,20161205,415005
음성군,한삼농장,오리,육용오리,20000.0,충청북도 음성군 금왕읍 유포리 548번지,36.9627026701274,127.547739278689,20161205,416230
음성군,세양(주),닭,산란계,,충청북도 음성군 삼성면 용대리,37.0494453179482,127.522515243028,20161207,415003
음성군,벧엘농장,닭,산란계,27576.0,충청북도 음성군 생극면 임곡리 34번지 외 3필지,37.0677344986038,127.586664812112,20161214,415003
음성군,천평농장,오리,육용오리,20000.0,충청북도 음성군 삼성면 천평리 682번지 1호,36.985718892879,127.493024477084,20161214,416230
음성군,한솔농장(최승수),닭,산란계,,충청북도 음성군 원남면 하노리,36.9039609440561,127.698006354709,20161212,415003
음성군,동일농장,닭,산란계,,충청북도 음성군 삼성면 대정리,37.0287798645394,127.519734828122,20161215,415003
음성군,(주)조하,닭,종계,,충청북도 음성군 삼성면 능산리,37.0362467833446,127.532185338097,20161216,415005
음성군,,오리,육용오리,,충청북도 음성군 금왕읍 본대리,36.9845088550495,127.526186235014,20161216,416230
음성군,,오리,육용오리,,충청북도 음성군 금왕읍 본대리,36.9845088550495,127.526186235014,20161217,416230
음성군,김규성,메추리,비분류,,충청북도 음성군 원남면 덕정리,36.8940469033698,127.63409500855,20161208,416498
음성군,해피그린농장,오리,육용오리,20000.0,충청북도 음성군 대소면 성본리 596번지 2호 외 3필지,36.959465727291,127.521091901599,20161209,416230
음성군,송계농장,닭,산란계,110592.0,충청북도 음성군 삼성면 상곡리 2번지,37.007652864915,127.469458751297,20161222,415003
음성군,월연농장,닭,산란계,350000.0,충청북도 음성군 생극면 임곡리 145번지,37.0608702896849,127.588307777765,20161224,415003
음성군,윤병호,오리,종오리,,충청북도 음성군 감곡면 문촌리,37.1208514757822,127.700226789905,20161220,416210
음성군,금원농장,닭,산란계,,충청북도 음성군 삼성면 능산리,37.0362467833446,127.532185338097,20161226,415003
음성군,이원숙,오리,육용오리,,충청북도 음성군 맹동면 봉현리,36.9429594116729,127.540404321725,20161126,416230
음성군,한영순(정용일),오리,육용오리,,충청북도 음성군 맹동면 봉현리,36.9429594116729,127.540404321725,20161126,416230
음성군,정용성,오리,육용오리,,충청북도 음성군 맹동면 봉현리,36.9429594116729,127.540404321725,20161126,416230
음성군,이미옥,오리,육용오리,,충청북도 음성군 맹동면 봉현리,36.9429594116729,127.540404321725,20161126,416230
음성군,이성이,오리,종오리,,충청북도 음성군 대소면 부윤리,36.9472742215967,127.52422358949,20161125,416210
음성군,형제농장,오리,육용오리,100000.0,"충청북도 음성군 소이면 비산리 963번지 외 4필지(963-2, 963-3, 960, 960-3)",36.9415090450149,127.727711408992,20161128,416230
음성군,정갑동(안재묵),오리,육용오리,,충청북도 음성군 금왕읍 삼봉리,36.9523470813618,127.553269800483,20161126,416230
음성군,,오리,육용오리,,충청북도 음성군 맹동면 용촌리,36.9321796421993,127.522512866118,20161117,416230
음성군,호영농장,오리,육용오리,,충청북도 음성군 대소면 수태리,36.9401623864557,127.505212643988,20161122,416230
음성군,명성농장,오리,육용오리,14751.0,충청북도 음성군 맹동면 용촌리 604번지 1호,36.9261249928712,127.519246694417,20161123,416230
음성군,,오리,육용오리,,충청북도 음성군 맹동면 마산리,36.9366494962001,127.554983736816,20161123,416230
음성군,,오리,육용오리,,충청북도 음성군 맹동면 봉현리,36.9429594116729,127.540404321725,20161123,416230
음성군,김군수2농장,오리,육용오리,,충청북도 음성군 맹동면 마산리,36.9366494962001,127.554983736816,20161123,416230
음성군,강성보(정철헌),오리,육용오리,,충청북도 음성군 맹동면 마산리,36.9366494962001,127.554983736816,20161123,416230
음성군,류근중,오리,육용오리,,충청북도 음성군 맹동면 봉현리,36.9429594116729,127.540404321725,20161124,416230
음성군,김병조,오리,육용오리,,충청북도 음성군 맹동면 봉현리,36.9429594116729,127.540404321725,20161124,416230
음성군,강성보3,오리,육용오리,,충청북도 음성군 맹동면 마산리,36.9366494962001,127.554983736816,20161124,416230
음성군,정찬구,오리,육용오리,,충청북도 음성군 맹동면 신돈리,36.9190966316526,127.526432257216,20161124,416230
음성군,임종혁2,오리,육용오리,,충청북도 음성군 맹동면 본성리,36.9222571041764,127.540989921453,20161125,416230
음성군,대성농장,오리,육용오리,119000.0,충청북도 음성군 맹동면 봉현리 258번지 외 4필지,36.9404183088661,127.547499469501,20161125,416230
음성군,마산농장,오리,육용오리,154000.0,충청북도 음성군 맹동면 마산리 406번지 7호 외 5필지,36.9335303495141,127.5450527405,20161125,416230
음성군,농업회사법인 주식회사 에버그린(금왕지점),메추리,비분류,1084800.0,충청북도 음성군 금왕읍 신평리 307번지 외 12필지,36.9918237885871,127.544248517365,20201208,416498
음성군,늘봄농장,오리,종오리,,충청북도 음성군 원남면 보룡리,36.8863576495064,127.654918601044,20210210,416210
음성군,한국오리영농,오리,종오리,,충청북도 음성군 삼성면 용대리,37.0494453179482,127.522515243028,20210106,416210
음성군,월연농장,닭,산란계,350000.0,충청북도 음성군 생극면 임곡리 145번지,37.0608702896849,127.588307777765,20210119,415003
음성군,,닭,산란계,,충청북도 음성군 대소면 삼호리,36.9558649937714,127.470465006663,20210114,415003
음성군,윤병호,오리,종오리,,충청북도 음성군 감곡면 문촌리,37.1208514757822,127.700226789905,20201223,416210
음성군,세연농장,오리,육용오리,12500.0,충청북도 음성군 소이면 비산리 1003번지 1호,36.9390371688166,127.726425620663,20180315,416230
음성군,참진농장,오리,육용오리,,충청북도 음성군 맹동면 용촌리,36.9321796421993,127.522512866118,20161122,416230
음성군,조성환,오리,육용오리,,충청북도 음성군 맹동면 봉현리,36.9429594116729,127.540404321725,20161122,416230
음성군,(주)한농,메추리,비분류,,충청북도 음성군 금왕읍 신평리,36.9918150019303,127.542151677385,20161231,416498
음성군,농업회사법인 주식회사 에버그린(금왕지점),메추리,비분류,1084800.0,충청북도 음성군 금왕읍 신평리 307번지 외 12필지,36.9918237885871,127.544248517365,20211110,416498
음성군,농업회사법인(주)동일농장 대소3지점,닭,산란계,17550.0,충청북도 음성군 대소면 부윤리 248번지,36.9518798778983,127.531830083045,20250114,415003
음성군,한솔제2농장,닭,산란계,250000.0,충청북도 음성군 원남면 하노리 533번지 2호,36.9018950320052,127.686408536398,20251223,415003
음성군,매봉농장,오리,기타,24390.0,충청북도 음성군 금왕읍 본대리 산 7번지 4호,36.9863427706465,127.536083773134,20211111,416299
음성군,일승오리농장,오리,육용오리,13000.0,충청북도 음성군 금왕읍 각회리 553번지,37.00224867317,127.570960881702,20211116,416230
음성군,사또농장,오리,종오리,,충청북도 음성군 원남면 보룡리,36.8863576495064,127.654918601044,20251229,416210
음성군,매봉농장,오리,육용오리,24390.0,충청북도 음성군 금왕읍 본대리 산 7번지 4호,36.9863427706465,127.536083773134,20241108,416230
음성군,농업회사법인주식회사 동일농장,닭,산란계,44000.0,충청북도 음성군 대소면 삼호리 454번지,36.9506410086947,127.461454544779,20241231,415003
음성군,개나리농장,닭,백세미,60000.0,충청북도 음성군 금왕읍 내송리 301번지,36.9913883008446,127.563160329668,20211122,415008
증평군,쿨바이오,닭,종계,,충청북도 증평군 도안면 화성리,36.8104198085604,127.611148480484,20140325,415005
증평군,매일농장,닭,산란계,,충청북도 증평군 도안면 송정리,36.8408337147688,127.605479983125,20260103,415003
진천군,양호열,오리,,,충청북도 진천군 진천읍 신정리,36.8503518809244,127.459210685011,20031224,416200
진천군,유일농원,오리,종오리,,충청북도 진천군 이월면 삼용리,36.8964064115071,127.46899134191,20140129,416210
진천군,강종규,오리,기타,,충청북도 진천군 덕산면 인산리,36.8674609245803,127.491881235317,20140208,416299
진천군,정지선,오리,육용오리,,충청북도 진천군 이월면 삼용리,36.8964064115071,127.46899134191,20140208,416230
진천군,최광옥,오리,육용오리,,충청북도 진천군 덕산면 인산리,36.8674609245803,127.491881235317,20140210,416230
진천군,대승,오리,육용오리,,충청북도 진천군 덕산면 구산리,36.8782686842861,127.52104614539,20140211,416230
진천군,윤중근,오리,육용오리,,충청북도 진천군 이월면 중산리,36.9107912195304,127.439823252063,20140211,416230
진천군,왕새농장,거위,비분류,,충청북도 진천군 문백면 도하리,36.7632561726143,127.441716528723,20140424,416398
진천군,장석길(허정자),오리,육용오리,,충청북도 진천군 이월면 삼용리,36.8964064115071,127.46899134191,20140131,416230
진천군,김주영,오리,육용오리,,충청북도 진천군 이월면 동성리,36.8938515643768,127.451137812347,20140205,416230
진천군,박명숙,오리,육용오리,,충청북도 진천군 이월면 동성리,36.8938515643768,127.451137812347,20140206,416230
진천군,정달헌,오리,종오리,,충청북도 진천군 문백면 계산리,36.7769488213711,127.41278253139,20140304,416210
진천군,최성자,오리,육용오리,,충청북도 진천군 이월면 중산리,36.9107912195304,127.439823252063,20140209,416230
진천군,유기봉,오리,육용오리,,충청북도 진천군 덕산면 인산리,36.8674609245803,127.491881235317,20140210,416230
진천군,최지웅,오리,육용오리,,충청북도 진천군 초평면 오갑리,36.8575221932838,127.51768925627,20140209,416230
진천군,영광목장,오리,육용오리,,충청북도 진천군 덕산면 인산리,36.8674609245803,127.491881235317,20140210,416230
진천군,모래봉,오리,육용오리,,충청북도 진천군 덕산면 용몽리,36.9101295544338,127.51646010507,20150306,416230
진천군,마정숙,오리,육용오리,,충청북도 진천군 문백면 봉죽리,36.7861436007262,127.419006993639,20150306,416230
진천군,,오리,육용오리,,충청북도 진천군 이월면 삼용리,36.8964064115071,127.46899134191,20161130,416230
진천군,정동신,오리,육용오리,,충청북도 진천군 이월면 삼용리,36.8964064115071,127.46899134191,20161130,416230
진천군,,오리,종오리,,충청북도 진천군 문백면 계산리,36.7769488213711,127.41278253139,20161201,416210
진천군,박덕준2,오리,육용오리,,충청북도 진천군 이월면 삼용리,36.8964064115071,127.46899134191,20161201,416230
진천군,정치해1,오리,육용오리,,충청북도 진천군 이월면 삼용리,36.8964064115071,127.46899134191,20161201,416230
진천군,,오리,육용오리,,충청북도 진천군 이월면 동성리,36.8938515643768,127.451137812347,20161201,416230
진천군,대승,오리,육용오리,,충청북도 진천군 덕산면 구산리,36.8782686842861,127.52104614539,20161202,416230
진천군,냉동오리협회회장,오리,육용오리,,충청북도 진천군 덕산면 합목리,36.9051009206671,127.495435029499,20161203,416230
진천군,,오리,육용오리,,충청북도 진천군 덕산면 화상리,36.8851862965309,127.498155578094,20161205,416230
진천군,박영옥,오리,육용오리,,충청북도 진천군 덕산면 기전리,36.888329423815,127.534620937445,20161205,416230
진천군,정찬선,닭,토종닭,,충청북도 진천군 진천읍 상신리,36.8684084075933,127.477859498779,20161205,415002
진천군,오란다농장,닭,산란계,,충청북도 진천군 덕산면 화상리,36.8851862965309,127.498155578094,20161205,415003
진천군,최광옥1,오리,육용오리,,충청북도 진천군 덕산면 인산리,36.8674609245803,127.491881235317,20161201,416230
진천군,윤중근,오리,종오리,,충청북도 진천군 이월면 중산리,36.9107912195304,127.439823252063,20161207,416210
진천군,중산농장,닭,산란계,,충청북도 진천군 이월면 중산리,36.9107912195304,127.439823252063,20161214,415003
진천군,,닭,종계,,충청북도 진천군 덕산면 구산리,36.8782686842861,127.52104614539,20161210,415005
진천군,,오리,육용오리,,충청북도 진천군 이월면 삼용리,36.8964064115071,127.46899134191,20161207,416230
진천군,원천오리,오리,종오리,,충청북도 진천군 문백면 계산리,36.7769488213711,127.41278253139,20161209,416210
진천군,백일농장,오리,육용오리,,"충청북도 진천군 진천읍 문봉리 23번지 외 5필지(21,22-1,22-3,24,424-1)",36.839965302898,127.397993680682,20161221,416230
진천군,,오리,육용오리,,충청북도 진천군 이월면 삼용리,36.8964064115071,127.46899134191,20161128,416230
진천군,오비야코리아,오리,종오리,,충청북도 진천군 문백면 사양리,36.8143874502834,127.46007614321,20161221,416210
진천군,유일농원,오리,육용오리,,충청북도 진천군 이월면 삼용리,36.8964064115071,127.46899134191,20161126,416230
진천군,,오리,육용오리,,충청북도 진천군 초평면 오갑리,36.8575221932838,127.51768925627,20161128,416230
진천군,이석무,오리,육용오리,,충청북도 진천군 이월면 미잠리,36.9317409451424,127.465961652517,20161128,416230
진천군,주원농산,오리,종오리,,충청북도 진천군 문백면 도하리,36.7632561726143,127.441716528723,20161221,416210
진천군,영환농장,오리,종오리,,충청북도 진천군 광혜원면 금곡리,36.9634806341923,127.441442189522,20220122,416210
진천군,태진,오리,육용오리,,충청북도 진천군 이월면 신월리 685번지 4호,36.9126424184116,127.452467451186,20220202,416230
진천군,정종호,오리,육용오리,,충청북도 진천군 이월면 삼용리,36.8964064115071,127.46899134191,20220208,416230
진천군,원천농장,오리,종오리,,충청북도 진천군 문백면 계산리 169번지,36.779819193169,127.409686965555,20220209,416210
진천군,수지농장,오리,육용오리,,충청북도 진천군 덕산읍 화상리 458번지,36.8833515244951,127.497718749389,20250125,416230
진천군,샤론농장,닭,산란중추,,충청북도 진천군 초평면 오갑리 311번지,36.8733616732415,127.50680017618,20250205,415009
진천군,동골오리농장,오리,종오리,,충청북도 진천군 진천읍 문봉리,36.8409973817303,127.394247008461,20251230,416210
진천군,영농조합법인 정원농장 진천지점,메추리,비분류,,충청북도 진천군 초평면 오갑리 322번지 322-1 322-2 322-3,36.8715525701214,127.505526254497,20251222,416498
진천군,태원농장,닭,육계,,충청북도 진천군 이월면 삼용리 1099번지,36.8917606437945,127.468539084112,20220214,415006
진천군,초원농장,오리,육용오리,,충청북도 진천군 이월면 동성리 881번지,36.8894468056749,127.460126806231,20221027,416230
진천군,성주농장,닭,산란계,,충청북도 진천군 이월면 동성리 838번지,36.8922255040453,127.46327952166,20241228,415003
청원군,,오리,육용오리,,충청북도 청원군 북이면 토성리,36.7464512925538,127.567715077855,20161122,416230
청주시,대길농장,오리,육용오리,,충청북도 청주시 청원구 북이면 대길리,36.7334523390102,127.566486381586,20140306,416230
청주시,,오리,육용오리,,충청북도 청주시 흥덕구 오송읍 쌍청리,36.6410143891959,127.34803208875,20161201,416230
청주시,동평농장,닭,산란계,,충청북도 청주시 흥덕구 오송읍 동평리,36.5970469384202,127.326099960266,20161203,415003
청주시,,닭,육계,,충청북도 청주시 흥덕구 오송읍 오송리,36.6082161515086,127.334373499597,20161206,415006
청주시,최경숙,닭,토종닭,,충청북도 청주시 흥덕구 오송읍 동평리,36.5970469384202,127.326099960266,20161214,415002
청주시,최동출,닭,토종닭,,충청북도 청주시 흥덕구 강내면 궁현리,36.5850272843301,127.370007878738,20161212,415002
청주시,,오리,육용오리,,충청북도 청주시 청원구 오창읍 도암리,36.7353994424502,127.471247889715,20221104,416230
청주시,선경농장,오리,종오리,,충청북도 청주시 상당구 미원면 계원리,36.6012474656422,127.751556840257,20221111,416210
청주시,동평양계장,닭,산란계,,충청북도 청주시 흥덕구 오송읍 동평리,36.5970469384202,127.326099960266,20250321,415003
청주시,삼애농원,오리,육용오리,,충청북도 청주시 청원구 북이면 화하리,36.7413441104077,127.501022278153,20250405,416230
청주시,삼애농원,오리,육용오리,,충청북도 청주시 청원구 북이면 화하리,36.7413441104077,127.501022278153,20221105,416230
청주시,짱구농장,닭,육계,,충청북도 청주시 청원구 북이면 화상리,36.7394856201947,127.492917528326,20221105,415006
청주시,DUK농장,오리,종오리,,충청북도 청주시 상당구 미원면 월용리,36.6320208166281,127.705858718437,20221118,416210
청주시,농업회사법인 나래 주식회사,메추리,비분류,,충청북도 청주시 청원구 북이면 화상리,36.7394856201947,127.492917528326,20221109,416498
청주시,주성농장,오리,육용오리,,충청북도 청주시 청원구 오창읍 괴정리,36.727950710457,127.468081310795,20221110,416230
충주시,,닭,토종닭,,충청북도 충주시 대소원면 만정리,36.9562136471063,127.860899171189,20161208,415002
충주시,채봉농장,오리,종오리,,충청북도 충주시 동량면 대전리,37.046035344483,127.947761346578,20210203,416210
충주시,황실 토종닭 농장 소태,닭,토종닭,,충청북도 충주시 소태면 주치리,37.1461860133709,127.86840099404,20210311,415002
충주시,무지개농장,닭,산란계,,충청북도 충주시 소태면 주치리,37.1461860133709,127.86840099404,20210313,415003
충주시,주덕농장,닭,산란종계,,충청북도 충주시 주덕읍 창전리,36.970896499504,127.771912711041,20260105,415010
충주시,영평농장,오리,육용오리,,충청북도 충주시 대소원면 영평리,36.9935877752128,127.817299605352,20221113,416230
