farm_id,시도명,시군명,농장명,조사날짜,dist_nearest_water,water_area_ratio_3km,paddy_area_ratio_3km
1991ebd8d9d2aaf54b990ceafe52b5a2,충청북도,음성군,-,2021-01-31,0.1763444766878482,0.0307329629951717,0.0918850251679946
0b7074cf1682bfa627717845c377f443,충청북도,음성군,건영농장,2021-01-31,0.0940192572512913,0.0224060303295044,0.1222933678808208
bba667b5414f09d88ee9d307288df0a2,충청북도,음성군,기흥농장,2021-01-31,0.0270475741748009,0.0281600345020851,0.1180280990482576
b7c170632d1a12255abc68461d0f93a3,충청북도,음성군,낙원농장,2021-01-31,0.0653189510845445,0.0274552325001888,0.1517316686867809
05930f267eb2dd3853db1e3cc68ed7b9,충청북도,음성군,농업회사법인 주식회사 에버그린(금왕지점),2021-01-31,0.0501438206895402,0.0259746359575642,0.1301106763567397
066a69c762996c07e6e23f145a075e75,충청북도,음성군,농업회사법인(주)동일농장 대소2지점,2021-01-31,0.030844412638114,0.0451395328356444,0.2436890836792225
af1c1eaa5e75f8836246c63b08d48b9e,충청북도,음성군,농업회사법인주식회사 동일농장,2021-01-31,0.0355363508114211,0.0460184797949597,0.2467566791405363
23c75deb4e3bded8f49d13660c60ca46,충청북도,음성군,대길농장,2021-01-31,0.0482944483896856,0.0251640337112407,0.1377902476075329
6577cd68897ac3d7e346181a37042aff,충청북도,음성군,대동농장,2021-01-31,0.1020636438789633,0.0292629840200086,0.1373863710103746
b91877421e0245fe7f43c46eb99525f6,충청북도,음성군,대박농장,2021-01-31,0.0495090745811322,0.0230141853472803,0.1261155953298113
6cc07af4828e7892ccf1317b28988a14,충청북도,음성군,대박제2농장,2021-01-31,0.0533737066856628,0.0391715447563945,0.2016362594246943
8b5548177c9fe2a6345b6975dcedbc28,충청북도,음성군,두리농장,2021-01-31,0.1453606378565055,0.0282041561239399,0.1180106779315787
244a6440e9a46e7115a9b76444989f5c,충청북도,음성군,류봉농장3,2021-01-31,0.0444684310922579,0.0234710391866679,0.1288291703016297
4b66e5d05941d536038b2672cc51ae8d,충청북도,음성군,만석농장,2021-01-31,0.0174220730421842,0.0149196047914109,0.065599710388073
b79cf439df7b369455ba458b9b6b7901,충청북도,음성군,명성농장,2021-01-31,0.11042841876565,0.0313470114903175,0.1309619798604923
f1030b0aac268046f698082bc95d4d6d,충청북도,음성군,모란농장,2021-01-31,0.0485279540468522,0.0263419132846138,0.1437050783255015
b2aefeb5e2175eb69382d92d3d95790f,충청북도,음성군,벧엘농장,2021-01-31,0.0933428547114307,0.0316265139585357,0.1354007755550448
109881e3aaea08fff77acb0b5a06d8d3,충청북도,음성군,복숭아농장,2021-01-31,0.1714895146488806,0.0172383254173216,0.0645050482764074
9edd242bbc3976a90cf1794d51d8e61f,충청북도,음성군,부광원,2021-01-31,0.0003311643747951,0.0267092581293188,0.1382612496318064
b3b629ffc9dc32dd62ced336756da9c0,충청북도,음성군,부윤2농장,2021-01-31,0.0551852660919627,0.0256581081235943,0.152298086449156
5aff4ad8774f5a39f17871e7fffb6f96,충청북도,음성군,부윤농장,2021-01-31,0.057444243009211,0.025998604718608,0.1506587882755497
f85c1b715a806c161a3e99cc8e571a67,충청북도,음성군,삼용농장,2021-01-31,0.2018481706934325,0.0359964818659695,0.040224850722743
e20e49061ff9882492a7a0591368972b,충청북도,음성군,삼원농장 1,2021-01-31,0.0170370568505076,0.021485600274174,0.1126416932937703
ed7c56204009439cbf0b95b843e61205,충청북도,음성군,상당농장,2021-01-31,0.1128762849270993,0.0175091797617547,0.0777980270596188
4db4df03d8c6b71a5173a8f5badf34db,충청북도,음성군,상미양계장,2021-01-31,0.4510314312519383,0.0196077764835545,0.0833248627841799
c574c97f1f947b2b3055534408b07be7,충청북도,음성군,서원농장,2021-01-31,0.0259953401258015,0.0299052257411998,0.1333613427801045
b6b54dec64b21c01b923fc67265116ea,충청북도,음성군,석우농장,2021-01-31,0.0538398212465901,0.017872689705456,0.0452534215461301
18f705fb6c96ed6301b0bb8c6a7a63ca,충청북도,음성군,수농장,2021-01-31,0.2781725834411753,0.0342844654467477,0.1910536363387111
1cb8272c49d41fed36a864a310045211,충청북도,음성군,아람농장,2021-01-31,0.0751717255671692,0.0221114299888019,0.1115603359041643
08c4456a49e52d7345ba60df0a9c34f1,충청북도,음성군,에덴농원,2021-01-31,0.1585155755606609,0.0162058358621357,0.103725410501624
ca968612585ba9b3528256a6f6313f35,충청북도,음성군,열희농장,2021-01-31,0.0671043798258878,0.0181232369024139,0.0608265078288088
83ee9a202e7b157c20eaa34a356e44d1,충청북도,음성군,왕봉농장,2021-01-31,0.0220627475499169,0.0212575937394785,0.1100417872705827
1f265d4ef45df4eba35d4801bb6bc4ab,충청북도,음성군,용원농장,2021-01-31,0.0125936709219872,0.0247421962330835,0.1376352931175123
ff282c7513dd016be706568452c6dfe5,충청북도,음성군,우리농장,2021-01-31,0.1132201651985935,0.0351738789495376,0.1810020912292022
6a0eb86f90eecaf24dda4a5f6d9ca743,충청북도,음성군,이레농장,2021-01-31,0.0983019031591771,0.0239524115122802,0.1215141214388504
4ecdcc4a02fbc6d9131712e8ec9ff565,충청북도,음성군,일승오리농장,2021-01-31,0.126251211719351,0.0285526781057319,0.0896465651501803
48c31d78fd610161d56c7066a483805a,충청북도,음성군,자연농장,2021-01-31,0.146741502340028,0.0297349229959212,0.1309666713413086
c5195a893649e7318521c34c894cdcbc,충청북도,음성군,장수농장,2021-01-31,0.0533968398722348,0.0301524472882251,0.1948283896340375
132a48d6c190e48873dc3577c254bb9e,충청북도,음성군,중원농장,2021-01-31,0.0992336556372304,0.0158485913262414,0.0995530915466465
20382f7d5c8f96a4d19b41683cef7809,충청북도,음성군,진영농장,2021-01-31,0.0824343812536384,0.0329210523747553,0.0909759686450869
20382f7d5c8f96a4d19b41683cef7809,충청북도,음성군,진영농장,2021-01-31,0.0824343812536384,0.0329210523747553,0.0909759686450869
ca110a6cbe37c95cf6a1cbb260743e9d,충청북도,음성군,짱구2농장,2021-01-31,0.05268240602675,0.0251786831752842,0.140136960672065
8c9637eadc481048b3bee3f59502abfd,충청북도,음성군,청해농장,2021-01-31,0.0179688447185024,0.0243366825822633,0.1895161852964267
d67f52aad9e800b5a15f6c07ffe8fd0c,충청북도,음성군,태호농장,2021-01-31,0.036702281738539,0.0243513090225264,0.1149381777299564
48f779bb4e40a2f9239288dd791c471a,충청북도,음성군,태호농장 2,2021-01-31,0.0954322330507172,0.0211148926102282,0.0991062136956618
f3e23f3e3f4599f1191a53c3f407ca4a,충청북도,음성군,한가람농장,2021-01-31,0.11042841876565,0.0313470114903175,0.1309619798604923
1858cef3c2718a9fac20c5b3cb7ab671,충청북도,음성군,한국오리,2021-01-31,0.053486988718684,0.0204039798198016,0.08212873968667
02fa9e29e8f9e4da5b6519dbee9207c5,충청북도,음성군,한마음농장,2021-01-31,0.7053816931334569,0.0386083088156751,0.0200240291123789
473096fe93952bdeb65262b72f99e326,충청북도,음성군,한삼농장,2021-01-31,0.0430394233397225,0.0163521862052108,0.1106775213958991
99513497a51e1962e753a27db9aad559,충청북도,음성군,한솔제2농장,2021-01-31,0.050724598670955,0.0180389556322815,0.078679999672554
d2fdcd2223f29121aa9ab1874e091c9b,충청북도,음성군,한울,2021-01-31,0.0382328806957401,0.0235419640197404,0.1380289520414441
a3e52752905030ceddb3ea53a3e58e41,충청북도,음성군,해피그린농장,2021-01-31,0.0942570326848591,0.0221175515966309,0.1505755591027237
6a82afcedfb3029753568fcdf0f5ef4d,충청북도,음성군,형제농장,2021-01-31,0.0876320453447428,0.0156117093598515,0.0685173256745463
0c3f513448fc051abf39de6510c7f703,충청북도,음성군,형제메추리농장,2021-01-31,0.0726785304299683,0.0116980133712845,0.0548870128594184
bab15d69b23a630605786459b301be02,충청북도,음성군,호영오리,2021-01-31,0.0152515663885814,0.0314179347795609,0.1479363122552086
90c93d64019dc64fe167a9d865935882,충청북도,음성군,개나리농장,2022-02-07,0.0559684012549031,0.0146958959659307,0.09904373108373
dde11e6908715ad91245b6206a78fd6a,충청북도,음성군,건영농장 2,2022-02-07,0.0415582387114097,0.0224525036617719,0.1187321989256886
5ddc84a801916b29919a6257e5edaf36,충청북도,음성군,골든팜,2022-02-07,0.028760760939567,0.0249370457734301,0.1363794461553762
dacc34c93e48f4d5b27b08da18df4a45,충청북도,음성군,기쁨농장,2022-02-07,0.0620411246683382,0.0222519593457887,0.0467758678476786
ba9356b98dbe479dc6812a3a0117364f,충청북도,음성군,남율농장,2022-02-07,0.083831426236517,0.0350188636383987,0.1143830972675536
8e5ea74b7ca0a7054d5c3de1c97f39fc,충청북도,음성군,농업회사법인 (주) 조하 삼성지점,2022-02-07,0.4295283167536121,0.0294175842392873,0.1667961757803183
05930f267eb2dd3853db1e3cc68ed7b9,충청북도,음성군,농업회사법인 주식회사 에버그린(금왕지점),2022-02-07,0.0501438206895402,0.0259746359575642,0.1301106763567397
70a0fdcec6572a0966f95b0b40e41e4d,충청북도,음성군,농업회사법인(주)동일농장 삼성지점,2022-02-07,0.1015546741104477,0.0385708682346489,0.1469450185190785
ce814bb5359cfb0599465401cd8bad14,충청북도,음성군,농업회사법인(주)동일농장 생극지점,2022-02-07,0.2219954393382069,0.0306039707945604,0.1070367095249618
c7cf6d2a30bc133b6205f598c420516e,충청북도,음성군,농업회사법인주식회사알부자,2022-02-07,0.053486988718684,0.0204039798198016,0.08212873968667
4e3b5d5aa4aaa1c364f1584c04ff7cd3,충청북도,음성군,대성농장,2022-02-07,0.036004197460462,0.0232103966818947,0.1596828340767926
22f179b512100494afa28157c09d42ff,충청북도,음성군,대성농장 2농장,2022-02-07,0.0442412582598881,0.0185192380161057,0.089507257618554
425e8be97bac7a67ea643930a6d8f8bb,충청북도,음성군,대진양계장,2022-02-07,0.0467635564740607,0.0163142829756182,0.1103549206563078
016e086af36c5f6d8885e500947ec7ef,충청북도,음성군,덕동오리농장,2022-02-07,0.0088474407231999,0.031490827505976,0.0917287313338926
23c30c16c8e951b004f6dd8b9e16f5a3,충청북도,음성군,두재농장,2022-02-07,0.1671133507104038,0.0266357012759817,0.1396848815434355
5e90a0b0af9eaf12ae377d4e5a4e16ea,충청북도,음성군,류가네농장,2022-02-07,0.0509838274957305,0.0232507140007698,0.1219427398155567
13be76de3aa95c40a1bed9b163ba2c97,충청북도,음성군,류봉농장,2022-02-07,0.0121590739021231,0.0228502626045258,0.1252901002296954
d7e625a9d656fc546f01e77c48ba6a2c,충청북도,음성군,류봉농장3,2022-02-07,0.0444684310922579,0.0234710391866679,0.1288291703016297
64367ec7cf707bce24a2102d71a61cba,충청북도,음성군,매봉농장,2022-02-07,0.1510662669561992,0.0216682658989656,0.1427946081534435
a041bc0de2add48bc8f743a3c132dca4,충청북도,음성군,미곡농장,2022-02-07,0.0535769874931731,0.0392721752701714,0.2035460220859836
ce080347a83bb1c478aa89a5465e6c8f,충청북도,음성군,민섭민준이네농장,2022-02-07,0.11042841876565,0.0313470114903175,0.1309619798604923
46770634bf188c544ae23b1f7ab966df,충청북도,음성군,민지농장,2022-02-07,0.0560441189569223,0.0248578668663625,0.1382820176103545
92082e077e9571f49ea6f6b163ef463c,충청북도,음성군,벧엘농장,2022-02-07,0.025617735910369,0.0256398367449635,0.1414207222978481
b2aefeb5e2175eb69382d92d3d95790f,충청북도,음성군,벧엘농장,2022-02-07,0.0933428547114307,0.0316265139585357,0.1354007755550448
08cb92bdf2d5949b79dff4260224c3a3,충청북도,음성군,보람농장,2022-02-07,0.0355721079237348,0.0240273531102859,0.1372007272380783
4a182b8fb318cefd136133c30c827786,충청북도,음성군,부광원,2022-02-07,0.0003311643747951,0.0267092581293188,0.1382612496318064
66be91189a12fc648b46d865cd48dda1,충청북도,음성군,삼원농장,2022-02-07,0.0939081488096619,0.0224134716819143,0.0261948779111802
84f87c4a83c7043388c4662d9e826d52,충청북도,음성군,새봉암농장,2022-02-07,0.0315730519301919,0.024525260788548,0.1364111269943567
94a3933dc40d80de341bdddc7772d1d8,충청북도,음성군,서당골오리농장,2022-02-07,0.2596160073980685,0.0249186882850802,0.1415079420229231
b6b54dec64b21c01b923fc67265116ea,충청북도,음성군,석우농장,2022-02-07,0.0538398212465901,0.017872689705456,0.0452534215461301
e72c7c1343c372ebbfe5c96c026bfa27,충청북도,음성군,성은농장,2022-02-07,0.2287373338289473,0.0440014640720702,0.0839850432228694
3566da96eeb56b641b2e561d6fc330d9,충청북도,음성군,세움팜스,2022-02-07,0.0653189510845445,0.0274552325001888,0.1517316686867809
1984c11334c0fd6b1299178d78deed26,충청북도,음성군,솔그린농장,2022-02-07,0.2053364397908341,0.0196856564027843,0.0239950866760436
cb982501e54ddd7650c6f9ccce7b3b26,충청북도,음성군,신우농장,2022-02-07,0.0547155812886756,0.0253062452243689,0.1409827821942365
bac175ae8153bddfda06ebdf0582f3f9,충청북도,음성군,안골농장,2022-02-07,0.1037430392816547,0.0324625713084927,0.1575876136366226
a7a5fab1d473fe82f2f43d3ce1867885,충청북도,음성군,알부자제2농장,2022-02-07,0.1296914405384829,0.0311738004024503,0.0578999114937777
83ee9a202e7b157c20eaa34a356e44d1,충청북도,음성군,왕봉농장,2022-02-07,0.0220627475499169,0.0212575937394785,0.1100417872705827
5cecd532c086d8475bee4610f1731f4d,충청북도,음성군,월연농장,2022-02-07,0.1163787537848004,0.0280993442851054,0.1244940979177034
6bb20a8660fa8c333e306b7836f8c4cf,충청북도,음성군,육일농장,2022-02-07,0.0459162949937857,0.0336436755585195,0.1363833922303848
9ed3ea0c65506970e21f27229646c464,충청북도,음성군,음성농장,2022-02-07,0.4513467356643621,0.0184453975260859,0.07562431227969
90e91bb6dd044cac5ae313d0793f0aa7,충청북도,음성군,음성농촌관광농원,2022-02-07,0.1551127605331328,0.0161910149670918,0.0442912219045909
1b399dfabd2074f83ccd542b7013948d,충청북도,음성군,장군농장,2022-02-07,0.0152515663885814,0.0314179347795609,0.1479363122552086
cf6289d7adb862b799221727136dc9ec,충청북도,음성군,정우농장 2,2022-02-07,0.2740530338982507,0.0286765588302196,0.0946924074328121
f25d2d29cd7a73d8f0e2783c83c6769b,충청북도,음성군,준희농장,2022-02-07,0.0563931655625194,0.0249676688108846,0.1391251295274613
3d743505888837cea2c3298016a48e3a,충청북도,음성군,중부농장,2022-02-07,0.2899279359132971,0.0154976142377903,0.0763158842989833
20382f7d5c8f96a4d19b41683cef7809,충청북도,음성군,진영농장,2022-02-07,0.0824343812536384,0.0329210523747553,0.0909759686450869
684e0e4b46f2d716d318aa5066062efc,충청북도,음성군,파랑새농장,2022-02-07,0.2843472970402027,0.0372730967454386,0.1804729210966104
b9f009b708abf011ed3c1fb57dcc5ae1,충청북도,음성군,한빛타조농장,2022-02-07,0.0509838274957305,0.0232507140007698,0.1219427398155567
c7f2a5f103fb9a2288c2029886df4fbb,충청북도,음성군,한서농장,2022-02-07,0.2929507962273227,0.0231782377635745,0.127511205998182
8aa17b01fb6d277ede1a6395b00120b6,충청북도,음성군,한울,2022-02-07,0.0206646683216832,0.0239517712382015,0.13785706113334
604b90307ee02a59da0b7bd66129636e,충청북도,음성군,현일농장,2022-02-07,0.0388173555980096,0.025088678556276,0.1437037150636141
c88a66acf457f356d79bb5c70dfff2f6,충청북도,음성군,형제농장,2022-02-07,0.0876320453447428,0.0156117093598515,0.0685173256745463
addac7d2c6d93c72dcee509edb405d45,충청북도,음성군,홍백농장,2022-02-07,0.1591549015541586,0.0305246681036881,0.1524279370063582
b55a5e481fdbc7edeebe671325a298dd,충청북도,음성군,황금농장,2022-02-07,0.1763444766878482,0.0307329629951717,0.0918850251679946
ee8e3456d76f712d88b32eea54d43ede,충청북도,음성군,가인농장,2024-08-24,0.0482944483896856,0.0251640337112407,0.1377902476075329
be0261a7f74b76b088021cbe50aedfa1,충청북도,음성군,감곡벤처농장,2024-08-24,0.2053364397908341,0.0196856564027843,0.0239950866760436
8a47672843cefca3e02356ed3e1ed3b3,충청북도,음성군,갑산농장,2024-08-24,0.0764316301171441,0.0130245221334065,0.0598095054355459
11db94428a8a62941cf4e38f17de98e7,충청북도,음성군,계구쟁이농장,2024-08-24,0.020512703388156,0.0277515552238798,0.1789312025242737
1ca72724718e3d069b8da2ad4d3f3712,충청북도,음성군,계구쟁이농장,2024-08-24,0.020512703388156,0.0277515552238798,0.1789312025242737
e3a5586e435ff6377ee0c8e7693897df,충청북도,음성군,국현농장,2024-08-24,0.0533595678038521,0.0249040144269129,0.1404646336684705
3bfd318d9828130660c4555ee18874fe,충청북도,음성군,남율농장,2024-08-24,0.083831426236517,0.0350188636383987,0.1143830972675536
8e5ea74b7ca0a7054d5c3de1c97f39fc,충청북도,음성군,농업회사법인 (주) 조하 삼성지점,2024-08-24,0.4295283167536121,0.0294175842392873,0.1667961757803183
ce814bb5359cfb0599465401cd8bad14,충청북도,음성군,농업회사법인(주)동일농장 생극지점,2024-08-24,0.2219954393382069,0.0306039707945604,0.1070367095249618
ccfb28be99f73d87e65c15026289e8a6,충청북도,음성군,농업회사법인(주)조하,2024-08-24,0.0228918373489337,0.0247865691603382,0.1366747016539201
af1c1eaa5e75f8836246c63b08d48b9e,충청북도,음성군,농업회사법인주식회사 동일농장,2024-08-24,0.0355363508114211,0.0460184797949597,0.2467566791405363
1676746303a8751910ae08507cd247d5,충청북도,음성군,농업회사법인주식회사알부자,2024-08-24,0.053486988718684,0.0204039798198016,0.08212873968667
8b6e429466f361dfc191a50c1bc085c6,충청북도,음성군,누리농장,2024-08-24,0.0682569096470793,0.0312850309713112,0.1226464621484063
8b0d7e3827c02ad7bb557da74821ac66,충청북도,음성군,늘푸른농장,2024-08-24,0.0513571896640047,0.021520980340157,0.113849440613739
09da6784853a23d3eea985f05c3a9a46,충청북도,음성군,대금 유정란 농장,2024-08-24,0.036004197460462,0.0232103966818947,0.1596828340767926
b91877421e0245fe7f43c46eb99525f6,충청북도,음성군,대박농장,2024-08-24,0.0495090745811322,0.0230141853472803,0.1261155953298113
f88416e5c133bbdc0485322791af8f34,충청북도,음성군,대성농장,2024-08-24,0.0726795576455583,0.0202000774480628,0.0986596858394488
8b864a62af1c7282c48a4ac1d7ee6ba0,충청북도,음성군,대왕농장1,2024-08-24,0.0509838274957305,0.0232507140007698,0.1219427398155567
86cd7a53e32b36900d226388b8f26dc2,충청북도,음성군,류봉농장2,2024-08-24,0.0427064243510939,0.0254582703649935,0.1546428947388757
64367ec7cf707bce24a2102d71a61cba,충청북도,음성군,매봉농장,2024-08-24,0.1510662669561992,0.0216682658989656,0.1427946081534435
e18a89968505959d4cde85c43319075d,충청북도,음성군,무궁화농장,2024-08-24,0.0526768722057739,0.0253390170144938,0.1408303790504762
e141ee357fe94afa2a37ff63753cbaee,충청북도,음성군,미곡농장,2024-08-24,0.0535769874931731,0.0392721752701714,0.2035460220859836
96e7265fdd5a54b37cc0e059dc821368,충청북도,음성군,민들레농장,2024-08-24,0.1278069398689323,0.0306832674147649,0.116202602830936
5aff4ad8774f5a39f17871e7fffb6f96,충청북도,음성군,부윤농장,2024-08-24,0.057444243009211,0.025998604718608,0.1506587882755497
5f2c8ec27c2aac60db3fdf7cfe4a7ef0,충청북도,음성군,삼봉농장,2024-08-24,0.1023745047471086,0.0186105953496325,0.0973126001704254
b2b7e67276027f1dcf61c7890018a42a,충청북도,음성군,상당농장,2024-08-24,0.1128762849270993,0.0175091797617547,0.0777980270596188
a9e8b9135694134fd32ac46983b54bba,충청북도,음성군,새시대목장,2024-08-24,0.2482088448242546,0.0125782528646814,0.0696932273744874
b8f1ec2c32d2c4da08028cc608ac55b1,충청북도,음성군,생금,2024-08-24,0.036004197460462,0.0232103966818947,0.1596828340767926
d1c310f360a6b94d477021cdbb1444cd,충청북도,음성군,서가팜,2024-08-24,0.1149988834262671,0.032550672813584,0.1584084143137065
b8bcfcc9fd5f0fa031f1b1cff97863c7,충청북도,음성군,세연농장,2024-08-24,0.3753954009351964,0.0167038278998961,0.0763319252267114
1a872618a6e71b743029b2091dc1e1a4,충청북도,음성군,세움팜스,2024-08-24,0.0653189510845445,0.0274552325001888,0.1517316686867809
b4187bfd1f98d2b92c9f97827c1fc143,충청북도,음성군,소이가든농장,2024-08-24,0.2793145207269052,0.0272763099141152,0.120443189294764
1984c11334c0fd6b1299178d78deed26,충청북도,음성군,솔그린농장,2024-08-24,0.2053364397908341,0.0196856564027843,0.0239950866760436
e11f6340d6a5603979d5b4c7e266642c,충청북도,음성군,솔뫼비농장,2024-08-24,0.0530965241783723,0.03006781601299,0.1798967661993179
dc5bb9770d232ca176a96f406cb4651d,충청북도,음성군,송계농장,2024-08-24,0.3827353949380011,0.0336501396176309,0.1208539684368518
df045b7f2fe3380c5d5b6c92427c9b7c,충청북도,음성군,송림농장,2024-08-24,0.1847029840856061,0.040794354507727,0.1291139869591882
18f705fb6c96ed6301b0bb8c6a7a63ca,충청북도,음성군,수농장,2024-08-24,0.2781725834411753,0.0342844654467477,0.1910536363387111
f87f652cbd7422f81a69146eb72775f6,충청북도,음성군,승순농장,2024-08-24,0.2646775673142039,0.0304972028461628,0.126486024449558
1cb8272c49d41fed36a864a310045211,충청북도,음성군,아람농장,2024-08-24,0.0751717255671692,0.0221114299888019,0.1115603359041643
69044986f29b72a636a9423f7c0d3892,충청북도,음성군,아스타,2024-08-24,0.1142267736453564,0.0224537646442422,0.1209356646596962
f3d01cf4f770ae09fa117a1735a418bc,충청북도,음성군,열음농장,2024-08-24,0.1630684039928296,0.0288465637133771,0.0903859106737039
1da2d752ffe08f1d7d4fd955664e8f8b,충청북도,음성군,원남농장,2024-08-24,0.3878015600097791,0.0119914386572851,0.0523133236799004
22a31bb036140bcd17192a167640bd86,충청북도,음성군,윤호농장,2024-08-24,0.0527687401654777,0.0254677821734509,0.139825582263686
d7c27aba0d0272dc299a1594a1e405ba,충청북도,음성군,이루미농장,2024-08-24,0.0415582387114097,0.0224525036617719,0.1187321989256886
d9146a61d5c0d6d3c1ac9f876a404cb0,충청북도,음성군,이엘농장,2024-08-24,0.1635598640701924,0.0600486381682036,0.03222060796403
2786a43ad0986c06c34aded02102630c,충청북도,음성군,장수농장,2024-08-24,0.0533968398722348,0.0301524472882251,0.1948283896340375
397321a6d10a4f8ed53e07ed75d350e2,충청북도,음성군,장수농장,2024-08-24,0.2097337605287743,0.0183079789385582,0.084495232315315
c225070d7b0944bf1cca88e967448de0,충청북도,음성군,정우농장,2024-08-24,0.6319217350245857,0.0118066524243124,0.028735242092306
725753ee4332e8a38f3320c6041e8070,충청북도,음성군,하얀구름,2024-08-24,0.011187862536319,0.0214905518172612,0.1131239901139443
48c374091ce98b6caf9b6e814232c182,충청북도,음성군,한울,2024-08-24,0.0206646683216832,0.0239517712382015,0.13785706113334
6d5f34dc80d774cd6d2a26d122398b2d,충청북도,음성군,해건농장,2024-08-24,0.0195236060239479,0.0452222042513429,0.0245375913562662
996428131093a76b61a8a6dd7fe1b34d,충청북도,음성군,햇살농장,2024-08-24,0.0315730519301919,0.024525260788548,0.1364111269943567
ee134af2eafd704023468c357cafb01e,충청북도,음성군,행복농장,2024-08-24,0.238702938872621,0.031288583495118,0.1253197687569057
76e1ded08927a6ed426afc8c28826987,충청북도,음성군,향촌농장,2024-08-24,0.0802619154249664,0.0313355889241895,0.1903833282739427
39c9dd27fde053508b91516a70a304d4,충청북도,음성군,형제농장,2024-08-24,0.0876320453447428,0.0156117093598515,0.0685173256745463
6644f4ee3928a5c0852d5ac03919c21f,충청북도,음성군,환희농장,2024-08-24,0.0547155812886756,0.0253062452243689,0.1409827821942365
2818d41c2b06903998db3d51cb805cf0,충청북도,음성군,황새농장,2024-08-24,0.1551022574095656,0.0267313326364765,0.1306380649760577
5815db0f7dfdaef25f503056301f1ada,충청북도,진천군,(주)드리밍에그,2026-04-07,0.1754696237790806,0.0181440867974621,0.0805742709706594
d636c44ae43d8fdecf28954879ba0dc1,충청북도,진천군,갈미농장,2026-04-07,0.0234631479491523,0.036060379246392,0.2285260049897484
f547e51374f68995b9e809c50c337b7f,충청북도,진천군,건농장,2026-04-07,0.1829128307835419,0.0370508026533297,0.2586811322023667
0c47cca25886198d1baef441a7aaad2b,충청북도,진천군,규해농장,2026-04-07,0.2459700825704295,0.0794177020271582,0.0883257189674203
a3f9bc2352b6d857a3778a0cd5fc01e9,충청북도,진천군,꿀물농장,2026-04-07,0.0109908212337794,0.0335724525791621,0.1872909695923452
ffbc24abe766f6c1072965716fd507bc,충청북도,진천군,꿀벌농장,2026-04-07,0.068302558791264,0.0349176333636628,0.1832164517283439
5a0444c4359ae9bf205aca6672bcb222,충청북도,진천군,꿍이네농장,2026-04-07,0.0283535936732593,0.0329490822307681,0.1427773172392057
66f841793844c1c868daacd828bee1e4,충청북도,진천군,낙천그린농장,2026-04-07,0.1574572190971534,0.0533079111755682,0.3004831922706235
50a7b67238b59b6013ad7fda51d3c98a,충청북도,진천군,농업회사법인(주)동일농장 이월지점,2026-04-07,0.0534771984317123,0.0438840844873528,0.2448591900744663
5187eb619fe4b771688242f640f935ab,충청북도,진천군,농업회사법인(주)동일농장이월2지점,2026-04-07,0.0536270575146638,0.0428172225220539,0.2439384714135089
2526552fdf4441d5968127432d1af283,충청북도,진천군,농업회사법인(주)에버그린 진천지점,2026-04-07,0.3308327527612055,0.0414329929150559,0.2502279839903645
7279af17b23c133fa45a08c1a3376260,충청북도,진천군,농업회사법인(주)유정마을 진천지점,2026-04-07,0.0498904451607004,0.0533302842748408,0.3043040496275643
0a57069fd4bf6405074eccedb65c1a4a,충청북도,진천군,농업회사법인(주)재유농원 진천지점,2026-04-07,0.1297062786096229,0.0632510734623298,0.2933583644445939
d74d08d448d5f0dcacb95e376e075291,충청북도,진천군,단원농장,2026-04-07,0.0455588726420174,0.0356131476901395,0.224660375754577
d0bea9438b302fd2697c2624070b8b49,충청북도,진천군,대국농장,2026-04-07,0.2420895669596063,0.0263578439524471,0.0387883393188841
3caa477d9873cd8cad4e67c58f6a97fd,충청북도,진천군,대승농장,2026-04-07,0.1741287524069169,0.0312037509465443,0.1634813150072933
96bface3f51d1d822ed7a4d5f846eabc,충청북도,진천군,대정농장,2026-04-07,0.0385624308493059,0.0346255122042789,0.2049551205217717
4e405be52df3d42bb7b323ba37a0c84c,충청북도,진천군,대호농장,2026-04-07,0.1548506805443371,0.0365714620490626,0.1840901991316833
3770942d6a4726a2124c2fd8c7c79cc7,충청북도,진천군,덕산농장,2026-04-07,0.0553142842027704,0.0445938354858047,0.2728349007398293
5760c61f5e6ad8c967890de1b9d42f28,충청북도,진천군,도날드농장,2026-04-07,0.0135332189783643,0.0706000582104761,0.0832176695786384
4d5fae40b0b71df5f729e50b2a68d74d,충청북도,진천군,도원농장,2026-04-07,0.3131935435804774,0.0327197755748515,0.1774143207863521
16832ee1c72e06068d290091c09f7d5e,충청북도,진천군,디딤돌농장,2026-04-07,0.0819564004646275,0.0351575467048227,0.2020196125843673
a3327ad2d7154fb047de3d8918ab630f,충청북도,진천군,모래봉농장,2026-04-07,0.1613180522842494,0.0335907217241849,0.1262084786175293
acfcc1282e24fdbb5125342231b8a52a,충청북도,진천군,문백축산,2026-04-07,0.4739248148416274,0.0142366493748282,0.0628355149451967
97c60682cd4a4734736b22a9d53fee98,충청북도,진천군,미래축산,2026-04-07,0.0385624308493059,0.0346255122042789,0.2049551205217717
62110041f3daa6db64050256708e3e23,충청북도,진천군,미호농장,2026-04-07,0.0,0.0515751731765133,0.3021828650595339
78fa9b41c878bc5361184a953d714c0b,충청북도,진천군,박** 농장,2026-04-07,0.0327634547577167,0.0307517312572736,0.2230441410167269
08a5aa79d928716491ab265afd242e6e,충청북도,진천군,백일농장,2026-04-07,0.4505157953402962,0.0392489996192835,0.039186138892834
d48bd6094009d374702212a20c87a2ea,충청북도,진천군,별이네농장,2026-04-07,0.0283535936732593,0.0329490822307681,0.1427773172392057
90bc810cf2e2f9992962e4826ecb61ba,충청북도,진천군,부림1농장,2026-04-07,0.0944294521567076,0.0513740016552205,0.2942026396302138
cfc115b49d8063f867e8cfeb4a016a6a,충청북도,진천군,부림2농장,2026-04-07,0.0301035998803174,0.050683992499313,0.2911250907935767
3482cca9e8c24ceecb2c6c853ba8052e,충청북도,진천군,부성농장,2026-04-07,0.0750691770318775,0.0229066941586711,0.1839378322489442
0783add989ee84cf3652b4877ad7f604,충청북도,진천군,비에스에코팜,2026-04-07,0.0459221516505276,0.0532838718296998,0.3088425499096964
17e907c5fe82c996d62832f9e6f191d8,충청북도,진천군,사랑오리농장,2026-04-07,0.0529450408771649,0.0343261285397091,0.0812407439972764
290c6b80a611b26db834b10fb8119411,충청북도,진천군,샤론농장,2026-04-07,0.0331580057633152,0.0370502117840894,0.2210820994689059
d68c70180c4790899f442b97fd0184bb,충청북도,진천군,서경 농장,2026-04-07,0.1563796057839749,0.0355041662815677,0.2143362708512736
fd729ed2364ec92a3b63bcf2dcf6aadf,충청북도,진천군,석화농원,2026-04-07,0.2587299453475012,0.0386831233121215,0.1797089919552467
aa4e4a5942b65d97c6083c1dab697d1b,충청북도,진천군,선농장,2026-04-07,0.0499989530817781,0.0524249820983281,0.2976461372844836
f8b47abfe4b4850af913b2c884f65e38,충청북도,진천군,선민농장,2026-04-07,0.0135332189783643,0.0706000582104761,0.0832176695786384
706b216bb92d543262e29ec42c9b6267,충청북도,진천군,성주농장,2026-04-07,0.0334303260067564,0.0341861691711935,0.2008727755409148
c0ac47c0ec07a3484880671f336ac192,충청북도,진천군,송림농장,2026-04-07,0.0181502103041581,0.03643137730181,0.1705093286076306
4d363db35f55ea94a53e696230b0336d,충청북도,진천군,송원농장,2026-04-07,0.0200490918991972,0.0303900762187714,0.2166543711525714
851f278be4af2600e3eb336aaf9e3831,충청북도,진천군,수지농장,2026-04-07,0.0580338360697229,0.0437961877280221,0.2355041779632867
c84fc2aaf0a40b8fb969edbdf75bade8,충청북도,진천군,시골농장,2026-04-07,0.0130496989919709,0.0122505781476893,0.0202628073503101
55845da36762211c17eea2e1f0f1a878,충청북도,진천군,신영농장,2026-04-07,0.1435331877946683,0.0362918149597636,0.2310397032505904
79eb5f9bdb41eec0631b5d115b7c4c1f,충청북도,진천군,양촌농장,2026-04-07,0.0133255624408683,0.0388162069817198,0.1631473429179074
61d1375ef24e8be2528696ae110e8b4e,충청북도,진천군,엄지농장,2026-04-07,0.0510812314774756,0.0524392050534243,0.3018604310635402
17b66f273ccbb4dc72260d71fe1a6dae,충청북도,진천군,엄해열,2026-04-07,0.334519037637444,0.0367658802918012,0.1595274311336201
6bb66abc0970335fee9664aeaee20585,충청북도,진천군,에그랑농장,2026-04-07,0.260285944003445,0.0397322158780163,0.1818068853670192
68d432dcf1464b6f0bd68232c936d500,충청북도,진천군,에코팜,2026-04-07,0.3400343466662805,0.083766014926743,0.2812464200698667
48266876b7c0878050a0b61d641c077f,충청북도,진천군,여명농장,2026-04-07,0.0234062371780469,0.0084733931350538,0.0223117833133666
150b5b01b851dcbab291453bc61014e3,충청북도,진천군,영농조합법인 정원농장 진천지점,2026-04-07,0.1077363642764468,0.0364307155768601,0.2314223764682756
4956f4b80c5767b09494474175cbf8e7,충청북도,진천군,영민 농장,2026-04-07,0.0118375287825151,0.0084880590641846,0.0213833309047664
c9e19245005cd7abc75894bd4d0e02cf,충청북도,진천군,예민꿩농장,2026-04-07,0.3185237364043541,0.0161344884520543,0.0566367587174879
c2c730fcf1249de370ea6e64aee24a32,충청북도,진천군,예서농장,2026-04-07,0.1315646541020367,0.0362568951971919,0.143145103998778
2afcb9590ac98059adb760d1049bfa83,충청북도,진천군,오갑농장,2026-04-07,0.0299602423754932,0.038928618069588,0.1879749791958742
2a75ce5b2f591105766b682d062224d4,충청북도,진천군,오창농장,2026-04-07,0.5934232112286348,0.0340399638323816,0.1066416259682472
a5b504fcc39acf4f3f3fd49e333e1cae,충청북도,진천군,용몽농장,2026-04-07,0.0590475166099029,0.0304648398180281,0.1302540468125658
d09616b10fb773717115b2e6bdd62f67,충청북도,진천군,우영농장,2026-04-07,0.065577471208088,0.0263636984750444,0.1237602824720682
0346e762e5d4524c40f44159e20678b3,충청북도,진천군,우진농장,2026-04-07,0.0508537850516768,0.0343984119092176,0.2026083628766074
4bd4ae1929e020064048dd3245cc695c,충청북도,진천군,우혁농장,2026-04-07,0.2007069709924468,0.0258053015329654,0.1112645913826732
fa7dd8bb2d5da51fdef49a1719a06285,충청북도,진천군,원천농장,2026-04-07,0.0300668943354742,0.0184363057463104,0.0802600925662963
9cd1b5151f417eec5b70f96675c61700,충청북도,진천군,유니농장,2026-04-07,0.2382956713257268,0.0388477162448142,0.2382050114883422
799a8df15f6d996025956557fc4fbfa7,충청북도,진천군,윤**농장,2026-04-07,0.5695784403028511,0.0090994338708469,0.0797502060466807
9d92ee2d643aecd9c65938f654fdffa5,충청북도,진천군,윤**농장,2026-04-07,0.054860419419716,0.0421838845608707,0.1857588982804582
add6f622c2205b090c5c24181a2cfbe0,충청북도,진천군,윤일농장,2026-04-07,0.0429999933650931,0.0429854861514629,0.2153074211483836
4dc4808f8f9bb88463384b3215fcf569,충청북도,진천군,은영농장,2026-04-07,0.0109908212337794,0.0335724525791621,0.1872909695923452
2bdb2c1fdf813385efc4373712c375b2,충청북도,진천군,은혜커농장,2026-04-07,0.1534814047101151,0.0524167345832475,0.2826912401612759
65ef11db306927ec2828f5bd8af6d2f8,충청북도,진천군,이삭농장,2026-04-07,0.0200490918991972,0.0303900762187714,0.2166543711525714
e705e2956a2a354e34b13c9c9d623608,충청북도,진천군,장곡농장,2026-04-07,0.0135332189783643,0.0706000582104761,0.0832176695786384
d4da2911faa68dc70c6d64c08f31d921,충청북도,진천군,장원농장,2026-04-07,0.0246082323241978,0.053268621812385,0.299733842335546
6fde64b8cd64a374a2fd8d2d88c9416b,충청북도,진천군,정연농장,2026-04-07,0.0465886267753157,0.0346070692770888,0.2140003558954827
c933b2cdebfeafd0baf3174ef344ed51,충청북도,진천군,정우농장,2026-04-07,0.0109908212337794,0.0335724525791621,0.1872909695923452
3113645dcdc57d9e155740bd3c47cd58,충청북도,진천군,종일농장,2026-04-07,0.5723660192535642,0.0363298297180118,0.155754424291056
483899916d0c2907084e2dd7d1f37129,충청북도,진천군,지암농장,2026-04-07,0.0214117796338222,0.012386013887936,0.0469329956941433
91bf1d4d292e890f49b954b6a9bc75b2,충청북도,진천군,진영축산,2026-04-07,0.0474606670956325,0.0375585673606109,0.2353545987486607
48df899238b99db609fb447086a87386,충청북도,진천군,창성농장,2026-04-07,0.2143765477325016,0.0395356756143155,0.2624470590457227
c88b45937bffd76abeec1946af5c690b,충청북도,진천군,청남농장,2026-04-07,0.1156942101766913,0.0304403328077195,0.0653888059651649
3e441e7d93876379a47ccee93f762e93,충청북도,진천군,초원농장,2026-04-07,0.3369210849278467,0.0353581839670987,0.2186518007396296
8a86fef5072bf5f198b7b51dd611de2a,충청북도,진천군,초평농장,2026-04-07,0.0585504556450931,0.0440140426476741,0.065889222610502
f5bdf287b256ab8daf2742d162fa1859,충청북도,진천군,친친농장,2026-04-07,0.0490542866067275,0.0287540603688196,0.128944234841855
0dc0be0e1eda3b257410fdc3c9ab8d74,충청북도,진천군,태경농장,2026-04-07,0.094878950174554,0.0471828633786041,0.2194547852428206
d0bdc314d0d62f10839acdc01179f22c,충청북도,진천군,태원농장,2026-04-07,0.0508093882841022,0.0335969666415429,0.18988427975624
f2d44158e77793ca54607d7b6701d484,충청북도,진천군,태진,2026-04-07,0.079858945572593,0.0411071923357955,0.2446893032715014
74a4e7688ac8909641ccf10bb68969a3,충청북도,진천군,팔팔농장,2026-04-07,0.2207471404721622,0.0349747512878262,0.211471597355925
bbd89131c44860f696cbad03b91773de,충청북도,진천군,하늘농장,2026-04-07,0.0877548210189913,0.0481841827584171,0.2177597494501612
44bfacc9ce4dafae75410bd752c6e8f5,충청북도,진천군,하늘샘농장,2026-04-07,0.1651535649496382,0.0397474560108569,0.1893141929253816
49efa18c532638b19739989182ecf10d,충청북도,진천군,한별농장,2026-04-07,0.0443962599307322,0.0520382106893814,0.276116841824684
bc279a116309d0e449255264f1f4b371,충청북도,진천군,한우리농장,2026-04-07,0.4739248148416274,0.0142366493748282,0.0628355149451967
bf0d1c6fe3c319af0b6e18826e347467,충청북도,진천군,한터농장,2026-04-07,0.2016516782055492,0.0408717952838588,0.2378118756398173
101430005a3d0ef388212ccaf7260c87,충청북도,진천군,해든농장,2026-04-07,0.0293593946611782,0.0495625842033816,0.2137985303475847
8e622a099e7f270f739638db6757f1bc,충청북도,진천군,햇살 농장,2026-04-07,0.0367442915468358,0.0344340343631274,0.2035882788591692
45125af2b327926c583c79c5f428b540,충청북도,진천군,화산농장,2026-04-07,0.2746782267459269,0.0159012654247359,0.0341512669330375
470262f2cadbb58919ac00e626d760ed,충청북도,진천군,황금농장,2026-04-07,0.2682075532910153,0.0250607188613161,0.0822567633822559
483c8f62df32bf903ce5262be3c58d4e,충청북도,진천군,황금농장,2026-04-07,0.0601488983587777,0.027623642292762,0.2080565742225526
21f98ff22afd981b9336b8741e0e3748,충청남도,아산시,감나무집,2025-05-01,0.0152755739240776,0.0147141420693573,0.0484346812328835
a243932a7ab3b1fdd84d5924b0f19a47,충청남도,아산시,거해농장,2025-05-01,0.0901140802331379,0.0563855089224424,0.2710075313337035
c637f9088e81154d921da3918769f947,충청남도,아산시,건강마을,2025-05-01,0.3197363959011333,0.0298691762649306,0.1504042099252351
8986bb5fb349400d8db9c106e663844e,충청남도,아산시,고령농장,2025-05-01,0.0293736065202143,0.032424530586119,0.1563325205947479
ad89947530119355d2306f69f76dea7e,충청남도,아산시,곡부농장,2025-05-01,0.1847062813557006,0.0464469713807882,0.1797401695282209
4d0d0c59d4f28d2ec3dabcd32293879c,충청남도,아산시,그린농장,2025-05-01,0.046698003027768,0.0245715886188815,0.0782566503500568
f89ef8e81cbc940ab388215358130017,충청남도,아산시,근해농장,2025-05-01,0.3537317672378304,0.028553112063383,0.0857601996570465
5add604944b6d730e3227715b4e02ed5,충청남도,아산시,금강농장,2025-05-01,0.396470127729033,0.0248997717106121,0.0753691540089388
a7d01993a26677a07f6233f9209409c7,충청남도,아산시,금미농장,2025-05-01,0.2258350540657674,0.0450660814681762,0.1982610525613974
0c92849960ccaf2e24256e79b5bc46ae,충청남도,아산시,금반농원,2025-05-01,0.165443681642034,0.0405345167193562,0.0966136094973789
2f289df37709902f7676c1e6a1e3205a,충청남도,아산시,금산농장,2025-05-01,0.1160389879877214,0.0380929702181803,0.1472553355951727
b948e2c3470515297ab1773499595059,충청남도,아산시,기림농장,2025-05-01,0.0466353536560267,0.0380207333302485,0.1355468899541669
01e258d43913e37b223029fdda2a6235,충청남도,아산시,남성농장,2025-05-01,0.16039426175584,0.0437023483168734,0.2164753482409692
5bba5b46c19546c255b9b5c95e4f8a99,충청남도,아산시,농업회사법인 다온앤팜,2025-05-01,0.0355847810552994,0.0384485759021811,0.1073460487008888
19c594d6411b023394afaab0b0449cda,충청남도,아산시,농업회사법인 에이치비(주)예산농장,2025-05-01,0.0504729057108891,0.0259585426295466,0.16348264227014
6a39872f293d08b9fc3c57c3bb5928e7,충청남도,아산시,농업회사법인 주식회사 뉴코리아,2025-05-01,0.0381692509840222,0.0111093073430068,0.0657274698231918
c2ad1d849f722293f00bd5bc3aa84b39,충청남도,아산시,농업회사법인주식회사 골드마운틴,2025-05-01,0.1117469758662766,0.1000046256539658,0.3006130783036992
20b78ea6f9a43dba16602b9d96660fa4,충청남도,아산시,농업회사법인주식회사계림농장,2025-05-01,0.1267615078095481,0.0251176314479412,0.1783581445504209
aa50aaf874961f46c90c49949560e8d8,충청남도,아산시,대박농장,2025-05-01,0.1899080406416856,0.0355302594432401,0.0954756862359864
abb9195cc3456441d62a73b9273b2e0a,충청남도,아산시,대한농장,2025-05-01,0.3156579231409245,0.0293019618537284,0.2059773473009068
7c38c95b97aa787a7086d11a9fc711d0,충청남도,아산시,덕산농장,2025-05-01,0.0633053768062951,0.0246017956671665,0.1250233446949056
ca93cbba071819b74f16bae97d9abfa9,충청남도,아산시,도고농장,2025-05-01,0.308042267444875,0.0403105663892191,0.1305854339295465
2ccefe4df927e072f1f5402af28b5492,충청남도,아산시,동준농장,2025-05-01,0.5026861521979035,0.0817286130949313,0.2295351671368961
ba164170a19a6074652d8051be8ea05e,충청남도,아산시,디와이팜,2025-05-01,0.0996171807029134,0.0299286179031933,0.1824985033718807
b1e291315ea13819ddc421c0d1bbdf58,충청남도,아산시,명막골농장,2025-05-01,0.1729679904811281,0.0116285418090528,0.0304970259411323
86c51dcd78a875fa8562091a93fb0483,충청남도,아산시,배미농장,2025-05-01,0.3237682464489738,0.0749470761664568,0.2309830895687908
db6b02b2de4acdb7f6aca836394faea6,충청남도,아산시,백운농장,2025-05-01,0.2442670323303172,0.0258722888182759,0.3205972147473261
1cfcbf694a3f982b154b6ad3708c3291,충청남도,아산시,보광농원,2025-05-01,0.3281376533237416,0.0301234339900568,0.1685054505390433
5005f2b81af7f6a2170596a4bb30041b,충청남도,아산시,보리원농장,2025-05-01,0.0664751052666345,0.2105152796204246,0.3046114797036993
09b8536db53f121f72b29924df849b63,충청남도,아산시,부활농장,2025-05-01,0.0331059250048171,0.0161782849469538,0.0981626849253222
1c878db9555b01a9903f59205c73b03c,충청남도,아산시,부활농장,2025-05-01,0.2585001201468868,0.0189690430872449,0.0782184405675679
745043946c9656bf926b7ade58328688,충청남도,아산시,산들농장,2025-05-01,0.2647148065883104,0.0569314283432017,0.2568556490164161
2aa65e9023ef309191d63ebcebb257f2,충청남도,아산시,산마루식당,2025-05-01,0.3614464002473296,0.0203453682095454,0.0872107238148832
5829b3f55e5919dfe62e310ee7d86144,충청남도,아산시,삼봉농장,2025-05-01,0.050010087993088,0.034785192041237,0.0723298588280029
5a74fcf9abca54e85c9f3e0d85f23d7f,충청남도,아산시,삼진농장,2025-05-01,0.361995099889197,0.0459192968877866,0.1457003987428996
83d7b5203cbaaac4c12fffdddc3a75fa,충청남도,아산시,상미농장,2025-05-01,0.3103254772752596,0.0396837019737939,0.1218999138565762
042f0bd1df980f7f81cabb0504016755,충청남도,아산시,상일농장,2025-05-01,0.2749492599732382,0.0303105402828167,0.1613968243906693
194cbca303384c37c804752377358507,충청남도,아산시,서유농원,2025-05-01,0.1124408986064076,0.0252156060915909,0.3017126951834891
3f11a077a63baa9b304212cfff37b053,충청남도,아산시,성내가든,2025-05-01,0.0223481828606477,0.0311202209286117,0.1738128353266394
76974400847564e42652e18ffa169ecc,충청남도,아산시,성보농원,2025-05-01,0.719142013895403,0.0347176256821368,0.1999228278721353
d41525fc658a6a985f63909751ced6a3,충청남도,아산시,성윤농원,2025-05-01,0.0453724482193477,0.066137743862264,0.3713311369739833
69f2ea560bf6f7eb3c8177b751f0b6e0,충청남도,아산시,수봉농원,2025-05-01,0.2713643521292402,0.0384102986777725,0.0526149523880447
4f48a9978919e2e2396a604997f4a97b,충청남도,아산시,수장농장,2025-05-01,0.473693269577699,0.0626282940615128,0.2546639812476886
fa3e90b40cb87926cddf874eab2cce18,충청남도,아산시,수정농장,2025-05-01,0.0134064155915957,0.205636458563315,0.2897478012031998
39f846ae5b3af66c74e3092741c5fbaf,충청남도,아산시,시우농장,2025-05-01,0.1543477386407634,0.0339637567661661,0.1357124290301374
df567b91195eafc25cab9b1a6a27d821,충청남도,아산시,시전농장,2025-05-01,0.3647652658547647,0.0383601530345862,0.1207180677962895
3731a117194158340311122af29eb2df,충청남도,아산시,신명축산,2025-05-01,0.045238594928923,0.0319993634014771,0.1653506396017655
664d5d703cc454f740031ab7d9459b00,충청남도,아산시,신창농장,2025-05-01,0.2053530957937194,0.0607740667924974,0.3473129143763511
f9fea97a8846bbbe1067016756bec187,충청남도,아산시,신창농장,2025-05-01,0.1588931159037188,0.0307189032986496,0.1961924534650554
dc1ccbe6021460ac7ce1b2ab6a321901,충청남도,아산시,아산농장,2025-05-01,0.1059641892189308,0.2120007488308437,0.290457230526577
010ceff01e4c0b9c506c3e98914762de,충청남도,아산시,아산이레농장,2025-05-01,0.0580075710096484,0.0350025323199835,0.1393745749847953
d286b03bbb22cfbc4d3422c978dea871,충청남도,아산시,안골농원,2025-05-01,0.1523838599559098,0.0259767631274763,0.1061705461885124
a73bdbd136ee6e92efa912835d77aede,충청남도,아산시,알로찬농장,2025-05-01,0.0759365277769696,0.049451819504593,0.2366025132856986
de0f03c12d863c043b5c67911f8fdcf0,충청남도,아산시,연호농장,2025-05-01,0.0239572322292021,0.0437238328482721,0.1619042642734416
4c039d29bfbe31d9713721c70d6cd1e5,충청남도,아산시,염치농장,2025-05-01,0.2011490219741285,0.0649409812115466,0.1613224483384449
eb1829147b0b7d83c9d3a8e6561d46ec,충청남도,아산시,영남축산,2025-05-01,0.0246728266454408,0.014736510888813,0.1240402753340896
5d2e656e65460f821543a56fad952c80,충청남도,아산시,영월농장,2025-05-01,0.0217934107527204,0.0402910275509545,0.1296561254099857
114f91dc32d45a9db0d51b927e7edd25,충청남도,아산시,우림농원,2025-05-01,0.2037137479812927,0.0307056070264866,0.1428595011242432
9fe944fe24cbaedb09b29633250fd941,충청남도,아산시,원농장,2025-05-01,0.0503614881073143,0.0590444152867564,0.2414946077187666
4837987d8581276c2deff4510cfa757d,충청남도,아산시,유아농장,2025-05-01,0.0902370498352033,0.0459103951665052,0.1929304754716707
845c2ff6c00d3db8b16a7984c5cb5d33,충청남도,아산시,융진농장,2025-05-01,0.2155211355337014,0.0248900693515472,0.2098475378934731
46a96006f53f76e61ee167fe25d31ced,충청남도,아산시,으뜸목장,2025-05-01,0.614832119282755,0.0793693085939319,0.2167283231516968
9a67242a40e6a0bc272afdf00aa921eb,충청남도,아산시,음봉양계장,2025-05-01,0.0538392889218959,0.027825329972999,0.052951832294428
41e8379326d012239bb0e789eac5d714,충청남도,아산시,인광농장,2025-05-01,0.2713827523910236,0.0453240506964652,0.1444956686739352
e58fd5d9e0e35058d4f97cc30b02b159,충청남도,아산시,인해농원,2025-05-01,0.0243618287327298,0.2558644634061903,0.3133258195886417
928b4f2f9c00865e8e9dc47fc6b6fc37,충청남도,아산시,인흥농장,2025-05-01,0.1200605006656194,0.0297457569157783,0.2204133507924219
c053c8b9bb3bc4d48734adfc8cd32e71,충청남도,아산시,재연농장,2025-05-01,0.0355503726747539,0.0483442813675505,0.2067449879292912
3b8d8339a052c75e34e663daf179947d,충청남도,아산시,제일농장,2025-05-01,0.0957227235456741,0.0331805346575044,0.1211494197017205
2857eb71c23a0c9cf9233b21130b97b1,충청남도,아산시,진수농장,2025-05-01,0.0508071395829652,0.0282693364273731,0.210688911713377
bc7e57196f57b8ef82428be80eeb1887,충청남도,아산시,창원농장,2025-05-01,0.2294999479004262,0.0467857244776545,0.1824813274765508
dec40adf6edce9ee13e110123ffb16c0,충청남도,아산시,창의농장,2025-05-01,0.2578234694173102,0.0439714660293627,0.1398096123666439
0640501c376ff6435b7554fed6a1d7ba,충청남도,아산시,청송농원,2025-05-01,0.0515274692845175,0.0677652035837055,0.1969374351983228
39604d060f1aa564d17b4d141f8ba437,충청남도,아산시,초록농장,2025-05-01,0.1158315867761225,0.1273918401968229,0.43526290572922
451f8a0b5e4887acea22bebfaa881d1f,충청남도,아산시,초원농원,2025-05-01,0.1865084015522674,0.0242232157506164,0.0697633959914966
bb827b0c36271c12ccb16791290a0be5,충청남도,아산시,초원충남사료 영농조합법인(아산지소),2025-05-01,0.0664850477301763,0.046672769004284,0.1821677816286312
bd6ad0ac90511079f8e1182ab6e69b01,충청남도,아산시,칠목농장,2025-05-01,0.2259928831763625,0.0469329848726154,0.134152280279565
2ed80fcf815acab63b8dfa48604db40d,충청남도,아산시,통일청란,2025-05-01,0.3053682897050951,0.036057523355681,0.2177501095898237
d71b0fe6a0063e905be7dccd9fd3e876,충청남도,아산시,평택농장,2025-05-01,0.2594167410268498,0.0485793064437113,0.2018285968817378
41e38ec2c256d84902af000ad6f36e93,충청남도,아산시,푸른초원농원,2025-05-01,0.1363817581312323,0.0243964094240091,0.068007328209651
c7e9005e980894f10018ddd441001025,충청남도,아산시,한미농장,2025-05-01,0.2930485088297387,0.0170287471281017,0.1061697354508642
9fb75673e682bcc8b5f2e35c8ce61a38,충청남도,아산시,한일농장,2025-05-01,0.0464102453831143,0.0460338611623926,0.1408120415628846
90dbb635883db305c454ad39c23b9ad0,충청남도,아산시,향원농장,2025-05-01,0.0756646932652775,0.0592251192113399,0.2415259774629968
a2e8b96602de1290cf81e08d49e9df10,충청남도,아산시,현광1농장,2025-05-01,0.1413923692555221,0.0419609483344699,0.1243594366289065
cfd0a623db9a5137700537e5cb54577e,충청남도,아산시,현광2농장,2025-05-01,0.1329071531106614,0.0309945816753863,0.1320293651831707
7d594a95370079450ecd749c4cc48e88,충청남도,아산시,현대농장,2025-05-01,0.0957227235456741,0.0331805346575044,0.1211494197017205
3383dbca4e9067e5d95c7fd2ded4e204,충청남도,아산시,현민농장,2025-05-01,0.2087130045841682,0.0620880026280506,0.2702178399077468
cfa4642f6e60c802c465fc1fb092d7fc,충청남도,아산시,협진농장,2025-05-01,0.4660837113674205,0.0295631763940675,0.1091623677456176
a5c9e780536888fad4a5208fda6ab633,충청남도,아산시,호반 토종닭,2025-05-01,0.0802004881176498,0.0482268516652005,0.142727752096559
1e82f830bd44a332986bee0bd4fc778b,충청남도,아산시,희망농장,2025-05-01,0.1161153060647881,0.0475004668852001,0.2007290839881173
0df2f6d6a2763eea8c846aca794e9dff,충청남도,천안시,가나안농장,2025-11-28,0.1144722612761749,0.0438685189132837,0.1884749068450101
1297b9471b2642d3fbb0c0a66bd13a0a,충청남도,천안시,가덕농장,2025-11-28,0.0436459074431654,0.0338379100466035,0.1529785858502988
9017c6abdcd943526bf2f795f849a7cc,충청남도,천안시,가송농장,2025-11-28,0.0436459074431654,0.0338379100466035,0.1529785858502988
b134ad66a2b5f8f399391883651d1cff,충청남도,천안시,가송농장,2025-11-28,0.052617915663282,0.0356148604819082,0.1684692264493979
11e9ba3101a0ec417006759aa6458b2c,충청남도,천안시,가온팜 농업회사법인(주),2025-11-28,0.0289608161457799,0.0460161297912005,0.3192946607305603
228d8f1562abe489728c6383b87521d7,충청남도,천안시,갈뫼정,2025-11-28,0.1071725828236816,0.0088253007974516,0.0346133699118095
32d60bb95286b48d35fbbb677fa8e260,충청남도,천안시,개운농장,2025-11-28,0.236487264448419,0.0173436250933938,0.0396944237663429
d8f9398e801201b6822f98615c1ca5cf,충청남도,천안시,거기농장,2025-11-28,0.0902424733538604,0.021332289629736,0.1232455851782979
1880f8139c4a72eacd758ee2bc458e4f,충청남도,천안시,경인농장,2025-11-28,0.2405682976045761,0.0224779749382921,0.0605700082895834
0c47940f806a6adeb088f62d8c3de0fa,충청남도,천안시,경치농장,2025-11-28,0.1144722612761749,0.0438685189132837,0.1884749068450101
925798bd22ed9feb3480b4e5a74aa1ca,충청남도,천안시,경희농장,2025-11-28,0.0465923637177181,0.0215536287593749,0.1380102536064046
348ea7e404ed64b7d2df3c7c29f70de0,충청남도,천안시,계봉농장,2025-11-28,0.1528794447369467,0.0268344798187177,0.1000349557627348
f018a46c5a64c69743313e224525d7cc,충청남도,천안시,구성농장,2025-11-28,0.0150161767566037,0.0391252950249665,0.1886127509650302
63a8c1bb401fa8809c8e099fe5a2f89f,충청남도,천안시,금버들축산,2025-11-28,0.1672008099487476,0.0076250880441689,0.01468491552475
94eaae1d713bdb20fbf3b0803bd2df9f,충청남도,천안시,금잔디농원,2025-11-28,0.2680244514043145,0.0245837284723542,0.0558149079853885
91c3065ca9a87923a5575673c768ae82,충청남도,천안시,꼬꼬팜농장,2025-11-28,0.6241188778301701,0.0308909135468488,0.1884432270961155
e39563026786cd85ef688ebad7e9e5ff,충청남도,천안시,농업회사법인 조인팜스(주) 천안성환지점,2025-11-28,0.0073502525786014,0.0437786328546541,0.3196088207791305
b84ed3123c8987c4961c87090876c865,충청남도,천안시,농업회사법인 주식회사 케이씨팜 성환농장,2025-11-28,0.0289608161457799,0.0460161297912005,0.3192946607305603
d74404d0f783bf104a0483842b531c5c,충청남도,천안시,농업회사법인양지팜(유),2025-11-28,0.0073502525786014,0.0437786328546541,0.3196088207791305
36bd23a9b7d2e19be0e5e986cd62d4dc,충청남도,천안시,농업회사법인주식회사다알,2025-11-28,0.0245296255029336,0.0226461622513501,0.1356664843226072
411c790da3ea2d3e3fef3fdae6859ac0,충청남도,천안시,능골농장,2025-11-28,0.0465923637177181,0.0215536287593749,0.1380102536064046
38fa79d135a489faa8297c341a559fb5,충청남도,천안시,다미농장,2025-11-28,0.0465923637177181,0.0215536287593749,0.1380102536064046
56a1d826358e06ea6e6b382aa0fb9ea5,충청남도,천안시,다온농장,2025-11-28,0.1958462377570207,0.038818750820225,0.2665472785733792
2da5816fdf9a5c7e242aa0fbb19c6dea,충청남도,천안시,다원농장,2025-11-28,0.2596469108004351,0.0382171461125045,0.1542413856835116
5030ded76397f92031ec21f89910c20f,충청남도,천안시,대경농장,2025-11-28,0.1144722612761749,0.0438685189132837,0.1884749068450101
42c2068930c2434029e46b38a3906cfb,충청남도,천안시,대운2농장,2025-11-28,0.1144722612761749,0.0438685189132837,0.1884749068450101
f5249a0e152e7ff6bf36c9234c857715,충청남도,천안시,대진농장,2025-11-28,0.3170306044141904,0.0140197915629424,0.0356349534098729
30f308f51b02ca19707639933f65f309,충청남도,천안시,대풍농장,2025-11-28,0.0465923637177181,0.0215536287593749,0.1380102536064046
1c385c046fb9519420e986935ab57567,충청남도,천안시,대한농장,2025-11-28,0.0465923637177181,0.0215536287593749,0.1380102536064046
cafd5cbe5bf5c2bc1c40f9ff0481ebc0,충청남도,천안시,대현농장,2025-11-28,0.3170306044141904,0.0140197915629424,0.0356349534098729
c27347e9583c0a220265106997e909be,충청남도,천안시,대흥농장,2025-11-28,0.0150161767566037,0.0391252950249665,0.1886127509650302
f9257238b45689285756b3c4df6accc5,충청남도,천안시,덕성농장,2025-11-28,0.2405682976045761,0.0224779749382921,0.0605700082895834
ec9ea38c3ceb82c1451edf0dcf696866,충청남도,천안시,도원양계,2025-11-28,0.2405682976045761,0.0224779749382921,0.0605700082895834
7ba598435897cbe42680bcccc1e467de,충청남도,천안시,독립농장,2025-11-28,0.2680244514043145,0.0245837284723542,0.0558149079853885
0c4d51fb5b52868dd5aa80dc6f43dd09,충청남도,천안시,동행축산,2025-11-28,0.052617915663282,0.0356148604819082,0.1684692264493979
f0d64d7c51d85e9a48ca6ceb1b383823,충청남도,천안시,두성오리농장,2025-11-28,0.0465923637177181,0.0215536287593749,0.1380102536064046
70c5fa04b3c18d6cc0e587fd2f4aa8d7,충청남도,천안시,라파농장,2025-11-28,0.0391358689977594,0.0450939551241131,0.2675602620693827
5dccd32c9213442023b149fa5221d89d,충청남도,천안시,로하농장,2025-11-28,0.2405682976045761,0.0224779749382921,0.0605700082895834
20908114e06e93ff2cffb73f8030add7,충청남도,천안시,명섭농장,2025-11-28,0.1672008099487476,0.0076250880441689,0.01468491552475
a3cecd2c13ba4d43975f473109514e3d,충청남도,천안시,명섭농장(2),2025-11-28,0.0063110486051466,0.0133724250615473,0.0339527171990496
7e2c8d235ac891261d7bac8225563093,충청남도,천안시,모산농장,2025-11-28,0.1921641166792099,0.0151153040208778,0.0961492749734944
2a6011ee7a14ee4d0f5fba32be5acbd7,충청남도,천안시,목골농장,2025-11-28,0.0902424733538604,0.021332289629736,0.1232455851782979
c9cd1ced8955503921cbb23fbe334419,충청남도,천안시,목천농장,2025-11-28,0.2624154758605697,0.0203321449123895,0.0986865763006088
bf4ff7f7f5a77dacf36c4d2186b6fcf6,충청남도,천안시,문화농장,2025-11-28,0.0902424733538604,0.021332289629736,0.1232455851782979
8c7a40ee1e688318f362f0e408767bfb,충청남도,천안시,백운농장(1),2025-11-28,0.2596469108004351,0.0382171461125045,0.1542413856835116
f559f712560ed776c3824e068fd5a70f,충청남도,천안시,번영농장,2025-11-28,0.4474110979270763,0.035680637431663,0.134111623174435
1939c94349bff18bf5cd292f37b1df5f,충청남도,천안시,복농장,2025-11-28,0.1148445110046186,0.0201178885251495,0.1399860583129187
be3eb5df0b2561820551e5d5d5efd721,충청남도,천안시,불당농장,2025-11-28,0.4338915164095446,0.0129118567725129,0.0336930263382456
470a1b0953a59c092f0e30d8fb989f64,충청남도,천안시,산내들농축,2025-11-28,0.0253709718546252,0.0461406515586238,0.1349287443244115
9b7325b286448457ce517aa13c70af55,충청남도,천안시,삼보농장,2025-11-28,0.0436459074431654,0.0338379100466035,0.1529785858502988
f193b5683b4af0bdfde6406b2a4249f5,충청남도,천안시,삼봉농장,2025-11-28,0.0465923637177181,0.0215536287593749,0.1380102536064046
c2886d74f4caf1d63a27a647368ad684,충청남도,천안시,상만농장,2025-11-28,0.1458682385036643,0.0141494168687334,0.0385212619574838
10a6f87e94c42315259b19e5b1a789e7,충청남도,천안시,상봉1농장,2025-11-28,0.2839356670402709,0.0134941243603653,0.0878699338592777
0b1ab378f47d9ba1f9c20585911c14d2,충청남도,천안시,상봉2농장,2025-11-28,0.1660296932116335,0.0081423175723479,0.0433897073996028
557c6ff30debe7bb7aa02f73d481f01a,충청남도,천안시,새터농장,2025-11-28,0.0465923637177181,0.0215536287593749,0.1380102536064046
042ac86d32cb78cc0b81df93ea26e5c7,충청남도,천안시,석곡농장,2025-11-28,0.0465923637177181,0.0215536287593749,0.1380102536064046
770b750344221147dce7a5320367eef3,충청남도,천안시,석수농장,2025-11-28,0.1150137173025501,0.0182979869076555,0.1320713004835836
7e7bd291426f37238e9b33702c1ed1f1,충청남도,천안시,성남농장,2025-11-28,0.1150137173025501,0.0182979869076555,0.1320713004835836
77d2bec550f70155dba89a335d5f0149,충청남도,천안시,성록농장,2025-11-28,0.1148445110046186,0.0201178885251495,0.1399860583129187
1255e94dcc67de2414ac75f5684539e4,충청남도,천안시,성록농장,2025-11-28,0.1148445110046186,0.0201178885251495,0.1399860583129187
8aa40537eaa32eb10058ba726942c083,충청남도,천안시,성현농장,2025-11-28,0.1144722612761749,0.0438685189132837,0.1884749068450101
faee80934c7f7065949bcb0855416b15,충청남도,천안시,성환농장,2025-11-28,0.0289608161457799,0.0460161297912005,0.3192946607305603
041d38bb169fa0daf93c8f041937a00c,충청남도,천안시,성환축산,2025-11-28,0.0073502525786014,0.0437786328546541,0.3196088207791305
a9df33abe957558d8f43eeff7a50f528,충청남도,천안시,세명농장,2025-11-28,0.1150137173025501,0.0182979869076555,0.1320713004835836
07bb8f7fa23fca598f669e86b28716df,충청남도,천안시,세성농장,2025-11-28,0.0,0.0446755270195696,0.145456853818141
d2218f2ed0ac70a8753b6bc065ffc926,충청남도,천안시,세연농장,2025-11-28,0.4456221039614944,0.0405776454150283,0.064832692983363
68853904782a03af831db0992325094b,충청남도,천안시,소망농장,2025-11-28,0.0150161767566037,0.0391252950249665,0.1886127509650302
67324e564e396cb1abec7d654e98c2f9,충청남도,천안시,소사농장,2025-11-28,0.2431509704243913,0.0104158472483581,0.0540475253502823
730f97889a1f8d1d7e7d6f923da77cae,충청남도,천안시,수호농장,2025-11-28,0.0436459074431654,0.0338379100466035,0.1529785858502988
be5dab0156609561803d1f093d9f5dd2,충청남도,천안시,시골축산,2025-11-28,0.0465923637177181,0.0215536287593749,0.1380102536064046
17ee3de12f0e2457f4ea4f8269212562,충청남도,천안시,아빠사랑팜,2025-11-28,0.2431509704243913,0.0104158472483581,0.0540475253502823
f09d89576e3e7fd1ecc83de1e93f080f,충청남도,천안시,아우내농장,2025-11-28,0.2405682976045761,0.0224779749382921,0.0605700082895834
0af7e2584a513975d934954e04fce458,충청남도,천안시,알로큰농장,2025-11-28,0.212128797465477,0.0361189425304376,0.1229144393728496
49721e392b4d8f7de60f31a7ac9571c2,충청남도,천안시,애그빌농장,2025-11-28,0.0436459074431654,0.0338379100466035,0.1529785858502988
410dd3c7e45db3a04cd8c2e090f0190b,충청남도,천안시,애플축산,2025-11-28,0.0391358689977594,0.0450939551241131,0.2675602620693827
62cb0918df6c0519d889d710f622ec3a,충청남도,천안시,양지농장,2025-11-28,0.2675736808655357,0.0424733404787128,0.1856545849907586
f3509f5749cd21e2521d1c44e4a26c59,충청남도,천안시,양천2농장,2025-11-28,0.2624154758605697,0.0203321449123895,0.0986865763006088
2cf2a1d3d6ccc7eb517b4a4009d358d1,충청남도,천안시,에그머니농장,2025-11-28,0.1148445110046186,0.0201178885251495,0.1399860583129187
d24c47a45a2ac64dd49f9f2ce0db5294,충청남도,천안시,연수농장,2025-11-28,0.2578308326235584,0.018411143226233,0.2013329909437668
935418f6551a3760a1e7ac8298b5e4ab,충청남도,천안시,연암대학교,2025-11-28,0.0250590548528919,0.0379209631734145,0.2578687263133574
bf122b2b517d07ae225f7aad8eec2851,충청남도,천안시,영광농장,2025-11-28,0.0253709718546252,0.0461406515586238,0.1349287443244115
ca33ca4a9c0a2d42a8a8e12096390914,충청남도,천안시,영광농장,2025-11-28,0.0050280810113375,0.040043010307883,0.167555448925787
499494c4eb57887576679ae1448b4e75,충청남도,천안시,영창농장,2025-11-28,0.0436459074431654,0.0338379100466035,0.1529785858502988
eecfe7785a2d9131f6b178da6a069497,충청남도,천안시,영풍농장,2025-11-28,0.0501491794245185,0.0112048471149653,0.0494741345716369
0f76cb5ec15d79bb4d9014e077bd24d4,충청남도,천안시,예천농장,2025-11-28,0.2624154758605697,0.0203321449123895,0.0986865763006088
cf641f86034595b396eda0fec45c9f12,충청남도,천안시,오성농장,2025-11-28,0.0436459074431654,0.0338379100466035,0.1529785858502988
c186ab1a8dd53d7015b5dc65c7e4d604,충청남도,천안시,요셉농장,2025-11-28,0.0150161767566037,0.0391252950249665,0.1886127509650302
7ae5209be43f052004d43ecc5cc03fca,충청남도,천안시,우민양계,2025-11-28,0.1950365372801746,0.0376022162277496,0.095308312034634
762b8939c17082a42eb5833559cc075f,충청남도,천안시,운암농장,2025-11-28,0.0063110486051466,0.0133724250615473,0.0339527171990496
e41795d1247f21c54f150edd5cb3cf82,충청남도,천안시,유니농장,2025-11-28,0.0150161767566037,0.0391252950249665,0.1886127509650302
890b7e65b3325bb710b9c65bfd44c30a,충청남도,천안시,유정농장(2),2025-11-28,0.3646839973026518,0.0346178918487697,0.0977755382487184
443a4efaccd5f0908380a0514df6dcbf,충청남도,천안시,으뜸농장,2025-11-28,0.3392025614000781,0.0224932578965407,0.183162181285576
f51ab557367a2205a07327c0abdbe767,충청남도,천안시,은하농장,2025-11-28,0.1150137173025501,0.0182979869076555,0.1320713004835836
ce3ad7e7d70869691a74320359d7791c,충청남도,천안시,이든농장,2025-11-28,0.1150137173025501,0.0182979869076555,0.1320713004835836
8d7fe6c0105b7b3dcb2a4f5be4178fde,충청남도,천안시,이레농장,2025-11-28,0.0391358689977594,0.0450939551241131,0.2675602620693827
9bcdab555a1b8026f189cd0900bc987a,충청남도,천안시,인촌농장,2025-11-28,0.0063110486051466,0.0133724250615473,0.0339527171990496
e6e00e6a4d6dcbcb35ca7bcf91e50da6,충청남도,천안시,일웅농장,2025-11-28,0.3932228471822027,0.0399552038697019,0.184812224645253
7bebef623a3ade8211173f7d4a0a2777,충청남도,천안시,자연농장,2025-11-28,0.0,0.0446755270195696,0.145456853818141
46fb23cdfa1ad0ca45e47e0accc989f6,충청남도,천안시,자연알로(광덕),2025-11-28,0.3309535925670759,0.0263096515942419,0.0972809188832561
5279d7fe1c8518c859722719ee7710c3,충청남도,천안시,자연알로(성남),2025-11-28,0.1150137173025501,0.0182979869076555,0.1320713004835836
da626b64e2a9d375baa31f921f693b9c,충청남도,천안시,자연알로(수신),2025-11-28,0.4452396978615195,0.0176681105208412,0.0935248821191769
044dd0805786c776ee25fd7146c456be,충청남도,천안시,장자농장,2025-11-28,0.4456221039614944,0.0405776454150283,0.064832692983363
e3c714667422b54b09c11d399341d79f,충청남도,천안시,정필농장,2025-11-28,0.4474110979270763,0.035680637431663,0.134111623174435
e02b6b2ce05743cbf98fba365ebc5801,충청남도,천안시,주현2농장,2025-11-28,0.1144722612761749,0.0438685189132837,0.1884749068450101
95dee159ae33b9f8c0397cd45b5db7bd,충청남도,천안시,주현3농장,2025-11-28,0.1144722612761749,0.0438685189132837,0.1884749068450101
2f4b19c4e28d594c3483156363ce504a,충청남도,천안시,직산농장,2025-11-28,0.3376751651910845,0.0385893816281078,0.1102841215868967
14b3b691ae4f19ded1501b7fb01be014,충청남도,천안시,진솔농장,2025-11-28,0.0253709718546252,0.0461406515586238,0.1349287443244115
125220a05b72a76ab4cfbe790d260d1b,충청남도,천안시,진우농장,2025-11-28,0.0436459074431654,0.0338379100466035,0.1529785858502988
a810875aa1205b601e5ed30c6751ff92,충청남도,천안시,진우농장,2025-11-28,0.3896039393497497,0.0142455569146363,0.0973906460988811
c14e1e34ae1962aee2f602355c230d86,충청남도,천안시,진원농장,2025-11-28,0.1887075026566884,0.0416098303297087,0.283224013870492
7bb5d6ade81edc21497e0f89b9af12ef,충청남도,천안시,진원농장,2025-11-28,0.2405682976045761,0.0224779749382921,0.0605700082895834
97bbf4363b04d7a9b74085f2be854ea6,충청남도,천안시,천안메추리농장,2025-11-28,0.3486692131207474,0.0149748073282961,0.082666351629378
6cdf5e98b80152595ae9e9a30a17771d,충청남도,천안시,천안오골계농장,2025-11-28,0.0827922110564545,0.008860571911585,0.0180243168214516
437149f2584d1b266060de5459f6e442,충청남도,천안시,천안제일고 제2농장,2025-11-28,0.5624834458701344,0.0427502395927216,0.1193431590484271
192e3c9e604a91843c4b44ed4c469be8,충청남도,천안시,청운농장,2025-11-28,0.0150161767566037,0.0391252950249665,0.1886127509650302
8cef7d403a2eafc8bc185bb9d9b2f91b,충청남도,천안시,케이앤피에그팜,2025-11-28,0.0102510431346828,0.0128144341826818,0.0669763527774916
7f152bc74c64d09a13b4aa8af79357c8,충청남도,천안시,키움축산,2025-11-28,0.0289608161457799,0.0460161297912005,0.3192946607305603
06c27a5898f14b719487418f09044b61,충청남도,천안시,태림농장,2025-11-28,0.1339462843567862,0.0195996152847322,0.0951155785466304
a868c5c17fc5568cb96257a633028d8f,충청남도,천안시,텃골영농조합법인,2025-11-28,0.0102130456250209,0.0310720395725453,0.0099741860720921
382c3705d8ea30f00e9353c7018db526,충청남도,천안시,토종꼬꼬1농장,2025-11-28,0.0456768586996353,0.0240802816175651,0.1266696935433801
3233563bb5f52e69e1c0ea643f3dc058,충청남도,천안시,퍼펙트농장,2025-11-28,0.1339462843567862,0.0195996152847322,0.0951155785466304
56e308e4e89f34cc35ef3f7f57642776,충청남도,천안시,풍년농장,2025-11-28,0.0063110486051466,0.0133724250615473,0.0339527171990496
e1f08ab9a55de7a84870b65847cb6790,충청남도,천안시,풍세메추리농장,2025-11-28,0.0456768586996353,0.0240802816175651,0.1266696935433801
42cccc1b1692c4846b5454e6a50b4eeb,충청남도,천안시,프리팜스,2025-11-28,0.1231561382265141,0.0414795407046343,0.151172514338249
86d240ea3f24d17b593e65e9aac7d1e8,충청남도,천안시,피덕농장,2025-11-28,0.0501491794245185,0.0112048471149653,0.0494741345716369
e41eb064284cab1bdbdbf4573230b2bf,충청남도,천안시,하마농장,2025-11-28,0.0436459074431654,0.0338379100466035,0.1529785858502988
7c63fa1e8a3da07e908e868bb6f273b0,충청남도,천안시,한빛농장,2025-11-28,0.6241188778301701,0.0308909135468488,0.1884432270961155
653980b1c3b25643e373113f5dbabe8c,충청남도,천안시,한성농장,2025-11-28,0.0150161767566037,0.0391252950249665,0.1886127509650302
8894b29dcce648f00bb142375957b08b,충청남도,천안시,한오리농장,2025-11-28,0.1660296932116335,0.0081423175723479,0.0433897073996028
917004d4a4b75cc9e6aa35b874c39d28,충청남도,천안시,한일농장,2025-11-28,0.0289608161457799,0.0460161297912005,0.3192946607305603
375d700aa177d663653a5f666bed7151,충청남도,천안시,형제농장,2025-11-28,0.052617915663282,0.0356148604819082,0.1684692264493979
c1afdefe4f295b7981fe14a13acbbf8a,충청남도,천안시,호중농장,2025-11-28,0.0150161767566037,0.0391252950249665,0.1886127509650302
da92d53338452fb16ae6519f2bb9d47a,충청남도,천안시,화덕농장,2025-11-28,0.4456221039614944,0.0405776454150283,0.064832692983363
d943d5a80e0599bb26f060f70239c516,충청남도,천안시,황금농장,2025-11-28,0.1144722612761749,0.0438685189132837,0.1884749068450101
1704719441924fdbd9cba8a5fb6a6ec3,충청남도,천안시,황금농장2,2025-11-28,0.1144722612761749,0.0438685189132837,0.1884749068450101
061ee8834f6a615bf77458a4d89e654f,충청남도,천안시,흥인농장,2025-11-28,0.1890352319175058,0.0205245592635676,0.1102708243110633
b7dcba8c77b79965c82e81563a7b3418,충청남도,천안시,희성농장,2025-11-28,0.2839356670402709,0.0134941243603653,0.0878699338592777
c2c99037201fa298ce47513685997f2f,전라북도,김제시,가나안농장,2025-06-24,0.2374126386584483,0.0284634880479647,0.2631910754236348
f12af33cd304429110642175338d18f0,전라북도,김제시,가나안농장,2025-06-24,0.2303274704085843,0.0241204443787538,0.2430625757368983
0e3c0f40478fb30cc4dab6f6aa6ac1ab,전라북도,김제시,건지농장,2025-06-24,0.0,0.0302972247182062,0.3385495299113088
ba6ac7d1190220dc4462a231785ca4f8,전라북도,김제시,경우농장,2025-06-24,0.0261077511620042,0.0399486097148326,0.1524932886090766
1c3f83e1b29138dbffce2537403ad473,전라북도,김제시,경원농장,2025-06-24,0.0106567198699688,0.1964218395695449,0.4450705261287555
0da9fd8f8144b5805ddb5edf6aab750b,전라북도,김제시,경은농장,2025-06-24,0.1408833535642163,0.0378043218398958,0.308768297113729
3ca2c67c5c4a1ee43c0745c3d5a86f72,전라북도,김제시,공덕농장,2025-06-24,0.1992123224663785,0.0239192575167168,0.3979977404720919
3cf832eda3f0b11260c4591f27f2b0e4,전라북도,김제시,관상농장,2025-06-24,0.2503496837061289,0.0316137786277152,0.4038634499586464
06cf54a75ca951398f05e1b15ef34284,전라북도,김제시,구구농장,2025-06-24,0.2602259085518906,0.0158978264446252,0.2424977410172389
fe64806ffc6ed616c10b599582f8154c,전라북도,김제시,구성양계장,2025-06-24,0.0261077511620042,0.0399486097148326,0.1524932886090766
20a972e64629e8b7cb590da8486cecc9,전라북도,김제시,국민산업,2025-06-24,0.4251487943167956,0.0376437105219354,0.1768714981753788
014ee2c17be329ad4e07b68af32710d4,전라북도,김제시,권성윤농장,2025-06-24,0.0403812504520032,0.0252961232438412,0.2708267142873155
5bdf2d4d89b1c013110653ebefda06d2,전라북도,김제시,규석농장,2025-06-24,0.2503496837061289,0.0316137786277152,0.4038634499586464
8291e74e6d1a281584d8601aa167b0e4,전라북도,김제시,금구농장,2025-06-24,0.50771280466098,0.0378147033117117,0.2507915652955665
b9a8b10429c2f5af51f97ff16e780ca8,전라북도,김제시,금식농장,2025-06-24,0.0739725518685004,0.0270265028080961,0.4200604274294855
d1086efc38765da6ac5b90e152f4f5f2,전라북도,김제시,금정농장,2025-06-24,0.2159418998919719,0.0261273598493561,0.2188061098778998
1293b9194ffb48111338bfd3e6e68fa1,전라북도,김제시,김농장,2025-06-24,0.063703603510977,0.029918735882366,0.1981054072575033
4b350043da62ca8754dae26f8bf64b0b,전라북도,김제시,김제1농장,2025-06-24,0.0403812504520032,0.0252961232438412,0.2708267142873155
62f413044bad309d4f5534823ecb0d4f,전라북도,김제시,김제농장,2025-06-24,0.032064713584052,0.0357724061280294,0.2091442329814814
f05bdefcc854fc0546ef486cd54d9486,전라북도,김제시,나주2농장,2025-06-24,0.063703603510977,0.029918735882366,0.1981054072575033
cfe32d153d1d53e71353bd86d604a5cc,전라북도,김제시,나주농장,2025-06-24,0.063703603510977,0.029918735882366,0.1981054072575033
42cd1dc95505bed15171b2b2d0820cf4,전라북도,김제시,남도축산,2025-06-24,0.2159418998919719,0.0261273598493561,0.2188061098778998
be789e0e57851309ab560448a96c4201,전라북도,김제시,남양농장,2025-06-24,0.1565060613631249,0.0288097871115418,0.4270835661530127
70bfaab5c656e18a4341518035a1103b,전라북도,김제시,농업회사법인 대지산업 유한회사,2025-06-24,0.2602259085518906,0.0158978264446252,0.2424977410172389
a569d681c70fbca6576e356d41736619,전라북도,김제시,다래농장,2025-06-24,0.2159418998919719,0.0261273598493561,0.2188061098778998
1ca0c15b4df08f5d6acc0eea48429d9e,전라북도,김제시,다래농장,2025-06-24,0.1784562253410919,0.0474690676985405,0.2575859127745965
efa310f7f312d89eec6fbd13d610f136,전라북도,김제시,다온농장,2025-06-24,0.063703603510977,0.029918735882366,0.1981054072575033
9dc3a316fbc1336ee3729602e6fa766f,전라북도,김제시,다온팜,2025-06-24,0.0473591804487976,0.0546428536176923,0.4591002497334983
bddf06fdbc20fb629c10121fbf2624d4,전라북도,김제시,닭스팜,2025-06-24,0.136166063056135,0.026044576839926,0.3803503750836495
7da05836749b4a1e98796ed8b443cc4b,전라북도,김제시,대길농장,2025-06-24,0.1606627066403646,0.0257976533792363,0.3657084264960643
4c9a89e577c7d56534bdb1b8a091558b,전라북도,김제시,대박1농장,2025-06-24,0.063703603510977,0.029918735882366,0.1981054072575033
bdad2091fbada5518a24a661b1a94962,전라북도,김제시,대박4농장,2025-06-24,0.063703603510977,0.029918735882366,0.1981054072575033
06bd8b84ed754ce0521c8a74ac9a5d2e,전라북도,김제시,대산농장,2025-06-24,0.136166063056135,0.026044576839926,0.3803503750836495
2e0b3eb05b2286e5df66c8d0a035f985,전라북도,김제시,대선팜,2025-06-24,0.0954955286030461,0.0257659888550363,0.4742323423933131
7c99ab5fd927c688d4e08d832226c680,전라북도,김제시,대성농장,2025-06-24,0.2603234241711223,0.0458471607055646,0.5376997373186746
86cf2b57da88d6728d471e194681c320,전라북도,김제시,대성농장,2025-06-24,0.1712697344255384,0.0339329084263941,0.259086824341204
c7df066effd63e3f7ec209a6e2234229,전라북도,김제시,대성농장,2025-06-24,0.063703603510977,0.029918735882366,0.1981054072575033
94f7d35ebe1b0cd40262f977bfb85577,전라북도,김제시,대영농장,2025-06-24,0.1971429754763262,0.0240894680350113,0.3291435136324953
cf23d137daab67c2f16e8cf21a923d93,전라북도,김제시,대진농장,2025-06-24,0.915547955185948,0.0499175137661708,0.5938949938242096
fc7e1175f66ee9c21e3b622cbc8fbcc5,전라북도,김제시,대한농장1,2025-06-24,0.0,0.0302972247182062,0.3385495299113088
053315d9e947b5baaa314cd9b5a18659,전라북도,김제시,대한농장2,2025-06-24,0.2374126386584483,0.0284634880479647,0.2631910754236348
76da346cd545adfedc4666b3943db183,전라북도,김제시,대행영농조합법인,2025-06-24,0.1712697344255384,0.0339329084263941,0.259086824341204
fa1920699b35d2c2a311394cf3c45338,전라북도,김제시,대홍농장,2025-06-24,0.2503496837061289,0.0316137786277152,0.4038634499586464
1897a45cc5b16f3082a5c0c21602f4e9,전라북도,김제시,덕우농장,2025-06-24,0.1408833535642163,0.0378043218398958,0.308768297113729
a4952d9d6148ca95bf297c3316bff5f1,전라북도,김제시,도담에그팜,2025-06-24,0.063703603510977,0.029918735882366,0.1981054072575033
98dab5efacb5bab8738cd290d6081f6a,전라북도,김제시,도장농장,2025-06-24,0.0262695614689899,0.0282512739515262,0.4653189446621467
68a8ee6c90a205df1ce7cac336505906,전라북도,김제시,동진농장,2025-06-24,0.0106567198699688,0.1964218395695449,0.4450705261287555
f23c8f62731909011c0a5774e29162c7,전라북도,김제시,똘똘이농장,2025-06-24,0.0195034358232695,0.0217718230086629,0.3472469585575583
f8e992f1a9fca663997c66e556c54622,전라북도,김제시,만경농장,2025-06-24,0.0440451397337307,0.0249043984290325,0.5943894440723562
c1505de3bf97135a4516409ce58dbfb7,전라북도,김제시,만경농장1,2025-06-24,0.0004359856161208,0.0505368044257523,0.2324880529606441
1f7ceaa261062df562ce03c63ac75106,전라북도,김제시,만석양계장,2025-06-24,0.3847471080313123,0.0589608530536423,0.4606240044930264
fa653ee038f49a556c7bd59ce4339a90,전라북도,김제시,명진농장,2025-06-24,0.0597004975101392,0.0323158392286062,0.519082888787896
b4183a29941ddab93ad3c6c84fbf725a,전라북도,김제시,명진농장,2025-06-24,0.0739725518685004,0.0270265028080961,0.4200604274294855
73a60a2713d3c0ddeacbe2e2b5b6bcb8,전라북도,김제시,무지개농장,2025-06-24,0.136166063056135,0.026044576839926,0.3803503750836495
2e4e7a406c6005e2bc8cb285d4f17a7c,전라북도,김제시,문화농장,2025-06-24,0.063703603510977,0.029918735882366,0.1981054072575033
fa5f0b0201d818f14dfa26f021ab84ac,전라북도,김제시,미송농장,2025-06-24,0.2303274704085843,0.0241204443787538,0.2430625757368983
7bbf32cdb690af0d755a40acf6203c4b,전라북도,김제시,미송농장2,2025-06-24,0.2159418998919719,0.0261273598493561,0.2188061098778998
770ed372bd102efe875744d4a0fd85bd,전라북도,김제시,민가네농장,2025-06-24,0.1712697344255384,0.0339329084263941,0.259086824341204
ae05e5e0a31fcb02e7258a140b1ad732,전라북도,김제시,민재농장,2025-06-24,0.2159418998919719,0.0261273598493561,0.2188061098778998
9f7feb24d9b7949083aaf0a6673ebc90,전라북도,김제시,박의사농장,2025-06-24,0.4775628010522635,0.0593436436033278,0.4210260512790645
cfe3c1738a94f2e8243452d4dab7d43b,전라북도,김제시,반석농장,2025-06-24,0.063703603510977,0.029918735882366,0.1981054072575033
220fb6fa302f25d47fa887912976932a,전라북도,김제시,백산농장,2025-06-24,0.0955453197181987,0.0401615307462669,0.2482076650452713
da82f441a2aaef3b83af9c1d0eb8497a,전라북도,김제시,백훈농장,2025-06-24,0.1784562253410919,0.0474690676985405,0.2575859127745965
60aa0e7d380ca04f3542ab81ead36057,전라북도,김제시,번지농장,2025-06-24,0.0,0.048716305113733,0.4368486138221712
28e39745e1a3edfdfab6a1bdc016084e,전라북도,김제시,보원농장,2025-06-24,0.2623316713843683,0.0382996606557057,0.2174502667422017
75e7301256267c896c05308f27280af2,전라북도,김제시,복농장,2025-06-24,0.1712697344255384,0.0339329084263941,0.259086824341204
54e5b306052c65010befc3fbfe891fd1,전라북도,김제시,봉황농장,2025-06-24,0.1281250400826351,0.0280881591075288,0.4994245960839693
5406ad62e6565aab7310a5403af39c57,전라북도,김제시,비젼통상,2025-06-24,0.3938137154310845,0.0111945282970515,0.0247308098017214
039ca8fde1ca11cfaeb5dfc7775397a5,전라북도,김제시,사계절양계장,2025-06-24,0.0399236374264059,0.0404230720171349,0.2660604871052403
325fa0ceaa16800f0a593ef397785fc1,전라북도,김제시,사랑농장,2025-06-24,0.2374126386584483,0.0284634880479647,0.2631910754236348
d0fa72517490ab51457cebfc98ff15b8,전라북도,김제시,산뜰해농장,2025-06-24,0.0955453197181987,0.0401615307462669,0.2482076650452713
f7e2b4e4b1ff629b35f3b4540de25301,전라북도,김제시,산숙농장,2025-06-24,0.2421444744968052,0.0968374858028004,0.4762628284956981
8f9b936bbbf8af11b90f4879dd906e53,전라북도,김제시,상명축산,2025-06-24,0.063703603510977,0.029918735882366,0.1981054072575033
b027467c7c208cf13e70a488184a6211,전라북도,김제시,새순1농장,2025-06-24,0.1712697344255384,0.0339329084263941,0.259086824341204
e72b5582d661478de40d60d6d09d4e02,전라북도,김제시,새순2농장,2025-06-24,0.2159418998919719,0.0261273598493561,0.2188061098778998
e2f588551c5cbc4ea881a0a0658d4a6b,전라북도,김제시,샘물농장,2025-06-24,0.0333255368658301,0.0277287143941356,0.36235855097941
74204ec188a008eac3a68c51eb12689d,전라북도,김제시,샛별농장,2025-06-24,0.1712697344255384,0.0339329084263941,0.259086824341204
661c32e84254a9f8d228f784a4743d78,전라북도,김제시,서가네알농장,2025-06-24,0.2269710735703804,0.0283411767910104,0.3648273476816505
e63c97127444e1407075087c2a5c024c,전라북도,김제시,서영농장,2025-06-24,0.068785523137616,0.0448290030762606,0.359864114571942
8a9d11a51843d6f25d16a593eee59054,전라북도,김제시,서후남농장,2025-06-24,0.2111908283118381,0.0214860098835958,0.3410885370721272
2ad85a78e1723a44250b22652384cc7e,전라북도,김제시,석농장,2025-06-24,0.0955453197181987,0.0401615307462669,0.2482076650452713
9ce733aac822b70d24777a445d40e46f,전라북도,김제시,석일농장,2025-06-24,0.2159418998919719,0.0261273598493561,0.2188061098778998
c2915e4f269affe831efee080f424761,전라북도,김제시,선숙농장,2025-06-24,0.0190762958838165,0.0282195192591427,0.4262802946493759
94c6024406a922be44b09ca9c7cc54bf,전라북도,김제시,선주농장,2025-06-24,0.4775628010522635,0.0593436436033278,0.4210260512790645
f1c09ae4cafcdb9841cb9ffb38cb4fe0,전라북도,김제시,송삼3농장,2025-06-24,0.063703603510977,0.029918735882366,0.1981054072575033
392b235fa386c33575e07925e5ee49d0,전라북도,김제시,수민농장,2025-06-24,0.2159418998919719,0.0261273598493561,0.2188061098778998
7ccf59a4ce22728901a182dcacb2f2a5,전라북도,김제시,수빈농장,2025-06-24,0.2369859651042314,0.1139976186411409,0.4773238833840664
b5244d3fcb0350d87fd65eb061415fd5,전라북도,김제시,수하농장,2025-06-24,0.4893803601929347,0.0264373569054883,0.302481548908435
1b9a603beafa6556cb43aa5bfa445418,전라북도,김제시,수호농장,2025-06-24,0.0955453197181987,0.0401615307462669,0.2482076650452713
5740824e31cfdd545070e02eafad37ce,전라북도,김제시,순홍농장,2025-06-24,0.2159418998919719,0.0261273598493561,0.2188061098778998
059d33e7c22b426c0b78374a01ad8b73,전라북도,김제시,시온농장,2025-06-24,0.0739725518685004,0.0270265028080961,0.4200604274294855
22e379f7512e267a2f1b0695ea77ba4d,전라북도,김제시,시후농장,2025-06-24,0.50771280466098,0.0378147033117117,0.2507915652955665
2f601c3f6d1f9ae7857572c2e70b826c,전라북도,김제시,신성농장,2025-06-24,0.6545609500649219,0.0232915879288103,0.3281885092542501
bf5bf2b5cc14948b800734a95ac78450,전라북도,김제시,신안농장,2025-06-24,0.032064713584052,0.0357724061280294,0.2091442329814814
ef77d1cae330f96fbbe475dd438f0ba3,전라북도,김제시,실로암농장,2025-06-24,0.1830822337593285,0.0370194477584023,0.4724257858248158
c806481ec729de8c4f1005a6274c6137,전라북도,김제시,쌈바농장,2025-06-24,0.1565060613631249,0.0288097871115418,0.4270835661530127
dd42967ffc45d863728ce473afa06001,전라북도,김제시,써니농장,2025-06-24,0.2111908283118381,0.0214860098835958,0.3410885370721272
dc4888dd2a6ec62dba535d7a83b34254,전라북도,김제시,양열농장,2025-06-24,0.1971429754763262,0.0240894680350113,0.3291435136324953
00a3c9cd171e9edaa90b7a8fb5d4a616,전라북도,김제시,억대농장,2025-06-24,0.1712697344255384,0.0339329084263941,0.259086824341204
fcf77e8422d0f63442ecd932e0f76377,전라북도,김제시,에이스농장,2025-06-24,0.0399236374264059,0.0404230720171349,0.2660604871052403
35a01d4c7fd9370d30643755e4c729e7,전라북도,김제시,연수농장,2025-06-24,0.063703603510977,0.029918735882366,0.1981054072575033
38417ccfd0ff91be4f15c005e4fd467a,전라북도,김제시,연우농장,2025-06-24,0.063703603510977,0.029918735882366,0.1981054072575033
9b7ed1a7b9ce6891399809fea6e5992b,전라북도,김제시,연희양계장,2025-06-24,0.0261077511620042,0.0399486097148326,0.1524932886090766
3c8eb4982c0b6f2c8f8746bf8a73cfbf,전라북도,김제시,영광농장,2025-06-24,0.063703603510977,0.029918735882366,0.1981054072575033
4c0646dc33b157f366183194e4c90230,전라북도,김제시,오리박사농원,2025-06-24,0.1901339825602894,0.0476034526473428,0.2298210561224138
8fdf2b81edceddbbe0ea92b6628105fc,전라북도,김제시,오정농장,2025-06-24,0.1907896456680199,0.0246001832120571,0.45916041842703
f8461609bf74ab0003af214e30fd45c1,전라북도,김제시,용성에그팜 영농조합법인,2025-06-24,0.2303274704085843,0.0241204443787538,0.2430625757368983
a9ace156414b190788a277dc94c937cd,전라북도,김제시,용호농장,2025-06-24,0.2035737724968246,0.0362916926935513,0.0812156092779122
37ecac853797b169033ef66e03902872,전라북도,김제시,우리농장,2025-06-24,0.2159418998919719,0.0261273598493561,0.2188061098778998
4a5a0975f7ba1cc8671af1702bdeecee,전라북도,김제시,우진농장,2025-06-24,0.1712697344255384,0.0339329084263941,0.259086824341204
3025d9c4b3d4b896a918148a17ba1b47,전라북도,김제시,유진농장,2025-06-24,0.1565060613631249,0.0288097871115418,0.4270835661530127
43ae361ee7e3bfb085d25aa061358eba,전라북도,김제시,유황가농장,2025-06-24,0.1293010095106471,0.0223949676098153,0.2936961120407363
c63903ea1a2a5824b0db9dc8a80a3c7f,전라북도,김제시,은곡안정농원,2025-06-24,0.0283252504864237,0.0348067051421113,0.0391449256788678
c19b7e6856dc18f66ea35a6c04d128a1,전라북도,김제시,은성축산,2025-06-24,0.0,0.048716305113733,0.4368486138221712
9235230b919ca03f2d0996543a935952,전라북도,김제시,이&장 목장,2025-06-24,0.0687647571034479,0.0217930305381277,0.0433724282860962
c9ed190cd7efe1b175c2c2624113d004,전라북도,김제시,이레농장,2025-06-24,0.2111908283118381,0.0214860098835958,0.3410885370721272
1f3a9136d9072d9c45128d6ca1e1ea26,전라북도,김제시,이레농장,2025-06-24,0.0261077511620042,0.0399486097148326,0.1524932886090766
b6e6fe23c682e5f2796b3de653fbc7bc,전라북도,김제시,이상농장,2025-06-24,0.3847471080313123,0.0589608530536423,0.4606240044930264
825fd22d9bc4e0d5a13a3f75cc65104e,전라북도,김제시,이성농장,2025-06-24,0.0366857116768546,0.080295899032996,0.5119625185126147
b551359a531325438a72dabaac0bfdb8,전라북도,김제시,인영농장,2025-06-24,0.1712697344255384,0.0339329084263941,0.259086824341204
f55476f1d585cb4ebf11d131b417ba62,전라북도,김제시,일심농장,2025-06-24,0.2303274704085843,0.0241204443787538,0.2430625757368983
5a4c73f24ac9b57760d89dfe6d1efb51,전라북도,김제시,일원농장,2025-06-24,0.1712697344255384,0.0339329084263941,0.259086824341204
818575a287b46a3d4a6c82fe66f4ca26,전라북도,김제시,임마누엘농장,2025-06-24,0.072161194067855,0.0292101080342714,0.5288782650018735
2081adb43bf64eb391ad6f7fd66a0b94,전라북도,김제시,자연농장,2025-06-24,0.063703603510977,0.029918735882366,0.1981054072575033
99b0de9bf3cc7105393a04b610e25be9,전라북도,김제시,장원농장,2025-06-24,0.2111908283118381,0.0214860098835958,0.3410885370721272
73faa7b63451cacbfa512f7df705e460,전라북도,김제시,재철한우,2025-06-24,0.2303274704085843,0.0241204443787538,0.2430625757368983
24eb3346522681b3661f80446abfcf78,전라북도,김제시,재현농장,2025-06-24,0.2374126386584483,0.0284634880479647,0.2631910754236348
b1c05a7f4d15fdc4c38dfafad43ab314,전라북도,김제시,전북계란영농조합,2025-06-24,0.1712697344255384,0.0339329084263941,0.259086824341204
c26f8c53b887fa2602e9c53006a9bb76,전라북도,김제시,전북계란영농조합,2025-06-24,0.2374126386584483,0.0284634880479647,0.2631910754236348
055bf22de47c03d750b1788833b866f5,전라북도,김제시,점촌농장,2025-06-24,0.2602259085518906,0.0158978264446252,0.2424977410172389
033df512a86b425406070a3206129182,전라북도,김제시,정철환농장,2025-06-24,0.3140891643628389,0.0239432482822936,0.2833866627986257
73c5a7b12ccf4f4f913a62dc4441bc41,전라북도,김제시,정훈농장,2025-06-24,0.0847464354090341,0.0326758936352219,0.3192416708955576
ceab2721d2f474fa4863920cfb7b0637,전라북도,김제시,제일농장,2025-06-24,0.1712697344255384,0.0339329084263941,0.259086824341204
f361492bbde083913eb0645c4b402160,전라북도,김제시,제항양계장,2025-06-24,0.0473591804487976,0.0546428536176923,0.4591002497334983
f2b99e79e1ad3ada12bb4461cf10fa47,전라북도,김제시,조산농장,2025-06-24,0.1901339825602894,0.0476034526473428,0.2298210561224138
2803ab98320540eaedda645d99049952,전라북도,김제시,종화농장,2025-06-24,0.1712697344255384,0.0339329084263941,0.259086824341204
a3f0d4b8359d6a965de31e76c2bef0ed,전라북도,김제시,주식회사 하림,2025-06-24,0.2073457002238085,0.0187306859861856,0.6082877007974624
72d2da379b02d11b176d16be05670ee1,전라북도,김제시,지안농장,2025-06-24,0.2159418998919719,0.0261273598493561,0.2188061098778998
b8a902f0d73b73e82aeb61487d0c58d1,전라북도,김제시,지일농장,2025-06-24,0.1712697344255384,0.0339329084263941,0.259086824341204
540537c4185f91a2d6f6b85b4c7339b1,전라북도,김제시,지평선명품오리농장,2025-06-24,0.0403812504520032,0.0252961232438412,0.2708267142873155
e840873aef6703720cfd8345a82f13b5,전라북도,김제시,진성농장,2025-06-24,0.1712697344255384,0.0339329084263941,0.259086824341204
4bce6f65e1bdb82521aa93534248916e,전라북도,김제시,진축산,2025-06-24,0.063703603510977,0.029918735882366,0.1981054072575033
a6bf14e509bf94318a82c3cba31cf2ce,전라북도,김제시,참진축산,2025-06-24,0.136166063056135,0.026044576839926,0.3803503750836495
6fee52b670d070318d0a7d699732d86c,전라북도,김제시,창우농장,2025-06-24,0.2159418998919719,0.0261273598493561,0.2188061098778998
a8eb10adff0bd7b4646082184272ab8a,전라북도,김제시,창훈농장,2025-06-24,0.0,0.048716305113733,0.4368486138221712
ba6cf0f9a7c70a583f37c00f60901f91,전라북도,김제시,철진농장,2025-06-24,0.1712697344255384,0.0339329084263941,0.259086824341204
3ded27ac42ccdc0b3e34d3008d909b7a,전라북도,김제시,청도농장,2025-06-24,0.0185337411406465,0.0258555257513788,0.0024887635326086
d479599f56dda7dc98a69955f412f663,전라북도,김제시,청정오리나라,2025-06-24,0.2159418998919719,0.0261273598493561,0.2188061098778998
b0d3f2c71bac770abcadae4b28bfdcd7,전라북도,김제시,청하농장,2025-06-24,0.0912190325294901,0.1359143431657092,0.5223224324492123
17ea4ec09d84648773ddccf25e9ab6e7,전라북도,김제시,축복농장,2025-06-24,0.1740428604917458,0.0325811654953195,0.3679014476520517
9932529d7cb400e4944df36bd3fc8518,전라북도,김제시,축산농장,2025-06-24,0.1712697344255384,0.0339329084263941,0.259086824341204
39e86cbcc03512417e3d2b5baf5e8b61,전라북도,김제시,코아페농장,2025-06-24,0.136166063056135,0.026044576839926,0.3803503750836495
8595383f723e6ad53fb01b9e41100cee,전라북도,김제시,태성농장,2025-06-24,0.1408833535642163,0.0378043218398958,0.308768297113729
19798e24012c679f111a86de22aa8ec1,전라북도,김제시,태성농장,2025-06-24,0.1992123224663785,0.0239192575167168,0.3979977404720919
75ab7408329124139f913cdd637aa625,전라북도,김제시,태성농장1,2025-06-24,0.1530456510106336,0.0400593900259898,0.1213557279754296
d53f991e7dc478123c422357cbe4c4d1,전라북도,김제시,태성농장2,2025-06-24,0.1408833535642163,0.0378043218398958,0.308768297113729
a237754da1f477530badd70e9f0b0a7d,전라북도,김제시,태양농장,2025-06-24,0.1408833535642163,0.0378043218398958,0.308768297113729
3199f5ed7f4435d6b7d98a7e18a355b7,전라북도,김제시,태영농장,2025-06-24,0.2159418998919719,0.0261273598493561,0.2188061098778998
6edb37e90b6d036c00d10cb82ccf9971,전라북도,김제시,태영농장2,2025-06-24,0.2159418998919719,0.0261273598493561,0.2188061098778998
505369f753a1f4a2e56fa2c476bb88d4,전라북도,김제시,태용농장,2025-06-24,0.0190762958838165,0.0282195192591427,0.4262802946493759
6cb32b661fd7d63e380d218bdf7f3d31,전라북도,김제시,태웅농장,2025-06-24,0.1971429754763262,0.0240894680350113,0.3291435136324953
42700378387c04aab3f7ea09b646d9b3,전라북도,김제시,토종 닭 원조농장,2025-06-24,0.032064713584052,0.0357724061280294,0.2091442329814814
e90a8630c7e2ce7925e10ef8527d2a0d,전라북도,김제시,판이농장,2025-06-24,0.0190762958838165,0.0282195192591427,0.4262802946493759
4ccbe009d7e19dd93f2094e5beab9890,전라북도,김제시,평사골양계농장,2025-06-24,0.0403812504520032,0.0252961232438412,0.2708267142873155
ca085ea1b2cd61e9995d51b7031f4fa4,전라북도,김제시,푸른농장,2025-06-24,0.1712697344255384,0.0339329084263941,0.259086824341204
6df178ebeb8d00af400d942254d705f8,전라북도,김제시,풍배농장,2025-06-24,0.1800526602457657,0.0520014929107161,0.4204770503743682
9e12b41303221e7f4145eb9d831d261f,전라북도,김제시,하나농장,2025-06-24,0.2159418998919719,0.0261273598493561,0.2188061098778998
1fe972666bab51f114cfc132e2e34655,전라북도,김제시,하늘농장,2025-06-24,0.1408833535642163,0.0378043218398958,0.308768297113729
d294a5663d8f2fe178d0e585885019c3,전라북도,김제시,하민농장,2025-06-24,0.0739725518685004,0.0270265028080961,0.4200604274294855
7ac0daad7d30cc16996da151c80446be,전라북도,김제시,학동양계장,2025-06-24,0.0098411360710295,0.0542946125873355,0.2744493439241695
3db2e8c0cf8251794f98fe4cd054682f,전라북도,김제시,한반농장,2025-06-24,0.2369859651042314,0.1139976186411409,0.4773238833840664
62fc592a6fb8f72b7476662df9de1133,전라북도,김제시,해마루농장,2025-06-24,0.063703603510977,0.029918735882366,0.1981054072575033
1d4985fda887250514537397ad62bc4e,전라북도,김제시,햇살농장,2025-06-24,0.136166063056135,0.026044576839926,0.3803503750836495
bd01b636892c44c08e677c9e5725a288,전라북도,김제시,햇살농장,2025-06-24,0.1606627066403646,0.0257976533792363,0.3657084264960643
3ee04cda174f7c029b0c9c9c1c42b368,전라북도,김제시,행복농장,2025-06-24,0.1712697344255384,0.0339329084263941,0.259086824341204
ab8dfdef94b31ce2510000e562264135,전라북도,김제시,행복한농장,2025-06-24,0.1712697344255384,0.0339329084263941,0.259086824341204
5bcab69eaaf13f3ddeb254529a2a85c9,전라북도,김제시,행운농장,2025-06-24,0.2602259085518906,0.0158978264446252,0.2424977410172389
ace651941dc09728384d77e7a696e08e,전라북도,김제시,행운농장,2025-06-24,0.063703603510977,0.029918735882366,0.1981054072575033
4c1d7de6981de762fdafa9457b0f9388,전라북도,김제시,현농장,2025-06-24,0.2374126386584483,0.0284634880479647,0.2631910754236348
f5956672632451d52a1ff928220a169c,전라북도,김제시,현대농장,2025-06-24,0.1712697344255384,0.0339329084263941,0.259086824341204
4146ae58e68172ffe2ac6be20440f8ec,전라북도,김제시,현서농장,2025-06-24,0.2159418998919719,0.0261273598493561,0.2188061098778998
896d6634b2ac2133aafbb04f3fee4f63,전라북도,김제시,현아농장,2025-06-24,0.2073457002238085,0.0187306859861856,0.6082877007974624
5dd25cb11fc89ec81d903d6a777c4ebc,전라북도,김제시,현주농장,2025-06-24,0.6545609500649219,0.0232915879288103,0.3281885092542501
6ddb053511caba0c19558fd323067dda,전라북도,김제시,형지농장,2025-06-24,0.3140891643628389,0.0239432482822936,0.2833866627986257
1f5c0e40f7bd44052ae049792dde193a,전라북도,김제시,혜지경농장,2025-06-24,0.0,0.048716305113733,0.4368486138221712
b36d34d3201664dec52a472992d15a71,전라북도,김제시,혜훈농장,2025-06-24,0.063703603510977,0.029918735882366,0.1981054072575033
4376dff20d0e9d375ab900b475ad7bf2,전라북도,김제시,호남농장,2025-06-24,0.2159418998919719,0.0261273598493561,0.2188061098778998
911080811c7562d69268f7de0ffd650d,전라북도,김제시,화원농장,2025-06-24,0.2602259085518906,0.0158978264446252,0.2424977410172389
aa63b3a216eca219e48aec4f0c03bb97,전라북도,김제시,환농장,2025-06-24,0.1712697344255384,0.0339329084263941,0.259086824341204
7563c633e4bb39a5f2be70320f45f6f5,전라북도,김제시,환순농장,2025-06-24,0.068785523137616,0.0448290030762606,0.359864114571942
7e8999648989f42e1eeb8bcd13456d45,전라북도,김제시,환희농장,2025-06-24,0.2159418998919719,0.0261273598493561,0.2188061098778998
0139d3a38f6903151a76d90a1a0b30f6,전라북도,김제시,효정농장,2025-06-24,0.1971429754763262,0.0240894680350113,0.3291435136324953
9df0f178aac02d35ff3e2207fef9db22,전라북도,김제시,효창오리,2025-06-24,0.0,0.0302972247182062,0.3385495299113088
cd38e53940cb475fa9c6c0fa3fdbc20b,전라북도,김제시,효창오리,2025-06-24,0.0847464354090341,0.0326758936352219,0.3192416708955576
faecee9a784363829e9385e7739035ce,전라북도,김제시,후초암농장,2025-06-24,0.0214442557254425,0.0197636809605665,0.3831805743221906
392fe60c3217ed738f6a2e5a69409f2e,전라북도,김제시,희망농장,2025-06-24,0.1408833535642163,0.0378043218398958,0.308768297113729
21d2e3b4b784dc8cf9e792d57aa5d778,전라북도,김제시,희망농장,2025-06-24,0.1971429754763262,0.0240894680350113,0.3291435136324953
e6792e89335d7ffa8f1d807573b3ace2,전라북도,부안군,갑도농장,2022-12-05,0.0113985061260733,0.2960547501453704,0.1244042523266263
2da4dcf1ec2c7c55dd5febcd0580fe81,전라북도,부안군,거령농장,2022-12-05,0.0905114907062708,0.051776961313836,0.5512220754395696
8f6895c051f9e0125034d2b0acb83885,전라북도,부안군,골든,2022-12-05,0.0113985061260733,0.2960547501453704,0.1244042523266263
b1285c39e0e9b5ef47d19ae433ae4b0e,전라북도,부안군,금복주농장,2022-12-05,0.0,0.0329332125529737,0.4347282685870693
84f34cdd51f8783b651ace8c3b68627f,전라북도,부안군,금순이농장,2022-12-05,0.2459388466198085,0.2198639770537402,0.2145665746936429
fecf8f16ebfd2f84572c5cd872d733db,전라북도,부안군,금판리농장,2022-12-05,0.0560802871027292,0.1001940367921861,0.6008429452352516
427a7db24bafd0b28e9d3ffbbaa7e63e,전라북도,부안군,금판오리 농장,2022-12-05,0.0314380014660244,0.1100884706941224,0.5781447652191325
668cdac99a48cdbb13ba923a026fb1f0,전라북도,부안군,기충열농장,2022-12-05,0.1335797312615609,0.039793006726128,0.5396047249214511
1be0f980731277829dfb581101bc2a85,전라북도,부안군,김명수농장,2022-12-05,0.2755502365994356,0.0278028954646241,0.3648667368384168
1f89b437ef4de1506c68f2d66daa3f23,전라북도,부안군,김산농장,2022-12-05,0.1787639053249503,0.0492405113819588,0.4207263925760677
7aba05d17e57d61e8669a6d500564dbf,전라북도,부안군,김을식양계장,2022-12-05,0.2998929529271465,0.099319845069285,0.2233294993558556
0a0ac81b33a94c4a296708d8241f6af0,전라북도,부안군,김종열농장,2022-12-05,0.3688475591168254,0.0223052454384928,0.5782294424294044
c1db3977f372d73131b703b8cbef73af,전라북도,부안군,김철수농장,2022-12-05,0.0507501676352639,0.177348947353059,0.4983047790731721
220b1bfc2eef5cdadf27134a7984ae77,전라북도,부안군,나래농장2,2022-12-05,0.009755777410266,0.1580921697238243,0.5616139150540252
3eaff882d0f9b534844e342225cf5c60,전라북도,부안군,난산육계농장,2022-12-05,0.191225779405664,0.0278133184690237,0.4108471259318944
bdf07ab8f4d38641441e507ccc13e513,전라북도,부안군,남포농장,2022-12-05,0.0420059920714193,0.0296037002966567,0.1675015560020253
18e09c11d8218ed401bcbd4de3aa1668,전라북도,부안군,노병옥농장,2022-12-05,0.1146963293967286,0.0349829124342892,0.2707780620678388
da9b802d8a0bcbfb80adbd809650eec4,전라북도,부안군,노병옥농장,2022-12-05,0.1188747365036703,0.024366006206283,0.2827846285105231
d56ed82cfbb96d9fcb1732d58aeaddb7,전라북도,부안군,누리농장,2022-12-05,0.009755777410266,0.1580921697238243,0.5616139150540252
001a02367c122dd744773534b02cecd8,전라북도,부안군,누리농장,2022-12-05,0.009755777410266,0.1580921697238243,0.5616139150540252
d8f92a9a51ef9a2d2d622dd2407d769c,전라북도,부안군,늘봄농장,2022-12-05,0.0245117473192538,0.0456235624428099,0.4486824073563676
a151dc8f3209814ceb6c948b8bbfbc26,전라북도,부안군,다산1농장,2022-12-05,0.0252807150946453,0.2204225607911791,0.0857303356044773
f896e68e12d308ef1e354b80707f1f35,전라북도,부안군,다산농장,2022-12-05,0.0421057320405357,0.0313667805994314,0.2025943506944975
be16cd785e6762b877cd87de39244e4f,전라북도,부안군,대동농장,2022-12-05,0.2569960230136728,0.0303225764819365,0.2914324801667965
4c1e2fe5d6f0164af3d3b4a68fda325d,전라북도,부안군,대명농장,2022-12-05,0.4417760186412033,0.0468333283953864,0.69955303527274
56a773ae1426aa7e81bf44ee24d55589,전라북도,부안군,대명농장2,2022-12-05,0.4417760186412033,0.0468333283953864,0.69955303527274
7990aff400f55b1bf148549fe6b8fa13,전라북도,부안군,더불어 참살이,2022-12-05,0.0622841835902525,0.2255773677288169,0.4360412056040495
519dc504298d1154e4d1c0ea7ce5fb60,전라북도,부안군,더불어참,2022-12-05,0.0622841835902525,0.2255773677288169,0.4360412056040495
40fdb0102105c87673a74893b34733e9,전라북도,부안군,도담농장,2022-12-05,0.1037046439437017,0.0288337905644995,0.2712803968563633
d789dd7f8190dc617289600088a71168,전라북도,부안군,도담농장,2022-12-05,0.0622841835902525,0.2255773677288169,0.4360412056040495
acdc1d34ae2a5b3b7f5d81c33a1146dd,전라북도,부안군,동산농장,2022-12-05,0.0201373076767497,0.0340865610881195,0.5468010694862522
5c7590db8942e904a0c4bdf32aeacc1c,전라북도,부안군,동암농장,2022-12-05,0.0734306795393195,0.1775018622569117,0.5726546963230983
0b0a3cf0059f419504c6cd264933a013,전라북도,부안군,명진농장,2022-12-05,0.0739807929921797,0.0587540313391086,0.2340219765432865
1f0bd9af8fe60e0cb08a29f9bf6d2b6a,전라북도,부안군,모리아팜,2022-12-05,0.0760251782300399,0.0411644757986104,0.2564195306333774
914b5c40061c8be12ec191a99b03113f,전라북도,부안군,미운오리농장,2022-12-05,0.1080128926133392,0.025343874114118,0.3596162266631252
3381d6df2d81308a6a9ddd128521042c,전라북도,부안군,민재농장,2022-12-05,0.009755777410266,0.1580921697238243,0.5616139150540252
571849e3cde275ec7f8beaa664e24161,전라북도,부안군,반계농장,2022-12-05,0.1602201542040585,0.2580699233306703,0.121777483329673
1347f2a4352e87755cfd3958d9e74a94,전라북도,부안군,보담농장,2022-12-05,0.0622841835902525,0.2255773677288169,0.4360412056040495
42d5801e52dc6796036e47513e314b9e,전라북도,부안군,부광농장,2022-12-05,0.0440232514799896,0.0392711459078435,0.5334509412601233
4fffea90ae47616f5acb517e7c3c1bac,전라북도,부안군,부안 기러기 농장,2022-12-05,0.0882543503359468,0.1283042032850817,0.5318344668635996
da399a222847a174cbd92516321d23a4,전라북도,부안군,부안 기러기 농장2,2022-12-05,0.2505212001448951,0.044923945214683,0.4882541037617141
b18ebf49838a35481808476abe7d72df,전라북도,부안군,부안농장,2022-12-05,0.0283269026969152,0.03222165949018,0.2284737884053998
00b27028a70ab45aa500d66b8e369bf6,전라북도,부안군,부안양계영농조합법인,2022-12-05,0.2195457669088576,0.0352779762827398,0.449761276331668
bf11fa9d0393e03792cf67a3f02c7718,전라북도,부안군,뽕이랑 귀농이랑,2022-12-05,0.108349150711663,0.0961396920488859,0.1543088213928785
a5918f8583bc7b905cbb34ddea08d715,전라북도,부안군,산돌농원(제1농장),2022-12-05,0.1011213721629315,0.0471198219910171,0.2823925774330069
02ff9b5d627242eeb59f3d45044aab97,전라북도,부안군,산돌농원(제2농장),2022-12-05,0.1011213721629315,0.0471198219910171,0.2823925774330069
055786bc3345062ab83906d9aacf2d74,전라북도,부안군,상운농장,2022-12-05,0.1901082846542711,0.0437755907471956,0.2162868907348676
8b097fe0b4087700b83250e3efebd4be,전라북도,부안군,상운농장,2022-12-05,0.1901082846542711,0.0437755907471956,0.2162868907348676
360354169fcf2931800f9e6fb0e004a5,전라북도,부안군,서원농장,2022-12-05,0.4351919655224993,0.0323600762926437,0.4035897178816737
e1debb35a195d31a279beee3578cd8cd,전라북도,부안군,선들농장,2022-12-05,0.3279228501528875,0.0285874623380275,0.1809586502016703
8b534731c907f3a47f99d3014333e79f,전라북도,부안군,성룡농장,2022-12-05,0.2443605105915479,0.0377815332700352,0.3182110534156839
2baebff06bb731376188e179ca15fb45,전라북도,부안군,성일농장,2022-12-05,0.0882543503359468,0.1283042032850817,0.5318344668635996
04ae0dd7af0b7197f69a6f5fb4b58918,전라북도,부안군,성하농장,2022-12-05,0.2091833645326412,0.0243765464768611,0.3381098651052602
61866a5a1bc744e43693ea33f8e23b73,전라북도,부안군,성혁농장,2022-12-05,0.270490464752896,0.0469504796256039,0.5075733465476051
4b77e03d2d30ed2f8c1182425408b3d4,전라북도,부안군,소담농장,2022-12-05,0.0622841835902525,0.2255773677288169,0.4360412056040495
a0a036162f7897f7348f5eb664e7dff0,전라북도,부안군,소망농장,2022-12-05,0.1011213721629315,0.0471198219910171,0.2823925774330069
d3fe8fa0c01368bd9f99c7bd430dc295,전라북도,부안군,승원농장,2022-12-05,0.3199977999104257,0.0533197633408388,0.2633105539058472
c918515c47a2ca211eeb786cd312f2cc,전라북도,부안군,신성농장,2022-12-05,0.027862459100221,0.0316415076540758,0.3829429009786637
cef653c45c832691ea997fdf1526d10c,전라북도,부안군,신원농장,2022-12-05,0.2703499665528149,0.047472997999917,0.5126199987467206
28faf85696224c33bffa2169a854d9c4,전라북도,부안군,신원식농장,2022-12-05,0.3306904801503251,0.0348420289441653,0.4468251738006542
2b33d23d381a17e6c46ea1406072df4a,전라북도,부안군,신지농장,2022-12-05,0.0,0.1449726652688673,0.5373860611356343
34df4f60d034f7a563108fde95c48fd9,전라북도,부안군,신흥농장,2022-12-05,0.166283085360866,0.0328315799549108,0.3735331982384557
00671747ff76314ffdaf1829741b7cd4,전라북도,부안군,신흥농장,2022-12-05,0.2589981939041222,0.0310579058914795,0.3646937607045115
548a7f03b5668437e9d700259185f92e,전라북도,부안군,에덴농장,2022-12-05,0.0201373076767497,0.0340865610881195,0.5468010694862522
6e63aeb0ee21d15f6e9b3911e4b853c7,전라북도,부안군,여월지향농장,2022-12-05,0.0512763884074806,0.034827765911987,0.5652968135157065
6f9d44b3f952e4e8ce2922f05e659feb,전라북도,부안군,연정농장,2022-12-05,0.1492138114354153,0.0236618701967385,0.3163812052416622
e0ceb9bb50720ebc605d8990507b040b,전라북도,부안군,연중농장,2022-12-05,0.0,0.0318900728626363,0.2781929884604971
f62490b5b74be71f2ed5f32290ad7b12,전라북도,부안군,예근농장,2022-12-05,0.2412879305276902,0.2294813379090658,0.1631960274892307
6a412eeacac545d5bc852ef77e327855,전라북도,부안군,예동농장,2022-12-05,0.1220285626860294,0.0317378972261424,0.4336059899748354
2790282a6abcaad6197e2a370b6c081b,전라북도,부안군,예은농장,2022-12-05,0.2569960230136728,0.0303225764819365,0.2914324801667965
80b5efd16f9dd7f92b20a32b5510fa38,전라북도,부안군,오리와사람들,2022-12-05,0.009755777410266,0.1580921697238243,0.5616139150540252
7ab25560b8b97725438be45d32fba9dc,전라북도,부안군,용출농장,2022-12-05,0.0650992004468362,0.0726188563839119,0.564579143495071
5ec839c43ebfe8551b3a87a3e33e7009,전라북도,부안군,용호농장,2022-12-05,0.2412879305276902,0.2294813379090658,0.1631960274892307
841835e4eadddc8e743ac7bf60006c2f,전라북도,부안군,우슬재 황토촌,2022-12-05,1.1833486264981536,0.0087112796747923,0.0465462750378507
d0a48120e1a07cb0cdff8e29581b2b49,전라북도,부안군,월광농장,2022-12-05,0.0518237057055704,0.0410477755986165,0.2914864626017867
64dfecb257c89b8735fe77cf89f6524e,전라북도,부안군,유병채농장,2022-12-05,0.009755777410266,0.1580921697238243,0.5616139150540252
cd4cb2e5c8e8a5171e71c7990c3fe0a6,전라북도,부안군,윤봉길양계장,2022-12-05,0.1188747365036703,0.024366006206283,0.2827846285105231
b78e376f55786d8b5b721226467969b9,전라북도,부안군,은성농장,2022-12-05,0.3134136245430685,0.0462650809688809,0.4060523943668312
aa884536780aa6a72e0b4b698bcca795,전라북도,부안군,일월성농장,2022-12-05,0.2085980359098142,0.0357581484097508,0.4216166340334127
0132b4cd1b0a1e10b32a079df6d4e890,전라북도,부안군,장등농장,2022-12-05,0.150883229204212,0.1903834708359824,0.4977214508585971
3274193961150364705417051fd70069,전라북도,부안군,정상농장,2022-12-05,0.1188747365036703,0.024366006206283,0.2827846285105231
57faf99c8589d5bad241bd34ad01df73,전라북도,부안군,정인농장,2022-12-05,0.0626900072453993,0.0285463035953272,0.2868642697887095
193a7e832426c2300467a707c82e99a9,전라북도,부안군,제일농장,2022-12-05,0.2085980359098142,0.0357581484097508,0.4216166340334127
add68f65747a89501dbefb10e4ffc1fc,전라북도,부안군,줄포대성농장,2022-12-05,0.0741826433856058,0.0553616523878336,0.2096071104760782
957d5e9bcd90be975d6e2b6e994974d7,전라북도,부안군,증산농장,2022-12-05,0.0609370098372236,0.0218748505989378,0.541725341021076
13c5b491862d2efadaa3af8ff3de2d63,전라북도,부안군,진서1농장,2022-12-05,0.7411834396944151,0.117476333594404,0.0148205526115539
4b948371c85e615ea72b3c953c321389,전라북도,부안군,진서2농장,2022-12-05,0.7411834396944151,0.117476333594404,0.0148205526115539
9d25ad8a82ddda4de328d7eaba207657,전라북도,부안군,진성농장,2022-12-05,0.0,0.0329332125529737,0.4347282685870693
40e56551730e17590d0bdbad7d48bf55,전라북도,부안군,창북농장,2022-12-05,0.4417760186412033,0.0468333283953864,0.69955303527274
2a58c8b246d1afc14f03e04699352910,전라북도,부안군,창북농장,2022-12-05,0.4417760186412033,0.0468333283953864,0.69955303527274
24f5cbb4586b101673b4967d88cc688d,전라북도,부안군,창북농장,2022-12-05,0.4417760186412033,0.0468333283953864,0.69955303527274
eeb0c674981c40182b248f7397e5ab72,전라북도,부안군,천금오리농장,2022-12-05,0.2085980359098142,0.0357581484097508,0.4216166340334127
3f5db01e80b89fa5d5aadf918288786d,전라북도,부안군,천우농장,2022-12-05,0.0507604984384563,0.1845408156017471,0.5418115776323671
bdad075c006fca9356b0de9483af8c87,전라북도,부안군,청솔농장,2022-12-05,0.1011213721629315,0.0471198219910171,0.2823925774330069
04d6d163d76c0f24b1ea64c8b4603387,전라북도,부안군,청호농장,2022-12-05,0.0498037698803157,0.2087591664184035,0.4780325912749644
32cd09e64e92bd3939c0d926cef65066,전라북도,부안군,탑농장,2022-12-05,0.0734306795393195,0.1775018622569117,0.5726546963230983
a08c5401d38961aeb2961efb03ed5a13,전라북도,부안군,태복농장,2022-12-05,0.1636640134137764,0.0278731057071232,0.2963634998998983
1e031a68e870c19550b6a11d183af9e1,전라북도,부안군,태양농장,2022-12-05,0.0877014836172153,0.0791655828498087,0.2084310835169681
9218a1389099e6c07ed787320a80b6fa,전라북도,부안군,평교 종계장,2022-12-05,0.2589981939041222,0.0310579058914795,0.3646937607045115
fc3bed2ce71e4b3d1d7d87d24485b10c,전라북도,부안군,한울농장,2022-12-05,0.0622841835902525,0.2255773677288169,0.4360412056040495
1c9f6cc22ca0f0ba7f918a0926a60879,전라북도,부안군,해금농장,2022-12-05,0.0439615197439134,0.0343199832259591,0.5540708772527182
5917bc00c1109837a8345d11db6fce91,전라북도,부안군,해드림농장,2022-12-05,0.009755777410266,0.1580921697238243,0.5616139150540252
f60045320a519b83325560613ca2b051,전라북도,부안군,해바라기농장,2022-12-05,0.1549233189798593,0.1287749869745944,0.1788558981957989
d4863088fcedda3cf788a8e703ccc4cc,전라북도,부안군,햇빛농장,2022-12-05,0.2085980359098142,0.0357581484097508,0.4216166340334127
006b29d3e399cd4cd8c4fc1e3e4424af,전라북도,부안군,햇살농장,2022-12-05,0.0734306795393195,0.1775018622569117,0.5726546963230983
f4318aa5573e21f935fdf0871e8d4d8d,전라북도,부안군,행복농장,2022-12-05,0.0469301017190589,0.1614352573116229,0.4895711288001932
56ec1c366cb92716be3073a7699cb3f2,전라북도,부안군,행안농장,2022-12-05,0.0882543503359468,0.1283042032850817,0.5318344668635996
e4856848fa11aaa4b67e26a2836f0fa6,전라북도,부안군,현덕농장,2022-12-05,0.0734306795393195,0.1775018622569117,0.5726546963230983
bc5d11031da5820e90e5e815e8edc6a0,전라북도,부안군,형제축산,2022-12-05,0.0662171793876652,0.057352036111949,0.5831294653434572
99926df71b1cb509c15e3111bd558b8f,전라북도,부안군,SG팜,2023-12-05,0.0425414035832362,0.17275136688367,0.4922138920948096
c63b012bf916bbee1f27d8e64fe0ac62,전라북도,부안군,SG팜,2024-11-19,0.0381858883673841,0.1729150130851537,0.4918976585317912
442041d50ed618df01547acc6d1fdbd9,전라북도,부안군,가농보안농장,2023-12-05,0.0561237082251755,0.0328583867122556,0.3966367888745136
bdfc722c4c5b170c43d4b5b7afccec77,전라북도,부안군,가농보안농장,2024-11-19,0.0461278027941008,0.0328309811852088,0.3955581015136272
2b52d7cc5b2a593bbede39ca598df765,전라북도,부안군,가온농장,2024-11-19,0.1095774581651042,0.1834529751343306,0.5314884181245545
6dc29c234246b3c9544c5fff90fbc8aa,전라북도,부안군,가온농장,2023-12-05,0.0882543503359468,0.1283042032850817,0.5318344668635996
b434d47af9a30be5dc1f55141a63abff,전라북도,부안군,갑도농장,2024-11-19,0.1125878222135783,0.3134022681117911,0.126581053086518
909876afadc2e4750fa8a17e36dee2ad,전라북도,부안군,강산자연농장,2023-12-05,0.0622841835902525,0.2255773677288169,0.4360412056040495
11887a4a1ca6223273f85e88112df909,전라북도,부안군,강산자연농장,2024-11-19,0.3867547153635256,0.2254297971731026,0.4038926338361059
722f18a6f5163366c3baa30bb74bd32d,전라북도,부안군,계상농장,2023-12-05,0.0201373076767497,0.0340865610881195,0.5468010694862522
da5dabd5b72d39b14a197b65b1414c47,전라북도,부안군,계상농장,2024-11-19,0.0135688318849249,0.048645389087011,0.6050043164181165
8f6895c051f9e0125034d2b0acb83885,전라북도,부안군,골든,2023-12-05,0.0113985061260733,0.2960547501453704,0.1244042523266263
ccd8f0088065989fbc8ccb33ece2d287,전라북도,부안군,골든,2024-11-19,0.0113985061260733,0.2960547501453704,0.1244042523266263
60715c309929463876c3f1cec66ee45c,전라북도,부안군,금복주농장,2024-11-19,0.1375946940828514,0.0275292894107974,0.4053185338319338
68b2604100a95b424af55ee1e7cc6435,전라북도,부안군,금복주농장,2023-12-05,0.0,0.0329332125529737,0.4347282685870693
5928b8c8a540e84d9ff0bf25c8da039d,전라북도,부안군,금산농장,2023-12-05,0.4417760186412033,0.0468333283953864,0.69955303527274
f9cdf984a81c2f8e3da71681832ccb3d,전라북도,부안군,금산농장,2024-11-19,0.2787690057837586,0.2120812207580846,0.3908995223149036
a8ca7a34a19067becf38c4af80c6ced0,전라북도,부안군,금순이농장,2024-11-19,0.2459388466198085,0.2198639770537402,0.2145665746936429
9f3da00e708a7061ddc5b5f2fd5677fd,전라북도,부안군,금순이농장,2023-12-05,0.2459388466198085,0.2198639770537402,0.2145665746936429
0e626bd2741b10f729fbf1343d2c8c3f,전라북도,부안군,금판오리 농장,2023-12-05,0.0314380014660244,0.1100884706941224,0.5781447652191325
f794038327b54f142ad7f7c9c6f6e6a9,전라북도,부안군,금판오리 농장,2024-11-19,0.0314380014660244,0.1100884706941224,0.5781447652191325
cc60dd1b08bc443da36c607525aba52e,전라북도,부안군,김명수농장,2024-11-19,0.283673844102757,0.0260031588840337,0.3518389725733211
40a13656a0725436723eef4575ec9dd4,전라북도,부안군,김산농장,2023-12-05,0.1787639053249503,0.0492405113819588,0.4207263925760677
29dc4418860c9aad6ecb592d5356c7ff,전라북도,부안군,김산농장,2024-11-19,0.0340544415708329,0.0494895306766107,0.3925278434625131
17eb48eb72179a4ac4245a3f20de7303,전라북도,부안군,김을식양계장,2024-11-19,0.2998929529271465,0.099319845069285,0.2233294993558556
23f3ee193f5d062c3582d0363e48355a,전라북도,부안군,김인수농장,2023-12-05,0.2412879305276902,0.2294813379090658,0.1631960274892307
367a5a05c69dba55471e9e7a1683845f,전라북도,부안군,김종열농장,2024-11-19,0.3475187187434848,0.0222937349740808,0.5746092805370008
0ab466071acb81322458bbd4ea0f5c04,전라북도,부안군,김철수농장,2024-11-19,0.0507501676352639,0.177348947353059,0.4983047790731721
936723de8bd55f788000b3a3ca3e73d2,전라북도,부안군,김철수농장,2023-12-05,0.0507501676352639,0.177348947353059,0.4983047790731721
6e0be505945acd3bafd4862915f7b998,전라북도,부안군,나래1농장,2024-11-19,0.1376849295977419,0.2186735953671582,0.3878486454171646
c78506d7b65a9dad4dcfceeedf903576,전라북도,부안군,나래1농장,2023-12-05,0.009755777410266,0.1580921697238243,0.5616139150540252
f703360b3e0706190bc4e7e5fedf454f,전라북도,부안군,나래농장2,2024-11-19,0.2647660355338149,0.2159229892711104,0.4105155675507603
73c160821b0ea724c30bf31591d29c96,전라북도,부안군,나봄1농장,2023-12-05,0.009755777410266,0.1580921697238243,0.5616139150540252
5f06ac3ffdb49f1400e5c637b5d2b4e7,전라북도,부안군,나봄1농장,2024-11-19,0.0488287890013075,0.2199936129447865,0.3715043168956916
c6ee87f479b5854460764be7b7decfbd,전라북도,부안군,나봄2농장,2024-11-19,0.2236401661732258,0.2168640680512956,0.4032208881297658
5d894acb36c7deb11a58e99e3da8a0db,전라북도,부안군,나봄2농장,2023-12-05,0.009755777410266,0.1580921697238243,0.5616139150540252
316beee349eaa9b80c35125a706bbe32,전라북도,부안군,남포농장,2024-11-19,0.0367630931608757,0.0294732173599039,0.1672676489379635
1817962f6259d90cf9c686ee3aff0fc3,전라북도,부안군,농업회사법인 유한회사 월광,2023-12-05,0.0518237057055704,0.0410477755986165,0.2914864626017867
51988b70c316fcee0071000313223158,전라북도,부안군,농업회사법인 유한회사 월광,2024-11-19,0.1016170799066887,0.040288495714886,0.2952849227524113
823976664702d1f20eca467e262d47a2,전라북도,부안군,농업회사법인 한스팜(주) 부안지점,2024-11-19,0.2983324965907584,0.0380799321419916,0.4482230767681894
1f2e30ab739871a1b275c58632118a9f,전라북도,부안군,농업회사법인 한스팜(주) 부안지점,2023-12-05,0.3401870679318158,0.0375133014866473,0.448892415895044
e18df9a1a23ea51c4be44c759eb18518,전라북도,부안군,농업회사법인가농유한회사 계화농장,2023-12-05,0.1331477140544068,0.1876624794997743,0.4515483972646669
a5806c0a1127ebc3097cc041f4f47197,전라북도,부안군,농업회사법인가농유한회사 계화농장,2024-11-19,0.13801781057705,0.1874734061038563,0.4522983159660362
6257c2cdafe106a8920810ea466e61a6,전라북도,부안군,누리농장,2024-11-19,0.009755777410266,0.1580921697238243,0.5616139150540252
e970e9c7f47119759a4a7dcc00895e01,전라북도,부안군,누리농장,2024-11-19,0.009755777410266,0.1580921697238243,0.5616139150540252
a376d49153c3ee504b3089351dfb1f41,전라북도,부안군,늘봄농장,2024-11-19,0.0156671577528984,0.03315355319579,0.5174690910690882
0cdc8784d627c4e94615b007ca9f822e,전라북도,부안군,다산1농장,2024-11-19,0.147782561723769,0.3973819419644451,0.0497818422458453
a7713677257ac910502725491d5ca073,전라북도,부안군,다산2농장,2024-11-19,0.1119597238802642,0.3916769323740987,0.0499125090304245
f49435125162b0bed2bb1cd85f643abd,전라북도,부안군,다산2농장,2023-12-05,0.0252807150946453,0.2204225607911791,0.0857303356044773
97db6b838781059892e8427caefb7ea3,전라북도,부안군,다산농장,2023-12-05,0.0421057320405357,0.0313667805994314,0.2025943506944975
b2543c48f4ac490c57c19dc955ef65d3,전라북도,부안군,다산농장,2024-11-19,0.0596581937176002,0.0306664669436492,0.200800335934976
1a784cb3835f146cd0cf25ac070e5b94,전라북도,부안군,대동농장,2024-11-19,0.2697212391666442,0.0352483989236334,0.271679665738986
99f8d3bd938e3604d2f5f8143101f8d7,전라북도,부안군,대동농장,2023-12-05,0.2569960230136728,0.0303225764819365,0.2914324801667965
f92c11e6f739c5e1d5b638f22c32e1a0,전라북도,부안군,대명농장,2024-11-19,0.0598647653332255,0.0795820822506918,0.6374153676897749
072437ce71b3e199d174f4b3792519cd,전라북도,부안군,대명농장,2023-12-05,0.4417760186412033,0.0468333283953864,0.69955303527274
56a773ae1426aa7e81bf44ee24d55589,전라북도,부안군,대명농장2,2023-12-05,0.4417760186412033,0.0468333283953864,0.69955303527274
c588c1495305d2028a39a8d4d0924937,전라북도,부안군,대명농장2,2024-11-19,0.1484502564146895,0.0954667322340507,0.627217443371067
7010b5b382c99d5c63729445ea00badf,전라북도,부안군,대원농산,2023-12-05,0.0484255879202033,0.2167917219112494,0.4595785234841688
6a720661e76164c3ab463c9d9363f0b0,전라북도,부안군,대원농산,2023-12-05,0.0494255016083041,0.2142659957980343,0.4566971541359695
1b2094f07d46d5cd174ceea8ab26ea93,전라북도,부안군,더불어참,2023-12-05,0.0622841835902525,0.2255773677288169,0.4360412056040495
90f7ec9d42d37d6f16dbc475d0ff6891,전라북도,부안군,더불어참,2024-11-19,0.4696903628749683,0.2250089961348244,0.3928690576345293
28e0fbc8b8d33c0a9d9d61df175f6fa4,전라북도,부안군,도담농장,2023-12-05,0.1037046439437017,0.0288337905644995,0.2712803968563633
8fb5c3b4cd8d80c27cc62df0c2e53f6e,전라북도,부안군,도담농장,2024-11-19,0.5801045665133613,0.2227031303954723,0.4125719204886911
88a1bcef997399d4b1423e2b2285e41d,전라북도,부안군,도담농장,2024-11-19,0.0302778193242929,0.0293312066648556,0.2713163254928828
b49d818f7052a3fd78f70f07e7840a37,전라북도,부안군,도담농장,2023-12-05,0.0622841835902525,0.2255773677288169,0.4360412056040495
c680bc664b4512939c029d9b3d95e228,전라북도,부안군,동산농장,2024-11-19,0.0465522307967166,0.0331633951741575,0.5411558140388772
81c594716555ae22d5950a650f95bce7,전라북도,부안군,동서농장,2024-11-19,0.0792061001369044,0.0525954895526351,0.5503277873528493
c8f0da24b15e9c9d3d49c1a12459ad53,전라북도,부안군,동송농장,2023-12-05,0.2013531832107281,0.0544121171603421,0.2711730405704221
53749e38e60fcf0efa57e963073a26f4,전라북도,부안군,동송농장,2024-11-19,0.1956040902440181,0.0529407815395114,0.2711910779160358
4b959a3181219806de8bc27c1aa3a791,전라북도,부안군,동암농장,2023-12-05,0.0734306795393195,0.1775018622569117,0.5726546963230983
9ae6430a8e2859e156777a4de06fd275,전라북도,부안군,동암농장,2024-11-19,0.0530717452234692,0.1584603013936527,0.6316647000250508
86022159a9aca08e96595005eb4d3ce9,전라북도,부안군,동촌 농장,2023-12-05,0.0740595022705338,0.0835455184389578,0.2124425874115698
64ed4fda2e81e4214db4f93466d7753b,전라북도,부안군,동촌 농장,2024-11-19,0.0740595022705338,0.0835455184389578,0.2124425874115698
8b9efb26dde7dfe64a106a5b94cbc24e,전라북도,부안군,드림농장,2023-12-05,0.1012598010790672,0.0458715213314793,0.4446534073484723
fe19ad01388a8563cf494e70fc38cb18,전라북도,부안군,드림농장,2024-11-19,0.0964985525486066,0.0453304867578835,0.4447709505174124
ccb473c154035036544670999778d4f0,전라북도,부안군,마루농장,2023-12-05,0.0622841835902525,0.2255773677288169,0.4360412056040495
b42bae38967c9055ca87013fd91fb715,전라북도,부안군,마루농장,2024-11-19,0.5459928492659385,0.2177691816553383,0.4422119104659731
943c0a885770bdd1be05774e91201470,전라북도,부안군,마리농장,2024-11-19,0.0494255016083041,0.2142659957980343,0.4566971541359695
4f23d49cc3f69875749cbb171f466d30,전라북도,부안군,만해농장,2023-12-05,0.0790579459360084,0.0308493437744657,0.1563144936414512
6bfe4320d75807fd827bfd149269a898,전라북도,부안군,만해농장,2024-11-19,0.0687433924270626,0.0289806694578841,0.1324272988923583
b55c139af0ea4881360375c7f0eb8591,전라북도,부안군,명진농장,2024-11-19,0.0942652837030763,0.0335042776993613,0.2733518358908039
256730be814f1d85f7b6eeb4d5f2686d,전라북도,부안군,모리아팜,2024-11-19,0.1117657711727417,0.0422806002110851,0.2543086329788939
248c4e406a801ef20205e036e933d6bf,전라북도,부안군,미소농장,2023-12-05,0.2020800051597947,0.034522652279578,0.2643073046687786
28529ca41be07ca6b4200091343ead2f,전라북도,부안군,미소농장,2024-11-19,0.431106941915567,0.0275376548427206,0.3364567887501695
b510ffceabb6df051c6f12740ba22d61,전라북도,부안군,미운오리농장,2024-11-19,0.1080128926133392,0.025343874114118,0.3596162266631252
27a741b300c86c3e3a8702b98a7723d9,전라북도,부안군,민재농장,2023-12-05,0.009755777410266,0.1580921697238243,0.5616139150540252
0a969199170d092d6eb5f61fe1a70f76,전라북도,부안군,반석농장,2024-11-19,0.2412879305276902,0.2294813379090658,0.1631960274892307
ad0494570ff59ccd319e9ba60a250fac,전라북도,부안군,반석농장,2023-12-05,0.2412879305276902,0.2294813379090658,0.1631960274892307
9d3cd8474ecd31b57a3625728ba8c5db,전라북도,부안군,백산농장,2023-12-05,0.0820462992651958,0.0357821084912851,0.5358690199081022
c693f6610ac62d0b91389308e6a51c02,전라북도,부안군,백산농장,2024-11-19,0.1462712485009976,0.0354176977388106,0.5125005317624857
cfb06cc39b12e72070cb5b8e93433469,전라북도,부안군,별이,2024-11-19,0.1682872272085657,0.0426075241806639,0.1813087711089992
e9325c9c4e5d7bc98748299e203bc41e,전라북도,부안군,별이,2023-12-05,0.1181520598194102,0.0411072147510119,0.1068891771842508
971e22ac43dd6f63c9094aad3f1e7445,전라북도,부안군,보경농장,2024-11-19,0.4141440392115931,0.0401817476191195,0.4840869708880032
af7b1f6ad1f19681e14aaef0147f90ee,전라북도,부안군,보경농장,2023-12-05,0.0456647684640099,0.0366373189878136,0.4730653249466424
5860c89ccd8108b4a9c42ff9405736f7,전라북도,부안군,봉황타조농장,2023-12-05,0.0410362420906335,0.0372901205021556,0.4327338325158573
50307d4520654afb350fc724111e96cc,전라북도,부안군,봉황타조농장,2024-11-19,0.0315044436648844,0.0372664295286738,0.4320210006194787
94dd79d489e0944d829a69d9339f2a1e,전라북도,부안군,부광농장,2024-11-19,0.0698196946692211,0.0392695924803054,0.5326404217201491
6f9c7d637bef2fed63dcf234f7ce781c,전라북도,부안군,부광농장,2023-12-05,0.0440232514799896,0.0392711459078435,0.5334509412601233
bdf95fbc616429b8f3556a9d50524b3b,전라북도,부안군,부안 기러기 농장,2024-11-19,0.0281669591310839,0.113540854671582,0.5431377795084087
4dec54d15c46e9e7bd8f8c6c19bf2719,전라북도,부안군,부안 기러기 농장,2023-12-05,0.0882543503359468,0.1283042032850817,0.5318344668635996
fcc2d69c2efb6497370a938510335a4d,전라북도,부안군,부안 기러기 농장2,2024-11-19,0.2505212001448951,0.044923945214683,0.4882541037617141
c314992181e9e827b9ec35ebc9d4eabe,전라북도,부안군,부안농장,2024-11-19,0.0239350202724639,0.0322482983210413,0.2296880066395679
832b81c63413906883541022312c0d7b,전라북도,부안군,뽕이랑 귀농이랑,2024-11-19,0.0355790226493858,0.1825049850433077,0.1427254731308219
6027b084379bd61a8785dda5fa63da44,전라북도,부안군,산돌농원(제1농장),2024-11-19,0.1937786724798269,0.045559089612702,0.3035030328629705
b94e8bb5e7402af456ac1ba61e94cf12,전라북도,부안군,산돌농원(제2농장),2024-11-19,0.1937786724798269,0.045559089612702,0.3035030328629705
41ec072e5ef1807a3035911a4a5dd58b,전라북도,부안군,산지농장,2023-12-05,0.1267078773647006,0.0417979407698974,0.2777270565274873
988db3dc5a0deb8ef091c909d055c3ff,전라북도,부안군,산지농장,2024-11-19,0.1909882556002531,0.0373764071009406,0.2745507938591076
28bc5269984b0209bb72a4dfb52a09f3,전라북도,부안군,상우농장,2024-11-19,0.1335797312615609,0.039793006726128,0.5396047249214511
2e4d23fba1c3d7ad1d5498b099eda1e0,전라북도,부안군,상우농장,2023-12-05,0.1335797312615609,0.039793006726128,0.5396047249214511
ebf9123106a9be4e1b3411bfa79261fd,전라북도,부안군,상운농장,2024-11-19,0.171636683342107,0.0438687003491711,0.2168385227140833
2102df98ad298d51ad13a6af9aeaefbb,전라북도,부안군,새한농장,2023-12-05,0.3434666102386663,0.0370047223828799,0.508415027223363
77d02fc87242135739cc50bce53887c6,전라북도,부안군,새한농장,2024-11-19,0.2943395804441316,0.0370886239070508,0.5123737298102142
41a7fe7c51ec8efd1025c2a4b6427b0a,전라북도,부안군,서원농장,2024-11-19,0.3115233483293415,0.033285152403743,0.4198231082900736
2fedfb6481b23420ad69780d35cf9124,전라북도,부안군,서원농장,2023-12-05,0.4351919655224993,0.0323600762926437,0.4035897178816737
fa2ab33cd14fe76afb74918f5b5986ac,전라북도,부안군,석불산토종닭 농장,2024-11-19,0.0,0.1449726652688673,0.5373860611356343
80ff0f83758cf6482da9932122b1803f,전라북도,부안군,석불산토종닭 농장,2023-12-05,0.0,0.1449726652688673,0.5373860611356343
a08070300abaca1deddbf9b43382b99a,전라북도,부안군,선들농장,2024-11-19,0.3410203240510275,0.0285054232769144,0.1804505322493184
a2ab781479caf0b1fad4bde614e65836,전라북도,부안군,성룡농장,2024-11-19,0.2329702478419024,0.0376361423821768,0.3178454569408157
bb771c23e45640c91bbd38331b6c86e9,전라북도,부안군,성실농장,2023-12-05,0.1188747365036703,0.024366006206283,0.2827846285105231
6eb282d86901638e669e0c7f88ae0550,전라북도,부안군,성실농장,2024-11-19,0.1278125684175262,0.0233726144462275,0.2778830604564401
92b7da8d8ce4fa1ba4252680e0104e43,전라북도,부안군,성일농장,2024-11-19,0.0861134900959449,0.1837522524308525,0.5313307376655877
87a956d5694b31fd4feab467218689b7,전라북도,부안군,성하농장,2024-11-19,0.2056890682474629,0.0243509794260033,0.3368591173326817
163ec8b63338240b3bdd039a61fadb1b,전라북도,부안군,성혁농장,2023-12-05,0.270490464752896,0.0469504796256039,0.5075733465476051
7f82a18be596a3adf5e0f97c46d911e2,전라북도,부안군,소금애피농장,2023-12-05,0.2289620905525232,0.0348873620522551,0.2671940507770611
e09290f865f88447e03192720fad3356,전라북도,부안군,소금애피농장,2024-11-19,0.2289620905525232,0.0348873620522551,0.2671940507770611
0e647907df820030bd6b520ab923a486,전라북도,부안군,소담농장,2024-11-19,0.5880721953456004,0.2187463691634445,0.4369323905618543
2f52ac1cc717ed2a7bcf5a1e2559cf18,전라북도,부안군,소망농장,2023-12-05,0.1011213721629315,0.0471198219910171,0.2823925774330069
638891b6436b69e967dfeea25cb297ac,전라북도,부안군,소망농장,2023-12-05,0.0470554190451514,0.1660156233870851,0.4942959256588888
b6180048b94524b2fe373f2326e38f43,전라북도,부안군,소망농장,2024-11-19,0.0218498948337773,0.046625454780122,0.3464532482848341
245fb4252f8760e231e008e40237c04c,전라북도,부안군,소망농장,2024-11-19,0.025877890993854,0.1618094919196787,0.4973156787119805
5f37444de29dae7556b3fc065aef2455,전라북도,부안군,승리농장,2024-11-19,0.122236565285299,0.0231509368323458,0.3054831606394096
85fcb9c807f3e577bdb68bac38a6f925,전라북도,부안군,승리농장,2023-12-05,0.0739807929921797,0.0587540313391086,0.2340219765432865
4609779035db75a2858a010c82aacd54,전라북도,부안군,승원농장,2023-12-05,0.2582117321705063,0.0571109999648072,0.2645582401921625
9e13b9a23ab9df6e37d3edf6eaf17067,전라북도,부안군,승원농장,2024-11-19,0.2582117321705063,0.0571109999648072,0.2645582401921625
c6194dc0314bd859a72f053ff22e5fa1,전라북도,부안군,신금섭농장,2023-12-05,0.1094098149801784,0.0924919465856188,0.2087302161718364
1f9041b5ecee8f0d58c3606e89a3f865,전라북도,부안군,신금섭농장,2024-11-19,0.1094098149801784,0.0924919465856188,0.2087302161718364
d5517a791b3d30bf962ca637887b8b4b,전라북도,부안군,신성농장,2024-11-19,0.1768407454997461,0.0288824566656187,0.3725777550539111
eda20f1f67e425dde7c975f7eca642e7,전라북도,부안군,신원농장,2024-11-19,0.2570147772948533,0.047370915532112,0.5114286826788809
242c2f710805b5664b42e2eb593acd73,전라북도,부안군,신원농장,2023-12-05,0.2703499665528149,0.047472997999917,0.5126199987467206
ef40d602a1b662b5b513ecd45031b43c,전라북도,부안군,신정농장,2024-11-19,0.0432729611683061,0.0475624366568021,0.3621184985443483
03b248ec807a726fbcbacd804d168fa3,전라북도,부안군,신지농장,2024-11-19,0.0,0.1449726652688673,0.5373860611356343
59d5b0ce1f4d4f1e39a8880b535486f9,전라북도,부안군,신흥농장,2024-11-19,0.1106182000971056,0.0336145261057847,0.4059212587382633
007fcd7e4e803931392240fed8ea5a70,전라북도,부안군,아낙네오리농장,2024-11-19,0.0218591873030089,0.0477813358394104,0.3608040807907998
e1893048216040040c3d3f521da0f9bb,전라북도,부안군,아낙네오리농장,2023-12-05,0.1011213721629315,0.0471198219910171,0.2823925774330069
b90efcbcc25dbebab80f7efc7e6e056c,전라북도,부안군,아람농장,2023-12-05,0.0622841835902525,0.2255773677288169,0.4360412056040495
363470114f0413e75900f01c0eb6683c,전라북도,부안군,아람농장,2024-11-19,0.5013308205048077,0.2167709540992772,0.4476100080368086
411aeaacc0eff02d5d1df73b87e81b1d,전라북도,부안군,에덴농장,2024-11-19,0.0463012827097367,0.0331337049289941,0.5378852541869431
f8dbe8b61b8fe1d3f36329df16a35761,전라북도,부안군,여월지향농장,2024-11-19,0.0512763884074806,0.034827765911987,0.5652968135157065
86fafd2a9b25a3b72ab07313254b22ad,전라북도,부안군,연정농장,2023-12-05,0.1492138114354153,0.0236618701967385,0.3163812052416622
a8eeae8ee77a7d26f637fbb76a29f4a5,전라북도,부안군,연정농장,2024-11-19,0.2066741544287826,0.0239131548906108,0.3215207558071362
75831df86253ccb8c2824b799a54a664,전라북도,부안군,연중농장,2024-11-19,0.0796347499557521,0.0319896735184284,0.2773333848066198
779aca7fc1cf914682f5e0ca37a11e89,전라북도,부안군,예근농장,2023-12-05,0.2412879305276902,0.2294813379090658,0.1631960274892307
502b9f838a8b0c569445d9fdef5a1cf1,전라북도,부안군,예근농장,2024-11-19,0.1830314189895434,0.1567077930295457,0.1927843085319605
295503b06caa6011330b44963392cf8b,전라북도,부안군,예동농장,2023-12-05,0.1220285626860294,0.0317378972261424,0.4336059899748354
cdb3e1b4e587c5a3047d8fa378a60af7,전라북도,부안군,예동농장,2024-11-19,0.1722705336039834,0.0297159230629286,0.4311420475846211
c42a8e0d2d78df39f8d99b3f78113abe,전라북도,부안군,예솔농장,2024-11-19,0.2843404261672173,0.047636826637832,0.5157314451615814
c09c1e1c98ec1c9bf4310d45b192ebf4,전라북도,부안군,예솔농장,2023-12-05,0.470320830708,0.051254985498346,0.2910402896617704
705fd080adfb000a378b5cbffeecdcdf,전라북도,부안군,예은농장,2023-12-05,0.2569960230136728,0.0303225764819365,0.2914324801667965
889ea43faad88ffbd388b0f73e615035,전라북도,부안군,예은농장,2024-11-19,0.3773979665852722,0.0344060149013026,0.3763483328720026
60abf2fee4c5425203942291ed6a4398,전라북도,부안군,오리농장,2024-11-19,0.2392112596841547,0.0314510044267591,0.3340489269951987
c161cf5a10cc190ac92563ed57028c3b,전라북도,부안군,오리농장,2023-12-05,0.2304056712226408,0.0312856664184539,0.3333380583234474
3ea844ffba76f82a952c3d42eb6ffcae,전라북도,부안군,오리와사람들,2024-11-19,0.009755777410266,0.1580921697238243,0.5616139150540252
3d06aecf92886b459bf8d941972465b0,전라북도,부안군,오리와사람들,2023-12-05,0.009755777410266,0.1580921697238243,0.5616139150540252
d3b6cb19fb7e4aaea2ae7d438ab46777,전라북도,부안군,우슬재 황토촌,2024-11-19,1.175037608484137,0.0087500331277737,0.0472263638513592
917c2c4f6e8551cf741f55a38a38a3f3,전라북도,부안군,욱이농장,2024-11-19,0.6112990575449312,0.2040736597634336,0.4473620699913484
7639f030f7ea2f62df0479ec39633d7d,전라북도,부안군,욱이농장,2023-12-05,0.6112990575449312,0.2040736597634336,0.4473620699913484
656a146b8fe24a3556301f07eef50a2b,전라북도,부안군,원농장,2023-12-05,0.0245117473192538,0.0456235624428099,0.4486824073563676
ffcba59c11b7992288239576484d6290,전라북도,부안군,원농장,2024-11-19,0.063328555884993,0.0331879310802881,0.5200549038744573
33f78e6e944eeb0fcbdbeddd468675f9,전라북도,부안군,유림농장,2024-11-19,0.0866692349281991,0.2318173922743271,0.3416743193856786
c888d037009f337a7be488b4055ab6f8,전라북도,부안군,유림농장,2023-12-05,0.0622841835902525,0.2255773677288169,0.4360412056040495
e4f4e3c5795b8b0ab69e068413ac4630,전라북도,부안군,유병채농장,2024-11-19,0.009755777410266,0.1580921697238243,0.5616139150540252
2406caa23d4d6a57a4254b51af9d01f4,전라북도,부안군,유정농장,2023-12-05,0.1181520598194102,0.0411072147510119,0.1068891771842508
83385046a30cc589c7967fd90605be0c,전라북도,부안군,유정농장,2024-11-19,0.1181520598194102,0.0411072147510119,0.1068891771842508
d24e3b0d939a381c296625f82d1aea6d,전라북도,부안군,유정농장,2023-12-05,0.0622841835902525,0.2255773677288169,0.4360412056040495
f1b2716aa5d92b18e4fc174a052d2d64,전라북도,부안군,유정농장,2024-11-19,0.1275104656071275,0.2313414734315647,0.3459308276665582
61d390f5f4e311ec48d850fb47cb74b4,전라북도,부안군,유진농장,2024-11-19,0.3048422808525657,0.046310251815025,0.5034220931474158
cc4aa9ef6b2024968b580252ebaa7b01,전라북도,부안군,윤봉길양계장,2024-11-19,0.1188747365036703,0.024366006206283,0.2827846285105231
688f478c97f1b77fc34360a0c3b653c5,전라북도,부안군,은성농장,2024-11-19,0.2982720231621957,0.0464238420136553,0.4063388659752132
36dc6e3a588a2f636de5a649fa4bf1dd,전라북도,부안군,이기석농장,2024-11-19,0.0495839236851529,0.0328062374892799,0.4939350900146485
6dc37bd66603b27ae61b6d7ecc4a058d,전라북도,부안군,이기석농장,2023-12-05,0.0201373076767497,0.0340865610881195,0.5468010694862522
9b370944ef8b8bb2f2820071e8f6a8af,전라북도,부안군,이삭농장,2024-11-19,0.3342581143642157,0.047160306928828,0.5122492133552201
75b9aad1a5c73267cf2896379d76bde4,전라북도,부안군,이삭농장,2023-12-05,0.3219470409603725,0.0472519706329399,0.5130511738814014
3a7740ee19d84eb56877c6e115bf8d84,전라북도,부안군,이현우농장,2023-12-05,0.0201373076767497,0.0340865610881195,0.5468010694862522
435d61ad3e49c537e88fddc7a5c9a7e1,전라북도,부안군,이현우농장,2024-11-19,0.0104082931354633,0.0302146469538954,0.5172232881003643
894265859a7efc418683d765c3cf2cca,전라북도,부안군,일월성농장,2024-11-19,0.0277343635781639,0.0321332613328403,0.3919896676011875
5582a009e834028c5e8eca8f933ed530,전라북도,부안군,자연농장,2024-11-19,0.0484255879202033,0.2167917219112494,0.4595785234841688
8ca69ccd63fc7f1284338121b10f23b3,전라북도,부안군,장등농장,2023-12-05,0.150883229204212,0.1903834708359824,0.4977214508585971
f8f08f56de5ef3cea0acc7ce69850fd3,전라북도,부안군,장수농장,2023-12-05,0.0029797052368768,0.219193219898963,0.1775435560287572
5f926b0342a79f5ecabebde6d8bcac3d,전라북도,부안군,장수농장,2024-11-19,0.1565388518274515,0.1643807493628251,0.1702591870207545
6a13ef4f70f513b57cc11d875d314c59,전라북도,부안군,정상농장,2024-11-19,0.2957345809615375,0.0232722006292351,0.3333374087213623
de5f226f395f8486c0b932b72018a169,전라북도,부안군,정숙농장,2024-11-19,0.3002937410208269,0.0267978040260472,0.3554380676321678
52b4b80243d37e2b9297f5d55f522f7b,전라북도,부안군,정숙농장,2023-12-05,0.3036663155857078,0.0268210335894246,0.3567106822419831
c6aa8383fb4f1f12e6a87241abf5a347,전라북도,부안군,정인농장,2024-11-19,0.145933933354599,0.0310121155457837,0.2834016266535791
7ced80b6ffe1fd1e272b5f36ec56997b,전라북도,부안군,제일농장,2023-12-05,0.2085980359098142,0.0357581484097508,0.4216166340334127
1eeac4007a75dfa1198371097512eab2,전라북도,부안군,제일농장,2024-11-19,0.3863969078549755,0.0341471954219428,0.4439014163108381
bc69ca4698aa31b7b78fda578dd4dae7,전라북도,부안군,종계백산,2024-11-19,0.1462712485009976,0.0354176977388106,0.5125005317624857
3b28024edba3f63ecb12a2c47cc73f9c,전라북도,부안군,종계백산,2023-12-05,0.0820462992651958,0.0357821084912851,0.5358690199081022
5bc28cb027a42d8b971f4a72ee98f22b,전라북도,부안군,줄포농장,2023-12-05,0.2412879305276902,0.2294813379090658,0.1631960274892307
c1b89477279232f3e7263f4b906a5593,전라북도,부안군,줄포농장,2024-11-19,0.2412879305276902,0.2294813379090658,0.1631960274892307
f3905cfa643e375a181c49c6d0c044d7,전라북도,부안군,줄포대성농장,2024-11-19,0.1559874680322795,0.0506686648431953,0.2170519849851532
b681dea5e00e28f75c902107dd83c7db,전라북도,부안군,증산농장,2024-11-19,0.216069020853521,0.0240143480054258,0.5789404601017302
4e1b96d17b69b23dd56c9e4c25df7a58,전라북도,부안군,지영농장(2농장),2023-12-05,0.0493506734164266,0.1732938728163996,0.4961013380914112
19707be212f5e71346b31e56fea34481,전라북도,부안군,지영농장(2농장),2024-11-19,0.03935348880363,0.1736833607325298,0.4957761326159722
5461ead0117b22186e13c29a0b7a56b7,전라북도,부안군,진서1농장,2024-11-19,0.0073435744177264,0.4225318186155845,0.0380606023007028
8057d4ac19a156fac33aacf318ae1dc3,전라북도,부안군,진서2농장,2024-11-19,0.0073435744177264,0.4225318186155845,0.0380606023007028
233b7671d4180bcf6f3f0fe517982990,전라북도,부안군,진성농장,2024-11-19,0.1375946940828514,0.0275292894107974,0.4053185338319338
b8bbf0ce93ad2b0666dadcda20f5a2a6,전라북도,부안군,진성농장,2023-12-05,0.0,0.0329332125529737,0.4347282685870693
f4818150df1f940f93fef5e2f4c3f75a,전라북도,부안군,참 더불어,2024-11-19,0.5129758058405939,0.2242756874261939,0.3993612432395733
346b1871c2b307ca584159cb34fcae52,전라북도,부안군,참 더불어,2023-12-05,0.0622841835902525,0.2255773677288169,0.4360412056040495
7f667a8d6b6efb1cde017187c6b2179f,전라북도,부안군,창북농장,2024-11-19,0.158335338113935,0.1845356579398746,0.4583576378894484
80bd2db0933c11f92406ad92b819c4fe,전라북도,부안군,창북농장,2024-11-19,0.1118516759244197,0.1866838760555513,0.45118016580642
cee0145b0262d0a8bbf22f96d6abf7de,전라북도,부안군,창북농장,2024-11-19,0.2202049366798556,0.0660708181534837,0.6728187267003133
40e56551730e17590d0bdbad7d48bf55,전라북도,부안군,창북농장,2023-12-05,0.4417760186412033,0.0468333283953864,0.69955303527274
24f5cbb4586b101673b4967d88cc688d,전라북도,부안군,창북농장,2023-12-05,0.4417760186412033,0.0468333283953864,0.69955303527274
d146e5558e23230f1e6001d7a5d41408,전라북도,부안군,천금오리농장,2024-11-19,0.2810839786028432,0.039032319743745,0.4560224206022896
e4ca20df7df7e2ae62e39588033f99b6,전라북도,부안군,천애농장,2023-12-05,0.009755777410266,0.1580921697238243,0.5616139150540252
9cde909b00b9b607686a78b7df69cf0d,전라북도,부안군,천애농장,2024-11-19,0.009755777410266,0.1580921697238243,0.5616139150540252
9118ee3c30b7e49883c0272e74a52a9c,전라북도,부안군,천우농장,2024-11-19,0.0507604984384563,0.1845408156017471,0.5418115776323671
0ea82b094df4b8a7306c7064c573f4df,전라북도,부안군,천우농장,2023-12-05,0.0507604984384563,0.1845408156017471,0.5418115776323671
615d74cecc9307ab60a5b4d5a47d121d,전라북도,부안군,청호농장,2024-11-19,0.0498037698803157,0.2087591664184035,0.4780325912749644
402409efab719af73bc7ca48a19aeff4,전라북도,부안군,청호축산,2024-11-19,0.0670781839108057,0.1834529715950219,0.5353143142545367
fcbe98ca8bcffc3a5e4667fc698cf726,전라북도,부안군,청호축산,2023-12-05,0.0676658418812881,0.1834636239014036,0.5352959713156082
d32ffd342bea4df383855521453ebc58,전라북도,부안군,탑농장,2024-11-19,0.0505322279266608,0.191866478327615,0.60055979291541
26b0b1d5041fcf066ae2503c16ef2065,전라북도,부안군,탑농장,2023-12-05,0.0734306795393195,0.1775018622569117,0.5726546963230983
998ce2f975fc7d0e88ae3b9c3dac50e7,전라북도,부안군,태복농장,2024-11-19,0.1636640134137764,0.0278731057071232,0.2963634998998983
a0e776e661e70c8623830696a700aa1b,전라북도,부안군,태양농장,2023-12-05,0.0877014836172153,0.0791655828498087,0.2084310835169681
3f8387cb96ff410873baecdaea1a3193,전라북도,부안군,태양농장,2024-11-19,0.0877014836172153,0.0791655828498087,0.2084310835169681
551d241525e29858cf6b5940586a9a40,전라북도,부안군,팜렛잇고,2023-12-05,0.1877763492383163,0.0345932135444005,0.4319503557993332
253a951c338e8b77e6325b24a64a70ed,전라북도,부안군,팜렛잇고,2024-11-19,0.2146293218785175,0.0330128359611044,0.3967410827488076
e835b5046c0409133cd47aa2220d41ad,전라북도,부안군,평교 종계장,2024-11-19,0.1662242650583931,0.0325213094204419,0.3971535055574708
54188f8d20e05da05693d4b16a3002d9,전라북도,부안군,평화농장,2023-12-05,0.0349570399836274,0.0288761176244657,0.1614005639465822
0bbe439dd7a5e3502663a90448fcf3a2,전라북도,부안군,평화농장,2024-11-19,0.0143908045288567,0.0299357208582142,0.1579883416393373
ada371fd3a02b420177501cabc05e532,전라북도,부안군,푸른농장,2024-11-19,0.1645675304093222,0.0380494789027321,0.5234570864244815
21ef8e1f830ec69c1055dbc3d8d218ed,전라북도,부안군,푸른농장,2023-12-05,0.1562230259344792,0.0385920322538242,0.5299974704580389
6a3d90a3fdea8c81aa31e0e5e8253171,전라북도,부안군,한울농장,2024-11-19,0.6393802868853499,0.221299947079175,0.4210892633497778
30290b8b46ceac2e33c46d7abad03064,전라북도,부안군,해금농장,2024-11-19,0.0114952671251772,0.0340248025906442,0.5590514327021344
842df833dcb1c2149f81b3b373de4dfd,전라북도,부안군,해금농장,2023-12-05,0.0439615197439134,0.0343199832259591,0.5540708772527182
dc37f07a985d2336792cdcec0b44a030,전라북도,부안군,해드림농장,2024-11-19,0.3293575403171266,0.2268366983973951,0.3783706253392124
370992907569a286690ea5cdd58511bc,전라북도,부안군,해바라기농장,2024-11-19,0.1094178981629403,0.1137276164200452,0.1847265013437634
ea5074c567b7d53fd7bcb573faee4721,전라북도,부안군,해바라기농장,2023-12-05,0.1549233189798593,0.1287749869745944,0.1788558981957989
4724a74db6cc25c2f73c42c8d14dcb4b,전라북도,부안군,해오름농장,2023-12-05,0.4417760186412033,0.0468333283953864,0.69955303527274
3751f662a85776ca58044e4394babb15,전라북도,부안군,해오름농장,2024-11-19,0.0213531276218843,0.2199218469300709,0.3449508259023921
fa67bdbffe92529e530816d9023b829f,전라북도,부안군,해와달농장,2023-12-05,0.2569960230136728,0.0303225764819365,0.2914324801667965
c1568266706ee6d795ab9db115fff5f2,전라북도,부안군,해와달농장,2024-11-19,0.215112276897268,0.0260433429313946,0.3093661000311434
4e84164f977f532b309f5896d3a98888,전라북도,부안군,해피덕농장,2023-12-05,0.1188747365036703,0.024366006206283,0.2827846285105231
ef71f6009689e2eba955f00a5c371f01,전라북도,부안군,해피덕농장,2024-11-19,0.2769035361803512,0.0233706889382421,0.3322094736807869
fbc25aefee9579e4c21c76b7490b159e,전라북도,부안군,해피마실농장,2023-12-05,0.0474618117720763,0.1915631682139806,0.5067086416031797
9784099312178e5f5b49ef3b93d42f08,전라북도,부안군,해피마실농장,2024-11-19,0.0474618117720763,0.1915631682139806,0.5067086416031797
1be0e34a47e27fda773ec215d1cd2fae,전라북도,부안군,햇빛농장,2024-11-19,0.1789090337554885,0.0258991320321653,0.3545693599776625
a266cc0e15030c59ea23de4577ec3d28,전라북도,부안군,햇살농장,2024-11-19,0.0547969398473144,0.1275183100623347,0.6720331136351105
203f383ba8f57013829727c4cbaa1c5f,전라북도,부안군,행복농장,2024-11-19,0.308025923568607,0.0469909504744594,0.5626766778255207
e7003be8980160cbc60da0d92f8215f6,전라북도,부안군,행복농장,2023-12-05,0.0469301017190589,0.1614352573116229,0.4895711288001932
dab21bbe00b4d8905d9acccb6146ce00,전라북도,부안군,행복농장,2024-11-19,0.0206262837813775,0.1564096652570462,0.492830047436173
072909e35cc2be35fd69c335b414d3f0,전라북도,부안군,행복농장,2023-12-05,0.1335797312615609,0.039793006726128,0.5396047249214511
6f4b8d27a109f1f5e6198a70cbec7980,전라북도,부안군,행안농장,2024-11-19,0.1522571295292604,0.1826729002686231,0.5333933118794452
81ae7f07a4bd2e6b8572886cdb9b22da,전라북도,부안군,현덕농장,2024-11-19,0.0389040103918351,0.1401298540268154,0.6559505474571953
cf75cc35674234ee0b1c3e1be40d7f86,전라북도,부안군,후다닭농장,2024-11-19,0.0447987046837449,0.1901182002273092,0.5620079517658846
3061cd75ade1b53591a11e08d2d8f7e4,전라북도,부안군,후다닭농장,2023-12-05,0.0734306795393195,0.1775018622569117,0.5726546963230983
62a669a8eaa810cab7d61d8991d10ec4,전라북도,부안군,SG팜,2025-11-14,0.0425414035832362,0.17275136688367,0.4922138920948096
48ae3381707843b2cc3f3ee7da490a0a,전라북도,부안군,가농보안농장,2025-11-14,0.0561237082251755,0.0328583867122556,0.3966367888745136
bcf53a1bed51786f09c4020734f8cb64,전라북도,부안군,가온농장,2025-11-14,0.0882543503359468,0.1283042032850817,0.5318344668635996
a9ab671c04eb74d010702c9f323db142,전라북도,부안군,강산자연농장,2025-11-14,0.0622841835902525,0.2255773677288169,0.4360412056040495
48550b5d3d200c3d00787a76428c882e,전라북도,부안군,계상농장,2025-11-14,0.0201373076767497,0.0340865610881195,0.5468010694862522
e5cf3fa4fae0f64fbe9ec59ae7fa4f32,전라북도,부안군,금OO농장,2025-11-14,0.0,0.0329332125529737,0.4347282685870693
fa66aa6f92727de2ae211740b2495037,전라북도,부안군,금산농장,2025-11-14,0.4417760186412033,0.0468333283953864,0.69955303527274
830239e365a3383cc4dbc9318f584c03,전라북도,부안군,금판오리농장,2025-11-14,0.0314380014660244,0.1100884706941224,0.5781447652191325
72fe01a6ca2f699be018634b3b758eb9,전라북도,부안군,김OO농장,2025-11-14,0.2755502365994356,0.0278028954646241,0.3648667368384168
5682ee20938718a88c2ca152da57ae7e,전라북도,부안군,김OO농장,2025-11-14,0.0507501676352639,0.177348947353059,0.4983047790731721
b35fad5138087dc264f70147b766d18b,전라북도,부안군,김OO농장,2025-11-14,0.3688475591168254,0.0223052454384928,0.5782294424294044
352db0c0051b0d776c34e581980d0c15,전라북도,부안군,김산농장,2025-11-14,0.1787639053249503,0.0492405113819588,0.4207263925760677
7dd1224a403239bcf80712615cafa49a,전라북도,부안군,나래1농장,2025-11-14,0.009755777410266,0.1580921697238243,0.5616139150540252
978343765247d91fc0c478aad37d6f62,전라북도,부안군,나래농장2,2025-11-14,0.009755777410266,0.1580921697238243,0.5616139150540252
ae1d0f021d3995ea58e6eb3a2e8167f8,전라북도,부안군,나봄1농장,2025-11-14,0.009755777410266,0.1580921697238243,0.5616139150540252
fc569649168181c1cbd9fe80752f4bd4,전라북도,부안군,나봄2농장,2025-11-14,0.009755777410266,0.1580921697238243,0.5616139150540252
564772d0373b119e2520f6d3de1ac301,전라북도,부안군,남포농장,2025-11-14,0.0420059920714193,0.0296037002966567,0.1675015560020253
f820ba66ae66d0f93f0f74df2594f89f,전라북도,부안군,농업회사법인 가농유한회사 계화농장,2025-11-14,0.1331477140544068,0.1876624794997743,0.4515483972646669
49ca1241e219840942e3936dcc3f5301,전라북도,부안군,농업회사법인 유한회사 월광,2025-11-14,0.0518237057055704,0.0410477755986165,0.2914864626017867
e2b15b05158a61d13b3ca3f90172c783,전라북도,부안군,농업회사법인 한스팜(주) 부안지점,2025-11-14,0.3401870679318158,0.0375133014866473,0.448892415895044
a91cde81dc792eaab619f8be5fcab032,전라북도,부안군,농업회사법인가농유한회사 계화농장,2025-11-14,0.1331477140544068,0.1876624794997743,0.4515483972646669
598cc7fbb032a98aa90aebc00aa35437,전라북도,부안군,늘봄농장,2025-11-14,0.0245117473192538,0.0456235624428099,0.4486824073563676
d72b369c1b9996c96deaf2e3358c21b1,전라북도,부안군,다산1농장,2025-11-14,0.0252807150946453,0.2204225607911791,0.0857303356044773
9159aec16370fab209f10f5e4e8d81ce,전라북도,부안군,다산2농장,2025-11-14,0.0252807150946453,0.2204225607911791,0.0857303356044773
36183e56982642d4ba29c1e792c1059e,전라북도,부안군,다산농장,2025-11-14,0.0421057320405357,0.0313667805994314,0.2025943506944975
b1ebe7a1fb82006a8457a34e4b97c7d9,전라북도,부안군,대동농장,2025-11-14,0.2569960230136728,0.0303225764819365,0.2914324801667965
1cf2604b99a0d87353e3421c4011496c,전라북도,부안군,대명농장,2025-11-14,0.4417760186412033,0.0468333283953864,0.69955303527274
c0d2d1f1f9e664fb375fa221bfc1a752,전라북도,부안군,대명농장2,2025-11-14,0.4417760186412033,0.0468333283953864,0.69955303527274
abce5cf07cadb19c354df4554e1c1e1c,전라북도,부안군,더불어참,2025-11-14,0.0622841835902525,0.2255773677288169,0.4360412056040495
f27e89e583ccf511f26950589173bf64,전라북도,부안군,도담농장,2025-11-14,0.1037046439437017,0.0288337905644995,0.2712803968563633
2f6b0fbed8b589e9cd2a8bf035dbebb0,전라북도,부안군,도담농장,2025-11-14,0.0622841835902525,0.2255773677288169,0.4360412056040495
d861b35a52e83e789e5210fcdda4fb67,전라북도,부안군,동산농장,2025-11-14,0.0201373076767497,0.0340865610881195,0.5468010694862522
161ba3e8d99cba6b0b9c17f2dd4db68c,전라북도,부안군,동서농장,2025-11-14,0.0905114907062708,0.051776961313836,0.5512220754395696
ca1a6e4f112524223a6a0abbc7c08325,전라북도,부안군,동송농장,2025-11-14,0.2013531832107281,0.0544121171603421,0.2711730405704221
0d5df3e03f83b41750f148f18afd4f80,전라북도,부안군,동암농장,2025-11-14,0.0734306795393195,0.1775018622569117,0.5726546963230983
25534bae131594f315810de0ba13c313,전라북도,부안군,동촌농장,2025-11-14,0.0740595022705338,0.0835455184389578,0.2124425874115698
12216fd6637d69bedc2e560af15d6568,전라북도,부안군,드림농장,2025-11-14,0.1012598010790672,0.0458715213314793,0.4446534073484723
863a4be7e6a388e36b8d71ff6acd1b63,전라북도,부안군,마루농장,2025-11-14,0.0622841835902525,0.2255773677288169,0.4360412056040495
9b87ba573020af999f88a591df836319,전라북도,부안군,명진농장,2025-11-14,0.0739807929921797,0.0587540313391086,0.2340219765432865
f5269c14b3c731d372aef250c46b264b,전라북도,부안군,모리아팜,2025-11-14,0.0760251782300399,0.0411644757986104,0.2564195306333774
a1421bc871cd90cb443ca28611db0ce2,전라북도,부안군,미소농장,2025-11-14,0.2020800051597947,0.034522652279578,0.2643073046687786
c3efc3b84eba5e9dc10b576fecc3129b,전라북도,부안군,민재농장,2025-11-14,0.009755777410266,0.1580921697238243,0.5616139150540252
52c634237242cb986f18239f52452d48,전라북도,부안군,반계농장,2025-11-14,0.1602201542040585,0.2580699233306703,0.121777483329673
cebb449b7adf0dfad98927e144f4f971,전라북도,부안군,별이,2025-11-14,0.1181520598194102,0.0411072147510119,0.1068891771842508
4b370a948fec0ae53df41beb805eb10c,전라북도,부안군,보경농장,2025-11-14,0.0456647684640099,0.0366373189878136,0.4730653249466424
4633b84a001e65e8a7bcc3a4d4dcb8b2,전라북도,부안군,부광농장,2025-11-14,0.0440232514799896,0.0392711459078435,0.5334509412601233
808aa97edc409e01f8e93ae29058385e,전라북도,부안군,부안 기러기농장,2025-11-14,0.0882543503359468,0.1283042032850817,0.5318344668635996
7b6f1213da8d41fffbf6f4e0c3e54e31,전라북도,부안군,부안 기러기농장2,2025-11-14,0.2505212001448951,0.044923945214683,0.4882541037617141
7ddacd140f36ef26cf0e5c78404b2f02,전라북도,부안군,부안농장,2025-11-14,0.0283269026969152,0.03222165949018,0.2284737884053998
b6f8093d1f315e0552a87b651f9dbae2,전라북도,부안군,뽕OO 귀농이랑,2025-11-14,0.108349150711663,0.0961396920488859,0.1543088213928785
6e399b7fc8b02ec31b68bdcb2f6850aa,전라북도,부안군,산돌농원(제1농장),2025-11-14,0.1011213721629315,0.0471198219910171,0.2823925774330069
1ce3602db91e09d0ea25e70b3a862b1f,전라북도,부안군,산돌농원(제2농장),2025-11-14,0.1011213721629315,0.0471198219910171,0.2823925774330069
baf01a24c5fce7f8754addc3e59e2c07,전라북도,부안군,산지농장,2025-11-14,0.1267078773647006,0.0417979407698974,0.2777270565274873
12c5ec672d58ef39f95e6a3066a57c7b,전라북도,부안군,상운농장,2025-11-14,0.1901082846542711,0.0437755907471956,0.2162868907348676
77f4ef331923c915feb74a58f681490b,전라북도,부안군,상운농장,2025-11-14,0.1901082846542711,0.0437755907471956,0.2162868907348676
9f13131f450c87a6000dd507f08cc0b0,전라북도,부안군,새한농장,2025-11-14,0.3434666102386663,0.0370047223828799,0.508415027223363
8c55e73c442febc692f6c3f9ead9b346,전라북도,부안군,서원농장,2025-11-14,0.4351919655224993,0.0323600762926437,0.4035897178816737
e8a2f6d0ff7cf452d4ad8ef1a6d341a8,전라북도,부안군,석불산토종닭농장,2025-11-14,0.0,0.1449726652688673,0.5373860611356343
081047cff6cdb6055572793f3e39f2b8,전라북도,부안군,선들농장,2025-11-14,0.3279228501528875,0.0285874623380275,0.1809586502016703
b31b260c9ae1f030376abfca156b5461,전라북도,부안군,성룡농장,2025-11-14,0.2443605105915479,0.0377815332700352,0.3182110534156839
a8b675b997da9e041335e2fa59ffa8f7,전라북도,부안군,성실농장,2025-11-14,0.1188747365036703,0.024366006206283,0.2827846285105231
387f9a7de01f2a356d2625f2665cbff8,전라북도,부안군,성일농장,2025-11-14,0.0882543503359468,0.1283042032850817,0.5318344668635996
9958a4b4132608b639c161e636d9fffc,전라북도,부안군,성하농장,2025-11-14,0.2091833645326412,0.0243765464768611,0.3381098651052602
78e066c08b20e4127624b330f3f95ddc,전라북도,부안군,세종농장,2025-11-14,0.6112990575449312,0.2040736597634336,0.4473620699913484
ac4be0849f6000d7b94e9af6796829e6,전라북도,부안군,소담농장,2025-11-14,0.0622841835902525,0.2255773677288169,0.4360412056040495
ff51433de919903e6f19a6be93da494b,전라북도,부안군,소망농장,2025-11-14,0.0470554190451514,0.1660156233870851,0.4942959256588888
e84131ad532a954c5b0f1751ab1ef46d,전라북도,부안군,소망농장,2025-11-14,0.1011213721629315,0.0471198219910171,0.2823925774330069
ad0f15271b842af0f4a2b2b66dffd053,전라북도,부안군,승리농장,2025-11-14,0.0739807929921797,0.0587540313391086,0.2340219765432865
9e13b9a23ab9df6e37d3edf6eaf17067,전라북도,부안군,승원농장,2025-11-14,0.2582117321705063,0.0571109999648072,0.2645582401921625
767cc5a058d80e05007f60297ddf857e,전라북도,부안군,신OO농장,2025-11-14,0.1094098149801784,0.0924919465856188,0.2087302161718364
df6ed095c4a04abf8238f21b220d7e2d,전라북도,부안군,신성농장,2025-11-14,0.027862459100221,0.0316415076540758,0.3829429009786637
e1636607d9f35dc70244d18fbd10116e,전라북도,부안군,신원농장,2025-11-14,0.2703499665528149,0.047472997999917,0.5126199987467206
f3d7d7a95b80cbfb34dc1e9cb6fa8f08,전라북도,부안군,신정농장,2025-11-14,0.1011213721629315,0.0471198219910171,0.2823925774330069
e20e74ce910c33ad5d29d381497896c0,전라북도,부안군,신흥농장,2025-11-14,0.166283085360866,0.0328315799549108,0.3735331982384557
c42ad089f7d5431a8383f5baa967187e,전라북도,부안군,아낙네오리농장,2025-11-14,0.1011213721629315,0.0471198219910171,0.2823925774330069
49c7a75c45cbca73230eef498886bd0e,전라북도,부안군,아람농장,2025-11-14,0.0622841835902525,0.2255773677288169,0.4360412056040495
9af5d0fecdda6fec6a876100886d3953,전라북도,부안군,에덴농장,2025-11-14,0.0201373076767497,0.0340865610881195,0.5468010694862522
82d383680a792a10fabece4648cff591,전라북도,부안군,연정농장,2025-11-14,0.1492138114354153,0.0236618701967385,0.3163812052416622
4e1218dbb4ceea072ebf9eed77a1e901,전라북도,부안군,연중농장,2025-11-14,0.0,0.0318900728626363,0.2781929884604971
de999af2055c636ed4aab988df0e033d,전라북도,부안군,영농조합법인 대통농산 백산지점,2025-11-14,0.0820462992651958,0.0357821084912851,0.5358690199081022
d4a2f282314d1cb45210141f152b9ccb,전라북도,부안군,예근농장,2025-11-14,0.2412879305276902,0.2294813379090658,0.1631960274892307
65868ccd24281a978823371dec3a9f7a,전라북도,부안군,예동농장,2025-11-14,0.1220285626860294,0.0317378972261424,0.4336059899748354
08ecfcc14768e3ce59de3b38588153db,전라북도,부안군,예솔농장,2025-11-14,0.470320830708,0.051254985498346,0.2910402896617704
389b7f46447b182e296534faf357ad56,전라북도,부안군,예은농장,2025-11-14,0.2569960230136728,0.0303225764819365,0.2914324801667965
97bfb3be88b2f0b29e9cb28403bed839,전라북도,부안군,오리농장,2025-11-14,0.2304056712226408,0.0312856664184539,0.3333380583234474
11ea9675fddffd6e16fc2ff4f767f336,전라북도,부안군,우OO 황토촌,2025-11-14,1.1833486264981536,0.0087112796747923,0.0465462750378507
bcd490df224748d90e35a24a8bb87895,전라북도,부안군,원농장,2025-11-14,0.0245117473192538,0.0456235624428099,0.4486824073563676
f3c59500d02d292bcec9982e272d44d2,전라북도,부안군,유OO농장,2025-11-14,0.009755777410266,0.1580921697238243,0.5616139150540252
9667b4b688d227ba2fdff3dd53e99128,전라북도,부안군,유림농장,2025-11-14,0.0622841835902525,0.2255773677288169,0.4360412056040495
339bd71e12759b4d6f32606b330952e3,전라북도,부안군,유정농장,2025-11-14,0.0622841835902525,0.2255773677288169,0.4360412056040495
2a9d9efa5db5b4a1b66a4a2505eeef4b,전라북도,부안군,유진농장,2025-11-14,0.270490464752896,0.0469504796256039,0.5075733465476051
5776d9ab3a4666a9bf6ad16f19965389,전라북도,부안군,윤OO양계장,2025-11-14,0.1188747365036703,0.024366006206283,0.2827846285105231
a4b2ff919b962d3710a51e1930be4e08,전라북도,부안군,은성농장,2025-11-14,0.3134136245430685,0.0462650809688809,0.4060523943668312
ad8be36d8367c8b7b9c602973c7f6416,전라북도,부안군,이OO농장,2025-11-14,0.0201373076767497,0.0340865610881195,0.5468010694862522
e8a20f9718ec1d8c7b52498e2f26dcf3,전라북도,부안군,이OO농장,2025-11-14,0.0201373076767497,0.0340865610881195,0.5468010694862522
f71cbae8538e83492ccb885371c6a94c,전라북도,부안군,이삭농장,2025-11-14,0.3219470409603725,0.0472519706329399,0.5130511738814014
e44fda2e12c1dab84da18fa949681249,전라북도,부안군,일월성농장,2025-11-14,0.2085980359098142,0.0357581484097508,0.4216166340334127
1a407f5356aaf1a47131071344daf5eb,전라북도,부안군,장등농장,2025-11-14,0.150883229204212,0.1903834708359824,0.4977214508585971
113af7774ebda5052a366dabb49e1a4d,전라북도,부안군,장수농장,2025-11-14,0.0029797052368768,0.219193219898963,0.1775435560287572
09f375ca8128789c862a51ea079252de,전라북도,부안군,정상농장,2025-11-14,0.1188747365036703,0.024366006206283,0.2827846285105231
7fb3d8cc92d541fd06fa02e4e6b0f129,전라북도,부안군,정숙농장,2025-11-14,0.3036663155857078,0.0268210335894246,0.3567106822419831
81e3cfdfaff59f6d9a74d3b826df2420,전라북도,부안군,정영농장,2025-11-14,0.0713669036713494,0.0340850463179532,0.5349866530851112
28e63a0109280ae37bff8a9afb7ede50,전라북도,부안군,정인농장,2025-11-14,0.0626900072453993,0.0285463035953272,0.2868642697887095
49f2c3f7cf5b97f1006954521e4a343a,전라북도,부안군,종계백산,2025-11-14,0.0820462992651958,0.0357821084912851,0.5358690199081022
55288fdc898e8705dd38a76fe808aa67,전라북도,부안군,줄포대성농장,2025-11-14,0.0741826433856058,0.0553616523878336,0.2096071104760782
90af96948a4dd7175f663ce455b2095a,전라북도,부안군,증산농장,2025-11-14,0.0609370098372236,0.0218748505989378,0.541725341021076
9babb255792befcc2f32a31ccb2fb8a9,전라북도,부안군,지영농장(2농장),2025-11-14,0.0493506734164266,0.1732938728163996,0.4961013380914112
f27cab9dc9986617a2abfede398340de,전라북도,부안군,진서1농장,2025-11-14,0.7411834396944151,0.117476333594404,0.0148205526115539
306c1e0a8984aae65ff077d5bfd6df76,전라북도,부안군,진서2농장,2025-11-14,0.7411834396944151,0.117476333594404,0.0148205526115539
fe406176cc504a55b76da3d198db7b6d,전라북도,부안군,진서농장,2025-11-14,0.0113985061260733,0.2960547501453704,0.1244042523266263
1be56d45d266c1e8e53a79230496dd2d,전라북도,부안군,진성농장,2025-11-14,0.0,0.0329332125529737,0.4347282685870693
a8ebc11b57b5244f06c67bb4b65882e4,전라북도,부안군,참 더불어,2025-11-14,0.0622841835902525,0.2255773677288169,0.4360412056040495
e61594353cee0cf33c2c64f01b7aceb1,전라북도,부안군,창북농장,2025-11-14,0.4417760186412033,0.0468333283953864,0.69955303527274
6636d16fea2af176646317dfa80074df,전라북도,부안군,창북농장,2025-11-14,0.4417760186412033,0.0468333283953864,0.69955303527274
388658972ab3ad27c1942b8f777ffe3a,전라북도,부안군,창북농장,2025-11-14,0.4417760186412033,0.0468333283953864,0.69955303527274
40fc53a177c1677bf387819742b82a46,전라북도,부안군,천금오리농장,2025-11-14,0.2085980359098142,0.0357581484097508,0.4216166340334127
9808a8820d316952e2477345f7275569,전라북도,부안군,천우농장,2025-11-14,0.0507604984384563,0.1845408156017471,0.5418115776323671
2209cb698b765dd2f95583267d37a4c7,전라북도,부안군,청호축산,2025-11-14,0.0676658418812881,0.1834636239014036,0.5352959713156082
ad052e9558246a50d2c832ed676d3fc7,전라북도,부안군,탑OO,2025-11-14,0.0734306795393195,0.1775018622569117,0.5726546963230983
569f129f53ca958d1f725ec0f4b2c012,전라북도,부안군,팜렛잇고,2025-11-14,0.1356445563428503,0.0330022509446882,0.3995455418422098
644aac59c4f5b9324c696c55420b2fa2,전라북도,부안군,평교 종계장,2025-11-14,0.2589981939041222,0.0310579058914795,0.3646937607045115
9197e966dae21abccf66e776e212057c,전라북도,부안군,평화농장,2025-11-14,0.0349570399836274,0.0288761176244657,0.1614005639465822
73f55778686e28d1ed0eba195aa58618,전라북도,부안군,푸른농장,2025-11-14,0.1562230259344792,0.0385920322538242,0.5299974704580389
a7e478dd1740924e5c19c54d0e66014c,전라북도,부안군,한울농장,2025-11-14,0.0622841835902525,0.2255773677288169,0.4360412056040495
5163acec92e52317ccc76e69dfb6d859,전라북도,부안군,해금농장,2025-11-14,0.0439615197439134,0.0343199832259591,0.5540708772527182
b564a3b35f8b759558dae8157e972b21,전라북도,부안군,해드림농장,2025-11-14,0.009755777410266,0.1580921697238243,0.5616139150540252
7caab2f7a72b8ee394ad90a82f8bd3d1,전라북도,부안군,해바라기농장,2025-11-14,0.1549233189798593,0.1287749869745944,0.1788558981957989
500063e1a76e0e107a023155c7b810d9,전라북도,부안군,해오름농장,2025-11-14,0.4417760186412033,0.0468333283953864,0.69955303527274
1fe926a818ab830a8693fb1c4bc7ef81,전라북도,부안군,해와달농장,2025-11-14,0.2569960230136728,0.0303225764819365,0.2914324801667965
25f25880f691816ad49f96edd73ebeb4,전라북도,부안군,해피덕농장,2025-11-14,0.1188747365036703,0.024366006206283,0.2827846285105231
74d82b3fe2666ef260feef7b5c1c9f85,전라북도,부안군,햇빛농장,2025-11-14,0.2085980359098142,0.0357581484097508,0.4216166340334127
6b7f638881bdb6e123e5dc52504d93cc,전라북도,부안군,햇살농장,2025-11-14,0.0734306795393195,0.1775018622569117,0.5726546963230983
ae3c1d52e4c4b9778cc09bb9f0b722c8,전라북도,부안군,행복농장,2025-11-14,0.1335797312615609,0.039793006726128,0.5396047249214511
a727b3c538b37ad86b4b8893b3f8c89e,전라북도,부안군,행복농장,2025-11-14,0.0469301017190589,0.1614352573116229,0.4895711288001932
75bdc70c18f5496da918d37eb5f17c34,전라북도,부안군,행안농장,2025-11-14,0.0882543503359468,0.1283042032850817,0.5318344668635996
df5a07d412598d111518a6e1bd17d50d,전라북도,부안군,현덕농장,2025-11-14,0.0734306795393195,0.1775018622569117,0.5726546963230983
3dfed42ce334f5fe41ab5823bedf1a66,전라북도,부안군,형제축산,2025-11-14,0.0662171793876652,0.057352036111949,0.5831294653434572
2a15cf783fe4fe73ffbdab5c1ba9b88d,전라북도,부안군,후다닭농장,2025-11-14,0.0734306795393195,0.1775018622569117,0.5726546963230983
1b9334339957487179f317d04e24a577,전라북도,정읍시,㈜다농,2022-01-01,0.0355049365275896,0.0246078498406757,0.2136960610041918
be9348051ecbba969a564e592a3a524e,전라북도,정읍시,㈜온누리,2022-01-01,0.0355258761221403,0.0363954603424863,0.4993434022899173
91d9d1827c7f75135eaa5b2134600edd,전라북도,정읍시,가금농장,2022-01-01,0.0303305034113352,0.0236255320737422,0.2428410736461541
819703cdf7be05200a5b086590790eae,전라북도,정읍시,거래상인,2022-01-01,0.061949929655389,0.0271275168975845,0.0857899342198898
819703cdf7be05200a5b086590790eae,전라북도,정읍시,거래상인,2022-01-01,0.061949929655389,0.0271275168975845,0.0857899342198898
aa12b8b44d8d10053b1d6cd828017ed1,전라북도,정읍시,경승농장,2022-01-01,0.1295819720272004,0.025855997272286,0.0788479583576712
0b4103eee57cc62b3a3892b9618b2664,전라북도,정읍시,경임농장,2022-01-01,0.0247218280825499,0.036845124787001,0.4672750874713275
8aaa6c7879051cd11a0907970485f83d,전라북도,정읍시,고부농장,2022-01-01,0.0934399035640099,0.0298466126957928,0.2408262573427582
8aaa6c7879051cd11a0907970485f83d,전라북도,정읍시,고부농장,2022-01-01,0.0934399035640099,0.0298466126957928,0.2408262573427582
8aaa6c7879051cd11a0907970485f83d,전라북도,정읍시,고부농장,2022-01-01,0.0934399035640099,0.0298466126957928,0.2408262573427582
573de7818edfafdb0baca53c0d30827d,전라북도,정읍시,구구농장,2022-01-01,0.1150026228432408,0.0173167273650237,0.1454666918166161
79b866cfb133d7d4e3d519fdfa99de70,전라북도,정읍시,금계농장,2022-01-01,0.0357474869792287,0.0309951792436422,0.3954816145768661
50ed88d94886eb9e9e8b93d1f8b65a96,전라북도,정읍시,금빛농장,2022-01-01,0.5629705899216129,0.050763301094981,0.4681683441571846
d4bb424fd84798d1c9c68cdd9fd3bda1,전라북도,정읍시,금호2농장,2022-01-01,0.0442157013098443,0.0490116221220545,0.5308085299462415
39a9018192702ae0589af442f7958a2e,전라북도,정읍시,금호농장,2022-01-01,0.0442157013098443,0.0490116221220545,0.5308085299462415
6edf9ff0f1af4fcd3744a16b732348a6,전라북도,정읍시,기봉농장,2022-01-01,0.2346519699152334,0.0280479844807945,0.4953486771682809
9ef239ac6a9ee81110e0bed1c973d67c,전라북도,정읍시,내석농장,2022-01-01,0.0298532082033855,0.0438205482588798,0.3277841417515639
3d5c681784c37e0043c154e9a1f04534,전라북도,정읍시,농업법인 풍성한유한회사,2022-01-01,0.0543972520453811,0.0236006397325678,0.1992298670404126
be668d9645cbc2469751ed9f8bab927e,전라북도,정읍시,다산농장,2022-01-01,0.1738893556555034,0.0331304931633935,0.4005105506616879
d64d3c294d3a09caeb90aebe1d59cfd2,전라북도,정읍시,다원농장,2022-01-01,0.0886635626069959,0.0285070626794669,0.4719916640311915
c9c255651b87b2c3b01dca820a303344,전라북도,정읍시,닥터팜,2022-01-01,0.5221751360325876,0.0328105287095659,0.418200821604461
953412874679602eca8ae842ad2b4421,전라북도,정읍시,대성농장,2022-01-01,0.642160251556055,0.0266797758498638,0.1699160910067254
c9f3de9ce1f98e340d01c9ad21f8750a,전라북도,정읍시,대원농장,2022-01-01,0.1062758214082451,0.0474201194489621,0.1926414134700959
c9f3de9ce1f98e340d01c9ad21f8750a,전라북도,정읍시,대원농장,2022-01-01,0.1062758214082451,0.0474201194489621,0.1926414134700959
c9f3de9ce1f98e340d01c9ad21f8750a,전라북도,정읍시,대원농장,2022-01-01,0.1062758214082451,0.0474201194489621,0.1926414134700959
f2a116eaf60f13cf9ce214ec7237b794,전라북도,정읍시,대행영농,2022-01-01,0.0904162911805733,0.049726881941583,0.3758321445738845
a652efca156b3a4221ad0c2ae4e07c9c,전라북도,정읍시,덕앤덕농장,2022-01-01,0.3689692684090411,0.0222323005325207,0.1875442254938875
b3ae122063967a4f455bd84cff0b45c7,전라북도,정읍시,도원축산,2022-01-01,0.1032116583911717,0.0361994707953469,0.4819664689377348
bcef9e9cd31cc4023f12622f6b00eb99,전라북도,정읍시,동원농장,2022-01-01,0.0328488693383377,0.0298589481899873,0.5065874608404941
eed1c551a2ff5925d84a2e0b1c698082,전라북도,정읍시,동화농장,2022-01-01,0.0904162911805733,0.049726881941583,0.3758321445738845
2b1c13b3636e7d15439c148e40154c04,전라북도,정읍시,두암농장,2022-01-01,0.1034550249480683,0.023555508196325,0.1313588502707195
903741782870c21e5ce4cbd80247531d,전라북도,정읍시,마동농장,2022-01-01,0.1318835669779927,0.0454193469176634,0.1903265874234006
5b5e10e5fe6d181257505a5f3cfeefca,전라북도,정읍시,마정농장,2022-01-01,0.0510022893339393,0.0350449621816518,0.2794625728017981
b9db543a7d01056ee224c5c7af7b458e,전라북도,정읍시,만수양계장,2022-01-01,0.0832959922363712,0.0388528932333442,0.132593413496031
f665e3c75ef925eb036d60fc2243f865,전라북도,정읍시,만화농장,2022-01-01,0.0775293817605177,0.0453180517673947,0.3927278770133051
f665e3c75ef925eb036d60fc2243f865,전라북도,정읍시,만화농장,2022-01-01,0.0775293817605177,0.0453180517673947,0.3927278770133051
64785f27873468c1783c45267a1e13bd,전라북도,정읍시,매봉농장,2022-01-01,0.1462387860705693,0.0270580162502411,0.415404614863622
9215e6981ec113711d046baf4ddedd3d,전라북도,정읍시,모리아농장,2022-01-01,0.2278250590484331,0.0340969519361466,0.3476184097490934
7d7b70b3d3b2be5c24264998a40d9bdc,전라북도,정읍시,무염농장,2022-01-01,0.0099241981086174,0.0348560850361456,0.3217016234473624
d4941349d40d334597ed6517b0a6dc74,전라북도,정읍시,미소농장,2022-01-01,0.1084328403887329,0.0292587094722603,0.4242483049898106
03ba6db8f29e3abca1cc4a230368ee9b,전라북도,정읍시,민정농장2,2022-01-01,0.0904162911805733,0.049726881941583,0.3758321445738845
83cb6d3d5f6b0082ba2076dc685a0412,전라북도,정읍시,바둑이농장,2022-01-01,0.7822217079737025,0.0219311271600952,0.2102644957102944
097725e4091f12f876c03cf2ca16a4b7,전라북도,정읍시,백조농장(1),2022-01-01,0.1722048488156089,0.0304578040793945,0.0942367226012691
f6a4610914d8fa2b0fba318578a2f1ce,전라북도,정읍시,백조농장(2),2022-01-01,0.1722048488156089,0.0304578040793945,0.0942367226012691
c8dc29b385d1b97616dd0a6b8978e18c,전라북도,정읍시,복도리농장,2022-01-01,0.0472026985946379,0.0245881806787995,0.2346807173194723
5fddaeddba25ac9135e1a33b0462381e,전라북도,정읍시,복주농장,2022-01-01,0.0539094312472809,0.0275211687285006,0.2013179094114276
5fddaeddba25ac9135e1a33b0462381e,전라북도,정읍시,복주농장,2022-01-01,0.0539094312472809,0.0275211687285006,0.2013179094114276
319ee28ceb34618cfcf94ddbc665f136,전라북도,정읍시,본촌농장,2022-01-01,0.0135652750268093,0.0313678576227001,0.2827787070242002
3b6ba0116dc091ce71559cbfe3e10889,전라북도,정읍시,북면농장,2022-01-01,0.1134718164139587,0.0158455802646221,0.1480542251289516
f99b6f65292213aa30d149fd42463778,전라북도,정읍시,북면양계,2022-01-01,0.157199169689656,0.0219629912295107,0.1852840848073126
51a8e890415125b16108e4e1d41cba34,전라북도,정읍시,삼호농장1,2022-01-01,0.3906340558759922,0.0257802905327742,0.2448886707615525
33dd9802b32b1c0502f4929ca9af2c98,전라북도,정읍시,삼호농장2,2022-01-01,0.3906340558759922,0.0257802905327742,0.2448886707615525
c2b5ab26aa1b395d57107cc0e04e8f23,전라북도,정읍시,삼호농장3,2022-01-01,0.3906340558759922,0.0257802905327742,0.2448886707615525
2644f3dd73463c4ea5bb0f775cefb072,전라북도,정읍시,삼호농장4,2022-01-01,0.3906340558759922,0.0257802905327742,0.2448886707615525
27e51f057e71fbd5502fcc7c85b692bf,전라북도,정읍시,상봉농장,2022-01-01,0.2319187332931326,0.022731598914253,0.3110194680389249
adfa0178112b02d23a74f66cfdb09c03,전라북도,정읍시,서진농장,2022-01-01,0.2674265660367423,0.045021698473521,0.4935626966881807
3805174c4f90e83c43f7f0a3bf950df6,전라북도,정읍시,선임농장,2022-01-01,0.057788258623737,0.0369277513968853,0.4746608954595146
3e0f3d56f3671f64f51482ddd569881f,전라북도,정읍시,성봉산닭,2022-01-01,0.2897420075377354,0.032625792282173,0.1478433872625312
591a6b5873959491439b413499e2572a,전라북도,정읍시,세연농장,2022-01-01,0.2002667290221142,0.0263078690841398,0.059128976436713
ac9b3e2e9fc659a2591666ae40147e5b,전라북도,정읍시,세현농장,2022-01-01,0.0302797210962359,0.0316759564724571,0.4014670099348564
3c7a8c8e86abda11c76fa968e6d5283f,전라북도,정읍시,송내농장,2022-01-01,0.2859962649360652,0.0301285951446247,0.3063788243358151
f9e49b5a08fd798ba94d4cf10732853d,전라북도,정읍시,송부자농장,2022-01-01,0.5176986379337324,0.0164286544728321,0.1320948794799775
0abaa71988315962684770ce33c96336,전라북도,정읍시,숙경농장,2022-01-01,0.4369311000590752,0.0323204777663028,0.1571179572171554
2c0c6dba69c21d819968d36f57ab072f,전라북도,정읍시,순옥양계장,2022-01-01,0.0062192502869207,0.0289970657464394,0.2525421113871698
ccc976f924a4e0558f746988a5d2eaf8,전라북도,정읍시,승승농장,2022-01-01,0.1505216006943225,0.0391236129559212,0.2970813899710097
f3ff9bf0f1a0a9687eefa42a3b63e150,전라북도,정읍시,승운농장,2022-01-01,0.1158830930819164,0.0288872483938699,0.3749169248244137
849f842958498b77076b4e3281594b6c,전라북도,정읍시,승주농장,2022-01-01,0.2004870578848592,0.0263601880031138,0.1603611269027147
d149c976f883a0ea9c5871efe3d69fbf,전라북도,정읍시,시온종계장,2022-01-01,0.3682879574645208,0.0623967501089214,0.5368751134099465
9686364f60775b4704e5fefa6099ef2a,전라북도,정읍시,시우농장,2022-01-01,0.207681859874254,0.048020792592683,0.4109722471506554
3c8a6be452486398df5d36c84e6274cd,전라북도,정읍시,신답농장,2022-01-01,0.0505899342138626,0.0296756381904642,0.1513896466780343
cba9637234e863a129e55c8911461f74,전라북도,정읍시,신원농장,2022-01-01,0.0928480404242405,0.0335451200663572,0.2641701726271172
236f237720f6d81f4dc3e086cd4aff55,전라북도,정읍시,신태인농장,2022-01-01,0.3309874772202857,0.0559217223475627,0.399152448535399
2ba07dd2f8107275dc24a4fe972f76e2,전라북도,정읍시,신흥양계장,2022-01-01,0.1370515375196047,0.0231364009115524,0.2032678059448441
4244df883c5af7d810e864070b7da735,전라북도,정읍시,안성농장,2022-01-01,0.0400447490030615,0.0445488918821325,0.3739978829262478
ea681fbf698ea26c1b87fdab6da80ce3,전라북도,정읍시,양계장농장,2022-01-01,0.1726571475526344,0.022030797764757,0.2007281880683551
ed9d04f3da63d0a99d9783320732a4a0,전라북도,정읍시,양지농장,2022-01-01,0.5628746446563367,0.0224011042768331,0.2148794729642046
f779004a8d6203415f69ecb19de39ca4,전라북도,정읍시,에덴농장,2022-01-01,0.0661527111947538,0.0297475684456913,0.3628376815302849
e1998c56bf5d4220f1e5c20823d8c1be,전라북도,정읍시,에이플농장,2022-01-01,0.0409330316553962,0.0280781683111367,0.4455162779864454
889a5e6a368b03ef02394dbe456249dd,전라북도,정읍시,엘림타조농장,2022-01-01,0.0532518404072741,0.0235268391528015,0.3487095528009593
610fd650721837f032db04704388707f,전라북도,정읍시,연월양계장,2022-01-01,0.0920046542266108,0.0274815128147112,0.0755030431122106
7b007ea5a572be4fbf4621e0c4b79478,전라북도,정읍시,영성농장,2022-01-01,0.6332978019349418,0.0268245042422947,0.0822585032678531
23b4febdd79fb715989f4e89116061f6,전라북도,정읍시,영원농장,2022-01-01,0.0497602494538772,0.0270732821559607,0.2124561609935203
d147ffbc45f5fc151d082038adbe512e,전라북도,정읍시,영원종계장,2022-01-01,0.1683637094929733,0.0390116329890096,0.4524507312239751
9f5e02173db9a2930eb519c4e4bba4de,전라북도,정읍시,영원축산,2022-01-01,0.043440848607528,0.0461608756808333,0.4544607112458507
e14f958aa077d9ac56b26771a85717c4,전라북도,정읍시,영춘농장,2022-01-01,0.0927345619462853,0.0393907801144655,0.3058507426651323
d868d36d8d00cd30f8d1d81a819485e9,전라북도,정읍시,오복농장,2022-01-01,0.1223439422504632,0.0396970952652941,0.3093073296990996
73afc46512c516fc7f7beee9f8e79079,전라북도,정읍시,요동농장,2022-01-01,0.3163010026233178,0.0220989449187385,0.185657890622317
7685b69a6f39996f6c02c02bc8adcfcd,전라북도,정읍시,요동농장,2022-01-01,0.0824538223247697,0.0263849709400472,0.2536601017652551
1d02b4d664a456a7bf8c96e1d5ce82ea,전라북도,정읍시,용소골양계장,2022-01-01,0.0127840950917037,0.0186949201373828,0.1705177065017026
0ae79df4f66fdff3541ac10878e68cc4,전라북도,정읍시,용흥오리,2022-01-01,0.0662607207220655,0.0513959227102958,0.4602348775565797
1c7fcdd8486b0378d83189b29542f4d4,전라북도,정읍시,우리농장,2022-01-01,0.3121088541243971,0.0607295446257372,0.5461357662195595
89f17ef9e5ed0bebec86b7e09da0450c,전라북도,정읍시,우일농장,2022-01-01,0.1523944081482441,0.0318334462219507,0.2705656622382993
f104663a075d24e7c1bdf4b51c722653,전라북도,정읍시,원아농장,2022-01-01,0.1242809912298808,0.0259373653841436,0.2476491235167591
1b4e7c08c47965eaded6efd347ac8b91,전라북도,정읍시,원천농장,2022-01-01,0.0561728821989451,0.0251008218816605,0.1984842080097958
3ce627df0e6522a3ed5f509cb5acd01d,전라북도,정읍시,월천양계장,2022-01-01,0.011031330873696,0.0314025429384283,0.3074533553063064
57d328e6d621912ea3e51bba90cefc35,전라북도,정읍시,유봉2농장,2022-01-01,0.1924803378957173,0.0254569854554414,0.1835205328903023
6ced3f8e502dcf5908bd019f2c98cb02,전라북도,정읍시,은선1농장,2022-01-01,0.0287029234105127,0.0342646880378654,0.2912846542478248
c314825cad1e50ef2d4beef20343dfb7,전라북도,정읍시,은선2농장,2022-01-01,0.0287029234105127,0.0342646880378654,0.2912846542478248
adf98339dbaf5df204844758fb202ae7,전라북도,정읍시,이수농장,2022-01-01,0.0170905272989731,0.0351711527469366,0.4506684783791009
9ff17e46447de16a3a7d028f16e992e0,전라북도,정읍시,이안농장,2022-01-01,0.1080391647469279,0.0241833885393901,0.2809380400652556
9ff17e46447de16a3a7d028f16e992e0,전라북도,정읍시,이안농장,2022-01-01,0.1080391647469279,0.0241833885393901,0.2809380400652556
d9986315ee66bf233df901cedcb09685,전라북도,정읍시,임마누엘농장,2022-01-01,0.3994403843098182,0.0379025711148169,0.3815324651875944
49ad489be3465509303808711c808a61,전라북도,정읍시,임마뉴엘,2022-01-01,0.0834082303851742,0.0313052227131004,0.361033557054227
63d491a179b411bc303e0ba3e078fd96,전라북도,정읍시,임씨농장,2022-01-01,0.0487002584273604,0.0205230918589175,0.1246938389402598
e912ce7dbcda6e198497d3a187abe4bb,전라북도,정읍시,입암농장,2022-01-01,0.8056288202883896,0.0235551807890202,0.0834506219813154
50b5efb2d900284b842b76720b916374,전라북도,정읍시,자연농장,2022-01-01,0.0852442910651405,0.0236167661480015,0.290713745907215
a9cf1bc18022b95dbea0eaf5e89fa1d9,전라북도,정읍시,자영농장,2022-01-01,0.2478957728601076,0.0281959572407921,0.1671892129103753
b369d30f102dafe880a627dfd9693a8f,전라북도,정읍시,재남농장,2022-01-01,0.1468817354714183,0.0359639646620233,0.310950424791548
aa49c9769dc2aa98d820616673295e3d,전라북도,정읍시,재업농장,2022-01-01,0.0595414831010453,0.0255999890700181,0.069784376502234
6bb56a68733ceb9f8bd2a37b05de2312,전라북도,정읍시,재주농장,2022-01-01,0.0328893974719982,0.0274771479784604,0.4417909649037722
8f6723b30496ae992b9a877d5d1444bf,전라북도,정읍시,전원농장,2022-01-01,0.1385566500029052,0.0272279371776073,0.0649253308807917
df960eb9082e99f59fd0283fc9abf10a,전라북도,정읍시,정성농장,2022-01-01,0.2139020341141184,0.0453691467299322,0.492739671286352
a2f89e83d87915fa16e32af71bee9d2a,전라북도,정읍시,조안농장,2022-01-01,0.2173665917047116,0.0246659384536982,0.3539358366015894
77b7042a672f344e84bcc6676e53c466,전라북도,정읍시,종암오리농장,2022-01-01,0.0160813964329523,0.0291635791078993,0.3142046805879276
edc8a8311b0e95d26570654af8fef813,전라북도,정읍시,종태농장,2022-01-01,0.0835252891130027,0.0442750608345404,0.4183851875649576
b3ed6b9830bb240bd23b2ebd9d24a99f,전라북도,정읍시,주원농장,2022-01-01,0.0159669529533709,0.0208877473597157,0.2758299987606124
1875b5f5f5b0dc313f2d478a01258a91,전라북도,정읍시,준서네농장,2022-01-01,0.0363242869543877,0.0236606630514345,0.1659730449804871
8fea3044e82f9f8a3eadfd01b2c0464b,전라북도,정읍시,지성농장,2022-01-01,0.4412496916217511,0.0238331113473302,0.200278515582976
8b897e25b64e5aee17a1052876014997,전라북도,정읍시,진흥농장,2022-01-01,0.3719260048793353,0.0457720561276243,0.4580618693001156
33b23a9ca2f64abfb57d856ed21bee55,전라북도,정읍시,창민농장,2022-01-01,0.9814908143917772,0.0232454230039477,0.2440893968921609
2f1f0c530e2c8a123e3220b55a0d4101,전라북도,정읍시,창섭농장,2022-01-01,0.1280091547179535,0.0428251131250011,0.2871443815866483
c0a4894b5187268387449384fc5097b4,전라북도,정읍시,청담농장,2022-01-01,0.2000415729436571,0.0339044479343698,0.2443805768092523
6bcde9d29770b0cf4092eb33f33be9e0,전라북도,정읍시,청솔농장,2022-01-01,0.1849997906217,0.0316807373135848,0.376415917024501
51ee67a325a85a0591db23bc3212888e,전라북도,정읍시,청운농장,2022-01-01,0.114399677820092,0.0254431233629098,0.233856629574136
7fdda8c1d2fbbad154fd76327edbe81f,전라북도,정읍시,충환농장,2022-01-01,0.2509595431548396,0.0251073724788549,0.1853831097606186
b9b300ceb3cfa4f93e3b81fd977e39fc,전라북도,정읍시,태봉농장,2022-01-01,0.2103255101016457,0.0396951520676359,0.1273179745265306
3e7a5034f59a1b14b492c06f714e6375,전라북도,정읍시,태웅농장,2022-01-01,0.0551471746981756,0.0446144297460738,0.3780217268529464
c20f1417db42a4d5f40e59168ff62873,전라북도,정읍시,태인팜스,2022-01-01,0.0904162911805733,0.049726881941583,0.3758321445738845
6e5869028ba96ece80f9fdb8f69aa973,전라북도,정읍시,팔팔농장,2022-01-01,0.3628032088907779,0.0350228495424655,0.2923525286029181
272a19bac74f30b7f10a5999865a2d2d,전라북도,정읍시,풀꽃농장,2022-01-01,0.0853803998169836,0.036676306945566,0.3114642115222722
8396296f453e6b2130beeebc84b4e52b,전라북도,정읍시,하증농장,2022-01-01,0.0904162911805733,0.049726881941583,0.3758321445738845
1c4393695cc03e50c91120107e9bdbad,전라북도,정읍시,학동농장,2022-01-01,0.2564716224555524,0.0195315051001217,0.218256021331927
0597044b4d6c9f96cefa21b1141cba2d,전라북도,정읍시,한교농장,2022-01-01,0.1582574370693028,0.018668806125063,0.2071598864604807
aa39df7890afec8c31906da4c01d116c,전라북도,정읍시,한길타조농장,2022-01-01,0.1150338301508448,0.0249865154267108,0.3597489728181243
8f8db22ef68a72f6cfd5fd395b11e815,전라북도,정읍시,한성농장,2022-01-01,0.1773786253926571,0.0336746730177958,0.2436615872970172
5597699620179d8402dad5a94c96272a,전라북도,정읍시,한우리농장,2022-01-01,0.0392790565301011,0.0460458278875769,0.4343781084121892
4f846e459532db548e256f1ea6b9a732,전라북도,정읍시,한울축산,2022-01-01,0.1249018471925826,0.0353155542992002,0.2969235445699474
4febd95aa21c78c01d5b51ff648cbf9e,전라북도,정읍시,해성오리,2022-01-01,0.0518721817622345,0.0363810431136135,0.1233531155978982
41e271030e6fefb7d771c5f8559ca45e,전라북도,정읍시,행복한닭농장,2022-01-01,0.0654898166156931,0.0178327797776531,0.1638458089833784
e7ad340346a07a48697991023e59b0da,전라북도,정읍시,헵시바농장,2022-01-01,0.0282838529538224,0.04184299604733,0.3697144703091474
efa5ee4b44d754a32d3d15d3d69a50af,전라북도,정읍시,현택농산,2022-01-01,0.2128233605901119,0.0249857764526623,0.3647963051291222
b5d9a3ac45de505e2d2dad621f9e68f6,전라북도,정읍시,형동농장,2022-01-01,0.2823767059209301,0.0399141854432262,0.28760131667434
b47250704be4ca648da1d8ba9add4194,전라북도,정읍시,황금농장,2022-01-01,0.1595856389384465,0.0364830648151171,0.4755064039705817
3ce9165a1f64ac8ae0e29907ab63abf8,전라북도,정읍시,희망농장,2022-01-01,0.2348543767793937,0.0304895650346848,0.4244320728141832
b2c0c9a6d592ebb93b24998d07fb568c,전라남도,구례군,25시 농장,2021-02-01,0.3374605218972716,0.0478399437875591,0.2201240839785671
4e9181977ea12b02934c98ed594af859,전라남도,구례군,광의농장,2021-02-01,0.0892828764156165,0.0412724592774563,0.2616379963028929
e4953a7eed02473e2913ca0326a41ded,전라남도,구례군,광의농장,2021-02-01,0.063092428126559,0.0521402859193112,0.206194236473443
804ddd0bc01d5d853616f14fd2e05ed8,전라남도,구례군,김동주농장,2021-02-01,0.0148202645420498,0.0059501568504401,0.0034725024438777
e2a8631221e965a78f14101b33eec62a,전라남도,구례군,김인숙 농장,2021-02-01,0.4238618087376739,0.0442337688970016,0.297658534700733
fad7ef310b2d0b6e98afe53f43b0a206,전라남도,구례군,냉천오리농장,2021-02-01,0.2130795940492793,0.0956773077011105,0.198928976065884
f90fb390099cc8060fcd99f1208a935e,전라남도,구례군,두동농장,2021-02-01,0.0353277683561232,0.0388782479900578,0.2918271241554879
e670a3a1aaa324751a55e509226bd6a3,전라남도,구례군,드림농장,2021-02-01,0.1804691179684958,0.0809764432346692,0.2466177130954376
40181047b91f7d0da06edf29017ee6e3,전라남도,구례군,마산농장,2021-02-01,0.5488947117934526,0.054105058216342,0.239178667370505
d4e92b3e0c4a00f6a39a763cd8d74970,전라남도,구례군,명인농장,2021-02-01,0.2377336327709455,0.0414010034551427,0.2831603023893065
7f8e7630d8f751147b5d7d424ca48298,전라남도,구례군,문척오산농장,2021-02-01,0.1346783181073631,0.1086214563398852,0.1194660277358882
fa647f03cf3a8dc237a5272b64fe421f,전라남도,구례군,반석농장,2021-02-01,0.1632169735962946,0.0523357956915235,0.2179223526688002
6c4963ad46eee1c72a90379c501cfa73,전라남도,구례군,벧엘농장,2021-02-01,0.1582265320572488,0.0943846244562868,0.1412892734406919
a214db23d69b185bdf1897de40504520,전라남도,구례군,성지농장,2021-02-01,0.0576288811930593,0.0362876901307056,0.2698955629086432
7ae29088201bf330ea3b97f763ee858e,전라남도,구례군,성진농장,2021-02-01,0.1173000694050092,0.0907259720560093,0.0674705503526824
3610dfb9b5783d390b46a9363adf73e2,전라남도,구례군,신한농장,2021-02-01,0.0380942777005632,0.0525667601044216,0.2204487420154385
bcc6eafda4a6744837c9caf6b01d6f1e,전라남도,구례군,오리천국,2021-02-01,0.0414234278303895,0.0419734862683299,0.141040156914049
c05ee457a8aed94a0fd65288a1dd8aa5,전라남도,구례군,온동농장,2021-02-01,0.0367550467200778,0.0522192030881931,0.2109044745761875
1e6d905d718964c5f9c32bf1f705e12c,전라남도,구례군,원동양계장,2021-02-01,0.2552720752489372,0.0117232487726121,0.0389462727025047
39016a8cfd280c6bc243e6f8d2dfa37d,전라남도,구례군,이가농장,2021-02-01,0.0472648612017217,0.0517117454350635,0.1983883489849082
9a58a253c4ee30ed26c98aacfc5144eb,전라남도,구례군,이평농장,2021-02-01,0.3477853961982697,0.0460259407416035,0.2341466835839125
3a29aa799db26f8cc639f38a2cc23688,전라남도,구례군,자연오리,2021-02-01,0.2588176651012904,0.051689960882597,0.2117577152976765
c73b12ba5e591ebab775008244235ef3,전라남도,구례군,자연오리,2021-02-01,0.1815557302962556,0.0513100970582866,0.2056680895724651
44b602f3d350d47fa4e646c97da5cf53,전라남도,구례군,점임농장,2021-02-01,0.0837615696789922,0.0373741265178546,0.2903505047367814
74a8291eefb34917d9fdc46d2d74706a,전라남도,구례군,주경오리농장,2021-02-01,0.4323719302607713,0.0464894802927873,0.2380522654105015
499ae493792251c3536d0724c4e806a1,전라남도,구례군,죽정리농장,2021-02-01,0.317836336219256,0.0481733310392031,0.21344723429083
6ec10e08f9b91f034784fbca8bf4a269,전라남도,구례군,지리산황토오리농장,2021-02-01,0.287243754015488,0.0435900995916582,0.2924129043040379
0cf0c10a18a5503e2034ccb85dc3722e,전라남도,구례군,진현농장,2021-02-01,0.3750897629831701,0.0493137154288528,0.2275457026889233
e21f3922b8e5f720e1225469ae169177,전라남도,구례군,푸른농장,2021-02-01,0.2184472890923434,0.0463717704238011,0.2162275089930821
a7f5d7308c7714b858d315672ee5386e,전라남도,구례군,한송농장,2021-02-01,0.3970216431907369,0.0404593874979671,0.2719846788233301
132d123799f277d5239786e4f30b2799,전라남도,구례군,허상영농장,2021-02-01,0.0740284370252415,0.0442288437264129,0.0344743946154627
db8d7f6365ba104511349cdd70393b6f,전라남도,구례군,현수농장,2021-02-01,0.0981903565011847,0.0433737233223859,0.1513328075518542
4a641edd49dc683246e22e4ac4f8306f,전라남도,구례군,형기농장,2021-02-01,0.3001979691439876,0.0484235170037152,0.2085734130702225
a5c88886c0a7a0d58ac626a232c084e7,전라남도,나주시,○○farm,2023-01-20,0.2058629133995269,0.0378680768456162,0.2282783877029877
b50383e53c50382b5fa498086fcf4dfb,전라남도,나주시,○○farm,2023-01-20,0.1657311696503781,0.0920144614291577,0.2522457781458165
f0cb3bd0f3861ff84d8fc7d87f343e73,전라남도,나주시,○○○,2023-01-20,0.1992660636315389,0.0520601336165485,0.3467201308206014
810c433029d23f383b93ebdeff6ed066,전라남도,나주시,○○○,2023-01-20,0.1580819482032265,0.0572301836250421,0.1552056396918076
4e327c3ac09d43560bd643b5b7b2a5dd,전라남도,나주시,○○농산,2023-01-20,0.2252636419636725,0.0195704798843186,0.2480464597918369
40699746d44a3295ea65c0fe884f89c3,전라남도,나주시,○○농원,2023-01-20,0.0977894627983144,0.0390540874282838,0.3506894903163067
9cdc920f54cef382d7e0f83ec561dc0c,전라남도,나주시,○○농원,2023-01-20,0.0,0.1695989250277245,0.0526667831147997
eb32b3ca584d6292f42d64f16176d62d,전라남도,나주시,○○농원,2023-01-20,0.5603833002964449,0.0304839705155074,0.1967043072768655
81939d07ee81bfad1feb4287d090d3f8,전라남도,나주시,○○농원,2023-01-20,0.1903455422368199,0.1823080451973812,0.4895518370828112
54f90d72c9888ddfb1510f88b0f24e17,전라남도,나주시,○○농원,2023-01-20,0.0624365958569529,0.0739207779284212,0.3224301690001926
49be3461a091d6cd1134d8a9dbfed688,전라남도,나주시,○○농원,2023-01-20,0.0393404173058809,0.0848413157517199,0.4325725134835512
97c5d2c377679af48d39ce039eb63ab6,전라남도,나주시,○○농장,2023-01-20,0.3541727525826778,0.0994412914551446,0.2854285083279277
4fc8d91597038645fca1139686ffeffc,전라남도,나주시,○○농장,2023-01-20,0.0607186810632673,0.04016721362258,0.282866275485736
b36c9c9c30b061d6dac3b41a860dff3d,전라남도,나주시,○○농장,2023-01-20,0.1903455422368199,0.1823080451973812,0.4895518370828112
7540d1294de66b3215d374caa79180db,전라남도,나주시,○○농장,2023-01-20,0.1992660636315389,0.0520601336165485,0.3467201308206014
f45d411f0d690a917955836c9c949f9c,전라남도,나주시,○○농장,2023-01-20,0.3874173798776996,0.0567627202021064,0.4392777407364788
eeb28af1a08a93ed8c2ae9bc7cb49caf,전라남도,나주시,○○농장,2023-01-20,0.0922150621225229,0.1156536705906337,0.2244979513659254
588b7ec9a60c78e4534866728b8be8cd,전라남도,나주시,○○농장,2023-01-20,0.0690192705490968,0.0818014549062672,0.1757089489099555
8ec99fe58033701e2ea4c4789be2b368,전라남도,나주시,○○농장,2023-01-20,0.3038716179621002,0.0383102397285698,0.2627609169305335
7abb156f887220f8e280c42c1f6bb990,전라남도,나주시,○○농장,2023-01-20,0.0044116201524204,0.0298027719597779,0.142242723299475
8c4d485a311f683d69e6faabd95986c4,전라남도,나주시,○○농장,2023-01-20,0.5700364562009942,0.0183086565475155,0.0865171727349739
0c91f0900d4ca718ebc746e16a10095f,전라남도,나주시,○○농장,2023-01-20,0.2017098045804288,0.0386327589306162,0.40494592559256
18125c077c248bb64fdc67bbf7a173fe,전라남도,나주시,○○농장,2023-01-20,0.0401053618884133,0.0232988562864967,0.3147971235223082
30f09d720ba00bb2e5d65d59d56ba8b3,전라남도,나주시,○○농장,2023-01-20,0.389832958399305,0.0685969771204366,0.1714118176834406
30c47d685e4e14cdf65b239ff43eedaf,전라남도,나주시,○○농장,2023-01-20,0.2950360917455075,0.0632748359320498,0.2417088747303637
0a2380c364c72583cfa90c04f9405db3,전라남도,나주시,○○농장,2023-01-20,0.5295541826798922,0.088566173191102,0.2833012509562533
12bc8c7760bc81ab004ecdb1548b539c,전라남도,나주시,○○농장,2023-01-20,0.1802778793452248,0.0148618690111476,0.0288968100842974
4dc41653c91c8bf19e982fc6c9a05c7f,전라남도,나주시,○○농장,2023-01-20,0.0264191510272384,0.0382533852411509,0.2540274090778583
fa287009f757740aa389a1b22b892f2f,전라남도,나주시,○○농장,2023-01-20,0.0246078844303289,0.039453159407565,0.4055611265947614
58e5c944801cdaa286156545c4ef09cb,전라남도,나주시,○○농장,2023-01-20,0.2472206641636037,0.0382443922683021,0.3459942568922426
f4f1ea5ac2fd4537f83cb8e5055fd0c0,전라남도,나주시,○○농장,2023-01-20,0.0672177386664118,0.0444471311098847,0.216554391436488
231569c24166696c299d5ca6ceb98e7a,전라남도,나주시,○○농장,2023-01-20,0.2247996125640883,0.0317655231507837,0.4011683598222237
25e35c8f1327af78a1babb8a01b84fd8,전라남도,나주시,○○농장,2023-01-20,0.3498519471222017,0.0784414637876502,0.1544332068921227
15e13b9aa79d993d4852bec729f425ba,전라남도,나주시,○○농장,2023-01-20,0.2300624435285225,0.1311265337838002,0.1563307490555609
1f8a8783acb29ddd6cf8405e727920c7,전라남도,나주시,○○농장,2023-01-20,0.0936119283644405,0.0291869915118181,0.1772910866759202
fadf6bf0fe0a6475aaf55ba0262dc3d4,전라남도,나주시,○○농장,2023-01-20,0.1620723272271785,0.0531866550111794,0.0941009833792092
bba4667559b79178e402f29c881bfab2,전라남도,나주시,○○농장,2023-01-20,0.330779949233724,0.032092865506235,0.3148392816723717
5b38e76fafe6c31e8e5f762370e4fa37,전라남도,나주시,○○농장,2023-01-20,0.2171007405584065,0.0695839621450919,0.2032063197282474
5f1b6aeb69c5245398ae7e0119d92f41,전라남도,나주시,○○농장,2023-01-20,0.1576217253963298,0.0454653338848304,0.1973559435777561
182b2afa5cfff174aea7a9cdef690b21,전라남도,나주시,○○농장,2023-01-20,0.2004634353502608,0.0413284677118714,0.3347789008564953
3828f437f51152fcd000329c21327561,전라남도,나주시,○○농장,2023-01-20,0.1316523059622443,0.0233466835902493,0.2504294712760218
118177593d51eab0447af3d0caacd223,전라남도,나주시,○○농장,2023-01-20,0.0849946831589388,0.0440762185633552,0.2680661330718137
378e2cc3f80b6ab9217abb7d18b9cdd2,전라남도,나주시,○○농장,2023-01-20,0.2231788026570821,0.0590437840959029,0.1737499562049722
28d08d0c328e8d306c36ebf132fa36c8,전라남도,나주시,○○농장,2023-01-20,0.3692844523492433,0.0390791281944041,0.3151854172266313
083d605af89853a06d9cce40d2da0f9b,전라남도,나주시,○○농장,2023-01-20,0.0360707787000347,0.0336823365810554,0.2315468286595575
5ea8edbeb0c6fefbffbe869695dc53bd,전라남도,나주시,○○농장,2023-01-20,0.3054509466129542,0.0361970983483153,0.2676627436045514
f34a12dc6c10ca87b032c1b3f256be1b,전라남도,나주시,○○농장,2023-01-20,0.1657311696503781,0.0920144614291577,0.2522457781458165
423321aadf48a4a743f310be7c4d24d8,전라남도,나주시,○○농장,2023-01-20,0.1580819482032265,0.0572301836250421,0.1552056396918076
f96caee471a90f2691575bd824e7c269,전라남도,나주시,○○농장,2023-01-20,0.0734626681126975,0.0107267555864944,0.0207500593660201
601209a860132ed9268386ac205bd891,전라남도,나주시,○○농장,2023-01-20,0.0632228532602028,0.0885223723680506,0.2143622822861422
cb47fdc4004b8ae91096e1e408ea4af0,전라남도,나주시,○○농장,2023-01-20,0.0713869956829054,0.1311129719640388,0.2168920272705668
d30503fe8bce80f33194ac696426ff81,전라남도,나주시,○○농장,2023-01-20,0.1907946019094872,0.0870966936106652,0.2557916169234648
133300c1bac8d82a3d89b356fc5d594e,전라남도,나주시,○○농장,2023-01-20,0.2945379310870047,0.0260148913006054,0.2783643483404281
4b14a9ac23d0d9849c093bb4c4016cfb,전라남도,나주시,○○농장,2023-01-20,0.2252636419636725,0.0195704798843186,0.2480464597918369
6dbb5afd9e91cbbd0e0da7c3263eb3c1,전라남도,나주시,○○농장,2023-01-20,0.2316427396779313,0.0997150206352215,0.2401563266908266
fb67f43f61d1dc5e23240bd868d4cddc,전라남도,나주시,○○농장,2023-01-20,0.0058595273633087,0.0296144451966196,0.2049577626567728
0d17c5fc8b6692ae2656cbc1d1cc3887,전라남도,나주시,○○농장,2023-01-20,0.0,0.0361192712114666,0.3659767711669248
8b54ce8a3b466376ee33a6d553ca7f14,전라남도,나주시,○○농장,2023-01-20,0.0653246252693119,0.0580331696470706,0.4452421211383381
d9d4f377be96da0b734746c2f88e4494,전라남도,나주시,○○농장,2023-01-20,0.0631019512392164,0.0628388302199504,0.1614682949947873
30e2cf75765ca1d0361680365312d438,전라남도,나주시,○○농장,2023-01-20,0.110911088033128,0.0278611750010783,0.1129540992920884
a4f0275784a2680a8743fe3deec5ad56,전라남도,나주시,○○농장,2023-01-20,0.0238056253658648,0.0240507644037058,0.2075198777863638
276a9a372043034b9c44854e31167b8d,전라남도,나주시,○○농장,2023-01-20,0.2932599657997822,0.105377069717935,0.0343985223807907
c0b1b6c5ecbd7a79392e4c3ad6cec6ef,전라남도,나주시,○○농장,2023-01-20,0.1922534130805752,0.0343044037144145,0.1437885201302136
647308a27f21efadb2a24117f9d5c525,전라남도,나주시,○○농장,2023-01-20,0.0116780953600923,0.0596911900610922,0.0708071429792503
91043d0007d5dfac88bffab98fb86133,전라남도,나주시,○○농장,2023-01-20,0.081837566821831,0.0370460913013069,0.3131993484807797
d690d0aadb4fd8a59f3734a358600dac,전라남도,나주시,○○농장,2023-01-20,0.2634153689258247,0.0312610215210919,0.1872905470934009
66980e67e34908e0e6b46a077f7955e6,전라남도,나주시,○○농장,2023-01-20,0.1472317165380475,0.0317311827804341,0.1683494670368564
dd5e5e07bd2a1951d1678e752f8f80bb,전라남도,나주시,○○농장,2023-01-20,0.1288905321740546,0.085035134084473,0.1074486013132783
468d7559c01f7b746d35f9940ec61ada,전라남도,나주시,○○농장,2023-01-20,0.2871309767221315,0.0305998417595764,0.2509334909327055
4ad3e6b1400c7e8547739d7830aa9416,전라남도,나주시,○○농장,2023-01-20,0.4349688279602348,0.0375184069283185,0.1615162761509679
462fb6b8c68cf9ccaf2caf071c86eb8d,전라남도,나주시,○○농장,2023-01-20,0.3709882578636226,0.0406545404748015,0.2007920214311043
2e067ff73a0f894c6e2585d50e92a48f,전라남도,나주시,○○농장,2023-01-20,0.5603833002964449,0.0304839705155074,0.1967043072768655
20f95140db49910dd144a01d8d69a3d9,전라남도,나주시,○○농장,2023-01-20,0.0048381900854012,0.1244800406783205,0.0644410613609299
f5bee61d7f9184109234dea31e6c6cdb,전라남도,나주시,○○농장,2023-01-20,0.1689536310612538,0.0620864129118191,0.1107666183897667
5227848448f7e3937162302ecc805b40,전라남도,나주시,○○농장,2023-01-20,0.2483568054900418,0.1137014981131566,0.3010084425734617
3acbe1493319f993faed870b406b2d0f,전라남도,나주시,○○농장,2023-01-20,0.0096369327292784,0.024932541944517,0.2248946531416731
88d92c2dda284d500025ba4cf5b00c41,전라남도,나주시,○○농장,2023-01-20,0.0632228532602028,0.0885223723680506,0.2143622822861422
c9ff72598648bedfb8bdca5b4c8c7ed8,전라남도,나주시,○○농장,2023-01-20,0.2158744847809993,0.0592914212160236,0.1787739965985857
a12faf8f642a729d6c9cf236673b69e4,전라남도,나주시,○○농장,2023-01-20,0.0371627416878218,0.0199212584132355,0.2183643219420565
f314e2a2d6f4d8f6710003376ce8e3f0,전라남도,나주시,○○농장,2023-01-20,0.5228208277364194,0.0326840231136902,0.1918962612951947
964b007d88d1d56577b7cc163008981d,전라남도,나주시,○○농장,2023-01-20,0.5904740166011518,0.0308360978544096,0.2358819542611439
1b66c8ed5129bb68285bb7e71983ee0e,전라남도,나주시,○○농장,2023-01-20,0.102380894326414,0.0786725540883181,0.0456489616220124
af8e27cbb92d705f5ed17f968a54b1a5,전라남도,나주시,○○농장,2023-01-20,0.1649984751455188,0.0610665289702806,0.169394028229081
c6d79ab38a0bb8ad710ef57db91ed41d,전라남도,나주시,○○농장,2023-01-20,0.2333705500379339,0.0999834762828856,0.278304854101246
7b8a0436b7e6982d4bf124ff61083d54,전라남도,나주시,○○농장,2023-01-20,0.0600218768327514,0.0280242690326497,0.2729063971609861
985564aac2b31fd210f57134a4315f2a,전라남도,나주시,○○농장,2023-01-20,0.3624089847196725,0.0215395469892853,0.247222791274851
999791c5795c7af615e644bdcf4d3ffc,전라남도,나주시,○○농장,2023-01-20,0.3768427448322287,0.0429998461688877,0.0419441157708701
66e686005a2e7203e1e29f50c086e828,전라남도,나주시,○○농장,2023-01-20,0.1190144076277449,0.0150615497130744,0.2361035713530238
ba93b36cfdf0c236242c0e17452323ed,전라남도,나주시,○○농장,2023-01-20,0.1688238675612993,0.0263220483014476,0.2754727028407681
016f8266de01de49b378354559d3e2fb,전라남도,나주시,○○농장,2023-01-20,0.3469563274059669,0.0757676586139656,0.19265341809298
4bf317dbad56021201591ec73ec0b737,전라남도,나주시,○○농장,2023-01-20,0.0393404173058809,0.0848413157517199,0.4325725134835512
5af99f5f8451450931e7a0680131f3e7,전라남도,나주시,○○농장,2023-01-20,0.3316587722624911,0.1530583889285261,0.2596225628976815
7002ea128333f997f78705d3a06d1bb5,전라남도,나주시,○○농장,2023-01-20,0.2058629133995269,0.0378680768456162,0.2282783877029877
6cf6037d51e570b0ae6c205531fbac23,전라남도,나주시,○○농장,2023-01-20,0.0632228532602028,0.0885223723680506,0.2143622822861422
ad1a541932f5a89baf9e4ed483f4314e,전라남도,나주시,○○농장,2023-01-20,0.1648379008966565,0.0432706358344092,0.1418081204700243
0c0e75bcbdfaf2fc08f5d61ae0274c8e,전라남도,나주시,○○농장,2023-01-20,0.0,0.0399380306796129,0.0598648908969332
f09cea6138ac51d14c50461df50a2dd4,전라남도,나주시,○○농장,2023-01-20,0.2373136870891373,0.0631520487771138,0.2884288214915804
9168286a7e3523cd6bc886d5446aea75,전라남도,나주시,○○농장,2023-01-20,0.0451245757316487,0.0391031822096376,0.2196531979521257
f672cc023890451ab3ee88a430606b3a,전라남도,나주시,○○농장,2023-01-20,0.2067598520691813,0.0187648081890645,0.0530174559387205
6117d05a50c596876be9e6ac3c6e72ff,전라남도,나주시,○○법인,2023-01-20,0.2333705500379339,0.0999834762828856,0.278304854101246
d33669864c3332d7a0f46a82ae6182be,전라남도,나주시,○○양계,2023-01-20,0.2058629133995269,0.0378680768456162,0.2282783877029877
b7dd7e0eb81cdf1e3c533bb650bea04b,전라남도,나주시,○○양계장,2023-01-20,0.0,0.0361192712114666,0.3659767711669248
5b8159805e9ba441dbb2fea442a80f21,전라남도,나주시,○○양계장,2023-01-20,0.4357469852937804,0.0227666578111087,0.2345065519637451
f71952979c4794cca3ab8453410e4a53,전라남도,나주시,○○오리,2023-01-20,0.0936119283644405,0.0291869915118181,0.1772910866759202
00d64de5ae438f96a3866ca5c60e1d9e,전라남도,나주시,○○축산,2023-01-20,0.2333705500379339,0.0999834762828856,0.278304854101246
ad63a477c3d1192835275f4aa2e03971,전라남도,나주시,○○축산,2023-01-20,0.3768427448322287,0.0429998461688877,0.0419441157708701
88d003dc38909a7b6ece44f5da8a2797,전라남도,나주시,○○축산,2023-01-20,0.3087082391268532,0.1536353880721534,0.0312038200355845
9ce50cbb737290ed1b1e63886a6ff2a9,전라남도,나주시,○○축산,2023-01-20,0.0632228532602028,0.0885223723680506,0.2143622822861422
df3176421f23d8bf9fd714daa12457af,전라남도,나주시,○○축산,2023-01-20,0.2247996125640883,0.0317655231507837,0.4011683598222237
5741b623efdaf10cb995fc6f3dd7f6d3,전라남도,나주시,○○축산,2023-01-20,0.0,0.0361192712114666,0.3659767711669248
77bc41041fefa913108f1dbc2a2520bf,전라남도,나주시,○○축산,2023-01-20,0.2158744847809993,0.0592914212160236,0.1787739965985857
638002c00327a9cce9c3223466c5239e,전라남도,나주시,○○팜,2023-01-20,0.0238056253658648,0.0240507644037058,0.2075198777863638
9dc1de7d7381b625b4c88818e33f8317,전라남도,나주시,○○팜,2023-01-20,0.0,0.0361192712114666,0.3659767711669248
c7e0394f771df03049d9093fa1251492,전라남도,나주시,○○팜,2023-01-20,0.3708670604077385,0.100407265569852,0.1688548216945195
42aeb574173217806c2cfab3ceea87a4,전라남도,나주시,가송,2023-01-20,0.1907946019094872,0.0870966936106652,0.2557916169234648
52654ad29f7f03ec826cee79b3f90cbf,전라남도,나주시,경주부화장,2023-01-20,0.1903455422368199,0.1823080451973812,0.4895518370828112
a474e92e6b71518441ebd68e2fe06aef,전라남도,나주시,관상조류마을,2023-01-20,0.0600218768327514,0.0280242690326497,0.2729063971609861
fc3e8c95a108e12f04f309482ed0fbc3,전라남도,나주시,광동양계장,2023-01-20,0.330779949233724,0.032092865506235,0.3148392816723717
c895dc836e89279c96604010a36ce9a2,전라남도,나주시,알파쓰리,2023-01-20,0.2871309767221315,0.0305998417595764,0.2509334909327055
4377bb8029e9aa74aab238701c4ae5ce,전라남도,나주시,유한회사 ○○○,2023-01-20,0.0264191510272384,0.0382533852411509,0.2540274090778583
8b4f25bea20198f834e5107f2a6e8b48,전라남도,나주시,정장원,2023-01-20,0.3316587722624911,0.1530583889285261,0.2596225628976815
f8e9506cabfe0b050947794007e1ecbf,전라남도,나주시,행복한 토종닭,2023-01-20,0.2632379112479405,0.0568862427322656,0.1565121783854751
ee532455ac62f96fcbdf7072e32a27b3,전라남도,나주시,행복한농사꾼,2023-01-20,0.1964917312341607,0.0229343082760884,0.2364621762675345
95274c70400086bdb751fa3c0b601176,전라남도,담양군,(주)다**,2021-01-31,0.1860838510038041,0.0221187039242769,0.1827097767227627
478b90565c907a32b1cb3da485dc3967,전라남도,담양군,가**장,2021-01-31,0.4349333173090606,0.0585147512734793,0.3476954762870173
910d0e0aa4759eb5cb195d65bd4be12a,전라남도,담양군,공**농장,2021-01-31,0.2643414409342409,0.024936133736644,0.1645396943134489
ec67d613347241d9c1426dd4102979a7,전라남도,담양군,금**원,2021-01-31,0.2273150322744231,0.0174052439624344,0.0896364303885182
03f8309c33696ea808d131ec33df6a5c,전라남도,담양군,김**,2021-01-31,0.3593856676660268,0.0363419924528406,0.196148792256052
885e975f42194ae98e233ba7cf6d0ea6,전라남도,담양군,김**,2021-01-31,0.4412671095213275,0.0629059331921073,0.3113844495547585
f97a0812f3b09060ed13697551290c20,전라남도,담양군,김**,2021-01-31,0.0,0.0405819986943263,0.2057090421304236
b8a289ce7c878045d99122d303097169,전라남도,담양군,김**,2021-01-31,0.1755789958942652,0.0132974688565539,0.1121073166403148
9f48a5904bbf31dc5ed5be4ea0e788e0,전라남도,담양군,김**농장,2021-01-31,0.5607168653427405,0.0169434187623655,0.0983782294790527
28ebc11f23ada9a1392f6a5221ca2aa2,전라남도,담양군,김**농장,2021-01-31,0.2410820692366956,0.0226746532411358,0.0601203872585242
d15a5e8ee4fb4873d4b55c3f5dcb621a,전라남도,담양군,다**원,2021-01-31,0.2410820692366956,0.0226746532411358,0.0601203872585242
49d9f3ddfd497c791e16b30067e971e1,전라남도,담양군,다**장,2021-01-31,0.210058805828664,0.0398731964088421,0.3396029069475646
cac7105537a7e7b2b68e762898b430ff,전라남도,담양군,대**장,2021-01-31,0.4412671095213275,0.0629059331921073,0.3113844495547585
e16b3d74137c51c27958c061d2e72abe,전라남도,담양군,무**산,2021-01-31,0.3487235768107128,0.0169671530083934,0.1096352319594323
8279b68fefd36b4b89540569bd043dc2,전라남도,담양군,보**장,2021-01-31,0.2856213531578683,0.0163686615021807,0.0704156272983017
2982784473a5b48fab3cab5835ce82a7,전라남도,담양군,서**산,2021-01-31,0.2331785577037897,0.052159333708798,0.2230027658442542
7b350e7f4ea003120b85ba3390cba643,전라남도,담양군,서**장,2021-01-31,0.2856213531578683,0.0163686615021807,0.0704156272983017
c1b7675579cf17752217fa35d1afc3ff,전라남도,담양군,성**장,2021-01-31,0.2423826282762746,0.0204161099988438,0.1229865952590957
9d28aab1df52647b5fde9a418412bef7,전라남도,담양군,수**장,2021-01-31,0.3636081799842722,0.0165816305078493,0.0865187857577683
bf760247279e35bbfc3adad254e83476,전라남도,담양군,신**산,2021-01-31,0.019415186405333,0.0410323408971882,0.1699593831669902
2ca3b410a14bfbdb53c1d4d9c7f56714,전라남도,담양군,애**장,2021-01-31,0.4412671095213275,0.0629059331921073,0.3113844495547585
5384ce7273ab0f300942d1921d441454,전라남도,담양군,양** 농장,2021-01-31,0.2410820692366956,0.0226746532411358,0.0601203872585242
947b0274e23155c5db46f2da2b5bc1ac,전라남도,담양군,외**원,2021-01-31,0.0446639342528539,0.0149922210557236,0.0404006761079267
70945dc03a8c578429ff3a6c1cf52b4a,전라남도,담양군,월****리농장,2021-01-31,0.0266282262782887,0.0160973853683666,0.024708262941588
c71de9d983d21e27c033cab731aa1452,전라남도,담양군,유**산,2021-01-31,0.2407646101661708,0.0252849663101136,0.1235166064050686
b24d42a81148a3d05bfe5163bcac8144,전라남도,담양군,이** 농장,2021-01-31,0.2423826282762746,0.0204161099988438,0.1229865952590957
efe6232c8c1a3ab067150b1670fd62e7,전라남도,담양군,인**장,2021-01-31,0.1949556869640112,0.0219474847744934,0.1142518584429603
1802dec3410181e8ae884374bb34e328,전라남도,담양군,조**,2021-01-31,0.0059955816515075,0.0243866290870732,0.1859649457843513
91b7438f79d05bd565ca4c0b8054b618,전라남도,담양군,주식회사 에**드,2021-01-31,0.3428878001807445,0.0332974451383861,0.1778310415343122
cf3dd826a71835414560e5d77379571a,전라남도,담양군,지**장,2021-01-31,0.2410820692366956,0.0226746532411358,0.0601203872585242
dc9d39647b9700d4e37dbcd93757b156,전라남도,담양군,창**장,2021-01-31,0.116223420812624,0.0226409247587255,0.1869730034682404
4f78ce94933a96196b0fea6f90ef1266,전라남도,담양군,청**,2021-01-31,0.0918400326236459,0.0151135487708355,0.1139392162313296
6b8fa8a6d81ceb30135c374979a24433,전라남도,담양군,청** 농장,2021-01-31,0.0895771487796771,0.0100906154577662,0.0740973765759106
6be293633be1ec8eccdadfce1a80930f,전라남도,담양군,청**장,2021-01-31,0.1879366545677628,0.0173717675199694,0.0802156973263684
334c374c1ac4900ae3408ff7149f1d03,전라남도,담양군,초**장,2021-01-31,0.2407646101661708,0.0252849663101136,0.1235166064050686
f087337d41163ed38a6bdc0f89482e3f,전라남도,담양군,코** 농장,2021-01-31,0.1642744767705205,0.0164982200950384,0.09911520880032
df6ceb181dfb855b219e0c8df91251f3,전라남도,담양군,풀**장,2021-01-31,0.0012787110867996,0.0513293937161459,0.054076617267941
f6b602fcc22493a57787d8553f113bfb,전라남도,담양군,한**농장,2021-01-31,0.0446639342528539,0.0149922210557236,0.0404006761079267
7aa9dc62fe9c9ec0deb53f50f1133d86,전라남도,담양군,혜**장,2021-01-31,0.3389689897072203,0.0181830136913635,0.0976762980336769
ccbfd7bff5569fcf279c8e8b197ac1b7,전라남도,무안군,가온농장,2020-08-31,0.1884187994017706,0.0295859802431393,0.0776242816389282
1b19ebe626e29ca8954fbda01be215df,전라남도,무안군,계절축산,2020-08-31,0.1866552299307235,0.0292582015553069,0.1280184924039855
beade8026ebf26c3e8c428914ffe41ef,전라남도,무안군,곰솔농장,2020-08-31,0.126817424910772,0.6587807239872664,0.0341851981190189
283835dd6436f526faed552165483f28,전라남도,무안군,구로농장,2020-08-31,0.1640695217395776,0.4894983076783359,0.0581456969845709
754ef401d3e56ce56caeb14434a43264,전라남도,무안군,국민축산,2020-08-31,0.149687096467514,0.0612031746376108,0.2130085289779408
3effa995544ea0a1bb242f92c5aa2b69,전라남도,무안군,궁뜰,2020-08-31,0.0135546684202992,0.0554148648527284,0.1482779036469337
dba1413ddd2abe311076d7ae2cedaba2,전라남도,무안군,귀자농장,2020-08-31,0.0446244480143116,0.3386688871068924,0.1209235374935242
87f0ab7dabb21cc7bf3e7c86701fcbc0,전라남도,무안군,그레이트 팜,2020-08-31,0.1397438499283458,0.1570147484286369,0.1321384929965725
a248c4e7fa4ed573166c351d8c1ef31a,전라남도,무안군,금동농장,2020-08-31,0.1149577901599273,0.4332732247382175,0.0937904136334935
ac426a24924d65ba4d7b2afada969c33,전라남도,무안군,금성농장,2020-08-31,0.1884187994017706,0.0295859802431393,0.0776242816389282
dd7fd09ebbafb7f83f4a2e86a87f6320,전라남도,무안군,금성농장,2020-08-31,0.1866552299307235,0.0292582015553069,0.1280184924039855
ac426a24924d65ba4d7b2afada969c33,전라남도,무안군,금성농장,2020-08-31,0.1884187994017706,0.0295859802431393,0.0776242816389282
74070ecbbc0baffc8f198a7e5f1eb4a4,전라남도,무안군,금성농장,2020-08-31,0.1195152212836815,0.1168138975898509,0.2395367867239473
f422efb16071c34543fd660cde015e92,전라남도,무안군,남안농장,2020-08-31,0.0548530105078006,0.0350790032494004,0.1905721331344224
ad453d02155d53da95e36da3d22e68e9,전라남도,무안군,내화농장,2020-08-31,0.163705998202821,0.2053242016242364,0.2335545943615546
e3a7b204ffb14316d726d562e120dd1c,전라남도,무안군,내화삼계,2020-08-31,0.1450199571486815,0.4592686269483241,0.0648644772736553
01f8695044238e8f1f83b824189ba104,전라남도,무안군,늘푸른농장,2020-08-31,0.1866552299307235,0.0292582015553069,0.1280184924039855
eda54f382dcbec4359b059b059e25990,전라남도,무안군,닭사랑농장,2020-08-31,0.07476037537667,0.1303221720988385,0.2388968682205166
3deb7f650be6bcf2f62c34dfbbe943fa,전라남도,무안군,대신농장,2020-08-31,0.0907266175109219,0.1709136607225864,0.2528739062809755
43d31805fbc006c6ca835c5ccf9933f4,전라남도,무안군,대창농장,2020-08-31,0.1741762942419097,0.0957024934361264,0.1281094494820124
25569e12e6b291d4959a6524934f2c8a,전라남도,무안군,대풍농장,2020-08-31,0.196101070779218,0.0298631503454292,0.0757099723316712
2d72ac09ffeb37c0253cbb72f1f45055,전라남도,무안군,덕진농장,2020-08-31,0.0277211252648812,0.4728506054038513,0.1807622347835112
9e439f1ecb5ab6ff2a27b97c6e545367,전라남도,무안군,도원양계축산,2020-08-31,0.111617099982482,0.3068514587711157,0.1134547776791393
32a79178336949ac8b83b50b7ded6904,전라남도,무안군,매봉농장,2020-08-31,0.1932763210165675,0.0321607174827222,0.2861997622036042
7cd69e468846f5494fd5da83608e39ea,전라남도,무안군,매봉축산,2020-08-31,0.1932763210165675,0.0321607174827222,0.2861997622036042
5d296c3fdd0f91d278fcd15b22937d5e,전라남도,무안군,모노랜드,2020-08-31,0.2365060227637606,0.3289503116805716,0.1400393000378607
887a87da3e9d060e83a97d87e5241d4b,전라남도,무안군,목화농장,2020-08-31,0.1450199571486815,0.4592686269483241,0.0648644772736553
6f70aac63d80dcda68a3beba7e1cc496,전라남도,무안군,민가농장,2020-08-31,0.0209015450221397,0.1478621023264883,0.2831357450466094
5292502dc8863a3042f2247fd4a1d972,전라남도,무안군,바램 농장,2020-08-31,0.0915360908243423,0.2195794323250943,0.1632945293165634
60adfe4d3c2396431c6447831873e2f9,전라남도,무안군,바솜농장,2020-08-31,0.0421937005473769,0.1070359977050993,0.2538273322465488
7b3187e44223da56db9ab11892b40d04,전라남도,무안군,부부농장,2020-08-31,0.0567747727668352,0.1932252917793467,0.4149576467858962
ca6bde10c39347a5001d42cd2229b4a2,전라남도,무안군,사계절농장,2020-08-31,0.7538962606759327,0.0623510443936653,0.1240361978435944
43dfdae343d61120ac2685ad47d95740,전라남도,무안군,산울농원,2020-08-31,0.2121815590632674,0.0947668048033146,0.2407363330145555
7b259566592125e2102d35cf482f133e,전라남도,무안군,상일축사,2020-08-31,0.1884187994017706,0.0295859802431393,0.0776242816389282
88913abd8622f2a276fa52006c4c51f5,전라남도,무안군,상훈농장,2020-08-31,0.0490333022120215,0.2663969877941508,0.1106209086108776
495d0b9f8bbb1a07c8ec747f35c135d6,전라남도,무안군,샛별농장,2020-08-31,0.1536199037699718,0.0258081041326095,0.1397314923418294
573bd73b36663fe90eb997dc5f04ecca,전라남도,무안군,서영축산,2020-08-31,0.1450199571486815,0.4592686269483241,0.0648644772736553
b08559c1ce243fe0295424eaf47c183e,전라남도,무안군,서원농장,2020-08-31,0.0182414222180022,0.224089433879134,0.451055175029779
519e3dd2a4a86bd0ef34261d7fc37fa1,전라남도,무안군,성하농장,2020-08-31,0.0955039119949176,0.6365434850558237,0.0386836858730721
bbfc8038d0f6fd8ecf0b074741a6c306,전라남도,무안군,송정오리농장,2020-08-31,0.1423828678465061,0.4823823356656441,0.0625898749896659
de3e9f24367966304215101716b33130,전라남도,무안군,수반농장,2020-08-31,0.0342066692279659,0.0180949526651266,0.1614429429322462
f0a777bc2c21bcb3d3e1dd3244294857,전라남도,무안군,수암농장,2020-08-31,0.0329333999649839,0.6487421966052314,0.041948302744034
5721e25f7a0ca934f29c7a315e9e7e50,전라남도,무안군,수월농장,2020-08-31,0.1312472802717625,0.3436613668406189,0.1295926881350233
6363ea2e79cf19b28390953a6b574697,전라남도,무안군,승화농장,2020-08-31,0.2987319350102226,0.0312066833174659,0.3042568718710945
f2786a78c9c488306dbc875ca8cc727b,전라남도,무안군,신일농장,2020-08-31,0.071458075267349,0.1047214680957721,0.1344667728195646
ef60f6db916683b248eff4e2e160a65e,전라남도,무안군,신재농장,2020-08-31,0.0467967308892688,0.1115532283232312,0.1476354374331627
581f1b0d819e7f77c9c97abbf6a4f740,전라남도,무안군,신촌농장,2020-08-31,0.1412919432209823,0.188945649260402,0.1283921200854148
8bf233b4332d2e393f9ece14476da70b,전라남도,무안군,신흥농장,2020-08-31,0.1793874581437752,0.1493437377655462,0.2726959339481258
bea8122f81695de8beefbdcb9ff8089a,전라남도,무안군,신흥농장,2020-08-31,0.1418700726322616,0.1698395751027506,0.3245800660862125
4e97fc0e8665ed984476de7dbdd75381,전라남도,무안군,아리농장,2020-08-31,0.1418700726322616,0.1698395751027506,0.3245800660862125
e14a68307ecad641d9621b10fe983cb5,전라남도,무안군,야곱농장,2020-08-31,0.0490333022120215,0.2663969877941508,0.1106209086108776
08b63f9ee8f0a3ba582006b359d8c372,전라남도,무안군,어민농장,2020-08-31,0.2118982501413179,0.4798966920973843,0.1289698802092186
43df56939a27a74660a9891353ffc8a1,전라남도,무안군,여울농장,2020-08-31,0.0202752607502834,0.0209856044349704,0.1691883043946177
44bb341ac2ef875583b92f544e6a2c60,전라남도,무안군,연희농장,2020-08-31,0.1131016002279583,0.0609777334980387,0.2138375315218844
d9669fee0b0f3c4d18a45cd5581041fc,전라남도,무안군,영산강 청둥오리,2020-08-31,0.0,0.2343929515099716,0.2325667430144038
55571a213dbf04364bbab0489c97aa07,전라남도,무안군,오리골농장,2020-08-31,0.0495874411533015,0.6059849958345324,0.0658695194945099
e6dfeefde3f11227748125310a6afed9,전라남도,무안군,오리농장,2020-08-31,0.0230315350921069,0.0283598152618077,0.0635185346074986
ddb2e2a2c1ffc61814c8adc10ad72117,전라남도,무안군,요안농장,2020-08-31,0.0182414222180022,0.224089433879134,0.451055175029779
4e3ef7933a0f7b2cd1f53925b4a6e3c0,전라남도,무안군,우리축산,2020-08-31,0.0495874411533015,0.6059849958345324,0.0658695194945099
81d2511a66f3fcbd6e87586235b75c7c,전라남도,무안군,우정축산,2020-08-31,0.1502937590618908,0.4549343897141653,0.0674380470299299
d545e04e88b906e6b522d645a9f62855,전라남도,무안군,우카축산유통,2020-08-31,0.0135546684202992,0.0554148648527284,0.1482779036469337
69ada97092bae1364bb8e39d52362100,전라남도,무안군,유정농장,2020-08-31,0.2121815590632674,0.0947668048033146,0.2407363330145555
f2a962d08da0573d90e1cc5fc95f3cd0,전라남도,무안군,유진농장,2020-08-31,0.1736697435628988,0.5517531653382903,0.0417753668856509
56ac0bfc6b27b2471dc8249a8beac6eb,전라남도,무안군,윤주농장,2020-08-31,0.0980692851127108,0.2004414958133929,0.1344064384095332
5478234c03628ee3e7a44dfa5fb67b7b,전라남도,무안군,으뜸농원,2020-08-31,0.0777825244521928,0.8089201812084517,0.0223756628100742
208a6c089261553fe66e02a2e0cf6ccd,전라남도,무안군,은수네농장,2020-08-31,0.0845959710135948,0.1835707404724529,0.1757786331898597
9227fd2adf316edaaf4e45d2dd0eff84,전라남도,무안군,은수농장,2020-08-31,0.0845959710135948,0.1835707404724529,0.1757786331898597
ce59461aef4adad85afe54072bc7d601,전라남도,무안군,은수농장,2020-08-31,0.1706441020998304,0.2820407406592324,0.1007920110957273
b5031fca996d07edf245444b0e245bda,전라남도,무안군,은택농장,2020-08-31,0.3228345385375536,0.0217341136155316,0.1710392353333898
1137065bcba67764f168c76be7b10959,전라남도,무안군,이오순농장,2020-08-31,0.0490333022120215,0.2663969877941508,0.1106209086108776
da7389458adeb62f3b8377ee50538dbf,전라남도,무안군,일광농장,2020-08-31,0.2113814369994323,0.0408852749669215,0.2270382875883468
b9e8ae505744d7047d3ef3d9ed8e1331,전라남도,무안군,장곡농장,2020-08-31,0.0382331095199701,0.0299402898698625,0.0726104522461183
5e1bd5432389d1ac16759d9c64e301f6,전라남도,무안군,장곡제일농장,2020-08-31,0.0382331095199701,0.0299402898698625,0.0726104522461183
e128aa24f7ae6833f503f4220bf5920b,전라남도,무안군,재인농장,2020-08-31,0.0182414222180022,0.224089433879134,0.451055175029779
f1a0b499ce2428dde88047af26aae686,전라남도,무안군,저동농장,2020-08-31,0.0526608157763585,0.1803437728341164,0.2434882170350589
f5e288e135bf74ee6f7c47b4901c8ce2,전라남도,무안군,전남양계장,2020-08-31,0.1481758969911757,0.0380110888116195,0.1991114500579871
5fe8c15105a144ae06d026d9303b97ab,전라남도,무안군,죽산농장,2020-08-31,0.2459644371020506,0.0666312568937127,0.2247955991834896
2e0f08e367ad032e8176fcc90dd35a95,전라남도,무안군,진성농장,2020-08-31,0.1866552299307235,0.0292582015553069,0.1280184924039855
67ca4403edfcb3cdcd5847c11d91bacb,전라남도,무안군,짹별농장,2020-08-31,0.2997532196395429,0.4854979383949223,0.0913083995722352
3dcbbf66c1ead66fce636adc477b4fb7,전라남도,무안군,창구농장,2020-08-31,0.0148369801478035,0.4758007988221504,0.1804258421939607
34afc8891a30aff0a6974fb9f19d7b9a,전라남도,무안군,청계농장,2020-08-31,0.1205534080646912,0.1342661881518447,0.233487835704193
5887a5aad566046fbc41c47ae2109327,전라남도,무안군,청금축산,2020-08-31,0.1866552299307235,0.0292582015553069,0.1280184924039855
edb9aea8104a4cfa7fc579dffbc9cf1f,전라남도,무안군,청룡양계장,2020-08-31,0.1184251517528988,0.451529567941249,0.0837950953967963
edb9aea8104a4cfa7fc579dffbc9cf1f,전라남도,무안군,청룡양계장,2020-08-31,0.1184251517528988,0.451529567941249,0.0837950953967963
4018619b022c250be57c201c08c9d429,전라남도,무안군,청수농장,2020-08-31,0.1481758969911757,0.0380110888116195,0.1991114500579871
88e48c430f0aa0834ae8812dcb51327a,전라남도,무안군,추억농장,2020-08-31,0.322796959420443,0.1771911380407235,0.3586779358407816
da47f409b8ebf4b5b09fc4df90710058,전라남도,무안군,평산오리농장,2020-08-31,0.0639520989600545,0.1239392645688351,0.1523461519388986
2a1407270e8d3c5268481e7f0c238c99,전라남도,무안군,푸른농장,2020-08-31,0.1486178302765385,0.4670463676511871,0.1372345836541141
a3e7930c4fa240f820d4f0780c0d8b98,전라남도,무안군,한국 농장,2020-08-31,0.4281085068497883,0.0491302098751012,0.3252627770927977
bba860b7345a26802fb5b55327177969,전라남도,무안군,해운양계,2020-08-31,0.0490333022120215,0.2663969877941508,0.1106209086108776
beb168ef64b5289b73eb142a74fc5d5e,전라남도,무안군,햇빛촌 농원,2020-08-31,0.0778611163626894,0.5911523723426917,0.1025515111679529
ef5b0259bbc48fddbcbcdd18c862d6fd,전라남도,무안군,향남농장,2020-08-31,0.038721389535057,0.5378298506811037,0.0405187502904296
115325f2b70f3c99c1189d16eb1d27de,전라남도,무안군,현철농장,2020-08-31,0.2113814369994323,0.0408852749669215,0.2270382875883468
c0cf67654188fd19d3a18f24a279d4b8,전라남도,무안군,형제농장,2020-08-31,0.2118982501413179,0.4798966920973843,0.1289698802092186
197ccf0974905c57e58520e3f9718402,전라남도,무안군,홍서농장,2020-08-31,0.0332132704747838,0.034121265855323,0.1430266773566756
1429bec6ebc0ca94f9a6f23dfb5976e3,전라남도,무안군,화설농장,2020-08-31,0.0599277060638046,0.0313092296215932,0.2285977754316529
5b7a391a5c93a743c584f13d63f81077,전라남도,무안군,황금농장,2020-08-31,0.0135546684202992,0.0554148648527284,0.1482779036469337
ccbfd7bff5569fcf279c8e8b197ac1b7,전라남도,무안군,가온농장,2024-11-29,0.1884187994017706,0.0295859802431393,0.0776242816389282
1b19ebe626e29ca8954fbda01be215df,전라남도,무안군,계절축산,2024-11-29,0.1866552299307235,0.0292582015553069,0.1280184924039855
beade8026ebf26c3e8c428914ffe41ef,전라남도,무안군,곰솔농장,2024-11-29,0.126817424910772,0.6587807239872664,0.0341851981190189
377ab74d3d48908d5864850f01471a10,전라남도,무안군,궁뜰,2024-11-29,0.0639520989600545,0.1239392645688351,0.1523461519388986
64f9bb9aaa8f1c04a292780276d5aa65,전라남도,무안군,그레이트 팜,2024-11-29,0.1706441020998304,0.2820407406592324,0.1007920110957273
b6d9a2a29305c9ed9a26d538a0b229d5,전라남도,무안군,그린영농조합법인,2024-11-29,0.0532662259317502,0.0800807981053458,0.261680264801052
ac426a24924d65ba4d7b2afada969c33,전라남도,무안군,금성농장,2024-11-29,0.1884187994017706,0.0295859802431393,0.0776242816389282
dd7fd09ebbafb7f83f4a2e86a87f6320,전라남도,무안군,금성농장,2024-11-29,0.1866552299307235,0.0292582015553069,0.1280184924039855
ece7e3306e107d9aeebba62302009744,전라남도,무안군,금성농장,2024-11-29,0.1205534080646912,0.1342661881518447,0.233487835704193
f17a1ae5ea853ffe07cbfcd1b513e81e,전라남도,무안군,남부유통,2024-11-29,0.0148369801478035,0.4758007988221504,0.1804258421939607
d74c3fe7cb0820cb921aafc566e5854d,전라남도,무안군,내화농장,2024-11-29,0.0526608157763585,0.1803437728341164,0.2434882170350589
37d2711f5c639a8e61a05bf1dde2bcb1,전라남도,무안군,농업회사법인(유)가람축산,2024-11-29,0.2170015960270458,0.0306594803510588,0.1282521812377668
eda54f382dcbec4359b059b059e25990,전라남도,무안군,닭사랑농장,2024-11-29,0.07476037537667,0.1303221720988385,0.2388968682205166
ec064214d86ff8067482a4c773969e13,전라남도,무안군,대신농장,2024-11-29,0.0526608157763585,0.1803437728341164,0.2434882170350589
a70f236e9358d53ea09fb107af9faff6,전라남도,무안군,데메테르M,2024-11-29,0.0526608157763585,0.1803437728341164,0.2434882170350589
c7bca3b8b116c49942edd17134cbbf94,전라남도,무안군,도원양계축산,2024-11-29,0.1312472802717625,0.3436613668406189,0.1295926881350233
1349ecde30e8a129d6fec6fe6f3d4318,전라남도,무안군,등림농장,2024-11-29,0.2113814369994323,0.0408852749669215,0.2270382875883468
dbc9cdf291ff670a70a7c1e0f702fd51,전라남도,무안군,매봉축산,2024-11-29,0.1866552299307235,0.0292582015553069,0.1280184924039855
56efe4d4142a7698ab2ea0e5b91c87e0,전라남도,무안군,모노랜드,2024-11-29,0.0845959710135948,0.1835707404724529,0.1757786331898597
d482c61e52efe0a380a59f5ab0f05874,전라남도,무안군,무안농장,2024-11-29,0.0918411368700682,0.0661072855295141,0.0923611345103487
6f70aac63d80dcda68a3beba7e1cc496,전라남도,무안군,민가농장,2024-11-29,0.0209015450221397,0.1478621023264883,0.2831357450466094
9809fafcc09f2cdbfa2b650e958f0f02,전라남도,무안군,배로농장,2024-11-29,0.2569711947289571,0.1833534114469678,0.1410197644910418
4f0e0662ac6b7999e23c75e58cefad32,전라남도,무안군,부부농장,2024-11-29,0.1947671837868033,0.1936148540665019,0.4071059857178171
df249efc074476d8f4b0b06ea190ff65,전라남도,무안군,사계절농장,2024-11-29,0.0402558200757287,0.0380067474707005,0.2012647100938692
4ca494f1ef37af31dcf3741e1c130a87,전라남도,무안군,삼신부화장,2024-11-29,0.0467967308892688,0.1115532283232312,0.1476354374331627
495d0b9f8bbb1a07c8ec747f35c135d6,전라남도,무안군,샛별농장,2024-11-29,0.1536199037699718,0.0258081041326095,0.1397314923418294
00a01c8d2df0218fb192a99631e857b4,전라남도,무안군,샤론농장,2024-11-29,0.0148369801478035,0.4758007988221504,0.1804258421939607
7f550a1d542b673c31c52be27de11b23,전라남도,무안군,서영축산,2024-11-29,0.1312472802717625,0.3436613668406189,0.1295926881350233
b08559c1ce243fe0295424eaf47c183e,전라남도,무안군,서원농장,2024-11-29,0.0182414222180022,0.224089433879134,0.451055175029779
6092d130f769b56bc8314243f9a02c74,전라남도,무안군,서호농장,2024-11-29,0.1205534080646912,0.1342661881518447,0.233487835704193
dbc926a28e17a6d7a1d9434cbdc9aa91,전라남도,무안군,성하농장,2024-11-29,0.0984382164083009,0.6163439835607936,0.0399187728729897
de3e9f24367966304215101716b33130,전라남도,무안군,수반농장,2024-11-29,0.0342066692279659,0.0180949526651266,0.1614429429322462
f0a777bc2c21bcb3d3e1dd3244294857,전라남도,무안군,수암농장,2024-11-29,0.0329333999649839,0.6487421966052314,0.041948302744034
b03410b77338bb2ed246666866ca72e8,전라남도,무안군,수영농장,2024-11-29,0.038721389535057,0.5378298506811037,0.0405187502904296
67688327354fa9fda87d615f24729047,전라남도,무안군,슬산오리농장,2024-11-29,0.0446244480143116,0.3386688871068924,0.1209235374935242
7df1bd75382bd20fe2ed514f76e2c6da,전라남도,무안군,신촌농장,2024-11-29,0.1308574928049286,0.2316393797195205,0.1195487789341113
61c2d1bb11ce68cf68f1a4475f06da45,전라남도,무안군,야곱농장,2024-11-29,0.1706441020998304,0.2820407406592324,0.1007920110957273
7b2e5c96f3f43a8ea91d8e3be89dd401,전라남도,무안군,양또농장,2024-11-29,0.1312472802717625,0.3436613668406189,0.1295926881350233
751bbe9af63331694a5bd24c812bdfa3,전라남도,무안군,에그린농장,2024-11-29,0.1149577901599273,0.4332732247382175,0.0937904136334935
43df56939a27a74660a9891353ffc8a1,전라남도,무안군,여울농장,2024-11-29,0.0202752607502834,0.0209856044349704,0.1691883043946177
270e66739b947743727e80781423c227,전라남도,무안군,외갓집청정농장,2024-11-29,0.1866552299307235,0.0292582015553069,0.1280184924039855
22d598c78e5db9a1a4eae523435565ec,전라남도,무안군,우일농장,2024-11-29,0.0326163505180209,0.3688763728174788,0.0720107272484351
977ce3565ae3d53a35394ca9caf9a44b,전라남도,무안군,운남농장,2024-11-29,0.1502937590618908,0.4549343897141653,0.0674380470299299
771682bef5d874304ff9361be0f93ac5,전라남도,무안군,유정농장,2024-11-29,0.0421937005473769,0.1070359977050993,0.2538273322465488
95d1610b5eda8bfea280219f2aa07377,전라남도,무안군,유한농장,2024-11-29,0.0526608157763585,0.1803437728341164,0.2434882170350589
09d67181700b75fac7c993be6e7920be,전라남도,무안군,은수네 부화장,2024-11-29,0.1706441020998304,0.2820407406592324,0.1007920110957273
ff633e4eb467d900a8f15d614648ae11,전라남도,무안군,은수네농장,2024-11-29,0.0490333022120215,0.2663969877941508,0.1106209086108776
9227fd2adf316edaaf4e45d2dd0eff84,전라남도,무안군,은수농장,2024-11-29,0.0845959710135948,0.1835707404724529,0.1757786331898597
f69fd28700114f8882f34a61d136b623,전라남도,무안군,을연농장,2024-11-29,0.0526608157763585,0.1803437728341164,0.2434882170350589
da7389458adeb62f3b8377ee50538dbf,전라남도,무안군,일광농장,2024-11-29,0.2113814369994323,0.0408852749669215,0.2270382875883468
faf9a3a9e3eb7ce4eb3f2094c595785d,전라남도,무안군,재현농장,2024-11-29,0.0526608157763585,0.1803437728341164,0.2434882170350589
f1a0b499ce2428dde88047af26aae686,전라남도,무안군,저동농장,2024-11-29,0.0526608157763585,0.1803437728341164,0.2434882170350589
df94e12f0c63c0f5daeb5b62e98a8f2d,전라남도,무안군,전남양계장,2024-11-29,0.1580322492208074,0.0143115623998771,0.1019895221839677
b1bb479ff9570b62b7be1ca857d73a4e,전라남도,무안군,제이엔티,2024-11-29,0.1481758969911757,0.0380110888116195,0.1991114500579871
ade87c55ce8b112738a8d82abaa659aa,전라남도,무안군,진은농장,2024-11-29,0.0182414222180022,0.224089433879134,0.451055175029779
5cbe6647dec627635a85bce228dff73e,전라남도,무안군,청솔농장,2024-11-29,0.2113814369994323,0.0408852749669215,0.2270382875883468
f1164b23583dcbf7eed5004d08939131,전라남도,무안군,친환경양계영농조합법인,2024-11-29,0.063171090852406,0.2586405411442683,0.2669530379079226
e288198fb01fc041a2c8041882155b4d,전라남도,무안군,친환경양계영농조합법인,2024-11-29,0.0390395808510267,0.2151275238315765,0.2024596000349107
4f2d9bcf3c8e128c6271b0b4545aaffc,전라남도,무안군,쾌청농장,2024-11-29,0.1418700726322616,0.1698395751027506,0.3245800660862125
da47f409b8ebf4b5b09fc4df90710058,전라남도,무안군,평산오리농장,2024-11-29,0.0639520989600545,0.1239392645688351,0.1523461519388986
9fd0c8a0e45362b814cecb0035850397,전라남도,무안군,푸른농장,2024-11-29,0.0535798478563244,0.4044438938578567,0.2211858408270317
35d6667bbf14b09a0fc96da671a8b8f7,전라남도,무안군,한림농장,2024-11-29,0.0976251700104777,0.3369474882982347,0.1333400953439481
6f0d81ea9b539193860755dd0968c3df,전라남도,무안군,해운양계,2024-11-29,0.0845959710135948,0.1835707404724529,0.1757786331898597
c7b4d9b8197c823671be39bf198fbb84,전라남도,무안군,햇빛촌 농원,2024-11-29,0.0526608157763585,0.1803437728341164,0.2434882170350589
52b4f652483d2f9d1908cbe12821ad10,전라남도,무안군,현경농장,2024-11-29,0.3075133619777231,0.0232063075133363,0.2206160487204765
34e24096bc17c78a33cecd5fd6a94a46,전라남도,무안군,현대부화장,2024-11-29,0.0402558200757287,0.0380067474707005,0.2012647100938692
5b3f77fd232680f3803457b0262c086c,전라남도,무안군,가입농장,2025-11-25,0.0329333999649839,0.6487421966052314,0.041948302744034
9540c299c43076eb5e1625252b15a5c8,전라남도,무안군,구로농장,2025-11-25,0.0184784497242798,0.4446541861587025,0.0623511096722863
5c109e8f05fa0e8160f33a15f9ae0506,전라남도,무안군,국민축산,2025-11-25,0.1503306353985462,0.2635723465141161,0.2447834672336232
7d20dd1e1ad8e8de4afe93f786065da8,전라남도,무안군,김정기 농장,2025-11-25,0.0390395808510267,0.2151275238315765,0.2024596000349107
5902d0addebdae0cc86a120159641af1,전라남도,무안군,남안농장,2025-11-25,0.2023163600017837,0.0351174142937085,0.1897680635509277
c80ad19a0bb90ad3fa24d93f64e55b94,전라남도,무안군,내화농장,2025-11-25,0.0748644528340297,0.3273332580715212,0.1624920032840114
8c9fb67bac7c34e0752e1b91b5ae1ce2,전라남도,무안군,내화삼계,2025-11-25,0.0535798478563244,0.4044438938578567,0.2211858408270317
7a4e0ee8e4a228ca0bd70bc1ac81c7cb,전라남도,무안군,다온농장,2025-11-25,0.1866552299307235,0.0292582015553069,0.1280184924039855
2c3f2d375a4d8d0f480a49bb60a5c980,전라남도,무안군,대신농장,2025-11-25,0.0580201784784033,0.3286121399753272,0.1616201264093167
e8216bbf066375168469f4f73cde6f90,전라남도,무안군,덕진농장,2025-11-25,0.0148369801478035,0.4758007988221504,0.1804258421939607
16e8b974dd9af720b10d0266b5649a13,전라남도,무안군,데메테르M,2025-11-25,0.0748644528340297,0.3273332580715212,0.1624920032840114
b19b233e1f0f9f3aae63427ebcb45a7e,전라남도,무안군,도담농장,2025-11-25,0.0342066692279659,0.0180949526651266,0.1614429429322462
6de905a8871946279b08a7ff47b6a12c,전라남도,무안군,도율농장,2025-11-25,0.0148369801478035,0.4758007988221504,0.1804258421939607
64989055a1bc700aafcf07364dfc2f3d,전라남도,무안군,매봉농장,2025-11-25,0.1866552299307235,0.0292582015553069,0.1280184924039855
c772bb41dc222f36e6df57ad70efca2c,전라남도,무안군,목화농장,2025-11-25,0.126817424910772,0.6587807239872664,0.0341851981190189
2115504c6a873b0e2a6801725b8ae3d8,전라남도,무안군,무안농장,2025-11-25,0.0639520989600545,0.1239392645688351,0.1523461519388986
4f2a613e05e1c93ca8926ad7d2c1ca25,전라남도,무안군,백련농장,2025-11-25,0.1301001021999976,0.5024186267900904,0.1299398680263595
5b6743eb78765e184dc1f46e3b7d56ec,전라남도,무안군,산울농원,2025-11-25,0.3075133619777231,0.0232063075133363,0.2206160487204765
17825576a83d9301ff31130e81f2db17,전라남도,무안군,삼신부화장,2025-11-25,0.0918411368700682,0.0661072855295141,0.0923611345103487
7b259566592125e2102d35cf482f133e,전라남도,무안군,상일축사,2025-11-25,0.1884187994017706,0.0295859802431393,0.0776242816389282
bbfc8038d0f6fd8ecf0b074741a6c306,전라남도,무안군,송정오리농장,2025-11-25,0.1423828678465061,0.4823823356656441,0.0625898749896659
33af3a3482c16c42770ca26e02009d3c,전라남도,무안군,신일농장,2025-11-25,0.0639520989600545,0.1239392645688351,0.1523461519388986
c4c07897daf52a1bc1b6db0586191ca9,전라남도,무안군,어민농장,2025-11-25,0.1301001021999976,0.5024186267900904,0.1299398680263595
d5c228fd520b906903283f6ef7419282,전라남도,무안군,연희농장,2025-11-25,0.0915360908243423,0.2195794323250943,0.1632945293165634
db31e76df9be270004006d5c7cdcb709,전라남도,무안군,오리골농장,2025-11-25,0.1109011231922025,0.1441873122778062,0.1585131655901363
77ff0a64dc946abc2e0044b9443a0769,전라남도,무안군,오리농장,2025-11-25,0.1866552299307235,0.0292582015553069,0.1280184924039855
ddb2e2a2c1ffc61814c8adc10ad72117,전라남도,무안군,요안농장,2025-11-25,0.0182414222180022,0.224089433879134,0.451055175029779
846906607afab98dad9809f71414d33c,전라남도,무안군,우리축산,2025-11-25,0.1423828678465061,0.4823823356656441,0.0625898749896659
81d2511a66f3fcbd6e87586235b75c7c,전라남도,무안군,우정축산,2025-11-25,0.1502937590618908,0.4549343897141653,0.0674380470299299
f2a962d08da0573d90e1cc5fc95f3cd0,전라남도,무안군,유진농장,2025-11-25,0.1736697435628988,0.5517531653382903,0.0417753668856509
24065c4a43f7456365b23e0ab30b83ee,전라남도,무안군,유한농장,2025-11-25,0.0748644528340297,0.3273332580715212,0.1624920032840114
0ed15d1056fd745f30201c0cf7ba75c9,전라남도,무안군,유화꼬꼬농장,2025-11-25,0.6373274109605949,0.0225243757282769,0.1062521844069787
1acc684dd562c370302ed2341ab5840b,전라남도,무안군,으뜸농원,2025-11-25,0.0476609048992917,0.4634492807212761,0.1011568787332275
208a6c089261553fe66e02a2e0cf6ccd,전라남도,무안군,은수네농장,2025-11-25,0.0845959710135948,0.1835707404724529,0.1757786331898597
cabc531074b8ea3cd0a499c327606434,전라남도,무안군,은수네농장,2025-11-25,0.3847826804975839,0.100689703584246,0.1277941138851099
b5031fca996d07edf245444b0e245bda,전라남도,무안군,은택농장,2025-11-25,0.3228345385375536,0.0217341136155316,0.1710392353333898
d55cf35b2c698f45705581ed8eaa8bdb,전라남도,무안군,은혜농장,2025-11-25,0.2113814369994323,0.0408852749669215,0.2270382875883468
014d895301665548fbda3341e80ff169,전라남도,무안군,을연농장,2025-11-25,0.0847614058200922,0.2994833153389409,0.1764299448126703
117f5c0c7863680d2cc0737a29613e99,전라남도,무안군,장곡농장,2025-11-25,0.0661212088038425,0.0454278269545985,0.118810693696518
890d617928d6c5af1fddf9bba573216c,전라남도,무안군,장곡제일농장,2025-11-25,0.0661212088038425,0.0454278269545985,0.118810693696518
5eb5c720909fe224e2cf42c01d679aa7,전라남도,무안군,저동농장,2025-11-25,0.0847614058200922,0.2994833153389409,0.1764299448126703
9ac4c7c7632d7d78daf7ca33a19b2af9,전라남도,무안군,정식 농장,2025-11-25,0.1312472802717625,0.3436613668406189,0.1295926881350233
67bca384315a77903388571269ce2dd6,전라남도,무안군,제이엔티,2025-11-25,0.1580322492208074,0.0143115623998771,0.1019895221839677
5fe8c15105a144ae06d026d9303b97ab,전라남도,무안군,죽산농장,2025-11-25,0.2459644371020506,0.0666312568937127,0.2247955991834896
5887a5aad566046fbc41c47ae2109327,전라남도,무안군,청금축산,2025-11-25,0.1866552299307235,0.0292582015553069,0.1280184924039855
c7bdd07047a6bb55b1ef1454586e4446,전라남도,무안군,청룡양계 1농장,2025-11-25,0.1706441020998304,0.2820407406592324,0.1007920110957273
a0f0284bc15070e95354766c8a827aed,전라남도,무안군,청룡양계 2농장,2025-11-25,0.1706441020998304,0.2820407406592324,0.1007920110957273
f887f674e3027e4abf97362f252cef0b,전라남도,무안군,친환경양계영농조합법인,2025-11-25,0.1308574928049286,0.2316393797195205,0.1195487789341113
a1e46de9981335c4f5d9b7b8d06ccce6,전라남도,무안군,태두농장,2025-11-25,0.1866552299307235,0.0292582015553069,0.1280184924039855
7924b8ca0b12322f648f59b5d14a0655,전라남도,무안군,평산농장,2025-11-25,0.0639520989600545,0.1239392645688351,0.1523461519388986
c4a9a304df13bd6083c92651554f61be,전라남도,무안군,하날농장,2025-11-25,0.1301001021999976,0.5024186267900904,0.1299398680263595
626336e0e861e4851284976c0a840b62,전라남도,무안군,학골농장,2025-11-25,0.1312472802717625,0.3436613668406189,0.1295926881350233
8d8542976e69302070b28d33a7fd5f60,전라남도,무안군,햇빛촌 농원,2025-11-25,0.0748644528340297,0.3273332580715212,0.1624920032840114
115325f2b70f3c99c1189d16eb1d27de,전라남도,무안군,현철농장,2025-11-25,0.2113814369994323,0.0408852749669215,0.2270382875883468
227a952d154ee6290fed083d9ceca3c0,전라남도,무안군,홍서농장,2025-11-25,0.1884187994017706,0.0295859802431393,0.0776242816389282
92259b048fe52ed4a4bcb7814901ee24,전라남도,무안군,화설농장,2025-11-25,0.0421937005473769,0.1070359977050993,0.2538273322465488
368eeb7e6d70c917376ced326295050b,전라남도,무안군,희성농장,2025-11-25,0.0661212088038425,0.0454278269545985,0.118810693696518
cddcd3edce6394e1e6f012030b5e4f61,전라남도,보성군,가○길농장,2021-02-05,0.2007727370958015,0.0239857024920116,0.1027300460204534
9841033fb74fea02daca78fc9628e336,전라남도,보성군,가○팜,2021-02-05,0.1433175017130858,0.0168291381335427,0.0786186849027136
713ce03f1b2d3ca77024a505ac9e2078,전라남도,보성군,김○숙농장,2021-02-05,0.0429681181591746,0.0246421091609568,0.2309794233208704
21e6e26a0c2ffe5485790d1b7ab0060a,전라남도,보성군,낙○농장,2021-02-05,0.0615571065203586,0.0306042309105235,0.1193552291434054
2811c0e4eeff45fedcdf7ca9248ff6dc,전라남도,보성군,녹○골농장,2021-02-05,0.0493667414133279,0.0145406797301128,0.0941063231393414
4ccf79c4ade5d6712773bbe071a02e2c,전라남도,보성군,누○팜,2021-02-05,0.228098136463217,0.0239987394969367,0.1939838909391332
c88456adb1e05a3b6c5b72ab091a9a14,전라남도,보성군,대○농장,2021-02-05,0.1146798199225929,0.0306906079634085,0.3445244611385893
62d0f8daf2dc03093dfe9aa3ef0eb55f,전라남도,보성군,대○농장,2021-02-05,0.0672549526850513,0.0235854433354506,0.1817528650382593
60ce57a9ba903483919f2da099777fbb,전라남도,보성군,바○팜,2021-02-05,0.2651042895699801,0.0143031158688307,0.0763495548394145
0b4cf1a22f5a96361847c33159b9ef08,전라남도,보성군,박○경농장,2021-02-05,0.2351192641811761,0.024229580248121,0.1906617951587871
9a5925483897da664d48788d59189860,전라남도,보성군,봉○농장,2021-02-05,0.1386252722367456,0.0737176134948596,0.0326262572644053
6fd0a24f9b3b90233b2a6990816ee15e,전라남도,보성군,샘○오리농장,2021-02-05,0.1200910821276561,0.0287964605317957,0.3291014991578206
373f1619d0d168d8e3a8c59a6738d39b,전라남도,보성군,소○농장,2021-02-05,0.3762451374739767,0.0218598683918084,0.1043271368339732
9b1aa5ce19edd97400ecf1cf9a3cca04,전라남도,보성군,송○수농장,2021-02-05,0.0641950193747139,0.0237751159626827,0.1059831088828357
4ffb3a3c9d33448390b2595c74f9ec7c,전라남도,보성군,수농장,2021-02-05,0.2222355035816459,0.028424674414711,0.1158173399829236
80028c2acff92bf5b1ff1844e776bda7,전라남도,보성군,연○농장,2021-02-05,0.2030063032990668,0.0233821033670019,0.101166812071366
af16a94ecc131dcc8a88c2e496bec374,전라남도,보성군,영○농장,2021-02-05,0.1097891680701975,0.1626375743530046,0.1714560987836581
6a1360b4a08d5024a88c765aceffa179,전라남도,보성군,을○농장,2021-02-05,0.0244267911962565,0.0159596788741058,0.0842186627425105
3f340fce601105bb50d744f471a0ff95,전라남도,보성군,이○님농장,2021-02-05,0.1914136724293821,0.0449829821595501,0.3936607230613674
6348bf65f958f35bf82cd6e51f2bf10b,전라남도,보성군,일○농장,2021-02-05,0.1173620751527437,0.2954184525985099,0.1470993915493997
44b4d7ad613110ef491465c6d6290464,전라남도,보성군,자○농장1,2021-02-05,0.2030063032990668,0.0233821033670019,0.101166812071366
5078099d2fe5cc0119e2a5d6ff31da35,전라남도,보성군,자○농장2,2021-02-05,0.0946956794902805,0.0630854225475732,0.1254055905231151
27753bc7674b952f64e28d6ecabdbd45,전라남도,보성군,장○추농장,2021-02-05,0.0348558001799645,0.2759545961235828,0.0012503681034755
1541e973b0fec5d26771c97882c1c435,전라남도,보성군,정○원,2021-02-05,0.141397518711119,0.012556898280315,0.07465953062226
305ce6cacd26cb94888b319cffa789f0,전라남도,보성군,제2죽○농장,2021-02-05,0.2976243312325652,0.0122550966824621,0.1495026690821823
d48686a8024f5f2d09e4874ea555db90,전라남도,보성군,제○농장,2021-02-05,0.020370794209912,0.0234875488496848,0.1830715359282202
48f54585b9f3d1603479c37172f7f085,전라남도,보성군,제○디팜 보성농장,2021-02-05,0.2324870225310559,0.0298240104806245,0.1184697834290466
0237aa01ca4e96f7172453716c483193,전라남도,보성군,조○농장,2021-02-05,0.2652901390125015,0.0345998101339016,0.3495583414597693
73282640e1aaa3c22d2378b51f32322b,전라남도,보성군,죽○농장,2021-02-05,0.0239262212401678,0.0118155457289642,0.1017339309115876
f7796d9df21dd5f5dececb1aa9ff287e,전라남도,보성군,즐○운농장,2021-02-05,0.1194699377227693,0.0202726176541183,0.1582513956540949
834131a6067e4d501c159763657208a2,전라남도,보성군,푸○메농장,2021-02-05,0.0435987017532998,0.0222636857595357,0.0818482309950671
8c9cf0751fcf71b89117de4afb60b5a9,전라남도,보성군,하○농장 1,2021-02-05,0.1132820360025559,0.0624087859197369,0.092489330735552
d16d83dcc46ef1b0212b814630420dc3,전라남도,보성군,하○농장 2,2021-02-05,0.1132820360025559,0.0624087859197369,0.092489330735552
455931aecb00ec5657c9386b159e1339,전라남도,보성군,해○농장,2021-02-05,0.0624694348187672,0.0224748822574454,0.1749028274550731
8705f248b08acb365cdb85983e220431,전라남도,보성군,혜○농장,2021-02-05,0.1677049078929701,0.0165119754814367,0.127989504428955
9e14b56a461abb588ddeeb8a116f7a6d,전라남도,보성군,가○길농장,2023-02-02,0.2634920375518807,0.0239704633090673,0.1024969764022861
28de9b16e2ee24b4ca5e3fef85054549,전라남도,보성군,가○팜,2023-02-02,0.1838097643228905,0.0167560179680992,0.0772065727926486
d6161d42905d88dbf36c385d33d046c5,전라남도,보성군,건○농장,2023-02-02,0.0935331255568516,0.021497591415491,0.1651378805951579
9373c283de10a165ea9db4c980e851c6,전라남도,보성군,구○수농장,2023-02-02,0.0125385308464897,0.0155689964852162,0.0814043339064423
2c8a9e0191efc21b0a6e88bc44ac7039,전라남도,보성군,김○숙농장,2023-02-02,0.3619257399515402,0.0163773002422629,0.157634392634121
a23836138163470d65837eeaf75224fc,전라남도,보성군,낙○농장,2023-02-02,0.0615571065203586,0.0306042309105235,0.1193552291434054
d3053ff42d74700429db9b1e5c6dbd8e,전라남도,보성군,낙○축산,2023-02-02,0.1260957475509029,0.0139559819566588,0.1066530866464507
ab266a23068f15abf2e9aabb081d9af4,전라남도,보성군,녹○골농장,2023-02-02,0.0493667414133279,0.0145406797301128,0.0941063231393414
28aaaacf52f8dbe8b27a9943206e36dd,전라남도,보성군,누○팜,2023-02-02,0.1413911279402344,0.0240689878016236,0.1945231129936677
1704004e96c5d4c9963907ddcb35b9a7,전라남도,보성군,대○농장,2023-02-02,0.1317143674728235,0.0310344762303657,0.3480557424790028
0b4cf1a22f5a96361847c33159b9ef08,전라남도,보성군,박○경농장,2023-02-02,0.2351192641811761,0.024229580248121,0.1906617951587871
491ce5ccbcbc13d9cdf3d193619d281f,전라남도,보성군,봉○농장,2023-02-02,0.1246745708478591,0.0722268244005566,0.033295895088682
f41f895e4db7120b6c98f16f645c4137,전라남도,보성군,부○농장,2023-02-02,0.0763863963988681,0.2804423906282832,0.0012503681034755
6fd0a24f9b3b90233b2a6990816ee15e,전라남도,보성군,샘○오리농장,2023-02-02,0.1200910821276561,0.0287964605317957,0.3291014991578206
d323632fab6c4a14484e181639a11d19,전라남도,보성군,소○농장,2023-02-02,0.335744318074203,0.0233854565897896,0.1034919750327647
d2ca1a0a0f3608d14b6d159fd4677764,전라남도,보성군,송○수농장,2023-02-02,0.3165841496161176,0.0222277860291388,0.1992451727253361
81dc33bb1fc796378b1f92f360665a8b,전라남도,보성군,수농장,2023-02-02,0.1684506102407014,0.0294724514201418,0.115331010810454
ef5439efa4068fa6efa1c205f64da462,전라남도,보성군,신○보성종축장,2023-02-02,0.3286253147540193,0.0248213367189803,0.188064891998167
3487a53b07ced57e0c19bc2096b00374,전라남도,보성군,연○농장,2023-02-02,0.1253619486430066,0.0230254732140208,0.102323180562368
db89db1b70aa811147041e5a8b525fa1,전라남도,보성군,영○농장,2023-02-02,0.1614706094615979,0.1598847399310769,0.1701189994908442
ba95bee92cac25c11ee141880e51f4e9,전라남도,보성군,용○농장,2023-02-02,0.0511510678271126,0.0164046592089572,0.0624039983052319
5b4ccefda75e64169cb1a7f64d1eca4b,전라남도,보성군,월○유기농장(정심원),2023-02-02,0.1433036085874009,0.0125587701099447,0.0744689668234613
16c92427b1484b8bc7e73fa6788b1d66,전라남도,보성군,이○님농장,2023-02-02,0.1914136724293821,0.0449829821595501,0.3936607230613674
e4ce435915c6c2ca30454aedb2330347,전라남도,보성군,일○농장,2023-02-02,0.1343713327825704,0.3029792021514635,0.1461032885050664
d495be987cd0397dc80b3a6c5e4e7492,전라남도,보성군,자○농장,2023-02-02,0.1253619486430066,0.0230254732140208,0.102323180562368
8fb776d6abc70129d0439914bcb72fa2,전라남도,보성군,자○농장,2023-02-02,0.0824506777547872,0.0628931225599752,0.1243855295510046
9f1cc8207d9f6db4346ddf522f6c34bd,전라남도,보성군,제2죽○농장,2023-02-02,0.3486792459612526,0.0121781423647158,0.1507651330210561
52aec5aebdcbba948c4f68fb31aad094,전라남도,보성군,제○농장,2023-02-02,0.0281839004098832,0.0236574543958257,0.1847807465657699
0c7e7311f47e0cf1bff6dc0af9b1906c,전라남도,보성군,제○농장,2023-02-02,0.3115321114867849,0.0144140157950322,0.0891600206170996
c3f59011eb87836a0fad68126a0671c4,전라남도,보성군,제○디팜 보성농장,2023-02-02,0.2692320431544514,0.0299807705252596,0.118224855068176
174877f5e2b5143e536f3a93e084a63c,전라남도,보성군,조○농장,2023-02-02,0.0359493896870678,0.0334263138609417,0.3281132340485823
6e96e6819750514e5e3537c1d2954650,전라남도,보성군,죽○농장,2023-02-02,0.0239262212401678,0.0118155457289642,0.1017339309115876
22edc04f7518deafd34996afee0c7fef,전라남도,보성군,즐○운 농장,2023-02-02,0.3186845010321372,0.0210233108635327,0.154657717016566
7b09fa58a21d543b7270affe59385fce,전라남도,보성군,푸○메농장,2023-02-02,0.0387125037019057,0.0219781010055676,0.0831245980075175
444850ca567f8893df24cd8694b48163,전라남도,보성군,하○농장1,2023-02-02,0.1199078488097031,0.0630262572356115,0.0921518916980134
7837d66901840caf9b2e36e01a0b06b7,전라남도,보성군,하○농장2,2023-02-02,0.2090633264781252,0.0679143872640893,0.0918661517620943
c5fa823b2acf795d1c158d0fdbbf1a61,전라남도,보성군,혜○농장,2023-02-02,0.1677049078929701,0.0165119754814367,0.127989504428955
0f5ece2ec2ef0422509003ef8a060335,전라남도,영광군,강운봉농장,2024-08-23,0.1335575176772852,0.289810467098502,0.2459787194445963
10437b4c4a685bd2184aab100f70f2a4,전라남도,영광군,금성농장,2024-08-23,0.3378728650845331,0.0181081477753553,0.2107160775776476
4ac40e1c64a8246d9987dde0050a8649,전라남도,영광군,금호농장,2024-08-23,0.1145775688841739,0.0330420806200702,0.2776935062864686
e02ac9686302e36030739454718f4d44,전라남도,영광군,농업회사법인(유)빛고을농장,2024-08-23,0.2013250844855375,0.041161764127083,0.2799820696811538
a60a003005395f11996b3e2c1d39ab8e,전라남도,영광군,농업회사법인브리딩팜(유),2024-08-23,0.1528278969725416,0.0360144355650472,0.3128812910668313
1e8aa068d48600399724c41821c1fe5b,전라남도,영광군,농업회사법인주식회사형경,2024-08-23,0.0741414988254896,0.0243322917397529,0.2083710026149797
779f977186d1a6b4c28b1f6fee33213f,전라남도,영광군,다담농장,2024-08-23,0.1053060504779331,0.0755587618724831,0.2790489702380506
6f4113a7152503b11be12a17ce89fc1a,전라남도,영광군,대신농장,2024-08-23,0.1126492479353063,0.0526166558868421,0.3973118554018358
f3ff9b65481ef326db63aba6456fda68,전라남도,영광군,덕산농장,2024-08-23,0.193645462663784,0.0413207107313504,0.3933664922153537
73a0fcd15d98dc1926391908e28bcfc9,전라남도,영광군,덕호농장,2024-08-23,0.0100392194104749,0.0597414087994477,0.254932051589888
88d8b1a09139a2a63c3202c8bdb7315b,전라남도,영광군,두레농장,2024-08-23,0.1073359236026855,0.0581397177686264,0.3034082035875665
fade5b2347da97e6590e52c658b59727,전라남도,영광군,만금농장,2024-08-23,0.1911035906673848,0.0218352681004723,0.2834799277608247
c88f2b314db89addc2d356c022bd52b0,전라남도,영광군,문주농장,2024-08-23,0.294291032290047,0.03317676037684,0.3164350506191356
721e819e6493ed43c981f1916c96daf4,전라남도,영광군,반석농장,2024-08-23,0.3055952353077693,0.0399513440493866,0.2655579600433804
8935694093146616bc1dd2cd2e7fe5c1,전라남도,영광군,백삼프로농장,2024-08-23,0.080244396984061,0.0169859589548716,0.2595527283059148
60381180ca8470304aef2155caf1a1a5,전라남도,영광군,백신농장,2024-08-23,0.1051478113825392,0.0326231967941591,0.3253345989202142
e950c3e6db3b2296dc2be8471e7788c2,전라남도,영광군,백억농장,2024-08-23,0.1124891438613995,0.0575883193418424,0.1727286927675311
e58f334ec7764e8fb6ff4e6ca39710f8,전라남도,영광군,보배농장,2024-08-23,0.1670949883239318,0.0342982119003587,0.205508236918767
aff6294689bed9c7e8b032e83a992a3e,전라남도,영광군,보원농장,2024-08-23,0.1895919542006566,0.0256975626694708,0.2295156398407985
79aaff93f63aed9df6e53c29bc3e3558,전라남도,영광군,빛고을농장,2024-08-23,0.1127962458854664,0.0655584599760496,0.2397216699992862
4b550f1a43808154478e0dfabd6ae9d7,전라남도,영광군,새희망농장,2024-08-23,0.0648936736496887,0.0419842404935098,0.2334153653030385
40dfebf7bcf6955eecf623ab3217c7d2,전라남도,영광군,성실오리농장,2024-08-23,0.0753881797574657,0.0591013455022236,0.1303458629749282
f9ba2b0baf16aaa179dfdf3e2ba53644,전라남도,영광군,성천농장,2024-08-23,0.0889042050449116,0.2534958507872074,0.1974699320307872
00f1a00a06a556296bbbb7259ed747a9,전라남도,영광군,소영농장,2024-08-23,0.0941147553905534,0.0209649037436586,0.2720231705012325
884d7feaa56cb75b77ac8732718e9fc9,전라남도,영광군,송림농장,2024-08-23,0.2827862582532235,0.0493265473091101,0.2664889190946042
54f73785f62c8e67b942f30e0c44dc47,전라남도,영광군,송암농장,2024-08-23,0.0224093924672778,0.0239329366595756,0.0946455839595162
cad2f7369cda77733780ac573c28927a,전라남도,영광군,순남축산,2024-08-23,0.2739960444555761,0.0527400181573313,0.2386752057569953
ac1828e18a271e761b51e1112e46270e,전라남도,영광군,승빈농원,2024-08-23,0.0136901666213624,0.0326241035698688,0.2912223765924921
b0fa0b31e0943086c98e92cad17d71c2,전라남도,영광군,신대농장,2024-08-23,0.2544720761242126,0.029307841564677,0.2967362055832939
ae824fb67a8f41de24d816e4e196e6d2,전라남도,영광군,아름농장,2024-08-23,0.0070621786142532,0.0609489964691555,0.2436357589309459
8be8a524507fff363959ba2f31cebd59,전라남도,영광군,양성농장,2024-08-23,0.0485874131545518,0.0457835576777408,0.3794384585371633
aae4c1bfd1f71cfc8a132055ce52c39a,전라남도,영광군,양평농장,2024-08-23,0.3177212364718639,0.0438862061499005,0.2955219399280617
39748175d3fe9e8d5a41690aa42b1419,전라남도,영광군,어울림농장,2024-08-23,0.2438685150040659,0.0285736395720299,0.0242145684075923
42e6b6cc6172a199d2d8a0fcf999bd71,전라남도,영광군,에덴농장,2024-08-23,0.1873938717066754,0.0245024610372255,0.1976449934429703
3603b2b7f589394f1e42734923d21322,전라남도,영광군,에덴농장,2024-08-23,0.1679768198928627,0.0424813153871507,0.2751608527223845
4c852f343f582921d1a3071eb752a6ff,전라남도,영광군,영광농장,2024-08-23,0.1809917308529104,0.0372389521326428,0.1474793559396169
f06cc00ddb827ded126fe20e7ff291e0,전라남도,영광군,영광베드로농장,2024-08-23,0.3324296422211988,0.0734455314761188,0.2498446982053208
eb78affdeab8e7dfb134f5885ff561f3,전라남도,영광군,영광종계장,2024-08-23,0.0784631130514494,0.0231058524573969,0.288655861221582
079f11d77ae516f921d79f942bb04e38,전라남도,영광군,오송농장,2024-08-23,0.4107751752765582,0.0221404842310936,0.2575176758262256
9b62160c36a5879f708746ba58112b94,전라남도,영광군,옥당농장,2024-08-23,0.0932620855200526,0.0230714498293534,0.1975317589425976
e35437e0590ab0f84efed1991527dbbb,전라남도,영광군,와룡농장,2024-08-23,0.157783639791447,0.0500104921077216,0.3010061728235533
6c018a9e6cc2882c86a7d2699f0516ec,전라남도,영광군,왕호농장,2024-08-23,0.0115850103171697,0.0602020585680463,0.2471414741306548
c0c90b4c4688ff72d9785013ba74c27c,전라남도,영광군,원기농장,2024-08-23,0.0290936309733442,0.0137116483143029,0.2094234920440256
f8ebbdab7229ae5027fc47fb7b89386d,전라남도,영광군,원흥농장,2024-08-23,0.1839992951272703,0.0333779166217034,0.2966318316721812
5b53b0b88504f66a1f8bae52f969c852,전라남도,영광군,월계농장,2024-08-23,0.045934474581525,0.0310157163228893,0.200278637568247
a8cc264659e61f79570fbd3f54b158dd,전라남도,영광군,월암축산영농조합법인,2024-08-23,0.0896382461495117,0.1527980337488156,0.1819565040207081
9dff83f90de904b0e25cd403ba99d1e6,전라남도,영광군,유일농장,2024-08-23,0.497794807173988,0.0226504870611141,0.2559774729119039
4e555d21a05c016ff05659e5581da984,전라남도,영광군,이레농장,2024-08-23,0.1798994620389718,0.0412471791075069,0.3827007488183078
483fc933aac343436d2bcc6e955a68b7,전라남도,영광군,자유란,2024-08-23,0.2538055551711369,0.0126568658218026,0.2061368632391358
f4528267167de335cbf25f94cc86ef92,전라남도,영광군,장재기농장,2024-08-23,0.1499412739519365,0.0478805703183558,0.2878767179765945
ccaeeecadf6066800e34e49856318435,전라남도,영광군,정암균,2024-08-23,0.1161612549919718,0.041603904037408,0.3949912874023699
dd792f83ed4da72036d61165c72e5be8,전라남도,영광군,진농장,2024-08-23,0.1794331619472834,0.2611781992108269,0.2140322731207183
c7703c26e4a4a92c76696f6412852044,전라남도,영광군,창조농장,2024-08-23,0.2458107221803392,0.0251302771555374,0.2994627174926447
043580a18cb29ed28581f24a8b865eb1,전라남도,영광군,채움농장,2024-08-23,0.1919649042641667,0.0730008992700817,0.2819416762022986
8fc54ef52ead17ff6c9f7b4031aaa8b6,전라남도,영광군,천마농장,2024-08-23,0.1057982133509695,0.0269465166234987,0.2663552443981505
194ef185a207d7c26a95d09f079d48d4,전라남도,영광군,천정농장,2024-08-23,0.1176150361244608,0.0249679498816425,0.1325581540872814
bbb70f3c2cd790302381e975392dadbc,전라남도,영광군,초원농장,2024-08-23,0.3978363941416308,0.0411069090943457,0.2810847476929386
b243644b2e6c555f9ae9373a47d9c323,전라남도,영광군,최송농장,2024-08-23,0.222931810549564,0.019502808799235,0.2757786911317152
0998875d592f3b3fe5324c8cc46bc4ef,전라남도,영광군,태균농장,2024-08-23,0.3318251643210103,0.0214987003193835,0.2479055352477409
63c6e49baf1f8b185c190ebe1cb2d862,전라남도,영광군,태원농장,2024-08-23,0.1881954675465335,0.0324774558421703,0.3263149108128426
ca07e0e9c5d9b81703ae900a1cbeca38,전라남도,영광군,풍산그린양계,2024-08-23,0.2251018480312118,0.0211702575781964,0.2798691297077433
b5905ee1676187645054701992ae2297,전라남도,영광군,하늘네농장,2024-08-23,0.3479950538225359,0.0180139999843576,0.241376127840625
44d857a53ef7f772b57a8a4fd3cfde07,전라남도,영광군,한우리 그린농장,2024-08-23,0.0703046642136579,0.0225816143355177,0.2742363249764943
1d81d83954cc7cd354d18986f177f6cd,전라남도,영광군,해덕농장,2024-08-23,0.495655488390321,0.0186106691035829,0.1003060614753009
a264bb80ae7e4dfec4292ac029a1c3a4,전라남도,영광군,현자농장,2024-08-23,0.1204233882802353,0.0424492898907693,0.1656939232309672
8206f85770231b11ee26d4526bc85820,전라남도,영광군,형제농장,2024-08-23,0.1388161138707789,0.0409600816289148,0.2776441611269464
bba34383b2c6fa25813a32a63d70c18f,전라남도,영광군,혜은농장,2024-08-23,0.0752612351778644,0.2949437781480493,0.2441465606376183
88c4545cc780d6029640f7b348e02736,전라남도,영암군,153농장,2015-07-02,0.1984398010445723,0.0208555434727788,0.1862850657760972
a99f6c8702a04047145479961c77ef4d,전라남도,영암군,가나안 농장,2015-07-02,0.1772732545429353,0.0428642169524892,0.2960653962378511
386859dac9fd4e406d407342d89a17e4,전라남도,영암군,갈곡농장,2015-07-02,0.265076060553427,0.0258727253973061,0.3048880943849477
086dcef76eefeebf8e6fd8bd3202db9d,전라남도,영암군,건숙농장,2015-07-02,0.2597749320312367,0.026541618651628,0.0981776370208684
d3729a227c706c625e2c95a095c8a738,전라남도,영암군,건향오리,2015-07-02,0.0694425246778854,0.0326226721390653,0.2596882804207098
7007334cccb613635a2031ea01c57cc5,전라남도,영암군,고산농장,2015-07-02,0.0128335267344247,0.1620554564145088,0.331708857326464
9918ce87886da48b2fa3d2e64f9017b6,전라남도,영암군,광주농장,2015-07-02,0.3351545404883768,0.0311304124170596,0.2789403090285758
6e043e52beaacf56630f2c4e653cc422,전라남도,영암군,귀봉농장,2015-07-02,0.0128335267344247,0.1620554564145088,0.331708857326464
b70d9a982589f837291b958da1d23404,전라남도,영암군,그린농장,2015-07-02,0.0376592092938044,0.0224115024055859,0.2807389413416489
e685ef76825ae234a214694ff03027c3,전라남도,영암군,그린농장,2015-07-02,0.4211820838163537,0.0355306751590983,0.2574017980653951
b402c1faffaf9bd80f9dea3857b00227,전라남도,영암군,그린축산,2015-07-02,0.1772732545429353,0.0428642169524892,0.2960653962378511
7040812bd4ca0b9c67cb39d2854b378a,전라남도,영암군,금정농장,2015-07-02,0.2586092026901082,0.0571398440550617,0.3671294330832227
f9f0ecce9d04e491243a5ad5371cb339,전라남도,영암군,금지오리,2015-07-02,0.1140679128697635,0.0442585425972222,0.3323143260957854
d161469a51bfbdac074b3da42693b421,전라남도,영암군,기영농장,2015-07-02,0.0746678122045133,0.2330708476687121,0.3627882321215619
5d3d530fb0455a4f1d716346b2e49c3f,전라남도,영암군,김두장,2015-07-02,0.0746678122045133,0.2330708476687121,0.3627882321215619
20d4b1f732b78d2bb40be415e205aec0,전라남도,영암군,나영농장,2015-07-02,0.1630313877156235,0.044020801033754,0.467873569007857
6d440e5654b06e76ac30e680c025dcbb,전라남도,영암군,나주뜰오리,2015-07-02,0.1792636273266747,0.0370329673504666,0.2302253575381168
5c51dd573680ffbe3c5f4b6ab6ede23d,전라남도,영암군,남경축산,2015-07-02,0.265076060553427,0.0258727253973061,0.3048880943849477
78466a427a7fd28a98ac43789941f5a1,전라남도,영암군,낭주농장,2015-07-02,0.1043094165462779,0.0414650964949059,0.2967910340729268
08b9451a39d66ebcb66bf1055e75e124,전라남도,영암군,낭주오리농장,2015-07-02,0.0998224696497341,0.1241578771466939,0.3961463761659558
77ed9a7a9af73d8837fcc88da4163632,전라남도,영암군,농계농장,2015-07-02,0.1043094165462779,0.0414650964949059,0.2967910340729268
10a13a474f0edd3e46024361ee1dcbcd,전라남도,영암군,다솔,2015-07-02,0.083567293009318,0.0727117976240349,0.5146962171679886
1767be8ffc7ca9fca9b6157bbec872b4,전라남도,영암군,닭실털보농장,2015-07-02,0.4212589584797762,0.0212263607374387,0.3235730355716751
75f81d72b677e5452dae03bfd75ca5d5,전라남도,영암군,덕신영농조합법인,2015-07-02,0.4211820838163537,0.0355306751590983,0.2574017980653951
95a781141ec1b10cfed75f7a51dfea32,전라남도,영암군,덕암농장,2015-07-02,0.2423036450819875,0.0237778423454696,0.2027969473936887
dc2c1214439f1bff1f42e1342a106ec2,전라남도,영암군,동산농장,2015-07-02,0.1043094165462779,0.0414650964949059,0.2967910340729268
4d42dd022b520f4454a1695bdc606718,전라남도,영암군,만수자연농장,2015-07-02,0.4348145837722547,0.0393467809333409,0.2123815446536136
416cd5f3a3467af0391c1a94bcdcb771,전라남도,영암군,목림,2015-07-02,0.3816429951236418,0.0285022334276553,0.2606122042997673
aa6c7057cd0fab2c9e4ecca750180bc9,전라남도,영암군,목원농장,2015-07-02,0.0746678122045133,0.2330708476687121,0.3627882321215619
7dcd4b7edc142e35e2d68c6fb6800509,전라남도,영암군,미류네 농장,2015-07-02,0.0,0.0621113504824434,0.3656270978321387
e947c645eefdcabdb4061631d4a5a748,전라남도,영암군,미암농장,2015-07-02,0.1557057070827887,0.0214548023760195,0.2665095429737997
354bf3c34ee39c392449034660766a4c,전라남도,영암군,미암메추리농장,2015-07-02,0.1911374307093415,0.0295630885356923,0.2219222536422812
0f22d760c1c7458446fe14b28cfc3f9a,전라남도,영암군,민성양계장,2015-07-02,0.0298528101582245,0.042366220095369,0.3970628236322227
c26e71264afebf6c71ab5b648db5bf91,전라남도,영암군,박치완농장,2015-07-02,0.0128335267344247,0.1620554564145088,0.331708857326464
0f422c9fe75d65c275ec271761a16281,전라남도,영암군,반석축산,2015-07-02,0.313095675534185,0.2308047663822614,0.2685022360082331
71b1451ced8fc2e2118b9bb747ee06b8,전라남도,영암군,백순애농장,2015-07-02,0.0444352704519804,0.0324981726320168,0.2084861195210917
fc55b580b0312ea95594b4e7ba3f84c9,전라남도,영암군,백호축산,2015-07-02,0.0746678122045133,0.2330708476687121,0.3627882321215619
1f6b058d36425da340ac071f216772ef,전라남도,영암군,범천농장,2015-07-02,0.4104241989000181,0.0379789191379223,0.2034851304031769
49b62be7853947a379e492179ed9adfb,전라남도,영암군,벧엘농장,2015-07-02,0.3816429951236418,0.0285022334276553,0.2606122042997673
a8a990c1f0110b627edeb9461572e268,전라남도,영암군,벧엘농장,2015-07-02,0.1772732545429353,0.0428642169524892,0.2960653962378511
c19e156bad8fc70e83b6f76399091cc9,전라남도,영암군,부성축산,2015-07-02,0.0376592092938044,0.0224115024055859,0.2807389413416489
bdb36e327bd1470869922a1160251ea8,전라남도,영암군,부영농장,2015-07-02,0.2647419512111373,0.0166518283957402,0.0204128889193219
b3593c2fd6e2e5ad1e20bba2e788fa5c,전라남도,영암군,부희축산,2015-07-02,0.2032061307466325,0.0283209466459534,0.0219518203470936
ddd5f11dc2042dc355b9a6ef173df6e1,전라남도,영암군,산호농장,2015-07-02,0.5512739784910246,0.0253080614225386,0.281047236756663
e096252b576cc225de0c5a5eea2cd31c,전라남도,영암군,삼도리농장,2015-07-02,0.0360261016070157,0.0317869002048315,0.2737051627758765
52b2c2b864667fa07ece9a3d190ba891,전라남도,영암군,삼성농장,2015-07-02,0.1528417158011821,0.0909201598843982,0.4704797700364971
52b2c2b864667fa07ece9a3d190ba891,전라남도,영암군,삼성농장,2015-07-02,0.1528417158011821,0.0909201598843982,0.4704797700364971
52b2c2b864667fa07ece9a3d190ba891,전라남도,영암군,삼성농장,2015-07-02,0.1528417158011821,0.0909201598843982,0.4704797700364971
2a2ab681e50767b3a5301725bc92e8c1,전라남도,영암군,삼영농장,2015-07-02,0.1911374307093415,0.0295630885356923,0.2219222536422812
075716d07f5c02c28c350d9bacbc9a96,전라남도,영암군,상형축산,2015-07-02,0.0299650968674222,0.0610070991304122,0.2305639594790065
797be31b8584a917242bb482cf9fe57a,전라남도,영암군,서흥농장,2015-07-02,0.0746678122045133,0.2330708476687121,0.3627882321215619
4392e1a158bd1dc0bdffaa81541ecf21,전라남도,영암군,선미농장,2015-07-02,0.0376592092938044,0.0224115024055859,0.2807389413416489
c1695f1c45399dbff33aa47eb1677149,전라남도,영암군,선일농장,2015-07-02,0.0376592092938044,0.0224115024055859,0.2807389413416489
5f4756e122a7705d0f0f3a2adfb59fe2,전라남도,영암군,성용농장,2015-07-02,0.0299650968674222,0.0610070991304122,0.2305639594790065
52386e8b3a85f5e1d0123528952fa2ef,전라남도,영암군,성윤농장,2015-07-02,0.0465754787868376,0.036444033522899,0.2935021177586766
81a27d8c1c4da3cf3c4bec850ae91822,전라남도,영암군,성진농장,2015-07-02,0.0509904606390327,0.1427200109109437,0.3720176685849237
615d5ea7054b7cad30154b6022825180,전라남도,영암군,성환농장,2015-07-02,0.0376592092938044,0.0224115024055859,0.2807389413416489
b4356613dcdd4e400292005f806207eb,전라남도,영암군,송정양계장,2015-07-02,0.2594366231667563,0.0554796095873005,0.3762587085006025
ef71952afaeb8bd22c4c1997de70ff64,전라남도,영암군,수정농원,2015-07-02,0.1772732545429353,0.0428642169524892,0.2960653962378511
970659e3a12dd962af739d20bb101d15,전라남도,영암군,수지농장,2015-07-02,0.4348145837722547,0.0393467809333409,0.2123815446536136
b70a45a4b175a9a3acd96059fb4e2700,전라남도,영암군,승승농장,2015-07-02,0.0746678122045133,0.2330708476687121,0.3627882321215619
1f6e48579322c6e90047b36a6676e53e,전라남도,영암군,신흥농장,2015-07-02,0.1630313877156235,0.044020801033754,0.467873569007857
e8ab07db2c55108769baa469dee80c81,전라남도,영암군,알파덕,2015-07-02,0.0900275419830603,0.0306361350828472,0.286142650228312
ec96667f6a2b4ba64073ab0528ed2d49,전라남도,영암군,애경농장,2015-07-02,0.1407016249306913,0.0257742758435692,0.1422805021761296
c1bf8b6c2b0655abcd9bb397652ecf58,전라남도,영암군,애니피아 영농조합법인,2015-07-02,0.2725026305805115,0.0129004378303255,0.0215278024931847
458e052adb6a9642beedc458787205e0,전라남도,영암군,영성농장,2015-07-02,0.0360261016070157,0.0317869002048315,0.2737051627758765
15cc675763525d1da13afa947890f97e,전라남도,영암군,영신농장,2015-07-02,0.0376592092938044,0.0224115024055859,0.2807389413416489
15cc675763525d1da13afa947890f97e,전라남도,영암군,영신농장,2015-07-02,0.0376592092938044,0.0224115024055859,0.2807389413416489
efb2eeb833f57efadf0a4b4ebec3c693,전라남도,영암군,오리농장,2015-07-02,0.3816429951236418,0.0285022334276553,0.2606122042997673
6925a51f5dab2a1026b0c3f5ff90a080,전라남도,영암군,오리천국,2015-07-02,0.0746678122045133,0.2330708476687121,0.3627882321215619
5de55dc4d589ac20b3dd034a03801550,전라남도,영암군,오현농장,2015-07-02,0.1792636273266747,0.0370329673504666,0.2302253575381168
c56e5b9d0eda339bb57430797993aafb,전라남도,영암군,옥주농장,2015-07-02,0.3299549181641929,0.172360013920083,0.1287665805459858
55c2e8bb7bb1350b6b3b180925229355,전라남도,영암군,용현농장,2015-07-02,0.2586737644572387,0.0830477040534951,0.412459104608166
26c8a146c4d43d646c9bec02b94671fe,전라남도,영암군,우도농장,2015-07-02,0.1427993288581281,0.0520309590990964,0.3286028762370169
9ff09c2f5ce48a895f70550750d6828f,전라남도,영암군,우리농장,2015-07-02,0.1043094165462779,0.0414650964949059,0.2967910340729268
668e9b289dfe9cdfe42e4c3a04594780,전라남도,영암군,우리농장,2015-07-02,0.0465754787868376,0.036444033522899,0.2935021177586766
66c6a9ae6117a87b4d56e5e462207c63,전라남도,영암군,원광2농장,2015-07-02,0.1792636273266747,0.0370329673504666,0.2302253575381168
bc5c9c59e40e25b62b7fa616a853ad25,전라남도,영암군,유산장농원,2015-07-02,0.1911374307093415,0.0295630885356923,0.2219222536422812
02018f59bc17f8858848e05c5c411f1d,전라남도,영암군,이레농장,2015-07-02,0.2586737644572387,0.0830477040534951,0.412459104608166
0a49dea6e611a1fcd5c00567750f0c03,전라남도,영암군,일광농장,2015-07-02,0.1792636273266747,0.0370329673504666,0.2302253575381168
a671dc68a2910f26e03c2778001a1871,전라남도,영암군,장구섬농장,2015-07-02,0.0746678122045133,0.2330708476687121,0.3627882321215619
1bc7e86330183d37e8d62d75fb3f883b,전라남도,영암군,장수농장,2015-07-02,0.0465754787868376,0.036444033522899,0.2935021177586766
5770ad603a10c44ea889e0f0074d8aa3,전라남도,영암군,장천양계장,2015-07-02,0.3822919014097982,0.0385564543432671,0.1370521836313274
f9299bd5681c49563c17fb8c720242c5,전라남도,영암군,정미농장,2015-07-02,0.0376592092938044,0.0224115024055859,0.2807389413416489
ae693928d5cfddcd440ae727af6446e7,전라남도,영암군,정수농장,2015-07-02,0.3351545404883768,0.0311304124170596,0.2789403090285758
38a7c986803d185ff92b563aa2470bd3,전라남도,영암군,종욱농장,2015-07-02,0.0746678122045133,0.2330708476687121,0.3627882321215619
be37f8cf0ca1846563cb7fb674ad61fc,전라남도,영암군,지훈농장,2015-07-02,0.1792636273266747,0.0370329673504666,0.2302253575381168
67e30542474fed5aad49039f46b35217,전라남도,영암군,진성축산,2015-07-02,0.0,0.0314796164720368,0.2463587810672176
7cbf6248cfa82b9d0d0d0724910f00f5,전라남도,영암군,진양계장,2015-07-02,0.0031676345146832,0.1538351413268131,0.4717068996958995
013937b8906b4fcf00e8436c48e2cde5,전라남도,영암군,천일농장,2015-07-02,0.0465754787868376,0.036444033522899,0.2935021177586766
48416de1f99660e93d478b1d820e96ee,전라남도,영암군,철진축산,2015-07-02,0.0,0.0314796164720368,0.2463587810672176
2fda2028a6bd225588fdb3babc10453e,전라남도,영암군,춘양농장,2015-07-02,0.5568788979949757,0.0209253320989946,0.2763758280305248
0b259060e6c000750f0fd88716f64381,전라남도,영암군,춘정농장,2015-07-02,0.2423036450819875,0.0237778423454696,0.2027969473936887
f2e94655fac8261a03c6266227c0c4fd,전라남도,영암군,태산농장,2015-07-02,0.0509904606390327,0.1427200109109437,0.3720176685849237
659a3a5503653ef6edc255db0456a05b,전라남도,영암군,태석농장,2015-07-02,0.1043094165462779,0.0414650964949059,0.2967910340729268
49c00e09ad98b1559143f3428125f29f,전라남도,영암군,태성농장,2015-07-02,0.5512739784910246,0.0253080614225386,0.281047236756663
8eda64ff0982bb66e698fae49d189bad,전라남도,영암군,태양농장,2015-07-02,0.3739145561764326,0.2074044877547071,0.2630122897179057
780b6ea4d7ebf3c29e5cd352735471de,전라남도,영암군,태흥농장,2015-07-02,0.1792636273266747,0.0370329673504666,0.2302253575381168
c68f90cc0f7563b2b3f59181ce774882,전라남도,영암군,태희농장,2015-07-02,0.0746678122045133,0.2330708476687121,0.3627882321215619
3830816d4ace4a71693cb3d858116d32,전라남도,영암군,평안농장,2015-07-02,0.3934875617980779,0.2443009487906076,0.111492690857015
9f56d2f5fcd02fb1d2246d734138f663,전라남도,영암군,평엽농장,2015-07-02,0.1047576240666853,0.0623748399511126,0.5286970565284227
c8c321a729ca1d7bc794c548a31f2fe9,전라남도,영암군,하림농장,2015-07-02,0.265076060553427,0.0258727253973061,0.3048880943849477
a88a5a37623d0f65a9ba00691063770c,전라남도,영암군,하우리농장,2015-07-02,0.1792636273266747,0.0370329673504666,0.2302253575381168
79833f6b29279986befa6ba38162bc45,전라남도,영암군,하은농장,2015-07-02,0.0465754787868376,0.036444033522899,0.2935021177586766
4e3ae9c3bea44c5f739c7f79f7b7cdc3,전라남도,영암군,하정팜(form),2015-07-02,0.0746678122045133,0.2330708476687121,0.3627882321215619
92a1a3ad1b48ec1f9801e0646103bd11,전라남도,영암군,학산농장,2015-07-02,0.06642024271379,0.02879717533813,0.2300536162692328
44983a3e399cf335b10441906029a8ea,전라남도,영암군,한마음농장,2015-07-02,0.4348145837722547,0.0393467809333409,0.2123815446536136
ec0087be68b6163d0b0b2a5aa68a5aad,전라남도,영암군,해맑은농장,2015-07-02,0.1030041866241841,0.0442565622968473,0.330906041948884
236ebc48929d91f53b9134fd38b2f311,전라남도,영암군,해바레축산 영농조합법인,2015-07-02,0.4211820838163537,0.0355306751590983,0.2574017980653951
8b302107c459f59ee71900b38d456396,전라남도,영암군,해창농장,2015-07-02,0.2372251347966369,0.0676635697461624,0.4254828361315444
16afb457e4693aa79699d2f0140b4b6f,전라남도,영암군,행정농장,2015-07-02,0.0694425246778854,0.0326226721390653,0.2596882804207098
32e2d4dfa83180e705ff24d0e8ba8a3b,전라남도,영암군,형암농장,2015-07-02,0.0509904606390327,0.1427200109109437,0.3720176685849237
9fac901c6f4027d1b92eb4be609c996f,전라남도,영암군,호서농장,2015-07-02,0.0509904606390327,0.1427200109109437,0.3720176685849237
8792db989fa8076f6bc1de22454ae1a3,전라남도,영암군,홍균농장,2015-07-02,0.2597749320312367,0.026541618651628,0.0981776370208684
f142275bb1fb915369f6f45f15161230,전라남도,영암군,화산농장,2015-07-02,0.2094893410069551,0.0345259044865989,0.3320160788794795
e7f47189b61d9dc77b850ab9d15ccb66,전라남도,영암군,황두성농장,2015-07-02,0.0376592092938044,0.0224115024055859,0.2807389413416489
208b2ae9a20a1a92a9a4403f7c92445b,전라남도,영암군,효산농장,2015-07-02,0.0376592092938044,0.0224115024055859,0.2807389413416489
5156a35a41e368815a465d9f7a9f0491,전라남도,영암군,희규축산,2015-07-02,0.1528417158011821,0.0909201598843982,0.4704797700364971
4c3d9e7968459e40681e4f3e7afc9041,전라남도,영암군,희망농장,2015-07-02,0.0998224696497341,0.1241578771466939,0.3961463761659558
adfffb25ae7c51f6b3d49ebac1cf32a8,전라남도,영암군,희망축사,2015-07-02,0.1047576240666853,0.0623748399511126,0.5286970565284227
66af66007e0d1881198785acd0345e20,전라남도,영암군,겨레농장,2025-05-01,0.1528417158011821,0.0909201598843982,0.4704797700364971
dbfebd718e324cbaf6aad54217b09cb1,전라남도,영암군,경균농장,2025-05-01,0.4104241989000181,0.0379789191379223,0.2034851304031769
5bdb4ff9f2b1bc68c7e1be7138817f53,전라남도,영암군,금강농장,2025-05-01,0.0,0.0314796164720368,0.2463587810672176
4b2fd55fae662bce7d098d28ca8554b2,전라남도,영암군,금산농장,2025-05-01,0.0746678122045133,0.2330708476687121,0.3627882321215619
56347f2cb2fc02e1022f414f260946c4,전라남도,영암군,기를품은,2025-05-01,0.06642024271379,0.02879717533813,0.2300536162692328
2b0e3f21ae5577415f1bcb8cf7ddea93,전라남도,영암군,기포농장,2025-05-01,0.2032061307466325,0.0283209466459534,0.0219518203470936
ed8db654d129b8563395fb53e685a47c,전라남도,영암군,길록양계,2025-05-01,0.2846485768325631,0.1931644606310698,0.1633010657761744
50822e9f6863c6f143d9a8f666e71eb6,전라남도,영암군,김요한농장,2025-05-01,0.083567293009318,0.0727117976240349,0.5146962171679886
20d4b1f732b78d2bb40be415e205aec0,전라남도,영암군,나영농장,2025-05-01,0.1630313877156235,0.044020801033754,0.467873569007857
6d440e5654b06e76ac30e680c025dcbb,전라남도,영암군,나주뜰오리,2025-05-01,0.1792636273266747,0.0370329673504666,0.2302253575381168
44cc40f7cbfbf9e7434c67b7a994116a,전라남도,영암군,남송농장,2025-05-01,0.1488500908627951,0.0208150573469734,0.0524915708501897
d79a39abd649dbdd9405e187eed98753,전라남도,영암군,농업회사 법인 주식회사 은강,2025-05-01,0.0031676345146832,0.1538351413268131,0.4717068996958995
1d883c5bd947079c4613332bc74c6fad,전라남도,영암군,농업회사법인 조인팜스㈜,2025-05-01,0.0694425246778854,0.0326226721390653,0.2596882804207098
b799f2ec9372f04eddf39ec93bd41f3c,전라남도,영암군,농업회사법인 주식회사 팜스,2025-05-01,0.0,0.0314796164720368,0.2463587810672176
6216b27f54d5ecae6649fb0a602131d9,전라남도,영암군,다미농장,2025-05-01,0.0746678122045133,0.2330708476687121,0.3627882321215619
d8919758573983cc6ce85a601aba9637,전라남도,영암군,달농장,2025-05-01,0.0998224696497341,0.1241578771466939,0.3961463761659558
d8919758573983cc6ce85a601aba9637,전라남도,영암군,달농장,2025-05-01,0.0998224696497341,0.1241578771466939,0.3961463761659558
1767be8ffc7ca9fca9b6157bbec872b4,전라남도,영암군,닭실털보농장,2025-05-01,0.4212589584797762,0.0212263607374387,0.3235730355716751
ed30937cee8bbc16797af121d328ab48,전라남도,영암군,덕진농장,2025-05-01,0.4211820838163537,0.0355306751590983,0.2574017980653951
1815452d97a1a48ff74d2c5b60195f50,전라남도,영암군,동산농장,2025-05-01,0.3351545404883768,0.0311304124170596,0.2789403090285758
dcbe73a87eea240bfa7a3947aefca3ef,전라남도,영암군,든든농장,2025-05-01,0.0376592092938044,0.0224115024055859,0.2807389413416489
84d5fecdd12cf2af1930b544207d9478,전라남도,영암군,또르래농장,2025-05-01,0.2586092026901082,0.0571398440550617,0.3671294330832227
131dd900f324b382ce987294bd0cb951,전라남도,영암군,매일농장,2025-05-01,0.1528417158011821,0.0909201598843982,0.4704797700364971
4d7a78cf0f481196e8442d1b1391df64,전라남도,영암군,목림농장,2025-05-01,0.3816429951236418,0.0285022334276553,0.2606122042997673
0fbc1baa0aa7a3a6931861cb2915a16e,전라남도,영암군,미담이네 농장1,2025-05-01,0.0,0.0621113504824434,0.3656270978321387
156dfd00304c64df00f5e4b8a6b779fe,전라남도,영암군,미담이네농장,2025-05-01,0.4211820838163537,0.0355306751590983,0.2574017980653951
715b02f414fe613ce1a911008051c651,전라남도,영암군,미암농장,2025-05-01,0.035676472018965,0.0476436182337825,0.405342131583329
5347513a4be2842394c2e16d85deb30d,전라남도,영암군,민우농장,2025-05-01,0.265076060553427,0.0258727253973061,0.3048880943849477
fae05f682997c68635ce2ee8918d1725,전라남도,영암군,민중농장,2025-05-01,0.0509904606390327,0.1427200109109437,0.3720176685849237
fc55b580b0312ea95594b4e7ba3f84c9,전라남도,영암군,백호축산,2025-05-01,0.0746678122045133,0.2330708476687121,0.3627882321215619
1f6b058d36425da340ac071f216772ef,전라남도,영암군,범천농장,2025-05-01,0.4104241989000181,0.0379789191379223,0.2034851304031769
49b62be7853947a379e492179ed9adfb,전라남도,영암군,벧엘농장,2025-05-01,0.3816429951236418,0.0285022334276553,0.2606122042997673
a8a990c1f0110b627edeb9461572e268,전라남도,영암군,벧엘농장,2025-05-01,0.1772732545429353,0.0428642169524892,0.2960653962378511
6e013c588f3d760171d404549d3449d7,전라남도,영암군,뿌리농장,2025-05-01,0.083567293009318,0.0727117976240349,0.5146962171679886
312f8a61845f2e857fd64dbf81ff7a4c,전라남도,영암군,사랑농장,2025-05-01,0.0465754787868376,0.036444033522899,0.2935021177586766
52b2c2b864667fa07ece9a3d190ba891,전라남도,영암군,삼성농장,2025-05-01,0.1528417158011821,0.0909201598843982,0.4704797700364971
52b2c2b864667fa07ece9a3d190ba891,전라남도,영암군,삼성농장,2025-05-01,0.1528417158011821,0.0909201598843982,0.4704797700364971
2e9d7b1ba5502c1bf2d8e10a9594ddb6,전라남도,영암군,삼한농장,2025-05-01,0.0360261016070157,0.0317869002048315,0.2737051627758765
f4bd321e2e7494f3920fdfa6c5fdea04,전라남도,영암군,상록농장,2025-05-01,0.0444352704519804,0.0324981726320168,0.2084861195210917
e918a19931dee3b0439cdf93fce8b39b,전라남도,영암군,새로나농장,2025-05-01,0.265076060553427,0.0258727253973061,0.3048880943849477
1ed62188320a891491374eaa4c62ae3d,전라남도,영암군,성민농장,2025-05-01,0.3816429951236418,0.0285022334276553,0.2606122042997673
18a0a15754a44925b66801985d574597,전라남도,영암군,성실농장,2025-05-01,0.0465754787868376,0.036444033522899,0.2935021177586766
c06ce048c3ea95c0b1d4c2a21dd14d72,전라남도,영암군,성윤농장,2025-05-01,0.0509904606390327,0.1427200109109437,0.3720176685849237
bbbc6071885494b0a0d3077a0f227f03,전라남도,영암군,성진농장,2025-05-01,0.0694425246778854,0.0326226721390653,0.2596882804207098
81a27d8c1c4da3cf3c4bec850ae91822,전라남도,영암군,성진농장,2025-05-01,0.0509904606390327,0.1427200109109437,0.3720176685849237
b3a1e1fa60735177b3e8982f613fc255,전라남도,영암군,성현축산,2025-05-01,0.083567293009318,0.0727117976240349,0.5146962171679886
615d5ea7054b7cad30154b6022825180,전라남도,영암군,성환농장,2025-05-01,0.0376592092938044,0.0224115024055859,0.2807389413416489
970659e3a12dd962af739d20bb101d15,전라남도,영암군,수지농장,2025-05-01,0.4348145837722547,0.0393467809333409,0.2123815446536136
6c2d7a824df84e70fc797dbfe8171b6b,전라남도,영암군,순광농장,2025-05-01,0.0,0.0800828194583831,0.2849087295945864
8252ac5886a3ff0d968c48c628b2cf26,전라남도,영암군,순화농장,2025-05-01,0.0746678122045133,0.2330708476687121,0.3627882321215619
b70a45a4b175a9a3acd96059fb4e2700,전라남도,영암군,승승농장,2025-05-01,0.0746678122045133,0.2330708476687121,0.3627882321215619
a5215c78086cc6fc8661b8a346852921,전라남도,영암군,승준농장,2025-05-01,0.313095675534185,0.2308047663822614,0.2685022360082331
666d979280c0bfe9a42cc5ecb72ffd88,전라남도,영암군,승호농장,2025-05-01,0.083567293009318,0.0727117976240349,0.5146962171679886
2f105767f5319c0d91cc89c78437b4ed,전라남도,영암군,신연농장,2025-05-01,0.1047576240666853,0.0623748399511126,0.5286970565284227
98a14a5c6fe1dcde6344b5697cce42a4,전라남도,영암군,신원농장,2025-05-01,0.0376592092938044,0.0224115024055859,0.2807389413416489
e8ab07db2c55108769baa469dee80c81,전라남도,영암군,알파덕,2025-05-01,0.0900275419830603,0.0306361350828472,0.286142650228312
a1bb63f269d3ec625a2b6d6d80a104f6,전라남도,영암군,애니피아,2025-05-01,0.2725026305805115,0.0129004378303255,0.0215278024931847
a1bb63f269d3ec625a2b6d6d80a104f6,전라남도,영암군,애니피아,2025-05-01,0.2725026305805115,0.0129004378303255,0.0215278024931847
5912140d8cf15aff9098a10798145794,전라남도,영암군,에덴농장,2025-05-01,0.0746678122045133,0.2330708476687121,0.3627882321215619
f033464584845f035b03af6981f6094d,전라남도,영암군,연진농장,2025-05-01,0.3816429951236418,0.0285022334276553,0.2606122042997673
c713e39e78527e6aa65ad68e5624b731,전라남도,영암군,영민농장,2025-05-01,0.1043094165462779,0.0414650964949059,0.2967910340729268
15cc675763525d1da13afa947890f97e,전라남도,영암군,영신농장,2025-05-01,0.0376592092938044,0.0224115024055859,0.2807389413416489
8e734be5db6b71be1f6899badf3bb190,전라남도,영암군,영신농장2,2025-05-01,0.0376592092938044,0.0224115024055859,0.2807389413416489
c6a4f61610868ac430606e885675dc0d,전라남도,영암군,영진농장,2025-05-01,0.1792636273266747,0.0370329673504666,0.2302253575381168
6925a51f5dab2a1026b0c3f5ff90a080,전라남도,영암군,오리천국,2025-05-01,0.0746678122045133,0.2330708476687121,0.3627882321215619
c56e5b9d0eda339bb57430797993aafb,전라남도,영암군,옥주농장,2025-05-01,0.3299549181641929,0.172360013920083,0.1287665805459858
26c8a146c4d43d646c9bec02b94671fe,전라남도,영암군,우도농장,2025-05-01,0.1427993288581281,0.0520309590990964,0.3286028762370169
668e9b289dfe9cdfe42e4c3a04594780,전라남도,영암군,우리농장,2025-05-01,0.0465754787868376,0.036444033522899,0.2935021177586766
9ff09c2f5ce48a895f70550750d6828f,전라남도,영암군,우리농장,2025-05-01,0.1043094165462779,0.0414650964949059,0.2967910340729268
0a1e2d7a720b8387607da88aca7bfa2a,전라남도,영암군,우리영농조합법인 농장,2025-05-01,0.0746678122045133,0.2330708476687121,0.3627882321215619
13a931c8938473dcbacd9bc3d34c900f,전라남도,영암군,우송농장,2025-05-01,0.1772732545429353,0.0428642169524892,0.2960653962378511
759fda6d02f4d180bfc1d7ee3b23acb1,전라남도,영암군,우주농장,2025-05-01,0.0444352704519804,0.0324981726320168,0.2084861195210917
f289777a3a922fb86717922c9c6455ec,전라남도,영암군,원광1농장,2025-05-01,0.1792636273266747,0.0370329673504666,0.2302253575381168
66c6a9ae6117a87b4d56e5e462207c63,전라남도,영암군,원광2농장,2025-05-01,0.1792636273266747,0.0370329673504666,0.2302253575381168
aafcca71026a7d52a9a5fb7c845ecb32,전라남도,영암군,원앙골농장,2025-05-01,0.3816429951236418,0.0285022334276553,0.2606122042997673
57e483a99ab0999c6ce2c80ba0aec0a6,전라남도,영암군,월지농장,2025-05-01,0.1792636273266747,0.0370329673504666,0.2302253575381168
5400c8491ab39f1fd8f5e7462f3a6cd8,전라남도,영암군,월출농장,2025-05-01,0.0746678122045133,0.2330708476687121,0.3627882321215619
689467352b0a87120bc347e8b71ef80f,전라남도,영암군,유피갈곡농장,2025-05-01,0.265076060553427,0.0258727253973061,0.3048880943849477
c02c202d6d91dcd658554ccd1c49a02f,전라남도,영암군,유피월롱농장,2025-05-01,0.1772732545429353,0.0428642169524892,0.2960653962378511
a57e2c9ead36676b70debf6589172413,전라남도,영암군,일광농장,2025-05-01,0.1047576240666853,0.0623748399511126,0.5286970565284227
0a49dea6e611a1fcd5c00567750f0c03,전라남도,영암군,일광농장,2025-05-01,0.1792636273266747,0.0370329673504666,0.2302253575381168
4278affc2c40b95d6f3c556e2746ddba,전라남도,영암군,일움농장,2025-05-01,0.1140679128697635,0.0442585425972222,0.3323143260957854
a671dc68a2910f26e03c2778001a1871,전라남도,영암군,장구섬농장,2025-05-01,0.0746678122045133,0.2330708476687121,0.3627882321215619
1bc7e86330183d37e8d62d75fb3f883b,전라남도,영암군,장수농장,2025-05-01,0.0465754787868376,0.036444033522899,0.2935021177586766
01a92f8f9e889c8c397f34670af55a22,전라남도,영암군,주안농장,2025-05-01,0.0746678122045133,0.2330708476687121,0.3627882321215619
1675f8e88462bdfdd13480c1a77f31fb,전라남도,영암군,주안농장,2025-05-01,0.3470185473695459,0.0441865730524143,0.4119736408843285
558f1cb13b1492a3a2d5b0b0659e9589,전라남도,영암군,주현농장,2025-05-01,0.1427993288581281,0.0520309590990964,0.3286028762370169
9312102f950b1f78e934867f17a1dc25,전라남도,영암군,지명농장,2025-05-01,0.0746678122045133,0.2330708476687121,0.3627882321215619
5852cb8a298f17f488f44d9b75227ebe,전라남도,영암군,지영농장,2025-05-01,0.0746678122045133,0.2330708476687121,0.3627882321215619
39366ca5e9e4ac0d541c72fa490344b9,전라남도,영암군,지훈농장,2025-05-01,0.0746678122045133,0.2330708476687121,0.3627882321215619
7b7f30fc01a3faf7a4c4d2816c931389,전라남도,영암군,진웅농장,2025-05-01,0.0509904606390327,0.1427200109109437,0.3720176685849237
d8a123f2037779c775c5acb8f3904452,전라남도,영암군,참살이농장,2025-05-01,0.2846485768325631,0.1931644606310698,0.1633010657761744
b296498a76f060be396aac88201834fb,전라남도,영암군,초계축산,2025-05-01,0.4348145837722547,0.0393467809333409,0.2123815446536136
b81c5fca38271dca99dcf95b5129f202,전라남도,영암군,코스모스농원,2025-05-01,0.2032061307466325,0.0283209466459534,0.0219518203470936
18298dd9f846d838b1713f13fa308752,전라남도,영암군,코코농장 1,2025-05-01,0.0746678122045133,0.2330708476687121,0.3627882321215619
d840e87390bd4bca8f7b28097ad20db7,전라남도,영암군,코코농장 2,2025-05-01,0.0746678122045133,0.2330708476687121,0.3627882321215619
1bc746a7eb8b16c8ea4becac04a89ee7,전라남도,영암군,태광농장,2025-05-01,0.1528417158011821,0.0909201598843982,0.4704797700364971
f2e94655fac8261a03c6266227c0c4fd,전라남도,영암군,태산농장,2025-05-01,0.0509904606390327,0.1427200109109437,0.3720176685849237
659a3a5503653ef6edc255db0456a05b,전라남도,영암군,태석농장,2025-05-01,0.1043094165462779,0.0414650964949059,0.2967910340729268
e2ba3c79af0681aec82165ee21b08560,전라남도,영암군,태성농장,2025-05-01,0.4379236135631408,0.3002661433476343,0.1095203939335006
6d8d0ebfb2f4003c912c298e24bc02ce,전라남도,영암군,태평농장,2025-05-01,0.6181734035488672,0.0234204204945673,0.221978699824135
bdefbf71b8dd08bc2f941de154b5a2d9,전라남도,영암군,태평농장,2025-05-01,0.1047576240666853,0.0623748399511126,0.5286970565284227
a88a5a37623d0f65a9ba00691063770c,전라남도,영암군,하우리농장,2025-05-01,0.1792636273266747,0.0370329673504666,0.2302253575381168
df8c4dfd341dd8ac14c08b03cef6ad7c,전라남도,영암군,하우리덕,2025-05-01,0.1792636273266747,0.0370329673504666,0.2302253575381168
79833f6b29279986befa6ba38162bc45,전라남도,영암군,하은농장,2025-05-01,0.0465754787868376,0.036444033522899,0.2935021177586766
8bec0804330b94cf38f126b00b11a4cd,전라남도,영암군,하정팜(farm),2025-05-01,0.0746678122045133,0.2330708476687121,0.3627882321215619
3656525bc2d8ac2c2622a1d722ee9d35,전라남도,영암군,학동농장,2025-05-01,0.3816429951236418,0.0285022334276553,0.2606122042997673
92a1a3ad1b48ec1f9801e0646103bd11,전라남도,영암군,학산농장,2025-05-01,0.06642024271379,0.02879717533813,0.2300536162692328
8aa9c103e484653d5d9db173068d4495,전라남도,영암군,해랑농장,2025-05-01,0.6181734035488672,0.0234204204945673,0.221978699824135
ec0087be68b6163d0b0b2a5aa68a5aad,전라남도,영암군,해맑은농장,2025-05-01,0.1030041866241841,0.0442565622968473,0.330906041948884
09f3ef92480bce7308c4914a931cd4ca,전라남도,영암군,해종축산,2025-05-01,0.0998224696497341,0.1241578771466939,0.3961463761659558
037f02afffa05c2f6081703fb1cc93bc,전라남도,영암군,햇살농장 태양광,2025-05-01,0.1140679128697635,0.0442585425972222,0.3323143260957854
5df3dbb29411bbc4bcb12c396fd00fbb,전라남도,영암군,행복농장,2025-05-01,0.2586737644572387,0.0830477040534951,0.412459104608166
2bc95860645095ffbc6298fd2f3b36a0,전라남도,영암군,향월농장,2025-05-01,0.4211820838163537,0.0355306751590983,0.2574017980653951
75e6c7959e87d43519166c6a8d131007,전라남도,영암군,허니농장,2025-05-01,0.0360261016070157,0.0317869002048315,0.2737051627758765
d75a35f96c3285e0dfe8a954d4391fbc,전라남도,영암군,현수농장,2025-05-01,0.0376592092938044,0.0224115024055859,0.2807389413416489
32e2d4dfa83180e705ff24d0e8ba8a3b,전라남도,영암군,형암농장,2025-05-01,0.0509904606390327,0.1427200109109437,0.3720176685849237
c1fccdd22846c2fca2f104e3ab6ff42e,전라남도,영암군,형제농장,2025-05-01,0.0465754787868376,0.036444033522899,0.2935021177586766
27219d65e1fead4133a4f9628741adfb,전라남도,영암군,형제농장,2025-05-01,0.0746678122045133,0.2330708476687121,0.3627882321215619
3f8a75d21ff2398eb63c89f6e0e64750,전라남도,영암군,홍이농장,2025-05-01,0.1792636273266747,0.0370329673504666,0.2302253575381168
f142275bb1fb915369f6f45f15161230,전라남도,영암군,화산농장,2025-05-01,0.2094893410069551,0.0345259044865989,0.3320160788794795
f142275bb1fb915369f6f45f15161230,전라남도,영암군,화산농장,2025-05-01,0.2094893410069551,0.0345259044865989,0.3320160788794795
c7dd9e62dcc7d7bcd1ac000644b4f2f7,전라남도,해남군,갈*리 닭 농장,2023-07-01,0.0359906760233797,0.0593632595155043,0.2050700981935849
b58528a7153d5f0bd8595d522bceb0e7,전라남도,해남군,거*농장,2023-07-01,0.128850423895417,0.0982458523029789,0.2327947997058926
655e11a087cbda7991b29687ce2e39e5,전라남도,해남군,계*농장,2023-07-01,0.2086070209881944,0.0613901099549651,0.4256913714179522
01c7a25ea985a164f6c03d83646dcebc,전라남도,해남군,김*용농장,2023-07-01,0.2135647071181145,0.045075411958,0.1695449257202361
242da201cd05aeba9bef11eba7a007a9,전라남도,해남군,남*미래창조농장,2023-07-01,0.0039361748484302,0.0507817191350065,0.1930866004117505
8d3973a2021585f5057395c44b601811,전라남도,해남군,농*회사법인 ㈜*솔,2023-07-01,0.0874927388191781,0.0365065253460131,0.1035442295723381
45b0ddab3599e8c1bbb176ad17d4e58c,전라남도,해남군,농*회사법인(유) 이*,2023-07-01,0.2135647071181145,0.045075411958,0.1695449257202361
aea958af2a0ab281e5d68dc948527853,전라남도,해남군,당*농장,2023-07-01,0.0668985851768608,0.1861969784488547,0.0494575668449564
0cc68e8610a79b675ab48edc62e4e733,전라남도,해남군,대*농장,2023-07-01,0.1730881624195754,0.0530046271268668,0.195001790748373
45f9c9033f80067b20f4dbe1d02f7272,전라남도,해남군,도*농장,2023-07-01,0.1452173653550991,0.0679984558332682,0.3963429829353132
9bb9d87dfd5bcd2a9866cddd3b4ef115,전라남도,해남군,두*리축산,2023-07-01,0.0272284512198962,0.0641843174472587,0.326072876576681
1c91938a496b89be96a4310c236461a4,전라남도,해남군,명*산업농장,2023-07-01,0.0359906760233797,0.0593632595155043,0.2050700981935849
42452ecb36a02631593327d0361aba7e,전라남도,해남군,무*개농장,2023-07-01,0.1138177951083389,0.0541611677621413,0.2648090958183073
0a9561fab81503c04956ea8e5dcda3a4,전라남도,해남군,무*개농장 2,2023-07-01,0.0272284512198962,0.0641843174472587,0.326072876576681
09c1a4fc5025f06da7c2a2e18050a222,전라남도,해남군,반*농장,2023-07-01,0.0539301232178805,0.1843690341513433,0.2342890714059428
7a001a315565a58c25a3098f63295cd9,전라남도,해남군,산*농원,2023-07-01,0.0,0.1448653318397154,0.1620197561974174
1a60ffbf78569026cb3909875d9558ca,전라남도,해남군,섬*농장,2023-07-01,0.0409697874595342,0.1172424387986174,0.3699637495077169
c25662aa961b6691bc2f45c9c8e53367,전라남도,해남군,신*토종닭농장,2023-07-01,0.0874927388191781,0.0365065253460131,0.1035442295723381
18954b9200520ab5f0383304924090c5,전라남도,해남군,알*니양계,2023-07-01,0.0697911378238934,0.0412547723644542,0.2725221224407077
9b9c275bb07505e634418012af5afac6,전라남도,해남군,예*향농원,2023-07-01,0.0359906760233797,0.0593632595155043,0.2050700981935849
1951be555e31a2a21cb2e9b62f7da4b7,전라남도,해남군,오*야농장,2023-07-01,0.0039361748484302,0.0507817191350065,0.1930866004117505
b12719516a535d5c29769860d9d091e2,전라남도,해남군,이*농장,2023-07-01,0.1352246678046862,0.013695558158793,0.0995376572776883
d1da8ee9638fee1c732f15dca6a7db7d,전라남도,해남군,임*누엘농장,2023-07-01,0.0332116110724311,0.0214997000532625,0.0475775589785558
d31160ef36d51417f7ab895e81048f2c,전라남도,해남군,임*누엘농장,2023-07-01,0.3440918434958929,0.2746732405032314,0.1966813875492325
5a8e4023dfec54abfdc40559367e9566,전라남도,해남군,자*로하스,2023-07-01,0.3039011963829842,0.0770198762604128,0.2496827382420034
418fdc3eb50bf5f2884044b0b7f1b73e,전라남도,해남군,찬*네 해피팜스,2023-07-01,0.3039011963829842,0.0770198762604128,0.2496827382420034
369fd75e79bcf8fb564ff6cc564cf8c7,전라남도,해남군,참*은농장,2023-07-01,0.0409697874595342,0.1172424387986174,0.3699637495077169
aee67060bda082b2f9e01ae35cc1fe75,전라남도,해남군,천*인농장,2023-07-01,0.1059691214609875,0.0403812996009581,0.2688876123655715
83d758a2a2acc29bb17d1dc950e1e0dd,전라남도,해남군,해*농장,2023-07-01,0.0,0.0637849664735442,0.2000839734006817
7d781a58b7f7a8b538403c33f35a226d,전라남도,해남군,해*농장,2023-07-01,0.3093260687549569,0.0439452739059279,0.2531884247065776
1c5896f061ceca2db4cfcee348602b2b,전라남도,해남군,해*축산,2023-07-01,0.0943486845596907,0.1552781628582092,0.2129041542622315
b878f033564adfe3e2c9f8be1a5dd054,전라남도,해남군,현*축산,2023-07-01,0.1996242627420513,0.0357310033722803,0.1188787188202536
338a912520f73520bcba3298f49289c1,전라남도,해남군,형*농장,2023-07-01,0.0272284512198962,0.0641843174472587,0.326072876576681
0c06cf7703b3fd1986e5ee08b07a49a5,전라남도,해남군,형*종계농장,2023-07-01,0.0,0.1081304145524362,0.3268937400797079
318a99d271c29a032bcf1fd57deb5277,전라남도,해남군,호*농원,2023-07-01,0.2222178840986941,0.031741747422469,0.1800711205896762
2e59efe5747b8263bce6094b112ecf42,경기도,김포시,OK농장,2020-01-31,0.0110481404282492,0.3575040196225628,0.1249196005003088
a21520ce1ec4f5ab9579c3cc3bdf528f,경기도,김포시,가우농장,2020-01-31,3.0572949701375545,0.0,0.0
0e19000a2d95567eba444ada8b4cc2a2,경기도,김포시,가현농장,2020-11-30,2.748468402013062,5.890108164466248e-05,5.1164518535528624e-06
49af706b9b453361446ebd565c7ac639,경기도,김포시,가현농장,2020-11-30,3.131798251923408,0.0,0.0
b3ebecce85a07b49815b7395cf527ce6,경기도,김포시,가현농장,2021-11-30,2.8097705492849423,4.894177186061317e-05,5.1164518535528624e-06
01d0c6184378a985697c9375ed8aa8c5,경기도,김포시,갈산농장,2021-04-30,6.264845446933409,0.0,0.0
2b4e91a393fe92ccf9285f91e49b384f,경기도,김포시,거목농장,2021-06-30,6.467636950314259,0.0,0.0
7bf90316c705924fa4033081837c56ac,경기도,김포시,규환농장,2020-04-30,11.266146195102412,0.0,0.0
7bf90316c705924fa4033081837c56ac,경기도,김포시,규환농장,2021-11-30,11.266146195102412,0.0,0.0
08bd6a912ec6c8a8561973020fb86bd5,경기도,김포시,금산농장,2021-06-30,2.8464302754081134,0.0001262273299387,0.0001155185220893
9a81ef2d09358f279a47db1d2bc8a299,경기도,김포시,금화농장,2019-12-31,4.3561257717642885,0.0,0.0
7b63ad90d304a19925eed8390a040adf,경기도,김포시,금화농장,2021-07-31,4.3571442422238995,0.0,0.0
cfbc4088373368ed78d1bafa4d41c473,경기도,김포시,기철농장,2020-05-31,0.6368559357619014,0.0038242781934488,0.0115293107887775
0c0940a3635482800308dc76fddf3be6,경기도,김포시,김포 자연 농장,2021-07-31,3.9624140549102167,0.0,0.0
78c8883e870b1999e08132c5ccc90d30,경기도,김포시,김포메추리농장,2020-05-31,2.141576366127671,0.0010300169926128,0.0035339408879783
772bd4d4228c91adb76e9f5af1ebc2b4,경기도,김포시,김포축산,2021-09-30,0.87520935719469,0.0046205792022309,0.007041717621433
1c206f018b77211e01d1ea4ff50d2fb3,경기도,김포시,깻잎농원,2021-06-30,0.1603088233459679,0.2809386368411198,0.0605497596123064
b75d39160c69d998d7d7af5b81618f3d,경기도,김포시,대곶농장,2020-06-30,0.2965576792921239,0.0048849031957401,0.0290098244389063
b75d39160c69d998d7d7af5b81618f3d,경기도,김포시,대곶농장,2020-07-31,0.2965576792921239,0.0049001671240174,0.0293652972996955
c3f3d5a8e6848e527ecf7b6279c33b7b,경기도,김포시,대명농장,2020-06-30,0.5687648558012589,0.0836338166513992,0.0158071125718793
c3f3d5a8e6848e527ecf7b6279c33b7b,경기도,김포시,대명농장,2020-07-31,0.5687648558012589,0.0836677561134784,0.015810527687756
ad8879a64987e12c34a2c28b9017eca4,경기도,김포시,대명농장Ⅱ,2021-07-31,0.670938076638164,0.0750555743881387,0.0153144633236911
810bd1b6845a7ba686d40398e14a9bbc,경기도,김포시,대포농장,2020-04-30,0.0344909353666884,0.0222220769201522,0.056854757619156
4470c3e23f4315f24895eb5725e16c6b,경기도,김포시,대포농장,2020-04-30,5.992943874564179,0.0,0.0
dbeababc0c4501ea04cf098514c472bb,경기도,김포시,도수농장,2020-11-30,3.8408503710724182,0.0,0.0
71d427faa568bdae59accb340e6ac73f,경기도,김포시,동해농장,2020-05-31,0.0168824743902582,0.0086926714143978,0.0300646006276604
71d427faa568bdae59accb340e6ac73f,경기도,김포시,동해농장,2021-09-30,0.0168824743902582,0.0123658611628104,0.0482783306418686
478c5e260a0080823b449955d86558b3,경기도,김포시,두우농장,2021-07-31,0.3395227434307999,0.0131998309960119,0.0374181645548369
efab731b37e49e27cde60a032e120411,경기도,김포시,드림농장,2021-06-30,7.143873723141374,0.0,0.0
d1f8e960c927df90eb44fd95eb5b72ef,경기도,김포시,루디요안 농장,2021-09-30,11.809856058192429,0.0,0.0
acca106eced95ab95874b0b703f5ec3c,경기도,김포시,루디요안 농장,2020-01-31,11.81094289529496,0.0,0.0
1671bc21b05332b43380b52f66ff4fdf,경기도,김포시,말무리농장,2020-04-30,9.172050149354956,0.0,0.0
1671bc21b05332b43380b52f66ff4fdf,경기도,김포시,말무리농장,2021-04-30,9.172050149354956,0.0,0.0
83ad21dd601db58b0c728a16e52b92bc,경기도,김포시,명석농장,2020-05-31,7.211501802361931,0.0,0.0
35a83b7690600c5e2d7521f1b4917731,경기도,김포시,무량농장,2021-06-30,0.1785184774122734,0.0123658611628104,0.0482783306418686
38c713ca20d74532176bc521304f34fa,경기도,김포시,미혜농장,2020-01-31,0.0251201614146321,0.0642309601613544,0.1393211138547543
78f1937cd66976554a83166860d66bf5,경기도,김포시,미화농장,2020-01-31,3.1039780655524742,0.0,0.0
495287d1df82f62b65bfc56cd4b83593,경기도,김포시,민호농장,2021-06-30,2.7891493470180206,5.890108164466248e-05,5.1164518535528624e-06
809b0603117e975662878684334754ff,경기도,김포시,밤농장,2020-01-31,0.3395227434307999,0.0177107837384272,0.0587722415739116
809b0603117e975662878684334754ff,경기도,김포시,밤농장,2021-04-30,0.3395227434307999,0.0131998309960119,0.0374181645548369
42353f6db7d36ebbf8173f1b877aad06,경기도,김포시,방글농장,2021-11-30,4.876695276140504,0.0,0.0
42353f6db7d36ebbf8173f1b877aad06,경기도,김포시,방글농장,2020-04-30,4.876695276140504,0.0,0.0
7b203320200a8c05d5386521c480f161,경기도,김포시,방씨농장,2020-04-30,0.0051410278056699,0.5822836851764195,0.1008671371725522
4056e416a02e5fe1e576b238cc8b2fca,경기도,김포시,백산농원,2021-06-30,0.2906102087247755,0.0131998309960119,0.0374181645548369
4056e416a02e5fe1e576b238cc8b2fca,경기도,김포시,백산농원,2020-04-30,0.2906102087247755,0.0052737204573677,0.017080151642959
7c8bcc55cf3b5034922987585d5a0c40,경기도,김포시,범아농장,2021-09-30,10.001716480556006,0.0,0.0
4b88dd21f8cfbd547ca27bc514e1366e,경기도,김포시,봉룡농장,2021-09-30,6.293457890350469,0.0,0.0
972f304b2ccdfbff36e4c32a2b1145e9,경기도,김포시,봉림농장,2021-04-30,1.9442019758067175,0.0016161609205495,0.0055756641211203
9742ff04d9136f7a699422e7f17bbb8b,경기도,김포시,봉성농장,2019-12-31,4.803962764616678,0.0,0.0
9ca0f53b1ba68ebd700931e4cbc7a336,경기도,김포시,부부농장,2020-01-31,1.1218720645508584,0.0026421259902699,0.0027180872927059
97b25886d02bf116b137a9a17fe1f862,경기도,김포시,부부농장,2020-05-31,1.8648745053669824,0.0023057024427101,0.0045754726008808
e91fa110653d7232f24b4c5c806d8957,경기도,김포시,부부농장,2021-09-30,1.8651635583983472,0.0022966340776632,0.0045601191102151
16fa34f0d608f612edbe6d7cef0d1798,경기도,김포시,산골농장,2021-07-31,3.156182018093766,0.0,0.0
79e5102fcb5ce048c237b85d26034133,경기도,김포시,산천농장,2020-05-31,0.3264336833912242,0.127514786632446,0.0287693405441646
90cb5f11adc211f22eef3d60029add48,경기도,김포시,상권 농장,2020-01-31,9.253622215406184,0.0,0.0
cd68ca7d1347c3d00cb43da4e87cb54d,경기도,김포시,상림,2020-05-31,2.06441580330185,0.0012675963799462,0.0040643770039275
02b9237b53406180e5964b5dd47d73a1,경기도,김포시,성호농장,2019-12-31,5.328029702987801,0.0,0.0
02b9237b53406180e5964b5dd47d73a1,경기도,김포시,성호농장,2021-11-30,5.328029702987801,0.0,0.0
f049f9d3fc76a3fd9d41ed841e466a33,경기도,김포시,세명농장,2021-11-30,0.1767197924214977,0.202194632582201,0.1262844233304374
4ec9be5243a7877da95454d03936bc37,경기도,김포시,쇄암축산,2020-05-31,3.669022288421957,0.0,0.0
e2578fb6c62ef60aa69d981c25534700,경기도,김포시,수현농장,2021-04-30,8.240951134257994,0.0,0.0
e75a317fbf5615062dd6f0cbbb9b7656,경기도,김포시,순이농장,2020-05-31,0.6390668022363684,0.003923127068788,0.0141078821771714
058079a9c750b006e93b05febe476c3e,경기도,김포시,시암청정농원,2021-07-31,11.341603037529191,0.0,0.0
f0e710fa4ae5538775f3ae6d35dc97f7,경기도,김포시,신미농장,2020-05-31,0.7542588024454244,0.0039021344325483,0.0049929781612635
0edb0797d27aca121027ea2c6a3053c9,경기도,김포시,안골농원,2019-12-31,10.81054696013743,0.0,0.0
e3f6586318a766ffb3c85f17b5e710f0,경기도,김포시,약산농장,2021-07-31,0.0793235317676919,0.2359134187589928,0.1357417848271118
7577bb1bd5cd626d5392b724506f6973,경기도,김포시,약산농장,2021-07-31,0.2113279991000236,0.1324822226339598,0.1031908427844021
d542d9d0fe6ee022c1fdee810bb7de46,경기도,김포시,약산농장,2021-06-30,0.3647998585377047,0.1291665442660803,0.1140896267601033
bdb06683e9033121cc5c58ab97bc530d,경기도,김포시,약산동해농장,2021-07-31,0.3647998585377047,0.1291665442660803,0.1140896267601033
277e79c90a8fd769048e6b03802723ae,경기도,김포시,연주농장,2020-11-30,0.0090476737625384,0.0324241606696144,0.1110261521626114
5d99c5e622ac96a06d68058608ba732b,경기도,김포시,영창농장,2020-05-31,0.1964747456251853,0.0509049971799814,0.1169028444773984
5d99c5e622ac96a06d68058608ba732b,경기도,김포시,영창농장,2021-07-31,0.1964747456251853,0.0515940567582572,0.1170477030077425
28f0f4c2f2eb2a8c9eabafe698453455,경기도,김포시,영철농장,2020-04-30,0.1473311350861635,0.0059127206053494,0.0185747991770994
28f0f4c2f2eb2a8c9eabafe698453455,경기도,김포시,영철농장,2021-04-30,0.1473311350861635,0.0123658611628104,0.0482783306418686
19c8448fc7e69d0e098c1cfb70e84c8b,경기도,김포시,옥화농장,2020-07-31,10.76578216279182,0.0,0.0
2ca4b6fdea8810ca092b2a9f46ec99ac,경기도,김포시,우정농장,2019-12-31,2.3051251754501103,0.0014298566229825,0.005790492589376
2ca4b6fdea8810ca092b2a9f46ec99ac,경기도,김포시,우정농장,2020-11-30,2.3051251754501103,0.0014667521431851,0.0062661165273098
55f2dee7ff8ea253dd24ce187f70c05d,경기도,김포시,운호농장,2019-12-31,2.420595403229855,0.0005174658675193,0.0001950359505642
85dc7dac3f49d98d6f870fae58377bf7,경기도,김포시,유성농장,2020-11-30,2.9728229998851115,2.4535057626500396e-06,6.760890966168886e-05
8e8bc69aaf850f1ea3c4c36419a46f50,경기도,김포시,은상농장,2020-07-31,2.287824158773785,0.0013548855664119,0.0046142569672094
8e8bc69aaf850f1ea3c4c36419a46f50,경기도,김포시,은상농장,2020-04-30,2.287824158773785,0.001354850179846,0.0046141134410754
329d5af325bcb5574284682c5f71921d,경기도,김포시,은혜농장,2021-11-30,3.156182018093766,0.0,0.0
7be9245d18521e390008fc0cebe8b73d,경기도,김포시,이범주농장,2021-09-30,0.0107472197810534,0.0308186737663014,0.1098228649214696
7be9245d18521e390008fc0cebe8b73d,경기도,김포시,이범주농장,2020-04-30,0.0107472197810534,0.030832114711088,0.1098396217108016
68901335853e214db91e4a3845e068ac,경기도,김포시,이원행 농장,2021-09-30,0.0797119463031811,0.0237884833624466,0.0978700561051706
68901335853e214db91e4a3845e068ac,경기도,김포시,이원행 농장,2020-05-31,0.0797119463031811,0.0236845583801717,0.0973111310234746
c6511928cdcf19ccc9c662b8b2814bdf,경기도,김포시,인천농장,2021-09-30,10.995902493277017,0.0,0.0
c6511928cdcf19ccc9c662b8b2814bdf,경기도,김포시,인천농장,2020-06-30,10.995902493277017,0.0,0.0
0168d6a4311e61cf00d9c9e770c38d93,경기도,김포시,인하 농장,2021-07-31,3.0473497529392164,0.0,0.0
2b16c3c25f2048147196af1f56e39361,경기도,김포시,장락농장,2020-06-30,2.381326990345247,0.006297488664305,0.0015672973827748
26198f2d75d363d60630a8adfa7562f5,경기도,김포시,정윤농장,2020-05-31,2.4922152164149756,0.0002889414126918,0.0001950359505642
b86a1a1e9084cd082aaa677ba4c0cd3f,경기도,김포시,젖가락이 행복한 농장,2021-06-30,0.2638684373732426,0.0448471854391977,0.1119830821256545
1f2cbc109902c7e72a1822246e429b61,경기도,김포시,종훈농장,2021-04-30,4.211499316496589,0.0,0.0
ac75222bbd1acb194b93c352d95c3b7a,경기도,김포시,주일농장,2020-07-31,0.336683524242008,0.0246091077093376,0.0775604805074178
bcd3a724c553ff34b7aa9ebfa9170fe5,경기도,김포시,준희농장,2020-05-31,3.0955700107013295,0.0,0.0
dfcb0361480d465e366b73708b1492f3,경기도,김포시,진영농장,2020-05-31,0.1221706668568162,0.262466112494872,0.0896433953231163
1872d7cae24a7b4fb94dcd0dc3ed3fbc,경기도,김포시,천풍농장,2021-04-30,0.0090022342209558,0.3330910597519622,0.1267466551898981
855e5561fd5809112a02aad53360cd5f,경기도,김포시,청솔산업,2020-06-30,6.333185318800279,0.0,0.0
07643a11e50b29003290efdadab0f72d,경기도,김포시,청암농장,2020-05-31,0.1253283486596222,0.1285042403667554,0.0946416495178865
d0a6e4ce6b70323ccf058e2fe8bd9fec,경기도,김포시,초롱농장,2020-06-30,1.225395623047106,0.0029907342245233,0.0132452077305904
d0a6e4ce6b70323ccf058e2fe8bd9fec,경기도,김포시,초롱농장,2020-11-30,1.225395623047106,0.0241313156602389,0.0145662173776263
b599c7f40c60328378faaff6501498da,경기도,김포시,코코스가든,2021-06-30,0.0474401028319332,0.1067298797251445,0.1352210653429923
e4cc48388fc93345ed9cabdb0c067bea,경기도,김포시,태경농장,2020-05-31,6.235539673131864,0.0,0.0
8ae7f11a49431ff8d4902042e5a1451e,경기도,김포시,태경농장,2020-07-31,6.235045213214821,0.0,0.0
2b2d8b7ae4acbc83560da1575b3e830e,경기도,김포시,태원농장,2021-06-30,1.02913279917969,0.0034925098060718,0.0039964298322153
d32a2c944abf52deab4f75d4603f9e3c,경기도,김포시,포내농장,2019-12-31,8.837205388755068,0.0,0.0
93d206d9d43a17d0f09e33a94802e308,경기도,김포시,포내농장,2021-09-30,8.738669179357009,0.0,0.0
dcee7571a166785a78b9d16e6f20b713,경기도,김포시,포내농장,2021-09-30,8.009778131457708,0.0,0.0
f73f1a046ba89e9eb5fe1669b1d4a10f,경기도,김포시,풍진농장,2021-04-30,0.0513949833686575,0.3340447268781848,0.1451435730144528
5d67f786a063a4dc425660aa61c08a3d,경기도,김포시,하나농장,2020-07-31,0.6216503021366304,0.112170755914248,0.0218542027315431
51355a754c0a7145683689d84ae068e6,경기도,김포시,하늘농장,2020-07-31,9.496216290747212,0.0,0.0
bea8741f35c4e7035d31221bc613fe05,경기도,김포시,하림농장,2021-07-31,0.0274871839250883,0.4992237021753114,0.1258007364998152
c60423defeaae46b5ff4f5308d624e15,경기도,김포시,하성농장,2021-04-30,4.688536967919887,0.0,0.0
f9b9de7f086269e3523f196d1752bf2e,경기도,김포시,학운농장,2020-07-31,0.0797119463031811,0.0237884833624466,0.0978700561051706
f9b9de7f086269e3523f196d1752bf2e,경기도,김포시,학운농장,2019-12-31,0.0797119463031811,0.0236845583801717,0.0973111310234746
1507a26b3c24cfa61512d659e282e013,경기도,김포시,향산리농장,2020-01-31,0.105525502228759,0.2513546110190882,0.0863020685285964
32dd214797d14d7ea8512db4a2ab2963,경기도,김포시,호은농장,2020-06-30,11.084897382424383,0.0,0.0
0a7b6d3285889e4b6053a303da4f1bbe,경기도,김포시,효운농장,2021-11-30,0.2779834936319479,0.0101567035925092,0.0419887927543038
0a7b6d3285889e4b6053a303da4f1bbe,경기도,김포시,효운농장,2020-06-30,0.2779834936319479,0.0100598044328252,0.0416801465344138
db3202f7b8dd0158b600f6417ba55ac6,경기도,김포시,희망농장,2021-07-31,0.5937135551122197,0.0069871369282261,0.0153776110176005
d7ea146055516ab503400f00605e6caa,경기도,김포시,가우농장,2025-08-31,3.0560678988810204,0.0,0.0
ef4f8e39699ce0905a6cf4ad9ed513ee,경기도,김포시,공주양계장,2025-08-31,0.3306680804081135,0.0106268035578827,0.0420019571631067
e08a7580fc44cb7093452511889f4de8,경기도,김포시,규은농장,2025-07-31,0.3163903144229724,0.2742951793144303,0.080799766489622
933e5963733e34a196627623fa8f53c8,경기도,김포시,기원농장,2025-07-31,3.909238913559215,0.0,0.0
cfbc4088373368ed78d1bafa4d41c473,경기도,김포시,기철농장,2025-08-31,0.6368559357619014,0.0038262246205111,0.0115800164271594
b0efc5b3a5914a8cb73ee8f7f75c008a,경기도,김포시,농업회사법인 (주)제일영농,2025-05-31,7.878190181037204,0.0,0.0
de3a4d4fa3005ba9eac2587428a5e19c,경기도,김포시,담안에 농원,2025-04-30,10.71303375478889,0.0,0.0
acfc085ee0d7d1a296917c976b090188,경기도,김포시,대성농장,2025-08-31,0.6336788149537139,0.1257735843498219,0.1336607100723418
810bd1b6845a7ba686d40398e14a9bbc,경기도,김포시,대포농장,2025-07-31,0.0344909353666884,0.0389181535452697,0.0714651444619377
3b8d432272a911b0f0a1fa03513da528,경기도,김포시,도현 농장,2025-08-31,2.870561451187884,0.0001388745038097,0.0001624181496501
3a83eb592b8a035f572726104240680a,경기도,김포시,두레농장,2025-08-31,0.0242503081806773,0.0236448298378453,0.1015390256051806
20989b84e7704d742a92ca909f05ccb2,경기도,김포시,문수골농원,2025-08-31,10.020277587809607,0.0,0.0
38c713ca20d74532176bc521304f34fa,경기도,김포시,미혜농장,2025-07-31,0.0251201614146321,0.0648845134888031,0.1397636210751454
78f1937cd66976554a83166860d66bf5,경기도,김포시,미화농장,2025-05-31,3.1039780655524742,0.0,0.0
7b203320200a8c05d5386521c480f161,경기도,김포시,방씨농장,2025-05-31,0.0051410278056699,0.5818219433485499,0.1009245497182906
eb71d6bfab55be17f1ea5398158120a8,경기도,김포시,병기농장,2025-04-30,3.238925939402929,0.0,0.0
89819a33626d32f0616638751d03dc14,경기도,김포시,봉골농장,2025-07-31,6.413118522719993,0.0,0.0
9742ff04d9136f7a699422e7f17bbb8b,경기도,김포시,봉성농장,2025-05-31,4.803962764616678,0.0,0.0
07d6f69419622ffcf9affdfd8e032150,경기도,김포시,서울양계장,2025-07-31,2.9424931824264156,0.0002233622799086,0.0001479910981257
74887785f5ebfc0f05af2207260b1f94,경기도,김포시,석정농장,2025-04-30,3.299052231383866,0.0,0.0
992dd852975685ac9866265092c5566e,경기도,김포시,써니농장,2025-04-30,2.5059378842563977,0.0005929817070771,0.0017033673175658
0edb0797d27aca121027ea2c6a3053c9,경기도,김포시,안골농원,2025-04-30,10.81054696013743,0.0,0.0
18223b0f3040514ae8bb6c973e303657,경기도,김포시,영경농장,2025-07-31,0.0362855443016557,0.2617754727853266,0.0573954409033709
bc1fdc40c069a7a9c698b8ac00160b27,경기도,김포시,용농장,2025-04-30,0.0363457801128193,0.2195844622688618,0.0985508147584308
b2a892e2c47bb8b043839e5fd48c1f40,경기도,김포시,우리집토종닭,2025-05-31,8.352899144660283,0.0,0.0
55f2dee7ff8ea253dd24ce187f70c05d,경기도,김포시,운호농장,2025-08-31,2.420595403229855,0.0005281996533563,0.0001950359505642
da04fe73bf88fd2504f56011389f8363,경기도,김포시,원기농장,2025-08-31,0.4076133472303764,0.2372113678776945,0.1170782577157109
e663e563fed2d36c3e5081cd2f05d99d,경기도,김포시,일진농장,2025-04-30,3.221047888562799,0.0,0.0
7ad47a4d35625295272c45147969e3c4,경기도,김포시,장락농장,2025-04-30,2.355942802792154,0.0073680488407903,0.0018292544344648
a04d1ab8d971152247beba3d1d96e3b2,경기도,김포시,정윤농장,2025-08-31,2.492680956313736,0.000288131745874,0.0001950359505642
1eb591750ea964ccdbd7e19ef5f85f8c,경기도,김포시,좋아좋아 토종닭 농장,2025-08-31,11.6004060678957,0.0,0.0
9727b54383b254ef6d9e5517f16c1e63,경기도,김포시,준희농장,2025-08-31,3.095610565548236,0.0,0.0
855e5561fd5809112a02aad53360cd5f,경기도,김포시,청솔산업,2025-05-31,6.333185318800279,0.0,0.0
29d23c2f1cae0f19f8468020a2fb7478,경기도,김포시,푸른농장,2025-08-31,2.748468402013062,5.890108164466248e-05,5.1164518535528624e-06
70c25e879f929b45b1633e611956b36a,경기도,김포시,한우리농장,2025-05-31,2.853535499070297,0.0001520499681722,0.0002299057801076
1507a26b3c24cfa61512d659e282e013,경기도,김포시,향산리농장,2025-04-30,0.105525502228759,0.2513755131870474,0.086308595284156
32dd214797d14d7ea8512db4a2ab2963,경기도,김포시,호은농장,2025-05-31,11.084897382424383,0.0,0.0
e3aed9ac50ce5c01322c84c28ee8f004,경기도,남양주시,가족농장,2020-05-31,0.0676169700011186,0.0982825455164733,0.0041942249971654
584484bf4fc3aaaefa5d534ff3f20e2e,경기도,남양주시,거북농장,2020-01-31,0.1848073397432587,0.1252458009307664,0.0049780809296369
f749da558864af4f2ab13b9cb17e4d72,경기도,남양주시,경인농장,2020-04-30,0.0722005873023679,0.0107075490084126,0.0028404402684396
035fddcfb5f83234f9eafe2847bfdb11,경기도,남양주시,경춘목장,2020-05-31,0.1896673287622263,0.1160039918160379,0.0067160059380915
035fddcfb5f83234f9eafe2847bfdb11,경기도,남양주시,경춘목장,2021-11-30,0.1896673287622263,0.1157116729775148,0.0066788797128996
f22143a1d5f21ad7b1708a3a4fab20ea,경기도,남양주시,고센영농조합법인,2021-11-30,0.4672240173550144,0.0073052066873078,0.0022381093930551
f22143a1d5f21ad7b1708a3a4fab20ea,경기도,남양주시,고센영농조합법인,2020-07-31,0.4672240173550144,0.0072911370267463,0.0022381093930551
e7074af4b152d4789b36c61d292553b1,경기도,남양주시,그린농장,2020-07-31,0.1381149310290205,0.0443588974504336,0.0032188137261215
e7074af4b152d4789b36c61d292553b1,경기도,남양주시,그린농장,2021-09-30,0.1381149310290205,0.0443085014550936,0.0032221900167889
1654f5c27b3e147982b28ac20fdd9e75,경기도,남양주시,근영농장,2020-06-30,0.3531234484414708,0.0284274907634948,0.0021765937983265
df4c370c43fb3702edd36c71d3ace0f7,경기도,남양주시,내곡농장,2021-06-30,0.0756613314214823,0.0388368444876369,0.0014886697685192
df4c370c43fb3702edd36c71d3ace0f7,경기도,남양주시,내곡농장,2020-05-31,0.0756613314214823,0.0388169361146325,0.0014886697685192
00600e44aa07068517832e411cf92a35,경기도,남양주시,다산농장,2020-07-31,0.152013818947476,0.033755262948421,0.001897135442586
00600e44aa07068517832e411cf92a35,경기도,남양주시,다산농장,2021-09-30,0.152013818947476,0.03375549053707,0.0018965847534817
ee2533b8ebe384840ecdea7f6b4be85a,경기도,남양주시,밤골농원,2021-04-30,0.1842313836735681,0.0153848314802354,0.0092514197045043
ee2533b8ebe384840ecdea7f6b4be85a,경기도,남양주시,밤골농원,2021-11-30,0.1842313836735681,0.0154105189941862,0.0092713869174831
2ef7fe0a043eef5ca279cb5ae8d8b1ad,경기도,남양주시,부일농장,2020-04-30,0.2749771346141195,0.0374059577507553,0.0033616714165921
2ef7fe0a043eef5ca279cb5ae8d8b1ad,경기도,남양주시,부일농장,2021-09-30,0.2749771346141195,0.037392800475792,0.0033629484042768
9ec0392f66bab495b7bf9984fead83b8,경기도,남양주시,산과들 테마농원,2020-01-31,0.0836206611902511,0.011662092213101,0.0021917936104291
9ec0392f66bab495b7bf9984fead83b8,경기도,남양주시,산과들 테마농원,2021-11-30,0.0836206611902511,0.0114636520258088,0.0024409319596411
4fbb306fd4cdf6c7a6a35840c400af65,경기도,남양주시,세원농장,2020-11-30,0.0464759803608033,0.0978782912775204,0.0025288061016941
4fbb306fd4cdf6c7a6a35840c400af65,경기도,남양주시,세원농장,2021-11-30,0.0464759803608033,0.0968252211290577,0.0025513785238035
515129480ec6c650daff59b2e33e0567,경기도,남양주시,세종농장,2020-06-30,0.2738173794201111,0.0094626097903153,0.0028788824694752
48282a200d1c53e0077d3c7e7708e442,경기도,남양주시,시골닭집,2020-07-31,0.3932509590263381,0.0071938329721251,0.0067129105967666
20e13bab261533f00161274a63dbee9b,경기도,남양주시,싸리농장,2020-05-31,0.0604825261459469,0.0060714428047941,0.0015799531381509
20e13bab261533f00161274a63dbee9b,경기도,남양주시,싸리농장,2021-11-30,0.0604825261459469,0.0060713426457344,0.0015799531381509
eb2eaad8981143271878fcf62e666462,경기도,남양주시,씨앤비협동조합 남양주 실습장,2021-09-30,0.603467722192367,0.0384529830760721,0.0011992587511689
eb2eaad8981143271878fcf62e666462,경기도,남양주시,씨앤비협동조합 남양주 실습장,2020-04-30,0.603467722192367,0.0384037802638446,0.0011652736685226
7059611ee1528cbc775e58e1280e944f,경기도,남양주시,유인농장,2020-11-30,0.0448207142714061,0.011416761078299,0.0023176933355518
7059611ee1528cbc775e58e1280e944f,경기도,남양주시,유인농장,2021-11-30,0.0448207142714061,0.0115319880684604,0.0023555724513126
8eae61563fdfec8e5372d7638a1dd74f,경기도,남양주시,유정농장,2021-04-30,0.0316224159480837,0.0304757686377102,0.0008614169138416
35651d99c889e043dff4adb71e94260b,경기도,남양주시,육덕농장,2021-04-30,0.337237788713291,0.0080566633212131,0.0032073398983255
ec90685ae8d546559de329d95fd14ec5,경기도,남양주시,지둔농장,2021-07-31,0.074262862926458,0.0172665739429698,0.009750833130086
ec90685ae8d546559de329d95fd14ec5,경기도,남양주시,지둔농장,2020-05-31,0.074262862926458,0.0172392986633277,0.0096974444273518
1ebe4b03d12815f020af511d2d277551,경기도,남양주시,차산농장,2020-04-30,0.0621295808208391,0.010907395813497,0.0022351976704871
1ebe4b03d12815f020af511d2d277551,경기도,남양주시,차산농장,2021-09-30,0.0621295808208391,0.0112249479840469,0.0022351976704871
8eb8d8b4f902b21fc8d0c93686d5025c,경기도,남양주시,채율농장,2021-09-30,0.2063823392202542,0.0131688833723852,0.0034297399644337
8eb8d8b4f902b21fc8d0c93686d5025c,경기도,남양주시,채율농장,2020-05-31,0.2063823392202542,0.0131688833723852,0.0034297399644337
542d83bc101a4bbcb5a6ba3e65b738af,경기도,남양주시,춘추농장,2021-11-30,0.1401507936883641,0.0091300525405354,0.0029911673255345
b7aee2f919dcfa29338e16de90239695,경기도,남양주시,태양농원,2021-04-30,0.0383913040941202,0.0109261132966904,0.0025711235875894
9515b8c13a2fcdd8594111d6d03d4395,경기도,남양주시,평화농장,2021-04-30,0.0266569727993471,0.033017326378696,0.0029344025960345
9515b8c13a2fcdd8594111d6d03d4395,경기도,남양주시,평화농장,2021-11-30,0.0266569727993471,0.033313346803043,0.0029344025960345
adcee448bf049b4c14b21fa6339015c6,경기도,남양주시,한솔농원,2020-06-30,0.2600742513878236,0.0194489987530774,0.0055672801168246
f4fea660fc2fb687e27d0cda42c8ee3c,경기도,남양주시,한솔농장,2020-01-31,0.010108501285804,0.1342064028198089,0.0103454143341527
a36d6903405010f49a658adc3c23b825,경기도,남양주시,현대농장,2021-06-30,0.0160377940101162,0.0232746796542268,0.0071886258746141
a36d6903405010f49a658adc3c23b825,경기도,남양주시,현대농장,2020-04-30,0.0160377940101162,0.0249287645980953,0.0071737834918473
e45d0b989ddada34a13b893eb9e3ffd6,경기도,남양주시,화도농장,2021-04-30,0.0379945919131236,0.0122482389875646,0.0019423964096854
c9fb7e20e7eab019c76f2ca00e7a4ef6,경기도,안성시,NES농장,2020-06-30,0.1416886676499712,0.0332196985566533,0.1915587140490101
c9fb7e20e7eab019c76f2ca00e7a4ef6,경기도,안성시,NES농장,2021-06-30,0.1416886676499712,0.0331498661606599,0.1926473692674893
6e05c82fe9186a2a9c57fd5299ea5dda,경기도,안성시,NES농장2,2021-04-30,0.0437499521952772,0.0327589345720042,0.1937094412100656
6e05c82fe9186a2a9c57fd5299ea5dda,경기도,안성시,NES농장2,2021-09-30,0.0437499521952772,0.0327642204216027,0.1937181404708422
2f1a3eb41b87b0e32bd9533d13b9b7e6,경기도,안성시,가족농장,2021-04-30,0.0254866203371727,0.039086092427869,0.2443900028356181
532817c4884617d95e0aa65dcefbe800,경기도,안성시,가족농장,2021-11-30,0.0395490940479805,0.0391637767726243,0.2454524156272619
017a822b76b5661d869918cd00563ec9,경기도,안성시,강덕농장,2021-07-31,0.3195134102044869,0.0256835801018217,0.1635832320485888
68b0e3b8ccac9608af5f8f09a10d9076,경기도,안성시,경기농장,2021-06-30,0.1037587276165815,0.0219311363929322,0.096228104609459
d1516938416c962ee97549423a3d0ca1,경기도,안성시,경남축산,2020-11-30,0.0179937502953461,0.0217189791735442,0.0689572042184119
8cd2f7a51da1c980654c572439e9fc0a,경기도,안성시,경운농장,2021-07-31,0.0237008327175343,0.0395191413740679,0.1426993740240982
0f7b702cfed3d09407297a29003322f4,경기도,안성시,경원농장,2021-09-30,0.0859545116225381,0.0226825687554584,0.1571088055046793
f549b5c17d9695498a4d38fc160dc4a7,경기도,안성시,경훈농장,2021-06-30,0.2292932539945045,0.0426668915435582,0.2477580937840975
1f1a19cc5c5a255141718055e1de7f2c,경기도,안성시,계림농원,2021-06-30,0.07075617950305,0.0139459469747153,0.0840691212902309
0b2af71a40a541aabe0fe5f078298e01,경기도,안성시,구수리 농장,2020-01-31,0.0538918220175568,0.0078019960490534,0.0792069955134974
ce417d8e986c9e04671c2c2a0921d3eb,경기도,안성시,구오농장,2021-11-30,0.034710735842885,0.0104175753638444,0.1023611112331878
31f338423fbbbf41e9a15ab684885c8f,경기도,안성시,구칠농장,2021-09-30,0.3766869946145246,0.0259506576984295,0.1853791487405974
2b41b25f5eaacb18efebb2b96a72432f,경기도,안성시,금강농장,2021-11-30,0.0413258558711418,0.0265440792851803,0.1320376223881772
2b41b25f5eaacb18efebb2b96a72432f,경기도,안성시,금강농장,2020-05-31,0.0413258558711418,0.0262932289550995,0.1292697359994905
be3457fa38d55d0b96a402cc8eab5f06,경기도,안성시,금광농장,2020-04-30,0.0493125297620054,0.0141549484193087,0.030829165119793
7dfb5880b754d7e54109eabbc21d37d2,경기도,안성시,금광농장,2021-09-30,0.0453136672840705,0.014303618259693,0.0309565501974408
088f798af9785b1bf17c208c01e0fc3a,경기도,안성시,금평농장,2020-01-31,0.1069350016957291,0.0328360154623924,0.1968360940011498
10aa6419d172e6a80844a56c00d55b42,경기도,안성시,금평농장,2021-07-31,0.3048718027885191,0.0327819267715835,0.1765671171107717
2873e6372e6f72b6f95b427a28099e41,경기도,안성시,길담농장,2020-01-31,0.2842025348400823,0.0332940181989156,0.0897527320196128
76533af7ce9eb89971f54f79772aeeac,경기도,안성시,꼬꼬농장,2021-09-30,0.2194568787312225,0.025663656184711,0.223183171873468
ff97dd60741ddc921b177406698cf303,경기도,안성시,나루농장,2020-07-31,0.087758731706994,0.0252180446291481,0.1691593917174891
ff97dd60741ddc921b177406698cf303,경기도,안성시,나루농장,2021-11-30,0.087758731706994,0.0247980725611184,0.1676924549956135
569cd19755446c3217452ecd5bc5c944,경기도,안성시,남풍농원,2021-06-30,0.0580751564659851,0.0895103224892378,0.1242949170827283
8c16508c1049f986a9b113762ede18e9,경기도,안성시,노동 농장,2020-11-30,0.005052859832551,0.0343347517327991,0.1782174405022276
8c16508c1049f986a9b113762ede18e9,경기도,안성시,노동 농장,2021-09-30,0.005052859832551,0.0343347511386242,0.1782177380447211
60d1b625ab2287c1e802f80cbbf71b12,경기도,안성시,농업회사법인 골드아이(유),2021-11-30,0.0593032851750862,0.0356268253546007,0.1847607740029049
3c53b9f0bdcd73464f6527f0cb9b38ac,경기도,안성시,농업회사법인 선유팜 주식회사,2021-09-30,0.3270082417003465,0.0231083337956512,0.1237417359900245
43da4ea973495e4238c552be469d67ad,경기도,안성시,농업회사법인 선유팜 주식회사,2020-11-30,0.3660424684700787,0.0237056493477011,0.1301103680207143
f5d25bafd46d9fba7894278339910333,경기도,안성시,농업회사법인 티지에프(주),2021-11-30,0.5988975433008278,0.0127013969216756,0.0584208495491201
1e04f2f00cf27d224a000bf551d342cb,경기도,안성시,농업회사법인(주)알로팜 명당지점,2021-07-31,0.3374197795479809,0.0361099432149307,0.2055416462046325
1e04f2f00cf27d224a000bf551d342cb,경기도,안성시,농업회사법인(주)알로팜 명당지점,2020-06-30,0.3374197795479809,0.035639748918247,0.2055136289493677
7e8c5a3a6ae103fd57d9f3cdc3a8915d,경기도,안성시,다나농장,2020-06-30,0.1745278986073975,0.0214684402257043,0.1035368680382422
7e8c5a3a6ae103fd57d9f3cdc3a8915d,경기도,안성시,다나농장,2021-09-30,0.1745278986073975,0.0213911942048079,0.1014001096697004
908d40d5065ab3085811dfb85e892046,경기도,안성시,다모아부화장,2021-09-30,0.210931219196927,0.0443010604037359,0.2579666719304789
1854936de9ea6341bfbf35c1a93f459e,경기도,안성시,대박농장,2021-07-31,0.2322734803659738,0.0262369787694933,0.2381653848648632
53ec2d296c9c8f6c99394c788e64a454,경기도,안성시,대성농장,2021-11-30,0.1497178495415679,0.0305930543294556,0.1776300628251614
f3bcc609ca33b8a1237ed565f0ec63d6,경기도,안성시,대율,2020-01-31,0.1081249830244028,0.0214002530624956,0.1289638301827327
d6fa8ef4ab68e93788f4fa6fe64c2871,경기도,안성시,대율,2021-07-31,0.115506244694161,0.0213621795782948,0.128664838119258
2622498970c2c65b7970315695a692f8,경기도,안성시,대현농장,2020-11-30,0.0592540029786578,0.01716610333205,0.1118519376109625
2622498970c2c65b7970315695a692f8,경기도,안성시,대현농장,2021-06-30,0.0592540029786578,0.0171660978397249,0.1118519413641202
67c25e60b30ba20ad0fc958e78f3a904,경기도,안성시,대화 오리농장DHD,2021-06-30,0.1521620612595495,0.0362417771635961,0.1877650032492254
5fdbcdf654cbbaa52f33f7a4882b3c44,경기도,안성시,도란도란,2020-11-30,0.1051787798021937,0.0361981317155945,0.1329637408257138
5fdbcdf654cbbaa52f33f7a4882b3c44,경기도,안성시,도란도란,2021-11-30,0.1051787798021937,0.0353183052571091,0.1330486460967066
fba20c3fa601b6d80b095def8bb9f052,경기도,안성시,동남농원,2020-01-31,0.2518945622579583,0.0373684007328965,0.2120749966333125
fba20c3fa601b6d80b095def8bb9f052,경기도,안성시,동남농원,2021-11-30,0.2518945622579583,0.0369307295848857,0.2123819885162334
8d3c07656218b52a0e58a12891769257,경기도,안성시,동신농장,2021-06-30,0.149396187867067,0.029706926325414,0.2659055846788788
ae86792bbe4fcb35a1054d2b413c12d8,경기도,안성시,동신농장,2020-11-30,0.099335753429752,0.0302858882724324,0.2658847516920471
fefe1158ef5b24b27730a4c5db3f5ed7,경기도,안성시,동원축산,2020-06-30,0.1047636504865293,0.048142942137472,0.3554274444123452
3208c97a5523a8ae82d99bb3a0306d37,경기도,안성시,두교농장,2021-04-30,0.3653501287109051,0.0246772405928417,0.0517760908583585
3208c97a5523a8ae82d99bb3a0306d37,경기도,안성시,두교농장,2021-09-30,0.3653501287109051,0.0247232539218128,0.0517113668820564
34f442fe0375ac080bc91311d5646e1b,경기도,안성시,두메농장,2021-07-31,0.3094870257523765,0.0408274588765685,0.2431406098416796
a335ad7f28043de53cf225f6c9807d2d,경기도,안성시,두평마을회,2021-11-30,0.0430938875206751,0.0215280866788729,0.1193486564561573
48c82d40a1bb87a4dc977f5f14423dfe,경기도,안성시,둥지농장,2020-11-30,0.2087046474271484,0.0256496939449989,0.2235820083345358
19020bc4853c04f607184f3de279f145,경기도,안성시,드림팜,2021-04-30,0.0563257741839868,0.0236455277727118,0.147043343165004
19020bc4853c04f607184f3de279f145,경기도,안성시,드림팜,2021-07-31,0.0563257741839868,0.0235614189565592,0.1459026383174042
2c35498e38067dd725c69703e6969164,경기도,안성시,마전농장,2021-11-30,0.467568183549243,0.0136126581393431,0.0800886550283289
8f5ba8f54033c6acb92bb8ca9dc217a9,경기도,안성시,만우농장,2020-07-31,0.087758731706994,0.0252180446291481,0.1691593917174891
8f5ba8f54033c6acb92bb8ca9dc217a9,경기도,안성시,만우농장,2021-07-31,0.087758731706994,0.0247980725611184,0.1676924549956135
cce4d4810266df41f3e2049650bbdf89,경기도,안성시,명근농장,2021-06-30,0.4515488326824899,0.0945557171735611,0.0630302719995057
98cc0d73c684aa9a1b81ff138a26e809,경기도,안성시,민호농장,2021-09-30,0.0492436625576617,0.0536643518711338,0.1723340105465144
98cc0d73c684aa9a1b81ff138a26e809,경기도,안성시,민호농장,2020-06-30,0.0492436625576617,0.0526705093230934,0.1729216689738588
4f3a6e13eb5d3565447b27c868af104e,경기도,안성시,병일농장,2021-11-30,0.0049019667984626,0.0189389415526531,0.1734964917554133
c4067a8d2e1ba1e5dabb47297cd5dfd9,경기도,안성시,보광농원,2021-07-31,0.0482827691635822,0.0398224857895554,0.1351766974221449
da40ca8c5b1274340bd9cb4dd7d44fc5,경기도,안성시,봄양계장,2021-07-31,0.0101851056871563,0.0171299437525949,0.0450755442782562
82165723768e82a07032302723e20bf2,경기도,안성시,부원농장,2021-06-30,0.0493829263283071,0.0113512997876448,0.0651825791261776
6917fb8a9549d0d16f4982ea13bdeb7f,경기도,안성시,부희농장,2020-01-31,0.1839831365441879,0.0265831362331072,0.1697623900520222
f9b22fda604e252bc5a34ad6abe31158,경기도,안성시,북좌농장,2020-07-31,0.1221069409188798,0.0159678780121569,0.1043031370445312
f9b22fda604e252bc5a34ad6abe31158,경기도,안성시,북좌농장,2021-09-30,0.1221069409188798,0.0159727103009362,0.1043285620427093
b0a26b93f1f78b47a98e7a6e94df12f3,경기도,안성시,사오농장,2021-06-30,0.1421417771653079,0.0193421067708497,0.1073196497054322
91ffc317e12e25238607886621581884,경기도,안성시,삼학농장,2020-11-30,0.3425110370078238,0.0147081460953894,0.0947566239194347
91ffc317e12e25238607886621581884,경기도,안성시,삼학농장,2021-07-31,0.3425110370078238,0.0147913201997127,0.094327810735956
8da6ebbdafd128f6edae19157eb91b17,경기도,안성시,삼한농장,2020-01-31,0.0399606005677568,0.0424753518436086,0.2067347046769953
8da6ebbdafd128f6edae19157eb91b17,경기도,안성시,삼한농장,2021-11-30,0.0399606005677568,0.0424668570718415,0.2064788779795936
b1848eea007580ce02baa93ee3a6e84d,경기도,안성시,삼흥농장,2021-09-30,0.5662207709265311,0.0086657810466141,0.0404079109496044
8ace01683f67c2d036da03ab4ce7527a,경기도,안성시,상록농장,2021-04-30,0.0444054470871829,0.0523523082986224,0.0373618821506527
8ace01683f67c2d036da03ab4ce7527a,경기도,안성시,상록농장,2021-06-30,0.0444054470871829,0.0523525446573313,0.0372966943514596
9f49d0f205ceb16f8a356542f6016a00,경기도,안성시,상수리숲농장,2020-04-30,0.2369398362375202,0.031979697966017,0.0998477641847071
12dbf2a2d75482122859463225c3ace9,경기도,안성시,상수리숲농장,2021-06-30,0.2241054212366524,0.0312510854857291,0.0991687314324587
f65edd41de3750cd59164b319bd47608,경기도,안성시,상원농장,2020-06-30,0.0840317338305512,0.0172227203159396,0.1116297961808404
c074cd70475aaa335798275be4c4ea40,경기도,안성시,상원농장,2021-11-30,0.1768248735339447,0.0154817347865875,0.0791648993990217
aca92db962c78448f1b9ffaf24012d6b,경기도,안성시,서부농장,2021-06-30,0.007392436082813,0.0256601836441231,0.1316243535534636
84c5329ebe841cdad00566a3e3bb19d0,경기도,안성시,서운농장,2021-06-30,0.2154814389452642,0.0143421834380818,0.0943571575221501
8f7f697e6855880eb4218e9dbbf55cca,경기도,안성시,서윤농장,2021-09-30,0.19888278941628,0.0238359538815053,0.2195745191962724
558711794ec7e37cb425dc167571d918,경기도,안성시,서현농장,2021-11-30,0.0541596936406341,0.0254567847124803,0.1624239228738458
01d9e60ae8b12f16d7a143fe453b0d6e,경기도,안성시,석우농장,2021-06-30,0.06010081969396,0.0501960143333694,0.2200480014221451
ef05d256aaf6f16028e445b26b64c0b3,경기도,안성시,석찬 농장,2020-11-30,0.0458187273981294,0.0345526600134429,0.1686197554140686
ef05d256aaf6f16028e445b26b64c0b3,경기도,안성시,석찬 농장,2021-09-30,0.0458187273981294,0.0340551578476464,0.1689353623182021
76edfa95fe121cdb7400272effd02f8a,경기도,안성시,선암농장,2021-07-31,0.1250346892327825,0.0254855604779779,0.2156932430422506
f70ec8160668cae2d4bc56adbb657efd,경기도,안성시,선유 칠면조 농장,2020-06-30,0.3733034057702954,0.0247001136357325,0.135770188950911
4b008ee87a0485e3857150f177a2594f,경기도,안성시,선일농장,2020-01-31,0.1232249217466871,0.0169781183704148,0.0351202699966955
4b008ee87a0485e3857150f177a2594f,경기도,안성시,선일농장,2021-06-30,0.1232249217466871,0.0174760199446296,0.0351653578312301
b07d94521476ef48798a7aead524c96d,경기도,안성시,성공농장,2020-07-31,0.1959991876445912,0.0253567568532046,0.1500406092486024
12bdec6e8321611b41fdece10576c6a8,경기도,안성시,성공농장,2021-11-30,0.1547678003929333,0.0254549674499741,0.1514767978117206
709797c2b7834760d5d685d963300306,경기도,안성시,성욱농장,2021-09-30,0.0942643118752294,0.0369326715763771,0.2205427922667674
e0ef453203023a20420c1a7cf9b29367,경기도,안성시,성원농장,2020-06-30,0.5082154892159141,0.0415964973534199,0.2628301854079749
e0ef453203023a20420c1a7cf9b29367,경기도,안성시,성원농장,2021-11-30,0.5082154892159141,0.0419267503608136,0.2604750343659904
dc19ce630e7af1b399347a001c78b932,경기도,안성시,성은농장,2020-11-30,0.2641426302735369,0.0246133775031531,0.1573900827120969
dadc522b77b78e0afc989d8845e3a615,경기도,안성시,세원농장,2020-07-31,0.2615333129791315,0.0213955812927298,0.1021792975939557
dadc522b77b78e0afc989d8845e3a615,경기도,안성시,세원농장,2021-06-30,0.2615333129791315,0.0213955773141784,0.1021792127447527
4d5c064b7ea4e0723f14742d0c1ea9e7,경기도,안성시,세진농장,2021-11-30,0.1363660134057592,0.0180879889318297,0.1589117086203421
90e60f2d3fe811339f45ecdb25c159b6,경기도,안성시,송숙농장,2021-09-30,0.0,0.0651547641665208,0.1856061430495323
996fa3eb763e33953639b9a3604182b8,경기도,안성시,송표농장,2020-01-31,0.053062489961348,0.0118518096424382,0.0700279097594824
2647057e8c402c955a6cfafcc867a349,경기도,안성시,수리산농장,2020-04-30,0.1033053467647984,0.0372857559612783,0.2180511605100832
1b197f1dd7f696718516bd12e7adda0b,경기도,안성시,수정농장,2020-06-30,0.0183393884420577,0.0353377090991503,0.1797425805335283
143cde43df2e789e8e8bc442724215b9,경기도,안성시,수지 토종농장,2021-09-30,0.047253302097123,0.0226299128247235,0.153350608917757
143cde43df2e789e8e8bc442724215b9,경기도,안성시,수지 토종농장,2021-04-30,0.047253302097123,0.0222125406346161,0.1531118899262743
c9943c51b527a01e2fe27f192eac5e81,경기도,안성시,수지농장,2020-11-30,0.0411777613263109,0.0449910795898112,0.3390420008362776
c9943c51b527a01e2fe27f192eac5e81,경기도,안성시,수지농장,2021-09-30,0.0411777613263109,0.0448199770011254,0.3388336698836698
9596ae93c6243e41769edb3d29872eb1,경기도,안성시,수지농장,2021-09-30,0.2131634043582287,0.024349007290959,0.2027004916448861
7e6e440e242c6d55f74a7524a989c642,경기도,안성시,수지농장,2020-05-31,0.2086420603450887,0.0243233901695532,0.2025631272934274
afb80022b5da2b4724ed6cd291452255,경기도,안성시,수한농장,2020-05-31,0.0701672424117842,0.0544506634554138,0.0743112882699753
caf4bd7e7d2bff138efec3eb2da3fc1e,경기도,안성시,스마일2 농장,2020-11-30,0.210931219196927,0.0442146476365461,0.2572782891391403
caf4bd7e7d2bff138efec3eb2da3fc1e,경기도,안성시,스마일2 농장,2021-06-30,0.210931219196927,0.0443010604037359,0.2579666719304789
112accb1a5dd96aefe463f6790706190,경기도,안성시,승애농장,2021-06-30,0.0199197152944644,0.0218813654926381,0.1200918464525244
112accb1a5dd96aefe463f6790706190,경기도,안성시,승애농장,2020-05-31,0.0199197152944644,0.0219537197308583,0.1208996831089761
79501eeaa8516ac3f58db220b10aab67,경기도,안성시,승일농장,2021-06-30,0.02012789134061,0.0346072027282214,0.1805680553669743
a10ca6d71690c4778b16360cef95aa12,경기도,안성시,승일농장,2021-07-31,0.0978206187589768,0.0138968004927927,0.1602139510398814
b9c666539bb652612e02dde68d7763d2,경기도,안성시,승희농장,2021-06-30,0.0604183705819407,0.0138449783542196,0.1633040101304116
1f54adadbb5594b4ae650a84a50742c4,경기도,안성시,시은농장,2020-04-30,0.4767477085660452,0.0200833665612772,0.2167902358135597
97349f502cef8bcc0cce6f488cd9124a,경기도,안성시,시헌농장,2020-06-30,0.121959568860151,0.0243040277443603,0.1519701989490609
97349f502cef8bcc0cce6f488cd9124a,경기도,안성시,시헌농장,2021-09-30,0.121959568860151,0.0252133660087834,0.1516268199926342
723efd353bcf13506893a3c5e71fefd6,경기도,안성시,신안농장,2021-09-30,0.1571253429114528,0.0136052849167719,0.1442209491132248
ec6a59901d0a9588d08ca08e91e2f260,경기도,안성시,아리농장,2020-07-31,0.1498233504693462,0.011288014570408,0.0775237802736332
20f791b824cf4f4f44af1dd2acbe1b79,경기도,안성시,안성농장,2021-06-30,0.0341172259788862,0.0198800838257353,0.1646853920609778
c402d03a87e99adbbd9b5637fd59a5ca,경기도,안성시,안성마춤육계,2020-11-30,0.0188496354838486,0.0236949293893525,0.2006000238669374
c402d03a87e99adbbd9b5637fd59a5ca,경기도,안성시,안성마춤육계,2021-11-30,0.0188496354838486,0.0236689293579408,0.200348872354705
f1e1ba9e8b2b2635254a4e693c456b25,경기도,안성시,야곱농장,2020-07-31,0.0183019030054832,0.0616179786698383,0.2024078754143908
f1e1ba9e8b2b2635254a4e693c456b25,경기도,안성시,야곱농장,2021-11-30,0.0183019030054832,0.0618327104957624,0.2022201703077857
e8b4940e634aeb6608a0f032a89f35fc,경기도,안성시,양호농장,2020-07-31,0.2569735883248724,0.0245384322129162,0.1141554694511479
5dd5ef61b76c867f5b95bca09c9d9781,경기도,안성시,에코필드,2021-07-31,0.1985452387333155,0.0215555350294601,0.138709903957512
3f7ed0ae946135db4afbdeef19a44adc,경기도,안성시,영란농장,2020-04-30,0.0431114102204249,0.0398390173472599,0.1353138796657246
d5fd5b9a40fc91c6d72d74d7da02d532,경기도,안성시,영심농장,2020-05-31,0.1437758844950561,0.0123251413235941,0.0561785280278122
c28d346de78ab15217622efa2dae36d6,경기도,안성시,영양축산,2021-09-30,0.3572009529002589,0.0243671787713354,0.1333413110067878
3362243d3e87f1fa3c2094f91d932c91,경기도,안성시,영윤농장,2020-07-31,0.1531068863059042,0.1168784346423736,0.0764224191899788
3362243d3e87f1fa3c2094f91d932c91,경기도,안성시,영윤농장,2021-11-30,0.1531068863059042,0.1171501685186777,0.076625263869861
bc838aed22a008eb1c4689e20eca4d1c,경기도,안성시,영화농장,2021-07-31,0.0232000359766127,0.0408208878329334,0.1484472349408465
07f40e8c732acb93b9b91f7f79185397,경기도,안성시,오두리 농장,2021-06-30,0.0947815579322052,0.0179958768855161,0.1576326660389599
07f40e8c732acb93b9b91f7f79185397,경기도,안성시,오두리 농장,2020-07-31,0.0947815579322052,0.0178978110348679,0.159497521905725
e23672890013021f29e2a4b99570d5ab,경기도,안성시,오림농장,2021-09-30,0.1397126089109473,0.0284573544696311,0.1515673348563435
606deb83e98c321d3a6b53399d6a6742,경기도,안성시,오성농장,2021-04-30,0.4819844045357954,0.018190030226931,0.0509725317327771
606deb83e98c321d3a6b53399d6a6742,경기도,안성시,오성농장,2021-07-31,0.4819844045357954,0.0181900363937312,0.0509725135419112
a0a2fea3f3254ff47cfd1d145fa68a5e,경기도,안성시,완기농장,2021-06-30,0.0285669276724819,0.0412728443263948,0.2008016085533039
f3cca222f02cc6e4a1d404bc3d3f4805,경기도,안성시,용단농장,2020-04-30,0.0690069393606212,0.0962348135493789,0.126690110757482
f3cca222f02cc6e4a1d404bc3d3f4805,경기도,안성시,용단농장,2021-11-30,0.0690069393606212,0.0963331778107292,0.1263070450077978
f58cf787b1439884bb5e385cd14a3b42,경기도,안성시,용마농장,2021-04-30,0.0836507722200132,0.0114750743732008,0.080386126153367
f58cf787b1439884bb5e385cd14a3b42,경기도,안성시,용마농장,2021-07-31,0.0836507722200132,0.0113767390583572,0.077918424639322
3c29091c083dc7bdaf0a6f63a25fa4e8,경기도,안성시,용성농장,2021-04-30,0.0237302841525739,0.0271062905346524,0.134331503715675
654c3675eb41178d3349ea656f2c09a7,경기도,안성시,우리농장,2021-04-30,0.4767576505780176,0.0200833665612772,0.2167902358135597
1e807757af4ef3249baa755798b8b9c6,경기도,안성시,원범농장,2021-11-30,0.0363267675755228,0.1093077596029908,0.0746229054140611
4021d2f059150eedeb5b5439700b03b5,경기도,안성시,유원농장,2020-04-30,0.3174997949031306,0.0355399704358147,0.2160901915140819
9f182e7d0713fe3f164b15d98578f953,경기도,안성시,유화농장,2021-09-30,0.1645205514373416,0.0296038231636749,0.2639714283778149
613a8fec362ec7c61ff75c91999c15bd,경기도,안성시,육계농장,2021-06-30,0.1892597609590911,0.0419087752983572,0.1562323396030681
15c255b05de789c862b0ed8c0f1f933c,경기도,안성시,은영농장,2020-04-30,0.2545027676494887,0.0274565151397421,0.1754346781385404
15c255b05de789c862b0ed8c0f1f933c,경기도,안성시,은영농장,2021-07-31,0.2545027676494887,0.0274295454498944,0.1762601110682749
141802159490098a081fef4ddb7c559b,경기도,안성시,이삼농장,2021-11-30,0.1847107336280329,0.026425510291966,0.1092328616470615
f77114644f8c8ef5b6189cdf8b1c9ace,경기도,안성시,인주종계장,2021-06-30,0.3150949853349991,0.0227329233722213,0.19453769785498
11ae02937892ca083929516d69ada940,경기도,안성시,일월농장,2021-06-30,0.0269329932632109,0.0350519540426537,0.1982753103545353
11ae02937892ca083929516d69ada940,경기도,안성시,일월농장,2020-06-30,0.0269329932632109,0.0350519057658144,0.1982751585215836
49dde4b5f3a3142d9db8e58ee598d6ac,경기도,안성시,일죽 농장,2020-07-31,0.0564766518632821,0.0331048397731011,0.1889669245031583
49dde4b5f3a3142d9db8e58ee598d6ac,경기도,안성시,일죽 농장,2021-07-31,0.0564766518632821,0.0325464040641195,0.1853089729459431
20a075bbc9c66a56f2cb92f95bbebddc,경기도,안성시,장수농장,2020-11-30,0.0074795177333093,0.0204517349267908,0.0785966312481735
edd8270725540fa4ada9a11cf75e0413,경기도,안성시,장수농장,2021-07-31,0.3766869946145246,0.0259506576984295,0.1853791487405974
edd8270725540fa4ada9a11cf75e0413,경기도,안성시,장수농장,2020-07-31,0.3766869946145246,0.0259048735300667,0.1820614713751074
1b187c53a0dcf2b2bac9374186f8eb57,경기도,안성시,재성농장,2020-04-30,0.3711176968959683,0.026307225328709,0.190811510649579
d389c19da21f62857fa1f1ca24a566a2,경기도,안성시,재수농장,2021-09-30,0.2979859105826487,0.0186748058072646,0.1284085821770904
b1c8796532f9ff6f4896607b5ade3a35,경기도,안성시,정기농장,2020-11-30,0.1662563340671653,0.0130424345113015,0.141082911527542
b1c8796532f9ff6f4896607b5ade3a35,경기도,안성시,정기농장,2021-06-30,0.1662563340671653,0.0130598281096612,0.1409493979672129
a753a1a509c6d31c41849a3c6106ac84,경기도,안성시,정훈농장,2021-11-30,0.4899525263883487,0.02461820962127,0.1139674677488417
33c8ba16d46848f1b57ce69a7ed3dad3,경기도,안성시,정훈축산,2021-07-31,0.3811979171229163,0.0243396927064913,0.1078756079913625
0ce624e98a5cdf6d475f8ecccbfbe2a0,경기도,안성시,제일농장,2020-04-30,0.1234658561478781,0.0442441186803621,0.3354223451693636
0ce624e98a5cdf6d475f8ecccbfbe2a0,경기도,안성시,제일농장,2021-06-30,0.1234658561478781,0.0443697815043524,0.3360707379839837
e5b172be7ee98dbe8a5a0b4313f258f3,경기도,안성시,조아라 한약닭 농장,2021-09-30,0.2393666838112088,0.0190943631679539,0.0588396205312507
ec5cc4a8e3fa31e2ae3463a0964351c7,경기도,안성시,주은농장,2020-06-30,0.091188823586254,0.0283631299921729,0.2119194563719975
a4318ca48fb7ec5bc9953f9093d155fe,경기도,안성시,준 농장,2021-06-30,0.0419491921026126,0.0269186621077771,0.1705214589431752
9e4e6ab1d45c79df7661fe2225e74ff0,경기도,안성시,중대농장,2020-06-30,0.5901678587049936,0.0150924632720785,0.1408899140014214
312e70ecdcb5d4eff348a04bbd741ed6,경기도,안성시,중영농장,2020-01-31,0.0423138403974084,0.0260718677162669,0.2250555755882403
312e70ecdcb5d4eff348a04bbd741ed6,경기도,안성시,중영농장,2021-07-31,0.0423138403974084,0.0268533818061724,0.2272150879832351
52a0d9f86f188110088d76769b739f63,경기도,안성시,지현농장,2020-04-30,0.1824942540387214,0.0541181101986416,0.2679934260505267
52a0d9f86f188110088d76769b739f63,경기도,안성시,지현농장,2021-07-31,0.1824942540387214,0.0545204318045736,0.2681713994603212
76df663389ecc99121559317da23e2fb,경기도,안성시,진가네농장,2021-11-30,0.0652253815650239,0.0677332221495849,0.1907918229006513
76df663389ecc99121559317da23e2fb,경기도,안성시,진가네농장,2020-05-31,0.0652253815650239,0.0676382560107066,0.1904086886786545
643fa0f081bc1b9d261f207c006250de,경기도,안성시,진촌 농장,2020-07-31,1.0875846115522183,0.0272338199896189,0.1781134793165647
643fa0f081bc1b9d261f207c006250de,경기도,안성시,진촌 농장,2021-09-30,1.0875846115522183,0.0268289847367704,0.1745889877663954
3112d65b891ee6fe8d472769d54d6625,경기도,안성시,천일농장,2020-06-30,0.1301959999553153,0.0138584313021371,0.1873912499699737
3112d65b891ee6fe8d472769d54d6625,경기도,안성시,천일농장,2021-09-30,0.1301959999553153,0.0138639422567713,0.1873694492509655
d5ea9785d469da23db8f66087cb075d5,경기도,안성시,천하오리,2020-05-31,0.1029440987812764,0.0368188932490374,0.2212851456313361
7d21d9db835012e666430f522dc16fa3,경기도,안성시,천호농장,2021-07-31,0.1888790143896998,0.0171665250963556,0.2134004210015588
cf204212ac197e2e9e97e1d7d5cde220,경기도,안성시,청산농장,2020-04-30,0.4437191283402923,0.0384017721814869,0.1979767267470867
cf204212ac197e2e9e97e1d7d5cde220,경기도,안성시,청산농장,2021-06-30,0.4437191283402923,0.0385480534914922,0.1987252781285154
3509ea69b989babdcdd9dda6cc164518,경기도,안성시,청원농장,2021-07-31,0.1166768189883706,0.0153018312054243,0.100898364066506
742b5b8a5d9c4b2806b64a687dfbb3c5,경기도,안성시,초원농장,2021-07-31,0.1214301120219586,0.0294836785328607,0.223308772234588
53b9ec5f1c8729d8e5b9c810c4520377,경기도,안성시,큰오리농장,2020-07-31,0.0209195430897213,0.0346229482941553,0.1806160326177271
2df1725c168947234794e94b64e7cd00,경기도,안성시,큰오리농장,2020-07-31,0.1349603787388958,0.0344063933355784,0.1861092491447628
f980da0886ceb032f401e067077a6cb1,경기도,안성시,큰오리농장,2020-07-31,0.0318099458061562,0.0413311715211858,0.1924036858065986
f02d3ff350a7e82b8b0ce04aa5d9357b,경기도,안성시,큰오리농장3,2021-11-30,0.031819177199292,0.0413310953976662,0.1924040882559254
7d11077c661162df42860616dc00d120,경기도,안성시,텃골축산,2021-04-30,0.0564766518632821,0.0331048397731011,0.1889669245031583
7d11077c661162df42860616dc00d120,경기도,안성시,텃골축산,2021-09-30,0.0564766518632821,0.0325464040641195,0.1853089729459431
a1fca63a2b54e58d75609c69ec0a2b18,경기도,안성시,팔봉농장,2021-06-30,0.0174039740026669,0.04344291206542,0.1560404020678047
53ddb2ea0f869d4bcc86ccb41d3afb2b,경기도,안성시,팔상농장,2021-09-30,0.1478437437092313,0.0233779539059029,0.1259599678880467
a556ff6c34340f5de53b7fc0c23e4ff1,경기도,안성시,팔상농장,2021-04-30,0.0075494168940323,0.0295115179512425,0.1436752014869949
716c35d4160984d0379f3604e1fb6db2,경기도,안성시,평안농장,2021-07-31,0.0926417205260261,0.0135108300577033,0.1438292380877911
716c35d4160984d0379f3604e1fb6db2,경기도,안성시,평안농장,2020-07-31,0.0926417205260261,0.0135108280073128,0.1438293237344967
d32f894a5da9861a1db3804ef640e13e,경기도,안성시,하나둘셋영농조합법인,2021-11-30,0.2621281814241276,0.0367656203780521,0.076040204829801
79aaa89732f014b0b7d0faded2f69ab5,경기도,안성시,하늘농장,2021-07-31,0.0566565267670316,0.0179236000135028,0.1414399725157316
9250414c57b8c914febd73930e6e6bca,경기도,안성시,한다리농장,2021-11-30,0.0434559934129641,0.0351978976882659,0.1972006351462067
7a58949f0d817741d4c8b2759fb9fccc,경기도,안성시,한성농장,2020-05-31,0.0596208591525554,0.0440610315428315,0.2216017233440965
dab79f5c14d8285f74cfd8b5647e0c01,경기도,안성시,한성농장,2021-06-30,0.0243705906402823,0.0375607165741861,0.2266596045902858
f0bcfb3438f141252ce4aead67d53f30,경기도,안성시,한신농장,2021-04-30,0.0463160565112506,0.0434517914192031,0.1555095590625075
f0bcfb3438f141252ce4aead67d53f30,경기도,안성시,한신농장,2021-06-30,0.0463160565112506,0.0433869134125168,0.1560707067519763
761eaf2807862efc095b2056b8c10380,경기도,안성시,한울농장,2020-04-30,0.1450753701350572,0.0117433026610013,0.1431628142143347
761eaf2807862efc095b2056b8c10380,경기도,안성시,한울농장,2021-07-31,0.1450753701350572,0.011772447451807,0.1431734423213621
baba3785b18147fd3b7b20e9c7abb631,경기도,안성시,해샘찬농장,2021-06-30,0.371961606538036,0.0259170200945319,0.0780093519209895
11e24904d5cc9847a4d3682bbee46d61,경기도,안성시,헌식농장,2021-06-30,0.040829724205425,0.0078019557394857,0.0792072513385311
5e52d504fa596c5af951de63b8dcebb5,경기도,안성시,현수농장,2021-06-30,0.144199440428867,0.0278228337356975,0.2392832407071018
9db029f680140b03e5e09ec51dcdcf05,경기도,안성시,형은농장,2021-09-30,0.1503172576685064,0.036296398364232,0.2095539076428768
da280b649585a17aaffe2e3f02b605ec,경기도,안성시,혜성농장,2020-04-30,0.1052068985469233,0.0262658718954008,0.1566001583559254
da280b649585a17aaffe2e3f02b605ec,경기도,안성시,혜성농장,2021-07-31,0.1052068985469233,0.0257509413118515,0.1568650763297406
efe7463823d077a620d026cfa8bdabb2,경기도,안성시,호반농장,2021-07-31,0.2602759150270025,0.0439432204926383,0.3299777117979635
a79b5d6604094a7ed8cd560296641a2a,경기도,안성시,호야2농장,2021-07-31,0.1014580797544918,0.0448279998850702,0.1714347834155569
a79b5d6604094a7ed8cd560296641a2a,경기도,안성시,호야2농장,2020-07-31,0.1014580797544918,0.0443017143897557,0.1716457422920028
fcfe7e0a9e230b64a8a90987bd77c27d,경기도,안성시,호야농장,2020-11-30,0.127360812867271,0.0476062588783231,0.1757870809646995
fcfe7e0a9e230b64a8a90987bd77c27d,경기도,안성시,호야농장,2021-11-30,0.127360812867271,0.048264593361687,0.1756742365105243
cd5ff8b7cee34bccc2230ac83694d69b,경기도,안성시,호일농장,2021-09-30,1.159200277742449,0.0213745114476217,0.1170640319330227
a4cc1819bae49c29e70286c3ba20b8f5,경기도,안성시,황아농장,2021-06-30,0.1706298594542744,0.0265487136501755,0.1692665002566392
0ae5890beee8855c3f4718fbfbf34620,경기도,안성시,효성농장,2021-07-31,0.192923321042843,0.0520254066775544,0.1578987881775579
4e530d3f4652e8674fb101e065d2a556,경기도,안성시,효원농장,2021-09-30,0.2368303585581988,0.0253769263193786,0.1551403197361382
2fcb5eaab0f83b934ef32231e20fad8d,경기도,안성시,효원농장,2021-09-30,0.2368303585581988,0.0253769263193786,0.1551403197361382
e7b072d0a8b97e4965a4aa5587e8354e,경기도,안성시,흥안농장,2021-09-30,0.02012789134061,0.0346072027282214,0.1805680553669743
837e826a6e1055bdc4f15864e26c2162,경기도,안성시,희영농장,2021-09-30,0.0432942912232962,0.014301361692938,0.0876730393045737
837e826a6e1055bdc4f15864e26c2162,경기도,안성시,희영농장,2020-11-30,0.0432942912232962,0.0141901419298456,0.08815789328176
c857396c62167c1c42a53cadd680b21a,경기도,안성시,희영농장,2020-07-31,0.1592574667405068,0.0145436759486196,0.0846275496243207
1373f7b7f9fa06cfbfa2f42348683035,경기도,안성시,희영농장,2020-07-31,0.0640387835015439,0.0181382920256007,0.1416684979953381
c857396c62167c1c42a53cadd680b21a,경기도,안성시,희영농장,2021-09-30,0.1592574667405068,0.0145436927228527,0.084627520782054
f0fae0705acd9640265a6c1a9e1076ca,경기도,안성시,(주)한강식품 안성농장,2025-04-30,0.0223487120539273,0.0195652197825107,0.1613027226230379
a4f154b758f9e4c457f478aaab8d906c,경기도,안성시,NES농장,2025-07-31,0.1867110505060105,0.0331277136118546,0.1913392034194791
4d46e2be76469f0a60197292f7abd407,경기도,안성시,NES농장2,2025-04-30,0.0504145689335588,0.0327164512952609,0.1936435694336878
ec1e101e69d93c47b1d6e31de7db9ec6,경기도,안성시,강덕농장,2026-01-31,0.3195134102044869,0.0256835801018217,0.1635832320485888
473d0d2739d98200d52cfc3f6b698b90,경기도,안성시,경기농장,2026-02-26,0.1037587276165815,0.0219311363929322,0.096228104609459
8cd2f7a51da1c980654c572439e9fc0a,경기도,안성시,경운농장,2026-01-31,0.0237008327175343,0.0369572179073871,0.1233963265174648
1dc526f1abaf6f7cbc528c786814a3ba,경기도,안성시,계림농원,2026-02-26,9.778781570420308e-05,0.0142480660766819,0.0867544768724565
647d80a6a160423850282c12d8369df8,경기도,안성시,구오농장,2026-01-31,0.0344529795260947,0.0104170745504271,0.1023652197885418
b22d3660b5320ad72ef42989d9adb705,경기도,안성시,구칠농장,2025-04-30,0.3766869946145246,0.0259506576984295,0.1853791487405974
1ebd9a8d1a3b48ccd8f7822da5d5ab66,경기도,안성시,금강농장,2025-07-31,0.0417314051603783,0.0265419448674285,0.1320178578198549
fc2fb85032a76c6d93cc89742265181b,경기도,안성시,금광농장,2025-04-30,0.0453136672840705,0.014303618259693,0.0309565501974408
add8bc04215fca932dd442353fe5fd35,경기도,안성시,금평농장,2025-04-30,0.3558360058035466,0.0332709701982072,0.1793065722781806
6f3edb09e27d57b7bd398481afb4ee5e,경기도,안성시,길담농장,2025-05-31,0.2842025348400823,0.0333059172723334,0.0888716211107779
2873e6372e6f72b6f95b427a28099e41,경기도,안성시,길담농장,2025-05-31,0.2842025348400823,0.0333059172723334,0.0888716211107779
0347c97550dcd2eb3950918b48206d5a,경기도,안성시,꼬꼬농장,2026-02-26,0.2194568787312225,0.025663656184711,0.223183171873468
63f05eb3a96255da1e17ed814ad23f84,경기도,안성시,나루농장,2026-02-26,0.087758731706994,0.0247980725611184,0.1676924549956135
569cd19755446c3217452ecd5bc5c944,경기도,안성시,남풍농원,2025-05-31,0.0580751564659851,0.0893777718629792,0.1242335305016855
8c16508c1049f986a9b113762ede18e9,경기도,안성시,노동 농장,2025-07-31,0.005052859832551,0.0347286742248325,0.1888494559357096
8c16508c1049f986a9b113762ede18e9,경기도,안성시,노동 농장,2025-07-31,0.005052859832551,0.0347286742248325,0.1888494559357096
df16a298f165600105ea089bbfceafa9,경기도,안성시,농부마을,2025-07-31,0.0652934103156609,0.0230146138655982,0.1569848092510768
11ff542b2d5e74927d657fcab1659f2a,경기도,안성시,농업회사법인 골드아이(유),2025-08-31,0.0588153905982913,0.0356281267569653,0.1847625851545888
2af6f67654a8af695da0885422b1503d,경기도,안성시,농업회사법인 선유팜 주식회사,2026-02-26,0.426440671151505,0.0239272625620987,0.1313481633493666
202ed9a187e1b5be829cc1be506f3c31,경기도,안성시,농업회사법인 주식회사 명계 안성지점,2025-05-31,0.0482827691635822,0.0398224857895554,0.1351766974221449
6a8a364314ec17888867be43ec138f01,경기도,안성시,농업회사법인 티지에프(주),2025-08-31,0.5988975433008278,0.0127013969216756,0.0584208495491201
64c3432cf82cf4ebb39ca89f08676ab7,경기도,안성시,농업회사법인(주)알로팜 명당지점,2025-04-30,0.3870481820057451,0.0361099432149307,0.2055416462046325
f2fcf11e1fc51dfbd09eaf32fafa9bbe,경기도,안성시,다모아부화장,2025-08-31,0.210931219196927,0.0443010604037359,0.2579666719304789
cdf6f66cca18cfbbb133b38019fe5062,경기도,안성시,대박농장,2025-05-31,0.0270846474971167,0.0333586617556005,0.1660039985454368
91deb720b68b37a37a09ae6c8108b85a,경기도,안성시,대박농장,2025-05-31,0.2321026604923441,0.0262379101837922,0.2381711040424458
ea264341322e89ec851ac4df179309d7,경기도,안성시,대박농장,2025-08-31,0.0270846474971167,0.0333586617556005,0.1660039985454368
784e5cb10e5128507228f3634592a9b1,경기도,안성시,대성농장,2026-02-26,0.1497178495415679,0.0305930543294556,0.1776300628251614
d6fa8ef4ab68e93788f4fa6fe64c2871,경기도,안성시,대율,2025-04-30,0.115506244694161,0.0213421352587287,0.1284553697911285
826d3c7b6bc957ecd23eba310a57490f,경기도,안성시,대율농장,2026-01-31,0.1305443923068063,0.0213421352587287,0.1284553697911285
2622498970c2c65b7970315695a692f8,경기도,안성시,대현농장,2025-04-30,0.0592540029786578,0.017237638195223,0.111977021212548
2622498970c2c65b7970315695a692f8,경기도,안성시,대현농장,2026-01-31,0.0592540029786578,0.017237638195223,0.111977021212548
dfbd8b2c7d4c2aa848c80e2edc504b01,경기도,안성시,대화 오리농장DHD,2025-05-31,0.1521620612595495,0.0362417771635961,0.1877650032492254
ddf917ca57a0ec1f0d6507d075c4c418,경기도,안성시,도란도란,2026-02-26,0.1306755025216096,0.0353183052571091,0.1330486460967066
f2a75257bd7a19679e8e109e8ec2297b,경기도,안성시,동신농장,2025-07-31,0.149396187867067,0.029706926325414,0.2659055846788788
10fe734ce06d6841897d272cb07c9c78,경기도,안성시,두교농장,2025-07-31,0.3957704254814906,0.0247232539218128,0.0517113668820564
8330f5ce670316122cc39792eb0cc8c9,경기도,안성시,두메축산,2025-04-30,0.2937836434429063,0.0403832898974917,0.2423430936753507
3ea905af8b14f4c91abd4c8e2042f71c,경기도,안성시,두평마을회,2025-08-31,0.0430938875206751,0.0215280866788729,0.1193486564561573
75e4825fd8d78f79c47153bae49ecf55,경기도,안성시,드림팜,2025-07-31,0.0462927987627445,0.0237278457260614,0.1488127665351132
2c35498e38067dd725c69703e6969164,경기도,안성시,마전농장,2025-05-31,0.467568183549243,0.0137350347190275,0.0797743097269955
004d09147b0b48a9ef67537efe99f08c,경기도,안성시,만우농장,2025-04-30,0.087758731706994,0.0247980725611184,0.1676924549956135
ae3979de8a8b5e29af26eb59c70201ad,경기도,안성시,명근농장,2026-02-26,0.4508603327793808,0.0945614396059238,0.0630330323645223
4a2a5df50cc555533227eb1894a43fbf,경기도,안성시,민호농장,2025-05-31,0.0727655940749508,0.0536643518711338,0.1723340105465144
4f3a6e13eb5d3565447b27c868af104e,경기도,안성시,병일농장,2026-01-31,0.0049019667984626,0.0188338040670344,0.1762419735984935
778cdbf8aef831b270266983eb04ba71,경기도,안성시,봄양계장,2025-08-31,0.0101851056871563,0.0171299437525949,0.0450755442782562
6917fb8a9549d0d16f4982ea13bdeb7f,경기도,안성시,부희농장,2025-05-31,0.1839831365441879,0.0265757121648045,0.1696367217889189
5a3bdcf93797e0fe35155d0b38112015,경기도,안성시,북좌농장,2025-08-31,0.1230426616468861,0.0159727103009362,0.1043285620427093
ee614d51fb21cb468290031b38ecbd12,경기도,안성시,사오농장,2025-08-31,0.1421417771653079,0.0193421067708497,0.1073196497054322
add0985a267fe6abee3ba507cc9e1006,경기도,안성시,삼학농장,2025-07-31,0.3909078217710183,0.0149304427196204,0.0948820025904729
7fe1943e6b8b45d2827e3027d368fb0c,경기도,안성시,삼한농장,2026-01-31,0.0410915978863258,0.0424679476963465,0.2064870171164687
b8c08d1e44b7348dde745ae2c49dbbc6,경기도,안성시,상록농장,2025-08-31,0.0725996114609798,0.0523525446573313,0.0372966943514596
1ab5e91e05f3d28247bab41b8462161b,경기도,안성시,상수리숲농장,2025-07-31,0.0921482321548408,0.0328476008202217,0.103934327302909
85e2b492a8166df96d7ecf25ecedcb9d,경기도,안성시,서부농장,2026-01-31,0.007392436082813,0.0256601836441231,0.1316243535534636
095df7e417ad9ce6b66436fb7b290d5b,경기도,안성시,서운농장,2025-07-31,0.2154814389452642,0.0143421834380818,0.0943571575221501
8f7f697e6855880eb4218e9dbbf55cca,경기도,안성시,서윤농장,2025-07-31,0.19888278941628,0.0239995227522431,0.2194327535103994
872018d2ea13ea3c2982a4840ed83684,경기도,안성시,서현농장,2026-02-26,0.053550838659625,0.0256174971522291,0.163912426882813
73b1d8ec7aaa9812f740d5d571f9f691,경기도,안성시,석찬 농장,2025-07-31,0.0458187273981294,0.0340551578476464,0.1689353623182021
42487ac946a7bc2917354460b84de42b,경기도,안성시,선암농장,2025-07-31,0.1250346892327825,0.0254855604779779,0.2156932430422506
bae5377f325ba55bbdf3c8b97a1a7580,경기도,안성시,선유 칠면조 농장,2025-08-31,0.411431866612152,0.0246697679724708,0.1349769208960924
11b7887c5f938581b863a304d4c8ac2e,경기도,안성시,선일농장,2026-02-26,0.1069739699020069,0.0177929646931223,0.0352002567097849
4ca3a7d76b9a425b673d2d56aecea300,경기도,안성시,성공농장,2026-01-31,0.1547678003929333,0.0254549674499741,0.1514767978117206
735f18933f332f6c638602d23326a658,경기도,안성시,성욱농장,2025-08-31,0.0942643118752294,0.0369326715763771,0.2205427922667674
3533db573aa6f9847d60115c613d3d26,경기도,안성시,성원농장,2025-05-31,0.3866435850175534,0.0387998909740267,0.2601111595279843
dadc522b77b78e0afc989d8845e3a615,경기도,안성시,세원농장,2025-04-30,0.2615333129791315,0.0214032285939134,0.1013728754356161
0ae8a18159580a1a116d3a938540c43a,경기도,안성시,세진농장,2026-02-26,0.1367513823402878,0.0180901670509272,0.1589244797717394
90e60f2d3fe811339f45ecdb25c159b6,경기도,안성시,송숙농장,2026-02-26,0.0,0.0544671763449273,0.1894256385824491
3f04ae6d7ca4f0dce11dade624dd33ca,경기도,안성시,수정농장,2026-02-26,0.018597301565711,0.035359240520903,0.1791704221915302
1b197f1dd7f696718516bd12e7adda0b,경기도,안성시,수정농장,2025-08-31,0.0183393884420577,0.0353590989190856,0.1791663864627898
802315b404f3d52eabd55032d7e9a3ce,경기도,안성시,수지 토종농장,2025-04-30,0.0936992327450427,0.0221494871861509,0.1546311433247946
72bc203c934b022d9203e7daa99af638,경기도,안성시,수지농장,2025-07-31,0.1776174328958848,0.0242144902580865,0.2019966180696054
afb80022b5da2b4724ed6cd291452255,경기도,안성시,수한농장,2025-05-31,0.0701672424117842,0.0542517040005131,0.07438934758329
f0cb0a736d741e669be59ff7ceb0ab8b,경기도,안성시,스마일2 농장,2025-08-31,0.210931219196927,0.0443010604037359,0.2579666719304789
71fa95e77328a0ba8b2721ddf5b6227d,경기도,안성시,승애농장,2025-04-30,0.0357243498228094,0.021881249020875,0.1200887650931286
82b27a2dc2b59cf418cdd60a35826575,경기도,안성시,승일농장,2025-05-31,0.017665045691192,0.0346099272193403,0.180686100961758
8a3359546869d1c377c329a925115648,경기도,안성시,승일농장,2025-05-31,0.1284993959952279,0.0138937598451636,0.1604939871868841
335cbbadbdf3bcf5cbb60a1b16c4d588,경기도,안성시,승희농장,2026-01-31,0.0604183705819407,0.0138449783542196,0.1633040101304116
1f54adadbb5594b4ae650a84a50742c4,경기도,안성시,시은농장,2025-05-31,0.4767477085660452,0.0200831687195011,0.2167900953947324
c5efe0a051020c1124c7f9238a8773d5,경기도,안성시,시헌농장,2025-04-30,0.1224006636148317,0.0252304701790283,0.1516290607572965
ba82c6528a3bdb06964af385ca561043,경기도,안성시,신기리농장,2025-08-31,0.0372679546760722,0.0125189271753084,0.088369254979756
3ae480f552b3e738f9c2717969abbc45,경기도,안성시,신기리농장,2025-08-31,0.0298536655929158,0.0126284408572069,0.0891487740021599
8e8ddfe63e72014556b44095460a3e3b,경기도,안성시,신안농장,2025-04-30,0.159089761741888,0.0136118249239649,0.1442650897200455
b605ef06fd0f5bc6a9f7c1f9d4a94bae,경기도,안성시,씨제이피드앤케어 주식회사 안성시험농장,2025-05-31,0.240300921547861,0.0257052594331417,0.1489882313657201
ec6a59901d0a9588d08ca08e91e2f260,경기도,안성시,아리농장,2025-08-31,0.1498233504693462,0.011288008295755,0.0775237544816401
e93db65b80bbcd086258e6e0dc6f8018,경기도,안성시,안성마춤육계,2026-01-31,0.0183561336697017,0.0236673658772465,0.2003372646739514
e66f571e6ec2dab961a0961f3e47fcfc,경기도,안성시,야곱농장,2025-07-31,0.0534787445557745,0.0628952373539711,0.2018267891396514
49bc85720d952eca5d17dbedbbe9557a,경기도,안성시,에코필드,2025-07-31,0.1985452387333155,0.0215555350294601,0.138709903957512
629613c1dc8582840121852ecd732253,경기도,안성시,영양축산,2026-01-31,0.3572009529002589,0.0243671787713354,0.1333413110067878
08a2865576e1ed6217cdab378d078809,경기도,안성시,영윤농장,2025-08-31,0.1531068863059042,0.1171501685186777,0.076625263869861
c55bc045c239347589d39de3841f49ea,경기도,안성시,영화농장,2025-04-30,0.0232000359766127,0.0408208878329334,0.1484472349408465
4c572764c2f4be0fd6ba3d130e089696,경기도,안성시,오두리 농장,2025-04-30,0.0948564246843289,0.0179962448265806,0.1576362594667608
641cb1a9d5a62696ff013693830d8b0e,경기도,안성시,오림농장,2026-02-26,0.1397126089109473,0.0284573544696311,0.1515673348563435
606deb83e98c321d3a6b53399d6a6742,경기도,안성시,오성농장,2025-04-30,0.4819844045357954,0.0181900363937312,0.0509725135419112
a0a2fea3f3254ff47cfd1d145fa68a5e,경기도,안성시,완기농장,2025-08-31,0.0285669276724819,0.0379857552255936,0.1990943239649661
d75335c08abf09bded253678734ce7e0,경기도,안성시,용단농장,2025-04-30,0.0853665067518721,0.0962556457920198,0.1267171803739818
d5aacdbbc9bdc57a70dd8455be07f0c1,경기도,안성시,용마농장,2025-04-30,0.1354113156830883,0.0113767390583572,0.077918424639322
3c29091c083dc7bdaf0a6f63a25fa4e8,경기도,안성시,용성농장,2025-04-30,0.0237302841525739,0.0272286898111183,0.1350906466255416
94c7f104be5aa3ad8b6c832d965c3d4a,경기도,안성시,용성농장,2025-08-31,0.0240100820587545,0.0272268623586014,0.1350702869651907
3ba5651cd08507ffeba64a38d1d3e133,경기도,안성시,유화농장,2025-05-31,0.1645205514373416,0.0296038231636749,0.2639714283778149
613a8fec362ec7c61ff75c91999c15bd,경기도,안성시,육계농장,2026-02-26,0.1892597609590911,0.0433031129820875,0.1593559797560413
098544004ef0a5e933e7f93372eba8cd,경기도,안성시,은영농장,2025-07-31,0.2628789916492042,0.0274295454498944,0.1762601110682749
feae1c9a01c5e7ad370f80831d3caf05,경기도,안성시,이삼농장,2026-01-31,0.0960093516901567,0.0237356780258244,0.0968577618263847
38efdb0c9c6f4bc990d46eb7018b2c10,경기도,안성시,인주종계장,2026-02-26,0.3150949853349991,0.0227329233722213,0.19453769785498
11ae02937892ca083929516d69ada940,경기도,안성시,일월농장,2025-08-31,0.0269329932632109,0.0350554811227161,0.1983376325857305
2db8990edad8d2c1f3700decc441700c,경기도,안성시,일죽 농장,2026-02-26,0.0572357308591331,0.0325436184162829,0.1853463673309505
b279e60c749bb20dee8766c9ff1d6572,경기도,안성시,장수농장,2025-08-31,0.2251411530150489,0.0258388839132844,0.1920578640966092
fdfb0152481c18db5c7b95e705b129b8,경기도,안성시,정훈농장,2026-02-26,0.4716465015162119,0.024424674654102,0.1119915180130119
478b8f3ed5f34647da5411f87441613c,경기도,안성시,정훈축산,2025-05-31,0.4120254704372103,0.024370091422007,0.1092730318591296
b914b1fbaf1853d95fe7bef841d0b622,경기도,안성시,제2대화 오리농장 DHD,2025-05-31,0.0775257226342838,0.0366861978728012,0.1917105991702753
f80c9fec1ed3683914bcfd4f42cf908d,경기도,안성시,제2대화 오리농장 DHD,2025-07-31,0.0775257226342838,0.0366861978728012,0.1917105991702753
a2f63ad3c2f04f8a1c09f8500745b5c0,경기도,안성시,제일농장,2026-02-26,0.1233869151672548,0.0443665955821485,0.3360775487307215
926b4b30fa308d91c374888f23d1f9c2,경기도,안성시,조아라 한약닭 농장,2025-04-30,0.2392446335221631,0.0190945102697995,0.0588390166567387
f6a6052913ffeb81265682924d11ae2b,경기도,안성시,주안농장,2025-08-31,0.2326072843956177,0.0489527917310804,0.1582143312707523
c88c0f721d1c63a9f2ec683ceb49dc0a,경기도,안성시,준 농장,2026-01-31,0.0397032140433012,0.026920371861841,0.1704312969060513
9e4e6ab1d45c79df7661fe2225e74ff0,경기도,안성시,중대농장,2025-05-31,0.5901678587049936,0.0150924632720785,0.1408899140014214
fdc3dea79d73a18d2581477e27122c2e,경기도,안성시,지현농장,2026-02-26,0.2181234047107818,0.0550473812911079,0.2681437986585449
9e9f8a1cd6463e73a3b672f461d6de4a,경기도,안성시,진가네농장,2025-04-30,0.059083350858586,0.0677318034359758,0.1909103203723756
530a4924f51c4ca90cef0fb0b6b25d28,경기도,안성시,천호농장,2025-07-31,0.1888790143896998,0.0171665250963556,0.2134004210015588
d6b68563217872fdd71a50c0cc450225,경기도,안성시,청보농장,2025-04-30,0.2565956897053598,0.024583322821693,0.1146869651374249
1e348ad9e54060b85a1893ab27991997,경기도,안성시,청보농장,2025-04-30,0.2565956897053598,0.024583322821693,0.1146869651374249
716fa839990e810fe7aa1c8c772b3b53,경기도,안성시,청산농장,2025-05-31,0.4712116709351765,0.0385480534914922,0.1987252781285154
610691f3447ea847efc7ef44e5e72b7d,경기도,안성시,청원농장,2025-05-31,0.1166768189883706,0.0153018312054243,0.100898364066506
02442c93ee402669050cfa5326216677,경기도,안성시,큰오리농장1,2025-04-30,0.1422439042852456,0.0345809816717403,0.1868145021665383
039cce97ae00f15896161fab718c5079,경기도,안성시,큰오리농장1,2026-02-26,0.1449840751307935,0.0340754105497754,0.1848157674447424
f02d3ff350a7e82b8b0ce04aa5d9357b,경기도,안성시,큰오리농장3,2026-01-31,0.031819177199292,0.0413104262748696,0.1925428898134233
f02d3ff350a7e82b8b0ce04aa5d9357b,경기도,안성시,큰오리농장3,2025-05-31,0.031819177199292,0.0413104262748696,0.1925428898134233
a6622d714de4ce4e7f9165ed9a5982d8,경기도,안성시,텃골축산,2026-01-31,0.0564766518632821,0.0325464040641195,0.1853089729459431
e8c88c8b176f60680d3e67ebc322b4d4,경기도,안성시,팔봉농장,2025-07-31,0.0178288719380325,0.0434429726692245,0.156054804017397
fdec6f49a8d504d7cfe46942345f9408,경기도,안성시,하나둘셋영농조합법인,2025-07-31,0.2621281814241276,0.0367656203780521,0.076040204829801
76309e7d1d841d7b68d8a1f161aab127,경기도,안성시,하늘농장,2026-01-31,0.0566565267670316,0.0179236000135028,0.1414399725157316
a28ec7b2663a8d304c40ab843ad973b5,경기도,안성시,한다리농장,2026-01-31,0.0438312155972422,0.0352001123425726,0.1972134335087259
dab79f5c14d8285f74cfd8b5647e0c01,경기도,안성시,한성농장,2025-04-30,0.0243705906402823,0.0375780519861459,0.2267771739474142
dab79f5c14d8285f74cfd8b5647e0c01,경기도,안성시,한성농장,2025-04-30,0.0243705906402823,0.0375780519861459,0.2267771739474142
76721c08dcc515bc945fb1b99a20ea86,경기도,안성시,한신농장,2025-08-31,0.0464037881735684,0.0433869134125168,0.1560707067519763
cd1420898365c5c5d4bdc5a6e5cb61e3,경기도,안성시,한울농장,2025-08-31,0.145130888877886,0.011772447451807,0.1431734423213621
87d6090cfa956a4bc59ba87eaad6245a,경기도,안성시,해샘찬농장,2026-01-31,0.371961606538036,0.0259170200945319,0.0780093519209895
11e24904d5cc9847a4d3682bbee46d61,경기도,안성시,헌식농장,2025-04-30,0.040829724205425,0.0078684126123568,0.0800215145042855
c9b11a536c3506a0efaee7f2f4cb4575,경기도,안성시,현수농장,2025-04-30,0.144199440428867,0.0278228337356975,0.2392832407071018
8ad9b0f7b9fd96418620b2e8a3e880a4,경기도,안성시,형은농장,2025-07-31,0.1503172576685064,0.036296398364232,0.2095539076428768
e4aa658d342c3c195971e3816d9edbf9,경기도,안성시,혜성농장,2025-08-31,0.1140917660859191,0.0257509413118515,0.1568650763297406
b10a3211298b0ce105221a78946df4c7,경기도,안성시,호야2농장,2026-01-31,0.1018250123034797,0.0448189769770941,0.171420274507531
0af9ce3aaf7bd58d7a1e7be275158cc6,경기도,안성시,호야농장,2025-07-31,0.1439229313474099,0.0482717405208491,0.175665799963998
cd5ff8b7cee34bccc2230ac83694d69b,경기도,안성시,호일농장,2026-02-26,1.159200277742449,0.0213745114476217,0.1170640319330227
d142606871056a6a0cfe9bc33273eff1,경기도,안성시,효원농장,2025-07-31,0.2365517297152369,0.0253769263193786,0.1551403197361382
d142606871056a6a0cfe9bc33273eff1,경기도,안성시,효원농장,2025-07-31,0.2365517297152369,0.025382341251828,0.1551526052891438
c857396c62167c1c42a53cadd680b21a,경기도,안성시,희영농장,2026-02-26,0.1592574667405068,0.0145356314967058,0.0846792865612776
c857396c62167c1c42a53cadd680b21a,경기도,안성시,희영농장,2026-02-26,0.1592574667405068,0.0145356314967058,0.0846792865612776
f30c8ef6d710c668a05a58ac81b64257,경기도,안성시,희영농장,2026-02-26,0.0655508441158791,0.018141859291801,0.1420181656393653
1373f7b7f9fa06cfbfa2f42348683035,경기도,안성시,희영농장,2026-01-31,0.0640387835015439,0.0181419477564046,0.1419799163699163
5a2c7c44d2ce62b365038209c23f24b6,경기도,양주시,경희농장,2018-03-14,0.4177370697432812,0.0154638705555713,0.0693231450378858
91a89c9e41bba532a3071cc4991736df,경기도,양주시,경희농장,2019-01-31,0.1428354071384757,0.1100176052285537,0.1653851099852498
5a2c7c44d2ce62b365038209c23f24b6,경기도,양주시,경희농장,2018-10-31,0.4177370697432812,0.0154639060764634,0.0693232587883455
064397d4f1e725272458bf6c9015c3c8,경기도,양주시,곡산농장,2018-08-31,0.1537004909451922,0.0334658475831708,0.0175526861108284
7f012979fba00dc87a847698e1fa810c,경기도,양주시,곡산농장,2019-01-31,0.176372891649048,0.1214275129071511,0.0685659470328275
064397d4f1e725272458bf6c9015c3c8,경기도,양주시,곡산농장,2018-10-31,0.1537004909451922,0.0334658916226646,0.0175527156496472
4269e666cd427b073cd8e633b96c00e2,경기도,양주시,관우농장,2018-10-31,0.1182434926440044,0.0156513558685789,0.0802067178186426
4269e666cd427b073cd8e633b96c00e2,경기도,양주시,관우농장,2018-08-31,0.1182434926440044,0.0156513361483224,0.0802066393249391
4269e666cd427b073cd8e633b96c00e2,경기도,양주시,관우농장,2018-12-31,0.1182434926440044,0.0156513361483224,0.0802066393249391
ff2d603d660c4afa88ba46558829c30b,경기도,양주시,관우농장,2019-01-31,0.3367703299849344,0.0151724641692557,0.0839048547873915
b1354a82b870ff603cd7d39da6ec5c0a,경기도,양주시,관우제2농장,2018-04-30,0.0349293995441425,0.0154700254441667,0.0784950656343864
71787359894cdec5f8fb4d17b950f2fc,경기도,양주시,관우제2농장,2019-01-31,0.1998402217116056,0.0262471488110883,0.1518751253374298
b1354a82b870ff603cd7d39da6ec5c0a,경기도,양주시,관우제2농장,2018-10-31,0.0349293995441425,0.0154700257411958,0.0784951604751331
223d78ff39c92e7e361057b71bd8b8b4,경기도,양주시,광승농장,2018-10-31,0.9429207120213868,0.0169941828263479,0.0337202660190163
223d78ff39c92e7e361057b71bd8b8b4,경기도,양주시,광승농장,2018-12-31,0.9429207120213868,0.0169941666655408,0.0337202027881974
223d78ff39c92e7e361057b71bd8b8b4,경기도,양주시,광승농장,2018-04-30,0.9429207120213868,0.0169941666655408,0.0337202027881974
8ca75c612d00027dd3ab96bc358ccbfe,경기도,양주시,광승농장,2019-01-31,0.0441596554177177,0.1001761882931781,0.0691998144411582
5b682dca7f5c77762a85391345739371,경기도,양주시,금성농장,2018-10-31,0.3623943615725105,0.0098086304068751,0.0153435460852193
1641310767d028be3c19efc5b68096c2,경기도,양주시,금성농장,2018-10-31,0.0791385962958281,0.0102831077381402,0.0181795198212609
1641310767d028be3c19efc5b68096c2,경기도,양주시,금성농장,2018-04-30,0.0791385962958281,0.0102831040740176,0.0181795284629433
5b682dca7f5c77762a85391345739371,경기도,양주시,금성농장,2018-04-30,0.3623943615725105,0.0098086305163543,0.0153435509811167
eb1ee9b97461f448f1de82c0fe0b6bd7,경기도,양주시,금성농장,2019-01-31,0.135870871390028,0.1086452740511874,0.1650383510265032
71ae43bd4740b9ee03edaaccc764d955,경기도,양주시,금성농장,2019-01-31,0.1432702003596332,0.1013948271597058,0.1441201230452042
eac6959a303d8b12646c860cc40b62bc,경기도,양주시,나리농장,2019-01-31,0.1675316053293453,0.0995762251510442,0.1100038080912442
a6db11051270db964b9fa003aae5be76,경기도,양주시,나리농장,2018-09-30,0.0403190866092877,0.0261721367425404,0.0161687415008215
a6db11051270db964b9fa003aae5be76,경기도,양주시,나리농장,2018-04-30,0.0403190866092877,0.0261722270861126,0.0161687415008215
c9483a795ed5a8c39f8534a033a8eb1b,경기도,양주시,나사로농장,2018-04-30,0.8256876942625241,0.0129740491738716,0.0455266875528488
5bdf98288a2421f18474b065722b5ae9,경기도,양주시,대연농장,2018-03-14,0.0512041678415913,0.0124369825397904,0.0182719995363105
5bdf98288a2421f18474b065722b5ae9,경기도,양주시,대연농장,2018-09-30,0.0512041678415913,0.0124369810515044,0.0182719967095501
a4bafb6d6bf9a8cc184aee4004cbda44,경기도,양주시,대연농장,2019-01-31,0.0255486226356026,0.1234814700981093,0.1327620326875948
76f34e457a322170e72d73712c2cd66c,경기도,양주시,대풍농장,2018-04-30,0.6016083829183783,0.0168414635366903,0.0414462927260055
76f34e457a322170e72d73712c2cd66c,경기도,양주시,대풍농장,2018-09-30,0.6016083829183783,0.0168416159570313,0.0414461788515157
1f75375a46f6687f7db948b7679b392f,경기도,양주시,도하 2농장,2019-01-31,0.1306777616455013,0.0120153214439162,0.077282873821476
81a8e50757b82db72920d86dae24e1e3,경기도,양주시,도하 2농장,2018-08-31,0.0,0.0230735008665618,0.0342351599227755
81a8e50757b82db72920d86dae24e1e3,경기도,양주시,도하 2농장,2018-10-31,0.0,0.0230735027314566,0.0342351434544335
353c31ac9055c05a9fdf94eebefa9159,경기도,양주시,도하농장,2018-12-31,0.0264859380531357,0.0235209002899671,0.03254782368956
353c31ac9055c05a9fdf94eebefa9159,경기도,양주시,도하농장,2018-10-31,0.0264859380531357,0.0235208799543548,0.0325477628875256
354e4b1a85ce3813073d32eac7910770,경기도,양주시,도하농장,2019-01-31,0.0803446292911458,0.0189958365108547,0.1449558620119304
353c31ac9055c05a9fdf94eebefa9159,경기도,양주시,도하농장,2018-04-30,0.0264859380531357,0.0235209002899671,0.03254782368956
7d90d1ef37639d86f2a35c240f088055,경기도,양주시,두꺼비농장,2018-04-30,0.0971684063814483,0.0123691047796513,0.0062042560561113
7d90d1ef37639d86f2a35c240f088055,경기도,양주시,두꺼비농장,2018-10-31,0.0971684063814483,0.012369090660902,0.0062043123834213
f281055a54996b16a4ee393321fe44d8,경기도,양주시,두리농장,2018-04-30,0.2328075911477383,0.0126681228509478,0.0162497244984832
f281055a54996b16a4ee393321fe44d8,경기도,양주시,두리농장,2018-10-31,0.2328075911477383,0.0126680846642414,0.0162496697332865
965acfe506c13cb9841ab278a2eb1703,경기도,양주시,두영농장,2018-10-31,0.2153181042923356,0.0100289362684607,0.0169782483209024
965acfe506c13cb9841ab278a2eb1703,경기도,양주시,두영농장,2018-03-14,0.2153181042923356,0.0100289539779444,0.0169782925081697
6ea7b1ad236abf2fc99b23dc2693b1ab,경기도,양주시,만송농장,2018-08-31,0.2045726297336049,0.011670722133297,0.0192282358630687
6ea7b1ad236abf2fc99b23dc2693b1ab,경기도,양주시,만송농장,2018-10-31,0.2045726297336049,0.0116707414083429,0.019228238583842
f1e926a1acfeec1f033a2e094fccfbbb,경기도,양주시,만송농장,2019-01-31,0.318183777746905,0.0450661864956475,0.2450555247734904
3adc05bcc60658023576e0abf7c5300a,경기도,양주시,무궁화농장,2019-01-31,0.0937149492174386,0.0345615085260934,0.2213664891963739
6f8741cc8857bd515012dd9a8a0749ad,경기도,양주시,무궁화농장,2018-04-30,0.1962210909128502,0.0370075115553129,0.0173559412626192
6f8741cc8857bd515012dd9a8a0749ad,경기도,양주시,무궁화농장,2018-10-31,0.1962210909128502,0.037007542324846,0.0173559495820358
af3d6969614a0160458b84c059583c46,경기도,양주시,백산농장,2018-10-31,0.1778651645624207,0.0204755122960296,0.0269037044909343
af3d6969614a0160458b84c059583c46,경기도,양주시,백산농장,2018-08-31,0.1778651645624207,0.0204757733594531,0.0269036533982004
4332a5d64aa375862ee605a052cc8e00,경기도,양주시,백산농장,2019-01-31,0.2905826191362095,0.045109123866664,0.2386931921555263
1d21bbaeb8fdae67fd260b763854d0a6,경기도,양주시,백석농장,2018-08-31,0.1780724700590241,0.0147127796109925,0.1036706293957892
588136255b19fd84f3f98d88beb1f757,경기도,양주시,백석농장,2018-03-14,0.1070735210940527,0.0116738464683417,0.082081151220903
1d21bbaeb8fdae67fd260b763854d0a6,경기도,양주시,백석농장,2018-09-30,0.1780724700590241,0.0147127731714849,0.1036705937893509
0bc3f797f7e6ff7007b7ea5adfe96731,경기도,양주시,백석농장,2019-01-31,0.3296349334422874,0.1515974239586746,0.2082665992506477
e84afff784a03b3cb49daec04b503d2e,경기도,양주시,부영농장,2018-04-30,0.3683547800188828,0.0203085517229205,0.0121934574772806
9af1467135ff51b4ebb11f11308567bd,경기도,양주시,살구골농장,2019-01-31,0.0580404858949059,0.0472475627520435,0.1814443787076352
ffe91700313366ad9d108fac8529f25d,경기도,양주시,살구골농장,2019-02-28,0.2547325175751654,0.0186379653177309,0.0406121866098344
ffe91700313366ad9d108fac8529f25d,경기도,양주시,살구골농장,2018-08-31,0.2547325175751654,0.0186379653177309,0.0406121866098344
ffe91700313366ad9d108fac8529f25d,경기도,양주시,살구골농장,2018-09-30,0.2547325175751654,0.0186380025926918,0.0406121459351858
5b03333c9af9c4c4d3f7535ba7d9ada6,경기도,양주시,삼일농장,2019-01-31,0.1085194846688719,0.0231971775900933,0.1998489335670328
072c5f6a69b06237a368ab3307d2fa0a,경기도,양주시,삼일농장,2018-10-31,0.3683562381659149,0.0203085563721397,0.0121934765763716
70041e51664a63a7a618312db9ef96b3,경기도,양주시,삼형농장,2018-10-31,0.0158610265445026,0.0080911011603325,0.0135666213145453
70041e51664a63a7a618312db9ef96b3,경기도,양주시,삼형농장,2018-08-31,0.0158610265445026,0.0080911224154572,0.0135667198758786
81bdae5fd66da93b5b2c3f81258d1584,경기도,양주시,삼형농장,2019-01-31,0.0194185358151058,0.1342726204064416,0.1114925507075691
f7c8fc715b04ca8174fa2ca7e8acbbd4,경기도,양주시,서울농장,2018-09-30,0.012998059616595,0.034131307767668,0.0163137554078882
f7c8fc715b04ca8174fa2ca7e8acbbd4,경기도,양주시,서울농장,2018-08-31,0.012998059616595,0.0343112782542443,0.0162175742374803
3f84383f8842877613004442959797af,경기도,양주시,서울농장,2019-01-31,0.0150853290806782,0.0200586755106305,0.1233159395738797
b0695affb59fb2c2ee62902dc706f0f1,경기도,양주시,선암농장,2018-03-14,0.2750030630584474,0.0354681257423961,0.0172461692386341
b0695affb59fb2c2ee62902dc706f0f1,경기도,양주시,선암농장,2018-09-30,0.2750030630584474,0.0354682148657074,0.0172461805613776
2cfae33853d27efe81a823bda04e6759,경기도,양주시,선암농장,2019-01-31,0.1498900768195167,0.0378428796416755,0.2233744698329051
95a233a6d5261571063e9752f9babcfb,경기도,양주시,선태제2농장,2018-09-30,0.0443654030632011,0.0168404951863353,0.0913094023707278
95a233a6d5261571063e9752f9babcfb,경기도,양주시,선태제2농장,2018-04-30,0.0443654030632011,0.0168404871681549,0.0913091925085849
a1b18551d1733c3ee33700fda82be09f,경기도,양주시,성규농장,2018-09-30,0.1928558739095459,0.0244969055519662,0.0161687415008215
ea12afd0d4a187a972ba3e10abbd8820,경기도,양주시,성규농장,2019-01-31,0.0205915912082181,0.0227045793932528,0.0789103921368929
1b6b430fe2618b2f362c284f12eb6922,경기도,양주시,성익목장,2018-10-31,0.1953584102892882,0.0189783175983637,0.0147709477438652
1b6b430fe2618b2f362c284f12eb6922,경기도,양주시,성익목장,2018-03-14,0.1953584102892882,0.0189783359885314,0.014770941423005
1d35bafc6587c8e983ccac1ed1f639ab,경기도,양주시,세바,2019-02-28,0.9519944974125346,0.0192813887802464,0.0382121115204648
1d35bafc6587c8e983ccac1ed1f639ab,경기도,양주시,세바,2018-09-30,0.9519944974125346,0.0192813838284933,0.0382121540755576
1ef14c472e70560ef7b4f2eb649a29bf,경기도,양주시,세바,2019-01-31,0.047964794009217,0.0572678411885522,0.1570772891737338
983f8cd799a10054869b3f39d87f9ae0,경기도,양주시,세바환경,2018-08-31,1.199453323454715,0.0187058603847335,0.0319345698238525
e98d62510b3f99e3eb7a84e774ca280b,경기도,양주시,세인농장,2018-08-31,0.0930298871346446,0.0178471857851244,0.0419681403468246
1a1b354719c37aa59635a2ec762dfbc2,경기도,양주시,세인농장,2019-01-31,0.024022672613168,0.1291252059594863,0.1103447724965031
e98d62510b3f99e3eb7a84e774ca280b,경기도,양주시,세인농장,2018-10-31,0.0930298871346446,0.0178472079658577,0.0419680619927628
ee854007c67aef8f89ee7708a7219b91,경기도,양주시,수원농장,2018-09-30,0.4647433864618234,0.0095092339159817,0.0152276811241653
ee854007c67aef8f89ee7708a7219b91,경기도,양주시,수원농장,2018-04-30,0.4647433864618234,0.0095092250836954,0.0152276807995884
4e13e2bab0d8bf6542d7fcdbb3e843a1,경기도,양주시,승천농장,2018-04-30,0.2558509030197673,0.013222499426821,0.0140206562141943
eaf6468d55b1c618b89a11faa1ae3f38,경기도,양주시,승호농장,2019-01-31,0.1097359537696276,0.0162174241871994,0.1139278632489198
47cd0ad68f90daa174d517c78703549c,경기도,양주시,승호농장,2018-10-31,0.2558620340144201,0.0132225573679714,0.0140205622620315
c8cb0388effc03ccc66ac9d086699a25,경기도,양주시,신선 제2농장,2018-08-31,0.1477328419512962,0.0253843844000762,0.0161687415008215
c2ab033adcd55c6cef656dffdf905630,경기도,양주시,신춘추농장,2018-09-30,0.1333360979674511,0.0153590132613673,0.0830512622062274
c2ab033adcd55c6cef656dffdf905630,경기도,양주시,신춘추농장,2018-03-14,0.1333360979674511,0.0153590681253365,0.083051200205888
89971e471ab4ec1502e5611088ac33b9,경기도,양주시,신춘추농장,2019-01-31,0.0398654430036687,0.0400483401260407,0.1696701877134868
07c81a99d3cbfc016966849f54f7f279,경기도,양주시,쌍알농장,2018-12-31,0.4598585903030824,0.0094808901216095,0.0151220397949492
2f87b1490b5bac9f2c51b7e6fd15c2a0,경기도,양주시,쌍알농장,2018-03-14,0.5338145960707742,0.0095443233371953,0.0152122027494876
2f87b1490b5bac9f2c51b7e6fd15c2a0,경기도,양주시,쌍알농장,2018-09-30,0.5338145960707742,0.0095443173474433,0.0152121916175178
b880039b03bbb8ec521cce17442c199a,경기도,양주시,쌍알농장,2019-01-31,0.0845808237475548,0.0130712391486762,0.1046718433131996
bf83f7ec7522d02d8ff24bccd3076017,경기도,양주시,씨알농장,2018-03-14,0.1093635919043112,0.0147557044932772,0.1054951087007604
bf83f7ec7522d02d8ff24bccd3076017,경기도,양주시,씨알농장,2018-10-31,0.1093635919043112,0.0133725211048806,0.1010188683825162
53f3911bdc83aad7771fcb26a5b4b6af,경기도,양주시,아태농장,2018-08-31,0.1702430671400575,0.0130196678360368,0.0713887731176519
53f3911bdc83aad7771fcb26a5b4b6af,경기도,양주시,아태농장,2018-09-30,0.1702430671400575,0.0130196655612006,0.0713887503554203
8d1df8cebdee2446cae9ef8ea9169983,경기도,양주시,애정농장,2019-01-31,0.1160259340087382,0.0287299738459985,0.1296011445830617
1572a7f317b3fbebafd22777e3bcb593,경기도,양주시,애정농장,2018-09-30,0.4630231395038002,0.0128220536918087,0.0357096060832617
1572a7f317b3fbebafd22777e3bcb593,경기도,양주시,애정농장,2018-03-14,0.4630231395038002,0.0128221325868923,0.0357095596719352
a6f3711d10efd665ad4d501717cd5522,경기도,양주시,양주바이오텍,2018-04-30,0.0534750398028127,0.0166225853557779,0.0477082328600512
a6f3711d10efd665ad4d501717cd5522,경기도,양주시,양주바이오텍,2018-10-31,0.0534750398028127,0.0166225953990757,0.0477082286379773
6f6a7159f69f4fb85eee3579444fa679,경기도,양주시,양주육계농장,2018-03-14,0.994830368836955,0.0144648789196013,0.0426656394512782
6f6a7159f69f4fb85eee3579444fa679,경기도,양주시,양주육계농장,2018-10-31,0.994830368836955,0.0144648745842259,0.0426656721760973
0880371031f3b0765283ac0a3a8a3a0f,경기도,양주시,양주육계농장,2019-01-31,0.3153635839635647,0.149251362094314,0.2154097785185459
d087584d5b920a892396087168632361,경기도,양주시,에그콜,2019-01-31,0.2010513120110661,0.0805997361840279,0.3078664234783533
f5d3b9ff499879000d9e0b2bb140b700,경기도,양주시,에그콜,2018-09-30,0.0602168228191777,0.0106831522775474,0.0210387168612501
f5d3b9ff499879000d9e0b2bb140b700,경기도,양주시,에그콜,2018-04-30,0.0602168228191777,0.0106831866299417,0.0210388936582349
33632297ab0dc25bd41eafdf23b92e94,경기도,양주시,에그트리,2018-04-30,0.1126899443308328,0.0159909432871895,0.0482039926968475
33632297ab0dc25bd41eafdf23b92e94,경기도,양주시,에그트리,2018-09-30,0.1126899443308328,0.0159909707379861,0.0482039735225698
d1b382ac37522ed98e0dc4bd9d17fcfb,경기도,양주시,에그트리,2019-01-31,0.27227490432003,0.0126697711409456,0.0240391902182365
3f130b49d192cfd3508a4e577163d372,경기도,양주시,영광농장,2018-08-31,0.0397245511006575,0.014014094559957,0.0972391579410349
33728672fac761791037b96a92bbb96b,경기도,양주시,영광농장,2019-01-31,0.1798795682428492,0.0570867024836438,0.3273688171646055
483ea667e6140b847eec4d4b0730a8a6,경기도,양주시,영우농장,2018-03-14,1.1947036404748397,0.0170197001569786,0.0395097263609624
3461c7297d5f4e135eac77fee5ced823,경기도,양주시,영훈목장,2018-03-14,0.1767742970286662,0.0206317095018092,0.0153631635519281
3461c7297d5f4e135eac77fee5ced823,경기도,양주시,영훈목장,2018-09-30,0.1767742970286662,0.0206316829450013,0.0153631977755238
9ced169dbe76efc26400c5ac948f6045,경기도,양주시,영훈목장,2019-01-31,0.0557042726960959,0.061546527354014,0.1516217005861429
f004a6d82c7afc64396f34f75881d02b,경기도,양주시,영흥농장,2018-09-30,0.0771729725081604,0.0081370087851559,0.015569437007098
f004a6d82c7afc64396f34f75881d02b,경기도,양주시,영흥농장,2019-02-28,0.0771729725081604,0.0081370081199158,0.0155696432710961
f004a6d82c7afc64396f34f75881d02b,경기도,양주시,영흥농장,2018-04-30,0.0771729725081604,0.0081370081199158,0.0155696432710961
13cd5c7e0742f31d05d1d62ad41efa00,경기도,양주시,영흥농장,2019-01-31,0.0905595067660773,0.1535868044408155,0.1306889174604403
e9fc3cd64167af0ebe64ad92dbd6e42d,경기도,양주시,영흥제1농장,2018-04-30,0.013517937984132,0.0099250440007366,0.0032779327109594
f63b87c1352e9ab153747fc09f6073c2,경기도,양주시,월암농장,2018-03-14,0.1989994890361815,0.0130336436121277,0.095355194031529
d30c72524e101af99718b9bc0cbe5ebc,경기도,양주시,월암농장,2019-01-31,0.2648105779765834,0.0565054132608676,0.3215274899311576
f63b87c1352e9ab153747fc09f6073c2,경기도,양주시,월암농장,2018-09-30,0.1989994890361815,0.0130336481823786,0.0953552743404214
e0be54da0bad7fd26cac5f77f28c952d,경기도,양주시,유천1농장,2018-04-30,0.0416893091454521,0.022641276161533,0.0348597644068012
e0be54da0bad7fd26cac5f77f28c952d,경기도,양주시,유천1농장,2018-10-31,0.0416893091454521,0.0226413627755667,0.0348596949179192
a29c06e7720b5be2045773baba9d1609,경기도,양주시,유천1농장,2019-01-31,0.2379438364212955,0.0317471930590487,0.1650810590850704
ee1f1885d59f849a51e8e8ed568dbf4d,경기도,양주시,유한농장,2019-01-31,0.1085194846688719,0.0231971775900933,0.1998489335670328
18909fc5556f2e5fd94bf50bfb1c7b81,경기도,양주시,유한농장,2018-10-31,0.2685501440309087,0.0311815272405199,0.0145496674430028
18909fc5556f2e5fd94bf50bfb1c7b81,경기도,양주시,유한농장,2018-04-30,0.2685501440309087,0.0311814967841172,0.0145497129992763
58638dc1b0848198f96b66a37216e9fe,경기도,양주시,은혜2농장,2018-10-31,0.397431244324733,0.0339185349576502,0.0150646522827002
58638dc1b0848198f96b66a37216e9fe,경기도,양주시,은혜2농장,2018-08-31,0.397431244324733,0.0339185429407761,0.0150646804741464
b2aab2b37f96b75c740c19894e1a405b,경기도,양주시,은혜2농장,2019-01-31,0.3304310928967768,0.0427925239637938,0.1587472392793169
a1ef61b3c7bec5c22a8b2db5db1eb48b,경기도,양주시,은혜농장,2018-10-31,0.0031080707141542,0.0246039427933521,0.0145324297286215
a1ef61b3c7bec5c22a8b2db5db1eb48b,경기도,양주시,은혜농장,2018-04-30,0.0031080707141542,0.0246039575832923,0.0145324847343488
870984aab6cc4b2cb2ce5ff9d2c91544,경기도,양주시,은혜농장,2019-01-31,0.5441613038954893,0.1334585457925383,0.2531155852072037
696e5fab24b1c02a964ab1bc796d5c3c,경기도,양주시,이강농장,2018-08-31,0.0197325872116466,0.0126226270789305,0.0175994231571589
696e5fab24b1c02a964ab1bc796d5c3c,경기도,양주시,이강농장,2018-10-31,0.0197325872116466,0.0126226183204233,0.0175994231571589
7d71afd983b73b9f840e5dc902672368,경기도,양주시,이레농장,2018-04-30,0.6654639594081599,0.0082334694471988,0.0350567671897551
34955cb7c35b1176b1e09dedada22c2a,경기도,양주시,이천농장,2018-04-30,0.0336431820098478,0.0164287947944097,0.0827884958095537
34955cb7c35b1176b1e09dedada22c2a,경기도,양주시,이천농장,2018-10-31,0.0336431820098478,0.0164288138766534,0.0827887830779978
67b3fc8d69a67751dc281ce9e0992679,경기도,양주시,이천농장,2019-01-31,0.0530257274814581,0.0648787212517962,0.3340474929181184
4516258095b3e611d8b29db708472fe3,경기도,양주시,이화팜,2018-09-30,0.6692578335321286,0.0085707360411478,0.0344782490009619
631f02bb0acfe9bd3c22846fc278f3bd,경기도,양주시,이화팜,2019-01-31,0.2000051779867386,0.0102790887804153,0.0244148846005493
1d3afbd73e00fad076814a7c2942d2e2,경기도,양주시,장수축산농장,2018-03-14,0.8007413593632499,0.0189769299243459,0.0388421088363724
2008791ec4a6030a53977c2f73b6c5b6,경기도,양주시,장수축산농장,2018-10-31,0.8118168518038282,0.0190773708560529,0.0384166431436413
36ea69eb234962ee6b6caba4204b32b8,경기도,양주시,장수축산농장,2019-01-31,0.0398654430036687,0.0400483401260407,0.1696701877134868
8a4b995a68cbf71a322137108290bb16,경기도,양주시,정현농장,2018-04-30,0.2770502275604303,0.0202561426959346,0.0161962117607681
09f981d475336885bb73a39abdc80c15,경기도,양주시,종인농장,2019-01-31,0.2281274135597402,0.1069088547231779,0.1892411135679581
7fd9cf1e7f5e45dd3ca28dd54b5afc27,경기도,양주시,종인농장,2018-10-31,0.5494307265200968,0.0133503198876265,0.0187606365502749
7fd9cf1e7f5e45dd3ca28dd54b5afc27,경기도,양주시,종인농장,2018-08-31,0.5494307265200968,0.0133502989993989,0.0187606369755654
63041502221c68a65d06db8b133e4146,경기도,양주시,주식회사 해원,2018-04-30,0.2333116089718212,0.0138538164262242,0.0971260832618466
63041502221c68a65d06db8b133e4146,경기도,양주시,주식회사 해원,2018-09-30,0.2333116089718212,0.0138538740703497,0.0971261579964885
2f71fa2b2a8ab25264057b0f2efb1cf3,경기도,양주시,준준농장,2018-03-14,0.4312769686604236,0.0312699338755835,0.0148573844102592
2f71fa2b2a8ab25264057b0f2efb1cf3,경기도,양주시,준준농장,2018-09-30,0.4312769686604236,0.0312699879373907,0.0148574038907572
f479a16898758ad911002bd044d24c63,경기도,양주시,준준농장,2019-01-31,0.1044036924279204,0.1316909585684999,0.1369771393105344
a59f54f3a67bb2a88b6ec027e117da23,경기도,양주시,진흥농장,2018-09-30,0.2202835047098415,0.0137589643382855,0.0718195201417149
a59f54f3a67bb2a88b6ec027e117da23,경기도,양주시,진흥농장,2018-04-30,0.2202835047098415,0.0137589665431131,0.0718195328010435
fe3f05f66f84eb544a7628addacfc033,경기도,양주시,춘추농장,2018-08-31,0.1934718893371784,0.0148230363710635,0.0838720127156143
fe3f05f66f84eb544a7628addacfc033,경기도,양주시,춘추농장,2018-09-30,0.1934718893371784,0.0148229040363696,0.0838722021367312
755414828b315b8a9690e81c2c1340ae,경기도,양주시,칠성농장,2019-01-31,0.0576738127944912,0.0611107691783496,0.3378140117898026
f89d3393d7a819a0c6389f01772955b0,경기도,양주시,칠성농장,2018-10-31,0.1562553154495162,0.0175563610070756,0.0141401296383481
0e9104df9ef9d5aaeaafb4f9cf94ac49,경기도,양주시,태양농장,2018-10-31,0.2153981885172741,0.0171908620826186,0.0155187159210057
0e9104df9ef9d5aaeaafb4f9cf94ac49,경기도,양주시,태양농장,2018-08-31,0.2153981885172741,0.0171908933617261,0.0155187472952426
c78702ade194783daf6ff7f90604e29a,경기도,양주시,태양농장,2019-01-31,0.0672669347439151,0.0262733376150958,0.1926899762089645
b70640ae5d11a852be11172c44ecb694,경기도,양주시,평촌농장,2018-04-30,0.0298662732178379,0.0198770149231344,0.0115827721431674
6498eefa9894b4980eb1761d9f065a3b,경기도,양주시,한산농장,2018-12-31,0.8087126118716108,0.0135652741349131,0.0395360914372668
6498eefa9894b4980eb1761d9f065a3b,경기도,양주시,한산농장,2018-03-14,0.8087126118716108,0.0135652741349131,0.0395360914372668
6a7711c166425c572772d8c0e4028ff6,경기도,양주시,한산농장,2019-01-31,0.1368797068736695,0.0209950205343835,0.2218974031799402
6498eefa9894b4980eb1761d9f065a3b,경기도,양주시,한산농장,2018-10-31,0.8087126118716108,0.0135652151541124,0.0395359793010647
a4a41ee06b8d6126cf184c9d052a1e34,경기도,양주시,한영농장,2018-10-31,0.0323699081005691,0.0309685411805349,0.0105483948889174
a4a41ee06b8d6126cf184c9d052a1e34,경기도,양주시,한영농장,2018-08-31,0.0323699081005691,0.0309684894563044,0.0105483305385611
9d828db2bef5f8cefd97e54d5b0ed5bf,경기도,양주시,홍일농장,2019-01-31,0.2780938475204048,0.015166363313126,0.1646162652110022
6430a985532b4de19187f678c9b848a9,경기도,양주시,홍일농장,2018-10-31,0.0239044114073128,0.0154856082024276,0.0781202166200441
6430a985532b4de19187f678c9b848a9,경기도,양주시,홍일농장,2018-08-31,0.0239044114073128,0.0154855922971974,0.0781200745129693
6430a985532b4de19187f678c9b848a9,경기도,양주시,홍일농장,2018-12-31,0.0239044114073128,0.0154855922971974,0.0781200745129693
738ac55b2f4c53257c4dc9709f77b1ab,경기도,양주시,훈종농장,2018-10-31,0.3517424995314662,0.0297929137629837,0.0137642759556394
738ac55b2f4c53257c4dc9709f77b1ab,경기도,양주시,훈종농장,2018-08-31,0.3517424995314662,0.0298409676451494,0.0135292350898264
1ed10c41cbe72bf2af71b538aff4b35d,경기도,양주시,희철농장,2018-04-30,0.1262801392477676,0.0141143586787706,0.0081490048758451
94f9c1a1dc6f277f6a25cfab8b02a3c7,경기도,여주시,**,2020-05-31,0.0309841730761867,0.0332433514451128,0.0375525656533371
fbd96ce418e41a3665e538802011a6e9,경기도,여주시,**,2020-05-31,0.3623032179121083,0.1479906613428867,0.07430641307441
a78f7d73c921a6ec4a709437e578082c,경기도,여주시,***,2020-04-30,0.2703739822488748,0.0177257903125787,0.0381820310671259
5b7d0026836528472f72ceff587c1af4,경기도,여주시,***,2020-04-30,0.0347400682586807,0.0108053145338833,0.0209324008422531
04b9cb2e75773414c3ec2cfd7b4c7f98,경기도,여주시,***,2020-04-30,0.0101296653603201,0.006521883553532,0.0192991141448048
6f61a99feb30f792743a47a78a8083d6,경기도,여주시,***,2020-04-30,0.0947980647501474,0.0459157909806069,0.099887443652089
4d2f78adddb8ddd61e183cd58c13e86c,경기도,여주시,***,2020-04-30,0.2607380188379112,0.14366698083724,0.0633144439174698
5fe5e2486f47087e9f447714f3d50860,경기도,여주시,***,2020-04-30,0.0516317895184218,0.0146014268380508,0.1352300488184903
26b3545df28a2469b486045fdeff66d9,경기도,여주시,***,2020-04-30,0.2113948543322764,0.0141990217161293,0.1406718544827231
b2034c3979c1e54976c47d57fe48427d,경기도,여주시,***,2020-04-30,0.0808199245728588,0.0392564424765351,0.2555683310049944
fa7460de52d70f2df971b7e72d841121,경기도,여주시,***,2020-04-30,0.0124008441946024,0.0059538844693314,0.0286357993623937
a7f8952a2397ba29218f7477d44a2f43,경기도,여주시,***,2020-04-30,0.062913435348647,0.1028617431853395,0.227447151588907
d47c7a415f68f1e99cb4488152e05b6e,경기도,여주시,***,2020-04-30,0.040714588741901,0.017774374725701,0.0102548098579727
8ff5b0d16590e44758415259f88b2886,경기도,여주시,***,2020-04-30,0.2881256213062588,0.0124937845750629,0.1023701338864157
16cc8537c4ae0d485df84c3944ea9973,경기도,여주시,***,2020-04-30,0.2869639002405181,0.0113578934082791,0.0210183983425848
381aa8684a09bef91cc8ca2064a79b17,경기도,여주시,***,2020-04-30,0.019611739446251,0.0146028407458811,0.1094023225414189
84f95ef63beb121fe25130c1eacb6269,경기도,여주시,***,2020-04-30,0.1487456337469563,0.1494259113320429,0.0645558536963838
c1106e989149c4503a24038ce5811d65,경기도,여주시,***,2020-04-30,0.0342575066365463,0.0593735527208274,0.0527216655243091
27c4a9263625d14b81821e1c9913b2ad,경기도,여주시,***,2020-04-30,0.2862861810667152,0.0111182434219635,0.0208887735360779
b2034c3979c1e54976c47d57fe48427d,경기도,여주시,***,2020-05-31,0.0808199245728588,0.0392564424765351,0.2555683310049944
3ef70e2a4a2f0f54eed4c31f3a56803a,경기도,여주시,***,2020-04-30,0.1055507999038912,0.009545465761965,0.0901269062395073
90b0fe9a951b29e325fed54c92459678,경기도,여주시,***,2020-04-30,0.1530895645678502,0.0307522615828991,0.1544039135271573
7d5d51fd79add4d4c063abda9263f06b,경기도,여주시,***,2020-04-30,0.1236938864106189,0.0901170454398045,0.1280683323998374
57f69011a1d49265cde63cde83d1301c,경기도,여주시,***,2020-04-30,0.0031458705451416,0.1509898821368415,0.1807002987815455
ded1c572812d5ef1b6be9a674e91a423,경기도,여주시,***,2021-04-30,0.1133324010000063,0.0615950871977638,0.1296841838671158
4a0a32158cc6d5d191d0097e7ef94ec2,경기도,여주시,***,2021-04-30,0.1033799314525273,0.0387952203614863,0.2374611188647822
032a6540d4e52dee09056fa4dbc02b90,경기도,여주시,***,2021-04-30,0.1897245496461251,0.0299606164218276,0.2075189976514774
8ad63a13c37869549b24df2480f6709c,경기도,여주시,***,2021-04-30,0.034698434102899,0.0219467641543586,0.0942490962211885
2ad520f36582f1c1867f06a421f278c1,경기도,여주시,***,2021-04-30,0.4323228698409337,0.0214664670339114,0.1493840406902246
1c2bcd33536cd59c547eafd4c493e2ac,경기도,여주시,***,2021-04-30,0.0792356024734217,0.0289031145598159,0.1977016832032294
456a04c1810b5749daf388b34ca3b720,경기도,여주시,***,2021-04-30,0.1117913713690921,0.0405331460517661,0.2612307405197577
46f7c3e1807f2cde25c858d0d3e742a4,경기도,여주시,***,2021-04-30,0.1035693598135896,0.0205928942344098,0.1317337226449365
8ba7008ae2cdda56a968f4536e689d12,경기도,여주시,***,2021-04-30,0.1998402217116056,0.0262471488110883,0.1518751253374298
550c1929917813fb54de8425812f4d0e,경기도,여주시,***,2021-04-30,0.219716987980052,0.0174437477604059,0.115770692663236
7a629143d735e7245071fb6051e2c3c7,경기도,여주시,***,2021-04-30,0.1157876519722595,0.0307252769536785,0.189320158158554
b90779cdd02b75b09dd7759fac1be40d,경기도,여주시,***,2021-04-30,0.0636462519878737,0.0396846308705364,0.2471819195523034
e71d9784961a963394939ae08d1ca7f3,경기도,여주시,***,2020-04-30,0.2711250163576769,0.018233064981964,0.1190687138636553
03b9bda8bac45538bfd8cba5d48ca5e9,경기도,여주시,***,2020-04-30,0.2961075990254038,0.0297720501175603,0.2053786108567928
4b20bd3604b358faaf2f5984cedb250a,경기도,여주시,***,2020-04-30,0.2328229411480244,0.0299933404379471,0.1957682125120585
bc5763b7f5ad7164b0e54fc1788f92e8,경기도,여주시,***,2020-04-30,0.2807127748101176,0.0317181104248977,0.1798417915957316
d2cf39bdc9dc55c5302f07b83fa938c2,경기도,여주시,***,2020-04-30,0.1293922826229003,0.1192035627308358,0.0493316875902583
bb806a41b2c991a9e6dddfe8e8f80ab5,경기도,여주시,***,2020-04-30,0.0181091455107789,0.0153814052340202,0.0153281607628552
a77fc2b03fad1bab6d3c5a3599fa716e,경기도,여주시,***,2020-04-30,0.0377104467599008,0.0061702414776166,0.0188801238542055
a832352f36cfb7be8fa94416f854ba5d,경기도,여주시,***,2020-04-30,0.1108169041854239,0.0731409968361247,0.1277131674126296
7c15d6473af30239e7a7ebcebc71985f,경기도,여주시,***,2020-04-30,0.0531851059937637,0.1357725584440402,0.1181842983445031
8efddf668919c02087c1f9aaf4733c95,경기도,여주시,***,2020-04-30,0.0314011188257766,0.011958471206977,0.0237315730122774
16901a1317a640cef5bbe0f5fd8baba1,경기도,여주시,***,2020-04-30,0.1430808346118605,0.0258149742930676,0.1908713104543702
dfc504a3e712553880ff9e1fbcb302f1,경기도,여주시,***,2020-04-30,0.2530079900947016,0.0257054166346757,0.155964306879384
740f078ff72dfd7dff1d6fd8a5047291,경기도,여주시,***,2020-04-30,0.1359332875858377,0.0340319890968386,0.1731445238105838
1a52f53e7ce6da4301d6cf0b57205caa,경기도,여주시,***,2020-04-30,0.0532106268314385,0.0287182636702808,0.1639167730691375
0538e0e56e510e4dc9c94827ef94144a,경기도,여주시,***,2020-04-30,0.0199621150068877,0.0069807978421365,0.0249833116631074
7708a2eed9742556acae0424a34f7510,경기도,여주시,***,2020-04-30,0.0802654119081818,0.0590123357540494,0.1116630084653419
3beea17c2bfec208e003ea7fbb17ad19,경기도,여주시,***,2020-04-30,0.0774346530574038,0.0105202361718276,0.029767384801814
c68592ca3a3fdf500c804c7ec3b832aa,경기도,여주시,***,2020-04-30,0.2251218502735496,0.0308268449647562,0.2038691882222648
fa5cb0f1dc9c9c4121ec5fee624169a6,경기도,여주시,***,2020-04-30,0.0326462369866791,0.01027037268458,0.0284131427309695
6911bd9a8b52a2fc8857923b3d785829,경기도,여주시,***,2020-04-30,0.0926953878697589,0.1471751024921986,0.0822886535022072
bca3d466d5fa7b673e1f9f2e51430137,경기도,여주시,***,2020-04-30,0.1141964836782591,0.0343182624152676,0.2146794533846873
8e9db11ea4179aec7e4437413b2ba410,경기도,여주시,***,2020-04-30,0.2229182958391511,0.045492582971765,0.2708004065554226
024568d8249b752c6ccb766d9755583b,경기도,여주시,***,2020-04-30,0.1539699379578309,0.037133824017906,0.239046533545805
4f34648551e07ca5599c038ab9d6b0d7,경기도,여주시,***,2020-04-30,0.2836094887043059,0.0112213578846956,0.0208930766858006
6289e4002bc3d1faf9c243305af9b628,경기도,여주시,***,2020-04-30,0.026771306459212,0.0095447680330161,0.0297120465208089
4d096431d3da5d8aed98400bbedff24b,경기도,여주시,***,2020-04-30,0.5222594994212609,0.0093285704783326,0.0188620101104928
17ba2581030aaa245be7d2c32f38ea10,경기도,여주시,***,2020-04-30,0.5408818903560532,0.1413245648684647,0.0739143195155
6d6800f1e20746c6b3d6ff6597f5fef8,경기도,여주시,***,2020-04-30,0.221955582586515,0.0398221229799945,0.2426594438757239
f457bb54855b01e137b9eb35a0290fc4,경기도,여주시,***,2020-04-30,0.2510064051519512,0.1493198594436545,0.0723392350711883
0d502e7882601b0d301aa41acb7756b1,경기도,여주시,***,2020-04-30,0.0326685392385963,0.0143529817542814,0.0472920977435252
d9b9a8eb15df7494cdd1e09f6d6ea67a,경기도,여주시,***,2020-04-30,0.0978784106599876,0.0489927850362382,0.3102885228984273
a0f451a151bffbf30f321ba1cfcc498e,경기도,여주시,***,2020-04-30,0.1219206477906118,0.0186732422874633,0.0400983674983551
fa64d5966c6af6eca7936b8ff00a07a0,경기도,여주시,***,2020-04-30,0.2280758709059299,0.0159940235779217,0.1134733920350084
26bee9214468001e800229e413cc2e02,경기도,여주시,***,2020-04-30,0.18585341284225,0.0352399784646206,0.1722866293445684
7ea8e31b3dfac7da41b49da40155396d,경기도,여주시,***,2020-04-30,0.4440799373788539,0.0300200019134372,0.2230011534315872
7f4c68a98ac0d553c8747837e3a48683,경기도,여주시,***,2020-04-30,0.0287124646790772,0.0051351329019218,0.0205492478243396
fa4e977de0ddc48fa9e673e7ceeffb44,경기도,여주시,***,2020-04-30,0.061931337846396,0.0376101565515299,0.2305635100604003
4e6122b953e2264f0c81d8d2212bfd10,경기도,여주시,***,2020-04-30,0.0592859562911163,0.0217700480057962,0.0913447017759656
1e3bb959e99c77032050e7cf129d6df5,경기도,여주시,***,2020-04-30,0.0890051891843194,0.0297397915205176,0.2066319268967896
1ced8dfad7af7ac80d10d982e81b56d3,경기도,여주시,***,2020-04-30,0.0631428731277232,0.0281340933311308,0.201979944199393
f85a92feecbd0a85d79e233019dad3bc,경기도,여주시,***,2020-04-30,0.0999781390783469,0.0160720953710656,0.1172593080669551
bd73d4fe8bff7bf11acb9dcd0d4d2b7b,경기도,여주시,***,2020-04-30,0.0927451157315266,0.0179137565863471,0.1184163036604201
1a1f6b7f6a95ca8eb5bb3e9f7675646e,경기도,여주시,***,2020-04-30,0.104125895544987,0.0246762454597902,0.1706901877315572
428355bf377c6ea479f9ca6035f9df71,경기도,여주시,***,2020-04-30,0.0256078152696339,0.0988388120762935,0.0480420575888279
4f9156132bcfc484c003a60133ed838b,경기도,여주시,***,2020-04-30,0.1874154773757811,0.014883174219891,0.0995631601478304
9e1611d30b8cbebe604f08349eebfc02,경기도,여주시,***,2020-04-30,0.1793612640136661,0.0860373627714756,0.0592409643162364
0d08d83ffbd7415e2942258454161b0b,경기도,여주시,***,2020-04-30,0.2531822728599074,0.1000179761253089,0.0758323073442373
269724c3bf78010f55c8ad1374c52dec,경기도,여주시,***,2020-04-30,0.0855338162498406,0.1100114111853575,0.1760098451539641
a56ae60faa25f89f655cc7c7c4d9080e,경기도,여주시,***,2020-04-30,0.0459683928427568,0.1233930187606317,0.1321767477517074
f69597ad670a8756b4b98f54a76f6da9,경기도,여주시,***,2020-04-30,0.0031849573283036,0.1072470212108577,0.1623547863478491
8a1cd6e94f5f13416eae2220af193b3b,경기도,여주시,***,2020-04-30,0.021261316904099,0.0529329112588622,0.1079005129350947
cb36bdebf00fad44720c21829dafdf13,경기도,여주시,***,2020-04-30,0.0573059422042833,0.0375823937495291,0.1859308131670897
14dad383320430bad60a49598da43e36,경기도,여주시,***,2020-04-30,0.1525200086904072,0.0335349239725007,0.2131202365050671
63ef3471cee8c7bb52bbdfaf59957e89,경기도,여주시,***,2020-04-30,0.0286951792415212,0.0092488797889574,0.0300826952345848
c40a57a67e7c62117ecf2664f270b58a,경기도,여주시,***,2020-04-30,0.023673664712725,0.1138805796236514,0.1616421745278514
d501c83b72d9fd82f1a2baa266e697fd,경기도,여주시,***,2020-04-30,0.2370848968986912,0.0428438962759084,0.0492073476116137
2407c90407afac7f2bd5eae230e6d4ef,경기도,여주시,***,2020-04-30,0.0593999959910974,0.009412401110509,0.0887907455067475
705c00d003eeeae73962cc448777f9fa,경기도,여주시,***,2020-04-30,0.1972908176652843,0.0952841361699717,0.1527629632780683
64777f8e20b7337ce05dbfe968ca5e2e,경기도,여주시,***,2020-04-30,0.0536418573676542,0.0126979620824149,0.0155214431630938
26a456c66608bf2aab7b3721b052752f,경기도,여주시,***,2020-04-30,0.0311816113308613,0.0121059330749144,0.0316990963116784
6fe6a30c1ff3662a2b90d33850039358,경기도,여주시,***,2020-04-30,0.0197058507577254,0.09724970811413,0.0438101400580595
43708eb9a2b7b9de331a4e19ccbf1032,경기도,여주시,***,2020-04-30,0.0334075309126897,0.0066607711509656,0.0192882448309809
5ccfb342bc6015bd80a1af566c2e1e78,경기도,여주시,***,2020-04-30,0.0819342162498707,0.1143544084654726,0.1546643855536782
7716aed0fae657e96885c07714f678e3,경기도,여주시,***,2020-04-30,0.1046249838805041,0.0084705233450451,0.0775719702668378
d60024ddaee61e0e5a2e6a93c63742e8,경기도,여주시,***,2020-04-30,0.1468173299119564,0.0824788699810432,0.138024427741949
8e9df07a5641b23abe0e22a02af31bf6,경기도,여주시,***,2020-04-30,0.0785036804415078,0.0396998875506602,0.2416669322663713
118ce3291b95230239175dff7f66ac0d,경기도,여주시,***,2020-04-30,0.0666376452765226,0.0939460484293725,0.1520744485213064
92641cdb930bcf640f2bc18b32e958b6,경기도,여주시,***,2020-04-30,0.2349932604265281,0.0131267221255118,0.1369964133187093
e92be1765f06c4368e3e0ec5087fd535,경기도,여주시,***,2020-04-30,0.3133140307008619,0.105277905660406,0.1558906685189117
e62e0ec97db1a822e10c10a8317524be,경기도,여주시,***,2020-04-30,0.0581194465715491,0.1521714600206671,0.0676525812345545
b63da0e8b22a634fade4a2c7ea13fdb2,경기도,여주시,***,2020-04-30,0.0943747829516121,0.1406019225641685,0.0764969385324921
e7991f301439d61b65f39a44e43d09dd,경기도,여주시,***,2020-04-30,0.2014635322156858,0.0572778357696306,0.3253637461829415
cee0fad43e8e316964a78b1e9c161c1b,경기도,여주시,***,2020-04-30,0.1668761018210023,0.1278405111617469,0.0733237848144147
bb02d80dd413c8bc500b57b56d11bd24,경기도,여주시,***,2020-04-30,0.1336434080500201,0.0094581952722669,0.0300738863839785
ea94d851fbf0b57003cc9a7e0b672168,경기도,여주시,***,2020-04-30,0.0326188133262034,0.0306401596935682,0.0449373378101454
0f1b9ed4cbd719dfe45bf122b0f55a12,경기도,여주시,***,2020-04-30,0.0748376156392797,0.0149775860835245,0.0385434758536697
76af6ace6939fae8ad219b6a0f3a2ad0,경기도,여주시,***,2020-04-30,0.2308490509750002,0.0091511137640741,0.0250332122849699
7f664b647cf87bddc7161c5da54b0411,경기도,여주시,***,2020-04-30,0.0932070015681615,0.0527863504780866,0.0438004521742347
548f9f4bd267f902fc49920a2e21bc32,경기도,여주시,***,2020-04-30,0.1082908604476303,0.1115195766057692,0.0434040378520334
69ca7bc95fae9c624a03ca78846a08bf,경기도,여주시,***,2020-04-30,0.013139527567811,0.008452116675978,0.0776470629357541
3ba6dfc876e45dd2b690fcf38ef824e0,경기도,여주시,***,2020-04-30,0.0950832855950346,0.0718370715857052,0.1251744097577207
1739f4aafaa0386996aeaab61abbba47,경기도,여주시,***,2020-04-30,0.1429750397638462,0.0736400111429367,0.1267715735910798
cbb47a494a177701e8a5af5c240c6c23,경기도,여주시,***,2020-04-30,0.3037739964544445,0.1054403227497401,0.1557436248859888
f8c7d976b86d22f56aadd5c0e5a916de,경기도,여주시,***,2020-04-30,0.0304266450067833,0.0948713920808234,0.129738409194813
afb657ea2ca8d4bd50f924ec7273dd87,경기도,여주시,***,2020-04-30,0.0419457845452144,0.0125107844920545,0.0156396446455701
c982ca0cd84bd3b029b78a7d92dab191,경기도,여주시,***,2020-04-30,0.0209075171212995,0.0093213978775196,0.0270894651839284
be0ba9e7d31c1f5ef4458ace425df933,경기도,여주시,***,2021-04-30,0.0855545422565886,0.1151197747966992,0.0999647393647178
4d2f78adddb8ddd61e183cd58c13e86c,경기도,여주시,***,2020-01-31,0.2607380188379112,0.14366698083724,0.0633144439174698
b63da0e8b22a634fade4a2c7ea13fdb2,경기도,여주시,***,2020-01-31,0.0943747829516121,0.1406019225641685,0.0764969385324921
f957e5c56312523f889b5f89c8b85bcf,경기도,여주시,***,2020-01-31,0.2557959045409573,0.131769021060651,0.1586347707311798
aafbd8e851a7515d16434389a1b66f8a,경기도,여주시,***,2020-01-31,0.0398807864421673,0.0494792785935237,0.227212942842897
452eb88c3f4a09d65af11485922d8c1c,경기도,여주시,***,2020-01-31,0.0580244936029081,0.0399892472512219,0.3198916803893556
8142fc8b40ffe0ba409febedb7e3e183,경기도,여주시,***,2020-01-31,0.0265480432205312,0.1170611775152936,0.0901439503619893
55dcb3107f7fda58bbc6dd1a4146ef99,경기도,여주시,***,2020-01-31,0.0563008306922202,0.0522721143790744,0.1471465162941565
2ad520f36582f1c1867f06a421f278c1,경기도,여주시,***,2020-01-31,0.4323228698409337,0.0214664670339114,0.1493840406902246
45a85112ddd019daa0903b20951b40e8,경기도,여주시,***,2020-01-31,0.189805844285294,0.1146506903446895,0.0672994423816865
3d5db752274b47ac028b8001c7ea637f,경기도,여주시,***,2020-01-31,0.2359464274187799,0.023364825948974,0.1655250846592364
452eb88c3f4a09d65af11485922d8c1c,경기도,여주시,***,2020-01-31,0.0580244936029081,0.0399892472512219,0.3198916803893556
b2034c3979c1e54976c47d57fe48427d,경기도,여주시,***,2020-01-31,0.0808199245728588,0.0392564424765351,0.2555683310049944
cee0fad43e8e316964a78b1e9c161c1b,경기도,여주시,***,2020-01-31,0.1668761018210023,0.1278405111617469,0.0733237848144147
b63da0e8b22a634fade4a2c7ea13fdb2,경기도,여주시,***,2020-01-31,0.0943747829516121,0.1406019225641685,0.0764969385324921
5f55a645a2534507f8604f8388289e89,경기도,여주시,***,2020-01-31,0.2013305108469334,0.1079806555099016,0.0722750878828396
0d502e7882601b0d301aa41acb7756b1,경기도,여주시,***,2020-01-31,0.0326685392385963,0.0143529817542814,0.0472920977435252
2ad520f36582f1c1867f06a421f278c1,경기도,여주시,***,2020-01-31,0.4323228698409337,0.0214664670339114,0.1493840406902246
89a2c92aad2a1e4adaf89b25b9e9ccc0,경기도,여주시,***,2020-01-31,0.1085194846688719,0.0231971775900933,0.1998489335670328
883b472f19b454e560893987c20476a4,경기도,여주시,***,2021-06-30,0.0150853290806782,0.0200586755106305,0.1233159395738797
7f7d167d7e5f3010e40c54877577d703,경기도,여주시,***,2021-06-30,0.0398654430036687,0.0400483401260407,0.1696701877134868
f97c4ccd903dd05bbeb96e0f833b1c2c,경기도,여주시,***,2021-06-30,0.0205915912082181,0.0227045793932528,0.0789103921368929
0f18ff47896ead8ed54f39e7236a0c96,경기도,여주시,***,2021-06-30,0.2379438364212955,0.0317471930590487,0.1650810590850704
92f68e4ea35c429749b9e37d9441e16d,경기도,여주시,***,2021-06-30,0.27227490432003,0.0126697711409456,0.0240391902182365
f4f4874c188e4a6907580fa67f487650,경기도,여주시,***,2021-06-30,0.0557042726960959,0.061546527354014,0.1516217005861429
f1d8db87fe4d6cff99e512a2ade8eb8b,경기도,여주시,***,2021-06-30,0.1428354071384757,0.1100176052285537,0.1653851099852498
1c2bcd33536cd59c547eafd4c493e2ac,경기도,여주시,***,2020-01-31,0.0792356024734217,0.0289031145598159,0.1977016832032294
e17b487ab153a24c2bd1c7cd269a2336,경기도,여주시,***,2021-06-30,0.2281274135597402,0.1069088547231779,0.1892411135679581
cd6f3a75fd0b20078011571b0a6083a9,경기도,여주시,***,2021-06-30,0.135870871390028,0.1086452740511874,0.1650383510265032
906a7984d9dd5323a897ae254e2eaf6c,경기도,여주시,***,2021-06-30,0.0255486226356026,0.1234814700981093,0.1327620326875948
6a3e8b54e18795de19bdb43b41ad43f2,경기도,여주시,***,2021-06-30,0.0441596554177177,0.1001761882931781,0.0691998144411582
37845cf1bc638680ba3ba9e7d6babca7,경기도,여주시,***,2021-06-30,0.0356724540059239,0.0874198106327436,0.1810232620208447
64a1d4e8c6fdbda2e32253024e51b6dd,경기도,여주시,***,2021-06-30,0.2069541662263127,0.0252750944885228,0.1320102598591399
7f7d167d7e5f3010e40c54877577d703,경기도,여주시,***,2020-01-31,0.0398654430036687,0.0400483401260407,0.1696701877134868
ce02374c94410fcdfb515e266e132cdd,경기도,여주시,***,2020-01-31,0.024022672613168,0.1291252059594863,0.1103447724965031
914a0dac5846db062d9aea495c4e7fd7,경기도,여주시,***,2021-06-30,0.3367703299849344,0.0151724641692557,0.0839048547873915
0d502e7882601b0d301aa41acb7756b1,경기도,여주시,***,2020-01-31,0.0326685392385963,0.0143529817542814,0.0472920977435252
f906f8a59b5c1a42ae494817e05d366f,경기도,여주시,***,2020-01-31,0.0375903169954318,0.0177426570115011,0.111199868767595
c7085feed7fe88f9bded07c97c3c5d27,경기도,여주시,***,2020-01-31,0.5608612969461461,0.0143854641880902,0.0202767747795159
90a87629c1ed8270050be790aade4da4,경기도,여주시,***,2020-01-31,0.0338352987067905,0.0085864401109879,0.0261336997371609
6e1d529789ac5cdeec50574e47478318,경기도,여주시,***,2020-01-31,0.0883540260598564,0.1263550340934132,0.0669878946397029
74b3b70a2f20e58bdab5c20bf66689c6,경기도,여주시,***,2020-01-31,0.1191890923686473,0.0069399170232639,0.0223715876228672
428355bf377c6ea479f9ca6035f9df71,경기도,여주시,***,2020-01-31,0.0256078152696339,0.0988388120762935,0.0480420575888279
f957e5c56312523f889b5f89c8b85bcf,경기도,여주시,***,2020-01-31,0.2557959045409573,0.131769021060651,0.1586347707311798
675a9b97210bfcf619161a219cf815d2,경기도,여주시,***,2020-01-31,0.0576876875102371,0.0068367796272292,0.0257479724714604
baa9117ca60cfbf77b224ae58ae90c42,경기도,여주시,***,2020-01-31,0.0194185358151058,0.1342726204064416,0.1114925507075691
85e73606ae0276540872711aea21d273,경기도,여주시,***,2020-01-31,0.047964794009217,0.0572678411885522,0.1570772891737338
d2125dff06f3739df47b9ed7c02ab687,경기도,여주시,***,2020-01-31,0.1368797068736695,0.0209950205343835,0.2218974031799402
fa64e99756cb82a9e2cfd35bbd9728d5,경기도,여주시,***,2020-01-31,0.0803446292911458,0.0189958365108547,0.1449558620119304
89a2c92aad2a1e4adaf89b25b9e9ccc0,경기도,여주시,***,2020-01-31,0.1085194846688719,0.0231971775900933,0.1998489335670328
18488a394ad639e8808f67cb113ac9f4,경기도,여주시,***,2020-01-31,0.4210390917172171,0.0195752800103117,0.1513177736793179
2e65fcd9a7f1601f493026c2da28b7af,경기도,여주시,***,2020-01-31,0.0580022354460296,0.123179530055588,0.1323051302706591
5bf4c3f53064234fe64ee8d66246ff25,경기도,여주시,***,2020-01-31,0.1675316053293453,0.0995762251510442,0.1100038080912442
7d9304cc986e8dc67ba3df9377c1edcf,경기도,여주시,***,2020-01-31,0.2000051779867386,0.0102790887804153,0.0244148846005493
5fe5e2486f47087e9f447714f3d50860,경기도,여주시,***,2020-01-31,0.0516317895184218,0.0146014268380508,0.1352300488184903
024732d7eac58b3a212170d7711fac81,경기도,여주시,***,2020-01-31,0.1306777616455013,0.0120153214439162,0.077282873821476
52589b6a9a2018cc53657a76936fecc0,경기도,여주시,***,2021-04-30,0.0053950420895159,0.0338942715285243,0.217379411973006
3719cc2198709e5ff5b8fa3fa9a668a7,경기도,여주시,***,2021-04-30,0.2148372136566704,0.0182058276305021,0.1190180698320756
aed87c011b311085bc0c77324d94adf4,경기도,여주시,***,2021-04-30,0.0478244536757912,0.0270331523672404,0.1615066179178278
8679e11743408540e9775add8cf7fe7f,경기도,여주시,***,2020-04-30,0.0468661050272767,0.0297102637852343,0.1776281765500834
ca307b9b76a8906c87a03452d8de4cab,경기도,여주시,***,2021-06-30,0.0531105471059344,0.0220265473260832,0.0766735790534297
f0b2fdfb5bf274c9a30f061890f6d45b,경기도,여주시,***,2021-06-30,0.13200210620799,0.0389023438019451,0.2358147062460096
e62dbbe5184d0ebd13944328ae36fc90,경기도,여주시,***,2021-06-30,0.0421333658868513,0.0366674007246758,0.2322679127514295
8a1d904af646616d15a7c2b4f1d6c534,경기도,여주시,***,2021-06-30,0.1185188648789077,0.017016886892673,0.1169045133739498
f725855e6f56973f69805f453508c0c9,경기도,여주시,***,2021-06-30,0.1535196199846079,0.0183824756951796,0.1187851702020761
798090cc45b57cec75da49f9bb40e6f6,경기도,여주시,***,2021-06-30,0.0360436051516257,0.0215715440629236,0.0932079463713683
ca62693795259f8eebc823310428e37d,경기도,여주시,***,2021-06-30,0.1498900768195167,0.0378428796416755,0.2233744698329051
5677edaa740736af7572a561641d9131,경기도,여주시,***,2021-06-30,0.0937149492174386,0.0345615085260934,0.2213664891963739
2abea933910457c003d45e557d9182d5,경기도,여주시,***,2021-06-30,0.0672669347439151,0.0262733376150958,0.1926899762089645
7e00c28ae9b813fb817fac55f27e03f7,경기도,여주시,***,2021-06-30,0.1097359537696276,0.0162174241871994,0.1139278632489198
2124f4c98f65c06dbac79f559b2620a3,경기도,여주시,***,2021-06-30,0.0845808237475548,0.0130712391486762,0.1046718433131996
7e0e4670f416750c1fd612608af1c335,경기도,여주시,***,2021-06-30,0.1948842847083077,0.0333555064531681,0.2260888361373427
83d96fd55d3000b506fad3288bac1b70,경기도,여주시,***,2021-06-30,0.0564361455314879,0.0402243015856311,0.2444739683158018
b5a802b912b7edcf43aafe9a39a96d27,경기도,여주시,***,2021-06-30,0.0860794246039091,0.0348959170619242,0.0390974338487705
35bf52f5b74e622d8abbf1e9d686b056,경기도,여주시,***,2021-06-30,0.0877151347311269,0.0978151901552395,0.0481302344127178
f41c78d6f4b3b79b19ea980359634c10,경기도,여주시,***,2021-06-30,0.1878117012050293,0.0097246461658754,0.0831861415473246
116bd7c1d8a6197c4e170c43fd3c9b12,경기도,여주시,***,2021-06-30,0.1504272001884194,0.0106611303062918,0.0314748723920974
01afb10f6b9c889171616fbb44c71da4,경기도,여주시,***,2021-06-30,0.1184621241026113,0.1232053467691685,0.0915757723402778
7d79420c3b373ce7a04e61337e6ac57f,경기도,여주시,***,2020-04-30,0.1844775229481223,0.0354817501319293,0.1744774942822193
bc2c9c510137ee242d8231d95add764c,경기도,여주시,***,2020-04-30,0.0831709250126811,0.0714372465715279,0.1503009844573935
0a24aaca100584441d42e286d924df92,경기도,여주시,***,2020-04-30,0.248080795290492,0.0374188993807235,0.1888064240230473
7c25349eea0750b2c3d302a3f64b3ef9,경기도,여주시,***,2021-04-30,0.0419948612883634,0.0215741550704234,0.0921203741328036
d361f061ff7135dce2d441869b796f24,경기도,여주시,***,2021-04-30,0.0451031280850708,0.0373888985122691,0.1827231478052459
edc9078042c880f4da3e7932b880a581,경기도,여주시,***,2021-04-30,0.4457314998878501,0.0119569253524501,0.1033649257938115
5c2de7f77d5d50894cf5851a33fcd19a,경기도,여주시,***,2021-04-30,0.1222451891299117,0.0204782703941894,0.0691141621912688
dc40cfc868104ce5a20f17d30851978f,경기도,여주시,***,2021-04-30,0.4342311301447429,0.0931272350110206,0.0498829413856074
57869cadaa0194e686733c3c5fc67980,경기도,여주시,***,2021-04-30,0.1864346107877486,0.0205234437723243,0.1116934195274608
fb6737628f443bba3fe4f825d144fbb2,경기도,여주시,***,2021-04-30,0.1343591008609796,0.0167338062495223,0.1170848337138556
f906f8a59b5c1a42ae494817e05d366f,경기도,여주시,***,2021-04-30,0.0375903169954318,0.0177426570115011,0.111199868767595
0fda65c4fb2148cf5e0e277de3f0dea6,경기도,여주시,***,2021-04-30,0.1994125533553731,0.0309496513265883,0.1890564501724197
84b65bf2aadcb5f46841964cba532fb2,경기도,여주시,***,2021-04-30,0.1896404401798948,0.0145307445134506,0.1124055846953456
76b45478b0dd3819093ef683afcf2f4d,경기도,여주시,***,2021-04-30,0.0771266857878609,0.0340561627600479,0.2136991114509953
8a1d904af646616d15a7c2b4f1d6c534,경기도,여주시,***,2021-04-30,0.1185188648789077,0.017016886892673,0.1169045133739498
25c3bbdfdf725ec4e6f1ade6d7590c8e,경기도,여주시,***,2021-04-30,0.1448755827182407,0.0195167871886512,0.11778274088597
058325ac7827869448bbc2200487da3b,경기도,여주시,***,2021-04-30,0.0020979298745558,0.0649630899057388,0.3101176438437285
74aaec4978437de77dff4863bed3e660,경기도,여주시,***,2021-04-30,0.2239304388564804,0.0388366089752372,0.3055455237369884
aafbd8e851a7515d16434389a1b66f8a,경기도,여주시,***,2021-04-30,0.0398807864421673,0.0494792785935237,0.227212942842897
cdbbc3d0f70cdf959989bc3752a0ef50,경기도,여주시,***,2021-04-30,0.4123659462250011,0.1273550239475104,0.1136653259465314
3d9cddf022d68be40c3abc056828a654,경기도,여주시,***,2021-04-30,0.0998976578502355,0.1353602571599845,0.1101388935061644
ce02374c94410fcdfb515e266e132cdd,경기도,여주시,***,2021-04-30,0.024022672613168,0.1291252059594863,0.1103447724965031
409a1952a9cf1ae66d0e39b6efcf40ea,경기도,여주시,***,2021-04-30,0.078056213622327,0.1046683729729643,0.0805039001865895
eaf50bdb2ae37d1c87d7dd8ee8aa8b73,경기도,여주시,***,2021-04-30,0.0228779307581806,0.0239626551309151,0.0809631368728745
024732d7eac58b3a212170d7711fac81,경기도,여주시,***,2021-04-30,0.1306777616455013,0.0120153214439162,0.077282873821476
7d9304cc986e8dc67ba3df9377c1edcf,경기도,여주시,***,2021-04-30,0.2000051779867386,0.0102790887804153,0.0244148846005493
a903a07678278347dbcac9124c7fa24f,경기도,여주시,***,2021-04-30,0.0233218091646527,0.1107968642972789,0.1752817882569332
5bf4c3f53064234fe64ee8d66246ff25,경기도,여주시,***,2021-04-30,0.1675316053293453,0.0995762251510442,0.1100038080912442
7f558512c24ec4d656c472d14708d63a,경기도,여주시,***,2021-04-30,0.1626361657683125,0.0206595073102052,0.1296515187737839
2ca57976b6aac3c8c71f37da49ce1c27,경기도,여주시,***,2021-04-30,0.1364733322930178,0.0582043988042168,0.1484771319717878
b28d9e092bb96617520a67d9846b3b3f,경기도,여주시,***,2021-04-30,0.1698490791529986,0.1234626806469416,0.1256967464168444
6b57c4aa3b834d2bf80b09631aa385a4,경기도,여주시,***,2021-04-30,0.2228906356522842,0.0928978978719874,0.1665729153475935
18488a394ad639e8808f67cb113ac9f4,경기도,여주시,***,2021-04-30,0.4210390917172171,0.0195752800103117,0.1513177736793179
5b0b412f47a832a106fb48e92130d35f,경기도,여주시,***,2020-05-31,0.150675299527891,0.0069328342792959,0.0236344305921138
5e3def14ea91ca97172f5d791f04b921,경기도,여주시,***,2020-05-31,0.0967398142491784,0.0744097810518725,0.1274986191612131
6df3e47f47cb163b0e855ddb0fd0b632,경기도,여주시,***,2020-05-31,0.0483688647837419,0.0192208260131826,0.1523763750468837
eb4544cea8bed7e75dcaa6122a31b554,경기도,여주시,***,2020-05-31,0.0376763831624384,0.0111204459649998,0.0702504546330707
1b8b301bf61f24acbdfa367f29f3bc72,경기도,여주시,***,2020-05-31,0.0554439978500173,0.0068298657437653,0.0257220577972146
86a9bb484def689a0e4322f51357e8db,경기도,여주시,***,2021-04-30,0.0193875944305685,0.1286447252697579,0.0641836316801823
08c4bb08b2cf0e6ac13e6ef35d6a3d4c,경기도,여주시,***,2021-04-30,0.2045965846520251,0.1171616715899706,0.0931643318278812
1f6b516370eec722e120680511efe041,경기도,여주시,***,2021-04-30,0.2265447763192145,0.0065281232514439,0.0231021161422444
33eecb3c90bba2f98d0188b047799b6f,경기도,여주시,***,2021-04-30,0.014693331394244,0.0521395910712198,0.3165168689717207
32717cb3b20a807219f31254b2f35c26,경기도,여주시,***,2021-04-30,0.0896002831571003,0.0376310878224395,0.229282295506236
29e6e58cd05930625c30b507d65bde91,경기도,여주시,***,2021-04-30,0.0347613131550597,0.0222262712274868,0.091709454803967
d0ddbd6b6426e5c5ed3388cdd585cdfa,경기도,여주시,***,2021-04-30,0.195835488773467,0.0289252919897377,0.2056408400915267
f3a29b53eef3e3ff33645fb8c9141728,경기도,여주시,***,2021-04-30,0.1386725499269278,0.0170830071329413,0.1206293913559508
fa25456773cd6dc97457cfc5f661cabb,경기도,여주시,***,2021-04-30,0.0181244697893475,0.0240289660268614,0.1797138950509963
df9a1557be2f32928f7eb02af84ab9c1,경기도,여주시,***,2021-04-30,0.2249674595991068,0.0260998855619115,0.1524687387867364
7e76e013c9bc013d6c60195fc2bf2c29,경기도,여주시,***,2021-04-30,0.0183126552167949,0.0181322290623054,0.1055015845048994
460246eb33c408b87515d8570c14fd02,경기도,여주시,***,2021-04-30,0.1436113452745751,0.0174760882678827,0.1252948603754436
fef132a6e9274bbe1989e8751de57f73,경기도,여주시,***,2021-04-30,0.0220888996273369,0.0152376257242923,0.0979319039433036
452eb88c3f4a09d65af11485922d8c1c,경기도,여주시,***,2021-04-30,0.0580244936029081,0.0399892472512219,0.3198916803893556
04c3b3fd937f45f4aaeef449eabad72a,경기도,여주시,***,2021-04-30,0.0221786595905965,0.1338099463714521,0.2537348855074897
e19ac94a1e0fa8682ef6f03c666b5c52,경기도,여주시,***,2021-04-30,0.0053171469407806,0.0158996727702674,0.0806998332677639
1f039a2e1c0e3352bb317fe87dd38e8d,경기도,여주시,***,2021-04-30,0.0974734313487124,0.0829822098012854,0.0509449806981143
185bd85ba634b4fb2439bc35e2254166,경기도,여주시,***,2021-04-30,0.2327364526714086,0.086065984006173,0.0510143765359693
49d821076f24ed9aaf31e70cf620b963,경기도,여주시,***,2021-04-30,0.4165523618234695,0.0920032652696827,0.0502676505003653
f53b0cff16c310ae01f5210316423544,경기도,여주시,***,2021-04-30,0.027003561868361,0.0112122278307453,0.0707458804458598
383126d1d79e94e203c811b9e91061fa,경기도,여주시,***,2021-04-30,0.1341832914102529,0.0140365159637794,0.0675690118190032
db5e2735f6e2fe6c746b19609841bb2e,경기도,여주시,***,2021-04-30,0.1869422321528554,0.0110723044981995,0.069177134299109
148238e658728bfaeeaee5f0a416da0e,경기도,여주시,***,2021-04-30,0.1323010789702824,0.0159656684541675,0.0691390662901932
5f55a645a2534507f8604f8388289e89,경기도,여주시,***,2021-04-30,0.2013305108469334,0.1079806555099016,0.0722750878828396
0ba642f5d37f140321d36b48efb44269,경기도,여주시,***,2021-04-30,0.2238935959903883,0.0296323075602917,0.1972374460437704
149bb8f8ee96b7ee68c1ee741f89aa95,경기도,여주시,***,2021-04-30,0.1088083669394844,0.0266903169221505,0.161640539054845
67ff780b0feebad45b05d8ee0769d315,경기도,여주시,***,2021-04-30,0.1850960819412902,0.0167699818773586,0.1256770695881607
b2d4b70b8bf94db72d12fb52bebde5ff,경기도,여주시,***,2021-04-30,0.1036654410978594,0.0405483346508565,0.2581213711243751
ba1ecd2f34180f8f2b3005a42eb0974a,경기도,여주시,***,2021-04-30,0.2001013737803926,0.0212390542777379,0.0896085283851443
7be31c374cad8515c82a4cad5eb7dda5,경기도,여주시,***,2020-04-30,0.0906621296976502,0.1069451175202899,0.174688266518292
7fe550ec53055bf9c83da0342db4ff2d,경기도,여주시,***,2020-04-30,0.1810354267853337,0.118722735194423,0.1198089164372432
75ed33572626a07e016763efd4981266,경기도,여주시,***,2020-04-30,0.1800762319605097,0.0169359545174557,0.1229499056997265
1aa8fe3c921b62b87de4300498d7730f,경기도,여주시,***,2020-04-30,0.1224433154192702,0.1071253195695354,0.1762252137479555
2e06570c75bdfb931e4722286863af8b,경기도,여주시,***,2020-04-30,0.2037854522522569,0.109733319693889,0.1681374003236388
672611f022f3e1b72fc13dcae5b0c3b0,경기도,여주시,***,2020-04-30,0.0952149793485142,0.1078457275800461,0.1756845855286984
2e65fcd9a7f1601f493026c2da28b7af,경기도,여주시,***,2020-04-30,0.0580022354460296,0.123179530055588,0.1323051302706591
9acabf02a6fabb0bd3f3712de74a230b,경기도,여주시,***,2020-04-30,0.2363227135404179,0.1045803994018198,0.0780235253892421
2304eff65af7a979eef3498b7aae84db,경기도,여주시,***,2020-04-30,0.1565182907685947,0.1252282235720863,0.1121732082895707
e7c5cc5bc1e43994ca35a2f93936d896,경기도,여주시,***,2020-04-30,0.4005994687874061,0.0893229204361073,0.1657950540656994
fc04a3def33c38ab3420a3645e25c66b,경기도,여주시,***,2020-04-30,0.3395019137486377,0.1225312332455404,0.1071693110637293
183d6bafdc72c223d40f50bcaf873d4c,경기도,여주시,***,2020-04-30,0.1947643555770025,0.1189123361942027,0.1210604440804495
f36495039fe64bd4e7d1813cfdd7e1e1,경기도,여주시,***,2020-04-30,0.0998521765688895,0.0297367251286564,0.2065537010857633
6d6800f1e20746c6b3d6ff6597f5fef8,경기도,여주시,***,2020-04-30,0.221955582586515,0.0398221229799945,0.2426594438757239
54216ab44e066672f6913b77e06bb3ca,경기도,여주시,***,2020-04-30,0.2026698099783681,0.0932679831647644,0.1665713139623297
f35d6300e56732acae7bea467cc1f94a,경기도,여주시,***,2020-04-30,0.1357574293570113,0.0299301106304124,0.1662635821989397
05499c6ee3b36e59fd80bd1b9863673c,경기도,여주시,***,2020-04-30,0.2022104902911685,0.0157281702948985,0.0817855034754581
2af6fad179c0ee3c4479eeac8c97635b,경기도,여주시,***,2020-04-30,0.1225764801713584,0.0839028766403325,0.1466931090174917
e6be7956b8fdb56ca816ea8fb84e9ba6,경기도,여주시,***,2020-04-30,0.111529969447107,0.0401133080492293,0.245117721914144
04c7c1b47bc9e808ca78f77b9b6fd19c,경기도,여주시,***,2020-04-30,0.0723854972144539,0.0188986261262334,0.1269615325866505
50fb1ab72d3a69a899de9f423a0ea544,경기도,여주시,***,2020-04-30,0.2688063237579426,0.0336084827859278,0.1619205432967392
7e3245f1962074c66a25be31d4d62d08,경기도,여주시,***,2020-04-30,0.06736721107155,0.0336266993754977,0.2148157106330937
a8eb5b06c9a847f8a85a737c836f12af,경기도,여주시,***,2020-04-30,0.0716986152187866,0.0403255721900514,0.2669636467699273
359f43600de68b005d036f1f7f859421,경기도,여주시,***,2020-04-30,0.2990820735089224,0.0163663106195414,0.1143465427458191
4006b84d159aff9a5b724ff0a649d7ad,경기도,여주시,***,2020-04-30,0.2563217523564847,0.0276098418653924,0.193387629487606
3873c27b90f8f30f9dd82409cc8fb52c,경기도,여주시,***,2020-04-30,0.1947931648183876,0.0143998257986496,0.0984877435983061
6a86960417eadccefde69687e82b56d7,경기도,여주시,***,2020-04-30,0.1049342715870977,0.02950148802894,0.1663308574515064
10c0ca304162b941b4fdf399becec361,경기도,여주시,***,2020-04-30,0.1631604806637377,0.0270726385632511,0.1343112424095942
d987e54694cac28ebde2767c6bd698f7,경기도,여주시,***,2020-04-30,0.0437854430159551,0.0215210858644511,0.0921743867272662
7829c705b56157edb971d332877b67b4,경기도,여주시,***,2020-04-30,0.2852700893275434,0.0147213374327382,0.0836433168501401
5361e26b065e6e0324e2e1b9c70bc354,경기도,여주시,***,2020-04-30,0.2370128190374079,0.1078985024861074,0.178918490301511
cc227d521bf10af1eb470279c1cdaaef,경기도,여주시,***,2020-04-30,0.2156133407053244,0.1065770876497635,0.1890688669578276
45a85112ddd019daa0903b20951b40e8,경기도,여주시,***,2020-04-30,0.189805844285294,0.1146506903446895,0.0672994423816865
1ac742370d55feea5824330b5b58a471,경기도,여주시,***,2020-04-30,0.1809290949076819,0.1031667488202993,0.1451703422074495
f21aabba479c88dc5e6f15cb83d1086b,경기도,여주시,***,2020-04-30,0.0,0.0169410866084208,0.0915756529601037
9856a4b6ba793334a80a1277eced3cde,경기도,여주시,***,2020-04-30,0.0909614174603247,0.0209410696372341,0.1326245657477799
8a871372d6dda5fca6d0856e8b82274d,경기도,여주시,***2농장,2021-09-30,0.0576738127944912,0.0611107691783496,0.3378140117898026
c4928e7dc2ae82c49bbbef23c15de25f,경기도,여주시,가야농장,2021-11-30,0.0328870524478326,0.0957942922353592,0.131734211949167
46f79301ec36f2d8d6ec8a6f738b7067,경기도,여주시,경진농장,2020-07-31,0.0974981286094342,0.0242279137785943,0.0819859552635856
dce6e7f8041478e9d5dacc2a53f3c441,경기도,여주시,계림농장,2020-05-31,0.3790100910083793,0.0212550428848236,0.226406948127816
085e7a80ba2c393b22b2bacc34c31c2d,경기도,여주시,계림농장,2019-12-31,0.3061047867480019,0.0204104379652289,0.1437100607936869
9be5448e6d67ce7d4c7415107362e6e3,경기도,여주시,계림에그스,2020-04-30,0.318183777746905,0.0450661864956475,0.2450555247734904
d3c82583fb5fa218a8de1474ccb59662,경기도,여주시,기민농장,2020-06-30,0.355465160514736,0.0222638329552075,0.1616960373143689
bb1cd926724a9a6a0a9eeaee34d53483,경기도,여주시,김**농장,2021-09-30,0.0594426874780108,0.031472656144412,0.1673543380202088
20bc63134a3a11ea964b6f57836b9c26,경기도,여주시,남산농장,2020-04-30,0.3299588744154238,0.0549920170226412,0.2252174476455942
58cb69f6f8fc927d566292658082ff73,경기도,여주시,농업회사법인다온,2021-11-30,0.0580404858949059,0.0472475627520435,0.1814443787076352
076270790c857d34354c00d990e18f65,경기도,여주시,농업회사법인조인주식회사,2021-04-30,0.241897453963164,0.0275283728090889,0.1505852341817371
51d7fb83ec3749ac3bcaee4c698d977a,경기도,여주시,누리농장,2020-06-30,0.1932409657532709,0.0310531820954975,0.155396964257075
616543c1ce192583cf5440e6467ca0fd,경기도,여주시,다산농장,2021-04-30,0.4006708838484318,0.1003152897505023,0.1536038146722972
917d0a3e7124ec0b775b0e3032d9e15b,경기도,여주시,대당농장,2021-07-31,0.0530257274814581,0.0648787212517962,0.3340474929181184
11efc354af6c8b8fe7622b50083077db,경기도,여주시,대한농장,2021-04-30,0.1632711704757269,0.0578548799336902,0.3318493196147074
eea4a28de4cba4ed7cba12b3a0d7a385,경기도,여주시,도리농장,2019-12-31,0.0374488371990257,0.1156592327982895,0.1195233111282149
de5ee6b66eb1c6e16a9304488e9e1ee8,경기도,여주시,두일농장,2020-05-31,0.0976019035453044,0.0242426205907188,0.0836809924578781
68a5ff8450ee94193f98e920dfaaf862,경기도,여주시,맹골농장,2021-06-30,0.1185239014792868,0.0339042136534857,0.2025025405947255
d983c1db674726dfd4b9de6b6d03c379,경기도,여주시,명성농장,2020-07-31,0.063986191251147,0.0106224629699608,0.0894095279392821
c9a22b66c7bc9c9130131be048b95a77,경기도,여주시,모닝바이오텍,2019-12-31,0.5441613038954893,0.1334585457925383,0.2531155852072037
99ed1a738c07fc9b8a0aadd571f473b3,경기도,여주시,민주농장,2019-12-31,0.2468864594119965,0.1529464354665193,0.1403685355735889
9fe7229a8da1e89449de5b8820a677b6,경기도,여주시,부용농장,2021-06-30,0.189327084176282,0.0123184604363481,0.0758144388256086
0b880d55483f8c1246212b9ee2d9af9a,경기도,여주시,분재농장,2021-11-30,0.0813287502243778,0.0518083559083691,0.1495321770684543
c69005180b8b168b7072d62d62ff1c30,경기도,여주시,불노농장,2021-04-30,0.1637248872377937,0.125053579016274,0.133116302132061
dcd3de79dba7d6b5236bf4e3c95a7571,경기도,여주시,산촌농장,2021-11-30,0.0281138972585611,0.0352010325642197,0.2491323268683738
3aa86e6e795ca673196f8b9fa2793da7,경기도,여주시,삼영농장,2021-09-30,0.3299755205111034,0.0361156490151282,0.2456617987152251
133549bda266fd38732b98c4f7582569,경기도,여주시,삼흥농장,2021-09-30,0.0822330981338833,0.0148077562406382,0.0901845960831974
87235551bf597dad899a2ca1c7ff74e1,경기도,여주시,상활농장,2020-07-31,0.0699665170687906,0.0346555176370585,0.2474880275870528
69e0d24f1c1363be41ef2119a5f076d0,경기도,여주시,서광농장,2021-07-31,0.1936031670287104,0.0405820088323229,0.2620756186922414
71b6bc30cfff0cf6c609fb2560200e78,경기도,여주시,석일농장,2019-12-31,0.0454660712223634,0.0879314883204612,0.1379202724200343
9da9b93e43885a6c09353f5bb6d7aeb4,경기도,여주시,선린농장,2021-09-30,0.149882496302241,0.0280395856641145,0.1260817961891567
c594ccd8da0f7b81a638a7540df0fa47,경기도,여주시,성산농장,2020-06-30,0.12313374359734,0.0389423233725167,0.257342542906906
8133877a477d459b9d0c4fc693d88ea1,경기도,여주시,성화농장,2020-05-31,0.0466398203397723,0.0432578319221635,0.2064119429434243
d496c772b9926121d417035574c39b2e,경기도,여주시,손**농장,2020-05-31,0.2466114825755188,0.0332999289016097,0.2486589397007197
40b31fab6251a4bddc29cc30392b3009,경기도,여주시,솔미농장,2020-06-30,0.1176524537487087,0.0780446348031881,0.136909623292669
fd2fb194c16ffcaaf439600e9c5cb912,경기도,여주시,송운농장,2020-04-30,0.1432702003596332,0.1013948271597058,0.1441201230452042
0e1ac6feced496c92552b8b943c82e09,경기도,여주시,승화축산,2021-06-30,0.2905826191362095,0.045109123866664,0.2386931921555263
2d7b92f620b35d92acc99d1d5f4b8a96,경기도,여주시,신애메추리농장,2019-12-31,0.2124148974400575,0.0413781509825503,0.2708224876702386
ea6b9ba3e973d3660c28eade5d24780c,경기도,여주시,아리농장,2020-11-30,0.0542250221325346,0.036757380883801,0.2516204505240178
7612cfa5c28b71a4c0ab69567f050df9,경기도,여주시,알로1농장,2020-07-31,0.1792383770098537,0.0154497802174005,0.1151315355830429
1d833de4839cda8a6d9b6a6f9b7e713a,경기도,여주시,알로2농장,2021-06-30,0.2907673548857809,0.0124090438771829,0.1023797005341978
f8823dbfe23bd8a4a1a7f3c19a2c7034,경기도,여주시,양계농장,2021-07-31,0.0723100853693925,0.0242078568274351,0.0821203261925386
6ceb6a2c4aa4bfb9fb9ef3208d45ff73,경기도,여주시,양계농장,2021-07-31,0.0440948418096739,0.0242852216032819,0.082135844759459
48b9169e437fad5e80efdd44a585c3f4,경기도,여주시,양계농장,2020-07-31,0.2142835285774583,0.1222513193616079,0.097927700755454
970c659d8f22b7ec448d1243e5128b40,경기도,여주시,양지농장,2021-09-30,0.200324214868219,0.033640018040617,0.221981765291928
974d25223abc87ec6c9f2d9ae1e2b1d8,경기도,여주시,에그홈,2021-06-30,0.0845274958628357,0.1201644368236833,0.0965859783106932
639f407bf96244b18246aea85e4ce641,경기도,여주시,에덴3농장,2021-07-31,0.012236089978246,0.0519053700478735,0.1436475937731975
87c93d0ae459764433c50a1153427085,경기도,여주시,에덴농장,2021-09-30,0.234801940995968,0.0100703972778292,0.0250798285753422
e6c1cf9f70dc261fea9bfc0d281cfe27,경기도,여주시,여주자영농고,2021-04-30,0.1671096943306052,0.086600286328747,0.0688811279887131
61641ea01c4b3e6b733b07685bad9d36,경기도,여주시,영농장,2020-01-31,0.2164013041126878,0.098753409842629,0.1553919212193799
39bf7e4c7bfae400b25866d0788e6933,경기도,여주시,영지양계장,2021-06-30,0.0581146388327104,0.0354730709263823,0.2469343743219255
502103411200a30005425e5018132533,경기도,여주시,오**농장,2021-11-30,0.0365345092018078,0.0254316425746634,0.1327925637678312
521c8b6d2654f2735ba6fa543f693d20,경기도,여주시,오금리한길오리장,2021-07-31,0.3728244843834881,0.0299179845468299,0.1381684755690399
487504c55daf126af6d94eca97d3a82d,경기도,여주시,왕실토종닭농장,2021-04-30,0.0473418220234921,0.0219718326547156,0.1116398601018695
4af5bf32bbdf67115f653c8a42454e4b,경기도,여주시,왕터청계농원,2020-11-30,0.2096655866644484,0.1500960619979347,0.167783327603473
813b4c6327c7e05c72b88d62a0ccdac1,경기도,여주시,요엘농장,2020-06-30,0.064303311738732,0.0100571895614673,0.0256992509279587
f8d45cc2c865566bf1946e4efb79dad8,경기도,여주시,우리농장,2021-04-30,0.1097681080214394,0.0202944775870456,0.1380150583140038
e132297463bd1a8aa5e8cb7c94d655b2,경기도,여주시,우리농장,2021-04-30,0.2975941798660088,0.0261531739520933,0.1352674616119488
6978f377eb48e9374d727e48e7589207,경기도,여주시,유**농장,2020-05-31,0.1398847365115984,0.0614352686662441,0.1520222301455855
3b7b5576d1577cf729491f6b45ba5a3b,경기도,여주시,유성농장,2020-05-31,0.0143457606860822,0.0588597823175403,0.1593599433385046
4aa4b16c8bff192b1f30eb1e158f6dfa,경기도,여주시,율극농장,2021-04-30,0.3153635839635647,0.149251362094314,0.2154097785185459
12b2cd843c48df06021be6777f502c8f,경기도,여주시,율극축산,2021-07-31,0.3296349334422874,0.1515974239586746,0.2082665992506477
a56cd4af96ec6a20c15b9ff50de6de61,경기도,여주시,율극축산,2021-06-30,0.4169988974298262,0.147630322062524,0.2183514588851383
a64f5b3f9a3992ebf4bf016158077d20,경기도,여주시,은혜농장,2020-06-30,0.0445582700631623,0.009443461663012,0.0251059121242905
f76ef0805f22afd238c6a204ae55e477,경기도,여주시,이**농장,2019-12-31,0.0785486753791887,0.110893046555213,0.1596797439582663
bb8bd75770a51ccf41ba79d5ee0ec911,경기도,여주시,이**농장,2020-06-30,0.0352604229287724,0.0222697205830727,0.1207668808208086
5762453171621d5186ce21a35f4c8fa9,경기도,여주시,이**농장,2019-12-31,0.0955539051401531,0.0347939988891955,0.2583821083081553
4919a47ab82ec2626f9463dcd44662ff,경기도,여주시,이메코농장,2021-06-30,0.1822602010158827,0.1186813706725857,0.1276097559889758
ad218968e13aaf54f7905fff33c35424,경기도,여주시,자연농장,2021-09-30,0.1165562010972125,0.0250593915861504,0.1321721408264732
561e6c931bf19cafd4f41807d6579012,경기도,여주시,장**농장,2020-07-31,0.1778917543768855,0.0364163282754822,0.2500213187791699
29ea50a838e45d921d5a83bb769a2b3e,경기도,여주시,장호농장,2019-12-31,0.0595698977066208,0.0081669186390143,0.0313049084746092
3106154e3745115ccd19a8eb82c481c1,경기도,여주시,정훈양계장,2020-11-30,0.2091599353612926,0.1293164517617373,0.0755667684475799
5cdb607655cbe132e1a2ca63a4013d51,경기도,여주시,제일농장,2021-11-30,0.1722335581398213,0.0471180935386761,0.2525331929344607
977531eb03e1b99a85e6535b056f5583,경기도,여주시,제일농장,2021-11-30,0.015097934173827,0.0210130172478089,0.1472125584416818
875ef1a12bf8d9b789eb4ad33ef6ca9c,경기도,여주시,조현농장,2019-12-31,0.3322653118081741,0.0426505531940052,0.1778476216806654
073cb45beae55fd30162eb1d04039570,경기도,여주시,중앙농원,2021-04-30,0.0652133561798156,0.0201651050709552,0.1125356258159762
5fd63f0dca224cd631a2005e55319027,경기도,여주시,창대메추리농장,2020-11-30,0.1454213577293042,0.0350794031140535,0.2356254989474462
b6ca9575dcf210737d93dd32140cc979,경기도,여주시,철중농장,2021-09-30,0.2552740202688114,0.038809341785004,0.2558160426215839
f3277bfd461ad046f9aa89b5a8d30921,경기도,여주시,청운농장,2020-06-30,0.2010513120110661,0.0805997361840279,0.3078664234783533
269507862b91a598bc6a705bca30dcd9,경기도,여주시,충섭농장,2020-04-30,0.1515458522789714,0.0690704208695764,0.1224156606311481
58acf2cbcaf0f234b981afed72cb0355,경기도,여주시,태린농장,2021-04-30,0.2391537869496687,0.0365403357694528,0.239508221863919
2d1812250ef75bee937284a2f2ea6256,경기도,여주시,태원농장,2021-09-30,0.405684969601399,0.0373686022821906,0.1664371304548016
f1e97b95e03a16b185133cf7d314b5a3,경기도,여주시,태준농장,2021-09-30,0.0563008306922202,0.0522721143790744,0.1471465162941565
fba15003b958e2fa676230562ef63038,경기도,여주시,한경농장,2020-01-31,0.189327084176282,0.0123184604363481,0.0758144388256086
33cef87f95b913a9b54740be8e2db282,경기도,여주시,한솔농장,2019-12-31,0.1003880174190218,0.0844532979614535,0.1378140068119804
c770614482f604d359fa58058c1ac1dd,경기도,여주시,한울이네농장,2020-04-30,0.2159940945364827,0.0195341443470411,0.2003452327231396
7519d4d5e00626f1925ced1dc256f738,경기도,여주시,함일농장,2020-05-31,0.0876549653448966,0.0412381545143249,0.2675138956531679
c17c853e440560ec85a75da38c83f3e5,경기도,여주시,햇빛농장,2020-07-31,0.0631165897651217,0.0395131897821228,0.2430098636819857
ecff3b94d63b02ae8d63d574489ce12d,경기도,여주시,햇살농장,2021-07-31,0.081829490499989,0.0197288789765855,0.0664262208098091
9940e374f1d59a79bad074a191f3f6b3,경기도,여주시,행복짓는 농장,2020-11-30,0.1344856647381002,0.0891861786010866,0.1268830842156922
eee60197ab3780bab76f2b0d4baeabc1,경기도,여주시,후포농장,2020-07-31,0.0476135305551771,0.0281077803064328,0.1468031449291552
3cc13e916b75bf13de0794dd963f6240,경기도,여주시,희망농장,2019-12-31,0.4727098694744066,0.1319072030753778,0.2579602517503566
722cc0a1a1279b325cdc83f434f34f6a,경기도,여주시,21C고구려농장,2025-08-31,0.0847571203602945,0.0136527825637015,0.0440792884933419
dcdb893cf74de54c195094387ca62038,경기도,여주시,강천농장,2025-07-31,0.7182527077924514,0.0288166687547146,0.0455646918624997
7d2a71c9b94f162a6631aa11d2c70029,경기도,여주시,기민농장,2025-07-31,0.367268398862961,0.0222292369821318,0.1620354011853593
94034e190d64a211f4821c0ccbbf0263,경기도,여주시,김영오농장,2025-04-30,0.0164950024380538,0.0315806864606691,0.1671286406268484
320e3aa994b7893c02abfab90bffaa73,경기도,여주시,남산농장,2025-04-30,0.3388540873003048,0.0530695280212713,0.225425430643365
5e07621a0dc0e4bb2535cdba9fe47798,경기도,여주시,농업회사법인 다온농장,2025-08-31,0.0433551969491079,0.0476718106640033,0.1811863705832506
5316ec7b4ff04dbc06d5d80e78e4073d,경기도,여주시,농업회사법인 상신농장 유한회사,2025-08-31,0.1069092905828847,0.0171743024447015,0.1142782408737528
11d9abb02a3be80ee047496fd6fbecbf,경기도,여주시,농업회사법인 세양(주) 누리지점,2025-05-31,0.2423287478774196,0.0275290249451567,0.1510007796739837
3c1fb641d2201470638e8a783d6d6294,경기도,여주시,농업회사법인 에이치비(주) 여주농장,2025-07-31,0.2566250626098834,0.0581121457795666,0.3343414659275143
d8d0084390f1f0c63cdcecbe8a914de0,경기도,여주시,농업회사법인 유한회사 함일,2025-05-31,0.1310075122422434,0.0407321917479008,0.2633694548153015
eed789d0f24c30039a9aeb4774ea7dbc,경기도,여주시,농업회사법인 주식회사 닭터,2025-04-30,0.5447575630101752,0.1331999984661111,0.2536772636697957
69dc5bde85f0b43ce1963c51a0530792,경기도,여주시,누리농장,2025-04-30,0.1507732998977157,0.03081912988426,0.1554212657477439
05c403cb88302c92a75ac7c80d4b892d,경기도,여주시,다산농장,2025-04-30,0.4345856166573704,0.1013288349388566,0.1536704654744584
4e4b0bf493d29ad6198801569ab45ff1,경기도,여주시,대당농장,2025-08-31,0.0667509746534227,0.0651484381776705,0.3336528631517514
8c2ce5519e8e243b4ac6efb01f570fdb,경기도,여주시,대복농장,2025-05-31,0.0040803054842316,0.0367226594396985,0.2972119469683167
b06136b6b6782a870ffb0f7008b5bd2f,경기도,여주시,도리양계장,2025-05-31,0.0445768597159801,0.1156382032856609,0.1194534479845726
a4c0ddf07c322613b4d75c8755ac406e,경기도,여주시,동산농장,2025-08-31,0.0391521067460075,0.0279450975323253,0.1607637882522606
65dc49d27f3ff3fb06e62aa932324990,경기도,여주시,두일농장,2025-07-31,0.176052756814896,0.0240137395636264,0.0828690251760336
6aa2dbbbcea62b3472beb0fdbda37110,경기도,여주시,매봉농장,2025-07-31,0.1101723084143816,0.1261872155778725,0.1384847636344972
e0e4a4727f634d98810718be195c7206,경기도,여주시,민주농장,2025-04-30,0.2598068993141423,0.1443904664011585,0.1454007752333982
2aa7d6c883ac6a39ca811a26e13cc6e6,경기도,여주시,백마농장,2025-08-31,0.2422316785327515,0.0388504714124371,0.2561277220218995
eff79905f48779ee4e7d1a3323c6479d,경기도,여주시,벽해농장,2025-07-31,0.0116829930395436,0.0290468736941187,0.1304416870274262
73adfc1785985519b9297970f8e377df,경기도,여주시,부용농장,2025-04-30,0.1784147001258128,0.0123112083758794,0.0758202578909879
933bb6714235a42482d7856543c72ef2,경기도,여주시,분재농장,2025-08-31,0.0800962024650776,0.0518136351449787,0.1495581576616522
bbcf74ffee5f7e7689076b6c6eef2509,경기도,여주시,삼영농장,2025-07-31,0.2740315860939199,0.0365943859319772,0.246291087857507
ad564d37c8a77a9d06c1ee4fbe32a275,경기도,여주시,상대농장,2025-04-30,0.183132245205891,0.0159101045681794,0.1587887976075419
d42754e32b19c0e3d16d8ba02c0ee7b2,경기도,여주시,상활농장,2025-05-31,0.0304463213631219,0.0348508085098864,0.2481020102392948
c533d5057a5b3915d46c4deade173920,경기도,여주시,새벗농장,2025-08-31,0.2120516638243231,0.122127942390339,0.0970265728530635
6120f89f3d2137ae434f079dfa1595a2,경기도,여주시,선린농장,2025-07-31,0.0512265621896536,0.0280715046635162,0.1252843683860077
22459ff500f43fa3683ea2a7c15494e9,경기도,여주시,성원농장,2025-08-31,0.2179324822535205,0.0197381191787126,0.1652304051158847
660541d4ef956ce676735680877b8c1c,경기도,여주시,솔미농장,2025-05-31,0.0965965502055904,0.0808734182681848,0.137130977456385
d4a9db0ad138b15b2b826fcfce1ebd49,경기도,여주시,승화축산,2025-05-31,0.3071946609251109,0.0453197471386008,0.2400422845127282
edd52fbfb212d2ceaadc8e9434fa17fd,경기도,여주시,실로암농장,2025-04-30,0.216188001402682,0.1178985856993319,0.1296667322426906
89026381b610f7a5cbb54349ad3c61b2,경기도,여주시,아리농장,2025-07-31,0.0492786918803926,0.0367044470608219,0.2514564591160014
3b978ad1563090c5a981fd280787e05d,경기도,여주시,알로1농장,2025-04-30,0.1749573559022482,0.0155229272400784,0.1147698661345201
1724123575e7597a2ffab2fd0cedd06a,경기도,여주시,알로2농장,2025-07-31,0.0221784726656929,0.0105320224954847,0.0900619669977134
88221dce2e2f192657f7faeed817ac31,경기도,여주시,양지농장,2025-08-31,0.1851669102467731,0.0336485594891061,0.2223013804612491
7700d8ecd1624f8aad5e56bc25693a02,경기도,여주시,여주서진농장,2025-05-31,0.0418404975872858,0.0913186948078408,0.1260475424341692
e5267d9b2c82040120cf691803ece3df,경기도,여주시,여주자영농업고등학교,2025-04-30,0.1447532932156699,0.0695057350813744,0.0791261710105934
5fa7dd76721336a821a5ce5ab6726c98,경기도,여주시,왕터청계농원,2025-08-31,0.2095218086433139,0.1499697027437039,0.1683864741767943
a36cd50ebe21eaf4da65ed31b8e5ecc5,경기도,여주시,우리농장,2025-07-31,0.0474149928461703,0.0199453821019967,0.1403906713699819
011a68b99b7a1b553848be9c120058bc,경기도,여주시,우솔농장,2025-05-31,0.3311539781349069,0.0398337865326346,0.1855487707755415
880d878d8973aa7f9f32933fd15b24bc,경기도,여주시,원농장,2025-05-31,0.2403910909236736,0.0212585238586789,0.1601213008623299
5a0f2a0cd41bba0851862c297c8865eb,경기도,여주시,유성농장,2025-05-31,0.0198439545691945,0.0584283314587332,0.1595986350642666
854affa8c7d80bb2d1fbbfbf61ffe8fb,경기도,여주시,유영도농장,2025-08-31,0.1569673082301113,0.0621793261363598,0.1516147868343371
e37281c66b4433ee4cf3b29498fc45cf,경기도,여주시,율극농장,2025-04-30,0.4156641825508423,0.1476590492353429,0.2183910305452366
805403420a215378f4dd63c81e7efb69,경기도,여주시,은혜농장,2025-07-31,0.0513945957144389,0.0094158691575525,0.0250958627988207
ad9d71ccb3e737d2f356500aab62f4a3,경기도,여주시,이지우농장,2025-07-31,0.0537769736998724,0.0335324612765241,0.2548534317566219
9acbce36bebf44bcad2697e78ab93ea8,경기도,여주시,이항모농장,2025-04-30,0.0780370378999231,0.1110147983224925,0.1597440388391093
c87f33685c39e0b0ec54ac77d9330ce4,경기도,여주시,일우농장,2025-07-31,0.3345097122059389,0.1520426355838476,0.2071645510700945
2875a9e84924c1b7f4a1c0d671e27927,경기도,여주시,장주원농장,2025-08-31,0.2113913418001698,0.0366730704532015,0.250602200393804
b870713a81a6928e4570b9b324736a92,경기도,여주시,장호농장,2025-04-30,0.0419900281575746,0.0083002648839269,0.0329319507729641
c72a5a3fc5a87699554bc2883a39a06e,경기도,여주시,정원농장,2025-05-31,0.0972147201664336,0.0147174258707765,0.1127074336261778
e67a327102dab548906a50ce655052f6,경기도,여주시,정훈양계장,2025-08-31,0.2626974075500223,0.1298945079278826,0.0763494868403925
fc8cba56cb97f20070105ebb976954ae,경기도,여주시,제일농장,2025-05-31,0.0204287487018603,0.0209891202684866,0.147138301179912
6d8d7492a2e6c83d08da29586ce67666,경기도,여주시,조현농장,2025-04-30,0.3619350233498752,0.0428293873546873,0.1777045205534507
5e08aafd455ddc33b0ff6d907c6f76e8,경기도,여주시,중앙농원,2025-05-31,0.0574669826996058,0.020195483915968,0.1124213002913925
e58f46cba7eaeb86e0e6d43c231ddc58,경기도,여주시,창대메추리농장,2025-05-31,0.1467311809391394,0.0350930481349769,0.2357355773412432
842991b1ef337b2012cc5740aeb46ed2,경기도,여주시,창호농장,2025-08-31,0.1811344091295444,0.0580490191296262,0.3281353990579737
e313894be39abb6b8e775f2cefce2232,경기도,여주시,청솔농장,2025-08-31,0.14022709737744,0.0272570249238616,0.1037960234607477
5c33cc322d6046a5637d9e3af687d6d7,경기도,여주시,청춘농장,2025-07-31,0.0884722637380488,0.0395107222196177,0.2442850532674632
eb46115664b86a39ccd0bdb627cd4778,경기도,여주시,태원농장,2025-08-31,0.5023491066316169,0.0350318642023882,0.1322134836084988
ba1fdd68d01e19f68f87556fc76de341,경기도,여주시,태준 농장,2025-08-31,0.081243465870621,0.0523046372844213,0.1471635413680151
441c552060538939ad8e718fa29ea876,경기도,여주시,털보농장,2025-04-30,0.0532299982989459,0.042428501302678,0.1755448651411025
39b33c6fedcb00364d7e14bc0e852285,경기도,여주시,토끼네가축집,2025-08-31,0.0947362897545865,0.154266007051325,0.1306488389205946
2776e312bef929b6aa8d415890c3a608,경기도,여주시,토종닭농장,2025-07-31,0.2096917770645337,0.0148290753252303,0.1290614933286482
52f5d159e472e1850eab761997c46913,경기도,여주시,한솔농장,2025-07-31,0.1093030804819281,0.0832503313428224,0.1374501570158572
a4c081847fc3c8cdd411a964b27c6fa5,경기도,여주시,한솔농장,2025-07-31,0.1078981995350572,0.0254179860086446,0.1323717733470318
c770614482f604d359fa58058c1ac1dd,경기도,여주시,한울이네농장,2025-08-31,0.2159940945364827,0.0195469966081071,0.2003583726020716
a24139795fe1810605d673401f764b5d,경기도,여주시,행복짓는농장,2025-08-31,0.1495801974168261,0.089579775253734,0.1271780668185308
5de379cc5cd96f4febae1d531ce362ea,경기도,용인시,강릉농장,2021-09-30,0.1719642889104971,0.0184625260148234,0.0266750641038301
4ccd58a2f7954682f601916ea70c2297,경기도,용인시,계성농장,2020-06-30,0.2910737079565795,0.016807972588914,0.1320303828081113
b1a6aef03849b4038016f5b29e3c2f55,경기도,용인시,권일농장,2021-11-30,0.0470684791723347,0.0955705748120325,0.1364881286387977
fa2ab9b66769f3365549cef26c5388e1,경기도,용인시,금수농장,2020-11-30,0.0308158936356415,0.0316835329543572,0.0851450043920313
5c6622ad0c94cfc4ec0f53cd7258fd51,경기도,용인시,김기범,2019-12-31,0.1129424026845803,0.0254252095636891,0.0254728865307272
3bdba1b2770734d0c73feb7a39ba729c,경기도,용인시,김진성,2021-09-30,0.0880515281413022,0.0370110084255344,0.1412972048529544
0b673972a97fd1ee0b6097468c47af46,경기도,용인시,꼬꼬농장,2021-11-30,0.0435156439440789,0.0286818046464672,0.1650089624905513
b1767b05578e519261ef6a611b28ea35,경기도,용인시,낙은농장,2019-12-31,0.2283530027938993,0.0171713927109155,0.0210587899256153
52439a611eb611a341f07d924765b3b3,경기도,용인시,남사농장,2021-07-31,0.1149650408695191,0.0292387593785535,0.142902787746851
14e7cdb25ba58ee4a424d757e4678889,경기도,용인시,남산농장,2021-11-30,0.1375255957961413,0.1270039362933311,0.0876127334600021
68e9f6d4920996681784e165f8719624,경기도,용인시,노동오리농장,2020-01-31,0.0675906907527498,0.0184424515557695,0.1920271683276361
37d45bfb5945426591351b520aff5181,경기도,용인시,놀부농장,2021-04-30,0.1315472539882579,0.0293621424597223,0.2293839058558887
0c2400896ad383017796ed7c337fc56f,경기도,용인시,농업회사법인(주) 다원팜(유연지점),2021-07-31,0.2625785636287098,0.022927443538869,0.1452260222516808
2633f19f8643dbbaafffd60e95d70e02,경기도,용인시,늘푸른유정란농장,2020-06-30,0.0880515281413022,0.0370110084255344,0.1412972048529544
0a96fe1f2159f5e4c925bdfe208dead0,경기도,용인시,대박농장,2020-04-30,0.1659606585124254,0.0297297767061689,0.1651493725774519
f21f97032d45729228db5cd900f558ec,경기도,용인시,대부농장,2021-06-30,0.1697977569905013,0.0764322367332391,0.0901639859169353
8543028a42159f156f6a748e985b598a,경기도,용인시,대성농장,2019-12-31,0.1301528413466394,0.0296222827474611,0.2389850007408303
809d3abd200ad4831721a0a8c712f0e9,경기도,용인시,도승농장,2020-07-31,0.4514376972315555,0.0195277185952711,0.0869239901666745
3a8d585b6748f3f36736bae9615ec690,경기도,용인시,돈희농장,2021-07-31,0.0412980519075772,0.0983270344881769,0.0902524152729201
1d11909c595f790b4a75e4ba55449936,경기도,용인시,두레농장,2020-04-30,0.0577967110744747,0.0247502777475748,0.0734966114894499
e032a6328b4330e3b06f37ad7279f7e5,경기도,용인시,밀알농장,2020-05-31,0.2026538521269357,0.0312334653979004,0.1491428063175542
6b1a7d48ac533a484e044f6e75326727,경기도,용인시,백암농장,2019-12-31,0.161288031082055,0.0188081079351176,0.1946844725657714
d5dea08c9f40a61fa59ea6777fd6b826,경기도,용인시,보배농장,2020-05-31,0.1179752047102684,0.0444617646464021,0.1110003240744656
3276ba94f8b20c31243f13aa6f627f85,경기도,용인시,뿌리농장,2020-06-30,0.2569180942537878,0.0163734026664134,0.0573907084431104
1646e6c35feb3bd6fc00f4fea66106b6,경기도,용인시,산에들에농장,2019-12-31,0.3470638146074024,0.0209830086988097,0.029952399165923
84e3c66f0973d3391ce50f2437fa1e77,경기도,용인시,삼보축산,2021-11-30,0.0601779182730185,0.0317317955559233,0.0837162352190516
fd22bdf1a862f49a03cd141ba569af3b,경기도,용인시,삼원농장,2020-11-30,0.046078087090945,0.0341290456810412,0.1998195155190571
8dc782733267827c6cf01c38e23d46d2,경기도,용인시,새한농원,2020-11-30,0.1941424507011872,0.0124344153848183,0.1037931732084552
d7a2faac79e39e2c7188f810b75aa67f,경기도,용인시,새한농원,2020-11-30,0.1941424507011872,0.0124344153848183,0.1037931732084552
24740ba2faffce8a95a525ad858f3ff4,경기도,용인시,샘말농장2,2021-07-31,0.048204927428161,0.0796167153017139,0.0866878089216067
0b71b860604e51280ca6689cc88c8da6,경기도,용인시,서리농장,2021-11-30,0.4378099287453426,0.0185741115413429,0.0276300020180381
be004e05eeb425f215c3f865f255ec92,경기도,용인시,선돌농장,2020-04-30,0.0627220354766002,0.1168394795706486,0.1390057006301985
508ee6a2ee94ab24b27ad4cda2523e86,경기도,용인시,선진농장,2020-06-30,0.0880515281413022,0.0370110084255344,0.1412972048529544
8f9f0cf6705af313dd34ec7f41d4cc68,경기도,용인시,설해농장,2020-06-30,0.0729353672312515,0.0298917824125717,0.1748075358620768
f1e913313735cc13fde83d913beb7168,경기도,용인시,성민농장,2021-11-30,0.0290428868226198,0.01692152011493,0.0516682167118666
2bd8bf916e7d212e2549f10f775a736a,경기도,용인시,세례농장,2020-11-30,0.0764055478230477,0.0282765014209576,0.2302024767415733
cb59c0d6528f3c63c3a0ce77aae46e85,경기도,용인시,세례유정란농장,2021-04-30,0.0748318399637879,0.0216739718311014,0.06841744839049
e4d6f838f2621254213c85d1bc1cca90,경기도,용인시,세진축산,2020-01-31,0.2348040786117986,0.027846119204395,0.0269765905583683
0ce4f3c082bf69baa78c06b707d8ebe5,경기도,용인시,소현농장,2019-12-31,0.1108222390525424,0.018762630254414,0.0822361310516377
02700083e1f5a6690515a1252f01c33d,경기도,용인시,송화농장,2020-01-31,0.0142925801070998,0.0762162030080922,0.0946303431806495
26a00ba43552e511c61a00548b82d848,경기도,용인시,수원농장,2021-09-30,0.0789495420882507,0.0809623515148457,0.115635360163267
45c25c8c071f12b69999a6e6a09b059b,경기도,용인시,스마일농장,2020-11-30,0.0115091126738679,0.0105546424212362,0.003239607541792
cf7bd42efee2cd3b7e430745a643a9ab,경기도,용인시,싱글벙글농장,2020-11-30,0.0173642572980051,0.0102363553852386,0.0033879884726298
df6d2c1d1bb56403584ac14f10b1571e,경기도,용인시,씨알유정란농장,2020-05-31,0.0587469182152385,0.0159872368595178,0.0734520553280633
8ace6ad47a982280bd79cba4cf9a98b8,경기도,용인시,알찬유정란농장,2020-01-31,0.1925232476622878,0.0267663403823568,0.119663258577867
74e7844e531398618bea552036324c4e,경기도,용인시,양지농원,2020-01-31,0.2134258116794307,0.0092386745242811,0.029090605104011
83eb0288456cc093085c43af790b2bcc,경기도,용인시,양지단비사슴농장,2020-11-30,0.4226085499016785,0.0119645300356824,0.0447809535356461
092d44ae5ebc1fc4eb1bfbf7a579cc58,경기도,용인시,예산농장,2021-09-30,0.1008724443638937,0.0179143156293845,0.0798682515173266
62e1f4b3576d643c34ab81e7fd931c1d,경기도,용인시,옥산농장,2021-11-30,0.2351277287565712,0.0306173130884679,0.211540874829977
d266c1c535521a2641d39ce0d0805280,경기도,용인시,용인농장,2021-06-30,0.1954285172520111,0.0300104575583513,0.1573581702739265
bc8ad4fc55e5e948797f47430ca986c3,경기도,용인시,우진양계장,2020-11-30,0.106048304828182,0.0489488767150899,0.1306090840606709
87e871fc94c2db18e26035ecad714860,경기도,용인시,의웅농장,2019-12-31,0.0360815597211925,0.0323951955043235,0.0793381953269994
91f231bfeeafb76c8120c4fa342398d6,경기도,용인시,재복농장,2020-01-31,0.1942467717891653,0.0297659795727908,0.1657996971066104
4e9ef9b2503dbe0c8800847620c6167c,경기도,용인시,재영농장,2021-04-30,0.0173872683182656,0.0301903220192729,0.0339832745385256
351e37b1b2e293c4fbc2d621e5ff4efd,경기도,용인시,점터농장,2021-11-30,0.2383869439487123,0.019926012116882,0.1613309335185256
004300a6d1f2b40eb5fb8e4bd030e3d6,경기도,용인시,정원축산,2019-12-31,0.2804569855013502,0.0175937744426734,0.0699771305578526
46309e11b65eabf6301299e640c27a37,경기도,용인시,종근농장,2021-11-30,0.0873317601070934,0.0288558759005947,0.1473865025088736
739227e30b6d89f88e4e3f9b8fc526b4,경기도,용인시,좋은농장,2021-11-30,0.4302299807961728,0.0362106607041694,0.1472941994609026
242a7823a780edbb17ebde8008e400c4,경기도,용인시,중선농원,2021-07-31,0.0120338404886302,0.0152556593081988,0.0031865875286299
c23d7857f62b310370fb9453615d50da,경기도,용인시,지성농장,2019-12-31,0.2275098740047156,0.0303141687373701,0.2026820212163367
033120db12ab3204c6391650f15c2427,경기도,용인시,진흥농장,2020-04-30,0.0807747353125064,0.0257497727928438,0.0357739821017087
bf2fcae2f012ea5f5c795e1d1af6f1da,경기도,용인시,천하축산,2020-07-31,0.3892553458202601,0.0197621356502937,0.0920933822399186
80def82790d225e0faa1cbd499f733df,경기도,용인시,칠보농장,2021-09-30,0.2022961934473348,0.0316037326950348,0.1588984945337706
683f43c058584aa8759eb17bf2578983,경기도,용인시,평창농장,2021-09-30,0.2472067391370646,0.0123179377139852,0.0431392438567655
7e97e2cf0b2d17e0b44182f72414b8cc,경기도,용인시,평촌오리농장,2021-11-30,0.395360344510463,0.0234380978363388,0.194948373488498
0935c8fa07b31961b1388308640b442a,경기도,용인시,한빛농장,2021-09-30,0.0435562956191617,0.0902821585673206,0.0682757983273761
36384df37f47243113688c99e32673fb,경기도,용인시,한정농장,2019-12-31,0.0769868533278767,0.0291438104380612,0.0353312946470931
ae02fecacadc38d976162e92c28a24d1,경기도,용인시,한창농장,2020-07-31,0.0488635227468019,0.0252128884048636,0.1952278799847162
3d1a8ac31aa1c489a75210eb03fff5ef,경기도,용인시,해동유정란농장,2021-07-31,0.1933420628418751,0.031418165123538,0.2515301666280151
f32e305d5ee4f739ef97d2734142d65a,경기도,용인시,현주농장,2021-07-31,0.004302691995124,0.0401361377273868,0.1088876374694925
062e2a8068d8a4e7469bf5dc57285614,경기도,용인시,혜민농장,2020-06-30,0.0597866984220896,0.0211842734050237,0.2210026950597648
4edf83baae1d050610ad265ef4a89c4d,경기도,용인시,황새울농장,2021-06-30,0.0782354159286401,0.0488399240733145,0.1278880825961727
8d3a72fcc03b682ea955766f732a3198,경기도,용인시,흰돌농장,2019-12-31,0.0407848671931129,0.0300346008248619,0.0867388192742585
71574f627c68c77c3568e2e1602964bd,경기도,이천시,(주)이레농산,2020-04-30,0.1297800654829654,0.0301488922231053,0.2622243157184659
61b82abe6b935f8025d768a89b3920e4,경기도,이천시,경기농장,2020-04-30,0.245777455461183,0.0163891659279498,0.1487564725387856
53852acb3d84e89c889d3c531161ebcf,경기도,이천시,계림농장,2020-11-30,0.1821841779303036,0.0112603675803317,0.1246948599173053
53852acb3d84e89c889d3c531161ebcf,경기도,이천시,계림농장,2020-01-31,0.1821841779303036,0.0112497108016858,0.124838125148539
eb736f47886a6de0e57103bae6341a75,경기도,이천시,광림농원,2021-07-31,0.1552828710496121,0.0251385422685226,0.1404968915226538
01f84c220fe3f25fe7111c83ca3e1db8,경기도,이천시,광주축산,2020-01-31,0.1021210742983955,0.0394969157457964,0.1552658818919211
11254a638657230fda991a1d71f1203d,경기도,이천시,금산농장,2020-06-30,0.1828532945165785,0.0156432440609245,0.0772654536461192
11254a638657230fda991a1d71f1203d,경기도,이천시,금산농장,2020-01-31,0.1828532945165785,0.011720628581408,0.0734701583508712
aee9a1ced79b58a0f0a26c6a7b907a43,경기도,이천시,금철농장,2020-05-31,0.0044508703059965,0.0251982783758049,0.1379614536302123
3e00f4a1974c87c593003ac2329cee50,경기도,이천시,길농원,2020-06-30,0.111384816516422,0.0256490817932532,0.1182104540002034
e17da9871db0b538be4aea4ef508a2df,경기도,이천시,농업회사법인 골드아이 유한회사,2021-07-31,0.0854466949505915,0.0498261291064483,0.2218395739733246
d4f1949f424725d34f8eaa62d7469388,경기도,이천시,농업회사법인 나래 주식회사,2020-05-31,0.1471585504358512,0.0149687485087643,0.1059162005113469
d4f1949f424725d34f8eaa62d7469388,경기도,이천시,농업회사법인 나래 주식회사,2021-07-31,0.1471585504358512,0.0148388018905523,0.1059782062293928
0e251a1f3b97497cc5a7d6bb6942f011,경기도,이천시,농업회사법인 한국양계티에스㈜,2021-11-30,0.3445864591424579,0.0391686643242257,0.1821816923074466
0e251a1f3b97497cc5a7d6bb6942f011,경기도,이천시,농업회사법인 한국양계티에스㈜,2020-05-31,0.3445864591424579,0.0393719141951554,0.1823794690976717
57fb144ade7a96b4346c6c4af8a31963,경기도,이천시,농업회사법인(주)에버그린팜,2021-04-30,0.0586984320209613,0.0451230704013767,0.2007081820922485
57fb144ade7a96b4346c6c4af8a31963,경기도,이천시,농업회사법인(주)에버그린팜,2020-05-31,0.0586984320209613,0.0451077790793684,0.2007472100294418
11c496fe45d7b5797ae4f61228d4b2bc,경기도,이천시,농업회사법인(주)한농 이천지점,2020-06-30,0.0443070175788653,0.0266693184283993,0.2279349360499225
11c496fe45d7b5797ae4f61228d4b2bc,경기도,이천시,농업회사법인(주)한농 이천지점,2020-01-31,0.0443070175788653,0.0266290889943884,0.2278369465213921
4e406b6b3613336334638ee87289e12d,경기도,이천시,농업회사법인조인㈜ 설성지점,2020-01-31,0.0418164790953653,0.0138284786001991,0.0730205896119953
4e406b6b3613336334638ee87289e12d,경기도,이천시,농업회사법인조인㈜ 설성지점,2021-09-30,0.0418164790953653,0.0139970510508758,0.0733267227074366
dca5020cff7b7d845141fbb6f5a1063d,경기도,이천시,늘푸른농장,2021-04-30,0.0072138566415278,0.0298743707481138,0.2469742462940417
dca5020cff7b7d845141fbb6f5a1063d,경기도,이천시,늘푸른농장,2020-01-31,0.0072138566415278,0.0291496238194439,0.2463376643342555
78832902eed79b94a92a65ca6782d870,경기도,이천시,대인농장,2021-04-30,0.5090128486965634,0.0086747452982898,0.1649827170613114
f8f9bcbc58b2ff30964859a232c8a1c0,경기도,이천시,대일농장,2020-01-31,0.0299678981119701,0.0298534965618206,0.2176418047749313
f8f9bcbc58b2ff30964859a232c8a1c0,경기도,이천시,대일농장,2021-11-30,0.0299678981119701,0.0301617263229968,0.2200425903998361
3bd39f979472ab030dbecc1946c7dbfe,경기도,이천시,대풍농장,2020-04-30,0.0634490522693947,0.0253019681202733,0.1405028349257554
3bd39f979472ab030dbecc1946c7dbfe,경기도,이천시,대풍농장,2021-06-30,0.0634490522693947,0.025298035980342,0.1406659591765378
58c064818f029c179221d595b7473687,경기도,이천시,대흥농장,2021-04-30,0.0243122184070283,0.016585206265053,0.1514851365661417
8de0933fbc319770579f637257e06242,경기도,이천시,덕기농장,2020-06-30,0.0920653175101278,0.0167413582897853,0.0627180561868538
8de0933fbc319770579f637257e06242,경기도,이천시,덕기농장,2020-04-30,0.0920653175101278,0.0167360957030962,0.0625844251099684
0b116cfb3408682f3ba13531f51e6dea,경기도,이천시,도봉농장,2021-11-30,0.2919721964991758,0.023221046281886,0.2003711464585048
0b116cfb3408682f3ba13531f51e6dea,경기도,이천시,도봉농장,2020-01-31,0.2919721964991758,0.0234054261452224,0.200490104821888
11de08c011c6560422c181cfdaff04a7,경기도,이천시,도춘농장,2020-05-31,0.2347103214378854,0.0518241704507495,0.1521684136939517
11de08c011c6560422c181cfdaff04a7,경기도,이천시,도춘농장,2020-07-31,0.2347103214378854,0.0509050146730809,0.1473547588332092
4f1873c654dfc3f218b7956b9b453aa3,경기도,이천시,동원양계장,2020-05-31,0.1094757423752579,0.0547175101650423,0.2181579016013988
4f1873c654dfc3f218b7956b9b453aa3,경기도,이천시,동원양계장,2020-06-30,0.1094757423752579,0.0547210846870976,0.2187816494375395
4c8010b6ffda741c1642e88fe5253190,경기도,이천시,동원종계장,2021-09-30,0.1116844239400498,0.0218747232809632,0.2023417333767979
e4100f8a636a2740403ed98fabac4e00,경기도,이천시,명성농장,2020-04-30,0.0148564897147406,0.024032935917186,0.112936442473711
e4100f8a636a2740403ed98fabac4e00,경기도,이천시,명성농장,2021-04-30,0.0148564897147406,0.0242559653314341,0.1136434926447446
00188e62c2139c52dd0ff5ef90db48b8,경기도,이천시,미래농장,2020-11-30,0.2079534287003122,0.0487291245806215,0.2191441591612945
6922dd010fbdc040b30bb108ef461f19,경기도,이천시,미래양계장,2020-05-31,0.0335605117672106,0.0492894286608785,0.2260132447585938
6922dd010fbdc040b30bb108ef461f19,경기도,이천시,미래양계장,2020-07-31,0.0335605117672106,0.0492623034584068,0.2257235166111023
d4c1ee12dbbe54558b34a2876f701f41,경기도,이천시,봉하농장,2021-07-31,0.3434462435340474,0.0087660533800463,0.104256000957159
81af8a006e4d14f74a655ef49d9df751,경기도,이천시,부영농장,2020-05-31,0.0864778349836603,0.0183293646282747,0.0802241459640975
a3065b9406e5667f8b0b7931dcb23811,경기도,이천시,부일농장,2020-07-31,0.1714169874079208,0.0279280221240069,0.1466899604214592
a3065b9406e5667f8b0b7931dcb23811,경기도,이천시,부일농장,2020-01-31,0.1714169874079208,0.028213479153097,0.1481802624074379
85cf447d8115b4c28d4c3e681eb23a06,경기도,이천시,비에스팜,2020-06-30,0.5455835835219175,0.0089158329846663,0.1664531928412134
e865c41bd21ee14e43a84a758265e475,경기도,이천시,산성농장,2020-11-30,0.0416027683858193,0.0200005946602057,0.1684504920263732
d160a4ddc5b2fb93e45762a84d4f8518,경기도,이천시,삼진농장,2020-04-30,0.0329689201203176,0.0210513133824314,0.1343678333085314
b5414ff4db10d4e083cb8b6dbd47ca43,경기도,이천시,상봉농장,2020-01-31,0.0444706180978081,0.029175231294023,0.199877998946667
b5414ff4db10d4e083cb8b6dbd47ca43,경기도,이천시,상봉농장,2020-07-31,0.0444706180978081,0.0290403141107453,0.1997797081272044
fca1cd87e9d59a56b8b3a21f7fd37104,경기도,이천시,상지농장농업회사법인주식회사,2020-06-30,0.1541017398580668,0.0161140871207137,0.091945406101742
ff54dc0446723c3ddbfe4d74a1c402cf,경기도,이천시,상진농장,2020-05-31,0.2448939819606193,0.0257261788830288,0.1453502765038776
ff54dc0446723c3ddbfe4d74a1c402cf,경기도,이천시,상진농장,2021-06-30,0.2448939819606193,0.0257210518072557,0.1452962061054618
2f1766c510a823b186dcf8e34b1672a7,경기도,이천시,상현농장(1),2021-11-30,0.4382908623877509,0.0106633982166113,0.1639169777193069
a1058391967af4551748749ced360ee1,경기도,이천시,서경농장,2021-07-31,0.2178055745862486,0.0252525296217384,0.1674428092205666
050f36622b7c81821ac387e6223be852,경기도,이천시,서울종계장,2020-05-31,0.0252448665046281,0.055397396871931,0.2140644764787419
050f36622b7c81821ac387e6223be852,경기도,이천시,서울종계장,2021-06-30,0.0252448665046281,0.055230177367857,0.2127087026533555
f9e7efa9c5b4bdd142868e3a5b3a7147,경기도,이천시,선미농장,2020-01-31,0.0267881783095823,0.028144321877817,0.1895888495143987
f9e7efa9c5b4bdd142868e3a5b3a7147,경기도,이천시,선미농장,2020-11-30,0.0267881783095823,0.0283010097645019,0.1905327610488449
d356ede4e244c4a40b34b97c66094434,경기도,이천시,설성농장,2021-11-30,0.341892797422481,0.0343191304274406,0.1846827844972719
0ac1093a00fc030d8f8a9c9715692958,경기도,이천시,설성양계,2021-04-30,0.2160839109181689,0.023974229369631,0.1428757169488173
0ac1093a00fc030d8f8a9c9715692958,경기도,이천시,설성양계,2020-04-30,0.2160839109181689,0.023913917182498,0.143412921605293
1d72d6e35045f6aa92494d28d743bdbc,경기도,이천시,성대농장,2020-01-31,0.021795752989047,0.026007679904919,0.2328201957807751
1d72d6e35045f6aa92494d28d743bdbc,경기도,이천시,성대농장,2020-11-30,0.021795752989047,0.0261717596704798,0.2312524662933311
35c3210ccbe7b4dd20cad94d2bf70f96,경기도,이천시,성재농장,2021-06-30,0.1089966584536607,0.0258476968850393,0.2200357864746452
5ee46d9b0e054ddc681ebcafcacf2feb,경기도,이천시,성지농장,2020-07-31,0.0072135447300214,0.009842848331705,0.1075440411439619
5ee46d9b0e054ddc681ebcafcacf2feb,경기도,이천시,성지농장,2020-01-31,0.0072135447300214,0.0098449373266114,0.1075512995117867
9083f65df3f8bcde5c44c8f69923b2f6,경기도,이천시,솔잎농장,2020-11-30,0.7150405985792302,0.0153891519794538,0.0822000031203788
9083f65df3f8bcde5c44c8f69923b2f6,경기도,이천시,솔잎농장,2020-05-31,0.7150405985792302,0.0154224904536398,0.0832543497520384
768142cb3c060a5aef0734611eda68de,경기도,이천시,송이농장(1),2020-06-30,0.0145170835036117,0.0200609766386224,0.1908006326401248
768142cb3c060a5aef0734611eda68de,경기도,이천시,송이농장(1),2020-01-31,0.0145170835036117,0.0203831228470528,0.19213608104835
faf0ecdee13f7457eff101c22715312b,경기도,이천시,송이농장(2),2020-04-30,0.0073639785028464,0.0187036046138357,0.18609601944479
faf0ecdee13f7457eff101c22715312b,경기도,이천시,송이농장(2),2021-04-30,0.0073639785028464,0.0193407946640641,0.1884118058972521
93e0a56f7038b54ddde288a050ef8f36,경기도,이천시,송정농장,2021-04-30,0.1291188820946558,0.0309670838171913,0.1803783054760526
93e0a56f7038b54ddde288a050ef8f36,경기도,이천시,송정농장,2020-05-31,0.1291188820946558,0.0324635369906677,0.1779644974872972
b5ef591957af96a443bbcf0447418f12,경기도,이천시,수광농장,2020-01-31,0.0109966711269934,0.0163849421033306,0.1712280773743544
b5ef591957af96a443bbcf0447418f12,경기도,이천시,수광농장,2020-07-31,0.0109966711269934,0.0157264270087114,0.1709761450582257
b735dbe676dc23704e65b77d1a508eea,경기도,이천시,승일농장,2021-07-31,0.1120685502256513,0.0179312742269365,0.0856032562910504
b735dbe676dc23704e65b77d1a508eea,경기도,이천시,승일농장,2020-05-31,0.1120685502256513,0.0180391650828822,0.0862218224381098
a26d13b61a5ca95cbd3e02f7fba7ff1a,경기도,이천시,승희농장,2021-11-30,0.0599645679353745,0.0524775691567822,0.2637102536546615
b037cb28c3efc24e6edbd0a8f8a3c623,경기도,이천시,신가네농장,2020-05-31,0.056219129736245,0.0127861259494896,0.1608107582970687
b037cb28c3efc24e6edbd0a8f8a3c623,경기도,이천시,신가네농장,2020-06-30,0.056219129736245,0.012424732421021,0.1592903271115574
ac67e94cb572abcb758a14e3b5281e1b,경기도,이천시,신영농장,2021-11-30,0.4008904027183964,0.0484408477777674,0.2792812156179906
ec0468fed6a4e3efcdad29401a783f75,경기도,이천시,신혁농장,2020-01-31,0.2729011757688745,0.0254326094326274,0.1313915416195548
ec0468fed6a4e3efcdad29401a783f75,경기도,이천시,신혁농장,2021-11-30,0.2729011757688745,0.0254871671823869,0.1279943419772045
bb90845f4a6124bfabb6c22d097bf0ce,경기도,이천시,신화농장,2020-05-31,5.98018780709562e-05,0.0155801432501808,0.1485551269523886
bb90845f4a6124bfabb6c22d097bf0ce,경기도,이천시,신화농장,2020-11-30,5.98018780709562e-05,0.0155188983387527,0.1481622495194567
e2d6b6eab961ef39e27a90dc13ab5e7a,경기도,이천시,양성농장(2),2020-06-30,0.1903527791961337,0.0308504110034919,0.1564971092529005
e2d6b6eab961ef39e27a90dc13ab5e7a,경기도,이천시,양성농장(2),2020-01-31,0.1903527791961337,0.0309858078923178,0.1568615421227792
972236c6dbf5609d8506bbfda2623a37,경기도,이천시,연암종계,2020-04-30,0.2367364911754068,0.0279916971140018,0.2002815655141378
972236c6dbf5609d8506bbfda2623a37,경기도,이천시,연암종계,2021-06-30,0.2367364911754068,0.028251186069109,0.2022398088274661
655d7e95591dbd0b27093d6272c65c0a,경기도,이천시,오뚜기농장,2020-05-31,0.1389324712258701,0.0124752921447213,0.1483826094856535
655d7e95591dbd0b27093d6272c65c0a,경기도,이천시,오뚜기농장,2021-06-30,0.1389324712258701,0.012503516738084,0.1485558002301855
df7645ba1ed3bbe53d11eca237c5e0a6,경기도,이천시,오성꿩농장,2020-01-31,0.1187581024945435,0.0261887494241536,0.1402220601363779
df7645ba1ed3bbe53d11eca237c5e0a6,경기도,이천시,오성꿩농장,2021-06-30,0.1187581024945435,0.0259515040825074,0.1394979694905617
298eba62198c3e4aa0c44b581198c116,경기도,이천시,오천농장,2021-07-31,0.0845731943430259,0.0180548849733149,0.079593251840754
1a52e37c96342fb67a0547a2d5a6a48e,경기도,이천시,온누리농장,2020-07-31,0.0765860532369568,0.0265956145494473,0.1515798678601802
1a52e37c96342fb67a0547a2d5a6a48e,경기도,이천시,온누리농장,2020-04-30,0.0765860532369568,0.0266033193631561,0.1517850749483833
54af407c5cadbc77721e5aa4bbc180cd,경기도,이천시,온새미로농원,2021-07-31,0.373113026023823,0.0264674151338664,0.1516937765150973
54af407c5cadbc77721e5aa4bbc180cd,경기도,이천시,온새미로농원,2020-04-30,0.373113026023823,0.0264676998941052,0.1517438765169393
aced73934c762966829c603c2eeed98d,경기도,이천시,용수농장(1),2021-09-30,0.0533990876451443,0.0291339236892697,0.1765463497458507
aced73934c762966829c603c2eeed98d,경기도,이천시,용수농장(1),2020-04-30,0.0533990876451443,0.0291765642381253,0.1767671197579423
614c3604115d7947001d41746f5fd45a,경기도,이천시,용수농장(2),2021-06-30,0.1398017050556941,0.0230462437203366,0.1288469597513303
8acdd10d52a48489dda69106e6ae9576,경기도,이천시,용진농장,2020-11-30,0.1634950275000314,0.0242439273156897,0.1431266103235321
8acdd10d52a48489dda69106e6ae9576,경기도,이천시,용진농장,2020-01-31,0.1634950275000314,0.0241778905588495,0.1427691067222941
79750d246a564a4f4aed8e91b718ea74,경기도,이천시,우리숲,2020-01-31,0.0915721368433341,0.0211585361849503,0.1696805941570267
3a3f3f6c3c4a7616e2d6b5df6dfc9b2e,경기도,이천시,우리축산,2021-07-31,0.2165671929449262,0.0112499868777882,0.1266352294879116
3a3f3f6c3c4a7616e2d6b5df6dfc9b2e,경기도,이천시,우리축산,2020-01-31,0.2165671929449262,0.0110795434907283,0.1253523192152865
8a094cbabc3f97cecbacf77b97a7e3e8,경기도,이천시,우미농장,2021-11-30,0.0369378275064399,0.0384066942354863,0.2300248005655163
340b54c8261184fc78d75d7d78994fc3,경기도,이천시,우미농장,2021-11-30,0.0520733684621126,0.0327413644192745,0.199868617319279
8a094cbabc3f97cecbacf77b97a7e3e8,경기도,이천시,우미농장,2020-05-31,0.0369378275064399,0.038282345791237,0.2281593734411394
29fe1a9114f0f08a232e05c474735b05,경기도,이천시,우화농장,2020-05-31,0.3041461684377657,0.0417377801288783,0.1335741828699377
29fe1a9114f0f08a232e05c474735b05,경기도,이천시,우화농장,2021-06-30,0.3041461684377657,0.0445254315810254,0.1427652615295532
2e34127481447bb985d6480fafaec6d3,경기도,이천시,원두농장,2021-11-30,0.1218037405231153,0.0271187167184454,0.2464030357257751
2e34127481447bb985d6480fafaec6d3,경기도,이천시,원두농장,2020-05-31,0.1218037405231153,0.0263468430851035,0.2433253522465044
156e1cb16d74c60a03c3700c46ab3e42,경기도,이천시,원호농장(1),2020-04-30,0.0366175906451154,0.0260770731895913,0.2025016426401602
156e1cb16d74c60a03c3700c46ab3e42,경기도,이천시,원호농장(1),2021-07-31,0.0366175906451154,0.0260434693454312,0.2023604235955854
980e2192d8f28e9091c4d373d775cba7,경기도,이천시,원호농장(2),2021-06-30,0.0234700014619006,0.0281547819970155,0.2251481570918998
980e2192d8f28e9091c4d373d775cba7,경기도,이천시,원호농장(2),2020-04-30,0.0234700014619006,0.0280903244633299,0.2251107981710572
6f4adacee7ce7e281e94b30b46386955,경기도,이천시,월포농장,2020-01-31,0.0646838036132525,0.0398817331186079,0.1880006955643357
29740ccb3f1012eb4a3bedc1eac945dc,경기도,이천시,유경농장,2021-04-30,0.1800995526260427,0.0250562389471426,0.1471767258291525
29740ccb3f1012eb4a3bedc1eac945dc,경기도,이천시,유경농장,2020-04-30,0.1800995526260427,0.0250971861034844,0.1473067881267346
af252bea24a9f83992eb57cbc52230b8,경기도,이천시,유천농장,2020-06-30,0.2627571298292077,0.0097502598677842,0.0581594744100656
af252bea24a9f83992eb57cbc52230b8,경기도,이천시,유천농장,2020-01-31,0.2627571298292077,0.0097417797776033,0.0587881359922274
62179ee0f7c61abe32c712828d0e8c10,경기도,이천시,이동종계장,2021-06-30,0.1046154894742805,0.0192644886343724,0.187522820019421
a6f57a4149eedc561a8aa4fc319aafcc,경기도,이천시,이천농장,2021-11-30,0.0872544060378779,0.0351995974892114,0.2445766436612251
39d4932d95752a5f8edd4c823bdef219,경기도,이천시,이천농장,2021-11-30,0.0835819077353805,0.0278618784745981,0.2301457541735559
707cb0333fcbf0b5e1c03f7197ab45c0,경기도,이천시,이천농장,2021-09-30,0.334123483257623,0.0267454250492107,0.1029162714716986
39d4932d95752a5f8edd4c823bdef219,경기도,이천시,이천농장,2020-05-31,0.0835819077353805,0.0279568974012408,0.2304531042828006
a6f57a4149eedc561a8aa4fc319aafcc,경기도,이천시,이천농장,2020-05-31,0.0872544060378779,0.0354426694403488,0.2450309084721997
39d4932d95752a5f8edd4c823bdef219,경기도,이천시,이천농장,2021-04-30,0.0835819077353805,0.0283016962216419,0.2307200109824773
7430692ef75cc47456c22bd6be40ac99,경기도,이천시,인광농장,2020-05-31,0.1501517553400229,0.0312434665796741,0.2590638397248098
7430692ef75cc47456c22bd6be40ac99,경기도,이천시,인광농장,2021-04-30,0.1501517553400229,0.0312240406381681,0.2587025604664958
c86996de75d05292e7057c8ed29f453c,경기도,이천시,자연애팜,2020-05-31,0.3334560075821018,0.0119853743903433,0.1664379678245882
c86996de75d05292e7057c8ed29f453c,경기도,이천시,자연애팜,2021-09-30,0.3334560075821018,0.0122461988011301,0.1674919913003815
36dd9a872f786e9223fb2b892ee76179,경기도,이천시,장군농장,2021-06-30,0.0,0.0461867303016676,0.220228623992484
c5500f4f1944fd5000905c37d3bd88b4,경기도,이천시,장능농장,2020-05-31,0.2433490112839129,0.0346204787544953,0.1849385938390802
c5500f4f1944fd5000905c37d3bd88b4,경기도,이천시,장능농장,2021-11-30,0.2433490112839129,0.0353656083470684,0.1875155814144807
86963667d966be25691e97508c478c2e,경기도,이천시,장평농장,2020-07-31,0.1061190640791259,0.033089104121,0.2256924259743629
86963667d966be25691e97508c478c2e,경기도,이천시,장평농장,2020-04-30,0.1061190640791259,0.0329999592732356,0.2251576298068238
0081eaae8f56b41548194101ec60cb99,경기도,이천시,정기농장,2020-01-31,0.1394196526298621,0.0424509779777555,0.2421986960548145
0081eaae8f56b41548194101ec60cb99,경기도,이천시,정기농장,2021-07-31,0.1394196526298621,0.0427531035214003,0.2423777703594496
ed7d8d044e1f01111309d8412dbb2cdb,경기도,이천시,정성농장,2020-05-31,0.0248280729812261,0.0500263993867928,0.3252549106985564
ed7d8d044e1f01111309d8412dbb2cdb,경기도,이천시,정성농장,2021-06-30,0.0248280729812261,0.0500602007337424,0.3248740051458073
d9d17a3df3c91742de7b9554a7101a8a,경기도,이천시,창대농장,2021-07-31,0.0889072810836224,0.0565996833986889,0.2386233905547586
1f215ed27c1c1d382616218c7687159f,경기도,이천시,천왕농원,2020-07-31,0.0915721368433341,0.0211849021139973,0.169963239673151
1f215ed27c1c1d382616218c7687159f,경기도,이천시,천왕농원,2020-05-31,0.0915721368433341,0.0211585361849503,0.1696805941570267
503e9aa3f520b085b9b6cfd72433c3e9,경기도,이천시,천하축산,2020-04-30,0.0771431973389484,0.0533249758890152,0.2140061209031002
503e9aa3f520b085b9b6cfd72433c3e9,경기도,이천시,천하축산,2021-09-30,0.0771431973389484,0.0531875698174059,0.2161972073707712
503e9aa3f520b085b9b6cfd72433c3e9,경기도,이천시,천하축산,2020-07-31,0.0771431973389484,0.0529918939120964,0.2135566147998284
e9a4614a719056f51a4a0e8a9020f8cb,경기도,이천시,청리농장,2021-11-30,0.4106090864448772,0.0098301848127603,0.0609541415925835
fee547bfa45295027d7b978a80b40bc9,경기도,이천시,춘하농장,2020-06-30,0.0099860868476216,0.0179595513245964,0.1448250938830307
579784c08a899aac132b4bd3f63a2f34,경기도,이천시,크로바농장,2021-11-30,0.1458467534730891,0.0522219900853237,0.2219165970578137
579784c08a899aac132b4bd3f63a2f34,경기도,이천시,크로바농장,2020-05-31,0.1458467534730891,0.0511819546572467,0.2211974576791823
cfed9413ccf2ed094deea9f078463446,경기도,이천시,풍계농장,2020-01-31,0.1981798780296159,0.0336228308076198,0.1610966376831465
7910464d208c96682f1f0098c13ad366,경기도,이천시,풍한농장,2021-06-30,0.2825521535353131,0.0235254076801774,0.1859887271162044
7910464d208c96682f1f0098c13ad366,경기도,이천시,풍한농장,2020-01-31,0.2825521535353131,0.0231151518786015,0.1801559867149464
ea243436342433f536256d9236b242fb,경기도,이천시,한누리농장,2021-11-30,0.325180966167473,0.0328175543739666,0.2107972673922614
ea243436342433f536256d9236b242fb,경기도,이천시,한누리농장,2020-04-30,0.325180966167473,0.032905154045724,0.2116642465040301
a7da1f6b4fedf5f158c89d80226141ee,경기도,이천시,한마음농장,2021-06-30,0.0235189090365745,0.0440522383345624,0.1867439499252355
8339719c278f677da382df982941d13e,경기도,이천시,한신종계장,2020-11-30,0.1855698147132449,0.0104125193004788,0.1169362140986126
84dea8c5e284b5c8dfdfdcbb6f2ed8b6,경기도,이천시,호현농장,2021-07-31,0.0663264188684951,0.053292678524882,0.2173910744328007
84dea8c5e284b5c8dfdfdcbb6f2ed8b6,경기도,이천시,호현농장,2020-06-30,0.0663264188684951,0.0532932127347746,0.2173127109830638
814594930381e60f5aa52243d2cad5eb,경기도,이천시,희망축산,2020-06-30,0.2550153391235968,0.0231622089520277,0.213577279780688
814594930381e60f5aa52243d2cad5eb,경기도,이천시,희망축산,2020-05-31,0.2550153391235968,0.0231286621345554,0.2135534318458618
7f333df6fdda249b4eccf86cf0484c8f,경기도,파주시,-,2018-03-14,0.0393333949440528,0.0099949979948055,0.027480399682204
46395cc895ba2edcea0c02c3881f8f54,경기도,파주시,강현농장,2018-04-30,8.761028323923622,0.0,0.0
bea51666810b75c42c71249f983c12fc,경기도,파주시,교하농장,2018-03-14,3.8887818361358417,0.0,0.0
0e347f193daad4bb75f1a4e7bcd62619,경기도,파주시,금양농장,2018-03-14,2.520271953372256,0.000584680324768,0.0016726339841481
5f615499a42829ad2ea8b1dfc02e7738,경기도,파주시,길농장,2018-04-30,3.181230926050551,0.0,0.0
2be86350cd4769632065a18bc412afc3,경기도,파주시,당하리농장,2018-04-30,2.527377052151964,0.0063846054966808,0.0056692876253272
74d722601d2e48981072f6459213dfcd,경기도,파주시,대길농장,2018-03-14,3.1797956309653697,0.0,0.0
c700911d45f827ef56bc575c98407e78,경기도,파주시,대능축산,2018-04-30,0.4675423910785048,0.0187731155426526,0.0126259495179485
6eaebed32c1c60b7b19a46e1481d2f3b,경기도,파주시,대명농장,2018-03-14,2.7416760776576954,0.0011912459803973,0.00034342737307
216f5c5d2d32d82844536a65ec7ee5df,경기도,파주시,대성농장,2018-03-14,0.0275065696351745,0.0214617613187632,0.0147505721130102
74fcd8e038ea3f26b6d89dc98173d445,경기도,파주시,두리농장,2018-04-30,9.341940190177532,0.0,0.0
01a460375a03a0df0e08e7c5fec1ee1d,경기도,파주시,밤골농장,2018-04-30,7.320948287541189,0.0,0.0
c524012c76fa7733d4f5a62ba5aa0391,경기도,파주시,베드로농장,2018-04-30,9.293157548157248,0.0,0.0
c6027921c23d4f4a1e8b43116e1340a5,경기도,파주시,부곡양계장,2018-03-14,0.6258096220780454,0.0105620700355024,0.0463594613858567
e1c3c910313a6d344d7c02efe1770145,경기도,파주시,삼도농장,2018-04-30,9.872544423765628,0.0,0.0
3681969177e0b49a4e126aaeec065e7e,경기도,파주시,석태농장,2018-04-30,8.604788771194885,0.0,0.0
b7536d075bdecf136217db4a98c12bdc,경기도,파주시,수영농장,2018-03-14,2.198340270661621,0.0010611729137785,0.0002464314366265
dbba892edd2768101e164d1050c39ce2,경기도,파주시,수영농장,2018-04-30,4.796631706359975,0.0,0.0
5015e83292a02cea406fbb58092f1375,경기도,파주시,신한농장,2018-03-14,3.270552331404859,0.0,0.0
098a2e172e18b5a5c035e9a9c6f7c7b7,경기도,파주시,양호농장,2018-04-30,0.1126679996507497,0.0202746210222078,0.0592003718512842
95d3351b3e639fcd12f41f07d08a9d1a,경기도,파주시,오복농장,2018-04-30,0.041489056488372,0.0206090737393276,0.0575046979754765
826a72bdc78f30edc29485c323b249ff,경기도,파주시,원투쓰리농장,2018-03-14,2.070494188902091,0.0003506275485252,7.47426595264065e-05
25deef87f97704f6e018a17a08f4c6aa,경기도,파주시,월롱축산,2018-03-14,1.4635015231864783,0.0066308861288497,0.02822348963563
5fdd0cfddb1fd097bca0ade7c7d5bc9b,경기도,파주시,이삭농장,2018-04-30,3.017049817190976,0.0,0.0
ac21f216bb2ac4279325b50e072cea5b,경기도,파주시,이천농장,2018-04-30,2.883475749941464,2.620116662438627e-05,0.0002293110687822
3972f2c8e0552af605c80b2a62da4363,경기도,파주시,이천농장,2018-04-30,2.848651243551251,2.620116662438627e-05,0.0002271284831017
67625e0783739b1c3174d2022ae401b9,경기도,파주시,이화농장,2018-03-14,0.3040344629404914,0.0045021503064421,0.02301427953809
82887f4ff4230180d99563f5bdad6fa0,경기도,파주시,일신농장,2018-03-14,3.6381902366901633,0.0,0.0005440303513636
36b1c47c7785892c5ef65a77e0ad9730,경기도,파주시,자연농장,2018-03-14,0.1524564681470646,0.0281125878069609,0.0406060021791396
c4b8dbc8337de6d93326323be5695610,경기도,파주시,재림농장,2018-03-14,2.7681967832516112,2.620116662438627e-05,0.0001711823305538
913052e2c141efcb73857247700f4c88,경기도,파주시,정일농장,2018-03-14,4.263652221533852,0.0,0.0
f944a1ed9b64fdf3283130a8d5a60917,경기도,파주시,청암목장,2018-04-30,8.266168224857282,0.0,0.0
3af0681277010f7d840754ce18381183,경기도,파주시,칠성농장,2018-03-14,0.0043874271458656,0.0102782423694411,0.0252004806386262
2732068de1f89b87ddd767a7d95dff46,경기도,파주시,파랑새농장,2018-04-30,12.097691648983288,0.0,0.0
9b67912ddb31e12b0ede2b25a6e54d05,경기도,파주시,하마농장,2018-03-14,8.159855998571706,0.0,0.0
989b92f84c57379aa98dec534371d791,경기도,파주시,해피농장,2018-04-30,3.604998750223166,0.0,0.0
2332c11ba34ced4b1071bf78233ce40f,경기도,파주시,행복농장,2018-03-14,8.417993652076696,0.0,0.0
72dc21a4ed18c38638c080b9e153dd4b,경기도,파주시,형제농장,2018-03-14,6.475386347023798,0.0,0.0
e1a48aec3a50679f9295703c4fbcc44a,경기도,파주시,환희농장,2018-03-14,8.312373914188877,0.0,0.0
f2777f63d9f88d64749926b1c3d63415,경기도,파주시,희망농장,2018-03-14,0.1753358839633381,0.0229699182656082,0.0613636501717113
a8fff9969480b2121638a4dfc4d37d66,경기도,파주시,B농장,2021-11-30,9.872542584976705,0.0,0.0
e2406fdb6030f1d154b82507d13a44bb,경기도,파주시,DMZ황금알농장,2021-07-31,9.11539919707301,0.0,0.0
27605fe637949a075ea8fd47ffb70eb0,경기도,파주시,JC농장,2021-04-30,0.0181873440334355,0.0086302901264844,0.0106789238880358
016251e047267c6a79207dcae8b24637,경기도,파주시,가월농장,2021-04-30,5.3788025344964225,0.0,0.0
503ab50229230b7418f5d95d700d689a,경기도,파주시,가월농장,2021-07-31,5.4470705831421675,0.0,0.0
77350ab6b65c7a3d23b23ae1416690dd,경기도,파주시,가월농장,2020-01-31,5.380046903494703,0.0,0.0
c6930cc1747835ed5c2464788ba5d14b,경기도,파주시,갈현목장,2021-11-30,6.3861615867700205,0.0,0.0
4a083f0d4280446a0c26c5b1488e6dcd,경기도,파주시,강치영,2021-07-31,5.765828061759793,0.0,0.0
05c8901c07b79525d4d2984a5d89abbe,경기도,파주시,강현농장,2021-09-30,8.756291673224212,0.0,0.0
46395cc895ba2edcea0c02c3881f8f54,경기도,파주시,강현농장,2020-04-30,8.761028323923622,0.0,0.0
fba6efc2d5cb15bdf4337394f6c28867,경기도,파주시,강현농장,2020-11-30,8.756291673224212,0.0,0.0
02b70d672a44b19001a43316ba158b74,경기도,파주시,고령농원,2021-07-31,0.1811099462006035,0.0193088095947204,0.0150924074108303
1fd743273fca325d3aef313eed0f0a46,경기도,파주시,고창농장,2020-04-30,0.3684463308231028,0.0426470287782827,0.1142438483238735
c0ef350c429d40b1b28526c7f14e8952,경기도,파주시,고창농장,2020-11-30,0.3653781679696531,0.0426469841305751,0.1142436884923908
97a837672ff410b119e5ece54f029d7f,경기도,파주시,구구농장,2021-07-31,2.543225636861805,0.0005799532651249,5.377831995121321e-07
09f8af486c1602ad3140b1dac1401c91,경기도,파주시,구구농장,2020-11-30,2.543225636861805,0.0005799532651249,5.377831995121321e-07
8eee2889cd2450f9f52bfb7961de006e,경기도,파주시,구구파평농장,2021-04-30,8.07588435542992,0.0,0.0
3c70d4d4ecaecfcc13a87ddd19ee19e6,경기도,파주시,구자화농장,2020-06-30,2.629372587129198,0.0021274183588957,0.0027918979075312
c048ae41b982be5ccde67ca9e987af7f,경기도,파주시,궂모닝농장,2021-04-30,2.64347096438641,0.0013252249535607,0.0019974286486538
14c0c9677fc2ed87ca2d5405bf5099da,경기도,파주시,권혁길,2021-09-30,9.110728256061194,0.0,0.0
df1fce2c8069a899dffabba97b2fa9bb,경기도,파주시,기선도,2021-07-31,6.306911643483773,0.0,0.0
5f615499a42829ad2ea8b1dfc02e7738,경기도,파주시,길농장,2020-06-30,3.181230926050551,0.0,0.0
736aae4631ce80e478d6e4a63f618c1f,경기도,파주시,김갑석,2021-09-30,3.734386722254074,0.0,0.0
b7bb2a7160946611f6f5a45be444213d,경기도,파주시,김강태,2021-09-30,0.4328722076366507,0.0215096374347868,0.0660884223583155
d0439ee766c5f6da35aea7dd2c4819f1,경기도,파주시,김경수,2021-09-30,0.0197948404897831,0.010030801354572,0.0195014043806639
e34b488359243eb24909e26cede24a40,경기도,파주시,김경회,2021-09-30,1.1716678688337303,0.0035056528981395,0.0009920736704668
bff418ead707c4bc9f31a8e4e0865dcc,경기도,파주시,김관영,2021-07-31,0.0260235305565229,0.0099352009939922,0.0196614115760259
8ae849951e80314d5335bc94670d6943,경기도,파주시,김광연,2021-07-31,5.912765639549066,0.0,0.0
ee5c453e84c323317a79638fddf12261,경기도,파주시,김광일,2021-11-30,3.2968753453027873,0.0,0.0
6d8f24f69ea0ae04dd4f659c9ac05800,경기도,파주시,김광철,2021-07-31,7.431946806795633,0.0,0.0
ec6d83429541860372b72a020fc701ab,경기도,파주시,김광호,2021-11-30,1.946724807140804,0.0027633124138235,0.0010527554056686
ec6d83429541860372b72a020fc701ab,경기도,파주시,김광호,2021-09-30,1.946724807140804,0.0027633124138235,0.0010527554056686
7440e03dca014787740c8f68a948ea19,경기도,파주시,김남철,2021-09-30,10.562914643796123,0.0,0.0
3a3a3f7baffcd7b32ea010f84330359e,경기도,파주시,김덕수,2021-09-30,8.568232136024609,0.0,0.0
69b7e4a1732e2fdaec780a51251a881b,경기도,파주시,김동련,2021-11-30,18.50587558163828,0.0,0.0
86369957664b6abbfe244946fff69adf,경기도,파주시,김명숙,2021-07-31,0.0538485973886833,0.0277463772485472,0.0314442740377123
5c1224a5f65e3367cc07c7875d1fe44d,경기도,파주시,김병환,2021-11-30,3.2326236744071175,0.0,0.0
668343960dfb2d49625a796354954a89,경기도,파주시,김복경,2021-11-30,2.1066205407189513,0.0003506275485252,7.474089676067258e-05
085ba5c18db78d897bcae9d764aa367e,경기도,파주시,김성택,2021-07-31,0.1470793706522551,0.0203379070110876,0.0600319487715071
f3133b89a411db97e64c2e2e66eae413,경기도,파주시,김영순,2021-07-31,0.6915553885816937,0.0078789708887796,0.0101341823483134
1cfeeb67c2cf588f1e717609b7043839,경기도,파주시,김영신,2021-07-31,5.208697542509407,0.0,0.0
dc9ba4265cb055ad0767f1fcaa5b883b,경기도,파주시,김예환,2021-07-31,4.518692960781387,0.0,0.0
dc9ba4265cb055ad0767f1fcaa5b883b,경기도,파주시,김예환,2021-07-31,4.518692960781387,0.0,0.0
f6e7307dbc0f8fee64b4cf2c595074ef,경기도,파주시,김웅태,2021-07-31,9.138149003607872,0.0,0.0
82181b4657f24f54b9b463bd196024a8,경기도,파주시,김의수,2021-11-30,0.1205687798845362,0.0280341856623467,0.0404744744338564
6c78acaace957e9f2d5c12d82fb48704,경기도,파주시,김재성,2021-09-30,3.879073888489399,0.0,0.0
6c78acaace957e9f2d5c12d82fb48704,경기도,파주시,김재성,2021-09-30,3.879073888489399,0.0,0.0
fc698dce5960ddc56253d0ce02d19262,경기도,파주시,김정덕,2021-09-30,7.297658258495931,0.0,0.0
a6435425401457a2ffc29e619f64aebc,경기도,파주시,김정호,2021-07-31,3.129843907693646,0.0,0.0
a9796fa1b2311604291d230e45744225,경기도,파주시,김정호,2021-09-30,9.657895962732194,0.0,0.0
45cd75e37295cc7bd95d1a277e6fdc4c,경기도,파주시,김종만,2021-11-30,0.0941529833394203,0.0278772774455509,0.0403436891516078
e1f586f2432e3743fdf247d9392e5811,경기도,파주시,김주경,2021-07-31,3.277901510530166,0.0,0.0
ba0446b3ce9f58104953b4af77ee1c9b,경기도,파주시,김진호,2021-11-30,0.0206530523002988,0.0248311527082227,0.0386538371891931
0f6d05211fe9be6dc2de37a906c27a19,경기도,파주시,김철중,2021-11-30,0.1511366978230701,0.0270106534337681,0.0421631995821246
ff37e73d5de66b5a6eebcb300121f2d6,경기도,파주시,김형찬,2021-07-31,8.495487001445877,0.0,0.0
ea522ec0212c8a25d2e4021577e49e9c,경기도,파주시,김흥태,2021-09-30,0.0086318528753735,0.0068740879746593,0.020422780599739
1c3bbc99372fda8f728a641f5da78bc5,경기도,파주시,꼬꼬농장,2021-09-30,15.893338257716184,0.0,0.0
2b129894843dd6d65cd0dfdc6c475573,경기도,파주시,꼬끼촌,2021-09-30,3.0781290580708434,0.0,0.0
7499cc05a428398ba863af4e352c0394,경기도,파주시,꼬끼촌,2020-07-31,3.077995075753665,0.0,0.0
5621d7238e4a0b5983c18f9b19bdd51a,경기도,파주시,꼬끼촌,2021-06-30,3.0781290580708434,0.0,0.0
265062d91754abb41b52382d1e70c2c3,경기도,파주시,나눔농장,2021-07-31,4.608828855517331,0.0,0.0
265062d91754abb41b52382d1e70c2c3,경기도,파주시,나눔농장,2021-11-30,4.608828855517331,0.0,0.0
f81fd1645efd1e59ec16d850b802f9ce,경기도,파주시,남이석,2021-09-30,3.161991250379654,0.0,0.0
b89f73a421961e4268b25c5f0673fd8f,경기도,파주시,내순희,2021-11-30,4.7580225136722705,0.0,0.0
e5db2ce65ed1f1a3bdcb41f1e7df772c,경기도,파주시,노상현,2021-11-30,0.0163761962290217,0.0263999290542262,0.0382124541767028
346beed09ecac8b0f806504b37d88f63,경기도,파주시,노순심,2021-11-30,10.421550304976456,0.0,0.0
8c492007e6346060d2768645e00996c4,경기도,파주시,노재영부곡양계장,2021-11-30,0.5978760309402338,0.0105871070385441,0.0464687073673928
3e53850b7096cc386c5d162ec158e520,경기도,파주시,노재영부곡양계장,2021-06-30,0.5978760309402338,0.0105871070385441,0.0464687073673928
97882001462dfe77bf9d770b19ef9275,경기도,파주시,노창호,2021-09-30,0.1710712465796009,0.019561421095376,0.0116004549626741
97882001462dfe77bf9d770b19ef9275,경기도,파주시,노창호,2021-11-30,0.1710712465796009,0.019561421095376,0.0116004549626741
d6114f44481e2340ccbb309df7aa237e,경기도,파주시,노현호,2021-09-30,5.69621246696483,0.0,0.0
c60c24ef01effc3ef46de7cde42d8835,경기도,파주시,느림보농장,2021-07-31,3.7250933543672615,0.0,0.0
30cbdbf3117094fa34c3a8dd2a6ca102,경기도,파주시,늘푸른청계농원,2021-04-30,5.65595563142429,0.0,0.0
a07e4e40cc7425218164f1a630e09f74,경기도,파주시,늘푸른청계농원,2021-07-31,5.634856712745536,0.0,0.0
8a29040eb809c472881572ab71bbe691,경기도,파주시,담안농장,2020-11-30,3.540908549958404,0.0,0.0
53c678c0571285a528c50cfa919d94e7,경기도,파주시,당하리 농장,2021-11-30,2.5273788929736347,0.0063846262114363,0.0056694038280882
e23ea08822cb69b86ba9baf0e87d3b1e,경기도,파주시,당하리농장,2020-11-30,2.5273788929736347,0.0063846262114363,0.0056694038280882
aff1e87e6620c4af5c6e0a15da2951d3,경기도,파주시,대능축산,2021-04-30,0.4637321237103017,0.0187374612031064,0.0126259495179485
955a9ff5c0d9902e54cc90dac628bd7b,경기도,파주시,대명농장,2021-04-30,1.8763924071205236,0.0003506275485252,0.0004356874507846
e861a62b553f9eea2863afc3526d7fd5,경기도,파주시,대명농장,2020-01-31,2.8686550155457353,0.0001981379839351,3.7951988460903457e-05
fc1960112e7b94f362174e013fbca76a,경기도,파주시,대원농장,2021-09-30,0.0425928705199648,0.0374963901764038,0.0940235660730651
d773bc94f887f14531d81a69c8a60ce9,경기도,파주시,대한농원,2021-04-30,5.659259287543823,0.0,0.0
81cec1b4f423b42bd99fcc76f3b14d13,경기도,파주시,대한농원,2021-11-30,5.659259287543823,0.0,0.0
d7b531bbd9dbe0c107950bda103989ee,경기도,파주시,대한농장,2021-04-30,3.883614246862477,0.0,0.0
f6f612c0b3bd9de49cf2b43a1178226e,경기도,파주시,대한농장,2021-09-30,3.864497118101883,0.0,0.0
66f89381d9eed3a6e545e8f3508d1a7c,경기도,파주시,덕동양계,2021-09-30,0.013070184065188,0.0100261240570227,0.027614582996
592ad49159e16c4c671895844a21e5c2,경기도,파주시,덕동양계,2021-04-30,0.0393362853003492,0.0099950004287587,0.0274804297098791
b07b39c3161971edc67f218d43e174cf,경기도,파주시,덕일농장,2021-06-30,4.187237090105468,0.0,0.0
eda1c44b458ba3be417208f0a518d0aa,경기도,파주시,덕일농장,2021-07-31,4.187237090105468,0.0,0.0
eda1c44b458ba3be417208f0a518d0aa,경기도,파주시,덕일농장,2021-11-30,4.187237090105468,0.0,0.0
99cf9f150f93c7ccc3d9f4be30a54c25,경기도,파주시,동두천,2021-11-30,3.4395534112482764,0.0,0.0
6c0cf31f4ad374662ad387618ec0d1b1,경기도,파주시,두리농장,2021-04-30,9.301679042128434,0.0,0.0
fcbfe63ea339fd3ab393409451757357,경기도,파주시,마정토종닭,2020-04-30,10.557358484031491,0.0,0.0
7e0d03b39e29dc44c14e75d2173fb5d9,경기도,파주시,만년,2021-11-30,3.4688997897381766,0.0,0.0
b54b1878120deeffb9dea09651dd4f40,경기도,파주시,맹백주,2021-07-31,0.3271031748270961,0.0186026535011126,0.0109805201821086
07d0fd711b6cf32f11b257057b2536a1,경기도,파주시,목일균,2021-07-31,1.1170034525538175,0.006942020145302,0.0092726214271262
75f7017ed892a754cb9c4d26dfbe19ad,경기도,파주시,목진혁,2021-07-31,1.7638711105216185,0.0017270311600754,0.0002464314366265
75f7017ed892a754cb9c4d26dfbe19ad,경기도,파주시,목진혁,2021-09-30,1.7638711105216185,0.0017270311600754,0.0002464314366265
0619a7c427cec87797519cb91097dcd5,경기도,파주시,문산농장,2021-06-30,8.427467786670135,0.0,0.0
b90b3c0c491fa741d7ee9e502680a138,경기도,파주시,문홍섭,2021-07-31,1.6042194185244438,0.0055380399309751,0.0070566486157893
0875781e9bc643670f323f7d12953a21,경기도,파주시,문희준,2021-07-31,7.539200202783917,0.0,0.0
0875781e9bc643670f323f7d12953a21,경기도,파주시,문희준,2021-07-31,7.539200202783917,0.0,0.0
85dbe18f8424316b5a8aeae1e8b348e1,경기도,파주시,미성농장,2021-04-30,0.3558643208864822,0.0200065702797463,0.0632586645646076
24e73a60d687959022918eccbf7d7c59,경기도,파주시,박노해,2021-07-31,0.0124371601642333,0.0295763662294617,0.0250750910505651
d055da44ad085ad453042e13a4dfc639,경기도,파주시,박상이,2021-11-30,3.364736175648217,0.0,0.0
7330b1e80e2059d1deb383fc065e61e8,경기도,파주시,박석농장,2021-09-30,7.48748145504191,0.0,0.0
57e7d8ffb92d5142d08317823b5f63e2,경기도,파주시,박연산,2021-09-30,0.0629875506384865,0.0116421249033132,0.0141335347192544
76523daa45c4e8a801a0c2c6b6d0463f,경기도,파주시,박옥순,2021-09-30,4.416444656438494,0.0,0.0
6cfd6e15b5ea0efd5fd202174cb3a1c1,경기도,파주시,박용규,2021-07-31,9.622102057811944,0.0,0.0
39982311fc5c71945df779032ee2449b,경기도,파주시,박용하,2021-09-30,9.604131527671193,0.0,0.0
a94463b1f940f95364b3360bd2f3b53e,경기도,파주시,박인순,2021-07-31,5.5386093141471955,0.0,0.0
9c6414dd2413df61f76c423fb958e4f0,경기도,파주시,박정숙,2021-11-30,3.8048705500682214,0.0,0.0
ec7f1335aac50134a692549ff24084af,경기도,파주시,박준용,2021-07-31,5.211836593499857,0.0,0.0
ec7f1335aac50134a692549ff24084af,경기도,파주시,박준용,2021-07-31,5.211836593499857,0.0,0.0
ec7f1335aac50134a692549ff24084af,경기도,파주시,박준용,2021-11-30,5.211836593499857,0.0,0.0
ec7f1335aac50134a692549ff24084af,경기도,파주시,박준용,2021-11-30,5.211836593499857,0.0,0.0
aa7514710404e19ee08a015c2b1a5455,경기도,파주시,박춘간,2021-11-30,8.06639512068178,0.0,0.0
95324177608862a6d37841f8603bbd4f,경기도,파주시,박호식,2021-09-30,6.054653153197068,0.0,0.0
81941c463961265a80f1f5b293c332f2,경기도,파주시,백사현,2021-09-30,0.0690910545439944,0.0173952098210267,0.0264055362064946
d1b253f3b1744c7eed63f2178bba1d6d,경기도,파주시,백운농장,2021-04-30,3.0563055294196113,0.0,0.0
7075e1d1df37c1f619b696d26a8d7f76,경기도,파주시,백운농장,2021-07-31,3.0563055294196113,0.0,0.0
c3481a8bfde48c6a0755296623ee7dda,경기도,파주시,백주현,2021-11-30,0.1323596561042662,0.0127876978437012,0.0395716582454905
c524012c76fa7733d4f5a62ba5aa0391,경기도,파주시,베드로농장,2020-05-31,9.293157548157248,0.0,0.0
6e7f9457176fef63c21447f9651d0b92,경기도,파주시,산석진농장,2021-09-30,0.9058547850252144,0.0163825967373596,0.0530016269853717
d724a3face8bd47f360f474bee262f6d,경기도,파주시,산승,2021-09-30,0.0319533917848275,0.0158828568213685,0.0180379361677351
5da0fadc6408eece9c7016db9b0aa86f,경기도,파주시,산장가든,2021-07-31,0.1266722189825881,0.0426475093596908,0.1229007707602364
e1c3c910313a6d344d7c02efe1770145,경기도,파주시,삼도농장,2020-04-30,9.872544423765628,0.0,0.0
10638ef7b332071427500970924a0444,경기도,파주시,삼도농장,2020-11-30,9.316048221795524,0.0,0.0
885b7dd0ae9e68c2259c4c955b209aee,경기도,파주시,삼도농장,2020-11-30,9.872542584976705,0.0,0.0
2f89fc7d563378f86047a8f0c8abef81,경기도,파주시,삼성농장,2021-06-30,1.1170034525538175,0.006942020145302,0.0092726214271262
8b03232acc5875310aa80c845463bf31,경기도,파주시,삼포농장,2021-07-31,0.7950099818767857,0.0031333548287543,0.0027570966507572
7c27063f8f61330cdc6c64ebe45524f7,경기도,파주시,상훈농장,2021-09-30,4.2021767142101805,0.0,0.0
7c27063f8f61330cdc6c64ebe45524f7,경기도,파주시,상훈농장,2021-04-30,4.2021767142101805,0.0,0.0
a08e52bffaa9558fc92c69b24809fbea,경기도,파주시,새말농장,2021-06-30,5.889238113127552,0.0,0.0
6f63463ffdad461c604387ca11ea4d11,경기도,파주시,새말농장,2021-07-31,5.889238113127552,0.0,0.0
a8693fc337dd5f2d3b7caad47feb3252,경기도,파주시,새선영,2021-11-30,2.697487297337404,0.0001199771865685,0.0034605931880115
c99f1b4c0ae9abe1f359d23b62c91860,경기도,파주시,샘골농원,2021-04-30,0.1470793706522551,0.0203379070110876,0.0600319487715071
39bca323d3bc2b469dd7c1700048fbe0,경기도,파주시,서경희,2021-11-30,0.1068544209669924,0.0172978477717984,0.0113332367955003
2d2ede7a4949b34503b646477f27ac43,경기도,파주시,서병화,2021-09-30,0.1436343313164275,0.019801298279012,0.0399457531087316
296e82517d754ec1ef70dad90f5e1c2f,경기도,파주시,서정민,2021-11-30,10.49772239472063,0.0,0.0
54e40b21f6a068f138fb307cae034ab7,경기도,파주시,서호진,2021-11-30,0.1402345585739365,0.0195065750229707,0.0117660290704526
3681969177e0b49a4e126aaeec065e7e,경기도,파주시,석태농장,2020-05-31,8.604788771194885,0.0,0.0
c0d4f17ddf335ed5f07cb0cf57aa70d0,경기도,파주시,선화농장,2021-07-31,8.727318963815762,0.0,0.0
9bb1e948948b9d7ff66b87c98313b34e,경기도,파주시,성구농장,2020-11-30,0.3558643208864822,0.0200065702797463,0.0632586645646076
e7869061b249c277ef715ce3d659d5e5,경기도,파주시,성상모,2021-09-30,0.3058997187959791,0.0175330737994774,0.0576598542922059
8f4e13133b20bf19eaece0c626311155,경기도,파주시,성수농장,2021-09-30,0.0457025403043715,0.0125708030248435,0.0364400760829422
5fba4c77597a7263bc9dc4f34c276f18,경기도,파주시,성수농장,2020-11-30,0.2686257155637904,0.0123044598929414,0.0382795611860702
a35bb47d9d09af1aa10facfa1b62dcb7,경기도,파주시,성연근,2021-11-30,7.489169848279926,0.0,0.0
3c7a98cd30acede47543682e30bacb74,경기도,파주시,성원농장,2021-06-30,3.1830426979270925,0.0,0.0
1a1566d7ddd93ea4812512efbb1992f0,경기도,파주시,성진경,2021-09-30,3.775170241286002,0.0,0.0
0b3d06315803a3c261284980690bc5c0,경기도,파주시,소래영농조합법인,2020-05-31,0.0670834741955484,0.010443165487574,0.0294386777009442
3eb172d3baa7a1f851ec820f55c75742,경기도,파주시,소래영농조합법인,2021-07-31,0.0576674260600283,0.0104979475170867,0.0294678055386505
524fa3a5d9032cbb58da51ad72f8c6cb,경기도,파주시,소래축산,2020-01-31,0.0140690862680752,0.0102584650365026,0.0289087210434372
ced050530b08637547e501685b679488,경기도,파주시,소래축산,2020-01-31,0.0259234167933589,0.0108863207333962,0.0300297074839527
ef4fa0cc928c177bbfaf8f321e6d4a16,경기도,파주시,소래축산,2021-04-30,0.0076479386256411,0.0103499091595172,0.0289177823767243
dd91e006b937dc5bb7abc12ac57c9eb2,경기도,파주시,소래축산,2021-04-30,0.0576674260600283,0.0104979475170867,0.0294678055386505
0d924b224b14c6a66b6fb5aaddb33c2e,경기도,파주시,소래축산,2020-11-30,0.0097506694488664,0.0108274782707636,0.0300039183761661
8b878c6b1b5db02b3b63fc0bb074c166,경기도,파주시,소래축산,2020-11-30,5.396217185455412,0.0,0.0
82fad33b80931bbeb7ec31713e65b89e,경기도,파주시,소래축산,2021-07-31,5.4978807925632385,0.0,0.0
e5e3000550144ec6387ea601969ec5ec,경기도,파주시,소래축산1,2021-07-31,0.0097506694488664,0.0108274782707636,0.0300039183761661
3145f146b8a51420a13be2b3d27c74fc,경기도,파주시,소래축산3,2021-11-30,0.0076479386256411,0.0103499091595172,0.0289177823767243
c7d9fd77779091399e3dc32f7359f0df,경기도,파주시,손승범,2021-07-31,3.308433568213558,0.0,0.0
cb94d703d55592828669d1c09c10e6d3,경기도,파주시,송경환,2021-09-30,5.574864903988948,0.0,0.0
a458294e8ff16395db623b35642ab9c4,경기도,파주시,송보농장,2020-06-30,2.1009612473973824,0.0053528112302514,0.0202081368775362
83cb506e30be969f10c0fec4b1115f56,경기도,파주시,송양호,2021-11-30,0.1754854744704471,0.0384265954736628,0.1125709760775183
2b4b6e30c83f7fad501af55bccb7ed82,경기도,파주시,송영선,2021-07-31,1.0082710389653815,0.0032604205947947,0.0009920736704668
065771808836e5fb8e58e7154b9f82b9,경기도,파주시,송장희,2021-07-31,5.234817434047009,0.0,0.0
46b352f911da843ca16288a326f7acc1,경기도,파주시,수영농장,2021-09-30,2.1994686452944574,0.0010611719539069,0.0002464314366265
6b6f052163f52a36993f658e1ca93370,경기도,파주시,수영농장,2021-04-30,2.1281383315837106,0.0010796424925206,0.0002464314366265
53744332fab4d8ffe80e28502351fe28,경기도,파주시,수영농장,2020-11-30,4.828488255863088,0.0,0.0
ac7d2fc75d6d4ae34b81310d58761daf,경기도,파주시,신그린목장,2021-07-31,0.1701742045174237,0.0173954924315073,0.026686844065646
457f79af1c5367d34798a76bf202dce5,경기도,파주시,신성복,2021-09-30,0.3965610033625867,0.025930217782485,0.0386276517763186
8c61145305c1a7fac664b2d342756dd1,경기도,파주시,신응균,2021-11-30,6.47092464002869,0.0,0.0
6b87ae4350e553736c3ea5b7adcdb576,경기도,파주시,신익현,2021-11-30,7.437402549272979,0.0,0.0
a5a1b5350c57adefd38f274d58d7d3b0,경기도,파주시,신충호,2021-11-30,0.0331235892388284,0.0458387953032602,0.1080320906845544
5015e83292a02cea406fbb58092f1375,경기도,파주시,신한농장,2021-04-30,3.270552331404859,0.0,0.0
9c45d46a269abb2dad09a65127c25a2f,경기도,파주시,심양보,2021-07-31,0.3617973658508407,0.0036019348630943,0.0121939029498853
a6da5a7c1d8b3159b6c20ff7530eef67,경기도,파주시,심재용,2021-07-31,4.324134267393512,0.0,0.0
6c86e99e617f2fe04b7c5f8919d7c708,경기도,파주시,심재욱,2021-11-30,3.089109968055302,0.0,0.0
213199abf4caafe043a2e28f23325c17,경기도,파주시,심현식,2020-04-30,3.549285061656594,0.0,0.0
91cc0e7798613a66642a5da1902842f7,경기도,파주시,심현식,2021-09-30,3.556372567654744,0.0,0.0
076b7a5beddce3a7910fcaad7e4c7da0,경기도,파주시,쌀굴양계장,2021-06-30,0.1522930358362463,0.0282198903797405,0.0774289992421601
7e06a484bd2b3370b8f13d82d5d99c75,경기도,파주시,아람농장,2020-01-31,8.252226720971182,0.0,0.0
8c2f615b5897e5039ffc7ec3424f8a67,경기도,파주시,아람농장,2021-06-30,8.252226720971182,0.0,0.0
d7d2036a6ab1e98f0479f4373f592f37,경기도,파주시,아람농장,2021-09-30,8.252226720971182,0.0,0.0
077afc0194d8d0edcd046c5442e0560f,경기도,파주시,안청자,2021-11-30,4.185487318945623,0.0,0.0
077afc0194d8d0edcd046c5442e0560f,경기도,파주시,안청자,2021-07-31,4.185487318945623,0.0,0.0
2fb022995949894d04d77f89cfb22064,경기도,파주시,안풍승,2021-07-31,0.2263162127239882,0.0228129864986503,0.0601452522307693
933671647c5b081a2fcfcb5d00bdaa62,경기도,파주시,안현배,2021-11-30,5.676567760369644,0.0,0.0
d200d888975e72d75ffa7a5cd8e2ff4a,경기도,파주시,양지농장,2021-06-30,0.0252847113406502,0.0213355845343789,0.0147237942119724
0c82abbaedecc07aed49eecf8dc9d771,경기도,파주시,양지농장,2021-07-31,0.0252847113406502,0.0213355845343789,0.0147237942119724
098a2e172e18b5a5c035e9a9c6f7c7b7,경기도,파주시,양호농장,2020-06-30,0.1126679996507497,0.0202746210222078,0.0592003718512842
b5fb0da1d4b644f51c8a37e9921cb9e9,경기도,파주시,양호농장,2021-06-30,0.095837709139752,0.0202958365375224,0.0589603149163893
8b89a098770f56d2ef58bd477b7c0ff6,경기도,파주시,양호농장,2021-09-30,0.0736708796658781,0.0203290120241605,0.0587486727834916
0dbe1cb4a6c80377107f4c5f38aded3a,경기도,파주시,억수농장,2021-07-31,4.359390138834024,0.0,0.0
b1119f466ad4fa52a26582bda39791f6,경기도,파주시,억수농장,2020-11-30,4.359390138834024,0.0,0.0
e07873f265db89d6c6d3823676c09257,경기도,파주시,연수농장,2021-07-31,4.338408982768856,0.0,0.0
d6fca34ee64525762caa65c142e67e05,경기도,파주시,영광농장,2020-07-31,0.3655404048408064,0.0210558887927919,0.0546809510406703
d9ec62c71cfbb35cc841bf7815cb0e07,경기도,파주시,영광농장,2020-07-31,0.056758296805561,0.0175213593865127,0.0606387613921573
9a39e47d66e7985e179e3d51674433ac,경기도,파주시,영광농장,2021-06-30,0.0566971150597724,0.017503707068005,0.0605054894713899
46060e14cb60cb95d6d259a640d162e6,경기도,파주시,영광타조농장,2020-07-31,1.9265828422585949,0.002745609433854,0.0010829243662189
c87dc5e6d390a7b5c895c05094e492b1,경기도,파주시,오두산전망대농장,2020-01-31,9.204273846706457,0.0,0.0
d12cf3425ba2b448ef7dad0875f68697,경기도,파주시,오복농장,2020-05-31,6.714903359017701,0.0,0.0
b2bee22117c5ae337c2de47f31df50fa,경기도,파주시,오복농장,2021-06-30,0.0096355185518519,0.0202219655852436,0.0561196624659419
a3831a3f50b5366f6f9a1c3a5009f15a,경기도,파주시,오서방네 자연농장,2021-07-31,7.747246449019955,0.0,0.0
a29b376e0df9801f4bae0cccc76d3c7e,경기도,파주시,오성수,2021-09-30,0.0075599785913917,0.0193673565485171,0.0380190915309558
b381259b4c04039e67ceb5ba809eccd1,경기도,파주시,오형근,2021-07-31,8.87071902415672,0.0,0.0
2e42684d70f9c47501b163a9892904e3,경기도,파주시,온누리농장,2020-06-30,4.865259701491959,0.0,0.0
9335f58f55324a0180fdeb9d692717c4,경기도,파주시,온누리농장,2021-06-30,4.714053344216701,0.0,0.0
45f2591f2054a6f8057d94be9f25c987,경기도,파주시,온정농원,2021-09-30,4.3740878464536115,0.0,0.0
bf641aea2138a3dd92a37e633a814d3d,경기도,파주시,옹기촌,2021-07-31,5.259240816429329,0.0,0.0
0075943044c62751f81b11c202888ce2,경기도,파주시,용인농장1,2021-11-30,0.0249213066015754,0.0205908938704047,0.045010629795161
ad8fa596d380cac203ff595d2031c4cb,경기도,파주시,우농타조,2021-07-31,3.274967818052162,0.0,0.0
ad8fa596d380cac203ff595d2031c4cb,경기도,파주시,우농타조,2021-11-30,3.274967818052162,0.0,0.0
d335b9811dcece1619eecf9a93bfece3,경기도,파주시,우농타조농장,2020-04-30,3.176319059221646,0.0,0.0
59acb7d5c38ce49c3d64708339f6e691,경기도,파주시,우농타조농장,2021-06-30,3.274967818052162,0.0,0.0
df2bc2282d9511a4f73ca03353d0358c,경기도,파주시,우리농장,2020-07-31,2.1009612473973824,0.0053528112302514,0.0202081368775362
cc2b0f53a85ac8b7e09dd97a2d3fbb70,경기도,파주시,우리농장,2021-04-30,9.657895962732194,0.0,0.0
cdd52fe8a7ba846171e6f007552f4f6b,경기도,파주시,우석명,2021-09-30,10.44105505810188,0.0,0.0
95c3610c34116f02387bb8b46e4e0c2b,경기도,파주시,우성농장,2020-04-30,3.5399522166136377,0.0,0.0
b7436a0cf582ff8806844ed7e0c492cc,경기도,파주시,우영농장,2021-09-30,3.5926002910817827,0.0,0.0
4649833f9630f401cf52fa49d98a690c,경기도,파주시,우원인,2021-07-31,3.734386722254074,0.0,0.0
685908fa9be56c1cb6099bb67a8dc7cd,경기도,파주시,우종균,2021-07-31,0.8360378895732079,0.0070344694836697,0.0135564102995171
685908fa9be56c1cb6099bb67a8dc7cd,경기도,파주시,우종균,2021-09-30,0.8360378895732079,0.0070344694836697,0.0135564102995171
887d09c46e37923d1283d8c53705819a,경기도,파주시,우종범,2021-07-31,10.440185804486145,0.0,0.0
26ce2976e692580a23d0c81bffd94790,경기도,파주시,우종천,2021-07-31,0.0181873440334355,0.0086302901264844,0.0106789238880358
5667259fb8dfc75083763ebca9a99d46,경기도,파주시,원이농장,2021-11-30,4.961776887283081,0.0,0.0
590b2da5fdf8c2c40123476213c9b584,경기도,파주시,원흥농원,2020-06-30,0.1281118042321296,0.0099131410472404,0.0173284131734931
04f37a72ad976b85a71e67e65eb5039f,경기도,파주시,원흥농원,2021-06-30,0.0342270488494115,0.0097855346520187,0.0179990153301717
4d2a4397201702ef4f6b59d6f68d9550,경기도,파주시,월롱축산,2021-07-31,1.4635015231864783,0.0067318327645058,0.0286369996965186
25deef87f97704f6e018a17a08f4c6aa,경기도,파주시,월롱축산,2020-11-30,1.4635015231864783,0.0067318327645058,0.0286369996965186
dfe444dff114277976ab1d4a4ddec679,경기도,파주시,유길종,2021-11-30,5.021952876087579,0.0,0.0
f266a4fa5e12d311977e7c9b4f6fd259,경기도,파주시,유원권,2021-09-30,9.857674233944984,0.0,0.0
47d301bce878835c210c788530863c1d,경기도,파주시,유일자,2021-07-31,0.1362460313571934,0.0377284460625899,0.1279689170721273
7e0be68bd7e924e3743bd96655d9176c,경기도,파주시,윤기우,2021-07-31,0.6320868192286575,0.0056415519559397,0.0081073055272919
7e0be68bd7e924e3743bd96655d9176c,경기도,파주시,윤기우,2021-07-31,0.6320868192286575,0.0056415519559397,0.0081073055272919
7e0be68bd7e924e3743bd96655d9176c,경기도,파주시,윤기우,2021-11-30,0.6320868192286575,0.0056415519559397,0.0081073055272919
349a299798f86c9e3a57cc05594cdf81,경기도,파주시,윤병홍,2021-07-31,0.0289639921530034,0.0193168360526006,0.0368523785922096
0aa77c0a84ae090b5ff13c633de38ee2,경기도,파주시,윤상우,2021-11-30,4.988992098768227,0.0,0.0
b7b13d6880ef9db70c56050efcda78e7,경기도,파주시,윤일중,2021-11-30,0.0032462673803115,0.0379572826871068,0.0739108640284067
3dc44926b67bf2a5820fd53ab6704004,경기도,파주시,윤재일,2021-09-30,0.0561681231927216,0.0097323372308906,0.010835197178485
080b87b062c4ee217f3507d4b2523f87,경기도,파주시,윤태인,2021-09-30,0.3684478990429345,0.0426469841305751,0.1142436884923908
d9689f06b68b695fd42dc869f0bf567c,경기도,파주시,윤현수,2021-11-30,0.075619506341237,0.0245797618056496,0.0612187200920846
a66bae0e94377cd831dc412b03c48d07,경기도,파주시,은진목장,2021-06-30,0.7950099818767857,0.0031333548287543,0.0027570966507572
9287618f0ae32a330ced915ded405cc6,경기도,파주시,은행농장,2021-06-30,3.4613974820127225,0.0,0.0014369912982862
e7955182d9a472c1579bd4540091d5c0,경기도,파주시,은행농장,2021-11-30,2.688449079622373,6.308287008222817e-05,0.0024555356340969
1d677f6129dbb65db8220130dae06987,경기도,파주시,이경구,2021-09-30,7.3465803136187855,0.0,0.0
946839e850897c27000ff28be55b6357,경기도,파주시,이경옥,2021-09-30,1.7033251759545929,0.0017843669756381,0.0002464314366265
3662d925938023b765977a184164a305,경기도,파주시,이관수,2021-09-30,0.237300479349912,0.040254437494103,0.1355612731090243
3662d925938023b765977a184164a305,경기도,파주시,이관수,2021-07-31,0.237300479349912,0.040254437494103,0.1355612731090243
545c69cfa2b955becf8c0474454b6a4c,경기도,파주시,이금옥,2021-09-30,9.848338444629336,0.0,0.0
e50931b64310f4f35e7dae30935a81cd,경기도,파주시,이덕규,2021-09-30,0.1410669821318166,0.0069887684701724,0.0191835547013052
21d550e7742a125eafd58166c1bf9b4e,경기도,파주시,이동식,2021-07-31,3.62227281557502,0.0,0.0
98eb9ef38632c0af40db7167c2d30389,경기도,파주시,이동현,2021-07-31,4.328882639844324,0.0,0.0
dd84eac043049ce13f6703698217ea08,경기도,파주시,이문승,2021-09-30,0.5196402800265503,0.0376389017094388,0.1055726608531889
e24c53b1fb57ef0cc6b3724de13babc9,경기도,파주시,이병주,2021-07-31,5.838853089408625,0.0,0.0
10127aa19ed3bf5b31a2851d66356fd8,경기도,파주시,이상현,2021-11-30,2.6224110627539283,0.0013672334104145,0.0020602481895429
36d4b332e37e6ccfb1fb24a0f9575868,경기도,파주시,이상훈,2021-11-30,7.467245442758655,0.0,0.0
a89c06078834d95644f46a55a580557f,경기도,파주시,이시곤,2021-07-31,2.5507449791631327,0.0028358458195877,0.0085196040871301
a89c06078834d95644f46a55a580557f,경기도,파주시,이시곤,2021-07-31,2.5507449791631327,0.0028358458195877,0.0085196040871301
afbbd672b9e4c55c7e612f7d9ae3b2da,경기도,파주시,이시형,2021-09-30,0.1595179487948333,0.0069783918609231,0.019414940670173
afbbd672b9e4c55c7e612f7d9ae3b2da,경기도,파주시,이시형,2021-07-31,0.1595179487948333,0.0069770538650993,0.0194152716092303
afbbd672b9e4c55c7e612f7d9ae3b2da,경기도,파주시,이시형,2021-11-30,0.1595179487948333,0.0069783918609231,0.019414940670173
afbbd672b9e4c55c7e612f7d9ae3b2da,경기도,파주시,이시형,2021-07-31,0.1595179487948333,0.0069770538650993,0.0194152716092303
1ac4c65f5e42c025d7bf382b0fd957a2,경기도,파주시,이영숙,2021-09-30,0.3123366196174267,0.0319924693303649,0.0772652747076875
8498d49f6a6e959553d66b1070122094,경기도,파주시,이영애,2021-11-30,0.0450508166942919,0.0273626973455556,0.0376444506383165
9e4649513eca153acecbbf79c0da666a,경기도,파주시,이영해,2021-07-31,5.489375712305606,0.0,0.0
3e722ba0d6180f6ddbfb9b4132c3d207,경기도,파주시,이용곤,2021-09-30,0.0505503633662486,0.0179774920301041,0.052290246586424
06a466aa91fc256e234894341cc328d4,경기도,파주시,이욱선,2021-07-31,3.697455346393781,0.0,0.0
fc2bbd59f8a8ef17b27078741d9f9e81,경기도,파주시,이윤호,2021-07-31,5.072473285685738,0.0,0.0
22b0ea5fe830285a8f9859e1d55b951a,경기도,파주시,이은상,2020-05-31,4.908998932338833,0.0,0.0
9313bb3436ee76be0b78a7b034cae195,경기도,파주시,이재형,2021-07-31,5.557126009226662,0.0,0.0
9d43f9e835c796bbd52c57eb8f081029,경기도,파주시,이재호,2021-09-30,3.4019868392210455,0.0,0.0
51451ca59be6b8972c2946c26b819a69,경기도,파주시,이정임,2021-09-30,0.1477855654642542,0.0193339704471741,0.0117524758013465
8d42d51fec1ab896c7069814dbd410a5,경기도,파주시,이주관,2021-09-30,5.086667294275986,0.0,0.0
02c40675e23ed24a7c3530fcc089c00f,경기도,파주시,이천농장,2020-11-30,2.848658075784492,2.620116662438627e-05,0.0002271171764099
01d5df338c917a70fb7c8206950ca373,경기도,파주시,이천농장1,2021-07-31,2.828465992638343,2.620116662438627e-05,0.0002826516202163
c97f67d1e4d278bee7542198949f9c73,경기도,파주시,이천농장2,2021-09-30,2.889370804411037,2.620116662438627e-05,0.0002091087933082
10f2f5c358cc1b5c332be5f82647e625,경기도,파주시,이치영,2021-09-30,9.194170559795191,0.0,0.0
02fcd1362ee95d897ac98335f76889ea,경기도,파주시,이택모,2021-09-30,0.0373341774371161,0.0283572063217818,0.076771922539215
fc839585478bf67959d483f2cb0622a9,경기도,파주시,이필성,2021-09-30,4.847525417480118,0.0,0.0
dbd6974918a08a5dd23f37fc23d6526f,경기도,파주시,이학근,2021-09-30,0.1939059141974506,0.0100215349577039,0.0207229105949047
cc4f8af3aa9ae1fd4e8a40bef19c3cae,경기도,파주시,이홍규,2021-11-30,0.0255201449595561,0.027410439009366,0.0324746231294354
73af7c7bf190eae1b13611c52a5cc8e0,경기도,파주시,이흥수,2021-07-31,0.6074818236669127,0.019657331672076,0.0653086313799368
15936cbf983740a87ac46563271bf9e0,경기도,파주시,이희규,2021-07-31,0.0354343069158011,0.0123710938721668,0.0508971134535887
a5465d527e4f1abee89bb96847623300,경기도,파주시,이희찬,2021-09-30,2.4959111394814166,0.0065296173764075,0.0051318510028283
d394f159ef6e0cedabadcd799ac7e18f,경기도,파주시,인왕축산,2020-05-31,0.1161318376796435,0.0194285545143423,0.0415230114575335
a85a9ed7a0fa92e4117f0f50a0c51870,경기도,파주시,인왕축산,2021-04-30,0.0136957425500041,0.0194992581884785,0.0402286316901779
82887f4ff4230180d99563f5bdad6fa0,경기도,파주시,일신농장,2020-06-30,3.6381902366901633,0.0,0.0005440303513636
b4935e3e85361c49c7ed41f415a54b4c,경기도,파주시,임성기,2021-11-30,3.121338146406759,0.0,0.0018326488453017
ae6e41da789e767192faae12c5928800,경기도,파주시,임수영,2021-07-31,4.828488255863088,0.0,0.0
b8794aa213dead6fe2444a31c7e278ee,경기도,파주시,임월순,2021-11-30,9.319955284918018,0.0,0.0
aadce689fd5783fb30f30f7813b72fdd,경기도,파주시,임의섭,2021-11-30,6.115905410641999,0.0,0.0
aadce689fd5783fb30f30f7813b72fdd,경기도,파주시,임의섭,2021-11-30,6.115905410641999,0.0,0.0
9a0bfbcb230224a8c9594ff81efdbba1,경기도,파주시,임정혁,2021-11-30,0.0623724314162849,0.0249070947973945,0.0393605525548566
6d6bd8228744f5c4288d118bc08c448b,경기도,파주시,임정희,2021-07-31,3.057743045570096,0.0,0.0
3e901fc6265bf246ee08219ebdf8b77c,경기도,파주시,임춘혁,2021-07-31,3.330138567329024,0.0,0.0
8eee7e62bfcb86a071df82aa7296299e,경기도,파주시,자연농장,2021-06-30,0.0441160268873463,0.0269358872108716,0.066093429307818
5dbead2935722692b6d59e68c42f0079,경기도,파주시,장기자,2021-07-31,2.5047666998276137,0.000593680536453,1.3777199311266112e-05
e891a35fc7da6ccbbf60381a47406f1a,경기도,파주시,장병식,2021-09-30,0.1106610020898539,0.0165551214501602,0.0564927406463692
e891a35fc7da6ccbbf60381a47406f1a,경기도,파주시,장병식,2021-09-30,0.1106610020898539,0.0165551214501602,0.0564927406463692
37e95a67ef25bc3af1bdc7bb19dbd460,경기도,파주시,장산농장,2021-06-30,8.464309905907587,0.0,0.0
c6320ab7dbd2f02048d9411e6052f60e,경기도,파주시,장산농장1,2021-07-31,8.765023410660913,0.0,0.0
213c0fd83d391dc57a10616582705a4a,경기도,파주시,장산농장2,2021-07-31,8.464309905907587,0.0,0.0
1052e68b3190f09253a5bfd2bbef6f27,경기도,파주시,장산농장Ⅰ,2020-07-31,8.38700520828945,0.0,0.0
eb935807542af539aba43df4d3a26390,경기도,파주시,장성,2021-11-30,3.604827765580744,0.0,0.0
aa2186d8ca971d06837b5e33aa02e360,경기도,파주시,장승호,2021-07-31,0.1303508983980786,0.0250745106086033,0.0779918770515166
da4162730833fc0cd29cde616e034d51,경기도,파주시,장영해,2021-11-30,4.605741354479868,0.0,0.0
9b56c5775608a7e94ddf70054d5fa4d9,경기도,파주시,장지동농장,2021-04-30,9.46790384407844,0.0,0.0
6da2a28c2c9b617daf1a127f1040ca98,경기도,파주시,재림농장,2020-01-31,2.7681967832516112,2.620116662438627e-05,0.0001711823305538
0f72dd73257d378f28251d2ea48b1da8,경기도,파주시,전진오,2021-11-30,0.0677910471810461,0.01630478630926,0.0590284254888973
9531522d59f9025bd51f694c71ab6569,경기도,파주시,정관영,2021-07-31,0.0620230144831297,0.0281517704949431,0.038275501434784
7efe7d6b80918aefdd1342e8be7403d7,경기도,파주시,정성곤,2021-11-30,0.0615185609464583,0.0199607263713222,0.0614512375846809
46ecbf90de9a6d6a2d7be05076e270d5,경기도,파주시,정성수,2021-07-31,4.547234350274545,0.0,0.0
48471d0e7fc026d9086049b281c017d5,경기도,파주시,정성필,2021-07-31,7.203264046575812,0.0,0.0
159b1965f35967f96df838dcd7d108c7,경기도,파주시,정순남,2021-11-30,2.905001611430518,0.0001550240724882,0.0023992796530948
3250e4f7b83eda3ae8e9c15ce4950d50,경기도,파주시,정영,2021-07-31,8.556044402997367,0.0,0.0
8934f03224df11e9f06b1c3f148ee3c3,경기도,파주시,정영재,2021-09-30,8.835654734770268,0.0,0.0
8934f03224df11e9f06b1c3f148ee3c3,경기도,파주시,정영재,2021-09-30,8.835654734770268,0.0,0.0
8934f03224df11e9f06b1c3f148ee3c3,경기도,파주시,정영재,2021-11-30,8.835654734770268,0.0,0.0
fd9682734ae32a6ee6762e789d9c5a93,경기도,파주시,정태곤,2021-11-30,4.601108245879372,0.0,0.0
0f87aa2ee4b861dbde3dab1d15be0e47,경기도,파주시,정해영,2021-07-31,3.512760584817933,0.0,0.0
16248d2e7ab2c45955addc4a7e793936,경기도,파주시,제옥수,2021-07-31,2.146303387970243,0.0010680933168371,0.0002464314366265
1c2aa6d3ec2320dfee63236e7dad6aaa,경기도,파주시,제일농장,2020-04-30,9.692929409149746,0.0,0.0
0c9395bb6eb6bfc5968d6766e1800ceb,경기도,파주시,제일사슴농장,2021-09-30,7.338782953339408,0.0,0.0
68ff907ac5961dd1fb078132c4de84d2,경기도,파주시,조산농장,2021-09-30,0.0049353117858623,0.0398112704766418,0.100755710005446
977db892dd64562a57667296e9ef2d79,경기도,파주시,조산농장,2021-06-30,0.0049353117858623,0.0398112704766418,0.100755710005446
72062a7f2b7bd1c4198c71d80872d49d,경기도,파주시,조상구,2021-07-31,0.2500873620480045,0.0353052579341078,0.0902552464377229
0390220e156c68f2e00e36600f740789,경기도,파주시,조선상,2021-09-30,4.229730311825193,0.0,0.0
ebb8c335faaf0cc9c439a6d60c993453,경기도,파주시,조여일,2021-07-31,8.777782271601957,0.0,0.0
71e44350b85bb8dd81d49c39a3197787,경기도,파주시,조은농장,2021-11-30,0.1519158617026398,0.0057102577451826,0.0276561604632322
81e74b220d5c20124f24ab61017d43c3,경기도,파주시,조진만,2021-09-30,3.417635528391401,0.0,0.000509348569021
bebecedd532fa87ccbe59580748d269a,경기도,파주시,조진수,2021-07-31,0.3329649761614622,0.0298356270187613,0.0917738017595147
8a5d29271574f0451bdef0f0b5e02bf2,경기도,파주시,주신농장,2021-06-30,3.0208255161552673,0.0,0.0
3161efca3a0a6145556d27797f726bd0,경기도,파주시,주영근,2021-07-31,5.189707062917594,0.0,0.0
62238dbccd78cb931a127a43a5dece42,경기도,파주시,주한수,2021-09-30,0.7978831373561853,0.0116756266319769,0.0444847749368568
33edea5df0e7c356b77ace5d7b38f7b5,경기도,파주시,준수네농장,2021-04-30,3.417635528391401,0.0,0.000509348569021
0e172827add3715fe00c36f17480a196,경기도,파주시,지렁이농장,2021-07-31,9.592829120600404,0.0,0.0
0e172827add3715fe00c36f17480a196,경기도,파주시,지렁이농장,2021-07-31,9.592829120600404,0.0,0.0
0e172827add3715fe00c36f17480a196,경기도,파주시,지렁이농장,2021-07-31,9.592829120600404,0.0,0.0
bb8cbea0c5382fa93e9be05940c97ad7,경기도,파주시,지원농장,2021-11-30,0.1347041468535577,0.0248842785293703,0.0390501298350919
665957b1ce2a21007baefc6adbd12b48,경기도,파주시,지촌,2021-09-30,2.0425160231232735,0.0028814765326397,0.0047767029630191
dcea9d59b428490777d2f4b4202140b6,경기도,파주시,진미농장,2021-04-30,3.004730859816537,0.0,0.0
6d7469501e5c368f23a68919c5629051,경기도,파주시,진회목장,2021-07-31,3.870938526239759,0.0,0.0
5a3357c6ba4f65ae5d7fde9032aeff7a,경기도,파주시,진흥농장,2021-06-30,0.1952735791684534,0.0275267894164498,0.0810823634098014
3861c012c9b9e41aa9431e95ce1bdbdb,경기도,파주시,진흥농장,2020-07-31,0.1952735791684534,0.0273059218738938,0.0803637578363508
8f343594a76817d9fee8e88b61db5047,경기도,파주시,진흥농장,2021-07-31,0.1952735791684534,0.0275267894164498,0.0810823634098014
5bf42ed1ca0494659b8f236d18ff91fe,경기도,파주시,채니농장,2021-06-30,8.568232136024609,0.0,0.0
ca13ca235af2f6ff845db7c3cdffccc2,경기도,파주시,채니농장,2021-09-30,8.568232136024609,0.0,0.0
f703e7d36539f45384e09533eb979333,경기도,파주시,천마농장,2020-11-30,8.86454388196019,0.0,0.0
a02bd42e669a4d40544cb90027aac254,경기도,파주시,청암농장,2020-01-31,8.266168224857282,0.0,0.0
4f5b655d61e16f3e5ff8f889f0ad7455,경기도,파주시,청암농장,2021-06-30,8.272721555196563,0.0,0.0
c2d4f2424a9632ca253ea01a4495400d,경기도,파주시,청암농장,2021-07-31,8.272721555196563,0.0,0.0
319f2453d63a423e38bea6c7761b118d,경기도,파주시,청운농장,2020-11-30,3.1823953556877793,0.0,0.0
0bcd101e70f41d0f4ae582c221de615f,경기도,파주시,청운농장,2021-07-31,3.2302832051624413,0.0,0.0
f46e8720ee4573b795f18372d26b9eb1,경기도,파주시,청원농장,2021-06-30,8.87071902415672,0.0,0.0
7c8e3854474274f488ff18a6d8fe1308,경기도,파주시,청풍농장,2020-11-30,0.4328722076366507,0.0215096374347868,0.0660884223583155
4bb7b45c48a9b7b822377bacf0fc5da7,경기도,파주시,최광국,2021-07-31,0.6908010057315255,0.0331924659596469,0.0558796565381794
83d18d43224f9317fb906b17ce25e37a,경기도,파주시,최도순,2021-09-30,0.427507940407475,0.014166620284681,0.0472748907367095
79669db28a9a484ffda55e0a979c8f00,경기도,파주시,최병상,2021-09-30,4.5218958100462965,0.0,0.0
9333ac26d1175438191bde0b1e2fc79f,경기도,파주시,최병주,2021-09-30,0.0397775227889804,0.0138301224747077,0.0485340487650248
c0d0c0a8294d3aafa90c4d4d840c6c4b,경기도,파주시,최병태,2021-09-30,3.705977962694293,0.0,0.0
8eddbb31d12b08e4b2c9991d18e40068,경기도,파주시,최봉상,2021-07-31,0.2430419714698626,0.0223653665647232,0.0645789280348915
8eddbb31d12b08e4b2c9991d18e40068,경기도,파주시,최봉상,2021-07-31,0.2430419714698626,0.0223653665647232,0.0645789280348915
158e53ad4072639ce83e979d00e0158e,경기도,파주시,최수용,2021-11-30,10.170697971481244,0.0,0.0
158e53ad4072639ce83e979d00e0158e,경기도,파주시,최수용,2021-09-30,10.170697971481244,0.0,0.0
f337803e2bfecc25d5e9173e0d4e84c8,경기도,파주시,최영주,2021-11-30,2.7751129408765003,3.100934449315337e-05,0.0030724890211522
54a3566608b99c2e10e223874e3aa713,경기도,파주시,최우태,2021-07-31,0.5128801476697036,0.0111374915516299,0.053280402613049
a926cb56399783960870c2c24b96f1ba,경기도,파주시,최진섭,2021-07-31,2.30622112940371,0.0035856464600119,0.015316171883703
080418f464e7f9140f2caf3f72188b64,경기도,파주시,최헌,2021-11-30,8.118492675778853,0.0,0.0
ef86966086987783e34d09d043467ef2,경기도,파주시,충남농장,2021-06-30,0.0221526939849013,0.01928619703648,0.0371299182236187
90d0da546bf47e8c7cca8abcbfe7a545,경기도,파주시,친환경우리농장,2020-06-30,0.0,0.0204427906471495,0.0166513266254798
cffbc76012f04066504f55bb5bcc5c8c,경기도,파주시,친환경우리농장,2021-06-30,0.0,0.0201261659162513,0.0163196833876121
ec6ff4845b9a7fa84c7724a639295905,경기도,파주시,칠성농장,2021-06-30,5.809229380042245,0.0,0.0
b5e40b7e5fb450de60ebe1f30311f471,경기도,파주시,타조하니생태농장,2021-11-30,0.0902009799171278,0.0209246157918718,0.0470585985667375
99749a81186bfe00429adccbe0b133ea,경기도,파주시,탄현농장,2021-11-30,8.246206117032838,0.0,0.0
f6005c040e0d41d515e2e33219193e1f,경기도,파주시,탄현농장,2021-04-30,8.321448383736582,0.0,0.0
22b9c6646dd1b7cfe8d5ae217b9921ea,경기도,파주시,토종닭농장,2020-05-31,0.0086763258468322,0.0115250585418343,0.0331864268995992
7d02379aab5bfae9e9fea91a0be759eb,경기도,파주시,통일로 금촌농장,2021-07-31,0.7264106447466365,0.0234954507988087,0.0818794536800989
d485be80d0e5df85c3fcf6c019d9a231,경기도,파주시,통일로금촌농장,2021-06-30,1.1149897472581187,0.0171616097092667,0.0590074903106323
8e7dbeba28894f8bdfd672fdc0b1b5a9,경기도,파주시,파랑새농장,2021-06-30,14.413906402775426,0.0,0.0
25a650be77f59f1406ffb1a962d4a9b5,경기도,파주시,파주농장,2021-04-30,3.2177795481386093,0.0,0.0
744256ae088aec6d328c9e6c58e4cc96,경기도,파주시,파주정수농장,2020-06-30,0.0913191630465509,0.0219450491453784,0.0375603092442078
b7a7a8b8a6a3c839086ffe2eff0f6318,경기도,파주시,파주정수농장,2021-06-30,0.0913191630465509,0.0219758477140938,0.0375614476138764
4401a56d6e538024a86e6205b982150d,경기도,파주시,파주정수농장,2021-07-31,0.0913191630465509,0.0219758477140938,0.0375614476138764
2c5950e3b77bddc7c758a260fe86d798,경기도,파주시,파주종계장,2021-04-30,2.643231722446875,0.0008086427391415,4.551620674600671e-05
47d4bc89d8dfb2e72bf13cef2ad51396,경기도,파주시,파주종계장,2021-09-30,2.643231722446875,0.0008086427391415,4.551620674600671e-05
0a2495f8dbc74f4bd24b960f70395b5e,경기도,파주시,파주팜랜드,2021-07-31,10.140906495095152,0.0,0.0
0a2495f8dbc74f4bd24b960f70395b5e,경기도,파주시,파주팜랜드,2021-11-30,10.140906495095152,0.0,0.0
f322046a105764c7c6c877851b11a37d,경기도,파주시,파평산토종닭,2021-09-30,6.637594184630198,0.0,0.0
a96efb4b4b34c6964ea74190a3eef249,경기도,파주시,파평산토종닭농장,2020-07-31,4.552925055514344,0.0,0.0
56a9e4993ee0411ebcf551a4066a95eb,경기도,파주시,파평산토종닭농장,2021-06-30,6.725613881500778,0.0,0.0
4513b5dd40076b79e6b8fd5d9787fc89,경기도,파주시,파평중학교,2021-11-30,8.03729681985588,0.0,0.0
918574f267e43bc0ab76b3c6d7902b3e,경기도,파주시,풍산농장,2020-05-31,8.604788771194885,0.0,0.0
2627d5885d65bcc6fb6b5c47842aa861,경기도,파주시,풍원농장,2021-06-30,8.568232136024609,0.0,0.0
9b67912ddb31e12b0ede2b25a6e54d05,경기도,파주시,하마농장,2020-01-31,8.159855998571706,0.0,0.0
08d36069321ae7e9e74642ec5b1f9a55,경기도,파주시,하마농장,2021-04-30,8.15561580341925,0.0,0.0
d77543da46108cad0a1d0d235c64d5e6,경기도,파주시,하만호,2021-07-31,0.0767207309357085,0.0069331448528075,0.0195640727108261
5effbd563d1c3e6b2f858161de625839,경기도,파주시,한일,2021-07-31,0.0587630095185453,0.0215184814134355,0.014611524482208
5effbd563d1c3e6b2f858161de625839,경기도,파주시,한일,2021-11-30,0.0587630095185453,0.0215184814134355,0.014611524482208
9ecac85f7145422bb8dcb825f661d0a4,경기도,파주시,한현숙,2021-07-31,3.714439953867613,0.0,0.0004135336779685
a72257b2cb6459d34e0ef82360a46bcb,경기도,파주시,해이리농장,2021-06-30,7.196002202354078,0.0,0.0
30f8eb8c1d656df381316b3fb80b4cb2,경기도,파주시,해피농장,2021-04-30,3.556372567654744,0.0,0.0
62a233a21aa917e8f2bdd559ed9d2da1,경기도,파주시,해피농장,2021-06-30,3.6049918063199287,0.0,0.0
43a23d283130251a52488a1ddd87ee25,경기도,파주시,행복목장,2021-09-30,8.417993836549806,0.0,0.0
43a23d283130251a52488a1ddd87ee25,경기도,파주시,행복목장,2021-04-30,8.417993836549806,0.0,0.0
9a78de5045448915748576a3858b6d5c,경기도,파주시,현인농?,2021-06-30,3.12165680460513,0.0,0.0
9d7f1c8d48531b2430c70510a9b48c73,경기도,파주시,현인농원,2021-07-31,3.12165680460513,0.0,0.0
6d7919cda11a7279fcd67835b7d8a3a5,경기도,파주시,형제농장,2021-06-30,6.47092464002869,0.0,0.0
f1113f86c68c34edbdb9fa1edbaf9ccb,경기도,파주시,형제농장,2020-06-30,0.8584899660340061,0.007128063774331,0.0012344461800983
72dc21a4ed18c38638c080b9e153dd4b,경기도,파주시,형제농장,2020-06-30,6.475386347023798,0.0,0.0
481fcc34d4afa2e28c992b5698b62d94,경기도,파주시,호경농장,2020-01-31,0.0441079735456135,0.0269355940851095,0.0660934941803196
c87728984c6df929b77acbfde27f49bc,경기도,파주시,홍승복,2021-11-30,7.627733525159822,0.0,0.0
2cec1736e24c3388a1389caa15c9ce8b,경기도,파주시,홍원연수원,2021-07-31,0.0331235892388284,0.0458387953032602,0.1080320906845544
a251d2c27fd92fed9a0fce8a562f20b4,경기도,파주시,환희농장,2021-06-30,8.312368392324615,0.0,0.0
6fa7d5dce411f79f680d55afaf2d1fa8,경기도,파주시,환희농장,2021-11-30,8.312368392324615,0.0,0.0
1077794958b6092a79b7de1f750512a5,경기도,파주시,황규성,2021-07-31,3.7278175193561616,0.0,0.0
25a0ce2e2da2a4b86a7bb6fc934b1378,경기도,파주시,황금농장,2020-05-31,0.3607434498109908,0.0223841595663459,0.0595276587125309
cbabc5b620f4500c52b34d2d6943da0a,경기도,파주시,황명구,2021-07-31,3.828677145483608,0.0,0.0
6e5d162f7b3c2ca00c5bfe4aa8a62cd9,경기도,파주시,황토속,2020-07-31,0.2568103151816349,0.0295902736038677,0.0716850350542895
f75e9456559f891513c45976d4694d41,경기도,파주시,희망농장,2020-11-30,2.106477473015811,0.0010893878460921,0.0144727081505799
ab9e27e732e72dc742dd3b2664a45690,경기도,파주시,희망농장,2021-04-30,0.2263162127239882,0.0228129864986503,0.0601452522307693
acef526f563d2429dc0a65236f88f492,경기도,파주시,DMZ황금알농장,2026-01-31,9.122290290503232,0.0,0.0
5ea7e246b1138f9a2eb9bebec5bb12ee,경기도,파주시,가월농장,2025-07-31,5.418663388039089,0.0,0.0
76d1a571f55cc41f39125ec390b39068,경기도,파주시,가월농장,2025-04-30,5.448076701844837,0.0,0.0
46395cc895ba2edcea0c02c3881f8f54,경기도,파주시,강현농장,2026-02-26,8.761028323923622,0.0,0.0
49310cb414ff9f34907367f1a4761972,경기도,파주시,고창농장,2025-05-31,0.3684478990429345,0.0426469841305751,0.1142436884923908
c0ef350c429d40b1b28526c7f14e8952,경기도,파주시,고창농장,2025-07-31,0.3653781679696531,0.0425330155975548,0.1138740335034834
908596bb91e1a709005bc00e03ec10d6,경기도,파주시,구구농장,2026-01-31,2.5056146349427353,0.0006084220188565,4.550792254067653e-05
56d1efdeb9e2e10322759979d8746ea3,경기도,파주시,구구농장,2025-04-30,2.543225636861805,0.0005799532651249,5.377831995121321e-07
4eef5920a0bb6ba596c74717b79519e2,경기도,파주시,굿모닝농장,2025-07-31,2.629348697410216,0.0013500154433415,0.0020134758797487
474801e1d676d6c5cafcfc3038d51ee7,경기도,파주시,굿모닝농장,2025-05-31,2.6151525504991593,0.0013824054886815,0.0020875502524962
74c67e65e49c8aebafec3c73d15061bc,경기도,파주시,꼬끼촌,2026-02-26,3.095632099771391,0.0,0.0
f96406a58c892101e88c713132dfd547,경기도,파주시,농업회사법인 더 팸팜,2025-08-31,3.311376998022737,0.0,0.0
d9141d12e88a6f28915521f3a557f4d1,경기도,파주시,느림보농장,2025-08-31,3.68647751456965,0.0,0.0
30cbdbf3117094fa34c3a8dd2a6ca102,경기도,파주시,늘푸른청계농원,2025-08-31,5.65595563142429,0.0,0.0
1875af82815b21c8fdb127743f3db6cf,경기도,파주시,담안농장,2026-01-31,3.557888977083568,0.0,0.0
33f7135e35ad22f88ac9ff1fe3a87a9c,경기도,파주시,담안농장,2025-04-30,3.588549905143179,0.0,0.0
e23ea08822cb69b86ba9baf0e87d3b1e,경기도,파주시,당하리농장,2025-08-31,2.5273788929736347,0.0060889804808931,0.0058546629360605
1666c94c712b9fc0dba446bf568102c1,경기도,파주시,당하리농장,2025-04-30,2.554052809040312,0.0060889804808931,0.0058546629360605
aff1e87e6620c4af5c6e0a15da2951d3,경기도,파주시,대능축산,2025-07-31,0.4637321237103017,0.0187374612031064,0.0126259495179485
aff1e87e6620c4af5c6e0a15da2951d3,경기도,파주시,대능축산,2025-05-31,0.4637321237103017,0.0187374612031064,0.0126259495179485
ff8881848f460adea26fb4946dd7528e,경기도,파주시,대림2농장,2025-08-31,0.08486219239048,0.0203163004004725,0.0588570336176625
09586df772a8c25a1517b3fe251c680e,경기도,파주시,대원농장,2025-08-31,0.0520411434111635,0.0371698838790166,0.0959659239105696
c6423c3567e4c9e9577ce5798c15a796,경기도,파주시,대한농장,2025-05-31,3.864497118101883,0.0,0.0
c6423c3567e4c9e9577ce5798c15a796,경기도,파주시,대한농장,2025-07-31,3.864497118101883,0.0,0.0
2602bef78c8cc93c8fb5fd88495467c7,경기도,파주시,덕동양계,2026-02-26,0.0128609137588577,0.010025121425185,0.0276303115932447
2602bef78c8cc93c8fb5fd88495467c7,경기도,파주시,덕동양계,2025-04-30,0.0128609137588577,0.0100261240570227,0.027614582996
b07b39c3161971edc67f218d43e174cf,경기도,파주시,덕일농장,2026-02-26,4.187237090105468,0.0,0.0
b07b39c3161971edc67f218d43e174cf,경기도,파주시,덕일농장,2025-04-30,4.187237090105468,0.0,0.0
d019723e349a5787803e48bdf3c4ec06,경기도,파주시,만년농장,2025-07-31,3.4916340652125597,0.0,0.0
9cca81051d818c56bd2640ed30c618b1,경기도,파주시,백운농장,2025-08-31,3.0484165319700405,0.0,0.0
71421ba23b4b629714985fd9bf01a50d,경기도,파주시,백운농장,2025-05-31,3.0484165319700405,0.0,0.0
6e7f9457176fef63c21447f9651d0b92,경기도,파주시,산석진농장,2026-01-31,0.9058547850252144,0.0163255640905704,0.0526961073251614
885b7dd0ae9e68c2259c4c955b209aee,경기도,파주시,삼도농장,2025-08-31,9.872542584976705,0.0,0.0
091a85f98308b16e7db1c1fb46f80e95,경기도,파주시,삼도농장,2025-04-30,9.872542584976705,0.0,0.0
7c27063f8f61330cdc6c64ebe45524f7,경기도,파주시,상훈농장,2025-07-31,4.2021767142101805,0.0,0.0
7c27063f8f61330cdc6c64ebe45524f7,경기도,파주시,상훈농장,2025-04-30,4.2021767142101805,0.0,0.0
8587762bafb95f6d9b96e68d0afb7d4a,경기도,파주시,새말농장,2025-04-30,5.889238113127552,0.0,0.0
49f6fba1d29d2d2dabd81e38e28f7bdc,경기도,파주시,새말농장,2025-07-31,5.889238113127552,0.0,0.0
ee55edd3328739fad030408c42a783be,경기도,파주시,샘골농원,2026-02-26,0.1394282025719258,0.020373109837336,0.0599194658363145
e9a2cf7a55f6a73afddac17c80b6d25a,경기도,파주시,선화농장,2025-07-31,8.72710922521239,0.0,0.0
ef52f2ddd9c5c043e756fe896b3e8127,경기도,파주시,선화농장,2025-04-30,8.727832839431048,0.0,0.0
13b709b36e0da15b935399825eb5cfbf,경기도,파주시,성수농장,2025-08-31,0.0457025403043715,0.0125708030248435,0.0364400760829422
13b709b36e0da15b935399825eb5cfbf,경기도,파주시,성수농장,2025-04-30,0.0457025403043715,0.0124849671385436,0.0369319007861777
a3cdec1cf8623e3ab95789b52e9ea843,경기도,파주시,성원농장,2026-02-26,3.1379738401990194,0.0,0.0
191ccb6854ae0a9e8912ee8ec31e258e,경기도,파주시,성원농장,2025-05-31,3.1379738401990194,0.0,0.0
352df9e4812f905d94f3348cf6c5935b,경기도,파주시,소래축산,2026-01-31,0.0097506694488664,0.0108274782707636,0.0300039183761661
ddca9ed7cf84e79bf9b0c26718ccaa63,경기도,파주시,소래축산,2025-08-31,0.0576674260600283,0.0104979475170867,0.0294678055386505
b65f9d1e51533965f6cb7a14e78763ef,경기도,파주시,수영농장,2025-04-30,4.828488255863088,0.0,0.0
964bec7b6fe33e693833fd8757cd2f9d,경기도,파주시,수영농장,2025-04-30,2.1985453141956883,0.0010613591915418,0.0002464314366265
b7536d075bdecf136217db4a98c12bdc,경기도,파주시,수영농장,2025-07-31,2.198340270661621,0.001061850323367,0.0002464314366265
dbba892edd2768101e164d1050c39ce2,경기도,파주시,수영농장,2025-07-31,4.796631706359975,0.0,0.0
e36953a5a08b715b6f6519189c93da16,경기도,파주시,신한농장,2025-05-31,3.270552331404859,0.0,0.0
385fa990c2ebb624b9c56146c635cafc,경기도,파주시,신한농장,2026-01-31,3.270552331404859,0.0,0.0
8c2f615b5897e5039ffc7ec3424f8a67,경기도,파주시,아람농장,2025-04-30,8.252226720971182,0.0,0.0
7e06a484bd2b3370b8f13d82d5d99c75,경기도,파주시,아람농장,2026-01-31,8.252226720971182,0.0,0.0
1f2209f3f5b768cb98860524a83ad63d,경기도,파주시,양지농장,2025-05-31,0.0252847113406502,0.0213355845343789,0.0147237942119724
6e3bdf8c963390dd5ce926bd40856447,경기도,파주시,양지농장,2025-08-31,0.0252847113406502,0.0213355845343789,0.0147237942119724
e1af4b8a2fda40f08ed121b297b6d676,경기도,파주시,양호농장,2025-05-31,0.0847902608713683,0.0203145078780605,0.0588535612834455
e36685116f19b40796f8423eec66bda3,경기도,파주시,억수농장,2026-02-26,4.359390138834024,0.0,0.0
b1119f466ad4fa52a26582bda39791f6,경기도,파주시,억수농장,2025-05-31,4.359390138834024,0.0,0.0
a7ff275a316a2e6a38985d5731e0019d,경기도,파주시,연수농장,2025-08-31,4.341336492147167,0.0,0.0
46060e14cb60cb95d6d259a640d162e6,경기도,파주시,영광타조농장,2025-07-31,1.9265828422585949,0.0029275341792141,0.0010821151381517
bfff2608436a22de82a74362824a1ce0,경기도,파주시,오서방네 농장,2026-02-26,7.786004433823849,0.0,0.0
b8053057f87274ab29193273a7ba6215,경기도,파주시,온정농원,2026-01-31,4.342875107078538,0.0,0.0
6aa5581267cf880e5796632fed538a08,경기도,파주시,우농타조,2025-04-30,3.274967818052162,0.0,0.0
97e1281d2238d61cedb30e7ceeaa44f8,경기도,파주시,우농타조농장,2025-08-31,3.1565830383519526,0.0,0.0
62a371698fdf98613f51f3c44cba86a3,경기도,파주시,우리농장,2025-07-31,9.657895962732194,0.0,0.0
f5038c3d98785cc32556bec4cb8725c3,경기도,파주시,웅담2농장,2025-07-31,3.4690230592456244,0.0,0.0
30def9d564308200db4442c4ff2713b8,경기도,파주시,원이농장,2025-08-31,4.958345694986163,0.0,0.0
25deef87f97704f6e018a17a08f4c6aa,경기도,파주시,월롱축산,2026-02-26,1.4635015231864783,0.0067318327645058,0.0286369996965186
2144a10c16c55121dec188241f56c0fc,경기도,파주시,유니온,2026-01-31,5.672074515138605,0.0,0.0
14f2639142ecb6ac925e46bd6091a035,경기도,파주시,이천농장,2025-07-31,2.8425349426986983,2.999564801319591e-05,0.000370495638992
474f0a714abbb31c9cfb7f3d921ca2ed,경기도,파주시,이천농장,2025-07-31,2.843436122023996,2.620116662438627e-05,0.0002415890712324
13549c1bdd8b90acbd055e3632056046,경기도,파주시,이천농장1,2025-05-31,2.8255698062547165,2.620116662438627e-05,0.0002979484612874
f00167cc0742cbe74b08094f39cb9b8d,경기도,파주시,이천농장2,2025-04-30,2.889370804411037,2.620116662438627e-05,0.0002091087933082
7659508b29e71ef2678c0109daa31c7a,경기도,파주시,인왕축산,2025-08-31,0.048674901524316,0.019458522997129,0.0406696787322352
7659508b29e71ef2678c0109daa31c7a,경기도,파주시,인왕축산,2025-05-31,0.048674901524316,0.019458522997129,0.0406696787322352
310c0a3f36bac5be4fc4c4f15fcb1475,경기도,파주시,장산농장1,2025-05-31,8.408822146891122,0.0,0.0
c901f51dc3adff7fde591180819ca447,경기도,파주시,장산농장2,2025-04-30,8.464088038471266,0.0,0.0
4b18b2e0937e8bd32a901e7ff41fb59c,경기도,파주시,장산농장Ⅰ,2025-07-31,8.408822146891122,0.0,0.0
eb653ed2dcc8b4bca4dee84d66634df5,경기도,파주시,장산농장Ⅱ,2026-02-26,8.465926455279236,0.0,0.0
6a362dccb385316e0e084b45c44fe533,경기도,파주시,재창농장,2026-01-31,4.52041350311427,0.0,0.0
977db892dd64562a57667296e9ef2d79,경기도,파주시,조산농장,2025-04-30,0.0049353117858623,0.0398112704766418,0.100755710005446
977db892dd64562a57667296e9ef2d79,경기도,파주시,조산농장,2025-07-31,0.0049353117858623,0.0398112704766418,0.100755710005446
1052031a03aa63bb203392ea9a81bf0f,경기도,파주시,조은농장,2026-02-26,0.1519158617026398,0.0057102577451826,0.0276561604632322
061deacca5835daee44ab17f3618d4d0,경기도,파주시,지원농장,2025-08-31,0.1037458265245564,0.0248644590582951,0.0389725322059805
061deacca5835daee44ab17f3618d4d0,경기도,파주시,지원농장,2025-05-31,0.1037458265245564,0.0248842785293703,0.0390501298350919
5180deeec1d705722baf962134cb1feb,경기도,파주시,진미농장,2025-08-31,3.004730859816537,0.0,0.0
5532c2c4ece879e55b1725d70d20ea07,경기도,파주시,진미농장,2025-05-31,3.004730859816537,0.0,0.0
5a3357c6ba4f65ae5d7fde9032aeff7a,경기도,파주시,진흥농장,2025-05-31,0.1952735791684534,0.0275267894164498,0.0810823634098014
3861c012c9b9e41aa9431e95ce1bdbdb,경기도,파주시,진흥농장,2026-02-26,0.1952735791684534,0.0275267894164498,0.0810823634098014
4c92334c08a13fe9abb1fb9ed756b093,경기도,파주시,채니농장,2026-01-31,8.568232136024609,0.0,0.0
4c92334c08a13fe9abb1fb9ed756b093,경기도,파주시,채니농장,2025-05-31,8.568232136024609,0.0,0.0
4f5b655d61e16f3e5ff8f889f0ad7455,경기도,파주시,청암농장,2025-05-31,8.272721555196563,0.0,0.0
a02bd42e669a4d40544cb90027aac254,경기도,파주시,청암농장,2025-07-31,8.266168224857282,0.0,0.0
b05ce10a6319572cb01a98dfa675c147,경기도,파주시,청운농장,2025-05-31,3.1805653716362157,0.0,0.0
b05ce10a6319572cb01a98dfa675c147,경기도,파주시,청운농장,2026-01-31,3.1805653716362157,0.0,0.0
f46e8720ee4573b795f18372d26b9eb1,경기도,파주시,청원농장,2025-05-31,8.87071902415672,0.0,0.0
813267510f8ff9507f1bd9b00e5ab1a0,경기도,파주시,청원농장,2026-02-26,8.87071902415672,0.0,0.0
0b5636db7e9a295ea2661f4875fe6147,경기도,파주시,충청농장,2026-01-31,4.262056410189687,0.0,0.0
4548998635c94d086be1c3d2ffdb4c67,경기도,파주시,충청농장,2025-04-30,4.310560557206351,0.0,0.0
90d0da546bf47e8c7cca8abcbfe7a545,경기도,파주시,친환경우리농장,2025-07-31,0.0,0.0201261659162513,0.0163196833876121
ed32f59550c0f0a68d8af5f6e6f5140c,경기도,파주시,타조하니생태농장,2025-05-31,0.0889149115391719,0.02092076451572,0.0470065396810105
bfcbe5d532109b32ff27ad6148a6e30f,경기도,파주시,탄현농장,2026-02-26,8.192565964044343,0.0,0.0
38656f8a472149d1da54a0dd08dcb69e,경기도,파주시,탄현농장,2025-04-30,8.146516406093122,0.0,0.0
99749a81186bfe00429adccbe0b133ea,경기도,파주시,탄현농장,2025-04-30,8.246206117032838,0.0,0.0
2b2f2f1810ce95f9f9cfd089b4fe0374,경기도,파주시,통일로 금촌농장,2025-07-31,0.7067742712241564,0.0234844798453487,0.0811688506799283
92fef64e9fd6e5eaa77eaa8f272f9e6f,경기도,파주시,파랑새농장,2025-08-31,14.414979795835691,0.0,0.0
1518668f78542fd10eb16e11a79284e0,경기도,파주시,파주농장,2026-01-31,3.1973974558244658,0.0,0.0
744256ae088aec6d328c9e6c58e4cc96,경기도,파주시,파주정수농장,2025-07-31,0.0913191630465509,0.0219758477140938,0.0375614476138764
423761daf8cf516721f93a0512a80b82,경기도,파주시,해피농장,2025-08-31,3.6067754627600768,0.0,0.0
b54bad482227b52ad113e9e26d5cbe66,경기도,파주시,행복목장,2025-05-31,8.41848537543255,0.0,0.0
3aee6ae12bda31b8e413bca2885d0cc5,경기도,파주시,행복목장,2025-07-31,8.422349898618833,0.0,0.0
da4dbb43ebc038611a58b52d9225d68d,경기도,파주시,헤이리농장,2026-02-26,7.232311450093951,0.0,0.0
e5d143baa4b73d184742060cce403691,경기도,파주시,현인농원,2025-04-30,5.730644397274127,0.0,0.0
e5d143baa4b73d184742060cce403691,경기도,파주시,현인농원,2026-01-31,5.730644397274127,0.0,0.0
13dedfa907268fde3d35e83fc93c71ef,경기도,파주시,형제농장,2025-08-31,6.47092464002869,0.0,0.0
13dedfa907268fde3d35e83fc93c71ef,경기도,파주시,형제농장,2025-05-31,6.47092464002869,0.0,0.0
a251d2c27fd92fed9a0fce8a562f20b4,경기도,파주시,환희농장,2026-01-31,8.312368392324615,0.0,0.0
52c824e2c9908d6ae9aafa26ecec4321,경기도,파주시,환희농장,2025-04-30,8.312368392324615,0.0,0.0
f75e9456559f891513c45976d4694d41,경기도,파주시,희망농장,2025-05-31,2.106477473015811,0.0010893878460921,0.0144727081505799
efdcdfe7a8cdf233b255e7db9c6f0a7f,경기도,파주시,희망농장,2026-01-31,2.119722725902508,0.0013680176268507,0.0152546222192314
8b724797f630518969e70fbfe0e7dd92,경기도,평택시,가을농장,2018-09-30,0.4326968332389136,0.0176719421295294,0.0621748559242864
3e569df8e0a5898e05a38373e555d72c,경기도,평택시,강남부화장,2018-10-31,0.0834244709762733,0.0267836424596141,0.135799883689911
17176689f177020c261591bdaf344873,경기도,평택시,검은들농장,2018-08-31,0.2052959682140524,0.019016669662307,0.3431654247074129
8ddcbc192a374b6ee678d4eefdd548c2,경기도,평택시,고덕농장,2018-03-14,0.1016721521667656,0.0783898344712577,0.2276616349372817
310b3089a216a7699231fa7ac112f0ea,경기도,평택시,광명농원,2018-10-31,0.0455260236745284,0.0218946618297711,0.2864731146465601
019f5e9e866df4622fba9a805634245a,경기도,평택시,군문주말농장,2018-08-31,0.4220568659330131,0.0387568215241563,0.1961709702088851
0277d78e858022cce4657b6a1216b96d,경기도,평택시,기린부화장,2018-10-31,0.0246636916374289,0.0103133059717966,0.2127353465031614
3b21e8cb43f3a370a385f364e3433667,경기도,평택시,길음농장,2018-08-31,0.1625442580655778,0.1614079045752252,0.4088205488766584
2cfa622f8b82271f6e4080a809d5cb3c,경기도,평택시,김창수,2018-12-31,0.1802258012626691,0.0608425328799,0.3001071215072921
d8d94574ec67233fc7b0208bc539d557,경기도,평택시,내기농장,2018-09-30,0.5208936634257758,0.013677058569408,0.2668073254836092
108ddd572a3253662daf87c3a5b2afea,경기도,평택시,노다지양계장,2018-04-30,0.0030295077024936,0.0203952709474985,0.146032533673903
0854e782beff1c29971c310739d21b12,경기도,평택시,농업회사법인 양지부화장㈜,2018-04-30,0.0987662621502935,0.0564361825678139,0.2175313941641909
8baf07f275fb0778bd2d4ae9f16e7e9d,경기도,평택시,농업회사법인 조인㈜,2018-08-31,0.5810974921489761,0.0620193693579965,0.285412095536353
2a9ce57eaecd150f6e5688b38193299f,경기도,평택시,농업회사법인 주식회사 해오름양계,2018-04-30,0.1469556545491479,0.0590165686710375,0.2773819476056565
2fcd18131243025c621fb8f1eaa82b97,경기도,평택시,당거농장,2018-04-30,0.1195966215240382,0.199275341310273,0.5228996538400901
b3f86ed5e60aa74f17fa2a082c0dae1a,경기도,평택시,대길농장,2018-04-30,0.5446663854200406,0.0741646265872293,0.2019332843404071
ff96749b0057c2d8373c99bb026f9837,경기도,평택시,대복농장,2018-08-31,0.0318851330654537,0.0414841925828561,0.2058584096146612
2133616a3daf50259c6e71f6b78602ef,경기도,평택시,대영농장,2018-08-31,0.1702925122373557,0.0717909469646785,0.3922496227804134
ab54c44b3cd44010ff772df71620d40c,경기도,평택시,대일농장,2018-10-31,0.0516914032574657,0.0091275137008452,0.2023171924176274
01f599c524f56ad19fe5a4ad03a1f36f,경기도,평택시,대한농장,2018-08-31,0.1071774226235828,0.1126819255578983,0.3410188558812752
e9904c59850320ee707ad69d517ee8c9,경기도,평택시,도일농장,2018-04-30,0.4099278253327099,0.0088983647799558,0.0419206166621784
db46133abd4b266aa4bd906e50a731c4,경기도,평택시,동산농장,2018-09-30,0.1616742972088729,0.0880388513207388,0.2613361063608745
4eaad9ecbf6487d08da9d3296cadcfe3,경기도,평택시,동순농장,2018-03-14,0.8572668524499362,0.1033541021587873,0.2807263102663169
ce8c80ff6f805b36aa5788f0eab12bd8,경기도,평택시,두곡농장,2018-03-14,0.3556824273888105,0.0840871955699929,0.3909872044231903
20d773df461d057c92d5c7c7129b7c68,경기도,평택시,둥지농장,2018-08-31,0.034405547933335,0.0625844255160433,0.2415935934077977
b154a5a597028ba03b5d164acadada2a,경기도,평택시,마두양계장,2018-08-31,0.0408568530088964,0.0768087462600488,0.3037259025447379
ffaeb21d11be21b1802ee79bbad6b365,경기도,평택시,매치농장,2018-04-30,0.2775111301539154,0.0151275971953981,0.3691854192009418
c6597e1e78b10af454cdeacefe454231,경기도,평택시,무지개농원,2018-10-31,0.0399786702548808,0.0117623775936345,0.2043022235103896
7543e08ea934fb7443254d3987b3e24c,경기도,평택시,미하농장,2018-04-30,0.5067871567072156,0.0806256166945198,0.3691901293433395
ba8e6c25bcb9a5974903be0d73618fd1,경기도,평택시,박옥순,2018-12-31,0.2324135964201897,0.062840142154483,0.4052363508267496
a5769c42a706ef65bd19f7a005ed6b6a,경기도,평택시,배상기,2018-12-31,0.5664137357911494,0.0057995435135107,0.0330950008178136
9a1946dd870bc64f8b2b529f7c59b9ce,경기도,평택시,백운농장,2018-10-31,0.1562684465903276,0.0503568188624377,0.1620488566400275
a58c439eaaa0ea9215fa44cf7d52afb4,경기도,평택시,버들농장,2018-03-14,0.2407423450733031,0.0285928849355069,0.1328258484758737
9df1d18ff25e71d25046a52e0619af6e,경기도,평택시,범진농장,2018-10-31,0.3045968028430706,0.0213460914551479,0.1807671815795246
c325bbd982f238af95c48300c0afc3e2,경기도,평택시,부성축산,2018-09-30,0.0289008867938924,0.0628057827056009,0.2772113565635777
2a477b7a57aa7715ba57039addafbb5b,경기도,평택시,부성팜스,2018-10-31,0.0615289447912413,0.0108566697288573,0.2201208258432837
ac6a7830c24d258db7b50784768702d1,경기도,평택시,삼현농원,2018-10-31,0.8217806942229188,0.0352339027509214,0.1913526904058158
78a4012186695fad4a415dfd901b5a21,경기도,평택시,삼화농장,2018-09-30,0.3249569585043783,0.0056944479640035,0.042948103479408
1534fc6623d20968261c876f4a48fb02,경기도,평택시,서탄농장,2018-04-30,0.1353056641396421,0.0541439991111518,0.2023157583502501
dd54b19acddd27348533db53a253974b,경기도,평택시,선천축산,2018-09-30,0.0599569461790635,0.1146416897150429,0.3234635840642213
94be55cca262295c264e82b3d734d0d7,경기도,평택시,성산농장,2018-03-14,0.0169249485949381,0.0664281357704053,0.2461767357153632
3115bf4cfbe9560f8a93c46578b04c0f,경기도,평택시,세진농장,2018-04-30,0.0664091255736598,0.0060410933087962,0.0387213805343943
1f052c2e1d02084e4d612607378b8e95,경기도,평택시,소망농장,2018-10-31,0.1044550965619333,0.1905707844538313,0.548806640918158
9eab2281a6d546daa5e4c1a632b8f698,경기도,평택시,수일농장,2018-08-31,0.0829343411348986,0.0116668855553546,0.2561525547784654
bee7ac8effcf77679e94a65b86164285,경기도,평택시,신리농장,2018-09-30,0.0496172346947055,0.1851464012679488,0.375173016089234
f6b224cb3cbe0348fe07984b465d07ac,경기도,평택시,신명농장,2018-08-31,0.1211553228918419,0.0623202987669508,0.2021112837470443
13579e9a5385381793aa2e09245d3c1d,경기도,평택시,야막농장,2018-03-14,0.1016939022407972,0.0435905240282959,0.1157905071545837
923e3417735f9d48da85bb53e2c09db3,경기도,평택시,여두선농장,2018-04-30,0.1872069967871651,0.0751936152853668,0.1947010662035631
902d087ae8005105cceac7265e8b3c7d,경기도,평택시,영계마을,2018-09-30,0.3600287454196101,0.0567500116435401,0.277749521943434
0cab65ee531c2365e3ba336c5dfb8a4f,경기도,평택시,영계마을 2농장,2018-03-14,0.0342092561504833,0.0735449286008024,0.3076029422493939
9ae145c8890d2ac5f2ac1becd29fe666,경기도,평택시,예은농장,2018-09-30,0.1216683093820029,0.1563226863274468,0.3571961015161046
df2a63eb64a8546569fbbed2aed02a62,경기도,평택시,오성농원,2018-04-30,0.0014973383106498,0.2134983361040725,0.4636870443796802
b39fabfb603c6fa9843a5fbfdecfe9f3,경기도,평택시,오성축산,2018-10-31,0.3465558160878011,0.0552720544430021,0.2595898007830154
e703fda3488a1812905de17b68c97a31,경기도,평택시,우석농장,2018-09-30,0.0649963757250308,0.0614557353215415,0.2820807090267817
a56e92c92cb27a60ea2876a13b48f2a6,경기도,평택시,우성농장,2018-03-14,0.0,0.042826993957077,0.201265770490034
dc105cbfd791ac11930690ec9dc60fd0,경기도,평택시,운봉농장,2018-08-31,0.5664137357911494,0.0057995435135107,0.0330950008178136
d96b47f5465394c0b3ab0810feab1166,경기도,평택시,원범농장,2018-04-30,0.2634068715574132,0.0894229431916495,0.355988512696582
1f9d53f47add23ed4793b4b6e39247cd,경기도,평택시,유안농장,2018-09-30,0.7285747611575776,0.0375089420601841,0.1989524618043592
cb874b41ce4f6df768fb411d5771186a,경기도,평택시,은혜농장,2018-04-30,0.0692679904549256,0.0167401554573191,0.2951537100550989
5a2f1aae35aa1bda959004edfb3de320,경기도,평택시,이범식,2018-12-31,0.0731758686948831,0.052165977068675,0.1492448794857465
76ad77a0b7ae9dc9174714edd546604c,경기도,평택시,이조농원,2018-04-30,0.1992612998207515,0.0200113868008102,0.1640820630225124
bafd5786ae61d516204edbea8e533187,경기도,평택시,인주종계,2018-09-30,0.6932462814436979,0.1221965238695476,0.3094159909918791
fcb8df8c8b8b2dd3ce445f594ac8bd4f,경기도,평택시,일진농장,2018-03-14,0.0637860016535155,0.0217560767254723,0.1790351130246036
52bd2e0748ab3b5c2e3d41a43458740a,경기도,평택시,장게농장,2018-04-30,0.2468699909073043,0.068814370535578,0.3448881943364194
cf484170de62b5abd9094cc631af2727,경기도,평택시,재래토종닭 농장,2018-08-31,0.0477953769695116,0.0183975475006552,0.0848561042672935
8633a1bf5983625dba8fd038f0028a7c,경기도,평택시,재엽농장,2018-09-30,0.0805255040776153,0.1897830231275205,0.5526376885032162
af8a32d4156a4802d600b12a7f879185,경기도,평택시,정봉수,2018-12-31,0.5208936634257758,0.013677058569408,0.2668073254836092
84a497793e9679b54e80c47cffb47280,경기도,평택시,조현일농장,2018-08-31,0.3285016093004939,0.081212922921116,0.2214537591823492
871559ff7ea2ecdfc02f9a120e7a8f89,경기도,평택시,준현농장,2018-10-31,0.3045968028430706,0.0213460914551479,0.1807671815795246
3b2a9d9a41c6a4f20be28c6072d55745,경기도,평택시,창내농장,2018-03-14,0.0377531350045007,0.1932362283628301,0.5299944923667574
820c62a4daf1471ad14c4512a124971a,경기도,평택시,청운축산,2018-10-31,0.1627128889648053,0.0577933168607703,0.2627682730555669
2e0dc15b706aa8a3927de9e4e5de6c82,경기도,평택시,태정농장,2018-10-31,0.0442238408836425,0.0148694389383622,0.2917639532185707
ffea9541733c7365d7b2a7449451cada,경기도,평택시,태평농장,2018-04-30,0.1864278611071239,0.0972474182960853,0.322621122064373
4a8bfccfded60d58324ba4a8916ec98f,경기도,평택시,토종닭농원,2018-09-30,0.6293185428770137,0.0238975259522825,0.1239715909131195
2380ff44cca762cc1d5efb1a6e23a9eb,경기도,평택시,푸른농장,2018-09-30,0.0499749881717525,0.1538354336473635,0.5817191976619833
dbe7e1b74fc784dbc37666227465fec1,경기도,평택시,한국축산영농조합법인 부화장,2018-08-31,0.0564794053767653,0.0635720309336397,0.3087069587541219
e09e40b4630d8b197d13a0aad2d3fe96,경기도,평택시,한솔농장,2018-03-14,0.4099278253327099,0.0088983647799558,0.0419206166621784
5ad5f3bb5e13ec21e6ae6a02eb397230,경기도,평택시,현덕농장,2018-04-30,0.0369043953621316,0.0439076372878119,0.445277924542894
29b862c9f10e61cd0a8a748cf8105b5c,경기도,평택시,효진농장,2018-04-30,0.020054379127678,0.025909386677955,0.3497226940894496
f1008eac2dfcc5a45a2b9070082b4038,경기도,평택시,김순도,2019-01-31,0.0790894979104878,0.0424202283052348,0.2324447485362252
7bdb5c8ab06ee1fb67121ba5bf9da191,경기도,평택시,김영남,2019-02-28,0.2258686196279826,0.016533162627976,0.3452901711062418
68b32d9f875d83576e61616e2d6ed58b,경기도,평택시,김인찬,2019-01-31,0.1211553228918419,0.0623202987669508,0.2021112837470443
c6e7828437d02258d29c2728aff177a7,경기도,평택시,문현명,2019-02-28,0.0664091255736598,0.0060410933087962,0.0387213805343943
2e8ea5d326270b10da39772fbb51570b,경기도,평택시,박주철,2019-01-31,0.0496172346947055,0.1851464012679488,0.375173016089234
b4a52a6640435402447c2ab69a492ebc,경기도,평택시,안병전,2019-02-28,0.7285747611575776,0.0375089420601841,0.1989524618043592
03e3ba5666d820dce48ed33b0ef33506,경기도,평택시,임재수,2019-01-31,0.2053434584997851,0.0190037853501578,0.3429949551245758
d55020cd4475648c4413adf9be80be69,경기도,평택시,한우진,2019-01-31,0.0354868546701511,0.0468443502787916,0.2208164368266569
13c80be770bab489d2b732a40a303796,경기도,평택시,한우진,2019-01-31,0.0923918969422151,0.0956822003154875,0.258109799416606
323c69c719929c3ee7e8fc81c6a084a8,경기도,평택시,(주)성주농업회사,2020-05-31,0.8845344986646013,0.0044599336343643,0.0761676039723438
4bd9412e1a0b6528a39a0e786cbdc753,경기도,평택시,㈜영진,2019-12-31,0.0451815057193109,0.0157908189435836,0.3038223403767928
4e97cd7406ff98c6f8c78ac09e6e7226,경기도,평택시,권영호,2019-12-31,0.0563640159535566,0.1369466851965551,0.3428004607715653
fa32330b801bf1db8a8e3ed4552a23c8,경기도,평택시,김광현,2020-04-30,0.0719915801999191,0.0187018167542141,0.3368445586344676
0b5aa5bf4af79cc2cda05b3c231c1918,경기도,평택시,김동철,2021-04-30,0.0318851330654537,0.0414841925828561,0.2058584096146612
151df63ce1e94409db1f4c36c6d9e647,경기도,평택시,김득수,2019-12-31,0.602880263768155,0.1162470128134602,0.3438007398390295
102c7abf5d0d64bac1bdcb15515508cf,경기도,평택시,김승민,2021-09-30,0.0,0.042826993957077,0.201265770490034
b1ed4cbef839a4ba7a4541efd551dce3,경기도,평택시,김애자,2021-07-31,0.2500035693846606,0.0149717985907036,0.3736634855857254
75aa1ae292aeb2a04f063f43d9b5c49a,경기도,평택시,김영부,2020-01-31,0.0701901698509178,0.0487820232268861,0.2259882432115811
0a5908b928ec94c8cdfdbd5ae18d51f3,경기도,평택시,김영수,2021-06-30,0.3556824273888105,0.0840871955699929,0.3909872044231903
4cce978fc1fe0657374b3113a4f814c6,경기도,평택시,김오동,2020-07-31,0.3465558160878011,0.0552720544430021,0.2595898007830154
8945a2759d3289ee26cc8f6c71c36328,경기도,평택시,김용운,2020-04-30,0.0596629122235971,0.0120985637264049,0.1184270831273655
8e4a439e7e24e38a8fbf2256cf3aaf11,경기도,평택시,김인순,2021-11-30,0.1580054070265873,0.059905981234976,0.2942231733888769
07d0498c6fcef02ef8df588839307dd3,경기도,평택시,김종선,2020-11-30,0.0499749881717525,0.1538354336473635,0.5817191976619833
873fc56ad646d5d21d3d4e39e564cc37,경기도,평택시,김중기,2021-07-31,0.4270167673561689,0.0640138168499971,0.3111128650369134
223f704e72106fc1587847b600dd6b62,경기도,평택시,김찬주,2020-11-30,0.1195966215240382,0.199275341310273,0.5228996538400901
98bc76456408888020e0c7443e325e56,경기도,평택시,김태한,2021-04-30,0.3388088834876102,0.0213854635804466,0.1608422727507385
81a3b4abc1fdd7ae852bccfd447d5e3d,경기도,평택시,김학주,2021-09-30,0.0684990227966446,0.0791765868464146,0.4541599310941694
461ccd511521a36599b2d9bd45153285,경기도,평택시,김학주,2020-01-31,0.6932462814436979,0.1221965238695476,0.3094159909918791
427aee2195a5ee460a96cc7fbc3b8646,경기도,평택시,김희태,2021-06-30,0.1188198838402414,0.0593075570112216,0.2782166680574542
d52b309165b992611ca75470a61fc398,경기도,평택시,노병길,2021-06-30,0.3045968028430706,0.0213460914551479,0.1807671815795246
46d4a5b47947c479cb0c97c2dd59bb3d,경기도,평택시,노지영,2021-07-31,0.1469556545491479,0.0590165686710375,0.2773819476056565
d2dc76c6db14b32b33131eefb23dabf4,경기도,평택시,농업회사법인(주)양지바른,2020-07-31,0.1206157250835165,0.150291774743257,0.4222278645125542
37a0f747cdd164e1989495e8c7b225ba,경기도,평택시,농업회사법인(주)해오름양계,2020-07-31,0.0733165450509503,0.0596272685011128,0.2790540587643885
e1ca7e026d124ba18f91fe1843bc8084,경기도,평택시,농업회사법인양지부화장(주),2019-12-31,0.4484873693953621,0.026890657136764,0.207778643597353
374eb811aeb91afadfc38aa2b66d7dbd,경기도,평택시,농업회사법인인천축산주식회사,2020-01-31,0.0649963757250308,0.0614557353215415,0.2820807090267817
784e529f5175075da0012108446e7391,경기도,평택시,농업회사법인조인(주),2020-06-30,0.2577024693479991,0.1022761300963765,0.4082952487956492
55df128031f0ebe35ffacee14c8a30df,경기도,평택시,류철섭,2019-12-31,0.5067871567072156,0.0806256166945198,0.3691901293433395
a5198dd9a3ba377d03b355cf2b371bfe,경기도,평택시,박미애,2021-04-30,0.0401200660817789,0.0500699304128039,0.2878919981725095
78ebaf7a9e986bd493a37ead0c80269e,경기도,평택시,박용선,2020-07-31,0.2774400710259665,0.0516994646063492,0.1593217048745278
d0df5255f8118ea2135c530ddd9b5401,경기도,평택시,박종규,2020-01-31,0.1702925122373557,0.0717909469646785,0.3922496227804134
e649d64ab4fb4d536fbee91d999e187b,경기도,평택시,박흥수,2021-11-30,0.1044550965619333,0.1905707844538313,0.548806640918158
36f9729ac1abb35417c52d8d37ce2213,경기도,평택시,백형삼,2020-11-30,0.3045968028430706,0.0213460914551479,0.1807671815795246
65ccde58d4e450f17643474ea8c8e5cf,경기도,평택시,송근섭,2021-11-30,0.1309020832277713,0.0159534235430342,0.3115439693427752
b9d9a6ee47e573f9e72271a5789a2294,경기도,평택시,신상우,2021-11-30,0.0442238408836425,0.0148694389383622,0.2917639532185707
d41e00e2682ba72cdd884861a2e9bc32,경기도,평택시,안도원,2020-11-30,0.6694415929177359,0.0061426280328039,0.0986445214943435
94cbc1fcb7a85076e93906f67952126f,경기도,평택시,안서운,2020-11-30,0.074647873581289,0.0164252002936082,0.3106507280925061
b3e62a928dbbf9de921120ff29b14892,경기도,평택시,오인근,2020-06-30,0.0014973383106498,0.2134983361040725,0.4636870443796802
6d820a7b14087b5925a24fbbb81f72d9,경기도,평택시,원유용,2021-04-30,0.1071774226235828,0.1126819255578983,0.3410188558812752
6edb0a061db029342458f4f5993cc1b7,경기도,평택시,유귀섭,2020-04-30,0.0408568530088964,0.0768087462600488,0.3037259025447379
4dcef4070cc95393aea876d753becdec,경기도,평택시,유해정,2020-04-30,0.1432849408606714,0.0789268767572993,0.3237506984602813
c3914b6c26bb92b1661e8d182a8e144a,경기도,평택시,윤경숙,2021-04-30,0.2407423450733031,0.0285928849355069,0.1328258484758737
32153775ccd00fb3a7ae91321214386e,경기도,평택시,이명숙,2020-11-30,0.1519579368980139,0.011734687046887,0.2361691484445914
f2648d13c02c9e5732f378184873705f,경기도,평택시,이명옥,2021-04-30,0.3022986008977449,0.0153674942374967,0.3071988368582732
394327149bc98e8de880c8a7d511f1f3,경기도,평택시,이수원,2020-07-31,0.0399786702548808,0.0117623775936345,0.2043022235103896
5680dcee0300772f88243dc0c92d9e31,경기도,평택시,이윤갑,2020-11-30,0.0184652174977488,0.0956921168298561,0.2916692529340173
1e1e1e7e1d2db7a28c1f326b85a54439,경기도,평택시,이인자,2020-01-31,0.1992612998207515,0.0200113868008102,0.1640820630225124
fe115a603bfa48966a413a1e971bf1c3,경기도,평택시,이종삼,2021-09-30,0.1627128889648053,0.0577933168607703,0.2627682730555669
6a192a2a313a7f233deb4d3b7a50e5db,경기도,평택시,이종원,2021-09-30,0.2730762889089138,0.054590154822006,0.1928898318187367
2bc9d3b6b65c49f341a4e021a4861388,경기도,평택시,임강빈,2020-06-30,0.0227420126101107,0.025909386677955,0.3497226940894496
057fc730a0b4aad0a8770e0490bcb61c,경기도,평택시,장혁수,2020-05-31,0.0414855529810484,0.0756432838801163,0.4216214682705325
bfe35a4e59bfbfabb4af81e9910f9f20,경기도,평택시,정규경,2021-11-30,0.2468699909073043,0.068814370535578,0.3448881943364194
f7c8ced5d6ceef6d9e79c255df0df56a,경기도,평택시,정재엽,2020-07-31,0.0805255040776153,0.1897830231275205,0.5526376885032162
1eba73169ffd28a21948aa16dac550a8,경기도,평택시,정찬붕,2021-04-30,0.0377531350045007,0.1932362283628301,0.5299944923667574
6142a190548d89c6754b9d56e3ae4335,경기도,평택시,정학재,2020-07-31,0.1704302558512927,0.1290129092010508,0.367032554443325
376bfc4d9fe159b3637c7c847b696913,경기도,평택시,정회정,2020-06-30,0.1016939022407972,0.0435905240282959,0.1157905071545837
2ad3065a166c2ab9138fd99a52b7c91f,경기도,평택시,조동현,2021-04-30,0.1657942414037783,0.1614079045752252,0.4088205488766584
abed9f1b042fae76c621b24af0afd4ed,경기도,평택시,조이종,2021-07-31,0.5446663854200406,0.0741646265872293,0.2019332843404071
f0d6cb7a05053e0e4067fe00c45e048b,경기도,평택시,최칠용,2021-07-31,0.1353056641396421,0.0541439991111518,0.2023157583502501
97d6215dc89df775ace813bee367c029,경기도,평택시,허근무,2021-11-30,0.2634068715574132,0.0894229431916495,0.355988512696582
57745f368217cf9bc012193aa4122383,경기도,평택시,황승준,2021-09-30,0.1323245776005182,0.0546601169265256,0.2498649613191087
a41e1fae279cf578ab46b2bdd18975d5,경기도,평택시,황중식,2021-04-30,0.3877986759302438,0.0631960448979371,0.3080114551554345
323c69c719929c3ee7e8fc81c6a084a8,경기도,평택시,(주)성주농업회사,2025-05-31,0.8845344986646013,0.0046824158715231,0.082405166651505
323c69c719929c3ee7e8fc81c6a084a8,경기도,평택시,(주)성주농업회사,2025-07-31,0.8845344986646013,0.0046824158715231,0.082405166651505
4e84c991d603382a6ae5872fe842867e,경기도,평택시,거창농장,2026-01-31,0.1664323860891893,0.0592101442616241,0.2896590150640775
26386fefbb1dd0266ef15fa977eb09d3,경기도,평택시,거창농장,2025-05-31,0.1664323860891893,0.0592101442616241,0.2896590150640775
dbfc3fd17094936fc6d8b5cddeb5dc86,경기도,평택시,검은들농장,2026-01-31,0.1878987831810843,0.0188715472993276,0.3410281739605137
e6334a67fea4e2ebc27fa24c46e7ae8a,경기도,평택시,검은들농장,2025-05-31,0.1878987831810843,0.0188715472993276,0.3410281739605137
b296f3e88d66af2b38bd2582ab650616,경기도,평택시,경훈종계장,2025-04-30,0.0601363327246737,0.0158841228949733,0.3043344312432653
e7e91d3833efa18b8b47f8418249b6ea,경기도,평택시,구구청북농장,2025-05-31,0.3409048501396522,0.0212834095306705,0.160040624677673
019f5e9e866df4622fba9a805634245a,경기도,평택시,군문주말농장,2025-08-31,0.4220568659330131,0.0390823917199623,0.1984229869434778
019f5e9e866df4622fba9a805634245a,경기도,평택시,군문주말농장,2025-04-30,0.4220568659330131,0.0390823917199623,0.1984229869434778
ea2c98c5c4ee9a3f4925369d12596c68,경기도,평택시,그옛날토종닭,2025-04-30,0.2563638702154551,0.017605944772707,0.3376764837469059
b6df6324431c515ac89a51d0fa8a490b,경기도,평택시,길음농장,2026-02-26,0.1625442580655778,0.1610676874624405,0.4085123168777225
e24e1ae9713e3f648820bf3f7c06d587,경기도,평택시,길음농장,2025-07-31,0.1679025655796129,0.12828867224512,0.3662519694256583
6de163055692bd51ebbc755c17de994a,경기도,평택시,길음농장,2025-05-31,0.1679025655796129,0.12828867224512,0.3662519694256583
3b21e8cb43f3a370a385f364e3433667,경기도,평택시,길음농장,2025-04-30,0.1625442580655778,0.1610676874624405,0.4085123168777225
288ec5e0bfa5cfa3aaf6571d1c1898d7,경기도,평택시,내기농장,2025-07-31,0.5755865792040938,0.0135754063606165,0.2643156593656818
ba5eb2eeb9a4c8c4d62aea24dd18be96,경기도,평택시,내기농장,2025-05-31,0.5278987558319522,0.0136291002973644,0.2675981507355398
cbe207d7d3af2551ebded6e1e91d8bdf,경기도,평택시,농업회사법인 인천축산(주),2026-01-31,0.0541593078222023,0.0616610773285609,0.2824870740592529
1aca6fc147727cc23b8bc9d0a516651c,경기도,평택시,농업회사법인 인천축산(주),2025-05-31,0.0541593078222023,0.0616610773285609,0.2824870740592529
cfb90cf49a646a2cd7dbc2d10a3b5143,경기도,평택시,농업회사법인 조인팜스(주) 청북지점,2025-08-31,0.2371999967492481,0.1022025381569989,0.4090656444032411
0bd670f3e6f6c1440fe7dc1b7c58c0d8,경기도,평택시,농업회사법인 조인팜스(주) 청북지점,2025-04-30,0.2371999967492481,0.1022025381569989,0.4090656444032411
162de558587827c2c3e1723ed2d70b42,경기도,평택시,농업회사법인 주식회사 장연양계,2026-02-26,0.0606872999342109,0.0597797513216828,0.2793696028357037
a702d47c04c4148f62ce76cb08124320,경기도,평택시,농업회사법인 주식회사 장연양계,2025-05-31,0.0606872999342109,0.0597797513216828,0.2793696028357037
a589966a617f3a361d9c241ba91304a3,경기도,평택시,농업회사법인 히즈팜 주식회사,2025-05-31,0.0157872175205223,0.0463573746664168,0.2197423056288741
9bf71934f32b435b46cfa8350ae5a33e,경기도,평택시,농업회사법인 히즈팜 주식회사,2025-08-31,0.0157872175205223,0.0463573746664168,0.2197423056288741
38cc9252953f7c326237ea282bfc9039,경기도,평택시,농업회사법인 히즈팜(주) 고덕지점,2025-08-31,0.1065944126317306,0.0958532536473383,0.2573095583582661
f1b4f81befa185110754c5be0994b980,경기도,평택시,농업회사법인 히즈팜(주) 고덕지점,2025-04-30,0.1065944126317306,0.0958532536473383,0.2573095583582661
5b70ec4e96335cfa91c34add2614c611,경기도,평택시,농업회사법인(주)양지바른,2025-04-30,0.1010412647999456,0.1510995457601255,0.423582930775584
4f516425aed2cbb06b59d6c83b00a494,경기도,평택시,농업회사법인(주)양지바른,2025-07-31,0.113579658479745,0.1436885976669689,0.4111741014850729
5f809c648cb550417ac2c46c8cb4863c,경기도,평택시,당거농장,2025-07-31,0.1346132421489153,0.1990756442590335,0.5215598789145459
8e6fc3a27a6a925ec97f3e9dd67b169d,경기도,평택시,당거농장,2025-04-30,0.1348817585930297,0.1990883242475298,0.521547728584125
41e27956c840cb97688e5960a180c660,경기도,평택시,대림농장,2025-07-31,0.0580631427644052,0.1804682700235164,0.3748618149008689
2e1adad461b77ebe7c77d7f7bf0cf26c,경기도,평택시,대복농장,2026-02-26,0.0193391840630912,0.045663124834421,0.2081295630590146
93bc82be4b3ad7836c5de602f083a20d,경기도,평택시,대복농장,2025-05-31,0.0150749003454694,0.0418280526864457,0.2028779647337524
50e2721446ceecfc173dbf7a0b7f4be4,경기도,평택시,대성농장,2025-08-31,0.2217182947235742,0.0285499605974956,0.1317113927143879
65928daecc369ff7b80b71f7f42804b7,경기도,평택시,대성농장,2025-05-31,0.2217370783017893,0.0285514423217236,0.1317298023149809
4ae9a44a767d805b3808feae2ed9e17d,경기도,평택시,대영농장,2025-08-31,0.148255336921185,0.0752337420908987,0.3954122666209006
8463a648e87f8c830b22acefe70eebc8,경기도,평택시,대영농장,2025-05-31,0.1812999737589426,0.0723768533927242,0.3926802374396347
ab54c44b3cd44010ff772df71620d40c,경기도,평택시,대일농장,2025-05-31,0.0516914032574657,0.010750450451165,0.2614396817572271
76494c9376b4f5e27e67c9d9787657de,경기도,평택시,대한농장,2026-01-31,0.0209961839174848,0.114933247176795,0.3409010941288356
624ceb18e07488a8e663a84f83fc17e1,경기도,평택시,대한농장,2025-04-30,0.0209961839174848,0.114933247176795,0.3409010941288356
62e50c4bf439c52d9178258154ebf7b0,경기도,평택시,덕수농장,2025-04-30,0.4938226391928503,0.0820491909432385,0.3748048824805975
fc208c0148106f3096ab919acab8c47f,경기도,평택시,덕수농장,2026-02-26,0.4938226391928503,0.0820491909432385,0.3748048824805975
e8888946ee31bfe70e839dc9827defb6,경기도,평택시,도곡농장2,2025-04-30,0.2811440152049904,0.0146748533445183,0.274662490437615
2937f95a57afaffc7c7a4d8501a1e294,경기도,평택시,도곡농장2,2026-02-26,0.4226260080847602,0.0150743010240669,0.2701840804782333
b2576b8a8651a87a704804c6faaebefc,경기도,평택시,동순농장,2025-07-31,0.1949851372201717,0.0469570529575318,0.2373645799946162
c1761c46176f0f0033c50567f4290860,경기도,평택시,동순농장,2025-05-31,0.3590249346676419,0.0960449925047768,0.3168951441649564
68389afb45c8ca001c7ea36756b0df03,경기도,평택시,두곡농장,2025-04-30,0.387538171188124,0.0838539378550103,0.3886232986245749
447f6e6b0c4f295f414b3e20f60defb6,경기도,평택시,두곡농장,2026-01-31,0.387538171188124,0.0838539378550103,0.3886232986245749
a18d53bf07ff04d79e9ef8e6e07fc8dd,경기도,평택시,드림팜,2025-08-31,0.0233514728531066,0.0670200280036851,0.3883935453994927
7d35b8ee7f629bea0363878b838b2bb8,경기도,평택시,드림팜,2025-05-31,0.0380228467191616,0.0665902272911111,0.3913465540010101
0b41be9dac6285556e8448ce19773597,경기도,평택시,들길농장,2025-08-31,0.6176656045966722,0.1165380193643681,0.341816372860009
26a97d4bba16e7c763aed121a82648aa,경기도,평택시,들길농장,2025-05-31,0.6176656045966722,0.1165380193643681,0.341816372860009
37a43d6cc2eadcf5f587ac17dd3ce1a6,경기도,평택시,마두양계장,2025-05-31,0.0358415718176607,0.0768093578050656,0.3031242027853633
f5a0ec230c6ab2e1cb4ef03f25fd2f3c,경기도,평택시,마두양계장,2026-01-31,0.0470305850357602,0.0766655216129778,0.3023377746153863
6466b8757cc2f3b96b9aaa566ba1a893,경기도,평택시,무지개농원,2025-04-30,0.0184000834158676,0.0117694739696411,0.2047397168444073
9a267bcf8e8b0d478a1efa56e39a224f,경기도,평택시,무지개농원,2025-07-31,0.0189097161690251,0.0117692494997659,0.2047451106294375
7543e08ea934fb7443254d3987b3e24c,경기도,평택시,미하농장,2025-05-31,0.5067871567072156,0.0807007208354771,0.3696338813939223
873443ffc1f1d185932b26da778efeff,경기도,평택시,미하농장,2026-01-31,0.464078878422491,0.0800669642731571,0.3664551974572345
5fa901d7a0848ed37e99162884c01eeb,경기도,평택시,믿음농산,2026-02-26,0.1936193940235782,0.0284445576303641,0.2950187052307148
11188a2364b77ebb9534b7110b18996a,경기도,평택시,믿음농산,2025-04-30,0.1933363821296012,0.0284309520464436,0.2950102626801335
d71a9b25d8dbb1cefae4e4d768e6aaeb,경기도,평택시,봉화농장,2025-07-31,0.3873183833803876,0.0631860692809641,0.3079718035996433
64cc5fc88c60117e7964612e8893ffe1,경기도,평택시,사향오리농원,2025-08-31,0.0924681163617706,0.0499243194103737,0.2452805150979018
c4b4759aebf620696a128f39b7b11737,경기도,평택시,삼현농원,2025-05-31,0.5737269315374568,0.0272505681218155,0.2100531791501696
78a4012186695fad4a415dfd901b5a21,경기도,평택시,삼화농장,2026-01-31,0.3249569585043783,0.0065348570347354,0.0294700808265717
78a4012186695fad4a415dfd901b5a21,경기도,평택시,삼화농장,2025-05-31,0.3249569585043783,0.0065348570347354,0.0294700808265717
60227077b8b90ec47c358ff8843287bb,경기도,평택시,선천축산,2025-08-31,0.0544569595984242,0.1146140581693473,0.3237606301543249
9cc11c0bf0d247697b0bde4869fede9b,경기도,평택시,선천축산,2025-05-31,0.0544569595984242,0.1146140581693473,0.3237606301543249
ea806a06bb88b15a5116fb918bdf1ffd,경기도,평택시,성재농장,2025-05-31,0.1711382376296958,0.0547129305026195,0.2503693166495067
7295d6f1cdc842285b9fa582ead7e47a,경기도,평택시,성재농장,2025-08-31,0.138562891361978,0.0544997658577079,0.2494642498609671
15fe7f0667d91935e21bc744d7530a97,경기도,평택시,소망농장,2025-05-31,0.3184456684607843,0.069588214168468,0.3937769493401214
8080d42520de94432f3b4155c9a33d86,경기도,평택시,소망농장,2025-05-31,0.1146342591982424,0.1908479905240787,0.5467427846234947
3023c2f164f7e49acfdba66f711234fc,경기도,평택시,소망농장,2026-01-31,0.1151598104508566,0.1908409065281822,0.5467743715202328
bc3714f6f47e0553c12cb6e49826e16f,경기도,평택시,소망농장,2025-08-31,0.3188218115085109,0.0696167967889841,0.3937973484237289
d0697e3b8729b40ce0449d13d777156e,경기도,평택시,소망농장 제2농장,2025-08-31,0.2445274679860873,0.0745972199505739,0.3999714220264099
f1e088e6cb36752af507f68ec9346b67,경기도,평택시,수일농장,2025-05-31,0.216678079355072,0.0115183699538444,0.238894216026329
84a2c3cb63a88c8aa49101541c7d63d4,경기도,평택시,신리농장,2025-05-31,0.0581613170734043,0.1804950283563799,0.3748728553559229
e05075ebb447a03f1fbc28fbed486e07,경기도,평택시,신명농장,2026-01-31,0.096249787154864,0.0622744983958901,0.2003019944361387
6abbbe5c45f74e4134d53a9fa7e577e4,경기도,평택시,신명농장,2025-05-31,0.096249787154864,0.0622744983958901,0.2003019944361387
01ef2d9a1ab5cd9a14231b87038ff7da,경기도,평택시,쌍용농장,2025-05-31,0.259790195844342,0.0179745128220925,0.0951862357676796
ac27d49cd0a87b86675595d0ced45fe3,경기도,평택시,쌍용농장,2026-01-31,0.259790195844342,0.0179745128220925,0.0951862357676796
0efb6ea4b5a57824a1d069a2979e0c16,경기도,평택시,야막농장,2026-02-26,0.0419796198881285,0.0422433391989926,0.1153693054059304
2e253bf142949eac24ea310a0b35c96f,경기도,평택시,야막농장,2025-05-31,0.0427154237748812,0.0422651628446571,0.1153709791448283
1d7976fdc0ffb3f541432090bb7e3103,경기도,평택시,에이원축산,2025-08-31,0.089501968439882,0.0148148467930607,0.2907880058433553
7ec93f7bac67f8280f50406bc5246ba7,경기도,평택시,에이원축산,2025-05-31,0.089501968439882,0.0148148467930607,0.2907880058433553
dcd2699240d2860166dd1b6ed86ab13b,경기도,평택시,영계마을,2025-05-31,0.1662212881284329,0.0730043877865449,0.307609886939965
6537446801708c4ee58a390baf3cf1a0,경기도,평택시,영계마을,2025-08-31,0.1471131565485331,0.0729613029243348,0.3076935872888539
9b6a9fe9e9efe5340509746b940ab6a9,경기도,평택시,영계마을 2농장,2025-04-30,0.038370883853647,0.073760331045309,0.3079766918226812
6458b8cc141833ee7b529d827dcf7f8d,경기도,평택시,영계마을2,2026-01-31,0.0426221077702963,0.0734804324171616,0.3076024091660116
3e2c27b86cb3c49619fe712c0bb9e481,경기도,평택시,영신농장,2025-08-31,0.1555656424627517,0.0788520254174677,0.323902357146143
3cabe19dd708929c158e7beccbc43161,경기도,평택시,영신농장,2025-04-30,0.1555359736011215,0.0788521375024153,0.3238997878828741
4754741f2e68fb907102200c397473b6,경기도,평택시,오성농원,2025-04-30,0.0129907865945469,0.2132826793613958,0.4636568354653178
4c2473f70c5b2e32f2016d3a9d06e501,경기도,평택시,오성농원,2026-02-26,0.0232513486595685,0.1926857228594161,0.4471032802143878
bc3e55e5ca11feadaf260237a2ca0bae,경기도,평택시,오성축산,2025-07-31,0.029086532448616,0.0543995971700944,0.2487330032101197
cf289cea3c3af0725288d222fb6bad98,경기도,평택시,오성축산,2025-05-31,0.346151366608059,0.055209843464038,0.2597445579403014
ddc77ce2f737015a26f76445c0a7fdd2,경기도,평택시,우성농장,2025-05-31,0.0063815626826723,0.0417219829386653,0.2015027482098232
55ac0280114276a6a01569e59b5690e9,경기도,평택시,우성농장,2026-01-31,0.0063815626826723,0.0417219829386653,0.2015027482098232
fcb8df8c8b8b2dd3ce445f594ac8bd4f,경기도,평택시,일진농장,2026-02-26,0.0637860016535155,0.0493847199768169,0.2849306115750785
42fccfaa92bc45ef78fd80f45270a79b,경기도,평택시,일진농장,2025-05-31,0.0637860016535155,0.0493847199768169,0.2849306115750785
5456f1dc12ffa9d871d580b93c8bf1bb,경기도,평택시,장계농장,2025-08-31,0.2473948766686346,0.0690702237301041,0.3460306910608413
49975ca3eb85e7d8e95c830844da79dd,경기도,평택시,장계농장,2025-04-30,0.2473948766686346,0.0690702237301041,0.3460306910608413
c4521e2bc0fa5c28763920ca8fec1f96,경기도,평택시,장연양계(평택농장),2025-04-30,0.1601629667831561,0.0580565019059231,0.2750719943051704
a7c8220f735e0fb44f1b7e9d8ae089d9,경기도,평택시,재엽농장,2026-02-26,0.0902257916063378,0.1898210269733811,0.5522678821744901
9b4d5c9903bd64526ca96631a9177bcb,경기도,평택시,재엽농장,2025-05-31,0.104666821860178,0.1901376181479834,0.5507434098019932
b4c3e38df0bbfda47dd7420b600bbd0d,경기도,평택시,정원오리농장,2026-02-26,0.0049754963604488,0.0754107468381356,0.4196542858646657
cafbe7805dbe9164d4042afeea0f9352,경기도,평택시,제암농장,2026-01-31,0.0601518953350946,0.0419933795025549,0.2313225579977198
7cb32381c49f7bafcd2d70a419d7e76d,경기도,평택시,제암농장,2025-04-30,0.0601518953350946,0.0419933795025549,0.2313225579977198
9dde12aaa47d4cfc4ab4565103cd44e2,경기도,평택시,제일농원,2025-08-31,0.3409048501396522,0.0212834095306705,0.160040624677673
a52273b6d3290f9abd5f288a1010cd8b,경기도,평택시,주도농장,2026-01-31,0.1367860893217173,0.093293104289016,0.3701261458688035
d0b2a1ab82975b988038fa616f9f1788,경기도,평택시,주도농장,2025-05-31,0.3873183833803876,0.0631860692809641,0.3079718035996433
ad7c12f92ce80caea32da0c0a138aee8,경기도,평택시,준현농장,2025-07-31,0.2939973946715437,0.0216755228334124,0.1801511512012062
4379f71dfd0dc0b1d9eb1e4a419cefd5,경기도,평택시,준현농장,2025-04-30,0.2946293307037109,0.02173652635903,0.1801639910295519
a42899f085bda235207745524605d613,경기도,평택시,준현농장(3),2025-07-31,0.2255709884940589,0.0155377023089691,0.1792153074574798
edcbe513bc6756417aa196b432684ce4,경기도,평택시,준현농장(3),2025-05-31,0.2946293307037109,0.02173652635903,0.1801639910295519
921d80baac7bc49f472a45a8b2ef002d,경기도,평택시,중원축산,2026-02-26,0.1392645101963887,0.0188116244796446,0.3406544301899583
cb9fb3f563cf933cb8ef65948aaf8635,경기도,평택시,중원축산,2025-05-31,0.1392645101963887,0.0188116244796446,0.3406544301899583
55955440d3e1a74c5e9fda59cf7f5bb8,경기도,평택시,창내농장,2025-08-31,0.0461109794889796,0.193042170289501,0.5307308268463334
22c90360a7005a18274655f5edf87ee4,경기도,평택시,창내농장,2025-05-31,0.0461109794889796,0.193042170289501,0.5307308268463334
542110a88a496c55682191d98eb74aad,경기도,평택시,청남농원,2025-07-31,0.0595274852703331,0.0483344235964277,0.2236750630043755
367aa71ab308ddc7dff2eb48be592915,경기도,평택시,청남농원,2025-05-31,0.0593825054457347,0.0485070412803115,0.2246408258248081
9f2c81b5dcbcfc7b9e256948708b5e73,경기도,평택시,청남축산,2025-07-31,0.1878491119975666,0.0611219465583829,0.302060509269659
19c377fb3842d5c365b556f9632db528,경기도,평택시,청남축산,2025-05-31,0.1878491119975666,0.0611219465583829,0.302060509269659
ff241606382f7d3bcd09f060bc1b45ae,경기도,평택시,청운축산,2025-08-31,0.0143374742930543,0.0572257537315904,0.2584756431805585
8e244f5116f5201f411214a445a34e86,경기도,평택시,청운축산,2025-04-30,0.1577972618582351,0.0578136028586255,0.2627079797134916
5606a32b2726992ddd9825da99a81627,경기도,평택시,태성농장,2026-02-26,0.0088317133915821,0.0967469431223028,0.2948170901050605
edf5c37abb8587b0d655aa6442460607,경기도,평택시,태성농장,2025-04-30,0.0093896003021334,0.0967428592193218,0.2947974454896086
23f1c8b7a3f7c721afc2251a4b96fc87,경기도,평택시,해오름양계,2025-05-31,0.0885249709917256,0.0595624689067613,0.2788935423042417
edab9073670f538d8a68ab91f27aa656,경기도,평택시,호빈조류새농장,2025-05-31,0.1005365806148156,0.0185522443648933,0.2151155604300921
1fc04afeee535d0521f2fee02cafe222,경기도,평택시,호성축산,2025-04-30,0.0395412272259429,0.1381973344696539,0.3422928614186702
a46751f9dd9634cff49500fc0b44ced8,경기도,평택시,호성축산,2025-07-31,0.0566156864878882,0.1315112104638314,0.3449836109176923
54119fb743b3eb97f6c890e295f1db5c,경기도,평택시,효진농장,2025-07-31,0.020054379127678,0.0266712460572213,0.3537243811841821
29b862c9f10e61cd0a8a748cf8105b5c,경기도,평택시,효진농장,2025-05-31,0.020054379127678,0.0266712460572213,0.3537243811841821
e2a47713a4a1950daaf94d836b934846,경기도,포천시,-,2018-03-14,0.0143833826226205,0.0152048100194307,0.0236702176161067
24c162dcb5f052229eee941a7f939009,경기도,포천시,-,2018-04-30,0.0366111081150963,0.0176695662360044,0.0244750874598592
a1818b584d8128dfe70e2899bbe4b861,경기도,포천시,-,2018-04-30,0.0030408289262795,0.0302440192229219,0.0587172267625538
edacbf3d9ea218041bf693b7cbdc3880,경기도,포천시,-,2018-04-30,0.1351132055952745,0.0345391519079395,0.1205841818551285
ff333e0266898cf0833e43b284cb4db1,경기도,포천시,153농장,2018-03-14,0.0136815644993571,0.0231615097190726,0.0416747379873468
928c97e0863c5967cef16c444a615995,경기도,포천시,153농장,2018-10-31,0.1107506322869663,0.0122318307055394,0.024638066837749
dc589b821348551ad15706ae7bb37418,경기도,포천시,LA농장,2018-03-14,0.0576806670077672,0.0144089853918613,0.0099548505751609
e2817e0fe9b9d762b116800ac06c1642,경기도,포천시,LA농장,2018-10-31,0.0145037396742536,0.0399059935661368,0.0113720612414555
9fe36e04e299c7512f12b566fd16d0c8,경기도,포천시,가나안농장,2018-09-30,0.0787689709702854,0.0420856903626023,0.0570411920942635
06447ee7e54da3aa4ff8ba6409219b41,경기도,포천시,가농바이오(주),2018-04-30,0.0993106907657305,0.0255339463061167,0.0595939899431067
16218ebccd592d5163867397391240c4,경기도,포천시,가람농장,2018-04-30,0.0340844844902969,0.018006300988778,0.0313777362669966
b97ae9d02b909ca61ffc7354e120f07f,경기도,포천시,가람농장,2018-09-30,0.1038196043254168,0.0113967980728203,0.0061539057265434
cce65a166f6f60c74966b9b3f258fa5d,경기도,포천시,가람농장,2018-10-31,0.0409085637999037,0.0187575713007163,0.0167928167013307
4cab4a9cee086abeb1c0c2b3fdc2f613,경기도,포천시,가온농장,2018-03-14,0.080613658836088,0.0468659725017849,0.0444588450551316
9554f2a770d509784be299e41cef4b16,경기도,포천시,감천종계(본농장),2018-10-31,0.0659533822689904,0.0142963611496005,0.0244757137118161
e38f11038907cc14a4750c0b98980e92,경기도,포천시,강포농장,2018-09-30,0.0941994997119142,0.035122744292923,0.1331270754635238
7fd1bd4555c76bc1724d6414c0cd93f3,경기도,포천시,거사리농장,2018-04-30,0.0177199395696555,0.048587989925841,0.0582605626360609
c62d07e0b63b6b23f477b1bb54364b11,경기도,포천시,거사리농장,2018-10-31,0.0652859935824676,0.4371078253047436,0.0257405940783153
1b8f5ae725aa766af6e4993bda09ea00,경기도,포천시,경란농장,2018-03-14,0.1377135123332192,0.0098756617768077,0.0354102552416735
1e6149d8c2394a3851b90e7b9172d51c,경기도,포천시,경란농장,2018-09-30,0.043686722926573,0.0166826990762939,0.0326345154027348
f7728ae65576d28cbc7cca3fbc0020f8,경기도,포천시,경복농장,2018-04-30,0.019049462114378,0.0466367156909628,0.0562816584316297
9337c81dc8cc7357a1bd658132705d14,경기도,포천시,경복농장,2018-08-31,0.047753298290322,0.0410488895248078,0.0058626035323574
fa9272498a3851d55f1ea6f5be9a06d5,경기도,포천시,경원농장,2018-08-31,0.0861033656884088,0.0388691442844872,0.14992297817084
7b11901e67590664cfa9f32ed23a5940,경기도,포천시,경원농장,2018-10-31,0.2547326437075103,0.0186380025926918,0.0406121459351858
393db6d69d243efd2c8350c453b536ff,경기도,포천시,경호농장,2018-10-31,0.0137669130856937,0.0356409587160158,0.1347663595836639
e47d602b0e4635069aad8caf2e43cf6f,경기도,포천시,경환농장,2018-10-31,0.3940650263372824,0.0037296773733631,0.011519997408761
26fb03631170d97987c0d1e27357a3bf,경기도,포천시,경환농장,2018-04-30,0.0644550870680644,0.035097915756292,0.0671485469758296
05656555bf76c3a4ae02050f2bde9696,경기도,포천시,계림농장,2018-10-31,0.2111715783690416,0.0477039857983047,0.0517189365972244
a1ac607635e1c85368e1c3ff75209298,경기도,포천시,계림농장,2018-10-31,0.0149708954848895,0.0117764334374662,0.0396810173246066
2be5eb8b7b9aa48e3e03c906ea8869ed,경기도,포천시,계림농장,2018-10-31,0.7027439440587665,0.0101225724398783,0.00019248690064
07d88f2607ba65e7ce64cb1fb6aa28ab,경기도,포천시,계림농장,2018-10-31,0.0971684063814483,0.012369090660902,0.0062043123834213
e60d98bbaef605a834655a0b0d61be66,경기도,포천시,계림농장,2018-08-31,0.0859428891425892,0.0143530684423707,0.0537814636764912
a4ecd3c75c20b9193e647e4e02be8c90,경기도,포천시,계림농장,2018-04-30,0.0413326943139963,0.0471626921607728,0.0465770606566818
741202b291ac13ed715515476f8d08ef,경기도,포천시,곽○○,2018-03-14,0.0652415401564556,0.049044244870049,0.0577654937546777
f02bdbf3921bc06b50a2608bd301ec6c,경기도,포천시,곽○○,2018-10-31,0.349036462432923,0.0336411224964959,0.0400026690736839
a7f3323bc464a078d58d6f91c11b5e3b,경기도,포천시,관인양계장,2018-10-31,0.0,0.0252022718860339,0.1950012201986639
51b74e1fb73c7aafba846e5b4880fc27,경기도,포천시,광원농장,2018-03-14,0.1611288665066811,0.0459425454925576,0.0322699186499613
df0061f3b49ce7bf753f048d30edcd23,경기도,포천시,군내농장,2018-09-30,0.2180672585931604,0.0824298812744616,0.0430435977059013
f56ba2e408a42fd047581ae0b29d35cc,경기도,포천시,군내농장,2018-03-14,0.2915001609603097,0.0253590588178054,0.104171337036825
5a9322f96e82d407f710e064b55c839d,경기도,포천시,근상농장,2018-04-30,0.191835537302337,0.0479753697651486,0.0504661502625224
b3a1dae6fd7a4dc2080bce1f7d7b6722,경기도,포천시,금동농장,2018-03-14,0.0434858511909628,0.0146890173328679,0.0446854563237476
53e371c7b2ce749483c3af8448f3bdac,경기도,포천시,금동농장,2018-10-31,0.1292564983607729,0.0175832576104907,0.00019248690064
d17e24d6ee7ffcbe84089c6f505093b0,경기도,포천시,금성농장,2018-04-30,0.0321278748649395,0.0246812358351237,0.0818287399752538
56ce706a66e0b975985f1a92df0726b8,경기도,포천시,기산농장,2018-09-30,0.3281801958186628,0.0215634607712097,0.0516578592999202
bc1354331b4ea365b59ac2b8d5fdcffd,경기도,포천시,김○○,2018-10-31,0.5039672168065237,0.1661447743933747,0.0706742911280895
08494e6cdc7f2921a3aae5a4fab4f959,경기도,포천시,김○○,2018-09-30,0.1101739771914555,0.0416886153729459,0.0434716447996651
d8aa24e6aeabee31e4da1df36bc6944c,경기도,포천시,김○○,2018-10-31,0.5727756069171689,0.0120314337899509,0.00019248690064
4a606c2647a779068724306ad4d104bc,경기도,포천시,김○○,2018-04-30,0.2349816245806543,0.012439287291184,0.0376788643011021
ed1f37d55f9592fac4d29b512ff1b560,경기도,포천시,김○○,2018-10-31,0.1894798084530458,0.0173553911660332,0.00019248690064
cbe96478d8399a1de7bd98c251d1817b,경기도,포천시,김○○,2018-04-30,0.1310794159635766,0.0275744491981005,0.0590935113214583
b1998b10dbd048361ab8cb4a81c1254f,경기도,포천시,나○○,2018-09-30,0.0885013512444139,0.0737028206268784,0.0301664629783738
96cb1ac5203fb7fc4b2a4d8cb4aefef3,경기도,포천시,나○○,2018-03-14,1.045664318206008,0.02616158305474,0.0436061785477984
f7768b7181892588609afac7c63c1149,경기도,포천시,남매농장,2018-10-31,0.9429207120213868,0.0169941828263479,0.0337202660190163
bb15ad589fb0783c529cf4dbcfc11d40,경기도,포천시,남매농장,2018-04-30,0.0202439656580133,0.02206108651056,0.0525735274684419
3c30756dec654d15df2ab944200952fa,경기도,포천시,남송농장,2018-12-31,0.0813789903988239,0.0296094879901141,0.0135467362744294
3c30756dec654d15df2ab944200952fa,경기도,포천시,남송농장,2018-04-30,0.0813789903988239,0.0296094879901141,0.0135467362744294
42105d226f416b397e87c92fcb9ce695,경기도,포천시,남송농장,2018-10-31,0.2490954548832138,0.0176044752603339,0.00019248690064
741b02a73ef0845b3e3de8aec5d0f60e,경기도,포천시,너베기농장,2018-08-31,0.0308074814402204,0.0239078728755432,0.0316062378675745
c38f34012865b7cace5942c70f71d530,경기도,포천시,너베기농장,2018-10-31,0.1785434055835134,0.0180721249242792,0.00019248690064
31b899424daf3ef7c030da7b831c19c5,경기도,포천시,노○○,2018-09-30,0.1282067896030647,0.0121916141520742,0.0408286392569247
c38cb5835f2f4eb30c7883b771bedd87,경기도,포천시,노○○,2018-10-31,0.3441218791400397,0.0157041322974289,0.0005267872375507
666105b3d22b73d8187992ca676df193,경기도,포천시,노적농장,2018-03-14,0.0563019470800984,0.0076733718544508,0.0009705391998241
42e19d9935d905de0ea01cdc58772053,경기도,포천시,노적농장,2018-10-31,0.0423758682198944,0.0178828359731916,0.00019248690064
bc40c2b0b3151a9c59f896b5e2755b33,경기도,포천시,농업회사법인 (주)서림축산,2018-10-31,0.0211771266917317,0.0351929909086572,0.2974639409058474
4541ac622dacd2e227a2490fd8cd67ab,경기도,포천시,농업회사법인 세모에프앤씨(주),2018-09-30,0.1623936927262124,0.014900523121207,0.010663225461509
4774c738963162885fbdc4355d501548,경기도,포천시,농업회사법인 세모에프앤씨(주),2018-10-31,0.5039672168065237,0.1661447743933747,0.0706742911280895
0be20979315afc9ca165f72fb37c91c8,경기도,포천시,농업회사법인 인천축산 주식회사,2018-03-14,0.1327033858981982,0.0462937919147375,0.0582724331448249
b2e34a88cf1d5953c479ad3da7fbda7a,경기도,포천시,농업회사법인 인천축산 주식회사,2018-10-31,0.3163804264249678,0.034744183916492,0.0428238882628278
82b52c3c8c31746718c82245daa40505,경기도,포천시,농업회사법인 최연축산(주),2018-10-31,0.2544390702245973,0.0474297942135306,0.0490108642092167
8b35042ff7452ac96275bfc372f9f9f6,경기도,포천시,농업회사법인 치크월드 주식회사,2018-08-31,0.0660813254003917,0.0400321673084524,0.1634196395488871
2a53ff2edfdc8e4abfaefec2335e1c0b,경기도,포천시,농업회사법인(주)에스앤마니커 일동지점,2018-04-30,0.2132026632967119,0.0211323800151431,0.0677638574018847
4ff5ab581514b0822f2cd721c7727757,경기도,포천시,농업회사법인(주)에스앤마니커 일동지점,2018-10-31,0.1139462813194645,0.3365929463620322,0.2064314874347754
a078558d5460aa539cd8fa607624152b,경기도,포천시,늘푸른농장,2018-03-14,0.0633259652178229,0.0242330680939877,0.0611267701556884
6aebbd92c324543c7b51a7583d4689b2,경기도,포천시,늘푸른농장,2018-09-30,0.0659831570085003,0.0196592398315893,0.0573861436370791
b1752c41130d10522a2d739189a08264,경기도,포천시,늘푸른농장,2018-09-30,0.0243715398231549,0.0468275869602688,0.04796772518321
7c5925e2d6c7fd72711ed82ffc653bb8,경기도,포천시,능원농장,2018-03-14,0.1273428776077124,0.0423905753004835,0.0557373867962148
957b349a5b12696465598374eb854286,경기도,포천시,능원농장,2018-10-31,0.0673193666243855,0.0266231384569225,0.1519442648255079
98c1549b94f67894fe3a1754741512c3,경기도,포천시,다랑골농장,2018-04-30,0.0033987741834102,0.0357688300766645,0.123604616315452
907b474436ae07ef92e0b867b1b14a08,경기도,포천시,대명농장,2018-08-31,0.1413963648106444,0.0180150588721206,0.0369539870340334
12de30d5869a35d5736ecada7ecbccab,경기도,포천시,대명농장,2018-10-31,0.032135115429458,0.0202207781231103,0.0305635988557301
ecc36f66f1554729cd3a370db83c4356,경기도,포천시,대붕농장,2018-04-30,0.0427838618591664,0.0159606761526465,0.0524363919654123
822d03906ac6d35e38a80426d550b3a6,경기도,포천시,대성농장,2018-04-30,0.1927618124797371,0.019434947012823,0.0414074794305268
d19569ab4917d59ac3f5f67a3654b85b,경기도,포천시,대성농장,2018-04-30,0.1054049570752876,0.0148374251621767,0.0693536359256177
25117d521a43f6e9182dddcdc5d7006e,경기도,포천시,대성농장,2018-04-30,0.0155159491553189,0.0406847443110075,0.0352441551322965
930db82079e691aaba1c416e6747440b,경기도,포천시,대성농장,2018-04-30,0.1255029548155172,0.0119605514749608,0.0162871950516117
5b4efa31d681a335a2fa9503229308d3,경기도,포천시,대성농장,2018-10-31,0.1292326531872675,0.0158025877354764,0.0005267872375507
aa0d07090d4875e783ee2c82bce67273,경기도,포천시,대정농장,2018-08-31,0.0194242506565339,0.0123165575218477,0.0894305629918231
369bd755382bef0fccf74f5d0c73089b,경기도,포천시,대정농장,2018-09-30,0.2253562780538587,0.0343867766485323,0.0418024171481592
fbe5085d3b0b170b81ecb00ef1de555d,경기도,포천시,대진농장,2018-03-14,0.1148973407246228,0.0344394691434968,0.122116646657465
b529ad159e64db7e40d21e29fc076169,경기도,포천시,대흥농장,2018-08-31,0.1095573986950839,0.0109782550907345,0.020235433832037
4fb8640faf6ad2e483d22ad960d2d054,경기도,포천시,대흥농장,2018-10-31,0.019733037032242,0.0126226183204233,0.0175994231571589
d44616cf7673d1296be5eab49926fde3,경기도,포천시,대흥농장,2018-10-31,0.0620217912139435,0.0105707545550226,0.0202175795079527
547644fe2f4dae851ed4960c55fd4207,경기도,포천시,덕기농장,2018-04-30,0.2692907286367508,0.0062747700397838,0.0023135134684167
df9605a3960b45ed9b80319c5da36c21,경기도,포천시,덕기농장,2018-10-31,0.066890250651843,0.0154864933508381,0.0005267872375507
1b9185870c92b2e147ad5557465d38c7,경기도,포천시,동우영농조합법인,2018-10-31,0.1351132055952745,0.0345391519079395,0.1205841818551285
e23246ffecd8534acf5612f0782704e9,경기도,포천시,두레,2018-08-31,0.2137605097026101,0.0114492185565481,0.0150889453545426
c63b187726c05e62308cedb71317c6fb,경기도,포천시,류씨농장,2018-03-14,0.0409760561904793,0.0342779101004962,0.1199554493460967
15c30b065f5bf8e2fbe01267cb862796,경기도,포천시,만세농장,2018-09-30,0.0234602310683737,0.0388466262144208,0.0336558162592453
4d3076dc61c1a9fb78d81dcdba06618e,경기도,포천시,맑은햇살농장,2018-10-31,0.0363064215433547,0.0502616326092347,0.0598600483479993
b666b1ae490048dad3be7b10b7408307,경기도,포천시,맑음농장,2018-09-30,0.2131023912810027,0.0147527629879325,0.0097038585677688
992ad22516c9e3b0b550b178eceeaf5d,경기도,포천시,명산농장,2018-04-30,0.442537031143809,0.0146662969018552,0.0635364373083748
c6e5310d62636f1e7c0178fb1b813c3d,경기도,포천시,명산농장,2018-10-31,0.1953590954355057,0.0189783175983637,0.0147709477438652
08793eae4ef41295950fa4678ee0c857,경기도,포천시,명진농장,2018-10-31,0.2522046975643707,0.5758504091364927,0.0253816399287958
11361931852e28d21134682a3d2a07ce,경기도,포천시,명진농장,2018-10-31,0.1400739689162877,0.0403454700451821,0.1634875819100081
06b063dc5628cf593d7a8ba78741c17e,경기도,포천시,명진농장,2018-08-31,0.1592047787500573,0.0381712474404502,0.2747527977185768
4fba131f3194ccf7aeed864d81f62697,경기도,포천시,무송양계,2018-08-31,0.2468877418014546,0.0472850201474274,0.0461453868131154
41aa6a9e02d06cc4fb0af4dd8cf7f5c7,경기도,포천시,무진축산,2018-04-30,0.0601236019615747,0.0303504789025173,0.0147718003755625
ebc249ed400a34de3c76868e59caef8e,경기도,포천시,무진축산,2018-10-31,0.2901395044890077,0.0159569708916708,0.00019248690064
9c9f6832e95c11b5ef19844e0f1658b8,경기도,포천시,문암농장,2018-04-30,0.221915274769692,0.0121401611449386,0.0278033270727763
548edf04b5bb673e604a3a72aa33105c,경기도,포천시,문암농장,2018-10-31,0.4630231395038002,0.0128220536918087,0.0357096060832617
7b8b69bbcde07399203801200bd8e28d,경기도,포천시,미래농장,2018-12-31,0.1975579719800614,0.0468725794319736,0.0476701396411397
2b5dc456eb5bc36ace2080fee0396439,경기도,포천시,미래농장,2018-08-31,0.1788787056652432,0.0468725794319736,0.0476701396411397
eceb72fdbc53c1889fb9f1a6c5bc967b,경기도,포천시,민농장,2018-03-14,0.0969600326486725,0.0482041449561805,0.0475970495123574
8e20117763f72955892692ef403c6c12,경기도,포천시,믿음농장,2018-03-14,0.0531254450316478,0.0370360322751983,0.1900872536864438
432b0364c6186f08deb2e87578089f08,경기도,포천시,박○○,2018-10-31,0.5039672168065237,0.1661447743933747,0.0706742911280895
e04d07e9f85ef48cf416a3da783b4fc5,경기도,포천시,박○○,2018-09-30,0.2883979636665939,0.0165803195367156,0.0312087420850088
b3c9a7dac49f95c43bd0b3035db7f968,경기도,포천시,박○○,2018-09-30,0.0819512943901785,0.0331527818113374,0.0329103581277664
fb125795f2bf74a8da2f6428c2243433,경기도,포천시,박○○,2018-08-31,0.0208620245808016,0.0123353758024495,0.0386446350561513
18d3dcbb88cb5489cb9f28fa2026fe63,경기도,포천시,백로주농장,2018-10-31,0.1110398918725557,0.5456787346799696,0.1687627514348762
609453bd18dc8d00d58f2e096ce3db16,경기도,포천시,백로주농장,2018-03-14,0.0538835707957252,0.044659339216418,0.0480911758455162
74a65331a4f98b1feb409a6d8a866454,경기도,포천시,버들농장,2018-08-31,0.0409760561904793,0.0342779101004962,0.1199554493460967
ac70b78a3234adfacd9bc842afcf70c6,경기도,포천시,범수농장,2018-10-31,0.0349345521880507,0.0154700257411958,0.0784951604751331
d15b27a9948034edb1dd5291bfa526f8,경기도,포천시,범수농장,2018-03-14,0.1523896922388023,0.0322616622979862,0.1231534601606507
59dcaa83af672e68223f940ad2f1ff52,경기도,포천시,보성농장,2018-08-31,0.063728868814544,0.0192362596468274,0.0474811492390878
6db586530c25c237e76754f76d000e4f,경기도,포천시,보성농장,2018-10-31,0.0760804496941901,0.2727185693740672,0.092639148474214
0daa8fd44cb12ac029dac9012783a3af,경기도,포천시,복골농장,2018-09-30,0.0,0.0278252748091552,0.1880175797384655
d27abe2624968994c40035a73cb9136f,경기도,포천시,복골농장,2018-04-30,0.2754703558253681,0.029317974051584,0.0666003015535715
f06c4bf0f42d500cd13437900f9f988e,경기도,포천시,봄율농장,2018-04-30,0.3097366777288228,0.0417345731522087,0.0503664898723315
2906fea0ec6674609ea09e25ba1f21ae,경기도,포천시,봄율농장,2018-09-30,0.1413215348366665,0.0128805338091685,0.0284710184225246
6f520832163b7b027c6fe87497056333,경기도,포천시,부엉농산,2018-04-30,0.0818448206884919,0.0459757041377311,0.0587040823004475
01dcb8c3c921c16d404a85e9218087df,경기도,포천시,부엉농산,2018-10-31,0.5039672168065237,0.1661447743933747,0.0706742911280895
1fd7c25f24a0398d8ef8c96074ec2666,경기도,포천시,산마루농장,2018-03-14,0.0832681578056798,0.0195297938270035,0.0555905017027227
0fcc97561d30a150b7aea6e66442f3b1,경기도,포천시,산마루농장,2018-10-31,0.0238969431938777,0.0284968433377573,0.0229338906278536
4752f2eeab28b2e173bb1bea7bc8172e,경기도,포천시,산마을농장,2018-09-30,0.1572440433005934,0.0180558828459768,0.0101458179595538
e12a6b6992efc1d5eaf9d6af5dc3ba8b,경기도,포천시,삼삼농장,2018-03-14,0.1896214993755525,0.026372987975855,0.0532392457906829
87252da55953b2afc0e6f56f6cc575be,경기도,포천시,삼성농장,2018-08-31,0.0502114953546673,0.0428498323377205,0.0577557023028085
73b663ac78a39b3156a2f44704e716eb,경기도,포천시,삼성양계,2018-08-31,0.0643493114342376,0.0513806470926816,0.0580688544676317
3917a1631721fa637225499d8605ff1d,경기도,포천시,삼우농장,2018-04-30,0.1534139255783,0.019794604527436,0.0134554704748134
63d748428ee294e33e8a83d41c374c27,경기도,포천시,삼호농장,2018-09-30,0.0782977448101064,0.0260051967278095,0.0313016011155002
95720d1939244826f4a456a1272acf09,경기도,포천시,삼호농장,2018-10-31,0.3787719689968127,0.1665329860834343,0.178312596982784
3d96893db2baac2f49436cacbbee3a21,경기도,포천시,상우축산,2018-09-30,0.12197840987974,0.0085526257538852,0.0120635611896635
d6fa50fe1cd8af5a63c26c150ba784dd,경기도,포천시,상우축산,2018-03-14,0.2326132351371511,0.0417419428850248,0.0504562717047041
f2b6667149116503d3411d2b3e3284d5,경기도,포천시,상주농장,2018-09-30,0.0573353844218591,0.0343280753062791,0.1204729760523252
63e3f6e7bcb91491d11fd17c1d5e80cf,경기도,포천시,상지농장,2018-03-14,0.239753785602004,0.0147704646325525,0.0092584478210422
ff76d8e4867932777c011a3b7fe809ae,경기도,포천시,상지농장,2018-10-31,0.1778651645624207,0.0204755122960296,0.0269037044909343
7721eef9d9ae0c82a7ed49d253d40064,경기도,포천시,새마을농장,2018-08-31,0.1214257119493082,0.0430346628732975,0.0559104217473906
70fa5c01a6c4ada8d08339234389f659,경기도,포천시,새청농원,2018-03-14,0.0318889383559229,0.0307827616923834,0.1051070036271937
4a52bc4c299ed703f6adc0bdb134e3d2,경기도,포천시,새청농원,2018-09-30,0.1519592162883634,0.1026922164342975,0.0216613989131059
deae515dc8df07ee05d04970153b0202,경기도,포천시,샘터농장,2018-09-30,0.5785634287500758,0.027664811235831,0.0506353190034997
179f6abda4736cb71e4abf2bf6c48ec0,경기도,포천시,생수농장,2018-04-30,0.0280358444484293,0.0115144654606698,0.0007607394176255
3b4f8eb74e8cfc57e7cff4766ee91105,경기도,포천시,생수농장,2018-10-31,0.1790846787758584,0.0173243308012235,0.00019248690064
002bb6ee2182e2ad72b1918c43117d71,경기도,포천시,서부농장,2018-04-30,0.0367041531664228,0.034293483736976,0.1229662833438457
e01d6dc6d861de79ba39914c08feae58,경기도,포천시,서부축산,2018-04-30,0.1398966989748328,0.0141278329761172,0.0207699770882429
34dfa4d99893128a3eaf2584024940cf,경기도,포천시,서울농장,2018-10-31,0.0288019677391988,0.013020522057989,0.0197367750000624
73187d18b77f0cf1b3f3b8423fb07927,경기도,포천시,석봉농원,2018-10-31,0.2683628833315896,0.030756705941073,0.044585380302156
900c5a66b4ffaf5f6185f36574169384,경기도,포천시,선달농원,2018-09-30,0.02564171086745,0.0165145759548028,0.0321599613117476
201ccd89935c6d95df4e44d3bfe0f473,경기도,포천시,선달농원,2018-03-14,0.1958082793015518,0.0216951924543448,0.0692316650878951
0715dc327b1896bf1f7f430d8ce3aac2,경기도,포천시,선돌농장,2018-03-14,0.2386826411671979,0.015298658080397,0.0553861398452949
579cd5e63c34add06731d051e8905bd3,경기도,포천시,선돌농장,2018-10-31,0.0654457908706713,0.0118910984519479,0.027198850890373
5ba4ab3218a2717a42eeb4a02ae51c6f,경기도,포천시,선진농장,2018-08-31,0.1767284443439183,0.0205676949409656,0.0615861127782381
aa713dea4b408e0c5cf7c59bc76bd18d,경기도,포천시,섭섭이농장,2018-09-30,0.4382908623877509,0.0106633982166113,0.1639169777193069
14bacf51510cceeeab6fa9bba9e18d75,경기도,포천시,섭섭이농장,2018-08-31,0.1763876145465561,0.020573829599928,0.1492542026216803
2edbfebd7be4786e851d3444dbc6eb93,경기도,포천시,성구농장,2018-09-30,0.0143833826226205,0.0150874798480219,0.0235922650547373
e721a2dd283a606ab287e20c7b9eedab,경기도,포천시,성지농원,2018-10-31,0.0734387428381179,0.0353951654256427,0.1230582601183397
a9e92f1b7ee457e3ea9ce41ae0a95a91,경기도,포천시,송도농장,2018-09-30,0.1496928131831701,0.0047569009555013,0.0015661794320837
ccad6ec0428316f72f009f02a11bd2ba,경기도,포천시,송도농장,2018-04-30,0.0645420453662233,0.0147052488325404,0.0095696811459262
0e8b43db1623004f3ce49b8a97823133,경기도,포천시,송림축산,2018-09-30,0.2232595904815994,0.015241955317463,0.0244576341822801
1e4ce6ba6e2a2f88c40b7853af2c38bd,경기도,포천시,송이축산,2018-03-14,0.08687347025572,0.0356293761091607,0.0651238382186453
58caab9976ca834931ccb4a365f6e154,경기도,포천시,송일농장,2018-08-31,0.0687499351338304,0.0358511576533955,0.0653946151991114
020c2ad5d5c1476fcad0dd63343872d8,경기도,포천시,송일양계,2018-03-14,0.0,0.0127249938958227,0.0384472417230461
bfc0c574bdc1fe174cc6c1096ab0e0c3,경기도,포천시,수용농장,2018-09-30,0.0650530352303339,0.0331042698772206,0.1178184490960255
b97ea045272520c122f6e5a33c3bfd73,경기도,포천시,수원농장,2018-08-31,0.0263534274182699,0.0347657723787046,0.135715913795333
73f4ac7f35dc8db2b0f1ea11b4a273c5,경기도,포천시,승일농장,2018-10-31,0.0172494343537942,0.0124197430202818,0.0167425235972232
9f9100ff7a95bf8ee3a02d4d2b9ed48f,경기도,포천시,승진농장,2018-03-14,0.0714267978521323,0.0302354802046316,0.0569153739952746
43146babed086aefa75c75a5bb932341,경기도,포천시,승진농장,2018-10-31,0.5039672168065237,0.1661447743933747,0.0706742911280895
4d3fa5dbe79c88da90972ea8f73324ff,경기도,포천시,승천농장,2018-04-30,0.1534762498427583,0.0459425454925576,0.0322699186499613
17d590663f0c275b7a5dfbe19578179f,경기도,포천시,승호농장,2018-03-14,0.1611288665066811,0.0459425454925576,0.0322699186499613
505bd36ec9e3c7b07f239ff3ca2b605c,경기도,포천시,시온농장,2018-04-30,0.0973325390314753,0.0367895520558472,0.1757210830666059
70e706591ac557011b113656e70ee914,경기도,포천시,시온농장,2018-10-31,0.2074212554791488,0.2320537666821171,0.0061491675651977
3318c1f9a246c11b72b64313c61756b8,경기도,포천시,신일농장,2018-09-30,0.0719795938694519,0.0127640999623617,0.0292415360129771
1c27a51061ae6b9f55104784dc43316e,경기도,포천시,신일농장,2018-10-31,0.32445755459001,0.0080461214007175,0.00019248690064
329da115c2dda940a12e391badee4aad,경기도,포천시,신진농장,2018-04-30,0.1928408233842967,0.0205676949409656,0.0615861127782381
6b14ea444d451b5fe6143e6fa900e6cc,경기도,포천시,신촌농장,2018-09-30,0.023820508544627,0.0399447956848962,0.162820494734137
4f63f53236c32187842bdd90e86a4137,경기도,포천시,신호농장,2018-04-30,0.0472049018899528,0.015621183432943,0.0070457082835373
148be312b33f9dd79815d1cfbbb463b8,경기도,포천시,쌍봉농장,2018-08-31,0.2639116514552599,0.0217013128385614,0.0574379364299492
211859311b232702966fd905a039c8cf,경기도,포천시,아라리농장,2018-10-31,0.0528720083374904,0.0165036609583757,0.0266815929775178
4e135f383f44758664d1de197e09f36d,경기도,포천시,약수농장,2018-03-14,0.3526316244572795,0.0310387889147178,0.1218615107675959
42f0bb05adda512d05a26773a0756fc3,경기도,포천시,약수농장,2018-10-31,0.4312851719448334,0.0312699879373907,0.0148574038907572
9da162c9b2e07fc875512b732c1b05d3,경기도,포천시,양문농장,2018-10-31,0.1131007143689462,0.0512899654477953,0.0570495788372859
ce6417fb11deb9358db8304b0b2936b3,경기도,포천시,엄마축산,2018-09-30,0.1950486261378778,0.0208037393135175,0.0111269000983542
a1edb2d0ea58eb4c4c1ba429c7b7626b,경기도,포천시,엄마축산,2018-03-14,0.1310919036831815,0.0126678823008822,0.0418754981927617
607592ade053702e6754899043aeb8d1,경기도,포천시,에그스토리,2018-08-31,0.1024817038431835,0.0340059205009199,0.123553152006505
ec01a5e24f934f0f07b9ef4c8889247d,경기도,포천시,에그존,2018-03-14,0.146076213155695,0.0152723210800425,0.0246815574696605
7557618b7c094efa3785f6345da17cb4,경기도,포천시,여주농장,2018-12-31,0.0710876596059324,0.0459653158066939,0.0526708162321351
1fac2272374a64ace5d4dc0ecd836b37,경기도,포천시,여주농장,2018-04-30,0.0710876596059324,0.0459653158066939,0.0526708162321351
9472da1fbaae8a961fe7f93d26f591fd,경기도,포천시,연화농장,2018-10-31,0.1989998211950379,0.0130336481823786,0.0953552743404214
6df41a6838dac58c91ffb0463709dbb2,경기도,포천시,연화농장,2018-03-14,0.1999053083311721,0.0316253844004256,0.1227475340021911
2b8be7bd68872e19163bceb2d2ee8a74,경기도,포천시,영농조합법인 자연농산,2018-10-31,0.1277015640027451,0.0122996289190483,0.0525412663983172
4f3f6e5e998e7c8f30567fecdef81afd,경기도,포천시,영재농장,2018-04-30,0.0730445845120119,0.0508381321695486,0.0587779714402766
674d684c9eedad5dddc7d57dfd1b5732,경기도,포천시,영재농장,2018-10-31,0.0800518381051987,0.7551434276477582,0.0163302811291585
c79ea8b67558a572b6eec2bb47a94a0c,경기도,포천시,영화농장,2018-10-31,0.2344757410303639,0.0248733051865741,0.0006617720985221
b1aa966f9d0c231c27455e9ddc3e5548,경기도,포천시,영화농장,2018-10-31,0.0381920851064831,0.0135365112954263,0.000749662821808
fcffb24141783547d1c0bbe30ba80993,경기도,포천시,영화농장,2018-03-14,0.3319219145655954,0.0161149726972743,0.0246451967095226
929f0fe1aaff9f320f13bf56eb121e93,경기도,포천시,영화농장,2018-04-30,0.2326132351371511,0.0415061717132119,0.0500706149134574
ff613b874a5615694efe10b85838c91e,경기도,포천시,영훈농장,2018-09-30,0.0958409105163834,0.0228141457754803,0.033282176477813
6d550b662a1d20d9beeb95e1ebf59459,경기도,포천시,영훈농장,2018-09-30,0.0175454023646644,0.0213827194095911,0.0333738750613148
b06cbd672af3384b526f757fa2ba55c1,경기도,포천시,영훈농장,2018-10-31,0.0984238262785754,0.0201125140698848,0.00019248690064
6d550b662a1d20d9beeb95e1ebf59459,경기도,포천시,영훈농장,2018-04-30,0.0175454023646644,0.0213827194095911,0.0333738750613148
b54958f8c8b275ff68fe6f06d323a417,경기도,포천시,영흥농장,2018-10-31,0.0053635869240278,0.034378572883864,0.1328919765217084
bf05fdc97f8acf4f37acc9e381e4e8d0,경기도,포천시,영흥농장2,2018-09-30,0.0376306569679807,0.0346242685747971,0.1338538164418857
394b907c81185b180249cd959c97d33e,경기도,포천시,영흥농장3,2018-10-31,0.1857172276062644,0.0339848176434522,0.1230734093479629
dbe29565b7b89fbf62bd3c5a852157f5,경기도,포천시,예린농장,2018-10-31,0.0405083716234096,0.0124620137624903,0.0304899966133499
d3c2f31bed705690f1d852870acdb681,경기도,포천시,예린농장,2018-03-14,0.0914632920935087,0.0352725183188016,0.0627232778910808
948b00ef1f4ac7dc6fad28d03bd90bb4,경기도,포천시,예산농장,2018-10-31,0.0395672523855806,0.0245204349672225,0.0811428936384546
a8e1592df7e3931352ffeb7220722b4e,경기도,포천시,예선농장,2018-04-30,0.1198410351582246,0.0348473785055259,0.123492412752607
efd5ccd62f4c37b2b742d801bac8488c,경기도,포천시,예천농장,2018-04-30,0.011286536783413,0.0362817531914099,0.0228317267152667
a8d6a47e55631d36a3f4df5777f583e3,경기도,포천시,예천농장,2018-10-31,0.2809943192403173,0.1106951948286728,0.0095621368635886
0265f65fcfb2c5c9ee36df799eb39b26,경기도,포천시,오뚜기농장,2018-12-31,0.1703819513537791,0.0186692990364408,0.0201762979952108
7496db796b218aed1568818ab6bc53c8,경기도,포천시,오뚜기농장,2018-03-14,0.1628853074121116,0.0186692990364408,0.0201762979952108
024e4dc357e60a00dd39a06a73338f86,경기도,포천시,오성농장,2018-04-30,0.2256073675891368,0.0107470723274945,0.0201534748978622
418b22551ebc50e8fb1ad85658cda1e6,경기도,포천시,우리농장,2018-10-31,0.1839912390617663,0.0159044279283912,0.0005356760597236
b6c95eabb4bb6023ac76ef23bedd5a8e,경기도,포천시,우리농장,2018-09-30,0.2825052701115314,0.01127817452232,0.0008268082506447
b9df43399e5936b8f2edf6015e9b1d80,경기도,포천시,우리사료부속농장,2018-03-14,0.2123709484051302,0.0180045579742475,0.0289251094385109
5eb0af9615a570732aaaba26a96a6d0e,경기도,포천시,우리영농조합법인,2018-10-31,0.0709062449725539,0.0452856774785262,0.0298835063942493
9406fe10608c7cb2c2038139be37f532,경기도,포천시,욱별농장,2018-03-14,0.0748784911434491,0.0212836512966559,0.043061031023341
64f15472656424857815205e72f7b36d,경기도,포천시,욱별농장,2018-10-31,0.0359321811637965,0.076565069659139,0.0202649296660415
34c763782c25920a321e3be7213eef33,경기도,포천시,원일농장,2018-03-14,0.0202026407115507,0.0228778231309944,0.0412828673387374
9b11fb43852e6dcf0222be2b8d92f0c3,경기도,포천시,원일농장,2018-10-31,0.3165156778093829,0.2072603616098912,0.1266128035760081
160b8414fd8101423f09a078e5d242c2,경기도,포천시,원천농장,2018-04-30,0.1166455357468984,0.0115943187320586,0.0057336999879938
081b95dc6f02bd4297bea1cd49c9db43,경기도,포천시,월산농장,2018-08-31,0.0833169354572308,0.0534080940521067,0.0604369802836988
0a9752d61a8927bae33e7f401137b5fb,경기도,포천시,웰빙농장,2018-08-31,0.0445282230847183,0.0120813101176185,0.0167576334770749
2be98621e5cd4d3d0514ad5e73726841,경기도,포천시,유○○,2018-09-30,0.0969942557140849,0.020166422139455,0.059562745931727
10e37b0675408d2ac8e1d357419fea68,경기도,포천시,유○○,2018-10-31,0.2381037895553652,0.4960828645287538,0.0252151187912243
4499111cb91e9407c07480468fd37417,경기도,포천시,유진농장,2018-04-30,0.0235876556793565,0.0130916659183277,0.0068314736134612
bafd006d7f4bde474d39f349fbf78972,경기도,포천시,유진농장,2018-09-30,0.397431244324733,0.0339185349576502,0.0150646522827002
80d8ea48dd0511a70114f3d3b9ccb4e7,경기도,포천시,육계농장,2018-10-31,0.0,0.0078287222419787,0.0029850738581995
10a394a3114bb2f9d572e0007553a381,경기도,포천시,육계농장,2018-04-30,0.1559279735853572,0.0319574300674122,0.0304254132291871
a68573d768228635a8f3e5b125b19165,경기도,포천시,윤○○,2018-03-14,0.1742586353224736,0.0246380821196725,0.0532807370185698
e09df58361f6a86db7bfa219ce838e4c,경기도,포천시,윤○○,2018-09-30,0.0031130555362771,0.0246039427933521,0.0145324297286215
892ef7fad3b73db6bbc6c3dba995967d,경기도,포천시,은현농장,2018-04-30,0.2711183065303377,0.0491270990991607,0.0579565843911077
45ab9e258fd50e8ab6e6ce651ca2d110,경기도,포천시,은현농장,2018-09-30,0.2535837501027019,0.0350618214119859,0.0418452770558287
1364d46016af1c19ce592cd4929212fa,경기도,포천시,은혜농장,2018-09-30,0.1161378390297682,0.0069124432067371,0.0119189741383977
30a1197aa97c11ec4b3e247cae244f09,경기도,포천시,은혜농장,2018-10-31,0.1404565414839589,0.019973911843349,0.00019248690064
a9c5abe42ca76a01f1a357d4535ab0b6,경기도,포천시,은호농장,2018-09-30,0.2292150850094839,0.0159564119296504,0.0245082959393849
e144ba3848f2f2e7f84f4a2f63ec7c0a,경기도,포천시,이○○,2018-08-31,0.105759726348988,0.0054616695895703,0.001806399539067
5ce28398434ebe45bfa1c470816f0c98,경기도,포천시,이○○,2018-08-31,0.0922864950257527,0.0198884812850892,0.0116008172351221
163249f6cb289f6b6b7718040aef0279,경기도,포천시,이○○,2018-10-31,0.0165270525260095,0.0160580180270642,0.0336964085749199
4509a05df74cee1c1f30884979a87ed4,경기도,포천시,이○○,2018-09-30,0.020721796114615,0.015068513361445,0.0274016494325218
28e07eba76f93cedfdb5803088c05c44,경기도,포천시,인천농장,2018-08-31,0.0442577057084406,0.0306494527942715,0.1167847105807013
3776b17a7435e59784512b2b1eea476a,경기도,포천시,일동농장,2018-08-31,0.163570149153863,0.0184159983448482,0.0549696567819781
b401f057462f4b4068b8181005327a24,경기도,포천시,일동농장,2018-10-31,0.255039990411023,0.0087941774429442,0.0419849926913316
44a9c6a1480f3257d535854581443379,경기도,포천시,임○○,2018-10-31,0.0437883153796914,0.0166959593546886,0.0346036877531994
e9f4a37cb47d7f28d01c39d5b4af466b,경기도,포천시,임○○,2018-09-30,0.402416658545217,0.0634110152977383,0.0351901978725892
83e2bf9c79313e512abaa46e7571e2a3,경기도,포천시,임○○,2018-03-14,0.0591923052649052,0.0525004113485669,0.0586721657762836
a86e2549c7817f40ad119a704a8d291e,경기도,포천시,임○○,2018-04-30,0.157357640471982,0.0196388013426106,0.0553423242949173
d67fee244c4bd2e4c1237c10ee2d3ab0,경기도,포천시,자산도농장,2018-03-14,0.4633321601168401,0.0271926923991871,0.057115738479533
64ca20e94c2d4c14cc294244a1f1f8fe,경기도,포천시,자산도농장,2018-10-31,0.3630323637761283,0.5306624508777724,0.0302300232346425
a61e0a9f8e9aff211ecf4429c4286e03,경기도,포천시,자일농장,2018-09-30,0.0140614919890141,0.0343374836454476,0.1235481501427342
7cc04a83a78e2eb878937a592cbf6bf9,경기도,포천시,자일농장,2018-09-30,0.0,0.0309700578845909,0.1170801229414167
5017002d255404260b04fb2517a1d596,경기도,포천시,자일농장,2018-04-30,0.0963470173266071,0.037809697046315,0.1457896274723334
5fd1b413013c363d4dc3804cc085bd38,경기도,포천시,자일농장,2018-09-30,0.0082063204794231,0.0119758747716907,0.0277984213928094
ee828db5dceff83351c60e16cdc88aa0,경기도,포천시,장군농장,2018-09-30,0.0512041678415913,0.0124369810515044,0.0182719967095501
cd35a4d3fc91dbf2b4adbd1f1bdca697,경기도,포천시,장군농장,2018-08-31,0.099741168753652,0.0221469571035669,0.0319696699141447
b08d493c43e9c983eaac546b8473ef13,경기도,포천시,정○○,2018-04-30,0.0902314371322219,0.0306441631793516,0.0150424502782583
276ca2cdc341233e6073f824963d86bc,경기도,포천시,정○○,2018-10-31,0.1406945266785346,0.0200999653839027,0.00019248690064
d82af05325b946bf161fcc5b47655598,경기도,포천시,정원농장,2018-08-31,0.1065566914157292,0.0164333101455485,0.0560051307794504
64cc7eebfc009e2be36a7e03c16b70c6,경기도,포천시,정원농장,2018-10-31,0.2202835047098415,0.0137589643382855,0.0718195201417149
0620277d3f2eaaa840e2ebfd17924c23,경기도,포천시,정원축산,2018-12-31,0.1294557534866134,0.0190587210408664,0.0349219483773545
0aee1dbbf21b1b3ea8c2975215bafab7,경기도,포천시,정원축산,2018-09-30,0.1537004909451922,0.0334658916226646,0.0175527156496472
a0120fbe59c54ebc1c7c8d620b9aeb35,경기도,포천시,정원축산,2018-08-31,0.0536345498198677,0.0255418243523604,0.0495970482762419
4de7eb41f4f8eeafdd816a0cea3586c3,경기도,포천시,정축산,2018-10-31,0.1458237401197276,0.0304182478118544,0.0321459608471679
58d9335e857e9fc158592c052ce30a6b,경기도,포천시,정축산,2018-04-30,0.0423374283699159,0.0179068415009069,0.0449937191847249
4b30cd50d23a19cbe3766fd32b4a4b75,경기도,포천시,제일농장,2018-04-30,0.2711927958025856,0.0131781040214573,0.0602739373309262
4cb7c1f8798c5d2b41b037c54ea2b638,경기도,포천시,제일농장2,2018-03-14,0.2032870826628103,0.0149961698422598,0.0709886381977307
34830fa8c642bd60059313da82acea6c,경기도,포천시,제주농장,2018-03-14,0.2123709484051302,0.0180045579742475,0.0289251094385109
fc58c9caf1194a86b54520178ef67088,경기도,포천시,조○○,2018-09-30,0.2507557878137635,0.0130436842622935,0.0277889325786032
b6a4dbb02324039a783075bf7559f5b1,경기도,포천시,조○○,2018-04-30,0.1907804192479552,0.0154423205824442,0.0230398437200786
bbea3f063cc048235a3708b50ccc34d6,경기도,포천시,조대박농장,2018-03-14,0.1895065627058396,0.023663215756073,0.0793880291645433
ee557f7e8b69e810fe33ff8a889d33fe,경기도,포천시,조대박농장,2018-10-31,0.2251725249794634,0.0341275213898047,0.0416428323286862
d0e2b7fa71a5297318e3d0f12aad905a,경기도,포천시,종복농장,2018-04-30,0.192175941504299,0.0152505449679812,0.0245051483814847
0081c151a58274907ed110f6ccf06bec,경기도,포천시,주영농장,2018-08-31,0.081244711559157,0.024634163473978,0.0436367890214847
9d062e68060d328a85a32573954a2ce9,경기도,포천시,주영농장,2018-10-31,0.3375751578290828,0.014747148687576,0.0034803285583241
9eca911299c428595e2ba98f46dcbc21,경기도,포천시,주은농장,2018-08-31,0.2612657907295576,0.0255869422317978,0.0033485324399724
6a94d472c7dabfdf11d3f6b37762723e,경기도,포천시,주은농장,2018-04-30,0.093881800246807,0.0415361404536282,0.0474081056514726
60593c2263b7d7ac6dd6c211e416faa6,경기도,포천시,죽산농장,2018-12-31,0.1917147101652173,0.0158234385607202,0.0409438645940661
66efad96870db9c304422bac8c98ba83,경기도,포천시,죽산농장,2018-10-31,0.2015701626952807,0.0154538697556836,0.00019248690064
60593c2263b7d7ac6dd6c211e416faa6,경기도,포천시,죽산농장,2018-08-31,0.1917147101652173,0.0158234385607202,0.0409438645940661
a5ecab6028969e064782074f36a859e5,경기도,포천시,준영축산,2018-09-30,0.2368461183927639,0.0206790659068164,0.0669217301164642
6c74d468de9871cd9312e716ec047f56,경기도,포천시,준영축산,2018-10-31,0.3747313392393659,0.0068864480943096,0.0431383256955854
827d88c7074632d86982f50305836c8a,경기도,포천시,중앙농장,2018-03-14,0.0,0.0116325659445628,0.015272914857869
e27ef2dae3969c668dc4f983878b2a39,경기도,포천시,지원농장,2018-04-30,0.2316823436605552,0.0477461731572181,0.050524480074711
05184df630011ef138850a04a5d918ff,경기도,포천시,지훈농장,2018-10-31,0.0865372267131734,0.0529560345762358,0.0584818803956625
35d11be65eeaa3597ae208816ee49769,경기도,포천시,창암농장,2018-10-31,0.1365545451610353,0.0463561231765796,0.0337531255575729
e3b160b7eed5ae3773e55cc4c6611100,경기도,포천시,청계농장,2018-03-14,0.0260594900498613,0.0104416856127738,0.0009702274814949
98a0e9ad17a5eddd37f1108f6d4b971b,경기도,포천시,청계농장,2018-10-31,0.0,0.0151592599700574,0.0005267872375507
e84278cdc8026d6a946ffb2ae3d2ca05,경기도,포천시,초가농장,2018-09-30,0.0798045500957783,0.016896760448679,0.0279668927587131
a0b7aaf316162890fd2c3f92ea748ffe,경기도,포천시,초가농장,2018-10-31,0.0288894459320468,0.0151419097216642,0.0005267872375507
0bca3f985f03f8f31fca517a66c3fa9e,경기도,포천시,초원농장,2018-04-30,0.0482213713593822,0.0125953096981398,0.0397552256643701
b403c691a812f66e724fb158910351d4,경기도,포천시,초원농장,2018-09-30,0.4495928374384457,0.0110685316988392,0.1691577842537248
58fbd8a9dae2029b132ddda001a3931d,경기도,포천시,최○○,2018-10-31,0.5039672168065237,0.1661447743933747,0.0706742911280895
efee59271f8fc26df9926ea359123490,경기도,포천시,최○○,2018-03-14,0.4847957599048559,0.0159133940612676,0.0434770909577276
1c82e5a9df70b38f2bc6794afca4eded,경기도,포천시,축산(육계),2018-09-30,0.0866086626468196,0.0416160146393879,0.0474319229133064
b0da106b3def33c8d4a5fe8d60470f08,경기도,포천시,축산(육계),2018-10-31,0.0093780679900483,0.3686691512152794,0.1481369435447002
3bd78916d1669a99e3697d9dbe69b01b,경기도,포천시,칠곡농장,2018-03-14,0.0811643748711095,0.0306579295711179,0.073884805660345
49130c9e1661b8333bda8223728a9b0e,경기도,포천시,파주농장,2018-04-30,0.3276267994237756,0.021206889408977,0.0481775008770849
676c4d93920059e4828d079d024a23af,경기도,포천시,파주농장,2018-10-31,0.0456456362213989,0.0162278461223701,0.00019248690064
164573fb279d3714434ee3725d8310ec,경기도,포천시,포천농장,2018-08-31,0.0507526118433131,0.0211418353948699,0.0459625912462627
2ec00ae396cf35c94ce3f10c880f8d7f,경기도,포천시,포천농장,2018-08-31,0.1128848397177679,0.0497565089910926,0.0606159598085779
876dcfecd5dc5a02b36fa00d9268f98e,경기도,포천시,포천농장,2018-10-31,0.3759030340174285,0.0690935534713928,0.0324482235252435
dacfb3b32e1b85a635940e27b09ec034,경기도,포천시,포천종계장,2018-09-30,0.1493688547018966,0.027046112056264,0.0494321924220885
426dcef24c3416dfba5321e98c583951,경기도,포천시,푸른농장,2018-03-14,0.009001784869741,0.0169938606858474,0.0383426119174105
0b8b5cfb79ecac0e19af88bef216ce51,경기도,포천시,푸른농장,2018-10-31,0.1953303492598654,0.0182314259079095,0.00019248690064
0165ff3d3a7bc7e5fcfc37a3a2ce5bf1,경기도,포천시,푸른솔농장,2018-09-30,0.1301160464579006,0.0125084438327475,0.0376573990206421
4329a79a9018cab91d35750a5e39e13f,경기도,포천시,푸른솔농장,2018-10-31,0.2572815612106917,0.0173592763541016,0.00019248690064
16f8ac91b3690801db6381804c959e6f,경기도,포천시,풍산농장,2018-09-30,0.1250101497752938,0.015091695345885,0.0770596721557088
2fb0aa94337dfd1719f23e3b27e7fee6,경기도,포천시,풍원농장,2018-10-31,0.0317952819752477,0.0167939753263463,0.0303036003846533
bf18a977f39baac14e4a76506bf2b058,경기도,포천시,하늘농장,2018-09-30,0.2709053906581753,0.0118519231999102,0.0158449868301816
1d890c36a24ddebbebd7cd2a802b698e,경기도,포천시,하늘농장,2018-10-31,0.1067299857831386,0.015271445845389,0.0248758853155944
f215c2fb5f14d6dd43ed1ee953fbdf25,경기도,포천시,하성농장,2018-08-31,0.0957472456539861,0.0153234032875771,0.025092460465051
e347ac8015e43cc871984743425fe2c9,경기도,포천시,하성양계장,2018-03-14,0.1391961950178548,0.0128347929405258,0.0195952520241355
b2a740fbdcb7382006c9f3ff663f1de9,경기도,포천시,학선농장,2018-12-31,0.0237451929030905,0.0281469769473411,0.0963306324054026
b2a740fbdcb7382006c9f3ff663f1de9,경기도,포천시,학선농장,2018-03-14,0.0237451929030905,0.0281469769473411,0.0963306324054026
c57013c92829bdfee17cead8fba2da87,경기도,포천시,학선농장,2018-10-31,0.32445755459001,0.0080461214007175,0.00019248690064
c5017ea84af944a23cbd467472a641b3,경기도,포천시,한내농장,2018-09-30,0.4171685463360631,0.0209873666507727,0.0723861444447878
774a0859806e83bd4d736a80f6accda7,경기도,포천시,한내농장,2018-10-31,0.2744222705865363,0.0167778623110384,0.00019248690064
319e3c3e111599e7145d8b0094a49bd7,경기도,포천시,한미농장,2018-04-30,0.2224360744551596,0.0122250650570094,0.0189823365675637
b0915636a2d0d9b38acda8d66d45b584,경기도,포천시,한미농장,2018-10-31,0.0875294130396835,0.015268147967539,0.0005267872375507
fe0f6ebe3d57f6a8dcfb49d082245a85,경기도,포천시,한빛농장,2018-04-30,0.0234602310683737,0.0388466262144208,0.0336558162592453
b3946ba6da17f4f9ed1c6f151f292aad,경기도,포천시,한일농원,2018-10-31,0.0535047286281763,0.0292989906661863,0.1218703629371252
07cebc1e3bd57ee44d20944f0141f16a,경기도,포천시,한일농장,2018-04-30,0.0659533822689904,0.0142963611496005,0.0244757137118161
1ff597148d61c1f79ac12cf982fc3e60,경기도,포천시,한일농장,2018-09-30,0.0101450168107623,0.0166391612972467,0.1507409678501834
ba98e6a3586cadcafc439232a0c6a914,경기도,포천시,해당없음,2018-09-30,0.1444767361067605,0.0124532402832713,0.0194477057438508
7902d4213b510b34dd8a9835e75336b4,경기도,포천시,해오름양계포천농장,2018-09-30,0.0411775628009216,0.0173487323014631,0.0332005032193282
407852dec5b0fba4146901cd2827234b,경기도,포천시,햇빛농장,2018-03-14,0.0766509185227207,0.0099498776022385,0.0015122374017345
50e4ff065e137b35bc24d5368889565b,경기도,포천시,햇빛농장,2018-04-30,0.1469817403582747,0.0330541931458154,0.0288299926903098
1110a797e28a926cbfdb1745abfad3a6,경기도,포천시,햇빛농장,2018-09-30,0.0595961273625901,0.0164078571640592,0.0285397286118771
bd2e3e5aa18fe95638d5fb3966e16d49,경기도,포천시,현숙농장,2018-10-31,0.0531254450316478,0.0370360322751983,0.1900872536864438
4f0ab9ea3920425e4f83d82cc01e55a9,경기도,포천시,협동농장,2018-09-30,0.0451277446344366,0.0387965228024027,0.0336859132605444
77c9bb12f52f47a629c39454fe03382d,경기도,포천시,혜옥농장,2018-04-30,0.151545707721914,0.017327575068404,0.028801728101367
456247b467f24354b86c14cf31c39ee9,경기도,포천시,혜옥농장,2018-10-31,0.2045726297336049,0.0116707414083429,0.019228238583842
c764420fc7ed099e4546e8d3ebc8c3a5,경기도,포천시,홍문화농장,2018-03-14,0.0923697001455178,0.0415903491865606,0.0448849250343894
bc0a2147a173af627aebb01d62a39764,경기도,포천시,홍문화농장,2018-09-30,0.0178661755206654,0.0162573953292716,0.0317285238833686
af1d21ae4700ca7127617119cc24e797,경기도,포천시,화순농장,2018-09-30,0.0464391681958463,0.0328666282496029,0.0499223379397548
1907aeaeb00a457d4e5b9799048d9710,경기도,포천시,화현농장,2018-03-14,0.1331330910498881,0.024908548267382,0.077828921588487
b133a0e1f556c104bd759c42e5e8156d,경기도,포천시,화현농장,2018-03-14,0.0643492508273844,0.0211632077282561,0.068022634550105
79b7090f2994853c41ec34a3d4555734,경기도,포천시,화현농장,2018-03-14,0.2275158973050985,0.021910302836573,0.0682230422368048
fd69be22935eced16516cdeb41256b85,경기도,포천시,화현농장,2018-10-31,0.1580200923680418,0.0339652367765954,0.0416196385596764
9ed0f7c18409da6e179adc867a22c175,경기도,포천시,화현농장,2018-10-31,0.075641643870762,0.0201546994098777,0.00019248690064
3ad47526df2334377a6a1cb13e19f6a4,경기도,포천시,화현농장,2018-10-31,0.4435728405745659,0.0212532643902999,0.0049395610082512
1a518299b61a7f8976bd0806b8798ec1,경기도,포천시,흥산축산,2018-10-31,0.3984032258468195,0.022517047385306,0.012889021956234
d23a9bf15aa9ca1cd73f8ef5fffd9b6e,경기도,포천시,흥연농장,2018-08-31,0.0068487566325645,0.0360544030294168,0.065030994055299
d833add7c67eac87ce17d464f1ac0793,경기도,포천시,흥연농장,2018-10-31,0.1473300492289862,0.0092490017919642,0.0473132615782229
2d852b2513630815fbdc75ae022b0b57,경기도,포천시,희망농장,2018-09-30,0.1560237954866147,0.0463966175105684,0.0538922862826126
0183c62850530ff5f69025a12a3b27f1,경기도,포천시,-,2020-04-30,0.0875287925019955,0.0195303305671321,0.0160110178305806
c0f48f273cde3338346f1a680a50f092,경기도,포천시,-,2020-04-30,0.0,0.0309700578845909,0.1170801229414167
791ac1e489a55414ebae9a9e10cee352,경기도,포천시,-,2020-04-30,0.0295456370993962,0.0152293943945387,0.023567871371866
1356a46cd319fea741349a51bdc24bb6,경기도,포천시,-,2021-07-31,0.0622641464661492,0.0525148492020875,0.0586724313049953
38debd813eeee51a3dd3cfe1a4d7208e,경기도,포천시,-,2020-04-30,0.105759726348988,0.0054616695895703,0.001806399539067
f4c2c37f16accb0c4d614d13c58a9646,경기도,포천시,-,2020-04-30,0.157357640471982,0.0196388013426106,0.0553423242949173
5b22e0916cd7123190c6ca3579972573,경기도,포천시,가농바이오(주),2020-11-30,0.0993106907657305,0.0255339463061167,0.0595939899431067
16218ebccd592d5163867397391240c4,경기도,포천시,가람농장,2020-06-30,0.0340844844902969,0.018006300988778,0.0313777362669966
3d4a1297575f94728c25a3f6a70778e1,경기도,포천시,가온농장,2021-04-30,0.1362797029972289,0.046763542451915,0.0456093053233862
971979bb43a98f53e744f9b0bebc33b8,경기도,포천시,가온농장,2021-04-30,0.1247487636050334,0.0471331043188005,0.0446487997557347
9554f2a770d509784be299e41cef4b16,경기도,포천시,감천종계(본농장),2021-11-30,0.0659533822689904,0.0142963611496005,0.0244757137118161
e38f11038907cc14a4750c0b98980e92,경기도,포천시,강포농장,2020-11-30,0.0941994997119142,0.035122744292923,0.1331270754635238
7fd1bd4555c76bc1724d6414c0cd93f3,경기도,포천시,거사리농장,2021-04-30,0.0177199395696555,0.048587989925841,0.0582605626360609
f7728ae65576d28cbc7cca3fbc0020f8,경기도,포천시,경복농장,2021-04-30,0.019049462114378,0.0466367156909628,0.0562816584316297
fa9272498a3851d55f1ea6f5be9a06d5,경기도,포천시,경원농장,2020-11-30,0.0861033656884088,0.0388691442844872,0.14992297817084
e60d98bbaef605a834655a0b0d61be66,경기도,포천시,계림농장,2020-06-30,0.0859428891425892,0.0143530684423707,0.0537814636764912
1dd089c75a1f9bbb3adc0f02b0ded5aa,경기도,포천시,계림농장,2020-06-30,0.0260361473262196,0.0121136033328906,0.0396999252589127
10cdec9a6e68781f01c6986a36db3c35,경기도,포천시,계림농장,2020-06-30,0.2111715783690416,0.0477039857983047,0.0517189365972244
22fe264150ef39111ae56f2b54345845,경기도,포천시,계림농장,2020-06-30,0.0734548916302376,0.047104907026488,0.0467724541001706
47a34b7b8d28c181602ab71eccf1aab1,경기도,포천시,고센농장,2020-06-30,0.1612938926280822,0.0544872641599647,0.059313071119719
a7f3323bc464a078d58d6f91c11b5e3b,경기도,포천시,관인양계장,2020-11-30,0.0,0.0252022718860339,0.1950012201986639
51b74e1fb73c7aafba846e5b4880fc27,경기도,포천시,광원농장,2021-07-31,0.1611288665066811,0.0459425454925576,0.0322699186499613
6f680b19454d199c53b9b78dbe97eff7,경기도,포천시,군내농장,2020-11-30,0.2915001609603097,0.0253590588178054,0.104171337036825
5a9322f96e82d407f710e064b55c839d,경기도,포천시,근상농장,2020-06-30,0.191835537302337,0.0479753697651486,0.0504661502625224
ec71efe74269ce92c506212c5316874c,경기도,포천시,금동농장,2020-05-31,0.0341388706691747,0.0147200385173571,0.0446997757267935
3c71245c436171c221215ba122d08126,경기도,포천시,너베기농장,2020-05-31,0.0382128008887635,0.0239248255298588,0.0316300294717024
5c1d444b74d853f27259f33d122b40f3,경기도,포천시,노적농장,2021-11-30,0.0584033447527342,0.0076733718544508,0.0009705391998241
bc40c2b0b3151a9c59f896b5e2755b33,경기도,포천시,농업회사법인 (주)서림축산,2021-06-30,0.0211771266917317,0.0351929909086572,0.2974639409058474
b1752c41130d10522a2d739189a08264,경기도,포천시,늘푸른농장,2021-09-30,0.0243715398231549,0.0468275869602688,0.04796772518321
0b2c3824297439f8bad66171822d333f,경기도,포천시,늘푸른농장,2021-09-30,0.2609684567000052,0.0468603340585,0.0473016916096272
d43f36b559fe1946823cd51f59720c5b,경기도,포천시,다랑골농장,2021-04-30,0.0526833041729947,0.0356268443892435,0.1232621634998313
bb8646ca7f2c90bf46b62cf74acc7d1e,경기도,포천시,대명농장,2021-07-31,0.1413963648106444,0.0180150588721206,0.0369539870340334
cb261c1225e5b051bad5413640e40d93,경기도,포천시,대붕농장,2020-05-31,0.0565116582424012,0.0159606761526465,0.0524363919654123
aa0d07090d4875e783ee2c82bce67273,경기도,포천시,대정농장,2020-01-31,0.0194242506565339,0.0123165575218477,0.0894305629918231
547644fe2f4dae851ed4960c55fd4207,경기도,포천시,덕기농장,2021-04-30,0.2692907286367508,0.0062747700397838,0.0023135134684167
e23246ffecd8534acf5612f0782704e9,경기도,포천시,두레,2020-04-30,0.2137605097026101,0.0114492185565481,0.0150889453545426
01d6d6d4b1d69d80d30b034ebd4d7ff0,경기도,포천시,맑은햇살농장,2021-04-30,0.0,0.0502712987057773,0.0595966060663526
06b063dc5628cf593d7a8ba78741c17e,경기도,포천시,명진농장,2021-09-30,0.1592047787500573,0.0381712474404502,0.2747527977185768
5343d59e49be197d3533befcb7157e61,경기도,포천시,무송양계,2021-11-30,0.2468877418014546,0.0472850201474274,0.0461453868131154
41aa6a9e02d06cc4fb0af4dd8cf7f5c7,경기도,포천시,무진축산,2020-01-31,0.0601236019615747,0.0303504789025173,0.0147718003755625
b9ff6ed767e3b54bdb79fdafd6d15017,경기도,포천시,문암농장,2020-05-31,0.2473834957246894,0.0121401611449386,0.0278033270727763
eceb72fdbc53c1889fb9f1a6c5bc967b,경기도,포천시,민농장,2021-09-30,0.0969600326486725,0.0482041449561805,0.0475970495123574
b42a6a3243a130b2f879f4e88b188327,경기도,포천시,버들농장,2020-01-31,0.0409760561904793,0.0342779101004962,0.1199554493460967
5a440645c0f659fc25e4b9b84e1b74c9,경기도,포천시,봄율농장,2020-11-30,0.3097366777288228,0.0417345731522087,0.0503664898723315
2459cb5b9b5289372809c71cba77757c,경기도,포천시,부리농장,2020-05-31,0.0280358444484293,0.0115144654606698,0.0007607394176255
a58181008d5b771ab684b1f8513d150b,경기도,포천시,부엉농산,2021-09-30,0.1327033858981982,0.0462937919147375,0.0582724331448249
1fd7c25f24a0398d8ef8c96074ec2666,경기도,포천시,산마루농장,2020-06-30,0.0832681578056798,0.0195297938270035,0.0555905017027227
4752f2eeab28b2e173bb1bea7bc8172e,경기도,포천시,산마을농장,2020-04-30,0.1572440433005934,0.0180558828459768,0.0101458179595538
a4bfb0708aa171862b9a706055b9ec97,경기도,포천시,삼성양계,2020-04-30,0.1131007143689462,0.0512899654477953,0.0570495788372859
537aa2c21c04704be202a8653fe96334,경기도,포천시,삼오농장,2021-09-30,0.1342307637371912,0.0164978360909111,0.0136725984001104
2cf890c1e12179006e915c11906c0f30,경기도,포천시,삼우농장,2020-05-31,0.1546128409592164,0.019794604527436,0.0134554704748134
7721eef9d9ae0c82a7ed49d253d40064,경기도,포천시,새마을농장,2020-05-31,0.1214257119493082,0.0430346628732975,0.0559104217473906
70fa5c01a6c4ada8d08339234389f659,경기도,포천시,새청농원,2021-09-30,0.0318889383559229,0.0307827616923834,0.1051070036271937
deae515dc8df07ee05d04970153b0202,경기도,포천시,샘터농장,2020-06-30,0.5785634287500758,0.027664811235831,0.0506353190034997
357e04e3c61e7ec0f21ab32ce26610e9,경기도,포천시,석봉농원,2020-01-31,0.2683628833315896,0.030756705941073,0.044585380302156
5e2ac39120b35ac42f01c9766d0957b9,경기도,포천시,선돌농장,2021-04-30,0.1889786117398949,0.0152484825297962,0.0538505036146355
c070131a93d8da2650f4492b5f2b642a,경기도,포천시,선진농장,2020-04-30,0.1772064962029031,0.0205203376820332,0.0611109040807585
4f6a1c4b6c55a26c9bd83b16c7d944c9,경기도,포천시,성구농장,2020-06-30,0.0295456370993962,0.0152293943945387,0.023567871371866
e8c5ba1b72c376828244daf9816cf913,경기도,포천시,솟대농장,2021-09-30,0.1492545205869212,0.0170898429600838,0.0183813576090926
0e8b43db1623004f3ce49b8a97823133,경기도,포천시,송림축산,2021-11-30,0.2232595904815994,0.015241955317463,0.0244576341822801
1e4ce6ba6e2a2f88c40b7853af2c38bd,경기도,포천시,송이축산,2020-04-30,0.08687347025572,0.0356293761091607,0.0651238382186453
58caab9976ca834931ccb4a365f6e154,경기도,포천시,송일농장,2020-06-30,0.0687499351338304,0.0358511576533955,0.0653946151991114
4d3fa5dbe79c88da90972ea8f73324ff,경기도,포천시,승천농장,2020-11-30,0.1534762498427583,0.0459425454925576,0.0322699186499613
0019c57c4e8327215131bbdf29491c56,경기도,포천시,승호농장,2020-01-31,0.1611288665066811,0.0459425454925576,0.0322699186499613
0a2545b7a0a438829cc6ae6b89a73ff0,경기도,포천시,시온농장,2020-04-30,0.0989242596087235,0.0367895520558472,0.1757210830666059
f76143c178461dfc90bbfaa14e35e086,경기도,포천시,신진농장,2020-07-31,0.1767284443439183,0.0205203376820332,0.0611109040807585
4f63f53236c32187842bdd90e86a4137,경기도,포천시,신호농장,2021-07-31,0.0472049018899528,0.015621183432943,0.0070457082835373
211859311b232702966fd905a039c8cf,경기도,포천시,아라리농장,2020-04-30,0.0528720083374904,0.0165036609583757,0.0266815929775178
4e135f383f44758664d1de197e09f36d,경기도,포천시,약수농장,2020-06-30,0.3526316244572795,0.0310387889147178,0.1218615107675959
9da162c9b2e07fc875512b732c1b05d3,경기도,포천시,양문농장,2021-07-31,0.1131007143689462,0.0512899654477953,0.0570495788372859
607592ade053702e6754899043aeb8d1,경기도,포천시,에그스토리,2020-06-30,0.1024817038431835,0.0340059205009199,0.123553152006505
9e09a2f8062a8415c8bd013c6b33ea43,경기도,포천시,에그존,2020-05-31,0.146076213155695,0.0152723210800425,0.0246815574696605
2699a040cbe48b80d39c4354b63fa07e,경기도,포천시,연화농장,2021-07-31,0.1999053083311721,0.0316253844004256,0.1227475340021911
dcafe8cc4e0bd28a83a04f9df407e053,경기도,포천시,영농조합법인 개울오리농원,2020-01-31,0.4567110078415828,0.0374777713733232,0.049172611612785
d1d16a0156535247f5de095ee5694221,경기도,포천시,영농조합법인 자연농산,2021-07-31,0.1613779003158001,0.0127318562600901,0.0533459827106494
9b2ecc1ea5e215696030ce53a2eedef9,경기도,포천시,영재농장,2020-11-30,0.0471759309210418,0.050870632508486,0.0587309606993026
6d550b662a1d20d9beeb95e1ebf59459,경기도,포천시,영훈농장,2020-06-30,0.0175454023646644,0.0213827194095911,0.0333738750613148
3f712df66ce037f4e3b93b99ae3a21cd,경기도,포천시,영흥농장2,2020-07-31,0.054443172449557,0.0347981763852551,0.1331474050105857
ccd775591945bd5fa1f6cb7e4976b02e,경기도,포천시,영흥농장3,2020-01-31,0.2332310632594033,0.0329323574507001,0.1232431961324342
948b00ef1f4ac7dc6fad28d03bd90bb4,경기도,포천시,예산농장,2021-07-31,0.0395672523855806,0.0245204349672225,0.0811428936384546
9bfae6a938ef696c5a68660497ead053,경기도,포천시,예선농장,2020-04-30,0.1484013555475794,0.0348473785055259,0.123492412752607
b28e8be042c31fa040efa242d6fa536b,경기도,포천시,우농타조농장,2020-11-30,0.2690034509530326,0.0282772463564704,0.0170457409140669
4e7368c09f099aabaaf4413ee1de9c60,경기도,포천시,우리농장,2020-07-31,0.2525592093705369,0.0113166025197982,0.0008268082506447
d8949008fe6708849f337c9d28d824e3,경기도,포천시,우리영농조합법인,2020-06-30,0.0988941313724184,0.0458722953114534,0.0325378973265091
9406fe10608c7cb2c2038139be37f532,경기도,포천시,욱별농장,2021-07-31,0.0748784911434491,0.0212836512966559,0.043061031023341
34c763782c25920a321e3be7213eef33,경기도,포천시,원일농장,2020-01-31,0.0202026407115507,0.0228778231309944,0.0412828673387374
160b8414fd8101423f09a078e5d242c2,경기도,포천시,원천농장,2020-07-31,0.1166455357468984,0.0115943187320586,0.0057336999879938
081b95dc6f02bd4297bea1cd49c9db43,경기도,포천시,월산농장,2021-11-30,0.0833169354572308,0.0534080940521067,0.0604369802836988
66757901f26038816d222af2e3d6e7f3,경기도,포천시,육계농장,2020-01-31,0.0629368234941751,0.0153827450677625,0.0231056001220853
2e6be4dd6f8f41ec4400d6efdae9c3e8,경기도,포천시,은현농장,2020-11-30,0.2809675398000696,0.0491270990991607,0.0579565843911077
7e78caeb69d01e20ec46836ae5ad5a10,경기도,포천시,은혜농장,2020-01-31,0.0719795938694519,0.0127640999623617,0.0292415360129771
0556576a25d0bccfae91343504c8912b,경기도,포천시,일동농장,2020-06-30,0.163570149153863,0.0184159983448482,0.0549696567819781
5017002d255404260b04fb2517a1d596,경기도,포천시,자일농장,2021-09-30,0.0963470173266071,0.037809697046315,0.1457896274723334
a61e0a9f8e9aff211ecf4429c4286e03,경기도,포천시,자일농장,2021-09-30,0.0140614919890141,0.0343374836454476,0.1235481501427342
7cc04a83a78e2eb878937a592cbf6bf9,경기도,포천시,자일농장,2021-11-30,0.0,0.0309700578845909,0.1170801229414167
4b30cd50d23a19cbe3766fd32b4a4b75,경기도,포천시,제일농장,2020-01-31,0.2711927958025856,0.0131781040214573,0.0602739373309262
692001318ef63789edc00774869a3ff6,경기도,포천시,제일농장2,2020-06-30,0.2032870826628103,0.0149961698422598,0.0709886381977307
bbea3f063cc048235a3708b50ccc34d6,경기도,포천시,조대박농장,2021-09-30,0.1895065627058396,0.023663215756073,0.0793880291645433
7c12876c9233a39054814ee54970b81b,경기도,포천시,종복농장,2020-04-30,0.2232595904815994,0.015241955317463,0.0244576341822801
88b7cb254b0570446b643daa24e21d0c,경기도,포천시,준영축산,2021-09-30,0.2160969061308101,0.0207593051757179,0.0676724677074952
3ee60bd3076097bfdf4fc8825b0dd19a,경기도,포천시,지원농장,2020-04-30,0.2355131539449947,0.0477461731572181,0.050524480074711
a0049e937fb5c8135568d12c2c1a0ee0,경기도,포천시,지원농장,2021-11-30,0.0378769971269429,0.0237797816763243,0.0321397565756523
9d196f3f2f0d2fe18695afd3e13e598e,경기도,포천시,지훈농장,2020-06-30,0.0954140423913757,0.0527445445467741,0.058587114048822
35d11be65eeaa3597ae208816ee49769,경기도,포천시,창암농장,2020-01-31,0.1365545451610353,0.0463561231765796,0.0337531255575729
efdeaa0856aca500e6a4ec8ae167992c,경기도,포천시,초가농장,2020-07-31,0.0640607375049387,0.0159818165851976,0.0270962970311347
0bca3f985f03f8f31fca517a66c3fa9e,경기도,포천시,초원농장,2021-04-30,0.0482213713593822,0.0125953096981398,0.0397552256643701
9b795bb495a33d71161d235140c33cdd,경기도,포천시,초원농장,2020-06-30,0.4878583752692285,0.0270185142823359,0.0569711021852878
3f9315314e040a064172e7e77512a311,경기도,포천시,칠천농장,2020-01-31,0.0660813254003917,0.0400321673084524,0.1634196395488871
caaa2ca483ac2c9e7d23285f2c2d1b2c,경기도,포천시,태평양타조농장,2020-04-30,0.0313701080079819,0.0256331186372137,0.086018837500349
49130c9e1661b8333bda8223728a9b0e,경기도,포천시,파주농장,2020-04-30,0.3276267994237756,0.021206889408977,0.0481775008770849
21fb045422aea6619db8cd2e6bdcf3b2,경기도,포천시,포천농장,2020-05-31,0.1327033858981982,0.0462937919147375,0.0582724331448249
11392b59cf57eadf09192b6e44bff559,경기도,포천시,포천농장,2020-11-30,0.0,0.0502712987057773,0.0595966060663526
2633d504cd619542fd258b94b482b5d4,경기도,포천시,포천오리농장,2020-06-30,0.0354882566189343,0.0071090103880892,0.0095701731270098
dacfb3b32e1b85a635940e27b09ec034,경기도,포천시,포천종계장,2021-09-30,0.1493688547018966,0.027046112056264,0.0494321924220885
e6ef993651bae5878e59fd5d370c12f4,경기도,포천시,하늘농장,2021-11-30,0.287981299267755,0.0117161966078797,0.0153293333410638
e347ac8015e43cc871984743425fe2c9,경기도,포천시,하성양계장,2021-04-30,0.1391961950178548,0.0128347929405258,0.0195952520241355
26d5e2d80d1bdbe585e52bc7f561a832,경기도,포천시,한빛농장,2021-11-30,0.0277943036630404,0.0388466262144208,0.0336558162592453
cffe9478f89f41bb552850307aabb6b8,경기도,포천시,한일농원,2020-06-30,0.0729957103669349,0.0313540746833363,0.099678059804012
fbd1db705c479f90370aff1d04a641cf,경기도,포천시,한일농장,2020-11-30,0.0659533822689904,0.0142963611496005,0.0244757137118161
36cb8bd1aa22355a02c88429a3fc05c6,경기도,포천시,해밀팜,2020-06-30,0.0191604137087007,0.0459376828284488,0.0552226476590489
7220684bf6972256d6c807b435395a54,경기도,포천시,해오름양계포천농장,2021-09-30,0.0411775628009216,0.0173487323014631,0.0332005032193282
0bb16603b413c8d5fbdcd9e164d3b645,경기도,포천시,햇빛농장,2021-07-31,0.1130938077264663,0.0099498776022385,0.0015122374017345
50e4ff065e137b35bc24d5368889565b,경기도,포천시,햇빛농장,2021-07-31,0.1469817403582747,0.0330541931458154,0.0288299926903098
fd0df1c0d3b613f3ea0b069e09cfda46,경기도,포천시,혜옥농장,2020-04-30,0.151545707721914,0.017327575068404,0.028801728101367
2c96d80caef581b91497284f845ac228,경기도,포천시,화현농장,2021-11-30,0.0888569526668607,0.0247869717731702,0.0780092615503527
9aa61dd4d4017d710fc4e831a1a348a2,경기도,포천시,화현농장,2020-01-31,0.0888569526668607,0.0247869717731702,0.0780092615503527
79b7090f2994853c41ec34a3d4555734,경기도,포천시,화현농장,2021-11-30,0.2275158973050985,0.021910302836573,0.0682230422368048
37ea7e91bb7b69e579b75437e4c4c138,경기도,포천시,흥연농장,2020-01-31,0.0068487566325645,0.0360544030294168,0.065030994055299
2d852b2513630815fbdc75ae022b0b57,경기도,포천시,희망농장,2020-04-30,0.1560237954866147,0.0463966175105684,0.0538922862826126
e2a47713a4a1950daaf94d836b934846,경기도,포천시,-,2025-04-30,0.0143833826226205,0.0151875299368918,0.0235465090656442
50ee81909b4985ab02e785bf79b21d95,경기도,포천시,-,2025-04-30,0.0783107874030145,0.033061621212028,0.0328104971349916
38debd813eeee51a3dd3cfe1a4d7208e,경기도,포천시,-,2025-04-30,0.105759726348988,0.0054391180838287,0.0017665845831652
4081ceace7c2c81754f9e3648f58169b,경기도,포천시,-,2025-04-30,0.0887682374773031,0.019523551908654,0.0160073266042247
a3e6ca98bead53d56621e3b3159fbb94,경기도,포천시,-,2025-04-30,0.0198148806666011,0.0227828028064383,0.0758018001899426
3ddbba29bdbd4f24d865c1ba9dc4e65f,경기도,포천시,-,2025-04-30,0.1677241044225838,0.0245664850929517,0.0530209738206255
c6703ea3c87dca7b1d88d1bf8089ada9,경기도,포천시,-,2025-04-30,0.0530874042466494,0.0122617041089936,0.0382980008871397
383979d91c879d0c2853fa440ecaaf20,경기도,포천시,-,2025-04-30,0.1233515110923904,0.0309149963653733,0.0151400819773764
1356a46cd319fea741349a51bdc24bb6,경기도,포천시,-,2025-04-30,0.0622641464661492,0.0525148492020875,0.0586724313049953
ff333e0266898cf0833e43b284cb4db1,경기도,포천시,153농장,2026-02-26,0.0136815644993571,0.0231109186018917,0.0413798941631211
dc589b821348551ad15706ae7bb37418,경기도,포천시,LA농장,2026-02-26,0.0576806670077672,0.0143039361178832,0.0093068637784296
56b0882e32a4a666c45d22b88188689a,경기도,포천시,가농바이오(주),2025-05-31,0.1375412099687569,0.0243527701601591,0.0501560148735794
e421c2304c9fd5d9c9fa1aa29cf8210c,경기도,포천시,가람농장,2025-04-30,0.1080326656120433,0.0113021341105783,0.0061278064166105
16218ebccd592d5163867397391240c4,경기도,포천시,가람농장,2025-04-30,0.0340844844902969,0.0180497794097268,0.0312875201500078
6b6127448205973f4e5866867e9575b5,경기도,포천시,가산농장,2025-04-30,0.0902460345959011,0.0268648958631532,0.0596082099514214
3ff0eba2978856047fc95fcd79b4f509,경기도,포천시,가온농장,2025-04-30,0.1314076107722016,0.0471181786707344,0.0447787021453816
1a394d1676f3fc36b25ca4df9bae5996,경기도,포천시,강포농장,2025-05-31,0.02645058872035,0.0341857519169294,0.1303121604512691
7fd1bd4555c76bc1724d6414c0cd93f3,경기도,포천시,거사리농장,2026-02-26,0.0177199395696555,0.0483641837805129,0.053209744684259
f7728ae65576d28cbc7cca3fbc0020f8,경기도,포천시,경복농장,2025-04-30,0.019049462114378,0.0466669811661816,0.056183914218722
393db6d69d243efd2c8350c453b536ff,경기도,포천시,경호농장,2026-02-26,0.0137669130856937,0.0358117779336922,0.1352399134187412
05656555bf76c3a4ae02050f2bde9696,경기도,포천시,계림농장,2025-05-31,0.2111715783690416,0.0475864350052355,0.0515399470216274
e60d98bbaef605a834655a0b0d61be66,경기도,포천시,계림농장,2025-05-31,0.0859428891425892,0.0143342740747869,0.0537467913373119
a1ac607635e1c85368e1c3ff75209298,경기도,포천시,계림농장,2025-07-31,0.0149708954848895,0.0126584743654876,0.0396869734423254
a4ecd3c75c20b9193e647e4e02be8c90,경기도,포천시,계림농장,2025-05-31,0.0413326943139963,0.0470175688241641,0.0469822369795143
47a34b7b8d28c181602ab71eccf1aab1,경기도,포천시,고센농장,2026-02-26,0.1612938926280822,0.0543487369999995,0.0589430669040038
15c722c793d65c27f9b60659bbb2a23e,경기도,포천시,관상조류농장,2025-04-30,0.0418310352644248,0.0171656992385301,0.0185941230043353
a7f3323bc464a078d58d6f91c11b5e3b,경기도,포천시,관인양계장,2025-04-30,0.0,0.0252022718860339,0.1950012201986639
5a9322f96e82d407f710e064b55c839d,경기도,포천시,근상농장,2025-05-31,0.191835537302337,0.047940708189839,0.0504664954981673
b3a1dae6fd7a4dc2080bce1f7d7b6722,경기도,포천시,금동농장,2026-02-26,0.0434858511909628,0.0147174191685102,0.0446896406868504
f7f6bb30d3aae9abd0b521301aefb137,경기도,포천시,길명농장,2025-04-30,0.1713734070136894,0.0183882073314852,0.0548093824671464
9d6a2747a4cc34788056253d6473b9c3,경기도,포천시,낙영농장,2026-02-26,0.0274028291615302,0.0203223049379397,0.0333362231544027
3c30756dec654d15df2ab944200952fa,경기도,포천시,남송농장,2025-08-31,0.0813789903988239,0.0297003573132476,0.013760934085537
741b02a73ef0845b3e3de8aec5d0f60e,경기도,포천시,너베기농장,2025-04-30,0.0308074814402204,0.0239860892540734,0.0316101468466564
666105b3d22b73d8187992ca676df193,경기도,포천시,노적농장,2025-05-31,0.0563019470800984,0.0076924129610345,0.0009828768508137
bc40c2b0b3151a9c59f896b5e2755b33,경기도,포천시,농업회사법인 (주)서림축산,2025-08-31,0.0211771266917317,0.0356833270401359,0.2957272448832597
167b0310e9254f032c9cb506c87f5eec,경기도,포천시,농업회사법인 지니팜(주),2026-01-31,0.083390434733271,0.0072324260273695,0.0096742260644527
82b52c3c8c31746718c82245daa40505,경기도,포천시,농업회사법인 최연축산(주),2026-01-31,0.2544390702245973,0.0475782804240833,0.0487644070889105
2a53ff2edfdc8e4abfaefec2335e1c0b,경기도,포천시,농업회사법인(주)에스앤마니커 일동지점,2025-07-31,0.2132026632967119,0.0211966572165831,0.0680109465400522
0365942ab0bbcaddf69d95248463457c,경기도,포천시,늘푸른농장,2025-08-31,0.0551252383231308,0.0243313764258609,0.0610793587733762
b1752c41130d10522a2d739189a08264,경기도,포천시,늘푸른농장,2025-08-31,0.0243715398231549,0.0466080435119364,0.0471606630847459
7c5925e2d6c7fd72711ed82ffc653bb8,경기도,포천시,능원농장,2025-05-31,0.1273428776077124,0.0422943024957001,0.0556008664473642
e4c6cecf6f9aa2fe41987c0b9a1a7b77,경기도,포천시,능원농장2,2025-07-31,0.0681440595178081,0.0416350538479641,0.0545703191724975
0db1c67df99ad0b056687bd36f1cfc22,경기도,포천시,대명농장,2025-04-30,0.1471184865752176,0.0180390241563118,0.0368234184320035
ecc36f66f1554729cd3a370db83c4356,경기도,포천시,대붕농장,2026-01-31,0.0427838618591664,0.0158982424290569,0.0525090740401102
930db82079e691aaba1c416e6747440b,경기도,포천시,대성농장,2025-08-31,0.1255029548155172,0.0119517846885279,0.0162733316655927
d19569ab4917d59ac3f5f67a3654b85b,경기도,포천시,대성농장,2025-05-31,0.1054049570752876,0.014678237963867,0.0685489069511154
996d0530bda1474a303e657b8f533d6a,경기도,포천시,대성농장,2026-02-26,0.0714573848730012,0.013499643018719,0.0378085917363061
c313dbfd12d460d20ffff5ba41395149,경기도,포천시,대성농장,2026-02-26,0.0348652400678318,0.0498614412016682,0.0600720840139542
6913f011ae58c5a7115448ed20047892,경기도,포천시,대성농장,2026-02-26,0.0410971050627343,0.0282271618703198,0.0365395626046389
aa0d07090d4875e783ee2c82bce67273,경기도,포천시,대정농장,2025-04-30,0.0194242506565339,0.012498914188535,0.092341736512625
b529ad159e64db7e40d21e29fc076169,경기도,포천시,대흥농장,2026-01-31,0.1095573986950839,0.0107693842335874,0.0203709295570448
d44616cf7673d1296be5eab49926fde3,경기도,포천시,대흥농장,2026-01-31,0.0620217912139435,0.0105932678962102,0.0201921800321262
81f28f657763303d162d0c21a307ad2f,경기도,포천시,덕기농장,2026-02-26,0.2423958230587215,0.0062443622253592,0.0023537558123764
c057ab73a4012417fb6d20ff6e63437f,경기도,포천시,류씨농장,2025-07-31,0.0355859258131458,0.034193180367694,0.1210732352998121
15c30b065f5bf8e2fbe01267cb862796,경기도,포천시,만세농장,2026-02-26,0.0234602310683737,0.0388006381939529,0.0336601929413735
4d3076dc61c1a9fb78d81dcdba06618e,경기도,포천시,맑은햇살농장,2025-08-31,0.0363064215433547,0.0497013931499976,0.0606310792435985
b666b1ae490048dad3be7b10b7408307,경기도,포천시,맑음농장,2025-04-30,0.2131023912810027,0.014704602098834,0.0094134479798788
06b063dc5628cf593d7a8ba78741c17e,경기도,포천시,명진농장,2025-08-31,0.1592047787500573,0.0384102420363321,0.2755420049356218
4fba131f3194ccf7aeed864d81f62697,경기도,포천시,무송양계,2025-07-31,0.2468877418014546,0.0473014066610029,0.0462003913186293
41aa6a9e02d06cc4fb0af4dd8cf7f5c7,경기도,포천시,무진축산,2026-02-26,0.0601236019615747,0.0304363439506581,0.0148343324444947
b8a3854ddac5c7a1ed394631168a1abe,경기도,포천시,무진축산,2025-05-31,0.2590267295259327,0.0207033666238824,0.0670151848692761
9c9f6832e95c11b5ef19844e0f1658b8,경기도,포천시,문암농장,2025-04-30,0.221915274769692,0.0121227311063828,0.0273161314810647
2b5dc456eb5bc36ace2080fee0396439,경기도,포천시,미래농장,2025-04-30,0.1788787056652432,0.0469079967404747,0.0477743094237553
8e20117763f72955892692ef403c6c12,경기도,포천시,믿음농장,2025-05-31,0.0531254450316478,0.0368015978737524,0.1908728291679646
8e20117763f72955892692ef403c6c12,경기도,포천시,믿음농장,2025-08-31,0.0531254450316478,0.0368015978737524,0.1908728291679646
5d8875f17515587851d7bf6b60357050,경기도,포천시,바람직한농장,2025-08-31,0.2395609610332686,0.014704602098834,0.0094134479798788
74a65331a4f98b1feb409a6d8a866454,경기도,포천시,버들농장,2026-02-26,0.0409760561904793,0.0342940783596951,0.1200501769089544
8b1fd28e1ba35178fae49667347fe88f,경기도,포천시,보결농장,2025-08-31,0.0643796465252672,0.0341571817198129,0.1214515309571872
59dcaa83af672e68223f940ad2f1ff52,경기도,포천시,보성농장,2025-08-31,0.063728868814544,0.0201039486155729,0.0544341960386016
f06c4bf0f42d500cd13437900f9f988e,경기도,포천시,봄율농장,2026-01-31,0.3097366777288228,0.0419379591719056,0.0507371005175557
2459cb5b9b5289372809c71cba77757c,경기도,포천시,부리농장,2025-05-31,0.0280358444484293,0.011506756278682,0.0007607394176255
6f520832163b7b027c6fe87497056333,경기도,포천시,부엉농산,2026-02-26,0.0818448206884919,0.045882719283317,0.0586898633795848
4752f2eeab28b2e173bb1bea7bc8172e,경기도,포천시,산마을농장,2025-08-31,0.1572440433005934,0.0180712265096756,0.0101458179595538
87252da55953b2afc0e6f56f6cc575be,경기도,포천시,삼성농장,2025-05-31,0.0502114953546673,0.0429152113386653,0.0578823781982342
537aa2c21c04704be202a8653fe96334,경기도,포천시,삼오농장,2026-01-31,0.1342307637371912,0.0205546444589271,0.0134140441842937
3917a1631721fa637225499d8605ff1d,경기도,포천시,삼우농장,2026-02-26,0.1534139255783,0.0205546444589271,0.0134140441842937
ca120e82234be6b8d86c6ed7bec36535,경기도,포천시,삼호농장,2025-05-31,0.0743223542169684,0.0246981112369283,0.0310924106283154
d6fa50fe1cd8af5a63c26c150ba784dd,경기도,포천시,상우축산,2026-01-31,0.2326132351371511,0.0413687481396059,0.0496224332599391
f2b6667149116503d3411d2b3e3284d5,경기도,포천시,상주농장,2026-01-31,0.0573353844218591,0.0344144802554863,0.1210326661095924
797201b01337e52984a99e1a8d535cba,경기도,포천시,새마을농장,2025-08-31,0.1063157802025307,0.0435557091658333,0.0550414377982799
deae515dc8df07ee05d04970153b0202,경기도,포천시,샘터농장,2025-08-31,0.5785634287500758,0.0275465062552852,0.0502508318175379
34dfa4d99893128a3eaf2584024940cf,경기도,포천시,서울농장,2025-05-31,0.0288019677391988,0.0129765903440209,0.019647508705329
73187d18b77f0cf1b3f3b8423fb07927,경기도,포천시,석봉농원,2025-05-31,0.2683628833315896,0.0307648691707602,0.0445310450051342
0715dc327b1896bf1f7f430d8ce3aac2,경기도,포천시,선돌농장,2025-08-31,0.2386826411671979,0.0155189728131713,0.0560404875734848
5ba4ab3218a2717a42eeb4a02ae51c6f,경기도,포천시,선진농장,2025-07-31,0.1767284443439183,0.0205546966516656,0.0611478580485197
14bacf51510cceeeab6fa9bba9e18d75,경기도,포천시,섭섭이농장,2026-01-31,0.1763876145465561,0.0205035278764991,0.1491093663234652
2edbfebd7be4786e851d3444dbc6eb93,경기도,포천시,성구농장,2025-04-30,0.0143833826226205,0.0151875299368918,0.0235465090656442
e721a2dd283a606ab287e20c7b9eedab,경기도,포천시,성지농원,2025-08-31,0.0734387428381179,0.0354134677697378,0.1228360397363691
ccad6ec0428316f72f009f02a11bd2ba,경기도,포천시,송도농장,2025-04-30,0.0645420453662233,0.0145953079557027,0.0096678007499894
0e8b43db1623004f3ce49b8a97823133,경기도,포천시,송림축산,2026-01-31,0.2232595904815994,0.0152439279115614,0.0244681878152719
1e4ce6ba6e2a2f88c40b7853af2c38bd,경기도,포천시,송이축산,2026-01-31,0.08687347025572,0.0358541968461192,0.065020119476289
58caab9976ca834931ccb4a365f6e154,경기도,포천시,송일농장,2025-07-31,0.0687499351338304,0.0358541968461192,0.065020119476289
13120cde76282d45f509018da27582ab,경기도,포천시,송일양계,2025-07-31,0.0364007118233768,0.0127172720667884,0.0371663398918468
bfc0c574bdc1fe174cc6c1096ab0e0c3,경기도,포천시,수용농장,2025-05-31,0.0650530352303339,0.0332709829979293,0.1177504875152517
73f4ac7f35dc8db2b0f1ea11b4a273c5,경기도,포천시,승일농장,2025-05-31,0.0172494343537942,0.0124454372745269,0.0168007976946533
9f9100ff7a95bf8ee3a02d4d2b9ed48f,경기도,포천시,승진농장,2026-02-26,0.0714267978521323,0.0300338904445337,0.0569064827555532
4d3fa5dbe79c88da90972ea8f73324ff,경기도,포천시,승천농장,2025-04-30,0.1534762498427583,0.0458648872921333,0.032062956118983
505bd36ec9e3c7b07f239ff3ca2b605c,경기도,포천시,시온농장,2025-07-31,0.0973325390314753,0.0369239763411938,0.1758155892634886
f76143c178461dfc90bbfaa14e35e086,경기도,포천시,신진농장,2025-04-30,0.1767284443439183,0.0205546966516656,0.0611478580485197
6b14ea444d451b5fe6143e6fa900e6cc,경기도,포천시,신촌농장,2025-04-30,0.023820508544627,0.0399858486693482,0.1625820575705679
4f63f53236c32187842bdd90e86a4137,경기도,포천시,신호농장,2025-05-31,0.0472049018899528,0.0154966965099301,0.0073573359362056
211859311b232702966fd905a039c8cf,경기도,포천시,아라리농장,2025-04-30,0.0528720083374904,0.0165223687629991,0.026727314002595
465f1d313add260052e61ed660a680de,경기도,포천시,애란농장,2026-01-31,0.2122935820243219,0.046745018048116,0.0520412136284807
7b84b8b2611373839ec4b0f53653daae,경기도,포천시,양문농장,2026-01-31,0.1286087925918449,0.0512945891359255,0.057086770546013
a1edb2d0ea58eb4c4c1ba429c7b7626b,경기도,포천시,엄마축산,2026-01-31,0.1310919036831815,0.0126241119664984,0.0434682045831133
607592ade053702e6754899043aeb8d1,경기도,포천시,에그스토리,2025-05-31,0.1024817038431835,0.0340775473329003,0.1235400670945422
ec01a5e24f934f0f07b9ef4c8889247d,경기도,포천시,에그존,2025-07-31,0.146076213155695,0.0152713319174073,0.0246535278750762
d57bd3fe2c71a3591799600da8b81372,경기도,포천시,에그플러스,2025-08-31,0.1855102399647071,0.0141086634958786,0.0197152007449586
1fac2272374a64ace5d4dc0ecd836b37,경기도,포천시,여주농장,2026-02-26,0.0710876596059324,0.046017415512734,0.0524524696514869
6df41a6838dac58c91ffb0463709dbb2,경기도,포천시,연화농장,2025-07-31,0.1999053083311721,0.0316124161928545,0.1227441681558763
2b8be7bd68872e19163bceb2d2ee8a74,경기도,포천시,영농조합법인 자연농산,2025-04-30,0.1277015640027451,0.0119621574923371,0.0549354384231635
4f3f6e5e998e7c8f30567fecdef81afd,경기도,포천시,영재농장,2025-07-31,0.0730445845120119,0.0508852898847011,0.0587391694491751
929f0fe1aaff9f320f13bf56eb121e93,경기도,포천시,영화농장,2026-02-26,0.2326132351371511,0.0413687481396059,0.0496224332599391
f99eb923b71d9a42a986214cf52395d2,경기도,포천시,영훈농장,2025-05-31,0.0178527494833009,0.0209643264010612,0.0333845919308573
8ae683ce751e3b8ff7e5d6e0ae2060c9,경기도,포천시,영흥농장2,2025-05-31,0.0627141227283421,0.0349825681823736,0.1339211919869762
24adf2d3d90813b51912b1a316d22971,경기도,포천시,영흥농장3,2025-04-30,0.2143928888818226,0.0333993459289138,0.1231564563479259
dbd3542a6c015bc2ff79eb35f281a884,경기도,포천시,예산농장,2026-02-26,0.0666191836621335,0.0248429497076438,0.0829677081551133
a8e1592df7e3931352ffeb7220722b4e,경기도,포천시,예선농장,2025-04-30,0.1198410351582246,0.0351861351448024,0.1236070429765119
7496db796b218aed1568818ab6bc53c8,경기도,포천시,오뚜기농장,2026-02-26,0.1628853074121116,0.018621236311817,0.0201693954688951
024e4dc357e60a00dd39a06a73338f86,경기도,포천시,오성농장,2026-02-26,0.2256073675891368,0.010651561174606,0.0201820662647103
b6c95eabb4bb6023ac76ef23bedd5a8e,경기도,포천시,우리농장,2025-08-31,0.2825052701115314,0.011277424212021,0.0008268082506447
10a252c7dd9f448f8962992664a3662c,경기도,포천시,우수농장,2025-07-31,0.0627660080147822,0.0371903219504598,0.2862201089158256
9406fe10608c7cb2c2038139be37f532,경기도,포천시,욱별농장,2025-04-30,0.0748784911434491,0.0202835821957774,0.0431484117590718
34c763782c25920a321e3be7213eef33,경기도,포천시,원일농장,2026-02-26,0.0202026407115507,0.0228360621015087,0.0408857260918419
160b8414fd8101423f09a078e5d242c2,경기도,포천시,원천농장,2025-04-30,0.1166455357468984,0.0111743725646766,0.0059945298168911
081b95dc6f02bd4297bea1cd49c9db43,경기도,포천시,월산농장,2025-08-31,0.0833169354572308,0.0533600047087806,0.0603260003408327
c460a8674089af0a3067970330db4ef5,경기도,포천시,유림농장,2025-04-30,0.1316040706674112,0.0122821073948189,0.0191324953279995
4499111cb91e9407c07480468fd37417,경기도,포천시,유진농장,2025-07-31,0.0235876556793565,0.0133360500015619,0.0082537727014927
66757901f26038816d222af2e3d6e7f3,경기도,포천시,육계농장,2025-05-31,0.0629368234941751,0.0152716377186016,0.0228601906959806
892ef7fad3b73db6bbc6c3dba995967d,경기도,포천시,은현농장,2025-08-31,0.2711183065303377,0.0490635868711358,0.0582851206064835
1364d46016af1c19ce592cd4929212fa,경기도,포천시,은혜농장,2026-02-26,0.1161378390297682,0.0127763883120876,0.0293101996681796
d67fee244c4bd2e4c1237c10ee2d3ab0,경기도,포천시,자산도농장,2026-01-31,0.4633321601168401,0.0270333495699918,0.0569186104098348
1c4191448d1a5b67aa7ea9ec1aded46c,경기도,포천시,자일농장,2025-05-31,0.0740009169564088,0.0137212757138934,0.0696578632863168
36dc015cf1ed9b1912ab98d6f431a7a2,경기도,포천시,재림농장,2026-01-31,0.0898160893736423,0.0131984384812794,0.020043992428294
cbc95d49a0919424038e7ad0d146ec30,경기도,포천시,전원농장,2025-04-30,0.157182224467942,0.0335702514738831,0.1216007492091596
a0120fbe59c54ebc1c7c8d620b9aeb35,경기도,포천시,정원축산,2025-07-31,0.0536345498198677,0.0189136229392935,0.0345789114833224
9d1fba7103d695fdcf9736cf6e05ef1d,경기도,포천시,제일농장,2025-04-30,0.2443359473900209,0.0129298550331855,0.0589848308478766
4cb7c1f8798c5d2b41b037c54ea2b638,경기도,포천시,제일농장2,2025-05-31,0.2032870826628103,0.014984821219494,0.0708765277537751
bbea3f063cc048235a3708b50ccc34d6,경기도,포천시,조대박농장,2026-02-26,0.1895065627058396,0.0238239937184191,0.0802059854754451
d0e2b7fa71a5297318e3d0f12aad905a,경기도,포천시,종복농장,2026-02-26,0.192175941504299,0.0152439279115614,0.0244681878152719
0081c151a58274907ed110f6ccf06bec,경기도,포천시,주영농장,2025-05-31,0.081244711559157,0.0246723837140025,0.0436920786048761
6a94d472c7dabfdf11d3f6b37762723e,경기도,포천시,주은농장,2025-05-31,0.093881800246807,0.041578141575989,0.0473470582964555
60593c2263b7d7ac6dd6c211e416faa6,경기도,포천시,죽산농장,2026-01-31,0.1917147101652173,0.0158233773846196,0.0409439016235164
e27ef2dae3969c668dc4f983878b2a39,경기도,포천시,지원농장,2025-08-31,0.2316823436605552,0.0477441453751665,0.0505628617911659
05184df630011ef138850a04a5d918ff,경기도,포천시,지훈농장,2025-05-31,0.0865372267131734,0.0527448915776464,0.0586135363668378
3d24cf265450c04dfd3c9db2249cc75e,경기도,포천시,착한농장,2025-05-31,0.2624176440485303,0.0114558521206822,0.0149160965980879
e3b160b7eed5ae3773e55cc4c6611100,경기도,포천시,청계농장,2025-07-31,0.0260594900498613,0.0105048799096265,0.001118267705617
97eb639bf2051debb6ed4b22de4e491c,경기도,포천시,초가농장,2026-02-26,0.0451796732365755,0.0164824612422261,0.027656516579389
0bca3f985f03f8f31fca517a66c3fa9e,경기도,포천시,초원농장,2025-07-31,0.0482213713593822,0.0126511007378626,0.039812706566751
1c82e5a9df70b38f2bc6794afca4eded,경기도,포천시,축산(육계),2025-08-31,0.0866086626468196,0.041578141575989,0.0473470582964555
3bd78916d1669a99e3697d9dbe69b01b,경기도,포천시,칠곡농장,2025-05-31,0.0811643748711095,0.0306549677558779,0.0740720263437923
579d15880053fe006844026ebf331376,경기도,포천시,칠천농장,2026-02-26,0.0711331739600623,0.0400308365232155,0.1634566944754133
0a3dccc8956dace6c69db097a4c801a0,경기도,포천시,클린환경,2026-01-31,0.1480688672468574,0.0179195094322862,0.0285660953432975
b72e04602e22ab73b0e09cdd60b6d236,경기도,포천시,태성농원,2025-05-31,0.3712807664847137,0.0275187143246968,0.0576129502363673
2ec00ae396cf35c94ce3f10c880f8d7f,경기도,포천시,포천농장,2025-04-30,0.1128848397177679,0.0497013931499976,0.0606310792435985
dacfb3b32e1b85a635940e27b09ec034,경기도,포천시,포천종계장,2025-07-31,0.1493688547018966,0.0270750658335125,0.0499404743032109
cc91eab3f437f51fd2125d2bb7cad4c3,경기도,포천시,포천황금농장,2025-04-30,0.0384389111221597,0.0238189704045872,0.0321372676494436
426dcef24c3416dfba5321e98c583951,경기도,포천시,푸른농장,2025-07-31,0.009001784869741,0.016839443039763,0.0383571264678305
72873a215756c2ac012777db17c58ff8,경기도,포천시,푸른솔농장,2026-02-26,0.1764447816054409,0.0124832463182993,0.0375994048917437
2fb0aa94337dfd1719f23e3b27e7fee6,경기도,포천시,풍원농장,2025-07-31,0.0317952819752477,0.0167989370171888,0.0298584857868879
bf18a977f39baac14e4a76506bf2b058,경기도,포천시,하늘농장,2025-04-30,0.2709053906581753,0.0119823928978767,0.0162788498013543
045a2a5cbb6e5e5bd2e7b8b6230abbb7,경기도,포천시,학선농장,2026-02-26,0.0219099013896116,0.0283632788042393,0.0980256556520228
fe0f6ebe3d57f6a8dcfb49d082245a85,경기도,포천시,한빛농장,2026-02-26,0.0234602310683737,0.0388006381939529,0.0336601929413735
b3946ba6da17f4f9ed1c6f151f292aad,경기도,포천시,한일농원,2026-02-26,0.0535047286281763,0.0323418853537873,0.102689730646323
07cebc1e3bd57ee44d20944f0141f16a,경기도,포천시,한일농장,2025-08-31,0.0659533822689904,0.0142862358907243,0.0245707860520225
755ac3bb7b0c4fa43334c6914771acdf,경기도,포천시,함양농장,2025-08-31,0.0494043668730896,0.0196564412067166,0.0573700091244643
36cb8bd1aa22355a02c88429a3fc05c6,경기도,포천시,해밀팜,2025-07-31,0.0191604137087007,0.0464475222045529,0.0562870312775392
7902d4213b510b34dd8a9835e75336b4,경기도,포천시,해오름양계포천농장,2026-02-26,0.0411775628009216,0.0172117555336009,0.0328668665691313
407852dec5b0fba4146901cd2827234b,경기도,포천시,햇빛농장,2026-02-26,0.0766509185227207,0.0099670917229001,0.0015133210998615
f0efbfa01ea8d563d1ea4afec6a95d46,경기도,포천시,현네축산,2026-01-31,0.5017611903424796,0.0269106183748149,0.0570621324278146
4f0ab9ea3920425e4f83d82cc01e55a9,경기도,포천시,협동농장,2025-04-30,0.0451277446344366,0.0388727921007764,0.0337509356490131
c764420fc7ed099e4546e8d3ebc8c3a5,경기도,포천시,홍문화농장,2025-05-31,0.0923697001455178,0.0415883817670297,0.045107656212737
af1d21ae4700ca7127617119cc24e797,경기도,포천시,화순농장,2025-08-31,0.0464391681958463,0.032866679086595,0.0498223078747683
b133a0e1f556c104bd759c42e5e8156d,경기도,포천시,화현농장,2025-04-30,0.0643492508273844,0.0247501398876206,0.0781601018001502
75327a75e18fd28acebfddf3ebfcb7dc,경기도,포천시,황금농장,2026-02-26,0.0700417709181743,0.0357013855321594,0.2849747625034717
d23a9bf15aa9ca1cd73f8ef5fffd9b6e,경기도,포천시,흥연농장,2025-04-30,0.0068487566325645,0.0360588054695425,0.0650681232772445
2d852b2513630815fbdc75ae022b0b57,경기도,포천시,희망농장,2025-05-31,0.1560237954866147,0.0464580875041123,0.0544636786392635
8598400743e42f836cbc869c85e3fd6a,경기도,화성시,2000축산,2018-03-14,0.3114445085353482,0.0135830892215863,0.1582475785781703
bc9131e819da2f2bbc1244e1e9019fbf,경기도,화성시,K & C 농장,2018-03-14,0.2900018756987962,0.014050076088738,0.1618639291831567
6356eb8c72135918f89f5b5a89981b9d,경기도,화성시,가람농장,2018-10-31,0.1218577199795254,0.013372295651078,0.0686929910389677
67958ab54c084d266b01c9be81d23d37,경기도,화성시,감우농장,2018-12-31,0.208698284857749,0.0633967991796565,0.1684047605203754
67958ab54c084d266b01c9be81d23d37,경기도,화성시,감우농장,2018-08-31,0.208698284857749,0.0634657699772351,0.1685277964170859
c7d88cf241edab75b19d92f2b00d3c33,경기도,화성시,건국축산농원,2018-09-30,0.3012522260182203,0.0129059089004536,0.2018810990191422
ff783184aa59d0bb622d4313624c3972,경기도,화성시,경기농장,2018-10-31,0.325746115128298,0.0432938705197615,0.1358802301652906
b2703e497941a676b34de3341ac46e71,경기도,화성시,계림농장,2018-03-14,0.0189075074442181,0.044160825166411,0.2425134125887506
16a459be8a2b9c34e6c7c8901932b0bf,경기도,화성시,관항농장,2018-08-31,0.0258654411431558,0.033908815994487,0.0854237625100038
b4e0637ea8197a5a1ecabb615bc27e37,경기도,화성시,광도농장,2018-12-31,0.0461615661343838,0.0158804886975477,0.2557291882821931
5292518ae39f556a02472e4f283654c7,경기도,화성시,광민농장,2018-09-30,0.0,0.0134474153881857,0.189052296973886
bb8fdd4f76c3295f5504e8d9df447930,경기도,화성시,금의양계장,2018-12-31,0.0257402696541023,0.0152264525020018,0.2817317100843565
61716cbf37aba23430d2f309fbfdd1f7,경기도,화성시,금의양계장,2018-10-31,0.0257402696541023,0.0152264525020018,0.2817317100843565
ea16d1bf6ce90df950d2e41032ac87a4,경기도,화성시,기린골농장,2018-09-30,0.0621050164901129,0.0096469797213945,0.1435728320125465
71cf1a7391ff9864bdd43e4f3346eeac,경기도,화성시,기원농장,2018-04-30,0.2857648257977999,0.0734868504745281,0.0978039752516316
1a611df8727a712edcc67b28fc0d8d5e,경기도,화성시,길성농장,2018-04-30,0.0744678216561077,0.0539027080991728,0.2261007317539834
ec2d0c8e6245281a369054533ccfe157,경기도,화성시,김상희농장,2018-03-14,0.1626248115591986,0.0362185373932182,0.1468699124941398
5684d2c94a31c99e0dac380dc9bba6de,경기도,화성시,꼬꼬마을농장,2018-03-14,0.181119039707151,0.0157464662113367,0.2446160307151175
adff8d970cd49d3b7e943f00249d0b3f,경기도,화성시,낙원농장,2018-10-31,0.0691076672899345,0.0567076373809124,0.1987589774106483
0169b8cf7a60fe41a4ca69913c515ef5,경기도,화성시,남양농장,2018-10-31,0.0652837922571876,0.0395268023373484,0.1519121072211826
b053e02738c6a361b93be9590f8a9fa8,경기도,화성시,남양농장,2018-12-31,0.0652837922571876,0.0395268023373484,0.1519121072211826
ffaab1c10543716e1575d3163d222eb1,경기도,화성시,남양축산 안석농장,2018-08-31,0.2245102735451289,0.0403316012120729,0.1682887808929191
189f701ef3ff869a6e26ec8aebd16fe9,경기도,화성시,남촌농장,2018-04-30,0.3202207639679794,0.0411428132640439,0.1240262684369013
4113395ed46ebbce146564f999678499,경기도,화성시,누리팜(헤브론농장),2018-10-31,0.1588242216991954,0.0435878148741155,0.1411960650694982
c97f133f4de7f73fff62ea6e41ab1490,경기도,화성시,다산양계,2018-08-31,0.050965838416041,0.0370690384386487,0.112462972930789
55859a7c4d4ba2b6f088d7247415af4a,경기도,화성시,다올농장,2018-04-30,0.038072501079379,0.0162557268416169,0.1590746805516633
5fe3c995873086550e56244819960aaf,경기도,화성시,다원농장,2018-04-30,0.1146607950233009,0.0532224569293648,0.3566662735446601
4390fcd0b00ad39b6f3db220cb69ce72,경기도,화성시,대경농장,2018-03-14,0.1267068486786422,0.0595051465171692,0.2769226943396874
c430870c334d1d506552ab94ae352ef0,경기도,화성시,대륭농장,2018-10-31,0.27843752121868,0.0223204180469397,0.1679584206948392
aea392cd2939ad3b56c496f424afec8e,경기도,화성시,대림농장,2018-10-31,0.0234676942871746,0.0428370591642688,0.152051632689301
421bae2191819435b4cbaf546f5db36a,경기도,화성시,대박농장,2018-08-31,0.131156666573691,0.0487711443317497,0.1752935140007236
861e4cfbe4fa7e34d65d6ca0a7cca9b9,경기도,화성시,대박농장,2018-08-31,0.402960455429879,0.1436603798859888,0.2437847288799978
1e095f41949c6c74fdd622a11632db84,경기도,화성시,대산농장,2018-09-30,0.0270135045056249,0.0471263832460706,0.2618094694728926
6232bdea23dcf3fad0718e2a8c23525b,경기도,화성시,대성농장,2018-03-14,0.1096448014213444,0.0471384649007627,0.1729120842764969
1c9604a3eaf11abf8a14c201a07dd073,경기도,화성시,대승농장,2018-09-30,0.1475810951951232,0.0530522717549675,0.1827671088888667
cb112d6074ff103caf24b4b5f8754d8e,경기도,화성시,대양농장,2018-10-31,0.4156453173345223,0.0329472706645063,0.1710890554927619
781953012793543d3688d74110a03b33,경기도,화성시,대영농장,2018-10-31,0.3096511598250502,0.018293923398387,0.1581609028798286
1b8fb6065836b86e6090f99c6525473d,경기도,화성시,덕다양계장,2018-10-31,0.0,0.0134474153881857,0.189052296973886
3b6d2254229be1d3af02930e95e7e325,경기도,화성시,덕산농장,2018-03-14,0.2119740677168222,0.0666043854981143,0.3127035013335416
ed6b617a2c3e6087b8f323332481ea58,경기도,화성시,독정양계장,2018-08-31,0.1873415975253755,0.0175977389864095,0.1724262796073311
fe887ed3e67d540c8d1bfb12495601f9,경기도,화성시,독정양계장,2018-12-31,0.1873415975253755,0.0175977389864095,0.1724262796073311
17167fdb10e4db7881131db941463933,경기도,화성시,동진목장,2018-12-31,0.4322299428470714,0.0785210766887668,0.157419945806646
c090cacbf9502f929fa2070e5def903a,경기도,화성시,동현농장,2018-03-14,0.4365119194902786,0.0207517000421703,0.1405510146007122
1d8e3a3b727417f44a971a19899cf858,경기도,화성시,두레농장,2018-09-30,0.0333341831590696,0.0518418767095348,0.2167664500151933
cf235a25a7796963068b3ed9acf7ae86,경기도,화성시,마도양계장,2018-10-31,0.5720539789426012,0.0099633386449939,0.1240247827689388
7f77f928197a22322ecbf5e06c6bea7e,경기도,화성시,매바위양계장,2018-03-14,0.0321021502450117,0.1889103473362315,0.1782050174951387
de8dd90ed9381480ca194789f8cd31c5,경기도,화성시,모세농장,2018-04-30,0.0926986691391529,0.0601602613627192,0.2367618663042766
d3196d26fd7e75a6e9b9ccc58b367648,경기도,화성시,무지개농장,2018-10-31,0.2105915742309014,0.2423785229327698,0.2156210809075215
b9a098d899533143161c2cf2ec6f97c9,경기도,화성시,미래농장,2018-08-31,0.0469779079149454,0.0441371845285809,0.1972015829767851
06a624f056c5b5ac83f09bc87bd27bea,경기도,화성시,박○혜,2018-04-30,0.0578806198808108,0.0613632608953721,0.4529909231794295
2f77337179d39d27c61ddcf403cbb4e1,경기도,화성시,베드로목장,2018-03-14,0.0898576718684495,0.0222474051335546,0.0505232133228006
7bbd5c6dbbe8267b37f7f9f93e82afed,경기도,화성시,봉황농장,2018-03-14,0.0926569559730234,0.0266568640951266,0.0740494830331636
8c83d1100ade2db99e605a9a6e229a76,경기도,화성시,부성축산,2018-10-31,0.0172373986915491,0.0617459038603352,0.2759328973554817
972811441cb25cca0f1d46fe9f66813b,경기도,화성시,부성축산,2018-10-31,0.6550177552659333,0.0220062509733309,0.1113710815206063
1b60f63ada9920408aba8aaeb0a19e72,경기도,화성시,부여농장,2018-10-31,0.1569042487600392,0.0642409335172199,0.2125469823688888
aa628ed8907ba4817765ecf00fc3a51e,경기도,화성시,부자농원,2018-04-30,0.1385479582784546,0.0186621803544561,0.322713811231749
f62027ca9ca5ae8b46523014402d5cbf,경기도,화성시,부자농장,2018-09-30,0.0905871659577906,0.1983877090869134,0.2065027550502668
e51c13958bcee3991c06f41857c13dc7,경기도,화성시,부처물 농장,2018-09-30,0.1765990521834536,0.0676689178593279,0.1208527832753933
3fd9ce4949fb226e2ed0032f7053fced,경기도,화성시,비봉농장,2018-04-30,0.0399962410540603,0.0149179997110427,0.0647457364082225
182468e7cdc14177b5c6e78a00c0839c,경기도,화성시,비봉농장,2018-12-31,0.0399962410540603,0.0149179997110427,0.0647457364082225
2e0ae9d951ba28453ebf7210e5a4f70a,경기도,화성시,사또농장,2018-03-14,0.0670418882492398,0.0264097363213188,0.114761918144742
55bc41c87cf71b4d715eb73259dc395f,경기도,화성시,산골농장,2018-08-31,0.2813301791486248,0.023440914368618,0.1171856693188246
55bc41c87cf71b4d715eb73259dc395f,경기도,화성시,산골농장,2018-08-31,0.2813301791486248,0.023440914368618,0.1171856693188246
ff71e4a9ecbb4181c81b5bf76d1dfd9b,경기도,화성시,산척양계,2018-03-14,0.016648073807592,0.0327590754735344,0.0241307455090749
5e386a162c4fa0809d3081586fd03700,경기도,화성시,삼리농장,2018-09-30,0.1204611163049741,0.0102425019534023,0.0590794528472134
27b0dc124643f7a184cd8a9455e6f8e0,경기도,화성시,삼일농장,2018-10-31,0.2666151711959769,0.0061658999742386,0.106547956402759
17a6c818352d4faf8b4aa69b98518335,경기도,화성시,삼현농원,2018-04-30,0.0154676917646617,0.0378578668096436,0.1954487370610423
f71ed8b4beb4574401b22afa24ccf060,경기도,화성시,삼현농장,2018-09-30,0.0789910762739822,0.0407727906632727,0.2568451646687967
cfad74f308f9fbd3b770ada4f95ad286,경기도,화성시,삼화농장,2018-12-31,0.1233344235589152,0.0621943025568713,0.2189526387578868
cfad74f308f9fbd3b770ada4f95ad286,경기도,화성시,삼화농장,2018-08-31,0.1233344235589152,0.0621943025568713,0.2189526387578868
3bf875d2b393c25ff1ca8bceda7500b6,경기도,화성시,상신농원,2018-10-31,0.3027158496375627,0.0391637866408514,0.2321078272332332
9dd3486ef5cfc985d095515ed1ca6d10,경기도,화성시,상신현대농원,2018-10-31,0.3027158496375627,0.0391637866408514,0.2321078272332332
49e1f3bc12f8556a385aaf59a5d8fdc1,경기도,화성시,상진농장,2018-08-31,0.0494147390928813,0.0255711821035963,0.1084198910522673
a047597749bee1939fcfc3dc6f43e5f0,경기도,화성시,서신농장,2018-08-31,0.1125279762897397,0.12611701455848,0.1171660374776996
732c0a6cb60b35680a55327342cb1706,경기도,화성시,서신농장 2농장,2018-09-30,0.1086250472148234,0.0456876443550966,0.1620914035772858
7f831fc87392a964c81cdd3c45ccf82a,경기도,화성시,서신농장 3농장,2018-09-30,0.064895740343992,0.0505170592422957,0.1739509380638196
c580b0e2739db3bd66b708db316a8271,경기도,화성시,서신농장 4농장,2018-10-31,0.2287531203180296,0.0493805722177018,0.1691051783724086
f0acd6c33d7a10429c160bd80f82058d,경기도,화성시,선경2축산,2018-04-30,0.2084884217228938,0.0292935221483363,0.0994993652210578
265824f189e5b2861fc223476c690f6f,경기도,화성시,선경축산,2018-09-30,0.1002447402077002,0.0351132809910701,0.2046669541827907
8869054d3c9ea010a38f91aa47a66059,경기도,화성시,성민농장,2018-08-31,0.0391149019856982,0.0124905524365024,0.1121380557860486
9efcb901e27bbe2f9fef07fa27b7fd1b,경기도,화성시,성애농장,2018-10-31,0.2332161319312957,0.0282594050923618,0.0968455987381719
bf1e0a6e26aaf92ba1f14391c1e8f984,경기도,화성시,성우농장,2018-10-31,0.0409015027733234,0.0533182465747932,0.1813420983188308
6a526ef88538d75d1c2ff43bb1a9221a,경기도,화성시,성웅농장,2018-12-31,0.4106814544203105,0.0543858362767101,0.1301061760006904
6f9bc4fa8d41362de9ebc73e7bae6b50,경기도,화성시,성웅농장,2018-10-31,0.4106814544203105,0.0543858362767101,0.1301061760006904
2dd03f4f24c97f49d2625a575a669cb9,경기도,화성시,성일양계장,2018-03-14,0.0809938200687504,0.076528417576691,0.1181568296614395
1159ddc8902d1f080648262518bf9623,경기도,화성시,소망농원,2018-08-31,0.1160702293316347,0.0105408043988519,0.1610641300525704
4b805b388e5dfbcb966957859f143244,경기도,화성시,수범농장,2018-08-31,0.42374060101965,0.0086086274071268,0.0427524160658847
0abeb1950da7ff571c0b49df2462a0e8,경기도,화성시,수현농장,2018-09-30,0.256879709522904,0.054690440393905,0.288359102523248
0948fc01314b0d6b4857c169a7aebf56,경기도,화성시,순정농장,2018-10-31,0.2016351379298224,0.0103975936743292,0.109459016895848
60f26b227bbe4846d78313b07c7b181c,경기도,화성시,신봉농장,2018-10-31,0.0728605294213516,0.0349791798609665,0.0791400698922771
c8facbd980a904686374716572547f1a,경기도,화성시,신성농장,2018-08-31,0.1201425034062062,0.0425082006075635,0.5035331017177033
80897962da6e90c852cded0f005540bd,경기도,화성시,안석농장,2018-12-31,0.1727755836630019,0.0389893598127812,0.1128011559855637
80897962da6e90c852cded0f005540bd,경기도,화성시,안석농장,2018-08-31,0.1727755836630019,0.0389893598127812,0.1128011559855637
77895fa474bba4cf72a5726fceebeff8,경기도,화성시,야곱농장,2018-09-30,0.0437134280524412,0.0508997357871216,0.2158789892123662
99352abd1b1598809a336696ac83f4aa,경기도,화성시,야마기시즘실현지영농조합법인,2018-10-31,0.3238642160466669,0.0539720714352785,0.2669621558691296
56e587cc788126f078f33e679979a7c5,경기도,화성시,양지농장,2018-09-30,0.1080612461928726,0.0708310496793356,0.3559383768583428
9dde69738d158bfecd48d5bca9f73feb,경기도,화성시,양지농장,2018-08-31,0.3230407414801574,0.0425887189730924,0.1382724093508405
586b8972dd4bfa79f3b91f8917f4ad73,경기도,화성시,여흥농장,2018-12-31,0.0500511703868309,0.0301692370765978,0.1301167072563363
56f4bb0a83431952a55f0ddd24ee3433,경기도,화성시,여흥농장,2018-10-31,0.0302911794084524,0.0301338744320901,0.1291753891572941
e5a2f9500b62fbb9234b30e5a892d7df,경기도,화성시,연수농장,2018-12-31,0.1237307835864667,0.0489393302237724,0.219220556061043
4137c68f650835c7f137b448f1c08807,경기도,화성시,연지농장,2018-03-14,0.1147789120087208,0.0196425848837052,0.17458969883193
6436b2a8877725e875fe727746f6fdcc,경기도,화성시,영남농장,2018-12-31,0.135786539155603,0.0125173022827843,0.204845393562015
6436b2a8877725e875fe727746f6fdcc,경기도,화성시,영남농장,2018-10-31,0.135786539155603,0.0125173022827843,0.204845393562015
b2e5984f0f2d0416f3d39c1789346a89,경기도,화성시,영완농장,2018-08-31,0.3792517100715406,0.0404259852156107,0.1062059084074039
0bf98d2f36fb382b506274e720550841,경기도,화성시,영호농장,2018-03-14,0.2697769247284792,0.0688372544115936,0.3208026052942583
d9aba0575d766ebc6dff8a7ef6a75a33,경기도,화성시,예루양계장,2018-08-31,0.1311015706480031,0.0305955785650759,0.1058766722051827
2dac1b9ebb3f9ed33c59473177b43165,경기도,화성시,예산농장,2018-08-31,0.1588242216991954,0.0435878148741155,0.1411960650694982
cf02235f6d50f6dcf6c72d923619fcbf,경기도,화성시,예찬농장,2018-03-14,0.1088592933773933,0.0371771205336419,0.2300993615460018
561702b5ad11970fae23ec973bca656f,경기도,화성시,우음도축산,2018-10-31,0.0289575276180849,0.779645710682652,0.0024234983367545
d911ddb5a74245750587821711d2de9b,경기도,화성시,운평농장,2018-12-31,0.0543815108945275,0.0457378792840541,0.4947288310984551
d911ddb5a74245750587821711d2de9b,경기도,화성시,운평농장,2018-09-30,0.0543815108945275,0.0457378792840541,0.4947288310984551
32fd027d69fae67e76baa6765a58b328,경기도,화성시,유농장,2018-04-30,0.0494147390928813,0.0255711821035963,0.1084198910522673
e56738a46120ae2b1f7167fe1e4fd25a,경기도,화성시,유림팜,2018-08-31,0.2523031405203903,0.0226234308100993,0.1450673818145888
e6ccb0d140b015f776ad557691873abf,경기도,화성시,육계농장,2018-09-30,0.2332161319312957,0.0282594050923618,0.0968455987381719
bfe582043f7a9741a4c460a722cca72d,경기도,화성시,은혜양계장,2018-03-14,0.2433535948268337,0.0358208634929862,0.1053113232819092
b0cea823854a11a2379bdf91a85a349c,경기도,화성시,이재진목장,2018-12-31,0.2135461855180372,0.0280877529406418,0.0927874524806128
259612900e7c1f655befb245609bbef9,경기도,화성시,임마누엘농장,2018-10-31,0.262237560896936,0.0197934743743948,0.1682787533724867
6b695b1ebf7a685ee24b7c9a34e5b651,경기도,화성시,자유농장,2018-03-14,0.267316229374002,0.0605339907175812,0.2883694364604659
8f88a1e857f781c8ad54fd1083af1132,경기도,화성시,자유농장,2018-12-31,0.1748687031432242,0.0421404248599659,0.2485620623305502
920b3a25d5175b6bab6d373f1d6b3dd9,경기도,화성시,장수농장,2018-12-31,0.1144203481292948,0.016567463591922,0.1592774826638422
eabf43989d8cae2890339d33c223b4f8,경기도,화성시,장수농장,2018-10-31,0.1144203481292948,0.016567463591922,0.1592774826638422
20e1dc3a3eaf9ea7ea6468de7ca10162,경기도,화성시,장학순건강란,2018-03-14,0.20039821686237,0.0795470607751087,0.2854832737076546
662f222f5e098f16d4bcd98cab8ca60b,경기도,화성시,재성농장,2018-09-30,0.0557313633939673,0.0877427577391034,0.4196745072060168
7437f278d79185df65c7ae35ca9a05a3,경기도,화성시,전정식농장,2018-03-14,0.4038034765422293,0.0522024270268062,0.1763042759280616
3bd597085997810d4328a1da9fd95ba3,경기도,화성시,정남농장,2018-04-30,0.030149006070053,0.013768717700159,0.1504667569179704
78723cf08c9a0848ead03e48b2de8733,경기도,화성시,정남농장,2018-04-30,0.0407302091598652,0.0520727058416738,0.237125076220985
e619101952b2b860630717219bd75fad,경기도,화성시,정영농장,2018-04-30,0.2751091227068888,0.0163084126302311,0.1420178846908678
89b690c38f52407310e6434f934ad5d0,경기도,화성시,정인양계장,2018-12-31,0.3894675391956356,0.0419252491093156,0.1331400955995257
dd0ab0f34e60d5a640848b316fa407c1,경기도,화성시,정인양계장,2018-04-30,0.2328380309784572,0.0418380989914081,0.1437507079905932
c8ca0289fe6ff6a601ca33f40fe1cef6,경기도,화성시,정호축산,2018-12-31,0.1550872833032123,0.0504885619382892,0.2372383486882953
829a035cb8e3817e4d1d5d8b0385f48a,경기도,화성시,정호축산,2018-03-14,0.1965191627565024,0.0504113387490938,0.2348221240067351
f9ae2dd5dfc68efe748a6a7d245ada92,경기도,화성시,제일농장,2018-10-31,0.2077683184755758,0.0683306622739369,0.3170688849326732
da58766bc7b2f3024558c4d467ecfcd8,경기도,화성시,주은농장,2018-12-31,0.148223309734748,0.0081834942383818,0.0510032474474559
da58766bc7b2f3024558c4d467ecfcd8,경기도,화성시,주은농장,2018-03-14,0.148223309734748,0.0081834942383818,0.0510032474474559
746966f90ea4d5fa93818920a7cabb83,경기도,화성시,지월농장,2018-08-31,0.1854925033893717,0.0358685872642715,0.139306266260251
c3c8eb82658dbf0bc6636e82fc48065b,경기도,화성시,진석농장,2018-10-31,0.1603011692031486,0.0190157916016842,0.1364392848343194
7133a93241b6d8dbfd197fb4c6e1a7c5,경기도,화성시,진성농장,2018-03-14,0.3452061797862362,0.1427905303527956,0.2415838442443005
448da0889a11f12ad352dd8354cf4562,경기도,화성시,진현농장,2018-04-30,0.1404947803168615,0.046642717997371,0.1679116093787982
fd827aebdba86273dac777a0d3bd582e,경기도,화성시,질라라비농장,2018-08-31,0.0523332380060606,0.0207686224110645,0.1473918436855298
3ef5b490623917b588bf003665eeda8e,경기도,화성시,참빛농장,2018-03-14,0.0967957944834559,0.0131427354722042,0.1974485692300264
4804b48101b0df972655e7cdbc5bf483,경기도,화성시,창은농장,2018-04-30,0.052652148468631,0.0701871694751889,0.12340343048697
dedfd099caabf3bdd8fb1fffdc4a2303,경기도,화성시,청계농장,2018-09-30,0.3140494087117466,0.0227214911952258,0.1501019985109925
ab71ef3c4bfc77aca348d57f403d06e7,경기도,화성시,청석골 농장,2018-08-31,0.2604020643975271,0.0163044857501917,0.1699755338542971
91a5bb22c8845acd0605ac70466572a5,경기도,화성시,청천양계장,2018-10-31,0.4290463763348323,0.0125475423949956,0.0658037382621638
decd14eb9c7f2b643400dd3989925b37,경기도,화성시,초혜지농장,2018-09-30,0.1367781144401067,0.0601293337681332,0.2360250772558191
93b35617771eb8c99ae4f9572a07d08b,경기도,화성시,큰양계장,2018-04-30,0.3441563012795099,0.0273152995061603,0.1462892552155972
cc643380b2063005f7a3609bae8ceccb,경기도,화성시,태경농장,2018-10-31,0.1476988514575187,0.0531495361200669,0.1838420374977601
d1428fb034db3a89759b43a7e8732087,경기도,화성시,태양농원,2018-03-14,0.0311148411305827,0.0083043945813143,0.0714272277727521
b58af6bb3718cf07717a660b2963dfb8,경기도,화성시,태양양계농장,2018-04-30,0.2328380309784572,0.0418380989914081,0.1437507079905932
cf41e4fcc805d367e3fd5576f403cf34,경기도,화성시,파머스가든,2018-10-31,0.5864952540379987,0.0137556916868119,0.142702412590039
e837d0fb50601820f2cfb5c4a386aa22,경기도,화성시,한울농장,2018-10-31,0.1165694290425543,0.0503830755899408,0.2113390735660444
fbdd1fc0f8e27191ef51bbdb6e49ea32,경기도,화성시,해뜨는농장,2018-09-30,0.0290417894350634,0.041934291461293,0.1364673062383428
7a419822e9064fc792ec0857a7c84e7b,경기도,화성시,해오름 조암농장,2018-08-31,0.0209376186623847,0.25400665745742,0.1872937689198505
230f4be01038fe68b0a534f0d0349a0d,경기도,화성시,향촌농원,2018-08-31,0.3518706235971026,0.0491714411475151,0.2361762147304201
259cef8aaf1c15b72306fc447ac021f9,경기도,화성시,현대농장,2018-09-30,0.1558193750393709,0.3281983658979287,0.1575342657834458
91a02c4cdc4e626fcd0b3626285e7341,경기도,화성시,현대농장,2018-04-30,0.2774048401771118,0.0824358023357074,0.1077967840946425
8ff9f6a454ab025e538ee018ca9d1f80,경기도,화성시,현대축산,2018-03-14,0.1897174978384865,0.649542011538993,0.0800046893625288
8eecb2cbdf949870c8e1ae81127c6710,경기도,화성시,현진농장,2018-10-31,0.2295475046963791,0.0276945357001746,0.1466493095436191
23755760b905b0061e980e5954263505,경기도,화성시,형수농장,2018-12-31,0.3220142369063132,0.0226817553145008,0.1000767609183695
eae025bfe8fb9f1aab4d3ebc01015b41,경기도,화성시,형수농장,2018-10-31,0.3220142369063132,0.0226817553145008,0.1000767609183695
c0d0bdd048838c578593826b68b645fb,경기도,화성시,형수농장,2018-10-31,0.3220142369063132,0.0226817553145008,0.1000767609183695
ac48122f7410e34bd3451628b2662fdf,경기도,화성시,형우농장,2018-12-31,0.0936083700010484,0.0446978437131907,0.1967903143357289
dfebf2a6abed0b6d5c5b7d0bb66d1f61,경기도,화성시,형우농장,2018-09-30,0.1117996316167172,0.0438165022338783,0.196660440137523
a6b8bad6d755e9e65996efe7c47a1b22,경기도,화성시,형제농장,2018-04-30,0.1230120175614071,0.0148944950512098,0.1505963627051702
0e32932ca171f1e7c2d32f2f3d55e99b,경기도,화성시,홍유웅농장,2018-03-14,0.5271788282321571,0.0340558798705895,0.1724495132458632
ccc7a017d802ecb633fdac3794404f99,경기도,화성시,화성양계장,2018-03-14,0.1164283605224193,0.0413625622906804,0.2398298826857799
2ff9d776460b89174dd2480d6d173816,경기도,화성시,화현농장,2018-10-31,0.0593713421510879,0.4131469289962868,0.109628029717128
3be56765d6c2ee4d42ac1f5ee1393aac,경기도,화성시,황금목장,2018-12-31,0.1075870554777898,0.0133155831927661,0.2085658339849527
a76788873a197e2774c273cee8262428,경기도,화성시,황금목장,2018-09-30,0.0,0.0134474153881857,0.189052296973886
9922f954ed33ec4a833745d903e3b25e,경기도,화성시,황기농장,2018-10-31,0.3144696323950769,0.0453403650605812,0.1541369283576955
9900afbd98c5383dcac24eee2eeb5ee8,경기도,화성시,황기농장,2018-12-31,0.3767719273692884,0.044709460105867,0.1535560933544232
ce1432902ab252c7504c1600bba0bafa,경기도,화성시,희망축산,2018-03-14,0.1026111692461369,0.0533972247331847,0.1868653711768899
e2fc0502ea0c4dc306b52f0a3270e621,경기도,화성시,희산농장,2018-03-14,0.2950434087462873,0.0227447406027774,0.1029161302239709
8598400743e42f836cbc869c85e3fd6a,경기도,화성시,2000축산,2019-12-31,0.3114445085353482,0.0135830892215863,0.1582475785781703
bc9131e819da2f2bbc1244e1e9019fbf,경기도,화성시,K & C 농장,2020-04-30,0.2900018756987962,0.014050076088738,0.1618639291831567
81279ad00e16ae0795004bf76271cd72,경기도,화성시,YB팜스,2020-07-31,0.1495090487967131,0.0204099172579914,0.1673166161207294
5b23f95902867c3ccedc88a85f2fd7ea,경기도,화성시,YB팜스,2019-12-31,0.1752906884692538,0.021899336378629,0.1675692526124846
81279ad00e16ae0795004bf76271cd72,경기도,화성시,YB팜스,2021-06-30,0.1495090487967131,0.0218994517160217,0.1675692508249483
6356eb8c72135918f89f5b5a89981b9d,경기도,화성시,가람농장,2020-04-30,0.1218577199795254,0.013372295651078,0.0686929910389677
da204aa1b22d09e8428c917efa7819af,경기도,화성시,가람농장,2021-11-30,0.1167056370453711,0.0133723389124492,0.0686930412057023
109c94bf461d54d51421a908d591213f,경기도,화성시,감우농장,2020-11-30,0.2885667091811293,0.0612033180623749,0.1624238038364984
8f86b1ee54ce3f2beb8ebf78490e20a4,경기도,화성시,개미농장,2021-09-30,0.1062486599724573,0.0426530825333001,0.1634902050640316
b3ae968fbbcbf01a75b26c7db04168c9,경기도,화성시,개미농장,2020-04-30,0.1160635126101202,0.0435117810732773,0.1646634384794496
34a6ec532e1bd87a417803286ec27468,경기도,화성시,건국축산농원,2020-05-31,0.3329712318223127,0.013155368371782,0.2064513890168457
5d11bf9156306822ce7a347066efc6a3,경기도,화성시,건국축산농원,2020-07-31,0.3655840800002185,0.013208657376071,0.209720951879908
537c5208a0c442194f5ae9957074947e,경기도,화성시,경기농장,2021-07-31,0.3389991051472671,0.0431772675319615,0.1344465895925195
d92773032cf4b3a81082ee2a377ea55b,경기도,화성시,경기농장,2020-01-31,0.325746115128298,0.0432938705197615,0.1358802301652906
c3bfa63638bd0f891132c34c0d1139f1,경기도,화성시,계원농장,2020-06-30,0.0462157617552115,0.0541073502224082,0.2269789763415875
6284f44e0b9130d5d4244ace53dd034e,경기도,화성시,계원농장,2021-07-31,0.0686032931769794,0.0541121935831527,0.2268445825659453
9e9e6726e5a22404938da4ddaa9ccacf,경기도,화성시,고려꿩농장,2020-04-30,0.2550279463934292,0.0527632390727137,0.091676152819519
cdecd2f79cdddfc961b2412719202669,경기도,화성시,고려꿩농장,2021-07-31,0.116003620640111,0.0524820906325459,0.0867235457016457
10e5ed6d0c89ec9772dfb60ec80d201c,경기도,화성시,관항농장,2021-09-30,0.013198299986756,0.0337452666825288,0.085748866113087
070b036cafae637c616f93eaeb9048f1,경기도,화성시,광도농장,2021-09-30,0.1084617296290703,0.0164758389668238,0.260960294257091
8d7ebc1918a930b662b5c9b1abf67034,경기도,화성시,광민농장,2020-07-31,0.1512176732831981,0.0142003891679495,0.2368852415248398
d8ef472cc47499a978f4a497bbee5dd5,경기도,화성시,구마농장,2020-07-31,0.0890384971927582,0.01623616439738,0.1566680690115873
7fc5c6b7ef572b74a461ddec7471dc44,경기도,화성시,궁영물닭장,2020-07-31,0.0262468350877279,0.7789961444546704,0.0024156136736505
0131341081074fc3e96bfa4e456936e0,경기도,화성시,금송농장,2020-07-31,0.0940064603921648,0.098729334541304,0.3162906779229533
e289c21428369ee9cc55e63880dcd15e,경기도,화성시,금의양계장,2020-07-31,0.0215893441962779,0.0152063423503499,0.2816182384544802
0425f282bc0fac0e401ff18d8a841896,경기도,화성시,기러기 농장,2021-09-30,0.0691706950447731,0.1444964884461254,0.3661128027615102
98f9c1444375dc3212112fb67687d230,경기도,화성시,길성농장,2020-07-31,0.0290741495604775,0.0534269880987969,0.2246324797650678
124907e4acaec1ff804381d4dafcf28d,경기도,화성시,김포팜,2021-07-31,0.0318653553397682,0.0633033668724302,0.1747823335367413
bebf188d3f498376a846d770170122f3,경기도,화성시,꼬꼬마을농장,2021-09-30,0.1768546132482605,0.0157464626561248,0.2446159981555592
67bbe0f44af5a96ee9719986f441b06b,경기도,화성시,낙원농장,2021-09-30,0.069096037582992,0.0567075727035102,0.1987587281216921
adff8d970cd49d3b7e943f00249d0b3f,경기도,화성시,낙원농장,2020-05-31,0.0691076672899345,0.0567076373809124,0.1987589774106483
712b17286994395e6743536d661397c2,경기도,화성시,남성종계장,2020-04-30,0.0322281403930112,0.0103802306105989,0.053719056414291
80f6a5e8233c449960f57e99b1ddb58f,경기도,화성시,남양농장,2020-11-30,0.0609334747665508,0.0397074486180226,0.1518501241968938
d1e5626ca25c15568fa4521fc18b8122,경기도,화성시,남양양계,2020-05-31,0.1569424613583518,0.0503745688839166,0.1728427751190095
a0ba52a499e5f8ee9825a74d7eca8261,경기도,화성시,남양양계,2021-11-30,0.1557629184870105,0.0503605874372146,0.172792770518578
aecf8903c4068d2b613d5cbbf773fc0b,경기도,화성시,남양축산 안석농장,2021-04-30,0.2222603397280455,0.0395470167345662,0.1653854622941842
3c1d8ddfb671bf69ddf91033bf86433e,경기도,화성시,남에벤에셀,2020-01-31,0.0872187636966424,0.014337628732255,0.2786762953864107
55dd0aaa0247ab6c7b3ceb92c1ca0e8a,경기도,화성시,남에벤에셀,2021-04-30,0.0827526041562349,0.0143764282750011,0.2784022803745062
189f701ef3ff869a6e26ec8aebd16fe9,경기도,화성시,남촌농장,2020-01-31,0.3202207639679794,0.0411428132640439,0.1240262684369013
1aecc90f08010d79ff6adb74ad43cd74,경기도,화성시,남촌농장,2020-07-31,0.3154800291000863,0.0411188149894299,0.1233816432243166
98dc3e043d6d7af47bd410b57a1c2deb,경기도,화성시,농업회사법인 주식회사 잘큼,2021-04-30,0.2931264723903343,0.0249636310136916,0.14928046455997
40d9ffa9460804f03978cc3dc706583a,경기도,화성시,농업회사법인(주)정인,2020-06-30,0.0935365588462867,0.1982047812883923,0.2062776431963581
063dbcc0f54645fc9c68b5212621f749,경기도,화성시,농업회사법인㈜정인,2020-07-31,0.0962795347198505,0.196955459120445,0.2060473390249122
263ea6f7e3dbbb05aa681dcbd959ec9b,경기도,화성시,누리팜(헤브론농장),2020-04-30,0.1588242216991954,0.0435878148741155,0.1411960650694982
1aa86677b8b3183954d5ba087df53c4a,경기도,화성시,누리팜(헤브론농장),2021-09-30,0.2391446803669154,0.0431468734695738,0.1368132923856389
bc25183da83e809a41e76262739dd817,경기도,화성시,다산농장,2019-12-31,0.0702346341621626,0.065608729178801,0.3166711045535632
47c4d865ee686630f2db468a9c9dec4f,경기도,화성시,다산농장,2020-11-30,0.1150337085449275,0.065291256973457,0.3135920598149295
053528cf3f418686c5c7bf004d547b36,경기도,화성시,다산양계,2020-06-30,0.050965838416041,0.0370690384386487,0.112462972930789
6868bea40596b425357256128d39a38e,경기도,화성시,다산양계,2020-11-30,0.0041020467273929,0.0371284320723268,0.1124109128496359
55859a7c4d4ba2b6f088d7247415af4a,경기도,화성시,다올농장,2019-12-31,0.038072501079379,0.0162557268416169,0.1590746805516633
96558d6a7680991fedb95500332554db,경기도,화성시,다원농장,2021-06-30,0.091020248676693,0.0540969142608001,0.3569403213482933
076cc82184549e5d6a4a8fdaca3bf7af,경기도,화성시,달궁농장,2020-11-30,0.5398728979284235,0.0132900104224917,0.2258528815565955
df4ae66bbf8c2023ef704dffb8d26739,경기도,화성시,대경농장,2021-04-30,0.1975392878113289,0.0593234344866078,0.2773175362243878
6a56974ae225da0c52914522f5261dec,경기도,화성시,대륭농장,2020-11-30,0.2680397284274748,0.0226269955108563,0.1682703348628513
b976e4d76553efab09fccb0f5add44f9,경기도,화성시,대박농장,2020-05-31,0.0351806943613022,0.0531207376937074,0.1808651381944195
43fe98a58dc10934f919b29bc0f0c0a0,경기도,화성시,대박농장,2020-05-31,0.402960455429879,0.1436603798859888,0.2437847288799978
c2b8aa0d20b8316661cb6d9141df30d3,경기도,화성시,대박농장,2021-09-30,0.4051827420055788,0.144700020066829,0.2440936307230614
7b9fcf23f54c2490ed06f2536658dc23,경기도,화성시,대산농장,2021-11-30,0.0041743774804338,0.0465616102953777,0.259770387498739
1e095f41949c6c74fdd622a11632db84,경기도,화성시,대산농장,2020-06-30,0.0270135045056249,0.0477881550177004,0.2638191681263956
909d5cd0c3ed991ddabf11737d3cc88c,경기도,화성시,대성농장,2020-07-31,0.1602652160096081,0.0489453629907182,0.1753063726817526
909d5cd0c3ed991ddabf11737d3cc88c,경기도,화성시,대성농장,2021-09-30,0.1602652160096081,0.0489453629907182,0.1753063726817526
1c9604a3eaf11abf8a14c201a07dd073,경기도,화성시,대승농장,2020-05-31,0.1475810951951232,0.0530522717549675,0.1827671088888667
e4a6653b3506641e457dddd2ceab1ad2,경기도,화성시,대승농장,2021-11-30,0.1098163048943169,0.053052244503154,0.1827671043901464
cb112d6074ff103caf24b4b5f8754d8e,경기도,화성시,대양농장,2020-06-30,0.4156453173345223,0.0329472706645063,0.1710890554927619
cd52c5b34573e7336565a56ff19abf05,경기도,화성시,대양농장,2020-11-30,0.3896676258380395,0.0326865397094137,0.1723512344373491
cd52c5b34573e7336565a56ff19abf05,경기도,화성시,대양농장,2020-07-31,0.3896676258380395,0.0326865397094137,0.1723512344373491
b821690c4fd8db4558f8d24473b20220,경기도,화성시,대영농장,2021-04-30,0.3137847531924535,0.018340773008385,0.1585715676449369
177839e5d19555484c125fb7093f3f5e,경기도,화성시,덕다양계장,2021-07-31,0.0566795252830576,0.0133664116115739,0.2112609995233254
6a5ea9327029b9d4eeb1d762b9b67135,경기도,화성시,덕다양계장,2020-05-31,0.1075870554777898,0.0133155831927661,0.2085658339849527
177839e5d19555484c125fb7093f3f5e,경기도,화성시,덕다양계장,2020-07-31,0.0566795252830576,0.013363202711532,0.2110292427232969
d0594f81b53d52a4a41cfd7dd9b5357d,경기도,화성시,도원농장,2021-06-30,0.0614492240469748,0.0107806985876592,0.1600107854896173
d9fc56094570afbdbde49115ba4ea46b,경기도,화성시,도이리목장,2020-11-30,0.0462597933586345,0.0085834143595098,0.1030357234139338
97438bbbc6ab7dd6b2adfc5cfb7f52ad,경기도,화성시,독정양계장,2021-04-30,0.2364073824929455,0.0172170481962904,0.1695647402796209
15d926db70894860087e37e35eb0342a,경기도,화성시,동원농장,2020-01-31,0.1657728304406094,0.0494804325124901,0.1697838929975741
4167fa9fe960712a4cc5d1f72e6c77c9,경기도,화성시,동원농장,2020-07-31,0.1629701660742732,0.0494242876297041,0.1695873000556134
1b71ab7a3b093658b76aa5ed7aff840a,경기도,화성시,동진목장,2021-11-30,0.4300113172565197,0.078429375158847,0.1573156400917068
8bedebdc0f7eee49cab18976eed17666,경기도,화성시,동현농장,2020-06-30,0.4365119194902786,0.0207517000421703,0.1405510146007122
255c70e087e46cc340bf87f9c8eda39c,경기도,화성시,두레농장,2020-07-31,0.0128209135466405,0.0519397908014861,0.2172779416998997
dd733dbdfdcd858baba84ca5a74b44a2,경기도,화성시,뒷골농장,2020-07-31,0.2765212301445461,0.0345291918856491,0.0236558283302378
a10e6c523c06247853b16d0d8211f109,경기도,화성시,마도양계장,2021-09-30,0.1657233546432961,0.0215243378998518,0.1340399045404165
cf235a25a7796963068b3ed9acf7ae86,경기도,화성시,마도양계장,2020-06-30,0.5720539789426012,0.0099633386449939,0.1240247827689388
151bdd8682254e257982f088524f178a,경기도,화성시,매바위양계장,2021-04-30,0.0493136663108979,0.188982565838139,0.1765182178991405
7f77f928197a22322ecbf5e06c6bea7e,경기도,화성시,매바위양계장,2020-06-30,0.0321021502450117,0.1889103473362315,0.1782050174951387
8885c3a1a215d55e7fee9b31e6bda972,경기도,화성시,모세농장,2020-11-30,0.081010955671452,0.0602146615424055,0.2367292377653934
3e74bfdc4dd9773b1503b2cde71ebef4,경기도,화성시,무지개농장,2019-12-31,0.2105915742309014,0.2423785229327698,0.2156210809075215
77fc16252e1b5cb3a49f113ad2984baa,경기도,화성시,무지개농장,2021-04-30,0.2311103577085957,0.2451376547878269,0.2149305588207253
6ade571a926f31ed83fbc75d63af14c1,경기도,화성시,무지개농장,2021-04-30,0.6911097284078032,0.0369314069336307,0.1647857362554364
fc6c454d6c9936ba620a390daf8c51ab,경기도,화성시,미래농장,2021-09-30,0.0457540262459388,0.0441256675342701,0.197058303497024
1499b2a0e57390e03c5070cd90b8313d,경기도,화성시,미래숲,2021-09-30,0.1712335631385055,0.0543456321773796,0.2304344951346352
5fc1ba0f49c47bc43cc6989729c985b4,경기도,화성시,민서네 꿩(약초)농장,2020-11-30,0.3601416454048997,0.0519658632494037,0.1310964708060922
67d199bc1eeeabaef22b85202b8ae360,경기도,화성시,방울산농장,2019-12-31,0.108707487386709,0.0124512708853828,0.145343252184352
988333c589d4d11bd0b767597d40054d,경기도,화성시,방울산농장,2021-07-31,0.1087136609191812,0.0124512443428804,0.1453429682563268
2ba3086851e915af434d35ec23710932,경기도,화성시,백봉실크 오골계농장,2020-06-30,0.3385219755431395,0.0114221435998582,0.0785205366557906
e5efeece4e50c195ed0de46483086272,경기도,화성시,백봉실크 오골계농장,2021-09-30,0.3249770265235581,0.0114221406490759,0.0785206117296396
261cd0fb218bf7126bdd767de01f09d1,경기도,화성시,베드로목장,2021-04-30,0.1160713771846207,0.0219406436332781,0.0507864592420461
57b22a4fb3a35b8d36820f5bae21e38b,경기도,화성시,봉황농장,2019-12-31,0.116561235308414,0.0267155061913083,0.0741389390657925
0ae3671f373b509e7548699d1fae524d,경기도,화성시,봉황농장,2021-06-30,0.1027474023190858,0.0265843999342912,0.0738206203721612
187d698225f4595bcf2bee35a0c06e24,경기도,화성시,부성축산,2020-06-30,0.6550177552659333,0.0220062509733309,0.1113710815206063
8c83d1100ade2db99e605a9a6e229a76,경기도,화성시,부성축산,2020-06-30,0.0172373986915491,0.0617459038603352,0.2759328973554817
6335e678056b85055191d78a6e2b2c84,경기도,화성시,부성축산,2021-09-30,0.6046687575824637,0.0214662618563037,0.1116284338433322
8c83d1100ade2db99e605a9a6e229a76,경기도,화성시,부성축산,2020-06-30,0.0172373986915491,0.0617459038603352,0.2759328973554817
48c28300d1c6884ddfe8f7549c3c089d,경기도,화성시,부자농원,2020-05-31,0.1385479582784546,0.0186621803544561,0.322713811231749
ff849b2fd7e9dce972773bd8661adf90,경기도,화성시,부자농원,2020-11-30,0.1281054074522384,0.018753096648856,0.3235176707170997
43889ff52a2b1a6def0fbf0cfdfe54ab,경기도,화성시,부처물 농장,2021-06-30,0.1901944977851241,0.0672436132603789,0.1209885659885334
09e9b179195b3bcd9d4f3db73a69a59b,경기도,화성시,부흥꿩농장,2021-04-30,0.085506251505378,0.0490998888066236,0.4759133600442042
8b3031b83ed78573d27f07d9db1328bb,경기도,화성시,비봉농장,2021-04-30,0.0505553006538576,0.0149160527721882,0.0647854902515662
f7639ae546831b12a7993074c17f70ec,경기도,화성시,사또농장,2021-06-30,0.0821890501583179,0.0264539558274152,0.1145450791196073
17a6c818352d4faf8b4aa69b98518335,경기도,화성시,삼현농원,2020-06-30,0.0154676917646617,0.0378578668096436,0.1954487370610423
40db5ca480934ef4220983a8cc69b451,경기도,화성시,삼현농원,2020-11-30,0.0154641411371644,0.0378580438038968,0.1954488639537983
f71ed8b4beb4574401b22afa24ccf060,경기도,화성시,삼현농장,2019-12-31,0.0789910762739822,0.0407727906632727,0.2568451646687967
1ea7965695a5455a23da98f1efc8075b,경기도,화성시,삼현농장,2021-11-30,0.0708113462430343,0.0407728473787451,0.2568452044621841
7c05e0a1b6cb44fd07d00b69d0f0549a,경기도,화성시,삼화농장,2021-06-30,0.1378783710345979,0.0625667164707377,0.2193094342599323
ae8cbfad976ca4df64407f43c079ad2d,경기도,화성시,상신농원,2021-04-30,0.3370978784552856,0.0399438260406183,0.2325693250141495
752ae9179b741c28287a812e29f12eb2,경기도,화성시,상신현대농원,2020-11-30,0.3370978784552856,0.0399438260406183,0.2325693250141495
45afb38cf86996d82a22c8468f7a61f7,경기도,화성시,상진농장,2020-05-31,0.0690334280117752,0.053270837433479,0.1876582258941798
aa98dfc0fa43221e1f0012b358d141a6,경기도,화성시,상진농장,2021-06-30,0.049643829866875,0.0549924077290882,0.1889380600681083
059f082d56f0a79a608b64155b6a8b95,경기도,화성시,서봉누리농원,2020-11-30,0.1653632544572653,0.05263033040131,0.2356522612308801
63efe97a22c585f72adacb79238c4bd7,경기도,화성시,선경2축산,2021-07-31,0.201651831719144,0.029188213631595,0.0986895971504254
9d8d03c7c63c6cb5910ab2657ea11b90,경기도,화성시,선경축산,2020-07-31,0.0601914165890131,0.035132974259333,0.2044104101003535
8553d3348940a37e37ede42714f0cfa1,경기도,화성시,성애농장,2020-06-30,0.2332161319312957,0.0282594050923618,0.0968455987381719
1547c730acb106fd691cb6084313f6f1,경기도,화성시,성애농장,2021-04-30,0.2169434897074579,0.0285091508676414,0.0968863950571657
4974c6cf3e9ce68f782a026cee63c4df,경기도,화성시,성웅농장,2020-07-31,0.4157959749816797,0.0548210573452303,0.1297239849391988
6189f0e97f8587d0354741a1992cb3d3,경기도,화성시,성일양계장,2019-12-31,0.0809938200687504,0.076528417576691,0.1181568296614395
e38cda9ecaf28ea9236cc097a2e438b8,경기도,화성시,성일양계장,2021-11-30,0.1278710501511532,0.0759083155917757,0.1183448657044672
c045ccb6ac702b54c04404c0fca81621,경기도,화성시,세종농장,2021-07-31,0.1214128448941741,0.0451743933712389,0.1606537379751347
1159ddc8902d1f080648262518bf9623,경기도,화성시,소망농원,2020-06-30,0.1160702293316347,0.0105408043988519,0.1610641300525704
f8bdc18d8a324414cec7cc568d6495d4,경기도,화성시,소망농원,2021-06-30,0.1021572775052448,0.0105408323548179,0.1610642402807973
5471c346abe24aaa071e9dad44d83d86,경기도,화성시,소원축산,2021-11-30,0.0578812610622712,0.0613633827619832,0.4529905488283426
1441ec4adcfce60ace672b1153112883,경기도,화성시,수범농장,2020-07-31,0.4246019327677988,0.0085080885235384,0.0422300469970184
f13bb6958497bb1b4311f1800a6d04ef,경기도,화성시,수현농장,2020-06-30,0.256879709522904,0.054690440393905,0.288359102523248
f0f16d1f3b7c0ffd614e9bc7dafe95a0,경기도,화성시,수현농장,2020-11-30,0.2765082735477823,0.0540849213616636,0.2856660167446956
456a766e2376ba5b9e0c99382f8cd17c,경기도,화성시,숙이네농장,2021-11-30,0.2005257097460413,0.053755175640249,0.1848961443579772
00a438b767dbf3743491a1286051ae23,경기도,화성시,순정농장,2020-07-31,0.201631504835521,0.0103975704099011,0.1094588828844101
48aa39d0df1517593382e8bf391015c2,경기도,화성시,스마일농장,2020-07-31,0.0480531042055255,0.0689114149214472,0.3247858276384654
0f8cd0e2edc864b9974effecd4699ecc,경기도,화성시,신리농장,2020-07-31,0.0983285239331689,0.0115053476824517,0.0076024971322013
a05b57a966155497ad009b15660c5e8a,경기도,화성시,신봉농장,2021-04-30,0.0734610283482576,0.0345682694260467,0.0785702752707848
27459c9457a689e1dc7e2aaab5a241b8,경기도,화성시,신성농장,2020-06-30,0.5882888838635206,0.0421525183188069,0.4314189195727194
fc622efba48336c0308c09ad387acde4,경기도,화성시,신성농장,2021-07-31,0.596297470428949,0.0422406718121261,0.4309338130111959
9d5b2e8be2071482fadd26c5bcf2e016,경기도,화성시,아침농원,2021-11-30,0.0585986870161714,0.0486525708208762,0.1133303088396684
cf6ea70f50d2a60780b421eca366b00e,경기도,화성시,안골농장,2020-01-31,0.2645641296125413,0.0266835117913238,0.1602664327358833
cba6dff23f5760ac7a8c210a0482315b,경기도,화성시,안골농장,2021-04-30,0.2914782519364165,0.0272814040869199,0.1628068347789991
ae70335ce19db87b64f2174807bf0cee,경기도,화성시,애란농장,2020-07-31,0.3703612547759687,0.0115768010265414,0.1643483632827713
3d93516ed1fe55a0b39eab8af4679285,경기도,화성시,야곱농장,2020-07-31,0.0183907866489617,0.0550433478272074,0.233090190539302
7c2340bda85d3739aea1d17a88dcc1ee,경기도,화성시,야곱농장,2020-05-31,0.0327981308532946,0.0550435905506456,0.2329976275456446
a986dd0fa04eda0a64d6e2f5b6b4a142,경기도,화성시,야곱농장,2021-06-30,0.0437178313783503,0.0508997694900449,0.2158791224328655
7b780836943a579d17d8b77a9fc47420,경기도,화성시,야마기시즘실현지영농조합법인,2020-04-30,0.3238642160466669,0.0539720714352785,0.2669621558691296
d0d447f8319e5b86941c46e0e04a95e1,경기도,화성시,야마기시즘실현지영농조합법인,2021-09-30,0.4667884515156507,0.0425492993418569,0.2328388927400053
eee0b074d3f1c4c2ecf58d6f359d496e,경기도,화성시,양감(재래토종닭)농장,2020-06-30,0.1716358104326955,0.0688756935724126,0.3304747324472438
c05f3236d141b19c41c2a82e1442168c,경기도,화성시,양감(재래토종닭)농장,2021-07-31,0.1718181710582975,0.0689060443777988,0.3307526447741754
56e587cc788126f078f33e679979a7c5,경기도,화성시,양지농장,2019-12-31,0.1080612461928726,0.0708310496793356,0.3559383768583428
fd9bfed53b2e1e554bff224028b4a58d,경기도,화성시,양지농장,2020-07-31,0.0958368627509053,0.0708489078083319,0.3555713312134036
a01288e797e4a8c1351ea05acca59b7d,경기도,화성시,양지뜰 향남농장,2019-12-31,0.0552199660007013,0.0345610423346685,0.2320385904941599
d73776d7af89be18207a1f31b0eb9fb9,경기도,화성시,양지뜰 향남농장,2020-11-30,0.013125144248403,0.033940052849868,0.2301262657567049
cdc3121a7fd01d193591531e4c61a8c7,경기도,화성시,여흥농장,2021-07-31,0.0737388782344077,0.0310875981228858,0.1297699662405809
d1cf5fccdc2aff6b4a5b98de68b24b30,경기도,화성시,연수농장,2021-06-30,0.0617180301879387,0.0489027582768336,0.2175648348305018
c73f53e756bdc6e47f85c392930ab631,경기도,화성시,연지농장,2021-09-30,0.1334848322933371,0.0162378124426088,0.146375359913142
c73f53e756bdc6e47f85c392930ab631,경기도,화성시,연지농장,2020-07-31,0.1334848322933371,0.0165495393738326,0.1475544818477532
74c76fbf6ad0152dcb55eabd030bc061,경기도,화성시,영남농장,2020-07-31,0.1197412628971596,0.0125392718601208,0.2010220042640945
a76e00a129715ac72f5583096db067da,경기도,화성시,영완농장,2021-11-30,0.3887565837456101,0.0404131916353397,0.1057157168910607
d37d5490ab00aa77da51e24dc695142a,경기도,화성시,예루양계장,2021-07-31,0.1186530516050804,0.0293808710369683,0.105989446330016
dbbaaf711a427c30908c5cee87768963,경기도,화성시,예산농장,2020-11-30,0.2391446803669154,0.0431468734695738,0.1368132923856389
cf02235f6d50f6dcf6c72d923619fcbf,경기도,화성시,예찬농장,2020-01-31,0.1088592933773933,0.0371771205336419,0.2300993615460018
d0a201fd6cccf7f787f1190bcc7a7ce6,경기도,화성시,온석농장,2021-06-30,0.2450143597855744,0.0491456881062297,0.1685514642813697
9fb847b305f76d7e783c60c43636d70d,경기도,화성시,온석농장,2020-04-30,0.2287531203180296,0.0493805722177018,0.1691051783724086
a54a70d731f0330066e46852b530717a,경기도,화성시,우성농장,2020-07-31,0.148912093003185,0.0398409276475776,0.1852189685629867
63b7003d6c021754caf5ee63e0752acf,경기도,화성시,우음도축산,2021-11-30,0.0289548220656518,0.7796450907758851,0.0024234968636
df45bca329ae6aa6d2db02b53386b961,경기도,화성시,유농장,2021-04-30,0.049643829866875,0.0549924077290882,0.1889380600681083
7ebcde9bce562adbeb97bfb08cc2a795,경기도,화성시,유림농장,2021-07-31,0.3501457545708078,0.0319445985491526,0.1748929250050795
915196e0e5e06b3d2bbb269f563aac1b,경기도,화성시,육계농장,2020-05-31,0.2332161319312957,0.0282594050923618,0.0968455987381719
c82bff52c2c2536520eeb57827f3a5ab,경기도,화성시,육계농장,2020-11-30,0.2169434897074579,0.0285091508676414,0.0968863950571657
521d52dc872aad4adb4ff89053dc30f5,경기도,화성시,윤호농장,2021-11-30,0.0650280079340525,0.048214593560033,0.1818199891005419
bcd0fe59c77ce224cb1b3deef8ad6dda,경기도,화성시,윤호농장,2020-05-31,0.0921451316082678,0.0487468166932993,0.1825879645012971
ca38391e708fff8bf05ab126d4e58bb5,경기도,화성시,은혜양계장,2020-07-31,0.2150328747595616,0.0347064198178798,0.1054357326955907
da87fe99415e5f5fde9be3d1c206d676,경기도,화성시,임마누엘농장,2021-07-31,0.4478757524965575,0.0211177002244301,0.1867730181421535
8fbf88d33fb7e0bb139f0781ee455f39,경기도,화성시,임마누엘농장,2020-01-31,0.4674997755162817,0.0210742683264841,0.1867417058979996
cb7702854a552474e6f4a3dfd63bfce7,경기도,화성시,자유농장,2021-04-30,0.2186291948752923,0.0460610945656015,0.2502799477537384
437f7a7ff859114121d51532014b9f4b,경기도,화성시,장수농장,2021-11-30,0.2552337497247482,0.0115883275677777,0.1475904546778743
71785be7b4c3a88b1e747918b923b3f8,경기도,화성시,장학순건강란,2021-11-30,0.185672883236851,0.0794021439311852,0.2854919941949219
662f222f5e098f16d4bcd98cab8ca60b,경기도,화성시,재성농장,2020-06-30,0.0557313633939673,0.0877427577391034,0.4196745072060168
1fa285547da2fafab8d87e85432b6032,경기도,화성시,재성농장,2021-06-30,0.0743024110413366,0.0862532155413882,0.4208508106318833
7437f278d79185df65c7ae35ca9a05a3,경기도,화성시,전정식농장,2020-06-30,0.4038034765422293,0.0522024270268062,0.1763042759280616
0ae96ed36df4f0d138d73b1840635a7d,경기도,화성시,전정식농장,2021-11-30,0.4038086854710196,0.0522024585620424,0.1763045011310653
9dd515898279ba0a25052d484132e8af,경기도,화성시,정남농장,2021-04-30,0.0461321452987049,0.0138472513856355,0.1502976819251638
4981705cfefeb08384af638d23529046,경기도,화성시,정남농장,2020-05-31,0.030149006070053,0.013768717700159,0.1504667569179704
78723cf08c9a0848ead03e48b2de8733,경기도,화성시,정남농장,2020-04-30,0.0407302091598652,0.0520727058416738,0.237125076220985
7852c20eb3eefd053339b305b0a1dc26,경기도,화성시,정문농장,2020-05-31,0.1895359684424465,0.0609601991722304,0.269947739339813
9e361ceb8a541abe6b60530c36af41b4,경기도,화성시,정문농장,2021-09-30,0.2243315277991895,0.0608438265712176,0.2682521718552758
c02c473acc95ef6001f78dc979eaf66f,경기도,화성시,정인양계장,2020-11-30,0.3478703005622098,0.0419252282163968,0.1331399763250162
c02c473acc95ef6001f78dc979eaf66f,경기도,화성시,정인양계장,2020-07-31,0.3478703005622098,0.041955719303967,0.1303893314996299
5bcc4c780415154f5f612671ce1fdad1,경기도,화성시,제이피에프,2021-11-30,0.0521831524091812,0.0603602411778184,0.2744635994589698
87acdaa6a7b705556e6c7ee0ee98c38a,경기도,화성시,제일농장,2021-04-30,0.2697712540702637,0.0688373065775514,0.320802952966431
ff4d76772757ced3363468ec9f971414,경기도,화성시,주은농장,2021-09-30,0.1427547971200319,0.0081884998298935,0.0508826041832103
e85072c218add5b3f4af2cb016705504,경기도,화성시,중추농장,2020-07-31,0.260668632101601,0.0062060215807425,0.1060748039872984
bd6f1c186cb581abcfb7bce255e42afb,경기도,화성시,진석농장,2020-07-31,0.1444936534154899,0.0195784634655722,0.1364051610833061
c3c8eb82658dbf0bc6636e82fc48065b,경기도,화성시,진석농장,2020-05-31,0.1603011692031486,0.0190157916016842,0.1364392848343194
448da0889a11f12ad352dd8354cf4562,경기도,화성시,진현농장,2020-04-30,0.1404947803168615,0.046642717997371,0.1679116093787982
0da89473bceb7070fe882637629ef0ba,경기도,화성시,진현농장,2021-04-30,0.1486466885153926,0.0470654959688427,0.1710889396771726
e1d0f0b822274ebd5c9c822d54b3b8a1,경기도,화성시,질라라비농장,2020-04-30,0.4093454735305256,0.0245433764301939,0.2725518739353774
be997a2f21f6cec3ac4eb5457c5ea883,경기도,화성시,질라라비농장,2021-09-30,0.3999069377973012,0.0246173389619244,0.2709779033363104
be997a2f21f6cec3ac4eb5457c5ea883,경기도,화성시,질라라비농장,2020-07-31,0.3999069377973012,0.0245124170079423,0.2689535718051777
3ef5b490623917b588bf003665eeda8e,경기도,화성시,참빛농장,2020-01-31,0.0967957944834559,0.0131427354722042,0.1974485692300264
185eb549732ee8ab7953cce23b45574c,경기도,화성시,청계농장,2020-07-31,0.3069397124593848,0.022754415370139,0.151537300926372
187e2c401e5f2e8a1093a1b8f3a656e5,경기도,화성시,청석골농장,2020-07-31,0.2518974900451336,0.0163404730555599,0.1701270813125397
42df87626e2ca3a075abcc269fb99db7,경기도,화성시,청신농장,2021-09-30,0.4823134118805022,0.0375204496619325,0.1732244232974341
b22eb011f567444532dfcbfc765c2697,경기도,화성시,초혜지농장,2020-07-31,0.1290539819951837,0.0601982326131361,0.2361937813896984
decd14eb9c7f2b643400dd3989925b37,경기도,화성시,초혜지농장,2020-04-30,0.1367781144401067,0.0601293337681332,0.2360250772558191
1be8c974466634aef85d3343d95a4dc0,경기도,화성시,큰양계장,2020-11-30,0.3474536757553644,0.0272635750190248,0.1448605986948393
5e4f187bd89e1d6a5e88e96ec7e91a7c,경기도,화성시,태경농장,2021-04-30,0.1091512431201629,0.0531495128441268,0.183841896055732
5ea8d4b5f7b9e46b63bfc22e9b3d23d0,경기도,화성시,태성농장,2021-06-30,0.0930524841928808,0.0531124755103822,0.1812648338858485
596f727fe964aa2ee7d62c328c21b44e,경기도,화성시,태양농원,2020-05-31,0.0311148411305827,0.0083043945813143,0.0714272277727521
bddb3c179a90a3a3036a5dfc7a5624de,경기도,화성시,태양농원,2021-07-31,0.0311128133697083,0.0083044067331394,0.0714273955561465
fd18508da32e8e8c848c60a3c13261d2,경기도,화성시,태양양계농장,2020-11-30,0.1348602866464435,0.0441702370079737,0.1531505513721613
4201e91fa37663faf80f074db60062e9,경기도,화성시,태양양계농장,2020-06-30,0.2204166614034282,0.0443065926656546,0.1545247169102034
915c84f4ff85f316c324001fb5a35e99,경기도,화성시,태행목장,2020-04-30,0.0653381558065622,0.0200309610864405,0.0649897137172726
61241e3494ffedb4aec202fad77b5548,경기도,화성시,태행목장,2021-11-30,0.0473723338991059,0.0200640903954935,0.0650011322490001
4a880f2e9abdcc5f82948692637940f5,경기도,화성시,택호오리농장,2020-07-31,0.0244738768988533,0.3982137263121969,0.1425996105977322
aa747b0ce104a882d1f93071826c9b3e,경기도,화성시,토종닭농장,2019-12-31,0.043676872516509,0.194824591687737,0.2028212302388749
6c52b6e183e853773e9481eaf200a86d,경기도,화성시,토종닭농장,2021-09-30,0.0396897028639421,0.1952539506967093,0.2025922783216988
d5b967e4bb659df6ba0e39a7402126e2,경기도,화성시,툇마루농장,2020-05-31,0.2139355692502415,0.0215317678954402,0.1745043556452537
2a50b892a46b8917485735aceb28d79d,경기도,화성시,파머스가든,2020-06-30,0.5864952540379987,0.0137556916868119,0.142702412590039
b00cb256133441a96802df555750fd14,경기도,화성시,파머스가든,2021-11-30,0.5142546489077029,0.0133700647786003,0.1420736717143774
a563e8cacfbb6839c1543fde9a449961,경기도,화성시,푸른농장,2021-09-30,0.2240815088751636,0.026123634670028,0.0574583865525328
cf957ccd3ba04fe1fc25e7eeba05b179,경기도,화성시,한일농장,2020-05-31,0.1404239322528176,0.0528227870796974,0.1860111451756165
eb2c8207563f8a69e550768228dcb138,경기도,화성시,한일농장,2020-11-30,0.0725619477096051,0.0528118847172548,0.1865643867946011
250eba4cd53ee73e1ba23ecffe04e9e1,경기도,화성시,해뜨는농장,2020-07-31,0.03853970497107,0.0422771165089648,0.1362308356677045
3bebc5ed4b3cdd58772516731b0d0e03,경기도,화성시,해오름 조암농장,2021-07-31,0.0136532408434045,0.2597889237238466,0.1860471103285813
b31f8b4cb2224ab5da5a252b6283a322,경기도,화성시,해오름 조암농장,2020-04-30,0.0408968367541825,0.2637713304547266,0.183813288023633
4138c895a649310165a7728ae9360b29,경기도,화성시,해창농장,2020-11-30,0.1334848322933371,0.0162378124426088,0.146375359913142
d00d54dee6112e0c3b161abe1eb1a20c,경기도,화성시,해창농장,2020-06-30,0.1696795127582524,0.0159991311641395,0.1451685631480747
4138c895a649310165a7728ae9360b29,경기도,화성시,해창농장,2020-07-31,0.1334848322933371,0.0165495393738326,0.1475544818477532
71ae3163519709cc624cc33b6ae6fdc1,경기도,화성시,향촌농원,2021-07-31,0.3397990992830773,0.048896219269493,0.2355919318487659
0d42f94c8e0152484d932d4762b0de0d,경기도,화성시,현대농장,2021-07-31,0.1470378834834951,0.3346545442462702,0.15500198094756
2da8cba4678e6ff7a37ab562858e7368,경기도,화성시,현대축산,2020-05-31,0.0093260882652254,0.2452054076980114,0.189957201281163
0b86679155dd9f8b55ed2903531afdeb,경기도,화성시,형수농장,2020-07-31,0.049643829866875,0.0549924077290882,0.1889380600681083
8c86bcc2af87b9c1cbe7bb7adac59816,경기도,화성시,형수농장,2020-07-31,0.208456435512395,0.0320733251955172,0.1420127910966051
af009ced7df0e31482e78fcc7d0f47ee,경기도,화성시,형제농장,2021-11-30,0.0826885057235289,0.0149221066779623,0.1481477976930653
59312071fc408c0b6a7249d9f3727d58,경기도,화성시,호계농장,2021-09-30,0.1615112703087543,0.0605357088970624,0.2581459215224285
0e32932ca171f1e7c2d32f2f3d55e99b,경기도,화성시,홍유웅농장,2019-12-31,0.5271788282321571,0.0340558798705895,0.1724495132458632
ca4f6b9b7933242debfc439488d55f9c,경기도,화성시,화성농장,2020-06-30,0.0433359668607301,0.0540861824123364,0.1841675649586928
ca4f6b9b7933242debfc439488d55f9c,경기도,화성시,화성농장,2021-07-31,0.0433359668607301,0.0540861487042646,0.1841675407732372
7a3b609f199cc0d0264b698b02944c33,경기도,화성시,화성양계장,2021-06-30,0.0478491987239457,0.039782797342722,0.233977356337959
7a3b609f199cc0d0264b698b02944c33,경기도,화성시,화성양계장,2020-07-31,0.0478491987239457,0.039782797342722,0.233977356337959
e2796dfb406a58ed35ee9a89609f6b6c,경기도,화성시,화현농장,2020-06-30,0.0505227629873218,0.4128937385450686,0.1098431087160544
e846c6886e672e1a850b8d8c242b27ba,경기도,화성시,화현농장,2020-07-31,0.072998021117084,0.4086838021655639,0.1097384369086502
413c1e1eced7e9db629bf5c2cb15574b,경기도,화성시,황기농장,2021-06-30,0.3265862748793818,0.0453445173874349,0.1537301260357736
ce1432902ab252c7504c1600bba0bafa,경기도,화성시,희망축산,2020-04-30,0.1026111692461369,0.0533972247331847,0.1868653711768899
2fddf5abce1dec762fd5ced9ca87b7db,경기도,화성시,희망축산,2021-11-30,0.1508728178231558,0.0532404109085341,0.186091283943724
15e310f9c89be384a0654e059095f3d0,경기도,화성시,희산농장,2020-07-31,0.2384898019211133,0.0227186266392012,0.1026596690074931
da204aa1b22d09e8428c917efa7819af,경기도,화성시,가람농장,2025-07-31,0.1167056370453711,0.0134096673925468,0.0687763302827397
001555a7213c312df47d6f4e1354cbb5,경기도,화성시,건국농장,2025-05-31,0.3655840800002185,0.0128640021084654,0.2061140983200245
5d11bf9156306822ce7a347066efc6a3,경기도,화성시,건국축산농원,2025-07-31,0.3655840800002185,0.0128640021084654,0.2061140983200245
537c5208a0c442194f5ae9957074947e,경기도,화성시,경기농장,2025-08-31,0.3389991051472671,0.0431772675319615,0.1344465895925195
6284f44e0b9130d5d4244ace53dd034e,경기도,화성시,계원농장,2025-04-30,0.0686032931769794,0.0541121935831527,0.2268445825659453
a2c15492939415a2dd24a1dd2267dd0c,경기도,화성시,광도농장,2025-08-31,0.1084617296290703,0.0164758389668238,0.260960294257091
0131341081074fc3e96bfa4e456936e0,경기도,화성시,금송농장,2025-05-31,0.0940064603921648,0.098729334541304,0.3162906779229533
e289c21428369ee9cc55e63880dcd15e,경기도,화성시,금의양계장,2025-08-31,0.0215893441962779,0.0150569171128799,0.2803090624498169
124907e4acaec1ff804381d4dafcf28d,경기도,화성시,김포팜,2025-08-31,0.0318653553397682,0.0630229749032746,0.1734071743292359
a0ba52a499e5f8ee9825a74d7eca8261,경기도,화성시,남양양계,2025-04-30,0.1557629184870105,0.0503605874372146,0.172792770518578
55dd0aaa0247ab6c7b3ceb92c1ca0e8a,경기도,화성시,남에벤에셀,2025-08-31,0.0827526041562349,0.0142135494789547,0.2778368552599237
bc25183da83e809a41e76262739dd817,경기도,화성시,다산농장,2025-04-30,0.0702346341621626,0.065291256973457,0.3135920598149295
6868bea40596b425357256128d39a38e,경기도,화성시,다산양계,2025-05-31,0.0041020467273929,0.0370948011859295,0.1127712021498961
96558d6a7680991fedb95500332554db,경기도,화성시,다원농장,2025-05-31,0.091020248676693,0.0540969142608001,0.3569403213482933
6a56974ae225da0c52914522f5261dec,경기도,화성시,대륭농장,2025-07-31,0.2680397284274748,0.0226269955108563,0.1682703348628513
84d7f080334c50dd7e35251343ac95cf,경기도,화성시,대륭목장,2025-08-31,0.2680397284274748,0.0226269955108563,0.1682703348628513
c2b8aa0d20b8316661cb6d9141df30d3,경기도,화성시,대박농장,2025-04-30,0.4051827420055788,0.144700020066829,0.2440936307230614
7b9fcf23f54c2490ed06f2536658dc23,경기도,화성시,대산농장,2025-04-30,0.0041743774804338,0.0465616102953777,0.259770387498739
e4a6653b3506641e457dddd2ceab1ad2,경기도,화성시,대승농장,2025-04-30,0.1098163048943169,0.05310333627024,0.1817988837059317
cd52c5b34573e7336565a56ff19abf05,경기도,화성시,대양농장,2025-04-30,0.3896676258380395,0.0326865397094137,0.1723512344373491
19a6f813a01c4b9ab7e0ba9e547f875f,경기도,화성시,덕다양계장,2025-05-31,0.0566795252830576,0.0133664116115739,0.2112609995233254
487edcdcba08dafb418089f8fb620d0f,경기도,화성시,도원농장,2025-05-31,0.0614492240469748,0.0107806985876592,0.1600107854896173
4167fa9fe960712a4cc5d1f72e6c77c9,경기도,화성시,동원농장,2025-07-31,0.1629701660742732,0.0494242876297041,0.1695873000556134
1b71ab7a3b093658b76aa5ed7aff840a,경기도,화성시,동진목장,2025-08-31,0.4300113172565197,0.078429375158847,0.1573156400917068
255c70e087e46cc340bf87f9c8eda39c,경기도,화성시,두레농장,2025-04-30,0.0128209135466405,0.0519397908014861,0.2172779416998997
255c70e087e46cc340bf87f9c8eda39c,경기도,화성시,두레농장,2025-04-30,0.0128209135466405,0.0519397908014861,0.2172779416998997
1a11e61bd05aeec3deb0ef3b899b2618,경기도,화성시,마도청계,2025-04-30,0.1614591402663524,0.0191454632232363,0.1495267851395838
151bdd8682254e257982f088524f178a,경기도,화성시,매바위양계장,2025-05-31,0.0493136663108979,0.188982565838139,0.1765182178991405
77fc16252e1b5cb3a49f113ad2984baa,경기도,화성시,무지개농장,2025-05-31,0.2311103577085957,0.2451376547878269,0.2149305588207253
5fc1ba0f49c47bc43cc6989729c985b4,경기도,화성시,민서네 꿩(약초)농장,2025-08-31,0.3601416454048997,0.0519658632494037,0.1310964708060922
988333c589d4d11bd0b767597d40054d,경기도,화성시,방울산농장,2025-04-30,0.1087136609191812,0.0124436997234103,0.1452007351877955
e5efeece4e50c195ed0de46483086272,경기도,화성시,백봉실크 오골계농장,2025-08-31,0.3249770265235581,0.0114183592644963,0.0786812380957577
0ae3671f373b509e7548699d1fae524d,경기도,화성시,봉황농장,2025-05-31,0.1027474023190858,0.0265843999342912,0.0738206203721612
bf6d397ba09f247e3af2d7ad913c6901,경기도,화성시,부부농장,2025-07-31,0.1653632544572653,0.05263033040131,0.2356522612308801
ff849b2fd7e9dce972773bd8661adf90,경기도,화성시,부자농원,2025-05-31,0.1281054074522384,0.0186343513580379,0.3227970704363161
8b3031b83ed78573d27f07d9db1328bb,경기도,화성시,비봉농장,2025-08-31,0.0505553006538576,0.0149160527721882,0.0647854902515662
40db5ca480934ef4220983a8cc69b451,경기도,화성시,삼현농원,2025-05-31,0.0154641411371644,0.0380443778889413,0.1951277753566498
1ea7965695a5455a23da98f1efc8075b,경기도,화성시,삼현농장,2025-05-31,0.0708113462430343,0.0409078172767504,0.2571828175398799
63efe97a22c585f72adacb79238c4bd7,경기도,화성시,선경2축산,2025-05-31,0.201651831719144,0.0293621535199946,0.100276414971278
9d8d03c7c63c6cb5910ab2657ea11b90,경기도,화성시,선경축산,2025-05-31,0.0601914165890131,0.035132974259333,0.2044104101003535
4974c6cf3e9ce68f782a026cee63c4df,경기도,화성시,성웅농장,2025-07-31,0.4157959749816797,0.0548210573452303,0.1297239849391988
e38cda9ecaf28ea9236cc097a2e438b8,경기도,화성시,성일양계장,2025-05-31,0.1278710501511532,0.0759083155917757,0.1183448657044672
c045ccb6ac702b54c04404c0fca81621,경기도,화성시,세종농장,2025-04-30,0.1214128448941741,0.0451743933712389,0.1606537379751347
f8bdc18d8a324414cec7cc568d6495d4,경기도,화성시,소망농원,2025-05-31,0.1021572775052448,0.0105192384133797,0.1612830965908304
d0c62245d3d82b13515ba949368f8848,경기도,화성시,소원축산,2025-04-30,0.0454783544171553,0.0617777469165333,0.4521029973194088
f0f16d1f3b7c0ffd614e9bc7dafe95a0,경기도,화성시,수현농장,2025-05-31,0.2765082735477823,0.0540849213616636,0.2856660167446956
a05b57a966155497ad009b15660c5e8a,경기도,화성시,신봉농장,2025-05-31,0.0734610283482576,0.0345682694260467,0.0785702752707848
842064e1e12d987a603b874a90b5f26f,경기도,화성시,신성농장,2025-05-31,0.596297470428949,0.0422406718121261,0.4309338130111959
9d5b2e8be2071482fadd26c5bcf2e016,경기도,화성시,아침농원,2025-04-30,0.0585986870161714,0.0484064682216618,0.1131540274984384
906b865871987728003ad7b06417c079,경기도,화성시,야마기시즘실현지영농조합법인,2025-05-31,0.3364228251641524,0.0539076613881119,0.2661771774633342
fed265e035afc8119113bbc09ffaf5bf,경기도,화성시,양감농장,2025-05-31,0.1495090487967131,0.0204099172579914,0.1673166161207294
d73776d7af89be18207a1f31b0eb9fb9,경기도,화성시,양지뜰 향남농장,2025-04-30,0.013125144248403,0.033940052849868,0.2301262657567049
cdc3121a7fd01d193591531e4c61a8c7,경기도,화성시,여흥농장,2025-08-31,0.0737388782344077,0.0310875981228858,0.1297699662405809
c73f53e756bdc6e47f85c392930ab631,경기도,화성시,연지농장,2025-07-31,0.1334848322933371,0.0159829713577839,0.1436316311992713
74c76fbf6ad0152dcb55eabd030bc061,경기도,화성시,영남농장,2025-05-31,0.1197412628971596,0.0125392718601208,0.2010220042640945
dbbaaf711a427c30908c5cee87768963,경기도,화성시,예산농장,2025-08-31,0.2391446803669154,0.0431468734695738,0.1368132923856389
cbe92df06700ebfd10f2863e445c6665,경기도,화성시,오늘농장,2025-04-30,0.2141830462016198,0.0688961737761946,0.3209164316930093
bacba829e679bdcf4e5ff13d9cb855eb,경기도,화성시,온석2농장,2025-05-31,0.061450116750625,0.0503065733908297,0.1732875468383394
d0a201fd6cccf7f787f1190bcc7a7ce6,경기도,화성시,온석농장,2025-05-31,0.2450143597855744,0.0491456881062297,0.1685514642813697
975904e81bff6ddacc63c41dd63f80f2,경기도,화성시,유농장,2025-05-31,0.049643829866875,0.0549924077290882,0.1889380600681083
521d52dc872aad4adb4ff89053dc30f5,경기도,화성시,윤호농장,2025-08-31,0.0650280079340525,0.048932061857228,0.1817332509762172
71785be7b4c3a88b1e747918b923b3f8,경기도,화성시,장학순건강란,2025-04-30,0.185672883236851,0.0794021439311852,0.2854919941949219
1fa285547da2fafab8d87e85432b6032,경기도,화성시,재성농장,2025-08-31,0.0743024110413366,0.0862532155413882,0.4208508106318833
0ae96ed36df4f0d138d73b1840635a7d,경기도,화성시,전정식농장,2025-08-31,0.4038086854710196,0.0523430483799794,0.1769467606094454
9dd515898279ba0a25052d484132e8af,경기도,화성시,정남농장,2025-07-31,0.0461321452987049,0.0138472513856355,0.1502976819251638
392d13af78555dc015bf959818e36481,경기도,화성시,정남농장,2025-08-31,0.1486466885153926,0.0470654959688427,0.1710889396771726
9e361ceb8a541abe6b60530c36af41b4,경기도,화성시,정문농장,2025-05-31,0.2243315277991895,0.0608438265712176,0.2682521718552758
da647adc4c2a234559c01fdc54e994fd,경기도,화성시,제이피에프,2025-04-30,0.0326779413300014,0.061537693691274,0.2753978795225597
ff4d76772757ced3363468ec9f971414,경기도,화성시,주은농장,2025-04-30,0.1427547971200319,0.0081884998298935,0.0508826041832103
1c3d81594925a2767dc81f4ca5eeb812,경기도,화성시,지엠지,2025-05-31,0.2977747539121091,0.0147508379205774,0.1378922178596507
be997a2f21f6cec3ac4eb5457c5ea883,경기도,화성시,질라라비농장,2025-07-31,0.3999069377973012,0.0246173389619244,0.2709779033363104
f291b268492dde863197310ce19e5675,경기도,화성시,천하농장,2025-07-31,0.0212974425173531,0.043630303586923,0.2030542630789884
187e2c401e5f2e8a1093a1b8f3a656e5,경기도,화성시,청석골농장,2025-05-31,0.2518974900451336,0.0162595952328286,0.1700058421277428
c02c44f0ab8c045a393b8726b6642996,경기도,화성시,청신농장,2025-04-30,0.4484305624213666,0.0381635595933511,0.175859861248528
eba217e0468dadec0e7bf7c199db081b,경기도,화성시,청신농장,2025-04-30,0.4484305624213666,0.0381635595933511,0.175859861248528
1be8c974466634aef85d3343d95a4dc0,경기도,화성시,큰양계장,2025-07-31,0.3474536757553644,0.0272635750190248,0.1448605986948393
5e4f187bd89e1d6a5e88e96ec7e91a7c,경기도,화성시,태경농장,2025-04-30,0.1091512431201629,0.0533635270969337,0.184124329869491
6c52b6e183e853773e9481eaf200a86d,경기도,화성시,토종닭농장,2025-05-31,0.0396897028639421,0.1952539506967093,0.2025922783216988
b00cb256133441a96802df555750fd14,경기도,화성시,파머스가든,2025-08-31,0.5142546489077029,0.0134361275808407,0.1418647561236205
a563e8cacfbb6839c1543fde9a449961,경기도,화성시,푸른농장,2025-04-30,0.2240815088751636,0.026123634670028,0.0574583865525328
d7659e449bea9704f7a2d88d8b203110,경기도,화성시,피엔씨코리아,2025-05-31,0.3370978784552856,0.0399438260406183,0.2325693250141495
eb2c8207563f8a69e550768228dcb138,경기도,화성시,한일농장,2025-08-31,0.0725619477096051,0.0528118847172548,0.1865643867946011
250eba4cd53ee73e1ba23ecffe04e9e1,경기도,화성시,해뜨는농장,2025-04-30,0.03853970497107,0.0422771165089648,0.1362308356677045
3bebc5ed4b3cdd58772516731b0d0e03,경기도,화성시,해오름 조암농장,2025-08-31,0.0136532408434045,0.2507440420891363,0.1881919676772635
71ae3163519709cc624cc33b6ae6fdc1,경기도,화성시,향촌농원,2025-07-31,0.3397990992830773,0.0488876160988834,0.2356560047112557
b472349730ab1582b06ceabd5480a767,경기도,화성시,호계농장,2025-04-30,0.1454515594863294,0.0601212751290209,0.2549241791701668
e1822b3c55a996447b04f2440be16c7d,경기도,화성시,화성농장,2025-07-31,0.0468730190316533,0.0540396147152431,0.1840691514671604
eea6b37defd935cca55ca873e611023a,경기도,화성시,화성양계장,2025-04-30,0.0478491987239457,0.039782797342722,0.233977356337959
15e310f9c89be384a0654e059095f3d0,경기도,화성시,희산농장,2025-05-31,0.2384898019211133,0.0227186266392012,0.1026596690074931
26dc6b99946cc51985c5c0fb505cbba6,경기도,화성시,가람농장,2026-02-26,0.1176081833261661,0.0134186082049898,0.068775980302043
109c94bf461d54d51421a908d591213f,경기도,화성시,감우농장,2026-01-31,0.2885667091811293,0.0612033180623749,0.1624238038364984
3e921adedaf67b64e7ad4551687d3c00,경기도,화성시,감우농장,2026-02-26,0.2885667091811293,0.0612033180623749,0.1624238038364984
9e649ab9cd3196b381e5c6f09c8f544c,경기도,화성시,건국농장,2026-02-26,0.3655840800002185,0.0128640021084654,0.2061140983200245
77587b1c33539525d178279cb17f0400,경기도,화성시,건국축산농원,2026-02-26,0.3655840800002185,0.0128640021084654,0.2061140983200245
749cb7b5490e4494baad365bbeca80f4,경기도,화성시,경기농장,2026-02-26,0.3389991051472671,0.0431772675319615,0.1344465895925195
71bdae7cb84fd5a3048835b43d9a34e8,경기도,화성시,계원농장,2026-02-26,0.0686032931769794,0.0541121935831527,0.2268445825659453
88c515047e8111dc62597937938b27fe,경기도,화성시,고려꿩농장,2026-02-26,0.1295458374271763,0.0525481842011923,0.0870336321728408
cdecd2f79cdddfc961b2412719202669,경기도,화성시,고려꿩농장,2026-01-31,0.116003620640111,0.0526679532690046,0.0881545712452021
3a7017d37a236f6f5128be16da4858c2,경기도,화성시,관항농장,2026-01-31,0.013198299986756,0.0337452666825288,0.085748866113087
8a804382e514662adfb6637c2de972a4,경기도,화성시,관항농장,2026-02-26,0.013198299986756,0.0337452666825288,0.085748866113087
cdac238d55184f200c25f0ed5ad59002,경기도,화성시,광도농장,2026-02-26,0.1084617296290703,0.0164758389668238,0.260960294257091
4ceed4c95caafe564d972f741df2047e,경기도,화성시,금송농장,2026-02-26,0.1162745986850673,0.0988733408954472,0.3171258589490107
aa61d2087bf21ddeb34cfee2906a23b8,경기도,화성시,금의양계장,2026-02-26,0.0543604821193275,0.0150569171128799,0.2803090624498169
468ca4cc80c91114c86026c96522604f,경기도,화성시,꼬꼬마을농장,2026-02-26,0.1764348082025957,0.015709964568905,0.2442162872526382
bebf188d3f498376a846d770170122f3,경기도,화성시,꼬꼬마을농장,2026-01-31,0.1768546132482605,0.0157098348079603,0.2442317836460317
dd5669dc21c86e3abf7daac39f7cd4d9,경기도,화성시,남양양계,2026-02-26,0.1557629184870105,0.0503605874372146,0.172792770518578
ce0c08dbecff0ca97225f2669c994b9e,경기도,화성시,남에벤에셀,2026-02-26,0.0827526041562349,0.0142135494789547,0.2778368552599237
063dbcc0f54645fc9c68b5212621f749,경기도,화성시,농업회사법인㈜정인,2026-01-31,0.0962795347198505,0.196955459120445,0.2060473390249122
6a95924f7192116536f810dde7a7fde2,경기도,화성시,농업회사법인㈜정인,2026-02-26,0.0790104996863295,0.198478410387116,0.207492971851075
ad8629a2677c66a1df0d0d4c39979e20,경기도,화성시,다산농장,2026-02-26,0.1150337085449275,0.065291256973457,0.3135920598149295
2af97574b1f6e3846c0ab2779e4f6c09,경기도,화성시,다산양계,2026-02-26,0.0041020467273929,0.0370948011859295,0.1127712021498961
0f36a61f2aef0a37b51c9e01f557f18f,경기도,화성시,다원농장,2026-02-26,0.091020248676693,0.0540969142608001,0.3569403213482933
281180aecae66bd280b68d1485544ae1,경기도,화성시,대륭농장,2026-02-26,0.2680397284274748,0.0226269955108563,0.1682703348628513
b5467d95d671b8269e91cc7d00f68efc,경기도,화성시,대륭목장,2026-02-26,0.2680397284274748,0.0226269955108563,0.1682703348628513
8af8fb0d55aed54e5bff94688e7f72ca,경기도,화성시,대박농장,2026-02-26,0.4051827420055788,0.144700020066829,0.2440936307230614
6860410a6976ab50b0d5273c79adc2ad,경기도,화성시,대산농장,2026-02-26,0.0041743774804338,0.0465616102953777,0.259770387498739
9df42bbdf6521179d31ecf60efedcbe0,경기도,화성시,대성농장,2026-01-31,0.1602652160096081,0.0489453629907182,0.1753063726817526
805e3bec0e64766b2f22372f72624998,경기도,화성시,대성농장,2026-02-26,0.1602652160096081,0.0489453629907182,0.1753063726817526
b4762f9bddb5eb813e400851bd8e0bc4,경기도,화성시,대양농장,2026-02-26,0.3896676258380395,0.0326865397094137,0.1723512344373491
efdbc048b0eb4e6ed4525e92216f95ea,경기도,화성시,덕다양계장,2026-02-26,0.0566795252830576,0.0133664116115739,0.2112609995233254
2b090bf609885d6a8e027c1a31f84bce,경기도,화성시,도원농장,2026-01-31,0.0614492240469748,0.0107806985876592,0.1600107854896173
a09d85d384cd1a2c0a384a0920edaea2,경기도,화성시,도원농장,2026-02-26,0.0614492240469748,0.0107806985876592,0.1600107854896173
a09d85d384cd1a2c0a384a0920edaea2,경기도,화성시,도원농장,2026-02-26,0.0614492240469748,0.0107806985876592,0.1600107854896173
a44c9e7ce205ad0c5b9edf43ea2cad55,경기도,화성시,동원농장,2026-02-26,0.1629701660742732,0.0494242876297041,0.1695873000556134
b464565f9fda374622d98a6962acacf7,경기도,화성시,동진목장,2026-02-26,0.4300113172565197,0.078429375158847,0.1573156400917068
e86112f7ee045f7df98171026983cce0,경기도,화성시,두레농장,2026-02-26,0.0128209135466405,0.0519397908014861,0.2172779416998997
e86112f7ee045f7df98171026983cce0,경기도,화성시,두레농장,2026-02-26,0.0128209135466405,0.0519397908014861,0.2172779416998997
057f2a4d3b120358dfdb9f79f1e35b83,경기도,화성시,마도청계,2026-02-26,0.1615769677004843,0.0191465512723039,0.1495319556110046
03f1565842fe7f28a16375e8ae2848ce,경기도,화성시,매바위양계장,2026-02-26,0.0493136663108979,0.188982565838139,0.1765182178991405
8885c3a1a215d55e7fee9b31e6bda972,경기도,화성시,모세농장,2026-01-31,0.081010955671452,0.0602025236099471,0.2368998853399259
4f9ae9a35bbbce0dabeb3d337eff2883,경기도,화성시,모세농장,2026-02-26,0.081010955671452,0.0602025236099471,0.2368998853399259
35c4c0d69f41d6cc3e1eb3f81f0ea316,경기도,화성시,무지개농장,2026-02-26,0.2311103577085957,0.2451376547878269,0.2149305588207253
fc6c454d6c9936ba620a390daf8c51ab,경기도,화성시,미래농장,2026-01-31,0.0457540262459388,0.0441256675342701,0.197058303497024
fc6c454d6c9936ba620a390daf8c51ab,경기도,화성시,미래농장,2026-01-31,0.0457540262459388,0.0441256675342701,0.197058303497024
e1d43cf3d3270cfa5e54ed9af4795b5c,경기도,화성시,미래농장,2026-02-26,0.0457540262459388,0.0441256675342701,0.197058303497024
e1d43cf3d3270cfa5e54ed9af4795b5c,경기도,화성시,미래농장,2026-02-26,0.0457540262459388,0.0441256675342701,0.197058303497024
e1d43cf3d3270cfa5e54ed9af4795b5c,경기도,화성시,미래농장,2026-02-26,0.0457540262459388,0.0441256675342701,0.197058303497024
9526a6627e3374f3079fb05559e555b7,경기도,화성시,민서네 꿩(약초)농장,2026-02-26,0.3814772059922314,0.0527625118398876,0.1308979238990668
47f8db2af23b3b6c8e6e243ec88506d6,경기도,화성시,방울산농장,2026-02-26,0.1099737553033036,0.012443763698323,0.1452014167656083
2cb7b076009053ba4031dcf1da2f1c3d,경기도,화성시,봉황농장,2026-02-26,0.1027474023190858,0.0265843999342912,0.0738206203721612
b196432d84890c8b6263da82519324d6,경기도,화성시,부부농장,2026-02-26,0.1653632544572653,0.05263033040131,0.2356522612308801
6b4889e0b0e514268cb489699e6b7676,경기도,화성시,부자농원,2026-02-26,0.1281054074522384,0.0186343513580379,0.3227970704363161
d7b1c4b7567fe86f56615107acaba763,경기도,화성시,부흥꿩농장,2026-02-26,0.085506251505378,0.0490998888066236,0.4759133600442042
ed303238f88cac626cf91cbab5716f6b,경기도,화성시,비봉농장,2026-02-26,0.0505553006538576,0.0149160527721882,0.0647854902515662
f7639ae546831b12a7993074c17f70ec,경기도,화성시,사또농장,2026-01-31,0.0821890501583179,0.0264539558274152,0.1145450791196073
f1c2761246ad0e51158dcc6b05cce279,경기도,화성시,사또농장,2026-02-26,0.0821890501583179,0.0264539558274152,0.1145450791196073
d5278e6f4be006f8fdb2a922c36469be,경기도,화성시,삼현농원,2026-02-26,0.027264197011112,0.0380443778889413,0.1951277753566498
b8b0f5e4c09c2ae8b81933a5edd3354c,경기도,화성시,삼현농장,2026-02-26,0.0707478316533598,0.0409050147761746,0.2571726685803273
ab499881239dee1de81066a71f214f83,경기도,화성시,상승농장,2026-02-26,0.1901944977851241,0.0672436132603789,0.1209885659885334
b59cb743f59153afe94f2fc5c7158a82,경기도,화성시,상승농장,2026-01-31,0.1901944977851241,0.0672436132603789,0.1209885659885334
3f773dee1c5ed303fb3217f4a276095b,경기도,화성시,상신농원,2026-02-26,0.3370978784552856,0.0399438260406183,0.2325693250141495
ae8cbfad976ca4df64407f43c079ad2d,경기도,화성시,상신농원,2026-01-31,0.3370978784552856,0.0399438260406183,0.2325693250141495
e53e61ac5d57ad50181722b59417f9f4,경기도,화성시,상신현대농원,2026-02-26,0.3370978784552856,0.0399438260406183,0.2325693250141495
f49b416f061d38506bc2af65f2832e28,경기도,화성시,선경2축산,2026-02-26,0.2097166809216741,0.0288767395929362,0.0979581338059605
42c28085e6f1ce9ae2225dda0db4eb38,경기도,화성시,성웅농장,2026-02-26,0.442005286285256,0.0553975844123958,0.1297610130641023
43e6657ed04f2c1b95bd96e8b2f3fc02,경기도,화성시,성일양계장,2026-02-26,0.1278710501511532,0.0759083155917757,0.1183448657044672
3f001550984cbb1a7fe063ebffd65bb6,경기도,화성시,세종농장,2026-02-26,0.1214128448941741,0.0451743933712389,0.1606537379751347
db2b43932bd00b5c58ed12f5294b9f62,경기도,화성시,소원축산,2026-02-26,0.0454783544171553,0.0617777469165333,0.4521029973194088
4452fc337ca0c6b168db098b65c2bddb,경기도,화성시,수현농장,2026-02-26,0.2765082735477823,0.0540849213616636,0.2856660167446956
48aa39d0df1517593382e8bf391015c2,경기도,화성시,스마일농장,2026-01-31,0.0480531042055255,0.0691384927267937,0.3237347799144641
576801185c12c3f27834a877e61b0fca,경기도,화성시,스마일농장,2026-02-26,0.0480531042055255,0.0691384927267937,0.3237347799144641
734ee938a203bbaaa23631c9df62c42d,경기도,화성시,신봉농장,2026-02-26,0.0734610283482576,0.0345682694260467,0.0785702752707848
793060860c3fac49260f1138795b30d2,경기도,화성시,신성농장,2026-02-26,0.5911516716803403,0.0421624386388211,0.4311900592690072
2762fce1408a4207144e789879a4d8c5,경기도,화성시,아침농원,2026-02-26,0.0585986870161714,0.0484064682216618,0.1131540274984384
3d93516ed1fe55a0b39eab8af4679285,경기도,화성시,야곱농장,2026-01-31,0.0183907866489617,0.0550433478272074,0.233090190539302
56e9a16341d3ebb6691983bc42bee469,경기도,화성시,야곱농장,2026-02-26,0.0183907866489617,0.0550433478272074,0.233090190539302
8c61e887ea1dc155d53af94a2ac25d6f,경기도,화성시,야마기시즘실현지영농조합법인,2026-02-26,0.245002823640428,0.0342430850632094,0.1605692985725761
5788a6fd1ac1ed3e8779ecfa1cedc539,경기도,화성시,양감농장,2026-02-26,0.1495090487967131,0.0204099172579914,0.1673166161207294
2a0f77c7d13c8bdcb5dd9d96eb8f18d7,경기도,화성시,양지뜰 향남농장,2026-02-26,0.0175066875213598,0.0338065399650534,0.2297613061324298
f4d5779184cddc94ebc5f717d6a7ab19,경기도,화성시,여흥농장,2026-02-26,0.0737388782344077,0.0310875981228858,0.1297699662405809
44fc519325aa90291ce5dc46a7d3d4ee,경기도,화성시,연수농장,2026-01-31,0.3318170027243312,0.0559043555340344,0.2388702544649886
4cf1f57da7608a34fc7f7655d2264872,경기도,화성시,연수농장,2026-02-26,0.3318170027243312,0.0559043555340344,0.2388702544649886
70d78c0a94c1a499f81763c84ada6333,경기도,화성시,연지농장,2026-02-26,0.222124773110136,0.0159829713577839,0.1436316311992713
0b448af7526ca5b58cd0d31763b70a47,경기도,화성시,영남농장,2026-02-26,0.135877236306843,0.0124697689455283,0.203590534693594
a76e00a129715ac72f5583096db067da,경기도,화성시,영완농장,2026-01-31,0.3887565837456101,0.0404131916353397,0.1057157168910607
c2ae499ebaf3e5af82089eb5d441dfd3,경기도,화성시,영완농장,2026-02-26,0.3887565837456101,0.0404131916353397,0.1057157168910607
618c4864f3de76a614a4796495c45623,경기도,화성시,예산농장,2026-02-26,0.2391446803669154,0.0431468734695738,0.1368132923856389
853b93a0fa6df6cb1debc54114a31150,경기도,화성시,예찬농장,2026-01-31,0.1351437177099007,0.0369401675758225,0.2311959439299022
13c572080afcc98633815d8c10bca231,경기도,화성시,예찬농장,2026-02-26,0.1351437177099007,0.0369401675758225,0.2311959439299022
175bac08388b96f88ae5c739a71d9523,경기도,화성시,오늘농장,2026-02-26,0.2586723863172856,0.0688295660329681,0.3207115804477362
1234360a981730cf834b05db76730bcd,경기도,화성시,온석2농장,2026-02-26,0.061450116750625,0.0503065733908297,0.1732875468383394
0789d6c761faa395e87a6a1fe0bd46a1,경기도,화성시,온석농장,2026-02-26,0.202853083403087,0.0483703824918882,0.1669633342276492
6400bd13b7ccfa34b417a783c89fddac,경기도,화성시,우림농원,2026-01-31,0.0267399136883228,0.0518670367541964,0.2349710360680836
279e624dd66f9dac148127e1eed04097,경기도,화성시,우림농원,2026-02-26,0.0267399136883228,0.0518670367541964,0.2349710360680836
a3126f5bf3034a2c3a5273da2bd815a8,경기도,화성시,유농장,2026-02-26,0.049643829866875,0.0549924077290882,0.1889380600681083
9c486bd8843c816fb915fe67ef289271,경기도,화성시,유림농장,2026-02-26,0.3405043352960115,0.0320634374538542,0.1748981805099587
3d253c51c105f52c1534407996063c85,경기도,화성시,유림농장,2026-01-31,0.3402969134791108,0.0320687364749665,0.1749007566543744
64d2e1a76307d96462067e37174892d3,경기도,화성시,윤호농장,2026-02-26,0.0650280079340525,0.048932061857228,0.1817332509762172
85deceb4c80279d0ed77ab374314c928,경기도,화성시,장학순건강란,2026-02-26,0.185672883236851,0.0794021439311852,0.2854919941949219
8bbb53a1fd43f8ae30886cf0c30c89ae,경기도,화성시,재성농장,2026-02-26,0.0743024110413366,0.0862532155413882,0.4208508106318833
af142a2c1fe1afe81f822199d04de938,경기도,화성시,전정식농장,2026-02-26,0.410941239961367,0.0523429959509653,0.1769473082596375
00066a67d98d559504916e8ee4dba787,경기도,화성시,정남농장,2026-02-26,0.0461321452987049,0.0138472513856355,0.1502976819251638
58bc865377611c0316b2656a0592bfa4,경기도,화성시,정남농장,2026-02-26,0.1486466885153926,0.0470654959688427,0.1710889396771726
8fd83a81dd8e99184c7d0e87df30c8c8,경기도,화성시,정문농장,2026-02-26,0.2243315277991895,0.0608438265712176,0.2682521718552758
ad39fcc7b1e2f2f54ebc5bf9ba99f20a,경기도,화성시,정인양계장,2026-01-31,0.3478703005622098,0.041955719303967,0.1303893314996299
67a439879e24e770801293192be3e520,경기도,화성시,정인양계장,2026-02-26,0.68313482356898,0.0359355545060715,0.1486339922209556
da647adc4c2a234559c01fdc54e994fd,경기도,화성시,제이피에프,2026-01-31,0.0326779413300014,0.061537693691274,0.2753978795225597
1a1020abb6813b00d7f717d45ba6410a,경기도,화성시,제이피에프,2026-02-26,0.0521831524091812,0.0603602411778184,0.2744635994589698
1a1020abb6813b00d7f717d45ba6410a,경기도,화성시,제이피에프,2026-02-26,0.0521831524091812,0.0603602411778184,0.2744635994589698
8b1886e26950addc82e20eb7b019519c,경기도,화성시,주은농장,2026-02-26,0.1427547971200319,0.0081884998298935,0.0508826041832103
657b1b65f0eb19d0f4a69321febcf312,경기도,화성시,지엠지,2026-02-26,0.2977747539121091,0.0147508379205774,0.1378922178596507
5eb33c15a496f605503ad99270841ca7,경기도,화성시,지은농장,2026-01-31,0.0587813473762742,0.0566626652165428,0.1985925799037178
63b1e4dfe5fa919bc48b306d6d7c1a1e,경기도,화성시,지은농장,2026-02-26,0.0590104143720838,0.0566587453221183,0.1985773859812812
bd6f1c186cb581abcfb7bce255e42afb,경기도,화성시,진석농장,2026-01-31,0.1444936534154899,0.0195784634655722,0.1364051610833061
37fac26aca2ac8c7eef86df670e27b4a,경기도,화성시,진석농장,2026-02-26,0.1444936534154899,0.0195784634655722,0.1364051610833061
9a4fcad16119aa2a4052d75bd3d3f381,경기도,화성시,질라라비농장,2026-02-26,0.3079742780818463,0.02162635841215,0.194493568510965
332f3139b5481c7192324e67707cd7b3,경기도,화성시,천하농장,2026-02-26,0.0212974425173531,0.043630303586923,0.2030542630789884
8e4e077f0a5b53bac085c13859aad517,경기도,화성시,청석골농장,2026-02-26,0.2801686801842095,0.0162595952328286,0.1700058421277428
cc90b0298612fca69ed5e584bbe5d81a,경기도,화성시,청신농장,2026-02-26,0.4484305624213666,0.0381635595933511,0.175859861248528
cc90b0298612fca69ed5e584bbe5d81a,경기도,화성시,청신농장,2026-02-26,0.4484305624213666,0.0381635595933511,0.175859861248528
b22eb011f567444532dfcbfc765c2697,경기도,화성시,초혜지농장,2026-01-31,0.1290539819951837,0.0601982326131361,0.2361937813896984
d52c0be1df3216abafe55b2235cf8412,경기도,화성시,초혜지농장,2026-02-26,0.1290539819951837,0.0601982326131361,0.2361937813896984
b53f85d5ebba8c368631fc0a3943467a,경기도,화성시,큰양계장,2026-02-26,0.361696730679272,0.0273065953341838,0.1448962004641523
923ea362bc55cdbfdaf8af2c2a8cecf0,경기도,화성시,태경농장,2026-02-26,0.1091512431201629,0.0533635270969337,0.184124329869491
1b8a5a3e78dd04362785b56e94b71967,경기도,화성시,태행목장,2026-02-26,0.0473723338991059,0.0200640903954935,0.0650011322490001
61241e3494ffedb4aec202fad77b5548,경기도,화성시,태행목장,2026-01-31,0.0473723338991059,0.0200640903954935,0.0650011322490001
639751d732aa7ed47081f832e826ad76,경기도,화성시,토종닭농장,2026-02-26,0.0647765226509897,0.1903488683390891,0.2040449395399292
dcb8f6bfdc2f17488a9660b09a78fd3e,경기도,화성시,파머스가든,2026-02-26,0.5142546489077029,0.0133700647786003,0.1420736717143774
fcd9eac24a3be9962c5641bf96b7cc57,경기도,화성시,푸른농장,2026-02-26,0.2240815088751636,0.026123634670028,0.0574583865525328
088bd8ca46e6bfbc2d2a8dc759e326c6,경기도,화성시,한일농장,2026-02-26,0.089159192206531,0.0528000080155842,0.1865000846624101
fccd056fdcef329c2b82d61af714eb67,경기도,화성시,해뜨는농장,2026-02-26,0.03853970497107,0.0422771165089648,0.1362308356677045
5a60d05e15bc8c7934187c39042b0285,경기도,화성시,해오름 조암농장,2026-02-26,0.0482449207933017,0.2591727157595432,0.1861962478075389
16517e3de611b9387d76f96cfe46b133,경기도,화성시,해창농장,2026-01-31,0.15956087176102,0.0162378124426088,0.146375359913142
99df24271c084dc363f4c80037b8611b,경기도,화성시,해창농장,2026-02-26,0.15956087176102,0.0162378124426088,0.146375359913142
587ddba395668b27777088837cb9e66f,경기도,화성시,향촌농원,2026-02-26,0.3510163364374448,0.0488876160988834,0.2356560047112557
9f42305b76c0b25307dcd41262aa34a6,경기도,화성시,현대농장,2026-02-26,0.1470378834834951,0.3346545442462702,0.15500198094756
0d42f94c8e0152484d932d4762b0de0d,경기도,화성시,현대농장,2026-01-31,0.1470378834834951,0.3346545442462702,0.15500198094756
af009ced7df0e31482e78fcc7d0f47ee,경기도,화성시,형제농장,2026-01-31,0.0826885057235289,0.0149221066779623,0.1481477976930653
7ca4218955dcfa5200021ae5a361a5f3,경기도,화성시,형제농장,2026-02-26,0.0826885057235289,0.0149221066779623,0.1481477976930653
52b2e13d5c01ec797774855c1ca9d7f5,경기도,화성시,호계농장,2026-02-26,0.1481351195512583,0.0605712176738743,0.258168344771979
f5d6f9cdd7d26f33335f250c4bc6afd1,경기도,화성시,화성농장,2026-02-26,0.0468730190316533,0.0540396147152431,0.1840691514671604
4c910943ea78da718a4ba8ce197edb03,경기도,화성시,화성양계장,2026-02-26,0.0478491987239457,0.039782797342722,0.233977356337959
673962366de1ba09f1145d0125c6c80d,경기도,화성시,황기농장,2026-02-26,0.3265862748793818,0.0453445173874349,0.1537301260357736
413c1e1eced7e9db629bf5c2cb15574b,경기도,화성시,황기농장,2026-01-31,0.3265862748793818,0.0453445173874349,0.1537301260357736
2fddf5abce1dec762fd5ced9ca87b7db,경기도,화성시,희망축산,2026-01-31,0.1508728178231558,0.0532404109085341,0.186091283943724
792a7b1adb4e4ba5e7c6e32f8da5e0c0,경기도,화성시,희망축산,2026-02-26,0.1508728178231558,0.0532404109085341,0.186091283943724
