시군명,농장명,상세구분,소재지우편번호,소재지도로명주소,소재지지번주소,WGS84위도,WGS84경도,사육두수(마리),조사날짜,축종명,데이터기준일자,비고
화성시,2000축산,산란계,18583.0,,경기도 화성시 장안면 독정리 767번지 11호,126.8481696,37.085312,14000.0,2018-03-14,,,
화성시,2000축산,산란계,18583.0,,경기도 화성시 장안면 독정리 767번지 11호,37.085312,126.8481696,14000.0,2019-12-31,닭,20181204.0,
화성시,K & C 농장,산란계,18583.0,경기도 화성시 장안면 장안로 287,경기도 화성시 장안면 독정리 767번지 2호,37.0847809,126.8486093,9700.0,2020-04-30,닭,20181204.0,
화성시,K & C 농장,산란계,18583.0,경기도 화성시 장안면 장안로 287,경기도 화성시 장안면 독정리 767번지 2호,126.8486093,37.0847809,9700.0,2018-03-14,,,
화성시,YB팜스,육계,18626.0,경기도 화성시 양감면 동지골길 64-7,경기도 화성시 양감면 사창리 산120,37.0966780769,126.9632788713,67000.0,2020-07-31,닭,20200527.0,
화성시,YB팜스,육계,18626.0,경기도 화성시 양감면 동지골길 64-7,경기도 화성시 양감면 사창리 산120번지,37.0963723,126.9637033,67000.0,2019-12-31,닭,20181204.0,
화성시,YB팜스,육계,18626.0,,경기도 화성시 양감면 사창리 산120,37.0963723356,126.9637033383,67000.0,2021-06-30,닭,20201124.0,
화성시,YB팜스,육계,12604.0,경기도 여주시 금사면 이포로 71,경기도 여주시 금사면 이포리 185-1번지,37.3951476,127.5362497,67000.0,2019-01-31,닭,,
화성시,가람농장,산란계,18296.0,,경기도 화성시 봉담읍 상리 152번지 5호,126.9432011,37.234629,65.0,2018-10-31,,,
화성시,가람농장,산란계,18296.0,,경기도 화성시 봉담읍 상리 152번지 5호,37.234629,126.9432011,65.0,2020-04-30,닭,20181204.0,
화성시,가람농장,산란계,18295.0,,경기도 화성시 봉담읍 상리 152-5,37.234700047,126.9432852337,0.0,2025-07-31,닭,20250131.0,
화성시,가람농장,산란계,18295.0,,경기도 화성시 효행구 봉담읍 상리 152-5,37.2347034212,126.9432758988,20.0,2026-02-26,닭,20260201.0,
화성시,가람농장,산란계,18295.0,,경기도 화성시 봉담읍 상리 152-5,37.2346290483,126.9432011239,65.0,2021-11-30,닭,20201124.0,
화성시,가람농장,산란계,12664.0,경기도 여주시 강천면 굴암2길 52-4,경기도 여주시 강천면 굴암리 266번지,37.2397226,127.6994638,65.0,2019-01-31,닭,,
화성시,감우농장,육계,18278.0,경기도 화성시 남양읍 현대연구소로 79-26,경기도 화성시 남양읍 장덕리 1077번지,37.1637437,126.8196047,65000.0,2018-12-31,닭,,
화성시,감우농장,육계,18278.0,경기도 화성시 남양읍 현대연구소로 79-26,경기도 화성시 남양읍 장덕리 1077번지,126.8195822,37.1637166,65000.0,2018-08-31,,,
화성시,감우농장,육계,18278.0,경기도 화성시 남양읍 현대연구소로 79-26,경기도 화성시 남양읍 장덕리 1077,37.1647380646,126.8199587297,65000.0,2020-11-30,닭,20201124.0,
화성시,감우농장,육계,18278.0,경기도 화성시 남양읍 현대연구소로 79-26,경기도 화성시 남양읍 장덕리 1077,37.1647380646,126.8199587297,0.0,2026-01-31,닭,20250131.0,
화성시,감우농장,육계,18278.0,경기도 화성시 만세구 남양읍 현대연구소로 79-26,경기도 화성시 만세구 남양읍 장덕리 1077,37.1647380646,126.8199587297,55400.0,2026-02-26,닭,20260201.0,
화성시,감우농장,육계,12642.0,경기도 여주시 능서면 능서로 246-78,경기도 여주시 능서면 왕대리 산83-31번지,37.3170439,127.5922838,65000.0,2019-01-31,닭,,
화성시,개미농장,육계,18279.0,경기도 화성시 남양읍 현대기아로125번길 76-5,경기도 화성시 남양읍 온석리 414-1,37.169170535,126.8435053506,13000.0,2021-09-30,닭,20201124.0,
화성시,개미농장,육계,18279.0,경기도 화성시 남양읍 현대기아로125번길 76-5,경기도 화성시 남양읍 온석리 414번지 1호,37.1689683,126.8435518,58000.0,2020-04-30,닭,20181204.0,
화성시,건국농장,육계,18583.0,경기도 화성시 장안면 포승장안로1186번길 47-16,"경기도 화성시 장안면 독정리 794-2, 794-4, 794-5",37.0761457264,126.8468619832,0.0,2025-05-31,닭,20250131.0,
화성시,건국농장,육계,18583.0,경기도 화성시 만세구 장안면 포승장안로1186번길 47-16,경기도 화성시 만세구 장안면 독정리 794-2,37.0761457264,126.8468619832,15000.0,2026-02-26,닭,20260201.0,
화성시,건국축산농원,육계,18583.0,경기도 화성시 장안면 포승장안로1186번길 47-16,경기도 화성시 장안면 독정리 794-2번지,37.0756235,126.846525,60000.0,2020-05-31,닭,20181204.0,
화성시,건국축산농원,육계,18583.0,,경기도 화성시 장안면 독정리 794번지 12호,126.8459728,37.0761724,60000.0,2018-09-30,,,
화성시,건국축산농원,육계,18583.0,경기도 화성시 장안면 포승장안로1186번길 47-16,"경기도 화성시 장안면 독정리 794-2 794-4,794-5,794-12",37.0761457264,126.8468619832,0.0,2025-07-31,닭,20250131.0,
화성시,건국축산농원,육계,18583.0,경기도 화성시 장안면 포승장안로1186번길 47-16,"경기도 화성시 장안면 독정리 794-2 794-4,794-5,794-12",37.0754160481,126.8469469912,60000.0,2020-07-31,닭,20200527.0,
화성시,건국축산농원,육계,18583.0,경기도 화성시 만세구 장안면 포승장안로1186번길 47-16,경기도 화성시 만세구 장안면 독정리 794-2,37.0761457264,126.8468619832,50000.0,2026-02-26,닭,20260201.0,
화성시,경기농장,육계,18536.0,경기도 화성시 팔탄면 녹막말길 76-24,경기도 화성시 팔탄면 율암리 389-1,37.1689313646,126.8725679012,0.0,2025-08-31,닭,20250131.0,
화성시,경기농장,육계,18536.0,경기도 화성시 팔탄면 녹막말길 76-24,경기도 화성시 팔탄면 율암리 389-1,37.1689313646,126.8725679012,7000.0,2021-07-31,닭,20201124.0,
화성시,경기농장,육계,18536.0,경기도 화성시 팔탄면 녹막말길 76-24,경기도 화성시 팔탄면 율암리 389-1번지,37.1687153,126.8724661,35000.0,2020-01-31,닭,20181204.0,
화성시,경기농장,산란계,18536.0,경기도 화성시 팔탄면 녹막말길 76-24,경기도 화성시 팔탄면 율암리 389번지 1호,126.8724661,37.1687153,7000.0,2018-10-31,,,
화성시,경기농장,육계,18536.0,경기도 화성시 만세구 팔탄면 녹막말길 76-24,경기도 화성시 만세구 팔탄면 율암리 389-1,37.1689313646,126.8725679012,0.0,2026-02-26,닭,20260201.0,
화성시,계림농장,육계,18583.0,경기도 화성시 장안면 장명길 94,경기도 화성시 장안면 독정리 1072번지 1호,126.8453596,37.0572854,18000.0,2018-03-14,,,
화성시,계원농장,종계,18627.0,경기도 화성시 양감면 정문회화로 51-32,경기도 화성시 양감면 사창리 261,37.095121558,126.976028108,19948.0,2025-04-30,닭,20250131.0,
화성시,계원농장,종계,18627.0,경기도 화성시 양감면 정문회화로 51-32,경기도 화성시 양감면 사창리 261번지,37.0948709,126.975931,35100.0,2020-06-30,닭,20181204.0,
화성시,계원농장,종계,12615.0,경기도 여주시 강천면 가정긴골길 38,경기도 여주시 강천면 이호리 334-2번지,37.2947198,127.6871928,35100.0,2019-01-31,닭,,
화성시,계원농장,종계,18627.0,경기도 화성시 양감면 정문회화로 51-32,경기도 화성시 양감면 사창리 261,37.095121558,126.976028108,5100.0,2021-07-31,닭,20201124.0,
화성시,계원농장,종계,18627.0,경기도 화성시 만세구 양감면 정문회화로 51-32,경기도 화성시 만세구 양감면 사창리 261,37.095121558,126.976028108,19948.0,2026-02-26,닭,20260201.0,
화성시,고려꿩농장,꿩,18526.0,경기도 화성시 팔탄면 건달산로43번길 9-22,경기도 화성시 팔탄면 기천리 산132번지,37.1766117,126.9036889,307.0,2020-04-30,꿩,20181204.0,
화성시,고려꿩농장,꿩,18526.0,,경기도 화성시 팔탄면 기천리 산132,37.1767889325,126.9052613622,307.0,2021-07-31,꿩,20201124.0,
화성시,고려꿩농장,꿩,18526.0,경기도 화성시 만세구 팔탄면 건달산로43번길 9-15,경기도 화성시 만세구 팔탄면 기천리 산132,37.1767521427,126.9051152063,20.0,2026-02-26,닭,20260201.0,
화성시,고려꿩농장,꿩,18526.0,경기도 화성시 팔탄면 건달산로43번길 9-22,경기도 화성시 팔탄면 기천리 산132,37.1762002154,126.9047027341,20.0,2026-01-31,꿩,20250131.0,
화성시,고려꿩농장,꿩,12615.0,경기도 여주시 강천면 걸귀정길 20,경기도 여주시 강천면 걸은리 649-10번지,37.2928326,127.7002463,307.0,2019-01-31,꿩,,
화성시,관항농장,육계,12611.0,경기도 여주시 대신면 후포1길 223-42,경기도 여주시 대신면 후포리156-2,37.368014,127.6187706,26000.0,2019-01-31,닭,,
화성시,관항농장,육계,18520.0,경기도 화성시 정남면 관항길321번길 19,경기도 화성시 정남면 관항리 537번지,37.1810229,126.955653,26000.0,2019-06-30,닭,20181204.0,
화성시,관항농장,육계,18520.0,경기도 화성시 정남면 관항길 321번길 19,"경기도 화성시 정남면 관항리 530, 531, 537, 538, 539-2",37.1814010322,126.9552334012,0.0,2026-01-31,닭,20250131.0,
화성시,관항농장,육계,18520.0,경기도 화성시 정남면 관항길321번길 19,경기도 화성시 정남면 관항리 530,37.1814010322,126.9552334012,26000.0,2021-09-30,닭,20201124.0,
화성시,관항농장,육계,18520.0,경기도 화성시 효행구 정남면 관항길321번길 19,경기도 화성시 효행구 정남면 관항리 530,37.1814010322,126.9552334012,30000.0,2026-02-26,닭,20260201.0,
화성시,관항농장,육계,18520.0,경기도 화성시 정남면 관항길321번길 19,경기도 화성시 정남면 관항리 530번지,126.955101,37.181302,26000.0,2018-08-31,,,
화성시,광도농장,육계,18585.0,경기도 화성시 장안면 갈우물길 21,경기도 화성시 장안면 노진리 26-1,37.0538079578,126.8179132875,80000.0,2021-09-30,닭,20201124.0,
화성시,광도농장,육계,18585.0,경기도 화성시 장안면 갈우물길 21,경기도 화성시 장안면 노진리 26-1 외 15필지,37.0538079578,126.8179132875,72500.0,2025-08-31,닭,20250131.0,
화성시,광도농장,육계,18585.0,경기도 화성시 장안면 갈우물길 21,경기도 화성시 장안면 노진리 26-1번지,37.054651,126.8180799,80000.0,2018-12-31,닭,,
화성시,광도농장,육계,18585.0,경기도 화성시 만세구 장안면 갈우물길 21,경기도 화성시 만세구 장안면 노진리 26-1,37.0538079578,126.8179132875,67000.0,2026-02-26,닭,20260201.0,
화성시,광도농장,육계,12617.0,경기도 여주시 강천면 황골길 25,경기도 여주시 강천면 도전리 152번지,37.3620712,127.7292641,80000.0,2019-01-31,닭,,
화성시,광민농장,육계,18584.0,경기도 화성시 장안면 덕다길 8,경기도 화성시 장안면 덕다리 산 7-4번지,37.0671238,126.8378619,40000.0,2019-05-31,닭,20181204.0,
화성시,광민농장,육계,,,경기도 화성시 장안면 덕다리 산 7번지,126.840213,37.0718756,40000.0,2018-09-30,,,
화성시,광민농장,육계,,,경기도 화성시 장안면 덕다리 산7,,,40000.0,2020-07-31,닭,20200527.0,
화성시,구마농장,오리,18626.0,경기도 화성시 양감면 사격장길 88-45,경기도 화성시 양감면 사창리 775-1,37.0942843478,126.958220765,42000.0,2020-07-31,오리,20200527.0,
화성시,궁영물닭장,육계,,,경기도 화성시 송산면 고정리 산 1번지 56호,37.2840103,126.7370297,90.0,2019-07-31,닭,20181204.0,
화성시,궁영물닭장,육계,,,경기도 화성시 송산면 고정리 산1-56,37.2840103291,126.7370297648,90.0,2020-07-31,닭,20200527.0,
화성시,금송농장,육계,18586.0,경기도 화성시 장안면 상두원길86번길 53-31,경기도 화성시 장안면 장안리 489,37.0448085205,126.8560369085,65000.0,2020-07-31,닭,20200527.0,
화성시,금송농장,육계,18586.0,경기도 화성시 장안면 상두원길86번길 53-31,경기도 화성시 장안면 장안리 489,37.0448085205,126.8560369085,63000.0,2025-05-31,닭,20250131.0,
화성시,금송농장,육계,18586.0,경기도 화성시 만세구 장안면 상두원길86번길 53-31,경기도 화성시 만세구 장안면 장안리 489,37.0447171617,126.8558127728,63000.0,2026-02-26,닭,20260201.0,
화성시,금의양계장,육계,18585.0,경기도 화성시 장안면 흥천길 84-60,경기도 화성시 장안면 사곡리 833-6번지,37.0578969,126.8081108,50000.0,2018-12-31,닭,,
화성시,금의양계장,육계,18585.0,경기도 화성시 장안면 흥천길 84-60,경기도 화성시 장안면 사곡리 833-6,37.0578204052,126.8087670772,44600.0,2025-08-31,닭,20250131.0,
화성시,금의양계장,육계,18585.0,경기도 화성시 장안면 흥천길 84-60,경기도 화성시 장안면 사곡리 833번지 6호,126.8081108,37.0578969,50000.0,2018-10-31,,,
화성시,금의양계장,육계,18585.0,경기도 화성시 장안면 흥천길 84-60,경기도 화성시 장안면 사곡리 833-6,37.0579337147,126.8081024592,50000.0,2020-07-31,닭,20200527.0,
화성시,금의양계장,육계,18585.0,경기도 화성시 만세구 장안면 흥천길 84-60,경기도 화성시 만세구 장안면 사곡리 833-6,37.0578204052,126.8087670772,50000.0,2026-02-26,닭,20260201.0,
화성시,금의양계장,육계,12611.0,경기도 여주시 대신면 후포1길 160,경기도 여주시 대신면 후포리 223번지,37.3658767,127.6174098,50000.0,2019-01-31,닭,,
화성시,기러기 농장,육계,18558.0,경기도 화성시 우정읍 범아지서길 84-9,경기도 화성시 우정읍 호곡리 228번지 39호,37.1288371,126.7825079,400.0,2019-07-31,닭,20181204.0,
화성시,기러기 농장,육계,18558.0,경기도 화성시 우정읍 범아지서길 84-9,경기도 화성시 우정읍 호곡리 228-39,37.1288767204,126.7826562568,400.0,2021-09-30,닭,20201124.0,
화성시,기러기 농장,육계,12664.0,경기도 여주시 강천면 닷둔리길 84-63,경기도 여주시 강천면 강천리 160-8번지,37.2313109,127.73469,400.0,2019-01-31,닭,,
화성시,기린골농장,산란계,18584.0,,경기도 화성시 장안면 어은리 582번지,126.8406983,37.0868969,1200.0,2018-09-30,,,
화성시,기원농장,산란계,12604.0,경기도 여주시 금사면 이여로 1165,경기도 여주시 금사면 궁리 23번지,37.3827319,127.5240916,100.0,2019-01-31,닭,,
화성시,기원농장,산란계,18269.0,,경기도 화성시 남양읍 신남리 1274-2번지,37.1720819,126.7996661,100.0,2019-05-31,닭,20181204.0,
화성시,기원농장,산란계,18269.0,,경기도 화성시 남양읍 신남리 1274-3번지,126.7996661,37.1720819,100.0,2018-04-30,,,
화성시,길성농장,육계,18627.0,경기도 화성시 양감면 정문회화로 75-45,경기도 화성시 양감면 사창리 293번지 1호,37.0954837,126.9759533,35000.0,2019-06-30,닭,20181204.0,
화성시,길성농장,육계,12604.0,경기도 여주시 금사면 노루목길 62-1,경기도 여주시 금사면 주록리 85-3번지,37.3830688,127.4647027,35000.0,2019-01-31,닭,,
화성시,길성농장,육계,18627.0,경기도 화성시 양감면 정문회화로 75-45,경기도 화성시 양감면 사창리 293번지 1호,126.9760095,37.0954206,35000.0,2018-04-30,,,
화성시,길성농장,육계,18627.0,경기도 화성시 양감면 정문회화로 75-45,경기도 화성시 양감면 사창리 293-1,37.0958683693,126.9757191347,35000.0,2020-07-31,닭,20200527.0,
화성시,김상희농장,육계,,,경기도 화성시 팔탄면 지월리 102번지,126.8918068,37.1397574,40000.0,2018-03-14,,,
화성시,김상희농장,육계,,,경기도 화성시 팔탄면 지월리 산104-2번지,37.1387765,126.89308,40000.0,2019-05-31,닭,20181204.0,
화성시,김포팜,오리,18516.0,경기도 화성시 정남면 만년로 742-35,경기도 화성시 정남면 괘랑리 181-1,37.1821506759,126.9963143156,0.0,2025-08-31,오리,20250131.0,
화성시,김포팜,오리,18516.0,경기도 화성시 정남면 만년로 742-35,경기도 화성시 정남면 괘랑리 181-1,37.1818001908,126.996564489,4000.0,2021-07-31,닭,20201124.0,
화성시,꼬꼬마을농장,산란계,18585.0,,경기도 화성시 장안면 노진리 12번지 4호,126.8212521,37.053872,500.0,2018-03-14,,,
화성시,꼬꼬마을농장,산란계,18585.0,,경기도 화성시 장안면 노진리 12-4,37.0538720067,126.8212521024,500.0,2021-09-30,닭,20201124.0,
화성시,꼬꼬마을농장,산란계,18585.0,,경기도 화성시 장안면 노진리 12번지 4호,37.053872,126.8212521,500.0,2019-07-31,닭,20181204.0,
화성시,꼬꼬마을농장,산란계,18585.0,,경기도 화성시 만세구 장안면 노진리 12-4,37.0539416124,126.8212881226,500.0,2026-02-26,닭,20260201.0,
화성시,꼬꼬마을농장,산란계,18585.0,,경기도 화성시 장안면 노진리 12-4,37.0539441383,126.8212826711,0.0,2026-01-31,닭,20250131.0,
화성시,꼬꼬마을농장,산란계,12604.0,경기도 여주시 금사면 노루목길 83,경기도 여주시 금사면 주록리 88-2번지,37.3845101,127.4624871,500.0,2019-01-31,닭,,
화성시,낙원농장,육계,18576.0,,경기도 화성시 팔탄면 노하리 1040,37.1463008976,126.8456592582,33000.0,2021-09-30,닭,20201124.0,
화성시,낙원농장,육계,18576.0,,경기도 화성시 팔탄면 노하리 1040번지,37.1463008,126.8456592,33000.0,2020-05-31,닭,20181204.0,
화성시,낙원농장,육계,18576.0,,경기도 화성시 팔탄면 노하리 1040번지,126.8456592,37.1463008,33000.0,2018-10-31,,,
화성시,낙원농장,육계,12609.0,경기도 여주시 대신면 대신2로 419-29,경기도 여주시 대신면 계림리360-3,37.4084851,127.5889671,33000.0,2019-01-31,닭,,
화성시,남성종계장,종계,18255.0,경기도 화성시 남양읍 주석로 71,경기도 화성시 남양읍 북양리 385번지,37.2182949,126.8396288,27900.0,2020-04-30,닭,20181204.0,
화성시,남성종계장,종계,12664.0,경기도 여주시 강천면 다리골길 57-3,경기도 여주시 강천면 강천리 93-2번지,37.2433066,127.7356287,27900.0,2019-01-31,닭,,
화성시,남양농장,육계,18278.0,경기도 화성시 남양읍 안석길138번길 18,경기도 화성시 남양읍 안석리 75-2,37.167859201,126.8250894792,16028.0,2020-11-30,닭,20201124.0,
화성시,남양농장,육계,18278.0,경기도 화성시 남양읍 안석길138번길 18,경기도 화성시 남양읍 안석리 75-2번지 외 3필지,126.8251905,37.167888,16028.0,2018-10-31,,,
화성시,남양농장,육계,18278.0,경기도 화성시 남양읍 안석길138번길 18,경기도 화성시 남양읍 안석리 75번지 2호,37.167888,126.8251905,16028.0,2018-12-31,닭,,
화성시,남양농장,육계,12602.0,경기도 여주시 금사면 금품1로 472-49,경기도 여주시 금사면 상호리 78번지,37.4031492,127.4790904,16028.0,2019-01-31,닭,,
화성시,남양양계,산란계,18279.0,경기도 화성시 남양읍 온석서길 108,경기도 화성시 남양읍 온석리 480번지,37.1695515,126.8555756,45000.0,2020-05-31,닭,20181204.0,
화성시,남양양계,산란계,18279.0,,"경기도 화성시 남양읍 온석리 480, 480-1",37.169570316,126.8555767311,36000.0,2021-11-30,닭,20201124.0,
화성시,남양양계,산란계,18279.0,경기도 화성시 남양읍 온석서길 108,"경기도 화성시 남양읍 온석리 480, 480-1",37.169570316,126.8555767311,46500.0,2025-04-30,닭,20250131.0,
화성시,남양양계,산란계,18279.0,경기도 화성시 만세구 남양읍 온석서길 108,경기도 화성시 만세구 남양읍 온석리 480,37.169570316,126.8555767311,48400.0,2026-02-26,닭,20260201.0,
화성시,남양축산 안석농장,육계,18278.0,경기도 화성시 남양읍 활초길 118,경기도 화성시 남양읍 안석리 9-2번지,37.1662154,126.8336048,120000.0,2019-06-30,닭,20181204.0,
화성시,남양축산 안석농장,육계,18278.0,경기도 화성시 남양읍 활초길 118,경기도 화성시 남양읍 안석리 9번지 2호,126.8336048,37.1662154,120000.0,2018-08-31,,,
화성시,남양축산 안석농장,육계,18278.0,경기도 화성시 남양읍 활초길 118,경기도 화성시 남양읍 안석리 9-2,37.1666899268,126.8335023753,120000.0,2021-04-30,닭,20201124.0,
화성시,남양축산 안석농장,육계,12663.0,경기도 여주시 가남읍 건장2길 35,경기도 여주시 가남읍 건장리 74-9번지,37.1888977,127.5497856,120000.0,2019-01-31,닭,,
화성시,남에벤에셀,육계,18585.0,경기도 화성시 장안면 큰사수러지길 56-100,경기도 화성시 장안면 사곡리 879번지,37.0638719,126.8087252,60000.0,2020-01-31,닭,20181204.0,
화성시,남에벤에셀,육계,18585.0,경기도 화성시 장안면 큰사수러지길 56-100,경기도 화성시 장안면 사곡리 879,37.0645813197,126.8088182167,49850.0,2025-08-31,닭,20250131.0,
화성시,남에벤에셀,육계,18585.0,경기도 화성시 장안면 큰사수러지길 56-100,경기도 화성시 장안면 사곡리 879,37.0638330537,126.8088025094,30000.0,2021-04-30,닭,20201124.0,
화성시,남에벤에셀,육계,18585.0,경기도 화성시 만세구 장안면 큰사수러지길 56-100,경기도 화성시 만세구 장안면 사곡리 879,37.0645813197,126.8088182167,30000.0,2026-02-26,닭,20260201.0,
화성시,남에벤에셀,육계,12614.0,경기도 여주시 북내면 운촌길 48-113,경기도 여주시 북내면 운촌리 482-1번지,37.3304117,127.7081532,60000.0,2019-01-31,닭,,
화성시,남촌농장,산란계,18513.0,경기도 화성시 정남면 안념길150번길 68,경기도 화성시 정남면 수면리 134번지,37.1544762,127.0263643,20000.0,2020-01-31,닭,20181204.0,
화성시,남촌농장,산란계,18513.0,경기도 화성시 정남면 안념길150번길 68,경기도 화성시 정남면 수면리 134번지,127.0263643,37.1544762,20000.0,2018-04-30,,,
화성시,남촌농장,산란계,18513.0,경기도 화성시 정남면 안념길150번길 68,경기도 화성시 정남면 수면리 134,37.1545564166,127.0263972362,20000.0,2020-07-31,닭,20200527.0,
화성시,노산,오리,18516.0,경기도 화성시 정남면 만년로 742-35,경기도 화성시 정남면 괘랑리 182-4,37.1820232,126.9962829,4000.0,2019-02-28,오리,20181204.0,
화성시,노산,오리,12616.0,경기도 여주시 강천면 마감로 146-31,경기도 여주시 강천면 걸은리 811-11번지,37.2905272,127.7015783,4000.0,2019-01-31,오리,,
화성시,농업회사법인 주식회사 잘큼,산란계,18578.0,경기도 화성시 팔탄면 버들로 1294-61,경기도 화성시 팔탄면 서근리 201-1번지,37.1235266,126.8489133,2500.0,2019-07-31,닭,20181204.0,
화성시,농업회사법인 주식회사 잘큼,산란계,12616.0,경기도 여주시 강천면 강천로 677,경기도 여주시 강천면 가야리 453-2번지,37.2597473,127.6910472,2500.0,2019-01-31,닭,,
화성시,농업회사법인 주식회사 잘큼,산란계,18578.0,경기도 화성시 팔탄면 버들로 1294-61,경기도 화성시 팔탄면 서근리 201-1,37.124364564,126.8489244658,25000.0,2021-04-30,닭,20201124.0,
화성시,농업회사법인(주)정인,육계,18572.0,경기도 화성시 우정읍 기아자동차로 292-104,경기도 화성시 우정읍 석천리 766번지,37.0453981,126.7770052,50000.0,2020-06-30,닭,20181204.0,
화성시,농업회사법인(주)정인,육계,12604.0,경기도 여주시 금사면 장흥로 21,경기도 여주시 금사면 주록리 37-1번지,37.3762892,127.4748674,50000.0,2019-01-31,닭,,
화성시,농업회사법인㈜정인,육계,,,"경기도 화성시 우정읍 석천리 766, 1037-28",,,40000.0,2020-07-31,닭,20200527.0,
화성시,농업회사법인㈜정인,육계,18572.0,경기도 화성시 우정읍 기아자동차로 292-104,"경기도 화성시 우정읍 석천리 766, 1037-28",37.0456053242,126.7768620304,0.0,2026-01-31,닭,20250131.0,
화성시,농업회사법인㈜정인,육계,18572.0,경기도 화성시 만세구 우정읍 기아자동차로 292-104,경기도 화성시 만세구 우정읍 석천리 766,37.0450764656,126.7773505982,40000.0,2026-02-26,닭,20260201.0,
화성시,누리팜(헤브론농장),산란계,18536.0,경기도 화성시 팔탄면 녹막말길 66-11,경기도 화성시 팔탄면 율암리 313-1번지,37.1690014,126.8704051,30000.0,2020-04-30,닭,20181204.0,
화성시,누리팜(헤브론농장),산란계,18536.0,경기도 화성시 팔탄면 녹막말길 66-11,경기도 화성시 팔탄면 율암리 313번지 1호,126.8704051,37.1690014,30000.0,2018-10-31,,,
화성시,누리팜(헤브론농장),산란계,18536.0,경기도 화성시 팔탄면 녹막말길 66-11,경기도 화성시 팔탄면 율암리 313-1,37.1694016836,126.8711672977,30000.0,2021-09-30,닭,20201124.0,
화성시,다산농장,종계,18630.0,경기도 화성시 양감면 용소금각로36번길 154-42,경기도 화성시 양감면 용소리 190번지,37.0718419,126.9868692,24600.0,2019-12-31,닭,20181204.0,
화성시,다산농장,종계,18630.0,경기도 화성시 만세구 양감면 용소금각로36번길 154-42,경기도 화성시 만세구 양감면 용소리 190,37.0722354844,126.9865576471,14500.0,2026-02-26,닭,20260201.0,
화성시,다산농장,종계,18630.0,경기도 화성시 양감면 용소금각로36번길 154-42,경기도 화성시 양감면 용소리 190,37.0722354844,126.9865576471,2400.0,2020-11-30,닭,20201124.0,
화성시,다산농장,종계,18630.0,경기도 화성시 양감면 용소금각로36번길 154-42,경기도 화성시 양감면 용소리 190번지,37.0722354844,126.9865576471,14500.0,2025-04-30,닭,20250131.0,
화성시,다산농장,종계,12612.0,경기도 여주시 북내면 여양2로 1203-3,경기도 여주시 북내면 주암리 104-4번지,37.4039559,127.6826847,24600.0,2019-01-31,닭,,
화성시,다산양계,산란계,12617.0,경기도 여주시 강천면 황골길 28-4,경기도 여주시 강천면 도전리 109-1번지,37.3622116,127.729875,60000.0,2019-01-31,닭,,
화성시,다산양계,산란계,18532.0,경기도 화성시 팔탄면 마당바위로 72-86,경기도 화성시 팔탄면 구장리 309-2번지,37.1534984,126.9019405,60000.0,2020-06-30,닭,20181204.0,
화성시,다산양계,산란계,18532.0,경기도 화성시 팔탄면 마당바위로 72-86,"경기도 화성시 팔탄면 구장리 309-2,-3,-4, 310-1",37.1535241491,126.9017723849,60000.0,2020-11-30,닭,20201124.0,
화성시,다산양계,산란계,18532.0,경기도 화성시 팔탄면 마당바위로 72-86,"경기도 화성시 팔탄면 구장리 309-2,-3,-4, 310-1",37.1533055457,126.9013236488,135000.0,2025-05-31,닭,20250131.0,
화성시,다산양계,산란계,18532.0,경기도 화성시 만세구 팔탄면 마당바위로 72-86,경기도 화성시 만세구 팔탄면 구장리 309-2,37.1533055457,126.9013236488,60000.0,2026-02-26,닭,20260201.0,
화성시,다산양계,산란계,18532.0,경기도 화성시 팔탄면 마당바위로 72-86,경기도 화성시 팔탄면 구장리 309번지 2호,126.9019405,37.1534984,60000.0,2018-08-31,,,
화성시,다올농장,산란계,18626.0,경기도 화성시 양감면 사격장길 88-70,경기도 화성시 양감면 사창리 777번지,37.0952266,126.9597669,50000.0,2019-12-31,닭,20181204.0,
화성시,다올농장,산란계,18626.0,경기도 화성시 양감면 사격장길 88-70,경기도 화성시 양감면 사창리 777번지,126.9597669,37.0952266,50000.0,2018-04-30,,,
화성시,다올농장,산란계,12648.0,경기도 여주시 가남읍 정단길 66-5,경기도 여주시 가남읍 정단리 304-3번지,37.247779,127.5557561,50000.0,2019-01-31,닭,,
화성시,다원농장,육계,12662.0,경기도 여주시 가남읍 신대동길 50-2,경기도 여주시 가남읍 태평리 29번지,37.2135874,127.5474853,35000.0,2019-01-31,닭,,
화성시,다원농장,육계,18558.0,경기도 화성시 우정읍 화수길 112,경기도 화성시 우정읍 화수리 964-17번지,37.1098914,126.7892794,35000.0,2019-06-30,닭,20181204.0,
화성시,다원농장,육계,18558.0,경기도 화성시 우정읍 화수길 112,경기도 화성시 우정읍 화수리 964-17,37.1101671198,126.789236864,0.0,2025-05-31,닭,20250131.0,
화성시,다원농장,육계,18558.0,경기도 화성시 우정읍 화수길 112,경기도 화성시 우정읍 화수리 964번지 17호,126.7892794,37.1098914,35000.0,2018-04-30,,,
화성시,다원농장,육계,18558.0,경기도 화성시 우정읍 화수길 112,경기도 화성시 우정읍 화수리 964-17,37.1101671198,126.789236864,32000.0,2021-06-30,닭,20201124.0,
화성시,다원농장,육계,18558.0,경기도 화성시 만세구 우정읍 화수길 112,경기도 화성시 만세구 우정읍 화수리 964-17,37.1101671198,126.789236864,50000.0,2026-02-26,닭,20260201.0,
화성시,달궁농장,산란계,18585.0,경기도 화성시 장안면 화곡로440번길 46,경기도 화성시 장안면 사곡리 907-3번지,37.0687276,126.8194175,52.0,2019-02-28,닭,20181204.0,
화성시,달궁농장,산란계,18585.0,경기도 화성시 장안면 화곡로440번길 46,경기도 화성시 장안면 사곡리 907-3,37.0688528819,126.8195334098,52.0,2020-11-30,닭,20201124.0,
화성시,달궁농장,산란계,12609.0,경기도 여주시 대신면 현풍길 6-32,경기도 여주시 대신면 초현리 111번지,37.3830695,127.6030298,52.0,2019-01-31,닭,,
화성시,대경농장,육계,18630.0,경기도 화성시 양감면 용소금각로36번길 90-21,경기도 화성시 양감면 용소리 392-1번지,37.0721746,126.9821237,100000.0,2019-05-31,닭,20181204.0,
화성시,대경농장,육계,18630.0,경기도 화성시 양감면 용소금각로36번길 90-21,경기도 화성시 양감면 용소리 392번지 1호 외 4필지,126.9821237,37.0721746,100000.0,2018-03-14,,,
화성시,대경농장,육계,18630.0,,경기도 화성시 양감면 용소리  392-2,37.0715348704,126.9822364177,100000.0,2021-04-30,닭,20201124.0,
화성시,대경농장,육계,12661.0,경기도 여주시 가남읍 삼군1길 41-1,경기도 여주시 가남읍 삼군리 376-2번지,37.2203403,127.5601526,100000.0,2019-01-31,닭,,
화성시,대륭농장,육계,18632.0,경기도 화성시 양감면 초록로166번길 15-33,경기도 화성시 양감면 신왕리 1950,37.0733754906,126.9610919678,0.0,2025-07-31,닭,20250131.0,
화성시,대륭농장,육계,18632.0,경기도 화성시 양감면 초록로166번길 15-33,경기도 화성시 양감면 신왕리 1950,37.0733754906,126.9610919678,50400.0,2020-11-30,닭,20201124.0,
화성시,대륭농장,육계,18632.0,경기도 화성시 양감면 초록로166번길 15-33,경기도 화성시 양감면 신왕리 1950번지,37.0732593,126.9610388,50000.0,2019-01-31,닭,,
화성시,대륭농장,육계,18632.0,경기도 화성시 양감면 초록로166번길 15-33,경기도 화성시 양감면 신왕리 1950번지,126.9610388,37.0732593,50400.0,2018-10-31,,,
화성시,대륭농장,육계,18632.0,경기도 화성시 만세구 양감면 초록로166번길 15-33,경기도 화성시 만세구 양감면 신왕리 1950,37.0733754906,126.9610919678,27478.0,2026-02-26,닭,20260201.0,
화성시,대륭목장,종계,18632.0,경기도 화성시 양감면 초록로166번길 15-33,경기도 화성시 양감면 신왕리 1950,37.0733754906,126.9610919678,0.0,2025-08-31,닭,20250131.0,
화성시,대륭목장,종계,18632.0,경기도 화성시 만세구 양감면 초록로166번길 15-33,경기도 화성시 만세구 양감면 신왕리 1950,37.0733754906,126.9610919678,0.0,2026-02-26,닭,20260201.0,
화성시,대림농장,산란계,18530.0,경기도 화성시 팔탄면 율암길 84,경기도 화성시 팔탄면 율암리 625번지 2호,126.8812657,37.1578311,27000.0,2018-10-31,,,
화성시,대박농장,육계,,,경기도 화성시 남양읍 온석리,126.8426342,37.166291,40000.0,2018-08-31,,,
화성시,대박농장,육계,18545.0,경기도 화성시 송산면 송산서로363번길 24-5,경기도 화성시 송산면 지화리 574번지 2호,126.6802836,37.2107959,53000.0,2018-08-31,,,
화성시,대박농장,육계,18279.0,경기도 화성시 남양읍 온석길 22,경기도 화성시 남양읍 온석리 494-1번지,37.1658589,126.8497732,40000.0,2020-05-31,닭,20181204.0,
화성시,대박농장,육계,18545.0,경기도 화성시 만세구 송산면 송산서로363번길 24-5,경기도 화성시 만세구 송산면 지화리 574-2,37.2108425291,126.6801251299,50000.0,2026-02-26,닭,20260201.0,
화성시,대박농장,육계,18545.0,경기도 화성시 송산면 송산서로363번길 24-5,경기도 화성시 송산면 지화리 574-2번지,37.2107959,126.6802836,53000.0,2020-05-31,닭,20181204.0,
화성시,대박농장,육계,18545.0,경기도 화성시 송산면 송산서로363번길 24-5,경기도 화성시 송산면 지화리 574-2,37.2108425291,126.6801251299,53000.0,2021-09-30,닭,20201124.0,
화성시,대박농장,육계,18545.0,경기도 화성시 송산면 송산서로363번길 24-5,경기도 화성시 송산면 지화리 574-2,37.2108425291,126.6801251299,48500.0,2025-04-30,닭,20250131.0,
화성시,대박농장,육계,12647.0,경기도 여주시 능서면 월평로 523,경기도 여주시 능서면 광대리 459-2번지,37.257027,127.5702521,40000.0,2019-01-31,닭,,
화성시,대박농장,육계,12649.0,경기도 여주시 가남읍 본두3길 31-43,경기도 여주시 가남읍 본두리 405-2번지,37.2382822,127.5821473,53000.0,2019-01-31,닭,,
화성시,대산농장,육계,18583.0,경기도 화성시 장안면 장안로 440-51,경기도 화성시 장안면 독정리 1779,37.0730943198,126.8625812881,50200.0,2021-11-30,닭,20201124.0,
화성시,대산농장,육계,18583.0,경기도 화성시 장안면 장안로 440-51,경기도 화성시 장안면 독정리 1779번지,37.0724806,126.8624093,50200.0,2020-06-30,닭,20181204.0,
화성시,대산농장,육계,18583.0,경기도 화성시 장안면 장안로 440-51,경기도 화성시 장안면 독정리 1779,37.0730943198,126.8625812881,35500.0,2025-04-30,닭,20250131.0,
화성시,대산농장,육계,12655.0,경기도 여주시 가남읍 신해2길 18,경기도 여주시 가남읍 신해리 118-1번지,37.2242821,127.5475959,50200.0,2019-01-31,닭,,
화성시,대산농장,육계,18583.0,경기도 화성시 장안면 장안로 440-51,경기도 화성시 장안면 독정리 1779번지,126.8624088,37.072787,50200.0,2018-09-30,,,
화성시,대산농장,육계,18583.0,경기도 화성시 만세구 장안면 장안로 440-51,경기도 화성시 만세구 장안면 독정리 1779,37.0730943198,126.8625812881,31973.0,2026-02-26,닭,20260201.0,
화성시,대성농장,종계,18279.0,경기도 화성시 남양읍 현대기아로125번길 76-13,"경기도 화성시 남양읍 온석리 400-1, 400-2, 400-3, 451-1",37.1663551768,126.8429665358,9206.0,2026-01-31,닭,20250131.0,
화성시,대성농장,육계,18279.0,경기도 화성시 남양읍 현대기아로125번길 76-13,경기도 화성시 남양읍 온석리 400-3번지,37.1669937,126.8425539,30000.0,2019-06-30,닭,20181204.0,
화성시,대성농장,육계,18279.0,경기도 화성시 남양읍 현대기아로125번길 76-13,경기도 화성시 남양읍 온석리 400-3,37.1663551768,126.8429665358,30000.0,2020-07-31,닭,20200527.0,
화성시,대성농장,종계,18279.0,경기도 화성시 남양읍 현대기아로125번길 76-13,경기도 화성시 남양읍 온석리 400-3,37.1663551768,126.8429665358,30000.0,2021-09-30,닭,20201124.0,
화성시,대성농장,종계,18279.0,경기도 화성시 만세구 남양읍 현대기아로125번길 76-13,경기도 화성시 만세구 남양읍 온석리 400-1,37.1663551768,126.8429665358,9206.0,2026-02-26,닭,20260201.0,
화성시,대성농장,육계,18279.0,경기도 화성시 남양읍 현대기아로125번길 76-13,경기도 화성시 남양읍 온석리 400-3번지,126.8425539,37.1669937,30000.0,2018-03-14,,,
화성시,대승농장,육계,18279.0,,경기도 화성시 남양읍 온석리 491번지 2호,126.8515754,37.1654738,85000.0,2018-09-30,,,
화성시,대승농장,육계,18279.0,경기도 화성시 남양읍 온석리 491-2,경기도 화성시 남양읍 온석리 491-2,37.1655970344,126.8509700071,0.0,2025-04-30,닭,20250131.0,
화성시,대승농장,육계,18279.0,,경기도 화성시 남양읍 온석리 491번지 2호,37.1654738,126.8515754,85000.0,2020-05-31,닭,20181204.0,
화성시,대승농장,육계,18279.0,,경기도 화성시 남양읍 온석리 491-2,37.1654738271,126.8515754359,85000.0,2021-11-30,닭,20201124.0,
화성시,대승농장,육계,12641.0,경기도 여주시 능서면 안양동1길 116,경기도 여주시 능서면 구양리 480-1번지,37.3146018,127.5758624,85000.0,2019-01-31,닭,,
화성시,대양농장,종계,18632.0,경기도 화성시 양감면 초록로 198-25,경기도 화성시 양감면 신왕리 1129,37.0733314553,126.9633084611,0.0,2025-04-30,닭,20250131.0,
화성시,대양농장,육계,12647.0,경기도 여주시 능서면 능여로 84,경기도 여주시 능서면 광대리 산15-4번지,37.2716901,127.5695052,10000.0,2019-01-31,닭,,
화성시,대양농장,육계,18632.0,경기도 화성시 양감면 초록로 198-25,경기도 화성시 양감면 신왕리 1129번지,37.0729537,126.9632655,10000.0,2020-06-30,닭,20181204.0,
화성시,대양농장,종계,18632.0,경기도 화성시 양감면 초록로 198-25,경기도 화성시 양감면 신왕리 1129,37.0733314553,126.9633084611,20000.0,2020-11-30,닭,20201124.0,
화성시,대양농장,육계,18632.0,경기도 화성시 양감면 초록로 198-25,경기도 화성시 양감면 신왕리 1129번지,126.9632655,37.0729537,10000.0,2018-10-31,,,
화성시,대양농장,육계,18632.0,경기도 화성시 양감면 초록로 198-25,경기도 화성시 양감면 신왕리 1129,37.0733314553,126.9633084611,10000.0,2020-07-31,닭,20200527.0,
화성시,대양농장,종계,18632.0,경기도 화성시 만세구 양감면 초록로 198-25,경기도 화성시 만세구 양감면 신왕리 1129,37.0733314553,126.9633084611,0.0,2026-02-26,닭,20260201.0,
화성시,대영농장,산란계,18337.0,,경기도 화성시 기안동 318,37.2280722206,126.9748132207,100.0,2021-04-30,닭,20201124.0,
화성시,대영농장,산란계,18337.0,,경기도 화성시 기안동 318번지,126.9747568,37.2280992,100.0,2018-10-31,,,
화성시,덕다양계장,육계,18584.0,경기도 화성시 장안면 덕다길 57,경기도 화성시 장안면 덕다리 산 47-6,37.0635728393,126.839062347,0.0,2025-05-31,닭,20250131.0,
화성시,덕다양계장,육계,18584.0,경기도 화성시 장안면 덕다길 57,경기도 화성시 장안면 덕다리 산47-6,37.0635728393,126.839062347,40000.0,2021-07-31,닭,20201124.0,
화성시,덕다양계장,육계,18584.0,경기도 화성시 장안면 덕다길 57,경기도 화성시 장안면 덕다리 산47-1번지,37.0642328,126.8389138,40000.0,2020-05-31,닭,20181204.0,
화성시,덕다양계장,육계,,,경기도 화성시 장안면 덕다리 산 47번지 6호,126.840213,37.0718756,40000.0,2018-10-31,,,
화성시,덕다양계장,육계,18584.0,경기도 화성시 만세구 장안면 덕다길 57,경기도 화성시 만세구 장안면 덕다리 산 47-6,37.0635728393,126.839062347,29340.0,2026-02-26,닭,20260201.0,
화성시,덕다양계장,육계,18584.0,경기도 화성시 장안면 덕다길 57,경기도 화성시 장안면 덕다리 산47-6,37.0635713976,126.8388036522,40000.0,2020-07-31,닭,20200527.0,
화성시,덕다양계장,육계,12640.0,경기도 여주시 능서면 양거1길 58,경기도 여주시 능서면 양거리 555-1번지,37.2606354,127.5383659,40000.0,2019-01-31,닭,,
화성시,덕산농장,육계,18630.0,경기도 화성시 양감면 용소말길 3,경기도 화성시 양감면 용소리 591번지 1호,126.9850344,37.0796808,20000.0,2018-03-14,,,
화성시,도원농장,종계,18583.0,경기도 화성시 장안면 장안로 260,경기도 화성시 장안면 어은리 558번지,37.0841725,126.8450228,39100.0,2019-06-30,닭,20181204.0,
화성시,도원농장,종계,12617.0,경기도 여주시 강천면 부평로 370,경기도 여주시 강천면 부평리 213-3번지,37.2848352,127.73982,39100.0,2019-01-31,닭,,
화성시,도원농장,종계,18583.0,경기도 화성시 장안면 장안로 260,경기도 화성시 장안면 어은리 558,37.0841575742,126.8449143002,2700.0,2021-06-30,닭,20201124.0,
화성시,도원농장,종계,18583.0,경기도 화성시 장안면 장안로 260,"경기도 화성시 장안면 어은리 558번지,  화성시 장안면 장안로 260",37.0841575742,126.8449143002,67700.0,2025-05-31,닭,20250131.0,
화성시,도원농장,육계,18583.0,경기도 화성시 장안면 장안로 260,"경기도 화성시 장안면 어은리 558, 562",37.0841575742,126.8449143002,67700.0,2026-01-31,닭,20250131.0,
화성시,도원농장,종계,18583.0,경기도 화성시 만세구 장안면 장안로 260,경기도 화성시 만세구 장안면 어은리 558,37.0841575742,126.8449143002,67700.0,2026-02-26,닭,20260201.0,
화성시,도원농장,육계,18583.0,경기도 화성시 만세구 장안면 장안로 260,경기도 화성시 만세구 장안면 어은리 558,37.0841575742,126.8449143002,50000.0,2026-02-26,닭,20260201.0,
화성시,도이리목장,육계,18588.0,경기도 화성시 향남읍 도이2길 54,경기도 화성시 향남읍 도이리 295-4번지,37.1373674,126.9370763,60.0,2019-02-28,닭,20181204.0,
화성시,도이리목장,육계,18588.0,경기도 화성시 향남읍 도이2길 54,경기도 화성시 향남읍 도이리 295-1,37.1376432952,126.9371385815,60.0,2020-11-30,닭,20201124.0,
화성시,독정양계장,육계,12615.0,경기도 여주시 강천면 가정긴골길 317,경기도 여주시 강천면 걸은리 68-2번지,37.3105792,127.7114083,2800.0,2019-01-31,닭,,
화성시,독정양계장,육계,18583.0,경기도 화성시 장안면 장안로309번길 38,경기도 화성시 장안면 독정리 733번지 1호,126.8533891,37.0848411,2800.0,2018-08-31,,,
화성시,독정양계장,육계,18583.0,경기도 화성시 장안면 장안로309번길 38,경기도 화성시 장안면 독정리 733-1번지,37.0848411,126.8533891,2800.0,2018-12-31,닭,,
화성시,독정양계장,육계,18583.0,경기도 화성시 장안면 장안로309번길 38,"경기도 화성시 장안면 독정리 733-1,-2, 1113-4",37.0853670214,126.8534099266,28000.0,2021-04-30,닭,20201124.0,
화성시,동원농장,종계,18279.0,경기도 화성시 남양읍 온석서길 96,경기도 화성시 남양읍 온석리 241번지,37.1701635,126.8549889,2700.0,2020-01-31,닭,20181204.0,
화성시,동원농장,육계,18279.0,경기도 화성시 남양읍 온석서실96,경기도 화성시 남양읍 온석리 241,37.1702161084,126.8549855222,0.0,2025-07-31,닭,20250131.0,
화성시,동원농장,종계,18279.0,경기도 화성시 남양읍 온석서길 96,경기도 화성시 남양읍 온석리 241,37.1702161084,126.8549855222,5400.0,2020-07-31,닭,20200527.0,
화성시,동원농장,종계,12612.0,,경기도 여주시 북내면 장암리268,37.3391282,127.6859931,2700.0,2019-01-31,닭,,
화성시,동원농장,육계,18279.0,경기도 화성시 만세구 남양읍 온석서길 96,경기도 화성시 만세구 남양읍 온석리 241,37.1702161084,126.8549855222,0.0,2026-02-26,닭,20260201.0,
화성시,동진목장,육계,18281.0,경기도 화성시 남양읍 장덕동길 59-12,경기도 화성시 남양읍 장덕리 240-1,37.1636818683,126.8118813964,25.0,2021-11-30,닭,20201124.0,
화성시,동진목장,육계,18281.0,경기도 화성시 만세구 남양읍 장덕동길 59-12,경기도 화성시 만세구 남양읍 장덕리 240-1,37.1636818683,126.8118813964,30.0,2026-02-26,닭,20260201.0,
화성시,동진목장,육계,18281.0,경기도 화성시 남양읍 장덕동길 59-12,경기도 화성시 남양읍 장덕리 240번지 1호,37.1636594,126.8118591,25.0,2018-12-31,닭,,
화성시,동진목장,육계,18281.0,경기도 화성시 남양읍 장덕동길 59-12,경기도 화성시 남양읍 장덕리 240-1,37.1636818683,126.8118813964,0.0,2025-08-31,닭,20250131.0,
화성시,동진목장,육계,12641.0,,경기도 여주시 능서면 매류1리94,37.2791614,127.572865,25.0,2019-01-31,닭,,
화성시,동현농장,육계,18577.0,,경기도 화성시 팔탄면 월문리 158번지,37.1215825,126.8733234,50000.0,2020-06-30,닭,20181204.0,
화성시,동현농장,육계,18577.0,,경기도 화성시 팔탄면 월문리 158번지 5호,126.8733234,37.1215825,50000.0,2018-03-14,,,
화성시,두레농장,육계,18627.0,경기도 화성시 양감면 정문회화로 49-43,경기도 화성시 양감면 사창리 257번지,126.9743449,37.0951229,40000.0,2018-09-30,,,
화성시,두레농장,산란계,18627.0,경기도 화성시 양감면 정문회화로 49-43,경기도 화성시 양감면 사창리 257,37.0953129425,126.9744626358,0.0,2025-04-30,닭,20250131.0,
화성시,두레농장,종계,18627.0,경기도 화성시 양감면 정문회화로 49-43,경기도 화성시 양감면 사창리 257,37.0953129425,126.9744626358,2200.0,2020-07-31,닭,20200527.0,
화성시,두레농장,종계,18627.0,경기도 화성시 양감면 정문회화로 49-43,경기도 화성시 양감면 사창리 257번지,37.0951229,126.9743449,17200.0,2019-07-31,닭,20181204.0,
화성시,두레농장,산란계,18627.0,경기도 화성시 만세구 양감면 정문회화로 49-43,경기도 화성시 만세구 양감면 사창리 257,37.0953129425,126.9744626358,40000.0,2026-02-26,닭,20260201.0,
화성시,두레농장,종계,18627.0,경기도 화성시 만세구 양감면 정문회화로 49-43,경기도 화성시 만세구 양감면 사창리 257,37.0953129425,126.9744626358,0.0,2026-02-26,닭,20260201.0,
화성시,두레농장,종계,18627.0,경기도 화성시 양감면 정문회화로 49-43,경기도 화성시 양감면 사창리 257,37.0953129425,126.9744626358,0.0,2025-04-30,닭,20250131.0,
화성시,두레농장,종계,12602.0,경기도 여주시 금사면 장흥로 476,경기도 여주시 금사면 하호리 341-2번지,37.3957621,127.5007036,17200.0,2019-01-31,닭,,
화성시,뒷골농장,육계,18511.0,경기도 화성시 금곡로 27-91,경기도 화성시 금곡동 608,37.164548407,127.0751045553,180.0,2020-07-31,닭,20200527.0,
화성시,뒷골농장,육계,18511.0,경기도 화성시 금곡로 27-91,경기도 화성시 금곡동 608번지,37.1645573,127.0750047,180.0,2019-07-31,닭,20181204.0,
화성시,뒷골농장,육계,12647.0,경기도 여주시 능서면 매류1길 45,경기도 여주시 능서면 매류리 352-1번지,37.2780556,127.5590894,180.0,2019-01-31,닭,,
화성시,마도양계장,육계,18537.0,경기도 화성시 마도면 석교로110번길 34-24,경기도 화성시 마도면 석교리 108,37.1992462411,126.7777653169,20000.0,2021-09-30,닭,20201124.0,
화성시,마도양계장,산란계,18544.0,경기도 화성시 마도면 마도로 109,경기도 화성시 마도면 백곡리 336번지,126.7171144,37.1828231,20000.0,2018-10-31,,,
화성시,마도양계장,산란계,18544.0,경기도 화성시 마도면 마도로 109,경기도 화성시 마도면 백곡리 336번지,37.1828231,126.7171144,20000.0,2020-06-30,닭,20181204.0,
화성시,마도양계장,산란계,12602.0,경기도 여주시 금사면 금품1로 391,경기도 여주시 금사면 상호리 131-10번지,37.408365,127.4748426,20000.0,2019-01-31,닭,,
화성시,마도청계,산란계,,,경기도 화성시 마도면 석교리 648,37.1990613063,126.7707055407,0.0,2025-04-30,닭,20250131.0,
화성시,마도청계,산란계,18537.0,,경기도 화성시 만세구 마도면 석교리 648,37.1990601796,126.7707053681,130.0,2026-02-26,닭,20260201.0,
화성시,매바위양계장,육계,18281.0,경기도 화성시 남양읍 장덕서길 25-38,경기도 화성시 남양읍 장덕리 947번지,126.7873851,37.1510569,40000.0,2018-03-14,,,
화성시,매바위양계장,육계,18281.0,경기도 화성시 남양읍 장덕서길 25-38,경기도 화성시 남양읍 장덕리  947,37.1512148427,126.787366386,40000.0,2021-04-30,닭,20201124.0,
화성시,매바위양계장,육계,18281.0,경기도 화성시 남양읍 장덕서길 25-38,경기도 화성시 남양읍 장덕리 947번지,37.1510569,126.7873851,40000.0,2020-06-30,닭,20181204.0,
화성시,매바위양계장,육계,12661.0,경기도 여주시 가남읍 양화로 94-13,경기도 여주시 가남읍 삼군리 66번지,37.2317261,127.5569798,40000.0,2019-01-31,닭,,
화성시,매바위양계장,육계,18281.0,경기도 화성시 남양읍 장덕서길 25-38,경기도 화성시 남양읍 장덕리  947,37.1512148427,126.787366386,40500.0,2025-05-31,닭,20250131.0,
화성시,매바위양계장,육계,18281.0,경기도 화성시 만세구 남양읍 장덕서길 25-38,경기도 화성시 만세구 남양읍 장덕리  947,37.1512148427,126.787366386,30000.0,2026-02-26,닭,20260201.0,
화성시,모세농장,육계,18514.0,경기도 화성시 정남면 정남동로 453-86,경기도 화성시 정남면 금복리 91,37.1600425962,126.9992541385,53000.0,2026-01-31,닭,20250131.0,
화성시,모세농장,육계,18514.0,경기도 화성시 정남면 정남동로 453-86,경기도 화성시 정남면 금복리 91번지,37.1598577,126.9993469,52000.0,2019-06-30,닭,20181204.0,
화성시,모세농장,육계,18514.0,경기도 화성시 정남면 정남동로 453-86,경기도 화성시 정남면 금복리 91,37.1600616705,126.9995017879,52000.0,2020-11-30,닭,20201124.0,
화성시,모세농장,육계,18514.0,경기도 화성시 정남면 정남동로 453-86,경기도 화성시 정남면 금복리 91번지,126.9993469,37.1598577,52000.0,2018-04-30,,,
화성시,모세농장,육계,18514.0,경기도 화성시 효행구 정남면 정남동로 453-86,경기도 화성시 효행구 정남면 금복리 91,37.1600425962,126.9992541385,52000.0,2026-02-26,닭,20260201.0,
화성시,모세농장,육계,12615.0,경기도 여주시 강천면 걸귀정길 14-8,경기도 여주시 강천면 걸은리 651-1번지,37.2931894,127.7008586,52000.0,2019-01-31,닭,,
화성시,무지개농장,육계,18545.0,경기도 화성시 송산면 고포길 159,경기도 화성시 송산면 고포리 605-1번지,37.2360141,126.676401,70000.0,2019-12-31,닭,20181204.0,
화성시,무지개농장,육계,18545.0,경기도 화성시 송산면 고포길 159,경기도 화성시 송산면 고포리 605-1,37.236153493,126.6762435264,70000.0,2021-04-30,닭,20201124.0,
화성시,무지개농장,육계,,,경기도 화성시 팔탄면 고주리 산21번지,37.1397240638,126.8852114853,35000.0,2021-04-30,닭,20201124.0,
화성시,무지개농장,육계,18545.0,경기도 화성시 송산면 고포길 159,경기도 화성시 송산면 고포리 605번지 1호,126.676401,37.2360141,70000.0,2018-10-31,,,
화성시,무지개농장,육계,18545.0,경기도 화성시 송산면 고포길 159,경기도 화성시 송산면 고포리 605-1,37.236153493,126.6762435264,0.0,2025-05-31,닭,20250131.0,
화성시,무지개농장,육계,18545.0,경기도 화성시 만세구 송산면 고포길 159,경기도 화성시 만세구 송산면 고포리 605-1,37.236153493,126.6762435264,57300.0,2026-02-26,닭,20260201.0,
화성시,무지개농장,육계,12662.0,경기도 여주시 가남읍 신대동길 8,경기도 여주시 가남읍 태평리 37번지,37.2117524,127.5507278,70000.0,2019-01-31,닭,,
화성시,미래농장,육계,18624.0,경기도 화성시 향남읍 발안로 736-24,경기도 화성시 향남읍 길성리 1번지,37.1233636,126.9830662,60000.0,2019-01-31,닭,,
화성시,미래농장,육계,18624.0,경기도 화성시 향남읍 발안로 736-24,경기도 화성시 향남읍 길성리 1,37.1233846807,126.98303788,55000.0,2026-01-31,닭,20250131.0,
화성시,미래농장,육계,18624.0,경기도 화성시 향남읍 발안로 736-24,경기도 화성시 향남읍 길성리 1번지,126.9830662,37.1233636,60000.0,2018-08-31,,,
화성시,미래농장,종계,18624.0,경기도 화성시 향남읍 발안로 736-24,경기도 화성시 향남읍 길성리 1,37.1233846807,126.98303788,1000.0,2021-09-30,닭,20201124.0,
화성시,미래농장,종계,18624.0,경기도 화성시 향남읍 발안로 736-24,경기도 화성시 향남읍 길성리 1,37.1233846807,126.98303788,55000.0,2026-01-31,닭,20250131.0,
화성시,미래농장,종계,18624.0,경기도 화성시 만세구 향남읍 발안로 736-24,경기도 화성시 만세구 향남읍 길성리 1,37.1233846807,126.98303788,55000.0,2026-02-26,닭,20260201.0,
화성시,미래농장,산란계,18624.0,경기도 화성시 만세구 향남읍 발안로 736-24,경기도 화성시 만세구 향남읍 길성리 1,37.1233846807,126.98303788,,2026-02-26,닭,20260201.0,
화성시,미래농장,육계,18624.0,경기도 화성시 만세구 향남읍 발안로 736-24,경기도 화성시 만세구 향남읍 길성리 1,37.1233846807,126.98303788,50000.0,2026-02-26,닭,20260201.0,
화성시,미래숲,산란계,18627.0,경기도 화성시 양감면 정문송산로93번길 28-34,경기도 화성시 양감면 사창리 197-1번지,37.0980883,126.978652,19000.0,2019-02-28,닭,20181204.0,
화성시,미래숲,산란계,12614.0,경기도 여주시 북내면 운촌길 48-22,경기도 여주시 북내면 운촌리 623-18번지,37.3319392,127.7058205,19000.0,2019-01-31,닭,,
화성시,미래숲,산란계,,,"경기도 화성시 양감면 사창리 200,201-1,-2",,,19000.0,2021-09-30,닭,20201124.0,
화성시,민서네 꿩(약초)농장,꿩,18544.0,경기도 화성시 마도면 마도서길 20-3,"경기도 화성시 마도면 고모리 344-1,3",37.1733663893,126.7429796072,0.0,2025-08-31,꿩,20250131.0,
화성시,민서네 꿩(약초)농장,꿩,18544.0,,"경기도 화성시 마도면 고모리 344-1,3",37.1733663893,126.7429796072,300.0,2020-11-30,꿩,20201124.0,
화성시,민서네 꿩(약초)농장,꿩,18544.0,경기도 화성시 만세구 마도면 마도서길 20-3,경기도 화성시 만세구 마도면 고모리 344-1,37.1731866975,126.7430715145,300.0,2026-02-26,닭,20260201.0,
화성시,박○혜,육계,18562.0,경기도 화성시 우정읍 원안길 57-16,"경기도 화성시 우정읍 원안리 426번지 , 호곡리 991번지",126.7769248,37.1066157,38182.0,2018-04-30,,,
화성시,박선혜,육계,18562.0,경기도 화성시 우정읍 원안길 57-16,"경기도 화성시 우정읍 원안리 426번지 , 호곡리 991번지",37.1066157,126.7769248,38182.0,2019-05-31,닭,20181204.0,
화성시,박선혜,육계,12601.0,경기도 여주시 금사면 외평2길 19,경기도 여주시 금사면 외평리 196번지,37.413088,127.5298706,38182.0,2019-01-31,닭,,
화성시,방울산농장,산란계,18608.0,,경기도 화성시 향남읍 방축리 208번지,37.12,126.93007,150.0,2019-12-31,닭,20181204.0,
화성시,방울산농장,산란계,18608.0,,경기도 화성시 향남읍 방축리 208,37.1200772592,126.9301037796,0.0,2025-04-30,닭,20250131.0,
화성시,방울산농장,산란계,18608.0,,경기도 화성시 향남읍 방축리 208,37.120000086,126.9300700974,150.0,2021-07-31,닭,20201124.0,
화성시,방울산농장,산란계,18608.0,,경기도 화성시 만세구 향남읍 방축리 208,37.1200769776,126.9301036041,150.0,2026-02-26,닭,20260201.0,
화성시,방울산농장,산란계,12616.0,경기도 여주시 강천면 마감로 334,경기도 여주시 강천면 걸은리 453-4번지,37.3003263,127.7203012,150.0,2019-01-31,닭,,
화성시,백봉실크 오골계농장,산란계,18282.0,,경기도 화성시 비봉면 남전리 109번지 1호,37.2309858,126.8428242,220.0,2020-06-30,닭,20181204.0,
화성시,백봉실크 오골계농장,산란계,18282.0,,경기도 화성시 비봉면 남전리 109-1,37.2309858535,126.8428242354,220.0,2021-09-30,닭,20201124.0,
화성시,백봉실크 오골계농장,산란계,18282.0,,경기도 화성시 비봉면 남전리 109-1,37.2311090182,126.8429111299,0.0,2025-08-31,닭,20250131.0,
화성시,백봉실크 오골계농장,산란계,12617.0,경기도 여주시 강천면 원심동2길 13,경기도 여주시 강천면 도전리 587-1번지,37.3489614,127.7467099,220.0,2019-01-31,닭,,
화성시,베드로목장,산란계,18510.0,,"경기도 화성시 장지동 389, 390",37.1482917515,127.1189437575,8500.0,2021-04-30,닭,20201124.0,
화성시,베드로목장,산란계,18510.0,경기도 화성시 동탄면 장지남길3번길 67-3,경기도 화성시 동탄면 장지리 390번지,127.1186412,37.1484751,8500.0,2018-03-14,,,
화성시,베드로목장,산란계,18510.0,경기도 화성시 장지남길3번길 67-3,경기도 화성시 장지동 390번지,37.1484751,127.1186412,8500.0,2019-07-31,닭,20181204.0,
화성시,봉황농장,산란계,18269.0,경기도 화성시 남양읍 신남로 112,경기도 화성시 남양읍 신남리 906-2번지,37.1844422,126.7985519,85000.0,2019-12-31,닭,20181204.0,
화성시,봉황농장,산란계,18269.0,경기도 화성시 만세구 남양읍 신남로 112,경기도 화성시 만세구 남양읍 신남리 906-16,37.1843393753,126.7991436935,90000.0,2026-02-26,닭,20260201.0,
화성시,봉황농장,산란계,18269.0,경기도 화성시 남양읍 신남로 112,경기도 화성시 남양읍 신남리 906-16번지,126.7991155,37.184245,85000.0,2018-03-14,,,
화성시,봉황농장,산란계,18269.0,경기도 화성시 남양읍 신남로 112,경기도 화성시 남양읍 신남리 906-16,37.1843393753,126.7991436935,85000.0,2021-06-30,닭,20201124.0,
화성시,봉황농장,산란계,18269.0,경기도 화성시 신남로 112,경기도 화성시 남양읍 신남리 906-16,37.1843393753,126.7991436935,75000.0,2025-05-31,닭,20250131.0,
화성시,봉황농장,산란계,12649.0,경기도 여주시 가남읍 본두3길 69-1,경기도 여주시 가남읍 본두리 446번지,37.2377236,127.58398,85000.0,2019-01-31,닭,,
화성시,부부농장,육계,18523.0,경기도 화성시 정남면 내향안길 97,경기도 화성시 정남면 계향리 218,37.1437666109,126.9916032489,0.0,2025-07-31,닭,20250131.0,
화성시,부부농장,육계,18523.0,경기도 화성시 효행구 정남면 내향안길 97,경기도 화성시 효행구 정남면 계향리 218,37.1437666109,126.9916032489,500.0,2026-02-26,닭,20260201.0,
화성시,부성축산,산란계,18580.0,경기도 화성시 장안면 금의솔안길 87,경기도 화성시 장안면 금의리 612-6번지,37.1073908,126.8370208,25000.0,2020-06-30,닭,20181204.0,
화성시,부성축산,종계,18582.0,경기도 화성시 향남읍 장안로 662-189,경기도 화성시 향남읍 구문천리 784번지,37.0671444,126.8854136,13500.0,2020-06-30,닭,20181204.0,
화성시,부성축산,산란계,18580.0,경기도 화성시 장안면 금의솔안길 87,경기도 화성시 장안면 금의리 612-6,37.1079024814,126.8371129227,25000.0,2021-09-30,닭,20201124.0,
화성시,부성축산,육계,18582.0,경기도 화성시 향남읍 장안로 662-189,경기도 화성시 향남읍 구문천리 784번지,37.0671444,126.8854136,84480.0,2020-06-30,닭,20181204.0,
화성시,부성축산,육계,18582.0,경기도 화성시 향남읍 장안로 662-189,경기도 화성시 향남읍 구문천리 784번지,126.8854136,37.0671444,84480.0,2018-10-31,,,
화성시,부성축산,산란계,18580.0,경기도 화성시 장안면 금의솔안길 87,경기도 화성시 장안면 금의리 612번지 6호,126.8370208,37.1073908,25000.0,2018-10-31,,,
화성시,부성축산,종계,12604.0,경기도 여주시 금사면 서원길 2-11,경기도 여주시 금사면 이포리 256번지,37.3912621,127.5307002,13500.0,2019-01-31,닭,,
화성시,부성축산,육계,12604.0,경기도 여주시 금사면 뒷머리길 24-2,경기도 여주시 금사면 이포리 227-2번지,37.3944007,127.5300107,84480.0,2019-01-31,닭,,
화성시,부여농장,육계,,,경기도 화성시 장안면 석포리 산 122번지,126.8404735,37.1500422,52000.0,2018-10-31,,,
화성시,부자농원,육계,18585.0,경기도 화성시 장안면 흥천길 74-14,경기도 화성시 장안면 사곡리 725-1,37.0578581758,126.8013660266,34000.0,2025-05-31,닭,20250131.0,
화성시,부자농원,육계,18585.0,경기도 화성시 장안면 흥천길 74-14,경기도 화성시 장안면 사곡리 725번지 1호,126.8013881,37.0577054,20000.0,2018-04-30,,,
화성시,부자농원,육계,18585.0,경기도 화성시 만세구 장안면 흥천길 74-14,경기도 화성시 만세구 장안면 사곡리 725-1,37.0578581758,126.8013660266,45000.0,2026-02-26,닭,20260201.0,
화성시,부자농원,육계,12601.0,경기도 여주시 금사면 외평2길 19,경기도 여주시 금사면 외평리 196번지,37.413088,127.5298706,20000.0,2019-01-31,닭,,
화성시,부자농원,육계,18585.0,경기도 화성시 장안면 흥천길 74-14,경기도 화성시 장안면 사곡리 725-1번지,37.0577054,126.8013881,20000.0,2020-05-31,닭,20181204.0,
화성시,부자농원,육계,18585.0,경기도 화성시 장안면 흥천길 74-14,경기도 화성시 장안면 사곡리 725-1,37.0575238089,126.8012228784,10000.0,2020-11-30,닭,20201124.0,
화성시,부자농장,산란계,18572.0,경기도 화성시 우정읍 기아자동차로 292-104,경기도 화성시 우정읍 석천리 766번지,126.7770841,37.0453171,40000.0,2018-09-30,,,
화성시,부처물 농장,육계,18544.0,경기도 화성시 마도면 해운로 596-16,경기도 화성시 마도면 고모리 578번지 12호,126.7504807,37.1729694,70000.0,2018-09-30,,,
화성시,부처물 농장,육계,18544.0,경기도 화성시 마도면 해운로 596-16,경기도 화성시 마도면 고모리 578-12번지,37.1729694,126.7504807,70000.0,2019-02-28,닭,20181204.0,
화성시,부처물 농장,육계,12657.0,경기도 여주시 가남읍 안금3길 3-43,경기도 여주시 가남읍 안금리 99-1번지,37.228697,127.6052861,70000.0,2019-01-31,닭,,
화성시,부처물 농장,육계,18544.0,경기도 화성시 마도면 해운로 596-16,경기도 화성시 마도면 고모리 578-12,37.173007478,126.7503275019,70000.0,2021-06-30,닭,20201124.0,
화성시,부흥꿩농장,꿩,18562.0,경기도 화성시 우정읍 평밭길 243,경기도 화성시 우정읍 원안리 615-2,37.1009628558,126.774209239,5000.0,2021-04-30,꿩,20201124.0,
화성시,부흥꿩농장,꿩,18562.0,경기도 화성시 우정읍 평밭길 243,경기도 화성시 우정읍 원안리 615번지 2호,37.1010061,126.7743092,5000.0,2019-06-30,꿩,20181204.0,
화성시,부흥꿩농장,꿩,18562.0,경기도 화성시 만세구 우정읍 평밭길 243,경기도 화성시 만세구 우정읍 원안리 615-2,37.1009628558,126.774209239,5000.0,2026-02-26,닭,20260201.0,
화성시,부흥꿩농장,꿩,12611.0,,경기도 여주시 대신면 상구리175,37.3842383,127.6363256,5000.0,2019-01-31,꿩,,
화성시,비봉농장,산란계,18293.0,경기도 화성시 비봉면 자청로31번길 14,경기도 화성시 비봉면 자안리 312번지 1호,126.8769862,37.2063026,10000.0,2018-04-30,,,
화성시,비봉농장,산란계,18293.0,경기도 화성시 비봉면 자청로31번길 14,경기도 화성시 비봉면 자안리 312-1번지,37.2063026,126.8769862,10000.0,2018-12-31,닭,,
화성시,비봉농장,산란계,18293.0,경기도 화성시 비봉면 자청로31번길 14,경기도 화성시 비봉면 자안리 312-1,37.2063901354,126.8770473812,23000.0,2025-08-31,닭,20250131.0,
화성시,비봉농장,산란계,18293.0,경기도 화성시 비봉면 자청로31번길 14,경기도 화성시 비봉면 자안리 312-1,37.2063901354,126.8770473812,10000.0,2021-04-30,닭,20201124.0,
화성시,비봉농장,산란계,18293.0,경기도 화성시 효행구 비봉면 자청로31번길 14,경기도 화성시 효행구 비봉면 자안리 312-1,37.2063901354,126.8770473812,25000.0,2026-02-26,닭,20260201.0,
화성시,비봉농장,산란계,12649.0,경기도 여주시 가남읍 본두3길 31-65,경기도 여주시 가남읍 본두리 413-53번지,37.2391684,127.5833374,10000.0,2019-01-31,닭,,
화성시,사또농장,산란계,18287.0,경기도 화성시 매송면 송숙로 297,경기도 화성시 매송면 숙곡리 289,37.2573242052,126.907955473,0.0,2026-01-31,닭,20250131.0,
화성시,사또농장,산란계,18287.0,경기도 화성시 매송면 송숙로 297,경기도 화성시 매송면 숙곡리 289번지,37.2571858,126.9079007,800.0,2019-07-31,닭,20181204.0,
화성시,사또농장,산란계,18287.0,경기도 화성시 매송면 송숙로 297,경기도 화성시 매송면 숙곡리 289번지,126.9079007,37.2571858,500.0,2018-03-14,,,
화성시,사또농장,산란계,18287.0,경기도 화성시 매송면 송숙로 297,경기도 화성시 매송면 숙곡리 289,37.2573242052,126.907955473,800.0,2021-06-30,닭,20201124.0,
화성시,사또농장,산란계,18287.0,경기도 화성시 효행구 매송면 송숙로 297,경기도 화성시 효행구 매송면 숙곡리 289,37.2573242052,126.907955473,500.0,2026-02-26,닭,20260201.0,
화성시,산골농장,산란계,18292.0,,경기도 화성시 비봉면 쌍학리 산 32번지 9호,126.8981209,37.2456534,4000.0,2018-08-31,,,
화성시,산골농장,산란계,18292.0,,경기도 화성시 비봉면 쌍학리 산 32번지 9호,126.8981209,37.2456534,3000.0,2018-08-31,,,
화성시,산척양계,육계,18496.0,,경기도 화성시 동탄면 산척리 244번지,127.110308,37.1698647,20000.0,2018-03-14,,,
화성시,삼리농장,육계,,,경기도 화성시 남양읍 남양리 1798번지,37.2034107,126.8217166,20000.0,2019-02-28,닭,20181204.0,
화성시,삼리농장,육계,12656.0,경기도 여주시 가남읍 오산1길 35,경기도 여주시 가남읍 오산리 335-3번지,37.2391991,127.5581502,20000.0,2019-01-31,닭,,
화성시,삼리농장,육계,,,경기도 화성시 남양읍 남양리 1798번지,126.8217166,37.2034107,20000.0,2018-09-30,,,
화성시,삼일농장,산란계,18624.0,경기도 화성시 향남읍 동오2길 31-30,경기도 화성시 향남읍 동오리 622번지,126.9619612,37.1355044,12000.0,2018-10-31,,,
화성시,삼일농장,산란계,18624.0,경기도 화성시 향남읍 동오2길 31-30,경기도 화성시 향남읍 동오리 622번지,37.1355044,126.9619612,12000.0,2019-02-28,닭,20181204.0,
화성시,삼일농장,산란계,12602.0,경기도 여주시 금사면 건넛말길 22,경기도 여주시 금사면 하호리 226번지,37.402981,127.5045123,12000.0,2019-01-31,닭,,
화성시,삼현농원,육계,18626.0,,경기도 화성시 양감면 사창리 1007번지 1호,37.084732,126.9680168,29000.0,2020-06-30,닭,20181204.0,
화성시,삼현농원,육계,18626.0,,경기도 화성시 양감면 사창리 1007-1,37.0847320397,126.9680168615,29000.0,2020-11-30,닭,20201124.0,
화성시,삼현농원,육계,12601.0,경기도 여주시 금사면 금사로 597-10,경기도 여주시 금사면 전북리 363번지,37.4352806,127.5090101,29000.0,2019-01-31,닭,,
화성시,삼현농원,육계,18626.0,경기도 화성시 양감면 신흥길 27,경기도 화성시 양감면 사창리 1007-1,37.0850624267,126.9680863647,0.0,2025-05-31,닭,20250131.0,
화성시,삼현농원,육계,18626.0,,경기도 화성시 양감면 사창리 1007번지 1호,126.9680168,37.084732,29000.0,2018-04-30,,,
화성시,삼현농원,육계,18626.0,경기도 화성시 만세구 양감면 신흥길 27,경기도 화성시 만세구 양감면 사창리 1007-1,37.0850624267,126.9680863647,20000.0,2026-02-26,닭,20260201.0,
화성시,삼현농장,육계,18559.0,,경기도 화성시 우정읍 주곡리 386번지 5호,37.1165583,126.8098059,26000.0,2019-12-31,닭,20181204.0,
화성시,삼현농장,육계,18559.0,,경기도 화성시 우정읍 주곡리 386번지 5호,126.8098059,37.1165583,26000.0,2018-09-30,,,
화성시,삼현농장,육계,18559.0,경기도 화성시 우정읍 주곡리 386-5(도로면 부존재),경기도 화성시 우정읍 주곡리 386-5,37.1166660153,126.8098529819,0.0,2025-05-31,닭,20250131.0,
화성시,삼현농장,육계,18559.0,,경기도 화성시 우정읍 주곡리 386-5,37.1165583758,126.8098059637,26000.0,2021-11-30,닭,20201124.0,
화성시,삼현농장,육계,12662.0,경기도 여주시 가남읍 대명산1길 8-17,경기도 여주시 가남읍 태평리 329번지,37.2061964,127.5381726,26000.0,2019-01-31,닭,,
화성시,삼현농장,육계,18559.0,,경기도 화성시 만세구 우정읍 주곡리 386-5,37.1166654539,126.8098540382,24200.0,2026-02-26,닭,20260201.0,
화성시,삼화농장,산란계,18283.0,경기도 화성시 비봉면 삼화길 290-18,경기도 화성시 비봉면 삼화리 1108번지 1호,37.2563447,126.8526563,300.0,2018-12-31,닭,,
화성시,삼화농장,산란계,18283.0,경기도 화성시 비봉면 삼화길 290-18,경기도 화성시 비봉면 삼화리 1108-1,37.2566189772,126.8524452561,300.0,2021-06-30,닭,20201124.0,
화성시,삼화농장,산란계,18283.0,경기도 화성시 비봉면 삼화길 290-18,경기도 화성시 비봉면 삼화리 1108번지 1호,126.8526563,37.2563447,300.0,2018-08-31,,,
화성시,상승농장,육계,18544.0,경기도 화성시 만세구 마도면 해운로 596-16,경기도 화성시 만세구 마도면 고모리 578-12,37.173007478,126.7503275019,59800.0,2026-02-26,닭,20260201.0,
화성시,상승농장,육계,18544.0,경기도 화성시 마도면 해운로 596-16,경기도 화성시 마도면 고모리 578-12,37.173007478,126.7503275019,0.0,2026-01-31,닭,20250131.0,
화성시,상신농원,산란계,18623.0,경기도 화성시 만세구 향남읍 문언동길 66-110,경기도 화성시 만세구 향남읍 구문천리 881,37.0850687919,126.8924771077,0.0,2026-02-26,닭,20260201.0,
화성시,상신농원,산란계,18623.0,경기도 화성시 향남읍 문언동길 66-110,경기도 화성시 향남읍 구문천리 881,37.0850687919,126.8924771077,14000.0,2026-01-31,닭,20250131.0,
화성시,상신농원,산란계,18623.0,경기도 화성시 향남읍 문언동길 66-110,경기도 화성시 향남읍 구문천리 881번지,37.0861721,126.8920537,45000.0,2019-07-31,닭,20181204.0,
화성시,상신농원,산란계,18623.0,경기도 화성시 향남읍 문언동길 66-110,경기도 화성시 향남읍 구문천리 881번지,126.8920537,37.0861721,45000.0,2018-10-31,,,
화성시,상신농원,산란계,18623.0,경기도 화성시 향남읍 문언동길 66-110,경기도 화성시 향남읍 구문천리 881,37.0850687919,126.8924771077,43000.0,2021-04-30,닭,20201124.0,
화성시,상신현대농원,산란계,18623.0,경기도 화성시 향남읍 문언동길 66-110,경기도 화성시 향남읍 구문천리 881번지,37.0861721,126.8920537,42000.0,2019-06-30,닭,20181204.0,
화성시,상신현대농원,산란계,18623.0,경기도 화성시 향남읍 문언동길 66-110,경기도 화성시 향남읍 구문천리 881번지,126.8920537,37.0861721,42000.0,2018-10-31,,,
화성시,상신현대농원,산란계,18623.0,경기도 화성시 향남읍 문언동길 66-110,경기도 화성시 향남읍 구문천리 881,37.0850687919,126.8924771077,40000.0,2020-11-30,닭,20201124.0,
화성시,상신현대농원,산란계,18623.0,경기도 화성시 만세구 향남읍 문언동길 66-110,경기도 화성시 만세구 향남읍 구문천리 881,37.0850687919,126.8924771077,0.0,2026-02-26,닭,20260201.0,
화성시,상신현대농원,산란계,12601.0,경기도 여주시 금사면 외평2길 19,경기도 여주시 금사면 외평리 196번지,37.413088,127.5298706,42000.0,2019-01-31,닭,,
화성시,상진농장,육계,18278.0,경기도 화성시 남양읍 활초길109번길 46-35,경기도 화성시 남양읍 활초리 산187-1번지,37.1619403,126.8371043,25000.0,2020-05-31,닭,20181204.0,
화성시,상진농장,육계,18278.0,경기도 화성시 남양읍 활초길109번길 46-35,경기도 화성시 남양읍 활초리 산187-2,37.1611770677,126.8373800613,25000.0,2021-06-30,닭,20201124.0,
화성시,상진농장,육계,,,경기도 화성시 남양읍 활초리 산 187번지 2호,126.841715,37.1802919,25000.0,2018-08-31,,,
화성시,상진농장,육계,12649.0,경기도 여주시 가남읍 본두3길 27-1,경기도 여주시 가남읍 본두리 404-17번지,37.237617,127.581838,25000.0,2019-01-31,닭,,
화성시,서봉누리농원,육계,12612.0,,경기도 여주시 북내면 석우리 91,37.3885431,127.6899304,500.0,2019-01-31,닭,,
화성시,서봉누리농원,육계,18523.0,경기도 화성시 정남면 내향안길 97,경기도 화성시 정남면 계향리 218,37.1437666109,126.9916032489,500.0,2020-11-30,닭,20201124.0,
화성시,서봉누리농원,육계,18523.0,경기도 화성시 정남면 내향안길 97,경기도 화성시 정남면 계향리 218번지,37.1437555,126.9917052,500.0,2019-06-30,닭,20181204.0,
화성시,서신농장,산란계,18555.0,경기도 화성시 서신면 염전길 32,경기도 화성시 서신면 매화리 759번지 1호,126.6968203,37.1663825,120000.0,2018-08-31,,,
화성시,서신농장 2농장,산란계,18279.0,경기도 화성시 남양읍 온석길 129-14,경기도 화성시 남양읍 온석리 197번지 1호,126.8548835,37.1722448,130000.0,2018-09-30,,,
화성시,서신농장 3농장,산란계,18279.0,경기도 화성시 남양읍 현대기아로 188,경기도 화성시 남양읍 온석리 276번지,126.8477766,37.1677215,70000.0,2018-09-30,,,
화성시,서신농장 4농장,산란계,18279.0,경기도 화성시 남양읍 온석길 75,경기도 화성시 남양읍 온석리 230번지,126.8543025,37.1699734,216000.0,2018-10-31,,,
화성시,선경2축산,육계,18336.0,경기도 화성시 봉담읍 하가등길 26-19,경기도 화성시 봉담읍 하가등리 393번지 1호,126.9331521,37.1456367,45000.0,2018-04-30,,,
화성시,선경2축산,육계,18336.0,경기도 화성시 봉담읍 하가등길 26-19,경기도 화성시 봉담읍 하가등리 393-1번지,37.1456367,126.9331521,45000.0,2019-07-31,닭,20181204.0,
화성시,선경2축산,육계,18336.0,,"경기도 화성시 봉담읍 하가등리 393-7,6,392-2",37.1457270425,126.9333996819,45000.0,2021-07-31,닭,20201124.0,
화성시,선경2축산,육계,18336.0,경기도 화성시 봉담읍 하가등길 26-19,"경기도 화성시 봉담읍 하가등리 393-7,6,392-2",37.1455193971,126.9328913812,68360.0,2025-05-31,닭,20250131.0,
화성시,선경2축산,육계,18336.0,경기도 화성시 효행구 봉담읍 하가등길 26-19,경기도 화성시 효행구 봉담읍 하가등리 393-7,37.145676346,126.9336671732,45000.0,2026-02-26,닭,20260201.0,
화성시,선경2축산,육계,12604.0,경기도 여주시 금사면 금품2로 375,경기도 여주시 금사면 주록리 93-11번지,37.3786203,127.4617625,45000.0,2019-01-31,닭,,
화성시,선경축산,육계,18522.0,경기도 화성시 정남면 문학로68번나길 40,경기도 화성시 정남면 문학리 42-1,37.1493642266,126.9729965272,0.0,2025-05-31,닭,20250131.0,
화성시,선경축산,육계,18522.0,경기도 화성시 정남면 문학로68번나길 40,경기도 화성시 정남면 문학리 42-1번지,37.1490054,126.9730639,45000.0,2019-07-31,닭,20181204.0,
화성시,선경축산,육계,18522.0,경기도 화성시 정남면 문학로68번나길 40,경기도 화성시 정남면 문학리 42번지 1호,126.9730639,37.1490054,45000.0,2018-09-30,,,
화성시,선경축산,육계,18522.0,경기도 화성시 정남면 문학로68번나길 40,경기도 화성시 정남면 문학리 42-1,37.1493642266,126.9729965272,45000.0,2020-07-31,닭,20200527.0,
화성시,성민농장,육계,18633.0,,경기도 화성시 양감면 신왕리 985-4번지,37.0683426,126.9467612,45000.0,2019-05-31,닭,20181204.0,
화성시,성민농장,육계,18633.0,,경기도 화성시 양감면 신왕리 986번지,126.9463475,37.0651527,45000.0,2018-08-31,,,
화성시,성애농장,육계,18336.0,경기도 화성시 봉담읍 향봉로 149-36,경기도 화성시 봉담읍 하가등리 392-3번지,37.1456375,126.9344015,25000.0,2020-06-30,닭,20181204.0,
화성시,성애농장,육계,18336.0,경기도 화성시 봉담읍 향봉로 149-36,경기도 화성시 봉담읍 하가등리 392번지 3호,126.9344015,37.1456375,25000.0,2018-10-31,,,
화성시,성애농장,육계,18336.0,경기도 화성시 봉담읍 향봉로 149-36,경기도 화성시 봉담읍 하가등리 392-3,37.1457604811,126.9342971259,25000.0,2021-04-30,닭,20201124.0,
화성시,성우농장,육계,18279.0,경기도 화성시 남양읍 온석길 22,경기도 화성시 남양읍 온석리 494번지 2호,126.8500214,37.165634,61000.0,2018-10-31,,,
화성시,성웅농장,육계,18544.0,,"경기도 화성시 마도면 고모리 347,348,512-2,3",,,70000.0,2020-07-31,닭,20200527.0,
화성시,성웅농장,육계,18544.0,경기도 화성시 마도면 마도서길 20-11,경기도 화성시 마도면 고모리 512-3번지,37.1730178,126.7436683,70000.0,2018-12-31,닭,,
화성시,성웅농장,육계,18544.0,경기도 화성시 마도면 마도서길 20-11,경기도 화성시 마도면 고모리 512번지 3호,126.7436683,37.1730178,70000.0,2018-10-31,,,
화성시,성웅농장,육계,12641.0,경기도 여주시 능서면 구양2길 15,경기도 여주시 능서면 구양리 300-1번지,37.3170508,127.5836086,70000.0,2019-01-31,닭,,
화성시,성웅농장,육계,18544.0,경기도 화성시 마도면 마도서길 20-11,"경기도 화성시 마도면 고모리 347,348,512-2,3",37.1730026662,126.7438956429,54020.0,2025-07-31,닭,20250131.0,
화성시,성웅농장,육계,18544.0,,경기도 화성시 만세구 마도면 고모리 347,37.1727446717,126.7437667399,55130.0,2026-02-26,닭,20260201.0,
화성시,성일양계장,육계,18543.0,경기도 화성시 마도면 청원로116번길 37-19,경기도 화성시 마도면 청원리 576-5,37.1769973777,126.7714773308,0.0,2025-05-31,닭,20250131.0,
화성시,성일양계장,육계,18543.0,경기도 화성시 마도면 청원로116번길 37-19,경기도 화성시 마도면 청원리 576번지 5호,126.7711989,37.176634,50000.0,2018-03-14,,,
화성시,성일양계장,육계,18543.0,경기도 화성시 마도면 청원로116번길 37-19,경기도 화성시 마도면 청원리 576-5번지,37.176634,126.7711989,50000.0,2019-12-31,닭,20181204.0,
화성시,성일양계장,육계,18543.0,경기도 화성시 마도면 청원로116번길 37-19,경기도 화성시 마도면 청원리 576-5,37.1769973777,126.7714773308,50000.0,2021-11-30,닭,20201124.0,
화성시,성일양계장,육계,12662.0,경기도 여주시 가남읍 마구실길 45-10,경기도 여주시 가남읍 태평리 414-2번지,37.2021737,127.5370966,50000.0,2019-01-31,닭,,
화성시,성일양계장,육계,18543.0,경기도 화성시 만세구 마도면 청원로116번길 37-19,경기도 화성시 만세구 마도면 청원리 576-5,37.1769973777,126.7714773308,6000.0,2026-02-26,닭,20260201.0,
화성시,세종농장,산란계,18279.0,경기도 화성시 남양읍 온석길 129-14,경기도 화성시 남양읍 온석리 197-1번지,37.1722448,126.8548835,263530.0,2019-07-31,닭,20181204.0,
화성시,세종농장,산란계,18279.0,경기도 화성시 남양읍 온석길 129-14,경기도 화성시 남양읍 온석리 197-1,37.1724948309,126.8546507526,263530.0,2021-07-31,닭,20201124.0,
화성시,세종농장,산란계,18279.0,경기도 화성시 남양읍 온석길 129-14,경기도 화성시 남양읍 온석리 197-1,37.1724948309,126.8546507526,254020.0,2025-04-30,닭,20250131.0,
화성시,세종농장,산란계,18279.0,경기도 화성시 만세구 남양읍 온석길 129-14,경기도 화성시 만세구 남양읍 온석리 197-1,37.1724948309,126.8546507526,263000.0,2026-02-26,닭,20260201.0,
화성시,소망농원,산란계,18544.0,,경기도 화성시 마도면 백곡리 38번지,37.1913503,126.7339198,100.0,2020-06-30,닭,20181204.0,
화성시,소망농원,산란계,18544.0,,경기도 화성시 마도면 백곡리 38,37.1913503106,126.7339198717,100.0,2021-06-30,닭,20201124.0,
화성시,소망농원,산란계,18544.0,경기도 화성시 마도면 백곡리 38번지,경기도 화성시 마도면 백곡리 38,37.1914569325,126.7340022031,0.0,2025-05-31,닭,20250131.0,
화성시,소망농원,산란계,18544.0,,경기도 화성시 마도면 백곡리 38번지,126.7339198,37.1913503,1000.0,2018-08-31,,,
화성시,소원축산,종계,18562.0,경기도 화성시 만세구 우정읍 원안길 57-16,경기도 화성시 만세구 우정읍 원안리 426,37.10676736,126.7770687664,0.0,2026-02-26,닭,20260201.0,
화성시,소원축산,종계,18562.0,경기도 화성시 우정읍 원안길 57-16,경기도 화성시 우정읍 원안리 426,37.1066157442,126.7769248627,2000.0,2021-11-30,닭,20201124.0,
화성시,소원축산,종계,18562.0,경기도 화성시 우정읍 원안길 57-16,"경기도 화성시 우정읍 원안리 426, 호곡리 991",37.10676736,126.7770687664,0.0,2025-04-30,닭,20250131.0,
화성시,수범농장,육계,18274.0,경기도 화성시 남양읍 현대기아로487번길 47-8,경기도 화성시 남양읍 무송리 142번지 3호,126.8458,37.1979398,18000.0,2018-08-31,,,
화성시,수범농장,육계,18274.0,경기도 화성시 남양읍 현대기아로487번길 47-8,경기도 화성시 남양읍 무송리 142-3번지,37.1979398,126.8458,18000.0,2019-06-30,닭,20181204.0,
화성시,수범농장,육계,12647.0,경기도 여주시 마래리 산 18번지 1호,경기도 여주시 능서면 마래리 산 18번지 1호,37.2714134,127.5651738,18000.0,2019-01-31,닭,,
화성시,수범농장,육계,18274.0,경기도 화성시 남양읍 현대기아로487번길 47-8,경기도 화성시 남양읍 무송리 142-3,37.1980820867,126.84580165,18000.0,2020-07-31,닭,20200527.0,
화성시,수현농장,육계,18583.0,경기도 화성시 장안면 장안로 480-75,경기도 화성시 장안면 독정리 37번지 1호,126.868778,37.0702354,40000.0,2018-09-30,,,
화성시,수현농장,육계,18583.0,경기도 화성시 장안면 장안로 480-75,"경기도 화성시 장안면 독정리 37-1, 산63",37.0705305437,126.8686210602,0.0,2025-05-31,닭,20250131.0,
화성시,수현농장,육계,18583.0,경기도 화성시 장안면 장안로 480-75,경기도 화성시 장안면 독정리 37-1번지,37.0702354,126.868778,40000.0,2020-06-30,닭,20181204.0,
화성시,수현농장,육계,18583.0,경기도 화성시 만세구 장안면 장안로 480-75,경기도 화성시 만세구 장안면 독정리 37-1,37.0705305437,126.8686210602,35000.0,2026-02-26,닭,20260201.0,
화성시,수현농장,육계,,,"경기도 화성시 장안면 독정리 37-1, 산63",,,40000.0,2020-11-30,닭,20201124.0,
화성시,수현농장,육계,12604.0,경기도 여주시 금사면 금품2로 447,경기도 여주시 금사면 주록리 산44-1번지,37.3765069,127.4699575,40000.0,2019-01-31,닭,,
화성시,숙이네농장,오리,18549.0,경기도 화성시 송산면 삼존로124번길 4-21,경기도 화성시 송산면 삼존리 649-485,37.2182546143,126.7657157367,50.0,2021-11-30,오리,20201124.0,
화성시,순정농장,산란계,,,경기도 화성시 향남읍 도이리 377번지,37.1357245,126.9319007,14500.0,2019-05-31,닭,20181204.0,
화성시,순정농장,산란계,,,경기도 화성시 향남읍 도이리 377번지,126.9319007,37.1357245,14500.0,2018-10-31,,,
화성시,순정농장,산란계,12656.0,경기도 여주시 가남읍 양귀2길 14-19,경기도 여주시 가남읍 양귀리 479번지,37.2079223,127.5903639,14500.0,2019-01-31,닭,,
화성시,순정농장,산란계,18588.0,,경기도 화성시 향남읍 도이리 377,37.1357245202,126.9319007462,14500.0,2020-07-31,닭,20200527.0,
화성시,스마일농장,육계,18583.0,경기도 화성시 장안면 남양호로 426-31,경기도 화성시 장안면 독정리 1618,37.0607809335,126.8778575336,160000.0,2020-07-31,닭,20200527.0,
화성시,스마일농장,육계,18583.0,경기도 화성시 장안면 남양호로 426-31,경기도 화성시 장안면 독정리 1618,37.0607393429,126.8785214904,159000.0,2026-01-31,닭,20250131.0,
화성시,스마일농장,육계,18583.0,경기도 화성시 만세구 장안면 남양호로 426-31,경기도 화성시 만세구 장안면 독정리 1618,37.0607393429,126.8785214904,184000.0,2026-02-26,닭,20260201.0,
화성시,신리농장,육계,18465.0,,"경기도 화성시 신동 89-4, 81-3",37.1860840495,127.144161571,250.0,2020-07-31,닭,20200527.0,
화성시,신봉농장,육계,18520.0,경기도 화성시 정남면 관항길 357,경기도 화성시 정남면 관항리 494-2,37.1848053957,126.9506912193,0.0,2025-05-31,닭,20250131.0,
화성시,신봉농장,육계,18520.0,경기도 화성시 정남면 관항길 357,경기도 화성시 정남면 관항리 494-2번지,37.1844718,126.9507858,35000.0,2019-02-28,닭,20181204.0,
화성시,신봉농장,육계,18520.0,경기도 화성시 정남면 관항길 357,경기도 화성시 정남면 관항리 494-2,37.1848053957,126.9506912193,35000.0,2021-04-30,닭,20201124.0,
화성시,신봉농장,육계,18520.0,경기도 화성시 정남면 관항길 357,경기도 화성시 정남면 관항리 494번지 2호,126.9507858,37.1844718,35000.0,2018-10-31,,,
화성시,신봉농장,육계,18520.0,경기도 화성시 효행구 정남면 관항길 357,경기도 화성시 효행구 정남면 관항리 494-2,37.1848053957,126.9506912193,35000.0,2026-02-26,닭,20260201.0,
화성시,신봉농장,육계,12610.0,경기도 여주시 대신면 초현길 60,경기도 여주시 대신면 초현리 361번지,37.3681809,127.5966911,35000.0,2019-01-31,닭,,
화성시,신성농장,육계,18562.0,,경기도 화성시 우정읍 운평리 산 71번지 1호,126.770348,37.0904201,55000.0,2018-08-31,,,
화성시,신성농장,육계,18562.0,,경기도 화성시 만세구 우정읍 운평리 산 71-1,,,44400.0,2026-02-26,닭,20260201.0,
화성시,신성농장,육계,18562.0,경기도 화성시 우정읍 버들로 386-9,경기도 화성시 우정읍 운평리 산71-1번지,37.0889731,126.7817011,55000.0,2020-06-30,닭,20181204.0,
화성시,신성농장,육계,18562.0,경기도 화성시 우정읍 버들로 386-9,경기도 화성시 우정읍 운평리 산71-1,37.089155914,126.7818606086,55000.0,2021-07-31,닭,20201124.0,
화성시,신성농장,육계,18562.0,경기도 화성시 우정읍 버들로 386-9,경기도 화성시 우정읍 운평리 산 71-1,37.089155914,126.7818606086,0.0,2025-05-31,닭,20250131.0,
화성시,아침농원,산란계,,,경기도 화성시 안녕동 133번지 5호,37.1972149,127.0078379,200.0,2019-05-31,닭,20181204.0,
화성시,아침농원,산란계,18366.0,,경기도 화성시 안녕동 133-5,37.1972149181,127.0078379133,200.0,2021-11-30,꿩,20201124.0,
화성시,아침농원,산란계,18366.0,,경기도 화성시 안녕동 133-5,37.1973120594,127.0078875494,0.0,2025-04-30,닭,20250131.0,
화성시,아침농원,산란계,18366.0,,경기도 화성시 병점구 안녕동 133-5,37.1973120594,127.0078875494,200.0,2026-02-26,닭,20260201.0,
화성시,아침농원,산란계,12616.0,경기도 여주시 강천면 강천로 643,경기도 여주시 강천면 가야리 280-3번지,37.2589188,127.6940719,200.0,2019-01-31,닭,,
화성시,안골농장,육계,18283.0,경기도 화성시 비봉면 삼화길 28-43,경기도 화성시 비봉면 삼화리 575번지,37.2408218,126.861489,500.0,2020-01-31,닭,20181204.0,
화성시,안골농장,육계,18283.0,경기도 화성시 비봉면 삼화길 28-43,경기도 화성시 비봉면 삼화리 575,37.2411728116,126.86141663,500.0,2021-04-30,닭,20201124.0,
화성시,안골농장,육계,12602.0,경기도 여주시 금사면 소유실길 142,경기도 여주시 금사면 소유리 110-1번지,37.4174475,127.4967918,500.0,2019-01-31,닭,,
화성시,안석농장,육계,18278.0,,경기도 화성시 남양읍 안석리 766번지,37.1737413,126.8229135,15000.0,2018-12-31,닭,,
화성시,안석농장,육계,18278.0,,경기도 화성시 남양읍 안석리 766번지,126.8229135,37.1737413,15000.0,2018-08-31,,,
화성시,안석농장,육계,12601.0,경기도 여주시 금사면 전북2길 2-25,경기도 여주시 금사면 전북리 394번지,37.4348366,127.5053689,15000.0,2019-01-31,닭,,
화성시,애란농장,종계,18537.0,경기도 화성시 마도면 금해로45번길 34,경기도 화성시 마도면 해문리 482,37.1945366651,126.7396246527,4300.0,2020-07-31,닭,20200527.0,
화성시,애란농장,종계,18537.0,경기도 화성시 마도면 금해로45번길 34,경기도 화성시 마도면 해문리 482번지,37.1944896,126.7395853,36300.0,2019-07-31,닭,20181204.0,
화성시,애란농장,종계,12617.0,경기도 여주시 강천면 탑전길 28-4,경기도 여주시 강천면 도전리 954번지,37.3202971,127.7572351,36300.0,2019-01-31,닭,,
화성시,야곱농장,종계,18627.0,경기도 화성시 양감면 사릅재길 149,경기도 화성시 양감면 사창리 338,37.0895955333,126.9759536331,0.0,2026-01-31,닭,20250131.0,
화성시,야곱농장,종계,18627.0,경기도 화성시 양감면 사릅재길 149,경기도 화성시 양감면 사창리 338,37.0895955333,126.9759536331,3700.0,2020-07-31,닭,20200527.0,
화성시,야곱농장,육계,,,경기도 화성시 양감면 사창리 359번지,37.0898424,126.9732896,44500.0,2019-06-30,닭,20181204.0,
화성시,야곱농장,종계,18627.0,경기도 화성시 양감면 사릅재길 149,경기도 화성시 양감면 사창리 338번지,37.0894556,126.9759329,26700.0,2020-05-31,닭,20181204.0,
화성시,야곱농장,육계,,,경기도 화성시 양감면 사창리 359,37.0898424629,126.9732896314,44500.0,2021-06-30,닭,20201124.0,
화성시,야곱농장,육계,,,경기도 화성시 양감면 사창리 359번지,126.9732896,37.0898424,44500.0,2018-09-30,,,
화성시,야곱농장,종계,12604.0,경기도 여주시 금사면 장흥로 94,경기도 여주시 금사면 주록리 8번지,37.3787641,127.477841,26700.0,2019-01-31,닭,,
화성시,야곱농장,종계,18627.0,경기도 화성시 만세구 양감면 사릅재길 149,경기도 화성시 만세구 양감면 사창리 338,37.0895955333,126.9759536331,0.0,2026-02-26,닭,20260201.0,
화성시,야곱농장,육계,12604.0,경기도 여주시 금사면 안산길 185,경기도 여주시 금사면 주록리 179번지,37.3637027,127.4609831,44500.0,2019-01-31,닭,,
화성시,야마기시즘실현지영농조합법인,산란계,18623.0,경기도 화성시 향남읍 구문천1길 59,경기도 화성시 향남읍 구문천리 604-96번지,37.0716198,126.8918837,50000.0,2020-04-30,닭,20181204.0,
화성시,야마기시즘실현지영농조합법인,산란계,18623.0,,경기도 화성시 향남읍 구문천리 산141-1,,,50000.0,2021-09-30,닭,20201124.0,
화성시,야마기시즘실현지영농조합법인,산란계,18623.0,경기도 화성시 향남읍 구문천1길 59,경기도 화성시 향남읍 구문천리 604번지 96호,126.8918837,37.0716198,50000.0,2018-10-31,,,
화성시,야마기시즘실현지영농조합법인,산란계,18623.0,경기도 화성시 향남읍 구문천1길 59,경기도 화성시 향남읍 구문천리 산 141-1,37.0714653505,126.8922706576,35640.0,2025-05-31,닭,20250131.0,
화성시,야마기시즘실현지영농조합법인,산란계,12660.0,경기도 여주시 가남읍 김대2길 24,경기도 여주시 가남읍 금당리 653번지,37.1979833,127.6066414,50000.0,2019-01-31,닭,,
화성시,야마기시즘실현지영농조합법인,산란계,18623.0,,경기도 화성시 만세구 향남읍 구문천리 산 141-1,,,0.0,2026-02-26,닭,20260201.0,
화성시,양감(재래토종닭)농장,산란계,18630.0,경기도 화성시 양감면 용소금각로 159-10,경기도 화성시 양감면 용소리 625번지,37.0810417,126.986766,350.0,2020-06-30,닭,20181204.0,
화성시,양감(재래토종닭)농장,산란계,12617.0,경기도 여주시 강천면 황골길 47,경기도 여주시 강천면 도전리 36번지,37.3636805,127.728354,350.0,2019-01-31,닭,,
화성시,양감(재래토종닭)농장,산란계,18630.0,경기도 화성시 양감면 용소금각로 159-10,경기도 화성시 양감면 용소리 625,37.0811154912,126.9867902881,350.0,2021-07-31,닭,20201124.0,
화성시,양감농장,종계,18626.0,경기도 화성시 만세구 양감면 동지골길 64-7,경기도 화성시 만세구 양감면 사창리 782-1,37.0966780769,126.9632788713,0.0,2026-02-26,닭,20260201.0,
화성시,양감농장,종계,18626.0,경기도 화성시 양감면 동지골길 64-7,"경기도 화성시 양감면 사창리 782-1, -2",37.0966780769,126.9632788713,0.0,2025-05-31,닭,20250131.0,
화성시,양지농장,산란계,18630.0,경기도 화성시 양감면 용소금각로36번길 154-87,경기도 화성시 양감면 용소리 111번지 1호,37.0706801,126.9922669,45000.0,2019-12-31,닭,20181204.0,
화성시,양지농장,산란계,18514.0,경기도 화성시 정남면 안념길112번길 76,경기도 화성시 정남면 음양리 177번지,37.152503,127.0257333,30.0,2019-05-31,닭,20181204.0,
화성시,양지농장,산란계,18630.0,경기도 화성시 양감면 용소금각로36번길 154-87,경기도 화성시 양감면 용소리 111번지 1호,126.9922669,37.0706801,45000.0,2018-09-30,,,
화성시,양지농장,산란계,18514.0,경기도 화성시 정남면 안념길112번길 76,경기도 화성시 정남면 음양리 177번지,127.0257333,37.152503,30.0,2018-08-31,,,
화성시,양지농장,산란계,12611.0,경기도 여주시 대신면 장풍길 120,경기도 여주시 대신면 장풍리 594-4번지,37.3725708,127.6122487,30.0,2019-01-31,닭,,
화성시,양지농장,산란계,18630.0,경기도 화성시 양감면 용소금각로36번길 154-87,경기도 화성시 양감면 용소리 111-1,37.0708266225,126.9922255413,45000.0,2020-07-31,닭,20200527.0,
화성시,양지뜰 향남농장,산란계,18582.0,경기도 화성시 향남읍 상신로 104,경기도 화성시 향남읍 상신리 1050번지,37.086342,126.8815825,111000.0,2019-12-31,닭,20181204.0,
화성시,양지뜰 향남농장,산란계,,,"경기도 화성시 향남읍 상신리 1050,1051,1052,1053",,,111000.0,2020-11-30,닭,20201124.0,
화성시,양지뜰 향남농장,산란계,18582.0,경기도 화성시 향남읍 상신로 104,"경기도 화성시 향남읍 상신리 1050,1051,1052,1053",37.086041626,126.8801489614,0.0,2025-04-30,닭,20250131.0,
화성시,양지뜰 향남농장,산란계,18582.0,경기도 화성시 만세구 향남읍 상신로 104,경기도 화성시 만세구 향남읍 상신리 1050,37.0864779309,126.8808430047,0.0,2026-02-26,닭,20260201.0,
화성시,양지뜰 향남농장,산란계,12612.0,경기도 여주시 북내면 석우길 104-5,경기도 여주시 북내면 석우리 90-1번지,37.3889292,127.6901597,111000.0,2019-01-31,닭,,
화성시,여흥농장,육계,18577.0,경기도 화성시 팔탄면 버들로 1423,"경기도 화성시 팔탄면 덕우리 250-1,-2,250",37.1247267813,126.8624975424,48000.0,2021-07-31,닭,20201124.0,
화성시,여흥농장,육계,18577.0,경기도 화성시 팔탄면 버들로 1423,경기도 화성시 팔탄면 덕우리 250번지,37.1243366,126.8626849,48000.0,2018-12-31,닭,,
화성시,여흥농장,육계,18577.0,경기도 화성시 팔탄면 버들로 1423,경기도 화성시 팔탄면 덕우리 250번지 1호,126.862415,37.1242822,48000.0,2018-10-31,,,
화성시,여흥농장,육계,18577.0,경기도 화성시 만세구 팔탄면 버들로 1423,경기도 화성시 만세구 팔탄면 덕우리 250-1,37.1247267813,126.8624975424,36000.0,2026-02-26,닭,20260201.0,
화성시,여흥농장,육계,18577.0,경기도 화성시 팔탄면 버들로 1423,"경기도 화성시 팔탄면 덕우리 250-1,-2,250",37.1247267813,126.8624975424,0.0,2025-08-31,닭,20250131.0,
화성시,여흥농장,육계,12663.0,경기도 여주시 가남읍 다업동길 22,경기도 여주시 가남읍 대신리 194-1번지,37.1766217,127.5307911,48000.0,2019-01-31,닭,,
화성시,연수농장,육계,18574.0,경기도 화성시 장안면 무봉길 151-20,경기도 화성시 장안면 석포리 산122,37.1365627271,126.831492443,52000.0,2021-06-30,닭,20201124.0,
화성시,연수농장,육계,18574.0,,경기도 화성시 장안면 석포리 산 122,,,0.0,2026-01-31,닭,20250131.0,
화성시,연수농장,육계,18574.0,경기도 화성시 장안면 무봉길 151-20,경기도 화성시 장안면 석포리 산122번지,37.1360535,126.8309372,52000.0,2018-12-31,닭,,
화성시,연수농장,육계,18574.0,,경기도 화성시 만세구 장안면 석포리 산 122,,,43500.0,2026-02-26,닭,20260201.0,
화성시,연수농장,육계,12657.0,경기도 여주시 가남읍 안금3길 69-17,경기도 여주시 가남읍 안금리 77-1번지,37.2295557,127.6118059,52000.0,2019-01-31,닭,,
화성시,연지농장,육계,18578.0,경기도 화성시 팔탄면 3.1만세로 641-20,경기도 화성시 팔탄면 해창리 산35-1번지,37.1101426,126.8683026,45000.0,2019-02-28,닭,20181204.0,
화성시,연지농장,육계,18578.0,경기도 화성시 팔탄면 3.1만세로 641-20,경기도 화성시 팔탄면 해창리 산35-1,37.1105353925,126.8686380013,0.0,2025-07-31,닭,20250131.0,
화성시,연지농장,육계,18578.0,,경기도 화성시 팔탄면 해창리 산35-1,37.1097507799,126.86856573,45000.0,2021-09-30,닭,20201124.0,
화성시,연지농장,육계,,,경기도 화성시 팔탄면 해창리 산 35번지 1호,126.8821081,37.1094907,45000.0,2018-03-14,,,
화성시,연지농장,육계,18578.0,,경기도 화성시 팔탄면 해창리 산35-1,37.1091468011,126.8685594896,45000.0,2020-07-31,닭,20200527.0,
화성시,연지농장,육계,12604.0,경기도 여주시 금사면 금품2로 483,경기도 여주시 금사면 주록리 44-1번지,37.3761799,127.4729022,45000.0,2019-01-31,닭,,
화성시,연지농장,육계,18578.0,경기도 화성시 만세구 팔탄면 3.1만세로 641-20,경기도 화성시 만세구 팔탄면 해창리 산35-1,37.1105353925,126.8686380013,30000.0,2026-02-26,닭,20260201.0,
화성시,영남농장,육계,18583.0,경기도 화성시 장안면 한천3길 38,경기도 화성시 장안면 독정리 864번지,37.0677619,126.843224,50000.0,2018-12-31,닭,,
화성시,영남농장,육계,18583.0,경기도 화성시 장안면 한천3길 38,경기도 화성시 장안면 독정리 864번지,126.843224,37.0677619,50000.0,2018-10-31,,,
화성시,영남농장,육계,12663.0,경기도 여주시 가남읍 설가로 832,경기도 여주시 가남읍 태평리 496-4번지,37.1981741,127.5368769,50000.0,2019-01-31,닭,,
화성시,영남농장,육계,18583.0,경기도 화성시 장안면 한천3길 38,경기도 화성시 장안면 독정리 864,37.0684443473,126.8430021746,74100.0,2025-05-31,닭,20250131.0,
화성시,영남농장,육계,18583.0,경기도 화성시 장안면 한천3길 38,경기도 화성시 장안면 독정리 864,37.0684443473,126.8430021746,50000.0,2020-07-31,닭,20200527.0,
화성시,영남농장,육계,18583.0,경기도 화성시 만세구 장안면 한천3길 38,경기도 화성시 만세구 장안면 독정리 864,37.0681119605,126.8432075204,71300.0,2026-02-26,닭,20260201.0,
화성시,영완농장,육계,18533.0,경기도 화성시 팔탄면 약수터길 158-25,경기도 화성시 팔탄면 가재리 601번지,126.9163539,37.1496083,40000.0,2018-08-31,,,
화성시,영완농장,육계,18533.0,경기도 화성시 팔탄면 약수터길 158-25,경기도 화성시 팔탄면 가재리 601번지,37.1496083,126.9163539,40000.0,2019-02-28,닭,20181204.0,
화성시,영완농장,육계,18533.0,,"경기도 화성시 팔탄면 가재리 601, 602",37.1497471119,126.9162048758,7000.0,2021-11-30,닭,20201124.0,
화성시,영완농장,육계,18533.0,,"경기도 화성시 팔탄면 가재리 601, 602",37.1497471119,126.9162048758,0.0,2026-01-31,닭,20250131.0,
화성시,영완농장,육계,12604.0,경기도 여주시 금사면 뒷머리길 4,경기도 여주시 금사면 이포리 206-2번지,37.393707,127.5320047,40000.0,2019-01-31,닭,,
화성시,영완농장,육계,18533.0,경기도 화성시 만세구 팔탄면 약수터길 158-25,경기도 화성시 만세구 팔탄면 가재리 601,37.1497471119,126.9162048758,7000.0,2026-02-26,닭,20260201.0,
화성시,영호농장,산란계,18629.0,,경기도 화성시 양감면 송산리 1003번지 5호,126.9897878,37.1011987,10000.0,2018-03-14,,,
화성시,영호농장,산란계,18629.0,,경기도 화성시 양감면 송산리 1003번지 5호,37.1011987,126.9897878,10000.0,2019-06-30,닭,20181204.0,
화성시,영호농장,산란계,12640.0,,경기도 여주시 능서면 양거리541-3,37.2588045,127.534757,10000.0,2019-01-31,닭,,
화성시,예루양계장,육계,18269.0,경기도 화성시 남양읍 남양로 415-23,경기도 화성시 남양읍 신남리 1532,37.177934921,126.8137685831,27000.0,2021-07-31,닭,20201124.0,
화성시,예루양계장,육계,18269.0,경기도 화성시 남양읍 남양로 415-23,경기도 화성시 남양읍 신남리 1532번지,37.1775472,126.8135807,27000.0,2019-07-31,닭,20181204.0,
화성시,예루양계장,육계,18269.0,경기도 화성시 남양읍 남양로 415-23,경기도 화성시 남양읍 신남리 1532번지,126.8135807,37.1775472,27000.0,2018-08-31,,,
화성시,예루양계장,육계,12602.0,경기도 여주시 금사면 장흥로 476,경기도 여주시 금사면 하호리 341-2번지,37.3957621,127.5007036,27000.0,2019-01-31,닭,,
화성시,예산농장,산란계,18536.0,경기도 화성시 팔탄면 녹막말길 66-11,경기도 화성시 팔탄면 율암리 313번지 1호,37.1690014,126.8704051,30000.0,2019-05-31,닭,20181204.0,
화성시,예산농장,산란계,18536.0,경기도 화성시 팔탄면 녹막말길 66-11,경기도 화성시 팔탄면 율암리 313-1,37.1694016836,126.8711672977,0.0,2025-08-31,닭,20250131.0,
화성시,예산농장,산란계,18536.0,경기도 화성시 팔탄면 녹막말길 66-11,경기도 화성시 팔탄면 율암리 313번지 1호,126.8704051,37.1690014,30000.0,2018-08-31,,,
화성시,예산농장,산란계,18536.0,경기도 화성시 팔탄면 녹막말길 66-11,경기도 화성시 팔탄면 율암리 313-1,37.1694016836,126.8711672977,30000.0,2020-11-30,닭,20201124.0,
화성시,예산농장,산란계,18536.0,경기도 화성시 만세구 팔탄면 녹막말길 66-11,경기도 화성시 만세구 팔탄면 율암리 313-1,37.1694016836,126.8711672977,0.0,2026-02-26,닭,20260201.0,
화성시,예찬농장,산란계,18286.0,경기도 화성시 매송면 매송로330번길 38,경기도 화성시 매송면 야목리 677번지,37.2630682,126.8862373,2500.0,2020-01-31,닭,20181204.0,
화성시,예찬농장,산란계,18286.0,경기도 화성시 매송면 매송로330번길 38,경기도 화성시 매송면 야목리 677번지,126.8862373,37.2630682,2500.0,2018-03-14,,,
화성시,예찬농장,산란계,18286.0,경기도 화성시 매송면 매송로330번길 38,경기도 화성시 매송면 야목리 677,37.2631613026,126.8859519154,0.0,2026-01-31,닭,20250131.0,
화성시,예찬농장,산란계,12647.0,경기도 여주시 능서면 매류1길 45,경기도 여주시 능서면 매류리 352-1번지,37.2780556,127.5590894,2500.0,2019-01-31,닭,,
화성시,예찬농장,산란계,18286.0,경기도 화성시 효행구 매송면 매송로330번길 38,경기도 화성시 효행구 매송면 야목리 677,37.2631613026,126.8859519154,200.0,2026-02-26,닭,20260201.0,
화성시,오늘농장,산란계,18629.0,경기도 화성시 양감면 송말길 58-71,"경기도 화성시 양감면 송산리 1003-5, -6, -7",37.1016459523,126.9900729949,11000.0,2025-04-30,닭,20250131.0,
화성시,오늘농장,산란계,18629.0,,경기도 화성시 만세구 양감면 송산리 1003-5,,,90000.0,2026-02-26,닭,20260201.0,
화성시,온석2농장,산란계,18279.0,경기도 화성시 남양읍 현대기아로 188,경기도 화성시 남양읍 온석리 276번지,37.1677215,126.8477766,70000.0,2019-06-30,닭,20181204.0,
화성시,온석2농장,산란계,18279.0,경기도 화성시 남양읍 현대기아로 188,경기도 화성시 남양읍 온석리 276,37.1678416357,126.8477068992,70000.0,2025-05-31,닭,20250131.0,
화성시,온석2농장,산란계,18279.0,경기도 화성시 만세구 남양읍 현대기아로 188,경기도 화성시 만세구 남양읍 온석리 276,37.1678416357,126.8477068992,65000.0,2026-02-26,닭,20260201.0,
화성시,온석2농장,산란계,12604.0,경기도 여주시 금사면 노루목길 84,경기도 여주시 금사면 주록리 86-2번지,37.384985,127.4631562,70000.0,2019-01-31,닭,,
화성시,온석농장,산란계,,,"경기도 화성시 남양읍 온석리 230,228-3,228-4,229",,,216000.0,2021-06-30,닭,20201124.0,
화성시,온석농장,산란계,18279.0,경기도 화성시 남양읍 온석길 75,경기도 화성시 남양읍 온석리 230번지,37.1699734,126.8543025,216000.0,2020-04-30,닭,20181204.0,
화성시,온석농장,산란계,18279.0,경기도 화성시 남양읍 온석길 75,"경기도 화성시 남양읍 온석리 230,228-3,228-4,229",37.1700935322,126.8539953388,278540.0,2025-05-31,닭,20250131.0,
화성시,온석농장,산란계,18279.0,경기도 화성시 만세구 남양읍 온석길 75,경기도 화성시 만세구 남양읍 온석리 230,37.1707704115,126.8541472729,216000.0,2026-02-26,닭,20260201.0,
화성시,온석농장,산란계,12616.0,경기도 여주시 강천면 마감로 344,경기도 여주시 강천면 걸은리 259-3번지,37.301527,127.7199066,216000.0,2019-01-31,닭,,
화성시,우림농원,산란계,18515.0,,경기도 화성시 정남면 제기리 31-2,37.1420096529,127.0077481424,0.0,2026-01-31,닭,20250131.0,
화성시,우림농원,산란계,18515.0,,경기도 화성시 효행구 정남면 제기리 31-2,37.1420096529,127.0077481424,800.0,2026-02-26,닭,20260201.0,
화성시,우성농장,육계,18278.0,,경기도 화성시 남양읍 안석리 산118-1,37.16387675,126.8317587893,700.0,2020-07-31,닭,20200527.0,
화성시,우음도축산,산란계,18235.0,,경기도 화성시 송산면 고정리 1263번지,37.2835089,126.7384523,100.0,2019-01-31,닭,,
화성시,우음도축산,산란계,18235.0,,경기도 화성시 송산면 고정리 1263,37.2835089421,126.7384523416,100.0,2021-11-30,닭,20201124.0,
화성시,우음도축산,산란계,18235.0,,경기도 화성시 송산면 고정리 1263번지,126.7384523,37.2835089,100.0,2018-10-31,,,
화성시,운평농장,산란계,18562.0,,경기도 화성시 우정읍 운평리 835번지,37.0878696,126.7700859,75.0,2018-12-31,닭,,
화성시,운평농장,산란계,18562.0,,경기도 화성시 우정읍 운평리 835번지,126.7700859,37.0878696,75.0,2018-09-30,,,
화성시,유농장,산란계,18278.0,경기도 화성시 남양읍 활초길109번길 46-35,경기도 화성시 남양읍 활초리 산187-1번지,37.1619403,126.8371043,20000.0,2019-06-30,닭,20181204.0,
화성시,유농장,육계,18278.0,경기도 화성시 남양읍 활초길109번길 46-35(활초리 산187-1),경기도 화성시 남양읍 활초리 산 187-1,37.1611770677,126.8373800613,0.0,2025-05-31,닭,20250131.0,
화성시,유농장,육계,,,경기도 화성시 남양읍 활초리 산 187번지 1호,126.841715,37.1802919,40000.0,2018-04-30,,,
화성시,유농장,육계,18278.0,경기도 화성시 남양읍 활초길109번길 46-35,경기도 화성시 남양읍 활초리 산187-1,37.1611770677,126.8373800613,40000.0,2021-04-30,닭,20201124.0,
화성시,유농장,산란계,12660.0,경기도 여주시 가남읍 연대2길 60,경기도 여주시 가남읍 연대리 산17번지,37.1930941,127.6095082,20000.0,2019-01-31,닭,,
화성시,유농장,육계,18278.0,경기도 화성시 만세구 남양읍 활초길109번길 46-35,경기도 화성시 만세구 남양읍 활초리 산 187-1,37.1611770677,126.8373800613,20000.0,2026-02-26,닭,20260201.0,
화성시,유림농장,종계,12616.0,경기도 여주시 강천면 마감로 170,경기도 여주시 강천면 걸은리 678-2번지,37.291638,127.7057161,15500.0,2019-01-31,닭,,
화성시,유림농장,종계,18626.0,,경기도 화성시 양감면 사창리 113번지 1호,37.1034199,126.9680982,15500.0,2019-02-28,닭,20181204.0,
화성시,유림농장,종계,18626.0,,경기도 화성시 양감면 사창리 113-1,37.1034199527,126.9680982937,2200.0,2021-07-31,닭,20201124.0,
화성시,유림농장,종계,18626.0,,경기도 화성시 만세구 양감면 사창리 113-1,37.1035021974,126.9681785852,0.0,2026-02-26,닭,20260201.0,
화성시,유림농장,종계,18626.0,,"경기도 화성시 양감면 사창리 113번지 1호 ,-2, -3",37.1035030427,126.9681806942,0.0,2026-01-31,닭,20250131.0,
화성시,유림팜,산란계,18578.0,경기도 화성시 팔탄면 버들로 1294-61,경기도 화성시 팔탄면 서근리 201번지 1호,126.8489133,37.1235266,2500.0,2018-08-31,,,
화성시,육계농장,육계,18336.0,경기도 화성시 봉담읍 향봉로 149-36,경기도 화성시 봉담읍 하가등리 392-3번지,37.1456375,126.9344015,30000.0,2020-05-31,닭,20181204.0,
화성시,육계농장,육계,18336.0,경기도 화성시 봉담읍 향봉로 149-36,경기도 화성시 봉담읍 하가등리 392-3,37.1457604811,126.9342971259,30000.0,2020-11-30,닭,20201124.0,
화성시,육계농장,육계,18336.0,경기도 화성시 봉담읍 향봉로 149-36,경기도 화성시 봉담읍 하가등리 392번지 3호,126.9344015,37.1456375,30000.0,2018-09-30,,,
화성시,육계농장,육계,12602.0,경기도 여주시 금사면 장흥로 476,경기도 여주시 금사면 하호리 341-2번지,37.3957621,127.5007036,30000.0,2019-01-31,닭,,
화성시,윤호농장,종계,18278.0,경기도 화성시 남양읍 활초길109번길 46-20,경기도 화성시 남양읍 활초리 685,37.1639632706,126.8375359471,2700.0,2021-11-30,닭,20201124.0,
화성시,윤호농장,종계,12615.0,경기도 여주시 강천면 가정긴골길 317,경기도 여주시 강천면 걸은리 68-2번지,37.3105792,127.7114083,20700.0,2019-01-31,닭,,
화성시,윤호농장,종계,18278.0,경기도 화성시 남양읍 활초길109번길 46-20,경기도 화성시 남양읍 활초리 685,37.1639289788,126.8378516103,23000.0,2025-08-31,닭,20250131.0,
화성시,윤호농장,종계,18278.0,경기도 화성시 남양읍 활초길109번길 46-20,경기도 화성시 남양읍 활초리 685번지,37.1637791,126.8375281,20700.0,2020-05-31,닭,20181204.0,
화성시,윤호농장,종계,18278.0,경기도 화성시 만세구 남양읍 활초길109번길 46-20,경기도 화성시 만세구 남양읍 활초리 685,37.1639289788,126.8378516103,23000.0,2026-02-26,닭,20260201.0,
화성시,은혜양계장,육계,18269.0,경기도 화성시 남양읍 신남로 417-3,경기도 화성시 남양읍 신남리 1539번지,37.1764392,126.8137749,50000.0,2019-02-28,닭,20181204.0,
화성시,은혜양계장,육계,18269.0,경기도 화성시 남양읍 신남로 417-3,경기도 화성시 남양읍 신남리 1539,37.1766813905,126.8136672728,50000.0,2020-07-31,닭,20200527.0,
화성시,은혜양계장,육계,12641.0,경기도 여주시 매류리 178번지 1호,경기도 여주시 능서면 매류리 178번지 1호,37.2815797,127.5683616,50000.0,2019-01-31,닭,,
화성시,은혜양계장,육계,18269.0,경기도 화성시 남양읍 신남로 417-3,경기도 화성시 남양읍 신남리 1539번지,126.8137749,37.1764392,50000.0,2018-03-14,,,
화성시,이재진목장,산란계,18520.0,,경기도 화성시 정남면 관항리 407번지 2호,37.1840786,126.9589057,180.0,2018-12-31,닭,,
화성시,이재진목장,산란계,12616.0,경기도 여주시 강천면 걸촌동길 38-1,경기도 여주시 강천면 이호리 53-2번지,37.2885543,127.6984702,180.0,2019-01-31,닭,,
화성시,임마누엘농장,육계,,,경기도 화성시 장안면 수촌리 산 82번지 3호,126.8699272,37.1011519,30000.0,2018-10-31,,,
화성시,임마누엘농장,육계,18581.0,경기도 화성시 장안면 용당골길 54,경기도 화성시 장안면 수촌리 산82-3,37.0853379991,126.8580232341,30000.0,2021-07-31,닭,20201124.0,
화성시,임마누엘농장,육계,18581.0,경기도 화성시 장안면 용당골길 54,경기도 화성시 장안면 수촌리 산82-3번지,37.0852251,126.8578533,30000.0,2020-01-31,닭,20181204.0,
화성시,임마누엘농장,육계,12640.0,경기도 여주시 매화리 산 23번지 13호,경기도 여주시 능서면 매화리 산 23번지 13호,37.273473,127.5347813,30000.0,2019-01-31,닭,,
화성시,자유농장,산란계,,,경기도 화성시 장안면 독정리 산 282번지,126.8570957,37.0638601,4000.0,2018-03-14,,,
화성시,자유농장,산란계,18583.0,경기도 화성시 장안면 한천1길 66-27,경기도 화성시 장안면 독정리 산 282-1번지,37.0647613,126.8500553,4000.0,2018-12-31,닭,,
화성시,자유농장,산란계,18583.0,경기도 화성시 장안면 한천1길 66-27,경기도 화성시 장안면 독정리 산282-1,37.0647630506,126.8505478051,4000.0,2021-04-30,닭,20201124.0,
화성시,장수농장,육계,18604.0,,경기도 화성시 향남읍 하길리 78번지,37.1223922,126.9104661,65000.0,2018-12-31,닭,,
화성시,장수농장,육계,18604.0,,경기도 화성시 향남읍 하길리 78-1,,,65000.0,2021-11-30,닭,20201124.0,
화성시,장수농장,육계,18604.0,,경기도 화성시 향남읍 하길리 78번지 1호,126.9104661,37.1223922,65000.0,2018-10-31,,,
화성시,장학순건강란,산란계,18586.0,경기도 화성시 장안면 포승장안로 979,경기도 화성시 장안면 장안리 279,37.0539481918,126.855903452,0.0,2025-04-30,닭,20250131.0,
화성시,장학순건강란,산란계,18586.0,경기도 화성시 장안면 포승장안로 979,경기도 화성시 장안면 장안리 279,37.0539481918,126.855903452,20000.0,2021-11-30,닭,20201124.0,
화성시,장학순건강란,산란계,18586.0,경기도 화성시 장안면 포승장안로 979,경기도 화성시 장안면 장안리 279번지,37.0536492,126.8555863,35000.0,2019-02-28,닭,20181204.0,
화성시,장학순건강란,산란계,12661.0,경기도 여주시 가남읍 흑석로 59-16,경기도 여주시 가남읍 심석리 143번지,37.1962271,127.5624307,35000.0,2019-01-31,닭,,
화성시,장학순건강란,산란계,18586.0,경기도 화성시 장안면 포승장안로 979,경기도 화성시 장안면 장안리 279번지,126.8555863,37.0536492,35000.0,2018-03-14,,,
화성시,장학순건강란,산란계,18586.0,경기도 화성시 만세구 장안면 포승장안로 979,경기도 화성시 만세구 장안면 장안리 279,37.0539481918,126.855903452,10.0,2026-02-26,닭,20260201.0,
화성시,재성농장,육계,18562.0,경기도 화성시 우정읍 운평길124번길 15,경기도 화성시 우정읍 운평리 1051번지,37.0777038,126.7691499,40000.0,2020-06-30,닭,20181204.0,
화성시,재성농장,육계,18562.0,경기도 화성시 만세구 우정읍 운평길124번길 15,경기도 화성시 만세구 우정읍 운평리 1051,37.0778651552,126.769220624,26500.0,2026-02-26,닭,20260201.0,
화성시,재성농장,육계,18562.0,경기도 화성시 우정읍 운평길124번길 15,"경기도 화성시 우정읍 운평리 1051, 1051-1, 1051-2",37.0778651552,126.769220624,40000.0,2021-06-30,닭,20201124.0,
화성시,재성농장,육계,18562.0,경기도 화성시 우정읍 운평길124번길 15,경기도 화성시 우정읍 운평리 1051번지,126.7691499,37.0777038,40000.0,2018-09-30,,,
화성시,재성농장,육계,18562.0,경기도 화성시 우정읍 운평길124번길 15,"경기도 화성시 우정읍 운평리 1051, 1051-1, 1051-2",37.0778651552,126.769220624,0.0,2025-08-31,닭,20250131.0,
화성시,전정식농장,산란계,18283.0,,경기도 화성시 비봉면 삼화리 802번지 3호,37.2483168,126.8528526,120.0,2020-06-30,닭,20181204.0,
화성시,전정식농장,산란계,18283.0,,경기도 화성시 비봉면 삼화리 802-3,37.2483168229,126.8528526526,120.0,2021-11-30,닭,20201124.0,
화성시,전정식농장,산란계,18283.0,,경기도 화성시 비봉면 삼화리 802번지 3호,126.8528526,37.2483168,120.0,2018-03-14,,,
화성시,전정식농장,산란계,18283.0,,경기도 화성시 비봉면 삼화리 802-3,37.248405861,126.8529010826,0.0,2025-08-31,닭,20250131.0,
화성시,전정식농장,산란계,18283.0,,경기도 화성시 효행구 비봉면 삼화리 802-3,37.2484058615,126.8529014348,25.0,2026-02-26,닭,20260201.0,
화성시,전정식농장,산란계,12647.0,경기도 여주시 능서면 매류1길 45,경기도 여주시 능서면 매류리 352-1번지,37.2780556,127.5590894,120.0,2019-01-31,닭,,
화성시,정남농장,종계,18522.0,경기도 화성시 정남면 서봉로921번길 33,경기도 화성시 정남면 문학리 599-1,37.1561416667,126.9627011459,1300.0,2021-04-30,닭,20201124.0,
화성시,정남농장,종계,18522.0,경기도 화성시 정남면 서봉로921번길 33,경기도 화성시 정남면 문학리 599-1,37.1561416667,126.9627011459,15000.0,2025-07-31,닭,20250131.0,
화성시,정남농장,종계,18522.0,경기도 화성시 정남면 서봉로921번길 33,경기도 화성시 정남면 문학리 599-1번지,37.1559765,126.9627607,13300.0,2020-05-31,닭,20181204.0,
화성시,정남농장,산란계,18514.0,경기도 화성시 정남면 안념길112번길 54-44,경기도 화성시 정남면 음양리 466,37.1508610297,127.0220059091,15000.0,2025-08-31,닭,20250131.0,
화성시,정남농장,산란계,18523.0,경기도 화성시 정남면 내향안길 114,경기도 화성시 정남면 계향리 589번지 1호,37.142476,126.9916716,20000.0,2020-04-30,닭,20181204.0,
화성시,정남농장,산란계,18522.0,경기도 화성시 정남면 서봉로921번길 33,경기도 화성시 정남면 문학리 599번지 1호,126.9627607,37.1559765,50000.0,2018-04-30,,,
화성시,정남농장,산란계,18523.0,경기도 화성시 정남면 내향안길 114,경기도 화성시 정남면 계향리 589번지 1호,126.9916716,37.142476,20000.0,2018-04-30,,,
화성시,정남농장,종계,18522.0,경기도 화성시 효행구 정남면 서봉로921번길 33,경기도 화성시 효행구 정남면 문학리 599-1,37.1561416667,126.9627011459,15000.0,2026-02-26,닭,20260201.0,
화성시,정남농장,산란계,18514.0,경기도 화성시 효행구 정남면 안념길112번길 54-44,경기도 화성시 효행구 정남면 음양리 466,37.1508610297,127.0220059091,75500.0,2026-02-26,닭,20260201.0,
화성시,정남농장,산란계,12663.0,경기도 여주시 가남읍 대신리길 263,경기도 여주시 가남읍 대신리 229-6번지,37.1769773,127.5338676,20000.0,2019-01-31,닭,,
화성시,정남농장,종계,12612.0,경기도 여주시 북내면 선돌로 377-20,경기도 여주시 북내면 석우리 363번지,37.3740193,127.6820983,13300.0,2019-01-31,닭,,
화성시,정문농장,종계,12612.0,경기도 여주시 북내면 석우길 97-14,경기도 여주시 북내면 석우리 56-5번지,37.3905955,127.6902653,16000.0,2019-01-31,닭,,
화성시,정문농장,종계,18627.0,경기도 화성시 양감면 정문송산로 19-19,경기도 화성시 양감면 정문리 646-1번지,37.0946201,126.9832649,16000.0,2020-05-31,닭,20181204.0,
화성시,정문농장,종계,18627.0,경기도 화성시 양감면 정문송산로 19-19,경기도 화성시 양감면 정문리 646-1,37.0949550009,126.9832648427,0.0,2025-05-31,닭,20250131.0,
화성시,정문농장,종계,18627.0,경기도 화성시 양감면 정문송산로 19-19,경기도 화성시 양감면 정문리 646-1,37.0949550009,126.9832648427,1000.0,2021-09-30,닭,20201124.0,
화성시,정문농장,종계,18627.0,경기도 화성시 만세구 양감면 정문송산로 19-19,경기도 화성시 만세구 양감면 정문리 646-1,37.0949550009,126.9832648427,0.0,2026-02-26,닭,20260201.0,
화성시,정영농장,육계,18588.0,,경기도 화성시 향남읍 도이리 179번지 2호,126.9184374,37.1384999,20000.0,2018-04-30,,,
화성시,정인양계장,육계,18530.0,경기도 화성시 팔탄면 녹막말길 56-37,경기도 화성시 팔탄면 율암리 산56-79번지,37.1685556,126.8746844,30000.0,2018-12-31,닭,,
화성시,정인양계장,육계,,,경기도 화성시 팔탄면 율암리 산 56번지 79호,126.8763098,37.1660975,30000.0,2018-04-30,,,
화성시,정인양계장,육계,18536.0,,경기도 화성시 팔탄면 율암리 산56-79,37.1685556169,126.8746844647,30000.0,2020-11-30,닭,20201124.0,
화성시,정인양계장,육계,12660.0,경기도 여주시 가남읍 삼승1길 66,경기도 여주시 가남읍 삼승리 215번지,37.1743977,127.6302796,30000.0,2019-01-31,닭,,
화성시,정인양계장,육계,18530.0,경기도 화성시 팔탄면 녹막말길 56-37,경기도 화성시 팔탄면 율암리 산 56-79,37.1690514937,126.8748309277,0.0,2026-01-31,닭,20250131.0,
화성시,정인양계장,육계,18536.0,,경기도 화성시 만세구 팔탄면 율암리 산 56-79,,,17000.0,2026-02-26,닭,20260201.0,
화성시,정인양계장,육계,18530.0,경기도 화성시 팔탄면 녹막말길 56-37,경기도 화성시 팔탄면 율암리 산56-79,37.1690514937,126.8748309277,30000.0,2020-07-31,닭,20200527.0,
화성시,정호축산,육계,18628.0,,경기도 화성시 양감면 송산리 87-1번지,37.1181747,126.9911801,25000.0,2018-12-31,닭,,
화성시,정호축산,육계,18628.0,,경기도 화성시 양감면 송산리 87번지,126.99118,37.1186702,25000.0,2018-03-14,,,
화성시,정호축산,육계,12604.0,경기도 여주시 금사면 이여로 1165,경기도 여주시 금사면 궁리 23번지,37.3827319,127.5240916,25000.0,2019-01-31,닭,,
화성시,제이피에프,종계,18582.0,경기도 화성시 향남읍 장안로 662-189,경기도 화성시 향남읍 구문천리 784,37.0681311168,126.8854692124,3800.0,2021-11-30,닭,20201124.0,
화성시,제이피에프,육계,18582.0,경기도 화성시 향남읍 장안로 662-189,"경기도 화성시 향남읍 구문천리 784, 798",37.0672392744,126.8855776461,0.0,2026-01-31,닭,20250131.0,
화성시,제이피에프,종계,18582.0,경기도 화성시 만세구 향남읍 장안로 662-189,경기도 화성시 만세구 향남읍 구문천리 784,37.0681311168,126.8854692124,0.0,2026-02-26,닭,20260201.0,
화성시,제이피에프,종계,18582.0,경기도 화성시 향남읍 장안로 662-189,"경기도 화성시 향남읍 구문천리 784, 798",37.0672392744,126.8855776461,0.0,2025-04-30,닭,20250131.0,
화성시,제이피에프,육계,18582.0,경기도 화성시 만세구 향남읍 장안로 662-189,경기도 화성시 만세구 향남읍 구문천리 784,37.0681311168,126.8854692124,40000.0,2026-02-26,닭,20260201.0,
화성시,제일농장,육계,18629.0,경기도 화성시 양감면 송말길 58-39,경기도 화성시 양감면 송산리 1001번지,37.1019285,126.9897314,70000.0,2019-02-28,닭,20181204.0,
화성시,제일농장,종계,18629.0,,경기도 화성시 양감면 송산리 1003-5,37.1011987288,126.9897878644,4000.0,2021-04-30,닭,20201124.0,
화성시,제일농장,육계,18629.0,경기도 화성시 양감면 송말길 58-39,경기도 화성시 양감면 송산리 1001번지,126.9897314,37.1019285,70000.0,2018-10-31,,,
화성시,주은농장,육계,18255.0,경기도 화성시 남양읍 주석로280번길 18,경기도 화성시 남양읍 북양리 577번지,37.208461,126.8576629,85000.0,2018-12-31,닭,,
화성시,주은농장,육계,18255.0,경기도 화성시 남양읍 주석로280번길 18,경기도 화성시 남양읍 북양리 577번지,126.8576629,37.208461,85000.0,2018-03-14,,,
화성시,주은농장,육계,18255.0,경기도 화성시 남양읍 주석로 280번길 18,경기도 화성시 남양읍 북양리 577,37.2084134488,126.8575793771,24000.0,2025-04-30,닭,20250131.0,
화성시,주은농장,육계,18255.0,경기도 화성시 남양읍 주석로280번길 18,경기도 화성시 남양읍 북양리 577,37.2084134488,126.8575793771,85000.0,2021-09-30,닭,20201124.0,
화성시,주은농장,육계,18255.0,경기도 화성시 만세구 남양읍 주석로280번길 18,경기도 화성시 만세구 남양읍 북양리 577,37.2084134488,126.8575793771,45000.0,2026-02-26,닭,20260201.0,
화성시,주은농장,육계,12661.0,경기도 여주시 가남읍 흑석로 69-7,경기도 여주시 가남읍 심석리 산47번지,37.1960619,127.5630602,85000.0,2019-01-31,닭,,
화성시,중추농장,산란계,18624.0,경기도 화성시 향남읍 동오2길 31-30,경기도 화성시 향남읍 동오리 622,37.1352698952,126.9617904423,28000.0,2020-07-31,닭,20200527.0,
화성시,지엠지,종계,18581.0,경기도 화성시 장안면 3.1만세로 535-55,경기도 화성시 장안면 수촌리 1417-6,37.1082910647,126.8636144955,0.0,2025-05-31,닭,20250131.0,
화성시,지엠지,종계,18581.0,경기도 화성시 만세구 장안면 3.1만세로 535-55,경기도 화성시 만세구 장안면 수촌리 1417-6,37.1082910647,126.8636144955,0.0,2026-02-26,닭,20260201.0,
화성시,지월농장,육계,18530.0,,경기도 화성시 팔탄면 지월리 654번지,37.1429193,126.8910143,15000.0,2019-05-31,닭,20181204.0,
화성시,지월농장,육계,18530.0,,경기도 화성시 팔탄면 지월리 654번지,126.8910143,37.1429193,15000.0,2018-08-31,,,
화성시,지은농장,육계,18576.0,,경기도 화성시 팔탄면 노하리 1040,37.1463938737,126.8457012755,0.0,2026-01-31,닭,20250131.0,
화성시,지은농장,육계,18576.0,,경기도 화성시 만세구 팔탄면 노하리 1040,37.1463896531,126.8457035706,33000.0,2026-02-26,닭,20260201.0,
화성시,진석농장,육계,18588.0,경기도 화성시 향남읍 도이3길 26-9,경기도 화성시 향남읍 도이리 163,37.1413782401,126.9209419718,0.0,2026-01-31,닭,20250131.0,
화성시,진석농장,육계,18588.0,경기도 화성시 향남읍 도이3길 26-9,경기도 화성시 향남읍 도이리 163번지,126.9214283,37.141142,25000.0,2018-10-31,,,
화성시,진석농장,육계,18588.0,경기도 화성시 향남읍 도이3길 26-9,경기도 화성시 향남읍 도이리 163,37.1413782401,126.9209419718,25000.0,2020-07-31,닭,20200527.0,
화성시,진석농장,육계,18588.0,경기도 화성시 만세구 향남읍 도이3길 26-9,경기도 화성시 만세구 향남읍 도이리 163,37.1413782401,126.9209419718,0.0,2026-02-26,닭,20260201.0,
화성시,진석농장,육계,18588.0,경기도 화성시 향남읍 도이3길 26-9,경기도 화성시 향남읍 도이리 163번지,37.141142,126.9214283,25000.0,2020-05-31,닭,20181204.0,
화성시,진석농장,육계,12663.0,경기도 여주시 가남읍 건장2길 5-3,경기도 여주시 가남읍 건장리 86-1번지,37.1901483,127.5482291,25000.0,2019-01-31,닭,,
화성시,진성농장,육계,18545.0,경기도 화성시 송산면 송산서로363번길 24-5,경기도 화성시 송산면 지화리 574번지 3호,126.6805903,37.210184,20000.0,2018-03-14,,,
화성시,진현농장,산란계,18514.0,경기도 화성시 정남면 안념길112번길 54-44,경기도 화성시 정남면 음양리 466번지,37.151143,127.0225023,75500.0,2020-04-30,닭,20181204.0,
화성시,진현농장,산란계,18514.0,경기도 화성시 정남면 안념길112번길 54-44,경기도 화성시 정남면 음양리 466,37.1508610297,127.0220059091,75500.0,2021-04-30,닭,20201124.0,
화성시,진현농장,산란계,18514.0,경기도 화성시 정남면 안념길112번길 54-44,경기도 화성시 정남면 음양리 466번지,127.0225023,37.151143,75500.0,2018-04-30,,,
화성시,진현농장,산란계,12664.0,경기도 여주시 강천면 다리골길 37-15,경기도 여주시 강천면 강천리 51-5번지,37.2454997,127.7321335,75500.0,2019-01-31,닭,,
화성시,질라라비농장,육계,18563.0,경기도 화성시 우정읍 조암말미길 50-31,경기도 화성시 우정읍 조암리 산 91-3,37.0835721318,126.8069356632,0.0,2025-07-31,닭,20250131.0,
화성시,질라라비농장,육계,18563.0,경기도 화성시 우정읍 조암말미길 50-31,경기도 화성시 우정읍 조암리 산91-3번지,37.0832591,126.8065839,60000.0,2020-04-30,닭,20181204.0,
화성시,질라라비농장,육계,,,경기도 화성시 우정읍 조암리 산 91번지 3호,126.8260805,37.0950846,60000.0,2018-08-31,,,
화성시,질라라비농장,육계,18563.0,,경기도 화성시 만세구 우정읍 조암리 산 91-3,,,37600.0,2026-02-26,닭,20260201.0,
화성시,질라라비농장,육계,18563.0,경기도 화성시 우정읍 조암말미길 50-31,경기도 화성시 우정읍 조암리 산 91-3,37.0835721318,126.8069356632,60000.0,2021-09-30,닭,20201124.0,
화성시,질라라비농장,육계,18563.0,경기도 화성시 우정읍 조암말미길 50-31,경기도 화성시 우정읍 조암리 산 91-3,37.0838178664,126.807338466,60000.0,2020-07-31,닭,20200527.0,
화성시,참빛농장,육계,18584.0,경기도 화성시 장안면 중원길 5-51,경기도 화성시 장안면 사랑리 248번지 2호,37.0691438,126.8326625,20000.0,2020-01-31,닭,20181204.0,
화성시,참빛농장,육계,12604.0,경기도 여주시 금사면 금품2로 493,경기도 여주시 금사면 주록리 40-11번지,37.3752094,127.4745106,20000.0,2019-01-31,닭,,
화성시,참빛농장,육계,18584.0,경기도 화성시 장안면 중원길 5-51,경기도 화성시 장안면 사랑리 248번지 2호,126.8326625,37.0691438,20000.0,2018-03-14,,,
화성시,창은농장,육계,18541.0,경기도 화성시 마도면 청원로231번길 62-4,경기도 화성시 마도면 청원리 681번지,37.1798016,126.7737792,40000.0,2019-06-30,닭,20181204.0,
화성시,창은농장,육계,18541.0,경기도 화성시 마도면 청원로231번길 62-4,경기도 화성시 마도면 청원리 681번지,126.7739705,37.179829,40000.0,2018-04-30,,,
화성시,창은농장,육계,12602.0,경기도 여주시 금사면 금품1로 551,경기도 여주시 금사면 상호리 28-1번지,37.4042269,127.4909788,40000.0,2019-01-31,닭,,
화성시,천하농장,산란계,18546.0,경기도 화성시 송산면 송산로 387,"경기도 화성시 송산면 천등리 429-2, -6",37.2351677253,126.7047761773,0.0,2025-07-31,닭,20250131.0,
화성시,천하농장,산란계,18546.0,경기도 화성시 만세구 송산면 송산로 387,경기도 화성시 만세구 송산면 천등리 429-2,37.2351677253,126.7047761773,306.0,2026-02-26,닭,20260201.0,
화성시,청계농장,육계,18560.0,경기도 화성시 우정읍 멱운3길 37,경기도 화성시 우정읍 멱우리 411번지 4호,126.8256146,37.1019499,65000.0,2018-09-30,,,
화성시,청계농장,육계,18560.0,경기도 화성시 우정읍 멱운3길 37,경기도 화성시 우정읍 멱우리 411-4,37.1019861649,126.8253817345,65000.0,2020-07-31,닭,20200527.0,
화성시,청석골 농장,산란계,18626.0,경기도 화성시 양감면 안요골길82번길 41,경기도 화성시 양감면 사창리 660번지 1호,126.9617663,37.1004804,18000.0,2018-08-31,,,
화성시,청석골 농장,산란계,18626.0,경기도 화성시 양감면 안요골길82번길 41,경기도 화성시 양감면 사창리 660-1번지,37.1004804,126.9617663,18000.0,2019-07-31,닭,20181204.0,
화성시,청석골농장,산란계,18626.0,경기도 화성시 양감면 안요골길82번길 41,경기도 화성시 양감면 사창리 660-1,37.1006822151,126.9616976142,51950.0,2025-05-31,닭,20250131.0,
화성시,청석골농장,산란계,18626.0,경기도 화성시 양감면 안요골길82번길 41,경기도 화성시 양감면 사창리 660-1,37.1003675466,126.9618798991,53000.0,2020-07-31,닭,20200527.0,
화성시,청석골농장,산란계,18626.0,경기도 화성시 만세구 양감면 안요골길82번길 41,경기도 화성시 만세구 양감면 사창리 660-1,37.1006822151,126.9616976142,26100.0,2026-02-26,닭,20260201.0,
화성시,청신농장,종계,18632.0,경기도 화성시 양감면 초록로166번길 95-50,경기도 화성시 양감면 신왕리 1972,37.0714537978,126.9647053664,1000.0,2021-09-30,닭,20201124.0,
화성시,청신농장,육계,18632.0,경기도 화성시 양감면 초록로166번길 95-50,"경기도 화성시 양감면 신왕리 1972, 1973",37.0716446127,126.9650415074,16000.0,2025-04-30,닭,20250131.0,
화성시,청신농장,종계,18632.0,경기도 화성시 양감면 초록로 166번길 95-50,"경기도 화성시 양감면 신왕리 1972,1973",37.0716446127,126.9650415074,16000.0,2025-04-30,닭,20250131.0,
화성시,청신농장,육계,18632.0,경기도 화성시 만세구 양감면 초록로166번길 95-50,경기도 화성시 만세구 양감면 신왕리 1972,37.0716446127,126.9650415074,30000.0,2026-02-26,닭,20260201.0,
화성시,청신농장,종계,18632.0,경기도 화성시 만세구 양감면 초록로166번길 95-50,경기도 화성시 만세구 양감면 신왕리 1972,37.0716446127,126.9650415074,16000.0,2026-02-26,닭,20260201.0,
화성시,청천양계장,육계,18278.0,,경기도 화성시 남양읍 활초리 산 89번지,37.1790758,126.8291393,40000.0,2019-02-28,닭,20181204.0,
화성시,청천양계장,육계,,,경기도 화성시 활초동 산 88번지,,,40000.0,2018-10-31,,,
화성시,청천양계장,육계,12602.0,경기도 여주시 금사면 소유실길 166-1,경기도 여주시 금사면 소유리 103-1번지,37.417811,127.4938684,40000.0,2019-01-31,닭,,
화성시,초혜지농장,육계,18514.0,경기도 화성시 정남면 정남동로 453-76,경기도 화성시 정남면 금복리 92번지,126.9998648,37.1599208,50000.0,2018-09-30,,,
화성시,초혜지농장,육계,18514.0,,"경기도 화성시 정남면 금복리 92, 93, 91-1",,,50000.0,2020-07-31,닭,20200527.0,
화성시,초혜지농장,육계,18514.0,경기도 화성시 정남면 정남동로 453-76,"경기도 화성시 정남면 금복리 92, 93, 91-1",37.1601531878,126.9998277978,73500.0,2026-01-31,닭,20250131.0,
화성시,초혜지농장,육계,18514.0,경기도 화성시 정남면 정남동로 453-76,경기도 화성시 정남면 금복리 92번지,37.1599208,126.9998648,50000.0,2020-04-30,닭,20181204.0,
화성시,초혜지농장,육계,12664.0,경기도 여주시 강천면 닷둔리길 60,경기도 여주시 강천면 강천리 122-8번지,37.2377667,127.7325098,50000.0,2019-01-31,닭,,
화성시,초혜지농장,육계,18514.0,경기도 화성시 효행구 정남면 정남동로 453-76,경기도 화성시 효행구 정남면 금복리 92,37.1601531878,126.9998277978,50000.0,2026-02-26,닭,20260201.0,
화성시,큰양계장,육계,18580.0,경기도 화성시 장안면 금의솔안길 167,경기도 화성시 장안면 금의리 600-4번지,37.1093891,126.8293099,50000.0,2019-07-31,닭,20181204.0,
화성시,큰양계장,육계,18580.0,경기도 화성시 장안면 금의솔안길 167,경기도 화성시 장안면 금의리 600-4,37.1090856234,126.8295055754,0.0,2025-07-31,닭,20250131.0,
화성시,큰양계장,육계,18580.0,경기도 화성시 만세구 장안면 금의솔안길 167,경기도 화성시 만세구 장안면 금의리 600-4,37.1092394281,126.8296055135,40000.0,2026-02-26,닭,20260201.0,
화성시,큰양계장,육계,18580.0,경기도 화성시 장안면 금의솔안길 167,경기도 화성시 장안면 금의리 600번지 4호,126.8293099,37.1093891,50000.0,2018-04-30,,,
화성시,큰양계장,육계,18580.0,경기도 화성시 장안면 금의솔안길 167,경기도 화성시 장안면 금의리 600-4,37.1090856234,126.8295055754,50000.0,2020-11-30,닭,20201124.0,
화성시,큰양계장,육계,12649.0,경기도 여주시 가남읍 양화로 216-11,경기도 여주시 가남읍 오산리 280-1번지,37.24122,127.5595061,50000.0,2019-01-31,닭,,
화성시,태경농장,육계,12647.0,경기도 여주시 능서면 양화로 20-83,경기도 여주시 능서면 마래리 5번지,37.2696117,127.5650928,23000.0,2019-01-31,닭,,
화성시,태경농장,육계,18279.0,경기도 화성시 만세구 남양읍 온석길 24-19,경기도 화성시 만세구 남양읍 온석리 491-3,37.1648879197,126.8515167019,23000.0,2026-02-26,닭,20260201.0,
화성시,태경농장,육계,18279.0,,경기도 화성시 남양읍 온석리 491번지 3호,126.8518802,37.1650777,23000.0,2018-10-31,,,
화성시,태경농장,육계,18279.0,,경기도 화성시 남양읍 온석리 491번지 3호,37.1650777,126.8518802,23000.0,2019-06-30,닭,20181204.0,
화성시,태경농장,육계,18279.0,,경기도 화성시 남양읍 온석리 491-3,37.1650777567,126.8518802103,23000.0,2021-04-30,닭,20201124.0,
화성시,태경농장,육계,18279.0,경기도 화성시 남양읍 온석길 24-19,경기도 화성시 남양읍 온석리 491-3,37.1648879197,126.8515167019,0.0,2025-04-30,닭,20250131.0,
화성시,태성농장,육계,18279.0,경기도 화성시 남양읍 온석길 22,"경기도 화성시 남양읍 온석리 494-1번지 (온석리 494-2,-3)",37.1658589,126.8497732,61000.0,2019-01-31,닭,,
화성시,태성농장,육계,18279.0,,"경기도 화성시 남양읍 온석리 494-2,-3",37.1657035317,126.8506649881,61000.0,2021-06-30,닭,20201124.0,
화성시,태양농원,산란계,18292.0,,"경기도 화성시 비봉면 쌍학리 826번지 , 827",37.22302,126.898817,2500.0,2020-05-31,닭,20181204.0,
화성시,태양농원,산란계,18292.0,,"경기도 화성시 비봉면 쌍학리 826 , 827",37.2230200709,126.8988170579,2500.0,2021-07-31,닭,20201124.0,
화성시,태양농원,산란계,18292.0,,경기도 화성시 비봉면 쌍학리 826번지,126.898817,37.22302,2500.0,2018-03-14,,,
화성시,태양양계농장,산란계,18576.0,경기도 화성시 팔탄면 녹막말길9번길 35,경기도 화성시 팔탄면 율암리 산67-2,37.1669301277,126.8691490897,50000.0,2020-11-30,닭,20201124.0,
화성시,태양양계농장,산란계,18576.0,경기도 화성시 팔탄면 녹막말길9번길 35,경기도 화성시 팔탄면 율암리 산67-2번지,37.1663337,126.8698806,50000.0,2020-06-30,닭,20181204.0,
화성시,태양양계농장,산란계,,,경기도 화성시 팔탄면 율암리 산 67번지 2호,126.8763098,37.1660975,50000.0,2018-04-30,,,
화성시,태행목장,육계,18293.0,경기도 화성시 비봉면 자청로207번길 21-73,경기도 화성시 비봉면 청요리 702-4번지,37.2107982,126.8945754,150.0,2020-04-30,닭,20181204.0,
화성시,태행목장,육계,18293.0,경기도 화성시 비봉면 자청로207번길 21-73,경기도 화성시 비봉면 청요리 702-4,37.2106366685,126.8946161586,100.0,2021-11-30,닭,20201124.0,
화성시,태행목장,육계,12611.0,경기도 여주시 대신면 대신로 377,경기도 여주시 대신면 상구리 341-5,37.3737907,127.6406295,150.0,2019-01-31,닭,,
화성시,태행목장,육계,18293.0,경기도 화성시 효행구 비봉면 자청로207번길 21-73,경기도 화성시 효행구 비봉면 청요리 702-4,37.2106366685,126.8946161586,100.0,2026-02-26,닭,20260201.0,
화성시,태행목장,육계,18293.0,경기도 화성시 비봉면 자청로207번길 21-73,경기도 화성시 비봉면 청요리 702-4,37.2106366685,126.8946161586,0.0,2026-01-31,닭,20250131.0,
화성시,택호오리농장,오리,18248.0,경기도 화성시 송산면 고정길 75-113,경기도 화성시 송산면 고정리 35-13,37.2459008623,126.7614787241,1000.0,2020-07-31,오리,20200527.0,
화성시,토종닭농장,육계,18570.0,경기도 화성시 만세구 우정읍 기아자동차로 292-73,경기도 화성시 만세구 우정읍 매향리 543-1,37.0474077337,126.7753155144,1000.0,2026-02-26,닭,20260201.0,
화성시,토종닭농장,육계,18570.0,경기도 화성시 우정읍 기아자동차로 292-73,경기도 화성시 우정읍 매향리 543-1번지,37.0472867,126.7751223,1000.0,2019-12-31,닭,20181204.0,
화성시,토종닭농장,육계,18570.0,경기도 화성시 우정읍 기아자동차로 292-73,경기도 화성시 우정읍 매향리 543-1,37.0473160173,126.7750577352,0.0,2025-05-31,닭,20250131.0,
화성시,토종닭농장,육계,18570.0,경기도 화성시 우정읍 기아자동차로 292-73,경기도 화성시 우정읍 매향리 543-1,37.0473160173,126.7750577352,1000.0,2021-09-30,닭,20201124.0,
화성시,토종닭농장,육계,12617.0,경기도 여주시 강천면 원양1로 687,경기도 여주시 강천면 도전리 759번지,37.3344938,127.749185,1000.0,2019-01-31,닭,,
화성시,툇마루농장,꿩,18581.0,,경기도 화성시 장안면 수촌리 1434번지 6호,37.0964475,126.8691367,1000.0,2020-05-31,꿩,20181204.0,
화성시,툇마루농장,꿩,12609.0,경기도 여주시 대신면 옥촌3길 76-56,경기도 여주시 대신면 옥촌리 324번지,37.3963165,127.620075,1000.0,2019-01-31,꿩,,
화성시,파머스가든,산란계,18626.0,경기도 화성시 양감면 안요골길82번길 74-33,경기도 화성시 양감면 사창리 721-6번지,37.1033708,126.9562075,570000.0,2020-06-30,닭,20181204.0,
화성시,파머스가든,산란계,18626.0,경기도 화성시 양감면 안요골길82번길 74-33,경기도 화성시 양감면 사창리 721-6,37.1042791318,126.955831218,600000.0,2021-11-30,닭,20201124.0,
화성시,파머스가든,산란계,18626.0,경기도 화성시 양감면 안요골길82번길 74-33,경기도 화성시 양감면 사창리 721-6,37.1040273633,126.9559680693,0.0,2025-08-31,닭,20250131.0,
화성시,파머스가든,산란계,18626.0,경기도 화성시 양감면 안요골길82번길 74-33,경기도 화성시 양감면 사창리 721번지 6호,126.9562075,37.1033708,570000.0,2018-10-31,,,
화성시,파머스가든,산란계,18626.0,경기도 화성시 만세구 양감면 안요골길82번길 74-33,경기도 화성시 만세구 양감면 사창리 721-6,37.1042791318,126.955831218,589500.0,2026-02-26,닭,20260201.0,
화성시,파머스가든,산란계,12617.0,경기도 여주시 강천면 원양1로 461-27,경기도 여주시 강천면 도전리 1056-1번지,37.3168328,127.7565123,570000.0,2019-01-31,닭,,
화성시,푸른농장,육계,18333.0,경기도 화성시 봉담읍 건달산로 304,경기도 화성시 봉담읍 상기리 551번지 2호,37.1971023,126.9163785,200.0,2019-05-31,닭,20181204.0,
화성시,푸른농장,육계,18333.0,경기도 화성시 봉담읍 건달산로 304,경기도 화성시 봉담읍 상기리 551-2,37.1968901316,126.9161237501,0.0,2025-04-30,닭,20250131.0,
화성시,푸른농장,육계,18333.0,경기도 화성시 봉담읍 건달산로 304,경기도 화성시 봉담읍 상기리 551-2,37.1968901316,126.9161237501,200.0,2021-09-30,닭,20201124.0,
화성시,푸른농장,육계,18333.0,경기도 화성시 효행구 봉담읍 건달산로 304,경기도 화성시 효행구 봉담읍 상기리 551-2,37.1968901316,126.9161237501,200.0,2026-02-26,닭,20260201.0,
화성시,푸른농장,육계,12611.0,경기도 여주시 대신면 상구5길 32-16,경기도 여주시 대신면 상구리 94번지,37.3849273,127.640577,200.0,2019-01-31,닭,,
화성시,피엔씨코리아,산란계,18623.0,경기도 화성시 향남읍 문언동길 66-110,경기도 화성시 향남읍 구문천리 881,37.0850687919,126.8924771077,0.0,2025-05-31,닭,20250131.0,
화성시,한울농장,육계,18628.0,,경기도 화성시 양감면 송산리 318번지,37.1100638,126.9811234,30000.0,2019-07-31,닭,20181204.0,
화성시,한울농장,육계,18628.0,,경기도 화성시 양감면 송산리 318번지,126.9811459,37.1100638,30000.0,2018-10-31,,,
화성시,한일농장,종계,18279.0,경기도 화성시 남양읍 온석길 44-36,경기도 화성시 남양읍 온석리 488번지,37.1645574,126.8536938,20900.0,2020-05-31,닭,20181204.0,
화성시,한일농장,종계,18279.0,경기도 화성시 남양읍 온석길 44-36,경기도 화성시 남양읍 온석리 488,37.1640640472,126.8541592891,1900.0,2020-11-30,닭,20201124.0,
화성시,한일농장,종계,12616.0,경기도 여주시 강천면 건너말길 9,경기도 여주시 강천면 걸은리 441번지,37.2986334,127.715661,20900.0,2019-01-31,닭,,
화성시,한일농장,종계,18279.0,경기도 화성시 남양읍 온석길 44-36,경기도 화성시 남양읍 온석리 488,37.1640640472,126.8541592891,20060.0,2025-08-31,닭,20250131.0,
화성시,한일농장,종계,18279.0,경기도 화성시 만세구 남양읍 온석길 44-36,경기도 화성시 만세구 남양읍 온석리 488,37.1641896852,126.8540568527,20060.0,2026-02-26,닭,20260201.0,
화성시,해뜨는농장,육계,18544.0,경기도 화성시 마도면 해운로 629-61,경기도 화성시 마도면 고모리 1번지,37.1767406,126.7443425,50000.0,2019-07-31,닭,20181204.0,
화성시,해뜨는농장,육계,18544.0,경기도 화성시 마도면 해운로 629-61,"경기도 화성시 마도면 고모리 1, 1-1",37.1766563891,126.7443774128,0.0,2025-04-30,닭,20250131.0,
화성시,해뜨는농장,육계,18544.0,,"경기도 화성시 마도면 고모리 1, 1-1",37.1766563891,126.7443774128,50000.0,2020-07-31,닭,20200527.0,
화성시,해뜨는농장,육계,18544.0,경기도 화성시 마도면 해운로 629-61,경기도 화성시 마도면 고모리 1번지,126.7443425,37.1767406,50000.0,2018-09-30,,,
화성시,해뜨는농장,육계,18544.0,경기도 화성시 만세구 마도면 해운로 629-61,경기도 화성시 만세구 마도면 고모리 1,37.1766563891,126.7443774128,40000.0,2026-02-26,닭,20260201.0,
화성시,해오름 조암농장,산란계,18570.0,,"경기도 화성시 우정읍 매향리 504-1,504,505-1,506-5",37.0469269415,126.7707843455,44200.0,2021-07-31,오리,20201124.0,
화성시,해오름 조암농장,산란계,18570.0,경기도 화성시 우정읍 매향석천로 11-39,경기도 화성시 우정읍 매향리 503번지,37.0475646,126.7697594,44200.0,2020-04-30,닭,20181204.0,
화성시,해오름 조암농장,산란계,18570.0,경기도 화성시 우정읍 매향석천로 11-39,"경기도 화성시 우정읍 매향리 504-1,504,505-1,506-5",37.0473807947,126.7709186984,0.0,2025-08-31,닭,20250131.0,
화성시,해오름 조암농장,산란계,18570.0,경기도 화성시 우정읍 매향석천로 11-39,경기도 화성시 우정읍 매향리 506번지 5호,126.7707268,37.0473413,44200.0,2018-08-31,,,
화성시,해오름 조암농장,산란계,12610.0,,경기도 여주시 대신면 초현리 381,37.3685964,127.5982748,44200.0,2019-01-31,닭,,
화성시,해오름 조암농장,산란계,18570.0,,경기도 화성시 만세구 우정읍 매향리 504-1,37.0469565283,126.7707949697,44200.0,2026-02-26,닭,20260201.0,
화성시,해창농장,꿩,18578.0,,경기도 화성시 팔탄면 해창리 산35-1,37.1097507799,126.86856573,150.0,2020-11-30,꿩,20201124.0,
화성시,해창농장,꿩,18578.0,경기도 화성시 팔탄면 3.1만세로 641-14,경기도 화성시 팔탄면 해창리 산35-1번지,37.1101426,126.8683026,150.0,2020-06-30,꿩,20181204.0,
화성시,해창농장,꿩,18578.0,,경기도 화성시 팔탄면 해창리 산 35-1,37.1097507799,126.86856573,0.0,2026-01-31,꿩,20250131.0,
화성시,해창농장,꿩,12617.0,경기도 여주시 강천면 원양1로 575-5,경기도 여주시 강천면 도전리 889번지,37.3241876,127.7461272,150.0,2019-01-31,꿩,,
화성시,해창농장,꿩,18578.0,,경기도 화성시 팔탄면 해창리 산35-1,37.1091468011,126.8685594896,150.0,2020-07-31,꿩,20200527.0,
화성시,해창농장,꿩,18578.0,경기도 화성시 만세구 팔탄면 3.1만세로 641-16,경기도 화성시 만세구 팔탄면 해창리 산 35-1,37.1097507799,126.86856573,150.0,2026-02-26,닭,20260201.0,
화성시,향촌농원,산란계,18517.0,,경기도 화성시 정남면 발산리 646-3,37.1523005099,126.9862085319,3200.0,2025-07-31,닭,20250131.0,
화성시,향촌농원,산란계,18517.0,,경기도 화성시 정남면 발산리 646번지 3호,37.1521977,126.9861768,4400.0,2019-05-31,닭,20181204.0,
화성시,향촌농원,산란계,18517.0,경기도 화성시 정남면 발산1길 47-11,경기도 화성시 정남면 발산리 646번지 1호,126.9864808,37.1521707,4400.0,2018-08-31,,,
화성시,향촌농원,산란계,18517.0,,경기도 화성시 정남면 발산리 646-3,37.1521977299,126.9861768947,4400.0,2021-07-31,닭,20201124.0,
화성시,향촌농원,산란계,18517.0,,경기도 화성시 효행구 정남면 발산리 646-3,37.1523005099,126.9862085319,3000.0,2026-02-26,닭,20260201.0,
화성시,현대농장,육계,18545.0,경기도 화성시 송산면 개매기길 149,경기도 화성시 송산면 독지리 318,37.2473177365,126.6861119168,80000.0,2021-07-31,닭,20201124.0,
화성시,현대농장,육계,12646.0,경기도 여주시 능서면 월평로 343-64,경기도 여주시 능서면 오계리 264번지,37.2611146,127.5875302,80000.0,2019-01-31,닭,,
화성시,현대농장,육계,18545.0,경기도 화성시 송산면 개매기길 149,경기도 화성시 송산면 독지리 318번지,126.6860916,37.2469879,80000.0,2018-09-30,,,
화성시,현대농장,육계,18545.0,경기도 화성시 송산면 개매기길 149,경기도 화성시 송산면 독지리 318번지,37.2469879,126.6860916,80000.0,2019-07-31,닭,20181204.0,
화성시,현대농장,육계,18545.0,경기도 화성시 만세구 송산면 개매기길 149,경기도 화성시 만세구 송산면 독지리 318,37.2473177365,126.6861119168,60000.0,2026-02-26,닭,20260201.0,
화성시,현대농장,육계,18543.0,경기도 화성시 마도면 청원로116번길 87-36,경기도 화성시 마도면 청원리 574번지 10호,126.767221,37.173941,45000.0,2018-04-30,,,
화성시,현대농장,육계,18545.0,경기도 화성시 송산면 가매기길 149,경기도 화성시 송산면 독지리 318,37.2473177365,126.6861119168,0.0,2026-01-31,닭,20250131.0,
화성시,현대축산,산란계,,,경기도 화성시 우정읍 매향리 산 506번지,126.7479739,37.0407979,45000.0,2018-03-14,,,
화성시,현대축산,산란계,18570.0,경기도 화성시 우정읍 매향석천로 11-39,경기도 화성시 우정읍 매향리 506-3번지,37.0471807,126.7715592,45000.0,2020-05-31,닭,20181204.0,
화성시,현진농장,육계,18577.0,경기도 화성시 팔탄면 칙골길 45,경기도 화성시 팔탄면 월문리 38번지,37.1247495,126.8690532,30000.0,2019-06-30,닭,20181204.0,
화성시,현진농장,육계,18577.0,경기도 화성시 팔탄면 칙골길 45,경기도 화성시 팔탄면 월문리 38번지,126.8690532,37.1247495,30000.0,2018-10-31,,,
화성시,현진농장,육계,12663.0,경기도 여주시 가남읍 댓절길 40-17,경기도 여주시 가남읍 대신리 500번지,37.1901764,127.5239591,30000.0,2019-01-31,닭,,
화성시,형수농장,육계,18278.0,경기도 화성시 남양읍 홍난파길79번길 18-11,경기도 화성시 남양읍 활초리187번지,37.183936,126.837991,14000.0,2018-12-31,닭,,
화성시,형수농장,육계,18278.0,경기도 화성시 남양읍 활초길109번길 46-35,경기도 화성시 남양읍 활초리 산 187번지 2호,37.1612199,126.8374099,35000.0,2019-06-30,닭,20181204.0,
화성시,형수농장,육계,18278.0,경기도 화성시 남양읍 활초길109번길 46-35,경기도 화성시 남양읍 활초리 산187-2,37.1611770677,126.8373800613,35000.0,2020-07-31,닭,20200527.0,
화성시,형수농장,육계,18278.0,,경기도 화성시 남양읍 활초리 187-2,,,14000.0,2020-07-31,닭,20200527.0,
화성시,형수농장,육계,18278.0,경기도 화성시 남양읍 홍난파길79번길 18-11,경기도 화성시 남양읍 활초리 187번지,126.837991,37.183936,35000.0,2018-10-31,,,
화성시,형수농장,육계,18278.0,,경기도 화성시 남양읍 활초리 187-2번지,126.837991,37.183936,14000.0,2018-10-31,,,
화성시,형수농장,육계,12611.0,경기도 여주시 대신면 상구2길 25,경기도 여주시 대신면 상구리 354-1번지,37.3730428,127.6439648,35000.0,2019-01-31,닭,,
화성시,형우농장,육계,18626.0,경기도 화성시 양감면 신흥길 83,경기도 화성시 양감면 사창리 962-1번지,37.0891476,126.9696794,20000.0,2018-12-31,닭,,
화성시,형우농장,육계,18626.0,,경기도 화성시 양감면 사창리 962번지 12호,126.969286,37.0885078,20000.0,2018-09-30,,,
화성시,형제농장,육계,18632.0,경기도 화성시 양감면 솔미마을길 148,경기도 화성시 양감면 대양리 111-2,37.0943758915,126.9487452898,0.0,2026-01-31,닭,20250131.0,
화성시,형제농장,육계,18632.0,경기도 화성시 양감면 솔미마을길 148,경기도 화성시 양감면 대양리 109번지,37.0941227,126.9485756,52000.0,2019-07-31,닭,20181204.0,
화성시,형제농장,육계,18632.0,경기도 화성시 양감면 솔미마을길 148,경기도 화성시 양감면 대양리 111-2,37.0943758915,126.9487452898,52000.0,2021-11-30,닭,20201124.0,
화성시,형제농장,육계,12604.0,경기도 여주시 금사면 노루목길 79,경기도 여주시 금사면 주록리 89번지,37.3843667,127.4622943,52000.0,2019-01-31,닭,,
화성시,형제농장,육계,18632.0,경기도 화성시 만세구 양감면 솔미마을길 148,경기도 화성시 만세구 양감면 대양리 111-2,37.0943758915,126.9487452898,60000.0,2026-02-26,닭,20260201.0,
화성시,형제농장,육계,18632.0,경기도 화성시 양감면 솔미마을길 148,경기도 화성시 양감면 대양리 111번지 2호,126.9485198,37.093537,52000.0,2018-04-30,,,
화성시,호계농장,종계,18628.0,,경기도 화성시 만세구 양감면 송산리 440,37.1079476939,126.9859141554,0.0,2026-02-26,닭,20260201.0,
화성시,호계농장,종계,18628.0,,경기도 화성시 양감면 송산리 440,37.107838995,126.9858491393,1500.0,2021-09-30,닭,20201124.0,
화성시,호계농장,종계,18628.0,경기도 화성시 양감면 후곡길 17-4,"경기도 화성시 양감면 송산리 440,440-1",37.1080989329,126.9856291056,0.0,2025-04-30,닭,20250131.0,
화성시,홍유웅농장,육계,18556.0,,경기도 화성시 서신면 홍법리 28번지,126.7273935,37.1711069,30000.0,2018-03-14,,,
화성시,홍유웅농장,육계,18556.0,,경기도 화성시 서신면 홍법리 28번지,37.1711069,126.7273935,30000.0,2019-12-31,닭,20181204.0,
화성시,홍유웅농장,육계,12647.0,경기도 여주시 능서면 양화로 452-22,경기도 여주시 능서면 마래리 328번지,37.2596649,127.5573647,30000.0,2019-01-31,닭,,
화성시,화성농장,종계,18279.0,경기도 화성시 남양읍 현대기아로 166-18,"경기도 화성시 남양읍 온석리 499-4,-9,-10",37.1641482943,126.8481441097,0.0,2025-07-31,닭,20250131.0,
화성시,화성농장,종계,18279.0,,경기도 화성시 남양읍 온석리 499-4,37.1640547,126.8481669,25000.0,2020-06-30,닭,20181204.0,
화성시,화성농장,종계,18279.0,,경기도 화성시 남양읍 온석리 499-4,37.1640547876,126.8481669246,2500.0,2021-07-31,닭,20201124.0,
화성시,화성농장,종계,18279.0,경기도 화성시 만세구 남양읍 현대기아로 166-18,경기도 화성시 만세구 남양읍 온석리 499-4,37.1641482943,126.8481441097,0.0,2026-02-26,닭,20260201.0,
화성시,화성농장,종계,12612.0,경기도 여주시 북내면 석우길 88-39,경기도 여주시 북내면 석우리 13-3번지,37.3876774,127.6900692,25000.0,2019-01-31,닭,,
화성시,화성양계장,종계,18583.0,경기도 화성시 장안면 장안로 454-7,경기도 화성시 장안면 독정리 222,37.0766259462,126.8639017359,40000.0,2021-06-30,닭,20201124.0,
화성시,화성양계장,육계,18583.0,경기도 화성시 장안면 장안로 454-7,경기도 화성시 장안면 독정리 222번지,126.8639662,37.0758705,40000.0,2018-03-14,,,
화성시,화성양계장,육계,18583.0,경기도 화성시 장안면 장안로 454-7,경기도 화성시 장안면 독정리 221-1번지,37.0764561,126.8639089,40000.0,2019-06-30,닭,20181204.0,
화성시,화성양계장,종계,18583.0,경기도 화성시 만세구 장안면 장안로 454-7,경기도 화성시 만세구 장안면 독정리 221-1,37.0766259462,126.8639017359,0.0,2026-02-26,닭,20260201.0,
화성시,화성양계장,육계,18583.0,경기도 화성시 장안면 장안로 454-7,경기도 화성시 장안면 독정리 222,37.0766259462,126.8639017359,40000.0,2020-07-31,닭,20200527.0,
화성시,화성양계장,육계,12646.0,경기도 여주시 능서면 오계1길 76-21,경기도 여주시 능서면 오계1리336-2,37.2651907,127.5922853,40000.0,2019-01-31,닭,,
화성시,화성양계장,종계,18583.0,경기도 화성시 장안면 장안로 454-7,"경기도 화성시 장안면 독정리 221-1, -2, 222, 223, 235-2",37.0766259462,126.8639017359,0.0,2025-04-30,닭,20250131.0,
화성시,화현농장,산란계,,,경기도 화성시 문호동 산 18번지,,,1500.0,2018-10-31,,,
화성시,화현농장,산란계,18251.0,경기도 화성시 남양읍 남양서로619번길 84,경기도 화성시 남양읍 문호리 산 18번지,37.2645107,126.7948635,1500.0,2020-06-30,닭,20181204.0,
화성시,화현농장,산란계,12602.0,경기도 여주시 금사면 건넛말길 25-4,경기도 여주시 금사면 하호리 135-8번지,37.4044782,127.5062616,1500.0,2019-01-31,닭,,
화성시,화현농장,산란계,18251.0,경기도 화성시 남양읍 남양서로619번길 84,경기도 화성시 남양읍 문호리 산18,37.2647565647,126.7952863995,1500.0,2020-07-31,닭,20200527.0,
화성시,황금목장,육계,18584.0,경기도 화성시 장안면 덕다길 57,경기도 화성시 장안면 덕다리 산47-1번지,37.0642328,126.8389138,35000.0,2018-12-31,닭,,
화성시,황금목장,육계,,,"경기도 화성시 장안면 덕다리 산 47-2,6",126.840213,37.0718756,35000.0,2018-09-30,,,
화성시,황금목장,육계,12616.0,경기도 여주시 강천면 마감로 274-17,경기도 여주시 강천면 걸은리 508-2번지,37.2963044,127.7148834,35000.0,2019-01-31,닭,,
화성시,황기농장,육계,12660.0,경기도 여주시 가남읍 가남로 847,경기도 여주시 가남읍 금당리 127-2번지,37.2027811,127.62495,30000.0,2019-01-31,닭,,
화성시,황기농장,육계,18515.0,경기도 화성시 효행구 정남면 덕절중앙길 80-21,경기도 화성시 효행구 정남면 덕절리 96-1,37.1389821961,127.0292078548,0.0,2026-02-26,닭,20260201.0,
화성시,황기농장,육계,18515.0,경기도 화성시 정남면 덕절중앙길 80-21,"경기도 화성시 정남면 덕절리 96-1,97-1,97-2,116-1",37.1389821961,127.0292078548,0.0,2026-01-31,닭,20250131.0,
화성시,황기농장,육계,18515.0,,"경기도 화성시 정남면 덕절리 96-1,97-1,97-2,116-1",,,30000.0,2021-06-30,닭,20201124.0,
화성시,황기농장,육계,18515.0,경기도 화성시 정남면 덕절중앙길 80-21,경기도 화성시 정남면 덕절리 96번지 1호,127.0291957,37.1388604,30000.0,2018-10-31,,,
화성시,황기농장,육계,18515.0,경기도 화성시 정남면 덕절중앙길 80-21,경기도 화성시 정남면 덕절리 116-1번지,37.1395903,127.0289484,30000.0,2018-12-31,닭,,
화성시,희망축산,육계,12601.0,경기도 여주시 금사면 전북2길 2-25,경기도 여주시 금사면 전북리 394번지,37.4348366,127.5053689,130000.0,2019-01-31,닭,,
화성시,희망축산,육계,18279.0,경기도 화성시 남양읍 온석길 44-32,경기도 화성시 남양읍 온석리 492번지,37.1637995,126.8528847,130000.0,2020-04-30,닭,20181204.0,
화성시,희망축산,육계,18279.0,경기도 화성시 남양읍 온석길 44-32,경기도 화성시 남양읍 온석리 492,37.1642639867,126.852806021,0.0,2026-01-31,닭,20250131.0,
화성시,희망축산,산란계,18279.0,경기도 화성시 남양읍 온석길 44-32,경기도 화성시 남양읍 온석리 492번지,126.8528847,37.1637995,5240.0,2018-03-14,,,
화성시,희망축산,육계,18279.0,경기도 화성시 남양읍 온석길 44-32,경기도 화성시 남양읍 온석리 492,37.1642639867,126.852806021,5240.0,2021-11-30,닭,20201124.0,
화성시,희망축산,육계,18279.0,경기도 화성시 만세구 남양읍 온석길 44-32,경기도 화성시 만세구 남양읍 온석리 492,37.1642639867,126.852806021,5240.0,2026-02-26,닭,20260201.0,
화성시,희산농장,육계,18277.0,경기도 화성시 남양읍 고향의봄길216번길 78-17,경기도 화성시 남양읍 신남리 1552,37.1787869129,126.8224125431,30000.0,2020-07-31,닭,20200527.0,
화성시,희산농장,육계,18277.0,경기도 화성시 남양읍 고향의봄길216번길 78-17,경기도 화성시 남양읍 신남리 1552번지,37.1783273,126.8226887,30000.0,2019-05-31,닭,20181204.0,
화성시,희산농장,육계,18277.0,경기도 화성시 남양읍 고향의봄길 216번길 78-17,경기도 화성시 남양읍 신남리 1552,37.1787869129,126.8224125431,0.0,2025-05-31,닭,20250131.0,
화성시,희산농장,육계,18277.0,경기도 화성시 남양읍 고향의봄길216번길 78-17,경기도 화성시 남양읍 신남리 1552번지,126.8226887,37.1783273,30000.0,2018-03-14,,,
화성시,희산농장,육계,12611.0,경기도 여주시 대신면 상구1길 8-18,경기도 여주시 대신면 상구리 29-2번지,37.3739032,127.6398063,30000.0,2019-01-31,닭,,
